csv-train_loss_step,csv-epoch,step,csv-val_loss_step,csv-val_loss_epoch,csv-train_loss_epoch,csv-accuracy/exact,csv-accuracy/validator
2.9983487129211426,0,0,,,,,
2.2176806926727295,0,1,,,,,
3.362971782684326,0,2,,,,,
3.025209903717041,0,3,,,,,
1.884196400642395,0,4,,,,,
3.0919508934020996,0,5,,,,,
2.7235915660858154,0,6,,,,,
1.4024578332901,0,7,,,,,
2.1188817024230957,0,8,,,,,
2.7013468742370605,0,9,,,,,
2.2843713760375977,0,10,,,,,
2.8456380367279053,0,11,,,,,
1.6052449941635132,0,12,,,,,
2.343409299850464,0,13,,,,,
2.278073787689209,0,14,,,,,
2.6456382274627686,0,15,,,,,
2.021186590194702,0,16,,,,,
1.8607115745544434,0,17,,,,,
2.091862916946411,0,18,,,,,
2.819237470626831,0,19,,,,,
1.9492437839508057,0,20,,,,,
1.9840515851974487,0,21,,,,,
2.2423768043518066,0,22,,,,,
1.251573920249939,0,23,,,,,
1.505201816558838,0,24,,,,,
2.230353593826294,0,25,,,,,
1.8711048364639282,0,26,,,,,
1.6199040412902832,0,27,,,,,
1.3539927005767822,0,28,,,,,
1.539179801940918,0,29,,,,,
1.6123781204223633,0,30,,,,,
1.1155500411987305,0,31,,,,,
1.2555181980133057,0,32,,,,,
1.2089322805404663,0,33,,,,,
1.2186392545700073,0,34,,,,,
1.3064059019088745,0,35,,,,,
1.4873361587524414,0,36,,,,,
1.4619829654693604,0,37,,,,,
14.017054557800293,0,38,,,,,
5.387460708618164,0,39,,,,,
1.8352491855621338,0,40,,,,,
1.756996989250183,0,41,,,,,
1.234923005104065,0,42,,,,,
1.9259870052337646,0,43,,,,,
0.8508201837539673,0,44,,,,,
1.592025637626648,0,45,,,,,
1.2077758312225342,0,46,,,,,
1.8782720565795898,0,47,,,,,
1.4263137578964233,0,48,,,,,
1.6127070188522339,0,49,,,,,
1.1546326875686646,0,50,,,,,
1.8936375379562378,0,51,,,,,
1.3149404525756836,0,52,,,,,
1.136408805847168,0,53,,,,,
1.320270299911499,0,54,,,,,
1.4520533084869385,0,55,,,,,
1.5013282299041748,0,56,,,,,
1.4818106889724731,0,57,,,,,
1.7751413583755493,0,58,,,,,
1.2231301069259644,0,59,,,,,
1.116458773612976,0,60,,,,,
1.4023576974868774,0,61,,,,,
1.301471471786499,0,62,,,,,
2.0651895999908447,0,63,,,,,
1.3712106943130493,0,64,,,,,
1.3187849521636963,0,65,,,,,
1.457455039024353,0,66,,,,,
1.4840364456176758,0,67,,,,,
0.9303970336914062,0,68,,,,,
1.3566728830337524,0,69,,,,,
0.9603419899940491,0,70,,,,,
1.3831276893615723,0,71,,,,,
1.3642396926879883,0,72,,,,,
1.071428894996643,0,73,,,,,
1.3803174495697021,0,74,,,,,
1.243948221206665,0,75,,,,,
1.7716482877731323,0,76,,,,,
1.2202937602996826,0,77,,,,,
1.2677420377731323,0,78,,,,,
1.5086724758148193,0,79,,,,,
1.555140733718872,0,80,,,,,
1.51309072971344,0,81,,,,,
1.241944670677185,0,82,,,,,
1.2568583488464355,0,83,,,,,
1.300520896911621,0,84,,,,,
1.0155915021896362,0,85,,,,,
1.1351581811904907,0,86,,,,,
1.1515474319458008,0,87,,,,,
1.2523305416107178,0,88,,,,,
0.9407221078872681,0,89,,,,,
1.1392813920974731,0,90,,,,,
1.0891779661178589,0,91,,,,,
1.170648217201233,0,92,,,,,
1.5356497764587402,0,93,,,,,
1.0832659006118774,0,94,,,,,
1.1014407873153687,0,95,,,,,
0.8270545601844788,0,96,,,,,
1.2574763298034668,0,97,,,,,
1.1282413005828857,0,98,,,,,
0.9127947688102722,0,99,,,,,
1.2725661993026733,0,100,,,,,
0.8090038895606995,0,101,,,,,
0.9202061295509338,0,102,,,,,
0.9440776109695435,0,103,,,,,
1.2002005577087402,0,104,,,,,
0.9724963307380676,0,105,,,,,
1.054808497428894,0,106,,,,,
1.350163459777832,0,107,,,,,
1.1833051443099976,0,108,,,,,
0.8686632513999939,0,109,,,,,
0.6268965005874634,0,110,,,,,
1.047741413116455,0,111,,,,,
0.8131806254386902,0,112,,,,,
0.7123308181762695,0,113,,,,,
1.0746527910232544,0,114,,,,,
0.7780664563179016,0,115,,,,,
1.0832816362380981,0,116,,,,,
0.6626952886581421,0,117,,,,,
1.1934946775436401,0,118,,,,,
0.857965350151062,0,119,,,,,
1.0649752616882324,0,120,,,,,
1.0205382108688354,0,121,,,,,
0.824661374092102,0,122,,,,,
0.9879486560821533,0,123,,,,,
0.6941051483154297,0,124,,,,,
0.5413397550582886,0,125,,,,,
1.2097558975219727,0,126,,,,,
0.8032670021057129,0,127,,,,,
1.0398281812667847,0,128,,,,,
0.7292949557304382,0,129,,,,,
0.7812795042991638,0,130,,,,,
1.12301766872406,0,131,,,,,
1.0007951259613037,0,132,,,,,
0.9259850978851318,0,133,,,,,
0.5464141368865967,0,134,,,,,
0.4544903039932251,0,135,,,,,
1.0876883268356323,0,136,,,,,
0.5938642024993896,0,137,,,,,
0.8580417037010193,0,138,,,,,
0.5844260454177856,0,139,,,,,
1.2026655673980713,0,140,,,,,
1.0133857727050781,0,141,,,,,
0.866550087928772,0,142,,,,,
0.6625969409942627,0,143,,,,,
0.7567929625511169,0,144,,,,,
0.7710604667663574,0,145,,,,,
0.8646848797798157,0,146,,,,,
0.8139317035675049,0,147,,,,,
0.7472935318946838,0,148,,,,,
0.8556723594665527,0,149,,,,,
0.9630967974662781,0,150,,,,,
0.6031898260116577,0,151,,,,,
0.6939004063606262,0,152,,,,,
0.5528727769851685,0,153,,,,,
0.8686116337776184,0,154,,,,,
0.5002082586288452,0,155,,,,,
0.6799077391624451,0,156,,,,,
0.6914108991622925,0,157,,,,,
0.7257294654846191,0,158,,,,,
1.5215418338775635,0,159,,,,,
0.6657583117485046,0,160,,,,,
0.6162528395652771,0,161,,,,,
0.6782309412956238,0,162,,,,,
0.5442449450492859,0,163,,,,,
0.44088080525398254,0,164,,,,,
1.0658655166625977,0,165,,,,,
1.340722918510437,0,166,,,,,
0.7470178008079529,0,167,,,,,
0.8453513979911804,0,168,,,,,
0.5590990781784058,0,169,,,,,
0.6751843094825745,0,170,,,,,
0.7256667017936707,0,171,,,,,
1.0904346704483032,0,172,,,,,
0.6574254035949707,0,173,,,,,
0.8023718595504761,0,174,,,,,
0.5462839007377625,0,175,,,,,
0.6125841736793518,0,176,,,,,
1.150253176689148,0,177,,,,,
0.7876507043838501,0,178,,,,,
1.009558916091919,0,179,,,,,
0.44256535172462463,0,180,,,,,
0.888952374458313,0,181,,,,,
0.8199571967124939,0,182,,,,,
0.8956706523895264,0,183,,,,,
0.8729833960533142,0,184,,,,,
0.8443515300750732,0,185,,,,,
0.7507900595664978,0,186,,,,,
0.6759328246116638,0,187,,,,,
0.18691053986549377,0,188,,,,,
0.5357407331466675,0,189,,,,,
0.5462083220481873,0,190,,,,,
0.511894702911377,0,191,,,,,
0.5519089698791504,0,192,,,,,
0.7997220158576965,0,193,,,,,
0.687555730342865,0,194,,,,,
1.0817369222640991,0,195,,,,,
0.7455204129219055,0,196,,,,,
1.0374276638031006,0,197,,,,,
0.6316226124763489,0,198,,,,,
,,0,0.5087593793869019,,,,
,,1,0.19551074504852295,,,,
,,2,0.22395452857017517,,,,
,,3,0.5943253636360168,,,,
,,4,0.11641950905323029,,,,
,,5,0.5000548958778381,,,,
,,6,0.4135551452636719,,,,
,,7,0.09168915450572968,,,,
,,8,0.499580055475235,,,,
,,9,0.14491969347000122,,,,
,,10,0.4408164322376251,,,,
,,11,0.21891678869724274,,,,
,,12,0.11094347387552261,,,,
,,13,0.34621402621269226,,,,
,,14,0.4779964089393616,,,,
,,15,0.08815524727106094,,,,
,,16,0.3525001108646393,,,,
,,17,0.13854631781578064,,,,
,,18,0.2791440486907959,,,,
,,19,0.5766757130622864,,,,
,,20,0.11654416471719742,,,,
,,21,0.5066671967506409,,,,
,,22,0.4127262234687805,,,,
,,23,0.43247708678245544,,,,
,,24,0.11476028710603714,,,,
,,25,0.1890031099319458,,,,
,,26,0.45533350110054016,,,,
,,27,0.19920141994953156,,,,
,,28,0.12054790556430817,,,,
,,29,0.3343397080898285,,,,
,,30,0.46152597665786743,,,,
,,31,0.09690139442682266,,,,
,,32,0.576008141040802,,,,
,,33,0.1464977264404297,,,,
,,34,0.23721624910831451,,,,
,,35,0.5701507329940796,,,,
,,36,0.10766860097646713,,,,
,,37,0.5172115564346313,,,,
,,38,0.6002538204193115,,,,
,,39,0.45739293098449707,,,,
,,40,0.08955690264701843,,,,
,,41,0.1174306869506836,,,,
,,42,0.4798716604709625,,,,
,,43,0.07557177543640137,,,,
,,44,0.566434383392334,,,,
,,45,0.3355378210544586,,,,
,,46,0.13444964587688446,,,,
,,47,0.08189171552658081,,,,
,,48,0.5707672834396362,,,,
,,49,0.2073756903409958,,,,
,,50,0.24276849627494812,,,,
,,51,0.594550371170044,,,,
,,52,0.38568437099456787,,,,
,,53,0.5272365212440491,,,,
,,54,0.15663664042949677,,,,
,,55,0.4495200216770172,,,,
,,56,0.12213287502527237,,,,
,,57,0.2214244157075882,,,,
,,58,0.4528302848339081,,,,
,,59,0.16069816052913666,,,,
,,60,0.36569875478744507,,,,
,,61,0.36536791920661926,,,,
,,62,0.14599010348320007,,,,
,,63,0.08221936225891113,,,,
,,64,0.7368621230125427,,,,
,,65,0.3564716875553131,,,,
,,66,0.22991451621055603,,,,
,,67,0.07038678228855133,,,,
,,68,0.29920464754104614,,,,
,,69,0.5177546143531799,,,,
,,70,0.13785938918590546,,,,
,,71,0.4536280930042267,,,,
,,72,0.0954245924949646,,,,
,,73,0.14091293513774872,,,,
,,74,0.3655509352684021,,,,
,,75,0.0708027184009552,,,,
,,76,0.5744892358779907,,,,
,,77,0.3496135175228119,,,,
,,78,0.15323571860790253,,,,
,,79,0.0926935151219368,,,,
,,80,0.5920361280441284,,,,
,,81,0.7504536509513855,,,,
,,82,0.27192601561546326,,,,
,,83,0.07750248163938522,,,,
,,84,0.3145144581794739,,,,
,,85,0.5025550127029419,,,,
,,86,0.17077060043811798,,,,
,,87,0.39128583669662476,,,,
,,88,0.10291258990764618,,,,
,,89,0.23534291982650757,,,,
,,90,0.5806156992912292,,,,
,,91,0.07544881105422974,,,,
,,92,0.562059223651886,,,,
,,93,0.3713687062263489,,,,
,,94,0.16180121898651123,,,,
,,95,0.4872155785560608,,,,
,,96,0.0940084233880043,,,,
,,97,0.347532719373703,,,,
,,98,0.2672816216945648,,,,
,,99,0.08673472702503204,,,,
,,100,0.2858857214450836,,,,
,,101,0.5321450233459473,,,,
,,102,0.14627830684185028,,,,
,,103,0.49281466007232666,,,,
,,104,0.10498271882534027,,,,
,,105,0.27616646885871887,,,,
,,106,0.6204554438591003,,,,
,,107,0.5919018983840942,,,,
,,108,0.19464720785617828,,,,
,,109,0.13652703166007996,,,,
,,110,0.36314788460731506,,,,
,,111,0.4957897365093231,,,,
,,112,0.08493348211050034,,,,
,,113,0.3466546833515167,,,,
,,114,0.2108927220106125,,,,
,,115,0.06134982779622078,,,,
,,116,0.44512563943862915,,,,
,,117,0.12100599706172943,,,,
,,118,0.5004358887672424,,,,
,,119,0.3303345739841461,,,,
,,120,0.25892770290374756,,,,
,,121,0.09173912554979324,,,,
,,122,0.121625617146492,,,,
,,123,0.4126887917518616,,,,
,,124,0.23416906595230103,,,,
,,125,0.4253004491329193,,,,
,,126,0.3160392642021179,,,,
,,127,0.1155184879899025,,,,
,,128,0.08379114419221878,,,,
,,129,0.6287750005722046,,,,
,,130,0.37889331579208374,,,,
,,131,0.2697085738182068,,,,
,,132,0.10344228893518448,,,,
,,133,0.21015521883964539,,,,
,,134,0.5188762545585632,,,,
,,135,0.15216588973999023,,,,
,,136,0.4680127799510956,,,,
,,137,0.09334982931613922,,,,
,,138,0.3909737169742584,,,,
,,139,0.5695981383323669,,,,
,,140,0.06632035970687866,,,,
,,141,0.5716545581817627,,,,
,,142,0.33279433846473694,,,,
,,143,0.13058042526245117,,,,
,,144,0.07879908382892609,,,,
,,145,0.6172250509262085,,,,
,,146,0.1629936695098877,,,,
,,147,0.5244357585906982,,,,
,,148,0.06836872547864914,,,,
,,149,0.3002437353134155,,,,
,,150,0.5603176355361938,,,,
,,151,0.542670488357544,,,,
,,152,0.33293798565864563,,,,
,,153,0.1009923666715622,,,,
,,154,0.2490977793931961,,,,
,,155,0.6633581519126892,,,,
,,156,0.07995198667049408,,,,
,,157,0.5916430950164795,,,,
,,158,0.3249315321445465,,,,
,,159,0.591627836227417,,,,
,,160,0.544905960559845,,,,
,,161,0.08368761837482452,,,,
,,162,0.40491801500320435,,,,
,,163,0.28698939085006714,,,,
,,164,0.08092207461595535,,,,
,,165,0.3107791543006897,,,,
,,166,0.5019654631614685,,,,
,,167,0.134652242064476,,,,
,,168,0.46670258045196533,,,,
,,169,0.08403199911117554,,,,
,,170,0.21806105971336365,,,,
,,171,0.6484559178352356,,,,
,,172,0.13281381130218506,,,,
,,173,0.25449687242507935,,,,
,,174,0.12434346228837967,,,,
,,175,0.33832213282585144,,,,
,,176,0.5088948607444763,,,,
,,177,0.09517574310302734,,,,
,,178,0.40316542983055115,,,,
,,179,0.2672553062438965,,,,
,,180,0.06643716245889664,,,,
,,181,0.42322880029678345,,,,
,,182,0.11324568837881088,,,,
,,183,0.508892297744751,,,,
,,184,0.3064313232898712,,,,
,,185,0.09398265182971954,,,,
,,186,0.21233400702476501,,,,
,,187,0.7557750344276428,,,,
,,188,0.13152633607387543,,,,
,,189,0.6395549178123474,,,,
,,190,0.12571020424365997,,,,
,,191,0.3822005093097687,,,,
,,192,0.5148620009422302,,,,
,,193,0.07362795621156693,,,,
,,194,0.35331079363822937,,,,
,,195,0.24766597151756287,,,,
,,196,0.06595682352781296,,,,
,,197,0.31256088614463806,,,,
,,198,0.545248806476593,,,,
,0,198,,0.31070438027381897,,,
,0,198,,,1.295574426651001,0.1666666716337204,0.1666666716337204
0.6422843933105469,1,199,,,,,
0.8890373706817627,1,200,,,,,
0.5292293429374695,1,201,,,,,
0.4619610011577606,1,202,,,,,
1.0332658290863037,1,203,,,,,
0.5931833982467651,1,204,,,,,
0.6926764249801636,1,205,,,,,
0.4521370232105255,1,206,,,,,
0.8113172650337219,1,207,,,,,
0.5959819555282593,1,208,,,,,
0.5918909311294556,1,209,,,,,
0.3202603757381439,1,210,,,,,
0.9436940550804138,1,211,,,,,
0.8004687428474426,1,212,,,,,
0.6167318224906921,1,213,,,,,
0.4956849217414856,1,214,,,,,
0.5833695530891418,1,215,,,,,
0.29665160179138184,1,216,,,,,
0.6957054734230042,1,217,,,,,
0.31856444478034973,1,218,,,,,
0.5627407431602478,1,219,,,,,
0.5061123371124268,1,220,,,,,
0.26097264885902405,1,221,,,,,
0.28800147771835327,1,222,,,,,
0.4772733151912689,1,223,,,,,
0.797023594379425,1,224,,,,,
0.641157865524292,1,225,,,,,
0.3756334185600281,1,226,,,,,
0.35324496030807495,1,227,,,,,
0.8646542429924011,1,228,,,,,
1.3055338859558105,1,229,,,,,
0.4364563226699829,1,230,,,,,
0.32224780321121216,1,231,,,,,
0.3986867070198059,1,232,,,,,
0.5161752104759216,1,233,,,,,
0.6275107860565186,1,234,,,,,
0.27061545848846436,1,235,,,,,
0.6452587246894836,1,236,,,,,
0.2948738634586334,1,237,,,,,
0.6296658515930176,1,238,,,,,
0.3568848967552185,1,239,,,,,
0.5808219313621521,1,240,,,,,
0.5843068957328796,1,241,,,,,
0.45690345764160156,1,242,,,,,
0.8781517148017883,1,243,,,,,
0.6179709434509277,1,244,,,,,
0.6734766960144043,1,245,,,,,
0.5327617526054382,1,246,,,,,
0.38749104738235474,1,247,,,,,
0.4040384888648987,1,248,,,,,
0.4573308229446411,1,249,,,,,
0.27454301714897156,1,250,,,,,
0.40672415494918823,1,251,,,,,
0.6638645529747009,1,252,,,,,
0.23753578960895538,1,253,,,,,
0.286570280790329,1,254,,,,,
0.9299575686454773,1,255,,,,,
0.32909464836120605,1,256,,,,,
0.2833684980869293,1,257,,,,,
0.4175301790237427,1,258,,,,,
0.26983484625816345,1,259,,,,,
0.2458345741033554,1,260,,,,,
0.45534053444862366,1,261,,,,,
0.2933093309402466,1,262,,,,,
0.40627825260162354,1,263,,,,,
0.21705830097198486,1,264,,,,,
0.7917770147323608,1,265,,,,,
0.4232723116874695,1,266,,,,,
0.5456733703613281,1,267,,,,,
1.054226040840149,1,268,,,,,
0.21967072784900665,1,269,,,,,
0.09612605720758438,1,270,,,,,
0.6452668905258179,1,271,,,,,
0.4492732882499695,1,272,,,,,
0.2296995222568512,1,273,,,,,
0.28679534792900085,1,274,,,,,
0.5091092586517334,1,275,,,,,
0.1905045062303543,1,276,,,,,
0.5208269953727722,1,277,,,,,
0.2073955088853836,1,278,,,,,
0.3371889889240265,1,279,,,,,
0.3691912889480591,1,280,,,,,
0.37407416105270386,1,281,,,,,
0.3784809708595276,1,282,,,,,
0.35152414441108704,1,283,,,,,
0.6044125556945801,1,284,,,,,
0.4235075116157532,1,285,,,,,
0.2856779098510742,1,286,,,,,
0.39788976311683655,1,287,,,,,
0.328387588262558,1,288,,,,,
0.3293721675872803,1,289,,,,,
0.3993845582008362,1,290,,,,,
0.400932639837265,1,291,,,,,
0.488840788602829,1,292,,,,,
0.13674721121788025,1,293,,,,,
0.6627329587936401,1,294,,,,,
0.3705736994743347,1,295,,,,,
0.3332129716873169,1,296,,,,,
0.7050167322158813,1,297,,,,,
0.17947439849376678,1,298,,,,,
0.5882521867752075,1,299,,,,,
0.28045883774757385,1,300,,,,,
0.24744123220443726,1,301,,,,,
0.7009952664375305,1,302,,,,,
0.21702729165554047,1,303,,,,,
0.3342897891998291,1,304,,,,,
0.432203471660614,1,305,,,,,
0.18933159112930298,1,306,,,,,
0.648428201675415,1,307,,,,,
0.44202277064323425,1,308,,,,,
0.45293882489204407,1,309,,,,,
0.14601761102676392,1,310,,,,,
0.3680373728275299,1,311,,,,,
0.6291757822036743,1,312,,,,,
0.6718053221702576,1,313,,,,,
0.387116014957428,1,314,,,,,
0.3389032781124115,1,315,,,,,
0.5882742404937744,1,316,,,,,
0.4643635153770447,1,317,,,,,
0.21710623800754547,1,318,,,,,
0.5163291096687317,1,319,,,,,
0.44466373324394226,1,320,,,,,
0.5730140209197998,1,321,,,,,
0.4002220034599304,1,322,,,,,
0.2495625764131546,1,323,,,,,
0.25943416357040405,1,324,,,,,
0.477791428565979,1,325,,,,,
0.3551684617996216,1,326,,,,,
0.46249720454216003,1,327,,,,,
0.44702398777008057,1,328,,,,,
0.3376195430755615,1,329,,,,,
0.23006801307201385,1,330,,,,,
0.11962258070707321,1,331,,,,,
0.1622176319360733,1,332,,,,,
0.14482428133487701,1,333,,,,,
0.25566795468330383,1,334,,,,,
0.16180242598056793,1,335,,,,,
0.21172286570072174,1,336,,,,,
0.2684592306613922,1,337,,,,,
0.24442386627197266,1,338,,,,,
0.3255697786808014,1,339,,,,,
0.42097803950309753,1,340,,,,,
0.49062731862068176,1,341,,,,,
0.24379269778728485,1,342,,,,,
0.24835549294948578,1,343,,,,,
0.32206791639328003,1,344,,,,,
0.3120063245296478,1,345,,,,,
0.4254612624645233,1,346,,,,,
0.7238817811012268,1,347,,,,,
0.2897675037384033,1,348,,,,,
0.34738102555274963,1,349,,,,,
1.2669380903244019,1,350,,,,,
0.4139527976512909,1,351,,,,,
0.3129786550998688,1,352,,,,,
0.07548142969608307,1,353,,,,,
0.16815802454948425,1,354,,,,,
0.29002097249031067,1,355,,,,,
0.26327449083328247,1,356,,,,,
0.1227002963423729,1,357,,,,,
0.21509642899036407,1,358,,,,,
0.1485372930765152,1,359,,,,,
0.2972329258918762,1,360,,,,,
0.08357705920934677,1,361,,,,,
0.5644123554229736,1,362,,,,,
0.45174819231033325,1,363,,,,,
0.28898996114730835,1,364,,,,,
0.2662719786167145,1,365,,,,,
0.3122497797012329,1,366,,,,,
0.3356206715106964,1,367,,,,,
0.4239850342273712,1,368,,,,,
0.15448704361915588,1,369,,,,,
0.8167718052864075,1,370,,,,,
0.22613525390625,1,371,,,,,
0.23170042037963867,1,372,,,,,
0.28285449743270874,1,373,,,,,
0.11457761377096176,1,374,,,,,
0.587975800037384,1,375,,,,,
0.08401887118816376,1,376,,,,,
0.28969913721084595,1,377,,,,,
0.2887594699859619,1,378,,,,,
0.09802059084177017,1,379,,,,,
0.13647237420082092,1,380,,,,,
0.13185198605060577,1,381,,,,,
0.28369617462158203,1,382,,,,,
0.24124495685100555,1,383,,,,,
0.2766285240650177,1,384,,,,,
0.13735628128051758,1,385,,,,,
0.4135167598724365,1,386,,,,,
0.20941466093063354,1,387,,,,,
0.35327857732772827,1,388,,,,,
0.18528436124324799,1,389,,,,,
0.38765355944633484,1,390,,,,,
0.23368042707443237,1,391,,,,,
0.16913063824176788,1,392,,,,,
0.060025062412023544,1,393,,,,,
0.2616420388221741,1,394,,,,,
0.3182913362979889,1,395,,,,,
0.14760395884513855,1,396,,,,,
0.2110401839017868,1,397,,,,,
,,199,0.27348408102989197,,,,
,,200,0.03815988078713417,,,,
,,201,0.03202075511217117,,,,
,,202,0.12329251319169998,,,,
,,203,0.02498888038098812,,,,
,,204,0.08277378231287003,,,,
,,205,0.0408242829144001,,,,
,,206,0.028777018189430237,,,,
,,207,0.2829805910587311,,,,
,,208,0.0869477242231369,,,,
,,209,0.1140897274017334,,,,
,,210,0.1708640158176422,,,,
,,211,0.09024474769830704,,,,
,,212,0.11970199644565582,,,,
,,213,0.18661832809448242,,,,
,,214,0.06567322462797165,,,,
,,215,0.1160765141248703,,,,
,,216,0.07843184471130371,,,,
,,217,0.06261187046766281,,,,
,,218,0.20944061875343323,,,,
,,219,0.06604177504777908,,,,
,,220,0.10880641639232635,,,,
,,221,0.12279347330331802,,,,
,,222,0.08972753584384918,,,,
,,223,0.031129252165555954,,,,
,,224,0.04089628905057907,,,,
,,225,0.06818026304244995,,,,
,,226,0.044342685490846634,,,,
,,227,0.028074784204363823,,,,
,,228,0.04021120443940163,,,,
,,229,0.05518727749586105,,,,
,,230,0.03195735812187195,,,,
,,231,0.10023177415132523,,,,
,,232,0.03287302330136299,,,,
,,233,0.09143223613500595,,,,
,,234,0.22603902220726013,,,,
,,235,0.08561699092388153,,,,
,,236,0.10734955221414566,,,,
,,237,0.13442343473434448,,,,
,,238,0.11514364928007126,,,,
,,239,0.048627909272909164,,,,
,,240,0.07807458192110062,,,,
,,241,0.11227471381425858,,,,
,,242,0.07294744998216629,,,,
,,243,0.14786426723003387,,,,
,,244,0.09477125108242035,,,,
,,245,0.05216905102133751,,,,
,,246,0.044367361813783646,,,,
,,247,0.14083512127399445,,,,
,,248,0.04171856865286827,,,,
,,249,0.029642071574926376,,,,
,,250,0.12955790758132935,,,,
,,251,0.06298661231994629,,,,
,,252,0.1436081826686859,,,,
,,253,0.03055526316165924,,,,
,,254,0.07871474325656891,,,,
,,255,0.028597189113497734,,,,
,,256,0.042693961411714554,,,,
,,257,0.054044485092163086,,,,
,,258,0.09958884865045547,,,,
,,259,0.09882894158363342,,,,
,,260,0.1031014695763588,,,,
,,261,0.040723204612731934,,,,
,,262,0.05946064367890358,,,,
,,263,0.21247941255569458,,,,
,,264,0.14247992634773254,,,,
,,265,0.04791799932718277,,,,
,,266,0.05557543784379959,,,,
,,267,0.07953404635190964,,,,
,,268,0.16170573234558105,,,,
,,269,0.04033453390002251,,,,
,,270,0.09177912026643753,,,,
,,271,0.04338357225060463,,,,
,,272,0.04830831661820412,,,,
,,273,0.05983009189367294,,,,
,,274,0.023618996143341064,,,,
,,275,0.13283127546310425,,,,
,,276,0.05637889727950096,,,,
,,277,0.029352029785513878,,,,
,,278,0.024604791775345802,,,,
,,279,0.12288917601108551,,,,
,,280,0.2420535534620285,,,,
,,281,0.03672951087355614,,,,
,,282,0.022435130551457405,,,,
,,283,0.026288308203220367,,,,
,,284,0.16944454610347748,,,,
,,285,0.057402949780225754,,,,
,,286,0.08559264242649078,,,,
,,287,0.05850720405578613,,,,
,,288,0.0851525366306305,,,,
,,289,0.1603865921497345,,,,
,,290,0.05148286372423172,,,,
,,291,0.13321974873542786,,,,
,,292,0.08079628646373749,,,,
,,293,0.029653212055563927,,,,
,,294,0.21889251470565796,,,,
,,295,0.03674931079149246,,,,
,,296,0.0952582061290741,,,,
,,297,0.045675940811634064,,,,
,,298,0.037144921720027924,,,,
,,299,0.03512139618396759,,,,
,,300,0.1551949381828308,,,,
,,301,0.026727166026830673,,,,
,,302,0.13997890055179596,,,,
,,303,0.025695284828543663,,,,
,,304,0.03496569022536278,,,,
,,305,0.13586166501045227,,,,
,,306,0.2917749881744385,,,,
,,307,0.036750733852386475,,,,
,,308,0.02457241527736187,,,,
,,309,0.030251523479819298,,,,
,,310,0.18201589584350586,,,,
,,311,0.022471334785223007,,,,
,,312,0.12485578656196594,,,,
,,313,0.054707370698451996,,,,
,,314,0.0220202449709177,,,,
,,315,0.202323779463768,,,,
,,316,0.02299320138990879,,,,
,,317,0.07509703934192657,,,,
,,318,0.05574031174182892,,,,
,,319,0.07193182408809662,,,,
,,320,0.02348620817065239,,,,
,,321,0.036571890115737915,,,,
,,322,0.06694667041301727,,,,
,,323,0.031179221346974373,,,,
,,324,0.07085905969142914,,,,
,,325,0.056532274931669235,,,,
,,326,0.023047540336847305,,,,
,,327,0.02366679720580578,,,,
,,328,0.1078147292137146,,,,
,,329,0.1202373281121254,,,,
,,330,0.040397509932518005,,,,
,,331,0.023721829056739807,,,,
,,332,0.03271438181400299,,,,
,,333,0.16278697550296783,,,,
,,334,0.025796566158533096,,,,
,,335,0.08081228286027908,,,,
,,336,0.03773127496242523,,,,
,,337,0.1258881539106369,,,,
,,338,0.13255362212657928,,,,
,,339,0.02189485728740692,,,,
,,340,0.1290430724620819,,,,
,,341,0.054212503135204315,,,,
,,342,0.02732500061392784,,,,
,,343,0.026241779327392578,,,,
,,344,0.12266846746206284,,,,
,,345,0.04157381132245064,,,,
,,346,0.2572915554046631,,,,
,,347,0.0216535571962595,,,,
,,348,0.03810257092118263,,,,
,,349,0.15866990387439728,,,,
,,350,0.07527853548526764,,,,
,,351,0.05365182086825371,,,,
,,352,0.02523035556077957,,,,
,,353,0.033561911433935165,,,,
,,354,0.14717645943164825,,,,
,,355,0.022082949057221413,,,,
,,356,0.13640186190605164,,,,
,,357,0.06428370624780655,,,,
,,358,0.08431480824947357,,,,
,,359,0.18080471456050873,,,,
,,360,0.02845708467066288,,,,
,,361,0.08121757209300995,,,,
,,362,0.053261611610651016,,,,
,,363,0.025256045162677765,,,,
,,364,0.039405707269907,,,,
,,365,0.18410195410251617,,,,
,,366,0.025184713304042816,,,,
,,367,0.07267546653747559,,,,
,,368,0.026541385799646378,,,,
,,369,0.03327307477593422,,,,
,,370,0.161097452044487,,,,
,,371,0.05764147639274597,,,,
,,372,0.03301355987787247,,,,
,,373,0.027732031419873238,,,,
,,374,0.040215663611888885,,,,
,,375,0.15610460937023163,,,,
,,376,0.025723999366164207,,,,
,,377,0.08532905578613281,,,,
,,378,0.03758886829018593,,,,
,,379,0.02401375025510788,,,,
,,380,0.06452061980962753,,,,
,,381,0.023688914254307747,,,,
,,382,0.07383735477924347,,,,
,,383,0.05219512805342674,,,,
,,384,0.024204544723033905,,,,
,,385,0.03458182513713837,,,,
,,386,0.12848421931266785,,,,
,,387,0.018615562468767166,,,,
,,388,0.24945610761642456,,,,
,,389,0.02695629745721817,,,,
,,390,0.04630433768033981,,,,
,,391,0.2078186571598053,,,,
,,392,0.03409446403384209,,,,
,,393,0.11804884672164917,,,,
,,394,0.04093998298048973,,,,
,,395,0.030170319601893425,,,,
,,396,0.051742296665906906,,,,
,,397,0.1516139656305313,,,,
,1,397,,0.08060528337955475,,,
,1,397,,,0.4073438346385956,0.5101010203361511,0.6363636255264282
0.1487705260515213,2,398,,,,,
0.06237504631280899,2,399,,,,,
0.35979944467544556,2,400,,,,,
0.10707447677850723,2,401,,,,,
0.24264059960842133,2,402,,,,,
0.14178358018398285,2,403,,,,,
0.18150831758975983,2,404,,,,,
0.18561068177223206,2,405,,,,,
0.2453458458185196,2,406,,,,,
0.4189341962337494,2,407,,,,,
0.34017106890678406,2,408,,,,,
0.23175200819969177,2,409,,,,,
0.30941128730773926,2,410,,,,,
0.3946438729763031,2,411,,,,,
0.39223361015319824,2,412,,,,,
0.3035200238227844,2,413,,,,,
0.6987220048904419,2,414,,,,,
0.112644262611866,2,415,,,,,
0.27798905968666077,2,416,,,,,
0.3719334006309509,2,417,,,,,
0.30618980526924133,2,418,,,,,
0.2033347189426422,2,419,,,,,
0.24098894000053406,2,420,,,,,
0.4254850149154663,2,421,,,,,
0.24039264023303986,2,422,,,,,
0.40944036841392517,2,423,,,,,
0.27023160457611084,2,424,,,,,
0.14590801298618317,2,425,,,,,
0.29762932658195496,2,426,,,,,
0.39005187153816223,2,427,,,,,
0.19813385605812073,2,428,,,,,
0.3155224919319153,2,429,,,,,
0.6976717114448547,2,430,,,,,
0.24300463497638702,2,431,,,,,
0.19365759193897247,2,432,,,,,
0.2614588141441345,2,433,,,,,
0.10210403054952621,2,434,,,,,
0.2862887978553772,2,435,,,,,
0.27567002177238464,2,436,,,,,
0.3626558482646942,2,437,,,,,
0.31354212760925293,2,438,,,,,
0.4883090853691101,2,439,,,,,
0.1530824601650238,2,440,,,,,
0.3166588842868805,2,441,,,,,
0.1870073676109314,2,442,,,,,
0.20779669284820557,2,443,,,,,
0.20321248471736908,2,444,,,,,
0.24730786681175232,2,445,,,,,
0.1917106807231903,2,446,,,,,
0.21123743057250977,2,447,,,,,
0.28545239567756653,2,448,,,,,
0.49617668986320496,2,449,,,,,
0.24059751629829407,2,450,,,,,
0.321035772562027,2,451,,,,,
0.6023494601249695,2,452,,,,,
0.3897937536239624,2,453,,,,,
0.26917651295661926,2,454,,,,,
0.06737150251865387,2,455,,,,,
0.18348124623298645,2,456,,,,,
0.3038858473300934,2,457,,,,,
0.20509597659111023,2,458,,,,,
0.25224167108535767,2,459,,,,,
0.23623335361480713,2,460,,,,,
0.06162590533494949,2,461,,,,,
0.7020276784896851,2,462,,,,,
0.07705385237932205,2,463,,,,,
0.22897440195083618,2,464,,,,,
0.1684885025024414,2,465,,,,,
0.2615034580230713,2,466,,,,,
0.061313141137361526,2,467,,,,,
0.2561638355255127,2,468,,,,,
0.25671231746673584,2,469,,,,,
0.47519609332084656,2,470,,,,,
0.0675945058465004,2,471,,,,,
0.2438904047012329,2,472,,,,,
0.23963695764541626,2,473,,,,,
0.10900755971670151,2,474,,,,,
0.19545570015907288,2,475,,,,,
0.41524338722229004,2,476,,,,,
0.21172142028808594,2,477,,,,,
0.14281673729419708,2,478,,,,,
0.252155601978302,2,479,,,,,
0.17575597763061523,2,480,,,,,
0.23071995377540588,2,481,,,,,
0.1361313760280609,2,482,,,,,
0.1406891644001007,2,483,,,,,
0.6345778703689575,2,484,,,,,
0.21728123724460602,2,485,,,,,
0.09242857247591019,2,486,,,,,
0.1137579083442688,2,487,,,,,
0.2103806436061859,2,488,,,,,
0.09888949245214462,2,489,,,,,
0.20223312079906464,2,490,,,,,
0.15989530086517334,2,491,,,,,
0.27725568413734436,2,492,,,,,
0.11997003108263016,2,493,,,,,
0.10632896423339844,2,494,,,,,
0.06868378818035126,2,495,,,,,
0.034492217004299164,2,496,,,,,
0.18200328946113586,2,497,,,,,
0.16191889345645905,2,498,,,,,
0.3377125859260559,2,499,,,,,
0.06344481557607651,2,500,,,,,
0.33143264055252075,2,501,,,,,
0.06158404424786568,2,502,,,,,
0.14717207849025726,2,503,,,,,
0.24505893886089325,2,504,,,,,
0.11370342969894409,2,505,,,,,
0.3053657114505768,2,506,,,,,
0.18057262897491455,2,507,,,,,
0.29352134466171265,2,508,,,,,
0.4721892178058624,2,509,,,,,
0.08789250254631042,2,510,,,,,
0.06089674308896065,2,511,,,,,
0.481719434261322,2,512,,,,,
0.3326306939125061,2,513,,,,,
0.15683025121688843,2,514,,,,,
0.15659624338150024,2,515,,,,,
0.5323943495750427,2,516,,,,,
0.13588450849056244,2,517,,,,,
0.1828163117170334,2,518,,,,,
0.13496725261211395,2,519,,,,,
0.6242784261703491,2,520,,,,,
0.2313287854194641,2,521,,,,,
0.052516188472509384,2,522,,,,,
0.2726031541824341,2,523,,,,,
0.044209957122802734,2,524,,,,,
0.034646764397621155,2,525,,,,,
0.39099130034446716,2,526,,,,,
0.05278691649436951,2,527,,,,,
0.3322010636329651,2,528,,,,,
0.25396034121513367,2,529,,,,,
0.17188601195812225,2,530,,,,,
0.043192554265260696,2,531,,,,,
0.031356848776340485,2,532,,,,,
0.2384360134601593,2,533,,,,,
0.18740585446357727,2,534,,,,,
0.2962203621864319,2,535,,,,,
0.032917965203523636,2,536,,,,,
0.031184790655970573,2,537,,,,,
0.1875174641609192,2,538,,,,,
0.36716604232788086,2,539,,,,,
0.2547134459018707,2,540,,,,,
0.20234771072864532,2,541,,,,,
0.13881702721118927,2,542,,,,,
0.07792434096336365,2,543,,,,,
0.1111835166811943,2,544,,,,,
0.1391730010509491,2,545,,,,,
0.20398807525634766,2,546,,,,,
0.09565882384777069,2,547,,,,,
0.1419379860162735,2,548,,,,,
0.30876895785331726,2,549,,,,,
0.3024038076400757,2,550,,,,,
0.0638500228524208,2,551,,,,,
0.2328750640153885,2,552,,,,,
0.1333063840866089,2,553,,,,,
0.23803140223026276,2,554,,,,,
0.21974392235279083,2,555,,,,,
0.06325186789035797,2,556,,,,,
0.09589840471744537,2,557,,,,,
0.09038243442773819,2,558,,,,,
0.0516907274723053,2,559,,,,,
0.18495844304561615,2,560,,,,,
0.06215088814496994,2,561,,,,,
0.08537385612726212,2,562,,,,,
0.2594587802886963,2,563,,,,,
0.07803886383771896,2,564,,,,,
0.13146445155143738,2,565,,,,,
0.8138561248779297,2,566,,,,,
0.09314078092575073,2,567,,,,,
0.1242288276553154,2,568,,,,,
0.07929708063602448,2,569,,,,,
0.03651648387312889,2,570,,,,,
0.10717066377401352,2,571,,,,,
0.17274115979671478,2,572,,,,,
0.21906183660030365,2,573,,,,,
0.15787149965763092,2,574,,,,,
0.0789647027850151,2,575,,,,,
0.16048000752925873,2,576,,,,,
0.08466415107250214,2,577,,,,,
0.10825814306735992,2,578,,,,,
0.19557255506515503,2,579,,,,,
0.06347571313381195,2,580,,,,,
0.11927637457847595,2,581,,,,,
0.1161518394947052,2,582,,,,,
0.12686358392238617,2,583,,,,,
0.09491955488920212,2,584,,,,,
0.06767433881759644,2,585,,,,,
0.06621493399143219,2,586,,,,,
0.35429397225379944,2,587,,,,,
0.09035125374794006,2,588,,,,,
0.08584360778331757,2,589,,,,,
0.06608971208333969,2,590,,,,,
0.1489248424768448,2,591,,,,,
0.2025710791349411,2,592,,,,,
0.05568663403391838,2,593,,,,,
0.12023010849952698,2,594,,,,,
0.15887989103794098,2,595,,,,,
0.0843583345413208,2,596,,,,,
,,398,0.14487415552139282,,,,
,,399,0.016192911192774773,,,,
,,400,0.015177398920059204,,,,
,,401,0.06622039526700974,,,,
,,402,0.03419870510697365,,,,
,,403,0.06093607097864151,,,,
,,404,0.03318839520215988,,,,
,,405,0.01600589230656624,,,,
,,406,0.13519051671028137,,,,
,,407,0.04758189991116524,,,,
,,408,0.08273488283157349,,,,
,,409,0.10508899390697479,,,,
,,410,0.1394713968038559,,,,
,,411,0.1425369530916214,,,,
,,412,0.051994774490594864,,,,
,,413,0.051743317395448685,,,,
,,414,0.17530526220798492,,,,
,,415,0.07620207965373993,,,,
,,416,0.044503264129161835,,,,
,,417,0.15381526947021484,,,,
,,418,0.10289405286312103,,,,
,,419,0.0597868375480175,,,,
,,420,0.1114983931183815,,,,
,,421,0.048599544912576675,,,,
,,422,0.03212805837392807,,,,
,,423,0.025449682027101517,,,,
,,424,0.039675742387771606,,,,
,,425,0.02647009678184986,,,,
,,426,0.03903526812791824,,,,
,,427,0.05719790607690811,,,,
,,428,0.07699928432703018,,,,
,,429,0.03171024098992348,,,,
,,430,0.060924649238586426,,,,
,,431,0.017621416598558426,,,,
,,432,0.08960612863302231,,,,
,,433,0.21468670666217804,,,,
,,434,0.16305425763130188,,,,
,,435,0.18653786182403564,,,,
,,436,0.1197560653090477,,,,
,,437,0.11230988800525665,,,,
,,438,0.058600664138793945,,,,
,,439,0.09491555392742157,,,,
,,440,0.09285418689250946,,,,
,,441,0.0848163589835167,,,,
,,442,0.1260307878255844,,,,
,,443,0.1242983341217041,,,,
,,444,0.11591911315917969,,,,
,,445,0.03600338101387024,,,,
,,446,0.06781448423862457,,,,
,,447,0.02876320108771324,,,,
,,448,0.04314308986067772,,,,
,,449,0.0915929451584816,,,,
,,450,0.09504185616970062,,,,
,,451,0.03604137524962425,,,,
,,452,0.03330361843109131,,,,
,,453,0.06800676137208939,,,,
,,454,0.0416528582572937,,,,
,,455,0.05540640279650688,,,,
,,456,0.02655525878071785,,,,
,,457,0.04198440909385681,,,,
,,458,0.09641668945550919,,,,
,,459,0.10680852830410004,,,,
,,460,0.06756416708230972,,,,
,,461,0.08444388955831528,,,,
,,462,0.07592996954917908,,,,
,,463,0.09096911549568176,,,,
,,464,0.03679389879107475,,,,
,,465,0.04528402164578438,,,,
,,466,0.10720863938331604,,,,
,,467,0.07278068363666534,,,,
,,468,0.09312985092401505,,,,
,,469,0.0443083718419075,,,,
,,470,0.029283279553055763,,,,
,,471,0.03015977144241333,,,,
,,472,0.05618796497583389,,,,
,,473,0.019371170550584793,,,,
,,474,0.0749955102801323,,,,
,,475,0.05139909312129021,,,,
,,476,0.027447635307908058,,,,
,,477,0.01689356006681919,,,,
,,478,0.09002157300710678,,,,
,,479,0.17231003940105438,,,,
,,480,0.03398312255740166,,,,
,,481,0.022921130061149597,,,,
,,482,0.03744962066411972,,,,
,,483,0.052496761083602905,,,,
,,484,0.07426626235246658,,,,
,,485,0.11903604120016098,,,,
,,486,0.065696582198143,,,,
,,487,0.07007656246423721,,,,
,,488,0.12052232027053833,,,,
,,489,0.044941496104002,,,,
,,490,0.07572778314352036,,,,
,,491,0.09820584207773209,,,,
,,492,0.06960433721542358,,,,
,,493,0.10081781446933746,,,,
,,494,0.03265754133462906,,,,
,,495,0.04394443705677986,,,,
,,496,0.03063986264169216,,,,
,,497,0.021675022318959236,,,,
,,498,0.03951955586671829,,,,
,,499,0.045540694147348404,,,,
,,500,0.03470894694328308,,,,
,,501,0.07203200459480286,,,,
,,502,0.022960186004638672,,,,
,,503,0.018932871520519257,,,,
,,504,0.09089715778827667,,,,
,,505,0.11691061407327652,,,,
,,506,0.03839298337697983,,,,
,,507,0.0522342287003994,,,,
,,508,0.01987256482243538,,,,
,,509,0.04091847315430641,,,,
,,510,0.017723044380545616,,,,
,,511,0.058839477598667145,,,,
,,512,0.045791033655405045,,,,
,,513,0.032121576368808746,,,,
,,514,0.0950736254453659,,,,
,,515,0.053269047290086746,,,,
,,516,0.06388550996780396,,,,
,,517,0.07055193185806274,,,,
,,518,0.07418594509363174,,,,
,,519,0.022651009261608124,,,,
,,520,0.02608748897910118,,,,
,,521,0.041331153362989426,,,,
,,522,0.021837372332811356,,,,
,,523,0.045873574912548065,,,,
,,524,0.051439493894577026,,,,
,,525,0.023603050038218498,,,,
,,526,0.017706207931041718,,,,
,,527,0.05540695786476135,,,,
,,528,0.0434751957654953,,,,
,,529,0.017536776140332222,,,,
,,530,0.013604152016341686,,,,
,,531,0.03471364453434944,,,,
,,532,0.040934763848781586,,,,
,,533,0.02100556157529354,,,,
,,534,0.04064442962408066,,,,
,,535,0.02664094977080822,,,,
,,536,0.06040553003549576,,,,
,,537,0.12506087124347687,,,,
,,538,0.04575720056891441,,,,
,,539,0.09613893181085587,,,,
,,540,0.07229293882846832,,,,
,,541,0.05404350161552429,,,,
,,542,0.02113247849047184,,,,
,,543,0.08682094514369965,,,,
,,544,0.027367712929844856,,,,
,,545,0.0664912611246109,,,,
,,546,0.03579545021057129,,,,
,,547,0.06313169747591019,,,,
,,548,0.03881222754716873,,,,
,,549,0.05207734927535057,,,,
,,550,0.04822244122624397,,,,
,,551,0.019724370911717415,,,,
,,552,0.02473931759595871,,,,
,,553,0.07573669403791428,,,,
,,554,0.024030646309256554,,,,
,,555,0.0649859830737114,,,,
,,556,0.052966613322496414,,,,
,,557,0.06145539879798889,,,,
,,558,0.057071421295404434,,,,
,,559,0.032593097537755966,,,,
,,560,0.0370958149433136,,,,
,,561,0.04319789633154869,,,,
,,562,0.023288071155548096,,,,
,,563,0.08581815659999847,,,,
,,564,0.06588312238454819,,,,
,,565,0.04364648461341858,,,,
,,566,0.04772232845425606,,,,
,,567,0.02027212269604206,,,,
,,568,0.019077332690358162,,,,
,,569,0.08741967380046844,,,,
,,570,0.05938444286584854,,,,
,,571,0.031596530228853226,,,,
,,572,0.06236467510461807,,,,
,,573,0.04610445350408554,,,,
,,574,0.03624895587563515,,,,
,,575,0.016835026443004608,,,,
,,576,0.044805966317653656,,,,
,,577,0.03505914285778999,,,,
,,578,0.03691055253148079,,,,
,,579,0.02876892127096653,,,,
,,580,0.03700083866715431,,,,
,,581,0.04796156287193298,,,,
,,582,0.042879484593868256,,,,
,,583,0.01873236708343029,,,,
,,584,0.02601473405957222,,,,
,,585,0.0693373829126358,,,,
,,586,0.012782642617821693,,,,
,,587,0.05434700846672058,,,,
,,588,0.07285289466381073,,,,
,,589,0.12127641588449478,,,,
,,590,0.09766567498445511,,,,
,,591,0.043154627084732056,,,,
,,592,0.07574422657489777,,,,
,,593,0.026357490569353104,,,,
,,594,0.02158600650727749,,,,
,,595,0.06674119830131531,,,,
,,596,0.04612071067094803,,,,
,2,596,,0.059717509895563126,,,
,2,596,,,0.2144102156162262,0.5757575631141663,0.8434343338012695
0.26370248198509216,3,597,,,,,
0.3317030072212219,3,598,,,,,
0.11840549856424332,3,599,,,,,
0.09228499978780746,3,600,,,,,
0.1152152344584465,3,601,,,,,
0.30602186918258667,3,602,,,,,
0.08650443702936172,3,603,,,,,
0.17661485075950623,3,604,,,,,
0.0131013672798872,3,605,,,,,
0.20711930096149445,3,606,,,,,
0.17133833467960358,3,607,,,,,
0.1742287278175354,3,608,,,,,
0.1934669464826584,3,609,,,,,
0.03752439096570015,3,610,,,,,
0.1746188998222351,3,611,,,,,
0.052144378423690796,3,612,,,,,
0.07530363649129868,3,613,,,,,
0.04820176213979721,3,614,,,,,
0.09818468987941742,3,615,,,,,
0.4832443296909332,3,616,,,,,
0.023610295727849007,3,617,,,,,
0.04924311488866806,3,618,,,,,
0.06840761750936508,3,619,,,,,
0.02492997795343399,3,620,,,,,
0.25551992654800415,3,621,,,,,
0.20813967287540436,3,622,,,,,
0.05752956122159958,3,623,,,,,
0.0664515495300293,3,624,,,,,
0.1534421443939209,3,625,,,,,
0.11601227521896362,3,626,,,,,
0.10999250411987305,3,627,,,,,
0.05441999435424805,3,628,,,,,
0.08365615457296371,3,629,,,,,
0.18887010216712952,3,630,,,,,
0.09358625113964081,3,631,,,,,
0.1806817203760147,3,632,,,,,
0.2249317616224289,3,633,,,,,
0.026772189885377884,3,634,,,,,
0.03477877005934715,3,635,,,,,
0.0237872451543808,3,636,,,,,
0.0688183531165123,3,637,,,,,
0.05668768659234047,3,638,,,,,
0.06236148998141289,3,639,,,,,
0.08831983804702759,3,640,,,,,
0.0675153136253357,3,641,,,,,
0.20346346497535706,3,642,,,,,
0.05039212852716446,3,643,,,,,
0.07875136286020279,3,644,,,,,
0.0996905192732811,3,645,,,,,
0.23987622559070587,3,646,,,,,
0.36430466175079346,3,647,,,,,
0.05803508311510086,3,648,,,,,
0.06707596033811569,3,649,,,,,
0.08545538783073425,3,650,,,,,
0.14938423037528992,3,651,,,,,
0.2207544893026352,3,652,,,,,
0.06902177631855011,3,653,,,,,
0.11884543299674988,3,654,,,,,
0.7021670341491699,3,655,,,,,
0.16334092617034912,3,656,,,,,
0.04939288645982742,3,657,,,,,
0.04960600659251213,3,658,,,,,
0.17383474111557007,3,659,,,,,
0.10359020531177521,3,660,,,,,
0.05874297767877579,3,661,,,,,
0.07478787004947662,3,662,,,,,
0.15385504066944122,3,663,,,,,
0.06094406917691231,3,664,,,,,
0.2534112334251404,3,665,,,,,
0.01968257501721382,3,666,,,,,
0.2657749056816101,3,667,,,,,
0.15169757604599,3,668,,,,,
0.3528795540332794,3,669,,,,,
0.14920520782470703,3,670,,,,,
0.06813086569309235,3,671,,,,,
0.12656892836093903,3,672,,,,,
0.33302539587020874,3,673,,,,,
0.05256183072924614,3,674,,,,,
0.16495409607887268,3,675,,,,,
0.10564953088760376,3,676,,,,,
0.19659464061260223,3,677,,,,,
0.13421322405338287,3,678,,,,,
0.06829961389303207,3,679,,,,,
0.45717257261276245,3,680,,,,,
0.13566578924655914,3,681,,,,,
0.05738143250346184,3,682,,,,,
0.130861297249794,3,683,,,,,
0.03902004286646843,3,684,,,,,
0.16298989951610565,3,685,,,,,
0.1890386939048767,3,686,,,,,
0.03638981282711029,3,687,,,,,
0.21681347489356995,3,688,,,,,
0.15030202269554138,3,689,,,,,
0.06343985348939896,3,690,,,,,
0.14350195229053497,3,691,,,,,
0.2605285346508026,3,692,,,,,
0.035429634153842926,3,693,,,,,
0.40439915657043457,3,694,,,,,
0.17045097053050995,3,695,,,,,
0.040371183305978775,3,696,,,,,
0.2037193477153778,3,697,,,,,
0.16506217420101166,3,698,,,,,
0.0792684331536293,3,699,,,,,
0.08970848470926285,3,700,,,,,
0.2596982419490814,3,701,,,,,
0.06987115740776062,3,702,,,,,
0.10332231223583221,3,703,,,,,
0.07302668690681458,3,704,,,,,
0.08766106516122818,3,705,,,,,
0.07863998413085938,3,706,,,,,
0.06534579396247864,3,707,,,,,
0.1193900927901268,3,708,,,,,
0.09793086349964142,3,709,,,,,
0.16204753518104553,3,710,,,,,
0.0784846842288971,3,711,,,,,
0.11878916621208191,3,712,,,,,
0.15797780454158783,3,713,,,,,
0.10797616839408875,3,714,,,,,
0.1072327271103859,3,715,,,,,
0.030268220230937004,3,716,,,,,
0.015394763089716434,3,717,,,,,
0.09486812353134155,3,718,,,,,
0.11317954957485199,3,719,,,,,
0.17796769738197327,3,720,,,,,
0.23136268556118011,3,721,,,,,
0.07300151139497757,3,722,,,,,
0.024773765355348587,3,723,,,,,
0.15265123546123505,3,724,,,,,
0.07280784100294113,3,725,,,,,
0.18801237642765045,3,726,,,,,
0.07639892399311066,3,727,,,,,
0.08976168185472488,3,728,,,,,
0.04193819686770439,3,729,,,,,
0.2580825090408325,3,730,,,,,
0.03887058421969414,3,731,,,,,
0.26592716574668884,3,732,,,,,
0.23254911601543427,3,733,,,,,
0.1795678287744522,3,734,,,,,
0.04073278233408928,3,735,,,,,
0.059853117913007736,3,736,,,,,
0.09011207520961761,3,737,,,,,
0.0598997063934803,3,738,,,,,
0.03274114429950714,3,739,,,,,
0.05554107204079628,3,740,,,,,
0.05546658858656883,3,741,,,,,
0.05343674495816231,3,742,,,,,
0.16170398890972137,3,743,,,,,
0.11968027800321579,3,744,,,,,
0.09277910739183426,3,745,,,,,
0.04813753813505173,3,746,,,,,
0.028914140537381172,3,747,,,,,
0.12490715086460114,3,748,,,,,
0.04349365830421448,3,749,,,,,
0.11752700060606003,3,750,,,,,
0.04381032660603523,3,751,,,,,
0.08146311342716217,3,752,,,,,
0.2661442756652832,3,753,,,,,
0.032621875405311584,3,754,,,,,
0.01672528311610222,3,755,,,,,
0.02098207361996174,3,756,,,,,
0.17323005199432373,3,757,,,,,
0.06933115422725677,3,758,,,,,
0.033217526972293854,3,759,,,,,
0.15472808480262756,3,760,,,,,
0.05333186313509941,3,761,,,,,
0.1616572141647339,3,762,,,,,
0.09382607042789459,3,763,,,,,
0.06717588752508163,3,764,,,,,
0.02345879375934601,3,765,,,,,
0.7723734378814697,3,766,,,,,
0.19138139486312866,3,767,,,,,
0.0486033633351326,3,768,,,,,
0.19246749579906464,3,769,,,,,
0.03639058396220207,3,770,,,,,
0.04217522591352463,3,771,,,,,
0.014073183760046959,3,772,,,,,
0.148493230342865,3,773,,,,,
0.14890863001346588,3,774,,,,,
0.05526386573910713,3,775,,,,,
0.15763430297374725,3,776,,,,,
0.028460290282964706,3,777,,,,,
0.1383163034915924,3,778,,,,,
0.055832039564847946,3,779,,,,,
0.1273186355829239,3,780,,,,,
0.0479198656976223,3,781,,,,,
0.020439883694052696,3,782,,,,,
0.5810805559158325,3,783,,,,,
0.14788047969341278,3,784,,,,,
0.03489207848906517,3,785,,,,,
0.2027273327112198,3,786,,,,,
0.054039448499679565,3,787,,,,,
0.05578365921974182,3,788,,,,,
0.016497978940606117,3,789,,,,,
0.11186110228300095,3,790,,,,,
0.21927811205387115,3,791,,,,,
0.1006898283958435,3,792,,,,,
0.09255756437778473,3,793,,,,,
0.05648163706064224,3,794,,,,,
0.08523546904325485,3,795,,,,,
,,597,0.03550180792808533,,,,
,,598,0.02824096754193306,,,,
,,599,0.021688055247068405,,,,
,,600,0.056861512362957,,,,
,,601,0.04484707489609718,,,,
,,602,0.04386629909276962,,,,
,,603,0.12272685766220093,,,,
,,604,0.09254074096679688,,,,
,,605,0.03633859008550644,,,,
,,606,0.037679798901081085,,,,
,,607,0.028997447341680527,,,,
,,608,0.02734202705323696,,,,
,,609,0.035661403089761734,,,,
,,610,0.025982873514294624,,,,
,,611,0.035690274089574814,,,,
,,612,0.02630152739584446,,,,
,,613,0.034502677619457245,,,,
,,614,0.030740905553102493,,,,
,,615,0.023471174761652946,,,,
,,616,0.04502691328525543,,,,
,,617,0.0377410352230072,,,,
,,618,0.037209976464509964,,,,
,,619,0.02549188770353794,,,,
,,620,0.041990090161561966,,,,
,,621,0.02754657343029976,,,,
,,622,0.03562559932470322,,,,
,,623,0.030147816985845566,,,,
,,624,0.026985274627804756,,,,
,,625,0.03867601975798607,,,,
,,626,0.03194737806916237,,,,
,,627,0.03234901279211044,,,,
,,628,0.0319964773952961,,,,
,,629,0.11402739584445953,,,,
,,630,0.13023404777050018,,,,
,,631,0.024152254685759544,,,,
,,632,0.04501257464289665,,,,
,,633,0.034126076847314835,,,,
,,634,0.037756823003292084,,,,
,,635,0.036187224090099335,,,,
,,636,0.03642689064145088,,,,
,,637,0.026949672028422356,,,,
,,638,0.03227457404136658,,,,
,,639,0.04088766127824783,,,,
,,640,0.021414022892713547,,,,
,,641,0.06505303829908371,,,,
,,642,0.03943368420004845,,,,
,,643,0.03072030283510685,,,,
,,644,0.034863077104091644,,,,
,,645,0.055109575390815735,,,,
,,646,0.03394687548279762,,,,
,,647,0.023014457896351814,,,,
,,648,0.04993654042482376,,,,
,,649,0.040218379348516464,,,,
,,650,0.03547041490674019,,,,
,,651,0.035959385335445404,,,,
,,652,0.051086124032735825,,,,
,,653,0.029265092685818672,,,,
,,654,0.035938963294029236,,,,
,,655,0.12898170948028564,,,,
,,656,0.03022621013224125,,,,
,,657,0.043113380670547485,,,,
,,658,0.03650142624974251,,,,
,,659,0.025023946538567543,,,,
,,660,0.027294212952256203,,,,
,,661,0.05118190497159958,,,,
,,662,0.03934182599186897,,,,
,,663,0.027484120801091194,,,,
,,664,0.021925145760178566,,,,
,,665,0.040643803775310516,,,,
,,666,0.038142625242471695,,,,
,,667,0.031399521976709366,,,,
,,668,0.04394148290157318,,,,
,,669,0.03286416828632355,,,,
,,670,0.04212285205721855,,,,
,,671,0.0387130081653595,,,,
,,672,0.0231596902012825,,,,
,,673,0.0656229555606842,,,,
,,674,0.038783229887485504,,,,
,,675,0.03163459897041321,,,,
,,676,0.030627047643065453,,,,
,,677,0.05633561313152313,,,,
,,678,0.05405065417289734,,,,
,,679,0.03400731831789017,,,,
,,680,0.02283802069723606,,,,
,,681,0.1671593338251114,,,,
,,682,0.036860980093479156,,,,
,,683,0.03364664316177368,,,,
,,684,0.034191831946372986,,,,
,,685,0.03422312065958977,,,,
,,686,0.02965661697089672,,,,
,,687,0.042465634644031525,,,,
,,688,0.02041223645210266,,,,
,,689,0.05154940113425255,,,,
,,690,0.036789245903491974,,,,
,,691,0.026149917393922806,,,,
,,692,0.044839538633823395,,,,
,,693,0.029270702973008156,,,,
,,694,0.04540137201547623,,,,
,,695,0.03764527291059494,,,,
,,696,0.0290511641651392,,,,
,,697,0.04509800672531128,,,,
,,698,0.037087853997945786,,,,
,,699,0.031016020104289055,,,,
,,700,0.040838439017534256,,,,
,,701,0.02572081983089447,,,,
,,702,0.03343236446380615,,,,
,,703,0.052108459174633026,,,,
,,704,0.04730543494224548,,,,
,,705,0.027391767129302025,,,,
,,706,0.04095161333680153,,,,
,,707,0.18914978206157684,,,,
,,708,0.043256405740976334,,,,
,,709,0.03269166499376297,,,,
,,710,0.049519963562488556,,,,
,,711,0.026605095714330673,,,,
,,712,0.02056741900742054,,,,
,,713,0.03196251019835472,,,,
,,714,0.03768701106309891,,,,
,,715,0.04065697640180588,,,,
,,716,0.04566860571503639,,,,
,,717,0.022819066420197487,,,,
,,718,0.027905119583010674,,,,
,,719,0.031015072017908096,,,,
,,720,0.029011746868491173,,,,
,,721,0.030524805188179016,,,,
,,722,0.04923797771334648,,,,
,,723,0.04382013529539108,,,,
,,724,0.04091398045420647,,,,
,,725,0.043210469186306,,,,
,,726,0.06376531720161438,,,,
,,727,0.033367134630680084,,,,
,,728,0.04314897209405899,,,,
,,729,0.03454175591468811,,,,
,,730,0.05521899834275246,,,,
,,731,0.05325589329004288,,,,
,,732,0.04874672368168831,,,,
,,733,0.17454804480075836,,,,
,,734,0.03253965079784393,,,,
,,735,0.039559341967105865,,,,
,,736,0.05976419150829315,,,,
,,737,0.022293616086244583,,,,
,,738,0.06655100733041763,,,,
,,739,0.03359651193022728,,,,
,,740,0.02754785306751728,,,,
,,741,0.02399989776313305,,,,
,,742,0.05324116721749306,,,,
,,743,0.028856832534074783,,,,
,,744,0.031104881316423416,,,,
,,745,0.020909536629915237,,,,
,,746,0.04874134808778763,,,,
,,747,0.03894517943263054,,,,
,,748,0.03704289719462395,,,,
,,749,0.048794638365507126,,,,
,,750,0.0354142002761364,,,,
,,751,0.044184084981679916,,,,
,,752,0.06629744917154312,,,,
,,753,0.026218043640255928,,,,
,,754,0.0761517584323883,,,,
,,755,0.05427009239792824,,,,
,,756,0.05738401412963867,,,,
,,757,0.04523873329162598,,,,
,,758,0.0353856086730957,,,,
,,759,0.1423623412847519,,,,
,,760,0.02860015071928501,,,,
,,761,0.020242957398295403,,,,
,,762,0.041522830724716187,,,,
,,763,0.03684474527835846,,,,
,,764,0.0333716906607151,,,,
,,765,0.06064324453473091,,,,
,,766,0.02350459434092045,,,,
,,767,0.025995703414082527,,,,
,,768,0.058738481253385544,,,,
,,769,0.018568774685263634,,,,
,,770,0.025933902710676193,,,,
,,771,0.04573865607380867,,,,
,,772,0.032256245613098145,,,,
,,773,0.03757861629128456,,,,
,,774,0.03175177052617073,,,,
,,775,0.04854750260710716,,,,
,,776,0.02792399935424328,,,,
,,777,0.022362874820828438,,,,
,,778,0.03835364803671837,,,,
,,779,0.0402129590511322,,,,
,,780,0.043622296303510666,,,,
,,781,0.04645184427499771,,,,
,,782,0.03545688837766647,,,,
,,783,0.03522319719195366,,,,
,,784,0.19525723159313202,,,,
,,785,0.1304299384355545,,,,
,,786,0.06091172248125076,,,,
,,787,0.041471559554338455,,,,
,,788,0.02278616651892662,,,,
,,789,0.03526845574378967,,,,
,,790,0.024449074640870094,,,,
,,791,0.03694899007678032,,,,
,,792,0.0249665305018425,,,,
,,793,0.01761551760137081,,,,
,,794,0.04453745111823082,,,,
,,795,0.03260001540184021,,,,
,3,795,,0.043081965297460556,,,
,3,795,,,0.1265493780374527,0.5505050420761108,0.8282828330993652
0.12942612171173096,4,796,,,,,
0.12868618965148926,4,797,,,,,
0.04043916240334511,4,798,,,,,
0.03447916731238365,4,799,,,,,
0.21532782912254333,4,800,,,,,
0.03306945785880089,4,801,,,,,
0.026879405602812767,4,802,,,,,
0.12708573043346405,4,803,,,,,
0.04396010935306549,4,804,,,,,
0.0673312172293663,4,805,,,,,
0.1002381220459938,4,806,,,,,
0.08397072553634644,4,807,,,,,
0.06180118769407272,4,808,,,,,
0.10287804901599884,4,809,,,,,
0.12117984145879745,4,810,,,,,
0.1474945843219757,4,811,,,,,
0.10216740518808365,4,812,,,,,
0.036832045763731,4,813,,,,,
0.028005532920360565,4,814,,,,,
0.04190152883529663,4,815,,,,,
0.16941818594932556,4,816,,,,,
0.22590744495391846,4,817,,,,,
0.19797472655773163,4,818,,,,,
0.09694844484329224,4,819,,,,,
0.31650805473327637,4,820,,,,,
0.05625874549150467,4,821,,,,,
0.21071100234985352,4,822,,,,,
0.043374814093112946,4,823,,,,,
0.32532212138175964,4,824,,,,,
0.27904805541038513,4,825,,,,,
0.049087394028902054,4,826,,,,,
0.03493405506014824,4,827,,,,,
0.1442190259695053,4,828,,,,,
0.013961122371256351,4,829,,,,,
0.3234100043773651,4,830,,,,,
0.06555221974849701,4,831,,,,,
0.3235393464565277,4,832,,,,,
0.04154602438211441,4,833,,,,,
0.06398812681436539,4,834,,,,,
0.08640193939208984,4,835,,,,,
0.043754592537879944,4,836,,,,,
0.04477802664041519,4,837,,,,,
0.031241117045283318,4,838,,,,,
0.07163968682289124,4,839,,,,,
0.054448626935482025,4,840,,,,,
0.2793791890144348,4,841,,,,,
0.08989664912223816,4,842,,,,,
0.013635833747684956,4,843,,,,,
0.054151203483343124,4,844,,,,,
0.03674051910638809,4,845,,,,,
0.2669661045074463,4,846,,,,,
0.025280920788645744,4,847,,,,,
0.060044046491384506,4,848,,,,,
0.10362523794174194,4,849,,,,,
0.09655685722827911,4,850,,,,,
0.061110273003578186,4,851,,,,,
0.1314152181148529,4,852,,,,,
0.15641167759895325,4,853,,,,,
0.11996505409479141,4,854,,,,,
0.16236980259418488,4,855,,,,,
0.07243216782808304,4,856,,,,,
0.07670638710260391,4,857,,,,,
0.08404164761304855,4,858,,,,,
0.13564540445804596,4,859,,,,,
0.139968603849411,4,860,,,,,
0.05680205300450325,4,861,,,,,
0.059351108968257904,4,862,,,,,
0.050813522189855576,4,863,,,,,
0.03167883679270744,4,864,,,,,
0.040688689798116684,4,865,,,,,
0.041363853961229324,4,866,,,,,
0.054305244237184525,4,867,,,,,
0.1946549117565155,4,868,,,,,
0.5153015851974487,4,869,,,,,
0.11723212152719498,4,870,,,,,
0.061424702405929565,4,871,,,,,
0.11246485263109207,4,872,,,,,
0.10150354355573654,4,873,,,,,
0.05408254265785217,4,874,,,,,
0.05053615942597389,4,875,,,,,
0.05197196081280708,4,876,,,,,
0.07378242164850235,4,877,,,,,
0.1384526640176773,4,878,,,,,
0.08627531677484512,4,879,,,,,
0.041504867374897,4,880,,,,,
0.12117897719144821,4,881,,,,,
0.19908364117145538,4,882,,,,,
0.024781102314591408,4,883,,,,,
0.06182939559221268,4,884,,,,,
0.011632474139332771,4,885,,,,,
0.013182302005589008,4,886,,,,,
0.16366660594940186,4,887,,,,,
0.17936013638973236,4,888,,,,,
0.08355247229337692,4,889,,,,,
0.05440308898687363,4,890,,,,,
0.16240918636322021,4,891,,,,,
0.03353658691048622,4,892,,,,,
0.04768494889140129,4,893,,,,,
0.20432594418525696,4,894,,,,,
0.03460749238729477,4,895,,,,,
0.16154195368289948,4,896,,,,,
0.0913168340921402,4,897,,,,,
0.014845652505755424,4,898,,,,,
0.04011957719922066,4,899,,,,,
0.2634667456150055,4,900,,,,,
0.11787772923707962,4,901,,,,,
0.1324564516544342,4,902,,,,,
0.042373042553663254,4,903,,,,,
0.3068103492259979,4,904,,,,,
0.09395898133516312,4,905,,,,,
0.09322653710842133,4,906,,,,,
0.02583424001932144,4,907,,,,,
0.031096890568733215,4,908,,,,,
0.0783982202410698,4,909,,,,,
0.06271440535783768,4,910,,,,,
0.0457429401576519,4,911,,,,,
0.15532733500003815,4,912,,,,,
0.06297207623720169,4,913,,,,,
0.06480886042118073,4,914,,,,,
0.11603866517543793,4,915,,,,,
0.0152707165107131,4,916,,,,,
0.023603200912475586,4,917,,,,,
0.06946622580289841,4,918,,,,,
0.021195923909544945,4,919,,,,,
0.01916585862636566,4,920,,,,,
0.022286681458353996,4,921,,,,,
0.10271374136209488,4,922,,,,,
0.060955654829740524,4,923,,,,,
0.04960102215409279,4,924,,,,,
0.05830882862210274,4,925,,,,,
0.1824754923582077,4,926,,,,,
0.040477655827999115,4,927,,,,,
0.08735636621713638,4,928,,,,,
0.06712095439434052,4,929,,,,,
0.021731268614530563,4,930,,,,,
0.10347019881010056,4,931,,,,,
0.33892112970352173,4,932,,,,,
0.029749631881713867,4,933,,,,,
0.05775797367095947,4,934,,,,,
0.045931313186883926,4,935,,,,,
0.026789026334881783,4,936,,,,,
0.0517423152923584,4,937,,,,,
0.06791102886199951,4,938,,,,,
0.22997884452342987,4,939,,,,,
0.04730841889977455,4,940,,,,,
0.04240253195166588,4,941,,,,,
0.04132562503218651,4,942,,,,,
0.36580079793930054,4,943,,,,,
0.10584673285484314,4,944,,,,,
0.10359831899404526,4,945,,,,,
0.02468259446322918,4,946,,,,,
0.04375778138637543,4,947,,,,,
0.019580630585551262,4,948,,,,,
0.0993584468960762,4,949,,,,,
0.008023998700082302,4,950,,,,,
0.0458611361682415,4,951,,,,,
0.04794720187783241,4,952,,,,,
0.27666276693344116,4,953,,,,,
0.02306094393134117,4,954,,,,,
0.04200393706560135,4,955,,,,,
0.03382447734475136,4,956,,,,,
0.1374852955341339,4,957,,,,,
0.03225964680314064,4,958,,,,,
0.014865013770759106,4,959,,,,,
0.05011536926031113,4,960,,,,,
0.08948983252048492,4,961,,,,,
0.09766702353954315,4,962,,,,,
0.01844080723822117,4,963,,,,,
0.02533116191625595,4,964,,,,,
0.05143604800105095,4,965,,,,,
0.01654982939362526,4,966,,,,,
0.18565523624420166,4,967,,,,,
0.036917392164468765,4,968,,,,,
0.12606137990951538,4,969,,,,,
0.18825849890708923,4,970,,,,,
0.19056424498558044,4,971,,,,,
0.32840466499328613,4,972,,,,,
0.02328118495643139,4,973,,,,,
0.1280275285243988,4,974,,,,,
0.012373371049761772,4,975,,,,,
0.07751797884702682,4,976,,,,,
0.09123581647872925,4,977,,,,,
0.30656519532203674,4,978,,,,,
0.023575598374009132,4,979,,,,,
0.03232039883732796,4,980,,,,,
0.0742306038737297,4,981,,,,,
0.11581452935934067,4,982,,,,,
0.019582223147153854,4,983,,,,,
0.16214685142040253,4,984,,,,,
0.04023931547999382,4,985,,,,,
0.021221328526735306,4,986,,,,,
0.01091354712843895,4,987,,,,,
0.25324198603630066,4,988,,,,,
0.08822772651910782,4,989,,,,,
0.04452003538608551,4,990,,,,,
0.061643969267606735,4,991,,,,,
0.2553690969944,4,992,,,,,
0.10212109982967377,4,993,,,,,
0.023028630763292313,4,994,,,,,
,,796,0.0378512404859066,,,,
,,797,0.019285939633846283,,,,
,,798,0.013596130535006523,,,,
,,799,0.05817469581961632,,,,
,,800,0.03867326304316521,,,,
,,801,0.03810390084981918,,,,
,,802,0.27438387274742126,,,,
,,803,0.23791800439357758,,,,
,,804,0.04999050125479698,,,,
,,805,0.020529165863990784,,,,
,,806,0.022438134998083115,,,,
,,807,0.01983112469315529,,,,
,,808,0.03209468722343445,,,,
,,809,0.018940750509500504,,,,
,,810,0.0285043902695179,,,,
,,811,0.01809731312096119,,,,
,,812,0.03500800579786301,,,,
,,813,0.02061597630381584,,,,
,,814,0.01861489750444889,,,,
,,815,0.04558391869068146,,,,
,,816,0.03306831791996956,,,,
,,817,0.03874683752655983,,,,
,,818,0.019476773217320442,,,,
,,819,0.028646523132920265,,,,
,,820,0.016516104340553284,,,,
,,821,0.01908297650516033,,,,
,,822,0.025768715888261795,,,,
,,823,0.0182384941726923,,,,
,,824,0.036091163754463196,,,,
,,825,0.022253641858696938,,,,
,,826,0.021832438185811043,,,,
,,827,0.021275673061609268,,,,
,,828,0.2633940577507019,,,,
,,829,0.18110008537769318,,,,
,,830,0.014903128147125244,,,,
,,831,0.0483299158513546,,,,
,,832,0.03150869160890579,,,,
,,833,0.030484074726700783,,,,
,,834,0.030261516571044922,,,,
,,835,0.0262453556060791,,,,
,,836,0.01765614002943039,,,,
,,837,0.01979728415608406,,,,
,,838,0.03749250993132591,,,,
,,839,0.013764037750661373,,,,
,,840,0.05776623263955116,,,,
,,841,0.03398958221077919,,,,
,,842,0.019334809854626656,,,,
,,843,0.021267179399728775,,,,
,,844,0.054435890167951584,,,,
,,845,0.016440480947494507,,,,
,,846,0.012986143119633198,,,,
,,847,0.05811827629804611,,,,
,,848,0.04176206886768341,,,,
,,849,0.024589557200670242,,,,
,,850,0.023404397070407867,,,,
,,851,0.025754954665899277,,,,
,,852,0.017296286299824715,,,,
,,853,0.01779096946120262,,,,
,,854,0.22036969661712646,,,,
,,855,0.01935630477964878,,,,
,,856,0.04071339592337608,,,,
,,857,0.03454532474279404,,,,
,,858,0.02018084190785885,,,,
,,859,0.017118854448199272,,,,
,,860,0.05192182585597038,,,,
,,861,0.029189538210630417,,,,
,,862,0.019096698611974716,,,,
,,863,0.013590018264949322,,,,
,,864,0.03753066062927246,,,,
,,865,0.027772732079029083,,,,
,,866,0.019410088658332825,,,,
,,867,0.027293134480714798,,,,
,,868,0.024244163185358047,,,,
,,869,0.025980327278375626,,,,
,,870,0.034880995750427246,,,,
,,871,0.011576898396015167,,,,
,,872,0.06358090788125992,,,,
,,873,0.04007917642593384,,,,
,,874,0.022672435268759727,,,,
,,875,0.016834909096360207,,,,
,,876,0.0569809153676033,,,,
,,877,0.054910119622945786,,,,
,,878,0.018956588581204414,,,,
,,879,0.013428046368062496,,,,
,,880,0.29010698199272156,,,,
,,881,0.026083825156092644,,,,
,,882,0.02157014049589634,,,,
,,883,0.035793110728263855,,,,
,,884,0.01720486953854561,,,,
,,885,0.020174114033579826,,,,
,,886,0.0461822934448719,,,,
,,887,0.012760168872773647,,,,
,,888,0.054639849811792374,,,,
,,889,0.03453003615140915,,,,
,,890,0.017963947728276253,,,,
,,891,0.028607042506337166,,,,
,,892,0.018300872296094894,,,,
,,893,0.030399931594729424,,,,
,,894,0.02753720059990883,,,,
,,895,0.031055673956871033,,,,
,,896,0.03951798751950264,,,,
,,897,0.027166446670889854,,,,
,,898,0.021017130464315414,,,,
,,899,0.04159228131175041,,,,
,,900,0.016499437391757965,,,,
,,901,0.019099054858088493,,,,
,,902,0.054925840348005295,,,,
,,903,0.05186906456947327,,,,
,,904,0.019188188016414642,,,,
,,905,0.03936447203159332,,,,
,,906,0.24579520523548126,,,,
,,907,0.025885192677378654,,,,
,,908,0.01682676002383232,,,,
,,909,0.033289939165115356,,,,
,,910,0.015283161774277687,,,,
,,911,0.011179433204233646,,,,
,,912,0.028623299673199654,,,,
,,913,0.0319407656788826,,,,
,,914,0.035419952124357224,,,,
,,915,0.03395236283540726,,,,
,,916,0.01731651835143566,,,,
,,917,0.015573650598526001,,,,
,,918,0.015644101426005363,,,,
,,919,0.022158967331051826,,,,
,,920,0.020503103733062744,,,,
,,921,0.0425950363278389,,,,
,,922,0.037208348512649536,,,,
,,923,0.023108411580324173,,,,
,,924,0.021819431334733963,,,,
,,925,0.07557646930217743,,,,
,,926,0.028291653841733932,,,,
,,927,0.023678883910179138,,,,
,,928,0.02076135016977787,,,,
,,929,0.041911445558071136,,,,
,,930,0.03670814633369446,,,,
,,931,0.031795017421245575,,,,
,,932,0.19994290173053741,,,,
,,933,0.016871117055416107,,,,
,,934,0.025927206501364708,,,,
,,935,0.052892692387104034,,,,
,,936,0.010243700817227364,,,,
,,937,0.06420651823282242,,,,
,,938,0.029795927926898003,,,,
,,939,0.019748736172914505,,,,
,,940,0.014717579819262028,,,,
,,941,0.053316712379455566,,,,
,,942,0.015671396628022194,,,,
,,943,0.023947425186634064,,,,
,,944,0.011201593093574047,,,,
,,945,0.04061901196837425,,,,
,,946,0.02998947538435459,,,,
,,947,0.030807700008153915,,,,
,,948,0.03907105326652527,,,,
,,949,0.016406554728746414,,,,
,,950,0.023362696170806885,,,,
,,951,0.07269099354743958,,,,
,,952,0.020510097965598106,,,,
,,953,0.07999087870121002,,,,
,,954,0.04213309660553932,,,,
,,955,0.03318648040294647,,,,
,,956,0.028734339401125908,,,,
,,957,0.018053602427244186,,,,
,,958,0.25609132647514343,,,,
,,959,0.0159765537828207,,,,
,,960,0.01023169420659542,,,,
,,961,0.0338069349527359,,,,
,,962,0.03053724206984043,,,,
,,963,0.020987650379538536,,,,
,,964,0.044441383332014084,,,,
,,965,0.015006713569164276,,,,
,,966,0.018215138465166092,,,,
,,967,0.05392848700284958,,,,
,,968,0.011645112186670303,,,,
,,969,0.017036955803632736,,,,
,,970,0.03666427731513977,,,,
,,971,0.019951196387410164,,,,
,,972,0.028002308681607246,,,,
,,973,0.019945763051509857,,,,
,,974,0.03193306550383568,,,,
,,975,0.01554887741804123,,,,
,,976,0.011387897655367851,,,,
,,977,0.024425849318504333,,,,
,,978,0.04589143022894859,,,,
,,979,0.040968362241983414,,,,
,,980,0.04100698232650757,,,,
,,981,0.018749983981251717,,,,
,,982,0.023379411548376083,,,,
,,983,0.2729544937610626,,,,
,,984,0.16356514394283295,,,,
,,985,0.04916458576917648,,,,
,,986,0.03603712469339371,,,,
,,987,0.017488839104771614,,,,
,,988,0.027348840609192848,,,,
,,989,0.014102630317211151,,,,
,,990,0.029188763350248337,,,,
,,991,0.015031314454972744,,,,
,,992,0.010289364494383335,,,,
,,993,0.03741472214460373,,,,
,,994,0.026975156739354134,,,,
,4,994,,0.04043556749820709,,,
,4,994,,,0.09651029109954834,0.6717171669006348,0.9343434572219849
0.023641956970095634,5,995,,,,,
0.31067994236946106,5,996,,,,,
0.07772458344697952,5,997,,,,,
0.08535245805978775,5,998,,,,,
0.11042191088199615,5,999,,,,,
0.016099557280540466,5,1000,,,,,
0.0361349992454052,5,1001,,,,,
0.015012743882834911,5,1002,,,,,
0.03531504422426224,5,1003,,,,,
0.1622675508260727,5,1004,,,,,
0.15702052414417267,5,1005,,,,,
0.010317678563296795,5,1006,,,,,
0.061604999005794525,5,1007,,,,,
0.279930055141449,5,1008,,,,,
0.023277007043361664,5,1009,,,,,
0.12355516105890274,5,1010,,,,,
0.028854703530669212,5,1011,,,,,
0.0171771552413702,5,1012,,,,,
0.07110276073217392,5,1013,,,,,
0.052607081830501556,5,1014,,,,,
0.09931891411542892,5,1015,,,,,
0.07668884843587875,5,1016,,,,,
0.0064052678644657135,5,1017,,,,,
0.023731045424938202,5,1018,,,,,
0.03497794643044472,5,1019,,,,,
0.13163354992866516,5,1020,,,,,
0.06847313791513443,5,1021,,,,,
0.0939895361661911,5,1022,,,,,
0.011663245037198067,5,1023,,,,,
0.0677972212433815,5,1024,,,,,
0.01913674734532833,5,1025,,,,,
0.12338234484195709,5,1026,,,,,
0.0881885439157486,5,1027,,,,,
0.08534524589776993,5,1028,,,,,
0.06471651792526245,5,1029,,,,,
0.009461521171033382,5,1030,,,,,
0.06801756471395493,5,1031,,,,,
0.02065715380012989,5,1032,,,,,
0.1792648583650589,5,1033,,,,,
0.05228763073682785,5,1034,,,,,
0.14362454414367676,5,1035,,,,,
0.023115668445825577,5,1036,,,,,
0.04835715517401695,5,1037,,,,,
0.0573212206363678,5,1038,,,,,
0.0436626560986042,5,1039,,,,,
0.024869319051504135,5,1040,,,,,
0.010065446607768536,5,1041,,,,,
0.054764341562986374,5,1042,,,,,
0.01775134541094303,5,1043,,,,,
0.052425503730773926,5,1044,,,,,
0.04593179374933243,5,1045,,,,,
0.011229495517909527,5,1046,,,,,
0.026633478701114655,5,1047,,,,,
0.05540372058749199,5,1048,,,,,
0.06347645074129105,5,1049,,,,,
0.014923939481377602,5,1050,,,,,
0.005383292678743601,5,1051,,,,,
0.10164011269807816,5,1052,,,,,
0.0565660335123539,5,1053,,,,,
0.014850159175693989,5,1054,,,,,
0.09179099649190903,5,1055,,,,,
0.046550966799259186,5,1056,,,,,
0.032661568373441696,5,1057,,,,,
0.08705976605415344,5,1058,,,,,
0.09273543953895569,5,1059,,,,,
0.06510084122419357,5,1060,,,,,
0.022174369543790817,5,1061,,,,,
0.007963032461702824,5,1062,,,,,
0.004599792417138815,5,1063,,,,,
0.009039600379765034,5,1064,,,,,
0.031364478170871735,5,1065,,,,,
0.022322211414575577,5,1066,,,,,
0.0969441756606102,5,1067,,,,,
0.039075158536434174,5,1068,,,,,
0.010059702210128307,5,1069,,,,,
0.13529717922210693,5,1070,,,,,
0.06108251214027405,5,1071,,,,,
0.01739446632564068,5,1072,,,,,
0.027551578357815742,5,1073,,,,,
0.06742183119058609,5,1074,,,,,
0.02545533888041973,5,1075,,,,,
0.061041202396154404,5,1076,,,,,
0.055038224905729294,5,1077,,,,,
0.02747843787074089,5,1078,,,,,
0.0038245718460530043,5,1079,,,,,
0.0218918789178133,5,1080,,,,,
0.11287210136651993,5,1081,,,,,
0.08745729923248291,5,1082,,,,,
0.11773703992366791,5,1083,,,,,
0.3366502821445465,5,1084,,,,,
0.10620526224374771,5,1085,,,,,
0.24775829911231995,5,1086,,,,,
0.020467184484004974,5,1087,,,,,
0.04732803627848625,5,1088,,,,,
0.07969988882541656,5,1089,,,,,
0.09875618666410446,5,1090,,,,,
0.010868147946894169,5,1091,,,,,
0.013055953197181225,5,1092,,,,,
0.16407746076583862,5,1093,,,,,
0.01394657976925373,5,1094,,,,,
0.10082097351551056,5,1095,,,,,
0.06878707557916641,5,1096,,,,,
0.04196258261799812,5,1097,,,,,
0.025920065119862556,5,1098,,,,,
0.014198102056980133,5,1099,,,,,
0.025222856551408768,5,1100,,,,,
0.039189744740724564,5,1101,,,,,
0.017383864149451256,5,1102,,,,,
0.2162495106458664,5,1103,,,,,
0.011471287347376347,5,1104,,,,,
0.014797089621424675,5,1105,,,,,
0.06640983372926712,5,1106,,,,,
0.08916682749986649,5,1107,,,,,
0.03128558024764061,5,1108,,,,,
0.2518637180328369,5,1109,,,,,
0.0808456689119339,5,1110,,,,,
0.08095210790634155,5,1111,,,,,
0.051228880882263184,5,1112,,,,,
0.0039850627072155476,5,1113,,,,,
0.06389578431844711,5,1114,,,,,
0.5658849477767944,5,1115,,,,,
0.09841710329055786,5,1116,,,,,
0.716716468334198,5,1117,,,,,
0.026714224368333817,5,1118,,,,,
0.02940482459962368,5,1119,,,,,
0.04627560079097748,5,1120,,,,,
0.14302444458007812,5,1121,,,,,
0.07340937852859497,5,1122,,,,,
0.03265982121229172,5,1123,,,,,
0.08691137284040451,5,1124,,,,,
0.0779135450720787,5,1125,,,,,
0.09761056303977966,5,1126,,,,,
0.13152673840522766,5,1127,,,,,
0.11255021393299103,5,1128,,,,,
0.08933442085981369,5,1129,,,,,
0.021982338279485703,5,1130,,,,,
0.01474700402468443,5,1131,,,,,
0.10016430914402008,5,1132,,,,,
0.029143035411834717,5,1133,,,,,
0.10397499799728394,5,1134,,,,,
0.18070650100708008,5,1135,,,,,
0.03467082604765892,5,1136,,,,,
0.05269523337483406,5,1137,,,,,
0.014527588151395321,5,1138,,,,,
0.027410876005887985,5,1139,,,,,
0.09390845149755478,5,1140,,,,,
0.0751485750079155,5,1141,,,,,
0.14247208833694458,5,1142,,,,,
0.044048212468624115,5,1143,,,,,
0.12222186475992203,5,1144,,,,,
0.11299454420804977,5,1145,,,,,
0.018828067928552628,5,1146,,,,,
0.08633163571357727,5,1147,,,,,
0.10809443145990372,5,1148,,,,,
0.037635017186403275,5,1149,,,,,
0.4752533435821533,5,1150,,,,,
0.10340264439582825,5,1151,,,,,
0.2062709629535675,5,1152,,,,,
0.04243219643831253,5,1153,,,,,
0.07285551726818085,5,1154,,,,,
0.07153016328811646,5,1155,,,,,
0.023859761655330658,5,1156,,,,,
0.049850307404994965,5,1157,,,,,
0.26675742864608765,5,1158,,,,,
0.018587235361337662,5,1159,,,,,
0.046857237815856934,5,1160,,,,,
0.1275855153799057,5,1161,,,,,
0.3468785881996155,5,1162,,,,,
0.10367526113986969,5,1163,,,,,
0.09098079800605774,5,1164,,,,,
0.018583163619041443,5,1165,,,,,
0.034283168613910675,5,1166,,,,,
0.0658225491642952,5,1167,,,,,
0.10001686960458755,5,1168,,,,,
0.07755784690380096,5,1169,,,,,
0.10754168778657913,5,1170,,,,,
0.03765450045466423,5,1171,,,,,
0.05298570916056633,5,1172,,,,,
0.1410071700811386,5,1173,,,,,
0.02194538339972496,5,1174,,,,,
0.07006881386041641,5,1175,,,,,
0.09225543588399887,5,1176,,,,,
0.042047370225191116,5,1177,,,,,
0.08780527859926224,5,1178,,,,,
0.1088331863284111,5,1179,,,,,
0.06397534161806107,5,1180,,,,,
0.01874994859099388,5,1181,,,,,
0.06526454538106918,5,1182,,,,,
0.05749860033392906,5,1183,,,,,
0.05787048861384392,5,1184,,,,,
0.049672096967697144,5,1185,,,,,
0.06909012049436569,5,1186,,,,,
0.029594900086522102,5,1187,,,,,
0.04771500080823898,5,1188,,,,,
0.07080575078725815,5,1189,,,,,
0.054064102470874786,5,1190,,,,,
0.03873266279697418,5,1191,,,,,
0.062303077429533005,5,1192,,,,,
0.051886796951293945,5,1193,,,,,
,,995,0.027362000197172165,,,,
,,996,0.02802860736846924,,,,
,,997,0.029780400916934013,,,,
,,998,0.034359853714704514,,,,
,,999,0.028918921947479248,,,,
,,1000,0.021778807044029236,,,,
,,1001,0.07598620653152466,,,,
,,1002,0.08001209050416946,,,,
,,1003,0.029636269435286522,,,,
,,1004,0.031033998355269432,,,,
,,1005,0.03961138799786568,,,,
,,1006,0.03358142450451851,,,,
,,1007,0.025394130498170853,,,,
,,1008,0.017590248957276344,,,,
,,1009,0.03976144641637802,,,,
,,1010,0.03295079618692398,,,,
,,1011,0.022611476480960846,,,,
,,1012,0.033239878714084625,,,,
,,1013,0.03175259009003639,,,,
,,1014,0.03186502680182457,,,,
,,1015,0.025736209005117416,,,,
,,1016,0.019147761166095734,,,,
,,1017,0.015419433824717999,,,,
,,1018,0.03930560126900673,,,,
,,1019,0.02928292751312256,,,,
,,1020,0.029011383652687073,,,,
,,1021,0.035609446465969086,,,,
,,1022,0.031572628766298294,,,,
,,1023,0.027569040656089783,,,,
,,1024,0.016818588599562645,,,,
,,1025,0.0168820358812809,,,,
,,1026,0.030946627259254456,,,,
,,1027,0.06224578991532326,,,,
,,1028,0.045851681381464005,,,,
,,1029,0.030012231320142746,,,,
,,1030,0.033278610557317734,,,,
,,1031,0.025475112721323967,,,,
,,1032,0.02138877473771572,,,,
,,1033,0.02322930470108986,,,,
,,1034,0.03959119692444801,,,,
,,1035,0.03186710923910141,,,,
,,1036,0.03423946723341942,,,,
,,1037,0.02435458078980446,,,,
,,1038,0.03193392604589462,,,,
,,1039,0.03638429567217827,,,,
,,1040,0.0277040284126997,,,,
,,1041,0.01737397164106369,,,,
,,1042,0.030105458572506905,,,,
,,1043,0.03451106324791908,,,,
,,1044,0.030537394806742668,,,,
,,1045,0.02822124771773815,,,,
,,1046,0.034647684544324875,,,,
,,1047,0.027151092886924744,,,,
,,1048,0.036572765558958054,,,,
,,1049,0.018759412690997124,,,,
,,1050,0.03864666074514389,,,,
,,1051,0.03137892112135887,,,,
,,1052,0.03169703111052513,,,,
,,1053,0.0811125636100769,,,,
,,1054,0.03106931410729885,,,,
,,1055,0.026767775416374207,,,,
,,1056,0.02696610614657402,,,,
,,1057,0.015182865783572197,,,,
,,1058,0.030421720817685127,,,,
,,1059,0.030178818851709366,,,,
,,1060,0.04417305439710617,,,,
,,1061,0.0315425768494606,,,,
,,1062,0.03232737258076668,,,,
,,1063,0.027441974729299545,,,,
,,1064,0.037639640271663666,,,,
,,1065,0.017313823103904724,,,,
,,1066,0.03971400111913681,,,,
,,1067,0.03068772330880165,,,,
,,1068,0.03305889293551445,,,,
,,1069,0.025794068351387978,,,,
,,1070,0.030397871509194374,,,,
,,1071,0.03898753970861435,,,,
,,1072,0.028122195973992348,,,,
,,1073,0.016200393438339233,,,,
,,1074,0.028868915513157845,,,,
,,1075,0.03411705046892166,,,,
,,1076,0.029762066900730133,,,,
,,1077,0.030790599063038826,,,,
,,1078,0.0313432551920414,,,,
,,1079,0.05452599376440048,,,,
,,1080,0.0375596322119236,,,,
,,1081,0.018620261922478676,,,,
,,1082,0.028150657191872597,,,,
,,1083,0.03305656090378761,,,,
,,1084,0.034014444798231125,,,,
,,1085,0.030382513999938965,,,,
,,1086,0.03289179503917694,,,,
,,1087,0.03311624005436897,,,,
,,1088,0.02646704576909542,,,,
,,1089,0.016640949994325638,,,,
,,1090,0.04144399240612984,,,,
,,1091,0.03047105111181736,,,,
,,1092,0.04333759471774101,,,,
,,1093,0.031599126756191254,,,,
,,1094,0.03259233012795448,,,,
,,1095,0.027421196922659874,,,,
,,1096,0.036587901413440704,,,,
,,1097,0.01660308428108692,,,,
,,1098,0.027469048276543617,,,,
,,1099,0.028045957908034325,,,,
,,1100,0.032694995403289795,,,,
,,1101,0.0321783721446991,,,,
,,1102,0.028669601306319237,,,,
,,1103,0.0328984297811985,,,,
,,1104,0.028662627562880516,,,,
,,1105,0.08449660241603851,,,,
,,1106,0.035365816205739975,,,,
,,1107,0.026542650535702705,,,,
,,1108,0.04397331550717354,,,,
,,1109,0.02871466800570488,,,,
,,1110,0.02893863245844841,,,,
,,1111,0.023200299590826035,,,,
,,1112,0.02731543406844139,,,,
,,1113,0.022251708433032036,,,,
,,1114,0.029588505625724792,,,,
,,1115,0.03252297267317772,,,,
,,1116,0.028544941917061806,,,,
,,1117,0.028291022405028343,,,,
,,1118,0.03388652205467224,,,,
,,1119,0.029681727290153503,,,,
,,1120,0.029457369819283485,,,,
,,1121,0.02890377677977085,,,,
,,1122,0.01585119031369686,,,,
,,1123,0.026924949139356613,,,,
,,1124,0.03605348616838455,,,,
,,1125,0.0368521511554718,,,,
,,1126,0.029774045571684837,,,,
,,1127,0.029976462945342064,,,,
,,1128,0.02889315038919449,,,,
,,1129,0.03590874746441841,,,,
,,1130,0.016758471727371216,,,,
,,1131,0.07781805098056793,,,,
,,1132,0.02794836461544037,,,,
,,1133,0.03443017229437828,,,,
,,1134,0.03308188170194626,,,,
,,1135,0.02960829623043537,,,,
,,1136,0.03861212730407715,,,,
,,1137,0.025213638320565224,,,,
,,1138,0.01634884439408779,,,,
,,1139,0.028507689014077187,,,,
,,1140,0.03521278500556946,,,,
,,1141,0.02854853868484497,,,,
,,1142,0.035306788980960846,,,,
,,1143,0.028030546382069588,,,,
,,1144,0.030479809269309044,,,,
,,1145,0.036263350397348404,,,,
,,1146,0.02010522224009037,,,,
,,1147,0.027539854869246483,,,,
,,1148,0.026523396372795105,,,,
,,1149,0.02945888042449951,,,,
,,1150,0.03628971800208092,,,,
,,1151,0.027786320075392723,,,,
,,1152,0.038034386932849884,,,,
,,1153,0.028774287551641464,,,,
,,1154,0.02050633355975151,,,,
,,1155,0.038411546498537064,,,,
,,1156,0.029855642467737198,,,,
,,1157,0.10605713725090027,,,,
,,1158,0.02843860723078251,,,,
,,1159,0.02929777093231678,,,,
,,1160,0.02533476985991001,,,,
,,1161,0.03859040141105652,,,,
,,1162,0.017155718058347702,,,,
,,1163,0.05265273153781891,,,,
,,1164,0.029046636074781418,,,,
,,1165,0.03182458505034447,,,,
,,1166,0.03530074656009674,,,,
,,1167,0.03159596771001816,,,,
,,1168,0.029691340401768684,,,,
,,1169,0.030309591442346573,,,,
,,1170,0.01740717515349388,,,,
,,1171,0.036561738699674606,,,,
,,1172,0.028945060446858406,,,,
,,1173,0.0419534333050251,,,,
,,1174,0.027828136458992958,,,,
,,1175,0.029366666451096535,,,,
,,1176,0.033415935933589935,,,,
,,1177,0.026691069826483727,,,,
,,1178,0.020831262692809105,,,,
,,1179,0.0262623094022274,,,,
,,1180,0.027179613709449768,,,,
,,1181,0.03296670690178871,,,,
,,1182,0.08642461895942688,,,,
,,1183,0.05084942281246185,,,,
,,1184,0.026041513308882713,,,,
,,1185,0.030971739441156387,,,,
,,1186,0.017235111445188522,,,,
,,1187,0.04063098132610321,,,,
,,1188,0.03229234367609024,,,,
,,1189,0.043792009353637695,,,,
,,1190,0.03141617774963379,,,,
,,1191,0.03298960626125336,,,,
,,1192,0.03023746982216835,,,,
,,1193,0.03712749853730202,,,,
,5,1193,,0.03230089694261551,,,
,5,1193,,,0.07740268856287003,0.6111111044883728,0.9696969985961914
0.059350334107875824,6,1194,,,,,
0.12435194104909897,6,1195,,,,,
0.03766723722219467,6,1196,,,,,
0.019308099523186684,6,1197,,,,,
0.01077456958591938,6,1198,,,,,
0.03486829623579979,6,1199,,,,,
0.07437639683485031,6,1200,,,,,
0.026705680415034294,6,1201,,,,,
0.05246231332421303,6,1202,,,,,
0.079807348549366,6,1203,,,,,
0.029566943645477295,6,1204,,,,,
0.15433751046657562,6,1205,,,,,
0.060098208487033844,6,1206,,,,,
0.03955871984362602,6,1207,,,,,
0.008967806585133076,6,1208,,,,,
0.11490374803543091,6,1209,,,,,
0.12288497388362885,6,1210,,,,,
0.04294417053461075,6,1211,,,,,
0.03346861153841019,6,1212,,,,,
0.11894958466291428,6,1213,,,,,
0.051124781370162964,6,1214,,,,,
0.21149668097496033,6,1215,,,,,
0.011706514284014702,6,1216,,,,,
0.17517158389091492,6,1217,,,,,
0.05813661217689514,6,1218,,,,,
0.021791649982333183,6,1219,,,,,
0.08191537111997604,6,1220,,,,,
0.17036445438861847,6,1221,,,,,
0.0210312157869339,6,1222,,,,,
0.06095327436923981,6,1223,,,,,
0.195731982588768,6,1224,,,,,
0.01629413664340973,6,1225,,,,,
0.006359371356666088,6,1226,,,,,
0.024637719616293907,6,1227,,,,,
0.00621215021237731,6,1228,,,,,
0.0678519606590271,6,1229,,,,,
0.05424321070313454,6,1230,,,,,
0.10739485174417496,6,1231,,,,,
0.14912471175193787,6,1232,,,,,
0.0046198321506381035,6,1233,,,,,
0.12550444900989532,6,1234,,,,,
0.046558596193790436,6,1235,,,,,
0.0832902118563652,6,1236,,,,,
0.049719590693712234,6,1237,,,,,
0.014139275066554546,6,1238,,,,,
0.07796026766300201,6,1239,,,,,
0.14209863543510437,6,1240,,,,,
0.047345131635665894,6,1241,,,,,
0.09340135008096695,6,1242,,,,,
0.009996593929827213,6,1243,,,,,
0.013049043715000153,6,1244,,,,,
0.0706283375620842,6,1245,,,,,
0.0734621211886406,6,1246,,,,,
0.04736578091979027,6,1247,,,,,
0.06973518431186676,6,1248,,,,,
0.024205630645155907,6,1249,,,,,
0.05209028348326683,6,1250,,,,,
0.05204327031970024,6,1251,,,,,
0.0969417542219162,6,1252,,,,,
0.059284597635269165,6,1253,,,,,
0.05128442123532295,6,1254,,,,,
0.03510132431983948,6,1255,,,,,
0.06504369527101517,6,1256,,,,,
0.04890597611665726,6,1257,,,,,
0.06311764568090439,6,1258,,,,,
0.006306950468569994,6,1259,,,,,
0.012083074077963829,6,1260,,,,,
0.04297962412238121,6,1261,,,,,
0.01477961614727974,6,1262,,,,,
0.04889305680990219,6,1263,,,,,
0.023716310039162636,6,1264,,,,,
0.031437598168849945,6,1265,,,,,
0.04945888742804527,6,1266,,,,,
0.02573356218636036,6,1267,,,,,
0.009549272246658802,6,1268,,,,,
0.11125776916742325,6,1269,,,,,
0.048511113971471786,6,1270,,,,,
0.23225733637809753,6,1271,,,,,
0.46254339814186096,6,1272,,,,,
0.08991444110870361,6,1273,,,,,
0.012423554435372353,6,1274,,,,,
0.03332441672682762,6,1275,,,,,
0.006026080343872309,6,1276,,,,,
0.0071825897321105,6,1277,,,,,
0.053866107016801834,6,1278,,,,,
0.27429327368736267,6,1279,,,,,
0.10662475228309631,6,1280,,,,,
0.12156963348388672,6,1281,,,,,
0.035985272377729416,6,1282,,,,,
0.06016945093870163,6,1283,,,,,
0.3472914397716522,6,1284,,,,,
0.016661858186125755,6,1285,,,,,
0.04599413648247719,6,1286,,,,,
0.05965496599674225,6,1287,,,,,
0.05152635648846626,6,1288,,,,,
0.022711018100380898,6,1289,,,,,
0.03318016603589058,6,1290,,,,,
0.06327375769615173,6,1291,,,,,
0.02939547784626484,6,1292,,,,,
0.012743286788463593,6,1293,,,,,
0.020156100392341614,6,1294,,,,,
0.07663317024707794,6,1295,,,,,
0.0059548914432525635,6,1296,,,,,
0.06737978756427765,6,1297,,,,,
0.11019717156887054,6,1298,,,,,
0.08670180290937424,6,1299,,,,,
0.048888854682445526,6,1300,,,,,
0.018770748749375343,6,1301,,,,,
0.07647853344678879,6,1302,,,,,
0.23149125277996063,6,1303,,,,,
0.13085392117500305,6,1304,,,,,
0.041089922189712524,6,1305,,,,,
0.03518344834446907,6,1306,,,,,
0.010847222059965134,6,1307,,,,,
0.0934561938047409,6,1308,,,,,
0.03368847817182541,6,1309,,,,,
0.02665853127837181,6,1310,,,,,
0.20421352982521057,6,1311,,,,,
0.02860770933330059,6,1312,,,,,
0.030026521533727646,6,1313,,,,,
0.057394932955503464,6,1314,,,,,
0.016529059037566185,6,1315,,,,,
0.10905944555997849,6,1316,,,,,
0.012889311648905277,6,1317,,,,,
0.023613909259438515,6,1318,,,,,
0.16574804484844208,6,1319,,,,,
0.05493519455194473,6,1320,,,,,
0.011413262225687504,6,1321,,,,,
0.07707729190587997,6,1322,,,,,
0.01918666809797287,6,1323,,,,,
0.07776560634374619,6,1324,,,,,
0.04470517858862877,6,1325,,,,,
0.10515004396438599,6,1326,,,,,
0.01577841304242611,6,1327,,,,,
0.03532085195183754,6,1328,,,,,
0.008342127315700054,6,1329,,,,,
0.3194413483142853,6,1330,,,,,
0.014702534303069115,6,1331,,,,,
0.05577046424150467,6,1332,,,,,
0.02529243566095829,6,1333,,,,,
0.05035068094730377,6,1334,,,,,
0.04696390777826309,6,1335,,,,,
0.0521274171769619,6,1336,,,,,
0.11240658909082413,6,1337,,,,,
0.0252691600471735,6,1338,,,,,
0.023333905264735222,6,1339,,,,,
0.022521741688251495,6,1340,,,,,
0.012727350927889347,6,1341,,,,,
0.02859807386994362,6,1342,,,,,
0.08209801465272903,6,1343,,,,,
0.04697517678141594,6,1344,,,,,
0.03570932894945145,6,1345,,,,,
0.14203467965126038,6,1346,,,,,
0.1016487404704094,6,1347,,,,,
0.05472433194518089,6,1348,,,,,
0.024188052862882614,6,1349,,,,,
0.0417904406785965,6,1350,,,,,
0.017448624595999718,6,1351,,,,,
0.059186723083257675,6,1352,,,,,
0.03802485391497612,6,1353,,,,,
0.02805955708026886,6,1354,,,,,
0.014372051693499088,6,1355,,,,,
0.010594754479825497,6,1356,,,,,
0.044144369661808014,6,1357,,,,,
0.0362093411386013,6,1358,,,,,
0.020918674767017365,6,1359,,,,,
0.04724130406975746,6,1360,,,,,
0.03908422961831093,6,1361,,,,,
0.02124474197626114,6,1362,,,,,
0.009872188791632652,6,1363,,,,,
0.0148618770763278,6,1364,,,,,
0.0495368130505085,6,1365,,,,,
0.09841407835483551,6,1366,,,,,
0.0019018608145415783,6,1367,,,,,
0.09635727852582932,6,1368,,,,,
0.026691997423768044,6,1369,,,,,
0.07493025064468384,6,1370,,,,,
0.01739465817809105,6,1371,,,,,
0.07987958192825317,6,1372,,,,,
0.021402627229690552,6,1373,,,,,
0.03486539050936699,6,1374,,,,,
0.17022794485092163,6,1375,,,,,
0.0599726177752018,6,1376,,,,,
0.10257326811552048,6,1377,,,,,
0.005130584817379713,6,1378,,,,,
0.07178724557161331,6,1379,,,,,
0.009738527238368988,6,1380,,,,,
0.024572957307100296,6,1381,,,,,
0.011217869818210602,6,1382,,,,,
0.020751800388097763,6,1383,,,,,
0.026730459183454514,6,1384,,,,,
0.07047751545906067,6,1385,,,,,
0.02442212402820587,6,1386,,,,,
0.02355782873928547,6,1387,,,,,
0.01271829567849636,6,1388,,,,,
0.02494359016418457,6,1389,,,,,
0.028571270406246185,6,1390,,,,,
0.049923062324523926,6,1391,,,,,
0.07995952665805817,6,1392,,,,,
,,1194,0.030556879937648773,,,,
,,1195,0.02429063245654106,,,,
,,1196,0.0035954772029072046,,,,
,,1197,0.03402557969093323,,,,
,,1198,0.020636621862649918,,,,
,,1199,0.003597467439249158,,,,
,,1200,0.018540415912866592,,,,
,,1201,0.013285723514854908,,,,
,,1202,0.03477294370532036,,,,
,,1203,0.027853144332766533,,,,
,,1204,0.008545353077352047,,,,
,,1205,0.015601720660924911,,,,
,,1206,0.021419351920485497,,,,
,,1207,0.0026055085472762585,,,,
,,1208,0.024177346378564835,,,,
,,1209,0.013227063231170177,,,,
,,1210,0.01851302944123745,,,,
,,1211,0.03308971971273422,,,,
,,1212,0.003609033301472664,,,,
,,1213,0.0312159713357687,,,,
,,1214,0.021218521520495415,,,,
,,1215,0.0021890129428356886,,,,
,,1216,0.0019253857899457216,,,,
,,1217,0.029174156486988068,,,,
,,1218,0.011295693926513195,,,,
,,1219,0.024734247475862503,,,,
,,1220,0.0057977656833827496,,,,
,,1221,0.012301051057875156,,,,
,,1222,0.022087926045060158,,,,
,,1223,0.002147739753127098,,,,
,,1224,0.002277788706123829,,,,
,,1225,0.010383948683738708,,,,
,,1226,0.03142466023564339,,,,
,,1227,0.032776691019535065,,,,
,,1228,0.004271624609827995,,,,
,,1229,0.04403354227542877,,,,
,,1230,0.0256465133279562,,,,
,,1231,0.003358486806973815,,,,
,,1232,0.015574110671877861,,,,
,,1233,0.025486845523118973,,,,
,,1234,0.01197234820574522,,,,
,,1235,0.02973613515496254,,,,
,,1236,0.016831856220960617,,,,
,,1237,0.003301118966192007,,,,
,,1238,0.041384417563676834,,,,
,,1239,0.022983435541391373,,,,
,,1240,0.0014648704091086984,,,,
,,1241,0.011691746301949024,,,,
,,1242,0.03252142667770386,,,,
,,1243,0.0266292542219162,,,,
,,1244,0.0033439721446484327,,,,
,,1245,0.034896619617938995,,,,
,,1246,0.022924158722162247,,,,
,,1247,0.019631100818514824,,,,
,,1248,0.002006799913942814,,,,
,,1249,0.02686476707458496,,,,
,,1250,0.012015856802463531,,,,
,,1251,0.025368869304656982,,,,
,,1252,0.010036361403763294,,,,
,,1253,0.01414795033633709,,,,
,,1254,0.027999337762594223,,,,
,,1255,0.03534938767552376,,,,
,,1256,0.0022946700919419527,,,,
,,1257,0.012374930083751678,,,,
,,1258,0.023363711312413216,,,,
,,1259,0.04926621541380882,,,,
,,1260,0.014319476671516895,,,,
,,1261,0.00312245637178421,,,,
,,1262,0.02229301631450653,,,,
,,1263,0.022050322964787483,,,,
,,1264,0.0012651863507926464,,,,
,,1265,0.02660960704088211,,,,
,,1266,0.012178398668766022,,,,
,,1267,0.03359043598175049,,,,
,,1268,0.020748741924762726,,,,
,,1269,0.0033599778544157743,,,,
,,1270,0.04419291019439697,,,,
,,1271,0.019829366356134415,,,,
,,1272,0.0014157843543216586,,,,
,,1273,0.010366737842559814,,,,
,,1274,0.03248324617743492,,,,
,,1275,0.020708883181214333,,,,
,,1276,0.01403039414435625,,,,
,,1277,0.0026173044461756945,,,,
,,1278,0.02757715806365013,,,,
,,1279,0.0217133816331625,,,,
,,1280,0.002212217077612877,,,,
,,1281,0.059759996831417084,,,,
,,1282,0.017391161993145943,,,,
,,1283,0.03007548488676548,,,,
,,1284,0.031097283586859703,,,,
,,1285,0.003647678531706333,,,,
,,1286,0.036797553300857544,,,,
,,1287,0.018295761197805405,,,,
,,1288,0.0011567471083253622,,,,
,,1289,0.024023232981562614,,,,
,,1290,0.011300862766802311,,,,
,,1291,0.05222750082612038,,,,
,,1292,0.014739202335476875,,,,
,,1293,0.002722744597122073,,,,
,,1294,0.021362915635108948,,,,
,,1295,0.022097662091255188,,,,
,,1296,0.0015327328583225608,,,,
,,1297,0.022458503022789955,,,,
,,1298,0.01116713136434555,,,,
,,1299,0.027567677199840546,,,,
,,1300,0.03083140216767788,,,,
,,1301,0.03360377252101898,,,,
,,1302,0.013115002773702145,,,,
,,1303,0.022455653175711632,,,,
,,1304,0.00997890718281269,,,,
,,1305,0.023005453869700432,,,,
,,1306,0.010892222635447979,,,,
,,1307,0.046344731003046036,,,,
,,1308,0.014794337563216686,,,,
,,1309,0.0035295486450195312,,,,
,,1310,0.017933961004018784,,,,
,,1311,0.021301046013832092,,,,
,,1312,0.003396552288904786,,,,
,,1313,0.01930539309978485,,,,
,,1314,0.014514840207993984,,,,
,,1315,0.011839733459055424,,,,
,,1316,0.023971466347575188,,,,
,,1317,0.004857048857957125,,,,
,,1318,0.01228700764477253,,,,
,,1319,0.024432826787233353,,,,
,,1320,0.023825833573937416,,,,
,,1321,0.0017063578125089407,,,,
,,1322,0.010555398650467396,,,,
,,1323,0.03537067398428917,,,,
,,1324,0.03979458659887314,,,,
,,1325,0.014544076286256313,,,,
,,1326,0.0032012423034757376,,,,
,,1327,0.021566757932305336,,,,
,,1328,0.021417681127786636,,,,
,,1329,0.0018546157516539097,,,,
,,1330,0.024151962250471115,,,,
,,1331,0.012773332186043262,,,,
,,1332,0.03809713199734688,,,,
,,1333,0.044491447508335114,,,,
,,1334,0.004582503344863653,,,,
,,1335,0.04421944543719292,,,,
,,1336,0.02464802749454975,,,,
,,1337,0.002268502488732338,,,,
,,1338,0.011434605345129967,,,,
,,1339,0.03737641125917435,,,,
,,1340,0.02420090325176716,,,,
,,1341,0.019212814047932625,,,,
,,1342,0.0022314318921417,,,,
,,1343,0.02470606192946434,,,,
,,1344,0.02107185125350952,,,,
,,1345,0.002167745493352413,,,,
,,1346,0.01844765804708004,,,,
,,1347,0.011508030816912651,,,,
,,1348,0.02535012923181057,,,,
,,1349,0.03846806660294533,,,,
,,1350,0.002682676073163748,,,,
,,1351,0.04622134566307068,,,,
,,1352,0.021627869457006454,,,,
,,1353,0.0033062363509088755,,,,
,,1354,0.021882876753807068,,,,
,,1355,0.011026283726096153,,,,
,,1356,0.05571022257208824,,,,
,,1357,0.015358655713498592,,,,
,,1358,0.007294578477740288,,,,
,,1359,0.027263471856713295,,,,
,,1360,0.023797128349542618,,,,
,,1361,0.002135039074346423,,,,
,,1362,0.11284822225570679,,,,
,,1363,0.01166652049869299,,,,
,,1364,0.02720240131020546,,,,
,,1365,0.037467435002326965,,,,
,,1366,0.0038345763459801674,,,,
,,1367,0.011156614869832993,,,,
,,1368,0.025535231456160545,,,,
,,1369,0.0017950673354789615,,,,
,,1370,0.022036466747522354,,,,
,,1371,0.010910083539783955,,,,
,,1372,0.054086606949567795,,,,
,,1373,0.013701766729354858,,,,
,,1374,0.003704008413478732,,,,
,,1375,0.00582122802734375,,,,
,,1376,0.020866233855485916,,,,
,,1377,0.003777789883315563,,,,
,,1378,0.0189533568918705,,,,
,,1379,0.010546746663749218,,,,
,,1380,0.025121862068772316,,,,
,,1381,0.03731413558125496,,,,
,,1382,0.0062453593127429485,,,,
,,1383,0.019686836749315262,,,,
,,1384,0.034534305334091187,,,,
,,1385,0.013991466723382473,,,,
,,1386,0.029353510588407516,,,,
,,1387,0.01523623801767826,,,,
,,1388,0.04742760583758354,,,,
,,1389,0.012269285507500172,,,,
,,1390,0.010409695096313953,,,,
,,1391,0.02404605969786644,,,,
,,1392,0.019509397447109222,,,,
,6,1392,,0.019571712240576744,,,
,6,1392,,,0.06084365025162697,0.8131313323974609,0.9848484992980957
0.010054419748485088,7,1393,,,,,
0.005708679556846619,7,1394,,,,,
0.3825782835483551,7,1395,,,,,
0.03960972651839256,7,1396,,,,,
0.008622587658464909,7,1397,,,,,
0.014065180905163288,7,1398,,,,,
0.04550968110561371,7,1399,,,,,
0.07320261746644974,7,1400,,,,,
0.06585098803043365,7,1401,,,,,
0.030870303511619568,7,1402,,,,,
0.023868896067142487,7,1403,,,,,
0.010881864465773106,7,1404,,,,,
0.10833454132080078,7,1405,,,,,
0.00652933306992054,7,1406,,,,,
0.032866593450307846,7,1407,,,,,
0.19152657687664032,7,1408,,,,,
0.09443555772304535,7,1409,,,,,
0.5321192741394043,7,1410,,,,,
0.4173225164413452,7,1411,,,,,
0.04541759938001633,7,1412,,,,,
0.020840739831328392,7,1413,,,,,
0.2187129110097885,7,1414,,,,,
0.013980908319354057,7,1415,,,,,
0.013313810341060162,7,1416,,,,,
0.07110055536031723,7,1417,,,,,
0.022687846794724464,7,1418,,,,,
0.044486600905656815,7,1419,,,,,
0.08644181489944458,7,1420,,,,,
0.04821852222084999,7,1421,,,,,
0.10153476893901825,7,1422,,,,,
0.059215642511844635,7,1423,,,,,
0.2735583186149597,7,1424,,,,,
0.09932975471019745,7,1425,,,,,
0.1854618787765503,7,1426,,,,,
0.040240418165922165,7,1427,,,,,
0.10564044862985611,7,1428,,,,,
0.09826333820819855,7,1429,,,,,
0.02895953506231308,7,1430,,,,,
0.038813523948192596,7,1431,,,,,
0.03779551759362221,7,1432,,,,,
0.036348212510347366,7,1433,,,,,
0.06860117614269257,7,1434,,,,,
0.061451058834791183,7,1435,,,,,
0.023250365629792213,7,1436,,,,,
0.06077367439866066,7,1437,,,,,
0.03360975533723831,7,1438,,,,,
0.023451579734683037,7,1439,,,,,
0.029175112023949623,7,1440,,,,,
0.04322294145822525,7,1441,,,,,
0.07411468774080276,7,1442,,,,,
0.03422120213508606,7,1443,,,,,
0.02980734407901764,7,1444,,,,,
0.03686122968792915,7,1445,,,,,
0.2372618466615677,7,1446,,,,,
0.07914704084396362,7,1447,,,,,
0.011916959658265114,7,1448,,,,,
0.03287896513938904,7,1449,,,,,
0.02751903608441353,7,1450,,,,,
0.23475363850593567,7,1451,,,,,
0.0591871403157711,7,1452,,,,,
0.028980959206819534,7,1453,,,,,
0.03786221891641617,7,1454,,,,,
0.20362386107444763,7,1455,,,,,
0.04178561270236969,7,1456,,,,,
0.011518499813973904,7,1457,,,,,
0.10159581154584885,7,1458,,,,,
0.005822744220495224,7,1459,,,,,
0.05150091275572777,7,1460,,,,,
0.015791473910212517,7,1461,,,,,
0.17334258556365967,7,1462,,,,,
0.03172165900468826,7,1463,,,,,
0.015956485643982887,7,1464,,,,,
0.00988959614187479,7,1465,,,,,
0.05246810242533684,7,1466,,,,,
0.03126242756843567,7,1467,,,,,
0.09143728017807007,7,1468,,,,,
0.12199025601148605,7,1469,,,,,
0.035422343760728836,7,1470,,,,,
0.013761195354163647,7,1471,,,,,
0.042709581553936005,7,1472,,,,,
0.00946362316608429,7,1473,,,,,
0.022048719227313995,7,1474,,,,,
0.08764942735433578,7,1475,,,,,
0.007120988331735134,7,1476,,,,,
0.04195455461740494,7,1477,,,,,
0.11670368909835815,7,1478,,,,,
0.15380385518074036,7,1479,,,,,
0.012435516342520714,7,1480,,,,,
0.009496329352259636,7,1481,,,,,
0.24371126294136047,7,1482,,,,,
0.01342887245118618,7,1483,,,,,
0.01845693774521351,7,1484,,,,,
0.12758880853652954,7,1485,,,,,
0.04864402487874031,7,1486,,,,,
0.09112825244665146,7,1487,,,,,
0.03860744088888168,7,1488,,,,,
0.15071651339530945,7,1489,,,,,
0.01331436075270176,7,1490,,,,,
0.038885436952114105,7,1491,,,,,
0.03632569685578346,7,1492,,,,,
0.06660540401935577,7,1493,,,,,
0.05735483393073082,7,1494,,,,,
0.11355328559875488,7,1495,,,,,
0.02145805023610592,7,1496,,,,,
0.08919413387775421,7,1497,,,,,
0.027790885418653488,7,1498,,,,,
0.006803650408983231,7,1499,,,,,
0.00901629589498043,7,1500,,,,,
0.015682484954595566,7,1501,,,,,
0.061252444982528687,7,1502,,,,,
0.09344891458749771,7,1503,,,,,
0.03881174325942993,7,1504,,,,,
0.016288040205836296,7,1505,,,,,
0.019541772082448006,7,1506,,,,,
0.06179239973425865,7,1507,,,,,
0.1639162003993988,7,1508,,,,,
0.01035266648977995,7,1509,,,,,
0.006510325241833925,7,1510,,,,,
0.0531512014567852,7,1511,,,,,
0.008150141686201096,7,1512,,,,,
0.15932971239089966,7,1513,,,,,
0.0378228984773159,7,1514,,,,,
0.0053641581907868385,7,1515,,,,,
0.0215680580586195,7,1516,,,,,
0.08419285714626312,7,1517,,,,,
0.037299733608961105,7,1518,,,,,
0.030488019809126854,7,1519,,,,,
0.05836792662739754,7,1520,,,,,
0.10205893218517303,7,1521,,,,,
0.051928550004959106,7,1522,,,,,
0.4225589334964752,7,1523,,,,,
0.07521785795688629,7,1524,,,,,
0.08112398535013199,7,1525,,,,,
0.0032286569476127625,7,1526,,,,,
0.02703823707997799,7,1527,,,,,
0.01025749184191227,7,1528,,,,,
0.07077659666538239,7,1529,,,,,
0.009080459363758564,7,1530,,,,,
0.17792394757270813,7,1531,,,,,
0.020558491349220276,7,1532,,,,,
0.03710711747407913,7,1533,,,,,
0.004018294624984264,7,1534,,,,,
0.042272813618183136,7,1535,,,,,
0.03127133101224899,7,1536,,,,,
0.032281216233968735,7,1537,,,,,
0.08251706510782242,7,1538,,,,,
0.03718547150492668,7,1539,,,,,
0.012866833247244358,7,1540,,,,,
0.04513299837708473,7,1541,,,,,
0.022766398265957832,7,1542,,,,,
0.010941416956484318,7,1543,,,,,
0.0034017066936939955,7,1544,,,,,
0.036585330963134766,7,1545,,,,,
0.0114049781113863,7,1546,,,,,
0.13615907728672028,7,1547,,,,,
0.02076227217912674,7,1548,,,,,
0.0622146800160408,7,1549,,,,,
0.003728402080014348,7,1550,,,,,
0.018377339467406273,7,1551,,,,,
0.03316336125135422,7,1552,,,,,
0.02382323332130909,7,1553,,,,,
0.22110821306705475,7,1554,,,,,
0.06065637245774269,7,1555,,,,,
0.018925722688436508,7,1556,,,,,
0.0057124486193060875,7,1557,,,,,
0.10615947842597961,7,1558,,,,,
0.04233066737651825,7,1559,,,,,
0.0067897154949605465,7,1560,,,,,
0.0629570484161377,7,1561,,,,,
0.010843537747859955,7,1562,,,,,
0.023523328825831413,7,1563,,,,,
0.042716849595308304,7,1564,,,,,
0.02426333725452423,7,1565,,,,,
0.04938386753201485,7,1566,,,,,
0.15549097955226898,7,1567,,,,,
0.08883219957351685,7,1568,,,,,
0.07037485390901566,7,1569,,,,,
0.04884609207510948,7,1570,,,,,
0.052352532744407654,7,1571,,,,,
0.01670036092400551,7,1572,,,,,
0.01641562208533287,7,1573,,,,,
0.042519666254520416,7,1574,,,,,
0.047833241522312164,7,1575,,,,,
0.039967313408851624,7,1576,,,,,
0.018122708424925804,7,1577,,,,,
0.31668969988822937,7,1578,,,,,
0.07726491242647171,7,1579,,,,,
0.019647855311632156,7,1580,,,,,
0.09013096243143082,7,1581,,,,,
0.024724649265408516,7,1582,,,,,
0.12959173321723938,7,1583,,,,,
0.0774419903755188,7,1584,,,,,
0.06758297234773636,7,1585,,,,,
0.0569954589009285,7,1586,,,,,
0.032482441514730453,7,1587,,,,,
0.013027373701334,7,1588,,,,,
0.0057991622015833855,7,1589,,,,,
0.0888887271285057,7,1590,,,,,
0.017427854239940643,7,1591,,,,,
,,1393,0.04312717169523239,,,,
,,1394,0.010280797258019447,,,,
,,1395,0.002598313381895423,,,,
,,1396,0.05596290901303291,,,,
,,1397,0.035141367465257645,,,,
,,1398,0.012185769155621529,,,,
,,1399,0.19053134322166443,,,,
,,1400,0.15433652698993683,,,,
,,1401,0.06023299694061279,,,,
,,1402,0.01269836537539959,,,,
,,1403,0.005355967208743095,,,,
,,1404,0.006176890339702368,,,,
,,1405,0.03668409213423729,,,,
,,1406,0.006195767782628536,,,,
,,1407,0.01371006853878498,,,,
,,1408,0.00538211315870285,,,,
,,1409,0.03628873452544212,,,,
,,1410,0.013613773509860039,,,,
,,1411,0.003067465964704752,,,,
,,1412,0.05635840445756912,,,,
,,1413,0.03895482420921326,,,,
,,1414,0.009395567700266838,,,,
,,1415,0.006414841394871473,,,,
,,1416,0.015870308503508568,,,,
,,1417,0.005055692978203297,,,,
,,1418,0.010978447273373604,,,,
,,1419,0.005443628877401352,,,,
,,1420,0.006027453113347292,,,,
,,1421,0.03797541558742523,,,,
,,1422,0.005904572084546089,,,,
,,1423,0.006254167295992374,,,,
,,1424,0.004817725159227848,,,,
,,1425,0.15493705868721008,,,,
,,1426,0.07302499562501907,,,,
,,1427,0.002472496125847101,,,,
,,1428,0.062993124127388,,,,
,,1429,0.03841192275285721,,,,
,,1430,0.010390806011855602,,,,
,,1431,0.02965022623538971,,,,
,,1432,0.014751894399523735,,,,
,,1433,0.005171171855181456,,,,
,,1434,0.013520943000912666,,,,
,,1435,0.0319829024374485,,,,
,,1436,0.00217709643766284,,,,
,,1437,0.07022298127412796,,,,
,,1438,0.03443267196416855,,,,
,,1439,0.005028286017477512,,,,
,,1440,0.005249859299510717,,,,
,,1441,0.0540231354534626,,,,
,,1442,0.012414784170687199,,,,
,,1443,0.0024032648652791977,,,,
,,1444,0.05879058688879013,,,,
,,1445,0.037671834230422974,,,,
,,1446,0.01195391733199358,,,,
,,1447,0.00549475010484457,,,,
,,1448,0.015899136662483215,,,,
,,1449,0.005878176540136337,,,,
,,1450,0.011393229477107525,,,,
,,1451,0.12615036964416504,,,,
,,1452,0.006917618680745363,,,,
,,1453,0.042043182998895645,,,,
,,1454,0.033134911209344864,,,,
,,1455,0.004660273902118206,,,,
,,1456,0.005312892142683268,,,,
,,1457,0.042549289762973785,,,,
,,1458,0.03169511631131172,,,,
,,1459,0.006187738850712776,,,,
,,1460,0.0019376804120838642,,,,
,,1461,0.037870168685913086,,,,
,,1462,0.01284138672053814,,,,
,,1463,0.0046935491263866425,,,,
,,1464,0.014374708756804466,,,,
,,1465,0.005746460985392332,,,,
,,1466,0.015502502210438251,,,,
,,1467,0.035272736102342606,,,,
,,1468,0.002175281522795558,,,,
,,1469,0.07383610308170319,,,,
,,1470,0.032554276287555695,,,,
,,1471,0.005049430765211582,,,,
,,1472,0.004997297655791044,,,,
,,1473,0.05593011900782585,,,,
,,1474,0.04150773957371712,,,,
,,1475,0.0070337108336389065,,,,
,,1476,0.0017909494927152991,,,,
,,1477,0.0938301682472229,,,,
,,1478,0.011979004368185997,,,,
,,1479,0.005528638139367104,,,,
,,1480,0.04006868228316307,,,,
,,1481,0.006183100864291191,,,,
,,1482,0.015197292901575565,,,,
,,1483,0.05610773712396622,,,,
,,1484,0.0016498193144798279,,,,
,,1485,0.06782852113246918,,,,
,,1486,0.030844327062368393,,,,
,,1487,0.004438687115907669,,,,
,,1488,0.012713463045656681,,,,
,,1489,0.005028017330914736,,,,
,,1490,0.030088013038039207,,,,
,,1491,0.006595022045075893,,,,
,,1492,0.0020471462048590183,,,,
,,1493,0.03719772771000862,,,,
,,1494,0.011612242087721825,,,,
,,1495,0.004450692795217037,,,,
,,1496,0.04328809306025505,,,,
,,1497,0.005053871311247349,,,,
,,1498,0.014839387498795986,,,,
,,1499,0.0578620508313179,,,,
,,1500,0.04740831255912781,,,,
,,1501,0.0066885086707770824,,,,
,,1502,0.038815584033727646,,,,
,,1503,0.12271572649478912,,,,
,,1504,0.01251624058932066,,,,
,,1505,0.0048573692329227924,,,,
,,1506,0.031751543283462524,,,,
,,1507,0.0056580291129648685,,,,
,,1508,0.0016190765891224146,,,,
,,1509,0.028966952115297318,,,,
,,1510,0.03676609694957733,,,,
,,1511,0.011117048561573029,,,,
,,1512,0.028587287291884422,,,,
,,1513,0.007126952055841684,,,,
,,1514,0.005201615858823061,,,,
,,1515,0.01129160262644291,,,,
,,1516,0.004539919085800648,,,,
,,1517,0.005784011445939541,,,,
,,1518,0.041961830109357834,,,,
,,1519,0.03483162075281143,,,,
,,1520,0.005525744520127773,,,,
,,1521,0.0051507591269910336,,,,
,,1522,0.06115621700882912,,,,
,,1523,0.023630386218428612,,,,
,,1524,0.006300086621195078,,,,
,,1525,0.0026846344117075205,,,,
,,1526,0.037230562418699265,,,,
,,1527,0.012211807072162628,,,,
,,1528,0.005662696901708841,,,,
,,1529,0.06220169737935066,,,,
,,1530,0.005397099535912275,,,,
,,1531,0.022587701678276062,,,,
,,1532,0.07045143097639084,,,,
,,1533,0.001303699566051364,,,,
,,1534,0.0756506472826004,,,,
,,1535,0.03134241700172424,,,,
,,1536,0.004961872007697821,,,,
,,1537,0.004449577070772648,,,,
,,1538,0.062299858778715134,,,,
,,1539,0.010289073921740055,,,,
,,1540,0.01020856760442257,,,,
,,1541,0.0013908172259107232,,,,
,,1542,0.04118654131889343,,,,
,,1543,0.011200925335288048,,,,
,,1544,0.0061672143638134,,,,
,,1545,0.03462878242135048,,,,
,,1546,0.005038522649556398,,,,
,,1547,0.012361827306449413,,,,
,,1548,0.07319949567317963,,,,
,,1549,0.00204713037237525,,,,
,,1550,0.07730625569820404,,,,
,,1551,0.035842880606651306,,,,
,,1552,0.009065493009984493,,,,
,,1553,0.012415630742907524,,,,
,,1554,0.004695810377597809,,,,
,,1555,0.13051630556583405,,,,
,,1556,0.006399886216968298,,,,
,,1557,0.0016831188695505261,,,,
,,1558,0.036454230546951294,,,,
,,1559,0.012582465074956417,,,,
,,1560,0.004657338373363018,,,,
,,1561,0.0819440633058548,,,,
,,1562,0.004447695799171925,,,,
,,1563,0.013591649942100048,,,,
,,1564,0.06523850560188293,,,,
,,1565,0.002429364714771509,,,,
,,1566,0.004960038233548403,,,,
,,1567,0.041171781718730927,,,,
,,1568,0.005771492142230272,,,,
,,1569,0.011747041717171669,,,,
,,1570,0.0048942952416837215,,,,
,,1571,0.031032582744956017,,,,
,,1572,0.005310832057148218,,,,
,,1573,0.0016203377163037658,,,,
,,1574,0.00436814408749342,,,,
,,1575,0.03775249421596527,,,,
,,1576,0.011999286711215973,,,,
,,1577,0.03125448897480965,,,,
,,1578,0.004933350253850222,,,,
,,1579,0.012769092805683613,,,,
,,1580,0.14689995348453522,,,,
,,1581,0.0777493417263031,,,,
,,1582,0.036053795367479324,,,,
,,1583,0.0424346998333931,,,,
,,1584,0.0061661237850785255,,,,
,,1585,0.014025491662323475,,,,
,,1586,0.005272025242447853,,,,
,,1587,0.029523808509111404,,,,
,,1588,0.00508500263094902,,,,
,,1589,0.0017724251374602318,,,,
,,1590,0.03672982007265091,,,,
,,1591,0.011174463666975498,,,,
,7,1591,,0.026218224316835403,,,
,7,1591,,,0.06437597423791885,0.691919207572937,0.9444444179534912
0.024468937888741493,8,1592,,,,,
0.006043118424713612,8,1593,,,,,
0.015359369106590748,8,1594,,,,,
0.11124983429908752,8,1595,,,,,
0.006641771644353867,8,1596,,,,,
0.0060146222822368145,8,1597,,,,,
0.05174580588936806,8,1598,,,,,
0.004393933340907097,8,1599,,,,,
0.005908746272325516,8,1600,,,,,
0.006400629412382841,8,1601,,,,,
0.03091910108923912,8,1602,,,,,
0.08245200663805008,8,1603,,,,,
0.10084901750087738,8,1604,,,,,
0.06856584548950195,8,1605,,,,,
0.002513557905331254,8,1606,,,,,
0.03434159606695175,8,1607,,,,,
0.06049630790948868,8,1608,,,,,
0.021045630797743797,8,1609,,,,,
0.054137296974658966,8,1610,,,,,
0.009963205084204674,8,1611,,,,,
0.014808796346187592,8,1612,,,,,
0.01513374038040638,8,1613,,,,,
0.06426279246807098,8,1614,,,,,
0.005861190147697926,8,1615,,,,,
0.02396673522889614,8,1616,,,,,
0.19767077267169952,8,1617,,,,,
0.011059998534619808,8,1618,,,,,
0.007567879278212786,8,1619,,,,,
0.03525812178850174,8,1620,,,,,
0.062196407467126846,8,1621,,,,,
0.014116978272795677,8,1622,,,,,
0.0521901473402977,8,1623,,,,,
0.007364943157881498,8,1624,,,,,
0.09989459812641144,8,1625,,,,,
0.003799342317506671,8,1626,,,,,
0.0686020627617836,8,1627,,,,,
0.10959653556346893,8,1628,,,,,
0.03658664599061012,8,1629,,,,,
0.08867734670639038,8,1630,,,,,
0.021858930587768555,8,1631,,,,,
0.016100306063890457,8,1632,,,,,
0.014715499244630337,8,1633,,,,,
0.014060473069548607,8,1634,,,,,
0.054421037435531616,8,1635,,,,,
0.026012029498815536,8,1636,,,,,
0.010919278487563133,8,1637,,,,,
0.019316909834742546,8,1638,,,,,
0.021701643243432045,8,1639,,,,,
0.05277715623378754,8,1640,,,,,
0.03184092789888382,8,1641,,,,,
0.06264614313840866,8,1642,,,,,
0.0579645112156868,8,1643,,,,,
0.008271713741123676,8,1644,,,,,
0.04096423089504242,8,1645,,,,,
0.03256882354617119,8,1646,,,,,
0.06459284573793411,8,1647,,,,,
0.015504558570683002,8,1648,,,,,
0.0022237137891352177,8,1649,,,,,
0.003014646004885435,8,1650,,,,,
0.011234982870519161,8,1651,,,,,
0.03430437669157982,8,1652,,,,,
0.11425512284040451,8,1653,,,,,
0.011230802163481712,8,1654,,,,,
0.02539955824613571,8,1655,,,,,
0.012369180098176003,8,1656,,,,,
0.015253395773470402,8,1657,,,,,
0.01340350229293108,8,1658,,,,,
0.269904226064682,8,1659,,,,,
0.012713064439594746,8,1660,,,,,
0.2065001130104065,8,1661,,,,,
0.055977411568164825,8,1662,,,,,
0.04863966628909111,8,1663,,,,,
0.08951117843389511,8,1664,,,,,
0.08639846742153168,8,1665,,,,,
0.040202781558036804,8,1666,,,,,
0.011466903612017632,8,1667,,,,,
0.29950013756752014,8,1668,,,,,
0.016394909471273422,8,1669,,,,,
0.027812534943223,8,1670,,,,,
0.0566791407763958,8,1671,,,,,
0.07402107864618301,8,1672,,,,,
0.07902980595827103,8,1673,,,,,
0.0022248958703130484,8,1674,,,,,
0.019364695996046066,8,1675,,,,,
0.025147533044219017,8,1676,,,,,
0.013844834640622139,8,1677,,,,,
0.06846201419830322,8,1678,,,,,
0.045981280505657196,8,1679,,,,,
0.007926096208393574,8,1680,,,,,
0.30947816371917725,8,1681,,,,,
0.206619530916214,8,1682,,,,,
0.05753720924258232,8,1683,,,,,
0.055517129600048065,8,1684,,,,,
0.008703957311809063,8,1685,,,,,
0.02511991560459137,8,1686,,,,,
0.02848575823009014,8,1687,,,,,
0.02105686254799366,8,1688,,,,,
0.014534465968608856,8,1689,,,,,
0.08412627875804901,8,1690,,,,,
0.007304925937205553,8,1691,,,,,
0.06202664226293564,8,1692,,,,,
0.07699377089738846,8,1693,,,,,
0.06500817835330963,8,1694,,,,,
0.037939198315143585,8,1695,,,,,
0.04176979139447212,8,1696,,,,,
0.004676701035350561,8,1697,,,,,
0.0032850380521267653,8,1698,,,,,
0.1609812080860138,8,1699,,,,,
0.011537188664078712,8,1700,,,,,
0.045477189123630524,8,1701,,,,,
0.01772039569914341,8,1702,,,,,
0.01751752756536007,8,1703,,,,,
0.19069679081439972,8,1704,,,,,
0.08572917431592941,8,1705,,,,,
0.1491582840681076,8,1706,,,,,
0.012934793718159199,8,1707,,,,,
0.02058376744389534,8,1708,,,,,
0.19692973792552948,8,1709,,,,,
0.0680212676525116,8,1710,,,,,
0.007962452247738838,8,1711,,,,,
0.03826472535729408,8,1712,,,,,
0.019738635048270226,8,1713,,,,,
0.012180129997432232,8,1714,,,,,
0.026886940002441406,8,1715,,,,,
0.011685660108923912,8,1716,,,,,
0.06760739535093307,8,1717,,,,,
0.03739180043339729,8,1718,,,,,
0.023482827469706535,8,1719,,,,,
0.01435285434126854,8,1720,,,,,
0.03799239918589592,8,1721,,,,,
0.022187598049640656,8,1722,,,,,
0.043093375861644745,8,1723,,,,,
0.022973133251070976,8,1724,,,,,
0.018950795754790306,8,1725,,,,,
0.1909569948911667,8,1726,,,,,
0.04110175743699074,8,1727,,,,,
0.024859655648469925,8,1728,,,,,
0.09676149487495422,8,1729,,,,,
0.03516332060098648,8,1730,,,,,
0.030568132176995277,8,1731,,,,,
0.025487100705504417,8,1732,,,,,
0.002369795460253954,8,1733,,,,,
0.011198232881724834,8,1734,,,,,
0.03476209193468094,8,1735,,,,,
0.08483687788248062,8,1736,,,,,
0.022154023870825768,8,1737,,,,,
0.1647854894399643,8,1738,,,,,
0.0701117292046547,8,1739,,,,,
0.14361561834812164,8,1740,,,,,
0.04464647173881531,8,1741,,,,,
0.027090713381767273,8,1742,,,,,
0.10912074893712997,8,1743,,,,,
0.0041448986157774925,8,1744,,,,,
0.14152951538562775,8,1745,,,,,
0.06919857114553452,8,1746,,,,,
0.01058583427220583,8,1747,,,,,
0.0016174146439880133,8,1748,,,,,
0.048463497310876846,8,1749,,,,,
0.11241216957569122,8,1750,,,,,
0.00364558189176023,8,1751,,,,,
0.019003218039870262,8,1752,,,,,
0.02254006825387478,8,1753,,,,,
0.028065769001841545,8,1754,,,,,
0.033311448991298676,8,1755,,,,,
0.05426279827952385,8,1756,,,,,
0.028437253087759018,8,1757,,,,,
0.02863418497145176,8,1758,,,,,
0.002170227002352476,8,1759,,,,,
0.02382560819387436,8,1760,,,,,
0.33165234327316284,8,1761,,,,,
0.002487672958523035,8,1762,,,,,
0.005427952855825424,8,1763,,,,,
0.012958606705069542,8,1764,,,,,
0.014407776296138763,8,1765,,,,,
0.010114706121385098,8,1766,,,,,
0.036657653748989105,8,1767,,,,,
0.005042914766818285,8,1768,,,,,
0.022593539208173752,8,1769,,,,,
0.025441473349928856,8,1770,,,,,
0.00950583629310131,8,1771,,,,,
0.0035014061722904444,8,1772,,,,,
0.02016117423772812,8,1773,,,,,
0.3114407956600189,8,1774,,,,,
0.027580000460147858,8,1775,,,,,
0.010438132099807262,8,1776,,,,,
0.010325707495212555,8,1777,,,,,
0.0016405719798058271,8,1778,,,,,
0.03638449311256409,8,1779,,,,,
0.017163733020424843,8,1780,,,,,
0.012447148561477661,8,1781,,,,,
0.012895087711513042,8,1782,,,,,
0.07725150883197784,8,1783,,,,,
0.12808659672737122,8,1784,,,,,
0.005957992747426033,8,1785,,,,,
0.08429931849241257,8,1786,,,,,
0.03539970517158508,8,1787,,,,,
0.04850880429148674,8,1788,,,,,
0.026808515191078186,8,1789,,,,,
0.08101252466440201,8,1790,,,,,
,,1592,0.015674497932195663,,,,
,,1593,0.03722923994064331,,,,
,,1594,0.002647039480507374,,,,
,,1595,0.014022651128470898,,,,
,,1596,0.004985133185982704,,,,
,,1597,0.0006487437058240175,,,,
,,1598,0.015956846997141838,,,,
,,1599,0.031650278717279434,,,,
,,1600,0.03596990555524826,,,,
,,1601,0.036746881902217865,,,,
,,1602,0.00813171174377203,,,,
,,1603,0.0042511592619121075,,,,
,,1604,0.0038083128165453672,,,,
,,1605,0.00019801627786364406,,,,
,,1606,0.024650665000081062,,,,
,,1607,0.0028718605171889067,,,,
,,1608,0.014168692752718925,,,,
,,1609,0.04278934746980667,,,,
,,1610,0.0025121853686869144,,,,
,,1611,0.0117679787799716,,,,
,,1612,0.0047494517639279366,,,,
,,1613,0.00039622964686714113,,,,
,,1614,0.00017507391748949885,,,,
,,1615,0.02326373942196369,,,,
,,1616,0.0034933818969875574,,,,
,,1617,0.04013312608003616,,,,
,,1618,0.008320537395775318,,,,
,,1619,0.003415539860725403,,,,
,,1620,0.006123394705355167,,,,
,,1621,0.00021518183348234743,,,,
,,1622,0.000175154025782831,,,,
,,1623,0.0022650850005447865,,,,
,,1624,0.014459718950092793,,,,
,,1625,0.033382147550582886,,,,
,,1626,0.002605444984510541,,,,
,,1627,0.016077248379588127,,,,
,,1628,0.0044196778908371925,,,,
,,1629,0.0004507527337409556,,,,
,,1630,0.003907060716301203,,,,
,,1631,0.026489464566111565,,,,
,,1632,0.003393451916053891,,,,
,,1633,0.04056066647171974,,,,
,,1634,0.005074104759842157,,,,
,,1635,0.001909313490614295,,,,
,,1636,0.018934622406959534,,,,
,,1637,0.00456496886909008,,,,
,,1638,0.00015187740791589022,,,,
,,1639,0.002838660264387727,,,,
,,1640,0.009117241017520428,,,,
,,1641,0.03761361539363861,,,,
,,1642,0.0022703781723976135,,,,
,,1643,0.013154739513993263,,,,
,,1644,0.005323219578713179,,,,
,,1645,0.014524539932608604,,,,
,,1646,0.00023255425912793726,,,,
,,1647,0.02059221640229225,,,,
,,1648,0.003773386124521494,,,,
,,1649,0.035714879631996155,,,,
,,1650,0.013140346854925156,,,,
,,1651,0.004310762509703636,,,,
,,1652,0.006654301658272743,,,,
,,1653,0.003767377929762006,,,,
,,1654,8.97766076377593e-05,,,,
,,1655,0.003381533082574606,,,,
,,1656,0.011562081053853035,,,,
,,1657,0.11540278047323227,,,,
,,1658,0.0032809837721288204,,,,
,,1659,0.0023162048310041428,,,,
,,1660,0.0044404203072190285,,,,
,,1661,0.019623205065727234,,,,
,,1662,0.00013433686399366707,,,,
,,1663,0.020573891699314117,,,,
,,1664,0.0033099616412073374,,,,
,,1665,0.048999134451150894,,,,
,,1666,0.003960505593568087,,,,
,,1667,0.0020001179073005915,,,,
,,1668,0.019820408895611763,,,,
,,1669,0.006117002107203007,,,,
,,1670,0.00018013163935393095,,,,
,,1671,0.0024992176331579685,,,,
,,1672,0.010432962328195572,,,,
,,1673,0.010514001362025738,,,,
,,1674,0.004455585964024067,,,,
,,1675,0.0018936005653813481,,,,
,,1676,0.010569090954959393,,,,
,,1677,0.016287213191390038,,,,
,,1678,0.00021470262436196208,,,,
,,1679,0.006125595420598984,,,,
,,1680,0.0040387967601418495,,,,
,,1681,0.05756461247801781,,,,
,,1682,0.012068490497767925,,,,
,,1683,0.0020958627574145794,,,,
,,1684,0.0153334466740489,,,,
,,1685,0.003762331325560808,,,,
,,1686,9.560583566781133e-05,,,,
,,1687,0.016568953171372414,,,,
,,1688,0.002896612975746393,,,,
,,1689,0.10286901146173477,,,,
,,1690,0.0032564494758844376,,,,
,,1691,0.0020027034915983677,,,,
,,1692,0.005225514527410269,,,,
,,1693,0.016326719895005226,,,,
,,1694,0.00011739337787730619,,,,
,,1695,0.012147619388997555,,,,
,,1696,0.0035317211877554655,,,,
,,1697,0.046059075742959976,,,,
,,1698,0.013672953471541405,,,,
,,1699,0.017414752393960953,,,,
,,1700,0.0046652392484247684,,,,
,,1701,0.005454238038510084,,,,
,,1702,0.0863962173461914,,,,
,,1703,0.016126232221722603,,,,
,,1704,0.001932375249452889,,,,
,,1705,0.10361038893461227,,,,
,,1706,0.002837147330865264,,,,
,,1707,0.0012534650741145015,,,,
,,1708,0.006654469761997461,,,,
,,1709,0.004145335406064987,,,,
,,1710,0.0005306831444613636,,,,
,,1711,0.002378013450652361,,,,
,,1712,0.005354671273380518,,,,
,,1713,0.0026178304105997086,,,,
,,1714,0.035061758011579514,,,,
,,1715,0.004329153802245855,,,,
,,1716,0.0028353482484817505,,,,
,,1717,0.005831647664308548,,,,
,,1718,0.004510639235377312,,,,
,,1719,0.00017264844791498035,,,,
,,1720,0.0021565293427556753,,,,
,,1721,0.01159795094281435,,,,
,,1722,0.09290461987257004,,,,
,,1723,0.0027292699087411165,,,,
,,1724,0.0013881254708394408,,,,
,,1725,0.005606373772025108,,,,
,,1726,0.012966561131179333,,,,
,,1727,0.00021828568424098194,,,,
,,1728,0.010778841562569141,,,,
,,1729,0.002435059519484639,,,,
,,1730,0.08068513125181198,,,,
,,1731,0.02041725255548954,,,,
,,1732,0.0009903081227093935,,,,
,,1733,0.021251926198601723,,,,
,,1734,0.004104535095393658,,,,
,,1735,0.0001250560744665563,,,,
,,1736,0.00228244811296463,,,,
,,1737,0.01323707215487957,,,,
,,1738,0.0355101116001606,,,,
,,1739,0.012987874448299408,,,,
,,1740,0.0014689535601064563,,,,
,,1741,0.005900489632040262,,,,
,,1742,0.013376164250075817,,,,
,,1743,0.00016925338422879577,,,,
,,1744,0.00313968351110816,,,,
,,1745,0.002221194328740239,,,,
,,1746,0.04771432653069496,,,,
,,1747,0.016868596896529198,,,,
,,1748,0.002658221637830138,,,,
,,1749,0.02371135726571083,,,,
,,1750,0.005119960755109787,,,,
,,1751,0.00019301216525491327,,,,
,,1752,0.01678275503218174,,,,
,,1753,0.0025030893739312887,,,,
,,1754,0.08453460782766342,,,,
,,1755,0.004005965776741505,,,,
,,1756,0.003720253938809037,,,,
,,1757,0.005216260906308889,,,,
,,1758,0.02310985140502453,,,,
,,1759,0.00016817825962789357,,,,
,,1760,0.2398763746023178,,,,
,,1761,0.0032623950392007828,,,,
,,1762,0.05183214321732521,,,,
,,1763,0.015334950760006905,,,,
,,1764,0.003376560052856803,,,,
,,1765,0.003918512258678675,,,,
,,1766,0.0056011732667684555,,,,
,,1767,0.00021659590129274875,,,,
,,1768,0.020128820091485977,,,,
,,1769,0.003284157020971179,,,,
,,1770,0.10204575210809708,,,,
,,1771,0.005926057696342468,,,,
,,1772,0.005818808916956186,,,,
,,1773,0.004177839029580355,,,,
,,1774,0.005657423287630081,,,,
,,1775,0.0006902649183757603,,,,
,,1776,0.003096850123256445,,,,
,,1777,0.002577993320301175,,,,
,,1778,0.057044968008995056,,,,
,,1779,0.023945527151226997,,,,
,,1780,0.006818306632339954,,,,
,,1781,0.004980555735528469,,,,
,,1782,0.00947439856827259,,,,
,,1783,0.00034338500699959695,,,,
,,1784,0.023452535271644592,,,,
,,1785,0.0032326027285307646,,,,
,,1786,0.09661751240491867,,,,
,,1787,0.0029577778186649084,,,,
,,1788,0.004261678550392389,,,,
,,1789,0.005490755662322044,,,,
,,1790,0.01539398543536663,,,,
,8,1790,,0.015289138071238995,,,
,8,1790,,,0.048743754625320435,0.8232323527336121,0.9747474789619446
0.06897146999835968,9,1791,,,,,
0.10426352918148041,9,1792,,,,,
0.0061456141993403435,9,1793,,,,,
0.012512007728219032,9,1794,,,,,
0.01620406284928322,9,1795,,,,,
0.0833660364151001,9,1796,,,,,
0.08655928820371628,9,1797,,,,,
0.0051469202153384686,9,1798,,,,,
0.006957250647246838,9,1799,,,,,
0.06844988465309143,9,1800,,,,,
0.18190449476242065,9,1801,,,,,
0.007729717995971441,9,1802,,,,,
0.028694625943899155,9,1803,,,,,
0.027339035645127296,9,1804,,,,,
0.007258499972522259,9,1805,,,,,
0.020034516230225563,9,1806,,,,,
0.009319616481661797,9,1807,,,,,
0.04889797046780586,9,1808,,,,,
0.01752140186727047,9,1809,,,,,
0.07536892592906952,9,1810,,,,,
0.0594661720097065,9,1811,,,,,
0.08560311049222946,9,1812,,,,,
0.02796354703605175,9,1813,,,,,
0.08374223858118057,9,1814,,,,,
0.04288993030786514,9,1815,,,,,
0.025446491315960884,9,1816,,,,,
0.057402629405260086,9,1817,,,,,
0.0078085740096867085,9,1818,,,,,
0.044895634055137634,9,1819,,,,,
0.003962868358939886,9,1820,,,,,
0.016339940950274467,9,1821,,,,,
0.013094508089125156,9,1822,,,,,
0.018555954098701477,9,1823,,,,,
0.18871121108531952,9,1824,,,,,
0.14576181769371033,9,1825,,,,,
0.0870521292090416,9,1826,,,,,
0.044035010039806366,9,1827,,,,,
0.01420026458799839,9,1828,,,,,
0.009226030670106411,9,1829,,,,,
0.03235617280006409,9,1830,,,,,
0.0033884774893522263,9,1831,,,,,
0.04089227318763733,9,1832,,,,,
0.0098502142354846,9,1833,,,,,
0.03826945647597313,9,1834,,,,,
0.06480218470096588,9,1835,,,,,
0.014380572363734245,9,1836,,,,,
0.007989051751792431,9,1837,,,,,
0.028588535264134407,9,1838,,,,,
0.04155154898762703,9,1839,,,,,
0.04548552259802818,9,1840,,,,,
0.016287999227643013,9,1841,,,,,
0.03947936370968819,9,1842,,,,,
0.09734827280044556,9,1843,,,,,
0.037120021879673004,9,1844,,,,,
0.032103367149829865,9,1845,,,,,
0.009885183535516262,9,1846,,,,,
0.007230726536363363,9,1847,,,,,
0.010159250348806381,9,1848,,,,,
0.0902755856513977,9,1849,,,,,
0.016755439341068268,9,1850,,,,,
0.042502664029598236,9,1851,,,,,
0.004419560078531504,9,1852,,,,,
0.20569342374801636,9,1853,,,,,
0.0134256137534976,9,1854,,,,,
0.013817774131894112,9,1855,,,,,
0.04908081889152527,9,1856,,,,,
0.17216213047504425,9,1857,,,,,
0.006551042199134827,9,1858,,,,,
0.06289182603359222,9,1859,,,,,
0.013082166202366352,9,1860,,,,,
0.009256526827812195,9,1861,,,,,
0.026245955377817154,9,1862,,,,,
0.09693214297294617,9,1863,,,,,
0.06805092096328735,9,1864,,,,,
0.04849538207054138,9,1865,,,,,
0.12888984382152557,9,1866,,,,,
0.0156499445438385,9,1867,,,,,
0.08032252639532089,9,1868,,,,,
0.016965355724096298,9,1869,,,,,
0.04881005734205246,9,1870,,,,,
0.06108910217881203,9,1871,,,,,
0.01325658243149519,9,1872,,,,,
0.035143107175827026,9,1873,,,,,
0.00962765235453844,9,1874,,,,,
0.02853098139166832,9,1875,,,,,
0.010866306722164154,9,1876,,,,,
0.004294548183679581,9,1877,,,,,
0.07280200719833374,9,1878,,,,,
0.020981891080737114,9,1879,,,,,
0.1278356909751892,9,1880,,,,,
0.033832624554634094,9,1881,,,,,
0.015808943659067154,9,1882,,,,,
0.1307503879070282,9,1883,,,,,
0.007889377884566784,9,1884,,,,,
0.0024355782661587,9,1885,,,,,
0.5212213397026062,9,1886,,,,,
0.014057903550565243,9,1887,,,,,
0.02447778731584549,9,1888,,,,,
0.035250794142484665,9,1889,,,,,
0.019030947238206863,9,1890,,,,,
0.04487846791744232,9,1891,,,,,
0.02167995646595955,9,1892,,,,,
0.012174603529274464,9,1893,,,,,
0.10253912210464478,9,1894,,,,,
0.07091954350471497,9,1895,,,,,
0.01615939661860466,9,1896,,,,,
0.19595405459403992,9,1897,,,,,
0.012885276228189468,9,1898,,,,,
0.003123089438304305,9,1899,,,,,
0.12077440321445465,9,1900,,,,,
0.08700127899646759,9,1901,,,,,
0.0027612047269940376,9,1902,,,,,
0.013758550398051739,9,1903,,,,,
0.026000743731856346,9,1904,,,,,
0.08265305310487747,9,1905,,,,,
0.0209342110902071,9,1906,,,,,
0.059058547019958496,9,1907,,,,,
0.003361357841640711,9,1908,,,,,
0.054891783744096756,9,1909,,,,,
0.047440703958272934,9,1910,,,,,
0.004884475842118263,9,1911,,,,,
0.024735264480113983,9,1912,,,,,
0.008905882947146893,9,1913,,,,,
0.006316881626844406,9,1914,,,,,
0.02008778788149357,9,1915,,,,,
0.029928313568234444,9,1916,,,,,
0.04881502315402031,9,1917,,,,,
0.006794355344027281,9,1918,,,,,
0.03672177344560623,9,1919,,,,,
0.009497188031673431,9,1920,,,,,
0.06126527860760689,9,1921,,,,,
0.028989601880311966,9,1922,,,,,
0.0555497482419014,9,1923,,,,,
0.0062836213037371635,9,1924,,,,,
0.05068114399909973,9,1925,,,,,
0.07279423624277115,9,1926,,,,,
0.01439574733376503,9,1927,,,,,
0.13067275285720825,9,1928,,,,,
0.06050428748130798,9,1929,,,,,
0.007230085786432028,9,1930,,,,,
0.00896206870675087,9,1931,,,,,
0.04403369873762131,9,1932,,,,,
0.08668310940265656,9,1933,,,,,
0.024271126836538315,9,1934,,,,,
0.009993217885494232,9,1935,,,,,
0.0022574393078684807,9,1936,,,,,
0.053070317953825,9,1937,,,,,
0.0065099275670945644,9,1938,,,,,
0.0999765619635582,9,1939,,,,,
0.0572383739054203,9,1940,,,,,
0.03366497904062271,9,1941,,,,,
0.07685478031635284,9,1942,,,,,
0.010992188937962055,9,1943,,,,,
0.020492244511842728,9,1944,,,,,
0.020925171673297882,9,1945,,,,,
0.08423725515604019,9,1946,,,,,
0.002037324011325836,9,1947,,,,,
0.07543326914310455,9,1948,,,,,
0.029846176505088806,9,1949,,,,,
0.019629457965493202,9,1950,,,,,
0.0049050720408558846,9,1951,,,,,
0.0188932865858078,9,1952,,,,,
0.03156672418117523,9,1953,,,,,
0.24437464773654938,9,1954,,,,,
0.06086649000644684,9,1955,,,,,
0.013655103743076324,9,1956,,,,,
0.021609272807836533,9,1957,,,,,
0.3993166387081146,9,1958,,,,,
0.015003022737801075,9,1959,,,,,
0.013541716150939465,9,1960,,,,,
0.001981059554964304,9,1961,,,,,
0.33164283633232117,9,1962,,,,,
0.04726329818367958,9,1963,,,,,
0.02764774300158024,9,1964,,,,,
0.012833270244300365,9,1965,,,,,
0.010341795161366463,9,1966,,,,,
0.01573828049004078,9,1967,,,,,
0.0017910627648234367,9,1968,,,,,
0.010378023609519005,9,1969,,,,,
0.008219446055591106,9,1970,,,,,
0.06876082718372345,9,1971,,,,,
0.10808758437633514,9,1972,,,,,
0.027763202786445618,9,1973,,,,,
0.5826379656791687,9,1974,,,,,
0.039535850286483765,9,1975,,,,,
0.01355570275336504,9,1976,,,,,
0.0901762917637825,9,1977,,,,,
0.09873880445957184,9,1978,,,,,
0.07642243802547455,9,1979,,,,,
0.0023154844529926777,9,1980,,,,,
0.06480010598897934,9,1981,,,,,
0.4335276484489441,9,1982,,,,,
0.011210137978196144,9,1983,,,,,
0.01023989636451006,9,1984,,,,,
0.1478179544210434,9,1985,,,,,
0.016492513939738274,9,1986,,,,,
0.021813062950968742,9,1987,,,,,
0.044862087815999985,9,1988,,,,,
0.037907276302576065,9,1989,,,,,
,,1791,0.017299167811870575,,,,
,,1792,0.05357775092124939,,,,
,,1793,0.005554384086281061,,,,
,,1794,0.01325094886124134,,,,
,,1795,0.004397902637720108,,,,
,,1796,0.002172901527956128,,,,
,,1797,0.010731853544712067,,,,
,,1798,0.00972472783178091,,,,
,,1799,0.07842211425304413,,,,
,,1800,0.06241334602236748,,,,
,,1801,0.016008617356419563,,,,
,,1802,0.010546171106398106,,,,
,,1803,0.003823664505034685,,,,
,,1804,0.0008274473948404193,,,,
,,1805,0.02329093962907791,,,,
,,1806,0.00935462024062872,,,,
,,1807,0.01571224443614483,,,,
,,1808,0.06788887828588486,,,,
,,1809,0.006587041541934013,,,,
,,1810,0.011061697266995907,,,,
,,1811,0.003847916144877672,,,,
,,1812,0.0013533382443711162,,,,
,,1813,0.0010581152746453881,,,,
,,1814,0.025000816211104393,,,,
,,1815,0.008553803898394108,,,,
,,1816,0.05386119708418846,,,,
,,1817,0.014166899025440216,,,,
,,1818,0.009933261200785637,,,,
,,1819,0.005100208334624767,,,,
,,1820,0.0009151817648671567,,,,
,,1821,0.0008965341257862747,,,,
,,1822,0.007666080724447966,,,,
,,1823,0.013094297610223293,,,,
,,1824,0.05945258587598801,,,,
,,1825,0.006015363615006208,,,,
,,1826,0.013221461325883865,,,,
,,1827,0.004433989524841309,,,,
,,1828,0.0015222670044749975,,,,
,,1829,0.0031017945148050785,,,,
,,1830,0.02546602487564087,,,,
,,1831,0.009819718077778816,,,,
,,1832,0.06412745267152786,,,,
,,1833,0.005009242799133062,,,,
,,1834,0.004529053345322609,,,,
,,1835,0.010989719070494175,,,,
,,1836,0.005222267471253872,,,,
,,1837,0.0005342186195775867,,,,
,,1838,0.009175378829240799,,,,
,,1839,0.009482898749411106,,,,
,,1840,0.0545625202357769,,,,
,,1841,0.005000448320060968,,,,
,,1842,0.014714649878442287,,,,
,,1843,0.004255219828337431,,,,
,,1844,0.019690921530127525,,,,
,,1845,0.000749952276237309,,,,
,,1846,0.027282660827040672,,,,
,,1847,0.009510315023362637,,,,
,,1848,0.05181229114532471,,,,
,,1849,0.012201515026390553,,,,
,,1850,0.012534290552139282,,,,
,,1851,0.006501365918666124,,,,
,,1852,0.005369754508137703,,,,
,,1853,0.0004556545754894614,,,,
,,1854,0.008883291855454445,,,,
,,1855,0.016560111194849014,,,,
,,1856,0.11276131123304367,,,,
,,1857,0.009582373313605785,,,,
,,1858,0.004215765278786421,,,,
,,1859,0.0037479514721781015,,,,
,,1860,0.02051396109163761,,,,
,,1861,0.0005300609045661986,,,,
,,1862,0.02129589393734932,,,,
,,1863,0.009340905584394932,,,,
,,1864,0.06760291755199432,,,,
,,1865,0.007529620546847582,,,,
,,1866,0.003931526094675064,,,,
,,1867,0.01301123108714819,,,,
,,1868,0.00554452370852232,,,,
,,1869,0.0005331538268364966,,,,
,,1870,0.007751570548862219,,,,
,,1871,0.011361249722540379,,,,
,,1872,0.015302781946957111,,,,
,,1873,0.01054120808839798,,,,
,,1874,0.0047856769524514675,,,,
,,1875,0.005794072058051825,,,,
,,1876,0.018199050799012184,,,,
,,1877,0.0006661286461167037,,,,
,,1878,0.011275145225226879,,,,
,,1879,0.0090333241969347,,,,
,,1880,0.07264342159032822,,,,
,,1881,0.012101864442229271,,,,
,,1882,0.004263793118298054,,,,
,,1883,0.009995661675930023,,,,
,,1884,0.004730694927275181,,,,
,,1885,0.00047846860252320766,,,,
,,1886,0.022021900862455368,,,,
,,1887,0.009125878103077412,,,,
,,1888,0.10963211208581924,,,,
,,1889,0.010056979954242706,,,,
,,1890,0.004202035255730152,,,,
,,1891,0.004505661781877279,,,,
,,1892,0.019678497686982155,,,,
,,1893,0.0006034233374521136,,,,
,,1894,0.007409675978124142,,,,
,,1895,0.00828061904758215,,,,
,,1896,0.06060030683875084,,,,
,,1897,0.015381669625639915,,,,
,,1898,0.052602920681238174,,,,
,,1899,0.011997339315712452,,,,
,,1900,0.005102999042719603,,,,
,,1901,0.003954356070607901,,,,
,,1902,0.01955985836684704,,,,
,,1903,0.007386422716081142,,,,
,,1904,0.1017027422785759,,,,
,,1905,0.008745094761252403,,,,
,,1906,0.0034861653111875057,,,,
,,1907,0.022249486297369003,,,,
,,1908,0.004009963944554329,,,,
,,1909,0.001599294482730329,,,,
,,1910,0.004316649399697781,,,,
,,1911,0.014967331662774086,,,,
,,1912,0.009085725992918015,,,,
,,1913,0.05783553794026375,,,,
,,1914,0.012024802155792713,,,,
,,1915,0.009815334342420101,,,,
,,1916,0.005398358218371868,,,,
,,1917,0.0070772236213088036,,,,
,,1918,0.0006599065964110196,,,,
,,1919,0.007905182428658009,,,,
,,1920,0.013882813975214958,,,,
,,1921,0.0874263197183609,,,,
,,1922,0.008865208365023136,,,,
,,1923,0.003739554202184081,,,,
,,1924,0.004832196980714798,,,,
,,1925,0.019793972373008728,,,,
,,1926,0.000953358830884099,,,,
,,1927,0.016374649479985237,,,,
,,1928,0.008424493484199047,,,,
,,1929,0.07935373485088348,,,,
,,1930,0.020450863987207413,,,,
,,1931,0.0035148807801306248,,,,
,,1932,0.013180538080632687,,,,
,,1933,0.00609934888780117,,,,
,,1934,0.000591941294260323,,,,
,,1935,0.007811884395778179,,,,
,,1936,0.01294321846216917,,,,
,,1937,0.05749816074967384,,,,
,,1938,0.01997903175652027,,,,
,,1939,0.0036729364655911922,,,,
,,1940,0.004092820454388857,,,,
,,1941,0.01864289678633213,,,,
,,1942,0.0010604558046907187,,,,
,,1943,0.005556608084589243,,,,
,,1944,0.008184202015399933,,,,
,,1945,0.053705014288425446,,,,
,,1946,0.018578359857201576,,,,
,,1947,0.004724536091089249,,,,
,,1948,0.01467686053365469,,,,
,,1949,0.007399255875498056,,,,
,,1950,0.0014350631972774863,,,,
,,1951,0.022110071033239365,,,,
,,1952,0.008611385710537434,,,,
,,1953,0.09922736883163452,,,,
,,1954,0.00901676993817091,,,,
,,1955,0.0057537006214261055,,,,
,,1956,0.004065264016389847,,,,
,,1957,0.022635815665125847,,,,
,,1958,0.00048649072414264083,,,,
,,1959,0.16178826987743378,,,,
,,1960,0.008259832859039307,,,,
,,1961,0.06632693111896515,,,,
,,1962,0.013978610746562481,,,,
,,1963,0.006463955156505108,,,,
,,1964,0.009578682482242584,,,,
,,1965,0.004412257112562656,,,,
,,1966,0.0006973446579650044,,,,
,,1967,0.02321968972682953,,,,
,,1968,0.008237325586378574,,,,
,,1969,0.09988434612751007,,,,
,,1970,0.009730435907840729,,,,
,,1971,0.010840775445103645,,,,
,,1972,0.007804071996361017,,,,
,,1973,0.004328890237957239,,,,
,,1974,0.002245686948299408,,,,
,,1975,0.00602305494248867,,,,
,,1976,0.008759728632867336,,,,
,,1977,0.056538425385951996,,,,
,,1978,0.0193044301122427,,,,
,,1979,0.002543562790378928,,,,
,,1980,0.006741279736161232,,,,
,,1981,0.006387106142938137,,,,
,,1982,0.001193828647956252,,,,
,,1983,0.023976629599928856,,,,
,,1984,0.008468925952911377,,,,
,,1985,0.09980423748493195,,,,
,,1986,0.008436761796474457,,,,
,,1987,0.004582744091749191,,,,
,,1988,0.004198857583105564,,,,
,,1989,0.02024749666452408,,,,
,9,1989,,0.0180235393345356,,,
,9,1989,,,0.052737582474946976,0.8434343338012695,1.0
0.052286695688962936,10,1990,,,,,
0.07698459178209305,10,1991,,,,,
0.10986720770597458,10,1992,,,,,
0.001890622777864337,10,1993,,,,,
0.012256513349711895,10,1994,,,,,
0.016268126666545868,10,1995,,,,,
0.07119829952716827,10,1996,,,,,
0.065008245408535,10,1997,,,,,
0.049941979348659515,10,1998,,,,,
0.07399683445692062,10,1999,,,,,
0.03017222136259079,10,2000,,,,,
0.006719131488353014,10,2001,,,,,
0.0013847865629941225,10,2002,,,,,
0.3667663633823395,10,2003,,,,,
0.025599876418709755,10,2004,,,,,
0.09831812977790833,10,2005,,,,,
0.05329082906246185,10,2006,,,,,
0.025595130398869514,10,2007,,,,,
0.03401998430490494,10,2008,,,,,
0.05705571919679642,10,2009,,,,,
0.005721156485378742,10,2010,,,,,
0.1255490928888321,10,2011,,,,,
0.006626609712839127,10,2012,,,,,
0.042877040803432465,10,2013,,,,,
0.1373436599969864,10,2014,,,,,
0.0355372317135334,10,2015,,,,,
0.035175710916519165,10,2016,,,,,
0.04916394501924515,10,2017,,,,,
0.011893438175320625,10,2018,,,,,
0.057700201869010925,10,2019,,,,,
0.021936561912298203,10,2020,,,,,
0.08242946863174438,10,2021,,,,,
0.018809927627444267,10,2022,,,,,
0.04570983350276947,10,2023,,,,,
0.008348274044692516,10,2024,,,,,
0.0133568299934268,10,2025,,,,,
0.005495584104210138,10,2026,,,,,
0.03161214292049408,10,2027,,,,,
0.013980427756905556,10,2028,,,,,
0.027660908177495003,10,2029,,,,,
0.035641759634017944,10,2030,,,,,
0.013082027435302734,10,2031,,,,,
0.007291411515325308,10,2032,,,,,
0.10124722123146057,10,2033,,,,,
0.0027196237351745367,10,2034,,,,,
0.03807923570275307,10,2035,,,,,
0.023651238530874252,10,2036,,,,,
0.032212112098932266,10,2037,,,,,
0.09172091633081436,10,2038,,,,,
0.12327271699905396,10,2039,,,,,
0.02688341587781906,10,2040,,,,,
0.018979215994477272,10,2041,,,,,
0.004030750133097172,10,2042,,,,,
0.017380544915795326,10,2043,,,,,
0.04903514310717583,10,2044,,,,,
0.14150679111480713,10,2045,,,,,
0.01829422265291214,10,2046,,,,,
0.0023940212558954954,10,2047,,,,,
0.007501176092773676,10,2048,,,,,
0.03804062306880951,10,2049,,,,,
0.009948628954589367,10,2050,,,,,
0.16845287382602692,10,2051,,,,,
0.17167051136493683,10,2052,,,,,
0.12006919085979462,10,2053,,,,,
0.1674143522977829,10,2054,,,,,
0.00022164320398587734,10,2055,,,,,
0.024985650554299355,10,2056,,,,,
0.002583945170044899,10,2057,,,,,
0.05213741213083267,10,2058,,,,,
0.19673962891101837,10,2059,,,,,
0.006544672418385744,10,2060,,,,,
0.1973666399717331,10,2061,,,,,
0.05096437782049179,10,2062,,,,,
0.03336002305150032,10,2063,,,,,
0.12805160880088806,10,2064,,,,,
0.004464532248675823,10,2065,,,,,
0.022628817707300186,10,2066,,,,,
0.0036398693919181824,10,2067,,,,,
0.05828435719013214,10,2068,,,,,
0.039650291204452515,10,2069,,,,,
0.09479453414678574,10,2070,,,,,
0.10475519299507141,10,2071,,,,,
0.010802458971738815,10,2072,,,,,
0.0951559990644455,10,2073,,,,,
0.02365262061357498,10,2074,,,,,
0.014378303661942482,10,2075,,,,,
0.0888475626707077,10,2076,,,,,
0.013374928385019302,10,2077,,,,,
0.13777171075344086,10,2078,,,,,
0.008216912858188152,10,2079,,,,,
0.0135198924690485,10,2080,,,,,
0.15852858126163483,10,2081,,,,,
0.4068213403224945,10,2082,,,,,
0.09463117271661758,10,2083,,,,,
0.1982605755329132,10,2084,,,,,
0.009440887719392776,10,2085,,,,,
0.05466623231768608,10,2086,,,,,
0.055711083114147186,10,2087,,,,,
0.03019888326525688,10,2088,,,,,
0.019265292212367058,10,2089,,,,,
0.04935595020651817,10,2090,,,,,
0.0276035163551569,10,2091,,,,,
0.10263291746377945,10,2092,,,,,
0.0348777137696743,10,2093,,,,,
0.03299586847424507,10,2094,,,,,
0.038722164928913116,10,2095,,,,,
0.0035862589720636606,10,2096,,,,,
0.06327871233224869,10,2097,,,,,
0.007701792288571596,10,2098,,,,,
0.027102405205368996,10,2099,,,,,
0.013446517288684845,10,2100,,,,,
0.055664822459220886,10,2101,,,,,
0.02522951364517212,10,2102,,,,,
0.010953678749501705,10,2103,,,,,
0.10747124999761581,10,2104,,,,,
0.013478092849254608,10,2105,,,,,
0.019670041278004646,10,2106,,,,,
0.08319570869207382,10,2107,,,,,
0.03287474066019058,10,2108,,,,,
0.08840873092412949,10,2109,,,,,
0.006401140242815018,10,2110,,,,,
0.004854677245020866,10,2111,,,,,
0.026925066486001015,10,2112,,,,,
0.35619959235191345,10,2113,,,,,
0.004182759206742048,10,2114,,,,,
0.010948270559310913,10,2115,,,,,
0.010494614951312542,10,2116,,,,,
0.1042676493525505,10,2117,,,,,
0.0073278238996863365,10,2118,,,,,
0.2507345974445343,10,2119,,,,,
0.03466663882136345,10,2120,,,,,
0.08512763679027557,10,2121,,,,,
0.028203044086694717,10,2122,,,,,
0.030435362830758095,10,2123,,,,,
0.056575022637844086,10,2124,,,,,
0.008487525396049023,10,2125,,,,,
0.0031759003177285194,10,2126,,,,,
0.00456265639513731,10,2127,,,,,
0.00704596983268857,10,2128,,,,,
0.1255110800266266,10,2129,,,,,
0.040053922683000565,10,2130,,,,,
0.013873543590307236,10,2131,,,,,
0.009439737536013126,10,2132,,,,,
0.03806789219379425,10,2133,,,,,
0.3002532720565796,10,2134,,,,,
0.04958450049161911,10,2135,,,,,
0.07687892019748688,10,2136,,,,,
0.09776291251182556,10,2137,,,,,
0.1029033437371254,10,2138,,,,,
0.001742313732393086,10,2139,,,,,
0.015337079763412476,10,2140,,,,,
0.0063591948710381985,10,2141,,,,,
0.0751122459769249,10,2142,,,,,
0.002194932196289301,10,2143,,,,,
0.01668766513466835,10,2144,,,,,
0.0028761860448867083,10,2145,,,,,
0.012027949094772339,10,2146,,,,,
0.07273827493190765,10,2147,,,,,
0.011249138973653316,10,2148,,,,,
0.05176815390586853,10,2149,,,,,
0.06546229869127274,10,2150,,,,,
0.06565822660923004,10,2151,,,,,
0.026331042870879173,10,2152,,,,,
0.012683212757110596,10,2153,,,,,
0.003450461197644472,10,2154,,,,,
0.04704998433589935,10,2155,,,,,
0.04777858033776283,10,2156,,,,,
0.23195840418338776,10,2157,,,,,
0.10227673500776291,10,2158,,,,,
0.0441887192428112,10,2159,,,,,
0.07126860320568085,10,2160,,,,,
0.04584707319736481,10,2161,,,,,
0.02344117872416973,10,2162,,,,,
0.02613767795264721,10,2163,,,,,
0.034043096005916595,10,2164,,,,,
0.01102756429463625,10,2165,,,,,
0.11319832503795624,10,2166,,,,,
0.04952104762196541,10,2167,,,,,
0.017839830368757248,10,2168,,,,,
0.03490889072418213,10,2169,,,,,
0.014868945814669132,10,2170,,,,,
0.00890433881431818,10,2171,,,,,
0.11827484518289566,10,2172,,,,,
0.04433887079358101,10,2173,,,,,
0.017922112718224525,10,2174,,,,,
0.02378733456134796,10,2175,,,,,
0.023501284420490265,10,2176,,,,,
0.04338211566209793,10,2177,,,,,
0.004013696685433388,10,2178,,,,,
0.02556593343615532,10,2179,,,,,
0.017779212445020676,10,2180,,,,,
0.07278943061828613,10,2181,,,,,
0.06986827403306961,10,2182,,,,,
0.042895909398794174,10,2183,,,,,
0.007310141809284687,10,2184,,,,,
0.13419368863105774,10,2185,,,,,
0.006144857034087181,10,2186,,,,,
0.010714086703956127,10,2187,,,,,
0.008079471997916698,10,2188,,,,,
,,1990,0.018440445885062218,,,,
,,1991,0.07792007178068161,,,,
,,1992,0.0027057500556111336,,,,
,,1993,0.007082754746079445,,,,
,,1994,0.002164554549381137,,,,
,,1995,0.0004924539825879037,,,,
,,1996,0.35612788796424866,,,,
,,1997,0.30028828978538513,,,,
,,1998,0.034112878143787384,,,,
,,1999,0.08212801069021225,,,,
,,2000,0.006741166580468416,,,,
,,2001,0.0035300252493470907,,,,
,,2002,0.0017513291677460074,,,,
,,2003,0.00035508559085428715,,,,
,,2004,0.010361026972532272,,,,
,,2005,0.0038521033711731434,,,,
,,2006,0.0075991046614944935,,,,
,,2007,0.08449459075927734,,,,
,,2008,0.0033352451864629984,,,,
,,2009,0.006121959537267685,,,,
,,2010,0.0019623006228357553,,,,
,,2011,0.0012520892778411508,,,,
,,2012,0.00044023693772032857,,,,
,,2013,0.009709775447845459,,,,
,,2014,0.002623615087941289,,,,
,,2015,0.07957111299037933,,,,
,,2016,0.005631212145090103,,,,
,,2017,0.003081819973886013,,,,
,,2018,0.002318680752068758,,,,
,,2019,0.0003834331000689417,,,,
,,2020,0.00028262013802304864,,,,
,,2021,0.0031309593468904495,,,,
,,2022,0.30738353729248047,,,,
,,2023,0.30052053928375244,,,,
,,2024,0.0033636910375207663,,,,
,,2025,0.007285034283995628,,,,
,,2026,0.0019994357135146856,,,,
,,2027,0.0005786976544186473,,,,
,,2028,0.0013126131379976869,,,,
,,2029,0.0102066770195961,,,,
,,2030,0.0037705078721046448,,,,
,,2031,0.08151061087846756,,,,
,,2032,0.0014953857753425837,,,,
,,2033,0.002012548502534628,,,,
,,2034,0.004872255027294159,,,,
,,2035,0.0031167517881840467,,,,
,,2036,0.0009749368764460087,,,,
,,2037,0.003490329720079899,,,,
,,2038,0.004758527968078852,,,,
,,2039,0.07437621802091599,,,,
,,2040,0.0022949569392949343,,,,
,,2041,0.007169474381953478,,,,
,,2042,0.0021078442223370075,,,,
,,2043,0.00744586531072855,,,,
,,2044,0.00038728132494725287,,,,
,,2045,0.009894797578454018,,,,
,,2046,0.003624211298301816,,,,
,,2047,0.07419990748167038,,,,
,,2048,0.26789817214012146,,,,
,,2049,0.00441077072173357,,,,
,,2050,0.003496876684948802,,,,
,,2051,0.002751243533566594,,,,
,,2052,0.00030904734740033746,,,,
,,2053,0.003554532304406166,,,,
,,2054,0.003733607241883874,,,,
,,2055,0.12188733369112015,,,,
,,2056,0.0039719482883811,,,,
,,2057,0.002051770454272628,,,,
,,2058,0.0020200610160827637,,,,
,,2059,0.007464793045073748,,,,
,,2060,0.0005945769371464849,,,,
,,2061,0.00790062639862299,,,,
,,2062,0.0032651331275701523,,,,
,,2063,0.08728639781475067,,,,
,,2064,0.0031760993879288435,,,,
,,2065,0.001778394915163517,,,,
,,2066,0.005296874791383743,,,,
,,2067,0.0028413671534508467,,,,
,,2068,0.0007356889545917511,,,,
,,2069,0.003190204268321395,,,,
,,2070,0.0050768544897437096,,,,
,,2071,0.0026669432409107685,,,,
,,2072,0.003626141231507063,,,,
,,2073,0.0015827780589461327,,,,
,,2074,0.17441247403621674,,,,
,,2075,0.00934025552123785,,,,
,,2076,0.00027834868524223566,,,,
,,2077,0.0030548255890607834,,,,
,,2078,0.004301900509744883,,,,
,,2079,0.0973595529794693,,,,
,,2080,0.005858507007360458,,,,
,,2081,0.00178152893204242,,,,
,,2082,0.004344454500824213,,,,
,,2083,0.002516194712370634,,,,
,,2084,0.00033135482226498425,,,,
,,2085,0.008569059893488884,,,,
,,2086,0.0036633729469031096,,,,
,,2087,0.11792726814746857,,,,
,,2088,0.0037607466802001,,,,
,,2089,0.0021504645701497793,,,,
,,2090,0.0021229188423603773,,,,
,,2091,0.007455436512827873,,,,
,,2092,0.0003072397375945002,,,,
,,2093,0.0035142465494573116,,,,
,,2094,0.003114989260211587,,,,
,,2095,0.08588125556707382,,,,
,,2096,0.006427395157516003,,,,
,,2097,0.009885956533253193,,,,
,,2098,0.0040422952733933926,,,,
,,2099,0.0021632625721395016,,,,
,,2100,0.22675088047981262,,,,
,,2101,0.01001142431050539,,,,
,,2102,0.002930279355496168,,,,
,,2103,0.11048783361911774,,,,
,,2104,0.0024764391127973795,,,,
,,2105,0.0013761194422841072,,,,
,,2106,0.0036752442829310894,,,,
,,2107,0.0018365647410973907,,,,
,,2108,0.0006685119005851448,,,,
,,2109,0.002076993463560939,,,,
,,2110,0.00469360314309597,,,,
,,2111,0.0025270110927522182,,,,
,,2112,0.07502413541078568,,,,
,,2113,0.005086233373731375,,,,
,,2114,0.002601026091724634,,,,
,,2115,0.0028226152062416077,,,,
,,2116,0.0032915999181568623,,,,
,,2117,0.0002756307367235422,,,,
,,2118,0.0028452961705625057,,,,
,,2119,0.006401999853551388,,,,
,,2120,0.10539223998785019,,,,
,,2121,0.0029077320359647274,,,,
,,2122,0.001686139265075326,,,,
,,2123,0.002377060241997242,,,,
,,2124,0.007099220994859934,,,,
,,2125,0.00031952402787283063,,,,
,,2126,0.11302530020475388,,,,
,,2127,0.003232803428545594,,,,
,,2128,0.10003036260604858,,,,
,,2129,0.007935719564557076,,,,
,,2130,0.001055324450135231,,,,
,,2131,0.005447948817163706,,,,
,,2132,0.0028143632225692272,,,,
,,2133,0.0001992763573070988,,,,
,,2134,0.0030046047177165747,,,,
,,2135,0.00596871692687273,,,,
,,2136,0.07844677567481995,,,,
,,2137,0.007509698159992695,,,,
,,2138,0.0012254462344571948,,,,
,,2139,0.002005127491429448,,,,
,,2140,0.006512044463306665,,,,
,,2141,0.0004989117151126266,,,,
,,2142,0.002458359580487013,,,,
,,2143,0.0034277597442269325,,,,
,,2144,0.08714206516742706,,,,
,,2145,0.007244084496051073,,,,
,,2146,0.001485128072090447,,,,
,,2147,0.005952644161880016,,,,
,,2148,0.0032429625280201435,,,,
,,2149,0.0002838242216967046,,,,
,,2150,0.007938571274280548,,,,
,,2151,0.003223943756893277,,,,
,,2152,0.3575055003166199,,,,
,,2153,0.003720234613865614,,,,
,,2154,0.0017195363761857152,,,,
,,2155,0.002080837730318308,,,,
,,2156,0.008584677241742611,,,,
,,2157,0.000255612627370283,,,,
,,2158,0.23184533417224884,,,,
,,2159,0.00308229005895555,,,,
,,2160,0.09396201372146606,,,,
,,2161,0.0070989676751196384,,,,
,,2162,0.001977022737264633,,,,
,,2163,0.002658268203958869,,,,
,,2164,0.001840603188611567,,,,
,,2165,0.0011507414747029543,,,,
,,2166,0.008674906566739082,,,,
,,2167,0.003160239662975073,,,,
,,2168,0.11549237370491028,,,,
,,2169,0.002830518875271082,,,,
,,2170,0.0014197851996868849,,,,
,,2171,0.0034538914915174246,,,,
,,2172,0.0020543893333524466,,,,
,,2173,0.000623769941739738,,,,
,,2174,0.0023060468956828117,,,,
,,2175,0.0033467605244368315,,,,
,,2176,0.08698200434446335,,,,
,,2177,0.22438375651836395,,,,
,,2178,0.10395512729883194,,,,
,,2179,0.0018628514371812344,,,,
,,2180,0.003213341813534498,,,,
,,2181,0.00035509795998223126,,,,
,,2182,0.010272657498717308,,,,
,,2183,0.003646573983132839,,,,
,,2184,0.11681811511516571,,,,
,,2185,0.0031261129770427942,,,,
,,2186,0.0017320789629593492,,,,
,,2187,0.0020406977273523808,,,,
,,2188,0.007925830781459808,,,,
,10,2188,,0.028308497741818428,,,
,10,2188,,,0.053568754345178604,0.808080792427063,0.9444444179534912
0.016407620161771774,11,2189,,,,,
0.0043212175369262695,11,2190,,,,,
0.0047709206119179726,11,2191,,,,,
0.013116137124598026,11,2192,,,,,
0.005430975928902626,11,2193,,,,,
0.09918663650751114,11,2194,,,,,
0.03904137760400772,11,2195,,,,,
0.01210938859730959,11,2196,,,,,
0.006115805357694626,11,2197,,,,,
0.025672003626823425,11,2198,,,,,
0.12025995552539825,11,2199,,,,,
0.0037752564530819654,11,2200,,,,,
0.02764560654759407,11,2201,,,,,
0.00341808726079762,11,2202,,,,,
0.0017433266621083021,11,2203,,,,,
0.015603081323206425,11,2204,,,,,
0.0008329871343448758,11,2205,,,,,
0.32129940390586853,11,2206,,,,,
0.06214096397161484,11,2207,,,,,
0.016052188351750374,11,2208,,,,,
0.003394466359168291,11,2209,,,,,
0.005471317563205957,11,2210,,,,,
0.023933470249176025,11,2211,,,,,
0.042661890387535095,11,2212,,,,,
0.019754979759454727,11,2213,,,,,
0.020169034600257874,11,2214,,,,,
0.048795055598020554,11,2215,,,,,
0.011133060790598392,11,2216,,,,,
0.0015454335371032357,11,2217,,,,,
0.026360364630818367,11,2218,,,,,
0.05288701876997948,11,2219,,,,,
0.005447881296277046,11,2220,,,,,
0.05286802351474762,11,2221,,,,,
0.02391919307410717,11,2222,,,,,
0.008670133538544178,11,2223,,,,,
0.0023575234226882458,11,2224,,,,,
0.03601853922009468,11,2225,,,,,
0.04213099554181099,11,2226,,,,,
0.05023602768778801,11,2227,,,,,
0.02897794544696808,11,2228,,,,,
0.0012236114125698805,11,2229,,,,,
0.04738227277994156,11,2230,,,,,
0.034465059638023376,11,2231,,,,,
0.03907289355993271,11,2232,,,,,
0.06226075440645218,11,2233,,,,,
0.0836486667394638,11,2234,,,,,
0.0034042366314679384,11,2235,,,,,
0.008429798297584057,11,2236,,,,,
0.033850230276584625,11,2237,,,,,
0.012300807982683182,11,2238,,,,,
0.0021432123612612486,11,2239,,,,,
0.020223518833518028,11,2240,,,,,
0.002010516356676817,11,2241,,,,,
0.7360129356384277,11,2242,,,,,
0.023931697010993958,11,2243,,,,,
0.1066305860877037,11,2244,,,,,
0.08414442837238312,11,2245,,,,,
0.022468654438853264,11,2246,,,,,
0.0921892300248146,11,2247,,,,,
0.030137138441205025,11,2248,,,,,
0.013687442056834698,11,2249,,,,,
0.033241648226976395,11,2250,,,,,
0.031106077134609222,11,2251,,,,,
0.01830705627799034,11,2252,,,,,
0.016590654850006104,11,2253,,,,,
0.0011347481049597263,11,2254,,,,,
0.003018111689016223,11,2255,,,,,
0.022026048973202705,11,2256,,,,,
0.09672228991985321,11,2257,,,,,
0.10886683315038681,11,2258,,,,,
0.0037438850849866867,11,2259,,,,,
0.003518294310197234,11,2260,,,,,
0.07871299237012863,11,2261,,,,,
0.22796306014060974,11,2262,,,,,
0.01472887210547924,11,2263,,,,,
0.00529268104583025,11,2264,,,,,
0.009252391755580902,11,2265,,,,,
0.0074730534106493,11,2266,,,,,
0.03375410661101341,11,2267,,,,,
0.0012623141519725323,11,2268,,,,,
0.0008028885931707919,11,2269,,,,,
0.014207634143531322,11,2270,,,,,
0.17079295217990875,11,2271,,,,,
0.059938061982393265,11,2272,,,,,
0.012815175577998161,11,2273,,,,,
0.09345685690641403,11,2274,,,,,
0.4642972946166992,11,2275,,,,,
0.05456480011343956,11,2276,,,,,
0.0014565952587872744,11,2277,,,,,
0.015794098377227783,11,2278,,,,,
0.10246637463569641,11,2279,,,,,
0.038456156849861145,11,2280,,,,,
0.02283267118036747,11,2281,,,,,
0.004620503634214401,11,2282,,,,,
0.08553574234247208,11,2283,,,,,
0.004626973532140255,11,2284,,,,,
0.012128750793635845,11,2285,,,,,
0.004178037866950035,11,2286,,,,,
0.0329456701874733,11,2287,,,,,
0.010934432037174702,11,2288,,,,,
0.05577555671334267,11,2289,,,,,
0.0006637978367507458,11,2290,,,,,
0.18111290037631989,11,2291,,,,,
0.01159859262406826,11,2292,,,,,
0.012864410877227783,11,2293,,,,,
0.1538759171962738,11,2294,,,,,
0.04128098487854004,11,2295,,,,,
0.07998008280992508,11,2296,,,,,
0.19906294345855713,11,2297,,,,,
0.014338825829327106,11,2298,,,,,
0.029349738731980324,11,2299,,,,,
0.13656632602214813,11,2300,,,,,
0.009041083976626396,11,2301,,,,,
0.007163851521909237,11,2302,,,,,
0.017390171065926552,11,2303,,,,,
0.00635985191911459,11,2304,,,,,
0.1962868869304657,11,2305,,,,,
0.055548928678035736,11,2306,,,,,
0.09108562767505646,11,2307,,,,,
0.011836489662528038,11,2308,,,,,
0.09653406590223312,11,2309,,,,,
0.011517949402332306,11,2310,,,,,
0.009106392972171307,11,2311,,,,,
0.025974685326218605,11,2312,,,,,
0.012396829202771187,11,2313,,,,,
0.005426101852208376,11,2314,,,,,
0.0040115537121891975,11,2315,,,,,
0.04503082484006882,11,2316,,,,,
0.21334493160247803,11,2317,,,,,
0.016843777149915695,11,2318,,,,,
0.006362200248986483,11,2319,,,,,
0.015588781796395779,11,2320,,,,,
0.017349254339933395,11,2321,,,,,
0.015266134403645992,11,2322,,,,,
0.12141900509595871,11,2323,,,,,
0.04649416729807854,11,2324,,,,,
0.09036703407764435,11,2325,,,,,
0.009259429760277271,11,2326,,,,,
0.00968797318637371,11,2327,,,,,
0.019338032230734825,11,2328,,,,,
0.012787147425115108,11,2329,,,,,
0.030431974679231644,11,2330,,,,,
0.001451979042030871,11,2331,,,,,
0.00499608414247632,11,2332,,,,,
0.045801106840372086,11,2333,,,,,
0.06332691758871078,11,2334,,,,,
0.013502584770321846,11,2335,,,,,
0.03724765405058861,11,2336,,,,,
0.05148593708872795,11,2337,,,,,
0.020674195140600204,11,2338,,,,,
0.0067308261059224606,11,2339,,,,,
0.10891028493642807,11,2340,,,,,
0.004706056322902441,11,2341,,,,,
0.0023678888101130724,11,2342,,,,,
0.004092291463166475,11,2343,,,,,
0.013153347186744213,11,2344,,,,,
0.007837050594389439,11,2345,,,,,
0.05925796926021576,11,2346,,,,,
0.017350194975733757,11,2347,,,,,
0.01572161354124546,11,2348,,,,,
0.004816948901861906,11,2349,,,,,
0.015305067412555218,11,2350,,,,,
0.0013992903986945748,11,2351,,,,,
0.03787853568792343,11,2352,,,,,
0.011219814419746399,11,2353,,,,,
0.050522685050964355,11,2354,,,,,
0.005435799714177847,11,2355,,,,,
0.004404354840517044,11,2356,,,,,
0.001995410770177841,11,2357,,,,,
0.0473787784576416,11,2358,,,,,
0.004270555451512337,11,2359,,,,,
0.0022541387006640434,11,2360,,,,,
0.09200962632894516,11,2361,,,,,
0.00408406974747777,11,2362,,,,,
0.002499983413144946,11,2363,,,,,
0.008419403806328773,11,2364,,,,,
0.016069401055574417,11,2365,,,,,
0.12600019574165344,11,2366,,,,,
0.08838197588920593,11,2367,,,,,
0.09511273354291916,11,2368,,,,,
0.6705632209777832,11,2369,,,,,
0.05211789160966873,11,2370,,,,,
0.033258307725191116,11,2371,,,,,
0.007815621793270111,11,2372,,,,,
0.013010472990572453,11,2373,,,,,
0.0020250820089131594,11,2374,,,,,
0.030215566977858543,11,2375,,,,,
0.0045684403739869595,11,2376,,,,,
0.016555272042751312,11,2377,,,,,
0.035100992769002914,11,2378,,,,,
0.029564686119556427,11,2379,,,,,
0.5309163928031921,11,2380,,,,,
0.09183052182197571,11,2381,,,,,
0.018534179776906967,11,2382,,,,,
0.02479575015604496,11,2383,,,,,
0.036229442805051804,11,2384,,,,,
0.16979987919330597,11,2385,,,,,
0.021710000932216644,11,2386,,,,,
0.0017973417416214943,11,2387,,,,,
,,2189,0.0466669462621212,,,,
,,2190,0.026942986994981766,,,,
,,2191,0.0009480408043600619,,,,
,,2192,0.023778507485985756,,,,
,,2193,0.004915011115372181,,,,
,,2194,0.0016438195016235113,,,,
,,2195,0.033991821110248566,,,,
,,2196,0.041895586997270584,,,,
,,2197,0.07679535448551178,,,,
,,2198,0.03076690435409546,,,,
,,2199,0.001199321006424725,,,,
,,2200,0.0004580352106131613,,,,
,,2201,0.00478086294606328,,,,
,,2202,0.0011522261193022132,,,,
,,2203,0.0011294323485344648,,,,
,,2204,0.0003576143062673509,,,,
,,2205,0.028224647045135498,,,,
,,2206,0.03124699555337429,,,,
,,2207,0.0005963542498648167,,,,
,,2208,0.019914783537387848,,,,
,,2209,0.004344564396888018,,,,
,,2210,0.0008259252645075321,,,,
,,2211,0.000752203690353781,,,,
,,2212,0.0011359818745404482,,,,
,,2213,0.00027556662098504603,,,,
,,2214,0.026336027309298515,,,,
,,2215,0.0008099760743789375,,,,
,,2216,0.0004796050488948822,,,,
,,2217,0.00578552670776844,,,,
,,2218,0.0006979782483540475,,,,
,,2219,0.0007139568915590644,,,,
,,2220,0.00031001822208054364,,,,
,,2221,0.040059320628643036,,,,
,,2222,0.03349579498171806,,,,
,,2223,0.0007822296465747058,,,,
,,2224,0.021127091720700264,,,,
,,2225,0.004984133876860142,,,,
,,2226,0.001385947922244668,,,,
,,2227,0.004101858474314213,,,,
,,2228,0.0011805937392637134,,,,
,,2229,0.00038555028731934726,,,,
,,2230,0.0313887782394886,,,,
,,2231,0.0031275649089366198,,,,
,,2232,0.0003281009558122605,,,,
,,2233,0.007789277471601963,,,,
,,2234,0.010896703228354454,,,,
,,2235,0.00047138758236542344,,,,
,,2236,0.0003645156975835562,,,,
,,2237,0.017744673416018486,,,,
,,2238,0.03145073354244232,,,,
,,2239,0.0004963049432262778,,,,
,,2240,0.02402523346245289,,,,
,,2241,0.004123363643884659,,,,
,,2242,0.001028282567858696,,,,
,,2243,0.0009957056026905775,,,,
,,2244,0.0011342477519065142,,,,
,,2245,0.0003857022675219923,,,,
,,2246,0.027197910472750664,,,,
,,2247,0.027971606701612473,,,,
,,2248,0.0006127479718998075,,,,
,,2249,0.006198760122060776,,,,
,,2250,0.010169453918933868,,,,
,,2251,0.0005794381722807884,,,,
,,2252,0.00042731090798042715,,,,
,,2253,0.01326608844101429,,,,
,,2254,0.056305352598428726,,,,
,,2255,0.00045294821029528975,,,,
,,2256,0.00034392045927233994,,,,
,,2257,0.0041990727186203,,,,
,,2258,0.0009656867478042841,,,,
,,2259,0.00045470171608030796,,,,
,,2260,0.0008960827835835516,,,,
,,2261,0.0004218031244818121,,,,
,,2262,0.035212691873311996,,,,
,,2263,0.011959332972764969,,,,
,,2264,0.0003305013233330101,,,,
,,2265,0.008753402158617973,,,,
,,2266,0.009965511038899422,,,,
,,2267,0.00037829787470400333,,,,
,,2268,0.0003755563811864704,,,,
,,2269,0.01760442554950714,,,,
,,2270,0.010942374356091022,,,,
,,2271,0.0004737905692309141,,,,
,,2272,0.00045175899867899716,,,,
,,2273,0.01159331202507019,,,,
,,2274,0.0012966778595000505,,,,
,,2275,0.0010219230316579342,,,,
,,2276,0.015986256301403046,,,,
,,2277,0.0005741784116253257,,,,
,,2278,0.03919970616698265,,,,
,,2279,0.01994764246046543,,,,
,,2280,0.0005898402887396514,,,,
,,2281,0.006727673579007387,,,,
,,2282,0.01104823313653469,,,,
,,2283,0.0004343123873695731,,,,
,,2284,0.0010506602702662349,,,,
,,2285,0.0004041811916977167,,,,
,,2286,0.053710658103227615,,,,
,,2287,0.00047711003571748734,,,,
,,2288,0.00041503977263346314,,,,
,,2289,0.004391503054648638,,,,
,,2290,0.0008797146147117019,,,,
,,2291,0.0005129680503159761,,,,
,,2292,0.014391983859241009,,,,
,,2293,0.00030420071561820805,,,,
,,2294,0.0315377414226532,,,,
,,2295,0.022130418568849564,,,,
,,2296,0.022974522784352303,,,,
,,2297,0.0005254909629002213,,,,
,,2298,0.00496660964563489,,,,
,,2299,0.01770445704460144,,,,
,,2300,0.001177978003397584,,,,
,,2301,0.0003399557899683714,,,,
,,2302,0.048531826585531235,,,,
,,2303,0.0003791025374084711,,,,
,,2304,0.0002774112799670547,,,,
,,2305,0.00873660296201706,,,,
,,2306,0.003964236006140709,,,,
,,2307,0.0009634223533794284,,,,
,,2308,0.010652313940227032,,,,
,,2309,0.0007552183233201504,,,,
,,2310,0.0003107686643488705,,,,
,,2311,0.02932571806013584,,,,
,,2312,0.0006714467308484018,,,,
,,2313,0.0003421683213673532,,,,
,,2314,0.004530426114797592,,,,
,,2315,0.010950477793812752,,,,
,,2316,0.000473138177767396,,,,
,,2317,0.0002621414605528116,,,,
,,2318,0.023700065910816193,,,,
,,2319,0.05002877861261368,,,,
,,2320,0.0004043038934469223,,,,
,,2321,0.00047176587395370007,,,,
,,2322,0.004709465894848108,,,,
,,2323,0.0009967683581635356,,,,
,,2324,0.0006678517092950642,,,,
,,2325,0.0505826435983181,,,,
,,2326,0.00031188345747068524,,,,
,,2327,0.046907901763916016,,,,
,,2328,0.0272357240319252,,,,
,,2329,0.0005642533069476485,,,,
,,2330,0.009488586336374283,,,,
,,2331,0.011056609451770782,,,,
,,2332,0.0008238884620368481,,,,
,,2333,0.0002256922161905095,,,,
,,2334,0.027061402797698975,,,,
,,2335,0.026161937043070793,,,,
,,2336,0.0009347377927042544,,,,
,,2337,0.00030012321076355875,,,,
,,2338,0.005135476589202881,,,,
,,2339,0.0007698080153204501,,,,
,,2340,0.000656606163829565,,,,
,,2341,0.010431593284010887,,,,
,,2342,0.00029521537362597883,,,,
,,2343,0.026685940101742744,,,,
,,2344,0.03145437315106392,,,,
,,2345,0.00022725506278220564,,,,
,,2346,0.01134900189936161,,,,
,,2347,0.011938534677028656,,,,
,,2348,0.0008281483314931393,,,,
,,2349,0.0009502564207650721,,,,
,,2350,0.00025882740737870336,,,,
,,2351,0.09027885645627975,,,,
,,2352,0.0005160828586667776,,,,
,,2353,0.0006467675557360053,,,,
,,2354,0.0046458118595182896,,,,
,,2355,0.0009555669385008514,,,,
,,2356,0.0005722417263314128,,,,
,,2357,0.17270852625370026,,,,
,,2358,0.0003107246884610504,,,,
,,2359,0.032775893807411194,,,,
,,2360,0.027513792738318443,,,,
,,2361,0.0004389891109894961,,,,
,,2362,0.00033343920949846506,,,,
,,2363,0.004338402301073074,,,,
,,2364,0.0005816951743327081,,,,
,,2365,0.0010037625906988978,,,,
,,2366,0.00029924549744464457,,,,
,,2367,0.05295005068182945,,,,
,,2368,0.0003109537938144058,,,,
,,2369,0.0003276280185673386,,,,
,,2370,0.0010966857662424445,,,,
,,2371,0.00423447135835886,,,,
,,2372,0.001342720352113247,,,,
,,2373,0.009514860808849335,,,,
,,2374,0.0003735103236977011,,,,
,,2375,0.030167678371071815,,,,
,,2376,0.042918749153614044,,,,
,,2377,0.013534902594983578,,,,
,,2378,0.002283007837831974,,,,
,,2379,0.010384606197476387,,,,
,,2380,0.0030854614451527596,,,,
,,2381,0.001377046457491815,,,,
,,2382,0.0004383325867820531,,,,
,,2383,0.04688145965337753,,,,
,,2384,0.000411757588153705,,,,
,,2385,0.0009706509299576283,,,,
,,2386,0.005088289268314838,,,,
,,2387,0.001047887490130961,,,,
,11,2387,,0.01139574684202671,,,
,11,2387,,,0.0488596074283123,0.8737373948097229,0.9848484992980957
0.018023129552602768,12,2388,,,,,
0.009918550960719585,12,2389,,,,,
0.005293853580951691,12,2390,,,,,
0.010583906434476376,12,2391,,,,,
0.3128604590892792,12,2392,,,,,
0.055359553545713425,12,2393,,,,,
0.016644444316625595,12,2394,,,,,
0.009295422583818436,12,2395,,,,,
0.20349779725074768,12,2396,,,,,
0.007028735708445311,12,2397,,,,,
0.00043752798228524625,12,2398,,,,,
0.03120323084294796,12,2399,,,,,
0.3093522787094116,12,2400,,,,,
0.015867678448557854,12,2401,,,,,
0.10957329720258713,12,2402,,,,,
0.01739821769297123,12,2403,,,,,
0.3348407447338104,12,2404,,,,,
0.0014022699324414134,12,2405,,,,,
0.00231939903460443,12,2406,,,,,
0.008506277576088905,12,2407,,,,,
0.0026006808038800955,12,2408,,,,,
0.038304273039102554,12,2409,,,,,
0.005585938226431608,12,2410,,,,,
0.001680186134763062,12,2411,,,,,
0.001905156415887177,12,2412,,,,,
0.011625243350863457,12,2413,,,,,
0.015003746375441551,12,2414,,,,,
0.09048851579427719,12,2415,,,,,
0.0018433250952512026,12,2416,,,,,
0.02102770283818245,12,2417,,,,,
0.05685395747423172,12,2418,,,,,
0.088809534907341,12,2419,,,,,
0.004753704182803631,12,2420,,,,,
0.010384254157543182,12,2421,,,,,
0.025730062276124954,12,2422,,,,,
0.06229103356599808,12,2423,,,,,
0.2024957537651062,12,2424,,,,,
0.026411186903715134,12,2425,,,,,
0.13415876030921936,12,2426,,,,,
0.02322658710181713,12,2427,,,,,
0.020714273676276207,12,2428,,,,,
0.010504642501473427,12,2429,,,,,
0.012144611217081547,12,2430,,,,,
0.010284741409122944,12,2431,,,,,
0.002685046987608075,12,2432,,,,,
0.01554222870618105,12,2433,,,,,
0.0023049479350447655,12,2434,,,,,
0.004856923595070839,12,2435,,,,,
0.05120418965816498,12,2436,,,,,
0.01480812393128872,12,2437,,,,,
0.1285482943058014,12,2438,,,,,
0.003271049354225397,12,2439,,,,,
0.009035435505211353,12,2440,,,,,
0.0019927166868001223,12,2441,,,,,
0.0757526233792305,12,2442,,,,,
0.0025064032524824142,12,2443,,,,,
0.060764338821172714,12,2444,,,,,
0.0058512319810688496,12,2445,,,,,
0.0033731276635080576,12,2446,,,,,
0.08383253961801529,12,2447,,,,,
0.04603089764714241,12,2448,,,,,
0.10856026411056519,12,2449,,,,,
0.002325873589143157,12,2450,,,,,
0.037800684571266174,12,2451,,,,,
0.08217935264110565,12,2452,,,,,
0.06917180120944977,12,2453,,,,,
0.0535680428147316,12,2454,,,,,
0.002129057887941599,12,2455,,,,,
0.007943031378090382,12,2456,,,,,
0.017241844907402992,12,2457,,,,,
0.0011077704839408398,12,2458,,,,,
0.015433890745043755,12,2459,,,,,
0.00172026501968503,12,2460,,,,,
0.011502481997013092,12,2461,,,,,
0.009300241246819496,12,2462,,,,,
0.003937121480703354,12,2463,,,,,
0.00042981767910532653,12,2464,,,,,
0.003622203366830945,12,2465,,,,,
0.004599205683916807,12,2466,,,,,
0.0089273015037179,12,2467,,,,,
0.011837808415293694,12,2468,,,,,
0.07283148914575577,12,2469,,,,,
0.004448284395039082,12,2470,,,,,
0.003932309802621603,12,2471,,,,,
0.011856907978653908,12,2472,,,,,
0.03815669193863869,12,2473,,,,,
0.010750380344688892,12,2474,,,,,
0.04997037723660469,12,2475,,,,,
0.017877504229545593,12,2476,,,,,
0.013221748173236847,12,2477,,,,,
0.003469014074653387,12,2478,,,,,
0.020302997902035713,12,2479,,,,,
0.0024354334454983473,12,2480,,,,,
0.02203477919101715,12,2481,,,,,
0.03718108311295509,12,2482,,,,,
0.02011413499712944,12,2483,,,,,
0.007102780509740114,12,2484,,,,,
0.0012109001399949193,12,2485,,,,,
0.012995454482734203,12,2486,,,,,
0.035092636942863464,12,2487,,,,,
0.020335987210273743,12,2488,,,,,
0.002433649729937315,12,2489,,,,,
0.007226948160678148,12,2490,,,,,
0.016386838629841805,12,2491,,,,,
0.0059799752198159695,12,2492,,,,,
0.00018521679157856852,12,2493,,,,,
0.008876882493495941,12,2494,,,,,
0.00556148262694478,12,2495,,,,,
0.09493736177682877,12,2496,,,,,
0.11533623933792114,12,2497,,,,,
0.018375933170318604,12,2498,,,,,
0.030954161658883095,12,2499,,,,,
0.012641151435673237,12,2500,,,,,
0.019680695608258247,12,2501,,,,,
0.027155200019478798,12,2502,,,,,
0.10453226417303085,12,2503,,,,,
0.0030038473196327686,12,2504,,,,,
0.008130090311169624,12,2505,,,,,
0.013088434003293514,12,2506,,,,,
0.04645641893148422,12,2507,,,,,
0.08611840009689331,12,2508,,,,,
0.0018071193480864167,12,2509,,,,,
0.024033546447753906,12,2510,,,,,
0.02106814831495285,12,2511,,,,,
0.002260849578306079,12,2512,,,,,
0.006547965575009584,12,2513,,,,,
0.02219884656369686,12,2514,,,,,
0.0010280193528160453,12,2515,,,,,
0.015961263328790665,12,2516,,,,,
0.017021579667925835,12,2517,,,,,
0.05131888389587402,12,2518,,,,,
0.07708051055669785,12,2519,,,,,
0.08642449229955673,12,2520,,,,,
0.11742421984672546,12,2521,,,,,
0.08631449937820435,12,2522,,,,,
0.0011032747570425272,12,2523,,,,,
0.13428935408592224,12,2524,,,,,
0.020096177235245705,12,2525,,,,,
0.0071467082016170025,12,2526,,,,,
0.07070500403642654,12,2527,,,,,
0.1744156926870346,12,2528,,,,,
0.010300012305378914,12,2529,,,,,
0.0032762992195785046,12,2530,,,,,
0.03876013308763504,12,2531,,,,,
0.0033179521560668945,12,2532,,,,,
0.04202906787395477,12,2533,,,,,
0.0008731285925023258,12,2534,,,,,
0.004507395904511213,12,2535,,,,,
0.025831541046500206,12,2536,,,,,
0.029027996584773064,12,2537,,,,,
0.004400297068059444,12,2538,,,,,
0.0003616145404521376,12,2539,,,,,
0.0022297920659184456,12,2540,,,,,
0.006439988035708666,12,2541,,,,,
0.001011463813483715,12,2542,,,,,
0.0031588319689035416,12,2543,,,,,
0.034405119717121124,12,2544,,,,,
0.08463523536920547,12,2545,,,,,
0.2835891842842102,12,2546,,,,,
0.07297804951667786,12,2547,,,,,
0.02266751416027546,12,2548,,,,,
0.004548945929855108,12,2549,,,,,
0.005484872497618198,12,2550,,,,,
0.002294716890901327,12,2551,,,,,
0.04637524113059044,12,2552,,,,,
0.001779563957825303,12,2553,,,,,
0.0034304566215723753,12,2554,,,,,
0.010460536926984787,12,2555,,,,,
0.0006360103725455701,12,2556,,,,,
0.008249416016042233,12,2557,,,,,
0.0029098684899508953,12,2558,,,,,
0.025020280852913857,12,2559,,,,,
0.009797723032534122,12,2560,,,,,
0.12135379016399384,12,2561,,,,,
0.002407957799732685,12,2562,,,,,
0.016608865931630135,12,2563,,,,,
0.0459851436316967,12,2564,,,,,
0.021676335483789444,12,2565,,,,,
0.03046628087759018,12,2566,,,,,
0.00915300752967596,12,2567,,,,,
0.054877519607543945,12,2568,,,,,
0.00434649083763361,12,2569,,,,,
0.033568479120731354,12,2570,,,,,
0.017299523577094078,12,2571,,,,,
0.007032402325421572,12,2572,,,,,
0.04078410193324089,12,2573,,,,,
0.011766171082854271,12,2574,,,,,
0.0005471452022902668,12,2575,,,,,
0.0071356892585754395,12,2576,,,,,
0.005534237250685692,12,2577,,,,,
0.01019141636788845,12,2578,,,,,
0.008552733808755875,12,2579,,,,,
0.006002240348607302,12,2580,,,,,
0.0006152532296255231,12,2581,,,,,
0.001902932533994317,12,2582,,,,,
0.008527824655175209,12,2583,,,,,
0.023226579651236534,12,2584,,,,,
0.03885925933718681,12,2585,,,,,
0.0015812928322702646,12,2586,,,,,
,,2388,0.01888563297688961,,,,
,,2389,0.05354222655296326,,,,
,,2390,0.0017430847510695457,,,,
,,2391,0.008936887606978416,,,,
,,2392,0.00028005108470097184,,,,
,,2393,0.00010695325181586668,,,,
,,2394,0.10346055030822754,,,,
,,2395,0.04171276465058327,,,,
,,2396,0.033195313066244125,,,,
,,2397,0.060457244515419006,,,,
,,2398,0.00294044753536582,,,,
,,2399,0.0004374967247713357,,,,
,,2400,0.00023694970877841115,,,,
,,2401,0.00011042583355447277,,,,
,,2402,0.0010586784919723868,,,,
,,2403,0.0003108512028120458,,,,
,,2404,0.0024671938735991716,,,,
,,2405,0.059835806488990784,,,,
,,2406,0.0014703418128192425,,,,
,,2407,0.006596679333597422,,,,
,,2408,0.00024056689289864153,,,,
,,2409,7.536610792158172e-05,,,,
,,2410,8.835279732011259e-05,,,,
,,2411,0.0006624385132454336,,,,
,,2412,0.00023656163830310106,,,,
,,2413,0.05209222435951233,,,,
,,2414,0.0018059000140056014,,,,
,,2415,0.0004371211980469525,,,,
,,2416,0.0003714703780133277,,,,
,,2417,7.638415263500065e-05,,,,
,,2418,0.00011424381227698177,,,,
,,2419,0.000257788022281602,,,,
,,2420,0.07800981402397156,,,,
,,2421,0.06744842231273651,,,,
,,2422,0.003517882665619254,,,,
,,2423,0.007576337084174156,,,,
,,2424,0.0002485872246325016,,,,
,,2425,6.933181430213153e-05,,,,
,,2426,0.0016360048903152347,,,,
,,2427,0.0008246416691690683,,,,
,,2428,0.00032396684400737286,,,,
,,2429,0.06005355715751648,,,,
,,2430,0.000328009482473135,,,,
,,2431,0.0008924033609218895,,,,
,,2432,0.0005540138809010386,,,,
,,2433,0.003987387288361788,,,,
,,2434,3.075054701184854e-05,,,,
,,2435,0.00034136089379899204,,,,
,,2436,0.00565589964389801,,,,
,,2437,0.05844573304057121,,,,
,,2438,0.0009911522502079606,,,,
,,2439,0.008617838844656944,,,,
,,2440,0.0003072368854191154,,,,
,,2441,0.0008539894479326904,,,,
,,2442,6.186567770782858e-05,,,,
,,2443,0.000748118560295552,,,,
,,2444,0.00029758585151284933,,,,
,,2445,0.054027024656534195,,,,
,,2446,0.0025362595915794373,,,,
,,2447,0.0006027016206644475,,,,
,,2448,0.0004905429668724537,,,,
,,2449,0.0036119562573730946,,,,
,,2450,3.492082396405749e-05,,,,
,,2451,0.0003053451073355973,,,,
,,2452,0.0031572487205266953,,,,
,,2453,0.08872959762811661,,,,
,,2454,0.00040380918653681874,,,,
,,2455,0.0011386930709704757,,,,
,,2456,0.00028620261582545936,,,,
,,2457,0.0009044621256180108,,,,
,,2458,3.013799141626805e-05,,,,
,,2459,0.0006643360247835517,,,,
,,2460,0.0003640791692305356,,,,
,,2461,0.06505439430475235,,,,
,,2462,0.004056375939399004,,,,
,,2463,0.0005226013017818332,,,,
,,2464,0.0005844659171998501,,,,
,,2465,0.004029013682156801,,,,
,,2466,3.4264445275766775e-05,,,,
,,2467,0.00029853961314074695,,,,
,,2468,0.005812445189803839,,,,
,,2469,0.0023084483109414577,,,,
,,2470,0.00041694295941852033,,,,
,,2471,0.0009187156101688743,,,,
,,2472,0.0031065628863871098,,,,
,,2473,0.0014026036951690912,,,,
,,2474,0.00011044433631468564,,,,
,,2475,0.00365732004866004,,,,
,,2476,0.0004228605830576271,,,,
,,2477,0.07132793962955475,,,,
,,2478,0.007094637490808964,,,,
,,2479,0.0010936548933386803,,,,
,,2480,0.00048050066106952727,,,,
,,2481,0.0038875972386449575,,,,
,,2482,2.8304217266850173e-05,,,,
,,2483,0.0009431198122911155,,,,
,,2484,0.00033533864188939333,,,,
,,2485,0.08801224082708359,,,,
,,2486,0.0004845225194003433,,,,
,,2487,0.0016698691761121154,,,,
,,2488,0.0002968657645396888,,,,
,,2489,0.000701098411809653,,,,
,,2490,3.718576408573426e-05,,,,
,,2491,0.004159019328653812,,,,
,,2492,0.0002357838093303144,,,,
,,2493,0.058119360357522964,,,,
,,2494,0.0076578641310334206,,,,
,,2495,0.006340665277093649,,,,
,,2496,0.0005577098345384002,,,,
,,2497,0.000305831985315308,,,,
,,2498,0.07646641880273819,,,,
,,2499,0.0009171029669232666,,,,
,,2500,0.00026610770146362484,,,,
,,2501,0.08294878900051117,,,,
,,2502,0.0002959752455353737,,,,
,,2503,0.0005579867283813655,,,,
,,2504,0.0031454283744096756,,,,
,,2505,0.00021444319281727076,,,,
,,2506,5.860223245690577e-05,,,,
,,2507,0.003578086383640766,,,,
,,2508,0.0005835519987158477,,,,
,,2509,0.00023825035896152258,,,,
,,2510,0.05919459089636803,,,,
,,2511,0.0012495465343818069,,,,
,,2512,0.0003686508862301707,,,,
,,2513,0.00032216444378718734,,,,
,,2514,0.0040914868004620075,,,,
,,2515,5.4659882152918726e-05,,,,
,,2516,0.00020289841631893069,,,,
,,2517,0.006575690116733313,,,,
,,2518,0.08159851282835007,,,,
,,2519,0.00032573184580542147,,,,
,,2520,0.0007308537606149912,,,,
,,2521,0.0002662279293872416,,,,
,,2522,0.0006999392062425613,,,,
,,2523,5.579923163168132e-05,,,,
,,2524,0.06342431157827377,,,,
,,2525,0.0002494089712854475,,,,
,,2526,0.08196527510881424,,,,
,,2527,0.009892184287309647,,,,
,,2528,0.0008276306325569749,,,,
,,2529,0.0005434569902718067,,,,
,,2530,0.004593215882778168,,,,
,,2531,2.8661070246016607e-05,,,,
,,2532,0.0001897192414617166,,,,
,,2533,0.008416486904025078,,,,
,,2534,0.0543292760848999,,,,
,,2535,0.0007316760602407157,,,,
,,2536,0.0006622498040087521,,,,
,,2537,0.00027686747489497066,,,,
,,2538,0.0006745294667780399,,,,
,,2539,4.3267114961054176e-05,,,,
,,2540,0.004313073121011257,,,,
,,2541,0.00021477582049556077,,,,
,,2542,0.054109882563352585,,,,
,,2543,0.010652477853000164,,,,
,,2544,0.0004559387161862105,,,,
,,2545,0.0007577267824672163,,,,
,,2546,0.004249379504472017,,,,
,,2547,5.327128019416705e-05,,,,
,,2548,0.000633035961072892,,,,
,,2549,0.00020100278197787702,,,,
,,2550,0.16606850922107697,,,,
,,2551,0.00046654223115183413,,,,
,,2552,0.0033920439891517162,,,,
,,2553,0.00025052798446267843,,,,
,,2554,0.0006590947741642594,,,,
,,2555,2.36674677580595e-05,,,,
,,2556,0.2751881182193756,,,,
,,2557,0.00019764223543461412,,,,
,,2558,0.0652470663189888,,,,
,,2559,0.009657819755375385,,,,
,,2560,0.0010314119281247258,,,,
,,2561,0.0003410707286093384,,,,
,,2562,0.00022167235147207975,,,,
,,2563,4.035751044284552e-05,,,,
,,2564,0.000855874503031373,,,,
,,2565,0.00023972427879925817,,,,
,,2566,0.08226334303617477,,,,
,,2567,0.0002666456566657871,,,,
,,2568,0.0007225571316666901,,,,
,,2569,0.001889416598714888,,,,
,,2570,0.00022362511663232,,,,
,,2571,9.978492744266987e-05,,,,
,,2572,0.003258937504142523,,,,
,,2573,0.00026151997735723853,,,,
,,2574,0.05988623946905136,,,,
,,2575,0.06548421829938889,,,,
,,2576,0.0019043877255171537,,,,
,,2577,7.915592868812382e-05,,,,
,,2578,0.0006412950460799038,,,,
,,2579,0.00015870056813582778,,,,
,,2580,0.0009147925884462893,,,,
,,2581,0.0002929990296252072,,,,
,,2582,0.07814408093690872,,,,
,,2583,0.0003369181649759412,,,,
,,2584,0.0022268148604780436,,,,
,,2585,0.0003377800458110869,,,,
,,2586,0.0009687814745120704,,,,
,12,2586,,0.01362612284719944,,,
,12,2586,,,0.03326306864619255,0.8282828330993652,0.9797979593276978
0.005511934868991375,13,2587,,,,,
0.011511638760566711,13,2588,,,,,
0.0009597883909009397,13,2589,,,,,
0.06405456364154816,13,2590,,,,,
0.0011597508564591408,13,2591,,,,,
0.02450692653656006,13,2592,,,,,
0.005195294506847858,13,2593,,,,,
0.0008979208068922162,13,2594,,,,,
0.06288393586874008,13,2595,,,,,
0.0032383434008806944,13,2596,,,,,
0.008494301699101925,13,2597,,,,,
0.0030631148256361485,13,2598,,,,,
0.010191891342401505,13,2599,,,,,
0.00014727466623298824,13,2600,,,,,
0.0010545989498496056,13,2601,,,,,
0.05202000215649605,13,2602,,,,,
0.0002968164044432342,13,2603,,,,,
0.00021431621280498803,13,2604,,,,,
0.004888471681624651,13,2605,,,,,
0.08292703330516815,13,2606,,,,,
0.010610494762659073,13,2607,,,,,
0.002778154332190752,13,2608,,,,,
0.04166552424430847,13,2609,,,,,
0.0012477902928367257,13,2610,,,,,
0.28165242075920105,13,2611,,,,,
0.02515864185988903,13,2612,,,,,
0.0010925568640232086,13,2613,,,,,
0.006175292655825615,13,2614,,,,,
0.026596752926707268,13,2615,,,,,
0.013130242004990578,13,2616,,,,,
0.01643992029130459,13,2617,,,,,
0.06147224083542824,13,2618,,,,,
0.0033878551330417395,13,2619,,,,,
0.16966764628887177,13,2620,,,,,
0.032632797956466675,13,2621,,,,,
0.10290683805942535,13,2622,,,,,
0.016348347067832947,13,2623,,,,,
0.0034997493494302034,13,2624,,,,,
0.03077150322496891,13,2625,,,,,
0.00204737507738173,13,2626,,,,,
0.007614248897880316,13,2627,,,,,
0.010456995107233524,13,2628,,,,,
0.014661921188235283,13,2629,,,,,
0.003805099055171013,13,2630,,,,,
0.001291609019972384,13,2631,,,,,
0.002114581409841776,13,2632,,,,,
0.04879414662718773,13,2633,,,,,
0.0006638913764618337,13,2634,,,,,
0.08837545663118362,13,2635,,,,,
0.04032263904809952,13,2636,,,,,
0.04536207392811775,13,2637,,,,,
0.06643164157867432,13,2638,,,,,
0.013269759714603424,13,2639,,,,,
0.0034302338026463985,13,2640,,,,,
0.0016472063725814223,13,2641,,,,,
0.001804262399673462,13,2642,,,,,
0.001693579601123929,13,2643,,,,,
0.001304097124375403,13,2644,,,,,
0.02437403053045273,13,2645,,,,,
0.008812891319394112,13,2646,,,,,
0.002107745036482811,13,2647,,,,,
0.25367483496665955,13,2648,,,,,
0.39495396614074707,13,2649,,,,,
0.0009727049036882818,13,2650,,,,,
0.001810514135286212,13,2651,,,,,
0.009656664915382862,13,2652,,,,,
0.01005244068801403,13,2653,,,,,
0.0070528024807572365,13,2654,,,,,
0.010961310006678104,13,2655,,,,,
0.008710290305316448,13,2656,,,,,
0.003435371210798621,13,2657,,,,,
0.046395327895879745,13,2658,,,,,
0.0055391620844602585,13,2659,,,,,
0.06771618872880936,13,2660,,,,,
0.031253598630428314,13,2661,,,,,
0.014438221231102943,13,2662,,,,,
0.0020276105497032404,13,2663,,,,,
0.05923795700073242,13,2664,,,,,
0.006253316067159176,13,2665,,,,,
0.003745455527678132,13,2666,,,,,
0.01060928963124752,13,2667,,,,,
0.009117034263908863,13,2668,,,,,
0.005807357374578714,13,2669,,,,,
0.027923742309212685,13,2670,,,,,
0.04930166155099869,13,2671,,,,,
0.0444721095263958,13,2672,,,,,
0.004590850789099932,13,2673,,,,,
0.004917801823467016,13,2674,,,,,
0.017251091077923775,13,2675,,,,,
0.030214741826057434,13,2676,,,,,
0.0011855975026264787,13,2677,,,,,
0.0397057831287384,13,2678,,,,,
0.2873028814792633,13,2679,,,,,
0.0009457850246690214,13,2680,,,,,
0.0198216512799263,13,2681,,,,,
0.001123924390412867,13,2682,,,,,
0.034468479454517365,13,2683,,,,,
0.0009040147997438908,13,2684,,,,,
0.0009521637111902237,13,2685,,,,,
0.00525854155421257,13,2686,,,,,
0.004930837545543909,13,2687,,,,,
0.00257070898078382,13,2688,,,,,
0.13739296793937683,13,2689,,,,,
0.011024974286556244,13,2690,,,,,
0.20690710842609406,13,2691,,,,,
0.0024537325371056795,13,2692,,,,,
0.005010130815207958,13,2693,,,,,
0.02763473615050316,13,2694,,,,,
0.0031777801923453808,13,2695,,,,,
0.02376886084675789,13,2696,,,,,
0.0030187000520527363,13,2697,,,,,
0.027792664244771004,13,2698,,,,,
0.0048387073911726475,13,2699,,,,,
0.04084125533699989,13,2700,,,,,
0.26202061772346497,13,2701,,,,,
0.21043555438518524,13,2702,,,,,
0.009078738279640675,13,2703,,,,,
0.027239717543125153,13,2704,,,,,
0.0027954678516834974,13,2705,,,,,
0.3005446195602417,13,2706,,,,,
0.026155317202210426,13,2707,,,,,
0.006777825765311718,13,2708,,,,,
0.038870669901371,13,2709,,,,,
0.030810972675681114,13,2710,,,,,
0.05227070301771164,13,2711,,,,,
0.06397092342376709,13,2712,,,,,
0.023451413959264755,13,2713,,,,,
0.020180251449346542,13,2714,,,,,
0.17643682658672333,13,2715,,,,,
0.025036916136741638,13,2716,,,,,
0.006543608382344246,13,2717,,,,,
0.015033366158604622,13,2718,,,,,
0.004618747625499964,13,2719,,,,,
0.003668645629659295,13,2720,,,,,
0.009794446639716625,13,2721,,,,,
0.013959492556750774,13,2722,,,,,
0.0021377678494900465,13,2723,,,,,
0.03159130737185478,13,2724,,,,,
0.0051158820278942585,13,2725,,,,,
0.06948337703943253,13,2726,,,,,
0.03678397834300995,13,2727,,,,,
0.008381890133023262,13,2728,,,,,
0.05022692680358887,13,2729,,,,,
0.04603094607591629,13,2730,,,,,
0.2965187728404999,13,2731,,,,,
0.02455735020339489,13,2732,,,,,
0.0174125786870718,13,2733,,,,,
0.025646155700087547,13,2734,,,,,
0.026261795312166214,13,2735,,,,,
0.021362479776144028,13,2736,,,,,
0.058071017265319824,13,2737,,,,,
0.012135663069784641,13,2738,,,,,
0.0006424085004255176,13,2739,,,,,
0.03446958586573601,13,2740,,,,,
0.0009643703233450651,13,2741,,,,,
0.038093529641628265,13,2742,,,,,
0.020169546827673912,13,2743,,,,,
0.009491532109677792,13,2744,,,,,
0.06255295127630234,13,2745,,,,,
0.0063203368335962296,13,2746,,,,,
0.008973607793450356,13,2747,,,,,
0.2751190662384033,13,2748,,,,,
0.0009596894378773868,13,2749,,,,,
0.12486974149942398,13,2750,,,,,
0.1488490253686905,13,2751,,,,,
0.0016676803352311254,13,2752,,,,,
0.0069887880235910416,13,2753,,,,,
0.001269355183467269,13,2754,,,,,
0.003386173862963915,13,2755,,,,,
0.008864032104611397,13,2756,,,,,
0.023200569674372673,13,2757,,,,,
0.010110766626894474,13,2758,,,,,
0.007183470297604799,13,2759,,,,,
0.11271034181118011,13,2760,,,,,
0.04601089283823967,13,2761,,,,,
0.0028162056114524603,13,2762,,,,,
0.017015479505062103,13,2763,,,,,
0.014710214920341969,13,2764,,,,,
0.0018749464070424438,13,2765,,,,,
0.015321719460189342,13,2766,,,,,
0.007167517207562923,13,2767,,,,,
0.007348411250859499,13,2768,,,,,
0.014096109196543694,13,2769,,,,,
0.019641071557998657,13,2770,,,,,
0.01128834206610918,13,2771,,,,,
0.00785720907151699,13,2772,,,,,
0.03251243382692337,13,2773,,,,,
0.0004720700380858034,13,2774,,,,,
0.021925415843725204,13,2775,,,,,
0.007601926568895578,13,2776,,,,,
0.007496473845094442,13,2777,,,,,
0.012009868398308754,13,2778,,,,,
0.006717356853187084,13,2779,,,,,
0.004075104370713234,13,2780,,,,,
0.007176033221185207,13,2781,,,,,
0.002483631018549204,13,2782,,,,,
0.013253853656351566,13,2783,,,,,
0.005214149132370949,13,2784,,,,,
0.017238257452845573,13,2785,,,,,
,,2587,0.01299953181296587,,,,
,,2588,0.06813570857048035,,,,
,,2589,0.0005337573820725083,,,,
,,2590,0.004516888875514269,,,,
,,2591,0.00027532727108336985,,,,
,,2592,0.0006741602555848658,,,,
,,2593,0.20339085161685944,,,,
,,2594,0.17093367874622345,,,,
,,2595,0.024242009967565536,,,,
,,2596,0.07931935042142868,,,,
,,2597,0.001110357465222478,,,,
,,2598,0.0005279260803945363,,,,
,,2599,0.0001630390324862674,,,,
,,2600,9.232973388861865e-05,,,,
,,2601,0.0008738739998079836,,,,
,,2602,0.00036665561492554843,,,,
,,2603,0.0031275872606784105,,,,
,,2604,0.07819397747516632,,,,
,,2605,0.0005833754548802972,,,,
,,2606,0.004074231255799532,,,,
,,2607,0.0002445180434733629,,,,
,,2608,0.0005205064080655575,,,,
,,2609,0.0005013174959458411,,,,
,,2610,0.0007170407916419208,,,,
,,2611,0.0003341163683217019,,,,
,,2612,0.0743684470653534,,,,
,,2613,0.0007147793658077717,,,,
,,2614,0.0005210633389651775,,,,
,,2615,0.00039142812602221966,,,,
,,2616,0.00035286296042613685,,,,
,,2617,0.0002664123603608459,,,,
,,2618,0.0003318109083920717,,,,
,,2619,0.25219544768333435,,,,
,,2620,0.24877414107322693,,,,
,,2621,0.0006252581370063126,,,,
,,2622,0.0038478474598377943,,,,
,,2623,0.00018049577192869037,,,,
,,2624,4.9849517381517217e-05,,,,
,,2625,0.09700077772140503,,,,
,,2626,0.0006683134124614298,,,,
,,2627,0.00032621141872368753,,,,
,,2628,0.07395931333303452,,,,
,,2629,0.0004065880202688277,,,,
,,2630,0.0002934918738901615,,,,
,,2631,0.0004934913595207036,,,,
,,2632,0.0024440851993858814,,,,
,,2633,0.00033027431345544755,,,,
,,2634,0.00035504906554706395,,,,
,,2635,0.003643035888671875,,,,
,,2636,0.07708495855331421,,,,
,,2637,0.00044986791908741,,,,
,,2638,0.004497349262237549,,,,
,,2639,0.0003579469630494714,,,,
,,2640,0.0007154318736866117,,,,
,,2641,0.0009157920139841735,,,,
,,2642,0.000589891686104238,,,,
,,2643,0.0003137794847134501,,,,
,,2644,0.0728498101234436,,,,
,,2645,0.1443147212266922,,,,
,,2646,0.0005661018658429384,,,,
,,2647,0.0003232938761357218,,,,
,,2648,0.0019957611802965403,,,,
,,2649,4.865160371991806e-05,,,,
,,2650,0.0003803054860327393,,,,
,,2651,0.002914691809564829,,,,
,,2652,0.10843297839164734,,,,
,,2653,0.00033071328653022647,,,,
,,2654,0.0003390907368157059,,,,
,,2655,0.0002653737901709974,,,,
,,2656,0.0006961324252188206,,,,
,,2657,0.00017765785742085427,,,,
,,2658,0.0005933999200351536,,,,
,,2659,0.000378329714294523,,,,
,,2660,0.07853011041879654,,,,
,,2661,0.002104363404214382,,,,
,,2662,0.0003386233584024012,,,,
,,2663,0.0003794104268308729,,,,
,,2664,0.0022754522506147623,,,,
,,2665,0.0007425372605212033,,,,
,,2666,0.0003326888254377991,,,,
,,2667,0.0033805817365646362,,,,
,,2668,0.0020628850907087326,,,,
,,2669,0.00033590022940188646,,,,
,,2670,0.0003557409218046814,,,,
,,2671,0.17817765474319458,,,,
,,2672,0.0009025983745232224,,,,
,,2673,0.0002962629951070994,,,,
,,2674,0.0020086567383259535,,,,
,,2675,0.0005125998868606985,,,,
,,2676,0.09060809016227722,,,,
,,2677,0.004282983485609293,,,,
,,2678,0.00036112029920332134,,,,
,,2679,0.0003388460318092257,,,,
,,2680,0.002288698684424162,,,,
,,2681,0.00022628234000876546,,,,
,,2682,0.0008978010155260563,,,,
,,2683,0.00035588740138337016,,,,
,,2684,0.09986668080091476,,,,
,,2685,0.0012806459562852979,,,,
,,2686,0.00044297799468040466,,,,
,,2687,0.0002668668457772583,,,,
,,2688,0.0007128095021471381,,,,
,,2689,0.00024131362442858517,,,,
,,2690,0.0022232686169445515,,,,
,,2691,0.00029758873279206455,,,,
,,2692,0.07666190713644028,,,,
,,2693,0.0045700678601861,,,,
,,2694,0.0025686114095151424,,,,
,,2695,0.0005056025111116469,,,,
,,2696,0.0003415422106627375,,,,
,,2697,0.23810407519340515,,,,
,,2698,0.0008003927650861442,,,,
,,2699,0.0003199149505235255,,,,
,,2700,0.10344810038805008,,,,
,,2701,0.0003381825517863035,,,,
,,2702,0.00025162831298075616,,,,
,,2703,0.0012338338419795036,,,,
,,2704,0.00015489816723857075,,,,
,,2705,0.00018428133626002818,,,,
,,2706,0.0020067712757736444,,,,
,,2707,0.0006191259017214179,,,,
,,2708,0.0002782286610454321,,,,
,,2709,0.07746639102697372,,,,
,,2710,0.0006337195518426597,,,,
,,2711,0.0004023650544695556,,,,
,,2712,0.0003790559130720794,,,,
,,2713,0.0021893824450671673,,,,
,,2714,0.0002799085923470557,,,,
,,2715,0.0002673647250048816,,,,
,,2716,0.004339699633419514,,,,
,,2717,0.10577871650457382,,,,
,,2718,0.00034708387102000415,,,,
,,2719,0.000430781306931749,,,,
,,2720,0.0002828285505529493,,,,
,,2721,0.0007047616527415812,,,,
,,2722,0.0012289138976484537,,,,
,,2723,0.10839719325304031,,,,
,,2724,0.0005789226852357388,,,,
,,2725,0.1001049056649208,,,,
,,2726,0.005341124255210161,,,,
,,2727,0.00026924238773062825,,,,
,,2728,0.00029303814517334104,,,,
,,2729,0.00209742970764637,,,,
,,2730,5.7928824389819056e-05,,,,
,,2731,0.00021579551685135812,,,,
,,2732,0.004302800167351961,,,,
,,2733,0.07544413208961487,,,,
,,2734,0.0006920103915035725,,,,
,,2735,0.00018502803868614137,,,,
,,2736,0.00023953235358931124,,,,
,,2737,0.0005758049082942307,,,,
,,2738,0.00040849510696716607,,,,
,,2739,0.0021941852755844593,,,,
,,2740,0.0002939524420071393,,,,
,,2741,0.07881999015808105,,,,
,,2742,0.006350195966660976,,,,
,,2743,0.00026956808869726956,,,,
,,2744,0.0006331746699288487,,,,
,,2745,0.0021110395900905132,,,,
,,2746,0.0002245349605800584,,,,
,,2747,0.0007751340162940323,,,,
,,2748,0.00024289473367389292,,,,
,,2749,0.37697547674179077,,,,
,,2750,0.000426790356868878,,,,
,,2751,0.00029041426023468375,,,,
,,2752,0.00017802226648200303,,,,
,,2753,0.0006741766119375825,,,,
,,2754,4.40618532593362e-05,,,,
,,2755,0.32479017972946167,,,,
,,2756,0.00025603026733733714,,,,
,,2757,0.08527369052171707,,,,
,,2758,0.005046354606747627,,,,
,,2759,0.00035134307108819485,,,,
,,2760,0.00035946062416769564,,,,
,,2761,0.00019444143981672823,,,,
,,2762,0.0003055738634429872,,,,
,,2763,0.0007207613671198487,,,,
,,2764,0.0002686122024897486,,,,
,,2765,0.10527624934911728,,,,
,,2766,0.00027623973437584937,,,,
,,2767,0.00024534756084904075,,,,
,,2768,0.0010130563750863075,,,,
,,2769,0.0004771137610077858,,,,
,,2770,0.001433993922546506,,,,
,,2771,0.0017294480931013823,,,,
,,2772,0.00031106415553949773,,,,
,,2773,0.08276508003473282,,,,
,,2774,0.2773725688457489,,,,
,,2775,0.2352801263332367,,,,
,,2776,0.0001637970271985978,,,,
,,2777,0.0009504858171567321,,,,
,,2778,7.024517981335521e-05,,,,
,,2779,0.0008187227067537606,,,,
,,2780,0.000297696387860924,,,,
,,2781,0.09986429661512375,,,,
,,2782,0.0002758968039415777,,,,
,,2783,0.0002524085284676403,,,,
,,2784,0.0002783086383715272,,,,
,,2785,0.0007113336469046772,,,,
,13,2785,,0.024825168773531914,,,
,13,2785,,,0.034610845148563385,0.8030303120613098,0.9444444179534912
0.005711009260267019,14,2786,,,,,
0.0186080913990736,14,2787,,,,,
0.09740055352449417,14,2788,,,,,
0.0044633857905864716,14,2789,,,,,
0.13179664313793182,14,2790,,,,,
0.010730317793786526,14,2791,,,,,
0.009503734298050404,14,2792,,,,,
0.039683595299720764,14,2793,,,,,
0.08312802016735077,14,2794,,,,,
0.01467876322567463,14,2795,,,,,
0.021624792367219925,14,2796,,,,,
0.04009660705924034,14,2797,,,,,
0.03884021192789078,14,2798,,,,,
0.034451812505722046,14,2799,,,,,
0.008758212439715862,14,2800,,,,,
0.0015876872930675745,14,2801,,,,,
0.003388083539903164,14,2802,,,,,
0.0005813917377963662,14,2803,,,,,
0.05984320491552353,14,2804,,,,,
0.004294844344258308,14,2805,,,,,
0.04512133449316025,14,2806,,,,,
0.0006902762688696384,14,2807,,,,,
0.00950043834745884,14,2808,,,,,
0.006626137066632509,14,2809,,,,,
0.008851866237819195,14,2810,,,,,
0.0026259596925228834,14,2811,,,,,
0.02737542800605297,14,2812,,,,,
0.3763333559036255,14,2813,,,,,
0.0009132838458754122,14,2814,,,,,
0.004006421659141779,14,2815,,,,,
0.0025309575721621513,14,2816,,,,,
0.003494341392070055,14,2817,,,,,
0.00355735351331532,14,2818,,,,,
0.011719508096575737,14,2819,,,,,
0.0007998950895853341,14,2820,,,,,
0.0018866187892854214,14,2821,,,,,
0.002100458601489663,14,2822,,,,,
0.006380654405802488,14,2823,,,,,
0.03203464671969414,14,2824,,,,,
0.02460096776485443,14,2825,,,,,
0.006279728841036558,14,2826,,,,,
0.012366578914225101,14,2827,,,,,
0.050215523689985275,14,2828,,,,,
0.019872574135661125,14,2829,,,,,
0.0008879551896825433,14,2830,,,,,
0.001214207150042057,14,2831,,,,,
0.07411780953407288,14,2832,,,,,
0.0006650130380876362,14,2833,,,,,
0.0016671366756781936,14,2834,,,,,
0.10534817725419998,14,2835,,,,,
0.04798579588532448,14,2836,,,,,
0.004686583764851093,14,2837,,,,,
0.007640893571078777,14,2838,,,,,
0.08538376539945602,14,2839,,,,,
0.03894966468214989,14,2840,,,,,
0.0004796667490154505,14,2841,,,,,
0.0005564424791373312,14,2842,,,,,
0.0001730123913148418,14,2843,,,,,
0.06400737166404724,14,2844,,,,,
0.008830555714666843,14,2845,,,,,
0.0440540686249733,14,2846,,,,,
0.002167423954233527,14,2847,,,,,
0.017760520800948143,14,2848,,,,,
0.010760258883237839,14,2849,,,,,
0.07626364380121231,14,2850,,,,,
0.0008292632992379367,14,2851,,,,,
0.005322258919477463,14,2852,,,,,
0.0019902093335986137,14,2853,,,,,
0.054446302354335785,14,2854,,,,,
0.009570403955876827,14,2855,,,,,
0.017198842018842697,14,2856,,,,,
0.0040598982013762,14,2857,,,,,
0.002991562243551016,14,2858,,,,,
0.04342206194996834,14,2859,,,,,
0.046130646020174026,14,2860,,,,,
0.0004899636842310429,14,2861,,,,,
0.06063215807080269,14,2862,,,,,
0.022856097668409348,14,2863,,,,,
0.40022650361061096,14,2864,,,,,
0.00046810199273750186,14,2865,,,,,
0.1840955913066864,14,2866,,,,,
0.1416575014591217,14,2867,,,,,
0.09012288600206375,14,2868,,,,,
0.09968959540128708,14,2869,,,,,
0.03870469331741333,14,2870,,,,,
0.09041160345077515,14,2871,,,,,
0.00365579966455698,14,2872,,,,,
0.00527598662301898,14,2873,,,,,
0.01796042174100876,14,2874,,,,,
0.051926225423812866,14,2875,,,,,
0.010422133840620518,14,2876,,,,,
0.012400819920003414,14,2877,,,,,
0.0002832830941770226,14,2878,,,,,
0.04467814788222313,14,2879,,,,,
0.01603953167796135,14,2880,,,,,
0.08065818250179291,14,2881,,,,,
0.004669970367103815,14,2882,,,,,
0.007612221874296665,14,2883,,,,,
0.04526910558342934,14,2884,,,,,
0.042068034410476685,14,2885,,,,,
0.00308249075897038,14,2886,,,,,
0.0022056077141314745,14,2887,,,,,
0.006237184628844261,14,2888,,,,,
0.02494668960571289,14,2889,,,,,
0.01056036539375782,14,2890,,,,,
0.01836063154041767,14,2891,,,,,
0.0023576635867357254,14,2892,,,,,
0.001476780860684812,14,2893,,,,,
0.03186789155006409,14,2894,,,,,
0.005377728492021561,14,2895,,,,,
0.003053918480873108,14,2896,,,,,
0.0004141635727137327,14,2897,,,,,
0.05127879977226257,14,2898,,,,,
0.0036985273472964764,14,2899,,,,,
0.024245690554380417,14,2900,,,,,
0.039486270397901535,14,2901,,,,,
0.018065860494971275,14,2902,,,,,
0.001893582521006465,14,2903,,,,,
0.06724877655506134,14,2904,,,,,
0.0011187068885192275,14,2905,,,,,
0.00848789606243372,14,2906,,,,,
0.03217146173119545,14,2907,,,,,
0.00680967140942812,14,2908,,,,,
0.0024310012813657522,14,2909,,,,,
0.005201216321438551,14,2910,,,,,
0.0778656005859375,14,2911,,,,,
0.027792898938059807,14,2912,,,,,
0.07501834630966187,14,2913,,,,,
0.03395555540919304,14,2914,,,,,
0.04063647240400314,14,2915,,,,,
0.022423995658755302,14,2916,,,,,
0.0065316129475831985,14,2917,,,,,
0.22285932302474976,14,2918,,,,,
0.002226657932624221,14,2919,,,,,
0.06977961957454681,14,2920,,,,,
0.07438136637210846,14,2921,,,,,
0.04852542281150818,14,2922,,,,,
0.017852993682026863,14,2923,,,,,
0.13478298485279083,14,2924,,,,,
0.007456794381141663,14,2925,,,,,
0.012206165120005608,14,2926,,,,,
0.05974089726805687,14,2927,,,,,
0.015972187742590904,14,2928,,,,,
0.0010723625309765339,14,2929,,,,,
0.006383969914168119,14,2930,,,,,
0.0035455976612865925,14,2931,,,,,
0.013585398904979229,14,2932,,,,,
0.1205391213297844,14,2933,,,,,
0.025684915482997894,14,2934,,,,,
0.012759864330291748,14,2935,,,,,
0.039146728813648224,14,2936,,,,,
0.02352859079837799,14,2937,,,,,
0.006828737910836935,14,2938,,,,,
0.0003801591519732028,14,2939,,,,,
0.06412550061941147,14,2940,,,,,
0.009252519346773624,14,2941,,,,,
0.01601356267929077,14,2942,,,,,
0.0695795789361,14,2943,,,,,
0.016161693260073662,14,2944,,,,,
0.004662480670958757,14,2945,,,,,
0.005187838803976774,14,2946,,,,,
0.0399242527782917,14,2947,,,,,
0.0035530533641576767,14,2948,,,,,
0.013092000968754292,14,2949,,,,,
0.017141589894890785,14,2950,,,,,
0.006759887095540762,14,2951,,,,,
0.03750286623835564,14,2952,,,,,
0.0003366731689311564,14,2953,,,,,
0.004880500491708517,14,2954,,,,,
0.007459580432623625,14,2955,,,,,
0.04519147798418999,14,2956,,,,,
0.00431759562343359,14,2957,,,,,
0.01675434038043022,14,2958,,,,,
0.07551485300064087,14,2959,,,,,
0.034657370299100876,14,2960,,,,,
0.08321692794561386,14,2961,,,,,
0.0012724980479106307,14,2962,,,,,
0.02121204324066639,14,2963,,,,,
0.015096104703843594,14,2964,,,,,
0.0013066342798992991,14,2965,,,,,
0.001359859830699861,14,2966,,,,,
0.0071318745613098145,14,2967,,,,,
0.0002341326471650973,14,2968,,,,,
0.0011318090837448835,14,2969,,,,,
0.02971801906824112,14,2970,,,,,
0.00048694509314373136,14,2971,,,,,
0.02133036032319069,14,2972,,,,,
0.0058484748005867004,14,2973,,,,,
0.0008363965898752213,14,2974,,,,,
0.003221292980015278,14,2975,,,,,
0.19942590594291687,14,2976,,,,,
0.0030545401386916637,14,2977,,,,,
0.0015701201045885682,14,2978,,,,,
0.1862579733133316,14,2979,,,,,
0.0003145300142932683,14,2980,,,,,
0.006170232314616442,14,2981,,,,,
0.007029431406408548,14,2982,,,,,
0.026115788146853447,14,2983,,,,,
0.047221094369888306,14,2984,,,,,
,,2786,0.023497609421610832,,,,
,,2787,0.02205400913953781,,,,
,,2788,0.011823859065771103,,,,
,,2789,0.029467545449733734,,,,
,,2790,0.027372177690267563,,,,
,,2791,0.039471205323934555,,,,
,,2792,0.011306346394121647,,,,
,,2793,0.00012447293556760997,,,,
,,2794,0.05156579613685608,,,,
,,2795,0.08433126658201218,,,,
,,2796,0.06516311317682266,,,,
,,2797,0.0017190099461004138,,,,
,,2798,0.06242121011018753,,,,
,,2799,0.137965127825737,,,,
,,2800,0.006309330929070711,,,,
,,2801,0.0024794621858745813,,,,
,,2802,0.016370033845305443,,,,
,,2803,0.02679567225277424,,,,
,,2804,0.0033863827120512724,,,,
,,2805,0.01874287612736225,,,,
,,2806,0.004707762040197849,,,,
,,2807,0.0431918241083622,,,,
,,2808,0.027471227571368217,,,,
,,2809,0.000301568943541497,,,,
,,2810,0.005509677343070507,,,,
,,2811,0.03211427852511406,,,,
,,2812,0.0051687536761164665,,,,
,,2813,0.0020129831973463297,,,,
,,2814,0.010584257543087006,,,,
,,2815,0.05960417911410332,,,,
,,2816,0.05499417334794998,,,,
,,2817,0.0003067692450713366,,,,
,,2818,0.025022821500897408,,,,
,,2819,0.019044194370508194,,,,
,,2820,0.0426473468542099,,,,
,,2821,0.07066759467124939,,,,
,,2822,0.12437859922647476,,,,
,,2823,0.12949372828006744,,,,
,,2824,0.005217656958848238,,,,
,,2825,0.0016515458701178432,,,,
,,2826,0.0015943171456456184,,,,
,,2827,0.03844982013106346,,,,
,,2828,0.0009553002892062068,,,,
,,2829,0.005450205411761999,,,,
,,2830,0.006563294678926468,,,,
,,2831,0.01228629145771265,,,,
,,2832,0.04310556501150131,,,,
,,2833,0.00027929761563427746,,,,
,,2834,0.014797456562519073,,,,
,,2835,0.021778317168354988,,,,
,,2836,0.008811826817691326,,,,
,,2837,0.024872347712516785,,,,
,,2838,0.005054844543337822,,,,
,,2839,0.0032786487136036158,,,,
,,2840,0.055239565670490265,,,,
,,2841,0.0017812201986089349,,,,
,,2842,0.0003606573445722461,,,,
,,2843,0.016833337023854256,,,,
,,2844,0.0006294914637692273,,,,
,,2845,0.044810548424720764,,,,
,,2846,0.06768790632486343,,,,
,,2847,0.10073069483041763,,,,
,,2848,0.15427061915397644,,,,
,,2849,0.000769943231716752,,,,
,,2850,0.005772750359028578,,,,
,,2851,0.060754209756851196,,,,
,,2852,0.00156967097427696,,,,
,,2853,0.013554195873439312,,,,
,,2854,0.0056807613000273705,,,,
,,2855,0.001196184428408742,,,,
,,2856,0.041102807968854904,,,,
,,2857,0.00035408735857345164,,,,
,,2858,0.00025705635198391974,,,,
,,2859,0.026138827204704285,,,,
,,2860,0.007019921205937862,,,,
,,2861,0.00038907380076125264,,,,
,,2862,0.01622995361685753,,,,
,,2863,0.012921676971018314,,,,
,,2864,0.038789302110672,,,,
,,2865,0.0008594453684054315,,,,
,,2866,0.02058643475174904,,,,
,,2867,0.0035746146459132433,,,,
,,2868,0.00035776104778051376,,,,
,,2869,0.0011219364823773503,,,,
,,2870,0.0009856130927801132,,,,
,,2871,0.11044584959745407,,,,
,,2872,0.21438610553741455,,,,
,,2873,0.22714732587337494,,,,
,,2874,0.06837527453899384,,,,
,,2875,0.05300113558769226,,,,
,,2876,0.03253379836678505,,,,
,,2877,0.019580265507102013,,,,
,,2878,0.06946692615747452,,,,
,,2879,0.02199387550354004,,,,
,,2880,0.06520213186740875,,,,
,,2881,0.0016016641166061163,,,,
,,2882,0.0004562307440210134,,,,
,,2883,0.0402032770216465,,,,
,,2884,0.000699283613357693,,,,
,,2885,0.0027503017336130142,,,,
,,2886,0.0009633558802306652,,,,
,,2887,0.011650638654828072,,,,
,,2888,0.07862292230129242,,,,
,,2889,0.014107370749115944,,,,
,,2890,0.0005873189074918628,,,,
,,2891,0.032231975346803665,,,,
,,2892,0.02501010335981846,,,,
,,2893,0.0044525908306241035,,,,
,,2894,0.0005067060119472444,,,,
,,2895,0.002713138237595558,,,,
,,2896,0.0031014252454042435,,,,
,,2897,0.01425127498805523,,,,
,,2898,0.0020418574567884207,,,,
,,2899,0.06569292396306992,,,,
,,2900,0.0005011340836063027,,,,
,,2901,0.005570386536419392,,,,
,,2902,0.0027060341089963913,,,,
,,2903,0.010603420436382294,,,,
,,2904,0.049786873161792755,,,,
,,2905,0.013537547551095486,,,,
,,2906,0.0012008140329271555,,,,
,,2907,0.0003588083782233298,,,,
,,2908,0.021428769454360008,,,,
,,2909,0.0012295936467126012,,,,
,,2910,0.0001952585589606315,,,,
,,2911,0.0015192987630143762,,,,
,,2912,0.008286229334771633,,,,
,,2913,0.004149160347878933,,,,
,,2914,0.0009007680928334594,,,,
,,2915,0.018341343849897385,,,,
,,2916,0.05005131661891937,,,,
,,2917,0.0006021902081556618,,,,
,,2918,0.002067777793854475,,,,
,,2919,0.008684076368808746,,,,
,,2920,0.0004019598418381065,,,,
,,2921,0.009403596632182598,,,,
,,2922,0.00017567278700880706,,,,
,,2923,0.032999347895383835,,,,
,,2924,0.10742484033107758,,,,
,,2925,0.10209532082080841,,,,
,,2926,0.07842154800891876,,,,
,,2927,0.05077245086431503,,,,
,,2928,0.061120420694351196,,,,
,,2929,0.15681210160255432,,,,
,,2930,0.004439369309693575,,,,
,,2931,0.035264961421489716,,,,
,,2932,0.0307915136218071,,,,
,,2933,0.00392088433727622,,,,
,,2934,0.009782026521861553,,,,
,,2935,0.006113037467002869,,,,
,,2936,0.0011820594081655145,,,,
,,2937,0.043634552508592606,,,,
,,2938,0.008328424766659737,,,,
,,2939,0.00019164237892255187,,,,
,,2940,0.04156993702054024,,,,
,,2941,0.03451173007488251,,,,
,,2942,0.003248251276090741,,,,
,,2943,0.006149704102426767,,,,
,,2944,0.028577344492077827,,,,
,,2945,0.06982375681400299,,,,
,,2946,0.0015734996413812041,,,,
,,2947,0.0006282971589826047,,,,
,,2948,0.033604174852371216,,,,
,,2949,0.09760946035385132,,,,
,,2950,0.11866767704486847,,,,
,,2951,0.15727823972702026,,,,
,,2952,0.02493714541196823,,,,
,,2953,0.18570305407047272,,,,
,,2954,0.32086679339408875,,,,
,,2955,0.004173629451543093,,,,
,,2956,0.05827179178595543,,,,
,,2957,0.045692529529333115,,,,
,,2958,0.0240671094506979,,,,
,,2959,0.002246574265882373,,,,
,,2960,0.01917785033583641,,,,
,,2961,0.054792121052742004,,,,
,,2962,0.0012804928701370955,,,,
,,2963,0.00032502124668098986,,,,
,,2964,0.042622748762369156,,,,
,,2965,0.010331995785236359,,,,
,,2966,0.038977328687906265,,,,
,,2967,0.00545157678425312,,,,
,,2968,0.0034233953338116407,,,,
,,2969,0.05969138443470001,,,,
,,2970,0.01996125467121601,,,,
,,2971,0.0012206131359562278,,,,
,,2972,0.02607405185699463,,,,
,,2973,0.036431435495615005,,,,
,,2974,0.00047017709584906697,,,,
,,2975,0.008241062052547932,,,,
,,2976,0.21766336262226105,,,,
,,2977,0.25725579261779785,,,,
,,2978,0.06299692392349243,,,,
,,2979,0.015401524491608143,,,,
,,2980,0.0859220027923584,,,,
,,2981,0.010436218231916428,,,,
,,2982,0.07175309211015701,,,,
,,2983,0.051945190876722336,,,,
,,2984,0.008721032179892063,,,,
,14,2984,,0.033641234040260315,,,
,14,2984,,,0.031553104519844055,0.7979797720909119,0.8787878751754761
0.08983460813760757,15,2985,,,,,
0.512889564037323,15,2986,,,,,
0.24491198360919952,15,2987,,,,,
0.03805441036820412,15,2988,,,,,
0.05814335122704506,15,2989,,,,,
0.011170734651386738,15,2990,,,,,
0.0016422065673395991,15,2991,,,,,
0.0015042710583657026,15,2992,,,,,
0.08143418282270432,15,2993,,,,,
0.007764407433569431,15,2994,,,,,
0.006524382624775171,15,2995,,,,,
0.0032185192685574293,15,2996,,,,,
0.015831314027309418,15,2997,,,,,
0.046022091060876846,15,2998,,,,,
0.03143509849905968,15,2999,,,,,
0.3129355311393738,15,3000,,,,,
0.0033175405114889145,15,3001,,,,,
0.005634861998260021,15,3002,,,,,
0.003101109294220805,15,3003,,,,,
0.00729847326874733,15,3004,,,,,
0.02712402306497097,15,3005,,,,,
0.04091404378414154,15,3006,,,,,
0.032691340893507004,15,3007,,,,,
0.007097227033227682,15,3008,,,,,
0.0038844761438667774,15,3009,,,,,
0.002127633895725012,15,3010,,,,,
0.029110880568623543,15,3011,,,,,
0.038815565407276154,15,3012,,,,,
0.0009614248992875218,15,3013,,,,,
0.008370926603674889,15,3014,,,,,
0.024336272850632668,15,3015,,,,,
0.00195905240252614,15,3016,,,,,
0.049129288643598557,15,3017,,,,,
0.005398138426244259,15,3018,,,,,
0.0006189977284520864,15,3019,,,,,
0.007530249189585447,15,3020,,,,,
0.0032462221570312977,15,3021,,,,,
0.002723460318520665,15,3022,,,,,
0.04983162134885788,15,3023,,,,,
0.06517888605594635,15,3024,,,,,
0.005603652913123369,15,3025,,,,,
0.06852070242166519,15,3026,,,,,
0.006607668474316597,15,3027,,,,,
0.06969637423753738,15,3028,,,,,
0.003098933259025216,15,3029,,,,,
0.002305639674887061,15,3030,,,,,
0.007351553998887539,15,3031,,,,,
0.026313094422221184,15,3032,,,,,
0.12670817971229553,15,3033,,,,,
0.014079449698328972,15,3034,,,,,
0.11286737769842148,15,3035,,,,,
0.004761679098010063,15,3036,,,,,
0.0029874530155211687,15,3037,,,,,
0.025737686082720757,15,3038,,,,,
0.0031972420401871204,15,3039,,,,,
0.011920091696083546,15,3040,,,,,
0.03122743032872677,15,3041,,,,,
0.000834112346637994,15,3042,,,,,
0.0030803594272583723,15,3043,,,,,
0.00979192741215229,15,3044,,,,,
0.011722282506525517,15,3045,,,,,
0.07817775011062622,15,3046,,,,,
0.008287357166409492,15,3047,,,,,
0.008070330135524273,15,3048,,,,,
0.007727200631052256,15,3049,,,,,
0.04434052109718323,15,3050,,,,,
0.00854011531919241,15,3051,,,,,
0.005636028479784727,15,3052,,,,,
0.008574284613132477,15,3053,,,,,
0.01179023552685976,15,3054,,,,,
0.00404673907905817,15,3055,,,,,
0.006420707330107689,15,3056,,,,,
0.002429927233606577,15,3057,,,,,
0.018450474366545677,15,3058,,,,,
0.009761661291122437,15,3059,,,,,
0.04368789866566658,15,3060,,,,,
0.09368512034416199,15,3061,,,,,
0.0074488576501607895,15,3062,,,,,
0.0036909214686602354,15,3063,,,,,
0.0017164344899356365,15,3064,,,,,
0.0028679128736257553,15,3065,,,,,
0.0075307851657271385,15,3066,,,,,
0.002629093825817108,15,3067,,,,,
0.007855205796658993,15,3068,,,,,
0.00036568279028870165,15,3069,,,,,
0.003023250959813595,15,3070,,,,,
0.005280549172312021,15,3071,,,,,
0.0012533855624496937,15,3072,,,,,
0.014355726540088654,15,3073,,,,,
0.004482974763959646,15,3074,,,,,
0.0013655568473041058,15,3075,,,,,
0.026323873549699783,15,3076,,,,,
0.41348475217819214,15,3077,,,,,
0.06132151558995247,15,3078,,,,,
0.0014951822813600302,15,3079,,,,,
0.0028194505721330643,15,3080,,,,,
0.0024217902682721615,15,3081,,,,,
0.0904514491558075,15,3082,,,,,
0.004871393088251352,15,3083,,,,,
0.00877638254314661,15,3084,,,,,
0.021377308294177055,15,3085,,,,,
0.0030862647108733654,15,3086,,,,,
0.00034686579601839185,15,3087,,,,,
0.11538513749837875,15,3088,,,,,
0.010424588806927204,15,3089,,,,,
0.05586891621351242,15,3090,,,,,
0.08439285308122635,15,3091,,,,,
0.005259248893707991,15,3092,,,,,
0.03345627337694168,15,3093,,,,,
0.10565385967493057,15,3094,,,,,
0.038875266909599304,15,3095,,,,,
0.003333235392346978,15,3096,,,,,
0.0018462411826476455,15,3097,,,,,
0.026720033958554268,15,3098,,,,,
0.12696026265621185,15,3099,,,,,
0.0012542660115286708,15,3100,,,,,
0.0820670872926712,15,3101,,,,,
0.006073484662920237,15,3102,,,,,
0.05464605242013931,15,3103,,,,,
0.002286729170009494,15,3104,,,,,
0.0015159595059230924,15,3105,,,,,
0.07580128312110901,15,3106,,,,,
0.009665406309068203,15,3107,,,,,
0.03596062958240509,15,3108,,,,,
0.2613068222999573,15,3109,,,,,
0.0506051741540432,15,3110,,,,,
0.02146860398352146,15,3111,,,,,
0.0059167672879993916,15,3112,,,,,
0.0014096962986513972,15,3113,,,,,
0.0043056560680270195,15,3114,,,,,
0.00013989371655043215,15,3115,,,,,
0.03133302554488182,15,3116,,,,,
0.019924787804484367,15,3117,,,,,
0.00042446693987585604,15,3118,,,,,
0.002465386176481843,15,3119,,,,,
0.0007626050501130521,15,3120,,,,,
0.04360123351216316,15,3121,,,,,
0.00453884806483984,15,3122,,,,,
0.011254408396780491,15,3123,,,,,
0.02897203527390957,15,3124,,,,,
0.09583660960197449,15,3125,,,,,
0.024234915152192116,15,3126,,,,,
0.016453977674245834,15,3127,,,,,
0.14084377884864807,15,3128,,,,,
0.0348847396671772,15,3129,,,,,
0.01168413832783699,15,3130,,,,,
0.04349423572421074,15,3131,,,,,
0.011158947832882404,15,3132,,,,,
0.0007810840616002679,15,3133,,,,,
0.03522922843694687,15,3134,,,,,
0.005522686988115311,15,3135,,,,,
0.0267594363540411,15,3136,,,,,
0.01482071727514267,15,3137,,,,,
0.06112810969352722,15,3138,,,,,
0.0009033815003931522,15,3139,,,,,
0.015218837186694145,15,3140,,,,,
0.03141564130783081,15,3141,,,,,
0.010118724778294563,15,3142,,,,,
0.002327533205971122,15,3143,,,,,
0.0029948630835860968,15,3144,,,,,
0.02510557882487774,15,3145,,,,,
0.043486811220645905,15,3146,,,,,
0.0055755493231117725,15,3147,,,,,
0.03197718784213066,15,3148,,,,,
0.015795011073350906,15,3149,,,,,
0.012070161290466785,15,3150,,,,,
0.04250030592083931,15,3151,,,,,
0.00045447101001627743,15,3152,,,,,
0.20745839178562164,15,3153,,,,,
0.0012705523986369371,15,3154,,,,,
0.029984215274453163,15,3155,,,,,
0.1680690497159958,15,3156,,,,,
0.00047409872058779,15,3157,,,,,
0.01858004741370678,15,3158,,,,,
0.036250900477170944,15,3159,,,,,
0.009049424901604652,15,3160,,,,,
0.02587086893618107,15,3161,,,,,
0.0031893437262624502,15,3162,,,,,
0.006448174826800823,15,3163,,,,,
0.005644896067678928,15,3164,,,,,
0.005726442206650972,15,3165,,,,,
0.003725451650097966,15,3166,,,,,
0.015296499244868755,15,3167,,,,,
0.09414505213499069,15,3168,,,,,
0.0033171731047332287,15,3169,,,,,
0.09998738020658493,15,3170,,,,,
0.003297350835055113,15,3171,,,,,
0.03403104841709137,15,3172,,,,,
0.005291562527418137,15,3173,,,,,
0.0011428144061937928,15,3174,,,,,
0.012859146110713482,15,3175,,,,,
0.0020949419122189283,15,3176,,,,,
0.002678347984328866,15,3177,,,,,
0.00035207674955017865,15,3178,,,,,
0.0017474679043516517,15,3179,,,,,
0.0012837124522775412,15,3180,,,,,
0.0013023311039432883,15,3181,,,,,
0.0029585997108370066,15,3182,,,,,
0.018491093069314957,15,3183,,,,,
,,2985,0.04811687767505646,,,,
,,2986,0.0009369268664158881,,,,
,,2987,0.0005688890814781189,,,,
,,2988,0.08541436493396759,,,,
,,2989,0.0005426784628070891,,,,
,,2990,0.0014230824308469892,,,,
,,2991,0.2832950949668884,,,,
,,2992,0.4230450391769409,,,,
,,2993,0.0651886910200119,,,,
,,2994,0.0021823858842253685,,,,
,,2995,0.0006915843696333468,,,,
,,2996,0.0001422916102455929,,,,
,,2997,0.0004693096852861345,,,,
,,2998,0.0017783150542527437,,,,
,,2999,0.00013642376870848238,,,,
,,3000,0.0001627154415473342,,,,
,,3001,0.009319089353084564,,,,
,,3002,0.0019561261869966984,,,,
,,3003,0.006042187102138996,,,,
,,3004,0.06553088128566742,,,,
,,3005,0.0009730132878758013,,,,
,,3006,0.005266434513032436,,,,
,,3007,0.0031680273823440075,,,,
,,3008,0.00015111910761334002,,,,
,,3009,6.212492735357955e-05,,,,
,,3010,0.0014174588723108172,,,,
,,3011,0.0019854442216455936,,,,
,,3012,7.483283843612298e-05,,,,
,,3013,0.0005125860334374011,,,,
,,3014,0.0021593128331005573,,,,
,,3015,0.001267622341401875,,,,
,,3016,0.0003205541579518467,,,,
,,3017,0.3463480472564697,,,,
,,3018,0.2532578706741333,,,,
,,3019,0.008928677998483181,,,,
,,3020,0.07104649394750595,,,,
,,3021,0.0005120782880112529,,,,
,,3022,0.001609227852895856,,,,
,,3023,0.005697748623788357,,,,
,,3024,0.0002705289807636291,,,,
,,3025,0.00020342564675956964,,,,
,,3026,0.0015147968661040068,,,,
,,3027,0.0012892509112134576,,,,
,,3028,0.0037045571953058243,,,,
,,3029,0.002650411333888769,,,,
,,3030,0.025191908702254295,,,,
,,3031,0.010714799165725708,,,,
,,3032,0.0009875800460577011,,,,
,,3033,0.054454270750284195,,,,
,,3034,0.0018561284523457289,,,,
,,3035,0.0014832329470664263,,,,
,,3036,0.0800088569521904,,,,
,,3037,0.0009897304698824883,,,,
,,3038,8.204082405427471e-05,,,,
,,3039,0.0006577118183486164,,,,
,,3040,0.00021687531261704862,,,,
,,3041,0.0002491500345058739,,,,
,,3042,0.0015929671935737133,,,,
,,3043,0.34371644258499146,,,,
,,3044,0.0001591995678609237,,,,
,,3045,0.0008339592022821307,,,,
,,3046,0.02490202896296978,,,,
,,3047,0.0005310657434165478,,,,
,,3048,0.00010404792556073517,,,,
,,3049,0.011539732106029987,,,,
,,3050,0.008808535523712635,,,,
,,3051,8.925909060053527e-05,,,,
,,3052,0.0007162923575378954,,,,
,,3053,0.0007025992381386459,,,,
,,3054,0.00018990416720043868,,,,
,,3055,0.004962631035596132,,,,
,,3056,0.001011893735267222,,,,
,,3057,0.0003167174872942269,,,,
,,3058,0.00247394060716033,,,,
,,3059,0.029686400666832924,,,,
,,3060,0.00113357650116086,,,,
,,3061,0.0022836464922875166,,,,
,,3062,0.021488020196557045,,,,
,,3063,0.0018649890553206205,,,,
,,3064,8.213851833716035e-05,,,,
,,3065,0.061802592128515244,,,,
,,3066,0.015912944450974464,,,,
,,3067,0.00018324724806006998,,,,
,,3068,0.0021191700361669064,,,,
,,3069,0.2523176074028015,,,,
,,3070,0.00023222177696879953,,,,
,,3071,0.0016812641406431794,,,,
,,3072,0.028613528236746788,,,,
,,3073,6.735189526807517e-05,,,,
,,3074,0.004626535810530186,,,,
,,3075,0.09201113134622574,,,,
,,3076,0.0006028646021150053,,,,
,,3077,0.0015924138715490699,,,,
,,3078,0.023827113211154938,,,,
,,3079,0.001818965538404882,,,,
,,3080,0.00022373147658072412,,,,
,,3081,0.000509772973600775,,,,
,,3082,0.009519757702946663,,,,
,,3083,0.00022383066243492067,,,,
,,3084,0.002765776589512825,,,,
,,3085,0.0005875143106095493,,,,
,,3086,8.537827670807019e-05,,,,
,,3087,0.0007840680773369968,,,,
,,3088,0.030010251328349113,,,,
,,3089,0.00022196614008862525,,,,
,,3090,0.003363940166309476,,,,
,,3091,0.09627696126699448,,,,
,,3092,0.011119643226265907,,,,
,,3093,0.00020289352687541395,,,,
,,3094,0.000603920896537602,,,,
,,3095,0.3341391086578369,,,,
,,3096,0.00011331093264743686,,,,
,,3097,0.00037314818473532796,,,,
,,3098,0.009260054677724838,,,,
,,3099,7.25031568435952e-05,,,,
,,3100,0.0007646549493074417,,,,
,,3101,0.002771745203062892,,,,
,,3102,0.0003573297581169754,,,,
,,3103,0.0015281710075214505,,,,
,,3104,0.020753102377057076,,,,
,,3105,0.00014439898950513452,,,,
,,3106,0.00020249297085683793,,,,
,,3107,0.0016008371021598577,,,,
,,3108,0.003884140867739916,,,,
,,3109,0.000302146770991385,,,,
,,3110,0.0008751264540478587,,,,
,,3111,0.021716943010687828,,,,
,,3112,0.0015789384488016367,,,,
,,3113,0.0001424445363227278,,,,
,,3114,0.06823734194040298,,,,
,,3115,0.012950723990797997,,,,
,,3116,8.968382462626323e-05,,,,
,,3117,0.0009861266007646918,,,,
,,3118,0.0006269693840295076,,,,
,,3119,0.0003205465618520975,,,,
,,3120,0.003374773543328047,,,,
,,3121,0.285780131816864,,,,
,,3122,0.00013586305431090295,,,,
,,3123,0.01249270886182785,,,,
,,3124,0.10791800171136856,,,,
,,3125,0.00040149406413547695,,,,
,,3126,0.0023565273731946945,,,,
,,3127,0.02437935769557953,,,,
,,3128,0.0004116796189919114,,,,
,,3129,7.409227691823617e-05,,,,
,,3130,0.07837329804897308,,,,
,,3131,0.0012723631225526333,,,,
,,3132,8.468091255053878e-05,,,,
,,3133,0.0011294743744656444,,,,
,,3134,0.0006205278914421797,,,,
,,3135,0.00014745770022273064,,,,
,,3136,0.0020887148566544056,,,,
,,3137,0.024147819727659225,,,,
,,3138,0.00017096464580390602,,,,
,,3139,0.002792641520500183,,,,
,,3140,0.11552814394235611,,,,
,,3141,0.0017261244356632233,,,,
,,3142,0.0031998809427022934,,,,
,,3143,0.019906505942344666,,,,
,,3144,0.000831902667414397,,,,
,,3145,0.0001777405705070123,,,,
,,3146,0.000303003384033218,,,,
,,3147,0.23069848120212555,,,,
,,3148,4.666662061936222e-05,,,,
,,3149,0.0007146017742343247,,,,
,,3150,0.000375991512555629,,,,
,,3151,5.377339766710065e-05,,,,
,,3152,0.0005047452868893743,,,,
,,3153,0.24115478992462158,,,,
,,3154,5.6143664551200345e-05,,,,
,,3155,0.002902597887441516,,,,
,,3156,0.11309918761253357,,,,
,,3157,0.0008500125841237605,,,,
,,3158,0.00011606315820245072,,,,
,,3159,0.0004336438432801515,,,,
,,3160,0.003978187218308449,,,,
,,3161,0.00021826826559845358,,,,
,,3162,0.00041494754259474576,,,,
,,3163,0.010666907764971256,,,,
,,3164,4.668733890866861e-05,,,,
,,3165,0.00041328539373353124,,,,
,,3166,0.0006178301409818232,,,,
,,3167,0.0005419711233116686,,,,
,,3168,0.0007734310929663479,,,,
,,3169,0.017089078202843666,,,,
,,3170,0.00019364077888894826,,,,
,,3171,0.0028895586729049683,,,,
,,3172,0.28529834747314453,,,,
,,3173,0.3096913993358612,,,,
,,3174,0.0005307338433340192,,,,
,,3175,0.000641409948002547,,,,
,,3176,0.0002067822206299752,,,,
,,3177,3.845480387099087e-05,,,,
,,3178,3.937301516998559e-05,,,,
,,3179,0.009056384675204754,,,,
,,3180,5.6930843129521236e-05,,,,
,,3181,0.0005411281017586589,,,,
,,3182,0.000512365426402539,,,,
,,3183,7.974587060743943e-05,,,,
,15,3183,,0.027138132601976395,,,
,15,3183,,,0.03237723931670189,0.8232323527336121,0.9444444179534912
0.026549113914370537,16,3184,,,,,
0.010539185255765915,16,3185,,,,,
0.03992294520139694,16,3186,,,,,
0.0003825968597084284,16,3187,,,,,
0.000155651883687824,16,3188,,,,,
0.0016543574165552855,16,3189,,,,,
0.0020386497490108013,16,3190,,,,,
0.01520579308271408,16,3191,,,,,
0.02793736383318901,16,3192,,,,,
0.0008472289773635566,16,3193,,,,,
0.0011542643187567592,16,3194,,,,,
0.035580359399318695,16,3195,,,,,
0.02900100313127041,16,3196,,,,,
0.00500744441524148,16,3197,,,,,
0.0025882706977427006,16,3198,,,,,
0.01465941034257412,16,3199,,,,,
0.008006682619452477,16,3200,,,,,
0.023238293826580048,16,3201,,,,,
0.0009052842506207526,16,3202,,,,,
0.08428670465946198,16,3203,,,,,
0.0003483407199382782,16,3204,,,,,
0.016998833045363426,16,3205,,,,,
0.004355993587523699,16,3206,,,,,
0.0009153911378234625,16,3207,,,,,
0.00881193857640028,16,3208,,,,,
0.01496555469930172,16,3209,,,,,
0.0001539445511298254,16,3210,,,,,
0.00048014341155067086,16,3211,,,,,
0.00041947816498577595,16,3212,,,,,
0.04846407473087311,16,3213,,,,,
7.787212234688923e-05,16,3214,,,,,
0.009290756657719612,16,3215,,,,,
0.13623610138893127,16,3216,,,,,
0.0043840049766004086,16,3217,,,,,
0.015279333107173443,16,3218,,,,,
0.02587585337460041,16,3219,,,,,
0.00026351967244409025,16,3220,,,,,
0.0016968382988125086,16,3221,,,,,
0.10434113442897797,16,3222,,,,,
0.011609172448515892,16,3223,,,,,
0.0015489670913666487,16,3224,,,,,
0.0002964493178296834,16,3225,,,,,
0.017282772809267044,16,3226,,,,,
0.019466761499643326,16,3227,,,,,
0.045043062418699265,16,3228,,,,,
0.008033203892409801,16,3229,,,,,
0.010190037079155445,16,3230,,,,,
0.005895993206650019,16,3231,,,,,
0.005633852910250425,16,3232,,,,,
0.011761588044464588,16,3233,,,,,
0.0006019246648065746,16,3234,,,,,
0.08968022465705872,16,3235,,,,,
0.18797817826271057,16,3236,,,,,
0.018463140353560448,16,3237,,,,,
9.188593685394153e-05,16,3238,,,,,
0.09883096069097519,16,3239,,,,,
0.009231839329004288,16,3240,,,,,
0.0189361572265625,16,3241,,,,,
0.02196582965552807,16,3242,,,,,
0.02926452085375786,16,3243,,,,,
0.012937580235302448,16,3244,,,,,
0.04464578256011009,16,3245,,,,,
0.06439385563135147,16,3246,,,,,
0.08445480465888977,16,3247,,,,,
0.0002504930889699608,16,3248,,,,,
0.008357671089470387,16,3249,,,,,
0.12574023008346558,16,3250,,,,,
0.006425867788493633,16,3251,,,,,
0.0010375576093792915,16,3252,,,,,
0.018848901614546776,16,3253,,,,,
0.04330218583345413,16,3254,,,,,
0.21501252055168152,16,3255,,,,,
0.2139759510755539,16,3256,,,,,
0.17600642144680023,16,3257,,,,,
0.04602374881505966,16,3258,,,,,
0.08202504366636276,16,3259,,,,,
0.051750246435403824,16,3260,,,,,
0.153811514377594,16,3261,,,,,
0.00046305847354233265,16,3262,,,,,
0.07731618732213974,16,3263,,,,,
0.015675678849220276,16,3264,,,,,
0.25120294094085693,16,3265,,,,,
0.06837042421102524,16,3266,,,,,
0.1677311658859253,16,3267,,,,,
0.011780807748436928,16,3268,,,,,
0.00437969621270895,16,3269,,,,,
0.0007050915155559778,16,3270,,,,,
0.018239198252558708,16,3271,,,,,
0.005499166902154684,16,3272,,,,,
0.06087049841880798,16,3273,,,,,
0.029232235625386238,16,3274,,,,,
0.14704258739948273,16,3275,,,,,
0.001089292811229825,16,3276,,,,,
0.007214576005935669,16,3277,,,,,
0.1372217833995819,16,3278,,,,,
0.0008435571216978133,16,3279,,,,,
0.002545332768931985,16,3280,,,,,
0.1298939436674118,16,3281,,,,,
0.02103157714009285,16,3282,,,,,
0.1192815750837326,16,3283,,,,,
0.011037961579859257,16,3284,,,,,
0.01564713753759861,16,3285,,,,,
0.004386276938021183,16,3286,,,,,
0.054667599499225616,16,3287,,,,,
0.006798797287046909,16,3288,,,,,
0.0010578820947557688,16,3289,,,,,
0.0698474571108818,16,3290,,,,,
0.0036750277504324913,16,3291,,,,,
0.0072485762648284435,16,3292,,,,,
0.014620397239923477,16,3293,,,,,
0.017541630193591118,16,3294,,,,,
0.006766175385564566,16,3295,,,,,
0.009380610659718513,16,3296,,,,,
0.010906028561294079,16,3297,,,,,
0.03337828814983368,16,3298,,,,,
0.0064974562264978886,16,3299,,,,,
0.0013980118092149496,16,3300,,,,,
0.01360362023115158,16,3301,,,,,
0.0016673102509230375,16,3302,,,,,
0.0029111644253134727,16,3303,,,,,
0.00037863414036110044,16,3304,,,,,
0.000520882080309093,16,3305,,,,,
0.0021840273402631283,16,3306,,,,,
0.03080941177904606,16,3307,,,,,
0.27347928285598755,16,3308,,,,,
0.006902629509568214,16,3309,,,,,
0.2601843476295471,16,3310,,,,,
0.24449345469474792,16,3311,,,,,
0.0010050797136500478,16,3312,,,,,
0.005522603634744883,16,3313,,,,,
0.023592259734869003,16,3314,,,,,
0.001430946751497686,16,3315,,,,,
0.010117251425981522,16,3316,,,,,
0.21818940341472626,16,3317,,,,,
0.04695665463805199,16,3318,,,,,
0.0008199563599191606,16,3319,,,,,
0.025078007951378822,16,3320,,,,,
0.11126086860895157,16,3321,,,,,
0.0089914845302701,16,3322,,,,,
0.033970046788454056,16,3323,,,,,
0.024453382939100266,16,3324,,,,,
0.0049852957017719746,16,3325,,,,,
0.005279846955090761,16,3326,,,,,
0.0176322553306818,16,3327,,,,,
0.001735225087031722,16,3328,,,,,
0.00316422781907022,16,3329,,,,,
0.007828205823898315,16,3330,,,,,
0.02965453453361988,16,3331,,,,,
0.23317423462867737,16,3332,,,,,
0.01802685670554638,16,3333,,,,,
0.018407896161079407,16,3334,,,,,
0.016141071915626526,16,3335,,,,,
0.032640211284160614,16,3336,,,,,
0.0033393683843314648,16,3337,,,,,
0.0032572909258306026,16,3338,,,,,
0.018156234174966812,16,3339,,,,,
0.014360894449055195,16,3340,,,,,
0.0777391567826271,16,3341,,,,,
0.0032172747887670994,16,3342,,,,,
0.015617313794791698,16,3343,,,,,
0.0020049510058015585,16,3344,,,,,
0.003372759325429797,16,3345,,,,,
0.09401456266641617,16,3346,,,,,
0.018425581976771355,16,3347,,,,,
0.020815713331103325,16,3348,,,,,
0.010336421430110931,16,3349,,,,,
0.09878723323345184,16,3350,,,,,
0.06866861134767532,16,3351,,,,,
0.006489911582320929,16,3352,,,,,
0.02470172941684723,16,3353,,,,,
0.00451932568103075,16,3354,,,,,
0.046684328466653824,16,3355,,,,,
0.00037544293445535004,16,3356,,,,,
0.026880284771323204,16,3357,,,,,
0.0010430129477754235,16,3358,,,,,
0.0036737099289894104,16,3359,,,,,
0.012782406993210316,16,3360,,,,,
0.007123466581106186,16,3361,,,,,
0.0014396428596228361,16,3362,,,,,
0.019110675901174545,16,3363,,,,,
0.07412584125995636,16,3364,,,,,
0.019145822152495384,16,3365,,,,,
0.011538757011294365,16,3366,,,,,
0.005384671967476606,16,3367,,,,,
0.0068233129568398,16,3368,,,,,
0.0006921736057847738,16,3369,,,,,
0.0153108024969697,16,3370,,,,,
0.004130903631448746,16,3371,,,,,
0.012528011575341225,16,3372,,,,,
0.001405525952577591,16,3373,,,,,
0.0008062713895924389,16,3374,,,,,
0.08685726672410965,16,3375,,,,,
0.006011239252984524,16,3376,,,,,
0.000959535245783627,16,3377,,,,,
0.004327856469899416,16,3378,,,,,
0.0031246948055922985,16,3379,,,,,
0.00018798875680658966,16,3380,,,,,
0.05874643474817276,16,3381,,,,,
0.15141771733760834,16,3382,,,,,
,,3184,0.017711112275719643,,,,
,,3185,0.0028371852822601795,,,,
,,3186,4.866442395723425e-05,,,,
,,3187,0.039460860192775726,,,,
,,3188,0.0003787581226788461,,,,
,,3189,0.001538813696242869,,,,
,,3190,0.02064751274883747,,,,
,,3191,0.0006312316399998963,,,,
,,3192,0.012763671576976776,,,,
,,3193,0.004787277430295944,,,,
,,3194,6.290876626735553e-05,,,,
,,3195,9.634875823394395e-06,,,,
,,3196,0.00024484790628775954,,,,
,,3197,0.0001266473700525239,,,,
,,3198,1.559954762342386e-05,,,,
,,3199,9.007663720694836e-06,,,,
,,3200,0.003661682829260826,,,,
,,3201,0.005239726975560188,,,,
,,3202,2.3932274416438304e-05,,,,
,,3203,0.026369480416178703,,,,
,,3204,0.00022139886277727783,,,,
,,3205,0.00044486005208455026,,,,
,,3206,0.0003423334565013647,,,,
,,3207,1.5112209439394064e-05,,,,
,,3208,7.323389127122937e-06,,,,
,,3209,0.0031551967840641737,,,,
,,3210,2.8288946850807406e-05,,,,
,,3211,2.434003363305237e-05,,,,
,,3212,0.0009200603817589581,,,,
,,3213,0.0002766586549114436,,,,
,,3214,0.00037930955295450985,,,,
,,3215,6.561516784131527e-06,,,,
,,3216,0.031236551702022552,,,,
,,3217,0.004852786660194397,,,,
,,3218,7.005409861449152e-05,,,,
,,3219,0.03177076205611229,,,,
,,3220,0.0018582053016871214,,,,
,,3221,0.0007347080390900373,,,,
,,3222,0.0022633825428783894,,,,
,,3223,1.167628124676412e-05,,,,
,,3224,8.16279680293519e-06,,,,
,,3225,0.004242691211402416,,,,
,,3226,0.0005838258657604456,,,,
,,3227,1.3977705748402514e-05,,,,
,,3228,0.0004724001628346741,,,,
,,3229,0.013670625165104866,,,,
,,3230,0.0003594582376535982,,,,
,,3231,1.3349878827284556e-05,,,,
,,3232,0.018402788788080215,,,,
,,3233,0.005101958755403757,,,,
,,3234,1.769330629031174e-05,,,,
,,3235,0.03766503930091858,,,,
,,3236,0.00033842824632301927,,,,
,,3237,4.342024840298109e-05,,,,
,,3238,0.0031692932825535536,,,,
,,3239,1.1515650840010494e-05,,,,
,,3240,6.431913789128885e-06,,,,
,,3241,0.0033316572662442923,,,,
,,3242,0.0006431473884731531,,,,
,,3243,9.702648821985349e-05,,,,
,,3244,0.00230315956287086,,,,
,,3245,0.01667998731136322,,,,
,,3246,0.0010672884527593851,,,,
,,3247,6.530391601700103e-06,,,,
,,3248,0.003983727656304836,,,,
,,3249,0.010812380351126194,,,,
,,3250,1.0790356100187637e-05,,,,
,,3251,2.146500446542632e-05,,,,
,,3252,0.00019529864948708564,,,,
,,3253,1.7122691133408807e-05,,,,
,,3254,0.00037599285133183,,,,
,,3255,1.4122409993433394e-05,,,,
,,3256,1.761525527399499e-05,,,,
,,3257,0.007452886551618576,,,,
,,3258,0.017431894317269325,,,,
,,3259,1.5931382222333923e-05,,,,
,,3260,0.00040102057391777635,,,,
,,3261,0.01348953414708376,,,,
,,3262,0.0002382928942097351,,,,
,,3263,1.2215360584377777e-05,,,,
,,3264,0.022860538214445114,,,,
,,3265,0.0035148486495018005,,,,
,,3266,1.0448359716974664e-05,,,,
,,3267,1.4682575056212954e-05,,,,
,,3268,0.0014217778807505965,,,,
,,3269,0.00023017131024971604,,,,
,,3270,0.003947184421122074,,,,
,,3271,0.02355356141924858,,,,
,,3272,5.2779643738176674e-05,,,,
,,3273,0.013266032561659813,,,,
,,3274,0.03534094989299774,,,,
,,3275,2.9292554245330393e-05,,,,
,,3276,0.0018265944672748446,,,,
,,3277,0.012262331321835518,,,,
,,3278,0.00022487608657684177,,,,
,,3279,4.028177500003949e-05,,,,
,,3280,1.2417113794072066e-05,,,,
,,3281,0.01297535840421915,,,,
,,3282,4.427354724612087e-05,,,,
,,3283,5.868972584721632e-05,,,,
,,3284,0.00027482505538500845,,,,
,,3285,1.3997646419738885e-05,,,,
,,3286,0.000275650731055066,,,,
,,3287,0.017873995006084442,,,,
,,3288,6.525178832816891e-06,,,,
,,3289,0.009407074190676212,,,,
,,3290,0.04149552807211876,,,,
,,3291,0.0021089480724185705,,,,
,,3292,1.2329303899605293e-05,,,,
,,3293,0.00040231813909485936,,,,
,,3294,0.004062596242874861,,,,
,,3295,4.9036258133128285e-05,,,,
,,3296,1.4366090908879414e-05,,,,
,,3297,0.010068013332784176,,,,
,,3298,1.0826884135894943e-05,,,,
,,3299,1.400897053827066e-05,,,,
,,3300,0.0008464627899229527,,,,
,,3301,0.00018131808610633016,,,,
,,3302,0.0006523040356114507,,,,
,,3303,0.013555829413235188,,,,
,,3304,2.8882286642328836e-05,,,,
,,3305,9.826637324295007e-06,,,,
,,3306,0.004624390508979559,,,,
,,3307,3.0144687116262503e-05,,,,
,,3308,1.3506134564522654e-05,,,,
,,3309,0.00035708671202883124,,,,
,,3310,0.011724451556801796,,,,
,,3311,0.00013285527529660612,,,,
,,3312,1.0179097444051877e-05,,,,
,,3313,0.024533964693546295,,,,
,,3314,0.014240735210478306,,,,
,,3315,2.8879770979983732e-05,,,,
,,3316,3.3491338399471715e-05,,,,
,,3317,0.00033945642644539475,,,,
,,3318,1.5610225091222674e-05,,,,
,,3319,0.0003441100416239351,,,,
,,3320,0.000859248626511544,,,,
,,3321,1.813248309190385e-05,,,,
,,3322,0.013110693544149399,,,,
,,3323,0.05299414321780205,,,,
,,3324,2.8453689083107747e-05,,,,
,,3325,0.00041122472612187266,,,,
,,3326,0.015741469338536263,,,,
,,3327,0.00022900261683389544,,,,
,,3328,5.447222065413371e-06,,,,
,,3329,0.025606811046600342,,,,
,,3330,0.0040503074415028095,,,,
,,3331,1.8003673176281154e-05,,,,
,,3332,1.364069976261817e-05,,,,
,,3333,0.00028875371208414435,,,,
,,3334,1.7122201825259253e-05,,,,
,,3335,0.0006231082370504737,,,,
,,3336,0.015666905790567398,,,,
,,3337,7.955714863783214e-06,,,,
,,3338,0.006646560505032539,,,,
,,3339,0.05736815929412842,,,,
,,3340,1.0992748684657272e-05,,,,
,,3341,0.0009515515994280577,,,,
,,3342,0.01488601602613926,,,,
,,3343,0.00034685651189647615,,,,
,,3344,1.1899428500328213e-05,,,,
,,3345,6.141750873212004e-06,,,,
,,3346,0.00959194265305996,,,,
,,3347,9.032529487740248e-05,,,,
,,3348,7.162684778450057e-05,,,,
,,3349,0.0028557702898979187,,,,
,,3350,1.1163510862388648e-05,,,,
,,3351,0.0003197409678250551,,,,
,,3352,0.2822877764701843,,,,
,,3353,5.2243749451008625e-06,,,,
,,3354,0.008377754129469395,,,,
,,3355,0.04145750775933266,,,,
,,3356,3.0384791898541152e-05,,,,
,,3357,1.1272361916780937e-05,,,,
,,3358,0.0003884001343976706,,,,
,,3359,0.0003455508849583566,,,,
,,3360,2.773803316813428e-05,,,,
,,3361,1.1463960618129931e-05,,,,
,,3362,0.011269578710198402,,,,
,,3363,1.349549802398542e-05,,,,
,,3364,1.4179863683239091e-05,,,,
,,3365,0.0002806917764246464,,,,
,,3366,0.00018725187692325562,,,,
,,3367,0.004158469382673502,,,,
,,3368,0.014612574130296707,,,,
,,3369,8.209486622945406e-06,,,,
,,3370,0.007718638051301241,,,,
,,3371,0.0608343742787838,,,,
,,3372,0.0017094024224206805,,,,
,,3373,0.0002016017388086766,,,,
,,3374,0.00930524431169033,,,,
,,3375,0.018344586715102196,,,,
,,3376,2.046434565272648e-05,,,,
,,3377,7.732679478067439e-06,,,,
,,3378,0.008837106637656689,,,,
,,3379,2.3122231141314842e-05,,,,
,,3380,3.331274274387397e-05,,,,
,,3381,0.0007788389921188354,,,,
,,3382,3.3228312531718984e-05,,,,
,16,3382,,0.0068422299809753895,,,
,16,3382,,,0.035396818071603775,0.939393937587738,1.0
0.056244902312755585,17,3383,,,,,
0.0009933894034475088,17,3384,,,,,
0.001882839947938919,17,3385,,,,,
0.0020583386067301035,17,3386,,,,,
0.0010266265599057078,17,3387,,,,,
0.0010475970339030027,17,3388,,,,,
0.03777952119708061,17,3389,,,,,
0.04173261672258377,17,3390,,,,,
0.0007600292447023094,17,3391,,,,,
0.027834244072437286,17,3392,,,,,
0.0005170172662474215,17,3393,,,,,
0.00025219927192665637,17,3394,,,,,
0.05475180596113205,17,3395,,,,,
0.0025905370712280273,17,3396,,,,,
0.01989397406578064,17,3397,,,,,
0.05460100620985031,17,3398,,,,,
0.020226260647177696,17,3399,,,,,
0.001944340649060905,17,3400,,,,,
0.001951801823452115,17,3401,,,,,
0.06973182410001755,17,3402,,,,,
0.0010266582248732448,17,3403,,,,,
0.35003986954689026,17,3404,,,,,
0.02778942696750164,17,3405,,,,,
0.0006660943035967648,17,3406,,,,,
0.0013169406447559595,17,3407,,,,,
0.09287598729133606,17,3408,,,,,
0.001785371801815927,17,3409,,,,,
0.046088509261608124,17,3410,,,,,
0.0509631410241127,17,3411,,,,,
0.0023193140514194965,17,3412,,,,,
0.07206980884075165,17,3413,,,,,
0.0014053686754778028,17,3414,,,,,
0.03145412728190422,17,3415,,,,,
0.02689642272889614,17,3416,,,,,
0.0017822367371991277,17,3417,,,,,
0.007391244173049927,17,3418,,,,,
0.011032279580831528,17,3419,,,,,
0.011470883153378963,17,3420,,,,,
0.0012340288376435637,17,3421,,,,,
0.023807618767023087,17,3422,,,,,
0.003995639272034168,17,3423,,,,,
0.03559489920735359,17,3424,,,,,
0.042436398565769196,17,3425,,,,,
0.024073539301753044,17,3426,,,,,
0.044822972267866135,17,3427,,,,,
0.07904209941625595,17,3428,,,,,
0.015877624973654747,17,3429,,,,,
0.024045169353485107,17,3430,,,,,
0.002765436191111803,17,3431,,,,,
0.0094687445089221,17,3432,,,,,
0.006737935356795788,17,3433,,,,,
0.004530541133135557,17,3434,,,,,
0.0015215212479233742,17,3435,,,,,
0.001337823923677206,17,3436,,,,,
0.0008454217459075153,17,3437,,,,,
0.00032837747130542994,17,3438,,,,,
0.0006676281336694956,17,3439,,,,,
0.0016939854249358177,17,3440,,,,,
0.0025118947960436344,17,3441,,,,,
0.055941350758075714,17,3442,,,,,
0.001525724888779223,17,3443,,,,,
0.0036576890852302313,17,3444,,,,,
0.005622264929115772,17,3445,,,,,
0.008195912465453148,17,3446,,,,,
0.004626753274351358,17,3447,,,,,
0.19184359908103943,17,3448,,,,,
0.017218289896845818,17,3449,,,,,
0.017745399847626686,17,3450,,,,,
0.07656587660312653,17,3451,,,,,
0.00014150256174616516,17,3452,,,,,
0.0024441336281597614,17,3453,,,,,
0.0010529785649850965,17,3454,,,,,
0.0007133282488211989,17,3455,,,,,
0.0006077272701077163,17,3456,,,,,
0.0011785747483372688,17,3457,,,,,
0.0007016232702881098,17,3458,,,,,
0.0008720247424207628,17,3459,,,,,
0.00033521451405249536,17,3460,,,,,
0.011749213561415672,17,3461,,,,,
0.007661500945687294,17,3462,,,,,
0.00018838679534383118,17,3463,,,,,
0.0010023211361840367,17,3464,,,,,
0.0003148802788928151,17,3465,,,,,
0.04263203591108322,17,3466,,,,,
0.0007450952543877065,17,3467,,,,,
0.023784054443240166,17,3468,,,,,
0.0482749417424202,17,3469,,,,,
0.00032258988358080387,17,3470,,,,,
0.02253551408648491,17,3471,,,,,
0.003294545691460371,17,3472,,,,,
0.0003477383579593152,17,3473,,,,,
0.00033271039137616754,17,3474,,,,,
0.0005222182953730226,17,3475,,,,,
0.01411618385463953,17,3476,,,,,
0.00017235250561498106,17,3477,,,,,
0.0001787640358088538,17,3478,,,,,
0.0037488017696887255,17,3479,,,,,
0.07309870421886444,17,3480,,,,,
0.011515439487993717,17,3481,,,,,
0.0034897911828011274,17,3482,,,,,
0.00532108498737216,17,3483,,,,,
0.008320986293256283,17,3484,,,,,
0.004016670864075422,17,3485,,,,,
0.01025389228016138,17,3486,,,,,
0.002112868707627058,17,3487,,,,,
0.0017949965549632907,17,3488,,,,,
0.0005526805762201548,17,3489,,,,,
0.0033641974441707134,17,3490,,,,,
0.0005390540463849902,17,3491,,,,,
0.003510180627927184,17,3492,,,,,
0.0004007364041171968,17,3493,,,,,
0.0014898211229592562,17,3494,,,,,
0.0008781087235547602,17,3495,,,,,
0.0627298355102539,17,3496,,,,,
0.029469938948750496,17,3497,,,,,
0.0012977666920050979,17,3498,,,,,
0.005008770152926445,17,3499,,,,,
0.05040545016527176,17,3500,,,,,
0.010758762247860432,17,3501,,,,,
0.14924651384353638,17,3502,,,,,
2.2352007363224402e-05,17,3503,,,,,
0.03747466951608658,17,3504,,,,,
7.409305544570088e-05,17,3505,,,,,
0.016430417075753212,17,3506,,,,,
5.278620301396586e-05,17,3507,,,,,
0.003077983157709241,17,3508,,,,,
8.365553367184475e-05,17,3509,,,,,
0.038506198674440384,17,3510,,,,,
0.04739140346646309,17,3511,,,,,
0.0008215407724492252,17,3512,,,,,
0.0026730026584118605,17,3513,,,,,
0.008109069429337978,17,3514,,,,,
0.06873299181461334,17,3515,,,,,
0.008402210660278797,17,3516,,,,,
0.036851074546575546,17,3517,,,,,
0.04869453236460686,17,3518,,,,,
0.2406608909368515,17,3519,,,,,
0.00020481129467952996,17,3520,,,,,
0.0001034234301187098,17,3521,,,,,
0.00010609519813442603,17,3522,,,,,
0.0016437744488939643,17,3523,,,,,
0.0028197295032441616,17,3524,,,,,
0.0004041020292788744,17,3525,,,,,
0.019587136805057526,17,3526,,,,,
0.25451919436454773,17,3527,,,,,
0.009850582107901573,17,3528,,,,,
0.0020505681168287992,17,3529,,,,,
0.0001488946145400405,17,3530,,,,,
0.03506944701075554,17,3531,,,,,
0.0040290639735758305,17,3532,,,,,
0.0025216962676495314,17,3533,,,,,
0.060328274965286255,17,3534,,,,,
0.1766611784696579,17,3535,,,,,
0.014362786896526814,17,3536,,,,,
0.0049866908229887486,17,3537,,,,,
0.0063606686890125275,17,3538,,,,,
0.015840468928217888,17,3539,,,,,
0.004510127939283848,17,3540,,,,,
0.00044305186020210385,17,3541,,,,,
0.10588783770799637,17,3542,,,,,
0.0008433338953182101,17,3543,,,,,
0.002720628399401903,17,3544,,,,,
0.047949448227882385,17,3545,,,,,
0.42088252305984497,17,3546,,,,,
0.010115440003573895,17,3547,,,,,
0.15577971935272217,17,3548,,,,,
0.0013022368075326085,17,3549,,,,,
0.001855661510489881,17,3550,,,,,
0.0013166845310479403,17,3551,,,,,
0.0174875445663929,17,3552,,,,,
0.015548315830528736,17,3553,,,,,
0.003946099430322647,17,3554,,,,,
0.003550209105014801,17,3555,,,,,
0.02164699137210846,17,3556,,,,,
0.022204866632819176,17,3557,,,,,
0.002033399883657694,17,3558,,,,,
0.1631542593240738,17,3559,,,,,
0.01881065033376217,17,3560,,,,,
0.005808043293654919,17,3561,,,,,
0.006406591273844242,17,3562,,,,,
0.005036532413214445,17,3563,,,,,
0.026683678850531578,17,3564,,,,,
0.0018457124242559075,17,3565,,,,,
0.002061862964183092,17,3566,,,,,
0.0027680909261107445,17,3567,,,,,
0.006938442122191191,17,3568,,,,,
0.024859178811311722,17,3569,,,,,
0.017068369314074516,17,3570,,,,,
0.06369613856077194,17,3571,,,,,
0.002271294128149748,17,3572,,,,,
0.002463072771206498,17,3573,,,,,
0.00352229131385684,17,3574,,,,,
0.03208443522453308,17,3575,,,,,
0.016501877456903458,17,3576,,,,,
0.007469987031072378,17,3577,,,,,
0.04570966586470604,17,3578,,,,,
0.028362087905406952,17,3579,,,,,
0.011441637761890888,17,3580,,,,,
0.0033786676358431578,17,3581,,,,,
,,3383,0.025409871712327003,,,,
,,3384,0.0028654285706579685,,,,
,,3385,0.0003892993845511228,,,,
,,3386,0.043651826679706573,,,,
,,3387,0.00033247697865590453,,,,
,,3388,0.00014256879512686282,,,,
,,3389,0.10501217842102051,,,,
,,3390,0.18888826668262482,,,,
,,3391,0.019654713571071625,,,,
,,3392,0.003972477745264769,,,,
,,3393,0.00011814364552265033,,,,
,,3394,0.00012116254947613925,,,,
,,3395,0.00027916018734686077,,,,
,,3396,3.386660318938084e-05,,,,
,,3397,0.0002289709955221042,,,,
,,3398,0.0002143157325917855,,,,
,,3399,0.010582832619547844,,,,
,,3400,0.0034974683076143265,,,,
,,3401,8.42253866721876e-05,,,,
,,3402,0.04000851511955261,,,,
,,3403,0.00029704553890042007,,,,
,,3404,6.201444193720818e-05,,,,
,,3405,5.847515421919525e-05,,,,
,,3406,0.00035932264290750027,,,,
,,3407,0.0002681335899978876,,,,
,,3408,0.003163370070978999,,,,
,,3409,0.00014521568664349616,,,,
,,3410,0.000388738902984187,,,,
,,3411,0.00042037744424305856,,,,
,,3412,0.00013622984988614917,,,,
,,3413,0.00014049986202735454,,,,
,,3414,0.0001818969612941146,,,,
,,3415,0.12776391208171844,,,,
,,3416,0.07423851639032364,,,,
,,3417,0.00015010041533969343,,,,
,,3418,0.039525896310806274,,,,
,,3419,0.0003302711993455887,,,,
,,3420,4.303810783312656e-05,,,,
,,3421,0.0018783172126859426,,,,
,,3422,0.00024088336795102805,,,,
,,3423,0.0002089959307340905,,,,
,,3424,0.0033590139355510473,,,,
,,3425,0.0011974250664934516,,,,
,,3426,4.380967220640741e-05,,,,
,,3427,0.0004603820270858705,,,,
,,3428,0.023201243951916695,,,,
,,3429,4.10671673307661e-05,,,,
,,3430,0.0003149225958622992,,,,
,,3431,0.028751106932759285,,,,
,,3432,0.004049945157021284,,,,
,,3433,0.0006017426494508982,,,,
,,3434,0.04204512760043144,,,,
,,3435,0.00038881084765307605,,,,
,,3436,0.0005037006339989603,,,,
,,3437,0.000415755930589512,,,,
,,3438,0.0003533675044309348,,,,
,,3439,0.00016659469110891223,,,,
,,3440,0.003052334999665618,,,,
,,3441,0.042670838534832,,,,
,,3442,0.00024821559782139957,,,,
,,3443,0.0004777053836733103,,,,
,,3444,0.020700331777334213,,,,
,,3445,3.842898513539694e-05,,,,
,,3446,0.00015172766870819032,,,,
,,3447,0.0023750048130750656,,,,
,,3448,0.005401164758950472,,,,
,,3449,0.00020006197155453265,,,,
,,3450,5.365242395782843e-05,,,,
,,3451,0.0002456879010424018,,,,
,,3452,0.00020806127577088773,,,,
,,3453,3.7054891436127946e-05,,,,
,,3454,0.00023811166465748101,,,,
,,3455,0.00025434704730287194,,,,
,,3456,0.004527984652668238,,,,
,,3457,0.021863115951418877,,,,
,,3458,0.000151611675391905,,,,
,,3459,0.0005726396921090782,,,,
,,3460,0.020235180854797363,,,,
,,3461,0.00010712364746723324,,,,
,,3462,0.000557549181394279,,,,
,,3463,0.030661150813102722,,,,
,,3464,0.0020510840695351362,,,,
,,3465,0.0001538037322461605,,,,
,,3466,6.950419628992677e-05,,,,
,,3467,0.008038602769374847,,,,
,,3468,0.0004161243268754333,,,,
,,3469,7.601506513310596e-05,,,,
,,3470,0.021137574687600136,,,,
,,3471,0.0002828493597917259,,,,
,,3472,0.008113114163279533,,,,
,,3473,0.051759783178567886,,,,
,,3474,5.104301089886576e-05,,,,
,,3475,0.0004718094423878938,,,,
,,3476,0.02086230367422104,,,,
,,3477,3.4241027606185526e-05,,,,
,,3478,0.00028314170776866376,,,,
,,3479,0.0003076806024182588,,,,
,,3480,0.006256432738155127,,,,
,,3481,0.00035948355798609555,,,,
,,3482,7.759909931337461e-05,,,,
,,3483,0.0003752587363123894,,,,
,,3484,0.00047709475620649755,,,,
,,3485,0.0004915166646242142,,,,
,,3486,0.02218114398419857,,,,
,,3487,0.00029464325052686036,,,,
,,3488,0.007632513530552387,,,,
,,3489,0.05457578971982002,,,,
,,3490,0.001065307529643178,,,,
,,3491,0.00022360507864505053,,,,
,,3492,0.0003570998669601977,,,,
,,3493,0.21484731137752533,,,,
,,3494,0.0006029424839653075,,,,
,,3495,0.0009495204431004822,,,,
,,3496,0.005710084922611713,,,,
,,3497,0.00014415707846637815,,,,
,,3498,5.4568907216889784e-05,,,,
,,3499,0.0005793966120108962,,,,
,,3500,0.00023792925640009344,,,,
,,3501,0.00014737316814716905,,,,
,,3502,0.020576288923621178,,,,
,,3503,0.00013519533968064934,,,,
,,3504,0.00017783092334866524,,,,
,,3505,0.0032551181502640247,,,,
,,3506,0.00014400131476577371,,,,
,,3507,0.00023811703431420028,,,,
,,3508,0.00025879405438899994,,,,
,,3509,0.018943065777420998,,,,
,,3510,0.0006525854696519673,,,,
,,3511,0.001298612100072205,,,,
,,3512,0.03212478756904602,,,,
,,3513,0.008380803279578686,,,,
,,3514,0.003289988497272134,,,,
,,3515,0.0008850708836689591,,,,
,,3516,0.00034165941178798676,,,,
,,3517,0.0005037248483859003,,,,
,,3518,0.00023914410849101841,,,,
,,3519,0.40149667859077454,,,,
,,3520,0.000456416979432106,,,,
,,3521,0.008183768019080162,,,,
,,3522,0.06254275888204575,,,,
,,3523,6.45681720925495e-05,,,,
,,3524,0.0004072423907928169,,,,
,,3525,0.020707830786705017,,,,
,,3526,4.265090319677256e-05,,,,
,,3527,0.0002016130310948938,,,,
,,3528,0.03323226422071457,,,,
,,3529,0.0028342455625534058,,,,
,,3530,0.00013191539619583637,,,,
,,3531,4.4615499064093456e-05,,,,
,,3532,0.0002712902205530554,,,,
,,3533,0.00019982854428235441,,,,
,,3534,7.654860382899642e-05,,,,
,,3535,0.022312665358185768,,,,
,,3536,0.0010028855176642537,,,,
,,3537,0.006687238346785307,,,,
,,3538,0.06320224702358246,,,,
,,3539,0.00015067316417116672,,,,
,,3540,0.0008461476536467671,,,,
,,3541,0.019717885181307793,,,,
,,3542,0.00014171359362080693,,,,
,,3543,0.0002531321079004556,,,,
,,3544,0.00023974866780918092,,,,
,,3545,0.2489643096923828,,,,
,,3546,0.00017767338431440294,,,,
,,3547,6.924037734279409e-05,,,,
,,3548,0.00020415654580574483,,,,
,,3549,9.436590335099027e-05,,,,
,,3550,2.147246959793847e-05,,,,
,,3551,0.2951359450817108,,,,
,,3552,0.00011244871711824089,,,,
,,3553,0.006625485606491566,,,,
,,3554,0.0555061399936676,,,,
,,3555,4.3311247281963006e-05,,,,
,,3556,0.00014911913604009897,,,,
,,3557,0.00023466792481485754,,,,
,,3558,5.0198384997202083e-05,,,,
,,3559,0.0001948280114447698,,,,
,,3560,0.0002044033317361027,,,,
,,3561,0.005830664187669754,,,,
,,3562,0.0001720747968647629,,,,
,,3563,0.00010417133307782933,,,,
,,3564,0.000282134220469743,,,,
,,3565,0.00027808663435280323,,,,
,,3566,0.00038561096880584955,,,,
,,3567,0.019574105739593506,,,,
,,3568,0.0002460732648614794,,,,
,,3569,0.00639324588701129,,,,
,,3570,0.3318125903606415,,,,
,,3571,0.2804194986820221,,,,
,,3572,0.0004568121221382171,,,,
,,3573,0.0005106909084133804,,,,
,,3574,8.91518866410479e-05,,,,
,,3575,0.00014442321844398975,,,,
,,3576,0.0001786998036550358,,,,
,,3577,0.004889415577054024,,,,
,,3578,0.00021993271366227418,,,,
,,3579,7.947067206259817e-05,,,,
,,3580,0.0002706606173887849,,,,
,,3581,0.0001991661119973287,,,,
,17,3581,,0.01701195538043976,,,
,17,3581,,,0.025045469403266907,0.868686854839325,0.9494949579238892
0.01340373046696186,18,3582,,,,,
0.003008076688274741,18,3583,,,,,
0.04524388164281845,18,3584,,,,,
0.0007918280316516757,18,3585,,,,,
0.01681155525147915,18,3586,,,,,
0.011488594114780426,18,3587,,,,,
0.0018787016160786152,18,3588,,,,,
0.0012404767330735922,18,3589,,,,,
0.02080908790230751,18,3590,,,,,
0.0057235960848629475,18,3591,,,,,
0.0042154379189014435,18,3592,,,,,
0.13496875762939453,18,3593,,,,,
0.0010979956714436412,18,3594,,,,,
0.0016389057273045182,18,3595,,,,,
0.04397200420498848,18,3596,,,,,
0.003205683548003435,18,3597,,,,,
0.020193079486489296,18,3598,,,,,
0.008290220983326435,18,3599,,,,,
0.045872174203395844,18,3600,,,,,
0.02129189670085907,18,3601,,,,,
0.010575930587947369,18,3602,,,,,
0.00010394772834843025,18,3603,,,,,
0.012251405045390129,18,3604,,,,,
0.0008762437500990927,18,3605,,,,,
0.06624526530504227,18,3606,,,,,
0.008558405563235283,18,3607,,,,,
0.058439526706933975,18,3608,,,,,
0.0007424387149512768,18,3609,,,,,
0.028587860986590385,18,3610,,,,,
0.00020235487318132073,18,3611,,,,,
0.026485880836844444,18,3612,,,,,
0.001717491657473147,18,3613,,,,,
0.008077975362539291,18,3614,,,,,
0.00020446846610866487,18,3615,,,,,
0.03197174891829491,18,3616,,,,,
0.0055382512509822845,18,3617,,,,,
0.04166056215763092,18,3618,,,,,
0.0549410916864872,18,3619,,,,,
0.0003841560101136565,18,3620,,,,,
0.05311783775687218,18,3621,,,,,
0.0023863029200583696,18,3622,,,,,
0.09268117696046829,18,3623,,,,,
0.03781302645802498,18,3624,,,,,
0.00037868431536480784,18,3625,,,,,
0.0008532982901670039,18,3626,,,,,
0.0012206792598590255,18,3627,,,,,
0.00023543745919596404,18,3628,,,,,
0.0003475428093224764,18,3629,,,,,
0.11669346690177917,18,3630,,,,,
0.03916362300515175,18,3631,,,,,
0.0004216015513520688,18,3632,,,,,
0.002935172989964485,18,3633,,,,,
0.0018659423803910613,18,3634,,,,,
0.006328209303319454,18,3635,,,,,
0.15015144646167755,18,3636,,,,,
0.11443915218114853,18,3637,,,,,
0.00045723022776655853,18,3638,,,,,
0.04594619944691658,18,3639,,,,,
0.0004445792583283037,18,3640,,,,,
0.015666047111153603,18,3641,,,,,
0.15593470633029938,18,3642,,,,,
0.08352039754390717,18,3643,,,,,
0.03215733915567398,18,3644,,,,,
0.0007470751297660172,18,3645,,,,,
0.30797529220581055,18,3646,,,,,
0.01907828077673912,18,3647,,,,,
0.0003723336849361658,18,3648,,,,,
0.026105821132659912,18,3649,,,,,
0.0497300922870636,18,3650,,,,,
0.0010580715024843812,18,3651,,,,,
0.028348039835691452,18,3652,,,,,
0.07428715378046036,18,3653,,,,,
0.018776074051856995,18,3654,,,,,
0.010643448680639267,18,3655,,,,,
0.0009943065233528614,18,3656,,,,,
0.004949900787323713,18,3657,,,,,
0.0031411617528647184,18,3658,,,,,
0.016952907666563988,18,3659,,,,,
0.0009128028759732842,18,3660,,,,,
0.010322676971554756,18,3661,,,,,
0.002352281240746379,18,3662,,,,,
0.044481098651885986,18,3663,,,,,
0.057407308369874954,18,3664,,,,,
0.014352087862789631,18,3665,,,,,
0.010967564769089222,18,3666,,,,,
0.007604316808283329,18,3667,,,,,
0.004618571139872074,18,3668,,,,,
0.0015948640648275614,18,3669,,,,,
0.014649216085672379,18,3670,,,,,
0.0006209821440279484,18,3671,,,,,
0.010688655078411102,18,3672,,,,,
0.036340951919555664,18,3673,,,,,
0.10906302183866501,18,3674,,,,,
0.00146682548802346,18,3675,,,,,
0.005596733186393976,18,3676,,,,,
0.0017200828297063708,18,3677,,,,,
0.002946407301351428,18,3678,,,,,
0.001201194478198886,18,3679,,,,,
0.006074116099625826,18,3680,,,,,
0.007950794883072376,18,3681,,,,,
0.03647652268409729,18,3682,,,,,
0.0017132145585492253,18,3683,,,,,
0.05224599689245224,18,3684,,,,,
0.0017246666830033064,18,3685,,,,,
0.007032213732600212,18,3686,,,,,
0.0008243193733505905,18,3687,,,,,
0.00209247600287199,18,3688,,,,,
0.03314603865146637,18,3689,,,,,
0.004379225429147482,18,3690,,,,,
0.04489785432815552,18,3691,,,,,
0.000804457173217088,18,3692,,,,,
0.013578544370830059,18,3693,,,,,
0.001278770505450666,18,3694,,,,,
0.013171374797821045,18,3695,,,,,
0.00491754338145256,18,3696,,,,,
0.010870182886719704,18,3697,,,,,
0.06907694786787033,18,3698,,,,,
0.0029438312631100416,18,3699,,,,,
0.012871871702373028,18,3700,,,,,
0.007982674054801464,18,3701,,,,,
0.006689157336950302,18,3702,,,,,
0.060580771416425705,18,3703,,,,,
0.0022536427713930607,18,3704,,,,,
0.007459276355803013,18,3705,,,,,
0.0037170059513300657,18,3706,,,,,
0.0005441803950816393,18,3707,,,,,
0.009570137597620487,18,3708,,,,,
0.0003416646213736385,18,3709,,,,,
0.0024072492960840464,18,3710,,,,,
0.128363698720932,18,3711,,,,,
0.004781581461429596,18,3712,,,,,
0.0004464181256480515,18,3713,,,,,
0.0004948045243509114,18,3714,,,,,
0.0009077375871129334,18,3715,,,,,
0.004282464273273945,18,3716,,,,,
0.0005212301621213555,18,3717,,,,,
0.01188609004020691,18,3718,,,,,
0.017098359763622284,18,3719,,,,,
0.0003301343822386116,18,3720,,,,,
0.000425660633482039,18,3721,,,,,
0.004129345063120127,18,3722,,,,,
0.005100090987980366,18,3723,,,,,
0.005992981605231762,18,3724,,,,,
0.00033654458820819855,18,3725,,,,,
0.0005091206403449178,18,3726,,,,,
0.0038038212805986404,18,3727,,,,,
0.0002689767861738801,18,3728,,,,,
0.00010379363084211946,18,3729,,,,,
0.015311814844608307,18,3730,,,,,
0.018934668973088264,18,3731,,,,,
0.001104169525206089,18,3732,,,,,
0.0013496446190401912,18,3733,,,,,
0.0015410383930429816,18,3734,,,,,
0.002212545368820429,18,3735,,,,,
0.0017379862256348133,18,3736,,,,,
0.007747885305434465,18,3737,,,,,
0.0009986234363168478,18,3738,,,,,
0.00018484063912183046,18,3739,,,,,
0.026362409815192223,18,3740,,,,,
0.0019466003868728876,18,3741,,,,,
1.0490136446605902e-05,18,3742,,,,,
0.01088703889399767,18,3743,,,,,
0.03559885174036026,18,3744,,,,,
5.517940371646546e-05,18,3745,,,,,
0.0016926184762269258,18,3746,,,,,
0.010947118513286114,18,3747,,,,,
0.0011074523208662868,18,3748,,,,,
0.0019076906610280275,18,3749,,,,,
0.00029782651108689606,18,3750,,,,,
0.14420153200626373,18,3751,,,,,
0.00043193859164603055,18,3752,,,,,
0.002064450876787305,18,3753,,,,,
0.0012178095057606697,18,3754,,,,,
0.0194331556558609,18,3755,,,,,
0.00048439399688504636,18,3756,,,,,
0.0011110375635325909,18,3757,,,,,
0.003995658829808235,18,3758,,,,,
0.03184946998953819,18,3759,,,,,
0.0005803872481919825,18,3760,,,,,
0.054281894117593765,18,3761,,,,,
0.00026866752887144685,18,3762,,,,,
0.000781828653998673,18,3763,,,,,
0.018353212624788284,18,3764,,,,,
0.0002824151306413114,18,3765,,,,,
0.0045410264283418655,18,3766,,,,,
0.006896669510751963,18,3767,,,,,
0.022914832457900047,18,3768,,,,,
0.02026570588350296,18,3769,,,,,
0.00011088675091741607,18,3770,,,,,
0.01646539755165577,18,3771,,,,,
0.012516911141574383,18,3772,,,,,
0.19980083405971527,18,3773,,,,,
0.008101098239421844,18,3774,,,,,
0.005744946654886007,18,3775,,,,,
0.5350773334503174,18,3776,,,,,
0.004731161519885063,18,3777,,,,,
0.0012964099878445268,18,3778,,,,,
0.0007291272049769759,18,3779,,,,,
9.477309504291043e-05,18,3780,,,,,
,,3582,0.02961113303899765,,,,
,,3583,0.0002225355274276808,,,,
,,3584,8.585496107116342e-05,,,,
,,3585,0.056436702609062195,,,,
,,3586,0.0006802325951866806,,,,
,,3587,4.311942757340148e-05,,,,
,,3588,0.02888556942343712,,,,
,,3589,0.1749551147222519,,,,
,,3590,0.02648533321917057,,,,
,,3591,0.0003933968546334654,,,,
,,3592,8.660583262098953e-06,,,,
,,3593,6.343792847474106e-06,,,,
,,3594,0.0006325939320959151,,,,
,,3595,1.8702237866818905e-05,,,,
,,3596,1.0329299584554974e-05,,,,
,,3597,8.173331480065826e-06,,,,
,,3598,0.009116667322814465,,,,
,,3599,0.0003656921908259392,,,,
,,3600,1.4376848412211984e-05,,,,
,,3601,0.04941213130950928,,,,
,,3602,0.0005844057304784656,,,,
,,3603,3.015766924363561e-05,,,,
,,3604,1.8321527022635564e-05,,,,
,,3605,1.6583915567025542e-05,,,,
,,3606,1.1546741916390602e-05,,,,
,,3607,0.0002412402245681733,,,,
,,3608,1.4008717698743567e-05,,,,
,,3609,1.3143208889232483e-05,,,,
,,3610,0.0006531824474222958,,,,
,,3611,1.4519054275297094e-05,,,,
,,3612,1.3980016774439719e-05,,,,
,,3613,5.219205377215985e-06,,,,
,,3614,0.05699596926569939,,,,
,,3615,0.02538369782269001,,,,
,,3616,1.706109287624713e-05,,,,
,,3617,0.05489550903439522,,,,
,,3618,0.0007490208954550326,,,,
,,3619,2.4925850084400736e-05,,,,
,,3620,0.0031924566719681025,,,,
,,3621,1.9459479517536238e-05,,,,
,,3622,6.426760137401288e-06,,,,
,,3623,0.00034245807910338044,,,,
,,3624,0.002236379077658057,,,,
,,3625,1.4252070286602248e-05,,,,
,,3626,0.000983062549494207,,,,
,,3627,0.01677381433546543,,,,
,,3628,1.5183079995040316e-05,,,,
,,3629,6.872494850540534e-06,,,,
,,3630,0.0317336805164814,,,,
,,3631,0.00034474479616619647,,,,
,,3632,0.00022375294065568596,,,,
,,3633,0.05298449844121933,,,,
,,3634,0.0004923933302052319,,,,
,,3635,1.0598635526548605e-05,,,,
,,3636,2.1091413145768456e-05,,,,
,,3637,6.768778348487103e-06,,,,
,,3638,4.115265710424865e-06,,,,
,,3639,0.000254990765824914,,,,
,,3640,0.0916283056139946,,,,
,,3641,8.525745215592906e-06,,,,
,,3642,0.0005726668750867248,,,,
,,3643,0.0185078177601099,,,,
,,3644,1.861614509834908e-05,,,,
,,3645,4.5713281906500924e-06,,,,
,,3646,0.007656073197722435,,,,
,,3647,0.000660269579384476,,,,
,,3648,8.204414370993618e-06,,,,
,,3649,1.6563062672503293e-05,,,,
,,3650,0.0004594625788740814,,,,
,,3651,4.825286850973498e-06,,,,
,,3652,1.34804577101022e-05,,,,
,,3653,1.027742382575525e-05,,,,
,,3654,5.188100203668e-06,,,,
,,3655,0.0004309067444410175,,,,
,,3656,0.015364449471235275,,,,
,,3657,8.642439934192225e-05,,,,
,,3658,0.0007544664549641311,,,,
,,3659,0.013643440790474415,,,,
,,3660,9.905065780912992e-06,,,,
,,3661,1.7252199540962465e-05,,,,
,,3662,0.03290455788373947,,,,
,,3663,0.005022930912673473,,,,
,,3664,5.535352556762518e-06,,,,
,,3665,1.6101716028060764e-05,,,,
,,3666,0.0008175342227332294,,,,
,,3667,9.339370990346652e-06,,,,
,,3668,2.8932056011399254e-05,,,,
,,3669,0.019078625366091728,,,,
,,3670,4.400277248350903e-06,,,,
,,3671,0.0009596906020306051,,,,
,,3672,0.07155221700668335,,,,
,,3673,2.7592992410063744e-05,,,,
,,3674,0.0009053374524228275,,,,
,,3675,0.013798381201922894,,,,
,,3676,1.2215070455567911e-05,,,,
,,3677,6.9087436713743955e-06,,,,
,,3678,6.836182365077548e-06,,,,
,,3679,0.0007798817241564393,,,,
,,3680,1.129337033489719e-05,,,,
,,3681,1.2360850632830989e-05,,,,
,,3682,0.00037191587034612894,,,,
,,3683,1.6339672583853826e-05,,,,
,,3684,1.5439318303833716e-05,,,,
,,3685,0.01575617305934429,,,,
,,3686,6.240165021154098e-06,,,,
,,3687,0.0006471274537034333,,,,
,,3688,0.070322684943676,,,,
,,3689,0.0016249757027253509,,,,
,,3690,6.022532943461556e-06,,,,
,,3691,0.0008570227073505521,,,,
,,3692,0.10668773949146271,,,,
,,3693,2.738693183346186e-05,,,,
,,3694,2.3154057998908684e-05,,,,
,,3695,0.00047500990331172943,,,,
,,3696,9.842156032391358e-06,,,,
,,3697,1.7931424736161716e-05,,,,
,,3698,0.0008220716845244169,,,,
,,3699,0.00043386282050050795,,,,
,,3700,2.888985545723699e-05,,,,
,,3701,0.011086137033998966,,,,
,,3702,1.7667720385361463e-05,,,,
,,3703,8.059348147071432e-06,,,,
,,3704,0.0003089448146056384,,,,
,,3705,3.629380444181152e-05,,,,
,,3706,9.925130143528804e-06,,,,
,,3707,0.00039194582495838404,,,,
,,3708,0.012945798225700855,,,,
,,3709,3.011161788890604e-05,,,,
,,3710,4.312375313020311e-05,,,,
,,3711,0.03509003296494484,,,,
,,3712,0.0010330375516787171,,,,
,,3713,5.1434672059258446e-05,,,,
,,3714,0.00015618230099789798,,,,
,,3715,0.0004901665379293263,,,,
,,3716,1.0168683729716577e-05,,,,
,,3717,2.629664959385991e-05,,,,
,,3718,0.39537641406059265,,,,
,,3719,2.8803933673771098e-05,,,,
,,3720,0.0010675337398424745,,,,
,,3721,0.09091290831565857,,,,
,,3722,1.3277625839691609e-05,,,,
,,3723,0.0007068875711411238,,,,
,,3724,0.015475931577384472,,,,
,,3725,1.3588847650680691e-05,,,,
,,3726,8.763951882428955e-06,,,,
,,3727,0.03536127880215645,,,,
,,3728,0.00023217099078465253,,,,
,,3729,4.825323230761569e-06,,,,
,,3730,2.0769879483850673e-05,,,,
,,3731,0.0003999940527137369,,,,
,,3732,5.607881121250102e-06,,,,
,,3733,1.906507895910181e-05,,,,
,,3734,0.014185274951159954,,,,
,,3735,4.211568375467323e-05,,,,
,,3736,0.00044690995127893984,,,,
,,3737,0.09103986620903015,,,,
,,3738,5.337110997061245e-05,,,,
,,3739,0.0009357561939395964,,,,
,,3740,0.014634888619184494,,,,
,,3741,1.8554193957243115e-05,,,,
,,3742,6.763649707863806e-06,,,,
,,3743,8.069609066296834e-06,,,,
,,3744,0.12303005158901215,,,,
,,3745,6.084720553189982e-06,,,,
,,3746,1.0925150490947999e-05,,,,
,,3747,0.0006695759366266429,,,,
,,3748,2.7106987090519397e-06,,,,
,,3749,7.231653398775961e-06,,,,
,,3750,0.2655327320098877,,,,
,,3751,6.913820470799692e-06,,,,
,,3752,0.0005789248389191926,,,,
,,3753,0.0713324248790741,,,,
,,3754,1.1842781532322988e-05,,,,
,,3755,4.7320290832431056e-06,,,,
,,3756,0.0006071244133636355,,,,
,,3757,1.599499591975473e-05,,,,
,,3758,5.447261628432898e-06,,,,
,,3759,5.162187790119788e-06,,,,
,,3760,0.0005450249300338328,,,,
,,3761,1.1412039384595118e-05,,,,
,,3762,0.0001004823570838198,,,,
,,3763,5.495240111486055e-05,,,,
,,3764,0.0005677233566530049,,,,
,,3765,4.191477637505159e-05,,,,
,,3766,0.013537244871258736,,,,
,,3767,4.53507391284802e-06,,,,
,,3768,0.0005293228314258158,,,,
,,3769,0.25038203597068787,,,,
,,3770,0.24924004077911377,,,,
,,3771,0.0005766124231740832,,,,
,,3772,0.0008792865555733442,,,,
,,3773,5.523188519873656e-05,,,,
,,3774,4.514337433647597e-06,,,,
,,3775,4.498778253037017e-06,,,,
,,3776,0.0004198562528472394,,,,
,,3777,1.1319028999423608e-05,,,,
,,3778,2.8432323233573698e-05,,,,
,,3779,0.0004709737258963287,,,,
,,3780,5.157014584256103e-06,,,,
,18,3780,,0.014184863306581974,,,
,18,3780,,,0.02261255495250225,0.8636363744735718,0.9545454382896423
0.0005353979067876935,19,3781,,,,,
0.20327189564704895,19,3782,,,,,
0.06188427656888962,19,3783,,,,,
0.00020710506942123175,19,3784,,,,,
0.021615779027342796,19,3785,,,,,
0.0007536697085015476,19,3786,,,,,
0.004819801077246666,19,3787,,,,,
0.004455535672605038,19,3788,,,,,
0.00027742047677747905,19,3789,,,,,
0.005577525589615107,19,3790,,,,,
0.06028855964541435,19,3791,,,,,
0.0074738613329827785,19,3792,,,,,
0.011313087306916714,19,3793,,,,,
0.033677224069833755,19,3794,,,,,
0.07549010962247849,19,3795,,,,,
0.004944993183016777,19,3796,,,,,
0.0019633607007563114,19,3797,,,,,
0.001093116239644587,19,3798,,,,,
0.001033549546264112,19,3799,,,,,
0.0012600673362612724,19,3800,,,,,
0.004582605324685574,19,3801,,,,,
0.005822231061756611,19,3802,,,,,
0.00360318087041378,19,3803,,,,,
0.0030449877958744764,19,3804,,,,,
0.08510004729032516,19,3805,,,,,
0.01324007660150528,19,3806,,,,,
0.004499415401369333,19,3807,,,,,
0.00029084752895869315,19,3808,,,,,
0.003534632036462426,19,3809,,,,,
0.0012974489945918322,19,3810,,,,,
0.004038345068693161,19,3811,,,,,
0.0024095410481095314,19,3812,,,,,
0.012387003749608994,19,3813,,,,,
0.001591103500686586,19,3814,,,,,
0.0033568665385246277,19,3815,,,,,
0.014510058797895908,19,3816,,,,,
0.0004898394108749926,19,3817,,,,,
0.09672226756811142,19,3818,,,,,
0.0027411547489464283,19,3819,,,,,
0.01087107788771391,19,3820,,,,,
0.026067523285746574,19,3821,,,,,
0.017527762800455093,19,3822,,,,,
0.0013704604934901,19,3823,,,,,
0.07477041333913803,19,3824,,,,,
0.0005378834903240204,19,3825,,,,,
0.021069588139653206,19,3826,,,,,
0.020406924188137054,19,3827,,,,,
0.0011351942084729671,19,3828,,,,,
0.019944623112678528,19,3829,,,,,
0.002154710004106164,19,3830,,,,,
0.00042118463898077607,19,3831,,,,,
0.08613726496696472,19,3832,,,,,
0.0010886408854275942,19,3833,,,,,
0.0030839850660413504,19,3834,,,,,
0.00017164052405860275,19,3835,,,,,
0.32029250264167786,19,3836,,,,,
0.00046752922935411334,19,3837,,,,,
0.01576649583876133,19,3838,,,,,
0.031207334250211716,19,3839,,,,,
0.026198629289865494,19,3840,,,,,
0.015555242076516151,19,3841,,,,,
0.011130358092486858,19,3842,,,,,
0.380391389131546,19,3843,,,,,
0.0036826585419476032,19,3844,,,,,
0.0002579554566182196,19,3845,,,,,
0.04205157980322838,19,3846,,,,,
0.009175978600978851,19,3847,,,,,
0.0023601718712598085,19,3848,,,,,
0.003218035213649273,19,3849,,,,,
0.0032109443563967943,19,3850,,,,,
0.0017472722101956606,19,3851,,,,,
0.04692941531538963,19,3852,,,,,
0.0013682888820767403,19,3853,,,,,
0.2084471434354782,19,3854,,,,,
0.045249368995428085,19,3855,,,,,
0.004681128077208996,19,3856,,,,,
0.019009113311767578,19,3857,,,,,
0.01137144211679697,19,3858,,,,,
0.11349944770336151,19,3859,,,,,
0.027042292058467865,19,3860,,,,,
0.005683970637619495,19,3861,,,,,
0.0023250035010278225,19,3862,,,,,
0.11554781347513199,19,3863,,,,,
0.0017551063792780042,19,3864,,,,,
0.014926094561815262,19,3865,,,,,
0.018869629129767418,19,3866,,,,,
0.0014014121843501925,19,3867,,,,,
0.006317087449133396,19,3868,,,,,
0.02939007803797722,19,3869,,,,,
0.006020039785653353,19,3870,,,,,
0.02195797488093376,19,3871,,,,,
0.2906622588634491,19,3872,,,,,
0.015165685676038265,19,3873,,,,,
0.014313159510493279,19,3874,,,,,
0.005564842373132706,19,3875,,,,,
0.011210432276129723,19,3876,,,,,
0.004951163195073605,19,3877,,,,,
0.012348296120762825,19,3878,,,,,
0.021725524216890335,19,3879,,,,,
0.007306662388145924,19,3880,,,,,
0.003651935141533613,19,3881,,,,,
0.010786794126033783,19,3882,,,,,
0.00277088419534266,19,3883,,,,,
0.012173770926892757,19,3884,,,,,
0.0005380570655688643,19,3885,,,,,
0.015141545794904232,19,3886,,,,,
0.0009231548174284399,19,3887,,,,,
0.1115403100848198,19,3888,,,,,
0.0019489065743982792,19,3889,,,,,
0.037044771015644073,19,3890,,,,,
0.01441291905939579,19,3891,,,,,
0.0006054865079931915,19,3892,,,,,
0.0008151547517627478,19,3893,,,,,
0.07586868852376938,19,3894,,,,,
0.0025288627948611975,19,3895,,,,,
0.001556775183416903,19,3896,,,,,
0.007157816085964441,19,3897,,,,,
0.003192540956661105,19,3898,,,,,
0.04023408517241478,19,3899,,,,,
0.0016645820578560233,19,3900,,,,,
0.011070855893194675,19,3901,,,,,
0.002818365814164281,19,3902,,,,,
0.002928344765678048,19,3903,,,,,
0.018390605226159096,19,3904,,,,,
0.0019149042200297117,19,3905,,,,,
0.000905315566342324,19,3906,,,,,
0.009946776553988457,19,3907,,,,,
0.003589204279705882,19,3908,,,,,
0.004448858089745045,19,3909,,,,,
0.0056926654651761055,19,3910,,,,,
0.0035837541799992323,19,3911,,,,,
0.014106991700828075,19,3912,,,,,
0.003248340217396617,19,3913,,,,,
0.000399006181396544,19,3914,,,,,
0.004371046554297209,19,3915,,,,,
0.03308992460370064,19,3916,,,,,
0.00044939250801689923,19,3917,,,,,
0.03322075679898262,19,3918,,,,,
0.0922035425901413,19,3919,,,,,
0.0001610156032256782,19,3920,,,,,
0.14836905896663666,19,3921,,,,,
0.0029284819029271603,19,3922,,,,,
0.0013160292292013764,19,3923,,,,,
0.0016430598916485906,19,3924,,,,,
0.004226727411150932,19,3925,,,,,
0.001504814950749278,19,3926,,,,,
0.014150199480354786,19,3927,,,,,
0.003565603867173195,19,3928,,,,,
0.43694832921028137,19,3929,,,,,
0.0019445606740191579,19,3930,,,,,
0.0023775973822921515,19,3931,,,,,
0.008187705650925636,19,3932,,,,,
0.0002158950228476897,19,3933,,,,,
0.015645736828446388,19,3934,,,,,
0.004856230225414038,19,3935,,,,,
0.0005958136753179133,19,3936,,,,,
0.0035591230262070894,19,3937,,,,,
0.0022734098602086306,19,3938,,,,,
0.0038226614706218243,19,3939,,,,,
0.0009072731481865048,19,3940,,,,,
0.0003518863522913307,19,3941,,,,,
0.0050744651816785336,19,3942,,,,,
0.00487613445147872,19,3943,,,,,
0.0010275468230247498,19,3944,,,,,
0.017866693437099457,19,3945,,,,,
0.004823955707252026,19,3946,,,,,
0.0010759199503809214,19,3947,,,,,
0.002034469973295927,19,3948,,,,,
0.010067453607916832,19,3949,,,,,
0.010388673283159733,19,3950,,,,,
0.25481343269348145,19,3951,,,,,
0.0004767127975355834,19,3952,,,,,
0.0008194220717996359,19,3953,,,,,
0.03521691635251045,19,3954,,,,,
0.0005523154395632446,19,3955,,,,,
0.010760031640529633,19,3956,,,,,
0.001846731174737215,19,3957,,,,,
0.00014782008656766266,19,3958,,,,,
0.02567366510629654,19,3959,,,,,
0.007497603539377451,19,3960,,,,,
0.00010721851140260696,19,3961,,,,,
0.025194646790623665,19,3962,,,,,
0.003159670624881983,19,3963,,,,,
0.01114055048674345,19,3964,,,,,
0.021008729934692383,19,3965,,,,,
0.00045661948388442397,19,3966,,,,,
0.005259729456156492,19,3967,,,,,
0.012386953458189964,19,3968,,,,,
0.0010093386517837644,19,3969,,,,,
0.002531586214900017,19,3970,,,,,
0.004326759371906519,19,3971,,,,,
0.005671390797942877,19,3972,,,,,
0.008753507398068905,19,3973,,,,,
0.021111847832798958,19,3974,,,,,
0.009708719328045845,19,3975,,,,,
0.018952783197164536,19,3976,,,,,
0.002869613002985716,19,3977,,,,,
0.0031840503215789795,19,3978,,,,,
0.11305035650730133,19,3979,,,,,
,,3781,0.005031707230955362,,,,
,,3782,0.00044322069152258337,,,,
,,3783,2.5894307327689603e-05,,,,
,,3784,0.02418830804526806,,,,
,,3785,0.00017726166697684675,,,,
,,3786,0.0001696264516795054,,,,
,,3787,0.008278871886432171,,,,
,,3788,0.012273808941245079,,,,
,,3789,0.004973962903022766,,,,
,,3790,0.0007710607605986297,,,,
,,3791,1.065050128090661e-05,,,,
,,3792,1.0318824024579953e-05,,,,
,,3793,0.00013698743714485317,,,,
,,3794,4.5617460273206234e-05,,,,
,,3795,2.060613223875407e-05,,,,
,,3796,1.0541884876147378e-05,,,,
,,3797,0.0011855741031467915,,,,
,,3798,0.0008420780650340021,,,,
,,3799,1.7439117073081434e-05,,,,
,,3800,0.014996720477938652,,,,
,,3801,0.00014309209655039012,,,,
,,3802,5.415866326075047e-05,,,,
,,3803,5.798858546768315e-05,,,,
,,3804,1.4474770068773068e-05,,,,
,,3805,8.406640517932829e-06,,,,
,,3806,0.00047562303370796144,,,,
,,3807,1.0629902135406155e-05,,,,
,,3808,1.3843150554748718e-05,,,,
,,3809,0.0002183116739615798,,,,
,,3810,4.313687531976029e-05,,,,
,,3811,5.567823245655745e-05,,,,
,,3812,5.613094344880665e-06,,,,
,,3813,0.01874786987900734,,,,
,,3814,0.0018484608735889196,,,,
,,3815,1.306038029724732e-05,,,,
,,3816,0.01807110197842121,,,,
,,3817,0.0001847705862019211,,,,
,,3818,6.161639612400904e-05,,,,
,,3819,0.0004001340130344033,,,,
,,3820,1.2137858902860899e-05,,,,
,,3821,7.836501936253626e-06,,,,
,,3822,0.0007947254925966263,,,,
,,3823,0.0002487828314770013,,,,
,,3824,1.0184023267356679e-05,,,,
,,3825,0.00026012249873019755,,,,
,,3826,0.004274538718163967,,,,
,,3827,3.0242674256442115e-05,,,,
,,3828,7.90375725046033e-06,,,,
,,3829,0.008244099095463753,,,,
,,3830,0.0009191685821861029,,,,
,,3831,1.428832456440432e-05,,,,
,,3832,0.02303895726799965,,,,
,,3833,0.00016290934581775218,,,,
,,3834,1.0163413207919803e-05,,,,
,,3835,5.495081495610066e-05,,,,
,,3836,1.0132065654033795e-05,,,,
,,3837,4.996331881557126e-06,,,,
,,3838,0.0004408758832141757,,,,
,,3839,0.0021568364463746548,,,,
,,3840,2.4449056581943296e-05,,,,
,,3841,0.00040043459739536047,,,,
,,3842,0.005305472295731306,,,,
,,3843,3.8552596379304305e-05,,,,
,,3844,5.4161014304554556e-06,,,,
,,3845,0.0004414204740896821,,,,
,,3846,0.001937855500727892,,,,
,,3847,1.2360890650597867e-05,,,,
,,3848,8.13692622614326e-06,,,,
,,3849,0.00015698968491051346,,,,
,,3850,1.0401639883639291e-05,,,,
,,3851,3.116738662356511e-05,,,,
,,3852,1.9013916244148277e-05,,,,
,,3853,1.0158148143091239e-05,,,,
,,3854,0.0012996267760172486,,,,
,,3855,0.0038893099408596754,,,,
,,3856,5.18811566507793e-06,,,,
,,3857,0.0003296520153526217,,,,
,,3858,0.0055317929945886135,,,,
,,3859,2.7887921532965265e-05,,,,
,,3860,1.044330474542221e-05,,,,
,,3861,0.011757687665522099,,,,
,,3862,0.0004475469177123159,,,,
,,3863,8.841812814353034e-06,,,,
,,3864,4.825310497835744e-06,,,,
,,3865,0.0007392441621050239,,,,
,,3866,3.447109702392481e-05,,,,
,,3867,8.735529991099611e-05,,,,
,,3868,0.004922481719404459,,,,
,,3869,1.047906516760122e-05,,,,
,,3870,0.0034858863800764084,,,,
,,3871,0.023860378190875053,,,,
,,3872,6.017281066306168e-06,,,,
,,3873,0.000246374896960333,,,,
,,3874,0.003627088386565447,,,,
,,3875,2.4427909011137672e-05,,,,
,,3876,2.502871211618185e-05,,,,
,,3877,8.028138836380094e-06,,,,
,,3878,0.0030464157462120056,,,,
,,3879,1.8583579731057398e-05,,,,
,,3880,6.659947302978253e-06,,,,
,,3881,0.0001532288733869791,,,,
,,3882,1.0505335922061931e-05,,,,
,,3883,3.2540578104089946e-05,,,,
,,3884,0.006019615102559328,,,,
,,3885,5.524962944036815e-06,,,,
,,3886,0.001460481551475823,,,,
,,3887,0.027085300534963608,,,,
,,3888,7.619961252203211e-05,,,,
,,3889,9.074999979929999e-06,,,,
,,3890,0.00022312017972581089,,,,
,,3891,0.0009552720002830029,,,,
,,3892,2.6461433662916534e-05,,,,
,,3893,1.4475222997134551e-05,,,,
,,3894,0.001377479755319655,,,,
,,3895,9.401682291354518e-06,,,,
,,3896,8.292473467008676e-06,,,,
,,3897,6.2958562921267e-05,,,,
,,3898,0.00012244563549757004,,,,
,,3899,5.899685129406862e-05,,,,
,,3900,0.0038089854642748833,,,,
,,3901,4.277548214304261e-05,,,,
,,3902,8.442906619166024e-06,,,,
,,3903,0.000610015937127173,,,,
,,3904,2.1813102648593485e-05,,,,
,,3905,1.099800101656001e-05,,,,
,,3906,0.00012483556929510087,,,,
,,3907,0.00412881700322032,,,,
,,3908,3.299713716842234e-05,,,,
,,3909,1.3526959264709149e-05,,,,
,,3910,0.011843238957226276,,,,
,,3911,0.003012236673384905,,,,
,,3912,2.177658097934909e-05,,,,
,,3913,3.768854003283195e-05,,,,
,,3914,0.0001573161716805771,,,,
,,3915,1.1827181879198179e-05,,,,
,,3916,5.837835487909615e-05,,,,
,,3917,0.034301210194826126,,,,
,,3918,1.6604539268882945e-05,,,,
,,3919,0.0028789073694497347,,,,
,,3920,0.04716269671916962,,,,
,,3921,4.322531367506599e-06,,,,
,,3922,0.00024760246742516756,,,,
,,3923,0.007659876719117165,,,,
,,3924,3.5207925975555554e-05,,,,
,,3925,1.1049628483306151e-05,,,,
,,3926,0.014394225552678108,,,,
,,3927,0.0004190736508462578,,,,
,,3928,9.489738658885472e-06,,,,
,,3929,7.375024324574042e-06,,,,
,,3930,0.00015106551290955395,,,,
,,3931,8.71237807587022e-06,,,,
,,3932,5.477212107507512e-05,,,,
,,3933,0.004856328014284372,,,,
,,3934,9.142570888798218e-06,,,,
,,3935,0.0009886614279821515,,,,
,,3936,0.050084132701158524,,,,
,,3937,8.085083209152799e-06,,,,
,,3938,0.00039564049802720547,,,,
,,3939,0.0064858319237828255,,,,
,,3940,7.005911902524531e-05,,,,
,,3941,1.1925424587388989e-05,,,,
,,3942,6.737785497534787e-06,,,,
,,3943,0.002855116268619895,,,,
,,3944,1.1930597793252673e-05,,,,
,,3945,6.773907898605103e-06,,,,
,,3946,0.00014790688874199986,,,,
,,3947,5.473139026435092e-06,,,,
,,3948,2.1464886231115088e-05,,,,
,,3949,0.1874261051416397,,,,
,,3950,7.33888327886234e-06,,,,
,,3951,0.0015670586144551635,,,,
,,3952,0.029911581426858902,,,,
,,3953,2.433663757983595e-05,,,,
,,3954,6.913998277013889e-06,,,,
,,3955,0.00012838502880185843,,,,
,,3956,3.972988997702487e-05,,,,
,,3957,1.3003378626308404e-05,,,,
,,3958,7.421872396662366e-06,,,,
,,3959,0.0021191779524087906,,,,
,,3960,8.287410310003906e-06,,,,
,,3961,8.603369678894524e-06,,,,
,,3962,6.0266684158705175e-05,,,,
,,3963,0.00013671893975697458,,,,
,,3964,0.00012620007328223437,,,,
,,3965,0.003779518883675337,,,,
,,3966,6.027691597410012e-06,,,,
,,3967,0.0012205092934891582,,,,
,,3968,0.06599327176809311,,,,
,,3969,0.020436406135559082,,,,
,,3970,0.00044192984933033586,,,,
,,3971,0.00031674839556217194,,,,
,,3972,0.00011510153854032978,,,,
,,3973,6.685849712084746e-06,,,,
,,3974,3.6747003377968213e-06,,,,
,,3975,0.0008286821539513767,,,,
,,3976,1.3381828466663137e-05,,,,
,,3977,1.7904743799590506e-05,,,,
,,3978,0.0001871403947006911,,,,
,,3979,7.147181804612046e-06,,,,
,19,3979,,0.0039022881537675858,,,
,19,3979,,,0.024719204753637314,0.9545454382896423,0.9898989796638489
0.011380719020962715,20,3980,,,,,
0.0946786180138588,20,3981,,,,,
0.005187042988836765,20,3982,,,,,
7.705467578489333e-05,20,3983,,,,,
0.012072470039129257,20,3984,,,,,
0.006800794508308172,20,3985,,,,,
0.0019462854834273458,20,3986,,,,,
0.00623560044914484,20,3987,,,,,
0.34353697299957275,20,3988,,,,,
0.11816833168268204,20,3989,,,,,
0.00580179039388895,20,3990,,,,,
0.00617549754679203,20,3991,,,,,
0.07243816554546356,20,3992,,,,,
0.002855147235095501,20,3993,,,,,
0.03446242958307266,20,3994,,,,,
0.0005758232437074184,20,3995,,,,,
0.03360281139612198,20,3996,,,,,
0.005200441461056471,20,3997,,,,,
0.020039767026901245,20,3998,,,,,
0.012199467048048973,20,3999,,,,,
0.003818933153524995,20,4000,,,,,
0.003034428460523486,20,4001,,,,,
0.006375510711222887,20,4002,,,,,
0.00550577649846673,20,4003,,,,,
0.004969690460711718,20,4004,,,,,
0.25551629066467285,20,4005,,,,,
0.008795000612735748,20,4006,,,,,
0.0006337602972052991,20,4007,,,,,
0.014446093700826168,20,4008,,,,,
0.002567320829257369,20,4009,,,,,
0.01055769994854927,20,4010,,,,,
0.01091831922531128,20,4011,,,,,
0.09921880811452866,20,4012,,,,,
0.0026010069996118546,20,4013,,,,,
0.00021810732141602784,20,4014,,,,,
0.12736816704273224,20,4015,,,,,
0.04614494368433952,20,4016,,,,,
0.08227939903736115,20,4017,,,,,
0.055362310260534286,20,4018,,,,,
0.03456278145313263,20,4019,,,,,
0.01682681404054165,20,4020,,,,,
0.002695820527151227,20,4021,,,,,
0.05443491414189339,20,4022,,,,,
0.0015275506302714348,20,4023,,,,,
0.10087434202432632,20,4024,,,,,
0.07041138410568237,20,4025,,,,,
0.0024536324199289083,20,4026,,,,,
0.010126924142241478,20,4027,,,,,
0.08709690719842911,20,4028,,,,,
0.0021106693893671036,20,4029,,,,,
0.00037604919634759426,20,4030,,,,,
0.06136620417237282,20,4031,,,,,
0.0024184572976082563,20,4032,,,,,
0.045033056288957596,20,4033,,,,,
0.0050529553554952145,20,4034,,,,,
0.004599556792527437,20,4035,,,,,
0.13749559223651886,20,4036,,,,,
0.0003283852420281619,20,4037,,,,,
0.0016786104533821344,20,4038,,,,,
0.0010767522035166621,20,4039,,,,,
0.01437328103929758,20,4040,,,,,
0.01866120472550392,20,4041,,,,,
0.0007550273439846933,20,4042,,,,,
0.0022427309304475784,20,4043,,,,,
0.0031427883077412844,20,4044,,,,,
0.020824572071433067,20,4045,,,,,
0.031045155599713326,20,4046,,,,,
0.0004897195613011718,20,4047,,,,,
0.08236478269100189,20,4048,,,,,
0.005305626429617405,20,4049,,,,,
0.0008025246206671,20,4050,,,,,
0.008268262259662151,20,4051,,,,,
0.0005017589428462088,20,4052,,,,,
0.007047411985695362,20,4053,,,,,
0.01637371815741062,20,4054,,,,,
0.0024238904006779194,20,4055,,,,,
0.018111780285835266,20,4056,,,,,
0.026901576668024063,20,4057,,,,,
0.0010221375850960612,20,4058,,,,,
0.19732309877872467,20,4059,,,,,
0.004647065885365009,20,4060,,,,,
0.0036532869562506676,20,4061,,,,,
0.0016718375263735652,20,4062,,,,,
0.00029121528496034443,20,4063,,,,,
0.0004464027297217399,20,4064,,,,,
0.0007637958042323589,20,4065,,,,,
5.0431626732461154e-05,20,4066,,,,,
0.0016208088491111994,20,4067,,,,,
0.0005162550951354206,20,4068,,,,,
0.0015774514758959413,20,4069,,,,,
0.0008590730139985681,20,4070,,,,,
0.003614004235714674,20,4071,,,,,
0.0004296416591387242,20,4072,,,,,
0.02544564940035343,20,4073,,,,,
0.0004933729069307446,20,4074,,,,,
0.17609193921089172,20,4075,,,,,
0.0022549566347151995,20,4076,,,,,
0.015125270932912827,20,4077,,,,,
0.0023334966972470284,20,4078,,,,,
0.0004840377368964255,20,4079,,,,,
0.03847244381904602,20,4080,,,,,
0.0006485525518655777,20,4081,,,,,
0.003981863148510456,20,4082,,,,,
0.2103523463010788,20,4083,,,,,
0.0012329675955697894,20,4084,,,,,
0.01044440921396017,20,4085,,,,,
0.0008334006415680051,20,4086,,,,,
0.0009071794338524342,20,4087,,,,,
0.0006664476240985096,20,4088,,,,,
0.00029225685284473,20,4089,,,,,
0.0017399686621502042,20,4090,,,,,
0.13073039054870605,20,4091,,,,,
0.0004846883821301162,20,4092,,,,,
0.001368868164718151,20,4093,,,,,
0.006269827485084534,20,4094,,,,,
0.003086745273321867,20,4095,,,,,
0.00034750194754451513,20,4096,,,,,
0.00027842941926792264,20,4097,,,,,
0.04293994605541229,20,4098,,,,,
0.00028109661070629954,20,4099,,,,,
0.00015208052354864776,20,4100,,,,,
0.00045219631283544004,20,4101,,,,,
0.0021952814422547817,20,4102,,,,,
0.1124994158744812,20,4103,,,,,
0.00026238447753712535,20,4104,,,,,
0.00024535803822800517,20,4105,,,,,
0.012061286717653275,20,4106,,,,,
0.08570126444101334,20,4107,,,,,
0.00584860285744071,20,4108,,,,,
0.012619582004845142,20,4109,,,,,
0.0016559305367991328,20,4110,,,,,
0.022808684036135674,20,4111,,,,,
0.043131668120622635,20,4112,,,,,
0.0033807980362325907,20,4113,,,,,
0.047181885689496994,20,4114,,,,,
0.008502805605530739,20,4115,,,,,
0.0025854655541479588,20,4116,,,,,
0.0031302529387176037,20,4117,,,,,
0.006430329289287329,20,4118,,,,,
0.0003077572619076818,20,4119,,,,,
0.04288705438375473,20,4120,,,,,
0.05040193349123001,20,4121,,,,,
0.029303545132279396,20,4122,,,,,
0.010357238352298737,20,4123,,,,,
0.002151310909539461,20,4124,,,,,
0.00536221032962203,20,4125,,,,,
0.00751413544639945,20,4126,,,,,
0.07021068781614304,20,4127,,,,,
0.007230232935398817,20,4128,,,,,
8.817631896818057e-05,20,4129,,,,,
0.0007378802401944995,20,4130,,,,,
0.0005823762039653957,20,4131,,,,,
0.001975616440176964,20,4132,,,,,
0.0035935472697019577,20,4133,,,,,
0.00018931327213067561,20,4134,,,,,
0.7718753814697266,20,4135,,,,,
0.0002281253837281838,20,4136,,,,,
0.0008056466467678547,20,4137,,,,,
0.005797169171273708,20,4138,,,,,
0.0012660148786380887,20,4139,,,,,
0.025242209434509277,20,4140,,,,,
0.2705410420894623,20,4141,,,,,
0.0011704500066116452,20,4142,,,,,
0.05867019295692444,20,4143,,,,,
0.0026478811632841825,20,4144,,,,,
0.0017654570983722806,20,4145,,,,,
0.013620237819850445,20,4146,,,,,
0.023587379604578018,20,4147,,,,,
0.0037492921110242605,20,4148,,,,,
0.012272861786186695,20,4149,,,,,
0.0013736344408243895,20,4150,,,,,
0.00044049465213902295,20,4151,,,,,
0.034913625568151474,20,4152,,,,,
0.06356994062662125,20,4153,,,,,
0.028080252930521965,20,4154,,,,,
0.02248564176261425,20,4155,,,,,
0.012377528473734856,20,4156,,,,,
0.006406167987734079,20,4157,,,,,
0.016252661123871803,20,4158,,,,,
0.02737567573785782,20,4159,,,,,
0.030268967151641846,20,4160,,,,,
0.0029849200509488583,20,4161,,,,,
0.0023490421008318663,20,4162,,,,,
0.08348167687654495,20,4163,,,,,
0.03210028260946274,20,4164,,,,,
0.008928566239774227,20,4165,,,,,
0.023841645568609238,20,4166,,,,,
0.018643930554389954,20,4167,,,,,
0.027955133467912674,20,4168,,,,,
0.005879760254174471,20,4169,,,,,
0.0005807759589515626,20,4170,,,,,
0.008387438021600246,20,4171,,,,,
0.0010664721485227346,20,4172,,,,,
0.0034746495075523853,20,4173,,,,,
0.007198118604719639,20,4174,,,,,
0.007622188422828913,20,4175,,,,,
0.003847359213978052,20,4176,,,,,
0.0011338804615661502,20,4177,,,,,
0.0018820995464920998,20,4178,,,,,
,,3980,0.033141881227493286,,,,
,,3981,5.0759761506924406e-05,,,,
,,3982,0.00015826702292542905,,,,
,,3983,0.045989613980054855,,,,
,,3984,9.204560046782717e-05,,,,
,,3985,0.000828038202598691,,,,
,,3986,0.13374221324920654,,,,
,,3987,0.13989219069480896,,,,
,,3988,0.0030291229486465454,,,,
,,3989,0.00011439740046625957,,,,
,,3990,0.00010489277337910607,,,,
,,3991,3.1566578400088474e-05,,,,
,,3992,9.185582166537642e-05,,,,
,,3993,0.00029806021484546363,,,,
,,3994,3.618442133301869e-05,,,,
,,3995,2.1617115635308437e-05,,,,
,,3996,0.0010182103142142296,,,,
,,3997,9.294696792494506e-05,,,,
,,3998,0.00010337853746023029,,,,
,,3999,0.03979300335049629,,,,
,,4000,0.0001150603056885302,,,,
,,4001,0.0007791611133143306,,,,
,,4002,0.0004366768116597086,,,,
,,4003,2.9234914109110832e-05,,,,
,,4004,2.631216739246156e-05,,,,
,,4005,6.462888995883986e-05,,,,
,,4006,9.089671948459e-05,,,,
,,4007,4.597587394528091e-05,,,,
,,4008,0.00012106908252462745,,,,
,,4009,0.00029745037318207324,,,,
,,4010,0.00022544545936398208,,,,
,,4011,2.843099537130911e-05,,,,
,,4012,0.1058494821190834,,,,
,,4013,0.05619736760854721,,,,
,,4014,0.00016184851119760424,,,,
,,4015,0.04420280456542969,,,,
,,4016,0.00013513841258827597,,,,
,,4017,0.0005657062283717096,,,,
,,4018,0.0007298790151253343,,,,
,,4019,2.6285682906745933e-05,,,,
,,4020,1.730529584165197e-05,,,,
,,4021,8.358878403669223e-05,,,,
,,4022,0.0005123706068843603,,,,
,,4023,4.6209035645006225e-05,,,,
,,4024,0.0002160107542295009,,,,
,,4025,0.010549097321927547,,,,
,,4026,0.00021217807079665363,,,,
,,4027,1.627910569368396e-05,,,,
,,4028,0.026737533509731293,,,,
,,4029,7.44360513635911e-05,,,,
,,4030,0.0001037874462781474,,,,
,,4031,0.04668537899851799,,,,
,,4032,0.00010718373960116878,,,,
,,4033,2.8286667657084763e-05,,,,
,,4034,0.00023882048844825476,,,,
,,4035,2.033708915405441e-05,,,,
,,4036,2.1041847503511235e-05,,,,
,,4037,6.07008405495435e-05,,,,
,,4038,0.009237133897840977,,,,
,,4039,3.345197910675779e-05,,,,
,,4040,0.0002857992076314986,,,,
,,4041,0.013351521454751492,,,,
,,4042,0.00020911400497425348,,,,
,,4043,1.3034691619395744e-05,,,,
,,4044,0.0008813046151772141,,,,
,,4045,0.00019991453154943883,,,,
,,4046,2.3368436814052984e-05,,,,
,,4047,4.8039852117653936e-05,,,,
,,4048,0.00017949592438526452,,,,
,,4049,1.8419488696963526e-05,,,,
,,4050,0.00020460326049942523,,,,
,,4051,2.8420066882972606e-05,,,,
,,4052,1.9305520254420117e-05,,,,
,,4053,0.00012388739560265094,,,,
,,4054,0.007372345309704542,,,,
,,4055,4.9253965698881075e-05,,,,
,,4056,0.00022876881121192127,,,,
,,4057,0.01193937100470066,,,,
,,4058,0.00014422710228245705,,,,
,,4059,3.8503436371684074e-05,,,,
,,4060,0.030549291521310806,,,,
,,4061,0.0005972952349111438,,,,
,,4062,2.6333069399697706e-05,,,,
,,4063,5.9152367612114176e-05,,,,
,,4064,0.0013078503543511033,,,,
,,4065,6.442312587751076e-05,,,,
,,4066,0.0005594466929323971,,,,
,,4067,0.007445700000971556,,,,
,,4068,2.0201734514557756e-05,,,,
,,4069,0.000235102153965272,,,,
,,4070,0.05939559265971184,,,,
,,4071,4.499960778048262e-05,,,,
,,4072,0.00029065264970995486,,,,
,,4073,0.009794643148779869,,,,
,,4074,0.00015940472076181322,,,,
,,4075,2.6301395337213762e-05,,,,
,,4076,1.8911696315626614e-05,,,,
,,4077,0.0003174169978592545,,,,
,,4078,3.271571404184215e-05,,,,
,,4079,9.60324177867733e-05,,,,
,,4080,0.00014999962877482176,,,,
,,4081,2.0114350263611414e-05,,,,
,,4082,0.00019133831665385514,,,,
,,4083,0.007592866197228432,,,,
,,4084,1.7564354493515566e-05,,,,
,,4085,0.0001807968073990196,,,,
,,4086,0.05312741547822952,,,,
,,4087,0.00016055104788392782,,,,
,,4088,2.8774131351383403e-05,,,,
,,4089,9.9607088486664e-05,,,,
,,4090,0.00961803738027811,,,,
,,4091,3.700319575727917e-05,,,,
,,4092,4.28508865297772e-05,,,,
,,4093,0.00020109920296818018,,,,
,,4094,2.845263406925369e-05,,,,
,,4095,3.805890082730912e-05,,,,
,,4096,0.0001498753990745172,,,,
,,4097,8.292043639812618e-05,,,,
,,4098,0.0003467980131972581,,,,
,,4099,0.007628488354384899,,,,
,,4100,7.218211248982698e-05,,,,
,,4101,2.37522126553813e-05,,,,
,,4102,8.186484046746045e-05,,,,
,,4103,9.640112693887204e-05,,,,
,,4104,2.9095566787873395e-05,,,,
,,4105,0.0001227951725013554,,,,
,,4106,0.009489579126238823,,,,
,,4107,0.00010803268378367648,,,,
,,4108,4.3032760004280135e-05,,,,
,,4109,0.037397224456071854,,,,
,,4110,0.0003812465874943882,,,,
,,4111,6.46756961941719e-05,,,,
,,4112,0.00014558805560227484,,,,
,,4113,0.00014256389113143086,,,,
,,4114,3.391983773326501e-05,,,,
,,4115,0.00016519331256859004,,,,
,,4116,0.20583276450634003,,,,
,,4117,2.7865953597938642e-05,,,,
,,4118,0.0004217797250021249,,,,
,,4119,0.08972664177417755,,,,
,,4120,3.885973637807183e-05,,,,
,,4121,0.00018153683049604297,,,,
,,4122,0.015174333937466145,,,,
,,4123,0.00011691925465129316,,,,
,,4124,2.046628105745185e-05,,,,
,,4125,0.0475342683494091,,,,
,,4126,5.9108861023560166e-05,,,,
,,4127,2.203213080065325e-05,,,,
,,4128,3.608376209740527e-05,,,,
,,4129,0.00015337463992182165,,,,
,,4130,1.9378603610675782e-05,,,,
,,4131,0.00033876398811116815,,,,
,,4132,0.007950501516461372,,,,
,,4133,3.1482355552725494e-05,,,,
,,4134,0.0001527635322418064,,,,
,,4135,0.09078928083181381,,,,
,,4136,6.936135469004512e-05,,,,
,,4137,0.00024196166486945003,,,,
,,4138,0.011735460720956326,,,,
,,4139,0.00029868673300370574,,,,
,,4140,2.978947122755926e-05,,,,
,,4141,3.409872078918852e-05,,,,
,,4142,0.16132448613643646,,,,
,,4143,2.3006236006040126e-05,,,,
,,4144,3.936900611734018e-05,,,,
,,4145,0.000119511314551346,,,,
,,4146,1.73936496139504e-05,,,,
,,4147,7.794531848048791e-05,,,,
,,4148,0.24025794863700867,,,,
,,4149,1.9061875718762167e-05,,,,
,,4150,0.00011819213250419125,,,,
,,4151,0.07432719320058823,,,,
,,4152,6.71097295708023e-05,,,,
,,4153,2.082458377117291e-05,,,,
,,4154,8.320023334817961e-05,,,,
,,4155,0.00033890543272718787,,,,
,,4156,2.5042938432306983e-05,,,,
,,4157,1.9077921024290845e-05,,,,
,,4158,0.00017185363685712218,,,,
,,4159,2.7146610591444187e-05,,,,
,,4160,5.563849481404759e-05,,,,
,,4161,0.00021966788335703313,,,,
,,4162,8.599782449891791e-05,,,,
,,4163,0.0006646797992289066,,,,
,,4164,0.005933570209890604,,,,
,,4165,1.8004970115725882e-05,,,,
,,4166,0.00011531738709891215,,,,
,,4167,0.2488851249217987,,,,
,,4168,0.07969998568296432,,,,
,,4169,0.00033960776636376977,,,,
,,4170,0.0001739992731017992,,,,
,,4171,0.0007092831656336784,,,,
,,4172,2.243067319795955e-05,,,,
,,4173,1.4045454008737579e-05,,,,
,,4174,0.00013854813005309552,,,,
,,4175,3.0084971513133496e-05,,,,
,,4176,5.151718505658209e-05,,,,
,,4177,0.00016324824537150562,,,,
,,4178,2.001600842049811e-05,,,,
,20,4178,,0.01137565728276968,,,
,20,4178,,,0.028210589662194252,0.8888888955116272,0.9646464586257935
0.009039749391376972,21,4179,,,,,
0.006512195337563753,21,4180,,,,,
0.0023755214642733335,21,4181,,,,,
0.0051215896382927895,21,4182,,,,,
0.0074136583134531975,21,4183,,,,,
0.0004876069724559784,21,4184,,,,,
0.002623138716444373,21,4185,,,,,
0.0017414760077372193,21,4186,,,,,
0.0007127773715183139,21,4187,,,,,
0.02863849326968193,21,4188,,,,,
0.012155907228589058,21,4189,,,,,
0.012173398397862911,21,4190,,,,,
0.0020928315352648497,21,4191,,,,,
0.00040854656253941357,21,4192,,,,,
0.0028208154253661633,21,4193,,,,,
0.0009857973782345653,21,4194,,,,,
0.0054063135758042336,21,4195,,,,,
0.0003530407266225666,21,4196,,,,,
0.001451851218007505,21,4197,,,,,
0.0005897957016713917,21,4198,,,,,
0.0010576712666079402,21,4199,,,,,
0.0023827869445085526,21,4200,,,,,
0.0031323290895670652,21,4201,,,,,
0.0014367271214723587,21,4202,,,,,
0.002682287944480777,21,4203,,,,,
0.00032514779013581574,21,4204,,,,,
0.0014389170100912452,21,4205,,,,,
0.0012712037423625588,21,4206,,,,,
0.027640018612146378,21,4207,,,,,
0.042368024587631226,21,4208,,,,,
0.000579793646465987,21,4209,,,,,
0.0001603400451131165,21,4210,,,,,
0.0011277010198682547,21,4211,,,,,
0.00021275272592902184,21,4212,,,,,
0.0018389333272352815,21,4213,,,,,
0.0003557354211807251,21,4214,,,,,
0.09351201355457306,21,4215,,,,,
0.00038747835787944496,21,4216,,,,,
0.0032199365086853504,21,4217,,,,,
0.00026510926545597613,21,4218,,,,,
0.000733996625058353,21,4219,,,,,
0.0002622877655085176,21,4220,,,,,
0.04542126506567001,21,4221,,,,,
0.0004522966919466853,21,4222,,,,,
0.010008685290813446,21,4223,,,,,
0.00016875946312211454,21,4224,,,,,
0.0043228366412222385,21,4225,,,,,
0.01569955050945282,21,4226,,,,,
0.004516134038567543,21,4227,,,,,
0.0030961039010435343,21,4228,,,,,
0.08725639432668686,21,4229,,,,,
0.005874947644770145,21,4230,,,,,
0.0002887392183765769,21,4231,,,,,
0.0016755049582570791,21,4232,,,,,
0.0016810839297249913,21,4233,,,,,
0.00018640868074726313,21,4234,,,,,
0.0010735805844888091,21,4235,,,,,
0.016758998855948448,21,4236,,,,,
0.0023037150967866182,21,4237,,,,,
0.0066007645800709724,21,4238,,,,,
0.008556680753827095,21,4239,,,,,
0.015309141017496586,21,4240,,,,,
0.008700413629412651,21,4241,,,,,
0.0031716213561594486,21,4242,,,,,
0.0026294796261936426,21,4243,,,,,
2.6561086997389793e-05,21,4244,,,,,
0.0012778249802067876,21,4245,,,,,
0.0003174851299263537,21,4246,,,,,
4.6242621465353295e-05,21,4247,,,,,
0.00012886397598776966,21,4248,,,,,
0.006041164044290781,21,4249,,,,,
0.031116530299186707,21,4250,,,,,
0.003174013691022992,21,4251,,,,,
0.19019754230976105,21,4252,,,,,
5.095295637147501e-05,21,4253,,,,,
0.00023513738415203989,21,4254,,,,,
0.0004437951138243079,21,4255,,,,,
0.002110835397616029,21,4256,,,,,
9.925845370162278e-05,21,4257,,,,,
0.00693243183195591,21,4258,,,,,
0.0001058341222233139,21,4259,,,,,
0.0012429868802428246,21,4260,,,,,
0.0008967326139099896,21,4261,,,,,
0.0001909191341837868,21,4262,,,,,
0.005205393303185701,21,4263,,,,,
0.004932640586048365,21,4264,,,,,
0.0021437699906527996,21,4265,,,,,
0.007413776591420174,21,4266,,,,,
0.004710283596068621,21,4267,,,,,
0.0016543123638257384,21,4268,,,,,
0.0649440661072731,21,4269,,,,,
0.042283233255147934,21,4270,,,,,
0.11742568016052246,21,4271,,,,,
0.0026989190373569727,21,4272,,,,,
7.821526378393173e-05,21,4273,,,,,
0.0007739710272289813,21,4274,,,,,
0.0006053896504454315,21,4275,,,,,
0.00031500443583354354,21,4276,,,,,
0.0001431334821972996,21,4277,,,,,
0.0040165726095438,21,4278,,,,,
0.3191662132740021,21,4279,,,,,
0.00015437384718097746,21,4280,,,,,
0.002751902211457491,21,4281,,,,,
0.010383333079516888,21,4282,,,,,
0.058720678091049194,21,4283,,,,,
0.0012877748813480139,21,4284,,,,,
0.0016470145201310515,21,4285,,,,,
0.000596980273257941,21,4286,,,,,
0.056031715124845505,21,4287,,,,,
0.00015214782615657896,21,4288,,,,,
0.009226641617715359,21,4289,,,,,
0.05110102519392967,21,4290,,,,,
0.009344445541501045,21,4291,,,,,
0.002904735505580902,21,4292,,,,,
0.0030217168387025595,21,4293,,,,,
0.03779761120676994,21,4294,,,,,
5.797421545139514e-05,21,4295,,,,,
0.009168247692286968,21,4296,,,,,
0.0011339468182995915,21,4297,,,,,
0.0026635807007551193,21,4298,,,,,
0.0005642474861815572,21,4299,,,,,
0.0002640250895638019,21,4300,,,,,
0.0005918919923715293,21,4301,,,,,
0.026813415810465813,21,4302,,,,,
0.001448622439056635,21,4303,,,,,
0.0018985095666721463,21,4304,,,,,
0.0014273177366703749,21,4305,,,,,
0.010655668564140797,21,4306,,,,,
5.361912553780712e-05,21,4307,,,,,
0.0010492760920897126,21,4308,,,,,
0.034912269562482834,21,4309,,,,,
0.00015849986812099814,21,4310,,,,,
0.003414394333958626,21,4311,,,,,
0.0028715410735458136,21,4312,,,,,
0.009224009700119495,21,4313,,,,,
0.006534772925078869,21,4314,,,,,
0.0013742077862843871,21,4315,,,,,
0.03725617006421089,21,4316,,,,,
0.0013240879634395242,21,4317,,,,,
0.06368391215801239,21,4318,,,,,
0.002242792397737503,21,4319,,,,,
0.0009756046929396689,21,4320,,,,,
0.047244843095541,21,4321,,,,,
0.0005067365127615631,21,4322,,,,,
2.5803130483836867e-05,21,4323,,,,,
0.0003179138002451509,21,4324,,,,,
6.820202543167397e-05,21,4325,,,,,
0.0038049290888011456,21,4326,,,,,
0.0027220018673688173,21,4327,,,,,
0.013737568631768227,21,4328,,,,,
0.0002717952011153102,21,4329,,,,,
0.03476709499955177,21,4330,,,,,
0.0017992759821936488,21,4331,,,,,
0.042782701551914215,21,4332,,,,,
0.002799657639116049,21,4333,,,,,
0.0004494658496696502,21,4334,,,,,
0.0001463527587475255,21,4335,,,,,
0.0005300403572618961,21,4336,,,,,
0.006483721546828747,21,4337,,,,,
3.541571641108021e-05,21,4338,,,,,
3.4490720281610265e-05,21,4339,,,,,
0.0002558566920924932,21,4340,,,,,
0.0005153256352059543,21,4341,,,,,
0.0005724257207475603,21,4342,,,,,
0.00010894332081079483,21,4343,,,,,
0.03713821619749069,21,4344,,,,,
0.020429152995347977,21,4345,,,,,
0.01624944619834423,21,4346,,,,,
4.1086233977694064e-05,21,4347,,,,,
0.002579080406576395,21,4348,,,,,
0.00710214814171195,21,4349,,,,,
0.22206570208072662,21,4350,,,,,
0.0002515879168640822,21,4351,,,,,
0.0010430305264890194,21,4352,,,,,
0.00015569711104035378,21,4353,,,,,
2.599770959932357e-05,21,4354,,,,,
0.09224417805671692,21,4355,,,,,
0.08624409139156342,21,4356,,,,,
0.05077918991446495,21,4357,,,,,
0.13029858469963074,21,4358,,,,,
0.001103459158912301,21,4359,,,,,
0.0008191055385395885,21,4360,,,,,
0.2311965525150299,21,4361,,,,,
0.0007320463191717863,21,4362,,,,,
0.06071143597364426,21,4363,,,,,
0.021715303882956505,21,4364,,,,,
0.013129671104252338,21,4365,,,,,
0.005358177237212658,21,4366,,,,,
0.011625833809375763,21,4367,,,,,
0.0021495530381798744,21,4368,,,,,
0.012220404110848904,21,4369,,,,,
0.025752780959010124,21,4370,,,,,
0.06731447577476501,21,4371,,,,,
0.00048331159632653,21,4372,,,,,
0.07061626017093658,21,4373,,,,,
0.04948101192712784,21,4374,,,,,
0.008298148401081562,21,4375,,,,,
0.006564196199178696,21,4376,,,,,
0.01456266175955534,21,4377,,,,,
,,4179,0.0009394362568855286,,,,
,,4180,0.0034372368827462196,,,,
,,4181,0.005504413973540068,,,,
,,4182,0.005189493764191866,,,,
,,4183,0.0002607954083941877,,,,
,,4184,0.0003865403705276549,,,,
,,4185,0.009091226384043694,,,,
,,4186,0.004588174633681774,,,,
,,4187,0.000853732752148062,,,,
,,4188,0.0003302689001429826,,,,
,,4189,0.00028744462179020047,,,,
,,4190,0.00010355041740695015,,,,
,,4191,0.00019751903892029077,,,,
,,4192,0.00035790386027656496,,,,
,,4193,0.0001709624339127913,,,,
,,4194,0.00015345877909567207,,,,
,,4195,0.0002556088729761541,,,,
,,4196,0.000292152923066169,,,,
,,4197,0.0006457314593717456,,,,
,,4198,0.0068313018418848515,,,,
,,4199,0.00021740642841905355,,,,
,,4200,0.0002688238164409995,,,,
,,4201,0.0002284981746925041,,,,
,,4202,0.0003531234397087246,,,,
,,4203,0.0006011564400978386,,,,
,,4204,0.001788242836482823,,,,
,,4205,0.004039206076413393,,,,
,,4206,0.00032517476938664913,,,,
,,4207,0.00026358800823800266,,,,
,,4208,0.00016769181820563972,,,,
,,4209,0.00019180744129698724,,,,
,,4210,0.00014883550466038287,,,,
,,4211,0.013175121508538723,,,,
,,4212,0.004556603264063597,,,,
,,4213,0.0007216841331683099,,,,
,,4214,0.006456621922552586,,,,
,,4215,0.00024208879040088505,,,,
,,4216,0.00022161971719469875,,,,
,,4217,0.0003709441516548395,,,,
,,4218,0.00014218990691006184,,,,
,,4219,0.0001460696803405881,,,,
,,4220,0.0003307992883492261,,,,
,,4221,0.00030089248321019113,,,,
,,4222,0.0005382770323194563,,,,
,,4223,0.00037834723480045795,,,,
,,4224,0.0012673924211412668,,,,
,,4225,0.00013750966172665358,,,,
,,4226,7.135496707633138e-05,,,,
,,4227,0.002740242751315236,,,,
,,4228,0.0006253764149732888,,,,
,,4229,0.004173492081463337,,,,
,,4230,0.006872819270938635,,,,
,,4231,0.0002782283700071275,,,,
,,4232,0.00019559952488634735,,,,
,,4233,0.00031256736838258803,,,,
,,4234,8.718397293705493e-05,,,,
,,4235,0.00012952653924003243,,,,
,,4236,0.00023175198293756694,,,,
,,4237,0.006773749832063913,,,,
,,4238,0.00014190813817549497,,,,
,,4239,0.0003373466315679252,,,,
,,4240,0.0013153498293831944,,,,
,,4241,7.442303467541933e-05,,,,
,,4242,9.162610513158143e-05,,,,
,,4243,0.0007515012403018773,,,,
,,4244,0.0006814751541242003,,,,
,,4245,0.0001519837387604639,,,,
,,4246,0.0009416101966053247,,,,
,,4247,0.00022897619055584073,,,,
,,4248,8.100398554233834e-05,,,,
,,4249,0.00013641465920954943,,,,
,,4250,0.00011017592623829842,,,,
,,4251,6.266599666560069e-05,,,,
,,4252,0.00024887797189876437,,,,
,,4253,0.0009486214257776737,,,,
,,4254,0.0030175696592777967,,,,
,,4255,0.000559224805328995,,,,
,,4256,0.001844516838900745,,,,
,,4257,0.0022674165666103363,,,,
,,4258,0.0006878256681375206,,,,
,,4259,0.003217278514057398,,,,
,,4260,0.00036632217234000564,,,,
,,4261,0.0003719806845765561,,,,
,,4262,0.0023343018256127834,,,,
,,4263,0.002636238932609558,,,,
,,4264,0.00013371327077038586,,,,
,,4265,0.0001688644551904872,,,,
,,4266,0.0015038830460980535,,,,
,,4267,5.418229193310253e-05,,,,
,,4268,0.00045302146463654935,,,,
,,4269,0.009174603968858719,,,,
,,4270,0.0008127904729917645,,,,
,,4271,0.0004240430425852537,,,,
,,4272,0.0010206555016338825,,,,
,,4273,0.00012839489500038326,,,,
,,4274,9.39151577767916e-05,,,,
,,4275,8.284977957373485e-05,,,,
,,4276,0.0006444680038839579,,,,
,,4277,7.947983976919204e-05,,,,
,,4278,0.00039095315150916576,,,,
,,4279,0.00024013969232328236,,,,
,,4280,0.0001958224893314764,,,,
,,4281,0.00035467397538013756,,,,
,,4282,0.0007495974423363805,,,,
,,4283,0.0003177195321768522,,,,
,,4284,0.0005215262644924223,,,,
,,4285,0.008959406986832619,,,,
,,4286,0.0002765744284261018,,,,
,,4287,0.00012519797019194812,,,,
,,4288,0.00019459727627690881,,,,
,,4289,0.02891402877867222,,,,
,,4290,0.00016909716941881925,,,,
,,4291,0.00028460315661504865,,,,
,,4292,0.0005638861912302673,,,,
,,4293,0.00013292724906932563,,,,
,,4294,0.001102104433812201,,,,
,,4295,0.00021445687161758542,,,,
,,4296,0.0003184547240380198,,,,
,,4297,0.0006315663922578096,,,,
,,4298,0.0006637132028117776,,,,
,,4299,0.00014576849935110658,,,,
,,4300,9.272193710785359e-05,,,,
,,4301,0.0002943738072644919,,,,
,,4302,0.0008033245103433728,,,,
,,4303,8.257613080786541e-05,,,,
,,4304,0.00021534798725042492,,,,
,,4305,0.001060875947587192,,,,
,,4306,0.0005397629574872553,,,,
,,4307,0.0006305709830485284,,,,
,,4308,0.00427091633901,,,,
,,4309,0.0026117891538888216,,,,
,,4310,0.0013212270569056273,,,,
,,4311,0.006177361123263836,,,,
,,4312,0.00016637153748888522,,,,
,,4313,0.0004997616051696241,,,,
,,4314,0.00035180855775251985,,,,
,,4315,0.06573419272899628,,,,
,,4316,0.00010050881974166259,,,,
,,4317,0.000714454217813909,,,,
,,4318,0.015886608511209488,,,,
,,4319,0.0002828327415045351,,,,
,,4320,0.000301340565783903,,,,
,,4321,0.0011291599366813898,,,,
,,4322,0.00020907365251332521,,,,
,,4323,0.00012929610966239125,,,,
,,4324,0.003899569623172283,,,,
,,4325,0.00019095547031611204,,,,
,,4326,6.250933074625209e-05,,,,
,,4327,0.0004979934310540557,,,,
,,4328,0.0001840352633735165,,,,
,,4329,4.9157559260493144e-05,,,,
,,4330,0.0001811357942642644,,,,
,,4331,0.000994076137430966,,,,
,,4332,0.0003227131091989577,,,,
,,4333,0.0005613312823697925,,,,
,,4334,0.015133161097764969,,,,
,,4335,0.0032702346798032522,,,,
,,4336,0.00041212321957573295,,,,
,,4337,0.0009714500047266483,,,,
,,4338,0.00013520898937713355,,,,
,,4339,0.00011853676551254466,,,,
,,4340,0.0001363615010632202,,,,
,,4341,0.08284948766231537,,,,
,,4342,7.749183714622632e-05,,,,
,,4343,0.0006618662737309933,,,,
,,4344,0.00015759035886731,,,,
,,4345,5.617358328890987e-05,,,,
,,4346,9.955410496331751e-05,,,,
,,4347,0.11635959893465042,,,,
,,4348,0.00010261040006298572,,,,
,,4349,0.0004299208230804652,,,,
,,4350,0.009207974188029766,,,,
,,4351,0.0004446028615348041,,,,
,,4352,5.374427200877108e-05,,,,
,,4353,0.00013604566629510373,,,,
,,4354,0.00017211069643963128,,,,
,,4355,5.006217543268576e-05,,,,
,,4356,5.140725988894701e-05,,,,
,,4357,0.0009090960957109928,,,,
,,4358,0.00012876301479991525,,,,
,,4359,0.0012864498421549797,,,,
,,4360,0.0014858064241707325,,,,
,,4361,0.0005004528211429715,,,,
,,4362,0.0005640824674628675,,,,
,,4363,0.0005925550358369946,,,,
,,4364,6.413276423700154e-05,,,,
,,4365,0.00037475881981663406,,,,
,,4366,0.05433955788612366,,,,
,,4367,0.06964685022830963,,,,
,,4368,0.00015957365394569933,,,,
,,4369,0.00024384695279877633,,,,
,,4370,0.00019442496704868972,,,,
,,4371,6.385567394318059e-05,,,,
,,4372,7.266585453180596e-05,,,,
,,4373,0.00046846899203956127,,,,
,,4374,0.0001399712054990232,,,,
,,4375,0.0011293315328657627,,,,
,,4376,0.00018564454512670636,,,,
,,4377,5.631560998153873e-05,,,,
,21,4377,,0.0033067360054701567,,,
,21,4377,,,0.016360506415367126,0.9595959782600403,0.9696969985961914
0.0077379560098052025,22,4378,,,,,
0.047739993780851364,22,4379,,,,,
0.2615585923194885,22,4380,,,,,
0.07689905911684036,22,4381,,,,,
0.007072150241583586,22,4382,,,,,
0.001159803825430572,22,4383,,,,,
0.0011375333415344357,22,4384,,,,,
0.002694944618269801,22,4385,,,,,
0.04228011891245842,22,4386,,,,,
0.007036149501800537,22,4387,,,,,
0.002123348182067275,22,4388,,,,,
0.02520573139190674,22,4389,,,,,
0.005344823002815247,22,4390,,,,,
0.04445628449320793,22,4391,,,,,
0.0031477701850235462,22,4392,,,,,
0.00791147444397211,22,4393,,,,,
0.04979749396443367,22,4394,,,,,
0.007960707880556583,22,4395,,,,,
0.0020073663908988237,22,4396,,,,,
0.012989661656320095,22,4397,,,,,
0.0006417526165023446,22,4398,,,,,
0.0013469592668116093,22,4399,,,,,
0.0002656861033756286,22,4400,,,,,
0.0058291456662118435,22,4401,,,,,
0.020919732749462128,22,4402,,,,,
0.1603371649980545,22,4403,,,,,
0.0007126921555027366,22,4404,,,,,
0.0006921060266904533,22,4405,,,,,
0.041479501873254776,22,4406,,,,,
0.03177577629685402,22,4407,,,,,
0.001160619081929326,22,4408,,,,,
0.038836538791656494,22,4409,,,,,
0.00300255767069757,22,4410,,,,,
0.008238600566983223,22,4411,,,,,
0.06133498251438141,22,4412,,,,,
0.0014858967624604702,22,4413,,,,,
0.005459942854940891,22,4414,,,,,
0.005120792426168919,22,4415,,,,,
0.027735384181141853,22,4416,,,,,
0.028889743611216545,22,4417,,,,,
0.11732669174671173,22,4418,,,,,
6.168979598442093e-05,22,4419,,,,,
0.011546644382178783,22,4420,,,,,
0.0013506459072232246,22,4421,,,,,
0.0017186874756589532,22,4422,,,,,
0.0003567598760128021,22,4423,,,,,
0.11239758133888245,22,4424,,,,,
0.0006371563067659736,22,4425,,,,,
0.07110974937677383,22,4426,,,,,
0.00014228811778593808,22,4427,,,,,
0.050007451325654984,22,4428,,,,,
0.44025495648384094,22,4429,,,,,
0.15693672001361847,22,4430,,,,,
0.004217935260385275,22,4431,,,,,
0.027748260647058487,22,4432,,,,,
0.012590053491294384,22,4433,,,,,
0.0014775258023291826,22,4434,,,,,
0.01688242144882679,22,4435,,,,,
0.02925403229892254,22,4436,,,,,
0.0442611463367939,22,4437,,,,,
0.008023331873118877,22,4438,,,,,
0.07338765263557434,22,4439,,,,,
0.0026084878481924534,22,4440,,,,,
0.00377067388035357,22,4441,,,,,
0.008185024373233318,22,4442,,,,,
0.0044820369221270084,22,4443,,,,,
0.005220383871346712,22,4444,,,,,
0.07748600095510483,22,4445,,,,,
0.09241870790719986,22,4446,,,,,
0.0013924079248681664,22,4447,,,,,
0.004474910907447338,22,4448,,,,,
0.006057944614440203,22,4449,,,,,
0.007207128219306469,22,4450,,,,,
0.005344322882592678,22,4451,,,,,
0.004933238960802555,22,4452,,,,,
0.005240403115749359,22,4453,,,,,
0.014727901667356491,22,4454,,,,,
0.005919910967350006,22,4455,,,,,
0.004443718586117029,22,4456,,,,,
0.0018536685965955257,22,4457,,,,,
0.014405489899218082,22,4458,,,,,
0.0003414953243918717,22,4459,,,,,
0.0009370966581627727,22,4460,,,,,
0.023915575817227364,22,4461,,,,,
0.040997039526700974,22,4462,,,,,
0.002530643017962575,22,4463,,,,,
0.052075184881687164,22,4464,,,,,
0.00028978681075386703,22,4465,,,,,
0.0001975101768039167,22,4466,,,,,
0.004451244603842497,22,4467,,,,,
0.06685519218444824,22,4468,,,,,
0.000917398720048368,22,4469,,,,,
0.0001046578399837017,22,4470,,,,,
0.0005289746914058924,22,4471,,,,,
0.001935675390996039,22,4472,,,,,
0.0003119714674539864,22,4473,,,,,
0.0004162838158663362,22,4474,,,,,
6.40261423541233e-05,22,4475,,,,,
0.0010994474869221449,22,4476,,,,,
0.012211284600198269,22,4477,,,,,
0.022574247792363167,22,4478,,,,,
0.13408304750919342,22,4479,,,,,
0.0003479963052086532,22,4480,,,,,
3.1778556149220094e-05,22,4481,,,,,
0.0029259093571454287,22,4482,,,,,
0.00019288400653749704,22,4483,,,,,
0.43541431427001953,22,4484,,,,,
0.002027718350291252,22,4485,,,,,
0.019283602014183998,22,4486,,,,,
0.2843494117259979,22,4487,,,,,
0.07135524600744247,22,4488,,,,,
0.05096897482872009,22,4489,,,,,
0.002747864695265889,22,4490,,,,,
0.007471276912838221,22,4491,,,,,
0.007186653092503548,22,4492,,,,,
0.0012714887270703912,22,4493,,,,,
0.00018871364591177553,22,4494,,,,,
0.07369595021009445,22,4495,,,,,
0.0027083917520940304,22,4496,,,,,
0.008302646689116955,22,4497,,,,,
0.0017610808135941625,22,4498,,,,,
0.11825209856033325,22,4499,,,,,
0.06132001057267189,22,4500,,,,,
0.0018640231573954225,22,4501,,,,,
0.007414545863866806,22,4502,,,,,
0.002929095644503832,22,4503,,,,,
0.018851006403565407,22,4504,,,,,
0.002682935679331422,22,4505,,,,,
0.009673629887402058,22,4506,,,,,
0.004674146417528391,22,4507,,,,,
0.09386259317398071,22,4508,,,,,
0.0014841550728306174,22,4509,,,,,
0.0031230063177645206,22,4510,,,,,
0.03427647799253464,22,4511,,,,,
0.001900595729239285,22,4512,,,,,
0.16387255489826202,22,4513,,,,,
0.003949361853301525,22,4514,,,,,
0.014800158329308033,22,4515,,,,,
0.0014876306522637606,22,4516,,,,,
0.0027449512854218483,22,4517,,,,,
0.0027054697275161743,22,4518,,,,,
0.005557253025472164,22,4519,,,,,
0.0049375747330486774,22,4520,,,,,
0.0035710972733795643,22,4521,,,,,
0.00724736787378788,22,4522,,,,,
0.0043684146367013454,22,4523,,,,,
0.022871108725667,22,4524,,,,,
0.01236287597566843,22,4525,,,,,
0.002413019770756364,22,4526,,,,,
0.2417580932378769,22,4527,,,,,
0.0014609815552830696,22,4528,,,,,
0.23644012212753296,22,4529,,,,,
0.007673852611333132,22,4530,,,,,
0.002155713504180312,22,4531,,,,,
0.00754545396193862,22,4532,,,,,
0.004184862598776817,22,4533,,,,,
0.0016568361315876245,22,4534,,,,,
0.0121332798153162,22,4535,,,,,
0.004181115422397852,22,4536,,,,,
0.03435683622956276,22,4537,,,,,
0.011890603229403496,22,4538,,,,,
0.0005891461041755974,22,4539,,,,,
0.004905912559479475,22,4540,,,,,
0.0033925629686564207,22,4541,,,,,
0.03141387924551964,22,4542,,,,,
0.012621980160474777,22,4543,,,,,
0.046208471059799194,22,4544,,,,,
0.004308219999074936,22,4545,,,,,
0.08656544983386993,22,4546,,,,,
0.004014870617538691,22,4547,,,,,
0.00971634779125452,22,4548,,,,,
0.005244145635515451,22,4549,,,,,
0.012817613780498505,22,4550,,,,,
0.009781645610928535,22,4551,,,,,
0.01148263830691576,22,4552,,,,,
0.017232205718755722,22,4553,,,,,
0.008052172139286995,22,4554,,,,,
0.01641673967242241,22,4555,,,,,
0.02437172830104828,22,4556,,,,,
0.08998922258615494,22,4557,,,,,
0.000506565731484443,22,4558,,,,,
0.004048879723995924,22,4559,,,,,
0.00017779548943508416,22,4560,,,,,
0.002562200650572777,22,4561,,,,,
0.05765782669186592,22,4562,,,,,
0.059757526963949203,22,4563,,,,,
0.0069458819925785065,22,4564,,,,,
0.0013952096924185753,22,4565,,,,,
0.00151222909335047,22,4566,,,,,
0.09493248909711838,22,4567,,,,,
0.0015909631038084626,22,4568,,,,,
0.0603567510843277,22,4569,,,,,
0.008983265608549118,22,4570,,,,,
0.000605158566031605,22,4571,,,,,
0.0006996014271862805,22,4572,,,,,
0.013565512374043465,22,4573,,,,,
0.003086223267018795,22,4574,,,,,
0.024044593796133995,22,4575,,,,,
0.0016186016146093607,22,4576,,,,,
,,4378,0.0003782745043281466,,,,
,,4379,0.00012724133557640016,,,,
,,4380,0.000772184575907886,,,,
,,4381,0.00035721148014999926,,,,
,,4382,0.00018350404570810497,,,,
,,4383,0.00019428938685450703,,,,
,,4384,0.0015191747806966305,,,,
,,4385,0.0032887414563447237,,,,
,,4386,0.0003457536513451487,,,,
,,4387,0.00014258264855016023,,,,
,,4388,7.356623973464593e-05,,,,
,,4389,4.674583760788664e-05,,,,
,,4390,0.00018266643746756017,,,,
,,4391,9.032527304952964e-05,,,,
,,4392,9.714964107843116e-05,,,,
,,4393,6.763702549505979e-05,,,,
,,4394,0.00012301096285227686,,,,
,,4395,0.00016173088806681335,,,,
,,4396,0.0001804594212444499,,,,
,,4397,0.00032005831599235535,,,,
,,4398,0.00019860698375850916,,,,
,,4399,0.0001304247707594186,,,,
,,4400,0.00010152923641726375,,,,
,,4401,0.00012700175284408033,,,,
,,4402,9.88332467386499e-05,,,,
,,4403,0.00015631764836143702,,,,
,,4404,0.00018819318211171776,,,,
,,4405,0.0004811459803022444,,,,
,,4406,0.0002704997023101896,,,,
,,4407,6.115462019806728e-05,,,,
,,4408,5.154288373887539e-05,,,,
,,4409,6.67763379169628e-05,,,,
,,4410,0.0013190647587180138,,,,
,,4411,0.001614917884580791,,,,
,,4412,0.0001275117974728346,,,,
,,4413,0.0009895955445244908,,,,
,,4414,0.0009337220108136535,,,,
,,4415,6.654007302131504e-05,,,,
,,4416,0.0004435183363966644,,,,
,,4417,0.0001392843114444986,,,,
,,4418,6.606704846490175e-05,,,,
,,4419,0.00013730359205510467,,,,
,,4420,0.0002774392196442932,,,,
,,4421,0.00013159014633856714,,,,
,,4422,0.0002407459105597809,,,,
,,4423,0.00016142032109200954,,,,
,,4424,6.420072168111801e-05,,,,
,,4425,3.6172870750306174e-05,,,,
,,4426,0.0001775233686203137,,,,
,,4427,0.0001776239660102874,,,,
,,4428,0.00021111209935043007,,,,
,,4429,0.00031987609690986574,,,,
,,4430,0.00016993544704746455,,,,
,,4431,0.0003552443231455982,,,,
,,4432,0.00016717828111723065,,,,
,,4433,5.4541975259780884e-05,,,,
,,4434,6.295498315012082e-05,,,,
,,4435,0.0001271485525649041,,,,
,,4436,0.0061760563403368,,,,
,,4437,6.83954349369742e-05,,,,
,,4438,0.00040516728768125176,,,,
,,4439,0.0003085079079028219,,,,
,,4440,0.00012236616748850793,,,,
,,4441,4.7289602662203833e-05,,,,
,,4442,0.00025503619690425694,,,,
,,4443,0.0002332994481548667,,,,
,,4444,5.239982783677988e-05,,,,
,,4445,0.00011608752538450062,,,,
,,4446,0.00014434928016271442,,,,
,,4447,5.080815753899515e-05,,,,
,,4448,5.709119432140142e-05,,,,
,,4449,6.0690825193887576e-05,,,,
,,4450,3.529236346366815e-05,,,,
,,4451,0.00020188307098578662,,,,
,,4452,0.00011103356519015506,,,,
,,4453,0.00016706023598089814,,,,
,,4454,0.00034694073838181794,,,,
,,4455,0.00014194656978361309,,,,
,,4456,7.701924914726987e-05,,,,
,,4457,0.00025663175620138645,,,,
,,4458,0.0001641064154682681,,,,
,,4459,0.0002525285235606134,,,,
,,4460,5.023942867410369e-05,,,,
,,4461,9.871809743344784e-05,,,,
,,4462,0.025367513298988342,,,,
,,4463,0.0006354242214001715,,,,
,,4464,0.00026832526782527566,,,,
,,4465,0.007691008038818836,,,,
,,4466,4.3929205276072025e-05,,,,
,,4467,0.00042683648644015193,,,,
,,4468,0.00044310340308584273,,,,
,,4469,0.00015129354142118245,,,,
,,4470,0.0007768450886942446,,,,
,,4471,0.0001317826536251232,,,,
,,4472,6.185180245665833e-05,,,,
,,4473,4.197877933620475e-05,,,,
,,4474,4.473283115657978e-05,,,,
,,4475,0.0002215798886027187,,,,
,,4476,7.08578882040456e-05,,,,
,,4477,5.9710546338465065e-05,,,,
,,4478,0.000181070136022754,,,,
,,4479,8.330860873684287e-05,,,,
,,4480,9.847140609053895e-05,,,,
,,4481,9.37504883040674e-05,,,,
,,4482,6.471357482951134e-05,,,,
,,4483,0.0003901694144587964,,,,
,,4484,0.0004146219289395958,,,,
,,4485,8.36204199003987e-05,,,,
,,4486,6.880953878862783e-05,,,,
,,4487,0.0007274086237885058,,,,
,,4488,0.001575963688082993,,,,
,,4489,0.00011703964992193505,,,,
,,4490,0.00014302891213446856,,,,
,,4491,0.00019812262326013297,,,,
,,4492,6.01627143623773e-05,,,,
,,4493,0.000172604966792278,,,,
,,4494,7.252566138049588e-05,,,,
,,4495,0.00024217482132371515,,,,
,,4496,8.923844870878384e-05,,,,
,,4497,0.00011768646800192073,,,,
,,4498,9.216086618835106e-05,,,,
,,4499,5.660339229507372e-05,,,,
,,4500,0.00014104708679951727,,,,
,,4501,0.00018604990327730775,,,,
,,4502,5.139022687217221e-05,,,,
,,4503,0.0002830661251209676,,,,
,,4504,0.00020261245663277805,,,,
,,4505,9.559908357914537e-05,,,,
,,4506,0.00011726385855581611,,,,
,,4507,0.00015036303375381976,,,,
,,4508,0.00028618075884878635,,,,
,,4509,0.00047789677046239376,,,,
,,4510,0.001368505647405982,,,,
,,4511,0.00018912303494289517,,,,
,,4512,0.00012881518341600895,,,,
,,4513,9.358524403069168e-05,,,,
,,4514,0.003981664311140776,,,,
,,4515,6.878848944325e-05,,,,
,,4516,0.00017867433780338615,,,,
,,4517,0.002050194190815091,,,,
,,4518,6.698054494336247e-05,,,,
,,4519,0.00026188630727119744,,,,
,,4520,0.00020349111582618207,,,,
,,4521,7.742951129330322e-05,,,,
,,4522,7.476079190382734e-05,,,,
,,4523,0.00018110735982190818,,,,
,,4524,0.00012541697651613504,,,,
,,4525,5.777051774202846e-05,,,,
,,4526,9.89543113973923e-05,,,,
,,4527,0.00022430608805734664,,,,
,,4528,5.0124090194003657e-05,,,,
,,4529,0.00010052746802102774,,,,
,,4530,0.00018753479525912553,,,,
,,4531,0.00012467421765904874,,,,
,,4532,0.0002543712907936424,,,,
,,4533,0.0005516992532648146,,,,
,,4534,0.00016033698921091855,,,,
,,4535,0.00033817789517343044,,,,
,,4536,0.00023064420383889228,,,,
,,4537,8.060867548920214e-05,,,,
,,4538,8.094820805126801e-05,,,,
,,4539,6.839480920461938e-05,,,,
,,4540,0.005038551986217499,,,,
,,4541,5.161961598787457e-05,,,,
,,4542,0.0001309075887547806,,,,
,,4543,0.0002576132246758789,,,,
,,4544,5.8966685173800215e-05,,,,
,,4545,5.868660082342103e-05,,,,
,,4546,0.06515772640705109,,,,
,,4547,0.00010028404358308762,,,,
,,4548,0.0002756112371571362,,,,
,,4549,0.0002666600630618632,,,,
,,4550,0.00017346872482448816,,,,
,,4551,6.352989294100553e-05,,,,
,,4552,0.00022079050540924072,,,,
,,4553,7.003227801760659e-05,,,,
,,4554,5.061803312855773e-05,,,,
,,4555,4.502151932683773e-05,,,,
,,4556,0.00028881998150609434,,,,
,,4557,7.541797822341323e-05,,,,
,,4558,0.0001509164139861241,,,,
,,4559,0.0006632700096815825,,,,
,,4560,0.00019621278624981642,,,,
,,4561,0.00021237942564766854,,,,
,,4562,9.835704258875921e-05,,,,
,,4563,6.602329813176766e-05,,,,
,,4564,0.00022564217215403914,,,,
,,4565,0.003988997079432011,,,,
,,4566,0.03035781718790531,,,,
,,4567,6.466221384471282e-05,,,,
,,4568,0.0003286071587353945,,,,
,,4569,0.0002636105928104371,,,,
,,4570,5.293851063470356e-05,,,,
,,4571,6.284881965257227e-05,,,,
,,4572,0.00022461367188952863,,,,
,,4573,7.935183384688571e-05,,,,
,,4574,0.0002692330162972212,,,,
,,4575,0.000191221697605215,,,,
,,4576,7.14044799678959e-05,,,,
,22,4576,,0.0009765876457095146,,,
,22,4576,,,0.029026448726654053,0.9848484992980957,0.9949495196342468
0.004319731146097183,23,4577,,,,,
0.0006873506354168057,23,4578,,,,,
0.0019302712753415108,23,4579,,,,,
0.00041680503636598587,23,4580,,,,,
0.0036378975491970778,23,4581,,,,,
0.0064536347053945065,23,4582,,,,,
0.0015448463382199407,23,4583,,,,,
0.0011149966157972813,23,4584,,,,,
0.12665924429893494,23,4585,,,,,
0.014071982353925705,23,4586,,,,,
0.020263517275452614,23,4587,,,,,
0.0010626106522977352,23,4588,,,,,
0.005346166435629129,23,4589,,,,,
0.0006580108311027288,23,4590,,,,,
0.0002908567257691175,23,4591,,,,,
0.023373715579509735,23,4592,,,,,
0.16033577919006348,23,4593,,,,,
0.2411411553621292,23,4594,,,,,
0.0005896426737308502,23,4595,,,,,
0.1464051753282547,23,4596,,,,,
0.03142412379384041,23,4597,,,,,
0.003052533371374011,23,4598,,,,,
0.0009705299162305892,23,4599,,,,,
0.003943209536373615,23,4600,,,,,
0.004024716559797525,23,4601,,,,,
0.004056551959365606,23,4602,,,,,
0.003826465690508485,23,4603,,,,,
0.0007777298451401293,23,4604,,,,,
0.024619657546281815,23,4605,,,,,
0.014595073647797108,23,4606,,,,,
0.0014634727267548442,23,4607,,,,,
0.01345956139266491,23,4608,,,,,
0.10340738296508789,23,4609,,,,,
0.0009721657843329012,23,4610,,,,,
0.0019078569021075964,23,4611,,,,,
0.23091459274291992,23,4612,,,,,
0.00796638336032629,23,4613,,,,,
0.002931047696620226,23,4614,,,,,
0.003157449886202812,23,4615,,,,,
0.1297607272863388,23,4616,,,,,
0.00046857428969815373,23,4617,,,,,
0.0008202760363928974,23,4618,,,,,
0.0003361202252563089,23,4619,,,,,
0.010658403858542442,23,4620,,,,,
0.0021180324256420135,23,4621,,,,,
0.0010537802008911967,23,4622,,,,,
0.0037384345196187496,23,4623,,,,,
0.005655336193740368,23,4624,,,,,
0.009235280565917492,23,4625,,,,,
0.00012168749526608735,23,4626,,,,,
0.007243702653795481,23,4627,,,,,
0.01156851090490818,23,4628,,,,,
0.004229885526001453,23,4629,,,,,
0.0021907661575824022,23,4630,,,,,
0.0004556601052172482,23,4631,,,,,
0.00031722604762762785,23,4632,,,,,
0.022866515442728996,23,4633,,,,,
0.0011130112688988447,23,4634,,,,,
0.2760464549064636,23,4635,,,,,
0.006614598445594311,23,4636,,,,,
0.003240724327042699,23,4637,,,,,
0.006618700455874205,23,4638,,,,,
0.0006433074013330042,23,4639,,,,,
0.010759425349533558,23,4640,,,,,
0.023607473820447922,23,4641,,,,,
0.001122145913541317,23,4642,,,,,
0.264539897441864,23,4643,,,,,
0.003177004400640726,23,4644,,,,,
0.013822837732732296,23,4645,,,,,
0.33609819412231445,23,4646,,,,,
0.03481714054942131,23,4647,,,,,
0.03509639576077461,23,4648,,,,,
0.0062639182433485985,23,4649,,,,,
0.007201930973678827,23,4650,,,,,
0.008300411514937878,23,4651,,,,,
0.11408402025699615,23,4652,,,,,
0.02461542747914791,23,4653,,,,,
0.011382512748241425,23,4654,,,,,
0.08806397020816803,23,4655,,,,,
0.23253409564495087,23,4656,,,,,
0.021431198343634605,23,4657,,,,,
0.0901477187871933,23,4658,,,,,
0.011629865504801273,23,4659,,,,,
0.03325286880135536,23,4660,,,,,
0.03834093362092972,23,4661,,,,,
0.028139546513557434,23,4662,,,,,
0.008810450322926044,23,4663,,,,,
0.05305828899145126,23,4664,,,,,
0.00850090105086565,23,4665,,,,,
0.004561779089272022,23,4666,,,,,
0.010560490190982819,23,4667,,,,,
0.011971701867878437,23,4668,,,,,
0.04890195280313492,23,4669,,,,,
0.0006618137122131884,23,4670,,,,,
0.027128370478749275,23,4671,,,,,
0.006014757324010134,23,4672,,,,,
0.0007855877629481256,23,4673,,,,,
0.0012935297563672066,23,4674,,,,,
0.006190899759531021,23,4675,,,,,
0.006941733416169882,23,4676,,,,,
0.006993151269853115,23,4677,,,,,
0.0028968635015189648,23,4678,,,,,
0.0012074835831299424,23,4679,,,,,
0.009845638647675514,23,4680,,,,,
0.00814669020473957,23,4681,,,,,
0.03431148827075958,23,4682,,,,,
0.0147628178820014,23,4683,,,,,
0.0209279153496027,23,4684,,,,,
0.003730291733518243,23,4685,,,,,
0.0013633044436573982,23,4686,,,,,
0.0008780724019743502,23,4687,,,,,
0.0857943519949913,23,4688,,,,,
0.0054373894818127155,23,4689,,,,,
0.0019999505020678043,23,4690,,,,,
0.07938394695520401,23,4691,,,,,
0.0006901676533743739,23,4692,,,,,
0.002011712174862623,23,4693,,,,,
0.003625086974352598,23,4694,,,,,
0.0001926302065839991,23,4695,,,,,
0.005508004687726498,23,4696,,,,,
0.0011475832434371114,23,4697,,,,,
0.014097274281084538,23,4698,,,,,
0.0007500562933273613,23,4699,,,,,
0.00034185260301455855,23,4700,,,,,
0.3597617447376251,23,4701,,,,,
0.01141278725117445,23,4702,,,,,
0.0020504752174019814,23,4703,,,,,
0.018334893509745598,23,4704,,,,,
0.00858504418283701,23,4705,,,,,
0.0008290718542411923,23,4706,,,,,
0.01898724026978016,23,4707,,,,,
0.08402862399816513,23,4708,,,,,
0.0011730004334822297,23,4709,,,,,
0.0651770606637001,23,4710,,,,,
1.3975664377212524,23,4711,,,,,
0.07933515310287476,23,4712,,,,,
0.00027539939037524164,23,4713,,,,,
0.012794638983905315,23,4714,,,,,
0.0072546666488051414,23,4715,,,,,
0.018700359389185905,23,4716,,,,,
0.038860470056533813,23,4717,,,,,
0.003912806045264006,23,4718,,,,,
0.2904279828071594,23,4719,,,,,
0.008978458121418953,23,4720,,,,,
0.010802763514220715,23,4721,,,,,
0.027239037677645683,23,4722,,,,,
0.031322430819272995,23,4723,,,,,
0.004445724654942751,23,4724,,,,,
0.15617620944976807,23,4725,,,,,
0.24254769086837769,23,4726,,,,,
0.038021400570869446,23,4727,,,,,
0.006112138740718365,23,4728,,,,,
0.029613574966788292,23,4729,,,,,
0.016775766387581825,23,4730,,,,,
0.05789659172296524,23,4731,,,,,
0.00845415610820055,23,4732,,,,,
0.005274363327771425,23,4733,,,,,
0.07653073221445084,23,4734,,,,,
0.008119533769786358,23,4735,,,,,
0.04471491649746895,23,4736,,,,,
0.09841662645339966,23,4737,,,,,
0.046112023293972015,23,4738,,,,,
0.002530608791857958,23,4739,,,,,
0.04871641471982002,23,4740,,,,,
0.032451629638671875,23,4741,,,,,
0.19830062985420227,23,4742,,,,,
0.04284705966711044,23,4743,,,,,
0.039435625076293945,23,4744,,,,,
0.005158704239875078,23,4745,,,,,
0.013223682530224323,23,4746,,,,,
0.3561205267906189,23,4747,,,,,
0.0028222829569131136,23,4748,,,,,
0.00096662319265306,23,4749,,,,,
0.008777146227657795,23,4750,,,,,
0.01964198611676693,23,4751,,,,,
0.24426014721393585,23,4752,,,,,
0.02342054806649685,23,4753,,,,,
0.001379610737785697,23,4754,,,,,
0.0026841943617910147,23,4755,,,,,
0.004802130628377199,23,4756,,,,,
0.10270242393016815,23,4757,,,,,
0.0021414882503449917,23,4758,,,,,
0.011539055965840816,23,4759,,,,,
0.05571509525179863,23,4760,,,,,
0.02750958502292633,23,4761,,,,,
0.12101570516824722,23,4762,,,,,
0.007089696358889341,23,4763,,,,,
0.0019826204515993595,23,4764,,,,,
0.004558250308036804,23,4765,,,,,
0.004868506919592619,23,4766,,,,,
0.28880810737609863,23,4767,,,,,
0.046073563396930695,23,4768,,,,,
0.007972337305545807,23,4769,,,,,
0.02119625359773636,23,4770,,,,,
0.001892853295430541,23,4771,,,,,
0.008353098295629025,23,4772,,,,,
0.0094239991158247,23,4773,,,,,
0.06746792048215866,23,4774,,,,,
0.010897571220993996,23,4775,,,,,
,,4577,0.007826979272067547,,,,
,,4578,0.00030190899269655347,,,,
,,4579,8.574502862757072e-05,,,,
,,4580,0.007352164015173912,,,,
,,4581,0.003909614402800798,,,,
,,4582,0.004934209398925304,,,,
,,4583,0.0020171666983515024,,,,
,,4584,6.712738104397431e-05,,,,
,,4585,0.04100239276885986,,,,
,,4586,0.0004884651862084866,,,,
,,4587,0.00046438799472525716,,,,
,,4588,0.00011871737660840154,,,,
,,4589,0.0016925723757594824,,,,
,,4590,0.0010990354930981994,,,,
,,4591,0.011101854033768177,,,,
,,4592,0.00429086247459054,,,,
,,4593,0.004511120263487101,,,,
,,4594,0.0013018514728173614,,,,
,,4595,0.000277186743915081,,,,
,,4596,0.007577966433018446,,,,
,,4597,0.0043705240823328495,,,,
,,4598,0.015348218381404877,,,,
,,4599,0.008535738103091717,,,,
,,4600,9.592526475898921e-05,,,,
,,4601,2.3027216229820624e-05,,,,
,,4602,0.00022089578851591796,,,,
,,4603,0.00011710488615790382,,,,
,,4604,4.322110180510208e-05,,,,
,,4605,0.0017346051754429936,,,,
,,4606,0.0010989835718646646,,,,
,,4607,0.0013828184455633163,,,,
,,4608,4.738697316497564e-05,,,,
,,4609,0.004774604458361864,,,,
,,4610,0.0004393827694002539,,,,
,,4611,0.0002512639039196074,,,,
,,4612,0.006822382565587759,,,,
,,4613,0.0053983391262590885,,,,
,,4614,0.001640284899622202,,,,
,,4615,0.01220717467367649,,,,
,,4616,0.00014157795521896333,,,,
,,4617,0.009867049753665924,,,,
,,4618,0.05411073565483093,,,,
,,4619,0.0016943237278610468,,,,
,,4620,0.00043710527825169265,,,,
,,4621,0.011417480185627937,,,,
,,4622,0.0035802831407636404,,,,
,,4623,0.0036815425846725702,,,,
,,4624,0.0027436118107289076,,,,
,,4625,0.0040072002448141575,,,,
,,4626,0.0004570920136757195,,,,
,,4627,8.770075510255992e-05,,,,
,,4628,0.004414252005517483,,,,
,,4629,0.0017873598262667656,,,,
,,4630,4.933960735797882e-05,,,,
,,4631,0.000676580355502665,,,,
,,4632,0.00019043796055484563,,,,
,,4633,7.622841803822666e-05,,,,
,,4634,0.00043387667392380536,,,,
,,4635,0.00023764537763781846,,,,
,,4636,0.0006118266028352082,,,,
,,4637,0.008074690587818623,,,,
,,4638,0.0027021837886422873,,,,
,,4639,0.0017739026807248592,,,,
,,4640,4.2155479604844004e-05,,,,
,,4641,0.0016927140532061458,,,,
,,4642,0.0010066861286759377,,,,
,,4643,0.014116459526121616,,,,
,,4644,0.017459692433476448,,,,
,,4645,0.006210611667484045,,,,
,,4646,0.0003165981324855238,,,,
,,4647,0.0019006633665412664,,,,
,,4648,0.0006098954472690821,,,,
,,4649,0.003879436058923602,,,,
,,4650,0.026311203837394714,,,,
,,4651,0.002326488960534334,,,,
,,4652,7.476116297766566e-05,,,,
,,4653,0.004250887781381607,,,,
,,4654,0.0014942261623218656,,,,
,,4655,0.00032961563556455076,,,,
,,4656,2.506899181753397e-05,,,,
,,4657,0.005814871750771999,,,,
,,4658,0.00400904193520546,,,,
,,4659,0.0002065699954982847,,,,
,,4660,8.49455245770514e-05,,,,
,,4661,0.0041218348778784275,,,,
,,4662,0.0019962131045758724,,,,
,,4663,0.0032684188336133957,,,,
,,4664,0.005642554722726345,,,,
,,4665,0.000408569467253983,,,,
,,4666,0.0006516450084745884,,,,
,,4667,0.008061336353421211,,,,
,,4668,0.00023722411424387246,,,,
,,4669,0.08975465595722198,,,,
,,4670,0.002821781439706683,,,,
,,4671,0.0016018447931855917,,,,
,,4672,0.0005185269401408732,,,,
,,4673,0.00010841392213478684,,,,
,,4674,0.0023879194632172585,,,,
,,4675,0.01569877564907074,,,,
,,4676,0.013055345043540001,,,,
,,4677,0.0032752591650933027,,,,
,,4678,4.842205817112699e-05,,,,
,,4679,0.0008947608293965459,,,,
,,4680,0.0014767153188586235,,,,
,,4681,2.6245090339216404e-05,,,,
,,4682,0.0002382146631134674,,,,
,,4683,0.008776572532951832,,,,
,,4684,0.0006338906823657453,,,,
,,4685,0.00015285389963537455,,,,
,,4686,0.009979870170354843,,,,
,,4687,0.00041480237268842757,,,,
,,4688,0.00013735426182392985,,,,
,,4689,3.257290518376976e-05,,,,
,,4690,0.0007681265124119818,,,,
,,4691,8.234488632297143e-05,,,,
,,4692,6.279670196818188e-05,,,,
,,4693,0.0003496196586638689,,,,
,,4694,0.0014059299137443304,,,,
,,4695,0.015895357355475426,,,,
,,4696,0.0021695534233003855,,,,
,,4697,0.0002615672710817307,,,,
,,4698,6.538040906889364e-05,,,,
,,4699,0.00047617353266105056,,,,
,,4700,0.00032232474768534303,,,,
,,4701,0.0007245244341902435,,,,
,,4702,0.01712479256093502,,,,
,,4703,0.0024078520946204662,,,,
,,4704,0.0011308025568723679,,,,
,,4705,2.5509822080493905e-05,,,,
,,4706,0.0040134540759027,,,,
,,4707,0.0006907406495884061,,,,
,,4708,4.628577153198421e-05,,,,
,,4709,4.115590490982868e-05,,,,
,,4710,0.005889709573239088,,,,
,,4711,5.257973316474818e-05,,,,
,,4712,0.00098507315851748,,,,
,,4713,0.0006500119343400002,,,,
,,4714,7.554726471425965e-05,,,,
,,4715,0.0005231743562035263,,,,
,,4716,0.009498794563114643,,,,
,,4717,0.00015305253327824175,,,,
,,4718,0.005149148870259523,,,,
,,4719,0.002874943893402815,,,,
,,4720,0.00128904078155756,,,,
,,4721,0.0009640477364882827,,,,
,,4722,0.006320720072835684,,,,
,,4723,0.0008372200536541641,,,,
,,4724,0.00019014203280676156,,,,
,,4725,0.00011655789421638474,,,,
,,4726,0.006493818014860153,,,,
,,4727,0.0009327224688604474,,,,
,,4728,0.0070155612193048,,,,
,,4729,0.0025890234392136335,,,,
,,4730,3.466574344201945e-05,,,,
,,4731,0.0001378989836666733,,,,
,,4732,0.006527032237499952,,,,
,,4733,3.480149098322727e-05,,,,
,,4734,0.004313907586038113,,,,
,,4735,0.00424981489777565,,,,
,,4736,0.0030763011891394854,,,,
,,4737,0.0001558038784423843,,,,
,,4738,5.981674985378049e-05,,,,
,,4739,0.0013133265310898423,,,,
,,4740,0.0001402642810717225,,,,
,,4741,5.6952459999592975e-05,,,,
,,4742,0.0027945111505687237,,,,
,,4743,5.9643021813826635e-05,,,,
,,4744,0.0003974776482209563,,,,
,,4745,0.012663246132433414,,,,
,,4746,3.280114833614789e-05,,,,
,,4747,0.0030717330519109964,,,,
,,4748,0.005084393545985222,,,,
,,4749,0.00023876555496826768,,,,
,,4750,7.85389420343563e-05,,,,
,,4751,0.0012714308686554432,,,,
,,4752,0.0007101590163074434,,,,
,,4753,0.0006544992793351412,,,,
,,4754,0.00015794546925462782,,,,
,,4755,0.0006789812468923628,,,,
,,4756,4.486489706323482e-05,,,,
,,4757,3.7299043469829485e-05,,,,
,,4758,0.00019558973144739866,,,,
,,4759,0.000731762673240155,,,,
,,4760,0.0006684999098069966,,,,
,,4761,0.0018161690095439553,,,,
,,4762,4.094462201464921e-05,,,,
,,4763,0.0002217398869106546,,,,
,,4764,0.007818544283509254,,,,
,,4765,0.00224343896843493,,,,
,,4766,0.0029227135237306356,,,,
,,4767,0.008839216083288193,,,,
,,4768,0.003183727851137519,,,,
,,4769,0.00016972993034869432,,,,
,,4770,4.805706339539029e-05,,,,
,,4771,0.0006419375422410667,,,,
,,4772,0.0024454884696751833,,,,
,,4773,0.0019644564017653465,,,,
,,4774,0.007975882850587368,,,,
,,4775,0.00016047953977249563,,,,
,23,4775,,0.003706748131662607,,,
,23,4775,,,0.04447496682405472,0.9747474789619446,0.9797979593276978
0.012181139551103115,24,4776,,,,,
0.004233208484947681,24,4777,,,,,
0.010958201251924038,24,4778,,,,,
0.0035196964163333178,24,4779,,,,,
0.24988093972206116,24,4780,,,,,
0.0008571038488298655,24,4781,,,,,
0.0040236301720142365,24,4782,,,,,
0.029591375961899757,24,4783,,,,,
0.03416246920824051,24,4784,,,,,
0.06480336934328079,24,4785,,,,,
0.0006845446187071502,24,4786,,,,,
0.1291968822479248,24,4787,,,,,
0.00030671682907268405,24,4788,,,,,
0.0024260422214865685,24,4789,,,,,
0.0073746973648667336,24,4790,,,,,
0.0009575995500199497,24,4791,,,,,
0.07921096682548523,24,4792,,,,,
0.0031775415409356356,24,4793,,,,,
0.0005869413143955171,24,4794,,,,,
0.004112082067877054,24,4795,,,,,
0.05353131145238876,24,4796,,,,,
0.003346038982272148,24,4797,,,,,
0.000479931099107489,24,4798,,,,,
0.0007231096387840807,24,4799,,,,,
0.020737173035740852,24,4800,,,,,
0.002991885645315051,24,4801,,,,,
0.07345610857009888,24,4802,,,,,
0.004406728316098452,24,4803,,,,,
0.0025743760634213686,24,4804,,,,,
0.03629186749458313,24,4805,,,,,
0.0012160619953647256,24,4806,,,,,
0.004033864475786686,24,4807,,,,,
0.00019178369257133454,24,4808,,,,,
0.0021597438026219606,24,4809,,,,,
0.003611512714996934,24,4810,,,,,
0.00020191013754811138,24,4811,,,,,
0.0014110436895862222,24,4812,,,,,
0.00901978462934494,24,4813,,,,,
0.4720376431941986,24,4814,,,,,
0.003211385803297162,24,4815,,,,,
0.00027045616297982633,24,4816,,,,,
0.0012017631670460105,24,4817,,,,,
0.005010331980884075,24,4818,,,,,
0.0280721765011549,24,4819,,,,,
0.0024027687031775713,24,4820,,,,,
0.03972941264510155,24,4821,,,,,
0.0688866674900055,24,4822,,,,,
0.008997935801744461,24,4823,,,,,
0.007930142804980278,24,4824,,,,,
0.00692253652960062,24,4825,,,,,
0.0010521858930587769,24,4826,,,,,
0.0020223429892212152,24,4827,,,,,
0.005035649985074997,24,4828,,,,,
0.04008536413311958,24,4829,,,,,
0.029350521042943,24,4830,,,,,
0.005851357243955135,24,4831,,,,,
0.0702994242310524,24,4832,,,,,
0.0032349664252251387,24,4833,,,,,
0.004093510564416647,24,4834,,,,,
0.027722757309675217,24,4835,,,,,
0.0031340494751930237,24,4836,,,,,
0.001152986427769065,24,4837,,,,,
0.011884080246090889,24,4838,,,,,
0.013057985343039036,24,4839,,,,,
0.0022181509993970394,24,4840,,,,,
0.013865731656551361,24,4841,,,,,
0.1644277274608612,24,4842,,,,,
0.0026747086085379124,24,4843,,,,,
0.016832629218697548,24,4844,,,,,
0.003961000591516495,24,4845,,,,,
0.03147265315055847,24,4846,,,,,
0.16623848676681519,24,4847,,,,,
0.008591225370764732,24,4848,,,,,
0.0064545790664851665,24,4849,,,,,
0.0021032218355685472,24,4850,,,,,
0.006284322589635849,24,4851,,,,,
0.0024631572887301445,24,4852,,,,,
0.02068408951163292,24,4853,,,,,
0.019967148080468178,24,4854,,,,,
0.006803364027291536,24,4855,,,,,
0.008846379816532135,24,4856,,,,,
0.004239116329699755,24,4857,,,,,
0.03373918682336807,24,4858,,,,,
0.025356847792863846,24,4859,,,,,
0.01180179975926876,24,4860,,,,,
0.0017464607954025269,24,4861,,,,,
0.06450118124485016,24,4862,,,,,
0.0010714090894907713,24,4863,,,,,
0.003907117992639542,24,4864,,,,,
0.002600244013592601,24,4865,,,,,
0.004068182315677404,24,4866,,,,,
0.014932599849998951,24,4867,,,,,
0.004521438851952553,24,4868,,,,,
0.01075264997780323,24,4869,,,,,
0.0015836788807064295,24,4870,,,,,
0.0015382347628474236,24,4871,,,,,
0.015063020400702953,24,4872,,,,,
0.0005700943293049932,24,4873,,,,,
0.003458754625171423,24,4874,,,,,
0.009551015682518482,24,4875,,,,,
0.055823683738708496,24,4876,,,,,
0.15770448744297028,24,4877,,,,,
0.0020734802819788456,24,4878,,,,,
0.00615040585398674,24,4879,,,,,
0.006671412847936153,24,4880,,,,,
0.0022011420223861933,24,4881,,,,,
0.010725902393460274,24,4882,,,,,
0.029099754989147186,24,4883,,,,,
0.0008090670453384519,24,4884,,,,,
0.003084539668634534,24,4885,,,,,
0.07175060361623764,24,4886,,,,,
0.0005228259833529592,24,4887,,,,,
0.0035722062457352877,24,4888,,,,,
0.0011125154560431838,24,4889,,,,,
0.011247929185628891,24,4890,,,,,
0.1798824816942215,24,4891,,,,,
0.0022874646820127964,24,4892,,,,,
0.0015256669139489532,24,4893,,,,,
0.0011309593683108687,24,4894,,,,,
0.0005558746634051204,24,4895,,,,,
0.00023218571732286364,24,4896,,,,,
0.0006111481343396008,24,4897,,,,,
0.010538732632994652,24,4898,,,,,
0.013646523468196392,24,4899,,,,,
0.023789502680301666,24,4900,,,,,
0.00043198023922741413,24,4901,,,,,
0.00028837527497671545,24,4902,,,,,
0.0003088062221650034,24,4903,,,,,
0.0011177236447110772,24,4904,,,,,
0.0013638396048918366,24,4905,,,,,
0.0005369486752897501,24,4906,,,,,
0.004340779036283493,24,4907,,,,,
0.0017317335586994886,24,4908,,,,,
0.00014540042320732027,24,4909,,,,,
0.007836749777197838,24,4910,,,,,
0.043057043105363846,24,4911,,,,,
0.0018439179984852672,24,4912,,,,,
0.002068440429866314,24,4913,,,,,
0.004702205304056406,24,4914,,,,,
0.027368804439902306,24,4915,,,,,
0.07049443572759628,24,4916,,,,,
0.0017074658535420895,24,4917,,,,,
0.021810384467244148,24,4918,,,,,
0.08010643720626831,24,4919,,,,,
0.011132951825857162,24,4920,,,,,
0.0010315668769180775,24,4921,,,,,
0.0010100839426741004,24,4922,,,,,
0.00277029350399971,24,4923,,,,,
0.0002696305455174297,24,4924,,,,,
0.012576065957546234,24,4925,,,,,
0.00035199293051846325,24,4926,,,,,
0.02025834657251835,24,4927,,,,,
0.0242563895881176,24,4928,,,,,
0.07436250150203705,24,4929,,,,,
0.00046728868619538844,24,4930,,,,,
0.010593431070446968,24,4931,,,,,
0.0004143139813095331,24,4932,,,,,
0.007700562942773104,24,4933,,,,,
0.005767757538706064,24,4934,,,,,
0.0032872736919671297,24,4935,,,,,
0.00563117815181613,24,4936,,,,,
0.00010746887710411102,24,4937,,,,,
0.026956280693411827,24,4938,,,,,
0.002923452528193593,24,4939,,,,,
0.0067824856378138065,24,4940,,,,,
0.01403771061450243,24,4941,,,,,
0.4920373260974884,24,4942,,,,,
0.08201976120471954,24,4943,,,,,
0.0002674229326657951,24,4944,,,,,
0.0039047631435096264,24,4945,,,,,
0.00040521554183214903,24,4946,,,,,
0.0029387676622718573,24,4947,,,,,
0.0011043265694752336,24,4948,,,,,
0.0011545142624527216,24,4949,,,,,
0.0008137327386066318,24,4950,,,,,
0.02172251045703888,24,4951,,,,,
0.03152500092983246,24,4952,,,,,
0.005871955770999193,24,4953,,,,,
0.023377491161227226,24,4954,,,,,
0.0003905456978827715,24,4955,,,,,
0.00800736341625452,24,4956,,,,,
0.0014651691308245063,24,4957,,,,,
0.09345672279596329,24,4958,,,,,
0.005876375362277031,24,4959,,,,,
0.0007908708648756146,24,4960,,,,,
0.004805434495210648,24,4961,,,,,
0.0011680334573611617,24,4962,,,,,
0.0013606108259409666,24,4963,,,,,
0.00022707684547640383,24,4964,,,,,
0.0019462612690404058,24,4965,,,,,
0.00027016890817321837,24,4966,,,,,
0.0024141822941601276,24,4967,,,,,
0.010112916119396687,24,4968,,,,,
0.024293232709169388,24,4969,,,,,
0.10365025699138641,24,4970,,,,,
0.033168479800224304,24,4971,,,,,
0.0009794316720217466,24,4972,,,,,
0.004872248973697424,24,4973,,,,,
0.0031880943570286036,24,4974,,,,,
,,4776,0.00022409895609598607,,,,
,,4777,3.9588841900695115e-05,,,,
,,4778,2.2957927285460755e-05,,,,
,,4779,0.014758084900677204,,,,
,,4780,0.0022711509373039007,,,,
,,4781,0.0031837027054280043,,,,
,,4782,0.005457695573568344,,,,
,,4783,0.010504387319087982,,,,
,,4784,0.00023665816115681082,,,,
,,4785,6.022043089615181e-05,,,,
,,4786,8.867913493304513e-06,,,,
,,4787,7.256077878992073e-06,,,,
,,4788,0.00039030308835208416,,,,
,,4789,3.421995643293485e-05,,,,
,,4790,1.2107036127417814e-05,,,,
,,4791,7.364884368143976e-06,,,,
,,4792,5.31459336343687e-05,,,,
,,4793,1.3241547094366979e-05,,,,
,,4794,5.82045277042198e-06,,,,
,,4795,0.007621943950653076,,,,
,,4796,0.00046020178706385195,,,,
,,4797,4.7940869990270585e-05,,,,
,,4798,2.2640258976025507e-05,,,,
,,4799,1.0122154890268575e-05,,,,
,,4800,7.302710400836077e-06,,,,
,,4801,1.289965530304471e-05,,,,
,,4802,1.0262066098221112e-05,,,,
,,4803,1.4470372661889996e-05,,,,
,,4804,0.0017385134706273675,,,,
,,4805,8.061900007305667e-05,,,,
,,4806,3.448695133556612e-05,,,,
,,4807,2.387864515185356e-05,,,,
,,4808,0.012433650903403759,,,,
,,4809,0.001814788905903697,,,,
,,4810,5.1747472753049806e-05,,,,
,,4811,0.009846081025898457,,,,
,,4812,0.0008758226758800447,,,,
,,4813,4.6533466957043856e-05,,,,
,,4814,3.3651478588581085e-05,,,,
,,4815,7.437462954840157e-06,,,,
,,4816,9.365246114612091e-06,,,,
,,4817,0.00038438403862528503,,,,
,,4818,5.0516024202806875e-05,,,,
,,4819,4.840878318645991e-06,,,,
,,4820,0.001458721817471087,,,,
,,4821,0.0012907234486192465,,,,
,,4822,3.253461909480393e-05,,,,
,,4823,6.380159902619198e-06,,,,
,,4824,0.005121942143887281,,,,
,,4825,2.578003659436945e-05,,,,
,,4826,1.0868329809454735e-05,,,,
,,4827,0.011762956157326698,,,,
,,4828,0.0009507013601250947,,,,
,,4829,1.880258605524432e-05,,,,
,,4830,0.000214914238313213,,,,
,,4831,1.5195517335087061e-05,,,,
,,4832,0.00010368059884058312,,,,
,,4833,0.00035159228718839586,,,,
,,4834,0.015800386667251587,,,,
,,4835,4.651143535738811e-05,,,,
,,4836,0.0038918175268918276,,,,
,,4837,0.0018569431267678738,,,,
,,4838,4.568960866890848e-05,,,,
,,4839,4.6594809646194335e-06,,,,
,,4840,0.00010679401748348027,,,,
,,4841,1.5189953046501614e-05,,,,
,,4842,1.0474434020579793e-05,,,,
,,4843,1.763008003763389e-05,,,,
,,4844,0.0006249209982343018,,,,
,,4845,7.758776519040111e-06,,,,
,,4846,3.3260734198847786e-05,,,,
,,4847,7.69661710364744e-06,,,,
,,4848,6.064033186703455e-06,,,,
,,4849,2.4743296307860874e-05,,,,
,,4850,0.002234075218439102,,,,
,,4851,9.282530299969949e-06,,,,
,,4852,0.003129438264295459,,,,
,,4853,0.002290163654834032,,,,
,,4854,6.422685692086816e-05,,,,
,,4855,1.4921161891834345e-05,,,,
,,4856,0.007286956068128347,,,,
,,4857,0.0005996325053274632,,,,
,,4858,8.015401544980705e-05,,,,
,,4859,2.9172597351134755e-05,,,,
,,4860,0.0036833917256444693,,,,
,,4861,0.00016913065337575972,,,,
,,4862,0.000821668014395982,,,,
,,4863,0.00263502961024642,,,,
,,4864,6.649673650827026e-06,,,,
,,4865,1.5443582014995627e-05,,,,
,,4866,0.006669074296951294,,,,
,,4867,6.23504638497252e-06,,,,
,,4868,0.004904959350824356,,,,
,,4869,0.0012392676435410976,,,,
,,4870,3.149696203763597e-05,,,,
,,4871,1.094093568099197e-05,,,,
,,4872,5.535377567866817e-06,,,,
,,4873,2.215852691733744e-05,,,,
,,4874,1.0531462976359762e-05,,,,
,,4875,1.0184077837038785e-05,,,,
,,4876,0.001934922649525106,,,,
,,4877,1.1174231076438446e-05,,,,
,,4878,0.00010258195834467188,,,,
,,4879,0.0020334806758910418,,,,
,,4880,9.173661965178326e-06,,,,
,,4881,4.372964394860901e-05,,,,
,,4882,0.012157805263996124,,,,
,,4883,2.1348414520616643e-05,,,,
,,4884,0.00011087568418588489,,,,
,,4885,0.011430454440414906,,,,
,,4886,0.002571048680692911,,,,
,,4887,3.444576941546984e-05,,,,
,,4888,1.549632361275144e-05,,,,
,,4889,2.322707950952463e-05,,,,
,,4890,8.551845894544385e-06,,,,
,,4891,6.535697139042895e-06,,,,
,,4892,1.532062924525235e-05,,,,
,,4893,0.0004962179227732122,,,,
,,4894,6.401148129953071e-05,,,,
,,4895,0.0014297099551185966,,,,
,,4896,1.325259745499352e-05,,,,
,,4897,7.028080290183425e-06,,,,
,,4898,1.6205725842155516e-05,,,,
,,4899,1.0153314178751316e-05,,,,
,,4900,1.0059980922960676e-05,,,,
,,4901,0.0008680212777107954,,,,
,,4902,0.002783488016575575,,,,
,,4903,0.00018105466733686626,,,,
,,4904,1.3345422303245869e-05,,,,
,,4905,0.008891596458852291,,,,
,,4906,1.819107637857087e-05,,,,
,,4907,1.9124305254081264e-05,,,,
,,4908,1.7025076886056922e-05,,,,
,,4909,0.0031278147362172604,,,,
,,4910,2.759561175480485e-05,,,,
,,4911,0.0005437737563624978,,,,
,,4912,0.015417943708598614,,,,
,,4913,7.277696568053216e-05,,,,
,,4914,0.00011309979163343087,,,,
,,4915,0.016913605853915215,,,,
,,4916,8.313273610838223e-06,,,,
,,4917,0.002209680387750268,,,,
,,4918,0.002622923580929637,,,,
,,4919,5.327205508365296e-05,,,,
,,4920,6.919160568941152e-06,,,,
,,4921,0.006657189689576626,,,,
,,4922,1.6174439224414527e-05,,,,
,,4923,1.0148039109481033e-05,,,,
,,4924,7.504770564992214e-06,,,,
,,4925,0.0013812463730573654,,,,
,,4926,9.816344572755042e-06,,,,
,,4927,5.8495432313065976e-05,,,,
,,4928,0.0035506554413586855,,,,
,,4929,1.0878726243390702e-05,,,,
,,4930,2.20772490138188e-05,,,,
,,4931,0.017666175961494446,,,,
,,4932,1.0070240023196675e-05,,,,
,,4933,0.008335026912391186,,,,
,,4934,0.005977578926831484,,,,
,,4935,0.0002888840972445905,,,,
,,4936,0.0001532517489977181,,,,
,,4937,9.046821651281789e-05,,,,
,,4938,0.0056092822924256325,,,,
,,4939,7.791146344970912e-05,,,,
,,4940,3.168604234815575e-05,,,,
,,4941,0.0010571061866357923,,,,
,,4942,8.080158295342699e-06,,,,
,,4943,4.8088964831549674e-05,,,,
,,4944,0.0009537569130770862,,,,
,,4945,6.432036570913624e-06,,,,
,,4946,1.9723893274203874e-05,,,,
,,4947,0.00641143973916769,,,,
,,4948,9.521028005110566e-06,,,,
,,4949,9.178900654660538e-06,,,,
,,4950,0.0005072017083875835,,,,
,,4951,3.614993329392746e-05,,,,
,,4952,1.2148608220741153e-05,,,,
,,4953,7.525624823756516e-06,,,,
,,4954,2.0900271920254454e-05,,,,
,,4955,1.16666269605048e-05,,,,
,,4956,1.0401894542155787e-05,,,,
,,4957,1.9797898858087137e-05,,,,
,,4958,0.0016567899147048593,,,,
,,4959,0.00023580531706102192,,,,
,,4960,0.0029618176631629467,,,,
,,4961,8.655447345518041e-06,,,,
,,4962,0.00010299912537448108,,,,
,,4963,0.03999431058764458,,,,
,,4964,0.008092661388218403,,,,
,,4965,4.2594692786224186e-05,,,,
,,4966,0.037925153970718384,,,,
,,4967,0.00035429190029390156,,,,
,,4968,1.5242360859701876e-05,,,,
,,4969,8.909300959203392e-06,,,,
,,4970,2.6028788852272555e-05,,,,
,,4971,3.6017707316204906e-05,,,,
,,4972,8.088554022833705e-05,,,,
,,4973,0.0014409632422029972,,,,
,,4974,1.7366930478601716e-05,,,,
,24,4974,,0.0019667362794280052,,,
,24,4974,,,0.022585222497582436,0.9595959782600403,0.9595959782600403
0.0647016391158104,25,4975,,,,,
0.00024714425671845675,25,4976,,,,,
0.001413245452567935,25,4977,,,,,
0.005090064834803343,25,4978,,,,,
0.00015406202874146402,25,4979,,,,,
0.0013578751822933555,25,4980,,,,,
0.022566761821508408,25,4981,,,,,
0.07688219845294952,25,4982,,,,,
0.004060138016939163,25,4983,,,,,
0.0027013320941478014,25,4984,,,,,
0.0012169362744316459,25,4985,,,,,
0.02385839633643627,25,4986,,,,,
0.0018868361366912723,25,4987,,,,,
0.0052152215503156185,25,4988,,,,,
0.002996186725795269,25,4989,,,,,
0.00020245384075678885,25,4990,,,,,
0.20107370615005493,25,4991,,,,,
0.001372786471620202,25,4992,,,,,
0.004346794448792934,25,4993,,,,,
0.003515335964038968,25,4994,,,,,
0.016086654737591743,25,4995,,,,,
0.0004042519140057266,25,4996,,,,,
0.006254161242395639,25,4997,,,,,
0.00014000717783346772,25,4998,,,,,
0.023458274081349373,25,4999,,,,,
0.1266733556985855,25,5000,,,,,
0.0013107500271871686,25,5001,,,,,
0.0035367999225854874,25,5002,,,,,
4.837806773139164e-05,25,5003,,,,,
0.0008507464081048965,25,5004,,,,,
0.0038498002104461193,25,5005,,,,,
0.000307325622998178,25,5006,,,,,
0.001535915769636631,25,5007,,,,,
0.010361256077885628,25,5008,,,,,
0.0027055249083787203,25,5009,,,,,
0.0003433662641327828,25,5010,,,,,
5.833231989527121e-05,25,5011,,,,,
0.00025660841492936015,25,5012,,,,,
0.0019457301823422313,25,5013,,,,,
0.0007507494301535189,25,5014,,,,,
0.0009783016284927726,25,5015,,,,,
0.0010364488698542118,25,5016,,,,,
0.0024078884162008762,25,5017,,,,,
0.00697754044085741,25,5018,,,,,
0.013710962608456612,25,5019,,,,,
0.0032622397411614656,25,5020,,,,,
0.038335271179676056,25,5021,,,,,
0.0009228600538335741,25,5022,,,,,
0.00030229936237446964,25,5023,,,,,
0.0024796845391392708,25,5024,,,,,
0.00024455643142573535,25,5025,,,,,
0.002416843082755804,25,5026,,,,,
0.0005711062694899738,25,5027,,,,,
0.0010990221053361893,25,5028,,,,,
0.0005783694214187562,25,5029,,,,,
0.0028359577991068363,25,5030,,,,,
3.368279431015253e-05,25,5031,,,,,
0.001136812730692327,25,5032,,,,,
0.009006044827401638,25,5033,,,,,
0.04557405784726143,25,5034,,,,,
0.0008828406571410596,25,5035,,,,,
0.005141727160662413,25,5036,,,,,
0.00011148512567160651,25,5037,,,,,
0.0022367776837199926,25,5038,,,,,
0.0001386946241836995,25,5039,,,,,
0.015532558783888817,25,5040,,,,,
0.021708164364099503,25,5041,,,,,
0.0012090086238458753,25,5042,,,,,
0.0011182678863406181,25,5043,,,,,
7.936779002193362e-05,25,5044,,,,,
0.00013367805513553321,25,5045,,,,,
0.0011956957168877125,25,5046,,,,,
0.055646736174821854,25,5047,,,,,
5.152375888428651e-05,25,5048,,,,,
2.674573624972254e-05,25,5049,,,,,
0.010613753460347652,25,5050,,,,,
3.311575346742757e-05,25,5051,,,,,
2.8642740289797075e-05,25,5052,,,,,
8.410830196226016e-05,25,5053,,,,,
0.0002628556394483894,25,5054,,,,,
0.017134491354227066,25,5055,,,,,
0.0007910759304650128,25,5056,,,,,
0.00018810621986631304,25,5057,,,,,
0.003900999901816249,25,5058,,,,,
6.956836296012625e-05,25,5059,,,,,
0.0019504090305417776,25,5060,,,,,
8.258671732619405e-05,25,5061,,,,,
0.18893030285835266,25,5062,,,,,
0.0029456508345901966,25,5063,,,,,
0.00013032316928729415,25,5064,,,,,
3.1336003303295e-05,25,5065,,,,,
0.003972967620939016,25,5066,,,,,
0.0029581186827272177,25,5067,,,,,
0.00015841680578887463,25,5068,,,,,
0.006651109084486961,25,5069,,,,,
0.0001414519065292552,25,5070,,,,,
0.0005598102579824626,25,5071,,,,,
0.0007788667571730912,25,5072,,,,,
0.009295131079852581,25,5073,,,,,
0.00874692015349865,25,5074,,,,,
4.039083796669729e-05,25,5075,,,,,
0.0002451715699862689,25,5076,,,,,
0.002381843514740467,25,5077,,,,,
0.0003749162133317441,25,5078,,,,,
4.032998549519107e-05,25,5079,,,,,
0.00013326649786904454,25,5080,,,,,
0.001990838209167123,25,5081,,,,,
6.98587391525507e-05,25,5082,,,,,
0.000635520089417696,25,5083,,,,,
0.00014313157589640468,25,5084,,,,,
0.02570169046521187,25,5085,,,,,
0.00018151891708839685,25,5086,,,,,
0.002234142506495118,25,5087,,,,,
0.0012259951326996088,25,5088,,,,,
0.000778024666942656,25,5089,,,,,
0.0001990400196518749,25,5090,,,,,
0.0007010443368926644,25,5091,,,,,
0.049362920224666595,25,5092,,,,,
0.0010573251638561487,25,5093,,,,,
0.0003794239310082048,25,5094,,,,,
6.272532482398674e-05,25,5095,,,,,
8.233089465647936e-05,25,5096,,,,,
0.0007200905820354819,25,5097,,,,,
6.0103953728685156e-05,25,5098,,,,,
0.00016075564781203866,25,5099,,,,,
0.0015251156874001026,25,5100,,,,,
9.907499770633876e-05,25,5101,,,,,
0.0007236016099341214,25,5102,,,,,
5.6623011914780363e-05,25,5103,,,,,
0.0012075233971700072,25,5104,,,,,
3.037496207980439e-05,25,5105,,,,,
0.0005298503674566746,25,5106,,,,,
0.0022969066631048918,25,5107,,,,,
0.0010702755535021424,25,5108,,,,,
0.09728964418172836,25,5109,,,,,
1.267553489014972e-05,25,5110,,,,,
0.003359526162967086,25,5111,,,,,
0.02756665088236332,25,5112,,,,,
0.0003062349569518119,25,5113,,,,,
0.01370192039757967,25,5114,,,,,
0.010223707184195518,25,5115,,,,,
7.562379323644564e-05,25,5116,,,,,
0.008564059622585773,25,5117,,,,,
0.0012665125541388988,25,5118,,,,,
0.007722934242337942,25,5119,,,,,
0.006998769007623196,25,5120,,,,,
0.0002521520364098251,25,5121,,,,,
0.0006680189399048686,25,5122,,,,,
0.00012778844393324107,25,5123,,,,,
0.0006418206612579525,25,5124,,,,,
0.00380536075681448,25,5125,,,,,
0.00011317279131617397,25,5126,,,,,
0.1463526487350464,25,5127,,,,,
0.0005057782982476056,25,5128,,,,,
0.00010782181198010221,25,5129,,,,,
0.04130496084690094,25,5130,,,,,
0.00020033730834256858,25,5131,,,,,
0.0030955299735069275,25,5132,,,,,
0.05406362563371658,25,5133,,,,,
0.019162438809871674,25,5134,,,,,
0.006770533975213766,25,5135,,,,,
0.00011126538447570056,25,5136,,,,,
0.012218699790537357,25,5137,,,,,
1.947557393577881e-05,25,5138,,,,,
5.504105502041057e-05,25,5139,,,,,
0.006151849869638681,25,5140,,,,,
0.01323080062866211,25,5141,,,,,
0.0005223018815740943,25,5142,,,,,
5.062871423433535e-05,25,5143,,,,,
0.0002294528967468068,25,5144,,,,,
0.04577191546559334,25,5145,,,,,
0.000275574711849913,25,5146,,,,,
0.23081940412521362,25,5147,,,,,
0.0024968276266008615,25,5148,,,,,
0.0006948530790396035,25,5149,,,,,
0.001635401276871562,25,5150,,,,,
0.0002690964029170573,25,5151,,,,,
0.009986170567572117,25,5152,,,,,
0.0031956108286976814,25,5153,,,,,
0.056203700602054596,25,5154,,,,,
0.008558264933526516,25,5155,,,,,
0.015146380290389061,25,5156,,,,,
0.0013851126423105597,25,5157,,,,,
0.0003018056449946016,25,5158,,,,,
0.00046699304948560894,25,5159,,,,,
0.0005412617465481162,25,5160,,,,,
0.0010136943310499191,25,5161,,,,,
0.0019067540997639298,25,5162,,,,,
0.3119308054447174,25,5163,,,,,
9.531529212836176e-05,25,5164,,,,,
0.005157971754670143,25,5165,,,,,
0.0008485802100040019,25,5166,,,,,
0.00010914047743426636,25,5167,,,,,
0.001014661742374301,25,5168,,,,,
0.0009306425345130265,25,5169,,,,,
0.0024300357326865196,25,5170,,,,,
0.0016460561892017722,25,5171,,,,,
0.0001988253789022565,25,5172,,,,,
0.039170365780591965,25,5173,,,,,
,,4975,0.001887130201794207,,,,
,,4976,5.9610811149468645e-05,,,,
,,4977,0.0001150008974946104,,,,
,,4978,0.004857280291616917,,,,
,,4979,0.0005765531677752733,,,,
,,4980,0.001595868612639606,,,,
,,4981,0.0061058723367750645,,,,
,,4982,0.008478069677948952,,,,
,,4983,0.0028869803063571453,,,,
,,4984,0.0001281251315958798,,,,
,,4985,0.00010135400225408375,,,,
,,4986,3.4442473406670615e-05,,,,
,,4987,0.0002950527996290475,,,,
,,4988,0.0002462987322360277,,,,
,,4989,4.573273326968774e-05,,,,
,,4990,3.322934207972139e-05,,,,
,,4991,0.0005101750139147043,,,,
,,4992,6.677937199128792e-05,,,,
,,4993,4.699362762039527e-05,,,,
,,4994,0.002863482339307666,,,,
,,4995,0.0002709261607378721,,,,
,,4996,0.00025236327201128006,,,,
,,4997,0.0001282523007830605,,,,
,,4998,5.5288899602601305e-05,,,,
,,4999,3.076571738347411e-05,,,,
,,5000,5.6824967032298446e-05,,,,
,,5001,6.720185047015548e-05,,,,
,,5002,6.0005833802279085e-05,,,,
,,5003,0.0007806313224136829,,,,
,,5004,0.00018409719632472843,,,,
,,5005,9.970633254852146e-05,,,,
,,5006,3.82533653464634e-05,,,,
,,5007,0.010393359698355198,,,,
,,5008,0.00498241139575839,,,,
,,5009,0.00016834278358146548,,,,
,,5010,0.004346529487520456,,,,
,,5011,0.0006033725221641362,,,,
,,5012,0.0003099774767179042,,,,
,,5013,0.00018822525453288108,,,,
,,5014,4.706296022050083e-05,,,,
,,5015,3.3897031244123355e-05,,,,
,,5016,8.793982851784676e-05,,,,
,,5017,0.00020366771786939353,,,,
,,5018,4.162057302892208e-05,,,,
,,5019,0.0005930035258643329,,,,
,,5020,0.0008337057661265135,,,,
,,5021,0.0002588109637144953,,,,
,,5022,3.987442687503062e-05,,,,
,,5023,0.0022038498427718878,,,,
,,5024,8.232299296651036e-05,,,,
,,5025,5.501772466232069e-05,,,,
,,5026,0.0038299947045743465,,,,
,,5027,0.00034918030723929405,,,,
,,5028,7.584273407701403e-05,,,,
,,5029,0.0008440918754786253,,,,
,,5030,3.971946716774255e-05,,,,
,,5031,4.1355440771440044e-05,,,,
,,5032,8.357586193596944e-05,,,,
,,5033,0.00835955049842596,,,,
,,5034,0.0001370969257550314,,,,
,,5035,0.0012075902195647359,,,,
,,5036,0.0012350106844678521,,,,
,,5037,0.0004821550101041794,,,,
,,5038,3.0053888622205704e-05,,,,
,,5039,0.0006581834168173373,,,,
,,5040,0.00010607215517666191,,,,
,,5041,4.800928945769556e-05,,,,
,,5042,6.0105219745310023e-05,,,,
,,5043,0.0003036940470337868,,,,
,,5044,4.692314541898668e-05,,,,
,,5045,0.0002589112555142492,,,,
,,5046,5.639783921651542e-05,,,,
,,5047,4.116917261853814e-05,,,,
,,5048,0.00010600799578242004,,,,
,,5049,0.00103887845762074,,,,
,,5050,5.8345474826637655e-05,,,,
,,5051,0.0010679210536181927,,,,
,,5052,0.0010217693634331226,,,,
,,5053,0.00038954184856265783,,,,
,,5054,6.75791161484085e-05,,,,
,,5055,0.0020924247801303864,,,,
,,5056,0.0006851953803561628,,,,
,,5057,5.2204202802386135e-05,,,,
,,5058,5.79061743337661e-05,,,,
,,5059,0.0032223924063146114,,,,
,,5060,0.00022485983208753169,,,,
,,5061,0.0015808043535798788,,,,
,,5062,0.0012083601905032992,,,,
,,5063,5.094407970318571e-05,,,,
,,5064,8.780275675235316e-05,,,,
,,5065,0.0031659717205911875,,,,
,,5066,5.396111009758897e-05,,,,
,,5067,0.001536686671897769,,,,
,,5068,0.0007249583140946925,,,,
,,5069,0.0002584554604254663,,,,
,,5070,4.742738383356482e-05,,,,
,,5071,4.187864396953955e-05,,,,
,,5072,0.0001335120905423537,,,,
,,5073,5.779543789685704e-05,,,,
,,5074,6.402514554793015e-05,,,,
,,5075,0.0007976007182151079,,,,
,,5076,4.5206514187157154e-05,,,,
,,5077,0.0004619342798832804,,,,
,,5078,0.0006932874675840139,,,,
,,5079,3.822764483629726e-05,,,,
,,5080,0.00011385322432033718,,,,
,,5081,0.0036465306766331196,,,,
,,5082,0.00013984415272716433,,,,
,,5083,5.328307452145964e-05,,,,
,,5084,0.0008914091158658266,,,,
,,5085,0.0017462429823353887,,,,
,,5086,0.00012033046368742362,,,,
,,5087,6.69565997668542e-05,,,,
,,5088,0.00014623493188992143,,,,
,,5089,3.5685730836121365e-05,,,,
,,5090,4.060122955706902e-05,,,,
,,5091,7.970180740812793e-05,,,,
,,5092,0.000387708394555375,,,,
,,5093,0.0004772776155732572,,,,
,,5094,0.0006880108267068863,,,,
,,5095,4.8407157009933144e-05,,,,
,,5096,3.380509951966815e-05,,,,
,,5097,7.147475116653368e-05,,,,
,,5098,7.944299431983382e-05,,,,
,,5099,4.1658418922452256e-05,,,,
,,5100,0.0002856949286069721,,,,
,,5101,0.0013278885744512081,,,,
,,5102,0.0009494029800407588,,,,
,,5103,4.0168033592635766e-05,,,,
,,5104,0.0026555496733635664,,,,
,,5105,9.458015119889751e-05,,,,
,,5106,7.124066905817017e-05,,,,
,,5107,7.513947639381513e-05,,,,
,,5108,0.0006463867612183094,,,,
,,5109,5.732183126383461e-05,,,,
,,5110,0.0007813973934389651,,,,
,,5111,0.011949301697313786,,,,
,,5112,0.00011296578304609284,,,,
,,5113,0.0001898205082397908,,,,
,,5114,0.008184326812624931,,,,
,,5115,7.220567931653932e-05,,,,
,,5116,0.0009416644461452961,,,,
,,5117,0.0013135954504832625,,,,
,,5118,0.0004546641721390188,,,,
,,5119,3.24366737913806e-05,,,,
,,5120,0.0022380000445991755,,,,
,,5121,6.548091187141836e-05,,,,
,,5122,4.6672055759700015e-05,,,,
,,5123,4.4491047447081655e-05,,,,
,,5124,0.00047782534966245294,,,,
,,5125,5.030533793615177e-05,,,,
,,5126,0.00023227586643770337,,,,
,,5127,0.0015341724501922727,,,,
,,5128,4.0005303162615746e-05,,,,
,,5129,7.61937553761527e-05,,,,
,,5130,0.0061685252003371716,,,,
,,5131,4.883331712335348e-05,,,,
,,5132,0.002242943737655878,,,,
,,5133,0.0016091492725536227,,,,
,,5134,0.0004957741475664079,,,,
,,5135,7.050781277939677e-05,,,,
,,5136,5.840965604875237e-05,,,,
,,5137,0.008371754549443722,,,,
,,5138,0.00013024258078075945,,,,
,,5139,0.00010615758219501004,,,,
,,5140,0.0005805719411000609,,,,
,,5141,4.140353121329099e-05,,,,
,,5142,0.00030796087230555713,,,,
,,5143,0.0015316075878217816,,,,
,,5144,3.140687840641476e-05,,,,
,,5145,6.21273647993803e-05,,,,
,,5146,0.0026199098210781813,,,,
,,5147,3.435619146330282e-05,,,,
,,5148,4.3512904085218906e-05,,,,
,,5149,0.0002619005099404603,,,,
,,5150,0.0001558258809382096,,,,
,,5151,5.8756453654496e-05,,,,
,,5152,4.369287853478454e-05,,,,
,,5153,0.00011988191545242444,,,,
,,5154,4.80516828247346e-05,,,,
,,5155,5.5012424127198756e-05,,,,
,,5156,0.00013548049901146442,,,,
,,5157,0.00058230001013726,,,,
,,5158,0.0008357722545042634,,,,
,,5159,0.000897312827873975,,,,
,,5160,3.984005525126122e-05,,,,
,,5161,8.332347351824865e-05,,,,
,,5162,0.019934626296162605,,,,
,,5163,0.0034820844884961843,,,,
,,5164,0.00037059528403915465,,,,
,,5165,0.004895948804914951,,,,
,,5166,0.0014143551234155893,,,,
,,5167,6.255069456528872e-05,,,,
,,5168,4.510458165896125e-05,,,,
,,5169,0.00012532617256511003,,,,
,,5170,7.723250018898398e-05,,,,
,,5171,9.060800221050158e-05,,,,
,,5172,0.0004666333261411637,,,,
,,5173,6.736765499226749e-05,,,,
,25,5173,,0.0010086146648973227,,,
,25,5173,,,0.012325897812843323,0.9848484992980957,0.9848484992980957
0.00507159810513258,26,5174,,,,,
0.006376043427735567,26,5175,,,,,
0.0306308101862669,26,5176,,,,,
0.0019053600262850523,26,5177,,,,,
0.0324687622487545,26,5178,,,,,
0.040527116507291794,26,5179,,,,,
0.0067538972944021225,26,5180,,,,,
0.009325766935944557,26,5181,,,,,
0.010845877230167389,26,5182,,,,,
0.0029424091335386038,26,5183,,,,,
0.0017366159008815885,26,5184,,,,,
0.00046028682845644653,26,5185,,,,,
0.00915820524096489,26,5186,,,,,
0.004764732904732227,26,5187,,,,,
0.0014365720562636852,26,5188,,,,,
0.008096265606582165,26,5189,,,,,
0.09073871374130249,26,5190,,,,,
0.01268873643130064,26,5191,,,,,
0.0007889419212006032,26,5192,,,,,
4.74399930681102e-05,26,5193,,,,,
0.0021235032472759485,26,5194,,,,,
8.829589933156967e-05,26,5195,,,,,
0.004488795064389706,26,5196,,,,,
0.00028804485918954015,26,5197,,,,,
0.0007259038975462317,26,5198,,,,,
0.0001500114012742415,26,5199,,,,,
0.00031872393446974456,26,5200,,,,,
0.00011816703772637993,26,5201,,,,,
7.613366324221715e-05,26,5202,,,,,
0.0009401095448993146,26,5203,,,,,
0.0005271015106700361,26,5204,,,,,
8.524015720468014e-05,26,5205,,,,,
0.000805564399342984,26,5206,,,,,
0.0015835753874853253,26,5207,,,,,
0.001757306745275855,26,5208,,,,,
0.007165995892137289,26,5209,,,,,
0.006887820549309254,26,5210,,,,,
0.08301766961812973,26,5211,,,,,
0.00412514666095376,26,5212,,,,,
0.0003463371831458062,26,5213,,,,,
0.022533603012561798,26,5214,,,,,
0.000880311825312674,26,5215,,,,,
0.016965538263320923,26,5216,,,,,
0.0038499440997838974,26,5217,,,,,
0.00044421342317946255,26,5218,,,,,
0.0006039245636202395,26,5219,,,,,
0.0002103298029396683,26,5220,,,,,
0.006110858637839556,26,5221,,,,,
0.006955479737371206,26,5222,,,,,
0.09949556738138199,26,5223,,,,,
0.0031131920404732227,26,5224,,,,,
0.0029567049350589514,26,5225,,,,,
0.00039291701978072524,26,5226,,,,,
0.0038460278883576393,26,5227,,,,,
3.532902701408602e-05,26,5228,,,,,
7.926001853775233e-05,26,5229,,,,,
0.00105320755392313,26,5230,,,,,
4.799112502951175e-05,26,5231,,,,,
0.0012577826855704188,26,5232,,,,,
0.006731359288096428,26,5233,,,,,
0.000648322980850935,26,5234,,,,,
0.17046010494232178,26,5235,,,,,
3.263399048591964e-05,26,5236,,,,,
0.00020628103811759502,26,5237,,,,,
0.0003400699933990836,26,5238,,,,,
0.00546279177069664,26,5239,,,,,
0.0005939697730354965,26,5240,,,,,
0.00610753521323204,26,5241,,,,,
0.00014703049964737147,26,5242,,,,,
4.3506926886038855e-05,26,5243,,,,,
0.0015726530691608787,26,5244,,,,,
0.05808117985725403,26,5245,,,,,
0.2075696885585785,26,5246,,,,,
4.403885759529658e-05,26,5247,,,,,
0.00948045589029789,26,5248,,,,,
0.007340669631958008,26,5249,,,,,
0.016548532992601395,26,5250,,,,,
0.0013279695995151997,26,5251,,,,,
0.0047783516347408295,26,5252,,,,,
0.0024552985560148954,26,5253,,,,,
0.00036583392648026347,26,5254,,,,,
0.0025587042327970266,26,5255,,,,,
7.352481043199077e-05,26,5256,,,,,
0.07874110341072083,26,5257,,,,,
0.00021748956351075321,26,5258,,,,,
0.047648362815380096,26,5259,,,,,
0.0019254912622272968,26,5260,,,,,
0.0005717352032661438,26,5261,,,,,
0.02259201556444168,26,5262,,,,,
0.03462792560458183,26,5263,,,,,
6.476506678154692e-05,26,5264,,,,,
0.001781851751729846,26,5265,,,,,
0.0003611359279602766,26,5266,,,,,
0.0034310268238186836,26,5267,,,,,
0.003341450123116374,26,5268,,,,,
0.013512209989130497,26,5269,,,,,
0.00047558086225762963,26,5270,,,,,
0.0013167380820959806,26,5271,,,,,
0.009421242401003838,26,5272,,,,,
0.0017562754219397902,26,5273,,,,,
0.0006372896023094654,26,5274,,,,,
0.00039199835737235844,26,5275,,,,,
0.003398038214072585,26,5276,,,,,
0.0005854953196831048,26,5277,,,,,
0.0019005273934453726,26,5278,,,,,
0.00011709322279784828,26,5279,,,,,
8.25753522804007e-05,26,5280,,,,,
4.2251758713973686e-05,26,5281,,,,,
0.00022913582506589592,26,5282,,,,,
0.015725884586572647,26,5283,,,,,
0.00039496950921602547,26,5284,,,,,
0.0007476202445104718,26,5285,,,,,
0.0005324236117303371,26,5286,,,,,
0.01977582275867462,26,5287,,,,,
0.00038649412454105914,26,5288,,,,,
0.0006612854194827378,26,5289,,,,,
0.002566856099292636,26,5290,,,,,
0.00015442122821696103,26,5291,,,,,
0.00016122478700708598,26,5292,,,,,
0.0002528164186514914,26,5293,,,,,
0.0008234091219492257,26,5294,,,,,
5.142369627719745e-05,26,5295,,,,,
0.02427743561565876,26,5296,,,,,
0.0014150714268907905,26,5297,,,,,
0.00023884909751359373,26,5298,,,,,
6.930703239049762e-05,26,5299,,,,,
0.01900530606508255,26,5300,,,,,
0.0797290951013565,26,5301,,,,,
0.00026538921520113945,26,5302,,,,,
8.442529360763729e-05,26,5303,,,,,
0.0005988572956994176,26,5304,,,,,
0.014791430905461311,26,5305,,,,,
0.00037021623575128615,26,5306,,,,,
0.002298015868291259,26,5307,,,,,
4.499036731431261e-05,26,5308,,,,,
0.00047991343308240175,26,5309,,,,,
0.06134352833032608,26,5310,,,,,
1.1608261957007926e-05,26,5311,,,,,
0.00020715119899250567,26,5312,,,,,
0.00038089690497145057,26,5313,,,,,
0.012110219337046146,26,5314,,,,,
0.00010120455408468843,26,5315,,,,,
0.09697861969470978,26,5316,,,,,
9.331246837973595e-05,26,5317,,,,,
0.00021992165420670062,26,5318,,,,,
0.0002528057957533747,26,5319,,,,,
0.003154034959152341,26,5320,,,,,
0.01817241869866848,26,5321,,,,,
0.008588878437876701,26,5322,,,,,
0.012567500583827496,26,5323,,,,,
4.438512405613437e-05,26,5324,,,,,
0.00038967045838944614,26,5325,,,,,
0.0010220988187938929,26,5326,,,,,
0.00014739045582246035,26,5327,,,,,
0.00048705589142628014,26,5328,,,,,
0.01674157753586769,26,5329,,,,,
2.926645720435772e-05,26,5330,,,,,
0.0002885183203034103,26,5331,,,,,
0.000270653486950323,26,5332,,,,,
0.00016438700549770147,26,5333,,,,,
0.006398158613592386,26,5334,,,,,
0.07651234418153763,26,5335,,,,,
0.0032777690794318914,26,5336,,,,,
0.02031232975423336,26,5337,,,,,
0.000772663508541882,26,5338,,,,,
0.002143420744687319,26,5339,,,,,
0.010128580033779144,26,5340,,,,,
0.00011071629705838859,26,5341,,,,,
5.013434565626085e-05,26,5342,,,,,
0.006754049099981785,26,5343,,,,,
3.145855225739069e-05,26,5344,,,,,
0.18997697532176971,26,5345,,,,,
0.0014605908654630184,26,5346,,,,,
5.948556281509809e-05,26,5347,,,,,
0.007829769514501095,26,5348,,,,,
0.00012241578951943666,26,5349,,,,,
9.533422417007387e-05,26,5350,,,,,
0.0003369851619936526,26,5351,,,,,
0.011133428663015366,26,5352,,,,,
0.08546072244644165,26,5353,,,,,
0.0032180524431169033,26,5354,,,,,
0.0009528046357445419,26,5355,,,,,
0.01648520864546299,26,5356,,,,,
5.012506517232396e-05,26,5357,,,,,
0.0002842823159880936,26,5358,,,,,
0.00020105615840293467,26,5359,,,,,
0.0008465629070997238,26,5360,,,,,
0.013041086494922638,26,5361,,,,,
0.0004096497141290456,26,5362,,,,,
0.002019897336140275,26,5363,,,,,
0.00011585150787141174,26,5364,,,,,
0.00041147193405777216,26,5365,,,,,
0.06367038935422897,26,5366,,,,,
0.0002525623422116041,26,5367,,,,,
0.00014260811440180987,26,5368,,,,,
0.0005182060413062572,26,5369,,,,,
9.858487464953214e-05,26,5370,,,,,
0.0007853891584090889,26,5371,,,,,
0.000571028795093298,26,5372,,,,,
,,5174,3.1973559089237824e-05,,,,
,,5175,4.840779183723498e-06,,,,
,,5176,1.5646293832105584e-05,,,,
,,5177,2.5033689325937303e-06,,,,
,,5178,1.441855943085102e-06,,,,
,,5179,1.6689201629560557e-06,,,,
,,5180,0.03500710055232048,,,,
,,5181,0.0056825377978384495,,,,
,,5182,7.453969010384753e-05,,,,
,,5183,1.4655408449470997e-05,,,,
,,5184,1.1386577170924284e-05,,,,
,,5185,5.224390406510793e-06,,,,
,,5186,1.7938083374247071e-06,,,,
,,5187,1.4305069271358661e-06,,,,
,,5188,3.5244061109551694e-06,,,,
,,5189,1.8606956473377068e-06,,,,
,,5190,0.00011177441774634644,,,,
,,5191,6.996741831244435e-06,,,,
,,5192,6.6030379457515664e-06,,,,
,,5193,2.679354111023713e-06,,,,
,,5194,1.7938076553036808e-06,,,,
,,5195,2.4409359866695013e-06,,,,
,,5196,3.4229674383823294e-06,,,,
,,5197,2.3271570626093308e-06,,,,
,,5198,4.845934654440498e-06,,,,
,,5199,1.0458672477398068e-05,,,,
,,5200,9.344717000203673e-06,,,,
,,5201,5.561232683248818e-06,,,,
,,5202,2.537432465032907e-06,,,,
,,5203,9.70702217273356e-07,,,,
,,5204,2.4011962977965595e-06,,,,
,,5205,1.715568259896827e-06,,,,
,,5206,0.03683198243379593,,,,
,,5207,0.008325950242578983,,,,
,,5208,4.504320531850681e-05,,,,
,,5209,4.3141144487890415e-06,,,,
,,5210,2.009505578826065e-06,,,,
,,5211,1.3056188663540524e-06,,,,
,,5212,5.0578141781443264e-06,,,,
,,5213,2.746971404121723e-06,,,,
,,5214,1.3423964446701575e-06,,,,
,,5215,5.923872322455281e-06,,,,
,,5216,2.457970140312682e-06,,,,
,,5217,3.3481960599601734e-06,,,,
,,5218,2.9064099180686753e-06,,,,
,,5219,1.4361834246301441e-06,,,,
,,5220,9.650250376580516e-07,,,,
,,5221,1.73111982348928e-06,,,,
,,5222,2.1060234303149628e-06,,,,
,,5223,7.898368494352326e-06,,,,
,,5224,1.0396729521744419e-05,,,,
,,5225,3.195914132447797e-06,,,,
,,5226,2.985890432682936e-06,,,,
,,5227,3.876838491123635e-06,,,,
,,5228,1.6121545058922493e-06,,,,
,,5229,2.7314147246215725e-06,,,,
,,5230,1.668920845077082e-06,,,,
,,5231,6.338507319014752e-06,,,,
,,5232,0.006874217186123133,,,,
,,5233,1.1033966984541621e-05,,,,
,,5234,6.703894086967921e-06,,,,
,,5235,1.572421524542733e-06,,,,
,,5236,8.628462637716439e-07,,,,
,,5237,3.7161285035836045e-06,,,,
,,5238,6.6869570218841545e-06,,,,
,,5239,1.338627771474421e-05,,,,
,,5240,2.3634370336367283e-06,,,,
,,5241,3.8664761632389855e-06,,,,
,,5242,3.2924212973739486e-06,,,,
,,5243,2.788428218991612e-06,,,,
,,5244,9.366417543787975e-07,,,,
,,5245,2.9180116598581662e-06,,,,
,,5246,1.839962010308227e-06,,,,
,,5247,1.9131950466544367e-05,,,,
,,5248,1.7767812323654653e-06,,,,
,,5249,4.151540451857727e-06,,,,
,,5250,3.3207932119694306e-06,,,,
,,5251,1.8448973833073978e-06,,,,
,,5252,1.203441570396535e-06,,,,
,,5253,3.026851572940359e-06,,,,
,,5254,1.4078011645324295e-06,,,,
,,5255,2.3841741949581774e-06,,,,
,,5256,2.5033709789568093e-06,,,,
,,5257,4.260376044840086e-06,,,,
,,5258,0.0004311074153520167,,,,
,,5259,9.467083145864308e-05,,,,
,,5260,7.674314474570565e-06,,,,
,,5261,2.4011978894122876e-06,,,,
,,5262,1.7103859590861248e-06,,,,
,,5263,1.571805296407547e-05,,,,
,,5264,3.3718747545208316e-06,,,,
,,5265,4.415864623297239e-06,,,,
,,5266,3.962240498367464e-06,,,,
,,5267,2.509053274479811e-06,,,,
,,5268,1.4532115528709255e-06,,,,
,,5269,5.027403403801145e-06,,,,
,,5270,1.5082518984854687e-06,,,,
,,5271,2.4369715902139433e-05,,,,
,,5272,3.804287644015858e-06,,,,
,,5273,7.608331543451641e-06,,,,
,,5274,3.4797312764567323e-06,,,,
,,5275,5.250263257039478e-06,,,,
,,5276,1.5497056438107393e-06,,,,
,,5277,1.8335465483687585e-06,,,,
,,5278,1.922890078276396e-06,,,,
,,5279,1.696661456662696e-05,,,,
,,5280,2.843959464371437e-06,,,,
,,5281,7.4532304097374436e-06,,,,
,,5282,5.737375886383234e-06,,,,
,,5283,2.4863290946086636e-06,,,,
,,5284,0.01592656783759594,,,,
,,5285,8.748699656280223e-06,,,,
,,5286,4.7009157242428046e-06,,,,
,,5287,1.664106639509555e-05,,,,
,,5288,8.966278983280063e-06,,,,
,,5289,9.194307494908571e-06,,,,
,,5290,3.1505087463301606e-06,,,,
,,5291,3.20727076541516e-06,,,,
,,5292,2.622588226586231e-06,,,,
,,5293,3.3491821795905707e-06,,,,
,,5294,1.2764800885634031e-05,,,,
,,5295,4.82007590107969e-06,,,,
,,5296,1.008563231152948e-05,,,,
,,5297,1.1500801520014647e-05,,,,
,,5298,6.473435860243626e-06,,,,
,,5299,7.203463610494509e-06,,,,
,,5300,3.7408581192721613e-06,,,,
,,5301,2.1230448510323185e-06,,,,
,,5302,1.2173994036857039e-05,,,,
,,5303,4.7966909733077046e-06,,,,
,,5304,2.8668242521234788e-05,,,,
,,5305,9.992488230636809e-06,,,,
,,5306,1.2138067177147605e-05,,,,
,,5307,5.324568974174326e-06,,,,
,,5308,1.114299266191665e-05,,,,
,,5309,3.0029013942112215e-06,,,,
,,5310,0.019300896674394608,,,,
,,5311,4.457318937056698e-06,,,,
,,5312,1.79511662281584e-05,,,,
,,5313,7.339472631429089e-06,,,,
,,5314,3.3948356303881155e-06,,,,
,,5315,3.252678652643226e-06,,,,
,,5316,2.622575493660406e-06,,,,
,,5317,1.8448855598762748e-06,,,,
,,5318,3.389629455341492e-06,,,,
,,5319,2.3501127088820795e-06,,,,
,,5320,7.157420441217255e-06,,,,
,,5321,4.43140379502438e-06,,,,
,,5322,3.970137186115608e-06,,,,
,,5323,3.1448282697965624e-06,,,,
,,5324,3.1097772534849355e-06,,,,
,,5325,2.0662846509367228e-06,,,,
,,5326,3.950882273784373e-06,,,,
,,5327,6.4577047851344105e-06,,,,
,,5328,7.933649612823501e-05,,,,
,,5329,5.750307991547743e-06,,,,
,,5330,7.919313247839455e-06,,,,
,,5331,7.822188308637124e-06,,,,
,,5332,1.487271561018133e-06,,,,
,,5333,1.8789515934258816e-06,,,,
,,5334,7.240438208100386e-06,,,,
,,5335,5.566347226704238e-06,,,,
,,5336,0.02116851694881916,,,,
,,5337,6.022532943461556e-06,,,,
,,5338,1.0463842045282945e-05,,,,
,,5339,3.4229722132295137e-06,,,,
,,5340,8.02818249212578e-06,,,,
,,5341,1.907334308270947e-06,,,,
,,5342,0.009584170766174793,,,,
,,5343,3.6073254250368336e-06,,,,
,,5344,1.2091130884073209e-05,,,,
,,5345,5.228082954999991e-06,,,,
,,5346,6.9917737164360005e-06,,,,
,,5347,4.923778305965243e-06,,,,
,,5348,2.446614644213696e-06,,,,
,,5349,2.548787961131893e-06,,,,
,,5350,5.214033990341704e-06,,,,
,,5351,3.524409976307652e-06,,,,
,,5352,1.6671378034516238e-05,,,,
,,5353,9.603460966900457e-06,,,,
,,5354,1.1505345355544705e-05,,,,
,,5355,1.3138430404069368e-05,,,,
,,5356,3.6216495118424064e-06,,,,
,,5357,4.853412519878475e-06,,,,
,,5358,2.1854921214981005e-06,,,,
,,5359,3.653980002127355e-06,,,,
,,5360,1.4640730114479084e-05,,,,
,,5361,0.004365904722362757,,,,
,,5362,0.004842889495193958,,,,
,,5363,3.1051004043547437e-06,,,,
,,5364,3.825150997727178e-05,,,,
,,5365,2.123042577295564e-06,,,,
,,5366,4.856377017858904e-06,,,,
,,5367,1.8866064692701912e-06,,,,
,,5368,1.2821325981349219e-05,,,,
,,5369,3.4311251511098817e-06,,,,
,,5370,5.353957931220066e-06,,,,
,,5371,3.865744474751409e-06,,,,
,,5372,3.467380338406656e-06,,,,
,26,5372,,0.0008532172068953514,,,
,26,5372,,,0.011266674846410751,0.9343434572219849,0.939393937587738
0.0004146203282289207,27,5373,,,,,
0.0010119893122464418,27,5374,,,,,
0.15296688675880432,27,5375,,,,,
1.5820085536688566e-05,27,5376,,,,,
0.0011592503869906068,27,5377,,,,,
0.029068568721413612,27,5378,,,,,
0.005265530664473772,27,5379,,,,,
0.0001059781716321595,27,5380,,,,,
1.3640404176840093e-05,27,5381,,,,,
0.0008779488271102309,27,5382,,,,,
0.0013297549448907375,27,5383,,,,,
5.621166928904131e-05,27,5384,,,,,
0.00012834763037972152,27,5385,,,,,
0.0019729789346456528,27,5386,,,,,
0.2852343022823334,27,5387,,,,,
0.0001560111268190667,27,5388,,,,,
0.00025423982879146934,27,5389,,,,,
0.0002804736141115427,27,5390,,,,,
9.493358811596408e-05,27,5391,,,,,
0.0430464968085289,27,5392,,,,,
0.00034349592169746757,27,5393,,,,,
0.0013718986883759499,27,5394,,,,,
0.0003220238140784204,27,5395,,,,,
0.007650294341146946,27,5396,,,,,
0.005758313462138176,27,5397,,,,,
0.0014414479956030846,27,5398,,,,,
0.00016627574223093688,27,5399,,,,,
0.0016951031284406781,27,5400,,,,,
0.09414378553628922,27,5401,,,,,
0.002564338268712163,27,5402,,,,,
0.0004190956533420831,27,5403,,,,,
0.0008594235987402499,27,5404,,,,,
0.00028918127645738423,27,5405,,,,,
0.0039822752587497234,27,5406,,,,,
0.03174002096056938,27,5407,,,,,
0.0008026138530112803,27,5408,,,,,
0.05365084484219551,27,5409,,,,,
0.0025841593742370605,27,5410,,,,,
0.0001891286374302581,27,5411,,,,,
0.002753397449851036,27,5412,,,,,
0.043839506804943085,27,5413,,,,,
0.0008398217032663524,27,5414,,,,,
0.0031648038420826197,27,5415,,,,,
0.0018756765639409423,27,5416,,,,,
0.0008549935300834477,27,5417,,,,,
0.22444221377372742,27,5418,,,,,
0.2877243161201477,27,5419,,,,,
0.04227953404188156,27,5420,,,,,
0.0017122193239629269,27,5421,,,,,
0.0006268728175200522,27,5422,,,,,
0.1876748651266098,27,5423,,,,,
0.019648253917694092,27,5424,,,,,
0.0001755269622663036,27,5425,,,,,
0.004592029377818108,27,5426,,,,,
0.055576127022504807,27,5427,,,,,
0.12357760220766068,27,5428,,,,,
0.01489915233105421,27,5429,,,,,
0.02495070919394493,27,5430,,,,,
0.0025384395848959684,27,5431,,,,,
0.0011739634210243821,27,5432,,,,,
0.0038440325297415257,27,5433,,,,,
0.013687415979802608,27,5434,,,,,
0.0011757765896618366,27,5435,,,,,
0.12757140398025513,27,5436,,,,,
0.009201780892908573,27,5437,,,,,
0.0031729231122881174,27,5438,,,,,
0.0007821295876055956,27,5439,,,,,
0.00458995858207345,27,5440,,,,,
0.004983143415302038,27,5441,,,,,
0.025965629145503044,27,5442,,,,,
0.0031608978752046824,27,5443,,,,,
0.0024011884815990925,27,5444,,,,,
0.1006816029548645,27,5445,,,,,
0.012675673700869083,27,5446,,,,,
0.0036710340064018965,27,5447,,,,,
0.00021562860638368875,27,5448,,,,,
0.0019575897604227066,27,5449,,,,,
0.005866273306310177,27,5450,,,,,
0.004372260067611933,27,5451,,,,,
0.00043146259849891067,27,5452,,,,,
0.023098265752196312,27,5453,,,,,
0.003839184995740652,27,5454,,,,,
0.0023332268465310335,27,5455,,,,,
0.01154834683984518,27,5456,,,,,
0.0030319136567413807,27,5457,,,,,
0.0009653502493165433,27,5458,,,,,
0.0007443970534950495,27,5459,,,,,
0.008866745978593826,27,5460,,,,,
0.0018274710746482015,27,5461,,,,,
0.024306222796440125,27,5462,,,,,
0.0020160896237939596,27,5463,,,,,
0.0055355229414999485,27,5464,,,,,
0.0005592146189883351,27,5465,,,,,
0.0559733621776104,27,5466,,,,,
0.0003704759874381125,27,5467,,,,,
0.001607098849490285,27,5468,,,,,
0.001273770583793521,27,5469,,,,,
0.005586298182606697,27,5470,,,,,
0.01817886158823967,27,5471,,,,,
0.03430575132369995,27,5472,,,,,
0.025041472166776657,27,5473,,,,,
0.006578600965440273,27,5474,,,,,
0.00477028451859951,27,5475,,,,,
0.00024388860038015991,27,5476,,,,,
0.0004229659680277109,27,5477,,,,,
0.0005909262108616531,27,5478,,,,,
0.0004909851704724133,27,5479,,,,,
0.0018296756315976381,27,5480,,,,,
0.0010748080676421523,27,5481,,,,,
0.01031241100281477,27,5482,,,,,
2.6448407879797742e-05,27,5483,,,,,
0.000819105189293623,27,5484,,,,,
7.852569251554087e-05,27,5485,,,,,
0.002797795692458749,27,5486,,,,,
0.009227474220097065,27,5487,,,,,
0.002934698248282075,27,5488,,,,,
0.0003832375514321029,27,5489,,,,,
0.1970636546611786,27,5490,,,,,
0.0018376860534772277,27,5491,,,,,
0.0001794464624254033,27,5492,,,,,
0.00020907522412016988,27,5493,,,,,
0.0007109208963811398,27,5494,,,,,
0.00021842554269824177,27,5495,,,,,
0.001990988850593567,27,5496,,,,,
0.006021932698786259,27,5497,,,,,
0.0005012202891521156,27,5498,,,,,
3.511342947604135e-05,27,5499,,,,,
0.002579294377937913,27,5500,,,,,
0.0005781425279565156,27,5501,,,,,
0.0007668595644645393,27,5502,,,,,
0.00015737178910057992,27,5503,,,,,
0.001076437416486442,27,5504,,,,,
0.0006230003200471401,27,5505,,,,,
0.00017911949544213712,27,5506,,,,,
0.00111772317904979,27,5507,,,,,
0.006232005078345537,27,5508,,,,,
0.004478889051824808,27,5509,,,,,
0.01415363047271967,27,5510,,,,,
0.0004108564171474427,27,5511,,,,,
0.015622724778950214,27,5512,,,,,
0.0007603557896800339,27,5513,,,,,
0.0010455722222104669,27,5514,,,,,
0.0005435551283881068,27,5515,,,,,
0.012871848419308662,27,5516,,,,,
0.0002674915303941816,27,5517,,,,,
0.004859152249991894,27,5518,,,,,
0.00014035787899047136,27,5519,,,,,
0.0001881641219370067,27,5520,,,,,
0.1019720807671547,27,5521,,,,,
0.0016343710012733936,27,5522,,,,,
0.0002262210618937388,27,5523,,,,,
0.004233691841363907,27,5524,,,,,
0.0007064940291456878,27,5525,,,,,
0.0007073594024404883,27,5526,,,,,
0.0015424683224409819,27,5527,,,,,
0.0025860804598778486,27,5528,,,,,
0.0002149576466763392,27,5529,,,,,
0.0019643285777419806,27,5530,,,,,
0.01294392067939043,27,5531,,,,,
0.09864477813243866,27,5532,,,,,
0.002014315687119961,27,5533,,,,,
0.0008366639958694577,27,5534,,,,,
0.000373622722690925,27,5535,,,,,
8.8520857389085e-05,27,5536,,,,,
0.008956055156886578,27,5537,,,,,
0.3454332947731018,27,5538,,,,,
0.0005314615555107594,27,5539,,,,,
0.00027890654746443033,27,5540,,,,,
0.029112378135323524,27,5541,,,,,
0.006380483508110046,27,5542,,,,,
0.009997296147048473,27,5543,,,,,
0.0016389796510338783,27,5544,,,,,
0.04125485196709633,27,5545,,,,,
0.01689833216369152,27,5546,,,,,
0.009804907254874706,27,5547,,,,,
0.00022545816318597645,27,5548,,,,,
0.001811137073673308,27,5549,,,,,
0.031086603179574013,27,5550,,,,,
0.1738509237766266,27,5551,,,,,
0.00462913466617465,27,5552,,,,,
3.367047247593291e-05,27,5553,,,,,
0.00039206643123179674,27,5554,,,,,
0.15905489027500153,27,5555,,,,,
0.005675523076206446,27,5556,,,,,
0.0006759188836440444,27,5557,,,,,
0.00027312501333653927,27,5558,,,,,
0.04070816934108734,27,5559,,,,,
0.017583122476935387,27,5560,,,,,
0.0019203234696760774,27,5561,,,,,
0.009562281891703606,27,5562,,,,,
0.004254106432199478,27,5563,,,,,
0.0005880434764549136,27,5564,,,,,
5.571403380599804e-05,27,5565,,,,,
0.0003362167626619339,27,5566,,,,,
0.0008739291806705296,27,5567,,,,,
0.0004362556501291692,27,5568,,,,,
0.002529118675738573,27,5569,,,,,
0.004318476654589176,27,5570,,,,,
0.00016138781211338937,27,5571,,,,,
,,5373,0.00043258274672552943,,,,
,,5374,0.00012925722694490105,,,,
,,5375,7.591056782985106e-05,,,,
,,5376,4.7907084081089124e-05,,,,
,,5377,5.7331908465130255e-06,,,,
,,5378,5.426698407973163e-06,,,,
,,5379,0.09664258360862732,,,,
,,5380,0.07603723555803299,,,,
,,5381,0.0006517692236229777,,,,
,,5382,0.0002049593604169786,,,,
,,5383,5.9701891586882994e-05,,,,
,,5384,0.0001124133268604055,,,,
,,5385,5.1883553169318475e-06,,,,
,,5386,3.071040055147023e-06,,,,
,,5387,7.213767094071954e-05,,,,
,,5388,4.961515878676437e-05,,,,
,,5389,8.01422938820906e-05,,,,
,,5390,0.00015931428060866892,,,,
,,5391,5.762658474850468e-05,,,,
,,5392,3.0249409974203445e-05,,,,
,,5393,4.932900537824025e-06,,,,
,,5394,4.762624030263396e-06,,,,
,,5395,4.972663191438187e-06,,,,
,,5396,7.333735266001895e-05,,,,
,,5397,9.338798554381356e-05,,,,
,,5398,0.0001557257492095232,,,,
,,5399,5.771652649855241e-05,,,,
,,5400,0.00010875514999497682,,,,
,,5401,6.550639682245674e-06,,,,
,,5402,7.3281803452118766e-06,,,,
,,5403,6.397350261977408e-06,,,,
,,5404,6.469032086897641e-05,,,,
,,5405,0.11022346466779709,,,,
,,5406,0.031736407428979874,,,,
,,5407,0.00013432322884909809,,,,
,,5408,4.237195389578119e-05,,,,
,,5409,6.244067662919406e-06,,,,
,,5410,2.6566490305413026e-06,,,,
,,5411,2.8468937671277672e-05,,,,
,,5412,5.224355118116364e-05,,,,
,,5413,5.5046210036380216e-05,,,,
,,5414,0.00013706396566703916,,,,
,,5415,1.1454697414592374e-05,,,,
,,5416,4.5502652938012034e-05,,,,
,,5417,6.062464308342896e-06,,,,
,,5418,1.5308623915188946e-05,,,,
,,5419,2.1400812784122536e-06,,,,
,,5420,6.653508899034932e-05,,,,
,,5421,2.2385662305168808e-05,,,,
,,5422,0.00013595381460618228,,,,
,,5423,6.190408021211624e-05,,,,
,,5424,3.28533751599025e-05,,,,
,,5425,5.2394511840248015e-06,,,,
,,5426,7.209613249870017e-05,,,,
,,5427,6.590355951630045e-06,,,,
,,5428,7.192156044766307e-05,,,,
,,5429,7.757668208796531e-05,,,,
,,5430,0.00016420987958554178,,,,
,,5431,0.03032277710735798,,,,
,,5432,0.00017114584625232965,,,,
,,5433,1.613708445802331e-05,,,,
,,5434,3.544228820828721e-05,,,,
,,5435,2.7361184038454667e-06,,,,
,,5436,8.843927207635716e-05,,,,
,,5437,4.017127866973169e-05,,,,
,,5438,0.00010227381426375359,,,,
,,5439,9.184177179122344e-05,,,,
,,5440,3.801403727266006e-05,,,,
,,5441,7.158040716603864e-06,,,,
,,5442,9.01622261153534e-05,,,,
,,5443,2.3047014110488817e-06,,,,
,,5444,7.623206329299137e-05,,,,
,,5445,7.783277396811172e-05,,,,
,,5446,0.00013762080925516784,,,,
,,5447,2.806681368383579e-05,,,,
,,5448,4.348983202362433e-05,,,,
,,5449,5.432425950857578e-06,,,,
,,5450,1.8890075807576068e-05,,,,
,,5451,2.4522926196368644e-06,,,,
,,5452,6.9761423219461e-05,,,,
,,5453,2.5488940082141198e-05,,,,
,,5454,1.9989891370642e-05,,,,
,,5455,0.00012615205196198076,,,,
,,5456,4.227983663440682e-05,,,,
,,5457,0.002037057653069496,,,,
,,5458,0.00015346826694440097,,,,
,,5459,3.770784678636119e-05,,,,
,,5460,3.4924883948406205e-05,,,,
,,5461,6.677748024230823e-05,,,,
,,5462,0.00015990811516530812,,,,
,,5463,4.075002652825788e-05,,,,
,,5464,4.7078236093511805e-05,,,,
,,5465,6.908238447067561e-06,,,,
,,5466,1.762439751473721e-05,,,,
,,5467,2.8382976324792253e-06,,,,
,,5468,0.00017021482926793396,,,,
,,5469,8.183676982298493e-05,,,,
,,5470,0.00011927974264835939,,,,
,,5471,0.00012049621727783233,,,,
,,5472,6.534467684105039e-05,,,,
,,5473,1.1307098247925751e-05,,,,
,,5474,0.00011183538299519569,,,,
,,5475,2.7531471005204367e-06,,,,
,,5476,1.780043021426536e-05,,,,
,,5477,5.6537861382821575e-05,,,,
,,5478,0.00021393194037955254,,,,
,,5479,6.674952601315454e-05,,,,
,,5480,1.3708568076253869e-05,,,,
,,5481,0.00017194743850268424,,,,
,,5482,5.7388861023355275e-06,,,,
,,5483,0.001014732290059328,,,,
,,5484,0.00015369660104624927,,,,
,,5485,0.00010555198969086632,,,,
,,5486,9.058029536390677e-05,,,,
,,5487,9.878531272988766e-05,,,,
,,5488,4.1121897083939984e-05,,,,
,,5489,1.245968906005146e-05,,,,
,,5490,6.686946107947733e-06,,,,
,,5491,3.7579029594780877e-06,,,,
,,5492,2.1245679818093777e-05,,,,
,,5493,0.00013136658526491374,,,,
,,5494,7.688516052439809e-05,,,,
,,5495,0.00015073387476149946,,,,
,,5496,6.152514106361195e-05,,,,
,,5497,0.00010337145795347169,,,,
,,5498,1.1273407835687976e-05,,,,
,,5499,3.211781586287543e-05,,,,
,,5500,4.615035777533194e-06,,,,
,,5501,7.535643089795485e-05,,,,
,,5502,1.954270373971667e-05,,,,
,,5503,0.00014760703197680414,,,,
,,5504,0.00011131803330499679,,,,
,,5505,6.425614992622286e-05,,,,
,,5506,9.899521501210984e-06,,,,
,,5507,0.00010647234739735723,,,,
,,5508,3.9168335206341e-06,,,,
,,5509,0.11766481399536133,,,,
,,5510,0.00012776379298884422,,,,
,,5511,0.000260273547610268,,,,
,,5512,6.220331124495715e-05,,,,
,,5513,3.3403412089683115e-05,,,,
,,5514,5.8070609156857245e-06,,,,
,,5515,1.8470074792276137e-05,,,,
,,5516,2.418231815681793e-06,,,,
,,5517,5.499484177562408e-05,,,,
,,5518,1.5575356883346103e-05,,,,
,,5519,0.00014794971502851695,,,,
,,5520,0.00010821487376233563,,,,
,,5521,4.414236173033714e-05,,,,
,,5522,6.227096491784323e-06,,,,
,,5523,8.619695290690288e-05,,,,
,,5524,4.27444410888711e-06,,,,
,,5525,2.3702359612798318e-05,,,,
,,5526,6.744841812178493e-05,,,,
,,5527,0.00023510331811849028,,,,
,,5528,5.543395673157647e-05,,,,
,,5529,6.13490046816878e-05,,,,
,,5530,1.3293923075252678e-05,,,,
,,5531,3.0805727874394506e-05,,,,
,,5532,4.257380169292446e-06,,,,
,,5533,0.00016690685879439116,,,,
,,5534,9.007482731249183e-05,,,,
,,5535,0.06460199505090714,,,,
,,5536,0.00014120583364274353,,,,
,,5537,7.30153769836761e-05,,,,
,,5538,7.20909656592994e-06,,,,
,,5539,9.334964852314442e-05,,,,
,,5540,2.6566506221570307e-06,,,,
,,5541,0.010804612189531326,,,,
,,5542,6.857229891465977e-05,,,,
,,5543,0.00016094036982394755,,,,
,,5544,2.664715430000797e-05,,,,
,,5545,4.0890179661801085e-05,,,,
,,5546,0.00011842243111459538,,,,
,,5547,5.006700121157337e-06,,,,
,,5548,3.264042334194528e-06,,,,
,,5549,9.377129754284397e-05,,,,
,,5550,6.457800191128626e-05,,,,
,,5551,0.00013030217087361962,,,,
,,5552,0.00011086285667261109,,,,
,,5553,5.909049286856316e-05,,,,
,,5554,5.974420128040947e-05,,,,
,,5555,5.795722245238721e-06,,,,
,,5556,8.35006358101964e-06,,,,
,,5557,2.088166911562439e-05,,,,
,,5558,7.214234210550785e-05,,,,
,,5559,0.00018405925948172808,,,,
,,5560,0.022342119365930557,,,,
,,5561,0.030291283503174782,,,,
,,5562,9.014205716084689e-06,,,,
,,5563,3.442979868850671e-05,,,,
,,5564,1.7175092580146156e-05,,,,
,,5565,0.00012005546886939555,,,,
,,5566,7.282817387022078e-05,,,,
,,5567,0.00013788760406896472,,,,
,,5568,8.680573955643922e-05,,,,
,,5569,4.640888801077381e-05,,,,
,,5570,1.0018706234404817e-05,,,,
,,5571,0.00010123041283804923,,,,
,27,5571,,0.003047540783882141,,,
,27,5571,,,0.01920492760837078,0.8434343338012695,0.8888888955116272
0.006490448955446482,28,5572,,,,,
0.03599298745393753,28,5573,,,,,
0.010530260391533375,28,5574,,,,,
0.00044499803334474564,28,5575,,,,,
0.00046770687913522124,28,5576,,,,,
0.0002583822642918676,28,5577,,,,,
0.002113672671839595,28,5578,,,,,
0.0009981042239814997,28,5579,,,,,
3.28005371557083e-05,28,5580,,,,,
0.00038640224374830723,28,5581,,,,,
0.0034095454029738903,28,5582,,,,,
0.0005273373099043965,28,5583,,,,,
0.0004986372077837586,28,5584,,,,,
4.891510252491571e-05,28,5585,,,,,
0.002270142547786236,28,5586,,,,,
0.001007298706099391,28,5587,,,,,
9.970345126930624e-05,28,5588,,,,,
0.0001534311886643991,28,5589,,,,,
8.198143041227013e-05,28,5590,,,,,
0.0007811977411620319,28,5591,,,,,
0.5585985779762268,28,5592,,,,,
0.0015424658777192235,28,5593,,,,,
0.016266683116555214,28,5594,,,,,
0.022736739367246628,28,5595,,,,,
0.006466367747634649,28,5596,,,,,
0.14747443795204163,28,5597,,,,,
0.0002290109550813213,28,5598,,,,,
0.0001399721804773435,28,5599,,,,,
0.017414210364222527,28,5600,,,,,
0.0014163563027977943,28,5601,,,,,
0.024414269253611565,28,5602,,,,,
0.0008639986626803875,28,5603,,,,,
0.002888705348595977,28,5604,,,,,
0.0002558825071901083,28,5605,,,,,
0.009020586498081684,28,5606,,,,,
0.002390699926763773,28,5607,,,,,
0.0013947493862360716,28,5608,,,,,
0.0005974075174890459,28,5609,,,,,
0.0011503857094794512,28,5610,,,,,
0.03730527311563492,28,5611,,,,,
0.00932139903306961,28,5612,,,,,
0.002214442938566208,28,5613,,,,,
0.009505151771008968,28,5614,,,,,
0.002372083021327853,28,5615,,,,,
0.001024415367282927,28,5616,,,,,
0.0034140318166464567,28,5617,,,,,
0.0032570185139775276,28,5618,,,,,
0.0008864843985065818,28,5619,,,,,
0.03398463502526283,28,5620,,,,,
0.004983978345990181,28,5621,,,,,
0.0005546682514250278,28,5622,,,,,
0.006504019722342491,28,5623,,,,,
0.0016864422941580415,28,5624,,,,,
0.0006572683341801167,28,5625,,,,,
0.0008215773850679398,28,5626,,,,,
0.004863540641963482,28,5627,,,,,
0.0008116451790556312,28,5628,,,,,
0.00017674446280580014,28,5629,,,,,
0.004392791073769331,28,5630,,,,,
0.012360853143036366,28,5631,,,,,
0.002166119869798422,28,5632,,,,,
0.00025999831268563867,28,5633,,,,,
0.0006425260799005628,28,5634,,,,,
0.00030172281549312174,28,5635,,,,,
0.0015063525643199682,28,5636,,,,,
0.0015524501213803887,28,5637,,,,,
0.0011864955304190516,28,5638,,,,,
0.0010609012097120285,28,5639,,,,,
0.0015081800520420074,28,5640,,,,,
0.05961769446730614,28,5641,,,,,
0.02985936962068081,28,5642,,,,,
0.0006182983051985502,28,5643,,,,,
0.00033756266930140555,28,5644,,,,,
0.00015958308358676732,28,5645,,,,,
0.001871422864496708,28,5646,,,,,
0.0007590916939079762,28,5647,,,,,
2.334354394406546e-05,28,5648,,,,,
0.0004846967931371182,28,5649,,,,,
0.001091447426006198,28,5650,,,,,
0.0020809858106076717,28,5651,,,,,
0.0005648774094879627,28,5652,,,,,
7.26539219613187e-05,28,5653,,,,,
0.008047855459153652,28,5654,,,,,
0.0032261700835078955,28,5655,,,,,
0.0030723654199391603,28,5656,,,,,
0.042169250547885895,28,5657,,,,,
0.006574270315468311,28,5658,,,,,
0.0018363387789577246,28,5659,,,,,
0.0007102660601958632,28,5660,,,,,
0.00018281007942277938,28,5661,,,,,
0.00715953903272748,28,5662,,,,,
4.127582360524684e-05,28,5663,,,,,
0.00012868850899394602,28,5664,,,,,
0.0008786803809925914,28,5665,,,,,
0.028661023825407028,28,5666,,,,,
0.00036499398993328214,28,5667,,,,,
0.00012265822442714125,28,5668,,,,,
0.0015251633012667298,28,5669,,,,,
0.04372785612940788,28,5670,,,,,
0.0014812478329986334,28,5671,,,,,
0.000329252565279603,28,5672,,,,,
0.00038306787610054016,28,5673,,,,,
2.1632005882565863e-05,28,5674,,,,,
0.00018614271539263427,28,5675,,,,,
0.0017706333892419934,28,5676,,,,,
0.0003895708650816232,28,5677,,,,,
0.000272322358796373,28,5678,,,,,
0.008925273083150387,28,5679,,,,,
0.0006702138925902545,28,5680,,,,,
0.18034452199935913,28,5681,,,,,
0.009718605317175388,28,5682,,,,,
0.0002954342635348439,28,5683,,,,,
8.522465941496193e-05,28,5684,,,,,
0.00018708077550400048,28,5685,,,,,
5.224658525548875e-05,28,5686,,,,,
9.7443706181366e-05,28,5687,,,,,
0.00018525523773860186,28,5688,,,,,
0.16454210877418518,28,5689,,,,,
0.0003747355076484382,28,5690,,,,,
0.006995831150561571,28,5691,,,,,
0.011954976245760918,28,5692,,,,,
0.0037476946599781513,28,5693,,,,,
0.00186218973249197,28,5694,,,,,
0.06827256828546524,28,5695,,,,,
0.040101729333400726,28,5696,,,,,
0.0032090479508042336,28,5697,,,,,
0.00631307577714324,28,5698,,,,,
3.158212348353118e-05,28,5699,,,,,
0.0001294716348638758,28,5700,,,,,
2.7270845748716965e-05,28,5701,,,,,
7.177092629717663e-05,28,5702,,,,,
9.523973130853847e-05,28,5703,,,,,
3.674675099318847e-05,28,5704,,,,,
3.137742169201374e-05,28,5705,,,,,
0.0074071260169148445,28,5706,,,,,
0.0004560518136713654,28,5707,,,,,
0.0004372325201984495,28,5708,,,,,
3.0027469620108604e-05,28,5709,,,,,
0.0003577429451979697,28,5710,,,,,
2.1529420337174088e-05,28,5711,,,,,
9.696352935861796e-05,28,5712,,,,,
2.5861416361294687e-05,28,5713,,,,,
8.471171895507723e-05,28,5714,,,,,
0.0006685746484436095,28,5715,,,,,
0.00019716813403647393,28,5716,,,,,
0.0006830923957750201,28,5717,,,,,
0.1146722286939621,28,5718,,,,,
0.00021758547518402338,28,5719,,,,,
0.020425569266080856,28,5720,,,,,
7.905689562903717e-05,28,5721,,,,,
8.531748790119309e-06,28,5722,,,,,
0.00011822854867205024,28,5723,,,,,
0.00022896136215422302,28,5724,,,,,
5.02726761624217e-05,28,5725,,,,,
0.0005133505910634995,28,5726,,,,,
0.0002214578416896984,28,5727,,,,,
0.04011756554245949,28,5728,,,,,
0.0019253365462645888,28,5729,,,,,
0.0003950051323045045,28,5730,,,,,
6.387571920640767e-05,28,5731,,,,,
0.0033705849200487137,28,5732,,,,,
0.0021370172034949064,28,5733,,,,,
0.00011747692042263225,28,5734,,,,,
3.81919635401573e-05,28,5735,,,,,
0.29615041613578796,28,5736,,,,,
7.30680039850995e-05,28,5737,,,,,
0.3138313293457031,28,5738,,,,,
0.00032900995574891567,28,5739,,,,,
3.786058005061932e-05,28,5740,,,,,
0.034022312611341476,28,5741,,,,,
0.0037525887601077557,28,5742,,,,,
0.04903782904148102,28,5743,,,,,
0.06056595221161842,28,5744,,,,,
0.015607673674821854,28,5745,,,,,
0.001922657829709351,28,5746,,,,,
0.0361703485250473,28,5747,,,,,
0.13749442994594574,28,5748,,,,,
0.007545199245214462,28,5749,,,,,
0.0028154721949249506,28,5750,,,,,
0.006914876867085695,28,5751,,,,,
0.0019180314848199487,28,5752,,,,,
0.010439516045153141,28,5753,,,,,
0.027066504582762718,28,5754,,,,,
0.004083727486431599,28,5755,,,,,
0.12115109711885452,28,5756,,,,,
0.007699222769588232,28,5757,,,,,
0.018319685012102127,28,5758,,,,,
0.0026261822786182165,28,5759,,,,,
0.07547494769096375,28,5760,,,,,
0.0009031309164129198,28,5761,,,,,
0.0018212937284260988,28,5762,,,,,
0.03836484253406525,28,5763,,,,,
0.00021486254991032183,28,5764,,,,,
7.503100641770288e-05,28,5765,,,,,
0.0583510547876358,28,5766,,,,,
0.056820034980773926,28,5767,,,,,
0.015088355168700218,28,5768,,,,,
0.001887101330794394,28,5769,,,,,
0.002968868240714073,28,5770,,,,,
,,5572,0.0006336016813293099,,,,
,,5573,0.00010269307676935568,,,,
,,5574,0.0005577512783929706,,,,
,,5575,0.00041914242319762707,,,,
,,5576,0.00012519197480287403,,,,
,,5577,4.667359098675661e-05,,,,
,,5578,0.0007380439201369882,,,,
,,5579,0.001055222935974598,,,,
,,5580,0.0007839234895072877,,,,
,,5581,0.00011326556705171242,,,,
,,5582,0.003493246855214238,,,,
,,5583,7.84136209404096e-05,,,,
,,5584,3.0746035918127745e-05,,,,
,,5585,1.6047042663558386e-05,,,,
,,5586,0.00011326824460411444,,,,
,,5587,8.449381130049005e-05,,,,
,,5588,0.00011596280091907829,,,,
,,5589,0.00011080625699833035,,,,
,,5590,0.0003410313802305609,,,,
,,5591,7.218666723929346e-05,,,,
,,5592,3.452983946772292e-05,,,,
,,5593,4.057284240843728e-05,,,,
,,5594,2.9684746550628915e-05,,,,
,,5595,0.0008311893907375634,,,,
,,5596,7.318658754229546e-05,,,,
,,5597,0.00010907133400905877,,,,
,,5598,0.000347332184901461,,,,
,,5599,0.00011301560152787715,,,,
,,5600,5.3881696658208966e-05,,,,
,,5601,0.00028873482369817793,,,,
,,5602,0.0002737184113357216,,,,
,,5603,0.00012768736633006483,,,,
,,5604,0.0011916352668777108,,,,
,,5605,0.0010022312635555863,,,,
,,5606,0.0006450157961808145,,,,
,,5607,0.000195693428395316,,,,
,,5608,0.00013008370297029614,,,,
,,5609,1.4985634152253624e-05,,,,
,,5610,0.00012665402027778327,,,,
,,5611,9.632540604798123e-05,,,,
,,5612,8.351436554221436e-05,,,,
,,5613,0.0001596870133653283,,,,
,,5614,0.0007708691991865635,,,,
,,5615,0.00029622885631397367,,,,
,,5616,4.13966117775999e-05,,,,
,,5617,3.329278843011707e-05,,,,
,,5618,1.740893094392959e-05,,,,
,,5619,0.00011330159759381786,,,,
,,5620,0.0001722859888104722,,,,
,,5621,0.0006223364034667611,,,,
,,5622,0.00026913441251963377,,,,
,,5623,7.445310620823875e-05,,,,
,,5624,4.357199213700369e-05,,,,
,,5625,0.0001654929801588878,,,,
,,5626,4.096684278920293e-05,,,,
,,5627,0.00047553578042425215,,,,
,,5628,0.0001369943784084171,,,,
,,5629,0.00017391050641890615,,,,
,,5630,0.001658077584579587,,,,
,,5631,0.000200351481908001,,,,
,,5632,6.625319656450301e-05,,,,
,,5633,0.00013110060535836965,,,,
,,5634,0.00021287899289745837,,,,
,,5635,6.873701204312965e-05,,,,
,,5636,0.0004702949372585863,,,,
,,5637,0.00013334005780052394,,,,
,,5638,9.597665484761819e-05,,,,
,,5639,0.0004469990381039679,,,,
,,5640,4.2435305658727884e-05,,,,
,,5641,0.00012450023496057838,,,,
,,5642,1.690395947662182e-05,,,,
,,5643,0.0001538485666969791,,,,
,,5644,0.00011500196706037968,,,,
,,5645,0.00018269986321683973,,,,
,,5646,0.00011206707858946174,,,,
,,5647,0.0026420310605317354,,,,
,,5648,5.5953376431716606e-05,,,,
,,5649,3.840116914943792e-05,,,,
,,5650,1.8987120711244643e-05,,,,
,,5651,0.00012370436161290854,,,,
,,5652,0.0002369237772654742,,,,
,,5653,0.00014824001118540764,,,,
,,5654,0.0001590612664585933,,,,
,,5655,0.00028663649572990835,,,,
,,5656,0.000991056440398097,,,,
,,5657,0.0004888499388471246,,,,
,,5658,7.471643039025366e-05,,,,
,,5659,0.0004873679718002677,,,,
,,5660,0.0005459478124976158,,,,
,,5661,0.00011646069469861686,,,,
,,5662,7.176905637606978e-05,,,,
,,5663,0.00029365517548285425,,,,
,,5664,5.822177990921773e-05,,,,
,,5665,4.257044565747492e-05,,,,
,,5666,2.607521128084045e-05,,,,
,,5667,0.0001310172228841111,,,,
,,5668,8.76169215189293e-05,,,,
,,5669,0.0002350053982809186,,,,
,,5670,0.00014453870244324207,,,,
,,5671,0.0006637061596848071,,,,
,,5672,0.0002651230897754431,,,,
,,5673,0.0001198950267280452,,,,
,,5674,2.889607821998652e-05,,,,
,,5675,3.311917316750623e-05,,,,
,,5676,7.961309893289581e-05,,,,
,,5677,0.00020944963034708053,,,,
,,5678,0.0003287358267698437,,,,
,,5679,7.602840923937038e-05,,,,
,,5680,0.00016954077000264078,,,,
,,5681,9.733348997542635e-05,,,,
,,5682,0.00044287159107625484,,,,
,,5683,0.00028745527379214764,,,,
,,5684,0.00011750687554012984,,,,
,,5685,0.0008055571815930307,,,,
,,5686,6.573026621481404e-05,,,,
,,5687,0.00020618671260308474,,,,
,,5688,7.30136307538487e-05,,,,
,,5689,3.4547585528343916e-05,,,,
,,5690,4.565450217342004e-05,,,,
,,5691,4.525372787611559e-05,,,,
,,5692,0.0001276857656193897,,,,
,,5693,7.360209565376863e-05,,,,
,,5694,0.00010763388127088547,,,,
,,5695,0.0007456531166099012,,,,
,,5696,0.00013264660083223134,,,,
,,5697,5.9238394896965474e-05,,,,
,,5698,0.0002688586537260562,,,,
,,5699,0.001023133983835578,,,,
,,5700,7.575070048915222e-05,,,,
,,5701,6.284808478085324e-05,,,,
,,5702,9.971393592422828e-05,,,,
,,5703,0.00011948108294745907,,,,
,,5704,0.0003774714423343539,,,,
,,5705,0.00016710429918020964,,,,
,,5706,0.00015129199891816825,,,,
,,5707,6.286584539338946e-05,,,,
,,5708,0.01919899508357048,,,,
,,5709,0.0001459686318412423,,,,
,,5710,0.00013314574607647955,,,,
,,5711,0.00014575154636986554,,,,
,,5712,0.00032995856599882245,,,,
,,5713,4.511612496571615e-05,,,,
,,5714,3.6342542443890125e-05,,,,
,,5715,1.7392259906046093e-05,,,,
,,5716,7.012874993961304e-05,,,,
,,5717,4.548664946923964e-05,,,,
,,5718,9.910862718243152e-05,,,,
,,5719,7.609272870467976e-05,,,,
,,5720,0.00019518124463502318,,,,
,,5721,3.81189638574142e-05,,,,
,,5722,0.00010396180732641369,,,,
,,5723,2.6564674044493586e-05,,,,
,,5724,5.677115768776275e-05,,,,
,,5725,9.41606194828637e-05,,,,
,,5726,0.0003850350040011108,,,,
,,5727,0.00014713063137605786,,,,
,,5728,0.00030821701511740685,,,,
,,5729,0.00013974214380141348,,,,
,,5730,7.526389526901767e-05,,,,
,,5731,7.714187813689932e-05,,,,
,,5732,0.008914397098124027,,,,
,,5733,0.008034517988562584,,,,
,,5734,0.003995092585682869,,,,
,,5735,0.00010506027319934219,,,,
,,5736,0.00023530630278401077,,,,
,,5737,5.828651410411112e-05,,,,
,,5738,7.713780360063538e-05,,,,
,,5739,1.5059488760016393e-05,,,,
,,5740,0.011096736416220665,,,,
,,5741,5.396970664151013e-05,,,,
,,5742,0.00011557852849364281,,,,
,,5743,4.956574775860645e-05,,,,
,,5744,0.00022542952501680702,,,,
,,5745,7.137415377655998e-05,,,,
,,5746,3.1978375773178414e-05,,,,
,,5747,1.4889265003148466e-05,,,,
,,5748,9.1661793703679e-05,,,,
,,5749,6.965891952859238e-05,,,,
,,5750,0.00020299175230320543,,,,
,,5751,0.00022880850883666426,,,,
,,5752,0.0003253889735788107,,,,
,,5753,0.002250900026410818,,,,
,,5754,0.00010266354365739971,,,,
,,5755,6.201661744853482e-05,,,,
,,5756,5.854720075149089e-05,,,,
,,5757,9.061591845238581e-05,,,,
,,5758,0.0008937089005485177,,,,
,,5759,0.003292471170425415,,,,
,,5760,0.0040789819322526455,,,,
,,5761,0.0008835649932734668,,,,
,,5762,9.666042751632631e-05,,,,
,,5763,0.0007466130191460252,,,,
,,5764,9.936092101270333e-05,,,,
,,5765,7.070454012136906e-05,,,,
,,5766,0.00012865847384091467,,,,
,,5767,0.00010229362669633701,,,,
,,5768,0.0003693743492476642,,,,
,,5769,5.032951958128251e-05,,,,
,,5770,0.00014553277287632227,,,,
,28,5770,,0.0005405049305409193,,,
,28,5770,,,0.017080463469028473,0.9747474789619446,0.9747474789619446
0.010184355080127716,29,5771,,,,,
0.0175685565918684,29,5772,,,,,
0.015736522153019905,29,5773,,,,,
0.015393439680337906,29,5774,,,,,
0.000964741746429354,29,5775,,,,,
0.0010687237372621894,29,5776,,,,,
0.0008155149989761412,29,5777,,,,,
0.005989057011902332,29,5778,,,,,
0.0005297215539030731,29,5779,,,,,
0.007924740202724934,29,5780,,,,,
0.0004732745001092553,29,5781,,,,,
0.0017158853588625789,29,5782,,,,,
0.009202680550515652,29,5783,,,,,
0.0036183565389364958,29,5784,,,,,
0.0032024241518229246,29,5785,,,,,
0.0019660850521177053,29,5786,,,,,
0.0019595820922404528,29,5787,,,,,
0.00024713471066206694,29,5788,,,,,
6.201551150297746e-05,29,5789,,,,,
0.0002460702380631119,29,5790,,,,,
0.0010878501925617456,29,5791,,,,,
0.0006038372521288693,29,5792,,,,,
0.0001697000552667305,29,5793,,,,,
0.0007657705573365092,29,5794,,,,,
0.32756659388542175,29,5795,,,,,
0.0013347447384148836,29,5796,,,,,
0.003619787283241749,29,5797,,,,,
0.0013648421736434102,29,5798,,,,,
0.00019402671023271978,29,5799,,,,,
0.004674219526350498,29,5800,,,,,
4.615867874235846e-05,29,5801,,,,,
0.002599771600216627,29,5802,,,,,
0.0006028964999131858,29,5803,,,,,
0.20699267089366913,29,5804,,,,,
0.00026698876172304153,29,5805,,,,,
0.000554391008336097,29,5806,,,,,
0.0857115164399147,29,5807,,,,,
0.0001753366959746927,29,5808,,,,,
0.003519919700920582,29,5809,,,,,
0.0045460243709385395,29,5810,,,,,
0.011756760068237782,29,5811,,,,,
0.002996924100443721,29,5812,,,,,
0.04570230841636658,29,5813,,,,,
0.0003822137077804655,29,5814,,,,,
0.04043969139456749,29,5815,,,,,
0.00042404962005093694,29,5816,,,,,
0.002819652436301112,29,5817,,,,,
0.0005360270733945072,29,5818,,,,,
0.1917244791984558,29,5819,,,,,
0.00038602465065196157,29,5820,,,,,
0.045423317700624466,29,5821,,,,,
0.0006391704664565623,29,5822,,,,,
0.003520718775689602,29,5823,,,,,
0.0006694047478958964,29,5824,,,,,
0.00012753144255839288,29,5825,,,,,
0.0003960528993047774,29,5826,,,,,
0.00587783707305789,29,5827,,,,,
0.002569035394117236,29,5828,,,,,
0.0003904263721778989,29,5829,,,,,
0.0006123610073700547,29,5830,,,,,
0.0018846070161089301,29,5831,,,,,
0.0011047680163756013,29,5832,,,,,
0.00518279243260622,29,5833,,,,,
0.0005126016912981868,29,5834,,,,,
0.04460123926401138,29,5835,,,,,
0.0031699598766863346,29,5836,,,,,
0.010172179900109768,29,5837,,,,,
0.0001886539248516783,29,5838,,,,,
0.00032615376403555274,29,5839,,,,,
0.02063746377825737,29,5840,,,,,
0.0015314547345042229,29,5841,,,,,
0.0025242797564715147,29,5842,,,,,
0.0033786925487220287,29,5843,,,,,
0.7999770641326904,29,5844,,,,,
0.05218653008341789,29,5845,,,,,
0.00040297250961884856,29,5846,,,,,
0.0029949932359158993,29,5847,,,,,
0.0003539917233865708,29,5848,,,,,
0.0017426243284717202,29,5849,,,,,
0.0010780328884720802,29,5850,,,,,
0.0003108862729277462,29,5851,,,,,
0.0032024625688791275,29,5852,,,,,
0.0028554184827953577,29,5853,,,,,
0.0015028741909191012,29,5854,,,,,
0.03990812227129936,29,5855,,,,,
0.00932583399116993,29,5856,,,,,
0.10734713822603226,29,5857,,,,,
0.0003513360279612243,29,5858,,,,,
0.003390186931937933,29,5859,,,,,
0.17364010214805603,29,5860,,,,,
0.3426593542098999,29,5861,,,,,
0.012977875769138336,29,5862,,,,,
0.0010090941796079278,29,5863,,,,,
0.008546038530766964,29,5864,,,,,
0.0011404508259147406,29,5865,,,,,
0.05103583633899689,29,5866,,,,,
0.0027773131150752306,29,5867,,,,,
0.07461335510015488,29,5868,,,,,
0.025966599583625793,29,5869,,,,,
0.006218729540705681,29,5870,,,,,
0.006427133921533823,29,5871,,,,,
0.003488733898848295,29,5872,,,,,
0.010388289578258991,29,5873,,,,,
0.002717607421800494,29,5874,,,,,
0.0029181919526308775,29,5875,,,,,
0.008897198364138603,29,5876,,,,,
0.0027196116279810667,29,5877,,,,,
0.009918962605297565,29,5878,,,,,
0.0014625700423493981,29,5879,,,,,
0.002096785232424736,29,5880,,,,,
0.4713532328605652,29,5881,,,,,
0.3226306438446045,29,5882,,,,,
0.016774427145719528,29,5883,,,,,
0.0043458491563797,29,5884,,,,,
0.0013519823551177979,29,5885,,,,,
0.005679139401763678,29,5886,,,,,
0.05871046707034111,29,5887,,,,,
0.0005128996563144028,29,5888,,,,,
0.0035679638385772705,29,5889,,,,,
0.005201332736760378,29,5890,,,,,
0.002760855481028557,29,5891,,,,,
0.002282011555507779,29,5892,,,,,
0.004115954507142305,29,5893,,,,,
0.0009276370401494205,29,5894,,,,,
0.2721833884716034,29,5895,,,,,
0.0035251264926046133,29,5896,,,,,
0.10909338295459747,29,5897,,,,,
0.0696314349770546,29,5898,,,,,
0.002190410392358899,29,5899,,,,,
0.00244519324041903,29,5900,,,,,
0.014282207004725933,29,5901,,,,,
0.00415956974029541,29,5902,,,,,
0.008109904825687408,29,5903,,,,,
0.014812098816037178,29,5904,,,,,
0.03131149336695671,29,5905,,,,,
0.008118689060211182,29,5906,,,,,
0.048117268830537796,29,5907,,,,,
0.004115873947739601,29,5908,,,,,
0.016258371993899345,29,5909,,,,,
0.11925424635410309,29,5910,,,,,
0.003081616712734103,29,5911,,,,,
0.0007227230235002935,29,5912,,,,,
0.011398235335946083,29,5913,,,,,
0.0019009708194062114,29,5914,,,,,
0.0014738378813490272,29,5915,,,,,
0.0021974314004182816,29,5916,,,,,
0.08361638337373734,29,5917,,,,,
0.001433352124877274,29,5918,,,,,
0.003228612244129181,29,5919,,,,,
0.0664200633764267,29,5920,,,,,
0.015772506594657898,29,5921,,,,,
0.000820488843601197,29,5922,,,,,
0.0030690866988152266,29,5923,,,,,
0.0008866835851222277,29,5924,,,,,
0.018348462879657745,29,5925,,,,,
0.001727588358335197,29,5926,,,,,
0.001720265718176961,29,5927,,,,,
0.022008391097187996,29,5928,,,,,
0.005019917618483305,29,5929,,,,,
0.001299794646911323,29,5930,,,,,
0.002523943083360791,29,5931,,,,,
0.13392680883407593,29,5932,,,,,
0.008713227696716785,29,5933,,,,,
0.09753651916980743,29,5934,,,,,
0.1918891817331314,29,5935,,,,,
0.0020139976404607296,29,5936,,,,,
0.0009309406741522253,29,5937,,,,,
0.004572321195155382,29,5938,,,,,
0.005463482346385717,29,5939,,,,,
0.001602449337951839,29,5940,,,,,
0.0027184432838112116,29,5941,,,,,
0.0056913746520876884,29,5942,,,,,
0.0054675983265042305,29,5943,,,,,
0.00450207618996501,29,5944,,,,,
0.001701150555163622,29,5945,,,,,
0.03451504185795784,29,5946,,,,,
0.0014022308168932796,29,5947,,,,,
0.01511628832668066,29,5948,,,,,
0.013083991594612598,29,5949,,,,,
0.29489171504974365,29,5950,,,,,
0.00034163155942223966,29,5951,,,,,
0.004563296679407358,29,5952,,,,,
0.0005623112083412707,29,5953,,,,,
0.06760605424642563,29,5954,,,,,
0.010562547482550144,29,5955,,,,,
0.0028921787161380053,29,5956,,,,,
0.0007770501542836428,29,5957,,,,,
0.004970908630639315,29,5958,,,,,
0.0038116134237498045,29,5959,,,,,
0.0033593266271054745,29,5960,,,,,
0.0021784245036542416,29,5961,,,,,
0.051073554903268814,29,5962,,,,,
0.002624610671773553,29,5963,,,,,
0.009463150054216385,29,5964,,,,,
0.006220238283276558,29,5965,,,,,
0.0016144150868058205,29,5966,,,,,
0.004462285432964563,29,5967,,,,,
0.0003534028946887702,29,5968,,,,,
0.001069780089892447,29,5969,,,,,
,,5771,9.658742055762559e-05,,,,
,,5772,0.00010757290874607861,,,,
,,5773,0.0002950665366370231,,,,
,,5774,0.00015793737838976085,,,,
,,5775,8.831747982185334e-05,,,,
,,5776,4.729986540041864e-05,,,,
,,5777,0.001971377059817314,,,,
,,5778,0.0011541236890479922,,,,
,,5779,0.0001582369877723977,,,,
,,5780,0.00017075447249226272,,,,
,,5781,0.0004234654188621789,,,,
,,5782,8.837472705636173e-05,,,,
,,5783,5.181526648811996e-05,,,,
,,5784,2.9585000447696075e-05,,,,
,,5785,0.00016185874119400978,,,,
,,5786,0.00012252396845724434,,,,
,,5787,0.00011065026774303988,,,,
,,5788,0.00014203791215550154,,,,
,,5789,0.00017458744696341455,,,,
,,5790,8.646327478345484e-05,,,,
,,5791,4.3154235754627734e-05,,,,
,,5792,8.407479617744684e-05,,,,
,,5793,8.687797526363283e-05,,,,
,,5794,0.0001551042078062892,,,,
,,5795,8.45932008814998e-05,,,,
,,5796,9.898737334879115e-05,,,,
,,5797,0.00022008983069099486,,,,
,,5798,0.00010827257938217372,,,,
,,5799,6.503332406282425e-05,,,,
,,5800,5.4590043873758987e-05,,,,
,,5801,9.068799408851191e-05,,,,
,,5802,0.00011787300172727555,,,,
,,5803,0.008357392624020576,,,,
,,5804,0.0023916063364595175,,,,
,,5805,0.0003933999687433243,,,,
,,5806,0.00010080965876113623,,,,
,,5807,5.6593995395815e-05,,,,
,,5808,3.335903966217302e-05,,,,
,,5809,0.00021904695313423872,,,,
,,5810,0.0001312343665631488,,,,
,,5811,0.0001107714488171041,,,,
,,5812,0.00015468418132513762,,,,
,,5813,0.00010407849913462996,,,,
,,5814,0.0001528260763734579,,,,
,,5815,6.414287054212764e-05,,,,
,,5816,9.25323402043432e-05,,,,
,,5817,3.071983519475907e-05,,,,
,,5818,0.00014100869884714484,,,,
,,5819,0.00013190855679567903,,,,
,,5820,0.00015965579950716347,,,,
,,5821,0.00020168472838122398,,,,
,,5822,0.00011935917427763343,,,,
,,5823,6.500179006252438e-05,,,,
,,5824,0.00016412543482147157,,,,
,,5825,5.3986273996997625e-05,,,,
,,5826,0.0001686694158706814,,,,
,,5827,0.00012095292913727462,,,,
,,5828,0.00013743239105679095,,,,
,,5829,0.0025472515262663364,,,,
,,5830,0.0002195577835664153,,,,
,,5831,6.660870712948963e-05,,,,
,,5832,9.676557965576649e-05,,,,
,,5833,2.4737377316341735e-05,,,,
,,5834,8.759089541854337e-05,,,,
,,5835,0.00012176077871117741,,,,
,,5836,0.00021228006517048925,,,,
,,5837,0.00011940484546357766,,,,
,,5838,0.0001997815415961668,,,,
,,5839,7.168074080254883e-05,,,,
,,5840,0.00012641014473047107,,,,
,,5841,5.012649126001634e-05,,,,
,,5842,0.00010535226465435699,,,,
,,5843,0.0001718277344480157,,,,
,,5844,0.00023544879513792694,,,,
,,5845,0.00013012847921345383,,,,
,,5846,0.0001512961316620931,,,,
,,5847,7.664410077268258e-05,,,,
,,5848,0.00011374471796443686,,,,
,,5849,3.743507113540545e-05,,,,
,,5850,0.00013498860062099993,,,,
,,5851,0.00012127934314776212,,,,
,,5852,0.00012355277431197464,,,,
,,5853,0.0001266083709197119,,,,
,,5854,0.0002095911040669307,,,,
,,5855,0.0010882110800594091,,,,
,,5856,0.0005732157733291388,,,,
,,5857,5.514811709872447e-05,,,,
,,5858,0.00011302881466690451,,,,
,,5859,0.00016299454728141427,,,,
,,5860,0.00015870749484747648,,,,
,,5861,9.528975351713598e-05,,,,
,,5862,0.00014525935694109648,,,,
,,5863,7.405937503790483e-05,,,,
,,5864,0.00011500009713927284,,,,
,,5865,5.1755967433564365e-05,,,,
,,5866,0.00011809801071649417,,,,
,,5867,0.00011275908764218912,,,,
,,5868,0.00019937065371777862,,,,
,,5869,0.00021322577958926558,,,,
,,5870,0.00029932090546935797,,,,
,,5871,6.804621079936624e-05,,,,
,,5872,0.00013047087122686207,,,,
,,5873,4.9689002480590716e-05,,,,
,,5874,0.0001092049787985161,,,,
,,5875,9.409426274942234e-05,,,,
,,5876,0.00014754182484466583,,,,
,,5877,0.0001777007128112018,,,,
,,5878,0.00013385017518885434,,,,
,,5879,0.00013583766121882945,,,,
,,5880,7.240426202770323e-05,,,,
,,5881,0.00523346196860075,,,,
,,5882,0.00029496074421331286,,,,
,,5883,0.0001633066713111475,,,,
,,5884,0.0002556821273174137,,,,
,,5885,9.119573223870248e-05,,,,
,,5886,0.00013200813555158675,,,,
,,5887,5.8011097280541435e-05,,,,
,,5888,5.5254648032132536e-05,,,,
,,5889,6.79126096656546e-05,,,,
,,5890,0.00013700257113669068,,,,
,,5891,0.00012590554251801223,,,,
,,5892,8.703561616130173e-05,,,,
,,5893,0.00012241158401593566,,,,
,,5894,0.0001940000947797671,,,,
,,5895,0.00016869786486495286,,,,
,,5896,0.000122950499644503,,,,
,,5897,0.0001488959533162415,,,,
,,5898,4.7691653890069574e-05,,,,
,,5899,0.00011922313569812104,,,,
,,5900,0.00010298508277628571,,,,
,,5901,0.0001831042900448665,,,,
,,5902,0.00014230629312805831,,,,
,,5903,0.0002476774388924241,,,,
,,5904,7.215338700916618e-05,,,,
,,5905,0.00021255678439047188,,,,
,,5906,6.215253233676776e-05,,,,
,,5907,0.01413020584732294,,,,
,,5908,0.00017527909949421883,,,,
,,5909,0.0001832613197620958,,,,
,,5910,0.00011274652933934703,,,,
,,5911,0.00013598191435448825,,,,
,,5912,5.072657950222492e-05,,,,
,,5913,0.00010625632421579212,,,,
,,5914,3.14182871079538e-05,,,,
,,5915,9.001645958051085e-05,,,,
,,5916,9.108916856348515e-05,,,,
,,5917,0.00010079018102260306,,,,
,,5918,8.368525595869869e-05,,,,
,,5919,0.00013587232388090342,,,,
,,5920,4.830859325011261e-05,,,,
,,5921,0.00022478975006379187,,,,
,,5922,0.0003096280270256102,,,,
,,5923,0.0002352852316107601,,,,
,,5924,0.00010961831867462024,,,,
,,5925,0.00040568402619101107,,,,
,,5926,0.00043190218275412917,,,,
,,5927,0.00028447038494050503,,,,
,,5928,0.00015027167683001608,,,,
,,5929,0.00011203861504327506,,,,
,,5930,5.1410668675089255e-05,,,,
,,5931,0.00021504984761122614,,,,
,,5932,0.00017870875308290124,,,,
,,5933,0.00814794935286045,,,,
,,5934,0.0001496408076491207,,,,
,,5935,0.00020540886907838285,,,,
,,5936,4.872120916843414e-05,,,,
,,5937,9.509444498689845e-05,,,,
,,5938,3.704344271682203e-05,,,,
,,5939,0.03443176671862602,,,,
,,5940,5.222959225648083e-05,,,,
,,5941,0.00011783268564613536,,,,
,,5942,0.00011206737690372393,,,,
,,5943,0.00013135129120200872,,,,
,,5944,7.226721936604008e-05,,,,
,,5945,5.2685460104839876e-05,,,,
,,5946,2.9636252293130383e-05,,,,
,,5947,0.0001525305851828307,,,,
,,5948,0.00013112234591972083,,,,
,,5949,0.0001578667142894119,,,,
,,5950,0.00021757119975518435,,,,
,,5951,0.00030851460178382695,,,,
,,5952,0.000449950312031433,,,,
,,5953,0.00012136394798289984,,,,
,,5954,8.974391676019877e-05,,,,
,,5955,9.26182692637667e-05,,,,
,,5956,8.073385106399655e-05,,,,
,,5957,0.00014907099830452353,,,,
,,5958,0.016321077942848206,,,,
,,5959,0.007218179292976856,,,,
,,5960,6.575146835530177e-05,,,,
,,5961,9.753077029017732e-05,,,,
,,5962,3.2371895940741524e-05,,,,
,,5963,0.00010731171641964465,,,,
,,5964,7.396406726911664e-05,,,,
,,5965,0.0001444088848074898,,,,
,,5966,0.0001259440614376217,,,,
,,5967,0.0002213488332927227,,,,
,,5968,6.347942689899355e-05,,,,
,,5969,0.00011160517897224054,,,,
,29,5969,,0.0006438788259401917,,,
,29,5969,,,0.0294329933822155,0.9696969985961914,0.9747474789619446
