csv-epoch,csv-train_loss_step,step,csv-val_loss_step,csv-val_loss_epoch,csv-accuracy/exact,csv-accuracy/validator,csv-train_loss_epoch
0,3.700920343399048,0,,,,,
0,2.466442346572876,1,,,,,
0,2.9568874835968018,2,,,,,
0,2.6059858798980713,3,,,,,
0,2.4103798866271973,4,,,,,
0,2.26285457611084,5,,,,,
0,3.0514421463012695,6,,,,,
0,2.3690924644470215,7,,,,,
0,2.4000134468078613,8,,,,,
0,3.0612869262695312,9,,,,,
0,2.222031593322754,10,,,,,
0,2.4478373527526855,11,,,,,
0,1.9506946802139282,12,,,,,
0,2.1862943172454834,13,,,,,
0,1.6580286026000977,14,,,,,
0,2.090827465057373,15,,,,,
0,1.6212140321731567,16,,,,,
0,1.8302595615386963,17,,,,,
0,2.0244710445404053,18,,,,,
0,1.4587148427963257,19,,,,,
0,2.111602544784546,20,,,,,
0,1.7459115982055664,21,,,,,
0,1.62723970413208,22,,,,,
0,2.7658286094665527,23,,,,,
0,1.571466326713562,24,,,,,
0,2.079542636871338,25,,,,,
0,2.2590575218200684,26,,,,,
0,1.6856765747070312,27,,,,,
0,1.5985586643218994,28,,,,,
0,1.6172443628311157,29,,,,,
0,1.6837670803070068,30,,,,,
0,1.4573420286178589,31,,,,,
0,1.056298851966858,32,,,,,
0,1.1710726022720337,33,,,,,
0,1.4920525550842285,34,,,,,
0,1.4334369897842407,35,,,,,
0,1.104703664779663,36,,,,,
0,1.3524876832962036,37,,,,,
0,1.820110559463501,38,,,,,
0,1.656388282775879,39,,,,,
0,1.4294335842132568,40,,,,,
0,1.4068024158477783,41,,,,,
0,1.3153703212738037,42,,,,,
0,1.2322355508804321,43,,,,,
0,1.189949631690979,44,,,,,
0,1.0460375547409058,45,,,,,
0,1.1016618013381958,46,,,,,
0,1.8932545185089111,47,,,,,
0,1.2186689376831055,48,,,,,
0,0.9856425523757935,49,,,,,
0,0.9759004712104797,50,,,,,
0,1.1845976114273071,51,,,,,
0,2.0466129779815674,52,,,,,
0,1.346225619316101,53,,,,,
0,1.2091079950332642,54,,,,,
0,0.8060431480407715,55,,,,,
0,0.5872908234596252,56,,,,,
0,1.0608770847320557,57,,,,,
0,1.052513837814331,58,,,,,
0,1.2478699684143066,59,,,,,
0,1.1153454780578613,60,,,,,
0,0.7274332642555237,61,,,,,
0,1.0863215923309326,62,,,,,
0,1.1639032363891602,63,,,,,
0,0.8226627111434937,64,,,,,
0,0.7108966112136841,65,,,,,
0,1.0903887748718262,66,,,,,
0,1.3018991947174072,67,,,,,
0,0.613500714302063,68,,,,,
0,1.0692743062973022,69,,,,,
0,0.8679637908935547,70,,,,,
0,1.0375862121582031,71,,,,,
0,1.3180830478668213,72,,,,,
0,0.7750043272972107,73,,,,,
0,0.5846266150474548,74,,,,,
0,0.8540472984313965,75,,,,,
0,0.6105665564537048,76,,,,,
0,0.6982131600379944,77,,,,,
0,0.4107915163040161,78,,,,,
0,0.8483164310455322,79,,,,,
0,0.6665889024734497,80,,,,,
0,0.7534904479980469,81,,,,,
0,0.8527899384498596,82,,,,,
0,0.7513442039489746,83,,,,,
0,0.5125076174736023,84,,,,,
0,1.2632763385772705,85,,,,,
0,0.6388829946517944,86,,,,,
0,0.9841796159744263,87,,,,,
0,0.4622218608856201,88,,,,,
0,0.5146923065185547,89,,,,,
0,0.701058030128479,90,,,,,
0,0.8133597373962402,91,,,,,
0,0.6430853009223938,92,,,,,
0,1.1551519632339478,93,,,,,
0,0.18831709027290344,94,,,,,
0,0.3611593246459961,95,,,,,
0,0.5449113249778748,96,,,,,
0,0.45822852849960327,97,,,,,
0,0.5380923748016357,98,,,,,
0,0.606383204460144,99,,,,,
0,0.37480542063713074,100,,,,,
0,0.5476976037025452,101,,,,,
0,0.4899267256259918,102,,,,,
0,0.5732914805412292,103,,,,,
0,0.9232047200202942,104,,,,,
0,0.7975916266441345,105,,,,,
0,0.4573461413383484,106,,,,,
0,0.7248329520225525,107,,,,,
0,0.4980255365371704,108,,,,,
0,0.4120582342147827,109,,,,,
0,0.2629260718822479,110,,,,,
0,0.43000778555870056,111,,,,,
0,0.22599917650222778,112,,,,,
0,1.0120258331298828,113,,,,,
0,0.2753671109676361,114,,,,,
0,0.5452524423599243,115,,,,,
0,1.3937485218048096,116,,,,,
0,0.6382534503936768,117,,,,,
0,0.33779850602149963,118,,,,,
0,0.39664191007614136,119,,,,,
0,0.26273974776268005,120,,,,,
0,0.8024812340736389,121,,,,,
0,0.5312958359718323,122,,,,,
0,0.27139002084732056,123,,,,,
0,0.6683667302131653,124,,,,,
0,0.33720478415489197,125,,,,,
0,0.1503119021654129,126,,,,,
0,0.288693368434906,127,,,,,
0,0.5968095064163208,128,,,,,
0,0.192546084523201,129,,,,,
0,0.06347247213125229,130,,,,,
0,0.23092517256736755,131,,,,,
0,0.23834386467933655,132,,,,,
0,0.32402390241622925,133,,,,,
0,0.6895492672920227,134,,,,,
0,0.15715229511260986,135,,,,,
0,0.43707138299942017,136,,,,,
0,0.806302547454834,137,,,,,
0,0.9091866612434387,138,,,,,
0,0.17556968331336975,139,,,,,
0,0.30092599987983704,140,,,,,
0,0.915113091468811,141,,,,,
0,0.8264719247817993,142,,,,,
0,0.8054543733596802,143,,,,,
0,0.30187085270881653,144,,,,,
0,0.1848072111606598,145,,,,,
0,0.9114208221435547,146,,,,,
0,0.23551374673843384,147,,,,,
0,0.3508394956588745,148,,,,,
0,0.19618365168571472,149,,,,,
0,0.5130582451820374,150,,,,,
0,0.3195943832397461,151,,,,,
0,0.13944759964942932,152,,,,,
0,0.13162761926651,153,,,,,
0,0.27798429131507874,154,,,,,
0,0.820612370967865,155,,,,,
0,0.1706431806087494,156,,,,,
0,0.32689550518989563,157,,,,,
0,0.6067001223564148,158,,,,,
0,0.4764484167098999,159,,,,,
0,0.48818978667259216,160,,,,,
0,0.7173855900764465,161,,,,,
0,0.6015414595603943,162,,,,,
0,0.7365436553955078,163,,,,,
0,0.4067164957523346,164,,,,,
0,0.9298386573791504,165,,,,,
0,0.2031312733888626,166,,,,,
0,0.19566689431667328,167,,,,,
0,0.5526957511901855,168,,,,,
0,0.2957095205783844,169,,,,,
0,0.5016689896583557,170,,,,,
0,0.46559402346611023,171,,,,,
0,0.09709882736206055,172,,,,,
0,0.1818540245294571,173,,,,,
0,0.635461688041687,174,,,,,
0,0.632475733757019,175,,,,,
0,0.429302453994751,176,,,,,
0,0.4304489493370056,177,,,,,
0,0.35457661747932434,178,,,,,
0,0.20672188699245453,179,,,,,
0,0.3898118734359741,180,,,,,
0,0.4875994622707367,181,,,,,
0,0.3062199652194977,182,,,,,
0,0.6127439737319946,183,,,,,
0,0.21279843151569366,184,,,,,
0,0.6930862069129944,185,,,,,
0,0.3297739028930664,186,,,,,
0,0.3067585825920105,187,,,,,
0,0.3329610526561737,188,,,,,
0,0.10208326578140259,189,,,,,
0,0.3430710732936859,190,,,,,
0,0.5863271951675415,191,,,,,
0,0.34906938672065735,192,,,,,
0,0.4092710614204407,193,,,,,
0,0.4223248064517975,194,,,,,
0,0.08154325187206268,195,,,,,
0,0.1698375642299652,196,,,,,
0,0.12818937003612518,197,,,,,
0,0.3803330659866333,198,,,,,
0,0.2976866662502289,199,,,,,
0,0.2806653082370758,200,,,,,
0,0.40448370575904846,201,,,,,
0,0.21950887143611908,202,,,,,
0,0.7120686173439026,203,,,,,
0,0.3051135540008545,204,,,,,
0,0.44078537821769714,205,,,,,
0,0.4508254826068878,206,,,,,
0,0.18840058147907257,207,,,,,
0,0.43319079279899597,208,,,,,
0,0.09399039298295975,209,,,,,
0,0.10043718665838242,210,,,,,
0,0.2083275020122528,211,,,,,
0,0.152381032705307,212,,,,,
0,0.14453892409801483,213,,,,,
0,0.8410500884056091,214,,,,,
0,0.27812325954437256,215,,,,,
0,0.33168327808380127,216,,,,,
0,0.16676653921604156,217,,,,,
0,0.6345914006233215,218,,,,,
0,0.32411226630210876,219,,,,,
0,0.3804018199443817,220,,,,,
0,0.1326519250869751,221,,,,,
0,0.2492910474538803,222,,,,,
0,0.04360257461667061,223,,,,,
0,0.27263644337654114,224,,,,,
0,0.1521053910255432,225,,,,,
0,0.15647733211517334,226,,,,,
0,0.23044990003108978,227,,,,,
0,0.3467930257320404,228,,,,,
0,0.08603686094284058,229,,,,,
0,0.11943250894546509,230,,,,,
0,0.39466267824172974,231,,,,,
0,0.32173535227775574,232,,,,,
0,0.17553088068962097,233,,,,,
0,0.10644113272428513,234,,,,,
0,0.20769605040550232,235,,,,,
0,0.2878006398677826,236,,,,,
0,0.13929684460163116,237,,,,,
0,0.20214466750621796,238,,,,,
0,0.19575658440589905,239,,,,,
0,0.19962453842163086,240,,,,,
0,0.27996888756752014,241,,,,,
0,0.3436554968357086,242,,,,,
0,0.19859007000923157,243,,,,,
0,0.2944774925708771,244,,,,,
0,0.4513838589191437,245,,,,,
0,0.4655137360095978,246,,,,,
0,0.09916705638170242,247,,,,,
0,0.3584938049316406,248,,,,,
0,0.16036419570446014,249,,,,,
0,0.13883626461029053,250,,,,,
0,0.2949793040752411,251,,,,,
0,0.18983490765094757,252,,,,,
0,0.2714977264404297,253,,,,,
0,0.03044176660478115,254,,,,,
0,0.3978345990180969,255,,,,,
0,0.25598302483558655,256,,,,,
0,0.12832961976528168,257,,,,,
0,0.08443108946084976,258,,,,,
0,0.1343386322259903,259,,,,,
0,0.5022570490837097,260,,,,,
0,0.11176127195358276,261,,,,,
0,0.12925425171852112,262,,,,,
0,0.18934600055217743,263,,,,,
0,0.4478636682033539,264,,,,,
0,0.07818220555782318,265,,,,,
0,0.21091093122959137,266,,,,,
0,0.34700724482536316,267,,,,,
0,0.10605777055025101,268,,,,,
0,0.16267454624176025,269,,,,,
0,0.6108356714248657,270,,,,,
0,0.06143150106072426,271,,,,,
0,0.06886090338230133,272,,,,,
0,0.0900091603398323,273,,,,,
0,0.34883391857147217,274,,,,,
0,0.1255480796098709,275,,,,,
0,0.05627228319644928,276,,,,,
0,0.35571956634521484,277,,,,,
0,0.08390642702579498,278,,,,,
0,0.19550812244415283,279,,,,,
0,0.2512618899345398,280,,,,,
0,0.3012852966785431,281,,,,,
0,0.2333250492811203,282,,,,,
0,0.07741055637598038,283,,,,,
0,0.32179686427116394,284,,,,,
0,0.17753244936466217,285,,,,,
0,0.16340769827365875,286,,,,,
0,0.6355551481246948,287,,,,,
0,0.0631304606795311,288,,,,,
0,0.03516511991620064,289,,,,,
0,0.1965033859014511,290,,,,,
0,0.06978388130664825,291,,,,,
0,0.05311889201402664,292,,,,,
0,0.41486331820487976,293,,,,,
0,0.27150702476501465,294,,,,,
0,0.3938240706920624,295,,,,,
0,0.09333471208810806,296,,,,,
0,0.16713659465312958,297,,,,,
0,0.321207731962204,298,,,,,
0,0.10912630707025528,299,,,,,
0,0.4156666100025177,300,,,,,
0,0.511974036693573,301,,,,,
0,0.07860451191663742,302,,,,,
0,0.12657301127910614,303,,,,,
0,0.12628094851970673,304,,,,,
0,0.11933576315641403,305,,,,,
0,0.2114078849554062,306,,,,,
0,0.047385189682245255,307,,,,,
0,0.20199400186538696,308,,,,,
0,0.24085456132888794,309,,,,,
0,0.3058006167411804,310,,,,,
0,0.12479569762945175,311,,,,,
0,0.20848222076892853,312,,,,,
0,0.3702212870121002,313,,,,,
0,0.21200989186763763,314,,,,,
0,0.25675734877586365,315,,,,,
0,0.09200213849544525,316,,,,,
0,0.06434213370084763,317,,,,,
0,0.017283232882618904,318,,,,,
0,0.07711907476186752,319,,,,,
0,0.2810575067996979,320,,,,,
0,0.2362290769815445,321,,,,,
0,0.09647586196660995,322,,,,,
0,0.05582905188202858,323,,,,,
0,0.6322800517082214,324,,,,,
0,0.08953545987606049,325,,,,,
0,0.10429009050130844,326,,,,,
0,0.11165213584899902,327,,,,,
0,0.0689128041267395,328,,,,,
0,0.2536989152431488,329,,,,,
0,0.1099584549665451,330,,,,,
0,0.3685208261013031,331,,,,,
0,0.1413622796535492,332,,,,,
0,0.07715413719415665,333,,,,,
0,0.08688121289014816,334,,,,,
0,0.212835431098938,335,,,,,
0,0.27501168847084045,336,,,,,
0,0.18893469870090485,337,,,,,
0,0.09560877829790115,338,,,,,
0,0.10653010755777359,339,,,,,
0,0.059850916266441345,340,,,,,
0,0.20876732468605042,341,,,,,
0,0.28978201746940613,342,,,,,
0,0.05544951558113098,343,,,,,
0,0.06893935799598694,344,,,,,
0,0.02523800916969776,345,,,,,
0,0.41340693831443787,346,,,,,
0,0.21974806487560272,347,,,,,
0,0.1132994294166565,348,,,,,
0,0.29552584886550903,349,,,,,
0,0.2795630693435669,350,,,,,
0,0.1335277408361435,351,,,,,
0,0.07186923921108246,352,,,,,
0,0.34850236773490906,353,,,,,
0,0.05232984200119972,354,,,,,
0,0.1670169085264206,355,,,,,
0,0.28525224328041077,356,,,,,
0,0.17492707073688507,357,,,,,
0,0.28921183943748474,358,,,,,
0,0.12096529453992844,359,,,,,
0,0.24518859386444092,360,,,,,
0,0.21118667721748352,361,,,,,
0,0.47266480326652527,362,,,,,
0,0.31941092014312744,363,,,,,
0,0.23807573318481445,364,,,,,
0,0.1521369218826294,365,,,,,
0,0.06522620469331741,366,,,,,
0,0.16533638536930084,367,,,,,
0,0.12036751210689545,368,,,,,
0,0.34558773040771484,369,,,,,
0,0.32413631677627563,370,,,,,
0,0.12258505821228027,371,,,,,
0,0.2458120435476303,372,,,,,
0,0.37307924032211304,373,,,,,
0,0.05207197740674019,374,,,,,
0,0.06650030612945557,375,,,,,
0,0.055300962179899216,376,,,,,
0,0.04991939291357994,377,,,,,
0,0.12408643960952759,378,,,,,
0,0.12003128230571747,379,,,,,
0,0.04027864709496498,380,,,,,
0,0.2855415940284729,381,,,,,
0,0.05051858723163605,382,,,,,
0,0.07482089847326279,383,,,,,
0,0.22672155499458313,384,,,,,
0,0.15035557746887207,385,,,,,
0,0.0686674490571022,386,,,,,
0,0.25568026304244995,387,,,,,
0,0.10964512079954147,388,,,,,
0,0.2001415491104126,389,,,,,
0,0.18106654286384583,390,,,,,
0,0.04382046312093735,391,,,,,
0,0.0977029800415039,392,,,,,
0,0.21637548506259918,393,,,,,
0,0.10541269928216934,394,,,,,
0,0.11079707741737366,395,,,,,
0,0.6856976747512817,396,,,,,
0,0.0642794817686081,397,,,,,
0,0.05098794400691986,398,,,,,
0,0.16100355982780457,399,,,,,
0,0.3650548756122589,400,,,,,
0,0.05718667060136795,401,,,,,
0,0.15798190236091614,402,,,,,
0,0.2660183608531952,403,,,,,
0,0.049549393355846405,404,,,,,
0,0.10893678665161133,405,,,,,
0,0.06898478418588638,406,,,,,
0,0.0581793449819088,407,,,,,
0,0.047706156969070435,408,,,,,
0,0.17695732414722443,409,,,,,
0,0.2175903618335724,410,,,,,
0,0.05061904713511467,411,,,,,
0,0.1653904765844345,412,,,,,
0,0.12341558188199997,413,,,,,
0,0.21984674036502838,414,,,,,
0,0.13461019098758698,415,,,,,
0,0.14977885782718658,416,,,,,
0,0.061203185468912125,417,,,,,
0,0.1561402976512909,418,,,,,
0,0.2583009898662567,419,,,,,
0,0.1085711121559143,420,,,,,
0,0.03716238588094711,421,,,,,
0,0.13192741572856903,422,,,,,
0,0.22577263414859772,423,,,,,
0,0.1074192076921463,424,,,,,
0,0.19316847622394562,425,,,,,
0,0.16747137904167175,426,,,,,
0,0.05867040157318115,427,,,,,
0,0.37941592931747437,428,,,,,
0,0.4191915988922119,429,,,,,
0,0.03162504360079765,430,,,,,
0,0.12951600551605225,431,,,,,
0,0.013576440513134003,432,,,,,
0,0.10955554246902466,433,,,,,
0,0.035947225987911224,434,,,,,
0,0.040812358260154724,435,,,,,
0,0.03942130506038666,436,,,,,
0,0.1845882683992386,437,,,,,
0,0.10244573652744293,438,,,,,
0,0.2674238085746765,439,,,,,
0,0.09931646287441254,440,,,,,
0,0.3810669481754303,441,,,,,
0,0.07744518667459488,442,,,,,
0,0.223178431391716,443,,,,,
0,0.05784054845571518,444,,,,,
0,0.12831565737724304,445,,,,,
0,0.052149176597595215,446,,,,,
0,0.09113647043704987,447,,,,,
0,0.11234644055366516,448,,,,,
0,0.5212641954421997,449,,,,,
0,0.26657119393348694,450,,,,,
0,0.12874099612236023,451,,,,,
0,0.11537308245897293,452,,,,,
0,0.13266552984714508,453,,,,,
0,0.11567319929599762,454,,,,,
0,0.324848473072052,455,,,,,
0,0.0854208767414093,456,,,,,
0,0.15681493282318115,457,,,,,
0,0.09096905589103699,458,,,,,
0,0.20921091735363007,459,,,,,
0,0.1263260394334793,460,,,,,
0,0.1589820683002472,461,,,,,
0,0.23694118857383728,462,,,,,
0,0.32441815733909607,463,,,,,
0,0.2700994610786438,464,,,,,
0,0.20354025065898895,465,,,,,
0,0.2423003613948822,466,,,,,
0,0.2275279313325882,467,,,,,
0,0.061223354190588,468,,,,,
0,0.04266165941953659,469,,,,,
0,0.11044882982969284,470,,,,,
0,0.2213771492242813,471,,,,,
0,0.21948683261871338,472,,,,,
0,0.16651391983032227,473,,,,,
0,0.35562482476234436,474,,,,,
0,0.21552793681621552,475,,,,,
0,0.28133612871170044,476,,,,,
0,0.1412092000246048,477,,,,,
0,0.10073154419660568,478,,,,,
0,0.2414422184228897,479,,,,,
0,0.07559548318386078,480,,,,,
0,0.22148525714874268,481,,,,,
0,0.3065662384033203,482,,,,,
0,0.13347578048706055,483,,,,,
0,0.06162888929247856,484,,,,,
0,0.09037131071090698,485,,,,,
0,0.19130700826644897,486,,,,,
0,0.05564717575907707,487,,,,,
0,0.06989141553640366,488,,,,,
0,0.07644551992416382,489,,,,,
0,0.10031483322381973,490,,,,,
0,0.2218695729970932,491,,,,,
0,0.027013540267944336,492,,,,,
0,0.17006494104862213,493,,,,,
0,0.07494011521339417,494,,,,,
0,0.025578167289495468,495,,,,,
0,0.07191826403141022,496,,,,,
0,0.26785150170326233,497,,,,,
0,0.07429035753011703,498,,,,,
,,0,0.010159357450902462,,,,
,,1,0.008415034040808678,,,,
,,2,0.05665305256843567,,,,
,,3,0.041782014071941376,,,,
,,4,0.07586311548948288,,,,
,,5,0.036907732486724854,,,,
,,6,0.01217122096568346,,,,
,,7,0.011568832211196423,,,,
,,8,0.009561722166836262,,,,
,,9,0.04547971859574318,,,,
,,10,0.0791993960738182,,,,
,,11,0.026951247826218605,,,,
,,12,0.03870727866888046,,,,
,,13,0.029823655262589455,,,,
,,14,0.010744888335466385,,,,
,,15,0.03135214000940323,,,,
,,16,0.012122457846999168,,,,
,,17,0.203284353017807,,,,
,,18,0.051836512982845306,,,,
,,19,0.04090579226613045,,,,
,,20,0.07370434701442719,,,,
,,21,0.038798052817583084,,,,
,,22,0.011430353857576847,,,,
,,23,0.026059705764055252,,,,
,,24,0.011361440643668175,,,,
,,25,0.022608814761042595,,,,
,,26,0.011587517336010933,,,,
,,27,0.034458618611097336,,,,
,,28,0.03119717538356781,,,,
,,29,0.02775697596371174,,,,
,,30,0.08480312675237656,,,,
,,31,0.012499289587140083,,,,
,,32,0.07820454984903336,,,,
,,33,0.012457321397960186,,,,
,,34,0.010904592461884022,,,,
,,35,0.033191245049238205,,,,
,,36,0.07014162838459015,,,,
,,37,0.030102133750915527,,,,
,,38,0.011022883467376232,,,,
,,39,0.07820247858762741,,,,
,,40,0.023669453337788582,,,,
,,41,0.01254165731370449,,,,
,,42,0.009932538494467735,,,,
,,43,0.21753132343292236,,,,
,,44,0.029846688732504845,,,,
,,45,0.04266646131873131,,,,
,,46,0.03468247503042221,,,,
,,47,0.010793003253638744,,,,
,,48,0.012912862002849579,,,,
,,49,0.08156313747167587,,,,
,,50,0.009264287538826466,,,,
,,51,0.0924186185002327,,,,
,,52,0.0387517474591732,,,,
,,53,0.038049694150686264,,,,
,,54,0.025640878826379776,,,,
,,55,0.011643373407423496,,,,
,,56,0.029514525085687637,,,,
,,57,0.011810452677309513,,,,
,,58,0.010565257631242275,,,,
,,59,0.03448782116174698,,,,
,,60,0.02937997132539749,,,,
,,61,0.06488204002380371,,,,
,,62,0.036979880183935165,,,,
,,63,0.011057072319090366,,,,
,,64,0.012319587171077728,,,,
,,65,0.07636992633342743,,,,
,,66,0.012636412866413593,,,,
,,67,0.01390022598206997,,,,
,,68,0.035005681216716766,,,,
,,69,0.18103036284446716,,,,
,,70,0.028951207175850868,,,,
,,71,0.013958006165921688,,,,
,,72,0.028110289946198463,,,,
,,73,0.011388301849365234,,,,
,,74,0.017917655408382416,,,,
,,75,0.07550707459449768,,,,
,,76,0.03608072176575661,,,,
,,77,0.07507256418466568,,,,
,,78,0.039317093789577484,,,,
,,79,0.010898876003921032,,,,
,,80,0.012096608057618141,,,,
,,81,0.08554846793413162,,,,
,,82,0.009387662634253502,,,,
,,83,0.011883785016834736,,,,
,,84,0.041615359485149384,,,,
,,85,0.030695995315909386,,,,
,,86,0.02753164805471897,,,,
,,87,0.011955592781305313,,,,
,,88,0.029118597507476807,,,,
,,89,0.011227713897824287,,,,
,,90,0.0111932922154665,,,,
,,91,0.025214409455657005,,,,
,,92,0.033040739595890045,,,,
,,93,0.07110415399074554,,,,
,,94,0.35046306252479553,,,,
,,95,0.27869629859924316,,,,
,,96,0.03376578912138939,,,,
,,97,0.012111508287489414,,,,
,,98,0.27460193634033203,,,,
,,99,0.00873804185539484,,,,
,,100,0.08709264546632767,,,,
,,101,0.04088947921991348,,,,
,,102,0.032634932547807693,,,,
,,103,0.01489919051527977,,,,
,,104,0.08294526487588882,,,,
,,105,0.025409532710909843,,,,
,,106,0.009891520254313946,,,,
,,107,0.008919910527765751,,,,
,,108,0.04479766637086868,,,,
,,109,0.09239064157009125,,,,
,,110,0.05135152488946915,,,,
,,111,0.03580276668071747,,,,
,,112,0.010475173592567444,,,,
,,113,0.01129718217998743,,,,
,,114,0.07863692939281464,,,,
,,115,0.02197515405714512,,,,
,,116,0.011830889619886875,,,,
,,117,0.0345756895840168,,,,
,,118,0.032270751893520355,,,,
,,119,0.02948167361319065,,,,
,,120,0.011816400103271008,,,,
,,121,0.18692074716091156,,,,
,,122,0.013126585632562637,,,,
,,123,0.024863408878445625,,,,
,,124,0.08217158168554306,,,,
,,125,0.035221509635448456,,,,
,,126,0.07232197374105453,,,,
,,127,0.03912662714719772,,,,
,,128,0.0120425745844841,,,,
,,129,0.012934434227645397,,,,
,,130,0.08279997110366821,,,,
,,131,0.019579213112592697,,,,
,,132,0.010888496413826942,,,,
,,133,0.03771795704960823,,,,
,,134,0.03308146074414253,,,,
,,135,0.07298177480697632,,,,
,,136,0.026596548035740852,,,,
,,137,0.08175036311149597,,,,
,,138,0.011190945282578468,,,,
,,139,0.010197115130722523,,,,
,,140,0.02426539547741413,,,,
,,141,0.03658340498805046,,,,
,,142,0.07031776010990143,,,,
,,143,0.03760877624154091,,,,
,,144,0.0808054655790329,,,,
,,145,0.011259742081165314,,,,
,,146,0.012649603188037872,,,,
,,147,0.20688433945178986,,,,
,,148,0.01455552689731121,,,,
,,149,0.0393185093998909,,,,
,,150,0.03492925688624382,,,,
,,151,0.02781393937766552,,,,
,,152,0.07856877893209457,,,,
,,153,0.02647850289940834,,,,
,,154,0.012896505184471607,,,,
,,155,0.011528515256941319,,,,
,,156,0.07760054618120193,,,,
,,157,0.0390290841460228,,,,
,,158,0.025486674159765244,,,,
,,159,0.0338081493973732,,,,
,,160,0.026093827560544014,,,,
,,161,0.01197417639195919,,,,
,,162,0.019295863807201385,,,,
,,163,0.02584206499159336,,,,
,,164,0.6077036261558533,,,,
,,165,0.010861403308808804,,,,
,,166,0.041032467037439346,,,,
,,167,0.04057048633694649,,,,
,,168,0.0316586047410965,,,,
,,169,0.011400379240512848,,,,
,,170,0.028906451538205147,,,,
,,171,0.011451328173279762,,,,
,,172,0.01262394804507494,,,,
,,173,0.02711639739573002,,,,
,,174,0.1942233145236969,,,,
,,175,0.37591928243637085,,,,
,,176,0.045473210513591766,,,,
,,177,0.03533291071653366,,,,
,,178,0.010597382672131062,,,,
,,179,0.08677832782268524,,,,
,,180,0.030073363333940506,,,,
,,181,0.0127238929271698,,,,
,,182,0.008499106392264366,,,,
,,183,0.04464394599199295,,,,
,,184,0.03469651937484741,,,,
,,185,0.024374401196837425,,,,
,,186,0.02406441606581211,,,,
,,187,0.01158847101032734,,,,
,,188,0.011483047157526016,,,,
,,189,0.02236054465174675,,,,
,,190,0.021813709288835526,,,,
,,191,0.032950397580862045,,,,
,,192,0.08107514679431915,,,,
,,193,0.02831641584634781,,,,
,,194,0.010301494039595127,,,,
,,195,0.07674268633127213,,,,
,,196,0.011317332275211811,,,,
,,197,0.029625345021486282,,,,
,,198,0.01038789190351963,,,,
,,199,0.04825936630368233,,,,
,,200,0.03076501004397869,,,,
,,201,0.30082404613494873,,,,
,,202,0.05447067692875862,,,,
,,203,0.01569817028939724,,,,
,,204,0.01139094214886427,,,,
,,205,0.09008868038654327,,,,
,,206,0.00904913805425167,,,,
,,207,0.028421614319086075,,,,
,,208,0.04380425810813904,,,,
,,209,0.04406200349330902,,,,
,,210,0.022333702072501183,,,,
,,211,0.010427355766296387,,,,
,,212,0.024540675804018974,,,,
,,213,0.012127378955483437,,,,
,,214,0.009035167284309864,,,,
,,215,0.054145507514476776,,,,
,,216,0.03296118229627609,,,,
,,217,0.07327070087194443,,,,
,,218,0.05356869846582413,,,,
,,219,0.010225360281765461,,,,
,,220,0.011127183213829994,,,,
,,221,0.07999084144830704,,,,
,,222,0.00931199174374342,,,,
,,223,0.19812895357608795,,,,
,,224,0.033314574509859085,,,,
,,225,0.037611037492752075,,,,
,,226,0.13359302282333374,,,,
,,227,0.056302644312381744,,,,
,,228,0.08290404081344604,,,,
,,229,0.010593470185995102,,,,
,,230,0.00868137925863266,,,,
,,231,0.08122624456882477,,,,
,,232,0.036016613245010376,,,,
,,233,0.03598904237151146,,,,
,,234,0.06616944074630737,,,,
,,235,0.028418945148587227,,,,
,,236,0.011890576221048832,,,,
,,237,0.010058463551104069,,,,
,,238,0.02234615385532379,,,,
,,239,0.010659465566277504,,,,
,,240,0.03514384105801582,,,,
,,241,0.04105103015899658,,,,
,,242,0.031218960881233215,,,,
,,243,0.011863148771226406,,,,
,,244,0.08251175284385681,,,,
,,245,0.011671716347336769,,,,
,,246,0.02609732560813427,,,,
,,247,0.009519210085272789,,,,
,,248,0.04063108190894127,,,,
,,249,0.028864653781056404,,,,
,,250,0.029154524207115173,,,,
,,251,0.17326268553733826,,,,
,,252,0.010546745732426643,,,,
,,253,0.04221129044890404,,,,
,,254,0.022785834968090057,,,,
,,255,0.07719364762306213,,,,
,,256,0.08334077894687653,,,,
,,257,0.03600769490003586,,,,
,,258,0.028439315035939217,,,,
,,259,0.010483082383871078,,,,
,,260,0.07890681177377701,,,,
,,261,0.010940919630229473,,,,
,,262,0.025185756385326385,,,,
,,263,0.009187343530356884,,,,
,,264,0.039740294218063354,,,,
,,265,0.02639678306877613,,,,
,,266,0.029210617765784264,,,,
,,267,0.011140383780002594,,,,
,,268,0.08151470124721527,,,,
,,269,0.012225495651364326,,,,
,,270,0.010422731749713421,,,,
,,271,0.02419876493513584,,,,
,,272,0.03508435934782028,,,,
,,273,0.07899115234613419,,,,
,,274,0.02881058305501938,,,,
,,275,0.011198341846466064,,,,
,,276,0.011593371629714966,,,,
,,277,0.011527485214173794,,,,
,,278,0.02754884399473667,,,,
,,279,0.13243332505226135,,,,
,,280,0.04449678957462311,,,,
,,281,0.0345730260014534,,,,
,,282,0.028253810480237007,,,,
,,283,0.01158155407756567,,,,
,,284,0.029202863574028015,,,,
,,285,0.010444355197250843,,,,
,,286,0.00994203519076109,,,,
,,287,0.023448634892702103,,,,
,,288,0.08092710375785828,,,,
,,289,0.038279447704553604,,,,
,,290,0.03027171827852726,,,,
,,291,0.025501873344182968,,,,
,,292,0.0103117311373353,,,,
,,293,0.02524031326174736,,,,
,,294,0.00898820161819458,,,,
,,295,0.01093824952840805,,,,
,,296,0.03775861859321594,,,,
,,297,0.027383381500840187,,,,
,,298,0.02971455827355385,,,,
,,299,0.07970143854618073,,,,
,,300,0.011229348368942738,,,,
,,301,0.011149856261909008,,,,
,,302,0.00975530780851841,,,,
,,303,0.25422510504722595,,,,
,,304,0.24897536635398865,,,,
,,305,0.0481051541864872,,,,
,,306,0.033579256385564804,,,,
,,307,0.03036116436123848,,,,
,,308,0.009651082567870617,,,,
,,309,0.02879416197538376,,,,
,,310,0.08220887929201126,,,,
,,311,0.00910958368331194,,,,
,,312,0.08404950052499771,,,,
,,313,0.04003958776593208,,,,
,,314,0.029140105471014977,,,,
,,315,0.009874795563519001,,,,
,,316,0.08737940341234207,,,,
,,317,0.009634925983846188,,,,
,,318,0.09088855236768723,,,,
,,319,0.0811150074005127,,,,
,,320,0.08399894088506699,,,,
,,321,0.08758465945720673,,,,
,,322,0.029331455007195473,,,,
,,323,0.02903181128203869,,,,
,,324,0.011109471321105957,,,,
,,325,0.01168231200426817,,,,
,,326,0.04638908430933952,,,,
,,327,0.011572717688977718,,,,
,,328,0.083545982837677,,,,
,,329,0.04119686409831047,,,,
,,330,0.10896570235490799,,,,
,,331,0.05519150570034981,,,,
,,332,0.08052228391170502,,,,
,,333,0.011906501837074757,,,,
,,334,0.010635992512106895,,,,
,,335,0.07307074964046478,,,,
,,336,0.011408616788685322,,,,
,,337,0.03320617601275444,,,,
,,338,0.028087422251701355,,,,
,,339,0.028140176087617874,,,,
,,340,0.02761133946478367,,,,
,,341,0.011834078468382359,,,,
,,342,0.029859399423003197,,,,
,,343,0.01021849550306797,,,,
,,344,0.0825793594121933,,,,
,,345,0.0343175046145916,,,,
,,346,0.02788415737450123,,,,
,,347,0.04390430450439453,,,,
,,348,0.0109635591506958,,,,
,,349,0.029269788414239883,,,,
,,350,0.012021670117974281,,,,
,,351,0.009856276214122772,,,,
,,352,0.045995112508535385,,,,
,,353,0.03355389088392258,,,,
,,354,0.06982417404651642,,,,
,,355,0.3060362637042999,,,,
,,356,0.19342251121997833,,,,
,,357,0.011515765450894833,,,,
,,358,0.08606109023094177,,,,
,,359,0.01005050539970398,,,,
,,360,0.0806737095117569,,,,
,,361,0.30798640847206116,,,,
,,362,0.03158582001924515,,,,
,,363,0.06919899582862854,,,,
,,364,0.08298284560441971,,,,
,,365,0.009991779923439026,,,,
,,366,0.010452005080878735,,,,
,,367,0.008668682537972927,,,,
,,368,0.04015352204442024,,,,
,,369,0.041649721562862396,,,,
,,370,0.0754397064447403,,,,
,,371,0.03682336211204529,,,,
,,372,0.011533754877746105,,,,
,,373,0.0698942169547081,,,,
,,374,0.027573706582188606,,,,
,,375,0.010406377725303173,,,,
,,376,0.00965624675154686,,,,
,,377,0.040442150086164474,,,,
,,378,0.03290728107094765,,,,
,,379,0.07278047502040863,,,,
,,380,0.03371358662843704,,,,
,,381,0.371520072221756,,,,
,,382,0.0773070827126503,,,,
,,383,0.014259123243391514,,,,
,,384,0.07834086567163467,,,,
,,385,0.04930512234568596,,,,
,,386,0.04023190215229988,,,,
,,387,0.03383783623576164,,,,
,,388,0.011552145704627037,,,,
,,389,0.0782862976193428,,,,
,,390,0.015942342579364777,,,,
,,391,0.020487241446971893,,,,
,,392,0.011332347057759762,,,,
,,393,0.040993183851242065,,,,
,,394,0.03461866080760956,,,,
,,395,0.02734776958823204,,,,
,,396,0.027361460030078888,,,,
,,397,0.07809077203273773,,,,
,,398,0.012279885821044445,,,,
,,399,0.009763807989656925,,,,
,,400,0.07319305837154388,,,,
,,401,0.08720406144857407,,,,
,,402,0.03395291045308113,,,,
,,403,0.03312567621469498,,,,
,,404,0.024463320150971413,,,,
,,405,0.016419148072600365,,,,
,,406,0.01402135007083416,,,,
,,407,0.22134649753570557,,,,
,,408,0.012408805079758167,,,,
,,409,0.043179113417863846,,,,
,,410,0.029039427638053894,,,,
,,411,0.03189637511968613,,,,
,,412,0.02576557919383049,,,,
,,413,0.02779468521475792,,,,
,,414,0.010624228976666927,,,,
,,415,0.012037773616611958,,,,
,,416,0.07565575838088989,,,,
,,417,0.022830374538898468,,,,
,,418,0.034537870436906815,,,,
,,419,0.036772385239601135,,,,
,,420,0.026926755905151367,,,,
,,421,0.011043976061046124,,,,
,,422,0.02670302800834179,,,,
,,423,0.010451150126755238,,,,
,,424,0.009698296897113323,,,,
,,425,0.049904800951480865,,,,
,,426,0.03161105513572693,,,,
,,427,0.07186739891767502,,,,
,,428,0.026922181248664856,,,,
,,429,0.02925095148384571,,,,
,,430,0.011788951233029366,,,,
,,431,0.2809866666793823,,,,
,,432,0.01006946712732315,,,,
,,433,0.24356381595134735,,,,
,,434,0.3135329782962799,,,,
,,435,0.0369296669960022,,,,
,,436,0.0332610085606575,,,,
,,437,0.010198305360972881,,,,
,,438,0.0415007658302784,,,,
,,439,0.011652449145913124,,,,
,,440,0.0101150618866086,,,,
,,441,0.07594283670186996,,,,
,,442,0.03762964531779289,,,,
,,443,0.07028798013925552,,,,
,,444,0.038262803107500076,,,,
,,445,0.010715048760175705,,,,
,,446,0.08370719850063324,,,,
,,447,0.011375977657735348,,,,
,,448,0.024027187377214432,,,,
,,449,0.011064814403653145,,,,
,,450,0.029401907697319984,,,,
,,451,0.027618873864412308,,,,
,,452,0.02732814848423004,,,,
,,453,0.010368253104388714,,,,
,,454,0.01118097361177206,,,,
,,455,0.04392456263303757,,,,
,,456,0.009285682812333107,,,,
,,457,0.08903545886278152,,,,
,,458,0.04242350161075592,,,,
,,459,0.02910495549440384,,,,
,,460,0.06482522189617157,,,,
,,461,0.012957128696143627,,,,
,,462,0.03173721954226494,,,,
,,463,0.012141237035393715,,,,
,,464,0.028723882511258125,,,,
,,465,0.08027806133031845,,,,
,,466,0.03169848024845123,,,,
,,467,0.03161667659878731,,,,
,,468,0.05165243148803711,,,,
,,469,0.011765914037823677,,,,
,,470,0.082358717918396,,,,
,,471,0.011866317130625248,,,,
,,472,0.010155048221349716,,,,
,,473,0.07730559259653091,,,,
,,474,0.036826372146606445,,,,
,,475,0.029813867062330246,,,,
,,476,0.3453184962272644,,,,
,,477,0.07826710492372513,,,,
,,478,0.011709938757121563,,,,
,,479,0.010537239722907543,,,,
,,480,0.026613296940922737,,,,
,,481,0.015560909174382687,,,,
,,482,0.08303048461675644,,,,
,,483,0.18982942402362823,,,,
,,484,0.02822563424706459,,,,
,,485,0.013633997179567814,,,,
,,486,0.013963297940790653,,,,
,,487,0.08254936337471008,,,,
,,488,0.010966591536998749,,,,
,,489,0.015221969224512577,,,,
,,490,0.03258894011378288,,,,
,,491,0.031071022152900696,,,,
,,492,0.029864251613616943,,,,
,,493,0.08047161996364594,,,,
,,494,0.012078088708221912,,,,
,,495,0.012124539352953434,,,,
,,496,0.009632744826376438,,,,
,,497,0.03850051015615463,,,,
,,498,0.08756527304649353,,,,
0,,498,,0.04671980440616608,,,
0,,498,,,0.6012024283409119,0.9398797750473022,0.47603362798690796
1,0.23693326115608215,499,,,,,
1,0.08830677717924118,500,,,,,
1,0.2389601767063141,501,,,,,
1,0.3440973162651062,502,,,,,
1,0.039347171783447266,503,,,,,
1,0.1799744814634323,504,,,,,
1,0.043905340135097504,505,,,,,
1,0.18191909790039062,506,,,,,
1,0.08092314749956131,507,,,,,
1,0.16527290642261505,508,,,,,
1,0.031803011894226074,509,,,,,
1,0.05678265541791916,510,,,,,
1,0.030668968334794044,511,,,,,
1,0.06370174884796143,512,,,,,
1,0.09509596228599548,513,,,,,
1,0.12552230060100555,514,,,,,
1,0.028443176299333572,515,,,,,
1,0.14425380527973175,516,,,,,
1,0.11184903234243393,517,,,,,
1,0.06695582717657089,518,,,,,
1,0.027459198608994484,519,,,,,
1,0.0665644183754921,520,,,,,
1,0.037784937769174576,521,,,,,
1,0.13609854876995087,522,,,,,
1,0.04697281867265701,523,,,,,
1,0.028705181553959846,524,,,,,
1,0.08993013948202133,525,,,,,
1,0.04970114678144455,526,,,,,
1,0.062371961772441864,527,,,,,
1,0.04542688652873039,528,,,,,
1,0.014217471703886986,529,,,,,
1,0.016776354983448982,530,,,,,
1,0.4983143210411072,531,,,,,
1,0.03362087160348892,532,,,,,
1,0.06165369600057602,533,,,,,
1,0.06873282045125961,534,,,,,
1,0.00927801989018917,535,,,,,
1,0.041918009519577026,536,,,,,
1,0.10162205994129181,537,,,,,
1,0.02821914292871952,538,,,,,
1,0.206594780087471,539,,,,,
1,0.13932879269123077,540,,,,,
1,0.06606811285018921,541,,,,,
1,0.10757627338171005,542,,,,,
1,0.1323956549167633,543,,,,,
1,0.04231885075569153,544,,,,,
1,0.07224500924348831,545,,,,,
1,0.18624813854694366,546,,,,,
1,0.060192495584487915,547,,,,,
1,0.06134507805109024,548,,,,,
1,0.1896945983171463,549,,,,,
1,0.03833852335810661,550,,,,,
1,0.11510827392339706,551,,,,,
1,0.16168034076690674,552,,,,,
1,0.04143666476011276,553,,,,,
1,0.10224443674087524,554,,,,,
1,0.04657382890582085,555,,,,,
1,0.09343135356903076,556,,,,,
1,0.03901370242238045,557,,,,,
1,0.1885894536972046,558,,,,,
1,0.02279830537736416,559,,,,,
1,0.03631916269659996,560,,,,,
1,0.09222546964883804,561,,,,,
1,0.08955725282430649,562,,,,,
1,0.1442374736070633,563,,,,,
1,0.08829154074192047,564,,,,,
1,0.04594232887029648,565,,,,,
1,0.07199214398860931,566,,,,,
1,0.05390617251396179,567,,,,,
1,0.2538439631462097,568,,,,,
1,0.027492064982652664,569,,,,,
1,0.1623518019914627,570,,,,,
1,0.028155775740742683,571,,,,,
1,0.15184417366981506,572,,,,,
1,0.011581885628402233,573,,,,,
1,0.4128386974334717,574,,,,,
1,0.08011023700237274,575,,,,,
1,0.04048575088381767,576,,,,,
1,0.048349976539611816,577,,,,,
1,0.07594370096921921,578,,,,,
1,0.03823505714535713,579,,,,,
1,0.038001663982868195,580,,,,,
1,0.08229345083236694,581,,,,,
1,0.09106055647134781,582,,,,,
1,0.058594606816768646,583,,,,,
1,0.1538286656141281,584,,,,,
1,0.0973537415266037,585,,,,,
1,0.07290247827768326,586,,,,,
1,0.24030233919620514,587,,,,,
1,0.11028723418712616,588,,,,,
1,0.12370289117097855,589,,,,,
1,0.03566833958029747,590,,,,,
1,0.04085129499435425,591,,,,,
1,0.01668214611709118,592,,,,,
1,0.06433452665805817,593,,,,,
1,0.04219876602292061,594,,,,,
1,0.10485675930976868,595,,,,,
1,0.3071490526199341,596,,,,,
1,0.017430096864700317,597,,,,,
1,0.09434185922145844,598,,,,,
1,0.13769015669822693,599,,,,,
1,0.05929048731923103,600,,,,,
1,0.07793434709310532,601,,,,,
1,0.029889807105064392,602,,,,,
1,0.03940412029623985,603,,,,,
1,0.12695114314556122,604,,,,,
1,0.056819744408130646,605,,,,,
1,0.47102490067481995,606,,,,,
1,0.12368999421596527,607,,,,,
1,0.11402563750743866,608,,,,,
1,0.12760116159915924,609,,,,,
1,0.05964658036828041,610,,,,,
1,0.1790025681257248,611,,,,,
1,0.21896907687187195,612,,,,,
1,0.04232154041528702,613,,,,,
1,0.026584360748529434,614,,,,,
1,0.02554783783853054,615,,,,,
1,0.04236971214413643,616,,,,,
1,0.3963426351547241,617,,,,,
1,0.23032520711421967,618,,,,,
1,0.13438385725021362,619,,,,,
1,0.1599474400281906,620,,,,,
1,0.181287482380867,621,,,,,
1,0.20546948909759521,622,,,,,
1,0.019796157255768776,623,,,,,
1,0.10411731898784637,624,,,,,
1,0.026840033009648323,625,,,,,
1,0.03192601352930069,626,,,,,
1,0.019363081082701683,627,,,,,
1,0.015166169963777065,628,,,,,
1,0.03952065110206604,629,,,,,
1,0.04543298855423927,630,,,,,
1,0.044959090650081635,631,,,,,
1,0.2738918960094452,632,,,,,
1,0.05170849338173866,633,,,,,
1,0.030317001044750214,634,,,,,
1,0.11352521926164627,635,,,,,
1,0.09546669572591782,636,,,,,
1,0.3571893274784088,637,,,,,
1,0.803514838218689,638,,,,,
1,0.025096779689192772,639,,,,,
1,0.2490556687116623,640,,,,,
1,0.04942483454942703,641,,,,,
1,0.08209161460399628,642,,,,,
1,0.08609603345394135,643,,,,,
1,0.27608513832092285,644,,,,,
1,0.04257529228925705,645,,,,,
1,0.036861076951026917,646,,,,,
1,0.07124532014131546,647,,,,,
1,0.0459224097430706,648,,,,,
1,0.12491926550865173,649,,,,,
1,0.1791125237941742,650,,,,,
1,0.5325624942779541,651,,,,,
1,0.017427122220396996,652,,,,,
1,0.13872815668582916,653,,,,,
1,0.37469419836997986,654,,,,,
1,0.03865448385477066,655,,,,,
1,0.06721532344818115,656,,,,,
1,0.2017815262079239,657,,,,,
1,0.07236625999212265,658,,,,,
1,0.1602669060230255,659,,,,,
1,0.31018924713134766,660,,,,,
1,0.07571528851985931,661,,,,,
1,0.04911775141954422,662,,,,,
1,0.2621656358242035,663,,,,,
1,0.16221483051776886,664,,,,,
1,0.0937805101275444,665,,,,,
1,0.31485486030578613,666,,,,,
1,0.16292478144168854,667,,,,,
1,0.09913495928049088,668,,,,,
1,0.048934292048215866,669,,,,,
1,0.28665560483932495,670,,,,,
1,0.17474451661109924,671,,,,,
1,0.13019925355911255,672,,,,,
1,0.3178410530090332,673,,,,,
1,0.03106977976858616,674,,,,,
1,0.10565509647130966,675,,,,,
1,0.07431457191705704,676,,,,,
1,0.37851229310035706,677,,,,,
1,0.04445910453796387,678,,,,,
1,0.06620222330093384,679,,,,,
1,0.043547533452510834,680,,,,,
1,0.061463139951229095,681,,,,,
1,0.19307564198970795,682,,,,,
1,0.15764589607715607,683,,,,,
1,0.05923241749405861,684,,,,,
1,0.08915159106254578,685,,,,,
1,0.05026182159781456,686,,,,,
1,0.08879287540912628,687,,,,,
1,0.07548495382070541,688,,,,,
1,0.05861741676926613,689,,,,,
1,0.06765244901180267,690,,,,,
1,0.08266837894916534,691,,,,,
1,0.04506480693817139,692,,,,,
1,0.0852603167295456,693,,,,,
1,0.07211607694625854,694,,,,,
1,0.05358466878533363,695,,,,,
1,0.1738833785057068,696,,,,,
1,0.025675617158412933,697,,,,,
1,0.07819247990846634,698,,,,,
1,0.02300763688981533,699,,,,,
1,0.02592887543141842,700,,,,,
1,0.018901778385043144,701,,,,,
1,0.05136847868561745,702,,,,,
1,0.18398700654506683,703,,,,,
1,0.06239296868443489,704,,,,,
1,0.06383367627859116,705,,,,,
1,0.16725300252437592,706,,,,,
1,0.04887567088007927,707,,,,,
1,0.1371188908815384,708,,,,,
1,0.055451083928346634,709,,,,,
1,0.02802475355565548,710,,,,,
1,0.04154941812157631,711,,,,,
1,0.02584783174097538,712,,,,,
1,0.08195892721414566,713,,,,,
1,0.27260029315948486,714,,,,,
1,0.34304487705230713,715,,,,,
1,0.024839898571372032,716,,,,,
1,0.050100792199373245,717,,,,,
1,0.07181982696056366,718,,,,,
1,0.02094297856092453,719,,,,,
1,0.055462680757045746,720,,,,,
1,0.022437425330281258,721,,,,,
1,0.05839495733380318,722,,,,,
1,0.03166428208351135,723,,,,,
1,0.09574282914400101,724,,,,,
1,0.02168639563024044,725,,,,,
1,0.03419353440403938,726,,,,,
1,0.08879198133945465,727,,,,,
1,0.09911519289016724,728,,,,,
1,0.04783324524760246,729,,,,,
1,0.12516120076179504,730,,,,,
1,0.06364963948726654,731,,,,,
1,0.5118198990821838,732,,,,,
1,0.21745209395885468,733,,,,,
1,0.1108175665140152,734,,,,,
1,0.02855246141552925,735,,,,,
1,0.07526373118162155,736,,,,,
1,0.03838116675615311,737,,,,,
1,0.0254722461104393,738,,,,,
1,0.08896929025650024,739,,,,,
1,0.050878677517175674,740,,,,,
1,0.0680045485496521,741,,,,,
1,0.07741709053516388,742,,,,,
1,0.04727311432361603,743,,,,,
1,0.046971939504146576,744,,,,,
1,0.03598228469491005,745,,,,,
1,0.06033008545637131,746,,,,,
1,0.052600327879190445,747,,,,,
1,0.09152430295944214,748,,,,,
1,0.1258176565170288,749,,,,,
1,0.08236779272556305,750,,,,,
1,0.05987679585814476,751,,,,,
1,0.04042740538716316,752,,,,,
1,0.08911854028701782,753,,,,,
1,0.02069510892033577,754,,,,,
1,0.06206219643354416,755,,,,,
1,0.02118075266480446,756,,,,,
1,0.0427289754152298,757,,,,,
1,0.06845270097255707,758,,,,,
1,0.19397804141044617,759,,,,,
1,0.017851494252681732,760,,,,,
1,0.024291904643177986,761,,,,,
1,0.044876378029584885,762,,,,,
1,0.034077249467372894,763,,,,,
1,0.04246728867292404,764,,,,,
1,0.03796457126736641,765,,,,,
1,0.37332770228385925,766,,,,,
1,0.10421118885278702,767,,,,,
1,0.050941623747348785,768,,,,,
1,0.21606121957302094,769,,,,,
1,0.04634999856352806,770,,,,,
1,0.06340634077787399,771,,,,,
1,0.1741906702518463,772,,,,,
1,0.026386966928839684,773,,,,,
1,0.056835826486349106,774,,,,,
1,0.05583066865801811,775,,,,,
1,0.10193699598312378,776,,,,,
1,0.29872041940689087,777,,,,,
1,0.0242355577647686,778,,,,,
1,0.056648869067430496,779,,,,,
1,0.41252169013023376,780,,,,,
1,0.020963845774531364,781,,,,,
1,0.14341430366039276,782,,,,,
1,0.20345453917980194,783,,,,,
1,0.0760275349020958,784,,,,,
1,0.005138038191944361,785,,,,,
1,0.04405241832137108,786,,,,,
1,0.07808173447847366,787,,,,,
1,0.09615357965230942,788,,,,,
1,0.037631016224622726,789,,,,,
1,0.09438639134168625,790,,,,,
1,0.012776960618793964,791,,,,,
1,0.08168729394674301,792,,,,,
1,0.08286775648593903,793,,,,,
1,0.03548792749643326,794,,,,,
1,0.07137103378772736,795,,,,,
1,0.07745715975761414,796,,,,,
1,0.10389618575572968,797,,,,,
1,0.07211878895759583,798,,,,,
1,0.09888613969087601,799,,,,,
1,0.15185309946537018,800,,,,,
1,0.043753717094659805,801,,,,,
1,0.02660558745265007,802,,,,,
1,0.07660254836082458,803,,,,,
1,0.14934471249580383,804,,,,,
1,0.07362990081310272,805,,,,,
1,0.028054967522621155,806,,,,,
1,0.21966710686683655,807,,,,,
1,0.042006224393844604,808,,,,,
1,0.07796086370944977,809,,,,,
1,0.0374368391931057,810,,,,,
1,0.043995268642902374,811,,,,,
1,0.03190755844116211,812,,,,,
1,0.07401681691408157,813,,,,,
1,0.06937101483345032,814,,,,,
1,0.029393503442406654,815,,,,,
1,0.14999963343143463,816,,,,,
1,0.048958681523799896,817,,,,,
1,0.03523407503962517,818,,,,,
1,0.04482844099402428,819,,,,,
1,0.1504245549440384,820,,,,,
1,0.05005577206611633,821,,,,,
1,0.007543837185949087,822,,,,,
1,0.02288014441728592,823,,,,,
1,0.01564478687942028,824,,,,,
1,0.2237318754196167,825,,,,,
1,0.1001773253083229,826,,,,,
1,0.03966916352510452,827,,,,,
1,0.037599798291921616,828,,,,,
1,0.07184366136789322,829,,,,,
1,0.010056276805698872,830,,,,,
1,0.0313982218503952,831,,,,,
1,0.044854387640953064,832,,,,,
1,0.037176430225372314,833,,,,,
1,0.02028721384704113,834,,,,,
1,0.05858475714921951,835,,,,,
1,0.09736702591180801,836,,,,,
1,0.047647446393966675,837,,,,,
1,0.13385093212127686,838,,,,,
1,0.10433503985404968,839,,,,,
1,0.07991054654121399,840,,,,,
1,0.09823416918516159,841,,,,,
1,0.06945496797561646,842,,,,,
1,0.06694993376731873,843,,,,,
1,0.01904567889869213,844,,,,,
1,0.08111681789159775,845,,,,,
1,0.08978690207004547,846,,,,,
1,0.03753934055566788,847,,,,,
1,0.059243980795145035,848,,,,,
1,0.03425833210349083,849,,,,,
1,0.03631933405995369,850,,,,,
1,0.022299543023109436,851,,,,,
1,0.24486133456230164,852,,,,,
1,0.018639344722032547,853,,,,,
1,0.049315258860588074,854,,,,,
1,0.17711061239242554,855,,,,,
1,0.03844534233212471,856,,,,,
1,0.08303030580282211,857,,,,,
1,0.029942084103822708,858,,,,,
1,0.1770712435245514,859,,,,,
1,0.02659321390092373,860,,,,,
1,0.3439381718635559,861,,,,,
1,0.0826411172747612,862,,,,,
1,0.033768121153116226,863,,,,,
1,0.050331778824329376,864,,,,,
1,0.04924311116337776,865,,,,,
1,0.025672156363725662,866,,,,,
1,0.059954933822155,867,,,,,
1,0.06038326770067215,868,,,,,
1,0.06364008784294128,869,,,,,
1,0.056478824466466904,870,,,,,
1,0.11651579290628433,871,,,,,
1,0.23581330478191376,872,,,,,
1,0.02895890176296234,873,,,,,
1,0.08378838747739792,874,,,,,
1,0.08816810697317123,875,,,,,
1,0.05014681816101074,876,,,,,
1,0.03060230426490307,877,,,,,
1,0.05088109150528908,878,,,,,
1,0.19937263429164886,879,,,,,
1,0.05830993130803108,880,,,,,
1,0.04159633815288544,881,,,,,
1,0.02164299599826336,882,,,,,
1,0.022024761885404587,883,,,,,
1,0.1660642921924591,884,,,,,
1,0.023325085639953613,885,,,,,
1,0.01683426834642887,886,,,,,
1,0.07230392843484879,887,,,,,
1,0.21316936612129211,888,,,,,
1,0.05053386092185974,889,,,,,
1,0.07573188096284866,890,,,,,
1,0.23350030183792114,891,,,,,
1,0.07594574242830276,892,,,,,
1,0.018396500498056412,893,,,,,
1,0.2713691294193268,894,,,,,
1,0.04369015991687775,895,,,,,
1,0.06341675668954849,896,,,,,
1,0.03872312977910042,897,,,,,
1,0.14600419998168945,898,,,,,
1,0.013456116430461407,899,,,,,
1,0.037450823932886124,900,,,,,
1,0.039845485240221024,901,,,,,
1,0.019893448799848557,902,,,,,
1,0.09211406856775284,903,,,,,
1,0.07727739959955215,904,,,,,
1,0.041720591485500336,905,,,,,
1,0.035380784422159195,906,,,,,
1,0.037884246557950974,907,,,,,
1,0.19321700930595398,908,,,,,
1,0.08068839460611343,909,,,,,
1,0.11488603055477142,910,,,,,
1,0.012365149334073067,911,,,,,
1,0.07245099544525146,912,,,,,
1,0.060056090354919434,913,,,,,
1,0.018669579178094864,914,,,,,
1,0.18152306973934174,915,,,,,
1,0.21459484100341797,916,,,,,
1,0.03589978814125061,917,,,,,
1,0.26886776089668274,918,,,,,
1,0.015474355779588223,919,,,,,
1,0.05807109549641609,920,,,,,
1,0.03250940516591072,921,,,,,
1,0.01942439191043377,922,,,,,
1,0.052052829414606094,923,,,,,
1,0.05109994858503342,924,,,,,
1,0.012983929365873337,925,,,,,
1,0.04760902002453804,926,,,,,
1,0.11940392106771469,927,,,,,
1,0.1052754670381546,928,,,,,
1,0.03170771524310112,929,,,,,
1,0.013449402526021004,930,,,,,
1,0.036081746220588684,931,,,,,
1,0.011417228728532791,932,,,,,
1,0.017588773742318153,933,,,,,
1,0.17461593449115753,934,,,,,
1,0.1893792599439621,935,,,,,
1,0.04198760911822319,936,,,,,
1,0.11359170079231262,937,,,,,
1,0.07312266528606415,938,,,,,
1,0.19500243663787842,939,,,,,
1,0.057154081761837006,940,,,,,
1,0.019665919244289398,941,,,,,
1,0.14570528268814087,942,,,,,
1,0.0830739289522171,943,,,,,
1,0.03624633699655533,944,,,,,
1,0.04524127393960953,945,,,,,
1,0.03027511201798916,946,,,,,
1,0.07280457019805908,947,,,,,
1,0.041318975389003754,948,,,,,
1,0.045252930372953415,949,,,,,
1,0.09463680535554886,950,,,,,
1,0.024250680580735207,951,,,,,
1,0.03396347537636757,952,,,,,
1,0.2793857157230377,953,,,,,
1,0.070126973092556,954,,,,,
1,0.10797916352748871,955,,,,,
1,0.13288810849189758,956,,,,,
1,0.03687611222267151,957,,,,,
1,0.024105435237288475,958,,,,,
1,0.1342165619134903,959,,,,,
1,0.19252508878707886,960,,,,,
1,0.18686068058013916,961,,,,,
1,0.14827436208724976,962,,,,,
1,0.02114158682525158,963,,,,,
1,0.04868705943226814,964,,,,,
1,0.45455697178840637,965,,,,,
1,0.028175856918096542,966,,,,,
1,0.026582108810544014,967,,,,,
1,0.1513531655073166,968,,,,,
1,0.04928615689277649,969,,,,,
1,0.05739675462245941,970,,,,,
1,0.038537029176950455,971,,,,,
1,0.02094067446887493,972,,,,,
1,0.0622427836060524,973,,,,,
1,0.0162182729691267,974,,,,,
1,0.057480644434690475,975,,,,,
1,0.04657018557190895,976,,,,,
1,0.5038661956787109,977,,,,,
1,0.04032023623585701,978,,,,,
1,0.091569684445858,979,,,,,
1,0.40934309363365173,980,,,,,
1,0.1389295607805252,981,,,,,
1,0.19690175354480743,982,,,,,
1,0.0944105014204979,983,,,,,
1,0.01751565746963024,984,,,,,
1,0.019289329648017883,985,,,,,
1,0.012142214924097061,986,,,,,
1,0.09260352700948715,987,,,,,
1,0.05680808424949646,988,,,,,
1,0.043732233345508575,989,,,,,
1,0.031880661845207214,990,,,,,
1,0.053343500941991806,991,,,,,
1,0.05633274093270302,992,,,,,
1,0.05438315123319626,993,,,,,
1,0.21328501403331757,994,,,,,
1,0.0703509971499443,995,,,,,
1,0.11184843629598618,996,,,,,
1,0.024133559316396713,997,,,,,
,,499,0.013319204561412334,,,,
,,500,0.003980728331953287,,,,
,,501,0.03715115785598755,,,,
,,502,0.03091331385076046,,,,
,,503,0.01112801767885685,,,,
,,504,0.03095114789903164,,,,
,,505,0.012421115301549435,,,,
,,506,0.019287418574094772,,,,
,,507,0.008691019378602505,,,,
,,508,0.025065544992685318,,,,
,,509,0.05467291548848152,,,,
,,510,0.01931064762175083,,,,
,,511,0.033431872725486755,,,,
,,512,0.02283826284110546,,,,
,,513,0.010435013100504875,,,,
,,514,0.03367680683732033,,,,
,,515,0.012265450321137905,,,,
,,516,0.009800996631383896,,,,
,,517,0.04551062732934952,,,,
,,518,0.030487889423966408,,,,
,,519,0.01703900285065174,,,,
,,520,0.02658882923424244,,,,
,,521,0.012428180314600468,,,,
,,522,0.03501785546541214,,,,
,,523,0.02488437481224537,,,,
,,524,0.003649007761850953,,,,
,,525,0.01267930120229721,,,,
,,526,0.029120532795786858,,,,
,,527,0.005805917549878359,,,,
,,528,0.022839447483420372,,,,
,,529,0.04847020283341408,,,,
,,530,0.02540680393576622,,,,
,,531,0.05146610736846924,,,,
,,532,0.00434107705950737,,,,
,,533,0.011587152257561684,,,,
,,534,0.028776410967111588,,,,
,,535,0.047714658081531525,,,,
,,536,0.008175571449100971,,,,
,,537,0.010744055733084679,,,,
,,538,0.054126545786857605,,,,
,,539,0.031165195629000664,,,,
,,540,0.011277674697339535,,,,
,,541,0.0035699389409273863,,,,
,,542,0.1369021236896515,,,,
,,543,0.021956726908683777,,,,
,,544,0.0070154424756765366,,,,
,,545,0.029244758188724518,,,,
,,546,0.011475778184831142,,,,
,,547,0.02802898921072483,,,,
,,548,0.04183175787329674,,,,
,,549,0.001994186779484153,,,,
,,550,0.05268554389476776,,,,
,,551,0.029516467824578285,,,,
,,552,0.005410787649452686,,,,
,,553,0.025906085968017578,,,,
,,554,0.01483252365142107,,,,
,,555,0.04184100776910782,,,,
,,556,0.015713876113295555,,,,
,,557,0.0022286120802164078,,,,
,,558,0.0354042574763298,,,,
,,559,0.020019622519612312,,,,
,,560,0.010190346278250217,,,,
,,561,0.027342790737748146,,,,
,,562,0.012638980522751808,,,,
,,563,0.020537322387099266,,,,
,,564,0.05038227513432503,,,,
,,565,0.024576883763074875,,,,
,,566,0.010463621467351913,,,,
,,567,0.030497118830680847,,,,
,,568,0.027069926261901855,,,,
,,569,0.02516571804881096,,,,
,,570,0.012607961893081665,,,,
,,571,0.036082033067941666,,,,
,,572,0.015934811905026436,,,,
,,573,0.09672780334949493,,,,
,,574,0.04701358824968338,,,,
,,575,0.03060031495988369,,,,
,,576,0.005456198006868362,,,,
,,577,0.024363378062844276,,,,
,,578,0.01480556558817625,,,,
,,579,0.029370753094553947,,,,
,,580,0.038727305829524994,,,,
,,581,0.002231542719528079,,,,
,,582,0.03476996347308159,,,,
,,583,0.033822447061538696,,,,
,,584,0.007494848221540451,,,,
,,585,0.023479165509343147,,,,
,,586,0.012749363668262959,,,,
,,587,0.02197081968188286,,,,
,,588,0.02475759945809841,,,,
,,589,0.004920025821775198,,,,
,,590,0.006234877277165651,,,,
,,591,0.028111690655350685,,,,
,,592,0.009264473803341389,,,,
,,593,0.13615339994430542,,,,
,,594,0.11595471203327179,,,,
,,595,0.017664559185504913,,,,
,,596,0.020763497799634933,,,,
,,597,0.42033547163009644,,,,
,,598,0.0029035962652415037,,,,
,,599,0.05274698883295059,,,,
,,600,0.03112051635980606,,,,
,,601,0.004563691560178995,,,,
,,602,0.013535046949982643,,,,
,,603,0.04664761573076248,,,,
,,604,0.03404185175895691,,,,
,,605,0.013417552225291729,,,,
,,606,0.0022406144998967648,,,,
,,607,0.0425201915204525,,,,
,,608,0.049299437552690506,,,,
,,609,0.031337857246398926,,,,
,,610,0.030945006757974625,,,,
,,611,0.011040633544325829,,,,
,,612,0.020343942567706108,,,,
,,613,0.05063547566533089,,,,
,,614,0.005264711566269398,,,,
,,615,0.010827362537384033,,,,
,,616,0.03337673470377922,,,,
,,617,0.008356866426765919,,,,
,,618,0.02134069986641407,,,,
,,619,0.010897957719862461,,,,
,,620,0.08836422860622406,,,,
,,621,0.013685313053429127,,,,
,,622,0.004930187948048115,,,,
,,623,0.05565427988767624,,,,
,,624,0.030825544148683548,,,,
,,625,0.005648864898830652,,,,
,,626,0.02454548515379429,,,,
,,627,0.013743159361183643,,,,
,,628,0.02732847072184086,,,,
,,629,0.044218484312295914,,,,
,,630,0.004494740627706051,,,,
,,631,0.013015784323215485,,,,
,,632,0.037519775331020355,,,,
,,633,0.005461623892188072,,,,
,,634,0.006441107951104641,,,,
,,635,0.022227782756090164,,,,
,,636,0.047305162996053696,,,,
,,637,0.02463597245514393,,,,
,,638,0.00452306866645813,,,,
,,639,0.0058915321715176105,,,,
,,640,0.029132351279258728,,,,
,,641,0.012641909532248974,,,,
,,642,0.029263969510793686,,,,
,,643,0.04950917512178421,,,,
,,644,0.012540946714580059,,,,
,,645,0.02471841499209404,,,,
,,646,0.04915270209312439,,,,
,,647,0.011858093552291393,,,,
,,648,0.03176029771566391,,,,
,,649,0.006501324009150267,,,,
,,650,0.026547834277153015,,,,
,,651,0.038272276520729065,,,,
,,652,0.023670395836234093,,,,
,,653,0.01506783626973629,,,,
,,654,0.0027319525834172964,,,,
,,655,0.04939083755016327,,,,
,,656,0.021866347640752792,,,,
,,657,0.023124702274799347,,,,
,,658,0.005183995235711336,,,,
,,659,0.02421785704791546,,,,
,,660,0.014882391318678856,,,,
,,661,0.04606938734650612,,,,
,,662,0.03995905816555023,,,,
,,663,0.4035004675388336,,,,
,,664,0.011223302222788334,,,,
,,665,0.009196557104587555,,,,
,,666,0.030270542949438095,,,,
,,667,0.00684272451326251,,,,
,,668,0.011781802400946617,,,,
,,669,0.021040653809905052,,,,
,,670,0.021818017587065697,,,,
,,671,0.003997103776782751,,,,
,,672,0.004798036068677902,,,,
,,673,0.13147684931755066,,,,
,,674,0.11341777443885803,,,,
,,675,0.03610813990235329,,,,
,,676,0.006028853822499514,,,,
,,677,0.011995070613920689,,,,
,,678,0.041548024863004684,,,,
,,679,0.037844330072402954,,,,
,,680,0.014591842889785767,,,,
,,681,0.0020617758855223656,,,,
,,682,0.04199196770787239,,,,
,,683,0.004505757242441177,,,,
,,684,0.025555789470672607,,,,
,,685,0.023811189457774162,,,,
,,686,0.028130387887358665,,,,
,,687,0.015302657149732113,,,,
,,688,0.003797695739194751,,,,
,,689,0.003982885275036097,,,,
,,690,0.03229512274265289,,,,
,,691,0.047693006694316864,,,,
,,692,0.007142470218241215,,,,
,,693,0.01255617942661047,,,,
,,694,0.049747686833143234,,,,
,,695,0.021460194140672684,,,,
,,696,0.019484538584947586,,,,
,,697,0.002979766810312867,,,,
,,698,0.03730127960443497,,,,
,,699,0.01993596740067005,,,,
,,700,0.08181974291801453,,,,
,,701,0.038176391273736954,,,,
,,702,0.011827250942587852,,,,
,,703,0.02223612740635872,,,,
,,704,0.03739750757813454,,,,
,,705,0.0018706932896748185,,,,
,,706,0.01885826513171196,,,,
,,707,0.005453880876302719,,,,
,,708,0.02762230858206749,,,,
,,709,0.020785296335816383,,,,
,,710,0.013496183790266514,,,,
,,711,0.03829474374651909,,,,
,,712,0.01446791272610426,,,,
,,713,0.002218651818111539,,,,
,,714,0.03693317621946335,,,,
,,715,0.005708510987460613,,,,
,,716,0.00846719928085804,,,,
,,717,0.03498716279864311,,,,
,,718,0.011347075924277306,,,,
,,719,0.022250520065426826,,,,
,,720,0.05101535841822624,,,,
,,721,0.0037557813338935375,,,,
,,722,0.040706437081098557,,,,
,,723,0.020468266680836678,,,,
,,724,0.006312963552772999,,,,
,,725,0.04996736720204353,,,,
,,726,0.032937660813331604,,,,
,,727,0.05355572700500488,,,,
,,728,0.02109396643936634,,,,
,,729,0.004825219977647066,,,,
,,730,0.04588636755943298,,,,
,,731,0.02948812022805214,,,,
,,732,0.007379752583801746,,,,
,,733,0.009636955335736275,,,,
,,734,0.021038440987467766,,,,
,,735,0.02487987093627453,,,,
,,736,0.013440178707242012,,,,
,,737,0.005987305194139481,,,,
,,738,0.011376910842955112,,,,
,,739,0.031475093215703964,,,,
,,740,0.03663971275091171,,,,
,,741,0.005858848337084055,,,,
,,742,0.01157782506197691,,,,
,,743,0.047822900116443634,,,,
,,744,0.02038867585361004,,,,
,,745,0.019429806619882584,,,,
,,746,0.003033990506082773,,,,
,,747,0.035567350685596466,,,,
,,748,0.019997531548142433,,,,
,,749,0.008569128811359406,,,,
,,750,0.06129247695207596,,,,
,,751,0.01209860760718584,,,,
,,752,0.047278936952352524,,,,
,,753,0.007510995026677847,,,,
,,754,0.05788614600896835,,,,
,,755,0.04627847298979759,,,,
,,756,0.028121789917349815,,,,
,,757,0.004622441716492176,,,,
,,758,0.013454767875373363,,,,
,,759,0.045859482139348984,,,,
,,760,0.027405083179473877,,,,
,,761,0.01983155682682991,,,,
,,762,0.0028219535015523434,,,,
,,763,0.03392617776989937,,,,
,,764,0.0223280917853117,,,,
,,765,0.004802702460438013,,,,
,,766,0.015371130779385567,,,,
,,767,0.04692279174923897,,,,
,,768,0.023872017860412598,,,,
,,769,0.004702974576503038,,,,
,,770,0.006653187796473503,,,,
,,771,0.02753693424165249,,,,
,,772,0.05095933750271797,,,,
,,773,0.007736926432698965,,,,
,,774,0.013099043630063534,,,,
,,775,0.011571324430406094,,,,
,,776,0.021289341151714325,,,,
,,777,0.022610116750001907,,,,
,,778,0.023299913853406906,,,,
,,779,0.03464289382100105,,,,
,,780,0.023363575339317322,,,,
,,781,0.008805140852928162,,,,
,,782,0.01665649376809597,,,,
,,783,0.023197751492261887,,,,
,,784,0.024179792031645775,,,,
,,785,0.0035629908088594675,,,,
,,786,0.004612560383975506,,,,
,,787,0.04510784521698952,,,,
,,788,0.04692782089114189,,,,
,,789,0.007915633730590343,,,,
,,790,0.02541215345263481,,,,
,,791,0.013514481484889984,,,,
,,792,0.0367928184568882,,,,
,,793,0.0031118979677557945,,,,
,,794,0.012171835638582706,,,,
,,795,0.03401266410946846,,,,
,,796,0.0053510223515331745,,,,
,,797,0.006739492993801832,,,,
,,798,0.049468107521533966,,,,
,,799,0.011784768663346767,,,,
,,800,0.012389058247208595,,,,
,,801,0.00441886717453599,,,,
,,802,0.0741160586476326,,,,
,,803,0.06724908947944641,,,,
,,804,0.013076107949018478,,,,
,,805,0.011004491709172726,,,,
,,806,0.022348880767822266,,,,
,,807,0.011339372023940086,,,,
,,808,0.03495436906814575,,,,
,,809,0.04726436734199524,,,,
,,810,0.0043409885838627815,,,,
,,811,0.05397479236125946,,,,
,,812,0.03516080975532532,,,,
,,813,0.0077610919252038,,,,
,,814,0.012538651935756207,,,,
,,815,0.04982791095972061,,,,
,,816,0.013095570728182793,,,,
,,817,0.048695359379053116,,,,
,,818,0.05734794959425926,,,,
,,819,0.0518450066447258,,,,
,,820,0.04714679718017578,,,,
,,821,0.009061950258910656,,,,
,,822,0.02192789874970913,,,,
,,823,0.011412931606173515,,,,
,,824,0.020306648686528206,,,,
,,825,0.029388144612312317,,,,
,,826,0.010540845803916454,,,,
,,827,0.05519240349531174,,,,
,,828,0.03610578551888466,,,,
,,829,0.03029095195233822,,,,
,,830,0.027851413935422897,,,,
,,831,0.05398372933268547,,,,
,,832,0.01173066720366478,,,,
,,833,0.019652126356959343,,,,
,,834,0.054281093180179596,,,,
,,835,0.010400254279375076,,,,
,,836,0.029143767431378365,,,,
,,837,0.005983126349747181,,,,
,,838,0.021980615332722664,,,,
,,839,0.021618828177452087,,,,
,,840,0.023751523345708847,,,,
,,841,0.037645138800144196,,,,
,,842,0.004313403274863958,,,,
,,843,0.05203048512339592,,,,
,,844,0.03098475933074951,,,,
,,845,0.023806024342775345,,,,
,,846,0.03022870048880577,,,,
,,847,0.01096643228083849,,,,
,,848,0.036745570600032806,,,,
,,849,0.02260221354663372,,,,
,,850,0.0036787549033761024,,,,
,,851,0.1739571988582611,,,,
,,852,0.029989849776029587,,,,
,,853,0.0111031923443079,,,,
,,854,0.06922701001167297,,,,
,,855,0.03570549935102463,,,,
,,856,0.020617984235286713,,,,
,,857,0.0543203130364418,,,,
,,858,0.0054330904968082905,,,,
,,859,0.05461191385984421,,,,
,,860,0.09158803522586823,,,,
,,861,0.005880123935639858,,,,
,,862,0.008037257939577103,,,,
,,863,0.04817243292927742,,,,
,,864,0.013396657072007656,,,,
,,865,0.023817749693989754,,,,
,,866,0.002950297435745597,,,,
,,867,0.03731681779026985,,,,
,,868,0.027477433905005455,,,,
,,869,0.00824474822729826,,,,
,,870,0.006605007220059633,,,,
,,871,0.01286737434566021,,,,
,,872,0.017038458958268166,,,,
,,873,0.03483567759394646,,,,
,,874,0.012336188927292824,,,,
,,875,0.00305249379016459,,,,
,,876,0.03578389436006546,,,,
,,877,0.007755207363516092,,,,
,,878,0.01094795111566782,,,,
,,879,0.01979672722518444,,,,
,,880,0.22765572369098663,,,,
,,881,0.06453730165958405,,,,
,,882,0.004236072767525911,,,,
,,883,0.054545823484659195,,,,
,,884,0.021628662943840027,,,,
,,885,0.026042785495519638,,,,
,,886,0.00400648033246398,,,,
,,887,0.015484900213778019,,,,
,,888,0.04218973219394684,,,,
,,889,0.02800842933356762,,,,
,,890,0.003655464854091406,,,,
,,891,0.012938694097101688,,,,
,,892,0.029254864901304245,,,,
,,893,0.004650241695344448,,,,
,,894,0.02465040236711502,,,,
,,895,0.021446723490953445,,,,
,,896,0.04789762198925018,,,,
,,897,0.02382996492087841,,,,
,,898,0.003799223341047764,,,,
,,899,0.051519863307476044,,,,
,,900,0.04813432693481445,,,,
,,901,0.007694080471992493,,,,
,,902,0.008991041220724583,,,,
,,903,0.01875321753323078,,,,
,,904,0.012294765561819077,,,,
,,905,0.024176672101020813,,,,
,,906,0.048186272382736206,,,,
,,907,0.011319620534777641,,,,
,,908,0.033367227762937546,,,,
,,909,0.020989252254366875,,,,
,,910,0.009886207059025764,,,,
,,911,0.02045384608209133,,,,
,,912,0.021416576579213142,,,,
,,913,0.0233458261936903,,,,
,,914,0.002808992052450776,,,,
,,915,0.05119463428854942,,,,
,,916,0.02187373675405979,,,,
,,917,0.031632617115974426,,,,
,,918,0.008344018831849098,,,,
,,919,0.02403375692665577,,,,
,,920,0.012897270731627941,,,,
,,921,0.03607255592942238,,,,
,,922,0.012891197577118874,,,,
,,923,0.0025533828884363174,,,,
,,924,0.03562312200665474,,,,
,,925,0.030628371983766556,,,,
,,926,0.014369740150868893,,,,
,,927,0.02137559838593006,,,,
,,928,0.019177686423063278,,,,
,,929,0.020196273922920227,,,,
,,930,0.08679001778364182,,,,
,,931,0.0034458141308277845,,,,
,,932,0.08306597173213959,,,,
,,933,0.10175949335098267,,,,
,,934,0.009652890264987946,,,,
,,935,0.02605060301721096,,,,
,,936,0.01054104883223772,,,,
,,937,0.030446400865912437,,,,
,,938,0.026758519932627678,,,,
,,939,0.002802547300234437,,,,
,,940,0.049157511442899704,,,,
,,941,0.053785257041454315,,,,
,,942,0.007509564980864525,,,,
,,943,0.025752082467079163,,,,
,,944,0.013535105623304844,,,,
,,945,0.043648622930049896,,,,
,,946,0.0147064458578825,,,,
,,947,0.0036634879652410746,,,,
,,948,0.01111918967217207,,,,
,,949,0.03203324228525162,,,,
,,950,0.010415538214147091,,,,
,,951,0.021428126841783524,,,,
,,952,0.012031422927975655,,,,
,,953,0.01945512369275093,,,,
,,954,0.029190273955464363,,,,
,,955,0.0030299911741167307,,,,
,,956,0.05073775723576546,,,,
,,957,0.04032479226589203,,,,
,,958,0.024430520832538605,,,,
,,959,0.10204621404409409,,,,
,,960,0.012158596888184547,,,,
,,961,0.03535431995987892,,,,
,,962,0.02382046729326248,,,,
,,963,0.0034024682827293873,,,,
,,964,0.05744406208395958,,,,
,,965,0.022668737918138504,,,,
,,966,0.004059229977428913,,,,
,,967,0.12388291954994202,,,,
,,968,0.014609082601964474,,,,
,,969,0.040711626410484314,,,,
,,970,0.0295187309384346,,,,
,,971,0.0018345911521464586,,,,
,,972,0.04605124890804291,,,,
,,973,0.043305154889822006,,,,
,,974,0.022282926365733147,,,,
,,975,0.14711913466453552,,,,
,,976,0.04578015208244324,,,,
,,977,0.011532577686011791,,,,
,,978,0.0228937529027462,,,,
,,979,0.005500568076968193,,,,
,,980,0.018849898129701614,,,,
,,981,0.04847513884305954,,,,
,,982,0.11014463752508163,,,,
,,983,0.005689617712050676,,,,
,,984,0.012997723184525967,,,,
,,985,0.02539953403174877,,,,
,,986,0.04497002810239792,,,,
,,987,0.003085528267547488,,,,
,,988,0.059003911912441254,,,,
,,989,0.050890002399683,,,,
,,990,0.004922663327306509,,,,
,,991,0.025283219292759895,,,,
,,992,0.03884032368659973,,,,
,,993,0.030851954594254494,,,,
,,994,0.02870265766978264,,,,
,,995,0.0020998467225581408,,,,
,,996,0.04294327273964882,,,,
,,997,0.04706960171461105,,,,
1,,997,,0.02842864580452442,,,
1,,997,,,0.7274549007415771,0.9519038200378418,0.09517757594585419
2,0.14099162817001343,998,,,,,
2,0.009780560620129108,999,,,,,
2,0.018802961334586143,1000,,,,,
2,0.03462875261902809,1001,,,,,
2,0.04555913060903549,1002,,,,,
2,0.062106337398290634,1003,,,,,
2,0.1177746132016182,1004,,,,,
2,0.01333532016724348,1005,,,,,
2,0.16596372425556183,1006,,,,,
2,0.13122759759426117,1007,,,,,
2,0.09574224799871445,1008,,,,,
2,0.02218482457101345,1009,,,,,
2,0.029400872066617012,1010,,,,,
2,0.07083281129598618,1011,,,,,
2,0.03770085796713829,1012,,,,,
2,0.0347098745405674,1013,,,,,
2,0.08705155551433563,1014,,,,,
2,0.031220098957419395,1015,,,,,
2,0.037428420037031174,1016,,,,,
2,0.0031429454684257507,1017,,,,,
2,0.043687544763088226,1018,,,,,
2,0.040076836943626404,1019,,,,,
2,0.01638970710337162,1020,,,,,
2,0.12243836373090744,1021,,,,,
2,0.08250831067562103,1022,,,,,
2,0.004164074081927538,1023,,,,,
2,0.021871067583560944,1024,,,,,
2,0.019504066556692123,1025,,,,,
2,0.21203449368476868,1026,,,,,
2,0.012854831293225288,1027,,,,,
2,0.02758774347603321,1028,,,,,
2,0.023639513179659843,1029,,,,,
2,0.1855829805135727,1030,,,,,
2,0.041487954556941986,1031,,,,,
2,0.03610048443078995,1032,,,,,
2,0.047861047089099884,1033,,,,,
2,0.030856961384415627,1034,,,,,
2,0.011980523355305195,1035,,,,,
2,0.1065918579697609,1036,,,,,
2,0.3333773612976074,1037,,,,,
2,0.09810681641101837,1038,,,,,
2,0.0044112978503108025,1039,,,,,
2,0.006182772573083639,1040,,,,,
2,0.1132422536611557,1041,,,,,
2,0.01687001809477806,1042,,,,,
2,0.010491727851331234,1043,,,,,
2,0.05753223970532417,1044,,,,,
2,0.005884964019060135,1045,,,,,
2,0.1293286383152008,1046,,,,,
2,0.020512782037258148,1047,,,,,
2,0.02195304073393345,1048,,,,,
2,0.01589096151292324,1049,,,,,
2,0.1234508529305458,1050,,,,,
2,0.006131993141025305,1051,,,,,
2,0.01379520446062088,1052,,,,,
2,0.173562690615654,1053,,,,,
2,0.04493794962763786,1054,,,,,
2,0.0031651698518544436,1055,,,,,
2,0.018013885244727135,1056,,,,,
2,0.01963948644697666,1057,,,,,
2,0.011067613027989864,1058,,,,,
2,0.09326528012752533,1059,,,,,
2,0.11248964071273804,1060,,,,,
2,0.058356352150440216,1061,,,,,
2,0.005063822492957115,1062,,,,,
2,0.04283106327056885,1063,,,,,
2,0.019766883924603462,1064,,,,,
2,0.0225667841732502,1065,,,,,
2,0.01019468903541565,1066,,,,,
2,0.009302156046032906,1067,,,,,
2,0.017608946189284325,1068,,,,,
2,0.004437049850821495,1069,,,,,
2,0.058640364557504654,1070,,,,,
2,0.024371663108468056,1071,,,,,
2,0.07801719009876251,1072,,,,,
2,0.06413299590349197,1073,,,,,
2,0.018664229661226273,1074,,,,,
2,0.04242921993136406,1075,,,,,
2,0.0162812452763319,1076,,,,,
2,0.04876948520541191,1077,,,,,
2,0.07191885262727737,1078,,,,,
2,0.1170644760131836,1079,,,,,
2,0.005262398160994053,1080,,,,,
2,0.06751943379640579,1081,,,,,
2,0.03727488964796066,1082,,,,,
2,0.008880327455699444,1083,,,,,
2,0.006089244037866592,1084,,,,,
2,0.1321030557155609,1085,,,,,
2,0.08056418597698212,1086,,,,,
2,0.05100870132446289,1087,,,,,
2,0.028475206345319748,1088,,,,,
2,0.08235586434602737,1089,,,,,
2,0.03229596093297005,1090,,,,,
2,0.019998732954263687,1091,,,,,
2,0.09109193086624146,1092,,,,,
2,0.01158370915800333,1093,,,,,
2,0.037637028843164444,1094,,,,,
2,0.01310338918119669,1095,,,,,
2,0.03481936827301979,1096,,,,,
2,0.028029069304466248,1097,,,,,
2,0.05510995537042618,1098,,,,,
2,0.0533846840262413,1099,,,,,
2,0.15787319839000702,1100,,,,,
2,0.1412341296672821,1101,,,,,
2,0.008141061291098595,1102,,,,,
2,0.04966633394360542,1103,,,,,
2,0.12100430577993393,1104,,,,,
2,0.11542190611362457,1105,,,,,
2,0.017290158197283745,1106,,,,,
2,0.01926390267908573,1107,,,,,
2,0.061777301132678986,1108,,,,,
2,0.048871032893657684,1109,,,,,
2,0.03534659743309021,1110,,,,,
2,0.046306658536195755,1111,,,,,
2,0.33867985010147095,1112,,,,,
2,0.02072017826139927,1113,,,,,
2,0.04408709704875946,1114,,,,,
2,0.013362167403101921,1115,,,,,
2,0.018041618168354034,1116,,,,,
2,0.06016233190894127,1117,,,,,
2,0.07478565722703934,1118,,,,,
2,0.06321153789758682,1119,,,,,
2,0.02780059352517128,1120,,,,,
2,0.03927399590611458,1121,,,,,
2,0.15076009929180145,1122,,,,,
2,0.012877716682851315,1123,,,,,
2,0.036775197833776474,1124,,,,,
2,0.008129113353788853,1125,,,,,
2,0.019992724061012268,1126,,,,,
2,0.02798873372375965,1127,,,,,
2,0.07080995291471481,1128,,,,,
2,0.05583575367927551,1129,,,,,
2,0.018778476864099503,1130,,,,,
2,0.026711031794548035,1131,,,,,
2,0.03334604203701019,1132,,,,,
2,0.019341696053743362,1133,,,,,
2,0.06472073495388031,1134,,,,,
2,0.03551344946026802,1135,,,,,
2,0.006237066350877285,1136,,,,,
2,0.006211674772202969,1137,,,,,
2,0.0635441318154335,1138,,,,,
2,0.07756977528333664,1139,,,,,
2,0.060997866094112396,1140,,,,,
2,0.13735134899616241,1141,,,,,
2,0.07910119742155075,1142,,,,,
2,0.0658654049038887,1143,,,,,
2,0.06729190796613693,1144,,,,,
2,0.11954640597105026,1145,,,,,
2,0.09800819307565689,1146,,,,,
2,0.011450154706835747,1147,,,,,
2,0.020682303234934807,1148,,,,,
2,0.017249032855033875,1149,,,,,
2,0.016892073675990105,1150,,,,,
2,0.02863340824842453,1151,,,,,
2,0.015928370878100395,1152,,,,,
2,0.004932740703225136,1153,,,,,
2,0.01995674893260002,1154,,,,,
2,0.06889858096837997,1155,,,,,
2,0.011047674342989922,1156,,,,,
2,0.08793514966964722,1157,,,,,
2,0.00971578061580658,1158,,,,,
2,0.016489144414663315,1159,,,,,
2,0.006058539263904095,1160,,,,,
2,0.020692501217126846,1161,,,,,
2,0.03224073722958565,1162,,,,,
2,0.009753944352269173,1163,,,,,
2,0.015265874564647675,1164,,,,,
2,0.023024965077638626,1165,,,,,
2,0.004442941397428513,1166,,,,,
2,0.1869058758020401,1167,,,,,
2,0.02880794368684292,1168,,,,,
2,0.0033199952449649572,1169,,,,,
2,0.035054050385951996,1170,,,,,
2,0.16263768076896667,1171,,,,,
2,0.09126308560371399,1172,,,,,
2,0.007821357809007168,1173,,,,,
2,0.017710009589791298,1174,,,,,
2,0.009059090167284012,1175,,,,,
2,0.042129889130592346,1176,,,,,
2,0.024457165971398354,1177,,,,,
2,0.10885201394557953,1178,,,,,
2,0.09345696866512299,1179,,,,,
2,0.012164048850536346,1180,,,,,
2,0.32216525077819824,1181,,,,,
2,0.022785501554608345,1182,,,,,
2,0.008136909455060959,1183,,,,,
2,0.12669429183006287,1184,,,,,
2,0.06808032095432281,1185,,,,,
2,0.027023395523428917,1186,,,,,
2,0.011892037466168404,1187,,,,,
2,0.008883829228579998,1188,,,,,
2,0.018599309027194977,1189,,,,,
2,0.01101457979530096,1190,,,,,
2,0.014697782695293427,1191,,,,,
2,0.0407792292535305,1192,,,,,
2,0.0228243637830019,1193,,,,,
2,0.010498935356736183,1194,,,,,
2,0.1206492930650711,1195,,,,,
2,0.02699298970401287,1196,,,,,
2,0.03188306465744972,1197,,,,,
2,0.06876570731401443,1198,,,,,
2,0.016197605058550835,1199,,,,,
2,0.005722337868064642,1200,,,,,
2,0.009488346986472607,1201,,,,,
2,0.022678392007946968,1202,,,,,
2,0.02587168663740158,1203,,,,,
2,0.04634403437376022,1204,,,,,
2,0.048962850123643875,1205,,,,,
2,0.08450692892074585,1206,,,,,
2,0.007746556773781776,1207,,,,,
2,0.02286335453391075,1208,,,,,
2,0.005870502442121506,1209,,,,,
2,0.07112102210521698,1210,,,,,
2,0.0034544705413281918,1211,,,,,
2,0.0598018579185009,1212,,,,,
2,0.03159566968679428,1213,,,,,
2,0.29399174451828003,1214,,,,,
2,0.02018001675605774,1215,,,,,
2,0.01791396178305149,1216,,,,,
2,0.01863408274948597,1217,,,,,
2,0.01887986622750759,1218,,,,,
2,0.04426538199186325,1219,,,,,
2,0.0063469260931015015,1220,,,,,
2,0.07352310419082642,1221,,,,,
2,0.03785686939954758,1222,,,,,
2,0.03515463322401047,1223,,,,,
2,0.14919528365135193,1224,,,,,
2,0.10635582357645035,1225,,,,,
2,0.018378861248493195,1226,,,,,
2,0.07304229587316513,1227,,,,,
2,0.048072509467601776,1228,,,,,
2,0.012105511501431465,1229,,,,,
2,0.03085208311676979,1230,,,,,
2,0.1474282592535019,1231,,,,,
2,0.01565077342092991,1232,,,,,
2,0.11214406788349152,1233,,,,,
2,0.01351867150515318,1234,,,,,
2,0.06986336410045624,1235,,,,,
2,0.030591802671551704,1236,,,,,
2,0.03598707169294357,1237,,,,,
2,0.3014177978038788,1238,,,,,
2,0.2939620614051819,1239,,,,,
2,0.009307724423706532,1240,,,,,
2,0.08448664844036102,1241,,,,,
2,0.051151473075151443,1242,,,,,
2,0.01230265386402607,1243,,,,,
2,0.03865194693207741,1244,,,,,
2,0.029221486300230026,1245,,,,,
2,0.0416787751019001,1246,,,,,
2,0.024973120540380478,1247,,,,,
2,0.014483476057648659,1248,,,,,
2,0.024544334039092064,1249,,,,,
2,0.009862619452178478,1250,,,,,
2,0.049717895686626434,1251,,,,,
2,0.10042834281921387,1252,,,,,
2,0.05451953411102295,1253,,,,,
2,0.026834778487682343,1254,,,,,
2,0.029643282294273376,1255,,,,,
2,0.017534539103507996,1256,,,,,
2,0.017542438581585884,1257,,,,,
2,0.02267296425998211,1258,,,,,
2,0.01631544530391693,1259,,,,,
2,0.13436639308929443,1260,,,,,
2,0.06545934826135635,1261,,,,,
2,0.08624309301376343,1262,,,,,
2,0.04403737932443619,1263,,,,,
2,0.022821923717856407,1264,,,,,
2,0.021409105509519577,1265,,,,,
2,0.05366009101271629,1266,,,,,
2,0.02895253896713257,1267,,,,,
2,0.010909848846495152,1268,,,,,
2,0.07046908885240555,1269,,,,,
2,0.00345803564414382,1270,,,,,
2,0.00892223883420229,1271,,,,,
2,0.12557873129844666,1272,,,,,
2,0.05136391520500183,1273,,,,,
2,0.03390926867723465,1274,,,,,
2,0.06459606438875198,1275,,,,,
2,0.010679814033210278,1276,,,,,
2,0.02496744878590107,1277,,,,,
2,0.08648741245269775,1278,,,,,
2,0.021884098649024963,1279,,,,,
2,0.011575507000088692,1280,,,,,
2,0.026136772707104683,1281,,,,,
2,0.03906041756272316,1282,,,,,
2,0.024711700156331062,1283,,,,,
2,0.010589254088699818,1284,,,,,
2,0.024572858586907387,1285,,,,,
2,0.06031009554862976,1286,,,,,
2,0.20372767746448517,1287,,,,,
2,0.03938063606619835,1288,,,,,
2,0.02442196197807789,1289,,,,,
2,0.016358759254217148,1290,,,,,
2,0.16680081188678741,1291,,,,,
2,0.08339571207761765,1292,,,,,
2,0.1567719727754593,1293,,,,,
2,0.04717745631933212,1294,,,,,
2,0.040381114929914474,1295,,,,,
2,0.20925791561603546,1296,,,,,
2,0.04145336151123047,1297,,,,,
2,0.028878366574645042,1298,,,,,
2,0.004476298112422228,1299,,,,,
2,0.023840095847845078,1300,,,,,
2,0.03265100717544556,1301,,,,,
2,0.015246579423546791,1302,,,,,
2,0.018745623528957367,1303,,,,,
2,0.10171346366405487,1304,,,,,
2,0.02461537905037403,1305,,,,,
2,0.09556601941585541,1306,,,,,
2,0.04593854397535324,1307,,,,,
2,0.014849166385829449,1308,,,,,
2,0.08600577712059021,1309,,,,,
2,0.06926118582487106,1310,,,,,
2,0.058273185044527054,1311,,,,,
2,0.049036022275686264,1312,,,,,
2,0.04680817574262619,1313,,,,,
2,0.01705436408519745,1314,,,,,
2,0.13959668576717377,1315,,,,,
2,0.017645901069045067,1316,,,,,
2,0.006048370618373156,1317,,,,,
2,0.15606313943862915,1318,,,,,
2,0.028006717562675476,1319,,,,,
2,0.1722441166639328,1320,,,,,
2,0.011222591623663902,1321,,,,,
2,0.01914750225841999,1322,,,,,
2,0.0077033513225615025,1323,,,,,
2,0.01716303452849388,1324,,,,,
2,0.10026232153177261,1325,,,,,
2,0.024116771295666695,1326,,,,,
2,0.23715148866176605,1327,,,,,
2,0.021181637421250343,1328,,,,,
2,0.05507240444421768,1329,,,,,
2,0.015232506208121777,1330,,,,,
2,0.02803046628832817,1331,,,,,
2,0.06541495770215988,1332,,,,,
2,0.08863724023103714,1333,,,,,
2,0.09761542081832886,1334,,,,,
2,0.0707336962223053,1335,,,,,
2,0.0035024303942918777,1336,,,,,
2,0.022209206596016884,1337,,,,,
2,0.05665783956646919,1338,,,,,
2,0.01890079863369465,1339,,,,,
2,0.08220253139734268,1340,,,,,
2,0.025228386744856834,1341,,,,,
2,0.027497513219714165,1342,,,,,
2,0.0038221306167542934,1343,,,,,
2,0.004650898277759552,1344,,,,,
2,1.488255500793457,1345,,,,,
2,0.026357779279351234,1346,,,,,
2,0.01347835548222065,1347,,,,,
2,0.020243939012289047,1348,,,,,
2,0.07447721809148788,1349,,,,,
2,0.04868125915527344,1350,,,,,
2,0.05063188076019287,1351,,,,,
2,0.027140485122799873,1352,,,,,
2,0.01762090064585209,1353,,,,,
2,0.0358194038271904,1354,,,,,
2,0.01657145284116268,1355,,,,,
2,0.00904102623462677,1356,,,,,
2,0.002266715979203582,1357,,,,,
2,0.021048761904239655,1358,,,,,
2,0.10935211181640625,1359,,,,,
2,0.08585009723901749,1360,,,,,
2,0.024139249697327614,1361,,,,,
2,0.07177778333425522,1362,,,,,
2,0.028126340359449387,1363,,,,,
2,0.011635256931185722,1364,,,,,
2,0.03725551441311836,1365,,,,,
2,0.006575061473995447,1366,,,,,
2,0.012270074337720871,1367,,,,,
2,0.031599171459674835,1368,,,,,
2,0.024529581889510155,1369,,,,,
2,0.1150187999010086,1370,,,,,
2,0.016763221472501755,1371,,,,,
2,0.018912339583039284,1372,,,,,
2,0.007276742719113827,1373,,,,,
2,0.011428137309849262,1374,,,,,
2,0.021200597286224365,1375,,,,,
2,0.048509448766708374,1376,,,,,
2,0.00603859405964613,1377,,,,,
2,0.013035433366894722,1378,,,,,
2,0.02459762990474701,1379,,,,,
2,0.024038594216108322,1380,,,,,
2,0.011846515350043774,1381,,,,,
2,0.02588728442788124,1382,,,,,
2,0.03372672200202942,1383,,,,,
2,0.028959203511476517,1384,,,,,
2,0.0009069524821825325,1385,,,,,
2,0.0045655881986021996,1386,,,,,
2,0.014849781058728695,1387,,,,,
2,0.0010718345874920487,1388,,,,,
2,0.007880255579948425,1389,,,,,
2,0.0018135213758796453,1390,,,,,
2,0.0023224095348268747,1391,,,,,
2,0.016210727393627167,1392,,,,,
2,0.003933312371373177,1393,,,,,
2,0.004321858752518892,1394,,,,,
2,0.3385564386844635,1395,,,,,
2,0.039710383862257004,1396,,,,,
2,0.004589289892464876,1397,,,,,
2,0.007113028317689896,1398,,,,,
2,0.04108147323131561,1399,,,,,
2,0.0788995698094368,1400,,,,,
2,0.01203866396099329,1401,,,,,
2,0.0019435202702879906,1402,,,,,
2,0.005831425078213215,1403,,,,,
2,0.11145775765180588,1404,,,,,
2,0.21943886578083038,1405,,,,,
2,0.0017354377778246999,1406,,,,,
2,0.0213642455637455,1407,,,,,
2,0.1099945679306984,1408,,,,,
2,0.016957178711891174,1409,,,,,
2,0.0009837981779128313,1410,,,,,
2,0.0947951227426529,1411,,,,,
2,0.019858907908201218,1412,,,,,
2,0.06087884679436684,1413,,,,,
2,0.16772224009037018,1414,,,,,
2,0.04826580360531807,1415,,,,,
2,0.016872545704245567,1416,,,,,
2,0.03667081147432327,1417,,,,,
2,0.005840322934091091,1418,,,,,
2,0.04412561282515526,1419,,,,,
2,0.016252152621746063,1420,,,,,
2,0.04200977459549904,1421,,,,,
2,0.08541446924209595,1422,,,,,
2,0.04311857745051384,1423,,,,,
2,0.10109686106443405,1424,,,,,
2,0.002867424162104726,1425,,,,,
2,0.01785006746649742,1426,,,,,
2,0.09866458922624588,1427,,,,,
2,0.013450722210109234,1428,,,,,
2,0.046941451728343964,1429,,,,,
2,0.008607041090726852,1430,,,,,
2,0.02415931224822998,1431,,,,,
2,0.042977266013622284,1432,,,,,
2,0.015878193080425262,1433,,,,,
2,0.08642455190420151,1434,,,,,
2,0.06959838420152664,1435,,,,,
2,0.061494793742895126,1436,,,,,
2,0.22104398906230927,1437,,,,,
2,0.03800683468580246,1438,,,,,
2,0.006930894684046507,1439,,,,,
2,0.026164965704083443,1440,,,,,
2,0.018519064411520958,1441,,,,,
2,0.05666229873895645,1442,,,,,
2,0.008728786371648312,1443,,,,,
2,0.06421753764152527,1444,,,,,
2,0.018254082649946213,1445,,,,,
2,0.010538320988416672,1446,,,,,
2,0.42341500520706177,1447,,,,,
2,0.023610346019268036,1448,,,,,
2,0.021408686414361,1449,,,,,
2,0.0044158101081848145,1450,,,,,
2,0.03183390945196152,1451,,,,,
2,0.036262787878513336,1452,,,,,
2,0.0039994134567677975,1453,,,,,
2,0.014589640311896801,1454,,,,,
2,0.028283927589654922,1455,,,,,
2,0.0014370990684255958,1456,,,,,
2,0.0039958045817911625,1457,,,,,
2,0.011333042755723,1458,,,,,
2,0.005244505126029253,1459,,,,,
2,0.1074858233332634,1460,,,,,
2,0.052415717393159866,1461,,,,,
2,0.011049380525946617,1462,,,,,
2,0.0839880034327507,1463,,,,,
2,0.020734407007694244,1464,,,,,
2,0.0027091021183878183,1465,,,,,
2,0.005209216848015785,1466,,,,,
2,0.024936523288488388,1467,,,,,
2,0.1314382255077362,1468,,,,,
2,0.013172650709748268,1469,,,,,
2,0.015763655304908752,1470,,,,,
2,0.5055021047592163,1471,,,,,
2,0.09566836059093475,1472,,,,,
2,0.020734956488013268,1473,,,,,
2,0.11509432643651962,1474,,,,,
2,0.023901674896478653,1475,,,,,
2,0.07050871104001999,1476,,,,,
2,0.06207243353128433,1477,,,,,
2,0.11963814496994019,1478,,,,,
2,0.007311209104955196,1479,,,,,
2,0.007805008441209793,1480,,,,,
2,0.049978047609329224,1481,,,,,
2,0.08470620214939117,1482,,,,,
2,0.14726309478282928,1483,,,,,
2,0.014466753229498863,1484,,,,,
2,0.1043303832411766,1485,,,,,
2,0.057765886187553406,1486,,,,,
2,0.23323483765125275,1487,,,,,
2,0.07339608669281006,1488,,,,,
2,0.023621805012226105,1489,,,,,
2,0.04357197880744934,1490,,,,,
2,0.027413148432970047,1491,,,,,
2,0.03238365799188614,1492,,,,,
2,0.031013567000627518,1493,,,,,
2,0.06354767084121704,1494,,,,,
2,0.1884092092514038,1495,,,,,
2,0.0390201136469841,1496,,,,,
,,998,0.01816265657544136,,,,
,,999,0.016104944050312042,,,,
,,1000,0.04395857825875282,,,,
,,1001,0.021848971024155617,,,,
,,1002,0.012592973187565804,,,,
,,1003,0.03662991151213646,,,,
,,1004,0.030542412772774696,,,,
,,1005,0.03120374120771885,,,,
,,1006,0.008703937754034996,,,,
,,1007,0.02216462977230549,,,,
,,1008,0.03475504368543625,,,,
,,1009,0.018369784578680992,,,,
,,1010,0.03566887974739075,,,,
,,1011,0.016596196219325066,,,,
,,1012,0.02422901801764965,,,,
,,1013,0.03086588717997074,,,,
,,1014,0.014597766101360321,,,,
,,1015,0.12583132088184357,,,,
,,1016,0.03699853643774986,,,,
,,1017,0.022434094920754433,,,,
,,1018,0.006974124349653721,,,,
,,1019,0.032889626920223236,,,,
,,1020,0.01130932942032814,,,,
,,1021,0.030278628692030907,,,,
,,1022,0.023025071248412132,,,,
,,1023,0.028978414833545685,,,,
,,1024,0.022291099652647972,,,,
,,1025,0.017086774110794067,,,,
,,1026,0.012696148827672005,,,,
,,1027,0.02044803276658058,,,,
,,1028,0.025766441598534584,,,,
,,1029,0.03275562822818756,,,,
,,1030,0.059105366468429565,,,,
,,1031,0.022245345637202263,,,,
,,1032,0.007091093808412552,,,,
,,1033,0.015081020072102547,,,,
,,1034,0.04776283726096153,,,,
,,1035,0.013206331059336662,,,,
,,1036,0.016470635309815407,,,,
,,1037,0.05643361434340477,,,,
,,1038,0.02929781563580036,,,,
,,1039,0.01351873017847538,,,,
,,1040,0.015427662059664726,,,,
,,1041,0.14077389240264893,,,,
,,1042,0.03279509395360947,,,,
,,1043,0.01875470206141472,,,,
,,1044,0.029619012027978897,,,,
,,1045,0.010806811973452568,,,,
,,1046,0.026107238605618477,,,,
,,1047,0.06071106716990471,,,,
,,1048,0.02286330796778202,,,,
,,1049,0.05604343116283417,,,,
,,1050,0.0386042520403862,,,,
,,1051,0.016457267105579376,,,,
,,1052,0.027770856395363808,,,,
,,1053,0.026645176112651825,,,,
,,1054,0.04196050018072128,,,,
,,1055,0.05668848007917404,,,,
,,1056,0.05695750564336777,,,,
,,1057,0.030018487945199013,,,,
,,1058,0.009363653138279915,,,,
,,1059,0.00462898937985301,,,,
,,1060,0.039549343287944794,,,,
,,1061,0.026885047554969788,,,,
,,1062,0.02416258305311203,,,,
,,1063,0.061982154846191406,,,,
,,1064,0.02677489072084427,,,,
,,1065,0.017182379961013794,,,,
,,1066,0.01990954577922821,,,,
,,1067,0.17542997002601624,,,,
,,1068,0.033674899488687515,,,,
,,1069,0.035980913788080215,,,,
,,1070,0.033565085381269455,,,,
,,1071,0.014839550480246544,,,,
,,1072,0.14149609208106995,,,,
,,1073,0.05637287348508835,,,,
,,1074,0.021310290321707726,,,,
,,1075,0.04336651414632797,,,,
,,1076,0.03726877644658089,,,,
,,1077,0.016341332346200943,,,,
,,1078,0.028818799182772636,,,,
,,1079,0.06285874545574188,,,,
,,1080,0.02705352194607258,,,,
,,1081,0.05699913576245308,,,,
,,1082,0.045617375522851944,,,,
,,1083,0.03197770565748215,,,,
,,1084,0.010657504200935364,,,,
,,1085,0.008676059544086456,,,,
,,1086,0.010662488639354706,,,,
,,1087,0.0278577022254467,,,,
,,1088,0.03113909438252449,,,,
,,1089,0.028732629492878914,,,,
,,1090,0.02731873095035553,,,,
,,1091,0.01846688613295555,,,,
,,1092,0.14973829686641693,,,,
,,1093,0.13468746840953827,,,,
,,1094,0.032322291284799576,,,,
,,1095,0.029965249821543694,,,,
,,1096,0.2893013060092926,,,,
,,1097,0.012865867465734482,,,,
,,1098,0.03713690862059593,,,,
,,1099,0.0469595342874527,,,,
,,1100,0.021267155185341835,,,,
,,1101,0.06201200932264328,,,,
,,1102,0.06983806192874908,,,,
,,1103,0.03282910957932472,,,,
,,1104,0.031324587762355804,,,,
,,1105,0.036814820021390915,,,,
,,1106,0.04259799048304558,,,,
,,1107,0.04396185651421547,,,,
,,1108,0.05047769099473953,,,,
,,1109,0.041250523179769516,,,,
,,1110,0.04010552540421486,,,,
,,1111,0.01996944472193718,,,,
,,1112,0.06762119382619858,,,,
,,1113,0.030895590782165527,,,,
,,1114,0.020734410732984543,,,,
,,1115,0.025757476687431335,,,,
,,1116,0.0383569672703743,,,,
,,1117,0.022323060780763626,,,,
,,1118,0.02338438481092453,,,,
,,1119,0.12783722579479218,,,,
,,1120,0.054868269711732864,,,,
,,1121,0.07353532314300537,,,,
,,1122,0.0588674321770668,,,,
,,1123,0.017788877710700035,,,,
,,1124,0.01865154132246971,,,,
,,1125,0.040617410093545914,,,,
,,1126,0.04317888617515564,,,,
,,1127,0.039415501058101654,,,,
,,1128,0.06610892713069916,,,,
,,1129,0.02404089644551277,,,,
,,1130,0.03509676083922386,,,,
,,1131,0.03377404808998108,,,,
,,1132,0.05512269213795662,,,,
,,1133,0.03929688781499863,,,,
,,1134,0.08013951778411865,,,,
,,1135,0.062185343354940414,,,,
,,1136,0.03615540638566017,,,,
,,1137,0.016014063730835915,,,,
,,1138,0.014600197784602642,,,,
,,1139,0.036546580493450165,,,,
,,1140,0.02391192689538002,,,,
,,1141,0.04518986493349075,,,,
,,1142,0.05084158852696419,,,,
,,1143,0.0368228517472744,,,,
,,1144,0.025453349575400352,,,,
,,1145,0.16315145790576935,,,,
,,1146,0.038135405629873276,,,,
,,1147,0.032606013119220734,,,,
,,1148,0.01058956328779459,,,,
,,1149,0.020069226622581482,,,,
,,1150,0.025478074327111244,,,,
,,1151,0.019832637161016464,,,,
,,1152,0.042873792350292206,,,,
,,1153,0.06713535636663437,,,,
,,1154,0.06703869998455048,,,,
,,1155,0.01688213460147381,,,,
,,1156,0.03244230896234512,,,,
,,1157,0.022558405995368958,,,,
,,1158,0.04014773294329643,,,,
,,1159,0.06827545911073685,,,,
,,1160,0.04089541733264923,,,,
,,1161,0.07868072390556335,,,,
,,1162,0.36237818002700806,,,,
,,1163,0.00898389145731926,,,,
,,1164,0.05436583235859871,,,,
,,1165,0.040984176099300385,,,,
,,1166,0.022840315476059914,,,,
,,1167,0.022745370864868164,,,,
,,1168,0.02273775450885296,,,,
,,1169,0.029558788985013962,,,,
,,1170,0.034453582018613815,,,,
,,1171,0.021941421553492546,,,,
,,1172,0.13134698569774628,,,,
,,1173,0.14784015715122223,,,,
,,1174,0.03711619973182678,,,,
,,1175,0.041777417063713074,,,,
,,1176,0.011748840101063251,,,,
,,1177,0.058983638882637024,,,,
,,1178,0.031037813052535057,,,,
,,1179,0.04374837502837181,,,,
,,1180,0.026704879477620125,,,,
,,1181,0.043948449194431305,,,,
,,1182,0.04510635510087013,,,,
,,1183,0.03267112374305725,,,,
,,1184,0.036561790853738785,,,,
,,1185,0.03169241547584534,,,,
,,1186,0.07218331098556519,,,,
,,1187,0.08937596529722214,,,,
,,1188,0.111866295337677,,,,
,,1189,0.030009008944034576,,,,
,,1190,0.059454530477523804,,,,
,,1191,0.006406598258763552,,,,
,,1192,0.021893732249736786,,,,
,,1193,0.05717578902840614,,,,
,,1194,0.022446511313319206,,,,
,,1195,0.020269859582185745,,,,
,,1196,0.030130619183182716,,,,
,,1197,0.02273615263402462,,,,
,,1198,0.06058870255947113,,,,
,,1199,0.1742125302553177,,,,
,,1200,0.03782867640256882,,,,
,,1201,0.054840631783008575,,,,
,,1202,0.021871769800782204,,,,
,,1203,0.0627351626753807,,,,
,,1204,0.02175603248178959,,,,
,,1205,0.0615072101354599,,,,
,,1206,0.07475804537534714,,,,
,,1207,0.04705163463950157,,,,
,,1208,0.03673158586025238,,,,
,,1209,0.021433549001812935,,,,
,,1210,0.044739216566085815,,,,
,,1211,0.06820185482501984,,,,
,,1212,0.0400865338742733,,,,
,,1213,0.07900699973106384,,,,
,,1214,0.02789432182908058,,,,
,,1215,0.033766984939575195,,,,
,,1216,0.04128308966755867,,,,
,,1217,0.00982706993818283,,,,
,,1218,0.026886938139796257,,,,
,,1219,0.061355166137218475,,,,
,,1220,0.02177947573363781,,,,
,,1221,0.2615516185760498,,,,
,,1222,0.021952742710709572,,,,
,,1223,0.01728055812418461,,,,
,,1224,0.14379404485225677,,,,
,,1225,0.14401236176490784,,,,
,,1226,0.05015115067362785,,,,
,,1227,0.02732189930975437,,,,
,,1228,0.009999595582485199,,,,
,,1229,0.031823381781578064,,,,
,,1230,0.03672231361269951,,,,
,,1231,0.014064750634133816,,,,
,,1232,0.017109572887420654,,,,
,,1233,0.027146214619278908,,,,
,,1234,0.029792681336402893,,,,
,,1235,0.0199871975928545,,,,
,,1236,0.02746799774467945,,,,
,,1237,0.03878351300954819,,,,
,,1238,0.025426359847187996,,,,
,,1239,0.04649375006556511,,,,
,,1240,0.03296936675906181,,,,
,,1241,0.03165307641029358,,,,
,,1242,0.06448103487491608,,,,
,,1243,0.020014846697449684,,,,
,,1244,0.021640026941895485,,,,
,,1245,0.046679653227329254,,,,
,,1246,0.027007844299077988,,,,
,,1247,0.023416517302393913,,,,
,,1248,0.019089622423052788,,,,
,,1249,0.13886815309524536,,,,
,,1250,0.012633883394300938,,,,
,,1251,0.09057948738336563,,,,
,,1252,0.02345305122435093,,,,
,,1253,0.05521656200289726,,,,
,,1254,0.02799317054450512,,,,
,,1255,0.03092079795897007,,,,
,,1256,0.005195378325879574,,,,
,,1257,0.010832208208739758,,,,
,,1258,0.05184103921055794,,,,
,,1259,0.025447549298405647,,,,
,,1260,0.014309273101389408,,,,
,,1261,0.011948334984481335,,,,
,,1262,0.021979641169309616,,,,
,,1263,0.032570794224739075,,,,
,,1264,0.010198870673775673,,,,
,,1265,0.025223923847079277,,,,
,,1266,0.059638507664203644,,,,
,,1267,0.02995578572154045,,,,
,,1268,0.014537780545651913,,,,
,,1269,0.014464455656707287,,,,
,,1270,0.02047722041606903,,,,
,,1271,0.056443095207214355,,,,
,,1272,0.00978967547416687,,,,
,,1273,0.013024317100644112,,,,
,,1274,0.012544102035462856,,,,
,,1275,0.019004737958312035,,,,
,,1276,0.031815528869628906,,,,
,,1277,0.14951540529727936,,,,
,,1278,0.03012961521744728,,,,
,,1279,0.01257934421300888,,,,
,,1280,0.005008638370782137,,,,
,,1281,0.009921102784574032,,,,
,,1282,0.013232158496975899,,,,
,,1283,0.020728331059217453,,,,
,,1284,0.057668883353471756,,,,
,,1285,0.04304007440805435,,,,
,,1286,0.031365253031253815,,,,
,,1287,0.07629592716693878,,,,
,,1288,0.02022591233253479,,,,
,,1289,0.054880641400814056,,,,
,,1290,0.02655431441962719,,,,
,,1291,0.06115340813994408,,,,
,,1292,0.047917455434799194,,,,
,,1293,0.009298146702349186,,,,
,,1294,0.019072161987423897,,,,
,,1295,0.016451511532068253,,,,
,,1296,0.02971983514726162,,,,
,,1297,0.0617934875190258,,,,
,,1298,0.015243877656757832,,,,
,,1299,0.017400754615664482,,,,
,,1300,0.027153709903359413,,,,
,,1301,0.13433143496513367,,,,
,,1302,0.12755148112773895,,,,
,,1303,0.02096499688923359,,,,
,,1304,0.017539510503411293,,,,
,,1305,0.011298676021397114,,,,
,,1306,0.007466861512511969,,,,
,,1307,0.028169846162199974,,,,
,,1308,0.05951210856437683,,,,
,,1309,0.02223467081785202,,,,
,,1310,0.044216930866241455,,,,
,,1311,0.029499107971787453,,,,
,,1312,0.009897037409245968,,,,
,,1313,0.016149839386343956,,,,
,,1314,0.059987254440784454,,,,
,,1315,0.029820699244737625,,,,
,,1316,0.0722590908408165,,,,
,,1317,0.06545016914606094,,,,
,,1318,0.03921184688806534,,,,
,,1319,0.04008093476295471,,,,
,,1320,0.006974917836487293,,,,
,,1321,0.021284401416778564,,,,
,,1322,0.015209415927529335,,,,
,,1323,0.02265256643295288,,,,
,,1324,0.03440199792385101,,,,
,,1325,0.013943017460405827,,,,
,,1326,0.032561324536800385,,,,
,,1327,0.022169625386595726,,,,
,,1328,0.19023510813713074,,,,
,,1329,0.042309779673814774,,,,
,,1330,0.050651974976062775,,,,
,,1331,0.009142397902905941,,,,
,,1332,0.017239410430192947,,,,
,,1333,0.055097755044698715,,,,
,,1334,0.03282654285430908,,,,
,,1335,0.018252819776535034,,,,
,,1336,0.025592409074306488,,,,
,,1337,0.02119862474501133,,,,
,,1338,0.02015303075313568,,,,
,,1339,0.02614903450012207,,,,
,,1340,0.03656505420804024,,,,
,,1341,0.03154352307319641,,,,
,,1342,0.04901862144470215,,,,
,,1343,0.03957713767886162,,,,
,,1344,0.013148288242518902,,,,
,,1345,0.3016054928302765,,,,
,,1346,0.01288131158798933,,,,
,,1347,0.045019205659627914,,,,
,,1348,0.031180864199995995,,,,
,,1349,0.02725726179778576,,,,
,,1350,0.05061321705579758,,,,
,,1351,0.02779220975935459,,,,
,,1352,0.024641292169690132,,,,
,,1353,0.12233790755271912,,,,
,,1354,0.11103105545043945,,,,
,,1355,0.022064514458179474,,,,
,,1356,0.05818144604563713,,,,
,,1357,0.009106317535042763,,,,
,,1358,0.056100137531757355,,,,
,,1359,0.11015542596578598,,,,
,,1360,0.009551281109452248,,,,
,,1361,0.00960894301533699,,,,
,,1362,0.05455303192138672,,,,
,,1363,0.017763007432222366,,,,
,,1364,0.019761279225349426,,,,
,,1365,0.018882330507040024,,,,
,,1366,0.02406667172908783,,,,
,,1367,0.017620231956243515,,,,
,,1368,0.029141485691070557,,,,
,,1369,0.04004676267504692,,,,
,,1370,0.03775300458073616,,,,
,,1371,0.012661950662732124,,,,
,,1372,0.02954055927693844,,,,
,,1373,0.013102245517075062,,,,
,,1374,0.026573311537504196,,,,
,,1375,0.022555379197001457,,,,
,,1376,0.021041924133896828,,,,
,,1377,0.024584997445344925,,,,
,,1378,0.013994968496263027,,,,
,,1379,0.13493618369102478,,,,
,,1380,0.036604851484298706,,,,
,,1381,0.08032368868589401,,,,
,,1382,0.05709899589419365,,,,
,,1383,0.02152813971042633,,,,
,,1384,0.04008923098444939,,,,
,,1385,0.02002600021660328,,,,
,,1386,0.03263278305530548,,,,
,,1387,0.06168438121676445,,,,
,,1388,0.053787220269441605,,,,
,,1389,0.03029814548790455,,,,
,,1390,0.03453618660569191,,,,
,,1391,0.06042874604463577,,,,
,,1392,0.06124865263700485,,,,
,,1393,0.0774499922990799,,,,
,,1394,0.07773761451244354,,,,
,,1395,0.06378630548715591,,,,
,,1396,0.041317202150821686,,,,
,,1397,0.01200256310403347,,,,
,,1398,0.06437641382217407,,,,
,,1399,0.039230480790138245,,,,
,,1400,0.01863083615899086,,,,
,,1401,0.019778164103627205,,,,
,,1402,0.03009476698935032,,,,
,,1403,0.021168187260627747,,,,
,,1404,0.02540915459394455,,,,
,,1405,0.13686566054821014,,,,
,,1406,0.015719126909971237,,,,
,,1407,0.023236334323883057,,,,
,,1408,0.012163674458861351,,,,
,,1409,0.005568607244640589,,,,
,,1410,0.01061925571411848,,,,
,,1411,0.01320638693869114,,,,
,,1412,0.020758772268891335,,,,
,,1413,0.055278051644563675,,,,
,,1414,0.05922575667500496,,,,
,,1415,0.019261488690972328,,,,
,,1416,0.018483350053429604,,,,
,,1417,0.019717231392860413,,,,
,,1418,0.05069604143500328,,,,
,,1419,0.024305634200572968,,,,
,,1420,0.04698284715414047,,,,
,,1421,0.00695924274623394,,,,
,,1422,0.03469868749380112,,,,
,,1423,0.040543071925640106,,,,
,,1424,0.015986887738108635,,,,
,,1425,0.017012784257531166,,,,
,,1426,0.01871582865715027,,,,
,,1427,0.018314119428396225,,,,
,,1428,0.026312444359064102,,,,
,,1429,0.14813166856765747,,,,
,,1430,0.018772104755043983,,,,
,,1431,0.10701372474431992,,,,
,,1432,0.12624093890190125,,,,
,,1433,0.020512377843260765,,,,
,,1434,0.014307333156466484,,,,
,,1435,0.008865742944180965,,,,
,,1436,0.035665079951286316,,,,
,,1437,0.020568352192640305,,,,
,,1438,0.030784856528043747,,,,
,,1439,0.0574725978076458,,,,
,,1440,0.03764277324080467,,,,
,,1441,0.017998766154050827,,,,
,,1442,0.03953922912478447,,,,
,,1443,0.024562882259488106,,,,
,,1444,0.03219872713088989,,,,
,,1445,0.05457363277673721,,,,
,,1446,0.09082301706075668,,,,
,,1447,0.00682825967669487,,,,
,,1448,0.026459069922566414,,,,
,,1449,0.005444235168397427,,,,
,,1450,0.01959005557000637,,,,
,,1451,0.01861020363867283,,,,
,,1452,0.021114854142069817,,,,
,,1453,0.020933054387569427,,,,
,,1454,0.022625746205449104,,,,
,,1455,0.03275466337800026,,,,
,,1456,0.021945886313915253,,,,
,,1457,0.028024453669786453,,,,
,,1458,0.3085390031337738,,,,
,,1459,0.034570615738630295,,,,
,,1460,0.035034045577049255,,,,
,,1461,0.025898339226841927,,,,
,,1462,0.027405595406889915,,,,
,,1463,0.044782526791095734,,,,
,,1464,0.058630429208278656,,,,
,,1465,0.06571192294359207,,,,
,,1466,0.05242057517170906,,,,
,,1467,0.023356230929493904,,,,
,,1468,0.06592810153961182,,,,
,,1469,0.03223896026611328,,,,
,,1470,0.042245566844940186,,,,
,,1471,0.05716631934046745,,,,
,,1472,0.05600811913609505,,,,
,,1473,0.010680293664336205,,,,
,,1474,0.0916377380490303,,,,
,,1475,0.060100141912698746,,,,
,,1476,0.017242703586816788,,,,
,,1477,0.03000737726688385,,,,
,,1478,0.02611468732357025,,,,
,,1479,0.03152139112353325,,,,
,,1480,0.03791895881295204,,,,
,,1481,0.1572471708059311,,,,
,,1482,0.013749758712947369,,,,
,,1483,0.033227887004613876,,,,
,,1484,0.0331345796585083,,,,
,,1485,0.05426143854856491,,,,
,,1486,0.01894266903400421,,,,
,,1487,0.11071179062128067,,,,
,,1488,0.019841281697154045,,,,
,,1489,0.02683534286916256,,,,
,,1490,0.04922034591436386,,,,
,,1491,0.05842863768339157,,,,
,,1492,0.034407954663038254,,,,
,,1493,0.0296543687582016,,,,
,,1494,0.03707495331764221,,,,
,,1495,0.03275866433978081,,,,
,,1496,0.03640485182404518,,,,
2,,1496,,0.04145273566246033,,,
2,,1496,,,0.4789579212665558,0.5991984009742737,0.054106585681438446
3,0.02368026413023472,1497,,,,,
3,0.09047844260931015,1498,,,,,
3,0.1341264694929123,1499,,,,,
3,0.08185326308012009,1500,,,,,
3,0.03236807510256767,1501,,,,,
3,0.05535302311182022,1502,,,,,
3,0.028770726174116135,1503,,,,,
3,0.08974667638540268,1504,,,,,
3,0.08362933993339539,1505,,,,,
3,0.030324546620249748,1506,,,,,
3,0.025787636637687683,1507,,,,,
3,0.028683682903647423,1508,,,,,
3,0.008287799544632435,1509,,,,,
3,0.054298799484968185,1510,,,,,
3,0.026872774586081505,1511,,,,,
3,0.04402840510010719,1512,,,,,
3,0.04042496904730797,1513,,,,,
3,0.06532073020935059,1514,,,,,
3,0.01623374968767166,1515,,,,,
3,0.027194073423743248,1516,,,,,
3,0.017670035362243652,1517,,,,,
3,0.044394638389348984,1518,,,,,
3,0.04112020879983902,1519,,,,,
3,0.02350660040974617,1520,,,,,
3,0.032456666231155396,1521,,,,,
3,0.024006981402635574,1522,,,,,
3,0.028916964307427406,1523,,,,,
3,0.006629026960581541,1524,,,,,
3,0.012272821739315987,1525,,,,,
3,0.08044922351837158,1526,,,,,
3,0.03553611785173416,1527,,,,,
3,0.053798556327819824,1528,,,,,
3,0.008438525721430779,1529,,,,,
3,0.048804543912410736,1530,,,,,
3,0.09472137689590454,1531,,,,,
3,0.01990419253706932,1532,,,,,
3,0.009759831242263317,1533,,,,,
3,0.08671069890260696,1534,,,,,
3,0.029682977125048637,1535,,,,,
3,0.029824096709489822,1536,,,,,
3,0.010939029045403004,1537,,,,,
3,0.0441306009888649,1538,,,,,
3,0.02354787290096283,1539,,,,,
3,0.003941353876143694,1540,,,,,
3,0.16714966297149658,1541,,,,,
3,0.036031752824783325,1542,,,,,
3,0.04587070271372795,1543,,,,,
3,0.00872192345559597,1544,,,,,
3,0.005888692568987608,1545,,,,,
3,0.17177589237689972,1546,,,,,
3,0.16384923458099365,1547,,,,,
3,0.05278656259179115,1548,,,,,
3,0.01299227960407734,1549,,,,,
3,0.007994408719241619,1550,,,,,
3,0.06537610292434692,1551,,,,,
3,0.0026232264935970306,1552,,,,,
3,0.015753300860524178,1553,,,,,
3,0.024781599640846252,1554,,,,,
3,0.026302726939320564,1555,,,,,
3,0.004692378919571638,1556,,,,,
3,0.030048971995711327,1557,,,,,
3,0.009992408566176891,1558,,,,,
3,0.003047190373763442,1559,,,,,
3,0.014940984547138214,1560,,,,,
3,0.01004408486187458,1561,,,,,
3,0.032422494143247604,1562,,,,,
3,0.04762798920273781,1563,,,,,
3,0.011470571160316467,1564,,,,,
3,0.005084834527224302,1565,,,,,
3,0.019901197403669357,1566,,,,,
3,0.018528835847973824,1567,,,,,
3,0.0223403237760067,1568,,,,,
3,0.0004697650147136301,1569,,,,,
3,0.01071018073707819,1570,,,,,
3,0.0034452988766133785,1571,,,,,
3,0.000648030370939523,1572,,,,,
3,0.00972060952335596,1573,,,,,
3,0.004449873697012663,1574,,,,,
3,0.03878363221883774,1575,,,,,
3,0.0017339671030640602,1576,,,,,
3,0.0007532606832683086,1577,,,,,
3,0.0022685162257403135,1578,,,,,
3,0.0015698957722634077,1579,,,,,
3,0.004665904212743044,1580,,,,,
3,0.022060832008719444,1581,,,,,
3,0.0035507704596966505,1582,,,,,
3,0.008966878987848759,1583,,,,,
3,0.3226824104785919,1584,,,,,
3,0.022902976721525192,1585,,,,,
3,0.005513267125934362,1586,,,,,
3,0.026534998789429665,1587,,,,,
3,0.0127756642177701,1588,,,,,
3,0.03399980440735817,1589,,,,,
3,0.02279161848127842,1590,,,,,
3,0.004464465659111738,1591,,,,,
3,0.024061307311058044,1592,,,,,
3,0.18797481060028076,1593,,,,,
3,0.10888534784317017,1594,,,,,
3,0.10692213475704193,1595,,,,,
3,0.016462275758385658,1596,,,,,
3,0.00826053787022829,1597,,,,,
3,0.08632896095514297,1598,,,,,
3,0.0030109009239822626,1599,,,,,
3,0.0650617778301239,1600,,,,,
3,0.13594704866409302,1601,,,,,
3,0.0006601806962862611,1602,,,,,
3,0.016475608572363853,1603,,,,,
3,0.007695454638451338,1604,,,,,
3,0.013997822068631649,1605,,,,,
3,0.05201044678688049,1606,,,,,
3,0.01629614643752575,1607,,,,,
3,0.048456624150276184,1608,,,,,
3,0.005016889423131943,1609,,,,,
3,0.006497797556221485,1610,,,,,
3,0.06109369173645973,1611,,,,,
3,0.004984712228178978,1612,,,,,
3,0.015384192578494549,1613,,,,,
3,0.02105548419058323,1614,,,,,
3,0.01330519001930952,1615,,,,,
3,0.002428030129522085,1616,,,,,
3,0.019226448610424995,1617,,,,,
3,0.001759084640070796,1618,,,,,
3,0.09893347322940826,1619,,,,,
3,0.003071989631280303,1620,,,,,
3,0.004341996740549803,1621,,,,,
3,0.01447395607829094,1622,,,,,
3,0.008345273323357105,1623,,,,,
3,0.011173698119819164,1624,,,,,
3,0.009949499741196632,1625,,,,,
3,0.07668004930019379,1626,,,,,
3,0.08853310346603394,1627,,,,,
3,0.038901787251234055,1628,,,,,
3,0.026489757001399994,1629,,,,,
3,0.039721302688121796,1630,,,,,
3,0.01539691537618637,1631,,,,,
3,0.02029123529791832,1632,,,,,
3,0.5010401010513306,1633,,,,,
3,0.01202522125095129,1634,,,,,
3,0.05822106450796127,1635,,,,,
3,0.0004241938004270196,1636,,,,,
3,0.006553492043167353,1637,,,,,
3,0.020753100514411926,1638,,,,,
3,0.0344991497695446,1639,,,,,
3,0.08195974677801132,1640,,,,,
3,0.010650440119206905,1641,,,,,
3,0.014007738791406155,1642,,,,,
3,0.009595710784196854,1643,,,,,
3,0.012677907943725586,1644,,,,,
3,0.00923340767621994,1645,,,,,
3,0.029015718027949333,1646,,,,,
3,0.025878554210066795,1647,,,,,
3,0.0033934693783521652,1648,,,,,
3,0.012838521972298622,1649,,,,,
3,0.06015865132212639,1650,,,,,
3,0.01816755346953869,1651,,,,,
3,0.007661850191652775,1652,,,,,
3,0.5057842135429382,1653,,,,,
3,0.07786239683628082,1654,,,,,
3,0.004014900885522366,1655,,,,,
3,0.018455538898706436,1656,,,,,
3,0.0005549622583203018,1657,,,,,
3,0.004521007649600506,1658,,,,,
3,0.0018917993875220418,1659,,,,,
3,0.012854608707129955,1660,,,,,
3,0.036683015525341034,1661,,,,,
3,0.25104081630706787,1662,,,,,
3,0.0052017755806446075,1663,,,,,
3,0.013149797916412354,1664,,,,,
3,0.009124643169343472,1665,,,,,
3,0.06653771549463272,1666,,,,,
3,0.0013659802498295903,1667,,,,,
3,0.0009476958075538278,1668,,,,,
3,0.05251273512840271,1669,,,,,
3,0.009528644382953644,1670,,,,,
3,0.07674920558929443,1671,,,,,
3,0.08512312918901443,1672,,,,,
3,0.08132453262805939,1673,,,,,
3,0.17050190269947052,1674,,,,,
3,0.041967421770095825,1675,,,,,
3,0.027761312201619148,1676,,,,,
3,0.0030387782026082277,1677,,,,,
3,0.254739910364151,1678,,,,,
3,0.06605520844459534,1679,,,,,
3,0.9008762240409851,1680,,,,,
3,0.014292522333562374,1681,,,,,
3,0.09001559764146805,1682,,,,,
3,0.027821119874715805,1683,,,,,
3,0.008080905303359032,1684,,,,,
3,0.0016950085991993546,1685,,,,,
3,0.0025419164448976517,1686,,,,,
3,0.6473055481910706,1687,,,,,
3,0.24530895054340363,1688,,,,,
3,0.03580040857195854,1689,,,,,
3,0.020365849137306213,1690,,,,,
3,0.06797037273645401,1691,,,,,
3,0.10079369693994522,1692,,,,,
3,0.03567966818809509,1693,,,,,
3,0.02035195380449295,1694,,,,,
3,0.06336051225662231,1695,,,,,
3,0.009733826853334904,1696,,,,,
3,0.057860396802425385,1697,,,,,
3,0.06378556787967682,1698,,,,,
3,0.010183504782617092,1699,,,,,
3,0.013371340930461884,1700,,,,,
3,0.010314973071217537,1701,,,,,
3,0.02325737290084362,1702,,,,,
3,0.030826441943645477,1703,,,,,
3,0.07994537800550461,1704,,,,,
3,0.030501579865813255,1705,,,,,
3,0.21926459670066833,1706,,,,,
3,0.020284200087189674,1707,,,,,
3,0.014962326735258102,1708,,,,,
3,0.013733012601733208,1709,,,,,
3,0.002341172192245722,1710,,,,,
3,0.19218844175338745,1711,,,,,
3,0.026036279276013374,1712,,,,,
3,0.19593489170074463,1713,,,,,
3,0.1453995555639267,1714,,,,,
3,0.009358610026538372,1715,,,,,
3,0.03861057385802269,1716,,,,,
3,0.06980415433645248,1717,,,,,
3,0.048757899552583694,1718,,,,,
3,0.08596204221248627,1719,,,,,
3,0.0229294802993536,1720,,,,,
3,0.02087341621518135,1721,,,,,
3,0.17286446690559387,1722,,,,,
3,0.01241222769021988,1723,,,,,
3,0.02220802567899227,1724,,,,,
3,0.021758344024419785,1725,,,,,
3,0.01578277163207531,1726,,,,,
3,0.019280115142464638,1727,,,,,
3,0.0064372471533715725,1728,,,,,
3,0.05588454380631447,1729,,,,,
3,0.06030454859137535,1730,,,,,
3,0.008198113180696964,1731,,,,,
3,0.013858957216143608,1732,,,,,
3,0.14781294763088226,1733,,,,,
3,0.057711511850357056,1734,,,,,
3,0.03151937201619148,1735,,,,,
3,0.026981553062796593,1736,,,,,
3,0.027351796627044678,1737,,,,,
3,0.5503596067428589,1738,,,,,
3,0.004562761634588242,1739,,,,,
3,0.0072498684749007225,1740,,,,,
3,0.028179669752717018,1741,,,,,
3,0.08146889507770538,1742,,,,,
3,0.006064330693334341,1743,,,,,
3,0.03432600572705269,1744,,,,,
3,0.010017492808401585,1745,,,,,
3,0.049443308264017105,1746,,,,,
3,0.01559113897383213,1747,,,,,
3,0.047326989471912384,1748,,,,,
3,0.022771770134568214,1749,,,,,
3,0.017523735761642456,1750,,,,,
3,0.043437063694000244,1751,,,,,
3,0.0066771842539310455,1752,,,,,
3,0.02306114137172699,1753,,,,,
3,0.011428381316363811,1754,,,,,
3,0.02761317975819111,1755,,,,,
3,0.16475971043109894,1756,,,,,
3,0.05146787315607071,1757,,,,,
3,0.08607315272092819,1758,,,,,
3,0.009293627925217152,1759,,,,,
3,0.008569927886128426,1760,,,,,
3,0.0030118871945887804,1761,,,,,
3,0.06717772781848907,1762,,,,,
3,0.0029206310864537954,1763,,,,,
3,0.00776775972917676,1764,,,,,
3,0.14516881108283997,1765,,,,,
3,0.01085726823657751,1766,,,,,
3,0.14465871453285217,1767,,,,,
3,0.008704985491931438,1768,,,,,
3,0.08771172910928726,1769,,,,,
3,0.012815181165933609,1770,,,,,
3,0.015920165926218033,1771,,,,,
3,0.032732948660850525,1772,,,,,
3,0.029715638607740402,1773,,,,,
3,0.01788824424147606,1774,,,,,
3,0.12967650592327118,1775,,,,,
3,0.1893753856420517,1776,,,,,
3,0.1264369934797287,1777,,,,,
3,0.0020263660699129105,1778,,,,,
3,0.03892708197236061,1779,,,,,
3,0.018764637410640717,1780,,,,,
3,0.16358506679534912,1781,,,,,
3,0.00618580961599946,1782,,,,,
3,0.010768634267151356,1783,,,,,
3,0.11119946092367172,1784,,,,,
3,0.03710530325770378,1785,,,,,
3,0.0011675105197355151,1786,,,,,
3,0.005138246808201075,1787,,,,,
3,0.05080714076757431,1788,,,,,
3,0.10289424657821655,1789,,,,,
3,0.012016545981168747,1790,,,,,
3,0.01641213335096836,1791,,,,,
3,0.006814975291490555,1792,,,,,
3,0.01890648901462555,1793,,,,,
3,0.011586739681661129,1794,,,,,
3,0.005412308033555746,1795,,,,,
3,0.04285738617181778,1796,,,,,
3,0.03315465524792671,1797,,,,,
3,0.005460325628519058,1798,,,,,
3,0.0043526263907551765,1799,,,,,
3,0.020681343972682953,1800,,,,,
3,0.0452442429959774,1801,,,,,
3,0.15563856065273285,1802,,,,,
3,0.008008945733308792,1803,,,,,
3,0.006613170728087425,1804,,,,,
3,0.029196826741099358,1805,,,,,
3,0.003486808855086565,1806,,,,,
3,0.035134073346853256,1807,,,,,
3,0.015983019024133682,1808,,,,,
3,0.023024437949061394,1809,,,,,
3,0.029895054176449776,1810,,,,,
3,0.13467852771282196,1811,,,,,
3,0.005293427966535091,1812,,,,,
3,0.05856773257255554,1813,,,,,
3,0.21655412018299103,1814,,,,,
3,0.044876519590616226,1815,,,,,
3,0.004737828858196735,1816,,,,,
3,0.018772931769490242,1817,,,,,
3,0.04914262890815735,1818,,,,,
3,0.014628816395998001,1819,,,,,
3,0.010713608004152775,1820,,,,,
3,0.05060365051031113,1821,,,,,
3,0.005993254017084837,1822,,,,,
3,0.015678295865654945,1823,,,,,
3,0.03802146762609482,1824,,,,,
3,0.16846655309200287,1825,,,,,
3,0.009035562165081501,1826,,,,,
3,0.023579930886626244,1827,,,,,
3,0.4819817841053009,1828,,,,,
3,0.1975986808538437,1829,,,,,
3,0.2152407318353653,1830,,,,,
3,0.008281063288450241,1831,,,,,
3,0.18942494690418243,1832,,,,,
3,0.0934375450015068,1833,,,,,
3,0.010436397045850754,1834,,,,,
3,0.03946252912282944,1835,,,,,
3,0.09101599454879761,1836,,,,,
3,0.007856365293264389,1837,,,,,
3,0.044561177492141724,1838,,,,,
3,0.07245023548603058,1839,,,,,
3,0.11502093076705933,1840,,,,,
3,0.06264878809452057,1841,,,,,
3,0.007026520557701588,1842,,,,,
3,0.08162549883127213,1843,,,,,
3,0.02845286764204502,1844,,,,,
3,0.06904946267604828,1845,,,,,
3,0.041548680514097214,1846,,,,,
3,0.01990787498652935,1847,,,,,
3,0.06306925415992737,1848,,,,,
3,0.007674181368201971,1849,,,,,
3,0.09148730337619781,1850,,,,,
3,0.022687878459692,1851,,,,,
3,0.18380193412303925,1852,,,,,
3,0.028036940842866898,1853,,,,,
3,0.01607215777039528,1854,,,,,
3,0.006840193644165993,1855,,,,,
3,0.08892064541578293,1856,,,,,
3,0.09086340665817261,1857,,,,,
3,0.005613099783658981,1858,,,,,
3,0.04277978464961052,1859,,,,,
3,0.05212625861167908,1860,,,,,
3,0.17849192023277283,1861,,,,,
3,0.003879062132909894,1862,,,,,
3,0.012271319516003132,1863,,,,,
3,0.1351083219051361,1864,,,,,
3,0.011088266037404537,1865,,,,,
3,0.03325435146689415,1866,,,,,
3,0.008537061512470245,1867,,,,,
3,0.03608773648738861,1868,,,,,
3,0.34793806076049805,1869,,,,,
3,0.013954101130366325,1870,,,,,
3,0.021538546308875084,1871,,,,,
3,0.09198383241891861,1872,,,,,
3,0.04339012876152992,1873,,,,,
3,0.009081418626010418,1874,,,,,
3,0.009671484120190144,1875,,,,,
3,0.04169623553752899,1876,,,,,
3,0.07612007111310959,1877,,,,,
3,0.00493750860914588,1878,,,,,
3,0.010919756256043911,1879,,,,,
3,0.02275739796459675,1880,,,,,
3,0.00907241553068161,1881,,,,,
3,0.05202940106391907,1882,,,,,
3,0.24540100991725922,1883,,,,,
3,0.11258304864168167,1884,,,,,
3,0.018788602203130722,1885,,,,,
3,0.01934715546667576,1886,,,,,
3,0.0350751169025898,1887,,,,,
3,0.0023264240007847548,1888,,,,,
3,0.06540654599666595,1889,,,,,
3,0.010883571580052376,1890,,,,,
3,0.09332164376974106,1891,,,,,
3,0.06471619009971619,1892,,,,,
3,0.009630373679101467,1893,,,,,
3,0.05388837307691574,1894,,,,,
3,0.01652948372066021,1895,,,,,
3,0.004802551586180925,1896,,,,,
3,0.003427657065913081,1897,,,,,
3,0.07648035883903503,1898,,,,,
3,0.005943537224084139,1899,,,,,
3,0.019189102575182915,1900,,,,,
3,0.028055163100361824,1901,,,,,
3,0.03175564482808113,1902,,,,,
3,0.039067115634679794,1903,,,,,
3,0.11068578064441681,1904,,,,,
3,0.01949506625533104,1905,,,,,
3,0.057856135070323944,1906,,,,,
3,0.008579728193581104,1907,,,,,
3,0.016389286145567894,1908,,,,,
3,0.014848335646092892,1909,,,,,
3,0.056458938866853714,1910,,,,,
3,0.013020112179219723,1911,,,,,
3,0.031223595142364502,1912,,,,,
3,0.005167831666767597,1913,,,,,
3,0.009473062120378017,1914,,,,,
3,0.023184247314929962,1915,,,,,
3,0.054855845868587494,1916,,,,,
3,0.004867698065936565,1917,,,,,
3,0.24609579145908356,1918,,,,,
3,0.0335836336016655,1919,,,,,
3,0.0047976612113416195,1920,,,,,
3,0.02152794599533081,1921,,,,,
3,0.014120896346867085,1922,,,,,
3,0.019045185297727585,1923,,,,,
3,0.004267202690243721,1924,,,,,
3,0.013310064561665058,1925,,,,,
3,0.0329081192612648,1926,,,,,
3,0.031148293986916542,1927,,,,,
3,0.009743161499500275,1928,,,,,
3,0.0062805707566440105,1929,,,,,
3,0.030725764110684395,1930,,,,,
3,0.03377385064959526,1931,,,,,
3,0.002679747063666582,1932,,,,,
3,0.0033296472392976284,1933,,,,,
3,0.017636466771364212,1934,,,,,
3,0.004502353258430958,1935,,,,,
3,0.002484072232618928,1936,,,,,
3,0.019979968667030334,1937,,,,,
3,0.05825280770659447,1938,,,,,
3,0.08531848341226578,1939,,,,,
3,0.26851576566696167,1940,,,,,
3,0.013906018808484077,1941,,,,,
3,0.019977707415819168,1942,,,,,
3,0.02224067412316799,1943,,,,,
3,0.03963505104184151,1944,,,,,
3,0.012251652777194977,1945,,,,,
3,0.004088130779564381,1946,,,,,
3,0.025350403040647507,1947,,,,,
3,0.004077605903148651,1948,,,,,
3,0.005627100355923176,1949,,,,,
3,0.029403559863567352,1950,,,,,
3,0.0038523287512362003,1951,,,,,
3,0.006974675692617893,1952,,,,,
3,0.02731489948928356,1953,,,,,
3,0.01760522462427616,1954,,,,,
3,0.026256827637553215,1955,,,,,
3,0.0520591102540493,1956,,,,,
3,0.0004764392215292901,1957,,,,,
3,0.0034873748663812876,1958,,,,,
3,0.006824602838605642,1959,,,,,
3,0.0021903289016336203,1960,,,,,
3,0.03113308921456337,1961,,,,,
3,0.0006410784553736448,1962,,,,,
3,0.03911391645669937,1963,,,,,
3,0.015724916011095047,1964,,,,,
3,0.0019942312501370907,1965,,,,,
3,0.06623274832963943,1966,,,,,
3,0.0009335101349279284,1967,,,,,
3,0.12981675565242767,1968,,,,,
3,0.007880672812461853,1969,,,,,
3,0.045590877532958984,1970,,,,,
3,0.009012379683554173,1971,,,,,
3,0.07865530997514725,1972,,,,,
3,0.0047053624875843525,1973,,,,,
3,0.054698750376701355,1974,,,,,
3,0.001354424748569727,1975,,,,,
3,0.028260447084903717,1976,,,,,
3,0.004521756432950497,1977,,,,,
3,0.10698077082633972,1978,,,,,
3,0.007237214129418135,1979,,,,,
3,0.09429507702589035,1980,,,,,
3,0.00666796462610364,1981,,,,,
3,0.0036268713884055614,1982,,,,,
3,0.0009093369590118527,1983,,,,,
3,0.07792175561189651,1984,,,,,
3,0.00048814815818332136,1985,,,,,
3,0.13500486314296722,1986,,,,,
3,0.000996964517980814,1987,,,,,
3,0.15261073410511017,1988,,,,,
3,0.003874432761222124,1989,,,,,
3,0.009173490107059479,1990,,,,,
3,0.006945283617824316,1991,,,,,
3,0.000647808366920799,1992,,,,,
3,0.00045354809844866395,1993,,,,,
3,0.051507748663425446,1994,,,,,
3,0.018161240965127945,1995,,,,,
,,1497,0.00011642725439742208,,,,
,,1498,8.676543075125664e-05,,,,
,,1499,0.004057902842760086,,,,
,,1500,0.00026630322099663317,,,,
,,1501,0.00011452247417764738,,,,
,,1502,0.0021409993059933186,,,,
,,1503,9.155051520792767e-05,,,,
,,1504,0.032337211072444916,,,,
,,1505,0.00015903907478787005,,,,
,,1506,0.0011317586759105325,,,,
,,1507,0.001111367018893361,,,,
,,1508,0.00027990370290353894,,,,
,,1509,0.0021547016222029924,,,,
,,1510,0.0003060135350096971,,,,
,,1511,0.00011095724767073989,,,,
,,1512,0.05138791725039482,,,,
,,1513,9.683230018708855e-05,,,,
,,1514,0.09415971487760544,,,,
,,1515,0.003660065121948719,,,,
,,1516,0.00030347934807650745,,,,
,,1517,9.566295921104029e-05,,,,
,,1518,0.002308918396010995,,,,
,,1519,0.00010249879414914176,,,,
,,1520,0.049643971025943756,,,,
,,1521,0.02906966023147106,,,,
,,1522,0.00022405691561289132,,,,
,,1523,0.00021484660101123154,,,,
,,1524,0.00021159613970667124,,,,
,,1525,5.450436219689436e-05,,,,
,,1526,0.00024076059344224632,,,,
,,1527,0.003256572410464287,,,,
,,1528,0.028398772701621056,,,,
,,1529,0.00939268060028553,,,,
,,1530,0.0002650083042681217,,,,
,,1531,0.00022335941321216524,,,,
,,1532,0.00021687091793864965,,,,
,,1533,0.00581528153270483,,,,
,,1534,0.00012548666563816369,,,,
,,1535,0.00011159932182636112,,,,
,,1536,0.007334670051932335,,,,
,,1537,0.044321563094854355,,,,
,,1538,0.0001296207046834752,,,,
,,1539,0.00011223857291042805,,,,
,,1540,0.20599213242530823,,,,
,,1541,0.00029295659624040127,,,,
,,1542,0.00031538924667984247,,,,
,,1543,0.002023298991844058,,,,
,,1544,8.670868555782363e-05,,,,
,,1545,0.033423639833927155,,,,
,,1546,0.009145693853497505,,,,
,,1547,0.00010328626376576722,,,,
,,1548,0.0009500707965344191,,,,
,,1549,0.0018632815917953849,,,,
,,1550,0.00021660522907041013,,,,
,,1551,0.0002668514789547771,,,,
,,1552,0.0001101812013075687,,,,
,,1553,0.06007084995508194,,,,
,,1554,0.00013799863518215716,,,,
,,1555,0.00010688492329791188,,,,
,,1556,0.00031843752367421985,,,,
,,1557,0.00031124986708164215,,,,
,,1558,0.00019237624655943364,,,,
,,1559,0.001909143989905715,,,,
,,1560,0.00017573214427102357,,,,
,,1561,0.03151554986834526,,,,
,,1562,0.008620991371572018,,,,
,,1563,0.0349198542535305,,,,
,,1564,0.00025801124866120517,,,,
,,1565,0.00022631752653978765,,,,
,,1566,0.2582453191280365,,,,
,,1567,0.0003250648151151836,,,,
,,1568,0.00012915112893097103,,,,
,,1569,0.053821392357349396,,,,
,,1570,0.00011981117859249935,,,,
,,1571,0.23764905333518982,,,,
,,1572,0.00856019277125597,,,,
,,1573,0.00022301592980511487,,,,
,,1574,0.0004050121351610869,,,,
,,1575,0.0020293237175792456,,,,
,,1576,9.683961980044842e-05,,,,
,,1577,0.03122284635901451,,,,
,,1578,0.009330417029559612,,,,
,,1579,7.964616088429466e-05,,,,
,,1580,0.1443978250026703,,,,
,,1581,0.0002407079009572044,,,,
,,1582,0.0002792595187202096,,,,
,,1583,0.0003052008105441928,,,,
,,1584,0.0003791131603065878,,,,
,,1585,0.00028377072885632515,,,,
,,1586,0.028887541964650154,,,,
,,1587,0.0001959626388270408,,,,
,,1588,0.0002281606284668669,,,,
,,1589,0.00020308107195887715,,,,
,,1590,0.00043185334652662277,,,,
,,1591,0.21903669834136963,,,,
,,1592,0.1849219650030136,,,,
,,1593,0.00031607566052116454,,,,
,,1594,0.01993844285607338,,,,
,,1595,0.3059905767440796,,,,
,,1596,8.427431021118537e-05,,,,
,,1597,0.0008019593078643084,,,,
,,1598,0.002437360817566514,,,,
,,1599,9.733258048072457e-05,,,,
,,1600,0.00014412855671253055,,,,
,,1601,0.005971208214759827,,,,
,,1602,0.05291013792157173,,,,
,,1603,0.00010787328210426494,,,,
,,1604,7.77480163378641e-05,,,,
,,1605,0.0003855559625662863,,,,
,,1606,0.0007035889429971576,,,,
,,1607,0.018961723893880844,,,,
,,1608,0.002135824877768755,,,,
,,1609,0.00015531849930994213,,,,
,,1610,0.033546123653650284,,,,
,,1611,0.008561584167182446,,,,
,,1612,0.0003960530739277601,,,,
,,1613,0.00024344577104784548,,,,
,,1614,0.00031030343961901963,,,,
,,1615,0.0002122968144249171,,,,
,,1616,0.0003156582242809236,,,,
,,1617,0.00014090858167037368,,,,
,,1618,0.20770235359668732,,,,
,,1619,0.00020782335195690393,,,,
,,1620,0.0005031125037930906,,,,
,,1621,0.008894262835383415,,,,
,,1622,0.00021843404101673514,,,,
,,1623,0.00025186981656588614,,,,
,,1624,0.0020629619248211384,,,,
,,1625,0.00011489196913316846,,,,
,,1626,0.03480948880314827,,,,
,,1627,0.007846451364457607,,,,
,,1628,0.0003039770235773176,,,,
,,1629,0.00018186456873081625,,,,
,,1630,0.00023368970141746104,,,,
,,1631,0.00017324110376648605,,,,
,,1632,0.00018819568504113704,,,,
,,1633,0.0003775735676754266,,,,
,,1634,0.004762002266943455,,,,
,,1635,0.030724434182047844,,,,
,,1636,0.00021307663701009005,,,,
,,1637,0.0002736547321546823,,,,
,,1638,0.0003361687413416803,,,,
,,1639,0.0003671047743409872,,,,
,,1640,0.0017620752332732081,,,,
,,1641,0.01926746405661106,,,,
,,1642,0.00012647123367059976,,,,
,,1643,0.029757510870695114,,,,
,,1644,0.16301879286766052,,,,
,,1645,0.00019296743266750127,,,,
,,1646,0.0021655834279954433,,,,
,,1647,5.752334982389584e-05,,,,
,,1648,0.0003371117345523089,,,,
,,1649,0.0012765193823724985,,,,
,,1650,0.00028790152282454073,,,,
,,1651,0.00013357818534132093,,,,
,,1652,0.00015826019807718694,,,,
,,1653,0.007324947509914637,,,,
,,1654,0.00019261578563600779,,,,
,,1655,0.0002274033467983827,,,,
,,1656,8.250879909610376e-05,,,,
,,1657,0.00022355595137923956,,,,
,,1658,0.00010930361167993397,,,,
,,1659,0.040065113455057144,,,,
,,1660,0.05696652829647064,,,,
,,1661,0.6117227077484131,,,,
,,1662,0.0002212516264989972,,,,
,,1663,0.0004475848108995706,,,,
,,1664,0.0019329905044287443,,,,
,,1665,0.00020206089538987726,,,,
,,1666,0.00011579872807487845,,,,
,,1667,0.00022997324413154274,,,,
,,1668,0.02758718654513359,,,,
,,1669,0.00021271812147460878,,,,
,,1670,0.0002665830834303051,,,,
,,1671,0.0708191767334938,,,,
,,1672,0.15369558334350586,,,,
,,1673,0.0032450128346681595,,,,
,,1674,0.00017560404376126826,,,,
,,1675,9.776760271051899e-05,,,,
,,1676,0.005839732941240072,,,,
,,1677,0.055499132722616196,,,,
,,1678,0.0001277387491427362,,,,
,,1679,8.661305764690042e-05,,,,
,,1680,0.00031790180946700275,,,,
,,1681,0.00013733303057961166,,,,
,,1682,0.00025500793708488345,,,,
,,1683,0.00025845805066637695,,,,
,,1684,0.034218452870845795,,,,
,,1685,0.00012001667346339673,,,,
,,1686,0.0003803896252065897,,,,
,,1687,0.0002678752935025841,,,,
,,1688,0.00024778523948043585,,,,
,,1689,0.005904079880565405,,,,
,,1690,9.943622717401013e-05,,,,
,,1691,0.00015649742272216827,,,,
,,1692,0.006256037391722202,,,,
,,1693,0.023945650085806847,,,,
,,1694,0.00044884096132591367,,,,
,,1695,0.00011167628690600395,,,,
,,1696,0.0004211930208839476,,,,
,,1697,0.00024039640265982598,,,,
,,1698,0.17710985243320465,,,,
,,1699,0.0032740156166255474,,,,
,,1700,0.00011231587996007875,,,,
,,1701,0.028288716450333595,,,,
,,1702,0.009172601625323296,,,,
,,1703,9.382655844092369e-05,,,,
,,1704,0.00022957044711802155,,,,
,,1705,0.00021545591880567372,,,,
,,1706,0.002100808545947075,,,,
,,1707,0.00032179770641960204,,,,
,,1708,9.242103988071904e-05,,,,
,,1709,0.05492120236158371,,,,
,,1710,0.00010986054985551164,,,,
,,1711,8.277690358227119e-05,,,,
,,1712,0.00034287417656742036,,,,
,,1713,0.00023942498955875635,,,,
,,1714,0.00031494046561419964,,,,
,,1715,0.0029626006726175547,,,,
,,1716,0.0001249434717465192,,,,
,,1717,0.034747883677482605,,,,
,,1718,0.00951420795172453,,,,
,,1719,0.00011821081716334447,,,,
,,1720,0.007682319730520248,,,,
,,1721,0.0002866075374186039,,,,
,,1722,0.00022132685990072787,,,,
,,1723,0.2033272087574005,,,,
,,1724,0.16801896691322327,,,,
,,1725,0.00682961568236351,,,,
,,1726,0.022346574813127518,,,,
,,1727,0.00012770143803209066,,,,
,,1728,0.0006728296284563839,,,,
,,1729,0.0018131171818822622,,,,
,,1730,0.00017149506311398,,,,
,,1731,0.00014353440201375633,,,,
,,1732,0.00030864233849570155,,,,
,,1733,0.037339016795158386,,,,
,,1734,0.00012872875959146768,,,,
,,1735,0.000303542212350294,,,,
,,1736,0.00022782171436119825,,,,
,,1737,0.00020162982400506735,,,,
,,1738,0.0033240239135921,,,,
,,1739,8.115050877677277e-05,,,,
,,1740,0.00015251582954078913,,,,
,,1741,0.006102416664361954,,,,
,,1742,0.02754046581685543,,,,
,,1743,0.0004427001404110342,,,,
,,1744,0.00019859588064718992,,,,
,,1745,0.0003837496624328196,,,,
,,1746,0.0003290416207164526,,,,
,,1747,0.00010887946700677276,,,,
,,1748,0.1966346949338913,,,,
,,1749,0.0001174009230453521,,,,
,,1750,0.1385452002286911,,,,
,,1751,0.0004083563107997179,,,,
,,1752,0.00924826692789793,,,,
,,1753,0.0008270705002360046,,,,
,,1754,0.001718803308904171,,,,
,,1755,7.451994315488264e-05,,,,
,,1756,0.00014383716916199774,,,,
,,1757,0.005361735820770264,,,,
,,1758,0.02655307948589325,,,,
,,1759,0.0003837389522232115,,,,
,,1760,0.0001064436582964845,,,,
,,1761,0.00033390335738658905,,,,
,,1762,0.0003184177912771702,,,,
,,1763,9.768485324457288e-05,,,,
,,1764,0.00021662308427039534,,,,
,,1765,0.005580294877290726,,,,
,,1766,0.03541530668735504,,,,
,,1767,0.00019417588191572577,,,,
,,1768,0.00037875090492889285,,,,
,,1769,0.00036081462167203426,,,,
,,1770,0.005766651593148708,,,,
,,1771,0.00020574794325511903,,,,
,,1772,0.00024949124781414866,,,,
,,1773,0.0001439887419110164,,,,
,,1774,0.023927688598632812,,,,
,,1775,0.0002812325255945325,,,,
,,1776,0.2216409593820572,,,,
,,1777,0.0003636307083070278,,,,
,,1778,0.0004223639261908829,,,,
,,1779,4.406373773235828e-05,,,,
,,1780,0.0003081509203184396,,,,
,,1781,0.00035604267031885684,,,,
,,1782,0.026528535410761833,,,,
,,1783,0.0002070469781756401,,,,
,,1784,0.0003008086350746453,,,,
,,1785,0.0005752303986810148,,,,
,,1786,0.1855442076921463,,,,
,,1787,7.879053737269714e-05,,,,
,,1788,0.0003458409337326884,,,,
,,1789,0.00012495261034928262,,,,
,,1790,0.05909574404358864,,,,
,,1791,0.00018649300909601152,,,,
,,1792,0.0002731596468947828,,,,
,,1793,0.00033593547414056957,,,,
,,1794,0.000452519569080323,,,,
,,1795,0.0004909776034764946,,,,
,,1796,0.006369853857904673,,,,
,,1797,0.0001193695206893608,,,,
,,1798,0.00015704307588748634,,,,
,,1799,0.00016158576181624085,,,,
,,1800,0.16255392134189606,,,,
,,1801,0.1981714814901352,,,,
,,1802,0.00012795465590897948,,,,
,,1803,0.0001241371501237154,,,,
,,1804,0.00030318700009956956,,,,
,,1805,9.742633119458333e-05,,,,
,,1806,0.05434979498386383,,,,
,,1807,0.010200315155088902,,,,
,,1808,0.00020024635887239128,,,,
,,1809,0.0011026145657524467,,,,
,,1810,0.000330410577589646,,,,
,,1811,8.636677375761792e-05,,,,
,,1812,9.833213698584586e-05,,,,
,,1813,0.007245933637022972,,,,
,,1814,0.00012006812175968662,,,,
,,1815,0.03142682835459709,,,,
,,1816,0.009092401713132858,,,,
,,1817,0.0011264252243563533,,,,
,,1818,0.0008217827416956425,,,,
,,1819,0.0001574464695295319,,,,
,,1820,0.0003485080669634044,,,,
,,1821,0.00014048484445083886,,,,
,,1822,0.019796766340732574,,,,
,,1823,0.0049597411416471004,,,,
,,1824,0.00023920406238175929,,,,
,,1825,0.0012197730829939246,,,,
,,1826,0.00043067257502116263,,,,
,,1827,0.22343562543392181,,,,
,,1828,0.00445350119844079,,,,
,,1829,0.007091002073138952,,,,
,,1830,0.0001305845653405413,,,,
,,1831,0.021505601704120636,,,,
,,1832,0.0077837430872023106,,,,
,,1833,0.0002311615680810064,,,,
,,1834,0.00018286476552020758,,,,
,,1835,0.0001339736336376518,,,,
,,1836,0.0002879951207432896,,,,
,,1837,0.0003900465671904385,,,,
,,1838,0.031047236174345016,,,,
,,1839,0.06122948229312897,,,,
,,1840,0.00021658532205037773,,,,
,,1841,0.001037642708979547,,,,
,,1842,0.001775845536030829,,,,
,,1843,0.0003759849350899458,,,,
,,1844,0.0006794001092202961,,,,
,,1845,0.0001475394528824836,,,,
,,1846,0.06233980506658554,,,,
,,1847,0.03482591360807419,,,,
,,1848,0.00013676923117600381,,,,
,,1849,0.007122226525098085,,,,
,,1850,0.00022524603991769254,,,,
,,1851,0.0004595318459905684,,,,
,,1852,0.22742913663387299,,,,
,,1853,0.1681506186723709,,,,
,,1854,0.025296175852417946,,,,
,,1855,0.01124102808535099,,,,
,,1856,0.0001892849977593869,,,,
,,1857,0.007650295738130808,,,,
,,1858,0.19379612803459167,,,,
,,1859,0.00013426992518361658,,,,
,,1860,0.00019479953334666789,,,,
,,1861,0.005851622670888901,,,,
,,1862,0.00012613741273526102,,,,
,,1863,0.02626209892332554,,,,
,,1864,9.897570998873562e-05,,,,
,,1865,0.0003087420773226768,,,,
,,1866,0.0002350970171391964,,,,
,,1867,0.0002787690900731832,,,,
,,1868,0.0001867850951384753,,,,
,,1869,0.00021664384985342622,,,,
,,1870,0.00020015929476357996,,,,
,,1871,0.056534506380558014,,,,
,,1872,0.0001368491939501837,,,,
,,1873,0.00019012407574336976,,,,
,,1874,0.00040067225927487016,,,,
,,1875,0.00022393092513084412,,,,
,,1876,0.0003504202177282423,,,,
,,1877,0.00034316309029236436,,,,
,,1878,0.27599412202835083,,,,
,,1879,0.010112710297107697,,,,
,,1880,0.0006491903332062066,,,,
,,1881,0.007379528135061264,,,,
,,1882,0.0005686064250767231,,,,
,,1883,0.0019158972427248955,,,,
,,1884,0.0002789600403048098,,,,
,,1885,0.00018514822295401245,,,,
,,1886,0.004832644015550613,,,,
,,1887,0.031762007623910904,,,,
,,1888,0.00033499617711640894,,,,
,,1889,0.0002344783570151776,,,,
,,1890,0.0021219339687377214,,,,
,,1891,0.0001509372959844768,,,,
,,1892,0.00038584339199587703,,,,
,,1893,0.00048047234304249287,,,,
,,1894,0.005016844253987074,,,,
,,1895,0.04064462333917618,,,,
,,1896,0.0001965024566743523,,,,
,,1897,0.007037493400275707,,,,
,,1898,0.0009141985792666674,,,,
,,1899,0.000337745004799217,,,,
,,1900,0.0003567346720956266,,,,
,,1901,0.000566229282412678,,,,
,,1902,0.00022863638878334314,,,,
,,1903,0.02911902219057083,,,,
,,1904,0.16611754894256592,,,,
,,1905,0.0001764702465152368,,,,
,,1906,0.00034437034628354013,,,,
,,1907,0.0003667488635983318,,,,
,,1908,4.881894346908666e-05,,,,
,,1909,0.0005254908464848995,,,,
,,1910,0.0003518437151797116,,,,
,,1911,0.02469603344798088,,,,
,,1912,0.0001606360456207767,,,,
,,1913,0.007636556401848793,,,,
,,1914,0.0003716679639182985,,,,
,,1915,0.00021445073070935905,,,,
,,1916,8.126681495923549e-05,,,,
,,1917,0.00030668676481582224,,,,
,,1918,0.00010980375373037532,,,,
,,1919,0.05378740653395653,,,,
,,1920,0.0001755087578203529,,,,
,,1921,0.00013924036466050893,,,,
,,1922,0.003277119714766741,,,,
,,1923,0.00023943631094880402,,,,
,,1924,0.00039276271127164364,,,,
,,1925,0.00036688873660750687,,,,
,,1926,0.0003087267105001956,,,,
,,1927,0.03338523209095001,,,,
,,1928,0.15789897739887238,,,,
,,1929,0.0001204423388116993,,,,
,,1930,0.13438217341899872,,,,
,,1931,0.14950263500213623,,,,
,,1932,0.00016737716214265674,,,,
,,1933,0.0004509146965574473,,,,
,,1934,9.18660152819939e-05,,,,
,,1935,0.002785234246402979,,,,
,,1936,0.023747969418764114,,,,
,,1937,0.00014588232443202287,,,,
,,1938,0.007338053546845913,,,,
,,1939,0.0003551488625817001,,,,
,,1940,0.00014444418775383383,,,,
,,1941,0.0023369495756924152,,,,
,,1942,0.00011395497131161392,,,,
,,1943,0.0034032627008855343,,,,
,,1944,0.0001341165479971096,,,,
,,1945,0.00027673403383232653,,,,
,,1946,0.00028638364165090024,,,,
,,1947,0.00024274151655845344,,,,
,,1948,0.00014635661500506103,,,,
,,1949,0.0003450772783253342,,,,
,,1950,0.00017316825687885284,,,,
,,1951,0.022892752662301064,,,,
,,1952,0.0008474499918520451,,,,
,,1953,0.00011230911331949756,,,,
,,1954,0.0008431359310634434,,,,
,,1955,0.000382341182557866,,,,
,,1956,0.00037196610355749726,,,,
,,1957,0.0021168356761336327,,,,
,,1958,0.0001594424684299156,,,,
,,1959,0.05764344334602356,,,,
,,1960,0.031979627907276154,,,,
,,1961,0.00031050064717419446,,,,
,,1962,0.0009884816827252507,,,,
,,1963,0.0004117422504350543,,,,
,,1964,0.0007270408095791936,,,,
,,1965,0.015348096378147602,,,,
,,1966,0.00013747724005952477,,,,
,,1967,0.005438881926238537,,,,
,,1968,0.029843324795365334,,,,
,,1969,9.548159869154915e-05,,,,
,,1970,0.004750486463308334,,,,
,,1971,0.0002749463019426912,,,,
,,1972,0.00043201062362641096,,,,
,,1973,0.15378345549106598,,,,
,,1974,0.004806957673281431,,,,
,,1975,0.00015748185978736728,,,,
,,1976,0.0328676775097847,,,,
,,1977,0.00029601663118228316,,,,
,,1978,0.02253592014312744,,,,
,,1979,0.0007391231483779848,,,,
,,1980,0.29584500193595886,,,,
,,1981,0.00019860544125549495,,,,
,,1982,0.0001711259683361277,,,,
,,1983,0.03288611024618149,,,,
,,1984,0.009748752228915691,,,,
,,1985,0.0001482217776356265,,,,
,,1986,0.19923560321331024,,,,
,,1987,0.00020247604697942734,,,,
,,1988,0.00025388834183104336,,,,
,,1989,0.0003712197649292648,,,,
,,1990,0.0049039931036531925,,,,
,,1991,0.04161856323480606,,,,
,,1992,0.04101764038205147,,,,
,,1993,7.709773490205407e-05,,,,
,,1994,0.00033111803350038826,,,,
,,1995,0.0006211844156496227,,,,
3,,1995,,0.019490361213684082,,,
3,,1995,,,0.8737474679946899,0.9519038200378418,0.04821866750717163
4,0.000586465816013515,1996,,,,,
4,0.005903406534343958,1997,,,,,
4,0.0045310272835195065,1998,,,,,
4,0.008540457114577293,1999,,,,,
4,0.0015095166163519025,2000,,,,,
4,0.08893410861492157,2001,,,,,
4,0.0009838951518759131,2002,,,,,
4,0.0011311076814308763,2003,,,,,
4,0.008788185194134712,2004,,,,,
4,0.0005587827763520181,2005,,,,,
4,0.23592528700828552,2006,,,,,
4,0.017208026722073555,2007,,,,,
4,0.0034792704973369837,2008,,,,,
4,0.0038316112477332354,2009,,,,,
4,0.0727636069059372,2010,,,,,
4,0.01313114445656538,2011,,,,,
4,0.001013918430544436,2012,,,,,
4,0.0028819970320910215,2013,,,,,
4,0.07481200248003006,2014,,,,,
4,0.0030936819966882467,2015,,,,,
4,0.0016976286424323916,2016,,,,,
4,0.00414377311244607,2017,,,,,
4,0.012027060613036156,2018,,,,,
4,0.006754898000508547,2019,,,,,
4,0.008093479089438915,2020,,,,,
4,0.07946272194385529,2021,,,,,
4,0.00516833970323205,2022,,,,,
4,0.06480194628238678,2023,,,,,
4,0.0011929525062441826,2024,,,,,
4,0.018618036061525345,2025,,,,,
4,0.0091466773301363,2026,,,,,
4,0.33420172333717346,2027,,,,,
4,0.07074513286352158,2028,,,,,
4,0.18053750693798065,2029,,,,,
4,0.0032695403788238764,2030,,,,,
4,0.014382507652044296,2031,,,,,
4,0.0139126256108284,2032,,,,,
4,0.01697128638625145,2033,,,,,
4,0.0018835552036762238,2034,,,,,
4,0.0026803237851709127,2035,,,,,
4,0.19964678585529327,2036,,,,,
4,0.0189867801964283,2037,,,,,
4,0.00822402536869049,2038,,,,,
4,0.016492139548063278,2039,,,,,
4,0.02522588148713112,2040,,,,,
4,0.08217243105173111,2041,,,,,
4,0.07753961533308029,2042,,,,,
4,0.15882885456085205,2043,,,,,
4,0.016549022868275642,2044,,,,,
4,0.0017463071271777153,2045,,,,,
4,0.2685590088367462,2046,,,,,
4,0.006365611217916012,2047,,,,,
4,0.022252878174185753,2048,,,,,
4,0.022199219092726707,2049,,,,,
4,0.0019983865786343813,2050,,,,,
4,0.0008436073549091816,2051,,,,,
4,0.018736058846116066,2052,,,,,
4,0.006171877030283213,2053,,,,,
4,0.013045982457697392,2054,,,,,
4,0.01087170373648405,2055,,,,,
4,0.008973231539130211,2056,,,,,
4,0.09400494396686554,2057,,,,,
4,0.0006442215526476502,2058,,,,,
4,0.012037870474159718,2059,,,,,
4,0.00591238122433424,2060,,,,,
4,0.09013515710830688,2061,,,,,
4,0.06013917550444603,2062,,,,,
4,0.005453283432871103,2063,,,,,
4,0.03457419201731682,2064,,,,,
4,0.002349522430449724,2065,,,,,
4,0.027853071689605713,2066,,,,,
4,0.02636747993528843,2067,,,,,
4,0.0021824422292411327,2068,,,,,
4,0.036039579659700394,2069,,,,,
4,0.011221537366509438,2070,,,,,
4,0.06450577825307846,2071,,,,,
4,0.03652190417051315,2072,,,,,
4,0.0030319434590637684,2073,,,,,
4,0.023899994790554047,2074,,,,,
4,0.016983307898044586,2075,,,,,
4,0.004505590535700321,2076,,,,,
4,0.006021085195243359,2077,,,,,
4,0.00406922260299325,2078,,,,,
4,0.016736293211579323,2079,,,,,
4,0.046650197356939316,2080,,,,,
4,0.0007509086863137782,2081,,,,,
4,0.00878923386335373,2082,,,,,
4,0.003416490275412798,2083,,,,,
4,0.013462848961353302,2084,,,,,
4,0.009930972941219807,2085,,,,,
4,0.010410252958536148,2086,,,,,
4,0.0060474141500890255,2087,,,,,
4,0.00043481041211634874,2088,,,,,
4,0.10416027158498764,2089,,,,,
4,0.0009623188525438309,2090,,,,,
4,0.14912472665309906,2091,,,,,
4,0.0012098628794774413,2092,,,,,
4,0.031725700944662094,2093,,,,,
4,0.3976307809352875,2094,,,,,
4,0.0016358091961592436,2095,,,,,
4,0.002134559443220496,2096,,,,,
4,0.028854748234152794,2097,,,,,
4,0.034995920956134796,2098,,,,,
4,0.03139255568385124,2099,,,,,
4,0.11376377940177917,2100,,,,,
4,0.05334283784031868,2101,,,,,
4,0.040904898196458817,2102,,,,,
4,0.0620809905230999,2103,,,,,
4,0.10661337524652481,2104,,,,,
4,0.03530942648649216,2105,,,,,
4,0.05351211503148079,2106,,,,,
4,0.05171576142311096,2107,,,,,
4,0.5483847260475159,2108,,,,,
4,0.009570746682584286,2109,,,,,
4,0.07485150545835495,2110,,,,,
4,0.11831045150756836,2111,,,,,
4,0.12619762122631073,2112,,,,,
4,0.0194198377430439,2113,,,,,
4,0.1237511858344078,2114,,,,,
4,0.051134467124938965,2115,,,,,
4,0.12791600823402405,2116,,,,,
4,0.03408220410346985,2117,,,,,
4,0.08272373676300049,2118,,,,,
4,0.11867772042751312,2119,,,,,
4,0.04685964435338974,2120,,,,,
4,0.07359224557876587,2121,,,,,
4,0.17925280332565308,2122,,,,,
4,0.05317727476358414,2123,,,,,
4,0.04837979003787041,2124,,,,,
4,0.014968272298574448,2125,,,,,
4,0.03787846118211746,2126,,,,,
4,0.02484632469713688,2127,,,,,
4,0.020218748599290848,2128,,,,,
4,0.007562709040939808,2129,,,,,
4,0.00913285929709673,2130,,,,,
4,0.005521473474800587,2131,,,,,
4,0.0034942980855703354,2132,,,,,
4,0.07970275729894638,2133,,,,,
4,0.058160703629255295,2134,,,,,
4,0.22232672572135925,2135,,,,,
4,0.1721237450838089,2136,,,,,
4,0.06772419065237045,2137,,,,,
4,0.013813729397952557,2138,,,,,
4,0.10772084444761276,2139,,,,,
4,0.1440773904323578,2140,,,,,
4,0.08460165560245514,2141,,,,,
4,0.05129915103316307,2142,,,,,
4,0.05852460488677025,2143,,,,,
4,0.20385873317718506,2144,,,,,
4,0.010904454626142979,2145,,,,,
4,0.009513224475085735,2146,,,,,
4,0.15979567170143127,2147,,,,,
4,0.10594304651021957,2148,,,,,
4,0.031186237931251526,2149,,,,,
4,0.020912576466798782,2150,,,,,
4,0.019666355103254318,2151,,,,,
4,0.004132591653615236,2152,,,,,
4,0.024984056130051613,2153,,,,,
4,0.06132594868540764,2154,,,,,
4,0.07273982465267181,2155,,,,,
4,0.04491354897618294,2156,,,,,
4,0.2797674834728241,2157,,,,,
4,0.037698131054639816,2158,,,,,
4,0.011666025966405869,2159,,,,,
4,0.00712627824395895,2160,,,,,
4,0.010329823940992355,2161,,,,,
4,0.002908163471147418,2162,,,,,
4,0.09559638053178787,2163,,,,,
4,0.0023128469474613667,2164,,,,,
4,0.5910607576370239,2165,,,,,
4,0.029448414221405983,2166,,,,,
4,0.038115330040454865,2167,,,,,
4,0.028927601873874664,2168,,,,,
4,0.011269336566329002,2169,,,,,
4,0.02472652494907379,2170,,,,,
4,0.09402982890605927,2171,,,,,
4,0.001436003833077848,2172,,,,,
4,0.012215584516525269,2173,,,,,
4,0.03429859131574631,2174,,,,,
4,0.012761937454342842,2175,,,,,
4,0.04874389246106148,2176,,,,,
4,0.014722978696227074,2177,,,,,
4,0.0051368423737585545,2178,,,,,
4,0.015991924330592155,2179,,,,,
4,0.009040985256433487,2180,,,,,
4,0.016565963625907898,2181,,,,,
4,0.026007050648331642,2182,,,,,
4,0.09195204079151154,2183,,,,,
4,0.0025090151466429234,2184,,,,,
4,0.013230922631919384,2185,,,,,
4,0.02206510305404663,2186,,,,,
4,0.005898732226341963,2187,,,,,
4,0.1000913456082344,2188,,,,,
4,0.0020009048748761415,2189,,,,,
4,0.023213187232613564,2190,,,,,
4,0.014712161384522915,2191,,,,,
4,0.07944118976593018,2192,,,,,
4,0.06983383744955063,2193,,,,,
4,0.005368305370211601,2194,,,,,
4,0.01827789470553398,2195,,,,,
4,0.18334920704364777,2196,,,,,
4,0.12253285944461823,2197,,,,,
4,0.07412968575954437,2198,,,,,
4,0.01731003075838089,2199,,,,,
4,0.06073308363556862,2200,,,,,
4,0.029111715033650398,2201,,,,,
4,0.03131004050374031,2202,,,,,
4,0.016131127253174782,2203,,,,,
4,0.023777274414896965,2204,,,,,
4,0.020215438678860664,2205,,,,,
4,0.21593959629535675,2206,,,,,
4,0.1055799350142479,2207,,,,,
4,0.19343794882297516,2208,,,,,
4,0.045557957142591476,2209,,,,,
4,0.04033106192946434,2210,,,,,
4,0.010876721702516079,2211,,,,,
4,0.0036521200090646744,2212,,,,,
4,0.016167720779776573,2213,,,,,
4,0.04465971142053604,2214,,,,,
4,0.03491262346506119,2215,,,,,
4,0.07492733746767044,2216,,,,,
4,0.0038461037911474705,2217,,,,,
4,0.06224071979522705,2218,,,,,
4,0.04313293471932411,2219,,,,,
4,0.01397645752876997,2220,,,,,
4,0.06898556649684906,2221,,,,,
4,0.1169954240322113,2222,,,,,
4,0.14933006465435028,2223,,,,,
4,0.01613263599574566,2224,,,,,
4,0.05397617816925049,2225,,,,,
4,0.014331864193081856,2226,,,,,
4,0.15484879910945892,2227,,,,,
4,0.009897610172629356,2228,,,,,
4,0.07478976994752884,2229,,,,,
4,0.021032536402344704,2230,,,,,
4,0.003998061642050743,2231,,,,,
4,0.1288611888885498,2232,,,,,
4,0.002636497840285301,2233,,,,,
4,0.021076157689094543,2234,,,,,
4,0.0966368094086647,2235,,,,,
4,0.00946703553199768,2236,,,,,
4,0.005450886208564043,2237,,,,,
4,0.0021377266384661198,2238,,,,,
4,0.03257039934396744,2239,,,,,
4,0.043331410735845566,2240,,,,,
4,0.02814730629324913,2241,,,,,
4,0.00508763687685132,2242,,,,,
4,0.01277096476405859,2243,,,,,
4,0.002778466558083892,2244,,,,,
4,0.00613953173160553,2245,,,,,
4,0.05161738395690918,2246,,,,,
4,0.0026393907610327005,2247,,,,,
4,0.005281338468194008,2248,,,,,
4,0.09991206973791122,2249,,,,,
4,0.0809422954916954,2250,,,,,
4,0.3648732006549835,2251,,,,,
4,0.012628653086721897,2252,,,,,
4,0.12735548615455627,2253,,,,,
4,0.007812771946191788,2254,,,,,
4,0.015905458480119705,2255,,,,,
4,0.013534615747630596,2256,,,,,
4,0.000985247315838933,2257,,,,,
4,0.0820668488740921,2258,,,,,
4,0.017197061330080032,2259,,,,,
4,0.056215230375528336,2260,,,,,
4,0.05989183112978935,2261,,,,,
4,0.023281970992684364,2262,,,,,
4,0.0032734177075326443,2263,,,,,
4,0.09295639395713806,2264,,,,,
4,0.0032402235083281994,2265,,,,,
4,0.002115435665473342,2266,,,,,
4,0.06754178553819656,2267,,,,,
4,0.012720143422484398,2268,,,,,
4,0.018074508756399155,2269,,,,,
4,0.0317697636783123,2270,,,,,
4,0.06143832206726074,2271,,,,,
4,0.11260945349931717,2272,,,,,
4,0.1722014844417572,2273,,,,,
4,0.051975067704916,2274,,,,,
4,0.00286018755286932,2275,,,,,
4,0.06927630305290222,2276,,,,,
4,0.0012966261710971594,2277,,,,,
4,0.03923673927783966,2278,,,,,
4,0.013882722705602646,2279,,,,,
4,0.03319529443979263,2280,,,,,
4,0.08601545542478561,2281,,,,,
4,0.02035680040717125,2282,,,,,
4,0.042583249509334564,2283,,,,,
4,0.006853101775050163,2284,,,,,
4,0.03070533648133278,2285,,,,,
4,0.03951422497630119,2286,,,,,
4,0.009877820499241352,2287,,,,,
4,0.1768493801355362,2288,,,,,
4,0.006717710290104151,2289,,,,,
4,0.05516672506928444,2290,,,,,
4,0.6318234801292419,2291,,,,,
4,0.006465188693255186,2292,,,,,
4,0.04265424236655235,2293,,,,,
4,0.011276457458734512,2294,,,,,
4,0.05489730462431908,2295,,,,,
4,0.006514791399240494,2296,,,,,
4,0.015411384403705597,2297,,,,,
4,0.0321018286049366,2298,,,,,
4,0.007385832257568836,2299,,,,,
4,0.05178019404411316,2300,,,,,
4,0.003066563978791237,2301,,,,,
4,0.007387423887848854,2302,,,,,
4,0.002292393473908305,2303,,,,,
4,0.06336284428834915,2304,,,,,
4,0.008532826788723469,2305,,,,,
4,0.007781417574733496,2306,,,,,
4,0.08172500878572464,2307,,,,,
4,0.06655208021402359,2308,,,,,
4,0.0330212228000164,2309,,,,,
4,0.009267272427678108,2310,,,,,
4,0.1363736391067505,2311,,,,,
4,0.0026399344205856323,2312,,,,,
4,0.024935364723205566,2313,,,,,
4,0.03952470421791077,2314,,,,,
4,0.0031408292707055807,2315,,,,,
4,0.026086729019880295,2316,,,,,
4,0.004958789329975843,2317,,,,,
4,0.017959466204047203,2318,,,,,
4,0.025971166789531708,2319,,,,,
4,0.00840815156698227,2320,,,,,
4,0.27505093812942505,2321,,,,,
4,0.037623193114995956,2322,,,,,
4,0.02798878215253353,2323,,,,,
4,0.16822780668735504,2324,,,,,
4,0.06492603570222855,2325,,,,,
4,0.006471536122262478,2326,,,,,
4,0.01166718639433384,2327,,,,,
4,0.06612192094326019,2328,,,,,
4,0.004049381241202354,2329,,,,,
4,0.16609659790992737,2330,,,,,
4,0.07937387377023697,2331,,,,,
4,0.29629793763160706,2332,,,,,
4,0.007779628969728947,2333,,,,,
4,0.0031662429682910442,2334,,,,,
4,0.025082500651478767,2335,,,,,
4,0.04586612060666084,2336,,,,,
4,0.008909708820283413,2337,,,,,
4,0.10393990576267242,2338,,,,,
4,0.003465194720774889,2339,,,,,
4,0.07621650397777557,2340,,,,,
4,0.031684406101703644,2341,,,,,
4,0.01507107075303793,2342,,,,,
4,0.0008926964947022498,2343,,,,,
4,0.017176615074276924,2344,,,,,
4,0.3879687786102295,2345,,,,,
4,0.024229183793067932,2346,,,,,
4,0.01989707723259926,2347,,,,,
4,0.006993096321821213,2348,,,,,
4,0.0047595808282494545,2349,,,,,
4,0.02344224788248539,2350,,,,,
4,0.0051458366215229034,2351,,,,,
4,0.013369790278375149,2352,,,,,
4,0.005009269341826439,2353,,,,,
4,0.007677664048969746,2354,,,,,
4,0.006447336636483669,2355,,,,,
4,0.0021604744251817465,2356,,,,,
4,0.002296449150890112,2357,,,,,
4,0.006484257988631725,2358,,,,,
4,0.0023030508309602737,2359,,,,,
4,0.0304489154368639,2360,,,,,
4,0.006296010222285986,2361,,,,,
4,0.020756587386131287,2362,,,,,
4,0.0061637405306100845,2363,,,,,
4,0.0018920692382380366,2364,,,,,
4,0.008345561102032661,2365,,,,,
4,0.0022105849348008633,2366,,,,,
4,0.04113458842039108,2367,,,,,
4,0.008660727180540562,2368,,,,,
4,0.018264038488268852,2369,,,,,
4,0.0014131903881207108,2370,,,,,
4,0.027150338515639305,2371,,,,,
4,0.002687846077606082,2372,,,,,
4,0.04776705428957939,2373,,,,,
4,0.1487874984741211,2374,,,,,
4,0.0035583823919296265,2375,,,,,
4,0.1936766654253006,2376,,,,,
4,0.002615440171211958,2377,,,,,
4,0.04644458368420601,2378,,,,,
4,0.02053934521973133,2379,,,,,
4,0.005444737616926432,2380,,,,,
4,0.0013712955405935645,2381,,,,,
4,0.03527519106864929,2382,,,,,
4,0.09733542054891586,2383,,,,,
4,0.007952265441417694,2384,,,,,
4,0.002903300803154707,2385,,,,,
4,0.001995972590520978,2386,,,,,
4,0.1474672257900238,2387,,,,,
4,0.017969531938433647,2388,,,,,
4,0.0722266435623169,2389,,,,,
4,0.016780834645032883,2390,,,,,
4,0.014304641634225845,2391,,,,,
4,0.03461499884724617,2392,,,,,
4,0.021838625892996788,2393,,,,,
4,0.0032942278776317835,2394,,,,,
4,0.003974794410169125,2395,,,,,
4,0.013574291951954365,2396,,,,,
4,0.023638268932700157,2397,,,,,
4,0.050074853003025055,2398,,,,,
4,0.00663815438747406,2399,,,,,
4,0.0009349313913844526,2400,,,,,
4,0.13809433579444885,2401,,,,,
4,0.011344513855874538,2402,,,,,
4,0.006719708908349276,2403,,,,,
4,0.0012850938364863396,2404,,,,,
4,0.0029705041088163853,2405,,,,,
4,0.0015063927276059985,2406,,,,,
4,0.016445733606815338,2407,,,,,
4,0.06088082864880562,2408,,,,,
4,0.03757908195257187,2409,,,,,
4,0.0033948367927223444,2410,,,,,
4,0.008397525176405907,2411,,,,,
4,0.009541642852127552,2412,,,,,
4,0.011885258369147778,2413,,,,,
4,0.012121826410293579,2414,,,,,
4,0.0003259840013924986,2415,,,,,
4,0.009070326574146748,2416,,,,,
4,0.014814519323408604,2417,,,,,
4,0.03556658327579498,2418,,,,,
4,0.016104817390441895,2419,,,,,
4,0.048390232026576996,2420,,,,,
4,0.023909207433462143,2421,,,,,
4,0.006022786255925894,2422,,,,,
4,0.10284050554037094,2423,,,,,
4,0.020502619445323944,2424,,,,,
4,0.008280415087938309,2425,,,,,
4,0.06606783717870712,2426,,,,,
4,0.04329602047801018,2427,,,,,
4,0.0038380231708288193,2428,,,,,
4,0.028079135343432426,2429,,,,,
4,0.0007578530930913985,2430,,,,,
4,0.007886892184615135,2431,,,,,
4,0.002187377540394664,2432,,,,,
4,0.000776572385802865,2433,,,,,
4,0.04199875146150589,2434,,,,,
4,0.013348055072128773,2435,,,,,
4,0.004242587834596634,2436,,,,,
4,0.04819560796022415,2437,,,,,
4,0.005756366066634655,2438,,,,,
4,0.0017615576507523656,2439,,,,,
4,0.24994605779647827,2440,,,,,
4,0.05619493126869202,2441,,,,,
4,0.001808912493288517,2442,,,,,
4,0.03361285850405693,2443,,,,,
4,5.724897710024379e-05,2444,,,,,
4,0.035029083490371704,2445,,,,,
4,0.11998218297958374,2446,,,,,
4,0.01572509855031967,2447,,,,,
4,0.07410768419504166,2448,,,,,
4,0.00788678228855133,2449,,,,,
4,0.02173498459160328,2450,,,,,
4,0.00044787366641685367,2451,,,,,
4,0.00858105719089508,2452,,,,,
4,0.006898204796016216,2453,,,,,
4,0.20068208873271942,2454,,,,,
4,0.0007484194939024746,2455,,,,,
4,0.0017471248283982277,2456,,,,,
4,0.018514135852456093,2457,,,,,
4,0.005770454648882151,2458,,,,,
4,0.0006370050250552595,2459,,,,,
4,0.0009445318719372153,2460,,,,,
4,0.22950978577136993,2461,,,,,
4,0.06186546012759209,2462,,,,,
4,0.003480445360764861,2463,,,,,
4,0.02561149187386036,2464,,,,,
4,0.0781274139881134,2465,,,,,
4,0.03990984708070755,2466,,,,,
4,0.028275111690163612,2467,,,,,
4,0.0009007965563796461,2468,,,,,
4,0.07195018231868744,2469,,,,,
4,0.06680231541395187,2470,,,,,
4,0.019285451620817184,2471,,,,,
4,0.007193463854491711,2472,,,,,
4,0.04057979956269264,2473,,,,,
4,0.07057832181453705,2474,,,,,
4,0.05866774171590805,2475,,,,,
4,0.013887101784348488,2476,,,,,
4,0.008878953754901886,2477,,,,,
4,0.07112273573875427,2478,,,,,
4,0.009920374490320683,2479,,,,,
4,0.07678413391113281,2480,,,,,
4,0.4756992757320404,2481,,,,,
4,0.00824809167534113,2482,,,,,
4,0.16234000027179718,2483,,,,,
4,0.02081422507762909,2484,,,,,
4,0.003661050694063306,2485,,,,,
4,0.007643435150384903,2486,,,,,
4,0.015700671821832657,2487,,,,,
4,0.006493653170764446,2488,,,,,
4,0.017235897481441498,2489,,,,,
4,0.0006287861033342779,2490,,,,,
4,0.0012450098292902112,2491,,,,,
4,0.0005275005241855979,2492,,,,,
4,0.06604751944541931,2493,,,,,
4,0.06080211326479912,2494,,,,,
,,1996,0.0003934014239348471,,,,
,,1997,0.19351312518119812,,,,
,,1998,0.016187051311135292,,,,
,,1999,0.00163642514962703,,,,
,,2000,0.00287434970960021,,,,
,,2001,0.0407043881714344,,,,
,,2002,0.0005127358599565923,,,,
,,2003,0.010822810232639313,,,,
,,2004,0.11772674322128296,,,,
,,2005,0.0022530262358486652,,,,
,,2006,0.011267847381532192,,,,
,,2007,0.0021898560225963593,,,,
,,2008,0.05331796780228615,,,,
,,2009,0.00023760368640068918,,,,
,,2010,0.0022556367330253124,,,,
,,2011,0.007955105043947697,,,,
,,2012,0.00022207757865544409,,,,
,,2013,0.24681860208511353,,,,
,,2014,0.017762158066034317,,,,
,,2015,0.0016437990125268698,,,,
,,2016,0.0012387388851493597,,,,
,,2017,0.02010578103363514,,,,
,,2018,0.00015223529771901667,,,,
,,2019,0.005532549694180489,,,,
,,2020,0.002817699685692787,,,,
,,2021,0.35795488953590393,,,,
,,2022,0.00016641132242511958,,,,
,,2023,0.0008950316114351153,,,,
,,2024,0.0008641231106594205,,,,
,,2025,0.0002001978864427656,,,,
,,2026,0.00465294299647212,,,,
,,2027,0.0031932692509144545,,,,
,,2028,0.058027345687150955,,,,
,,2029,0.15548285841941833,,,,
,,2030,0.00024947646306827664,,,,
,,2031,0.0012864945456385612,,,,
,,2032,0.03222893550992012,,,,
,,2033,0.0008021483081392944,,,,
,,2034,0.0002447756996843964,,,,
,,2035,0.03231293335556984,,,,
,,2036,0.0064858924597501755,,,,
,,2037,0.00010477185423951596,,,,
,,2038,0.11154640465974808,,,,
,,2039,0.014819012023508549,,,,
,,2040,0.000407536601414904,,,,
,,2041,0.0007273976225405931,,,,
,,2042,0.018038276582956314,,,,
,,2043,0.00041143831913359463,,,,
,,2044,0.0029922642279416323,,,,
,,2045,0.039944738149642944,,,,
,,2046,0.2557086944580078,,,,
,,2047,0.002024854766204953,,,,
,,2048,0.014032889157533646,,,,
,,2049,0.00046648067655041814,,,,
,,2050,0.0001445192756364122,,,,
,,2051,0.00012601604976225644,,,,
,,2052,0.003556083422154188,,,,
,,2053,0.00022209243616089225,,,,
,,2054,0.2433917373418808,,,,
,,2055,0.0022329669445753098,,,,
,,2056,0.0002836858038790524,,,,
,,2057,0.0033644565846771,,,,
,,2058,0.017603546380996704,,,,
,,2059,0.00011008889123331755,,,,
,,2060,0.004087480716407299,,,,
,,2061,0.040067099034786224,,,,
,,2062,0.007680167909711599,,,,
,,2063,9.835219680098817e-05,,,,
,,2064,0.0007502595544792712,,,,
,,2065,0.01716206781566143,,,,
,,2066,0.0002557410625740886,,,,
,,2067,0.00020028326252941042,,,,
,,2068,0.0032971855252981186,,,,
,,2069,0.00014175391697790474,,,,
,,2070,0.08439366519451141,,,,
,,2071,0.03576727956533432,,,,
,,2072,0.000987553154118359,,,,
,,2073,0.0010215910151600838,,,,
,,2074,0.015926841646432877,,,,
,,2075,0.00010493535228306428,,,,
,,2076,0.0028265754226595163,,,,
,,2077,0.04196155071258545,,,,
,,2078,0.26492148637771606,,,,
,,2079,0.12461423128843307,,,,
,,2080,0.001058737630955875,,,,
,,2081,0.0029141774866729975,,,,
,,2082,0.00021852029021829367,,,,
,,2083,0.00036816802457906306,,,,
,,2084,0.00035056573688052595,,,,
,,2085,0.0012747679138556123,,,,
,,2086,0.0924195945262909,,,,
,,2087,0.20407550036907196,,,,
,,2088,0.0016633898485451937,,,,
,,2089,0.0007139627705328166,,,,
,,2090,0.03645174950361252,,,,
,,2091,0.031999003142118454,,,,
,,2092,0.00016697925457265228,,,,
,,2093,0.0014797092881053686,,,,
,,2094,0.8173868060112,,,,
,,2095,0.2918591797351837,,,,
,,2096,0.0016752203227952123,,,,
,,2097,0.014776398427784443,,,,
,,2098,0.0008043505949899554,,,,
,,2099,0.0001541716483188793,,,,
,,2100,0.02399006113409996,,,,
,,2101,0.006671176757663488,,,,
,,2102,0.00014591206854674965,,,,
,,2103,0.24335533380508423,,,,
,,2104,0.0017144682351499796,,,,
,,2105,0.0019289834890514612,,,,
,,2106,0.10879834741353989,,,,
,,2107,0.0458458811044693,,,,
,,2108,0.00039147079223766923,,,,
,,2109,0.004904475063085556,,,,
,,2110,0.041586555540561676,,,,
,,2111,0.19375218451023102,,,,
,,2112,0.0005849984008818865,,,,
,,2113,0.0037965860683470964,,,,
,,2114,0.00372687797062099,,,,
,,2115,0.00011314410949125886,,,,
,,2116,9.430600766791031e-05,,,,
,,2117,0.011323637329041958,,,,
,,2118,0.00028622851823456585,,,,
,,2119,0.2758170962333679,,,,
,,2120,0.03453204408288002,,,,
,,2121,0.0010270883794873953,,,,
,,2122,0.0007383883930742741,,,,
,,2123,0.015658851712942123,,,,
,,2124,0.00015893878298811615,,,,
,,2125,0.003696904517710209,,,,
,,2126,0.0350944921374321,,,,
,,2127,0.27447959780693054,,,,
,,2128,0.00017529317119624466,,,,
,,2129,0.0008692679111845791,,,,
,,2130,0.0009123911149799824,,,,
,,2131,0.0009127657394856215,,,,
,,2132,0.00010583112452877685,,,,
,,2133,0.03496481105685234,,,,
,,2134,0.002639167942106724,,,,
,,2135,0.1643705815076828,,,,
,,2136,0.2811335623264313,,,,
,,2137,0.0008612615638412535,,,,
,,2138,0.0024379745591431856,,,,
,,2139,0.017770204693078995,,,,
,,2140,0.3046528697013855,,,,
,,2141,0.00035418293555267155,,,,
,,2142,0.0016365271294489503,,,,
,,2143,0.3513324558734894,,,,
,,2144,0.0002885553694795817,,,,
,,2145,0.01565743423998356,,,,
,,2146,0.0006967922090552747,,,,
,,2147,0.00015344415442086756,,,,
,,2148,0.005547070875763893,,,,
,,2149,0.0001776439748937264,,,,
,,2150,0.0001446570095140487,,,,
,,2151,0.2397439181804657,,,,
,,2152,0.028331663459539413,,,,
,,2153,0.0033489237539470196,,,,
,,2154,0.00015488642384298146,,,,
,,2155,0.0007274753879755735,,,,
,,2156,0.00019819823501165956,,,,
,,2157,0.00016295703244395554,,,,
,,2158,0.0032292429823428392,,,,
,,2159,0.00467243418097496,,,,
,,2160,0.5872358679771423,,,,
,,2161,0.00025776633992791176,,,,
,,2162,0.000585253641474992,,,,
,,2163,0.015187188051640987,,,,
,,2164,0.000837966799736023,,,,
,,2165,0.0002572235534898937,,,,
,,2166,0.0005146153271198273,,,,
,,2167,0.0024658720940351486,,,,
,,2168,0.13724982738494873,,,,
,,2169,0.2759647071361542,,,,
,,2170,0.004902958404272795,,,,
,,2171,0.012675310485064983,,,,
,,2172,0.015519930981099606,,,,
,,2173,0.0012051040539517999,,,,
,,2174,0.00018115459533873945,,,,
,,2175,0.02919413335621357,,,,
,,2176,0.00530334934592247,,,,
,,2177,0.0002186633792007342,,,,
,,2178,0.2427511215209961,,,,
,,2179,0.001686520641669631,,,,
,,2180,0.0008733946597203612,,,,
,,2181,0.00021603914501611143,,,,
,,2182,0.00041488578426651657,,,,
,,2183,0.003949340432882309,,,,
,,2184,0.00031290380866266787,,,,
,,2185,0.2476596236228943,,,,
,,2186,0.28924670815467834,,,,
,,2187,0.004231593105942011,,,,
,,2188,0.025525763630867004,,,,
,,2189,0.0016713736113160849,,,,
,,2190,0.0001685754832578823,,,,
,,2191,0.03157361224293709,,,,
,,2192,0.002149147680029273,,,,
,,2193,0.0001228628243552521,,,,
,,2194,0.1609700322151184,,,,
,,2195,0.002713410183787346,,,,
,,2196,0.0004389846872072667,,,,
,,2197,0.013779373839497566,,,,
,,2198,0.017786897718906403,,,,
,,2199,0.0002979206037707627,,,,
,,2200,0.0031312068458646536,,,,
,,2201,0.03890356793999672,,,,
,,2202,0.19822655618190765,,,,
,,2203,0.00023920378589536995,,,,
,,2204,0.0010261598508805037,,,,
,,2205,0.016073821112513542,,,,
,,2206,0.00020960837719030678,,,,
,,2207,0.00021458925039041787,,,,
,,2208,0.00546178687363863,,,,
,,2209,0.00027475928072817624,,,,
,,2210,0.2502046823501587,,,,
,,2211,0.001528797554783523,,,,
,,2212,0.01188228651881218,,,,
,,2213,0.0025748885236680508,,,,
,,2214,0.017386768013238907,,,,
,,2215,0.00027588868397288024,,,,
,,2216,0.0044585661962628365,,,,
,,2217,0.045232098549604416,,,,
,,2218,0.09401936084032059,,,,
,,2219,0.014703908935189247,,,,
,,2220,0.0001699125423328951,,,,
,,2221,0.0006301581161096692,,,,
,,2222,0.016221359372138977,,,,
,,2223,0.01827467791736126,,,,
,,2224,0.023699047043919563,,,,
,,2225,0.0018270768923684955,,,,
,,2226,0.20575103163719177,,,,
,,2227,0.001205210224725306,,,,
,,2228,0.011568075977265835,,,,
,,2229,0.00038614016375504434,,,,
,,2230,0.0008985351305454969,,,,
,,2231,0.00029532992630265653,,,,
,,2232,0.00576752470806241,,,,
,,2233,0.00019316239922773093,,,,
,,2234,0.3126237690448761,,,,
,,2235,0.00032197599648498,,,,
,,2236,0.0012496685376390815,,,,
,,2237,0.020770834758877754,,,,
,,2238,0.0013865517685189843,,,,
,,2239,0.0007547417189925909,,,,
,,2240,0.025466978549957275,,,,
,,2241,0.0018766993889585137,,,,
,,2242,0.0005251445691101253,,,,
,,2243,0.14124934375286102,,,,
,,2244,0.006631503347307444,,,,
,,2245,0.00017363743972964585,,,,
,,2246,0.002525963820517063,,,,
,,2247,0.025478925555944443,,,,
,,2248,0.000369798275642097,,,,
,,2249,0.010444780811667442,,,,
,,2250,0.19611327350139618,,,,
,,2251,0.02939847856760025,,,,
,,2252,0.0012988473754376173,,,,
,,2253,0.012816914357244968,,,,
,,2254,0.0005852884496562183,,,,
,,2255,0.00010709450725698844,,,,
,,2256,0.021921733394265175,,,,
,,2257,0.0014175528194755316,,,,
,,2258,0.00016699005209375173,,,,
,,2259,0.18613141775131226,,,,
,,2260,0.0016895285807549953,,,,
,,2261,0.00021079038560856134,,,,
,,2262,0.0008998063276521862,,,,
,,2263,0.0001471865107305348,,,,
,,2264,0.027453353628516197,,,,
,,2265,0.003647604025900364,,,,
,,2266,0.1407749205827713,,,,
,,2267,0.2637462615966797,,,,
,,2268,0.0011091356864199042,,,,
,,2269,0.025194277986884117,,,,
,,2270,0.0017708376981317997,,,,
,,2271,0.0003012464439962059,,,,
,,2272,9.997528832172975e-05,,,,
,,2273,0.0013540779473260045,,,,
,,2274,0.0010354528203606606,,,,
,,2275,0.11424169689416885,,,,
,,2276,0.0066757542081177235,,,,
,,2277,0.00022261890990193933,,,,
,,2278,0.0006120652542449534,,,,
,,2279,0.0001708379713818431,,,,
,,2280,0.000329420727211982,,,,
,,2281,0.002069284673780203,,,,
,,2282,0.1310201734304428,,,,
,,2283,0.26597416400909424,,,,
,,2284,0.0023730674292892218,,,,
,,2285,0.1253754198551178,,,,
,,2286,0.003681766102090478,,,,
,,2287,0.00039841688703745604,,,,
,,2288,0.00023884746769908816,,,,
,,2289,0.010558417066931725,,,,
,,2290,0.17867542803287506,,,,
,,2291,0.0009571781847625971,,,,
,,2292,0.008350130170583725,,,,
,,2293,0.40383368730545044,,,,
,,2294,0.0008085494046099484,,,,
,,2295,0.02909366600215435,,,,
,,2296,0.0013603095430880785,,,,
,,2297,0.0001522104867035523,,,,
,,2298,0.10260654240846634,,,,
,,2299,0.032259441912174225,,,,
,,2300,0.005270806141197681,,,,
,,2301,0.004585249815136194,,,,
,,2302,0.002351912669837475,,,,
,,2303,0.00027241441421210766,,,,
,,2304,0.0001290274376515299,,,,
,,2305,0.008144902996718884,,,,
,,2306,0.03317646309733391,,,,
,,2307,0.1600513905286789,,,,
,,2308,0.002776767360046506,,,,
,,2309,0.0016517380718141794,,,,
,,2310,0.0008259154856204987,,,,
,,2311,0.00017549046606291085,,,,
,,2312,0.023496350273489952,,,,
,,2313,0.0005890993634238839,,,,
,,2314,0.09483235329389572,,,,
,,2315,0.03633185848593712,,,,
,,2316,0.006745174527168274,,,,
,,2317,0.0035073331091552973,,,,
,,2318,0.0020275574643164873,,,,
,,2319,0.0006105148931965232,,,,
,,2320,0.000872482021804899,,,,
,,2321,0.0017931896727532148,,,,
,,2322,0.050832610577344894,,,,
,,2323,0.0001643989235162735,,,,
,,2324,0.0028824920300394297,,,,
,,2325,0.004818621091544628,,,,
,,2326,0.009832610376179218,,,,
,,2327,0.018155094236135483,,,,
,,2328,0.019411519169807434,,,,
,,2329,0.00017740935436449945,,,,
,,2330,0.001667176140472293,,,,
,,2331,0.022916866466403008,,,,
,,2332,0.00023800169583410025,,,,
,,2333,0.000972818466834724,,,,
,,2334,0.0008904957212507725,,,,
,,2335,0.00031542935175821185,,,,
,,2336,0.0002867589646484703,,,,
,,2337,0.006386027205735445,,,,
,,2338,0.009340901859104633,,,,
,,2339,0.217324361205101,,,,
,,2340,0.00285548553802073,,,,
,,2341,0.018613118678331375,,,,
,,2342,0.0003644460521172732,,,,
,,2343,0.014089622534811497,,,,
,,2344,0.00024362858675885946,,,,
,,2345,0.004769552499055862,,,,
,,2346,0.005292779300361872,,,,
,,2347,0.09377048164606094,,,,
,,2348,0.3495831787586212,,,,
,,2349,0.002053102245554328,,,,
,,2350,0.0006122887134552002,,,,
,,2351,0.05684858188033104,,,,
,,2352,0.09270771592855453,,,,
,,2353,0.003425214672461152,,,,
,,2354,0.03559940308332443,,,,
,,2355,0.229425847530365,,,,
,,2356,0.02320193313062191,,,,
,,2357,0.03047913685441017,,,,
,,2358,0.0005088987527415156,,,,
,,2359,0.000546939205378294,,,,
,,2360,0.01960425078868866,,,,
,,2361,0.00012429265188984573,,,,
,,2362,0.001772496965713799,,,,
,,2363,0.20083199441432953,,,,
,,2364,0.0009661341900937259,,,,
,,2365,0.003870351007208228,,,,
,,2366,0.0008809322607703507,,,,
,,2367,0.0007893528090789914,,,,
,,2368,0.00010937314800685272,,,,
,,2369,0.00024350581225007772,,,,
,,2370,0.004122775513678789,,,,
,,2371,0.00029455783078446984,,,,
,,2372,0.13500961661338806,,,,
,,2373,0.006368339993059635,,,,
,,2374,0.0018080276204273105,,,,
,,2375,0.0010174245107918978,,,,
,,2376,0.00038074725307524204,,,,
,,2377,0.16989009082317352,,,,
,,2378,0.023917630314826965,,,,
,,2379,0.16416595876216888,,,,
,,2380,0.03301684185862541,,,,
,,2381,0.00022694733343087137,,,,
,,2382,0.012817840091884136,,,,
,,2383,0.0006526102079078555,,,,
,,2384,0.00013283318548928946,,,,
,,2385,0.018512742593884468,,,,
,,2386,0.001995878526940942,,,,
,,2387,0.15192833542823792,,,,
,,2388,0.00017150190251413733,,,,
,,2389,0.011412113904953003,,,,
,,2390,0.0006126034422777593,,,,
,,2391,0.0002048550668405369,,,,
,,2392,0.00014622914022766054,,,,
,,2393,0.036175064742565155,,,,
,,2394,0.012165275402367115,,,,
,,2395,0.06460831314325333,,,,
,,2396,0.02639102376997471,,,,
,,2397,0.0020928597077727318,,,,
,,2398,0.0077234250493347645,,,,
,,2399,0.009007083252072334,,,,
,,2400,0.0026332379784435034,,,,
,,2401,0.00011239037121413276,,,,
,,2402,0.0018939330475404859,,,,
,,2403,0.3350120186805725,,,,
,,2404,0.0016419249586760998,,,,
,,2405,0.0022740561980754137,,,,
,,2406,0.0007997440407052636,,,,
,,2407,0.0010442191269248724,,,,
,,2408,0.0006898021092638373,,,,
,,2409,0.0009432780789211392,,,,
,,2410,0.0053079561330378056,,,,
,,2411,0.22636419534683228,,,,
,,2412,0.03471122309565544,,,,
,,2413,0.00031880979076959193,,,,
,,2414,0.0017609630012884736,,,,
,,2415,0.003661703085526824,,,,
,,2416,0.0005274519207887352,,,,
,,2417,0.0005065950099378824,,,,
,,2418,0.007403441704809666,,,,
,,2419,0.00955578126013279,,,,
,,2420,0.09421227127313614,,,,
,,2421,0.026971986517310143,,,,
,,2422,0.005058654118329287,,,,
,,2423,0.0068086301907896996,,,,
,,2424,0.001605041790753603,,,,
,,2425,0.002687265397980809,,,,
,,2426,0.02616168186068535,,,,
,,2427,0.08153046667575836,,,,
,,2428,0.08185459673404694,,,,
,,2429,0.08814015239477158,,,,
,,2430,0.04624180868268013,,,,
,,2431,0.001329665770754218,,,,
,,2432,0.00016954212333075702,,,,
,,2433,0.0005863228579983115,,,,
,,2434,0.012577327899634838,,,,
,,2435,0.0015453442465513945,,,,
,,2436,0.23006117343902588,,,,
,,2437,0.030003134161233902,,,,
,,2438,0.0009238965576514602,,,,
,,2439,0.0008035183418542147,,,,
,,2440,0.015348561108112335,,,,
,,2441,0.0001353887200821191,,,,
,,2442,0.005875255912542343,,,,
,,2443,0.00025734881637617946,,,,
,,2444,0.28705424070358276,,,,
,,2445,0.0007771727396175265,,,,
,,2446,0.0014679650776088238,,,,
,,2447,0.002007649280130863,,,,
,,2448,0.00029414071468636394,,,,
,,2449,0.00010995013144565746,,,,
,,2450,0.0017458419315516949,,,,
,,2451,0.005365421529859304,,,,
,,2452,0.12441013008356094,,,,
,,2453,0.001370457001030445,,,,
,,2454,0.0016947704134508967,,,,
,,2455,0.00044356350554153323,,,,
,,2456,0.012653004378080368,,,,
,,2457,0.0002265240764245391,,,,
,,2458,0.0038879590574651957,,,,
,,2459,0.0032468230929225683,,,,
,,2460,0.34271639585494995,,,,
,,2461,0.0022772252559661865,,,,
,,2462,0.00018009115592576563,,,,
,,2463,0.0007365854689851403,,,,
,,2464,0.05550209805369377,,,,
,,2465,0.0001490123977418989,,,,
,,2466,0.022946679964661598,,,,
,,2467,0.0017116132657974958,,,,
,,2468,0.23585069179534912,,,,
,,2469,0.0328674353659153,,,,
,,2470,0.0010263071162626147,,,,
,,2471,0.0002265432704007253,,,,
,,2472,0.05097165331244469,,,,
,,2473,0.02507397159934044,,,,
,,2474,0.0002633709227666259,,,,
,,2475,0.0013813629047945142,,,,
,,2476,0.20264290273189545,,,,
,,2477,0.011508136987686157,,,,
,,2478,0.002332019153982401,,,,
,,2479,0.044464536011219025,,,,
,,2480,0.0006576200248673558,,,,
,,2481,0.00023071665782481432,,,,
,,2482,0.003671805839985609,,,,
,,2483,0.039199233055114746,,,,
,,2484,0.2628035843372345,,,,
,,2485,0.04938501492142677,,,,
,,2486,0.0008297146414406598,,,,
,,2487,0.0008424765546806157,,,,
,,2488,0.00013938856136519462,,,,
,,2489,0.02227829582989216,,,,
,,2490,0.004145032726228237,,,,
,,2491,0.0038730313535779715,,,,
,,2492,0.2082403600215912,,,,
,,2493,0.0014317674795165658,,,,
,,2494,0.0016819171141833067,,,,
4,,2494,,0.038977235555648804,,,
4,,2494,,,0.7615230679512024,0.8036072254180908,0.046508293598890305
5,0.04887382313609123,2495,,,,,
5,0.008099954575300217,2496,,,,,
5,0.006404567509889603,2497,,,,,
5,0.02460152842104435,2498,,,,,
5,0.08033359050750732,2499,,,,,
5,0.5489467978477478,2500,,,,,
5,0.012044853530824184,2501,,,,,
5,0.027689948678016663,2502,,,,,
5,0.3870101869106293,2503,,,,,
5,0.06683171540498734,2504,,,,,
5,0.04164785519242287,2505,,,,,
5,0.007173248566687107,2506,,,,,
5,0.0033055846579372883,2507,,,,,
5,0.03262300416827202,2508,,,,,
5,0.0018117923755198717,2509,,,,,
5,0.014534734189510345,2510,,,,,
5,0.14391359686851501,2511,,,,,
5,0.28581517934799194,2512,,,,,
5,0.20427685976028442,2513,,,,,
5,0.036979466676712036,2514,,,,,
5,0.12726113200187683,2515,,,,,
5,0.006148146465420723,2516,,,,,
5,0.2614307701587677,2517,,,,,
5,0.09881064295768738,2518,,,,,
5,0.025181550532579422,2519,,,,,
5,0.011401446536183357,2520,,,,,
5,0.12080713361501694,2521,,,,,
5,0.0787041112780571,2522,,,,,
5,0.020641813054680824,2523,,,,,
5,0.07220053672790527,2524,,,,,
5,0.06330365687608719,2525,,,,,
5,0.0831693485379219,2526,,,,,
5,0.0548284687101841,2527,,,,,
5,0.016010699793696404,2528,,,,,
5,0.03929847106337547,2529,,,,,
5,0.07733515650033951,2530,,,,,
5,0.20881615579128265,2531,,,,,
5,0.12234527617692947,2532,,,,,
5,0.04819042980670929,2533,,,,,
5,0.0037395667750388384,2534,,,,,
5,0.01598777249455452,2535,,,,,
5,0.04769254848361015,2536,,,,,
5,0.018568603321909904,2537,,,,,
5,0.024117132648825645,2538,,,,,
5,0.03700954094529152,2539,,,,,
5,0.04660169407725334,2540,,,,,
5,0.0433109775185585,2541,,,,,
5,0.07354999333620071,2542,,,,,
5,0.0010752043453976512,2543,,,,,
5,0.0014896830543875694,2544,,,,,
5,0.059861212968826294,2545,,,,,
5,0.023098129779100418,2546,,,,,
5,0.0011186995543539524,2547,,,,,
5,0.010000839829444885,2548,,,,,
5,0.011336535215377808,2549,,,,,
5,0.00043069012463092804,2550,,,,,
5,0.07023575901985168,2551,,,,,
5,0.04712306708097458,2552,,,,,
5,0.047338321805000305,2553,,,,,
5,0.012621989473700523,2554,,,,,
5,0.18459345400333405,2555,,,,,
5,0.012611497193574905,2556,,,,,
5,0.018454235047101974,2557,,,,,
5,0.03435075283050537,2558,,,,,
5,0.01973278447985649,2559,,,,,
5,0.08916818350553513,2560,,,,,
5,0.4333755671977997,2561,,,,,
5,0.015134272165596485,2562,,,,,
5,0.006377329584211111,2563,,,,,
5,0.006883154157549143,2564,,,,,
5,0.020596349611878395,2565,,,,,
5,0.008996333926916122,2566,,,,,
5,0.010878446511924267,2567,,,,,
5,0.07445622235536575,2568,,,,,
5,0.0036668041720986366,2569,,,,,
5,0.003230547532439232,2570,,,,,
5,0.004744088742882013,2571,,,,,
5,0.054242946207523346,2572,,,,,
5,0.004156602546572685,2573,,,,,
5,0.03830881416797638,2574,,,,,
5,0.009009908884763718,2575,,,,,
5,0.026064816862344742,2576,,,,,
5,0.04197896644473076,2577,,,,,
5,0.011185668408870697,2578,,,,,
5,0.030741339549422264,2579,,,,,
5,0.06833581626415253,2580,,,,,
5,0.1474006026983261,2581,,,,,
5,0.024406379088759422,2582,,,,,
5,0.010185951367020607,2583,,,,,
5,0.0040489318780601025,2584,,,,,
5,0.010776538401842117,2585,,,,,
5,0.0012989016249775887,2586,,,,,
5,0.011444502510130405,2587,,,,,
5,0.002211071318015456,2588,,,,,
5,0.18467125296592712,2589,,,,,
5,0.004332059994339943,2590,,,,,
5,0.0014188160421326756,2591,,,,,
5,0.28652527928352356,2592,,,,,
5,0.12742437422275543,2593,,,,,
5,0.0038054909091442823,2594,,,,,
5,0.02316313423216343,2595,,,,,
5,0.026990726590156555,2596,,,,,
5,0.002198966220021248,2597,,,,,
5,0.0011841882951557636,2598,,,,,
5,0.0012565443757921457,2599,,,,,
5,0.013125283643603325,2600,,,,,
5,0.004009320866316557,2601,,,,,
5,0.06308230012655258,2602,,,,,
5,0.03878127038478851,2603,,,,,
5,0.002164189936593175,2604,,,,,
5,0.024917276576161385,2605,,,,,
5,0.009486956521868706,2606,,,,,
5,0.00560923432931304,2607,,,,,
5,0.09856484830379486,2608,,,,,
5,0.036183252930641174,2609,,,,,
5,0.004056241363286972,2610,,,,,
5,0.002794672269374132,2611,,,,,
5,0.06360413134098053,2612,,,,,
5,0.3120473027229309,2613,,,,,
5,0.007471409626305103,2614,,,,,
5,0.022459959611296654,2615,,,,,
5,0.018127446994185448,2616,,,,,
5,0.00639851950109005,2617,,,,,
5,0.07239490747451782,2618,,,,,
5,0.015643343329429626,2619,,,,,
5,0.01466662622988224,2620,,,,,
5,0.00229766801930964,2621,,,,,
5,0.004127537366002798,2622,,,,,
5,0.2127065658569336,2623,,,,,
5,0.06859447807073593,2624,,,,,
5,0.021525613963603973,2625,,,,,
5,0.0034849061630666256,2626,,,,,
5,0.0027227788232266903,2627,,,,,
5,0.01804986037313938,2628,,,,,
5,0.0945410430431366,2629,,,,,
5,0.005510926246643066,2630,,,,,
5,0.0008702328195795417,2631,,,,,
5,0.09978964179754257,2632,,,,,
5,0.003363744355738163,2633,,,,,
5,0.01825125329196453,2634,,,,,
5,0.09115813672542572,2635,,,,,
5,0.0046717459335923195,2636,,,,,
5,0.034636128693819046,2637,,,,,
5,0.057127464562654495,2638,,,,,
5,0.0053408765234053135,2639,,,,,
5,0.0024539909791201353,2640,,,,,
5,0.00034988787956535816,2641,,,,,
5,0.002840286586433649,2642,,,,,
5,0.008096356876194477,2643,,,,,
5,0.0014777823816984892,2644,,,,,
5,0.02378789521753788,2645,,,,,
5,0.007520546671003103,2646,,,,,
5,0.007436441257596016,2647,,,,,
5,0.023306792601943016,2648,,,,,
5,0.158539816737175,2649,,,,,
5,0.010129849426448345,2650,,,,,
5,0.0015409670304507017,2651,,,,,
5,0.005125687923282385,2652,,,,,
5,0.0021096013952046633,2653,,,,,
5,0.023577816784381866,2654,,,,,
5,0.0014842909295111895,2655,,,,,
5,0.07070757448673248,2656,,,,,
5,0.01707448437809944,2657,,,,,
5,0.015049385838210583,2658,,,,,
5,0.04637487977743149,2659,,,,,
5,0.0039043789729475975,2660,,,,,
5,0.002249988028779626,2661,,,,,
5,0.002192591316998005,2662,,,,,
5,0.01940334588289261,2663,,,,,
5,0.0004901940119452775,2664,,,,,
5,0.011507770046591759,2665,,,,,
5,0.14626625180244446,2666,,,,,
5,0.0023881178349256516,2667,,,,,
5,0.01620008982717991,2668,,,,,
5,0.01148756593465805,2669,,,,,
5,0.0008835584740154445,2670,,,,,
5,0.0014994849916547537,2671,,,,,
5,0.005729444324970245,2672,,,,,
5,0.002642344916239381,2673,,,,,
5,0.005028794053941965,2674,,,,,
5,0.0006710708257742226,2675,,,,,
5,0.16682635247707367,2676,,,,,
5,9.45125866564922e-05,2677,,,,,
5,0.001656210981309414,2678,,,,,
5,0.0007435548468492925,2679,,,,,
5,0.06435831636190414,2680,,,,,
5,0.11048323661088943,2681,,,,,
5,0.04201793298125267,2682,,,,,
5,0.01682840846478939,2683,,,,,
5,0.0006088597583584487,2684,,,,,
5,0.0029170478228479624,2685,,,,,
5,0.0020455752965062857,2686,,,,,
5,0.026093948632478714,2687,,,,,
5,0.007324111647903919,2688,,,,,
5,0.011089085601270199,2689,,,,,
5,0.04474640265107155,2690,,,,,
5,0.009009341709315777,2691,,,,,
5,0.006855290848761797,2692,,,,,
5,0.0009705004631541669,2693,,,,,
5,0.0033201344776898623,2694,,,,,
5,0.0039891647174954414,2695,,,,,
5,0.002605357440188527,2696,,,,,
5,0.00029591735801659524,2697,,,,,
5,0.00021966783970128745,2698,,,,,
5,0.0003507400688249618,2699,,,,,
5,0.01594455912709236,2700,,,,,
5,0.08367389440536499,2701,,,,,
5,0.008399692364037037,2702,,,,,
5,0.0240359827876091,2703,,,,,
5,0.003942005801945925,2704,,,,,
5,0.02559688314795494,2705,,,,,
5,0.05192972347140312,2706,,,,,
5,0.09566212445497513,2707,,,,,
5,0.016217250376939774,2708,,,,,
5,0.0043410006910562515,2709,,,,,
5,0.0001634038198972121,2710,,,,,
5,0.0008564140880480409,2711,,,,,
5,0.003636937355622649,2712,,,,,
5,0.0002538826665841043,2713,,,,,
5,0.06171232834458351,2714,,,,,
5,0.08625739067792892,2715,,,,,
5,0.030086470767855644,2716,,,,,
5,0.006908134091645479,2717,,,,,
5,0.012410879135131836,2718,,,,,
5,0.007195417303591967,2719,,,,,
5,0.04065828397870064,2720,,,,,
5,0.06912101060152054,2721,,,,,
5,0.018831491470336914,2722,,,,,
5,0.04790395125746727,2723,,,,,
5,0.01337028481066227,2724,,,,,
5,0.013701856136322021,2725,,,,,
5,0.0025381590239703655,2726,,,,,
5,0.04123753681778908,2727,,,,,
5,0.0023837287444621325,2728,,,,,
5,0.026339922100305557,2729,,,,,
5,0.028502285480499268,2730,,,,,
5,0.00014074078353587538,2731,,,,,
5,0.03317783400416374,2732,,,,,
5,0.0026489561423659325,2733,,,,,
5,0.0030176255386322737,2734,,,,,
5,0.010959142819046974,2735,,,,,
5,0.0017540339613333344,2736,,,,,
5,0.04143903777003288,2737,,,,,
5,0.001481022103689611,2738,,,,,
5,0.0006749074091203511,2739,,,,,
5,0.004776190500706434,2740,,,,,
5,0.0015904412139207125,2741,,,,,
5,0.0007582408143207431,2742,,,,,
5,0.024251742288470268,2743,,,,,
5,0.09934327751398087,2744,,,,,
5,0.006120999809354544,2745,,,,,
5,0.0005135375540703535,2746,,,,,
5,0.0011402362724766135,2747,,,,,
5,0.00012025408796034753,2748,,,,,
5,0.012179006822407246,2749,,,,,
5,0.22782263159751892,2750,,,,,
5,0.010495076887309551,2751,,,,,
5,0.001416394137777388,2752,,,,,
5,0.1350434273481369,2753,,,,,
5,0.014885110780596733,2754,,,,,
5,0.0009937903378158808,2755,,,,,
5,0.010053809732198715,2756,,,,,
5,0.00013904075603932142,2757,,,,,
5,0.0012168999528512359,2758,,,,,
5,0.0005364696844480932,2759,,,,,
5,0.012407166883349419,2760,,,,,
5,0.009028331376612186,2761,,,,,
5,0.0019718001130968332,2762,,,,,
5,0.0003376163949724287,2763,,,,,
5,0.0004774490662384778,2764,,,,,
5,0.00013015902368351817,2765,,,,,
5,0.0003619263879954815,2766,,,,,
5,0.011452757753431797,2767,,,,,
5,0.0013203545240685344,2768,,,,,
5,0.0025219942908734083,2769,,,,,
5,0.012997335754334927,2770,,,,,
5,0.027877435088157654,2771,,,,,
5,0.047987863421440125,2772,,,,,
5,0.002949680667370558,2773,,,,,
5,0.00042639029561541975,2774,,,,,
5,0.0026728124357759953,2775,,,,,
5,0.035565316677093506,2776,,,,,
5,0.029568254947662354,2777,,,,,
5,0.00064135214779526,2778,,,,,
5,0.004701625090092421,2779,,,,,
5,0.005217901896685362,2780,,,,,
5,0.014519152231514454,2781,,,,,
5,0.00044063522364012897,2782,,,,,
5,0.0006509834784083068,2783,,,,,
5,0.0031076353043317795,2784,,,,,
5,0.016464153304696083,2785,,,,,
5,0.0007176792714744806,2786,,,,,
5,0.12237586081027985,2787,,,,,
5,0.0005955314845778048,2788,,,,,
5,0.0007593039772473276,2789,,,,,
5,0.0017846202244982123,2790,,,,,
5,0.03113250806927681,2791,,,,,
5,0.0007936062756925821,2792,,,,,
5,0.0026520106475800276,2793,,,,,
5,0.0016309724887833,2794,,,,,
5,0.007908087223768234,2795,,,,,
5,0.009016955271363258,2796,,,,,
5,0.006076135206967592,2797,,,,,
5,0.008393654599785805,2798,,,,,
5,0.024967649951577187,2799,,,,,
5,0.0013634690549224615,2800,,,,,
5,0.0021960909944027662,2801,,,,,
5,0.004196626599878073,2802,,,,,
5,0.00045186278293840587,2803,,,,,
5,0.01169451791793108,2804,,,,,
5,0.006561433896422386,2805,,,,,
5,0.04361000657081604,2806,,,,,
5,0.002006749389693141,2807,,,,,
5,0.005494311917573214,2808,,,,,
5,0.020163634791970253,2809,,,,,
5,0.18098334968090057,2810,,,,,
5,0.0004012029094155878,2811,,,,,
5,0.005349946673959494,2812,,,,,
5,0.007341861259192228,2813,,,,,
5,0.001276430208235979,2814,,,,,
5,0.00014218533760868013,2815,,,,,
5,0.004371511284261942,2816,,,,,
5,0.0001279507123399526,2817,,,,,
5,0.02288115955889225,2818,,,,,
5,0.07775398343801498,2819,,,,,
5,0.003588073654100299,2820,,,,,
5,0.11730111390352249,2821,,,,,
5,0.0006825679447501898,2822,,,,,
5,0.004944053944200277,2823,,,,,
5,0.00653315894305706,2824,,,,,
5,0.0019122506491839886,2825,,,,,
5,0.007622655015438795,2826,,,,,
5,0.0018753963522613049,2827,,,,,
5,0.0019943066872656345,2828,,,,,
5,0.007992642000317574,2829,,,,,
5,0.0022472888231277466,2830,,,,,
5,0.051678530871868134,2831,,,,,
5,0.08631293475627899,2832,,,,,
5,0.006284825969487429,2833,,,,,
5,0.002927157562226057,2834,,,,,
5,0.030363917350769043,2835,,,,,
5,0.0913257971405983,2836,,,,,
5,0.0015634986339136958,2837,,,,,
5,0.003984049428254366,2838,,,,,
5,0.030076393857598305,2839,,,,,
5,0.19281381368637085,2840,,,,,
5,0.0014692203840240836,2841,,,,,
5,0.025027133524417877,2842,,,,,
5,0.006231869105249643,2843,,,,,
5,0.0038371533155441284,2844,,,,,
5,0.013175388798117638,2845,,,,,
5,0.015087263658642769,2846,,,,,
5,0.000669784436468035,2847,,,,,
5,0.0015918717253953218,2848,,,,,
5,0.003452406730502844,2849,,,,,
5,0.10121768712997437,2850,,,,,
5,0.0031506186351180077,2851,,,,,
5,0.020865807309746742,2852,,,,,
5,0.001793918083421886,2853,,,,,
5,0.007310951594263315,2854,,,,,
5,0.0018293396569788456,2855,,,,,
5,0.00499932374805212,2856,,,,,
5,0.027258094400167465,2857,,,,,
5,0.01559007354080677,2858,,,,,
5,0.0018580538453534245,2859,,,,,
5,0.24546770751476288,2860,,,,,
5,0.0010694643715396523,2861,,,,,
5,0.0021230261772871017,2862,,,,,
5,0.00023374814190901816,2863,,,,,
5,0.006361184176057577,2864,,,,,
5,0.00400709081441164,2865,,,,,
5,0.0065099927596747875,2866,,,,,
5,0.009441466070711613,2867,,,,,
5,0.0017834483878687024,2868,,,,,
5,0.01852269470691681,2869,,,,,
5,0.0026113807689398527,2870,,,,,
5,0.06723389029502869,2871,,,,,
5,0.017509346827864647,2872,,,,,
5,0.08001359552145004,2873,,,,,
5,0.024497417733073235,2874,,,,,
5,0.010772927664220333,2875,,,,,
5,0.0030371439643204212,2876,,,,,
5,0.0001273482048418373,2877,,,,,
5,0.295764297246933,2878,,,,,
5,0.1764082908630371,2879,,,,,
5,0.00163796148262918,2880,,,,,
5,0.06657560914754868,2881,,,,,
5,0.007256879471242428,2882,,,,,
5,0.007083984091877937,2883,,,,,
5,0.009415590204298496,2884,,,,,
5,0.009607008658349514,2885,,,,,
5,0.002590878400951624,2886,,,,,
5,0.010727335698902607,2887,,,,,
5,0.005332658998668194,2888,,,,,
5,0.13891778886318207,2889,,,,,
5,0.016407961025834084,2890,,,,,
5,0.014148833230137825,2891,,,,,
5,0.015560178086161613,2892,,,,,
5,0.07577420771121979,2893,,,,,
5,0.015597942285239697,2894,,,,,
5,0.04698818549513817,2895,,,,,
5,0.031219884753227234,2896,,,,,
5,0.0013275895034894347,2897,,,,,
5,0.010709897615015507,2898,,,,,
5,0.001997412648051977,2899,,,,,
5,0.05575496703386307,2900,,,,,
5,0.1626863181591034,2901,,,,,
5,0.0006084486958570778,2902,,,,,
5,0.13990025222301483,2903,,,,,
5,0.023419225588440895,2904,,,,,
5,0.006701862905174494,2905,,,,,
5,0.002229416510090232,2906,,,,,
5,0.0031126970425248146,2907,,,,,
5,0.0034647881984710693,2908,,,,,
5,0.00829212088137865,2909,,,,,
5,0.0008598017157055438,2910,,,,,
5,0.046687789261341095,2911,,,,,
5,0.0012509531807154417,2912,,,,,
5,0.01144128106534481,2913,,,,,
5,0.0013739822898060083,2914,,,,,
5,0.004899149760603905,2915,,,,,
5,0.0038255746476352215,2916,,,,,
5,0.0014305143849924207,2917,,,,,
5,0.01310304831713438,2918,,,,,
5,0.004314187914133072,2919,,,,,
5,0.10061326622962952,2920,,,,,
5,0.0046013118699193,2921,,,,,
5,0.009178795851767063,2922,,,,,
5,0.003031047759577632,2923,,,,,
5,0.005002835299819708,2924,,,,,
5,0.0012699424987658858,2925,,,,,
5,0.009749079123139381,2926,,,,,
5,0.009052025154232979,2927,,,,,
5,0.004021594766527414,2928,,,,,
5,0.002644344698637724,2929,,,,,
5,0.015582425519824028,2930,,,,,
5,0.1533825695514679,2931,,,,,
5,0.001248502521775663,2932,,,,,
5,0.038187604397535324,2933,,,,,
5,0.002573148813098669,2934,,,,,
5,0.05709448456764221,2935,,,,,
5,0.0020485485438257456,2936,,,,,
5,0.010726670734584332,2937,,,,,
5,0.049424443393945694,2938,,,,,
5,6.914584810147062e-05,2939,,,,,
5,0.07582931220531464,2940,,,,,
5,0.057052068412303925,2941,,,,,
5,0.0005451826145872474,2942,,,,,
5,0.041167717427015305,2943,,,,,
5,0.8091639876365662,2944,,,,,
5,0.0008456642390228808,2945,,,,,
5,0.01282091997563839,2946,,,,,
5,0.005140366964042187,2947,,,,,
5,0.06391458213329315,2948,,,,,
5,0.001773129915818572,2949,,,,,
5,0.00577939860522747,2950,,,,,
5,0.005417528562247753,2951,,,,,
5,0.007418076042085886,2952,,,,,
5,0.18176114559173584,2953,,,,,
5,0.04158424213528633,2954,,,,,
5,0.008615494705736637,2955,,,,,
5,0.16162927448749542,2956,,,,,
5,0.002312589669600129,2957,,,,,
5,0.006428035441786051,2958,,,,,
5,0.0389636754989624,2959,,,,,
5,0.012533470056951046,2960,,,,,
5,0.0022643550764769316,2961,,,,,
5,0.00655773002654314,2962,,,,,
5,0.006895381957292557,2963,,,,,
5,0.45023664832115173,2964,,,,,
5,0.009141293354332447,2965,,,,,
5,0.0032454747706651688,2966,,,,,
5,0.007271892391145229,2967,,,,,
5,0.01601503975689411,2968,,,,,
5,0.01573145017027855,2969,,,,,
5,0.02618779055774212,2970,,,,,
5,0.005320368334650993,2971,,,,,
5,0.030591726303100586,2972,,,,,
5,0.005176112521439791,2973,,,,,
5,0.022435041144490242,2974,,,,,
5,0.00372412265278399,2975,,,,,
5,0.004006312228739262,2976,,,,,
5,0.0021696877665817738,2977,,,,,
5,0.014836587011814117,2978,,,,,
5,0.06450825184583664,2979,,,,,
5,0.0567362979054451,2980,,,,,
5,0.003503664629533887,2981,,,,,
5,0.06427810341119766,2982,,,,,
5,0.14345043897628784,2983,,,,,
5,0.028363868594169617,2984,,,,,
5,0.0026764494832605124,2985,,,,,
5,0.18288098275661469,2986,,,,,
5,0.01295618899166584,2987,,,,,
5,0.0689198300242424,2988,,,,,
5,0.00030533529934473336,2989,,,,,
5,0.00372303556650877,2990,,,,,
5,0.0006040128646418452,2991,,,,,
5,0.0006817291723564267,2992,,,,,
5,0.0019416569266468287,2993,,,,,
,,2495,0.00015187829558271915,,,,
,,2496,0.0001957209169631824,,,,
,,2497,0.0016792815877124667,,,,
,,2498,0.0010994146578013897,,,,
,,2499,0.0007508391863666475,,,,
,,2500,0.0027365894056856632,,,,
,,2501,0.0003171827702317387,,,,
,,2502,0.001646834658458829,,,,
,,2503,0.00042145696352235973,,,,
,,2504,0.0005886378930881619,,,,
,,2505,0.002941781422123313,,,,
,,2506,0.0004565782146528363,,,,
,,2507,0.0020952809136360884,,,,
,,2508,0.00024260250211227685,,,,
,,2509,0.00024998869048431516,,,,
,,2510,0.006598241161555052,,,,
,,2511,0.0005678901798091829,,,,
,,2512,0.03931037709116936,,,,
,,2513,0.0017293173586949706,,,,
,,2514,0.0010894217994064093,,,,
,,2515,0.0005374881438910961,,,,
,,2516,0.0016067742835730314,,,,
,,2517,0.00010275744716636837,,,,
,,2518,0.003405903233215213,,,,
,,2519,0.0007794141420163214,,,,
,,2520,0.000284815818304196,,,,
,,2521,6.976549047976732e-05,,,,
,,2522,0.0007938759517855942,,,,
,,2523,0.00021278232452459633,,,,
,,2524,0.00012842920841649175,,,,
,,2525,0.0011210320517420769,,,,
,,2526,0.0009148186654783785,,,,
,,2527,0.005264447070658207,,,,
,,2528,0.0004727885825559497,,,,
,,2529,0.00013411781401373446,,,,
,,2530,0.0007883418584242463,,,,
,,2531,0.004405918065458536,,,,
,,2532,0.0002891941403504461,,,,
,,2533,0.00022330129286274314,,,,
,,2534,0.0045378305949270725,,,,
,,2535,0.0027073316741734743,,,,
,,2536,0.00012667718692682683,,,,
,,2537,0.00019191317551303655,,,,
,,2538,0.03327743336558342,,,,
,,2539,0.0007964922697283328,,,,
,,2540,0.0008688929374329746,,,,
,,2541,0.0013270748313516378,,,,
,,2542,0.00024795930949039757,,,,
,,2543,0.0006786401499994099,,,,
,,2544,0.0034615446347743273,,,,
,,2545,0.000141638214699924,,,,
,,2546,0.0016919942572712898,,,,
,,2547,0.001228306326083839,,,,
,,2548,0.000199708083528094,,,,
,,2549,9.116590081248432e-05,,,,
,,2550,8.936648373492062e-05,,,,
,,2551,0.001366187701933086,,,,
,,2552,9.84172584139742e-05,,,,
,,2553,0.00016003432392608374,,,,
,,2554,0.0008566020405851305,,,,
,,2555,0.00011450927559053525,,,,
,,2556,0.00038452495937235653,,,,
,,2557,0.0012201231438666582,,,,
,,2558,0.00010018583998316899,,,,
,,2559,0.0011438645888119936,,,,
,,2560,0.003932049963623285,,,,
,,2561,0.0013999354559928179,,,,
,,2562,8.701853948878124e-05,,,,
,,2563,0.0007877463358454406,,,,
,,2564,0.012371529825031757,,,,
,,2565,0.0006347598391585052,,,,
,,2566,0.0006222624215297401,,,,
,,2567,0.0014414041070267558,,,,
,,2568,8.635375706944615e-05,,,,
,,2569,0.02742624469101429,,,,
,,2570,0.005115892738103867,,,,
,,2571,0.000736267538741231,,,,
,,2572,0.000480442977277562,,,,
,,2573,0.0013125436380505562,,,,
,,2574,6.494687113445252e-05,,,,
,,2575,0.00059833365958184,,,,
,,2576,0.003593526082113385,,,,
,,2577,0.00015228813572321087,,,,
,,2578,0.053487230092287064,,,,
,,2579,0.0009140369365923107,,,,
,,2580,0.00036312680458649993,,,,
,,2581,0.00013755494728684425,,,,
,,2582,0.0001387630618410185,,,,
,,2583,0.00015352987975347787,,,,
,,2584,0.0009903755271807313,,,,
,,2585,0.0003735730715561658,,,,
,,2586,0.0005275055882520974,,,,
,,2587,0.0006109346286393702,,,,
,,2588,0.0005402254173532128,,,,
,,2589,0.027468454092741013,,,,
,,2590,0.02765340730547905,,,,
,,2591,0.0018495363183319569,,,,
,,2592,0.000846005161292851,,,,
,,2593,0.8321200013160706,,,,
,,2594,0.00020164249872323126,,,,
,,2595,0.001327568432316184,,,,
,,2596,0.0017521390691399574,,,,
,,2597,0.0003092167607974261,,,,
,,2598,0.00011127705511171371,,,,
,,2599,0.004425551276654005,,,,
,,2600,0.0023361893836408854,,,,
,,2601,6.578688771696761e-05,,,,
,,2602,0.00011678086593747139,,,,
,,2603,0.0008076750673353672,,,,
,,2604,0.001457494916394353,,,,
,,2605,0.010328618809580803,,,,
,,2606,0.001981391105800867,,,,
,,2607,0.00015343794075306505,,,,
,,2608,0.0007668727776035666,,,,
,,2609,0.005266489461064339,,,,
,,2610,0.000488224410219118,,,,
,,2611,0.0001917032350320369,,,,
,,2612,0.001294415444135666,,,,
,,2613,0.0002700767945498228,,,,
,,2614,0.00012010713544441387,,,,
,,2615,0.00010977541387546808,,,,
,,2616,0.010484159924089909,,,,
,,2617,0.00043655914487317204,,,,
,,2618,0.000980284414254129,,,,
,,2619,0.00551634794101119,,,,
,,2620,0.0008155914838425815,,,,
,,2621,0.0003762745764106512,,,,
,,2622,0.0014158966951072216,,,,
,,2623,0.00010872013808693737,,,,
,,2624,0.0006401999853551388,,,,
,,2625,0.004209317732602358,,,,
,,2626,0.00043028403888456523,,,,
,,2627,5.996874097036198e-05,,,,
,,2628,0.0007933801389299333,,,,
,,2629,0.0002510487684048712,,,,
,,2630,0.00037079802132211626,,,,
,,2631,0.0001824938372010365,,,,
,,2632,0.004248543176800013,,,,
,,2633,0.0008667012443765998,,,,
,,2634,0.00019169827282894403,,,,
,,2635,0.00028363766614347696,,,,
,,2636,0.0007188087329268456,,,,
,,2637,0.0007213757489807904,,,,
,,2638,0.0012464332394301891,,,,
,,2639,0.05101744830608368,,,,
,,2640,0.00010085095709655434,,,,
,,2641,0.0007603580597788095,,,,
,,2642,0.01703132688999176,,,,
,,2643,0.0005952687351964414,,,,
,,2644,0.0016957418993115425,,,,
,,2645,0.00029989713220857084,,,,
,,2646,0.00015119185263756663,,,,
,,2647,0.001405268907546997,,,,
,,2648,0.00015676654584240168,,,,
,,2649,0.00010950516298180446,,,,
,,2650,0.0001340202579740435,,,,
,,2651,0.005284849088639021,,,,
,,2652,0.0007216053199954331,,,,
,,2653,8.617107960162684e-05,,,,
,,2654,0.00020066236902493984,,,,
,,2655,0.0001661807909840718,,,,
,,2656,0.00010316427506040782,,,,
,,2657,0.0018790046451613307,,,,
,,2658,0.001879865420050919,,,,
,,2659,0.4387833774089813,,,,
,,2660,9.920703450916335e-05,,,,
,,2661,0.00023864868853706867,,,,
,,2662,0.0015033659292384982,,,,
,,2663,0.0002215246786363423,,,,
,,2664,0.00014984759036451578,,,,
,,2665,0.0001830388355301693,,,,
,,2666,0.0007824226631782949,,,,
,,2667,0.00017748605750966817,,,,
,,2668,0.00035756867146119475,,,,
,,2669,0.011073906905949116,,,,
,,2670,0.024228885769844055,,,,
,,2671,0.0015936853596940637,,,,
,,2672,0.0005866934661753476,,,,
,,2673,0.00016736495308578014,,,,
,,2674,0.004411212168633938,,,,
,,2675,0.0022630218882113695,,,,
,,2676,0.0001119894441217184,,,,
,,2677,0.0002003402478294447,,,,
,,2678,0.0007915067253634334,,,,
,,2679,0.00022189276933204383,,,,
,,2680,9.995590517064556e-05,,,,
,,2681,0.00011337950127199292,,,,
,,2682,0.0006535195861943066,,,,
,,2683,0.00010590591409709305,,,,
,,2684,0.0005204000626690686,,,,
,,2685,0.0003980694164056331,,,,
,,2686,0.000860357191413641,,,,
,,2687,0.004262018948793411,,,,
,,2688,0.00026489741867408156,,,,
,,2689,0.00015191943384706974,,,,
,,2690,0.004263560753315687,,,,
,,2691,0.0011594145325943828,,,,
,,2692,0.00017147976905107498,,,,
,,2693,0.00019149025320075452,,,,
,,2694,0.0016566244885325432,,,,
,,2695,0.0013001650804653764,,,,
,,2696,0.0061749788001179695,,,,
,,2697,0.001660004025325179,,,,
,,2698,0.0007504999521188438,,,,
,,2699,0.0006756727234460413,,,,
,,2700,0.0046213227324187756,,,,
,,2701,0.00017051566101145,,,,
,,2702,0.0001356045249849558,,,,
,,2703,0.00028828359791077673,,,,
,,2704,0.0015706880949437618,,,,
,,2705,0.00015249126590788364,,,,
,,2706,8.729519322514534e-05,,,,
,,2707,0.0015024879248812795,,,,
,,2708,9.838256664806977e-05,,,,
,,2709,0.00017762901552487165,,,,
,,2710,0.0010232763597741723,,,,
,,2711,0.0004470135027077049,,,,
,,2712,0.0005888637970201671,,,,
,,2713,0.001492670620791614,,,,
,,2714,0.00012052163219777867,,,,
,,2715,0.0012732325121760368,,,,
,,2716,0.004446450620889664,,,,
,,2717,0.0002912475320044905,,,,
,,2718,0.11200311779975891,,,,
,,2719,0.00012694660108536482,,,,
,,2720,0.00022743659792467952,,,,
,,2721,0.025647219270467758,,,,
,,2722,0.03637199476361275,,,,
,,2723,0.0046318452805280685,,,,
,,2724,0.0007783350883983076,,,,
,,2725,0.00020442860841285437,,,,
,,2726,0.0014373072190210223,,,,
,,2727,0.0011830911971628666,,,,
,,2728,0.0002316683530807495,,,,
,,2729,0.0003614413144532591,,,,
,,2730,0.00011680550232995301,,,,
,,2731,0.0010663386201485991,,,,
,,2732,9.923543984768912e-05,,,,
,,2733,0.0002958363329526037,,,,
,,2734,0.00010663271677913144,,,,
,,2735,0.0005905295838601887,,,,
,,2736,0.0016809453954920173,,,,
,,2737,0.00024170005053747445,,,,
,,2738,0.000168146361829713,,,,
,,2739,0.0035262133460491896,,,,
,,2740,0.0006565505173057318,,,,
,,2741,0.00027363700792193413,,,,
,,2742,0.00019789319776464254,,,,
,,2743,0.0009297950891777873,,,,
,,2744,0.00013885126099921763,,,,
,,2745,0.00019042559142690152,,,,
,,2746,0.018451513722538948,,,,
,,2747,0.00017344346269965172,,,,
,,2748,0.009683096781373024,,,,
,,2749,0.0003420091816224158,,,,
,,2750,0.006070598028600216,,,,
,,2751,0.0017248278018087149,,,,
,,2752,0.001294247223995626,,,,
,,2753,0.00018592790002003312,,,,
,,2754,0.00010827631922438741,,,,
,,2755,0.004457644186913967,,,,
,,2756,0.0007212348282337189,,,,
,,2757,0.00013248901814222336,,,,
,,2758,0.00014948341413401067,,,,
,,2759,0.0008245428907684982,,,,
,,2760,0.0001489873102400452,,,,
,,2761,0.000219075518543832,,,,
,,2762,0.00013006635708734393,,,,
,,2763,0.005518006160855293,,,,
,,2764,0.0008588392520323396,,,,
,,2765,0.00018319240189157426,,,,
,,2766,0.00025322914007119834,,,,
,,2767,0.0007680546259507537,,,,
,,2768,0.0042724316008389,,,,
,,2769,0.0003912451502401382,,,,
,,2770,0.00012256921036168933,,,,
,,2771,0.00010901397035922855,,,,
,,2772,0.0007158422376960516,,,,
,,2773,0.0002434502966934815,,,,
,,2774,0.028729651123285294,,,,
,,2775,0.0011101538548246026,,,,
,,2776,0.00011325130617478862,,,,
,,2777,0.00019927161338273436,,,,
,,2778,9.684826363809407e-05,,,,
,,2779,0.00010188859596382827,,,,
,,2780,0.0007997406064532697,,,,
,,2781,0.00018368214659858495,,,,
,,2782,0.000296153622912243,,,,
,,2783,0.0014835260808467865,,,,
,,2784,0.0967445895075798,,,,
,,2785,0.00020682845206465572,,,,
,,2786,0.00015897957200650126,,,,
,,2787,9.612733265385032e-05,,,,
,,2788,0.0024555670097470284,,,,
,,2789,0.00021235793246887624,,,,
,,2790,0.00012205518578412011,,,,
,,2791,0.000988683314062655,,,,
,,2792,0.0003784943255595863,,,,
,,2793,0.00020873597532045096,,,,
,,2794,0.003583798184990883,,,,
,,2795,0.0002009380259551108,,,,
,,2796,0.00010258929978590459,,,,
,,2797,0.00019374572730157524,,,,
,,2798,0.010242094285786152,,,,
,,2799,0.005903396289795637,,,,
,,2800,0.00030813278863206506,,,,
,,2801,0.0003382290306035429,,,,
,,2802,9.90265907603316e-05,,,,
,,2803,9.668614075053483e-05,,,,
,,2804,0.002840102417394519,,,,
,,2805,0.004347806330770254,,,,
,,2806,0.0001743105094647035,,,,
,,2807,0.0021747176069766283,,,,
,,2808,0.0008917601662687957,,,,
,,2809,0.00020289361418690532,,,,
,,2810,9.845232852967456e-05,,,,
,,2811,0.004362595733255148,,,,
,,2812,0.00021173333516344428,,,,
,,2813,0.013786805793642998,,,,
,,2814,0.00620525237172842,,,,
,,2815,0.0019761845469474792,,,,
,,2816,0.00173945224378258,,,,
,,2817,0.0003548739477992058,,,,
,,2818,0.00022256096417549998,,,,
,,2819,0.00021224457304924726,,,,
,,2820,0.0010690747294574976,,,,
,,2821,0.0029772783163934946,,,,
,,2822,0.00011588439519982785,,,,
,,2823,0.0028299775440245867,,,,
,,2824,0.0020183667074888945,,,,
,,2825,0.055306144058704376,,,,
,,2826,0.0009351321496069431,,,,
,,2827,0.0035094828344881535,,,,
,,2828,9.135562140727416e-05,,,,
,,2829,0.0006741550751030445,,,,
,,2830,0.004360288847237825,,,,
,,2831,8.740416524233297e-05,,,,
,,2832,0.0004895651363767684,,,,
,,2833,0.0001809234090615064,,,,
,,2834,0.0001197969977511093,,,,
,,2835,0.00011970920604653656,,,,
,,2836,0.0009942050091922283,,,,
,,2837,0.0022910479456186295,,,,
,,2838,0.00021354052296373993,,,,
,,2839,0.0018262657104060054,,,,
,,2840,0.0014100135304033756,,,,
,,2841,0.00010963164095301181,,,,
,,2842,0.0005306196981109679,,,,
,,2843,9.247851266991347e-05,,,,
,,2844,0.0020410516299307346,,,,
,,2845,0.0009984727948904037,,,,
,,2846,0.0001818600867409259,,,,
,,2847,0.01960844360291958,,,,
,,2848,0.0005565728060901165,,,,
,,2849,0.0004828927922062576,,,,
,,2850,0.017799923196434975,,,,
,,2851,0.01641661487519741,,,,
,,2852,0.0009422060684300959,,,,
,,2853,0.005395000800490379,,,,
,,2854,0.0002030861214734614,,,,
,,2855,0.005133285187184811,,,,
,,2856,0.017046818509697914,,,,
,,2857,0.00021812348859384656,,,,
,,2858,0.0003551888803485781,,,,
,,2859,0.004014176782220602,,,,
,,2860,8.617465209681541e-05,,,,
,,2861,0.0007750243530608714,,,,
,,2862,0.0001161397885880433,,,,
,,2863,0.0007441320340149105,,,,
,,2864,0.001051190309226513,,,,
,,2865,0.0006919423467479646,,,,
,,2866,0.00025994976749643683,,,,
,,2867,0.00014686128997709602,,,,
,,2868,0.00027894435334019363,,,,
,,2869,0.001401141402311623,,,,
,,2870,0.0001566967839607969,,,,
,,2871,0.0001671254722168669,,,,
,,2872,0.0014064161805436015,,,,
,,2873,0.00019495315791573375,,,,
,,2874,0.0003572367422748357,,,,
,,2875,0.0003894453984685242,,,,
,,2876,0.18937689065933228,,,,
,,2877,0.0035881807561963797,,,,
,,2878,0.003772206837311387,,,,
,,2879,0.005780241917818785,,,,
,,2880,0.00017404634854756296,,,,
,,2881,0.0014212721725925803,,,,
,,2882,0.00028715006192214787,,,,
,,2883,0.0001672102080192417,,,,
,,2884,0.003079218091443181,,,,
,,2885,0.0006919489242136478,,,,
,,2886,0.00047169887693598866,,,,
,,2887,8.078217797446996e-05,,,,
,,2888,0.0011813808232545853,,,,
,,2889,0.0002897108788602054,,,,
,,2890,0.0001526130217825994,,,,
,,2891,0.0002257667511003092,,,,
,,2892,0.004838651046156883,,,,
,,2893,0.0014242632314562798,,,,
,,2894,0.0002714212459977716,,,,
,,2895,0.005509238690137863,,,,
,,2896,0.0016371803358197212,,,,
,,2897,0.0007544979453086853,,,,
,,2898,0.0006904149777255952,,,,
,,2899,0.00020581891294568777,,,,
,,2900,0.00012575653090607375,,,,
,,2901,0.0009609084227122366,,,,
,,2902,0.05395587161183357,,,,
,,2903,0.0005908867460675538,,,,
,,2904,0.0018477148842066526,,,,
,,2905,0.00015468669880647212,,,,
,,2906,0.0003011488006450236,,,,
,,2907,0.00019212020561099052,,,,
,,2908,0.00015181282651610672,,,,
,,2909,0.0007808086229488254,,,,
,,2910,0.0001925448450492695,,,,
,,2911,0.00575197022408247,,,,
,,2912,0.0002149960637325421,,,,
,,2913,0.0008984006708487868,,,,
,,2914,0.0003542076447047293,,,,
,,2915,0.00020932743791490793,,,,
,,2916,0.00010913857113337144,,,,
,,2917,0.00296634528785944,,,,
,,2918,0.0003474293334875256,,,,
,,2919,0.00034157122718170285,,,,
,,2920,0.002002072986215353,,,,
,,2921,0.0009697492932900786,,,,
,,2922,0.0007400491158477962,,,,
,,2923,0.00036116832052357495,,,,
,,2924,0.0003776756057050079,,,,
,,2925,0.0014823678648099303,,,,
,,2926,0.10851676017045975,,,,
,,2927,0.00023430063447449356,,,,
,,2928,0.13936826586723328,,,,
,,2929,0.04705985262989998,,,,
,,2930,0.0005418326472863555,,,,
,,2931,0.00015803708811290562,,,,
,,2932,0.00020899299124721438,,,,
,,2933,0.0010298499837517738,,,,
,,2934,0.0006542018963955343,,,,
,,2935,0.0002165523183066398,,,,
,,2936,0.005124865099787712,,,,
,,2937,0.0008967290632426739,,,,
,,2938,0.0003119338070973754,,,,
,,2939,0.0012570064282044768,,,,
,,2940,8.047742448979989e-05,,,,
,,2941,0.001175925019197166,,,,
,,2942,0.00010707707406254485,,,,
,,2943,0.0004037249309476465,,,,
,,2944,0.00013594191113952547,,,,
,,2945,0.0007264150190167129,,,,
,,2946,0.0003135527949780226,,,,
,,2947,0.00017865802510641515,,,,
,,2948,0.00012251340376678854,,,,
,,2949,0.001009436440654099,,,,
,,2950,0.0004082969680894166,,,,
,,2951,0.00019638663798104972,,,,
,,2952,0.0020997102838009596,,,,
,,2953,0.0018993521807715297,,,,
,,2954,0.0019014452118426561,,,,
,,2955,0.0026501838583499193,,,,
,,2956,0.0033636740408837795,,,,
,,2957,0.0016441774787381291,,,,
,,2958,0.000955547031480819,,,,
,,2959,0.0003542171325534582,,,,
,,2960,0.0015216100728139281,,,,
,,2961,0.00024212115386035293,,,,
,,2962,0.000296522572170943,,,,
,,2963,0.05451273173093796,,,,
,,2964,0.00011145845201099291,,,,
,,2965,0.0037242162507027388,,,,
,,2966,0.0006323477136902511,,,,
,,2967,0.0002163140889024362,,,,
,,2968,0.004515284672379494,,,,
,,2969,0.0008783069206401706,,,,
,,2970,0.0001084667892428115,,,,
,,2971,0.14079323410987854,,,,
,,2972,0.0033593338448554277,,,,
,,2973,0.00012252778105903417,,,,
,,2974,0.0008320853812620044,,,,
,,2975,0.00034964847145602107,,,,
,,2976,0.00106666493229568,,,,
,,2977,0.001287358463741839,,,,
,,2978,0.12448003143072128,,,,
,,2979,0.00018903218733612448,,,,
,,2980,0.0016442056512460113,,,,
,,2981,0.0015778554370626807,,,,
,,2982,0.003993322141468525,,,,
,,2983,0.0002793567255139351,,,,
,,2984,0.014971829019486904,,,,
,,2985,0.0007354176486842334,,,,
,,2986,0.00026863403036259115,,,,
,,2987,0.00020702964684460312,,,,
,,2988,0.003245332045480609,,,,
,,2989,0.000721666612662375,,,,
,,2990,0.0006379313417710364,,,,
,,2991,0.00012108689406886697,,,,
,,2992,0.0007394231506623328,,,,
,,2993,0.0012724593980237842,,,,
5,,2993,,0.006942457053810358,,,
5,,2993,,,0.9358717203140259,0.945891797542572,0.03507744148373604
6,0.014953290112316608,2994,,,,,
6,0.12588737905025482,2995,,,,,
6,0.2291623204946518,2996,,,,,
6,0.012792899273335934,2997,,,,,
6,0.046033889055252075,2998,,,,,
6,0.006353638134896755,2999,,,,,
6,0.011288716457784176,3000,,,,,
6,0.0011599783319979906,3001,,,,,
6,0.06326793879270554,3002,,,,,
6,0.004949401598423719,3003,,,,,
6,0.0011996036628261209,3004,,,,,
6,0.004110758658498526,3005,,,,,
6,0.04435042664408684,3006,,,,,
6,0.007594268769025803,3007,,,,,
6,0.01682661473751068,3008,,,,,
6,0.01758880913257599,3009,,,,,
6,0.0007027052342891693,3010,,,,,
6,0.011968875303864479,3011,,,,,
6,0.005865153856575489,3012,,,,,
6,0.005384489893913269,3013,,,,,
6,0.09988154470920563,3014,,,,,
6,0.013249770738184452,3015,,,,,
6,0.0034254437778145075,3016,,,,,
6,0.016976725310087204,3017,,,,,
6,0.053833309561014175,3018,,,,,
6,0.0672743171453476,3019,,,,,
6,0.0064746541902422905,3020,,,,,
6,0.00857899896800518,3021,,,,,
6,0.01405731588602066,3022,,,,,
6,0.002976679941639304,3023,,,,,
6,0.0031719484832137823,3024,,,,,
6,0.09694162011146545,3025,,,,,
6,0.001466892659664154,3026,,,,,
6,0.0153910918161273,3027,,,,,
6,0.0030806555878371,3028,,,,,
6,0.003303730860352516,3029,,,,,
6,0.0530589260160923,3030,,,,,
6,0.0012001132126897573,3031,,,,,
6,0.0050445906817913055,3032,,,,,
6,0.018427792936563492,3033,,,,,
6,0.0035479150246828794,3034,,,,,
6,0.02854948677122593,3035,,,,,
6,0.005975213833153248,3036,,,,,
6,0.09564061462879181,3037,,,,,
6,0.0479559600353241,3038,,,,,
6,0.002912932774052024,3039,,,,,
6,0.014877022244036198,3040,,,,,
6,0.007333299145102501,3041,,,,,
6,0.05167039483785629,3042,,,,,
6,0.0059781488962471485,3043,,,,,
6,0.003426674986258149,3044,,,,,
6,0.10004245489835739,3045,,,,,
6,0.0012673927703872323,3046,,,,,
6,0.00021838223619852215,3047,,,,,
6,0.0021992705296725035,3048,,,,,
6,0.046998728066682816,3049,,,,,
6,0.006241926457732916,3050,,,,,
6,0.06336811929941177,3051,,,,,
6,0.03126615285873413,3052,,,,,
6,0.008244283497333527,3053,,,,,
6,0.007186667528003454,3054,,,,,
6,0.16464225947856903,3055,,,,,
6,0.003121667541563511,3056,,,,,
6,0.02887696586549282,3057,,,,,
6,0.01766325905919075,3058,,,,,
6,0.005002919584512711,3059,,,,,
6,0.0008635728154331446,3060,,,,,
6,0.04096382111310959,3061,,,,,
6,0.000291463773464784,3062,,,,,
6,0.0017372844740748405,3063,,,,,
6,0.0056900265626609325,3064,,,,,
6,0.007300731725990772,3065,,,,,
6,0.04771991819143295,3066,,,,,
6,0.0872114822268486,3067,,,,,
6,0.0026028745342046022,3068,,,,,
6,0.00719355046749115,3069,,,,,
6,0.047148820012807846,3070,,,,,
6,0.006706623826175928,3071,,,,,
6,0.0039558568969368935,3072,,,,,
6,0.003502554027363658,3073,,,,,
6,0.07274184376001358,3074,,,,,
6,0.003655036212876439,3075,,,,,
6,0.0031870026141405106,3076,,,,,
6,0.0033045094460248947,3077,,,,,
6,0.00025637130602262914,3078,,,,,
6,0.0022120405919849873,3079,,,,,
6,0.0004810740938410163,3080,,,,,
6,0.017351552844047546,3081,,,,,
6,0.002688484964892268,3082,,,,,
6,0.002749273320659995,3083,,,,,
6,0.0009486957569606602,3084,,,,,
6,0.001942679868079722,3085,,,,,
6,0.004168011248111725,3086,,,,,
6,0.00806343462318182,3087,,,,,
6,0.0006001906585879624,3088,,,,,
6,0.00482965586706996,3089,,,,,
6,0.0020309460815042257,3090,,,,,
6,0.0003782943240366876,3091,,,,,
6,0.002956131473183632,3092,,,,,
6,0.0005085421144030988,3093,,,,,
6,0.034981515258550644,3094,,,,,
6,0.002396030817180872,3095,,,,,
6,0.003049232065677643,3096,,,,,
6,0.004331392236053944,3097,,,,,
6,0.001791620859876275,3098,,,,,
6,0.04347486421465874,3099,,,,,
6,0.0035436805337667465,3100,,,,,
6,0.0010402158368378878,3101,,,,,
6,0.001635274151340127,3102,,,,,
6,0.00020789609698113054,3103,,,,,
6,0.008650742471218109,3104,,,,,
6,0.19795049726963043,3105,,,,,
6,0.0044945902191102505,3106,,,,,
6,0.0003204371314495802,3107,,,,,
6,0.0005141812725923955,3108,,,,,
6,0.001859108218923211,3109,,,,,
6,0.0063603539019823074,3110,,,,,
6,0.19596312940120697,3111,,,,,
6,0.0008275999571196735,3112,,,,,
6,0.13182199001312256,3113,,,,,
6,0.22609204053878784,3114,,,,,
6,0.008412925526499748,3115,,,,,
6,8.867810538504273e-05,3116,,,,,
6,0.0034209873992949724,3117,,,,,
6,0.0002121819561580196,3118,,,,,
6,0.009843855164945126,3119,,,,,
6,0.0051846979185938835,3120,,,,,
6,0.000302321306662634,3121,,,,,
6,0.01485479436814785,3122,,,,,
6,0.00048463206621818244,3123,,,,,
6,0.006190074607729912,3124,,,,,
6,0.0058401720598340034,3125,,,,,
6,0.0065322923474013805,3126,,,,,
6,0.001169140450656414,3127,,,,,
6,0.007757147308439016,3128,,,,,
6,0.010818303562700748,3129,,,,,
6,0.009016835130751133,3130,,,,,
6,0.026112105697393417,3131,,,,,
6,0.008135768584907055,3132,,,,,
6,0.043375007808208466,3133,,,,,
6,0.0020738733001053333,3134,,,,,
6,0.0008726643864065409,3135,,,,,
6,0.0011836347403004766,3136,,,,,
6,0.0033402610570192337,3137,,,,,
6,0.0072569698095321655,3138,,,,,
6,0.016139840707182884,3139,,,,,
6,0.1382226198911667,3140,,,,,
6,0.000590979412663728,3141,,,,,
6,0.0028369659557938576,3142,,,,,
6,0.0017115792725235224,3143,,,,,
6,0.003726557595655322,3144,,,,,
6,0.004482959862798452,3145,,,,,
6,0.002261234214529395,3146,,,,,
6,0.008006936870515347,3147,,,,,
6,0.022367650642991066,3148,,,,,
6,0.0028734535444527864,3149,,,,,
6,0.009945963509380817,3150,,,,,
6,0.0010107056004926562,3151,,,,,
6,0.3270675539970398,3152,,,,,
6,0.03672805055975914,3153,,,,,
6,0.015254534780979156,3154,,,,,
6,0.00844311248511076,3155,,,,,
6,0.19332821667194366,3156,,,,,
6,0.012457204982638359,3157,,,,,
6,0.000281373766483739,3158,,,,,
6,0.004180401097983122,3159,,,,,
6,0.00911991111934185,3160,,,,,
6,0.01195357833057642,3161,,,,,
6,0.04422205686569214,3162,,,,,
6,0.0668596625328064,3163,,,,,
6,0.015694664791226387,3164,,,,,
6,0.07544424384832382,3165,,,,,
6,0.004632021300494671,3166,,,,,
6,0.0015901046572253108,3167,,,,,
6,0.006120770238339901,3168,,,,,
6,0.00439213402569294,3169,,,,,
6,0.00363916321657598,3170,,,,,
6,0.011335661634802818,3171,,,,,
6,0.012536471709609032,3172,,,,,
6,0.02530764974653721,3173,,,,,
6,0.002995106391608715,3174,,,,,
6,0.013368678279221058,3175,,,,,
6,0.012588263489305973,3176,,,,,
6,0.10842050611972809,3177,,,,,
6,0.0028925929218530655,3178,,,,,
6,0.017245907336473465,3179,,,,,
6,0.014714081771671772,3180,,,,,
6,0.21289680898189545,3181,,,,,
6,0.00035437094629742205,3182,,,,,
6,0.023741794750094414,3183,,,,,
6,0.007923446595668793,3184,,,,,
6,0.013222168199717999,3185,,,,,
6,0.017486877739429474,3186,,,,,
6,0.0020110136829316616,3187,,,,,
6,0.00022158211504574865,3188,,,,,
6,0.020376525819301605,3189,,,,,
6,0.038585808128118515,3190,,,,,
6,0.02933507226407528,3191,,,,,
6,0.01112504955381155,3192,,,,,
6,0.022342553362250328,3193,,,,,
6,0.016833985224366188,3194,,,,,
6,0.00053759990260005,3195,,,,,
6,0.001233437331393361,3196,,,,,
6,0.0005247295484878123,3197,,,,,
6,0.0006973220151849091,3198,,,,,
6,0.019295942038297653,3199,,,,,
6,0.19637934863567352,3200,,,,,
6,0.0011536061065271497,3201,,,,,
6,0.006192227825522423,3202,,,,,
6,0.003750392934307456,3203,,,,,
6,0.020853279158473015,3204,,,,,
6,0.047407157719135284,3205,,,,,
6,0.020633922889828682,3206,,,,,
6,0.0011345474049448967,3207,,,,,
6,0.0010117045603692532,3208,,,,,
6,0.0022018183954060078,3209,,,,,
6,0.0008253834093920887,3210,,,,,
6,0.0037005292251706123,3211,,,,,
6,0.011330241337418556,3212,,,,,
6,0.0011593642411753535,3213,,,,,
6,0.002223797608166933,3214,,,,,
6,0.015779631212353706,3215,,,,,
6,0.009338898584246635,3216,,,,,
6,0.00047032145084813237,3217,,,,,
6,0.018168551847338676,3218,,,,,
6,0.0017113190842792392,3219,,,,,
6,0.0008704397478140891,3220,,,,,
6,0.00018036423716694117,3221,,,,,
6,0.00046644132817164063,3222,,,,,
6,0.003285517217591405,3223,,,,,
6,0.0005281651392579079,3224,,,,,
6,0.005296667572110891,3225,,,,,
6,0.0006892011733725667,3226,,,,,
6,0.012055542320013046,3227,,,,,
6,0.007255231495946646,3228,,,,,
6,0.06365074217319489,3229,,,,,
6,0.0016185372369363904,3230,,,,,
6,0.0004579287488013506,3231,,,,,
6,0.000561582506634295,3232,,,,,
6,0.006800645962357521,3233,,,,,
6,0.0027404767461121082,3234,,,,,
6,0.01927521452307701,3235,,,,,
6,0.029889697209000587,3236,,,,,
6,0.08483642339706421,3237,,,,,
6,0.001806996064260602,3238,,,,,
6,0.0009916085982695222,3239,,,,,
6,0.0008860155357979238,3240,,,,,
6,0.019162096083164215,3241,,,,,
6,0.0023497934453189373,3242,,,,,
6,0.08470229804515839,3243,,,,,
6,0.03736192360520363,3244,,,,,
6,0.20169062912464142,3245,,,,,
6,0.0023440304212272167,3246,,,,,
6,0.0008558257250115275,3247,,,,,
6,0.00042427555308677256,3248,,,,,
6,0.002435545437037945,3249,,,,,
6,0.004467064049094915,3250,,,,,
6,0.14073289930820465,3251,,,,,
6,0.00048469967441633344,3252,,,,,
6,0.0012082994217053056,3253,,,,,
6,0.0015490874648094177,3254,,,,,
6,0.06509645283222198,3255,,,,,
6,0.021857013925909996,3256,,,,,
6,0.0002592522941995412,3257,,,,,
6,0.003055854234844446,3258,,,,,
6,0.001558241550810635,3259,,,,,
6,0.0011313321301713586,3260,,,,,
6,0.009013337083160877,3261,,,,,
6,0.0035311358515173197,3262,,,,,
6,0.005363571457564831,3263,,,,,
6,0.004230004735291004,3264,,,,,
6,0.048010654747486115,3265,,,,,
6,0.005067236255854368,3266,,,,,
6,0.0021083217579871416,3267,,,,,
6,0.0007015540613792837,3268,,,,,
6,0.0006403631414286792,3269,,,,,
6,0.01669958047568798,3270,,,,,
6,0.007016829680651426,3271,,,,,
6,0.007195177022367716,3272,,,,,
6,0.0007358375005424023,3273,,,,,
6,0.0004709667118731886,3274,,,,,
6,0.0359063558280468,3275,,,,,
6,0.005286889150738716,3276,,,,,
6,0.048646699637174606,3277,,,,,
6,0.0008842257666401565,3278,,,,,
6,0.03771704062819481,3279,,,,,
6,0.0026518565136939287,3280,,,,,
6,0.00038487129495479167,3281,,,,,
6,0.010997720062732697,3282,,,,,
6,0.03203855827450752,3283,,,,,
6,0.004052294418215752,3284,,,,,
6,0.0003028676728717983,3285,,,,,
6,0.004327847622334957,3286,,,,,
6,0.0004929105052724481,3287,,,,,
6,0.03709505870938301,3288,,,,,
6,0.013292331248521805,3289,,,,,
6,0.29630038142204285,3290,,,,,
6,0.004574415273964405,3291,,,,,
6,0.0004893376608379185,3292,,,,,
6,0.004475055728107691,3293,,,,,
6,0.0003611641877796501,3294,,,,,
6,0.014268330298364162,3295,,,,,
6,0.0006316084181889892,3296,,,,,
6,0.048665162175893784,3297,,,,,
6,0.00020304907229728997,3298,,,,,
6,0.00142320164013654,3299,,,,,
6,0.0032524308189749718,3300,,,,,
6,0.0002747036051005125,3301,,,,,
6,0.003906146390363574,3302,,,,,
6,0.0007085246033966541,3303,,,,,
6,0.00021794377244077623,3304,,,,,
6,0.002892490942031145,3305,,,,,
6,0.00012719936785288155,3306,,,,,
6,0.0006727199070155621,3307,,,,,
6,0.1805582344532013,3308,,,,,
6,0.07144161313772202,3309,,,,,
6,0.00041740675806067884,3310,,,,,
6,9.156393207376823e-05,3311,,,,,
6,0.002572340192273259,3312,,,,,
6,0.015679089352488518,3313,,,,,
6,0.0025532622821629047,3314,,,,,
6,0.0004233193176332861,3315,,,,,
6,0.00017997952818404883,3316,,,,,
6,0.0004787245125044137,3317,,,,,
6,0.0009325430728495121,3318,,,,,
6,0.010914492420852184,3319,,,,,
6,0.00017578098049852997,3320,,,,,
6,0.0016884980723261833,3321,,,,,
6,0.02477549947798252,3322,,,,,
6,0.007266002241522074,3323,,,,,
6,0.0015431393403559923,3324,,,,,
6,0.003187177935615182,3325,,,,,
6,0.008364567533135414,3326,,,,,
6,0.02317126654088497,3327,,,,,
6,0.0012339879758656025,3328,,,,,
6,0.005301055498421192,3329,,,,,
6,0.011892513372004032,3330,,,,,
6,0.19404670596122742,3331,,,,,
6,0.047956276684999466,3332,,,,,
6,0.012534046545624733,3333,,,,,
6,0.00019301555585116148,3334,,,,,
6,0.0001362324255751446,3335,,,,,
6,0.0002929429174400866,3336,,,,,
6,0.0010091097792610526,3337,,,,,
6,0.001093919388949871,3338,,,,,
6,0.04679075628519058,3339,,,,,
6,0.001217180397361517,3340,,,,,
6,0.07141982018947601,3341,,,,,
6,0.0021183560602366924,3342,,,,,
6,0.00043397705303505063,3343,,,,,
6,0.0008539623231627047,3344,,,,,
6,0.006032499484717846,3345,,,,,
6,0.0006168350810185075,3346,,,,,
6,0.006442518439143896,3347,,,,,
6,0.0002810741134453565,3348,,,,,
6,0.0004110363370273262,3349,,,,,
6,0.0008559137349948287,3350,,,,,
6,0.0002676960430108011,3351,,,,,
6,0.006915230304002762,3352,,,,,
6,0.040591590106487274,3353,,,,,
6,0.002244737232103944,3354,,,,,
6,0.0013397268485277891,3355,,,,,
6,0.00187376094982028,3356,,,,,
6,0.005087684374302626,3357,,,,,
6,0.006861868780106306,3358,,,,,
6,0.0005250131944194436,3359,,,,,
6,0.0008313452708534896,3360,,,,,
6,0.000615761149674654,3361,,,,,
6,0.014751841314136982,3362,,,,,
6,0.001206168788485229,3363,,,,,
6,0.004023279529064894,3364,,,,,
6,0.002198192523792386,3365,,,,,
6,0.0009089235682040453,3366,,,,,
6,0.0020069670863449574,3367,,,,,
6,0.000329029920976609,3368,,,,,
6,0.00020445126574486494,3369,,,,,
6,0.00033658064785413444,3370,,,,,
6,0.0012405485613271594,3371,,,,,
6,0.0046134330332279205,3372,,,,,
6,0.0016622906550765038,3373,,,,,
6,0.024336304515600204,3374,,,,,
6,0.0013861081097275019,3375,,,,,
6,0.0007016714080236852,3376,,,,,
6,0.00021267290867399424,3377,,,,,
6,0.0004857251769863069,3378,,,,,
6,0.001349271391518414,3379,,,,,
6,0.0024830845650285482,3380,,,,,
6,0.3645525276660919,3381,,,,,
6,0.00028988299891352654,3382,,,,,
6,0.0024706448893994093,3383,,,,,
6,0.0058133541606366634,3384,,,,,
6,0.00715591199696064,3385,,,,,
6,0.00024858879623934627,3386,,,,,
6,0.001104446710087359,3387,,,,,
6,0.007940145209431648,3388,,,,,
6,0.239938884973526,3389,,,,,
6,0.0016062934882938862,3390,,,,,
6,0.07190732657909393,3391,,,,,
6,0.0007165248389355838,3392,,,,,
6,0.0009183873189613223,3393,,,,,
6,0.0007787133799865842,3394,,,,,
6,0.03950200602412224,3395,,,,,
6,0.005660432856529951,3396,,,,,
6,0.0002603975008241832,3397,,,,,
6,0.00560684222728014,3398,,,,,
6,0.009064388461411,3399,,,,,
6,0.006706484593451023,3400,,,,,
6,0.0008347833645530045,3401,,,,,
6,0.011062400415539742,3402,,,,,
6,0.40784409642219543,3403,,,,,
6,0.038306016474962234,3404,,,,,
6,0.009340465068817139,3405,,,,,
6,0.00679015601053834,3406,,,,,
6,0.05935798957943916,3407,,,,,
6,0.001846754108555615,3408,,,,,
6,0.00407930975779891,3409,,,,,
6,0.07218034565448761,3410,,,,,
6,0.010257125832140446,3411,,,,,
6,0.015171080827713013,3412,,,,,
6,0.0008542076102457941,3413,,,,,
6,0.0019060180056840181,3414,,,,,
6,0.0014841293450444937,3415,,,,,
6,0.0197040606290102,3416,,,,,
6,0.02369980700314045,3417,,,,,
6,0.006777737755328417,3418,,,,,
6,0.005419817287474871,3419,,,,,
6,0.0007248683832585812,3420,,,,,
6,0.007009897381067276,3421,,,,,
6,0.0039269099943339825,3422,,,,,
6,0.0012057994026690722,3423,,,,,
6,0.0006244636606425047,3424,,,,,
6,0.01527756080031395,3425,,,,,
6,0.000459536473499611,3426,,,,,
6,0.0021094188559800386,3427,,,,,
6,0.0018390219192951918,3428,,,,,
6,0.004204807337373495,3429,,,,,
6,0.0008125202148221433,3430,,,,,
6,0.00042903379653580487,3431,,,,,
6,0.011403325945138931,3432,,,,,
6,0.00423213467001915,3433,,,,,
6,0.006736651062965393,3434,,,,,
6,0.00047654806985519826,3435,,,,,
6,0.0001389180833939463,3436,,,,,
6,0.004146327264606953,3437,,,,,
6,0.0009048448409885168,3438,,,,,
6,0.010778455063700676,3439,,,,,
6,0.0021587181836366653,3440,,,,,
6,0.014197816140949726,3441,,,,,
6,0.010072740726172924,3442,,,,,
6,0.004868465941399336,3443,,,,,
6,0.003413924714550376,3444,,,,,
6,0.0004459512128960341,3445,,,,,
6,0.0024721603840589523,3446,,,,,
6,0.0019301129505038261,3447,,,,,
6,0.0005526973982341588,3448,,,,,
6,0.00045042444253340364,3449,,,,,
6,0.0027744744438678026,3450,,,,,
6,0.0026174730155617,3451,,,,,
6,0.007660567760467529,3452,,,,,
6,0.0003584336373023689,3453,,,,,
6,0.0007890654960647225,3454,,,,,
6,0.009532826021313667,3455,,,,,
6,0.00026806455571204424,3456,,,,,
6,0.0009015370160341263,3457,,,,,
6,0.0050386711955070496,3458,,,,,
6,0.0004689799388870597,3459,,,,,
6,0.00025883413036353886,3460,,,,,
6,0.000410481879953295,3461,,,,,
6,0.0007321613375097513,3462,,,,,
6,0.0004950747243128717,3463,,,,,
6,0.0005255038850009441,3464,,,,,
6,0.000184191158041358,3465,,,,,
6,0.023621803149580956,3466,,,,,
6,0.0013154128100723028,3467,,,,,
6,0.006570235826075077,3468,,,,,
6,0.0010730817448347807,3469,,,,,
6,0.010441473685204983,3470,,,,,
6,0.00044453286682255566,3471,,,,,
6,0.000997994327917695,3472,,,,,
6,0.00419245520606637,3473,,,,,
6,0.0114846620708704,3474,,,,,
6,0.012017916887998581,3475,,,,,
6,0.001959225395694375,3476,,,,,
6,0.0029838213231414557,3477,,,,,
6,0.0007769867079332471,3478,,,,,
6,0.002209482714533806,3479,,,,,
6,0.0006789183826185763,3480,,,,,
6,0.006666605826467276,3481,,,,,
6,0.014979437924921513,3482,,,,,
6,0.006217717193067074,3483,,,,,
6,0.001201236736960709,3484,,,,,
6,0.0012570692924782634,3485,,,,,
6,0.00021768975420854986,3486,,,,,
6,0.00027546696946956217,3487,,,,,
6,0.005642321892082691,3488,,,,,
6,0.04618460685014725,3489,,,,,
6,0.002284199930727482,3490,,,,,
6,0.0034160746727138758,3491,,,,,
6,2.298360413988121e-05,3492,,,,,
,,2994,1.3061155641480582e-06,,,,
,,2995,1.0935561476799194e-05,,,,
,,2996,7.668849320907611e-06,,,,
,,2997,3.945214757550275e-06,,,,
,,2998,1.1369424100848846e-05,,,,
,,2999,1.017769318423234e-05,,,,
,,3000,1.8814263285094057e-06,,,,
,,3001,5.7534303778083995e-05,,,,
,,3002,1.5236842045851517e-05,,,,
,,3003,1.6739482816774398e-05,,,,
,,3004,9.695039807411376e-06,,,,
,,3005,2.943931804111344e-06,,,,
,,3006,7.759712389088236e-06,,,,
,,3007,2.886909896915313e-06,,,,
,,3008,4.35366519013769e-06,,,,
,,3009,4.153241025051102e-05,,,,
,,3010,2.7003263767255703e-06,,,,
,,3011,0.0008451882167719305,,,,
,,3012,1.163613978860667e-05,,,,
,,3013,1.754456570779439e-05,,,,
,,3014,1.629551115911454e-05,,,,
,,3015,6.499573373730527e-06,,,,
,,3016,2.7417895580583718e-06,,,,
,,3017,0.00012023858289467171,,,,
,,3018,3.244613253627904e-05,,,,
,,3019,1.890062958409544e-05,,,,
,,3020,1.2491025245253695e-06,,,,
,,3021,3.96793257095851e-06,,,,
,,3022,8.474737114738673e-06,,,,
,,3023,1.974719680220005e-06,,,,
,,3024,5.6443132052663714e-05,,,,
,,3025,2.569219759607222e-05,,,,
,,3026,2.1005798771511763e-05,,,,
,,3027,2.0408622731338255e-05,,,,
,,3028,1.6378261307181674e-06,,,,
,,3029,4.932886895403499e-06,,,,
,,3030,1.6272717402898706e-05,,,,
,,3031,1.2294333828322124e-05,,,,
,,3032,1.7259380911127664e-06,,,,
,,3033,9.99044732452603e-06,,,,
,,3034,0.0001323489414062351,,,,
,,3035,1.6067294836830115e-06,,,,
,,3036,1.3972311535326298e-05,,,,
,,3037,0.1108616292476654,,,,
,,3038,7.2870861913543195e-06,,,,
,,3039,5.238323501544073e-05,,,,
,,3040,5.716231498809066e-06,,,,
,,3041,3.197886599082267e-06,,,,
,,3042,3.5287444916320965e-05,,,,
,,3043,1.285103917325614e-05,,,,
,,3044,1.2676849109993782e-05,,,,
,,3045,1.655703454161994e-05,,,,
,,3046,6.823098374297842e-06,,,,
,,3047,5.409738605521852e-06,,,,
,,3048,2.3323427740251645e-06,,,,
,,3049,1.720753857625823e-06,,,,
,,3050,2.858443622244522e-05,,,,
,,3051,3.845713308692211e-06,,,,
,,3052,1.3407763617578894e-05,,,,
,,3053,5.7162642406183295e-06,,,,
,,3054,2.7780697564594448e-06,,,,
,,3055,1.0234135515929665e-05,,,,
,,3056,5.443705504148966e-06,,,,
,,3057,1.4771533187740715e-06,,,,
,,3058,1.950595833477564e-05,,,,
,,3059,1.030252497002948e-05,,,,
,,3060,2.739658702921588e-05,,,,
,,3061,1.4823373248873395e-06,,,,
,,3062,5.0975263548025396e-06,,,,
,,3063,0.024307722225785255,,,,
,,3064,6.597688297915738e-06,,,,
,,3065,5.068798600404989e-06,,,,
,,3066,5.1906114094890654e-05,,,,
,,3067,2.0472796222748e-06,,,,
,,3068,0.0006275265477597713,,,,
,,3069,1.0932647455774713e-05,,,,
,,3070,1.1096984053438064e-05,,,,
,,3071,1.4758239558432251e-05,,,,
,,3072,5.9603521549433935e-06,,,,
,,3073,1.4201417570802732e-06,,,,
,,3074,1.6350542864529416e-05,,,,
,,3075,1.5410929336212575e-05,,,,
,,3076,8.080048246483784e-06,,,,
,,3077,0.024388035759329796,,,,
,,3078,4.571079625748098e-05,,,,
,,3079,1.2181127203803044e-05,,,,
,,3080,1.9177052763552638e-06,,,,
,,3081,1.1350770137141808e-06,,,,
,,3082,1.8347778905081213e-06,,,,
,,3083,1.2324278031883296e-05,,,,
,,3084,1.0945977010123897e-05,,,,
,,3085,1.5615247320965864e-05,,,,
,,3086,4.47881438958575e-06,,,,
,,3087,1.0699788617785089e-05,,,,
,,3088,0.131710022687912,,,,
,,3089,0.0401085689663887,,,,
,,3090,9.577646778780036e-06,,,,
,,3091,1.6330739526893012e-05,,,,
,,3092,1.4605169296264648,,,,
,,3093,1.0137530807696749e-05,,,,
,,3094,2.7738045901060104e-05,,,,
,,3095,7.6064939094067086e-06,,,,
,,3096,1.1522975910338573e-05,,,,
,,3097,1.974712404262391e-06,,,,
,,3098,6.772051619918784e-06,,,,
,,3099,3.148934411001392e-05,,,,
,,3100,1.6274606196020613e-06,,,,
,,3101,6.628894880122971e-06,,,,
,,3102,1.715247708489187e-05,,,,
,,3103,1.2964456800546031e-05,,,,
,,3104,0.0007042073411867023,,,,
,,3105,8.804195203993004e-06,,,,
,,3106,2.0369177491375012e-06,,,,
,,3107,1.4682267647003755e-05,,,,
,,3108,1.7714017303660512e-05,,,,
,,3109,1.9776141925831325e-05,,,,
,,3110,1.9021604202862363e-06,,,,
,,3111,7.884621481935028e-06,,,,
,,3112,7.68027257436188e-06,,,,
,,3113,2.0783802483492764e-06,,,,
,,3114,1.342396672043833e-06,,,,
,,3115,0.026240605860948563,,,,
,,3116,4.902973159914836e-06,,,,
,,3117,3.370992999407463e-05,,,,
,,3118,1.1721374903572723e-05,,,,
,,3119,5.875231636309763e-06,,,,
,,3120,1.689251985226292e-05,,,,
,,3121,9.570391739543993e-06,,,,
,,3122,1.7000218122120714e-06,,,,
,,3123,1.4226229723135475e-05,,,,
,,3124,1.3242730346973985e-05,,,,
,,3125,3.297722287243232e-05,,,,
,,3126,1.6170946537386044e-06,,,,
,,3127,1.1658908988465555e-05,,,,
,,3128,2.5052313503692858e-05,,,,
,,3129,1.9616236386355013e-05,,,,
,,3130,5.809989943372784e-06,,,,
,,3131,9.014080205815844e-06,,,,
,,3132,2.042345113295596e-05,,,,
,,3133,1.32935747387819e-05,,,,
,,3134,2.5123454179265536e-05,,,,
,,3135,3.763563881875598e-06,,,,
,,3136,1.1993952284683473e-05,,,,
,,3137,5.091860202810494e-06,,,,
,,3138,0.2841275632381439,,,,
,,3139,2.570751121311332e-06,,,,
,,3140,1.3096510883769952e-05,,,,
,,3141,0.024454390630126,,,,
,,3142,5.841017355123768e-06,,,,
,,3143,5.568655069509987e-06,,,,
,,3144,7.521256520703901e-06,,,,
,,3145,7.0278861130645964e-06,,,,
,,3146,5.903623332415009e-06,,,,
,,3147,8.048760719248094e-06,,,,
,,3148,1.94361700778245e-06,,,,
,,3149,8.556847205909435e-06,,,,
,,3150,1.0058555744762998e-05,,,,
,,3151,1.3856006262358278e-05,,,,
,,3152,1.9850863282044884e-06,,,,
,,3153,1.2504910046118312e-05,,,,
,,3154,3.514025593176484e-06,,,,
,,3155,4.099656507605687e-06,,,,
,,3156,3.9232483686646447e-05,,,,
,,3157,2.693732312764041e-05,,,,
,,3158,0.5647300481796265,,,,
,,3159,1.3009325812163297e-06,,,,
,,3160,1.9911174604203552e-05,,,,
,,3161,4.881774657405913e-06,,,,
,,3162,1.0114915312442463e-05,,,,
,,3163,1.6430105915787863e-06,,,,
,,3164,2.264967406517826e-06,,,,
,,3165,2.907039197452832e-05,,,,
,,3166,1.3340176337806042e-05,,,,
,,3167,2.231023427157197e-05,,,,
,,3168,0.08480574935674667,,,,
,,3169,0.14727680385112762,,,,
,,3170,6.868480340926908e-06,,,,
,,3171,3.0574876291211694e-05,,,,
,,3172,1.6948378060988034e-06,,,,
,,3173,1.1125676792289596e-05,,,,
,,3174,7.399325113510713e-05,,,,
,,3175,1.4253237168304622e-06,,,,
,,3176,8.898877240426373e-06,,,,
,,3177,8.406663255300373e-06,,,,
,,3178,7.935699613881297e-06,,,,
,,3179,1.6170945400517667e-06,,,,
,,3180,1.705205590951664e-06,,,,
,,3181,1.866664388217032e-05,,,,
,,3182,5.3072008086019196e-06,,,,
,,3183,3.0932533263694495e-05,,,,
,,3184,1.9662638806039467e-05,,,,
,,3185,6.47690558253089e-06,,,,
,,3186,8.361173968296498e-06,,,,
,,3187,8.52575249155052e-06,,,,
,,3188,1.2335539167906973e-06,,,,
,,3189,8.855190571921412e-06,,,,
,,3190,1.253677146451082e-05,,,,
,,3191,2.938750185421668e-06,,,,
,,3192,1.1200007065781392e-05,,,,
,,3193,6.6755496845871676e-06,,,,
,,3194,6.727247182425344e-06,,,,
,,3195,0.0935094803571701,,,,
,,3196,6.913956440257607e-06,,,,
,,3197,9.23017523746239e-06,,,,
,,3198,3.214145908714272e-05,,,,
,,3199,1.5637973774573766e-05,,,,
,,3200,1.5885012544458732e-05,,,,
,,3201,2.2183166947797872e-06,,,,
,,3202,1.852057539508678e-05,,,,
,,3203,6.52795324640465e-06,,,,
,,3204,2.4308205865963828e-06,,,,
,,3205,1.1609922694333363e-06,,,,
,,3206,2.0698775188066065e-05,,,,
,,3207,7.3386822805332486e-06,,,,
,,3208,9.044032594829332e-06,,,,
,,3209,8.620442531537265e-05,,,,
,,3210,1.1494643331388943e-05,,,,
,,3211,1.4025868040334899e-05,,,,
,,3212,7.350965915975394e-06,,,,
,,3213,1.140260110332747e-06,,,,
,,3214,1.8158831153414212e-05,,,,
,,3215,1.2748806511808652e-05,,,,
,,3216,8.639701263746247e-06,,,,
,,3217,0.001182511798106134,,,,
,,3218,2.2442345652962103e-06,,,,
,,3219,1.1840764273074456e-05,,,,
,,3220,0.029872862622141838,,,,
,,3221,0.004720994736999273,,,,
,,3222,1.1721276678144932e-05,,,,
,,3223,1.8688033378566615e-05,,,,
,,3224,1.1065152648370713e-05,,,,
,,3225,7.907311555754859e-06,,,,
,,3226,6.9480356614803895e-06,,,,
,,3227,9.519348168396391e-06,,,,
,,3228,1.043880547513254e-05,,,,
,,3229,1.891792976493889e-06,,,,
,,3230,3.311547698103823e-05,,,,
,,3231,1.290566956413386e-06,,,,
,,3232,1.6589332517469302e-05,,,,
,,3233,1.8244143120682565e-06,,,,
,,3234,7.396381533908425e-06,,,,
,,3235,1.184080792882014e-05,,,,
,,3236,1.1874903066200204e-05,,,,
,,3237,2.33234550250927e-06,,,,
,,3238,1.0342280802433379e-05,,,,
,,3239,1.5754796550027095e-05,,,,
,,3240,3.4933214010379743e-06,,,,
,,3241,7.608415671711555e-06,,,,
,,3242,1.2351554687484168e-05,,,,
,,3243,2.3997254174901173e-06,,,,
,,3244,6.999015113251517e-06,,,,
,,3245,0.018373897299170494,,,,
,,3246,2.187212885473855e-06,,,,
,,3247,0.0015776600921526551,,,,
,,3248,1.624765536689665e-05,,,,
,,3249,1.418424926669104e-05,,,,
,,3250,8.28175416245358e-06,,,,
,,3251,6.068182756280294e-06,,,,
,,3252,7.430438017763663e-06,,,,
,,3253,1.0676975534806843e-06,,,,
,,3254,5.9148837863176595e-06,,,,
,,3255,9.090618732443545e-06,,,,
,,3256,2.9387479116849136e-06,,,,
,,3257,6.35936430626316e-06,,,,
,,3258,3.871417447953718e-06,,,,
,,3259,2.581125727374456e-06,,,,
,,3260,1.0699834092520177e-05,,,,
,,3261,2.689956545509631e-06,,,,
,,3262,1.1698743037413806e-05,,,,
,,3263,1.9159087969455868e-05,,,,
,,3264,7.857181117287837e-06,,,,
,,3265,1.4993296645116061e-05,,,,
,,3266,4.461756361706648e-06,,,,
,,3267,6.488185590569628e-06,,,,
,,3268,1.3322023733053356e-05,,,,
,,3269,1.9488031739456346e-06,,,,
,,3270,1.4460565580520779e-06,,,,
,,3271,1.0500268217583653e-05,,,,
,,3272,3.265266968810465e-06,,,,
,,3273,0.004801097325980663,,,,
,,3274,7.560991434729658e-06,,,,
,,3275,5.5715922826493625e-06,,,,
,,3276,1.324775985267479e-05,,,,
,,3277,3.3637170417932793e-06,,,,
,,3278,3.3119035833806265e-06,,,,
,,3279,1.0220308467978612e-05,,,,
,,3280,7.696527973166667e-06,,,,
,,3281,1.1013326911779586e-05,,,,
,,3282,4.96694474350079e-06,,,,
,,3283,0.035603009164333344,,,,
,,3284,8.122789949993603e-06,,,,
,,3285,2.689964276214596e-06,,,,
,,3286,1.5082529216670082e-06,,,,
,,3287,2.1973406546749175e-05,,,,
,,3288,9.811031304707285e-06,,,,
,,3289,1.6222764998019557e-06,,,,
,,3290,5.5969580898818094e-06,,,,
,,3291,2.8932847271789797e-05,,,,
,,3292,1.2566819350467995e-05,,,,
,,3293,6.544939424202312e-06,,,,
,,3294,1.409775904903654e-06,,,,
,,3295,1.2128224398111342e-06,,,,
,,3296,8.344329216924962e-06,,,,
,,3297,0.11530854552984238,,,,
,,3298,0.0832623615860939,,,,
,,3299,1.3952468179923017e-05,,,,
,,3300,2.4792472686385736e-05,,,,
,,3301,2.3634427179786144e-06,,,,
,,3302,1.6948393977145315e-06,,,,
,,3303,4.061095751239918e-05,,,,
,,3304,1.4218503565643914e-05,,,,
,,3305,9.577788659953512e-06,,,,
,,3306,1.2641166904359125e-05,,,,
,,3307,5.892207809665706e-06,,,,
,,3308,7.577975793537917e-06,,,,
,,3309,1.4408732340598362e-06,,,,
,,3310,1.1687656296999194e-05,,,,
,,3311,2.446366352160112e-06,,,,
,,3312,0.0008877402869984508,,,,
,,3313,1.696002800599672e-05,,,,
,,3314,1.359468024020316e-05,,,,
,,3315,1.1721663213393185e-05,,,,
,,3316,1.1426016499171965e-05,,,,
,,3317,2.04728212338523e-06,,,,
,,3318,2.5396602723049e-06,,,,
,,3319,1.152136883320054e-05,,,,
,,3320,0.013118651695549488,,,,
,,3321,1.912524112412939e-06,,,,
,,3322,1.5297460777219385e-05,,,,
,,3323,1.1199387699889485e-05,,,,
,,3324,0.022445334121584892,,,,
,,3325,6.868309719720855e-05,,,,
,,3326,7.549587735411478e-06,,,,
,,3327,2.228684024885297e-06,,,,
,,3328,7.283571903826669e-05,,,,
,,3329,6.89684975441196e-06,,,,
,,3330,1.912522748170886e-06,,,,
,,3331,3.4002794109255774e-06,,,,
,,3332,7.106865723471856e-06,,,,
,,3333,2.7677081106958212e-06,,,,
,,3334,3.0735036489204504e-06,,,,
,,3335,2.546441464801319e-05,,,,
,,3336,3.530929461703636e-05,,,,
,,3337,1.3843097804056015e-05,,,,
,,3338,8.758787771512289e-06,,,,
,,3339,6.493894943560008e-06,,,,
,,3340,3.534772304192302e-06,,,,
,,3341,1.2692551536019892e-05,,,,
,,3342,2.2701431134919403e-06,,,,
,,3343,2.3004644390312023e-05,,,,
,,3344,2.60029064520495e-05,,,,
,,3345,9.769612006493844e-06,,,,
,,3346,0.3100259304046631,,,,
,,3347,8.73614499141695e-06,,,,
,,3348,8.327328941959422e-06,,,,
,,3349,0.08465267717838287,,,,
,,3350,0.010982602834701538,,,,
,,3351,1.3956987459096126e-05,,,,
,,3352,2.1538828150369227e-05,,,,
,,3353,1.2759823221131228e-05,,,,
,,3354,1.0143618965230417e-05,,,,
,,3355,0.0780441164970398,,,,
,,3356,8.236474968725815e-06,,,,
,,3357,1.0398939593869727e-05,,,,
,,3358,6.4711784943938255e-06,,,,
,,3359,1.212821757690108e-06,,,,
,,3360,1.0510577340028249e-05,,,,
,,3361,6.219404895091429e-06,,,,
,,3362,7.907199687906541e-06,,,,
,,3363,2.2437723600887693e-05,,,,
,,3364,1.7596081306692213e-05,,,,
,,3365,1.7425656551495194e-05,,,,
,,3366,1.5652651654818328e-06,,,,
,,3367,6.834499799879268e-06,,,,
,,3368,1.6568696082686074e-05,,,,
,,3369,1.4512402231048327e-06,,,,
,,3370,7.691291102673858e-06,,,,
,,3371,7.424820068990812e-06,,,,
,,3372,6.811809726059437e-06,,,,
,,3373,8.594143764639739e-06,,,,
,,3374,5.374685315473471e-06,,,,
,,3375,0.26888373494148254,,,,
,,3376,5.5335494835162535e-05,,,,
,,3377,7.796190038789064e-05,,,,
,,3378,1.404291560902493e-05,,,,
,,3379,1.5754734704387374e-05,,,,
,,3380,1.2294614862184972e-05,,,,
,,3381,2.7670486815623008e-05,,,,
,,3382,1.2542852800834225e-06,,,,
,,3383,6.22711013420485e-06,,,,
,,3384,1.3853385098627768e-05,,,,
,,3385,3.1339601264335215e-05,,,,
,,3386,1.0987962468789192e-06,,,,
,,3387,1.4598765119444579e-05,,,,
,,3388,1.4411745723919012e-05,,,,
,,3389,3.555496732587926e-06,,,,
,,3390,5.39541497346363e-06,,,,
,,3391,1.1727353921742178e-05,,,,
,,3392,4.0801267459755763e-05,,,,
,,3393,9.748810953169595e-06,,,,
,,3394,9.348865205538459e-06,,,,
,,3395,5.795704055344686e-06,,,,
,,3396,1.6046657037804835e-05,,,,
,,3397,1.3833066986990161e-05,,,,
,,3398,5.44724753126502e-06,,,,
,,3399,1.5393495687021641e-06,,,,
,,3400,1.2433233678166289e-05,,,,
,,3401,0.01830262504518032,,,,
,,3402,8.706917469680775e-06,,,,
,,3403,4.934745084028691e-05,,,,
,,3404,0.0005532613140530884,,,,
,,3405,9.933532055583782e-06,,,,
,,3406,0.0010838729795068502,,,,
,,3407,0.000727784470655024,,,,
,,3408,2.1299521904438734e-05,,,,
,,3409,1.1790712960646488e-05,,,,
,,3410,6.641424079134595e-06,,,,
,,3411,2.8713686788250925e-06,,,,
,,3412,3.1334780032921117e-06,,,,
,,3413,7.1239496719499584e-06,,,,
,,3414,2.8713677693303907e-06,,,,
,,3415,1.5445314147655154e-06,,,,
,,3416,4.516387707553804e-05,,,,
,,3417,2.0420964119693963e-06,,,,
,,3418,1.5553028788417578e-05,,,,
,,3419,7.2714810812612996e-06,,,,
,,3420,3.9735941754770465e-06,,,,
,,3421,1.0966406989609823e-05,,,,
,,3422,3.13051714329049e-06,,,,
,,3423,3.1046010917634703e-06,,,,
,,3424,4.715300747193396e-05,,,,
,,3425,0.04836424067616463,,,,
,,3426,1.3868466339772567e-05,,,,
,,3427,0.034415654838085175,,,,
,,3428,0.034006886184215546,,,,
,,3429,2.276084342156537e-05,,,,
,,3430,1.673388214840088e-05,,,,
,,3431,2.93874859380594e-06,,,,
,,3432,6.022787601978052e-06,,,,
,,3433,5.2846891776425764e-05,,,,
,,3434,2.7434003641246818e-05,,,,
,,3435,7.952689884405117e-06,,,,
,,3436,1.4439863662119024e-05,,,,
,,3437,6.306576779024908e-06,,,,
,,3438,8.855193300405517e-06,,,,
,,3439,1.7363001916237408e-06,,,,
,,3440,5.218280784902163e-05,,,,
,,3441,3.3378100852132775e-06,,,,
,,3442,2.8108794140280224e-05,,,,
,,3443,2.0576462702592835e-06,,,,
,,3444,6.84020551489084e-06,,,,
,,3445,9.303456863563042e-06,,,,
,,3446,3.441496346567874e-06,,,,
,,3447,2.0731949916807935e-06,,,,
,,3448,1.7075988580472767e-05,,,,
,,3449,1.3356597264646553e-05,,,,
,,3450,1.921721559483558e-05,,,,
,,3451,8.543073818145785e-06,,,,
,,3452,7.913015906524379e-06,,,,
,,3453,9.339290954812896e-06,,,,
,,3454,0.0001258891134057194,,,,
,,3455,3.8245587347773835e-05,,,,
,,3456,9.722355753183365e-05,,,,
,,3457,3.599924093578011e-05,,,,
,,3458,4.5324373786570504e-05,,,,
,,3459,2.6504365450819023e-05,,,,
,,3460,4.882278062723344e-06,,,,
,,3461,3.793113137362525e-05,,,,
,,3462,0.3809460699558258,,,,
,,3463,1.7259357036891743e-06,,,,
,,3464,3.8026653783163056e-05,,,,
,,3465,2.3367134417640045e-05,,,,
,,3466,1.4599684618588071e-05,,,,
,,3467,7.646217454748694e-06,,,,
,,3468,0.00027734466129913926,,,,
,,3469,2.4878286239982117e-06,,,,
,,3470,0.016184382140636444,,,,
,,3471,6.210023002495291e-06,,,,
,,3472,1.6430093410235713e-06,,,,
,,3473,1.31377801153576e-05,,,,
,,3474,1.5874296877882443e-05,,,,
,,3475,1.8092616301146336e-05,,,,
,,3476,6.329345978883794e-06,,,,
,,3477,0.2893388271331787,,,,
,,3478,9.706638593343087e-06,,,,
,,3479,2.2188527509570122e-05,,,,
,,3480,4.0905641071731225e-05,,,,
,,3481,1.5688989151385613e-05,,,,
,,3482,1.0702442523324862e-05,,,,
,,3483,0.0006976993172429502,,,,
,,3484,5.206100468058139e-05,,,,
,,3485,2.709503132791724e-05,,,,
,,3486,4.110042482352583e-06,,,,
,,3487,1.918997077154927e-05,,,,
,,3488,1.8382110283710063e-05,,,,
,,3489,1.927829725900665e-05,,,,
,,3490,7.97639677330153e-06,,,,
,,3491,5.186934504308738e-05,,,,
,,3492,2.954475348815322e-05,,,,
6,,3492,,0.009887799620628357,,,
6,,3492,,,0.8677354454994202,0.8717435002326965,0.01936275139451027
7,0.00017771766579244286,3493,,,,,
7,0.031073926016688347,3494,,,,,
7,3.8598227547481656e-05,3495,,,,,
7,0.0027845147997140884,3496,,,,,
7,0.001014691311866045,3497,,,,,
7,0.42365720868110657,3498,,,,,
7,0.036569204181432724,3499,,,,,
7,0.029539110139012337,3500,,,,,
7,0.0006460092845372856,3501,,,,,
7,0.0001256351388292387,3502,,,,,
7,0.00020976872474420816,3503,,,,,
7,0.005040160845965147,3504,,,,,
7,0.0036026008892804384,3505,,,,,
7,0.016546418890357018,3506,,,,,
7,0.19795820116996765,3507,,,,,
7,0.05429314076900482,3508,,,,,
7,0.03143645450472832,3509,,,,,
7,0.011414585635066032,3510,,,,,
7,0.0033896819222718477,3511,,,,,
7,0.008329298347234726,3512,,,,,
7,0.009694574400782585,3513,,,,,
7,0.00021855391969438642,3514,,,,,
7,0.0013323043240234256,3515,,,,,
7,0.0026860928628593683,3516,,,,,
7,0.002470217179507017,3517,,,,,
7,0.036045175045728683,3518,,,,,
7,0.0005415339255705476,3519,,,,,
7,0.0041509587317705154,3520,,,,,
7,0.004054659511893988,3521,,,,,
7,0.005498859100043774,3522,,,,,
7,0.0058548301458358765,3523,,,,,
7,0.016571348533034325,3524,,,,,
7,0.026766462251544,3525,,,,,
7,0.001911046332679689,3526,,,,,
7,0.004197568167001009,3527,,,,,
7,0.1425163745880127,3528,,,,,
7,0.004033816047012806,3529,,,,,
7,0.0008829667931422591,3530,,,,,
7,0.002633900847285986,3531,,,,,
7,0.010549069382250309,3532,,,,,
7,0.0012480473378673196,3533,,,,,
7,0.0115249278023839,3534,,,,,
7,0.0023444793187081814,3535,,,,,
7,0.008100436069071293,3536,,,,,
7,0.0017124396981671453,3537,,,,,
7,0.059619445353746414,3538,,,,,
7,0.0067873382940888405,3539,,,,,
7,0.0007195480866357684,3540,,,,,
7,0.049544598907232285,3541,,,,,
7,0.015563779510557652,3542,,,,,
7,0.0006027621566317976,3543,,,,,
7,0.0020531879272311926,3544,,,,,
7,0.0067113181576132774,3545,,,,,
7,0.010650262236595154,3546,,,,,
7,0.0011962322751060128,3547,,,,,
7,0.017995918169617653,3548,,,,,
7,0.023931821808218956,3549,,,,,
7,0.039922185242176056,3550,,,,,
7,0.011999298818409443,3551,,,,,
7,0.0007545820553787053,3552,,,,,
7,0.0003546263324096799,3553,,,,,
7,0.0004144282138440758,3554,,,,,
7,0.004294831771403551,3555,,,,,
7,0.0009849328780546784,3556,,,,,
7,0.0006357278907671571,3557,,,,,
7,0.006926403846591711,3558,,,,,
7,0.0029538176022469997,3559,,,,,
7,0.0009028429049067199,3560,,,,,
7,0.0008362533990293741,3561,,,,,
7,0.005820093676447868,3562,,,,,
7,0.005371954292058945,3563,,,,,
7,0.0033947278279811144,3564,,,,,
7,0.004851780366152525,3565,,,,,
7,0.0005568803171627223,3566,,,,,
7,0.014149188995361328,3567,,,,,
7,0.0012783246347680688,3568,,,,,
7,0.0005848045111633837,3569,,,,,
7,0.0005017179646529257,3570,,,,,
7,0.002589653478935361,3571,,,,,
7,0.004273400641977787,3572,,,,,
7,0.0928875058889389,3573,,,,,
7,0.004148638807237148,3574,,,,,
7,0.02476605959236622,3575,,,,,
7,0.32674333453178406,3576,,,,,
7,0.0007494411547668278,3577,,,,,
7,6.399996345862746e-05,3578,,,,,
7,0.0034574486780911684,3579,,,,,
7,0.013660795986652374,3580,,,,,
7,0.00044900449574925005,3581,,,,,
7,0.011085777543485165,3582,,,,,
7,0.040291767567396164,3583,,,,,
7,0.0028717562090605497,3584,,,,,
7,0.03012886270880699,3585,,,,,
7,0.00221303035505116,3586,,,,,
7,0.0168028362095356,3587,,,,,
7,0.0016761571168899536,3588,,,,,
7,0.0008524971781298518,3589,,,,,
7,0.0003811607602983713,3590,,,,,
7,0.0010958833154290915,3591,,,,,
7,0.0007677718531340361,3592,,,,,
7,0.0035176968667656183,3593,,,,,
7,0.0008231380488723516,3594,,,,,
7,0.005056286696344614,3595,,,,,
7,0.0008494445355609059,3596,,,,,
7,0.00016976626648101956,3597,,,,,
7,0.0018049776554107666,3598,,,,,
7,0.0013581890380010009,3599,,,,,
7,0.001320323208346963,3600,,,,,
7,0.003373635932803154,3601,,,,,
7,0.016821689903736115,3602,,,,,
7,0.00041715597035363317,3603,,,,,
7,0.001935117645189166,3604,,,,,
7,0.003994334954768419,3605,,,,,
7,0.0003183278313372284,3606,,,,,
7,0.002040898660197854,3607,,,,,
7,0.0007292519439943135,3608,,,,,
7,0.024363193660974503,3609,,,,,
7,0.0013855957658961415,3610,,,,,
7,0.00031888694502413273,3611,,,,,
7,0.1020524725317955,3612,,,,,
7,0.0014708630042150617,3613,,,,,
7,0.002812512218952179,3614,,,,,
7,0.0026802949141710997,3615,,,,,
7,0.0001587406441103667,3616,,,,,
7,0.006495621521025896,3617,,,,,
7,0.0008216190617531538,3618,,,,,
7,0.13520288467407227,3619,,,,,
7,0.00032649136846885085,3620,,,,,
7,0.0020018492359668016,3621,,,,,
7,0.0006069499650038779,3622,,,,,
7,0.002020039362832904,3623,,,,,
7,0.003884183708578348,3624,,,,,
7,0.0010255308588966727,3625,,,,,
7,0.07141231745481491,3626,,,,,
7,0.001081321737729013,3627,,,,,
7,0.00025965675013139844,3628,,,,,
7,0.006286236923187971,3629,,,,,
7,0.0022318463306874037,3630,,,,,
7,0.0053083933889865875,3631,,,,,
7,0.0014518690295517445,3632,,,,,
7,0.00238117971457541,3633,,,,,
7,0.0014035674976184964,3634,,,,,
7,0.0013636157382279634,3635,,,,,
7,0.010765506885945797,3636,,,,,
7,0.01643415167927742,3637,,,,,
7,0.10868016630411148,3638,,,,,
7,0.022303150966763496,3639,,,,,
7,0.0008546714670956135,3640,,,,,
7,0.0013515539467334747,3641,,,,,
7,0.007821101695299149,3642,,,,,
7,0.34771156311035156,3643,,,,,
7,0.0030915907118469477,3644,,,,,
7,0.017031894996762276,3645,,,,,
7,0.005108694080263376,3646,,,,,
7,0.006982055492699146,3647,,,,,
7,0.0006521783070638776,3648,,,,,
7,0.0937824621796608,3649,,,,,
7,0.012441081926226616,3650,,,,,
7,0.0006678903591819108,3651,,,,,
7,0.09403800964355469,3652,,,,,
7,0.00018608606478665024,3653,,,,,
7,0.005532152019441128,3654,,,,,
7,0.0017818629276007414,3655,,,,,
7,0.004561974201351404,3656,,,,,
7,0.007920731790363789,3657,,,,,
7,0.007787845563143492,3658,,,,,
7,0.004248659126460552,3659,,,,,
7,0.11341036111116409,3660,,,,,
7,0.0652855783700943,3661,,,,,
7,0.005553092807531357,3662,,,,,
7,0.009872905910015106,3663,,,,,
7,0.06845366954803467,3664,,,,,
7,0.1694159209728241,3665,,,,,
7,0.029927358031272888,3666,,,,,
7,0.056514475494623184,3667,,,,,
7,0.014592870138585567,3668,,,,,
7,0.01512217242270708,3669,,,,,
7,0.041993070393800735,3670,,,,,
7,0.0016702080611139536,3671,,,,,
7,0.002326240763068199,3672,,,,,
7,0.002439891453832388,3673,,,,,
7,0.01219735573977232,3674,,,,,
7,0.1608549803495407,3675,,,,,
7,0.0019374630646780133,3676,,,,,
7,0.002937826095148921,3677,,,,,
7,0.0039345882833004,3678,,,,,
7,0.006741111632436514,3679,,,,,
7,0.008641665801405907,3680,,,,,
7,0.004448005463927984,3681,,,,,
7,0.019445188343524933,3682,,,,,
7,0.010422284714877605,3683,,,,,
7,0.0011382626835256815,3684,,,,,
7,0.004480941686779261,3685,,,,,
7,0.009229582734405994,3686,,,,,
7,0.0040262434631586075,3687,,,,,
7,0.007255565375089645,3688,,,,,
7,0.0009899637661874294,3689,,,,,
7,0.038084231317043304,3690,,,,,
7,0.03850139304995537,3691,,,,,
7,0.01367137860506773,3692,,,,,
7,0.0017967559397220612,3693,,,,,
7,0.008966894820332527,3694,,,,,
7,0.0012695230543613434,3695,,,,,
7,0.029128480702638626,3696,,,,,
7,0.006497851572930813,3697,,,,,
7,0.023781219497323036,3698,,,,,
7,0.0019441880285739899,3699,,,,,
7,0.0033523053862154484,3700,,,,,
7,0.0024121233727782965,3701,,,,,
7,0.002122605452314019,3702,,,,,
7,0.0024631493724882603,3703,,,,,
7,0.0006576455198228359,3704,,,,,
7,0.0003408020129427314,3705,,,,,
7,0.005576773080974817,3706,,,,,
7,0.0004731419321615249,3707,,,,,
7,0.0006080939783714712,3708,,,,,
7,0.0051383343525230885,3709,,,,,
7,0.0004726713814307004,3710,,,,,
7,0.0010258820839226246,3711,,,,,
7,0.0001662551803747192,3712,,,,,
7,0.00047112751053646207,3713,,,,,
7,0.0001453193399356678,3714,,,,,
7,9.773593774298206e-05,3715,,,,,
7,0.06084170192480087,3716,,,,,
7,0.008446579799056053,3717,,,,,
7,0.0007542325765825808,3718,,,,,
7,0.03971658647060394,3719,,,,,
7,0.001018399721942842,3720,,,,,
7,0.002645631553605199,3721,,,,,
7,0.0006458016578108072,3722,,,,,
7,0.0002368117857258767,3723,,,,,
7,0.00043528323294594884,3724,,,,,
7,0.0012374735670164227,3725,,,,,
7,0.002139785559847951,3726,,,,,
7,0.0065896594896912575,3727,,,,,
7,0.00032606188324280083,3728,,,,,
7,0.02348141372203827,3729,,,,,
7,0.01563975214958191,3730,,,,,
7,0.008978048339486122,3731,,,,,
7,0.0023674815893173218,3732,,,,,
7,0.000466859812149778,3733,,,,,
7,0.00010444880172144622,3734,,,,,
7,0.001990563701838255,3735,,,,,
7,0.00023301865439862013,3736,,,,,
7,0.09587857872247696,3737,,,,,
7,0.000156004200107418,3738,,,,,
7,0.021603187546133995,3739,,,,,
7,3.6673056456493214e-05,3740,,,,,
7,0.003324630204588175,3741,,,,,
7,0.0069127934984862804,3742,,,,,
7,0.002638094825670123,3743,,,,,
7,0.00012383922876324505,3744,,,,,
7,0.0002211637474829331,3745,,,,,
7,0.0430922731757164,3746,,,,,
7,0.00028055612347088754,3747,,,,,
7,0.0010743170278146863,3748,,,,,
7,0.0035841623321175575,3749,,,,,
7,0.00011372931476216763,3750,,,,,
7,0.0005464243004098535,3751,,,,,
7,0.000716061913408339,3752,,,,,
7,0.0005500842235051095,3753,,,,,
7,0.002536488464102149,3754,,,,,
7,0.0001036227768054232,3755,,,,,
7,0.0002673244453035295,3756,,,,,
7,0.00039226695662364364,3757,,,,,
7,0.0019008188974112272,3758,,,,,
7,0.0476006381213665,3759,,,,,
7,0.0002696162846405059,3760,,,,,
7,0.0007778654107823968,3761,,,,,
7,0.0014621608424931765,3762,,,,,
7,0.15017017722129822,3763,,,,,
7,0.0009686850244179368,3764,,,,,
7,0.000517460866831243,3765,,,,,
7,0.007245514541864395,3766,,,,,
7,0.0008619437576271594,3767,,,,,
7,0.005059470422565937,3768,,,,,
7,0.1032293364405632,3769,,,,,
7,0.26721009612083435,3770,,,,,
7,0.000305722322082147,3771,,,,,
7,0.000292514159809798,3772,,,,,
7,0.002064859727397561,3773,,,,,
7,0.0010173922637477517,3774,,,,,
7,0.0011145368916913867,3775,,,,,
7,0.0012290383456274867,3776,,,,,
7,0.0002474936190992594,3777,,,,,
7,0.0006772168562747538,3778,,,,,
7,0.05887681618332863,3779,,,,,
7,0.17402413487434387,3780,,,,,
7,0.0022629261948168278,3781,,,,,
7,0.0010820013703778386,3782,,,,,
7,0.00018648405966814607,3783,,,,,
7,0.0008533447980880737,3784,,,,,
7,0.0029569168109446764,3785,,,,,
7,0.006290632765740156,3786,,,,,
7,0.009428180754184723,3787,,,,,
7,0.002389154862612486,3788,,,,,
7,0.03700318932533264,3789,,,,,
7,0.0009183456422761083,3790,,,,,
7,0.001979079097509384,3791,,,,,
7,0.0011558167170733213,3792,,,,,
7,0.0010584609117358923,3793,,,,,
7,0.0010365884518250823,3794,,,,,
7,0.01719590090215206,3795,,,,,
7,0.0005003706319257617,3796,,,,,
7,0.01707654818892479,3797,,,,,
7,0.00046219018986448646,3798,,,,,
7,0.0006000858847983181,3799,,,,,
7,0.002258080057799816,3800,,,,,
7,0.018354494124650955,3801,,,,,
7,0.07938634604215622,3802,,,,,
7,0.1339053213596344,3803,,,,,
7,0.0005963539588265121,3804,,,,,
7,0.0004342741740401834,3805,,,,,
7,0.0008287010132335126,3806,,,,,
7,0.0016905363881960511,3807,,,,,
7,0.0011463739210739732,3808,,,,,
7,0.0007893368019722402,3809,,,,,
7,0.0022268034517765045,3810,,,,,
7,0.016343433409929276,3811,,,,,
7,0.007395688444375992,3812,,,,,
7,0.0013603521510958672,3813,,,,,
7,0.06739747524261475,3814,,,,,
7,0.0028629060834646225,3815,,,,,
7,0.0003492597315926105,3816,,,,,
7,0.00040315394289791584,3817,,,,,
7,0.00684069050475955,3818,,,,,
7,0.0003572836867533624,3819,,,,,
7,0.000291836098767817,3820,,,,,
7,0.003907583653926849,3821,,,,,
7,0.0012440003920346498,3822,,,,,
7,0.0031786602921783924,3823,,,,,
7,0.0012097845319658518,3824,,,,,
7,0.0033515323884785175,3825,,,,,
7,0.00019325187895447016,3826,,,,,
7,0.006156047340482473,3827,,,,,
7,0.00034772540675476193,3828,,,,,
7,0.008972419425845146,3829,,,,,
7,9.214649617206305e-05,3830,,,,,
7,5.119112756801769e-05,3831,,,,,
7,0.0002707440289668739,3832,,,,,
7,0.005993212107568979,3833,,,,,
7,0.022104820236563683,3834,,,,,
7,0.0006800455157645047,3835,,,,,
7,0.002909236354753375,3836,,,,,
7,0.0001881891512311995,3837,,,,,
7,0.0001885513192974031,3838,,,,,
7,0.0021181185729801655,3839,,,,,
7,0.0008275688742287457,3840,,,,,
7,0.1186099722981453,3841,,,,,
7,0.24490514397621155,3842,,,,,
7,0.006714050192385912,3843,,,,,
7,0.0004667488392442465,3844,,,,,
7,0.0033258353359997272,3845,,,,,
7,0.0005606798804365098,3846,,,,,
7,0.00986437313258648,3847,,,,,
7,0.017431076616048813,3848,,,,,
7,0.003547770669683814,3849,,,,,
7,0.0027889839839190245,3850,,,,,
7,0.19775384664535522,3851,,,,,
7,0.003980462439358234,3852,,,,,
7,0.041159600019454956,3853,,,,,
7,0.0001215354204759933,3854,,,,,
7,0.0008232776308432221,3855,,,,,
7,0.00040497773443348706,3856,,,,,
7,0.0014131597708910704,3857,,,,,
7,0.0007985446136444807,3858,,,,,
7,0.0015915086260065436,3859,,,,,
7,0.001055915025062859,3860,,,,,
7,0.09110498428344727,3861,,,,,
7,0.0021476109977811575,3862,,,,,
7,0.010990059934556484,3863,,,,,
7,0.0012027638731524348,3864,,,,,
7,0.0031689759343862534,3865,,,,,
7,0.022423043847084045,3866,,,,,
7,0.0009294885094277561,3867,,,,,
7,0.0019522103248164058,3868,,,,,
7,0.012395858764648438,3869,,,,,
7,0.015253162011504173,3870,,,,,
7,0.0006321512628346682,3871,,,,,
7,0.000837271218188107,3872,,,,,
7,0.02737073041498661,3873,,,,,
7,0.0028960099443793297,3874,,,,,
7,0.0020147389732301235,3875,,,,,
7,0.002505882643163204,3876,,,,,
7,0.0012007319601252675,3877,,,,,
7,0.0013842347543686628,3878,,,,,
7,0.001403096248395741,3879,,,,,
7,0.0010857710149139166,3880,,,,,
7,0.0013654641807079315,3881,,,,,
7,0.028988881036639214,3882,,,,,
7,0.0010643434943631291,3883,,,,,
7,0.3195105195045471,3884,,,,,
7,0.0012364678550511599,3885,,,,,
7,0.0004019114712718874,3886,,,,,
7,0.00038825167575851083,3887,,,,,
7,0.0013822346227243543,3888,,,,,
7,0.003898169379681349,3889,,,,,
7,0.0006419612909667194,3890,,,,,
7,0.002613843185827136,3891,,,,,
7,0.02327101118862629,3892,,,,,
7,0.03832979127764702,3893,,,,,
7,0.0006657250924035907,3894,,,,,
7,0.0003042732132598758,3895,,,,,
7,0.07792648673057556,3896,,,,,
7,0.004831891506910324,3897,,,,,
7,0.003778956364840269,3898,,,,,
7,0.00035679739085026085,3899,,,,,
7,0.002326595364138484,3900,,,,,
7,0.0011270614340901375,3901,,,,,
7,0.001863490091636777,3902,,,,,
7,0.024261582642793655,3903,,,,,
7,0.001220201957039535,3904,,,,,
7,0.0005849715089425445,3905,,,,,
7,0.03168920800089836,3906,,,,,
7,0.017108749598264694,3907,,,,,
7,0.0009304830455221236,3908,,,,,
7,0.0001372713886667043,3909,,,,,
7,0.0013361687306314707,3910,,,,,
7,0.0012859164271503687,3911,,,,,
7,0.00047406795783899724,3912,,,,,
7,0.004732494708150625,3913,,,,,
7,0.00036650188849307597,3914,,,,,
7,0.0020433347672224045,3915,,,,,
7,0.00957427266985178,3916,,,,,
7,0.0005193222896195948,3917,,,,,
7,0.0007458538748323917,3918,,,,,
7,0.00382446451112628,3919,,,,,
7,0.0023108103778213263,3920,,,,,
7,0.0005510008777491748,3921,,,,,
7,0.0004930823924951255,3922,,,,,
7,0.000376920128474012,3923,,,,,
7,0.0019054480362683535,3924,,,,,
7,0.0004505692922975868,3925,,,,,
7,0.033868227154016495,3926,,,,,
7,4.202971831546165e-05,3927,,,,,
7,9.209601557813585e-05,3928,,,,,
7,0.0009725234704092145,3929,,,,,
7,0.007600308861583471,3930,,,,,
7,0.005166683346033096,3931,,,,,
7,0.000214779021916911,3932,,,,,
7,0.0002302537759533152,3933,,,,,
7,0.0010518161579966545,3934,,,,,
7,6.0602775192819536e-05,3935,,,,,
7,0.0033265785314142704,3936,,,,,
7,0.0015987578080967069,3937,,,,,
7,0.03639711067080498,3938,,,,,
7,0.0005401947419159114,3939,,,,,
7,0.0003321208932902664,3940,,,,,
7,0.0015034395037218928,3941,,,,,
7,0.00015742110554128885,3942,,,,,
7,0.0036167053040117025,3943,,,,,
7,0.0002963847073260695,3944,,,,,
7,0.013358958065509796,3945,,,,,
7,0.00013169311569072306,3946,,,,,
7,0.051142722368240356,3947,,,,,
7,0.006192528177052736,3948,,,,,
7,0.0016322234878316522,3949,,,,,
7,0.0009584063082002103,3950,,,,,
7,0.0008864157134667039,3951,,,,,
7,0.0028841295279562473,3952,,,,,
7,0.0010025619994848967,3953,,,,,
7,0.0018458844861015677,3954,,,,,
7,0.0004061005893163383,3955,,,,,
7,0.0002390392473898828,3956,,,,,
7,0.00033499649725854397,3957,,,,,
7,0.010871324688196182,3958,,,,,
7,0.0004438602481968701,3959,,,,,
7,0.00038680442958138883,3960,,,,,
7,0.0003141527413390577,3961,,,,,
7,0.0008275725995190442,3962,,,,,
7,0.00017339078476652503,3963,,,,,
7,0.022252850234508514,3964,,,,,
7,0.07067984342575073,3965,,,,,
7,0.0009583200444467366,3966,,,,,
7,8.147203334374353e-05,3967,,,,,
7,0.0002299282350577414,3968,,,,,
7,0.0007314590620808303,3969,,,,,
7,0.0004059720959048718,3970,,,,,
7,0.4034186899662018,3971,,,,,
7,0.00047970173181965947,3972,,,,,
7,0.005392610561102629,3973,,,,,
7,0.0014024185948073864,3974,,,,,
7,0.11829807609319687,3975,,,,,
7,0.004968392197042704,3976,,,,,
7,0.00034968930413015187,3977,,,,,
7,0.0009758433443494141,3978,,,,,
7,0.00022649804304819554,3979,,,,,
7,0.16400399804115295,3980,,,,,
7,0.00783189944922924,3981,,,,,
7,0.001479506492614746,3982,,,,,
7,0.0008298623724840581,3983,,,,,
7,0.016651270911097527,3984,,,,,
7,0.0012736448552459478,3985,,,,,
7,0.006450671702623367,3986,,,,,
7,8.294350845972076e-05,3987,,,,,
7,0.01895735412836075,3988,,,,,
7,0.00037590463762171566,3989,,,,,
7,0.0009024557657539845,3990,,,,,
7,0.007007827516645193,3991,,,,,
,,3493,0.0038743154145777225,,,,
,,3494,0.004408522043377161,,,,
,,3495,0.019676677882671356,,,,
,,3496,0.012765396386384964,,,,
,,3497,0.011946163140237331,,,,
,,3498,0.002746682381257415,,,,
,,3499,0.0048103188164532185,,,,
,,3500,0.000188050587894395,,,,
,,3501,0.0002593761309981346,,,,
,,3502,0.00034137556212954223,,,,
,,3503,0.045736007392406464,,,,
,,3504,0.00033014549990184605,,,,
,,3505,0.02756328321993351,,,,
,,3506,0.0008372024749405682,,,,
,,3507,0.0010268937330693007,,,,
,,3508,0.005818471312522888,,,,
,,3509,0.0033277792390435934,,,,
,,3510,0.000853906269185245,,,,
,,3511,0.009060736745595932,,,,
,,3512,0.01914396323263645,,,,
,,3513,0.0038300652522593737,,,,
,,3514,0.002112736226990819,,,,
,,3515,0.00010080516221933067,,,,
,,3516,0.0003918391594197601,,,,
,,3517,0.00023111846530809999,,,,
,,3518,0.0003953177947551012,,,,
,,3519,0.0003143247158732265,,,,
,,3520,0.0005207114154472947,,,,
,,3521,0.002884942339733243,,,,
,,3522,0.00011345025268383324,,,,
,,3523,0.002976612653583288,,,,
,,3524,0.0009990171529352665,,,,
,,3525,0.004348239861428738,,,,
,,3526,0.0001408072712365538,,,,
,,3527,6.38052515569143e-05,,,,
,,3528,0.0002789632708299905,,,,
,,3529,0.019986087456345558,,,,
,,3530,0.003751908428966999,,,,
,,3531,7.420873589580879e-05,,,,
,,3532,0.013744950294494629,,,,
,,3533,0.0012910161167383194,,,,
,,3534,0.0001441206259187311,,,,
,,3535,0.0003678291686810553,,,,
,,3536,0.0022336910478770733,,,,
,,3537,0.0012405709130689502,,,,
,,3538,0.007961096242070198,,,,
,,3539,0.002860234584659338,,,,
,,3540,0.00012255388719495386,,,,
,,3541,0.00016541499644517899,,,,
,,3542,0.0023200619034469128,,,,
,,3543,0.00010785472841234878,,,,
,,3544,0.0005951094208285213,,,,
,,3545,0.0010120534570887685,,,,
,,3546,0.0007290784269571304,,,,
,,3547,0.00019441862241365016,,,,
,,3548,8.538615657016635e-05,,,,
,,3549,0.00016231821791734546,,,,
,,3550,0.00015516341954935342,,,,
,,3551,0.0003978538734372705,,,,
,,3552,0.00020937768567819148,,,,
,,3553,4.395994983497076e-05,,,,
,,3554,0.0004901449428871274,,,,
,,3555,0.0035056904889643192,,,,
,,3556,0.00017778048641048372,,,,
,,3557,0.00017481797840446234,,,,
,,3558,0.007001975551247597,,,,
,,3559,0.0006958101294003427,,,,
,,3560,9.79581891442649e-05,,,,
,,3561,0.00042301364010199904,,,,
,,3562,0.0028025524225085974,,,,
,,3563,0.0014174811076372862,,,,
,,3564,0.0006823009462095797,,,,
,,3565,0.000456777197541669,,,,
,,3566,6.923156615812331e-05,,,,
,,3567,0.0010911794379353523,,,,
,,3568,0.003070349572226405,,,,
,,3569,0.0002602462482172996,,,,
,,3570,0.0007929078419692814,,,,
,,3571,0.0013307604240253568,,,,
,,3572,5.232893454376608e-05,,,,
,,3573,0.00027080648578703403,,,,
,,3574,0.002346071181818843,,,,
,,3575,7.899322372395545e-05,,,,
,,3576,0.025274608284235,,,,
,,3577,0.001304516103118658,,,,
,,3578,0.00043018109863623977,,,,
,,3579,6.223424861673266e-05,,,,
,,3580,4.5621338358614594e-05,,,,
,,3581,5.660264287143946e-05,,,,
,,3582,0.00037882302422076464,,,,
,,3583,0.00015516240091528744,,,,
,,3584,0.00022729052579961717,,,,
,,3585,0.0007537503843195736,,,,
,,3586,0.0013628291198983788,,,,
,,3587,0.0025502543430775404,,,,
,,3588,0.0029735516291111708,,,,
,,3589,0.0017730863764882088,,,,
,,3590,0.0022932838182896376,,,,
,,3591,1.102770209312439,,,,
,,3592,0.00046996070886962116,,,,
,,3593,0.0007865284569561481,,,,
,,3594,0.001404360868036747,,,,
,,3595,0.000884209293872118,,,,
,,3596,7.019657641649246e-05,,,,
,,3597,0.0029324947390705347,,,,
,,3598,0.000880587613210082,,,,
,,3599,0.0001627307792659849,,,,
,,3600,0.0003004231839440763,,,,
,,3601,0.0003685276606120169,,,,
,,3602,0.0005071438499726355,,,,
,,3603,0.005659499671310186,,,,
,,3604,0.001003707991912961,,,,
,,3605,6.866097828606144e-05,,,,
,,3606,0.00012403195432852954,,,,
,,3607,0.00843772105872631,,,,
,,3608,0.0007704898016527295,,,,
,,3609,8.907337905839086e-05,,,,
,,3610,0.0004854282597079873,,,,
,,3611,0.0018191225826740265,,,,
,,3612,0.00013709478662349284,,,,
,,3613,7.744536560494453e-05,,,,
,,3614,0.0032456815242767334,,,,
,,3615,0.00023350692936219275,,,,
,,3616,0.000993476016446948,,,,
,,3617,0.00435163639485836,,,,
,,3618,0.00044821956544183195,,,,
,,3619,0.0005633150576613843,,,,
,,3620,0.0008740234188735485,,,,
,,3621,4.023145083920099e-05,,,,
,,3622,0.00011715856089722365,,,,
,,3623,0.002323741093277931,,,,
,,3624,0.0003894209221471101,,,,
,,3625,9.047622006619349e-05,,,,
,,3626,0.00029321777401492,,,,
,,3627,0.00027194421272724867,,,,
,,3628,0.0003604116791393608,,,,
,,3629,0.0006446646293625236,,,,
,,3630,0.0013176214415580034,,,,
,,3631,9.697513451101258e-05,,,,
,,3632,7.21015312592499e-05,,,,
,,3633,9.395790402777493e-05,,,,
,,3634,0.0004140720993746072,,,,
,,3635,0.000707168597728014,,,,
,,3636,0.003518597688525915,,,,
,,3637,0.12202028185129166,,,,
,,3638,0.0001375159772578627,,,,
,,3639,0.00012413595686666667,,,,
,,3640,0.0024160139728337526,,,,
,,3641,0.0005636891000904143,,,,
,,3642,0.001975742634385824,,,,
,,3643,0.0009030443616211414,,,,
,,3644,0.00010252683568978682,,,,
,,3645,0.0005584844620898366,,,,
,,3646,8.731583511689678e-05,,,,
,,3647,6.34897660347633e-05,,,,
,,3648,0.00012054108083248138,,,,
,,3649,0.002844797447323799,,,,
,,3650,0.00039989460492506623,,,,
,,3651,0.00013526427210308611,,,,
,,3652,0.0010883565992116928,,,,
,,3653,6.601640779990703e-05,,,,
,,3654,0.00014816210023127496,,,,
,,3655,0.0015825077425688505,,,,
,,3656,0.00045646086800843477,,,,
,,3657,0.5515652298927307,,,,
,,3658,4.575165075948462e-05,,,,
,,3659,0.00019255850929766893,,,,
,,3660,0.0033083867747336626,,,,
,,3661,0.0020234016701579094,,,,
,,3662,5.3402491175802425e-05,,,,
,,3663,9.93392604868859e-05,,,,
,,3664,0.00044028565753251314,,,,
,,3665,0.00016039455658756196,,,,
,,3666,0.0005871767643839121,,,,
,,3667,0.0031315009109675884,,,,
,,3668,0.006133653689175844,,,,
,,3669,0.0021558452863246202,,,,
,,3670,0.007333606481552124,,,,
,,3671,9.300776582676917e-05,,,,
,,3672,0.001518684672191739,,,,
,,3673,0.0004757625865750015,,,,
,,3674,7.795400597387925e-05,,,,
,,3675,0.00010517127520870417,,,,
,,3676,0.00030700635397806764,,,,
,,3677,0.00043455284321680665,,,,
,,3678,0.00020140662672929466,,,,
,,3679,0.00018851460481528193,,,,
,,3680,0.00013221096014603972,,,,
,,3681,0.0002010591997532174,,,,
,,3682,0.000687982072122395,,,,
,,3683,0.0004716761759482324,,,,
,,3684,0.00019182031974196434,,,,
,,3685,0.004170916508883238,,,,
,,3686,0.0004546926938928664,,,,
,,3687,0.00013356823183130473,,,,
,,3688,0.006044006906449795,,,,
,,3689,0.00015323320985771716,,,,
,,3690,0.00015561502368655056,,,,
,,3691,0.00028703012503683567,,,,
,,3692,0.0006179072661325336,,,,
,,3693,0.0037583690136671066,,,,
,,3694,0.0029697741847485304,,,,
,,3695,0.003389804158359766,,,,
,,3696,0.0013175752246752381,,,,
,,3697,0.00034398649586364627,,,,
,,3698,0.002176804468035698,,,,
,,3699,0.0001544461993034929,,,,
,,3700,0.0001016941387206316,,,,
,,3701,0.0005569671047851443,,,,
,,3702,0.0014949444448575377,,,,
,,3703,0.0004484523960854858,,,,
,,3704,0.00010331306111766025,,,,
,,3705,0.0005785695393569767,,,,
,,3706,0.00016683530702721328,,,,
,,3707,0.00011736503074644133,,,,
,,3708,0.0005638139555230737,,,,
,,3709,0.00034770910860970616,,,,
,,3710,0.0004709264903794974,,,,
,,3711,0.0032566834706813097,,,,
,,3712,4.2715408199001104e-05,,,,
,,3713,0.0004246884782332927,,,,
,,3714,0.008528150618076324,,,,
,,3715,0.00012188531400170177,,,,
,,3716,0.005335965193808079,,,,
,,3717,0.0001029664563247934,,,,
,,3718,0.0006552598206326365,,,,
,,3719,0.00708727166056633,,,,
,,3720,0.04259958118200302,,,,
,,3721,0.0029456692282110453,,,,
,,3722,0.00042827497236430645,,,,
,,3723,8.929199248086661e-05,,,,
,,3724,0.00031557740294374526,,,,
,,3725,0.0005273065180517733,,,,
,,3726,0.0002771049621514976,,,,
,,3727,0.00029729428933933377,,,,
,,3728,4.814552085008472e-05,,,,
,,3729,8.68782153702341e-05,,,,
,,3730,4.9859587306855246e-05,,,,
,,3731,0.00016436212172266096,,,,
,,3732,6.543793278979138e-05,,,,
,,3733,0.0001365879288641736,,,,
,,3734,0.0006973029230721295,,,,
,,3735,0.0006330125033855438,,,,
,,3736,0.0001826835796236992,,,,
,,3737,0.0015073734102770686,,,,
,,3738,0.0002919171820394695,,,,
,,3739,0.00010433534771436825,,,,
,,3740,8.228095975937322e-05,,,,
,,3741,0.00027032833895646036,,,,
,,3742,8.00416455604136e-05,,,,
,,3743,0.0005881920224055648,,,,
,,3744,0.004890144802629948,,,,
,,3745,0.00015840357809793204,,,,
,,3746,0.019357100129127502,,,,
,,3747,0.0006887289928272367,,,,
,,3748,0.005254413932561874,,,,
,,3749,0.0008729940163902938,,,,
,,3750,0.0006495134439319372,,,,
,,3751,0.00034391158260405064,,,,
,,3752,1.8647004253580235e-05,,,,
,,3753,0.0014385179383680224,,,,
,,3754,7.081493095029145e-05,,,,
,,3755,8.99978113011457e-05,,,,
,,3756,5.164543108548969e-05,,,,
,,3757,0.0002539715205784887,,,,
,,3758,6.841823778813705e-05,,,,
,,3759,0.00026863126549869776,,,,
,,3760,7.604874554090202e-05,,,,
,,3761,0.0009939002338796854,,,,
,,3762,0.0003357197274453938,,,,
,,3763,0.0003500907914713025,,,,
,,3764,0.00025752876535989344,,,,
,,3765,0.000265829439740628,,,,
,,3766,0.003393919672816992,,,,
,,3767,0.0004924325039610267,,,,
,,3768,5.9958874771837145e-05,,,,
,,3769,4.0165894461097196e-05,,,,
,,3770,0.00010096362530020997,,,,
,,3771,0.006746209226548672,,,,
,,3772,0.002241932787001133,,,,
,,3773,0.045553628355264664,,,,
,,3774,0.00010080661013489589,,,,
,,3775,0.0024993126280605793,,,,
,,3776,0.0001054824679158628,,,,
,,3777,0.00013824860798195004,,,,
,,3778,0.00020921157556585968,,,,
,,3779,0.00016605625569354743,,,,
,,3780,0.00022898819588590413,,,,
,,3781,0.0008163089514710009,,,,
,,3782,0.013647777959704399,,,,
,,3783,0.0015862593427300453,,,,
,,3784,0.0008169695502147079,,,,
,,3785,4.013623038190417e-05,,,,
,,3786,0.0017878968501463532,,,,
,,3787,7.713646482443437e-05,,,,
,,3788,3.8027541449991986e-05,,,,
,,3789,0.00017940104589797556,,,,
,,3790,0.0007510330760851502,,,,
,,3791,0.0009232402662746608,,,,
,,3792,0.003854897106066346,,,,
,,3793,5.7529712648829445e-05,,,,
,,3794,7.997277134563774e-05,,,,
,,3795,0.0001529037399450317,,,,
,,3796,0.006216267589479685,,,,
,,3797,0.004582321736961603,,,,
,,3798,0.0003210048598702997,,,,
,,3799,0.005720810033380985,,,,
,,3800,6.468714127549902e-05,,,,
,,3801,8.906076982384548e-05,,,,
,,3802,0.00023232607054524124,,,,
,,3803,0.002232852391898632,,,,
,,3804,7.110706064850092e-05,,,,
,,3805,0.0005868506850674748,,,,
,,3806,0.00033265110687352717,,,,
,,3807,0.00040632724994793534,,,,
,,3808,3.8971360481809825e-05,,,,
,,3809,0.001474497257731855,,,,
,,3810,8.439447992714122e-05,,,,
,,3811,0.0063397870399057865,,,,
,,3812,0.0018570396350696683,,,,
,,3813,0.000410192966228351,,,,
,,3814,0.0003653480962384492,,,,
,,3815,0.0003745764843188226,,,,
,,3816,0.00012348229938652366,,,,
,,3817,6.11604773439467e-05,,,,
,,3818,0.00013659663090948015,,,,
,,3819,0.0007570216548629105,,,,
,,3820,7.663741416763514e-05,,,,
,,3821,0.0007052862201817334,,,,
,,3822,0.0005407695425674319,,,,
,,3823,0.0036979636643081903,,,,
,,3824,0.0010927062248811126,,,,
,,3825,0.005870143882930279,,,,
,,3826,4.102415550732985e-05,,,,
,,3827,0.00031941625638864934,,,,
,,3828,0.0023515464272350073,,,,
,,3829,6.468968786066398e-05,,,,
,,3830,0.00021552739781327546,,,,
,,3831,0.0005676137516275048,,,,
,,3832,8.4316598076839e-05,,,,
,,3833,0.00020257248252164572,,,,
,,3834,0.00022146411356516182,,,,
,,3835,0.0004948238492943347,,,,
,,3836,6.952987314434722e-05,,,,
,,3837,0.0009356078808195889,,,,
,,3838,0.0006532266270369291,,,,
,,3839,3.827109685516916e-05,,,,
,,3840,0.0006332900375127792,,,,
,,3841,2.7290137950330973e-05,,,,
,,3842,0.00026271375827491283,,,,
,,3843,0.00019167576101608574,,,,
,,3844,6.291273894021288e-05,,,,
,,3845,0.09464658796787262,,,,
,,3846,0.0003094618732575327,,,,
,,3847,0.0007451288402080536,,,,
,,3848,0.0031835343688726425,,,,
,,3849,0.006819181609898806,,,,
,,3850,0.0013771574012935162,,,,
,,3851,0.00546265160664916,,,,
,,3852,0.00014578335685655475,,,,
,,3853,0.0019392890390008688,,,,
,,3854,0.012785756960511208,,,,
,,3855,0.0002545822353567928,,,,
,,3856,0.00037317207898013294,,,,
,,3857,0.0014606445329263806,,,,
,,3858,3.5328284866409376e-05,,,,
,,3859,8.380256622331217e-05,,,,
,,3860,8.49282878334634e-05,,,,
,,3861,0.00015686820552218705,,,,
,,3862,0.011093636974692345,,,,
,,3863,0.0007929934072308242,,,,
,,3864,0.0005516157834790647,,,,
,,3865,0.00016136598424054682,,,,
,,3866,0.0002626242348924279,,,,
,,3867,0.00013639623648487031,,,,
,,3868,4.0716440707910806e-05,,,,
,,3869,0.0001249261840712279,,,,
,,3870,0.00030399594106711447,,,,
,,3871,0.0005549913621507585,,,,
,,3872,0.0006410843343473971,,,,
,,3873,0.00012427179899532348,,,,
,,3874,0.06386812031269073,,,,
,,3875,0.0018746036803349853,,,,
,,3876,0.0008864857954904437,,,,
,,3877,0.005752665922045708,,,,
,,3878,8.439682278549299e-05,,,,
,,3879,0.0011119934497401118,,,,
,,3880,0.00031826732447370887,,,,
,,3881,5.568874257733114e-05,,,,
,,3882,0.00254797819070518,,,,
,,3883,0.0001519932848168537,,,,
,,3884,0.0007776949787512422,,,,
,,3885,0.00015548360534012318,,,,
,,3886,0.000740267219953239,,,,
,,3887,0.00027602791669778526,,,,
,,3888,0.00032093358458951116,,,,
,,3889,0.00034073699498549104,,,,
,,3890,0.001144164358265698,,,,
,,3891,0.00021721307712141424,,,,
,,3892,0.00011617904965532944,,,,
,,3893,0.005291112698614597,,,,
,,3894,0.0008410713635385036,,,,
,,3895,0.0006128546665422618,,,,
,,3896,0.0005831726593896747,,,,
,,3897,0.00015519896987825632,,,,
,,3898,5.901762415305711e-05,,,,
,,3899,0.00015322565741371363,,,,
,,3900,0.0016768235946074128,,,,
,,3901,0.01712007448077202,,,,
,,3902,0.057361144572496414,,,,
,,3903,0.0025787330232560635,,,,
,,3904,0.025954030454158783,,,,
,,3905,0.004050617106258869,,,,
,,3906,0.0022410524543374777,,,,
,,3907,0.015656914561986923,,,,
,,3908,0.004895151127129793,,,,
,,3909,0.03512413054704666,,,,
,,3910,0.012881805188953876,,,,
,,3911,0.006442812737077475,,,,
,,3912,0.023656874895095825,,,,
,,3913,0.0071907686069607735,,,,
,,3914,0.0019065729575231671,,,,
,,3915,0.011789572425186634,,,,
,,3916,0.00018790234753396362,,,,
,,3917,0.00010856358130695298,,,,
,,3918,0.09688559174537659,,,,
,,3919,0.0006042557652108371,,,,
,,3920,0.04059412702918053,,,,
,,3921,0.00044491796870715916,,,,
,,3922,0.00033230066765099764,,,,
,,3923,0.002223608549684286,,,,
,,3924,0.004401115234941244,,,,
,,3925,0.0010555958142504096,,,,
,,3926,0.0013426693622022867,,,,
,,3927,0.0018258446361869574,,,,
,,3928,0.028106991201639175,,,,
,,3929,0.00018295155314262956,,,,
,,3930,0.00023839861387386918,,,,
,,3931,0.0012158831814303994,,,,
,,3932,0.000257306732237339,,,,
,,3933,0.0001676530227996409,,,,
,,3934,0.0055787088349461555,,,,
,,3935,0.00047269632341340184,,,,
,,3936,0.0011687694350257516,,,,
,,3937,0.00143156829290092,,,,
,,3938,0.00019221148977521807,,,,
,,3939,0.0007759489817544818,,,,
,,3940,0.00043090368853881955,,,,
,,3941,0.000988975283689797,,,,
,,3942,7.206187001429498e-05,,,,
,,3943,0.00016223994316533208,,,,
,,3944,0.0004994998453184962,,,,
,,3945,0.00012102505570510402,,,,
,,3946,0.00032271892996504903,,,,
,,3947,0.00017937578377313912,,,,
,,3948,0.00012559695460367948,,,,
,,3949,0.00035468488931655884,,,,
,,3950,0.0011249891249462962,,,,
,,3951,0.0019734741654247046,,,,
,,3952,0.0008080305997282267,,,,
,,3953,0.0010175713105127215,,,,
,,3954,0.0003190904390066862,,,,
,,3955,0.0004456944880075753,,,,
,,3956,0.0002312666765647009,,,,
,,3957,0.00013129954459145665,,,,
,,3958,0.0005818360368721187,,,,
,,3959,8.377907215617597e-05,,,,
,,3960,0.0004320121952332556,,,,
,,3961,0.22690699994564056,,,,
,,3962,7.34770655981265e-05,,,,
,,3963,0.0011632752139121294,,,,
,,3964,0.00017086570733226836,,,,
,,3965,6.552971171913669e-05,,,,
,,3966,0.0010463398648425937,,,,
,,3967,0.000715006550308317,,,,
,,3968,4.4280208385316655e-05,,,,
,,3969,0.023785436525940895,,,,
,,3970,0.003967153839766979,,,,
,,3971,3.851084693451412e-05,,,,
,,3972,0.0004673174989875406,,,,
,,3973,0.000181661918759346,,,,
,,3974,0.0027618648018687963,,,,
,,3975,0.0007404153584502637,,,,
,,3976,0.0026359055191278458,,,,
,,3977,0.0004916151519864798,,,,
,,3978,0.0003929166996385902,,,,
,,3979,0.001028002006933093,,,,
,,3980,0.0036175318527966738,,,,
,,3981,0.00023250012600328773,,,,
,,3982,0.006964703090488911,,,,
,,3983,0.0002145835751434788,,,,
,,3984,0.0005196415586397052,,,,
,,3985,9.919764852384105e-05,,,,
,,3986,0.0014047713484615088,,,,
,,3987,0.00013898070028517395,,,,
,,3988,0.0001951812591869384,,,,
,,3989,0.00018122108303941786,,,,
,,3990,0.00018049965729005635,,,,
,,3991,0.0002469670434948057,,,,
7,,3991,,0.006854953244328499,,,
7,,3991,,,0.9719439148902893,0.9759519100189209,0.01710648089647293
8,0.08791936933994293,3992,,,,,
8,0.0014981480780988932,3993,,,,,
8,0.22516997158527374,3994,,,,,
8,0.03550995886325836,3995,,,,,
8,0.002692129462957382,3996,,,,,
8,0.00891711562871933,3997,,,,,
8,0.05967845767736435,3998,,,,,
8,0.0012767775915563107,3999,,,,,
8,0.000866795307956636,4000,,,,,
8,0.003995759412646294,4001,,,,,
8,0.0008638768922537565,4002,,,,,
8,0.0008430983289144933,4003,,,,,
8,0.0008070052717812359,4004,,,,,
8,0.009237346239387989,4005,,,,,
8,0.002229704987257719,4006,,,,,
8,0.11094039678573608,4007,,,,,
8,0.007042123470455408,4008,,,,,
8,0.0011770466808229685,4009,,,,,
8,0.006400139536708593,4010,,,,,
8,0.007435616571456194,4011,,,,,
8,0.052987001836299896,4012,,,,,
8,0.0012681549414992332,4013,,,,,
8,0.0017765237716957927,4014,,,,,
8,0.03562185913324356,4015,,,,,
8,0.020259952172636986,4016,,,,,
8,0.026603281497955322,4017,,,,,
8,0.004138751421123743,4018,,,,,
8,0.004051669035106897,4019,,,,,
8,0.014100744388997555,4020,,,,,
8,0.0016064001247286797,4021,,,,,
8,0.02786288969218731,4022,,,,,
8,0.002889954252168536,4023,,,,,
8,0.0009423229494132102,4024,,,,,
8,0.015723267570137978,4025,,,,,
8,0.003544609295204282,4026,,,,,
8,0.0009431816870346665,4027,,,,,
8,0.0016738614067435265,4028,,,,,
8,0.01467207446694374,4029,,,,,
8,0.0010368803050369024,4030,,,,,
8,0.0001498455530963838,4031,,,,,
8,0.00041026074904948473,4032,,,,,
8,0.02752196416258812,4033,,,,,
8,0.004773425869643688,4034,,,,,
8,0.001562978606671095,4035,,,,,
8,0.00031485373619943857,4036,,,,,
8,0.007236744277179241,4037,,,,,
8,0.000476063578389585,4038,,,,,
8,0.007795682176947594,4039,,,,,
8,0.00022533853189088404,4040,,,,,
8,0.0022062999196350574,4041,,,,,
8,4.267843542038463e-05,4042,,,,,
8,0.0012483219616115093,4043,,,,,
8,0.0011310299159958959,4044,,,,,
8,0.009232181124389172,4045,,,,,
8,0.00012595376756507903,4046,,,,,
8,0.00026412028819322586,4047,,,,,
8,0.00010609949822537601,4048,,,,,
8,8.286767115350813e-05,4049,,,,,
8,0.06301792711019516,4050,,,,,
8,0.004135370720177889,4051,,,,,
8,0.000242227062699385,4052,,,,,
8,0.0015418047551065683,4053,,,,,
8,0.0026936898939311504,4054,,,,,
8,0.0005630225059576333,4055,,,,,
8,0.0003271443711128086,4056,,,,,
8,8.462563710054383e-05,4057,,,,,
8,0.006645637564361095,4058,,,,,
8,0.0010389930102974176,4059,,,,,
8,5.81771855650004e-05,4060,,,,,
8,0.00037611345760524273,4061,,,,,
8,0.003863772377371788,4062,,,,,
8,0.00073296541813761,4063,,,,,
8,0.000675888906698674,4064,,,,,
8,0.00021378666860982776,4065,,,,,
8,0.002376559656113386,4066,,,,,
8,0.10984507203102112,4067,,,,,
8,0.004045300185680389,4068,,,,,
8,4.3917145376326516e-05,4069,,,,,
8,1.325774246652145e-05,4070,,,,,
8,8.853382314555347e-05,4071,,,,,
8,0.00044994993368163705,4072,,,,,
8,0.00020082807168364525,4073,,,,,
8,0.00018505069601815194,4074,,,,,
8,0.0007345383055508137,4075,,,,,
8,5.484998837346211e-05,4076,,,,,
8,0.029377145692706108,4077,,,,,
8,0.0001775164855644107,4078,,,,,
8,0.013103296048939228,4079,,,,,
8,0.004150341264903545,4080,,,,,
8,0.0010691937059164047,4081,,,,,
8,3.518394805723801e-05,4082,,,,,
8,0.0020017223432660103,4083,,,,,
8,0.0001751679665176198,4084,,,,,
8,0.0007348149665631354,4085,,,,,
8,0.01052498072385788,4086,,,,,
8,0.04083409160375595,4087,,,,,
8,0.005270521156489849,4088,,,,,
8,0.0005737460451200604,4089,,,,,
8,0.0004354427510406822,4090,,,,,
8,0.0003007745835930109,4091,,,,,
8,0.00055253243772313,4092,,,,,
8,0.00010364232730353251,4093,,,,,
8,5.396600681706332e-05,4094,,,,,
8,0.0002090728230541572,4095,,,,,
8,0.00021830806508660316,4096,,,,,
8,0.007866705767810345,4097,,,,,
8,0.006455890368670225,4098,,,,,
8,0.00047123435069806874,4099,,,,,
8,0.01001934427767992,4100,,,,,
8,0.001800147583708167,4101,,,,,
8,0.0006621149368584156,4102,,,,,
8,0.00017149772611446679,4103,,,,,
8,6.448303611250594e-05,4104,,,,,
8,0.003038708819076419,4105,,,,,
8,0.10155851393938065,4106,,,,,
8,0.00024217904137913138,4107,,,,,
8,0.0005157509003765881,4108,,,,,
8,0.0011159861460328102,4109,,,,,
8,0.00011313689174130559,4110,,,,,
8,0.00011371819709893316,4111,,,,,
8,0.00012966107169631869,4112,,,,,
8,0.0022189232986420393,4113,,,,,
8,0.0003010737127624452,4114,,,,,
8,0.0004117898643016815,4115,,,,,
8,0.006831774488091469,4116,,,,,
8,0.02495414949953556,4117,,,,,
8,0.00010043010843219236,4118,,,,,
8,0.012568486854434013,4119,,,,,
8,0.00015541902394033968,4120,,,,,
8,0.00015285640256479383,4121,,,,,
8,0.00033708507544361055,4122,,,,,
8,0.3787250220775604,4123,,,,,
8,0.00038823153590783477,4124,,,,,
8,0.016827736049890518,4125,,,,,
8,0.00021757351350970566,4126,,,,,
8,0.0006886638002470136,4127,,,,,
8,0.0003849953063763678,4128,,,,,
8,5.6497807236155495e-05,4129,,,,,
8,0.002759636612609029,4130,,,,,
8,2.213557127106469e-05,4131,,,,,
8,0.00936842616647482,4132,,,,,
8,0.0009190614218823612,4133,,,,,
8,0.004230270627886057,4134,,,,,
8,0.0005082263960503042,4135,,,,,
8,0.000276893813861534,4136,,,,,
8,0.0004709682543762028,4137,,,,,
8,0.00038024524110369384,4138,,,,,
8,0.0001860443881014362,4139,,,,,
8,0.017893915995955467,4140,,,,,
8,0.0036103602033108473,4141,,,,,
8,0.2580772638320923,4142,,,,,
8,0.007793239317834377,4143,,,,,
8,0.0016882697818800807,4144,,,,,
8,0.002904096618294716,4145,,,,,
8,0.004281971137970686,4146,,,,,
8,0.0009675943874754012,4147,,,,,
8,0.0009814468212425709,4148,,,,,
8,0.0013943261001259089,4149,,,,,
8,0.0007426364463753998,4150,,,,,
8,0.00014448602451011539,4151,,,,,
8,0.001134825753979385,4152,,,,,
8,0.0019383934559300542,4153,,,,,
8,0.0018377694068476558,4154,,,,,
8,0.0002804744872264564,4155,,,,,
8,0.0006916743004694581,4156,,,,,
8,0.0041530863381922245,4157,,,,,
8,0.00440639303997159,4158,,,,,
8,7.92385617387481e-05,4159,,,,,
8,0.12669983506202698,4160,,,,,
8,0.00706091895699501,4161,,,,,
8,0.0011743053328245878,4162,,,,,
8,0.0010929983109235764,4163,,,,,
8,0.000940702564548701,4164,,,,,
8,0.0017955624498426914,4165,,,,,
8,0.0005313600413501263,4166,,,,,
8,0.001955007901415229,4167,,,,,
8,0.00043325262959115207,4168,,,,,
8,0.00010958460188703611,4169,,,,,
8,0.00812417920678854,4170,,,,,
8,0.002904504770413041,4171,,,,,
8,0.0014055577339604497,4172,,,,,
8,0.1648080050945282,4173,,,,,
8,0.0002498017274774611,4174,,,,,
8,0.001422172412276268,4175,,,,,
8,0.0006367401219904423,4176,,,,,
8,0.00020493741612881422,4177,,,,,
8,0.00017466909775976092,4178,,,,,
8,0.0005396421765908599,4179,,,,,
8,0.0007320309523493052,4180,,,,,
8,0.004412881564348936,4181,,,,,
8,0.002134571550413966,4182,,,,,
8,8.161789446603507e-05,4183,,,,,
8,0.0013011390110477805,4184,,,,,
8,0.02619229629635811,4185,,,,,
8,0.00039603657205589116,4186,,,,,
8,0.00022664412972517312,4187,,,,,
8,0.00017737220332492143,4188,,,,,
8,0.0012064420152455568,4189,,,,,
8,0.0011760800844058394,4190,,,,,
8,0.0248789731413126,4191,,,,,
8,0.00018450994684826583,4192,,,,,
8,0.0002552172227296978,4193,,,,,
8,0.0011063708225265145,4194,,,,,
8,0.0003519360616337508,4195,,,,,
8,0.0003260872617829591,4196,,,,,
8,0.0008082100539468229,4197,,,,,
8,0.0831318125128746,4198,,,,,
8,0.0013593334006145597,4199,,,,,
8,0.002245230134576559,4200,,,,,
8,0.037239156663417816,4201,,,,,
8,0.00423977617174387,4202,,,,,
8,0.0003944592026527971,4203,,,,,
8,0.07683771848678589,4204,,,,,
8,0.3272274434566498,4205,,,,,
8,0.0005204789340496063,4206,,,,,
8,0.0011614490067586303,4207,,,,,
8,0.00013306818436831236,4208,,,,,
8,0.0024989622179418802,4209,,,,,
8,0.008843539282679558,4210,,,,,
8,0.0005280416808091104,4211,,,,,
8,0.0019330718787387013,4212,,,,,
8,0.00031184390536509454,4213,,,,,
8,0.004248120356351137,4214,,,,,
8,0.001132023986428976,4215,,,,,
8,0.001350912731140852,4216,,,,,
8,0.019154679030179977,4217,,,,,
8,0.00044933598837815225,4218,,,,,
8,0.004351815674453974,4219,,,,,
8,0.002240236848592758,4220,,,,,
8,0.0013543026288971305,4221,,,,,
8,0.006972328294068575,4222,,,,,
8,0.00033848045859485865,4223,,,,,
8,0.0021765518467873335,4224,,,,,
8,0.01747753843665123,4225,,,,,
8,0.001035149092786014,4226,,,,,
8,0.00044537748908624053,4227,,,,,
8,0.02168050780892372,4228,,,,,
8,0.04044247046113014,4229,,,,,
8,0.02056124247610569,4230,,,,,
8,0.008565409108996391,4231,,,,,
8,0.00224546086974442,4232,,,,,
8,0.04044728726148605,4233,,,,,
8,0.007710335310548544,4234,,,,,
8,0.0011556277750059962,4235,,,,,
8,0.05926118046045303,4236,,,,,
8,0.061192601919174194,4237,,,,,
8,0.0037381586153060198,4238,,,,,
8,0.011603442020714283,4239,,,,,
8,0.0019096795003861189,4240,,,,,
8,0.00057589216157794,4241,,,,,
8,0.06388158351182938,4242,,,,,
8,0.000395186769310385,4243,,,,,
8,0.006682752165943384,4244,,,,,
8,0.0050454773008823395,4245,,,,,
8,0.0010268380865454674,4246,,,,,
8,0.0019496771274134517,4247,,,,,
8,0.03972078487277031,4248,,,,,
8,0.01233412604779005,4249,,,,,
8,0.004909566603600979,4250,,,,,
8,0.00047264163731597364,4251,,,,,
8,0.018753591924905777,4252,,,,,
8,0.0014337438624352217,4253,,,,,
8,0.002971000736579299,4254,,,,,
8,0.003925438970327377,4255,,,,,
8,0.00043064026976935565,4256,,,,,
8,8.944160799728706e-05,4257,,,,,
8,0.0013010641559958458,4258,,,,,
8,0.00012203975347802043,4259,,,,,
8,0.0006015546387061477,4260,,,,,
8,0.005480077583342791,4261,,,,,
8,0.0021584569476544857,4262,,,,,
8,0.0006087715155445039,4263,,,,,
8,0.018087198957800865,4264,,,,,
8,0.0008816003100946546,4265,,,,,
8,7.042808283586055e-05,4266,,,,,
8,0.004755939356982708,4267,,,,,
8,0.00026419368805363774,4268,,,,,
8,9.218051854986697e-05,4269,,,,,
8,0.0004721871518995613,4270,,,,,
8,7.658744289074093e-05,4271,,,,,
8,0.0006602653302252293,4272,,,,,
8,9.575374861015007e-05,4273,,,,,
8,0.0005237400764599442,4274,,,,,
8,0.0005700982874259353,4275,,,,,
8,0.001093725673854351,4276,,,,,
8,0.00012118701124563813,4277,,,,,
8,0.0072657582350075245,4278,,,,,
8,0.0001500453072367236,4279,,,,,
8,0.00021195314184296876,4280,,,,,
8,0.0011452754260972142,4281,,,,,
8,0.00021261592337395996,4282,,,,,
8,0.0003042963217012584,4283,,,,,
8,0.0026612509973347187,4284,,,,,
8,8.34839665913023e-05,4285,,,,,
8,0.01885271817445755,4286,,,,,
8,0.00022108717530500144,4287,,,,,
8,3.077280052821152e-05,4288,,,,,
8,5.4140473366715014e-05,4289,,,,,
8,0.03636461868882179,4290,,,,,
8,0.0013142680982127786,4291,,,,,
8,0.0002064500149572268,4292,,,,,
8,0.0006104485364630818,4293,,,,,
8,0.0008934179204516113,4294,,,,,
8,0.03404559940099716,4295,,,,,
8,0.06462579220533371,4296,,,,,
8,0.0005942618008702993,4297,,,,,
8,0.0011443125549703836,4298,,,,,
8,0.013270178809762001,4299,,,,,
8,0.004340341780334711,4300,,,,,
8,1.538759534014389e-05,4301,,,,,
8,0.00030956201953813434,4302,,,,,
8,0.0013467931421473622,4303,,,,,
8,0.0006735915085300803,4304,,,,,
8,4.8480658733751625e-05,4305,,,,,
8,4.5378797949524596e-05,4306,,,,,
8,0.02713252417743206,4307,,,,,
8,0.0005375206237658858,4308,,,,,
8,0.009791849181056023,4309,,,,,
8,3.5831122659146786e-05,4310,,,,,
8,0.037870731204748154,4311,,,,,
8,6.21031504124403e-05,4312,,,,,
8,0.04480299726128578,4313,,,,,
8,0.27661773562431335,4314,,,,,
8,0.00010436675074743107,4315,,,,,
8,0.00021122711768839508,4316,,,,,
8,0.08601569384336472,4317,,,,,
8,0.004551663063466549,4318,,,,,
8,4.292136509320699e-05,4319,,,,,
8,5.81351705477573e-05,4320,,,,,
8,0.000921656668651849,4321,,,,,
8,0.017267171293497086,4322,,,,,
8,0.00029186473693698645,4323,,,,,
8,0.0013579066144302487,4324,,,,,
8,0.00017072692571673542,4325,,,,,
8,0.26703783869743347,4326,,,,,
8,0.03967764973640442,4327,,,,,
8,0.07185201346874237,4328,,,,,
8,0.00022298889234662056,4329,,,,,
8,0.002669303910806775,4330,,,,,
8,0.00647761020809412,4331,,,,,
8,0.000143158933497034,4332,,,,,
8,0.011720903217792511,4333,,,,,
8,0.05778725445270538,4334,,,,,
8,0.0023892938625067472,4335,,,,,
8,0.03186604380607605,4336,,,,,
8,0.0034221902024000883,4337,,,,,
8,0.02695687673985958,4338,,,,,
8,0.0012638118350878358,4339,,,,,
8,0.0001685861498117447,4340,,,,,
8,0.031120479106903076,4341,,,,,
8,0.0064468602649867535,4342,,,,,
8,0.054200030863285065,4343,,,,,
8,0.0011539211263880134,4344,,,,,
8,0.0003499392478261143,4345,,,,,
8,0.00029254367109388113,4346,,,,,
8,0.13100887835025787,4347,,,,,
8,0.022075073793530464,4348,,,,,
8,0.02339002676308155,4349,,,,,
8,0.018435800448060036,4350,,,,,
8,0.0001265378959942609,4351,,,,,
8,0.036307357251644135,4352,,,,,
8,0.00018690830620471388,4353,,,,,
8,0.41926926374435425,4354,,,,,
8,0.0005711981793865561,4355,,,,,
8,0.0017947235610336065,4356,,,,,
8,0.0003132999991066754,4357,,,,,
8,0.006253544241189957,4358,,,,,
8,0.0034910780377686024,4359,,,,,
8,0.12806275486946106,4360,,,,,
8,0.014429035596549511,4361,,,,,
8,0.0007002580678090453,4362,,,,,
8,0.005206022411584854,4363,,,,,
8,0.0053737228736281395,4364,,,,,
8,0.006422682199627161,4365,,,,,
8,0.005107612814754248,4366,,,,,
8,0.0007847638335078955,4367,,,,,
8,0.002566281007602811,4368,,,,,
8,0.02589999884366989,4369,,,,,
8,0.004302889108657837,4370,,,,,
8,0.03376621752977371,4371,,,,,
8,0.010649348609149456,4372,,,,,
8,0.0030858826357871294,4373,,,,,
8,0.002358826110139489,4374,,,,,
8,0.008131134323775768,4375,,,,,
8,0.038083065301179886,4376,,,,,
8,0.002382588805630803,4377,,,,,
8,0.001080586458556354,4378,,,,,
8,0.0034597788471728563,4379,,,,,
8,0.0033868434838950634,4380,,,,,
8,0.017665790393948555,4381,,,,,
8,0.01581575535237789,4382,,,,,
8,0.010176802054047585,4383,,,,,
8,0.0012998514575883746,4384,,,,,
8,0.01263521984219551,4385,,,,,
8,0.001979443710297346,4386,,,,,
8,0.015932342037558556,4387,,,,,
8,0.0004792785330209881,4388,,,,,
8,0.0009097220026887953,4389,,,,,
8,0.0012447657063603401,4390,,,,,
8,0.00097340636420995,4391,,,,,
8,0.00024503612075932324,4392,,,,,
8,0.33677008748054504,4393,,,,,
8,0.000235129235079512,4394,,,,,
8,0.00040865899063646793,4395,,,,,
8,0.01948132924735546,4396,,,,,
8,0.00048299378249794245,4397,,,,,
8,0.012468974106013775,4398,,,,,
8,0.001816209522075951,4399,,,,,
8,0.00013085248065181077,4400,,,,,
8,0.000392976391594857,4401,,,,,
8,0.003761387662962079,4402,,,,,
8,0.0016293261433020234,4403,,,,,
8,0.003242840990424156,4404,,,,,
8,0.00017336377641186118,4405,,,,,
8,0.002431865781545639,4406,,,,,
8,0.005996540188789368,4407,,,,,
8,0.0017458994407206774,4408,,,,,
8,0.00046500563621520996,4409,,,,,
8,0.0008821195806376636,4410,,,,,
8,0.00042068533366546035,4411,,,,,
8,0.0014578269328922033,4412,,,,,
8,0.08434705436229706,4413,,,,,
8,0.002731252694502473,4414,,,,,
8,0.04455053061246872,4415,,,,,
8,0.008639260195195675,4416,,,,,
8,0.00021356632350943983,4417,,,,,
8,0.23778526484966278,4418,,,,,
8,0.03852198272943497,4419,,,,,
8,0.005992787424474955,4420,,,,,
8,0.09111347794532776,4421,,,,,
8,0.011678888462483883,4422,,,,,
8,0.08133047819137573,4423,,,,,
8,0.058508921414613724,4424,,,,,
8,0.00038432551082223654,4425,,,,,
8,0.000375654170056805,4426,,,,,
8,0.000188205303857103,4427,,,,,
8,0.0018520752200856805,4428,,,,,
8,0.0007873956928960979,4429,,,,,
8,0.1500914990901947,4430,,,,,
8,0.0008882331312634051,4431,,,,,
8,0.0005040381220169365,4432,,,,,
8,0.0010437301825731993,4433,,,,,
8,0.0008177836425602436,4434,,,,,
8,0.001271057059057057,4435,,,,,
8,0.03262757509946823,4436,,,,,
8,0.005260051228106022,4437,,,,,
8,0.0014734002761542797,4438,,,,,
8,0.0012161447666585445,4439,,,,,
8,0.022997288033366203,4440,,,,,
8,0.00014439734513871372,4441,,,,,
8,0.0002951310307253152,4442,,,,,
8,0.007747624535113573,4443,,,,,
8,0.001093139755539596,4444,,,,,
8,0.002170857973396778,4445,,,,,
8,0.00020453995966818184,4446,,,,,
8,0.0003755497164092958,4447,,,,,
8,0.013050596229732037,4448,,,,,
8,0.0014939196407794952,4449,,,,,
8,0.001637959503568709,4450,,,,,
8,0.0024035603273659945,4451,,,,,
8,0.0011992580257356167,4452,,,,,
8,0.008063085377216339,4453,,,,,
8,0.0005525059532374144,4454,,,,,
8,0.003376227105036378,4455,,,,,
8,0.0037555829621851444,4456,,,,,
8,0.004389691632241011,4457,,,,,
8,0.0003455165133345872,4458,,,,,
8,0.005121929105371237,4459,,,,,
8,0.0007123503019101918,4460,,,,,
8,0.016034120693802834,4461,,,,,
8,0.0008377786143682897,4462,,,,,
8,0.02352335676550865,4463,,,,,
8,0.005112905986607075,4464,,,,,
8,0.0009201583452522755,4465,,,,,
8,0.00016513201990164816,4466,,,,,
8,0.00020439279614947736,4467,,,,,
8,0.0024275979958474636,4468,,,,,
8,0.0002843847032636404,4469,,,,,
8,0.0013026713859289885,4470,,,,,
8,0.0011491978075355291,4471,,,,,
8,0.0025639634113758802,4472,,,,,
8,0.11752596497535706,4473,,,,,
8,0.00011585983156692237,4474,,,,,
8,0.00019707744650077075,4475,,,,,
8,0.036716528236866,4476,,,,,
8,0.1262490451335907,4477,,,,,
8,0.027025843039155006,4478,,,,,
8,0.12157560139894485,4479,,,,,
8,0.0012794031063094735,4480,,,,,
8,0.17606499791145325,4481,,,,,
8,0.09071168303489685,4482,,,,,
8,0.0009516555583104491,4483,,,,,
8,0.19691799581050873,4484,,,,,
8,0.002468615071848035,4485,,,,,
8,0.02125120908021927,4486,,,,,
8,0.006651004776358604,4487,,,,,
8,0.0038545432034879923,4488,,,,,
8,0.04430434852838516,4489,,,,,
8,0.01174788735806942,4490,,,,,
,,3992,0.00015141916810534894,,,,
,,3993,0.00016890464758034796,,,,
,,3994,5.10142017446924e-05,,,,
,,3995,0.0002390693116467446,,,,
,,3996,4.760052979690954e-05,,,,
,,3997,5.230979877524078e-05,,,,
,,3998,0.0003285114944446832,,,,
,,3999,0.0002013054327107966,,,,
,,4000,0.00010221283446298912,,,,
,,4001,7.969624130055308e-05,,,,
,,4002,0.0003635153698269278,,,,
,,4003,0.00027396215591579676,,,,
,,4004,4.8370991862611845e-05,,,,
,,4005,0.0003074192500207573,,,,
,,4006,0.00012247941049281508,,,,
,,4007,0.0013447210658341646,,,,
,,4008,0.00027982075698673725,,,,
,,4009,0.0023339514154940844,,,,
,,4010,6.021430453984067e-05,,,,
,,4011,0.00016079924535006285,,,,
,,4012,5.2889809012413025e-05,,,,
,,4013,5.851457535754889e-05,,,,
,,4014,0.00013166325516067445,,,,
,,4015,0.00048674922436475754,,,,
,,4016,0.0002625041815917939,,,,
,,4017,0.00033540790900588036,,,,
,,4018,0.0001084292380255647,,,,
,,4019,0.00021437623945530504,,,,
,,4020,4.0732691559242085e-05,,,,
,,4021,0.00015898968558758497,,,,
,,4022,0.0001133749756263569,,,,
,,4023,0.00034306567977182567,,,,
,,4024,8.914454519981518e-05,,,,
,,4025,0.0001848583051469177,,,,
,,4026,9.646683611208573e-05,,,,
,,4027,0.00018630402337294072,,,,
,,4028,7.261300197569653e-05,,,,
,,4029,4.98617191624362e-05,,,,
,,4030,0.0001146346257883124,,,,
,,4031,6.178793410072103e-05,,,,
,,4032,0.00034693945781327784,,,,
,,4033,0.00019335414981469512,,,,
,,4034,0.00012642618094105273,,,,
,,4035,0.015584003180265427,,,,
,,4036,0.0005453159101307392,,,,
,,4037,6.853177183074877e-05,,,,
,,4038,4.6124459913698956e-05,,,,
,,4039,0.0001672449434408918,,,,
,,4040,0.00016825023340061307,,,,
,,4041,8.161087316693738e-05,,,,
,,4042,8.968900510808453e-05,,,,
,,4043,0.0005232316325418651,,,,
,,4044,6.742476398358122e-05,,,,
,,4045,4.375786375021562e-05,,,,
,,4046,0.0001747705537127331,,,,
,,4047,9.004758612718433e-05,,,,
,,4048,0.00036617915611714125,,,,
,,4049,0.0001885921519715339,,,,
,,4050,0.00014705928333569318,,,,
,,4051,0.00010803191253216937,,,,
,,4052,0.00010132246097782627,,,,
,,4053,3.2218820706475526e-05,,,,
,,4054,4.749776780954562e-05,,,,
,,4055,8.293594873975962e-05,,,,
,,4056,0.00015366697334684432,,,,
,,4057,6.0371257859515026e-05,,,,
,,4058,0.00026254099793732166,,,,
,,4059,0.00014031975297257304,,,,
,,4060,0.00012213164882268757,,,,
,,4061,0.02997860498726368,,,,
,,4062,0.000575260492041707,,,,
,,4063,0.00015886143955867738,,,,
,,4064,0.0006265693809837103,,,,
,,4065,0.00014526591985486448,,,,
,,4066,0.003157219151034951,,,,
,,4067,0.00012552749831229448,,,,
,,4068,0.00017030119488481432,,,,
,,4069,6.126216612756252e-05,,,,
,,4070,7.77262685005553e-05,,,,
,,4071,9.811123163672164e-05,,,,
,,4072,0.00015867248293943703,,,,
,,4073,0.00010378815932199359,,,,
,,4074,7.925330282887444e-05,,,,
,,4075,0.04090004041790962,,,,
,,4076,0.0001829929678933695,,,,
,,4077,5.444385533337481e-05,,,,
,,4078,9.964672062778845e-05,,,,
,,4079,8.83121247170493e-05,,,,
,,4080,9.672894520917907e-05,,,,
,,4081,0.00013147263962309808,,,,
,,4082,0.00010859948815777898,,,,
,,4083,0.00021503298194147646,,,,
,,4084,0.0002141355798812583,,,,
,,4085,4.4059248466510326e-05,,,,
,,4086,0.038489121943712234,,,,
,,4087,0.004058018792420626,,,,
,,4088,0.00018896666006185114,,,,
,,4089,0.00026991020422428846,,,,
,,4090,0.6134741306304932,,,,
,,4091,0.00012087378854630515,,,,
,,4092,0.000643315666820854,,,,
,,4093,7.27826336515136e-05,,,,
,,4094,5.312278517521918e-05,,,,
,,4095,7.03735277056694e-05,,,,
,,4096,9.286437853006646e-05,,,,
,,4097,0.00035302789183333516,,,,
,,4098,9.326331928605214e-05,,,,
,,4099,6.208351987879723e-05,,,,
,,4100,0.00016569682338740677,,,,
,,4101,0.0005412182654254138,,,,
,,4102,0.0008557068067602813,,,,
,,4103,5.5160118790809065e-05,,,,
,,4104,7.016496965661645e-05,,,,
,,4105,0.00011390059080440551,,,,
,,4106,9.122273331740871e-05,,,,
,,4107,0.00013358164869714528,,,,
,,4108,0.0001430016418453306,,,,
,,4109,0.00021205292432568967,,,,
,,4110,3.012446359207388e-05,,,,
,,4111,0.0001602820702828467,,,,
,,4112,9.373088687425479e-05,,,,
,,4113,0.0036216701846569777,,,,
,,4114,0.0003073216648772359,,,,
,,4115,0.00023449445143342018,,,,
,,4116,9.227114060195163e-05,,,,
,,4117,0.00020182995649520308,,,,
,,4118,7.150304008973762e-05,,,,
,,4119,6.476908311014995e-05,,,,
,,4120,7.108243880793452e-05,,,,
,,4121,0.0001388573436997831,,,,
,,4122,0.0001152710392489098,,,,
,,4123,0.00020850662258453667,,,,
,,4124,9.837506513576955e-05,,,,
,,4125,0.0006200806819833815,,,,
,,4126,8.6621665104758e-05,,,,
,,4127,8.039738895604387e-05,,,,
,,4128,0.0002196108252974227,,,,
,,4129,7.3060771683231e-05,,,,
,,4130,0.00013331134687177837,,,,
,,4131,7.24819183233194e-05,,,,
,,4132,0.00017430726438760757,,,,
,,4133,0.00033781802630983293,,,,
,,4134,4.165798964095302e-05,,,,
,,4135,3.737807128345594e-05,,,,
,,4136,0.38524118065834045,,,,
,,4137,7.599951641168445e-05,,,,
,,4138,0.00017384820966981351,,,,
,,4139,0.013948771171271801,,,,
,,4140,0.0002636302087921649,,,,
,,4141,5.9778645663755015e-05,,,,
,,4142,4.0352417272515595e-05,,,,
,,4143,0.00015255376638378948,,,,
,,4144,7.18984374543652e-05,,,,
,,4145,0.0001423054200131446,,,,
,,4146,8.079613326117396e-05,,,,
,,4147,8.320307097164914e-05,,,,
,,4148,0.00010017764725489542,,,,
,,4149,0.00016481574857607484,,,,
,,4150,0.0001132609395426698,,,,
,,4151,5.525328015210107e-05,,,,
,,4152,0.0001251647772733122,,,,
,,4153,0.00011029571032850072,,,,
,,4154,0.0007345785852521658,,,,
,,4155,0.0003535604919306934,,,,
,,4156,0.34234750270843506,,,,
,,4157,8.677452569827437e-05,,,,
,,4158,0.00012522481847554445,,,,
,,4159,7.184503192547709e-05,,,,
,,4160,7.292271766345948e-05,,,,
,,4161,8.258951856987551e-05,,,,
,,4162,0.00014342914801090956,,,,
,,4163,0.00013471489364746958,,,,
,,4164,9.440782741876319e-05,,,,
,,4165,0.0005151351215317845,,,,
,,4166,0.008352601900696754,,,,
,,4167,0.025168782100081444,,,,
,,4168,5.461517866933718e-05,,,,
,,4169,5.8854780945694074e-05,,,,
,,4170,0.0001043563024722971,,,,
,,4171,8.861846436047927e-05,,,,
,,4172,0.0002959037374239415,,,,
,,4173,9.17539291549474e-05,,,,
,,4174,9.001087892102078e-05,,,,
,,4175,0.00015955671551637352,,,,
,,4176,5.291922207106836e-05,,,,
,,4177,0.00012627523392438889,,,,
,,4178,0.00013474453589878976,,,,
,,4179,0.0001559586962684989,,,,
,,4180,0.0001658347900956869,,,,
,,4181,0.0003390402998775244,,,,
,,4182,0.0003466311900410801,,,,
,,4183,0.000209264166187495,,,,
,,4184,9.369953477289528e-05,,,,
,,4185,4.222982170176692e-05,,,,
,,4186,7.848409586586058e-05,,,,
,,4187,5.546291504288092e-05,,,,
,,4188,0.0001790030801203102,,,,
,,4189,0.00021037095575593412,,,,
,,4190,6.607663817703724e-05,,,,
,,4191,0.00018871905922424048,,,,
,,4192,0.00032270688097923994,,,,
,,4193,0.024890389293432236,,,,
,,4194,5.142497320775874e-05,,,,
,,4195,0.0002122759906342253,,,,
,,4196,0.00022184774570632726,,,,
,,4197,8.675312710693106e-05,,,,
,,4198,9.961208706954494e-05,,,,
,,4199,0.00013141953968442976,,,,
,,4200,5.394652907853015e-05,,,,
,,4201,6.103336636442691e-05,,,,
,,4202,0.00014021448441781104,,,,
,,4203,0.0001354051346424967,,,,
,,4204,0.0003503214393276721,,,,
,,4205,0.0002119010459864512,,,,
,,4206,9.825781307881698e-05,,,,
,,4207,0.00010630403266986832,,,,
,,4208,5.2082450565649197e-05,,,,
,,4209,5.37148371222429e-05,,,,
,,4210,5.588457133853808e-05,,,,
,,4211,7.637390081072226e-05,,,,
,,4212,0.0001503005769336596,,,,
,,4213,6.645159737672657e-05,,,,
,,4214,0.00013256077363621444,,,,
,,4215,0.35857275128364563,,,,
,,4216,0.00025426072534173727,,,,
,,4217,3.8144939026096836e-05,,,,
,,4218,0.07276447862386703,,,,
,,4219,0.008070714771747589,,,,
,,4220,7.504125824198127e-05,,,,
,,4221,0.0002137086703442037,,,,
,,4222,8.100374543573707e-05,,,,
,,4223,0.0007138730143196881,,,,
,,4224,8.339861960848793e-05,,,,
,,4225,7.449657277902588e-05,,,,
,,4226,6.523112824652344e-05,,,,
,,4227,9.360560943605378e-05,,,,
,,4228,0.00020929814490955323,,,,
,,4229,9.104319178732112e-05,,,,
,,4230,0.00018158036982640624,,,,
,,4231,0.00013186644355300814,,,,
,,4232,0.00046214746544137597,,,,
,,4233,6.36088298051618e-05,,,,
,,4234,3.754183853743598e-05,,,,
,,4235,8.042449917411432e-05,,,,
,,4236,0.00015582505147904158,,,,
,,4237,0.0001082169110304676,,,,
,,4238,0.00018346680735703558,,,,
,,4239,6.643785309279338e-05,,,,
,,4240,0.00011404800170566887,,,,
,,4241,0.00013819664309266955,,,,
,,4242,2.9528253435273655e-05,,,,
,,4243,0.09235502034425735,,,,
,,4244,8.747998072067276e-05,,,,
,,4245,0.01404509600251913,,,,
,,4246,0.00014816454495303333,,,,
,,4247,7.661386189283803e-05,,,,
,,4248,0.0004542591923382133,,,,
,,4249,5.562541264225729e-05,,,,
,,4250,4.780705421580933e-05,,,,
,,4251,6.19690035819076e-05,,,,
,,4252,7.858837489038706e-05,,,,
,,4253,0.00010006010415963829,,,,
,,4254,0.00010401794133940712,,,,
,,4255,5.13048616994638e-05,,,,
,,4256,0.00029136010562069714,,,,
,,4257,0.00012720499944407493,,,,
,,4258,7.43443742976524e-05,,,,
,,4259,8.990969945443794e-05,,,,
,,4260,7.630437175976112e-05,,,,
,,4261,9.922948811436072e-05,,,,
,,4262,5.3314739488996565e-05,,,,
,,4263,9.485037298873067e-05,,,,
,,4264,0.000771021586842835,,,,
,,4265,5.408911238191649e-05,,,,
,,4266,3.4374748793197796e-05,,,,
,,4267,7.449639088008553e-05,,,,
,,4268,6.42291852273047e-05,,,,
,,4269,0.0001121948444051668,,,,
,,4270,0.0004003696667496115,,,,
,,4271,0.014460926875472069,,,,
,,4272,0.00010753527021734044,,,,
,,4273,0.0001558652293169871,,,,
,,4274,3.349049802636728e-05,,,,
,,4275,0.0001436886377632618,,,,
,,4276,0.0001335465640295297,,,,
,,4277,0.00013757309352513403,,,,
,,4278,7.947161793708801e-05,,,,
,,4279,0.000174735629116185,,,,
,,4280,0.0004895715392194688,,,,
,,4281,0.06480330228805542,,,,
,,4282,3.943265983252786e-05,,,,
,,4283,0.00022229267051443458,,,,
,,4284,7.826455112081021e-05,,,,
,,4285,0.00031442701583728194,,,,
,,4286,6.490287341875955e-05,,,,
,,4287,8.051428449107334e-05,,,,
,,4288,9.670061990618706e-05,,,,
,,4289,0.00021336703503038734,,,,
,,4290,0.000266541785094887,,,,
,,4291,4.4801032345276326e-05,,,,
,,4292,8.830751903587952e-05,,,,
,,4293,0.00014135501987766474,,,,
,,4294,0.00010607094009174034,,,,
,,4295,0.010295793414115906,,,,
,,4296,0.006958973594009876,,,,
,,4297,0.00012876230175606906,,,,
,,4298,4.665761298383586e-05,,,,
,,4299,0.00010069004201795906,,,,
,,4300,0.00010659560939529911,,,,
,,4301,0.00027709000278264284,,,,
,,4302,6.768200546503067e-05,,,,
,,4303,7.850827387301251e-05,,,,
,,4304,0.0009789878968149424,,,,
,,4305,0.0001888192055048421,,,,
,,4306,3.140744593110867e-05,,,,
,,4307,5.309702464728616e-05,,,,
,,4308,8.323763904627413e-05,,,,
,,4309,0.00014598589041270316,,,,
,,4310,0.0010070556309074163,,,,
,,4311,6.901621236465871e-05,,,,
,,4312,0.0007345167105086148,,,,
,,4313,0.0004603296983987093,,,,
,,4314,3.271164678153582e-05,,,,
,,4315,9.501665772404522e-05,,,,
,,4316,9.144542855210602e-05,,,,
,,4317,0.00012820184929296374,,,,
,,4318,0.0003165502566844225,,,,
,,4319,0.00012594183499459177,,,,
,,4320,0.00041633742512203753,,,,
,,4321,0.00012463315215427428,,,,
,,4322,0.057689230889081955,,,,
,,4323,0.00017057867080438882,,,,
,,4324,5.185904956306331e-05,,,,
,,4325,8.43345042085275e-05,,,,
,,4326,0.0001819765893742442,,,,
,,4327,5.925565346842632e-05,,,,
,,4328,7.402851042570546e-05,,,,
,,4329,0.00018258413183502853,,,,
,,4330,2.4970599042717367e-05,,,,
,,4331,0.00013125895929988474,,,,
,,4332,0.00012504227925091982,,,,
,,4333,0.0001363166666124016,,,,
,,4334,0.00023965389118529856,,,,
,,4335,6.38915880699642e-05,,,,
,,4336,0.0006894232938066125,,,,
,,4337,4.687811087933369e-05,,,,
,,4338,7.508716225856915e-05,,,,
,,4339,8.212735701818019e-05,,,,
,,4340,5.055083238403313e-05,,,,
,,4341,0.00015917189011815935,,,,
,,4342,0.00010937798651866615,,,,
,,4343,6.572072743438184e-05,,,,
,,4344,0.38723787665367126,,,,
,,4345,0.0002304612280568108,,,,
,,4346,3.148120595142245e-05,,,,
,,4347,0.018551360815763474,,,,
,,4348,0.0024329861626029015,,,,
,,4349,0.00019453081768006086,,,,
,,4350,7.355261914199218e-05,,,,
,,4351,8.083869761321694e-05,,,,
,,4352,6.26112669124268e-05,,,,
,,4353,0.04331059008836746,,,,
,,4354,4.71800631203223e-05,,,,
,,4355,4.284938040655106e-05,,,,
,,4356,7.128532888600603e-05,,,,
,,4357,7.076172914821655e-05,,,,
,,4358,0.00013943234807811677,,,,
,,4359,4.9494377890368924e-05,,,,
,,4360,0.00016710122872609645,,,,
,,4361,0.00022969188285060227,,,,
,,4362,5.613089524558745e-05,,,,
,,4363,3.923937401850708e-05,,,,
,,4364,5.96223289903719e-05,,,,
,,4365,9.029969805851579e-05,,,,
,,4366,0.00014915145584382117,,,,
,,4367,8.89803995960392e-05,,,,
,,4368,6.036835475242697e-05,,,,
,,4369,0.0001016085225273855,,,,
,,4370,3.9658330933889374e-05,,,,
,,4371,7.2603186708875e-05,,,,
,,4372,0.0004209736071061343,,,,
,,4373,0.07117767632007599,,,,
,,4374,0.0001441266795154661,,,,
,,4375,0.00039888228639028966,,,,
,,4376,0.00011803379311459139,,,,
,,4377,0.0003281820681877434,,,,
,,4378,7.128983270376921e-05,,,,
,,4379,0.0002154782705474645,,,,
,,4380,0.0001391471887473017,,,,
,,4381,8.81195446709171e-05,,,,
,,4382,0.00018086335330735892,,,,
,,4383,0.00035253018722869456,,,,
,,4384,0.0001288080820813775,,,,
,,4385,0.00014263515186030418,,,,
,,4386,0.00015497204731218517,,,,
,,4387,0.00033875490771606565,,,,
,,4388,0.0003944943891838193,,,,
,,4389,0.00010181961988564581,,,,
,,4390,0.00018260088108945638,,,,
,,4391,9.700342343421653e-05,,,,
,,4392,0.00018918950809165835,,,,
,,4393,0.0006863751914352179,,,,
,,4394,4.978484139428474e-05,,,,
,,4395,4.6090262912912294e-05,,,,
,,4396,0.00018559717864263803,,,,
,,4397,0.00015625545347575098,,,,
,,4398,0.00022384322073776275,,,,
,,4399,0.015150299295783043,,,,
,,4400,0.0008361703366972506,,,,
,,4401,0.00024360066163353622,,,,
,,4402,0.0004756901762448251,,,,
,,4403,4.2025996663141996e-05,,,,
,,4404,0.00039973927778191864,,,,
,,4405,0.00041865388629958034,,,,
,,4406,0.00024957465939223766,,,,
,,4407,0.00011052470654249191,,,,
,,4408,0.00010569742880761623,,,,
,,4409,0.00019160994270350784,,,,
,,4410,0.00021967143402434886,,,,
,,4411,7.397489389404655e-05,,,,
,,4412,0.0003147339739371091,,,,
,,4413,0.0001059064525179565,,,,
,,4414,0.0007031100103631616,,,,
,,4415,0.00014455588825512677,,,,
,,4416,7.979282236192375e-05,,,,
,,4417,4.637981328414753e-05,,,,
,,4418,0.00020199645950924605,,,,
,,4419,5.374636020860635e-05,,,,
,,4420,0.0002476091613061726,,,,
,,4421,0.00019028964743483812,,,,
,,4422,0.00017519383982289582,,,,
,,4423,0.027600012719631195,,,,
,,4424,0.00010354275582358241,,,,
,,4425,0.009113108739256859,,,,
,,4426,0.01273318100720644,,,,
,,4427,6.646532710874453e-05,,,,
,,4428,0.0004037533944938332,,,,
,,4429,0.0001495999313192442,,,,
,,4430,5.218613296165131e-05,,,,
,,4431,0.00022073138097766787,,,,
,,4432,0.00012352665362413973,,,,
,,4433,9.277924982598051e-05,,,,
,,4434,0.00021808280143886805,,,,
,,4435,4.71865241706837e-05,,,,
,,4436,4.961942613590509e-05,,,,
,,4437,6.683199171675369e-05,,,,
,,4438,0.00020577237592078745,,,,
,,4439,0.00016648902965243906,,,,
,,4440,0.0003605756792239845,,,,
,,4441,9.988560486817732e-05,,,,
,,4442,0.00018467058544047177,,,,
,,4443,3.5942353861173615e-05,,,,
,,4444,0.00014735649165231735,,,,
,,4445,8.069680916378275e-05,,,,
,,4446,0.00015459847054444253,,,,
,,4447,6.667723937425762e-05,,,,
,,4448,6.459527503466234e-05,,,,
,,4449,0.0002534849918447435,,,,
,,4450,0.00014972845383454114,,,,
,,4451,0.0004594963393174112,,,,
,,4452,0.0009041528683155775,,,,
,,4453,0.00015155009168665856,,,,
,,4454,0.0005520132253877819,,,,
,,4455,0.00016094550665002316,,,,
,,4456,0.0002766437828540802,,,,
,,4457,0.000387559732189402,,,,
,,4458,9.984036296373233e-05,,,,
,,4459,7.861262565711513e-05,,,,
,,4460,0.2731640040874481,,,,
,,4461,8.096476813079789e-05,,,,
,,4462,0.00013272714568302035,,,,
,,4463,0.00014561228454113007,,,,
,,4464,6.933232361916453e-05,,,,
,,4465,6.0317932366160676e-05,,,,
,,4466,0.00027426198357716203,,,,
,,4467,8.01807182142511e-05,,,,
,,4468,0.04406541958451271,,,,
,,4469,7.975346670718864e-05,,,,
,,4470,5.8371420891489834e-05,,,,
,,4471,0.00010686679888749495,,,,
,,4472,0.00015880264982115477,,,,
,,4473,0.000294640805805102,,,,
,,4474,0.0005645936471410096,,,,
,,4475,0.0450795516371727,,,,
,,4476,3.0408196835196577e-05,,,,
,,4477,0.0002463457058183849,,,,
,,4478,0.0003957195731345564,,,,
,,4479,9.077046706806868e-05,,,,
,,4480,0.00010616164945531636,,,,
,,4481,0.002949718153104186,,,,
,,4482,0.00032379545154981315,,,,
,,4483,9.851445065578446e-05,,,,
,,4484,0.00010564656258793548,,,,
,,4485,9.675152250565588e-05,,,,
,,4486,0.0001743918692227453,,,,
,,4487,0.00016882533964235336,,,,
,,4488,6.523205956909806e-05,,,,
,,4489,0.00022941877250559628,,,,
,,4490,0.0006609822739847004,,,,
8,,4490,,0.0065787117928266525,,,
8,,4490,,,0.9298596978187561,0.9398797750473022,0.016684409230947495
9,0.0017546967137604952,4491,,,,,
9,0.03104647807776928,4492,,,,,
9,0.01059387344866991,4493,,,,,
9,0.00180527800694108,4494,,,,,
9,0.00038361636688932776,4495,,,,,
9,0.0015018314588814974,4496,,,,,
9,0.0019002020126208663,4497,,,,,
9,0.004115008283406496,4498,,,,,
9,0.00031140929786488414,4499,,,,,
9,0.0005762829096056521,4500,,,,,
9,0.0019354101968929172,4501,,,,,
9,0.015559074468910694,4502,,,,,
9,0.0023780385963618755,4503,,,,,
9,0.004320498555898666,4504,,,,,
9,0.0008352078148163855,4505,,,,,
9,0.05453891679644585,4506,,,,,
9,0.017219826579093933,4507,,,,,
9,0.004120110534131527,4508,,,,,
9,0.001055157626979053,4509,,,,,
9,0.0022756895050406456,4510,,,,,
9,0.000232040518312715,4511,,,,,
9,0.14870217442512512,4512,,,,,
9,0.0004447641549631953,4513,,,,,
9,0.0008594929240643978,4514,,,,,
9,0.025916699320077896,4515,,,,,
9,0.0015785220311954618,4516,,,,,
9,0.0013918457552790642,4517,,,,,
9,0.0008326992974616587,4518,,,,,
9,0.003412456950172782,4519,,,,,
9,0.08849689364433289,4520,,,,,
9,0.004040183965116739,4521,,,,,
9,0.0017974196234717965,4522,,,,,
9,0.05714502930641174,4523,,,,,
9,0.0013142793904989958,4524,,,,,
9,0.0004297558043617755,4525,,,,,
9,0.0010630538454279304,4526,,,,,
9,0.0048391553573310375,4527,,,,,
9,0.0013048817636445165,4528,,,,,
9,0.031501468271017075,4529,,,,,
9,0.00339310010895133,4530,,,,,
9,0.00019437880837358534,4531,,,,,
9,0.04848727211356163,4532,,,,,
9,0.024910880252718925,4533,,,,,
9,0.008651720359921455,4534,,,,,
9,0.0050470768474042416,4535,,,,,
9,0.004629176575690508,4536,,,,,
9,0.00293267285451293,4537,,,,,
9,0.007304956670850515,4538,,,,,
9,0.002181102056056261,4539,,,,,
9,0.0003466865746304393,4540,,,,,
9,0.003717126790434122,4541,,,,,
9,0.00605778256431222,4542,,,,,
9,0.00044454261660575867,4543,,,,,
9,0.0005747443647123873,4544,,,,,
9,0.009308675304055214,4545,,,,,
9,0.0018696816405281425,4546,,,,,
9,0.0025603873655200005,4547,,,,,
9,0.0009175793384201825,4548,,,,,
9,0.016906796023249626,4549,,,,,
9,0.21597819030284882,4550,,,,,
9,0.0002896243240684271,4551,,,,,
9,0.001195584423840046,4552,,,,,
9,0.0003870889777317643,4553,,,,,
9,0.01090945117175579,4554,,,,,
9,0.0008369229617528617,4555,,,,,
9,0.0021266345866024494,4556,,,,,
9,0.0005210054223425686,4557,,,,,
9,0.0022845780476927757,4558,,,,,
9,0.007370895240455866,4559,,,,,
9,0.0009037342970259488,4560,,,,,
9,0.08309181779623032,4561,,,,,
9,0.0010883774375542998,4562,,,,,
9,0.09973851591348648,4563,,,,,
9,0.019922465085983276,4564,,,,,
9,0.017815038561820984,4565,,,,,
9,0.01784658618271351,4566,,,,,
9,0.12193981558084488,4567,,,,,
9,0.005221712868660688,4568,,,,,
9,0.0004113761824555695,4569,,,,,
9,0.0031198521610349417,4570,,,,,
9,0.0015291293384507298,4571,,,,,
9,0.009507430717349052,4572,,,,,
9,0.0005813923780806363,4573,,,,,
9,0.0034798544365912676,4574,,,,,
9,0.0025018048472702503,4575,,,,,
9,0.0047762226313352585,4576,,,,,
9,0.003220127895474434,4577,,,,,
9,0.018795259296894073,4578,,,,,
9,0.002451193518936634,4579,,,,,
9,0.0037847859784960747,4580,,,,,
9,0.0013807426439598203,4581,,,,,
9,0.02993261255323887,4582,,,,,
9,0.001635038759559393,4583,,,,,
9,0.0009784083813428879,4584,,,,,
9,0.16798758506774902,4585,,,,,
9,0.0005792879383079708,4586,,,,,
9,0.01683364063501358,4587,,,,,
9,0.0058295708149671555,4588,,,,,
9,0.003945359494537115,4589,,,,,
9,0.0038517145439982414,4590,,,,,
9,0.017791276797652245,4591,,,,,
9,0.0016183378174901009,4592,,,,,
9,0.005606843624264002,4593,,,,,
9,0.07489446550607681,4594,,,,,
9,0.043439313769340515,4595,,,,,
9,0.00033085321774706244,4596,,,,,
9,0.008974539116024971,4597,,,,,
9,0.0012842367868870497,4598,,,,,
9,0.0018721652450039983,4599,,,,,
9,0.027231771498918533,4600,,,,,
9,0.0013110332656651735,4601,,,,,
9,0.036322347819805145,4602,,,,,
9,0.001684861839748919,4603,,,,,
9,0.17986857891082764,4604,,,,,
9,0.0004935107426717877,4605,,,,,
9,0.0008670504903420806,4606,,,,,
9,0.011096738278865814,4607,,,,,
9,0.001040261471644044,4608,,,,,
9,0.0018950952216982841,4609,,,,,
9,0.0006929112714715302,4610,,,,,
9,0.0007521769148297608,4611,,,,,
9,0.034170836210250854,4612,,,,,
9,0.005971163976937532,4613,,,,,
9,0.005587040912359953,4614,,,,,
9,0.003523139050230384,4615,,,,,
9,0.0008080723928287625,4616,,,,,
9,0.0013851290568709373,4617,,,,,
9,0.04602847993373871,4618,,,,,
9,0.01581808552145958,4619,,,,,
9,0.02711477503180504,4620,,,,,
9,0.006891963072121143,4621,,,,,
9,0.025870071724057198,4622,,,,,
9,0.0018734433688223362,4623,,,,,
9,0.0026594423688948154,4624,,,,,
9,0.0014792458387091756,4625,,,,,
9,9.48735760175623e-05,4626,,,,,
9,0.01800806261599064,4627,,,,,
9,0.0009068904910236597,4628,,,,,
9,0.00286507373675704,4629,,,,,
9,0.005135928280651569,4630,,,,,
9,0.029832011088728905,4631,,,,,
9,0.0006021469016559422,4632,,,,,
9,0.003628517733886838,4633,,,,,
9,0.00016308025806210935,4634,,,,,
9,0.0003736202197615057,4635,,,,,
9,0.0012050906661897898,4636,,,,,
9,0.0004818890884052962,4637,,,,,
9,0.00036828944575972855,4638,,,,,
9,0.0007385840872302651,4639,,,,,
9,0.0005317588802427053,4640,,,,,
9,0.0005958494730293751,4641,,,,,
9,0.03666561096906662,4642,,,,,
9,0.006778014358133078,4643,,,,,
9,0.0002439061354380101,4644,,,,,
9,0.00021060094877611846,4645,,,,,
9,0.011988862417638302,4646,,,,,
9,0.0008758335607126355,4647,,,,,
9,0.0001504714455222711,4648,,,,,
9,0.00033125022309832275,4649,,,,,
9,9.774023055797443e-05,4650,,,,,
9,0.0016029911348596215,4651,,,,,
9,0.0004609297320712358,4652,,,,,
9,0.0008613456739112735,4653,,,,,
9,0.07261279970407486,4654,,,,,
9,0.001033295295201242,4655,,,,,
9,0.0016436533769592643,4656,,,,,
9,9.677490015747026e-05,4657,,,,,
9,0.0007379987509921193,4658,,,,,
9,0.00040356029057875276,4659,,,,,
9,0.09186645597219467,4660,,,,,
9,0.00011749527038773522,4661,,,,,
9,0.00017086502339225262,4662,,,,,
9,0.00010947546979878098,4663,,,,,
9,0.006624253932386637,4664,,,,,
9,0.00010585522977635264,4665,,,,,
9,0.02392910048365593,4666,,,,,
9,0.00022301806893665344,4667,,,,,
9,9.623948426451534e-05,4668,,,,,
9,0.0020324308425188065,4669,,,,,
9,0.04705684632062912,4670,,,,,
9,0.01046349573880434,4671,,,,,
9,0.06750855594873428,4672,,,,,
9,0.0014173806412145495,4673,,,,,
9,0.0002713034045882523,4674,,,,,
9,8.821144001558423e-05,4675,,,,,
9,0.001553586102090776,4676,,,,,
9,0.04858845844864845,4677,,,,,
9,0.007216336205601692,4678,,,,,
9,0.0004943540552631021,4679,,,,,
9,0.00012553032138384879,4680,,,,,
9,0.0025762300938367844,4681,,,,,
9,3.953292252845131e-05,4682,,,,,
9,0.002641524886712432,4683,,,,,
9,0.0011523868888616562,4684,,,,,
9,0.00017465397831983864,4685,,,,,
9,0.0070109255611896515,4686,,,,,
9,0.00021484594617504627,4687,,,,,
9,0.003515701275318861,4688,,,,,
9,0.0008477809024043381,4689,,,,,
9,0.00019022783089894801,4690,,,,,
9,0.0002491249470040202,4691,,,,,
9,0.023156655952334404,4692,,,,,
9,0.005913582630455494,4693,,,,,
9,0.0017486476572230458,4694,,,,,
9,0.002800881629809737,4695,,,,,
9,0.01930226944386959,4696,,,,,
9,0.002605497371405363,4697,,,,,
9,0.0003354588698130101,4698,,,,,
9,0.0001751665840856731,4699,,,,,
9,8.978469850262627e-05,4700,,,,,
9,0.00015924443141557276,4701,,,,,
9,0.24982909858226776,4702,,,,,
9,0.010262972675263882,4703,,,,,
9,0.0001531427406007424,4704,,,,,
9,0.00021246705728117377,4705,,,,,
9,0.004153006710112095,4706,,,,,
9,0.04474271461367607,4707,,,,,
9,4.3378495320212096e-05,4708,,,,,
9,6.622762884944677e-05,4709,,,,,
9,0.023027142509818077,4710,,,,,
9,0.001870409701950848,4711,,,,,
9,8.987657929537818e-05,4712,,,,,
9,0.0002722683420870453,4713,,,,,
9,0.008514287881553173,4714,,,,,
9,0.006496444344520569,4715,,,,,
9,0.0005072923959232867,4716,,,,,
9,0.00879744067788124,4717,,,,,
9,0.00048366840928792953,4718,,,,,
9,0.0004911410505883396,4719,,,,,
9,0.002124057151377201,4720,,,,,
9,0.001486000488512218,4721,,,,,
9,0.000410432112403214,4722,,,,,
9,0.017403757199645042,4723,,,,,
9,0.000252940779319033,4724,,,,,
9,0.0003941249451600015,4725,,,,,
9,0.00031045518699102104,4726,,,,,
9,0.005800248589366674,4727,,,,,
9,0.023915672674775124,4728,,,,,
9,0.0007801004685461521,4729,,,,,
9,0.00020793071598745883,4730,,,,,
9,0.026502547785639763,4731,,,,,
9,0.0001043176234816201,4732,,,,,
9,8.617889398010448e-05,4733,,,,,
9,9.512103861197829e-05,4734,,,,,
9,0.0016567150596529245,4735,,,,,
9,0.0025354961398988962,4736,,,,,
9,3.8653182855341583e-05,4737,,,,,
9,0.002836383180692792,4738,,,,,
9,0.0062487246468663216,4739,,,,,
9,0.025132963433861732,4740,,,,,
9,0.004503720439970493,4741,,,,,
9,0.012038270942866802,4742,,,,,
9,0.02948933094739914,4743,,,,,
9,0.00018849426123779267,4744,,,,,
9,0.001150703988969326,4745,,,,,
9,0.04893593117594719,4746,,,,,
9,0.0011359825730323792,4747,,,,,
9,0.019601421430706978,4748,,,,,
9,0.012899325229227543,4749,,,,,
9,0.000162177937454544,4750,,,,,
9,0.0005733062280341983,4751,,,,,
9,0.00032315755379386246,4752,,,,,
9,0.00015915460244286805,4753,,,,,
9,0.009766248986124992,4754,,,,,
9,0.0003198852064087987,4755,,,,,
9,0.0005973635124973953,4756,,,,,
9,0.0006534105632454157,4757,,,,,
9,0.000656257092487067,4758,,,,,
9,0.06391949951648712,4759,,,,,
9,0.00037782147410325706,4760,,,,,
9,0.00014532280329149216,4761,,,,,
9,0.0003895165282301605,4762,,,,,
9,0.00010090380965266377,4763,,,,,
9,0.00022881428594700992,4764,,,,,
9,0.0001743889006320387,4765,,,,,
9,0.0002541456196922809,4766,,,,,
9,9.425012831343338e-05,4767,,,,,
9,0.5003690123558044,4768,,,,,
9,0.00022667333541903645,4769,,,,,
9,0.00013833690900355577,4770,,,,,
9,0.0004134327464271337,4771,,,,,
9,0.3022109568119049,4772,,,,,
9,5.341416544979438e-05,4773,,,,,
9,0.004194275476038456,4774,,,,,
9,0.12428352236747742,4775,,,,,
9,0.014650777913630009,4776,,,,,
9,0.00015910426736809313,4777,,,,,
9,0.00185054587200284,4778,,,,,
9,0.00045321747893467546,4779,,,,,
9,0.004333504009991884,4780,,,,,
9,0.003058547154068947,4781,,,,,
9,0.0004080419603269547,4782,,,,,
9,0.0013239079853519797,4783,,,,,
9,0.13731178641319275,4784,,,,,
9,0.0003498464939184487,4785,,,,,
9,0.4504756033420563,4786,,,,,
9,0.0013142026728019118,4787,,,,,
9,0.005764168221503496,4788,,,,,
9,0.054759807884693146,4789,,,,,
9,0.001560154720209539,4790,,,,,
9,0.024095917120575905,4791,,,,,
9,0.00794986728578806,4792,,,,,
9,0.0017422210657969117,4793,,,,,
9,0.0032308981753885746,4794,,,,,
9,0.0019485476659610868,4795,,,,,
9,0.09319207072257996,4796,,,,,
9,0.007646586745977402,4797,,,,,
9,0.0012310064630582929,4798,,,,,
9,0.003008511383086443,4799,,,,,
9,0.09556519240140915,4800,,,,,
9,0.010027056559920311,4801,,,,,
9,0.002896895632147789,4802,,,,,
9,0.007928199134767056,4803,,,,,
9,0.24467650055885315,4804,,,,,
9,0.02421114407479763,4805,,,,,
9,0.04908401146531105,4806,,,,,
9,0.0009752050973474979,4807,,,,,
9,0.0010608757147565484,4808,,,,,
9,0.0011958404211327434,4809,,,,,
9,0.01569806970655918,4810,,,,,
9,0.002759696915745735,4811,,,,,
9,0.03899058327078819,4812,,,,,
9,0.0019509716657921672,4813,,,,,
9,0.019870974123477936,4814,,,,,
9,0.005772855132818222,4815,,,,,
9,0.014509572647511959,4816,,,,,
9,0.003842593403533101,4817,,,,,
9,0.0019348018104210496,4818,,,,,
9,0.010459108278155327,4819,,,,,
9,0.017933165654540062,4820,,,,,
9,0.03640400990843773,4821,,,,,
9,0.012830458581447601,4822,,,,,
9,0.008517124690115452,4823,,,,,
9,0.023863058537244797,4824,,,,,
9,0.0010970523580908775,4825,,,,,
9,0.003442595014348626,4826,,,,,
9,0.0024241902865469456,4827,,,,,
9,0.0019468874670565128,4828,,,,,
9,0.019811265170574188,4829,,,,,
9,0.0014483709819614887,4830,,,,,
9,0.0013617698568850756,4831,,,,,
9,0.0009711339371278882,4832,,,,,
9,0.0002776891633402556,4833,,,,,
9,0.003259604563936591,4834,,,,,
9,0.0014969316544011235,4835,,,,,
9,0.07938019186258316,4836,,,,,
9,0.008010298945009708,4837,,,,,
9,0.005576911848038435,4838,,,,,
9,0.0007993115577846766,4839,,,,,
9,0.010874385945498943,4840,,,,,
9,0.0006786682642996311,4841,,,,,
9,0.0011318970937281847,4842,,,,,
9,0.0003099998866673559,4843,,,,,
9,0.00434391014277935,4844,,,,,
9,0.001761048100888729,4845,,,,,
9,0.009293723851442337,4846,,,,,
9,0.004878791514784098,4847,,,,,
9,0.019908998161554337,4848,,,,,
9,0.0021226347889751196,4849,,,,,
9,0.0031733866780996323,4850,,,,,
9,0.0012499100994318724,4851,,,,,
9,0.001008318387903273,4852,,,,,
9,0.0009000750142149627,4853,,,,,
9,0.00028086878592148423,4854,,,,,
9,0.000745525409001857,4855,,,,,
9,0.0006993393762968481,4856,,,,,
9,0.0006786048179492354,4857,,,,,
9,0.01397564448416233,4858,,,,,
9,0.00038708787178620696,4859,,,,,
9,0.008466892875730991,4860,,,,,
9,0.016301073133945465,4861,,,,,
9,0.00018415205704513937,4862,,,,,
9,0.005960743874311447,4863,,,,,
9,7.725413888692856e-05,4864,,,,,
9,0.006170296110212803,4865,,,,,
9,0.0005346295656636357,4866,,,,,
9,0.0006968224188312888,4867,,,,,
9,0.00011102283315267414,4868,,,,,
9,0.0007091414881870151,4869,,,,,
9,0.0008792469161562622,4870,,,,,
9,0.00011993802763754502,4871,,,,,
9,0.0020664376206696033,4872,,,,,
9,0.0025347224436700344,4873,,,,,
9,0.01810508221387863,4874,,,,,
9,4.566845018416643e-05,4875,,,,,
9,0.00753126572817564,4876,,,,,
9,0.00044122576946392655,4877,,,,,
9,0.00017527805175632238,4878,,,,,
9,0.00116842077113688,4879,,,,,
9,0.0014255715068429708,4880,,,,,
9,0.002629215596243739,4881,,,,,
9,0.0008942743297666311,4882,,,,,
9,0.00020546354062389582,4883,,,,,
9,0.015437991358339787,4884,,,,,
9,0.00028148427372798324,4885,,,,,
9,0.0015210253186523914,4886,,,,,
9,0.0011166195617988706,4887,,,,,
9,0.0033866495359688997,4888,,,,,
9,0.001219537458382547,4889,,,,,
9,0.0002538854314479977,4890,,,,,
9,2.8420352464308962e-05,4891,,,,,
9,8.299904584418982e-05,4892,,,,,
9,0.00046286379802040756,4893,,,,,
9,0.00032841903157532215,4894,,,,,
9,0.0012940715532749891,4895,,,,,
9,0.0015571308322250843,4896,,,,,
9,3.922783798770979e-05,4897,,,,,
9,0.00010796399146784097,4898,,,,,
9,0.0005928309983573854,4899,,,,,
9,0.00015540486492682248,4900,,,,,
9,0.00021651157294400036,4901,,,,,
9,0.0007008042302913964,4902,,,,,
9,0.002064372645691037,4903,,,,,
9,0.0010916152969002724,4904,,,,,
9,0.000161255375132896,4905,,,,,
9,0.0004447397368494421,4906,,,,,
9,0.008390700444579124,4907,,,,,
9,0.0005259003373794258,4908,,,,,
9,8.741663623368368e-05,4909,,,,,
9,0.00019051108392886817,4910,,,,,
9,0.005097623914480209,4911,,,,,
9,0.0005334324087016284,4912,,,,,
9,4.134617483941838e-05,4913,,,,,
9,7.766595808789134e-05,4914,,,,,
9,0.00018779991660267115,4915,,,,,
9,0.0029506369028240442,4916,,,,,
9,0.00037062508636154234,4917,,,,,
9,9.466134360991418e-05,4918,,,,,
9,0.0006627410184592009,4919,,,,,
9,0.042563118040561676,4920,,,,,
9,0.029986273497343063,4921,,,,,
9,0.0005817741039209068,4922,,,,,
9,0.0023447186686098576,4923,,,,,
9,7.728506898274645e-05,4924,,,,,
9,0.0008758745389059186,4925,,,,,
9,1.545696250104811e-05,4926,,,,,
9,0.00016894184227567166,4927,,,,,
9,0.03421138972043991,4928,,,,,
9,0.0005150901270098984,4929,,,,,
9,0.0022254360374063253,4930,,,,,
9,0.00024440576089546084,4931,,,,,
9,0.0004941896186210215,4932,,,,,
9,0.00573857082054019,4933,,,,,
9,9.239743667421862e-05,4934,,,,,
9,0.0018092490499839187,4935,,,,,
9,2.3494330889661796e-05,4936,,,,,
9,0.003804813139140606,4937,,,,,
9,0.008407726883888245,4938,,,,,
9,0.008210116997361183,4939,,,,,
9,7.606400322401896e-05,4940,,,,,
9,5.363730451790616e-05,4941,,,,,
9,9.34306372073479e-05,4942,,,,,
9,0.0001785067142918706,4943,,,,,
9,0.00020438144565559924,4944,,,,,
9,0.0003339339455123991,4945,,,,,
9,0.0001644824369577691,4946,,,,,
9,0.009045620448887348,4947,,,,,
9,4.0809598431224003e-05,4948,,,,,
9,8.474582864437252e-05,4949,,,,,
9,0.0018968420336022973,4950,,,,,
9,0.0006817445973865688,4951,,,,,
9,0.001191843650303781,4952,,,,,
9,0.00015936593990772963,4953,,,,,
9,5.124319068272598e-05,4954,,,,,
9,0.0001852365821832791,4955,,,,,
9,0.00041490403236821294,4956,,,,,
9,5.407067510532215e-05,4957,,,,,
9,8.603776223026216e-05,4958,,,,,
9,0.06280521303415298,4959,,,,,
9,9.569568646838889e-05,4960,,,,,
9,4.480274947127327e-05,4961,,,,,
9,9.830826456891373e-05,4962,,,,,
9,0.008081900887191296,4963,,,,,
9,0.00050225795712322,4964,,,,,
9,0.6181870102882385,4965,,,,,
9,1.6356805645045824e-05,4966,,,,,
9,0.0006582662463188171,4967,,,,,
9,0.0003611746651586145,4968,,,,,
9,0.00029589267796836793,4969,,,,,
9,0.07801107317209244,4970,,,,,
9,0.0026871738955378532,4971,,,,,
9,0.0003208255802746862,4972,,,,,
9,0.0015234920429065824,4973,,,,,
9,0.00041959420195780694,4974,,,,,
9,0.0012916330015286803,4975,,,,,
9,0.006529705598950386,4976,,,,,
9,0.05372212827205658,4977,,,,,
9,0.003981453832238913,4978,,,,,
9,0.026589300483465195,4979,,,,,
9,0.009983979165554047,4980,,,,,
9,0.0029622509609907866,4981,,,,,
9,0.0001170468021882698,4982,,,,,
9,0.003688513534143567,4983,,,,,
9,0.0010049913544207811,4984,,,,,
9,0.014806949533522129,4985,,,,,
9,0.0002890275209210813,4986,,,,,
9,0.00027202381170354784,4987,,,,,
9,0.000576835940591991,4988,,,,,
9,0.00027069676434621215,4989,,,,,
,,4491,9.157981548923999e-05,,,,
,,4492,0.00018093026301357895,,,,
,,4493,6.801815470680594e-05,,,,
,,4494,9.827857866184786e-05,,,,
,,4495,5.975380554446019e-05,,,,
,,4496,8.421092934440821e-05,,,,
,,4497,0.00019391451496630907,,,,
,,4498,7.1289723564405e-05,,,,
,,4499,7.579340308438987e-05,,,,
,,4500,0.00029823690420016646,,,,
,,4501,7.737082341918722e-05,,,,
,,4502,5.345133467926644e-05,,,,
,,4503,8.174608956323937e-05,,,,
,,4504,5.205885827308521e-05,,,,
,,4505,6.431096699088812e-05,,,,
,,4506,6.28727357252501e-05,,,,
,,4507,0.0001612004853086546,,,,
,,4508,0.0009127565426751971,,,,
,,4509,7.386707147816196e-05,,,,
,,4510,0.00016525358660146594,,,,
,,4511,5.993937884340994e-05,,,,
,,4512,6.769373430870473e-05,,,,
,,4513,0.00012870962382294238,,,,
,,4514,6.366134039126337e-05,,,,
,,4515,0.00011425442062318325,,,,
,,4516,0.00012332994083408266,,,,
,,4517,0.00012147010420449078,,,,
,,4518,6.60582518321462e-05,,,,
,,4519,7.178421219578013e-05,,,,
,,4520,8.290338155347854e-05,,,,
,,4521,0.00016002821212168783,,,,
,,4522,0.00016838934971019626,,,,
,,4523,9.76383380475454e-05,,,,
,,4524,9.691162267699838e-05,,,,
,,4525,4.9299247621092945e-05,,,,
,,4526,4.4844240619568154e-05,,,,
,,4527,8.108845941023901e-05,,,,
,,4528,5.876717114006169e-05,,,,
,,4529,6.913935067132115e-05,,,,
,,4530,6.934403791092336e-05,,,,
,,4531,4.956255361321382e-05,,,,
,,4532,5.225205677561462e-05,,,,
,,4533,0.00012503824837040156,,,,
,,4534,0.0005123025621287525,,,,
,,4535,0.0001893768785521388,,,,
,,4536,6.212170410435647e-05,,,,
,,4537,9.219435014529154e-05,,,,
,,4538,0.00018027549958787858,,,,
,,4539,0.00014381203800439835,,,,
,,4540,8.584238821640611e-05,,,,
,,4541,0.00018005633319262415,,,,
,,4542,0.00010855925211217254,,,,
,,4543,7.175915379775688e-05,,,,
,,4544,1.2799743672076147e-05,,,,
,,4545,6.840378773631528e-05,,,,
,,4546,0.00012058608990628272,,,,
,,4547,0.00011156277469126508,,,,
,,4548,0.00011406088015064597,,,,
,,4549,0.00023668281210120767,,,,
,,4550,5.039769530412741e-05,,,,
,,4551,3.629760612966493e-05,,,,
,,4552,1.6040177797549404e-05,,,,
,,4553,6.286982534220442e-05,,,,
,,4554,5.632778265862726e-05,,,,
,,4555,5.8074703702004626e-05,,,,
,,4556,7.094784814398736e-05,,,,
,,4557,0.00010231247870251536,,,,
,,4558,4.870326665695757e-05,,,,
,,4559,3.83214392059017e-05,,,,
,,4560,0.0019279206171631813,,,,
,,4561,0.0001350290112895891,,,,
,,4562,0.0001982013345696032,,,,
,,4563,0.00011872393224621192,,,,
,,4564,6.788098107790574e-05,,,,
,,4565,0.01750672422349453,,,,
,,4566,6.760498217772692e-05,,,,
,,4567,3.7011173844803125e-05,,,,
,,4568,7.331889355555177e-05,,,,
,,4569,7.825632201274857e-05,,,,
,,4570,8.101115963654593e-05,,,,
,,4571,0.00013926567044109106,,,,
,,4572,0.00010331453813705593,,,,
,,4573,0.00018541306781116873,,,,
,,4574,0.002903721295297146,,,,
,,4575,5.8855155657511204e-05,,,,
,,4576,4.6587156248278916e-05,,,,
,,4577,5.0206050218548626e-05,,,,
,,4578,4.1232124203816056e-05,,,,
,,4579,4.688501576310955e-05,,,,
,,4580,8.284477371489629e-05,,,,
,,4581,7.392306724796072e-05,,,,
,,4582,7.25105419405736e-05,,,,
,,4583,2.6555198928690515e-05,,,,
,,4584,5.37965570401866e-05,,,,
,,4585,0.0003584256919566542,,,,
,,4586,0.001363594550639391,,,,
,,4587,8.48544150358066e-05,,,,
,,4588,0.00022495373559650034,,,,
,,4589,1.090166687965393,,,,
,,4590,0.000251887395279482,,,,
,,4591,6.430229404941201e-05,,,,
,,4592,4.8575100663583726e-05,,,,
,,4593,5.181347660254687e-05,,,,
,,4594,0.00010836010187631473,,,,
,,4595,8.579288987675682e-05,,,,
,,4596,5.679186506313272e-05,,,,
,,4597,6.749998283339664e-05,,,,
,,4598,0.00017283881606999785,,,,
,,4599,9.210783173330128e-05,,,,
,,4600,6.529515667352825e-05,,,,
,,4601,0.005931030958890915,,,,
,,4602,6.05206769250799e-05,,,,
,,4603,6.983950879657641e-05,,,,
,,4604,5.544365194509737e-05,,,,
,,4605,9.287615830544382e-05,,,,
,,4606,6.124424544395879e-05,,,,
,,4607,4.896776226814836e-05,,,,
,,4608,5.882884215679951e-05,,,,
,,4609,3.3039625122910365e-05,,,,
,,4610,4.22895209339913e-05,,,,
,,4611,6.104971544118598e-05,,,,
,,4612,0.008776106871664524,,,,
,,4613,0.0001328464422840625,,,,
,,4614,0.00010607380681904033,,,,
,,4615,9.86541053862311e-05,,,,
,,4616,7.533664756920189e-05,,,,
,,4617,2.068249523290433e-05,,,,
,,4618,5.480752952280454e-05,,,,
,,4619,8.778586925473064e-05,,,,
,,4620,0.00010915882012341172,,,,
,,4621,0.00011254419223405421,,,,
,,4622,5.1603681640699506e-05,,,,
,,4623,9.694708569440991e-05,,,,
,,4624,5.6467135436832905e-05,,,,
,,4625,7.278180419234559e-05,,,,
,,4626,4.2112020310014486e-05,,,,
,,4627,6.796874367864802e-05,,,,
,,4628,5.218560545472428e-05,,,,
,,4629,8.222664473578334e-05,,,,
,,4630,6.241163646336645e-05,,,,
,,4631,6.126537482487038e-05,,,,
,,4632,3.7772460927953944e-05,,,,
,,4633,3.4186239645350724e-05,,,,
,,4634,4.78381261928007e-05,,,,
,,4635,0.13158324360847473,,,,
,,4636,4.299369174987078e-05,,,,
,,4637,0.00010894618753809482,,,,
,,4638,0.009028659202158451,,,,
,,4639,0.0001849218679126352,,,,
,,4640,8.121249993564561e-05,,,,
,,4641,3.8366386434063315e-05,,,,
,,4642,6.79584700264968e-05,,,,
,,4643,4.4029526179656386e-05,,,,
,,4644,7.017416646704078e-05,,,,
,,4645,7.521996303694323e-05,,,,
,,4646,0.00011919521784875542,,,,
,,4647,0.00010556693450780585,,,,
,,4648,3.529100649757311e-05,,,,
,,4649,7.410364923998713e-05,,,,
,,4650,8.07253600214608e-05,,,,
,,4651,0.00010007420496549457,,,,
,,4652,0.0001275036920560524,,,,
,,4653,0.00011991227802354842,,,,
,,4654,8.689601963851601e-05,,,,
,,4655,0.5648613572120667,,,,
,,4656,4.922250809613615e-05,,,,
,,4657,1.0512751032365486e-05,,,,
,,4658,5.542116559809074e-05,,,,
,,4659,6.194526213221252e-05,,,,
,,4660,5.822885941597633e-05,,,,
,,4661,4.418304524733685e-05,,,,
,,4662,6.497664435300976e-05,,,,
,,4663,8.971369970822707e-05,,,,
,,4664,7.233734504552558e-05,,,,
,,4665,0.0011054693022742867,,,,
,,4666,0.0016637986991554499,,,,
,,4667,6.125975778559223e-05,,,,
,,4668,0.00010875506995944306,,,,
,,4669,0.00016574145411141217,,,,
,,4670,5.9100293583469465e-05,,,,
,,4671,8.497123053530231e-05,,,,
,,4672,7.714473031228408e-05,,,,
,,4673,0.00016297194815706462,,,,
,,4674,7.825149805285037e-05,,,,
,,4675,1.8101207388099283e-05,,,,
,,4676,7.348394865402952e-05,,,,
,,4677,7.947385165607557e-05,,,,
,,4678,0.00010783936158986762,,,,
,,4679,0.00011463269038358703,,,,
,,4680,0.00013011720147915184,,,,
,,4681,0.00012604426592588425,,,,
,,4682,3.933308835257776e-05,,,,
,,4683,6.548179226228967e-05,,,,
,,4684,4.487993646762334e-05,,,,
,,4685,6.50158544885926e-05,,,,
,,4686,5.488692477229051e-05,,,,
,,4687,7.858410390326753e-05,,,,
,,4688,5.3257499530445784e-05,,,,
,,4689,9.210144344251603e-05,,,,
,,4690,4.405114668770693e-05,,,,
,,4691,0.00013845130160916597,,,,
,,4692,0.002616316545754671,,,,
,,4693,5.256215445115231e-05,,,,
,,4694,0.0002167279744753614,,,,
,,4695,0.00017591717187315226,,,,
,,4696,6.86700877849944e-05,,,,
,,4697,0.00020500420941971242,,,,
,,4698,7.506737165385857e-05,,,,
,,4699,4.2836418288061395e-05,,,,
,,4700,7.747400377411395e-05,,,,
,,4701,4.334062396083027e-05,,,,
,,4702,8.416063792537898e-05,,,,
,,4703,0.00012765674910042435,,,,
,,4704,0.0001391930563841015,,,,
,,4705,0.00020187062909826636,,,,
,,4706,6.303206464508548e-05,,,,
,,4707,3.552971247700043e-05,,,,
,,4708,4.010908742202446e-05,,,,
,,4709,5.161774970474653e-05,,,,
,,4710,6.016535189701244e-05,,,,
,,4711,6.698754441458732e-05,,,,
,,4712,7.283118611667305e-05,,,,
,,4713,0.00010176173236686736,,,,
,,4714,0.03458365797996521,,,,
,,4715,6.869860953884199e-05,,,,
,,4716,4.4676016841549426e-05,,,,
,,4717,0.008266286924481392,,,,
,,4718,0.018471434712409973,,,,
,,4719,5.250560934655368e-05,,,,
,,4720,0.0001100882509490475,,,,
,,4721,0.00011617331620072946,,,,
,,4722,3.478271537460387e-05,,,,
,,4723,3.023825047421269e-05,,,,
,,4724,1.5910418369458057e-05,,,,
,,4725,1.4877468856866471e-05,,,,
,,4726,3.4492346458137035e-05,,,,
,,4727,5.8820682170335203e-05,,,,
,,4728,4.2952440708177164e-05,,,,
,,4729,6.592163845198229e-05,,,,
,,4730,7.04428312019445e-05,,,,
,,4731,3.5575038054957986e-05,,,,
,,4732,6.91879540681839e-05,,,,
,,4733,3.577927782316692e-05,,,,
,,4734,8.448779408354312e-05,,,,
,,4735,5.9986730775563046e-05,,,,
,,4736,7.628845196450129e-05,,,,
,,4737,5.1511076890164986e-05,,,,
,,4738,0.00015799705579411238,,,,
,,4739,4.541344242170453e-05,,,,
,,4740,0.00012369388423394412,,,,
,,4741,2.631893767102156e-05,,,,
,,4742,0.048160187900066376,,,,
,,4743,7.682526484131813e-05,,,,
,,4744,0.04296192154288292,,,,
,,4745,0.00010042292706202716,,,,
,,4746,6.599373591598123e-05,,,,
,,4747,7.124676631065086e-05,,,,
,,4748,3.220532744308002e-05,,,,
,,4749,1.517200144007802e-05,,,,
,,4750,3.6840327084064484e-05,,,,
,,4751,6.844326708232984e-05,,,,
,,4752,6.505411874968559e-05,,,,
,,4753,4.9387323088012636e-05,,,,
,,4754,5.749425326939672e-05,,,,
,,4755,5.367056292016059e-05,,,,
,,4756,5.6395958381472155e-05,,,,
,,4757,4.733758032671176e-05,,,,
,,4758,5.8721296227304265e-05,,,,
,,4759,6.732521433150396e-05,,,,
,,4760,9.021696314448491e-05,,,,
,,4761,0.00012960232561454177,,,,
,,4762,0.00010994237527484074,,,,
,,4763,7.579995144624263e-05,,,,
,,4764,5.1162704039597884e-05,,,,
,,4765,5.003802652936429e-05,,,,
,,4766,3.3125023037428036e-05,,,,
,,4767,0.0001923071249620989,,,,
,,4768,0.00027149805100634694,,,,
,,4769,6.512534309877083e-05,,,,
,,4770,0.024532299488782883,,,,
,,4771,0.00017221724556293339,,,,
,,4772,4.8090027121361345e-05,,,,
,,4773,3.83089245588053e-05,,,,
,,4774,4.423823702381924e-05,,,,
,,4775,4.391748734633438e-05,,,,
,,4776,4.8681915359338745e-05,,,,
,,4777,6.164162186905742e-05,,,,
,,4778,5.009652522858232e-05,,,,
,,4779,5.4078926041256636e-05,,,,
,,4780,0.002017237013205886,,,,
,,4781,1.3231197044660803e-05,,,,
,,4782,3.986339288530871e-05,,,,
,,4783,4.6314271457958966e-05,,,,
,,4784,5.2361952839419246e-05,,,,
,,4785,6.250587466638535e-05,,,,
,,4786,3.7211604649201035e-05,,,,
,,4787,3.9558181015308946e-05,,,,
,,4788,6.730075983796269e-05,,,,
,,4789,8.064902067417279e-05,,,,
,,4790,4.737312701763585e-05,,,,
,,4791,4.539289147942327e-05,,,,
,,4792,4.940843427903019e-05,,,,
,,4793,7.587046275148168e-05,,,,
,,4794,0.020540673285722733,,,,
,,4795,0.005961113143712282,,,,
,,4796,3.415832907194272e-05,,,,
,,4797,8.032946789171547e-05,,,,
,,4798,2.9827733669662848e-05,,,,
,,4799,6.00785824644845e-05,,,,
,,4800,4.040938802063465e-05,,,,
,,4801,5.121756476000883e-05,,,,
,,4802,4.568690565065481e-05,,,,
,,4803,5.363654054235667e-05,,,,
,,4804,5.3715066314907745e-05,,,,
,,4805,2.2651502149528824e-05,,,,
,,4806,5.848858199897222e-05,,,,
,,4807,5.802158557344228e-05,,,,
,,4808,5.35672515979968e-05,,,,
,,4809,0.005636156070977449,,,,
,,4810,8.918475214159116e-05,,,,
,,4811,4.9602302169660106e-05,,,,
,,4812,5.3175077482592314e-05,,,,
,,4813,5.657464134856127e-05,,,,
,,4814,0.00019987006089650095,,,,
,,4815,5.589733336819336e-05,,,,
,,4816,8.408613939536735e-05,,,,
,,4817,0.0030266116373240948,,,,
,,4818,0.00020451645832508802,,,,
,,4819,6.835797103121877e-05,,,,
,,4820,7.166330760810524e-05,,,,
,,4821,0.02765931747853756,,,,
,,4822,0.00045916473027318716,,,,
,,4823,5.463074558065273e-05,,,,
,,4824,5.456468716147356e-05,,,,
,,4825,8.160634752130136e-05,,,,
,,4826,3.802537321462296e-05,,,,
,,4827,4.005863593192771e-05,,,,
,,4828,1.3911975656810682e-05,,,,
,,4829,3.366314558661543e-05,,,,
,,4830,3.0045895982766524e-05,,,,
,,4831,3.3295324101345614e-05,,,,
,,4832,5.907599916099571e-05,,,,
,,4833,6.793193460907787e-05,,,,
,,4834,4.494623499340378e-05,,,,
,,4835,4.084187821717933e-05,,,,
,,4836,4.591681863530539e-05,,,,
,,4837,4.129608714720234e-05,,,,
,,4838,0.0010282029397785664,,,,
,,4839,4.149571032030508e-05,,,,
,,4840,6.469777144957334e-05,,,,
,,4841,4.565405106404796e-05,,,,
,,4842,7.624870340805501e-05,,,,
,,4843,0.1356564611196518,,,,
,,4844,2.721973942243494e-05,,,,
,,4845,5.796267942059785e-05,,,,
,,4846,0.039665963500738144,,,,
,,4847,0.04629683122038841,,,,
,,4848,0.00010207730520050973,,,,
,,4849,8.236809662776068e-05,,,,
,,4850,9.400197450304404e-05,,,,
,,4851,4.441213604877703e-05,,,,
,,4852,0.037212491035461426,,,,
,,4853,1.3231172488303855e-05,,,,
,,4854,1.7152704458567314e-05,,,,
,,4855,6.317640509223565e-05,,,,
,,4856,4.767865902977064e-05,,,,
,,4857,5.7298148021800444e-05,,,,
,,4858,9.051770030055195e-05,,,,
,,4859,4.628665556083433e-05,,,,
,,4860,0.00010694082448026165,,,,
,,4861,3.702476533362642e-05,,,,
,,4862,2.862149995053187e-05,,,,
,,4863,8.080514817265794e-05,,,,
,,4864,9.036865776579361e-06,,,,
,,4865,5.930566476308741e-05,,,,
,,4866,4.3179101339774206e-05,,,,
,,4867,0.00015002767031546682,,,,
,,4868,6.100159589550458e-05,,,,
,,4869,1.965072260645684e-05,,,,
,,4870,2.7476979084894992e-05,,,,
,,4871,0.00010673101496649906,,,,
,,4872,0.021625705063343048,,,,
,,4873,0.00028861264581792057,,,,
,,4874,0.0004142826364841312,,,,
,,4875,0.00015197462926153094,,,,
,,4876,0.00011894354975083843,,,,
,,4877,7.167283183662221e-05,,,,
,,4878,6.659195059910417e-05,,,,
,,4879,0.00011442174582043663,,,,
,,4880,9.145539661403745e-05,,,,
,,4881,0.00021158270828891546,,,,
,,4882,8.628162322565913e-05,,,,
,,4883,0.00014602225564885885,,,,
,,4884,9.718727233121172e-05,,,,
,,4885,8.644998160889372e-05,,,,
,,4886,0.0001717878330964595,,,,
,,4887,0.00014110561460256577,,,,
,,4888,9.448675700696185e-05,,,,
,,4889,0.00014195874973665923,,,,
,,4890,0.00012828900071326643,,,,
,,4891,0.00012013902596663684,,,,
,,4892,6.913270044606179e-05,,,,
,,4893,6.116685835877433e-05,,,,
,,4894,7.062670920277014e-05,,,,
,,4895,5.633518230752088e-05,,,,
,,4896,0.00010887165990425274,,,,
,,4897,0.00013096220209263265,,,,
,,4898,0.001570200896821916,,,,
,,4899,0.00026728486409410834,,,,
,,4900,0.0002832798345480114,,,,
,,4901,8.636496204417199e-05,,,,
,,4902,0.00013531067816074938,,,,
,,4903,7.231248309835792e-05,,,,
,,4904,9.391303319716826e-05,,,,
,,4905,0.00016393621626775712,,,,
,,4906,0.0001646908203838393,,,,
,,4907,0.000133909925352782,,,,
,,4908,5.417565262177959e-05,,,,
,,4909,8.921213157009333e-05,,,,
,,4910,6.964027852518484e-05,,,,
,,4911,0.00013595927157439291,,,,
,,4912,0.00013948538980912417,,,,
,,4913,0.00010917905456153676,,,,
,,4914,5.285495353746228e-05,,,,
,,4915,0.00011410463048378006,,,,
,,4916,7.041045319056138e-05,,,,
,,4917,5.669103120453656e-05,,,,
,,4918,5.2404233429115266e-05,,,,
,,4919,5.082470670458861e-05,,,,
,,4920,5.484717621584423e-05,,,,
,,4921,5.9690806665457785e-05,,,,
,,4922,0.0004716798139270395,,,,
,,4923,0.0001138741645263508,,,,
,,4924,0.00025458805612288415,,,,
,,4925,0.0003412815276533365,,,,
,,4926,0.00017500112880952656,,,,
,,4927,7.059844938339666e-05,,,,
,,4928,0.00019670867186505347,,,,
,,4929,4.222261122777127e-05,,,,
,,4930,0.00019967452681157738,,,,
,,4931,0.00011233693658141419,,,,
,,4932,0.00011198881111340597,,,,
,,4933,0.00013144563126843423,,,,
,,4934,1.9944911400671117e-05,,,,
,,4935,8.272164996014908e-05,,,,
,,4936,0.00014567036123480648,,,,
,,4937,0.00018381045083515346,,,,
,,4938,0.0001364212075714022,,,,
,,4939,0.00014664311311207712,,,,
,,4940,5.539588528336026e-05,,,,
,,4941,4.544686817098409e-05,,,,
,,4942,4.030058698845096e-05,,,,
,,4943,4.6482306061079726e-05,,,,
,,4944,7.418847235385329e-05,,,,
,,4945,0.00010003499482991174,,,,
,,4946,0.00012907911150250584,,,,
,,4947,0.0001105155170080252,,,,
,,4948,6.438653508666903e-05,,,,
,,4949,5.732116551371291e-05,,,,
,,4950,0.000154146968270652,,,,
,,4951,0.0015484484611079097,,,,
,,4952,0.00021305825794115663,,,,
,,4953,0.00011687543883454055,,,,
,,4954,0.0001707351766526699,,,,
,,4955,0.0001222728460561484,,,,
,,4956,4.601394903147593e-05,,,,
,,4957,7.404568168567494e-05,,,,
,,4958,0.00010491276771062985,,,,
,,4959,0.1622411608695984,,,,
,,4960,6.867208139738068e-05,,,,
,,4961,8.04519877419807e-05,,,,
,,4962,0.00018697949417401105,,,,
,,4963,0.00019998451170977205,,,,
,,4964,5.1990900828968734e-05,,,,
,,4965,6.211385334609076e-05,,,,
,,4966,3.4179709473391995e-05,,,,
,,4967,0.0069049326702952385,,,,
,,4968,5.8255096519133076e-05,,,,
,,4969,4.635484583559446e-05,,,,
,,4970,6.545970973093063e-05,,,,
,,4971,6.188589031808078e-05,,,,
,,4972,0.0005002212710678577,,,,
,,4973,3.49075417034328e-05,,,,
,,4974,0.001838439959101379,,,,
,,4975,6.137040327303112e-05,,,,
,,4976,0.0001923118979902938,,,,
,,4977,0.00018474471289664507,,,,
,,4978,0.0001038897898979485,,,,
,,4979,0.00015260207874234766,,,,
,,4980,0.01259986124932766,,,,
,,4981,4.002914283773862e-05,,,,
,,4982,4.182122938800603e-05,,,,
,,4983,6.503923941636458e-05,,,,
,,4984,7.142107642721385e-05,,,,
,,4985,8.150425128405914e-05,,,,
,,4986,7.276394171640277e-05,,,,
,,4987,0.0001966577983694151,,,,
,,4988,7.276498945429921e-05,,,,
,,4989,5.0355269195279106e-05,,,,
9,,4989,,0.005193464457988739,,,
9,,4989,,,0.9579158425331116,0.9619238376617432,0.01454189233481884
10,0.0002452411863487214,4990,,,,,
10,0.00044683096348308027,4991,,,,,
10,0.005268248729407787,4992,,,,,
10,0.012933248654007912,4993,,,,,
10,0.002016605343669653,4994,,,,,
10,0.0011158682173117995,4995,,,,,
10,0.0003347216406837106,4996,,,,,
10,0.0014639330329373479,4997,,,,,
10,0.046702541410923004,4998,,,,,
10,0.00054629344958812,4999,,,,,
10,0.0011276650475338101,5000,,,,,
10,0.0037769689224660397,5001,,,,,
10,0.024904552847146988,5002,,,,,
10,0.010072825476527214,5003,,,,,
10,0.0003422010049689561,5004,,,,,
10,0.0016705786110833287,5005,,,,,
10,0.00017141680291388184,5006,,,,,
10,0.021793631836771965,5007,,,,,
10,0.004939306061714888,5008,,,,,
10,0.02786625549197197,5009,,,,,
10,0.0005298496107570827,5010,,,,,
10,0.0017705882200971246,5011,,,,,
10,0.48108333349227905,5012,,,,,
10,0.0023618023842573166,5013,,,,,
10,0.0018359278328716755,5014,,,,,
10,0.014046546071767807,5015,,,,,
10,0.0004918051999993622,5016,,,,,
10,0.0001619575050426647,5017,,,,,
10,0.0012730193557217717,5018,,,,,
10,0.008738042786717415,5019,,,,,
10,0.0024485697504132986,5020,,,,,
10,0.0006471904343925416,5021,,,,,
10,0.0012856656685471535,5022,,,,,
10,0.0006878928979858756,5023,,,,,
10,0.0003651849692687392,5024,,,,,
10,6.852867954876274e-05,5025,,,,,
10,0.020173242315649986,5026,,,,,
10,0.0002832672616932541,5027,,,,,
10,0.0007869249093346298,5028,,,,,
10,0.0001656800595810637,5029,,,,,
10,0.0007667634636163712,5030,,,,,
10,0.0006433622329495847,5031,,,,,
10,0.015205534175038338,5032,,,,,
10,0.006955655757337809,5033,,,,,
10,0.00023558079556096345,5034,,,,,
10,0.002389878500252962,5035,,,,,
10,0.2032778412103653,5036,,,,,
10,0.21670402586460114,5037,,,,,
10,0.0002588769420981407,5038,,,,,
10,0.0015930465888231993,5039,,,,,
10,0.00021364119311328977,5040,,,,,
10,0.002778748283162713,5041,,,,,
10,0.12233255058526993,5042,,,,,
10,0.048758380115032196,5043,,,,,
10,0.11318299919366837,5044,,,,,
10,0.00777741614729166,5045,,,,,
10,0.017775950953364372,5046,,,,,
10,0.004055113065987825,5047,,,,,
10,0.0006027324707247317,5048,,,,,
10,0.05883229151368141,5049,,,,,
10,0.30705124139785767,5050,,,,,
10,0.033722300082445145,5051,,,,,
10,0.009558046236634254,5052,,,,,
10,0.0006023846799507737,5053,,,,,
10,0.05043547973036766,5054,,,,,
10,0.003853651462122798,5055,,,,,
10,0.0028292592614889145,5056,,,,,
10,0.06475057452917099,5057,,,,,
10,0.028530564159154892,5058,,,,,
10,0.0002877091465052217,5059,,,,,
10,0.002193333115428686,5060,,,,,
10,0.016173165291547775,5061,,,,,
10,0.009434573352336884,5062,,,,,
10,0.1347072720527649,5063,,,,,
10,0.07725099474191666,5064,,,,,
10,0.03590601310133934,5065,,,,,
10,0.025472180917859077,5066,,,,,
10,0.20981277525424957,5067,,,,,
10,0.02849709801375866,5068,,,,,
10,0.005886475555598736,5069,,,,,
10,0.007343770936131477,5070,,,,,
10,0.006333329249173403,5071,,,,,
10,0.014182547107338905,5072,,,,,
10,0.002496755914762616,5073,,,,,
10,0.014646464958786964,5074,,,,,
10,0.0030858267564326525,5075,,,,,
10,0.0024572336114943027,5076,,,,,
10,0.000314165314193815,5077,,,,,
10,0.0018798942910507321,5078,,,,,
10,0.012755128554999828,5079,,,,,
10,0.05193168297410011,5080,,,,,
10,0.014185250736773014,5081,,,,,
10,0.0022858427837491035,5082,,,,,
10,0.0006788388709537685,5083,,,,,
10,0.17589159309864044,5084,,,,,
10,0.005417712964117527,5085,,,,,
10,0.02907322347164154,5086,,,,,
10,0.0003965626528952271,5087,,,,,
10,0.016122788190841675,5088,,,,,
10,0.07044605910778046,5089,,,,,
10,0.0017929159803315997,5090,,,,,
10,0.0008928581955842674,5091,,,,,
10,0.08043165504932404,5092,,,,,
10,0.03503163903951645,5093,,,,,
10,0.0035795203875750303,5094,,,,,
10,0.0029344719368964434,5095,,,,,
10,0.01153055764734745,5096,,,,,
10,0.0039884247817099094,5097,,,,,
10,0.006226642522960901,5098,,,,,
10,0.002709675347432494,5099,,,,,
10,0.0007070059073157609,5100,,,,,
10,0.0008198900613933802,5101,,,,,
10,0.0018825811566784978,5102,,,,,
10,0.0022179707884788513,5103,,,,,
10,0.12402874231338501,5104,,,,,
10,0.014723991975188255,5105,,,,,
10,0.004389625508338213,5106,,,,,
10,0.013678520917892456,5107,,,,,
10,0.0019102813675999641,5108,,,,,
10,0.0013057002797722816,5109,,,,,
10,0.012749450281262398,5110,,,,,
10,0.0010130137670785189,5111,,,,,
10,0.003911689389497042,5112,,,,,
10,0.0025047280360013247,5113,,,,,
10,0.010347450152039528,5114,,,,,
10,0.0004994604387320578,5115,,,,,
10,0.018709365278482437,5116,,,,,
10,0.001774274162016809,5117,,,,,
10,0.0054941740818321705,5118,,,,,
10,0.0016729230992496014,5119,,,,,
10,0.0013746839249506593,5120,,,,,
10,0.06171577796339989,5121,,,,,
10,0.0015583396889269352,5122,,,,,
10,0.01996767893433571,5123,,,,,
10,0.022368893027305603,5124,,,,,
10,0.003805677406489849,5125,,,,,
10,0.0014910752652212977,5126,,,,,
10,0.0009545412613078952,5127,,,,,
10,0.005907709244638681,5128,,,,,
10,0.0022689399775117636,5129,,,,,
10,0.00016564186080358922,5130,,,,,
10,0.0005079550319351256,5131,,,,,
10,0.0019924771040678024,5132,,,,,
10,0.0017719866009429097,5133,,,,,
10,0.0005167200579307973,5134,,,,,
10,0.00034350206260569394,5135,,,,,
10,0.010872033424675465,5136,,,,,
10,0.008359752595424652,5137,,,,,
10,0.01000739075243473,5138,,,,,
10,8.06657990324311e-05,5139,,,,,
10,0.014407820999622345,5140,,,,,
10,0.002084698062390089,5141,,,,,
10,0.0022942249197512865,5142,,,,,
10,0.00031306390883401036,5143,,,,,
10,0.085667684674263,5144,,,,,
10,0.00010693585500121117,5145,,,,,
10,0.02681681141257286,5146,,,,,
10,0.00012334209168329835,5147,,,,,
10,0.00019786745542660356,5148,,,,,
10,0.005709299352020025,5149,,,,,
10,0.13146395981311798,5150,,,,,
10,0.000731766689568758,5151,,,,,
10,0.0034669842571020126,5152,,,,,
10,0.00025669229216873646,5153,,,,,
10,0.0026142806746065617,5154,,,,,
10,0.00015566893853247166,5155,,,,,
10,0.23583030700683594,5156,,,,,
10,0.024821683764457703,5157,,,,,
10,0.00029605423333123326,5158,,,,,
10,0.12101175636053085,5159,,,,,
10,0.0030838765669614077,5160,,,,,
10,0.00045214619603939354,5161,,,,,
10,0.00020360513008199632,5162,,,,,
10,0.001145262154750526,5163,,,,,
10,0.001998164923861623,5164,,,,,
10,0.00021123987971805036,5165,,,,,
10,0.0015941435704007745,5166,,,,,
10,0.12402418255805969,5167,,,,,
10,0.042537838220596313,5168,,,,,
10,0.0016716073732823133,5169,,,,,
10,0.0010253607761114836,5170,,,,,
10,0.0016316989203915,5171,,,,,
10,0.000316056190058589,5172,,,,,
10,0.002442979719489813,5173,,,,,
10,0.0015194647712633014,5174,,,,,
10,0.00023812962172087282,5175,,,,,
10,0.001901456038467586,5176,,,,,
10,0.007106282748281956,5177,,,,,
10,0.0004452082503121346,5178,,,,,
10,0.07923045009374619,5179,,,,,
10,0.001997077837586403,5180,,,,,
10,0.019572310149669647,5181,,,,,
10,0.0009943015174940228,5182,,,,,
10,0.05896296352148056,5183,,,,,
10,0.11776641011238098,5184,,,,,
10,0.005967562086880207,5185,,,,,
10,0.0023153957445174456,5186,,,,,
10,0.0010107511188834906,5187,,,,,
10,0.0006173359579406679,5188,,,,,
10,0.0009933144319802523,5189,,,,,
10,0.0006441673613153398,5190,,,,,
10,0.05493500828742981,5191,,,,,
10,0.15110477805137634,5192,,,,,
10,0.0032840282656252384,5193,,,,,
10,0.00417139520868659,5194,,,,,
10,0.29735904932022095,5195,,,,,
10,0.009091409854590893,5196,,,,,
10,0.012482983991503716,5197,,,,,
10,0.004529821686446667,5198,,,,,
10,0.003292935201898217,5199,,,,,
10,0.014148755930364132,5200,,,,,
10,0.003517224220559001,5201,,,,,
10,0.007449052762240171,5202,,,,,
10,0.02394843101501465,5203,,,,,
10,0.004981029778718948,5204,,,,,
10,0.0021103257313370705,5205,,,,,
10,0.01492238324135542,5206,,,,,
10,0.021478107199072838,5207,,,,,
10,0.08698423206806183,5208,,,,,
10,0.0002428180887363851,5209,,,,,
10,0.010849470272660255,5210,,,,,
10,0.0009784188587218523,5211,,,,,
10,0.001058686408214271,5212,,,,,
10,0.06731727719306946,5213,,,,,
10,0.0007677018293179572,5214,,,,,
10,0.0021868408657610416,5215,,,,,
10,0.00036829515011049807,5216,,,,,
10,0.006676492281258106,5217,,,,,
10,0.00039679103065282106,5218,,,,,
10,0.002676726086065173,5219,,,,,
10,0.07737375050783157,5220,,,,,
10,0.0673946812748909,5221,,,,,
10,0.000833706755656749,5222,,,,,
10,0.006060784682631493,5223,,,,,
10,0.0644802376627922,5224,,,,,
10,0.00042704425868578255,5225,,,,,
10,0.00959787517786026,5226,,,,,
10,0.000313539378112182,5227,,,,,
10,0.10701940953731537,5228,,,,,
10,0.14878687262535095,5229,,,,,
10,0.005537482909858227,5230,,,,,
10,0.7034460306167603,5231,,,,,
10,0.674782395362854,5232,,,,,
10,0.008567004464566708,5233,,,,,
10,0.0010928285773843527,5234,,,,,
10,0.0014821995282545686,5235,,,,,
10,0.012811838649213314,5236,,,,,
10,0.013266547583043575,5237,,,,,
10,0.029545539990067482,5238,,,,,
10,0.021948765963315964,5239,,,,,
10,0.004126628395169973,5240,,,,,
10,0.024445263668894768,5241,,,,,
10,0.0027757028583437204,5242,,,,,
10,0.1049475222826004,5243,,,,,
10,0.00503368116915226,5244,,,,,
10,0.0037295506335794926,5245,,,,,
10,0.06082642078399658,5246,,,,,
10,0.0036081401631236076,5247,,,,,
10,0.0025953170843422413,5248,,,,,
10,0.020692534744739532,5249,,,,,
10,0.0031100839842110872,5250,,,,,
10,0.008992202579975128,5251,,,,,
10,0.038864947855472565,5252,,,,,
10,0.031561922281980515,5253,,,,,
10,0.006755076814442873,5254,,,,,
10,0.07532518357038498,5255,,,,,
10,0.07709845155477524,5256,,,,,
10,0.003461554180830717,5257,,,,,
10,0.0074561103247106075,5258,,,,,
10,0.05739355832338333,5259,,,,,
10,0.19732774794101715,5260,,,,,
10,0.00311822141520679,5261,,,,,
10,0.004682054277509451,5262,,,,,
10,0.005796037148684263,5263,,,,,
10,0.0009613220463506877,5264,,,,,
10,0.021382668986916542,5265,,,,,
10,0.012418760918080807,5266,,,,,
10,0.001111745135858655,5267,,,,,
10,0.035157278180122375,5268,,,,,
10,0.03333905339241028,5269,,,,,
10,0.002317404840141535,5270,,,,,
10,0.0004690135538112372,5271,,,,,
10,0.0005698494496755302,5272,,,,,
10,0.0062271119095385075,5273,,,,,
10,0.06645618379116058,5274,,,,,
10,0.47016996145248413,5275,,,,,
10,0.036979954689741135,5276,,,,,
10,0.005011110100895166,5277,,,,,
10,0.056128427386283875,5278,,,,,
10,0.022693797945976257,5279,,,,,
10,0.001962727401405573,5280,,,,,
10,0.0028445322532206774,5281,,,,,
10,0.0011079132091253996,5282,,,,,
10,0.029223717749118805,5283,,,,,
10,0.0013689022744074464,5284,,,,,
10,0.008919350802898407,5285,,,,,
10,0.013037457130849361,5286,,,,,
10,0.002240315545350313,5287,,,,,
10,0.0059910970740020275,5288,,,,,
10,0.0008488474995829165,5289,,,,,
10,0.008083376102149487,5290,,,,,
10,0.053178008645772934,5291,,,,,
10,0.01128228846937418,5292,,,,,
10,0.00101873476523906,5293,,,,,
10,0.006892365403473377,5294,,,,,
10,0.011342359706759453,5295,,,,,
10,0.0011934147914871573,5296,,,,,
10,0.0020327388774603605,5297,,,,,
10,0.010051821358501911,5298,,,,,
10,0.014878250658512115,5299,,,,,
10,0.0016784522449597716,5300,,,,,
10,0.010147270746529102,5301,,,,,
10,0.2728078365325928,5302,,,,,
10,0.3226982653141022,5303,,,,,
10,0.0034492823760956526,5304,,,,,
10,0.0002531860664021224,5305,,,,,
10,0.001409191288985312,5306,,,,,
10,0.0051713744178414345,5307,,,,,
10,0.005345619283616543,5308,,,,,
10,0.000853526231367141,5309,,,,,
10,0.019686395302414894,5310,,,,,
10,0.001023433287627995,5311,,,,,
10,0.00035745074274018407,5312,,,,,
10,0.06677340716123581,5313,,,,,
10,0.0020265819039195776,5314,,,,,
10,0.0006600478081963956,5315,,,,,
10,0.001791665912605822,5316,,,,,
10,0.011179531924426556,5317,,,,,
10,0.21565811336040497,5318,,,,,
10,0.006581566762179136,5319,,,,,
10,0.0019439012976363301,5320,,,,,
10,0.0021066858898848295,5321,,,,,
10,0.0022730943746864796,5322,,,,,
10,0.00910472683608532,5323,,,,,
10,0.002179341856390238,5324,,,,,
10,0.011189719662070274,5325,,,,,
10,0.00161503825802356,5326,,,,,
10,0.020073918625712395,5327,,,,,
10,0.0011994600063189864,5328,,,,,
10,0.00742166955024004,5329,,,,,
10,0.0005382125964388251,5330,,,,,
10,0.0027450458146631718,5331,,,,,
10,0.053345222026109695,5332,,,,,
10,0.008792121894657612,5333,,,,,
10,0.0018013376975432038,5334,,,,,
10,0.004610042553395033,5335,,,,,
10,0.01744774542748928,5336,,,,,
10,0.000711699714884162,5337,,,,,
10,0.003522136714309454,5338,,,,,
10,0.017543232068419456,5339,,,,,
10,0.0005091986386105418,5340,,,,,
10,0.0006713002221658826,5341,,,,,
10,0.018407152965664864,5342,,,,,
10,0.0008406664710491896,5343,,,,,
10,0.024674376472830772,5344,,,,,
10,0.006162934936583042,5345,,,,,
10,0.0006565906805917621,5346,,,,,
10,0.0005461288383230567,5347,,,,,
10,0.05840696021914482,5348,,,,,
10,0.00028497856692411005,5349,,,,,
10,0.0029507260769605637,5350,,,,,
10,0.0037333557847887278,5351,,,,,
10,0.00154779851436615,5352,,,,,
10,0.0019941667560487986,5353,,,,,
10,0.01672333851456642,5354,,,,,
10,0.0020528524182736874,5355,,,,,
10,0.0019437965238466859,5356,,,,,
10,0.003907510545104742,5357,,,,,
10,0.014454196207225323,5358,,,,,
10,0.0011465424904599786,5359,,,,,
10,0.00019038969185203314,5360,,,,,
10,0.0006963921478018165,5361,,,,,
10,0.0038401130586862564,5362,,,,,
10,0.0022785947658121586,5363,,,,,
10,0.0016069401754066348,5364,,,,,
10,0.0021030432544648647,5365,,,,,
10,0.0001657372195040807,5366,,,,,
10,0.002440424868836999,5367,,,,,
10,0.0029989765025675297,5368,,,,,
10,0.00018544102204032242,5369,,,,,
10,0.00015053979586809874,5370,,,,,
10,0.24054163694381714,5371,,,,,
10,0.0011953520588576794,5372,,,,,
10,0.014991803094744682,5373,,,,,
10,0.0009058956056833267,5374,,,,,
10,0.11270902305841446,5375,,,,,
10,0.0003512940602377057,5376,,,,,
10,0.005506949499249458,5377,,,,,
10,0.18302033841609955,5378,,,,,
10,0.0020868561696261168,5379,,,,,
10,0.0031970099080353975,5380,,,,,
10,0.00024055276298895478,5381,,,,,
10,0.0001533200265839696,5382,,,,,
10,0.000355751981260255,5383,,,,,
10,0.0006632164004258811,5384,,,,,
10,0.00019224249990656972,5385,,,,,
10,0.0004556593776214868,5386,,,,,
10,0.0009101483738049865,5387,,,,,
10,0.0010398259619250894,5388,,,,,
10,0.0023318633902817965,5389,,,,,
10,0.003767316462472081,5390,,,,,
10,0.00575657794252038,5391,,,,,
10,0.06641741842031479,5392,,,,,
10,0.0027277504559606314,5393,,,,,
10,0.22013792395591736,5394,,,,,
10,0.043529145419597626,5395,,,,,
10,0.0036855717189610004,5396,,,,,
10,0.0031917025335133076,5397,,,,,
10,0.019381728023290634,5398,,,,,
10,0.002284466987475753,5399,,,,,
10,0.0022065688390284777,5400,,,,,
10,0.03874552622437477,5401,,,,,
10,0.005711857229471207,5402,,,,,
10,0.0012365427101030946,5403,,,,,
10,0.006353197619318962,5404,,,,,
10,0.002386403502896428,5405,,,,,
10,0.0061897351406514645,5406,,,,,
10,0.007898369804024696,5407,,,,,
10,0.0010551346931606531,5408,,,,,
10,0.0034484565258026123,5409,,,,,
10,0.011956845410168171,5410,,,,,
10,0.12603123486042023,5411,,,,,
10,0.0010160506935790181,5412,,,,,
10,0.000546139432117343,5413,,,,,
10,0.00047152143088169396,5414,,,,,
10,0.002306627109646797,5415,,,,,
10,0.0028539702761918306,5416,,,,,
10,0.0015407524770125747,5417,,,,,
10,0.002272974932566285,5418,,,,,
10,0.004145622253417969,5419,,,,,
10,0.0011165073374286294,5420,,,,,
10,0.0009979999158531427,5421,,,,,
10,0.002568889642134309,5422,,,,,
10,0.002970318775624037,5423,,,,,
10,0.00295823160558939,5424,,,,,
10,0.003934488166123629,5425,,,,,
10,0.00018916826229542494,5426,,,,,
10,0.007485982961952686,5427,,,,,
10,0.00048259698087349534,5428,,,,,
10,0.020462917163968086,5429,,,,,
10,0.00041307281935587525,5430,,,,,
10,0.0018577455775812268,5431,,,,,
10,0.001476460718549788,5432,,,,,
10,0.00019858995801769197,5433,,,,,
10,0.008293394930660725,5434,,,,,
10,0.0008723202045075595,5435,,,,,
10,0.012397831305861473,5436,,,,,
10,0.13477817177772522,5437,,,,,
10,0.0007090874714776874,5438,,,,,
10,0.0008046181756071746,5439,,,,,
10,0.0005075544468127191,5440,,,,,
10,0.00036165292840451,5441,,,,,
10,0.1580253541469574,5442,,,,,
10,0.0002765094686765224,5443,,,,,
10,0.0005339524359442294,5444,,,,,
10,0.01587475650012493,5445,,,,,
10,0.0010211961343884468,5446,,,,,
10,0.000635825446806848,5447,,,,,
10,0.0012727180728688836,5448,,,,,
10,0.0030399279203265905,5449,,,,,
10,0.0027540072333067656,5450,,,,,
10,0.000538639142177999,5451,,,,,
10,0.0004522859526332468,5452,,,,,
10,0.003442293033003807,5453,,,,,
10,0.006697452627122402,5454,,,,,
10,0.006533994805067778,5455,,,,,
10,0.002085823332890868,5456,,,,,
10,0.0005602552555501461,5457,,,,,
10,0.00020279042655602098,5458,,,,,
10,0.007990987040102482,5459,,,,,
10,0.004021041095256805,5460,,,,,
10,0.019684970378875732,5461,,,,,
10,0.051905643194913864,5462,,,,,
10,0.000197372239199467,5463,,,,,
10,0.000831280427519232,5464,,,,,
10,0.0016524882521480322,5465,,,,,
10,0.0003816670796368271,5466,,,,,
10,0.002556568244472146,5467,,,,,
10,0.00022583836107514799,5468,,,,,
10,0.0749313160777092,5469,,,,,
10,0.002316865138709545,5470,,,,,
10,0.019103089347481728,5471,,,,,
10,0.0016828080406412482,5472,,,,,
10,0.002344240201637149,5473,,,,,
10,0.0009245596011169255,5474,,,,,
10,0.0008199595613405108,5475,,,,,
10,0.00023755156144034117,5476,,,,,
10,0.0004179283860139549,5477,,,,,
10,8.928996248869225e-05,5478,,,,,
10,0.0002906468289438635,5479,,,,,
10,0.0698586255311966,5480,,,,,
10,0.0014694274868816137,5481,,,,,
10,0.4031073749065399,5482,,,,,
10,0.005676680710166693,5483,,,,,
10,0.00014833624300081283,5484,,,,,
10,0.00043778939289040864,5485,,,,,
10,0.00020013026369269937,5486,,,,,
10,0.000744266901165247,5487,,,,,
10,0.02158239111304283,5488,,,,,
,,4990,2.5698182071209885e-05,,,,
,,4991,0.0001422268687747419,,,,
,,4992,4.436895324033685e-05,,,,
,,4993,2.0887340724584647e-05,,,,
,,4994,4.193418862996623e-05,,,,
,,4995,5.246074579190463e-05,,,,
,,4996,5.8050110965268686e-05,,,,
,,4997,0.000508167955558747,,,,
,,4998,0.00011675459973048419,,,,
,,4999,3.6860314139630646e-05,,,,
,,5000,1.904917553474661e-05,,,,
,,5001,2.5159855795209296e-05,,,,
,,5002,7.663854921702296e-05,,,,
,,5003,3.091990583925508e-05,,,,
,,5004,3.915590787073597e-05,,,,
,,5005,0.0004536494961939752,,,,
,,5006,3.252857277402654e-05,,,,
,,5007,0.011728745885193348,,,,
,,5008,4.406883454066701e-05,,,,
,,5009,4.1957762732636184e-05,,,,
,,5010,2.7653350116452202e-05,,,,
,,5011,2.276114173582755e-05,,,,
,,5012,1.919549504236784e-05,,,,
,,5013,0.0001471748691983521,,,,
,,5014,0.00039513493538834155,,,,
,,5015,0.0001026932877721265,,,,
,,5016,1.7138434486696497e-05,,,,
,,5017,1.601249459781684e-05,,,,
,,5018,4.5503889850806445e-05,,,,
,,5019,1.9165303456247784e-05,,,,
,,5020,6.320068496279418e-05,,,,
,,5021,0.0007672868086956441,,,,
,,5022,3.2208641641773283e-05,,,,
,,5023,0.0001764569169608876,,,,
,,5024,1.6283582226606086e-05,,,,
,,5025,1.1608225577219855e-05,,,,
,,5026,2.5513618311379105e-05,,,,
,,5027,5.181724191061221e-05,,,,
,,5028,1.7755384760675952e-05,,,,
,,5029,4.9990558181889355e-05,,,,
,,5030,0.00018634153821039945,,,,
,,5031,2.4159095119102858e-05,,,,
,,5032,0.00015090002852957696,,,,
,,5033,0.1154254600405693,,,,
,,5034,4.573334808810614e-05,,,,
,,5035,0.00012705718108918518,,,,
,,5036,2.8128561098128557e-05,,,,
,,5037,1.9470218830974773e-05,,,,
,,5038,0.000616482924669981,,,,
,,5039,2.980562931043096e-05,,,,
,,5040,0.000123758043628186,,,,
,,5041,2.4144837880157866e-05,,,,
,,5042,2.6580757548799738e-05,,,,
,,5043,4.283778616809286e-05,,,,
,,5044,1.924313801282551e-05,,,,
,,5045,1.98027009901125e-05,,,,
,,5046,0.0001433479628758505,,,,
,,5047,3.5068260331172496e-05,,,,
,,5048,0.00024196424055844545,,,,
,,5049,1.1886565516761038e-05,,,,
,,5050,1.6485992091475055e-05,,,,
,,5051,1.9503160729072988e-05,,,,
,,5052,2.5996248950832523e-05,,,,
,,5053,2.196341119997669e-05,,,,
,,5054,0.00047291957889683545,,,,
,,5055,4.448135950951837e-05,,,,
,,5056,0.001006159232929349,,,,
,,5057,2.3320078980759718e-05,,,,
,,5058,1.1443637049524114e-05,,,,
,,5059,0.18645308911800385,,,,
,,5060,5.135741230333224e-05,,,,
,,5061,4.60327100881841e-05,,,,
,,5062,0.000158401089720428,,,,
,,5063,3.16220975946635e-05,,,,
,,5064,0.0398603118956089,,,,
,,5065,5.5067190260160714e-05,,,,
,,5066,4.2653187847463414e-05,,,,
,,5067,0.00010863861098187044,,,,
,,5068,4.479299968807027e-05,,,,
,,5069,2.5918485334841534e-05,,,,
,,5070,0.00033213189453817904,,,,
,,5071,7.60156472097151e-05,,,,
,,5072,9.806240268517286e-05,,,,
,,5073,0.25654032826423645,,,,
,,5074,0.00011226513015571982,,,,
,,5075,2.5594141334295273e-05,,,,
,,5076,1.8549086234997958e-05,,,,
,,5077,1.5621128113707528e-05,,,,
,,5078,1.6818190488265827e-05,,,,
,,5079,0.00033511267974972725,,,,
,,5080,7.634705252712592e-05,,,,
,,5081,8.310843259096146e-05,,,,
,,5082,3.142236528219655e-05,,,,
,,5083,3.4104330552509055e-05,,,,
,,5084,0.07201490551233292,,,,
,,5085,0.08879625052213669,,,,
,,5086,9.012755617732182e-05,,,,
,,5087,0.0003328259626869112,,,,
,,5088,1.1151827573776245,,,,
,,5089,0.00011719590838765725,,,,
,,5090,5.6165568821597844e-05,,,,
,,5091,6.908000796101987e-05,,,,
,,5092,7.244724838528782e-05,,,,
,,5093,0.00012193461589049548,,,,
,,5094,4.048639675602317e-05,,,,
,,5095,0.00011425776028772816,,,,
,,5096,2.5229088350897655e-05,,,,
,,5097,8.218926814151928e-05,,,,
,,5098,6.970584945520386e-05,,,,
,,5099,4.6326807932928205e-05,,,,
,,5100,0.0003278907388448715,,,,
,,5101,5.6335364206461236e-05,,,,
,,5102,3.328176535433158e-05,,,,
,,5103,0.000326410197885707,,,,
,,5104,6.400784332072362e-05,,,,
,,5105,8.589096978539601e-05,,,,
,,5106,3.391413338249549e-05,,,,
,,5107,3.321050462545827e-05,,,,
,,5108,7.821455074008554e-05,,,,
,,5109,3.1250037864083424e-05,,,,
,,5110,2.6995663574780338e-05,,,,
,,5111,0.05879051238298416,,,,
,,5112,6.786288577131927e-05,,,,
,,5113,0.00010786708298837766,,,,
,,5114,3.884293255396187e-05,,,,
,,5115,2.009310992434621e-05,,,,
,,5116,8.434550545644015e-05,,,,
,,5117,3.750083487830125e-05,,,,
,,5118,2.04299340111902e-05,,,,
,,5119,0.0002454764035064727,,,,
,,5120,3.749364259419963e-05,,,,
,,5121,7.483410445274785e-05,,,,
,,5122,1.9937702745664865e-05,,,,
,,5123,7.436497980961576e-05,,,,
,,5124,0.00032004216336645186,,,,
,,5125,0.0002020227548200637,,,,
,,5126,3.7103960494278e-05,,,,
,,5127,3.199002458131872e-05,,,,
,,5128,0.00046428522909991443,,,,
,,5129,7.942755473777652e-05,,,,
,,5130,7.729399658273906e-05,,,,
,,5131,5.869361848453991e-05,,,,
,,5132,4.2534324165899307e-05,,,,
,,5133,4.333513788878918e-05,,,,
,,5134,0.06134874001145363,,,,
,,5135,2.9617527616210282e-05,,,,
,,5136,0.0005306395469233394,,,,
,,5137,0.07517948001623154,,,,
,,5138,4.5480985136236995e-05,,,,
,,5139,2.835050690919161e-05,,,,
,,5140,2.5381938030477613e-05,,,,
,,5141,1.3392074833973311e-05,,,,
,,5142,6.450377986766398e-05,,,,
,,5143,1.3506124560080934e-05,,,,
,,5144,2.1005051166866906e-05,,,,
,,5145,7.347805512836203e-05,,,,
,,5146,3.403744995011948e-05,,,,
,,5147,0.00026714359410107136,,,,
,,5148,1.7802407455747016e-05,,,,
,,5149,0.00012655058526434004,,,,
,,5150,3.46509441442322e-05,,,,
,,5151,3.2793574064271525e-05,,,,
,,5152,0.00048793276073411107,,,,
,,5153,0.00031231288448907435,,,,
,,5154,0.8618337512016296,,,,
,,5155,1.501435963291442e-05,,,,
,,5156,0.00010290327190887183,,,,
,,5157,3.671464946819469e-05,,,,
,,5158,0.00014371761062648147,,,,
,,5159,1.8828324755304493e-05,,,,
,,5160,1.937255365191959e-05,,,,
,,5161,0.0005092720966786146,,,,
,,5162,9.032209345605224e-05,,,,
,,5163,9.31062240852043e-05,,,,
,,5164,0.062141191214323044,,,,
,,5165,0.11384161561727524,,,,
,,5166,3.555167495505884e-05,,,,
,,5167,0.000168592669069767,,,,
,,5168,2.289573967573233e-05,,,,
,,5169,2.903918175434228e-05,,,,
,,5170,0.00021128014486748725,,,,
,,5171,2.286574090248905e-05,,,,
,,5172,0.00010072515578940511,,,,
,,5173,2.817947643052321e-05,,,,
,,5174,7.107354758772999e-05,,,,
,,5175,2.2451005861512385e-05,,,,
,,5176,1.9652712580864318e-05,,,,
,,5177,0.00031404945184476674,,,,
,,5178,3.593882865970954e-05,,,,
,,5179,0.0001585858262842521,,,,
,,5180,0.0001915830362122506,,,,
,,5181,1.3793885045743082e-05,,,,
,,5182,4.009247277281247e-05,,,,
,,5183,4.9505371862323955e-05,,,,
,,5184,2.598499304440338e-05,,,,
,,5185,8.638818690087646e-05,,,,
,,5186,0.0003763785061892122,,,,
,,5187,2.2740543499821797e-05,,,,
,,5188,0.00014045776333659887,,,,
,,5189,1.2181743841210846e-05,,,,
,,5190,4.52961576229427e-05,,,,
,,5191,0.08767162263393402,,,,
,,5192,3.28683563566301e-05,,,,
,,5193,5.463055276777595e-05,,,,
,,5194,0.0003924040647689253,,,,
,,5195,2.9810607884428464e-05,,,,
,,5196,0.00015372029156424105,,,,
,,5197,2.543607661209535e-05,,,,
,,5198,9.893593960441649e-05,,,,
,,5199,4.303784226067364e-05,,,,
,,5200,2.0419496649992652e-05,,,,
,,5201,2.3295397113543004e-05,,,,
,,5202,0.00020171431242488325,,,,
,,5203,5.5562810302944854e-05,,,,
,,5204,0.0001352945255348459,,,,
,,5205,7.561902748420835e-05,,,,
,,5206,1.967389471246861e-05,,,,
,,5207,2.30502373597119e-05,,,,
,,5208,4.305190668674186e-05,,,,
,,5209,2.1528065190068446e-05,,,,
,,5210,0.0006098878802731633,,,,
,,5211,6.606093666050583e-05,,,,
,,5212,0.00014317060413304716,,,,
,,5213,0.13209013640880585,,,,
,,5214,2.451715226925444e-05,,,,
,,5215,2.934846270363778e-05,,,,
,,5216,0.010657913982868195,,,,
,,5217,0.0053980182856321335,,,,
,,5218,2.4849481633282267e-05,,,,
,,5219,0.00033027995959855616,,,,
,,5220,8.711190457688645e-05,,,,
,,5221,1.6789914297987707e-05,,,,
,,5222,1.9117958800052293e-05,,,,
,,5223,2.7816542569780722e-05,,,,
,,5224,2.5614877813495696e-05,,,,
,,5225,1.1200244443898555e-05,,,,
,,5226,0.00046350102638825774,,,,
,,5227,1.207083732879255e-05,,,,
,,5228,6.253179162740707e-05,,,,
,,5229,2.1087651475681923e-05,,,,
,,5230,2.5789879146032035e-05,,,,
,,5231,4.0482187614543363e-05,,,,
,,5232,5.518589750863612e-05,,,,
,,5233,2.198432048317045e-05,,,,
,,5234,2.9384518711594865e-05,,,,
,,5235,0.00024789260351099074,,,,
,,5236,1.7320760889560916e-05,,,,
,,5237,9.102890908252448e-05,,,,
,,5238,1.747175701893866e-05,,,,
,,5239,1.9051343770115636e-05,,,,
,,5240,2.554189268266782e-05,,,,
,,5241,0.06772154569625854,,,,
,,5242,2.424434569547884e-05,,,,
,,5243,0.016863420605659485,,,,
,,5244,7.6687203545589e-05,,,,
,,5245,3.516986907925457e-05,,,,
,,5246,1.2749121196975466e-05,,,,
,,5247,1.8754572010948323e-05,,,,
,,5248,6.368718459270895e-05,,,,
,,5249,1.0609289347485173e-05,,,,
,,5250,2.1472835214808583e-05,,,,
,,5251,0.0002197012072429061,,,,
,,5252,1.126228289649589e-05,,,,
,,5253,5.978287663310766e-05,,,,
,,5254,1.7476539142080583e-05,,,,
,,5255,2.3253693143487908e-05,,,,
,,5256,0.00010656432277755812,,,,
,,5257,2.126862818840891e-05,,,,
,,5258,2.1478095732163638e-05,,,,
,,5259,0.00024016728275455534,,,,
,,5260,7.038134936010465e-05,,,,
,,5261,6.133755232440308e-05,,,,
,,5262,6.528783706016839e-05,,,,
,,5263,4.894122321275063e-05,,,,
,,5264,3.695768100442365e-05,,,,
,,5265,1.5703950339229777e-05,,,,
,,5266,1.6905521988519467e-05,,,,
,,5267,0.0003114006540272385,,,,
,,5268,2.1735819245805033e-05,,,,
,,5269,0.06131168082356453,,,,
,,5270,2.8974758606636897e-05,,,,
,,5271,9.70221844909247e-06,,,,
,,5272,2.174434303015005e-05,,,,
,,5273,9.40686459216522e-06,,,,
,,5274,9.759239219420124e-06,,,,
,,5275,0.000236450185184367,,,,
,,5276,4.6304478019010276e-05,,,,
,,5277,4.544376497506164e-05,,,,
,,5278,1.109150889533339e-05,,,,
,,5279,0.3183232843875885,,,,
,,5280,2.9165430532884784e-05,,,,
,,5281,2.1911471776547842e-05,,,,
,,5282,1.8092272512149066e-05,,,,
,,5283,0.00036651475238613784,,,,
,,5284,5.69741205254104e-05,,,,
,,5285,1.5765708667458966e-05,,,,
,,5286,1.3606101674668025e-05,,,,
,,5287,0.00017703452613204718,,,,
,,5288,0.00021295722399372607,,,,
,,5289,2.2926269593881443e-05,,,,
,,5290,1.507138313172618e-05,,,,
,,5291,1.753761353029404e-05,,,,
,,5292,0.00010343643225496635,,,,
,,5293,0.10769117623567581,,,,
,,5294,0.10394664853811264,,,,
,,5295,6.43109087832272e-05,,,,
,,5296,9.129344107350335e-05,,,,
,,5297,9.956294888979755e-06,,,,
,,5298,1.149546733358875e-05,,,,
,,5299,0.00014466368884313852,,,,
,,5300,2.1733969333581626e-05,,,,
,,5301,3.9059486880432814e-05,,,,
,,5302,2.3554553990834393e-05,,,,
,,5303,1.798748053261079e-05,,,,
,,5304,7.362048199865967e-05,,,,
,,5305,1.4314731743070297e-05,,,,
,,5306,4.125279519939795e-05,,,,
,,5307,2.3622233129572123e-05,,,,
,,5308,0.00011771129356930032,,,,
,,5309,2.634786687849555e-05,,,,
,,5310,1.1040811841667164e-05,,,,
,,5311,1.1807105693151243e-05,,,,
,,5312,6.133272836450487e-05,,,,
,,5313,4.1223782318411395e-05,,,,
,,5314,1.6035413864301518e-05,,,,
,,5315,0.00024028569168876857,,,,
,,5316,5.272177804727107e-05,,,,
,,5317,1.505573254689807e-05,,,,
,,5318,1.4451846254814882e-05,,,,
,,5319,1.146631439041812e-05,,,,
,,5320,0.14778725802898407,,,,
,,5321,6.959129677852616e-05,,,,
,,5322,3.1126361136557534e-05,,,,
,,5323,1.1837518286483828e-05,,,,
,,5324,0.0003315752255730331,,,,
,,5325,2.3664308173465542e-05,,,,
,,5326,1.716019141895231e-05,,,,
,,5327,1.8680368157220073e-05,,,,
,,5328,5.0355381972622126e-05,,,,
,,5329,1.641389462747611e-05,,,,
,,5330,1.7165370081784204e-05,,,,
,,5331,0.00040277239168062806,,,,
,,5332,0.00023240045993588865,,,,
,,5333,6.512815889436752e-05,,,,
,,5334,5.8944231568602845e-05,,,,
,,5335,3.2063198887044564e-05,,,,
,,5336,1.71497740666382e-05,,,,
,,5337,0.0001252502406714484,,,,
,,5338,2.1259160348563455e-05,,,,
,,5339,0.00017188169294968247,,,,
,,5340,0.0003808238834608346,,,,
,,5341,7.922986696939915e-05,,,,
,,5342,0.03500167652964592,,,,
,,5343,6.451341323554516e-05,,,,
,,5344,3.659615686046891e-05,,,,
,,5345,0.03599543124437332,,,,
,,5346,0.014690623618662357,,,,
,,5347,0.0003391132631804794,,,,
,,5348,2.5688928872114047e-05,,,,
,,5349,0.00010239140829071403,,,,
,,5350,1.7494308849563822e-05,,,,
,,5351,0.00583113357424736,,,,
,,5352,3.295589340268634e-05,,,,
,,5353,2.8604028557310812e-05,,,,
,,5354,1.8294411347596906e-05,,,,
,,5355,1.2163922292529605e-05,,,,
,,5356,0.000338549492880702,,,,
,,5357,5.636649075313471e-05,,,,
,,5358,4.705594983533956e-05,,,,
,,5359,0.00024112194660119712,,,,
,,5360,7.260878192028031e-05,,,,
,,5361,6.231596489669755e-05,,,,
,,5362,1.5444344171555713e-05,,,,
,,5363,4.8713114665588364e-05,,,,
,,5364,0.00014916766667738557,,,,
,,5365,1.666228854446672e-05,,,,
,,5366,0.00011454965715529397,,,,
,,5367,1.4837868548056576e-05,,,,
,,5368,3.3058866392821074e-05,,,,
,,5369,3.3835975045803934e-05,,,,
,,5370,2.3123027858673595e-05,,,,
,,5371,0.047277309000492096,,,,
,,5372,4.0862072637537494e-05,,,,
,,5373,0.0008749425760470331,,,,
,,5374,0.0001017315371427685,,,,
,,5375,4.981023812433705e-05,,,,
,,5376,2.7591493562795222e-05,,,,
,,5377,5.6111981393769383e-05,,,,
,,5378,4.094290852663107e-05,,,,
,,5379,5.0204351282445714e-05,,,,
,,5380,0.0007653661305084825,,,,
,,5381,0.0002939932164736092,,,,
,,5382,4.509858263190836e-05,,,,
,,5383,5.891868204344064e-05,,,,
,,5384,0.00011081282718805596,,,,
,,5385,0.00011750550766009837,,,,
,,5386,0.00015087073552422225,,,,
,,5387,6.699735240545124e-05,,,,
,,5388,0.001570334890857339,,,,
,,5389,0.0003676544001791626,,,,
,,5390,9.913617395795882e-05,,,,
,,5391,6.494356057373807e-05,,,,
,,5392,4.407743108458817e-05,,,,
,,5393,4.9194808525498956e-05,,,,
,,5394,8.048552990658209e-05,,,,
,,5395,6.686734559480101e-05,,,,
,,5396,0.0011178846471011639,,,,
,,5397,0.0679604560136795,,,,
,,5398,7.783806358929724e-05,,,,
,,5399,9.432968363398686e-05,,,,
,,5400,3.296881550340913e-05,,,,
,,5401,2.972525908262469e-05,,,,
,,5402,4.2677518649725243e-05,,,,
,,5403,3.462658787611872e-05,,,,
,,5404,0.00048827045247890055,,,,
,,5405,0.00014071344048716128,,,,
,,5406,5.7551289501134306e-05,,,,
,,5407,2.9765869840048254e-05,,,,
,,5408,1.962243186426349e-05,,,,
,,5409,3.525111242197454e-05,,,,
,,5410,7.951472070999444e-05,,,,
,,5411,3.266373460064642e-05,,,,
,,5412,0.0008305791998282075,,,,
,,5413,3.070452657993883e-05,,,,
,,5414,0.00018725638801697642,,,,
,,5415,3.608655970310792e-05,,,,
,,5416,1.473042448196793e-05,,,,
,,5417,3.984741124440916e-05,,,,
,,5418,3.141912748105824e-05,,,,
,,5419,3.139346881653182e-05,,,,
,,5420,0.0008834224427118897,,,,
,,5421,0.05276748538017273,,,,
,,5422,0.00020956163643859327,,,,
,,5423,0.046341970562934875,,,,
,,5424,0.06997869908809662,,,,
,,5425,0.00010673565702745691,,,,
,,5426,2.7103284082841128e-05,,,,
,,5427,3.070859384024516e-05,,,,
,,5428,3.0498416890623048e-05,,,,
,,5429,0.0007448242395184934,,,,
,,5430,0.0001271825167350471,,,,
,,5431,3.785153239732608e-05,,,,
,,5432,1.9900999177480116e-05,,,,
,,5433,3.279376323916949e-05,,,,
,,5434,4.657949830288999e-05,,,,
,,5435,2.359574500587769e-05,,,,
,,5436,0.0001693889789748937,,,,
,,5437,4.536109190667048e-05,,,,
,,5438,0.0003030800144188106,,,,
,,5439,2.340926948818378e-05,,,,
,,5440,1.3396524991549086e-05,,,,
,,5441,2.2290440028882585e-05,,,,
,,5442,2.2699323380948044e-05,,,,
,,5443,2.5984034436987713e-05,,,,
,,5444,0.0005248617962934077,,,,
,,5445,5.0692087825154886e-05,,,,
,,5446,0.00021287580602802336,,,,
,,5447,1.3748347555520013e-05,,,,
,,5448,1.3027488421357702e-05,,,,
,,5449,6.389878399204463e-05,,,,
,,5450,0.0014932927442714572,,,,
,,5451,9.293406765209511e-05,,,,
,,5452,0.0002466756559442729,,,,
,,5453,0.0005482385749928653,,,,
,,5454,0.00017866544658318162,,,,
,,5455,0.0010698665864765644,,,,
,,5456,3.140119224553928e-05,,,,
,,5457,7.161991379689425e-05,,,,
,,5458,0.12144042551517487,,,,
,,5459,1.967868593055755e-05,,,,
,,5460,4.81173447042238e-05,,,,
,,5461,0.0005730348057113588,,,,
,,5462,0.0001140171370934695,,,,
,,5463,3.22172163578216e-05,,,,
,,5464,6.749030580976978e-05,,,,
,,5465,2.0481596948229708e-05,,,,
,,5466,0.012459122575819492,,,,
,,5467,2.727949140535202e-05,,,,
,,5468,2.607280657684896e-05,,,,
,,5469,0.0005043930723331869,,,,
,,5470,0.00010805607598740608,,,,
,,5471,0.0028564673848450184,,,,
,,5472,5.561634316109121e-05,,,,
,,5473,0.22107264399528503,,,,
,,5474,2.383385071880184e-05,,,,
,,5475,7.643548451596871e-05,,,,
,,5476,0.00041453324956819415,,,,
,,5477,5.5350745242321864e-05,,,,
,,5478,0.00013595617201644927,,,,
,,5479,0.02670610137283802,,,,
,,5480,8.439059456577525e-05,,,,
,,5481,0.004824959672987461,,,,
,,5482,4.834795618080534e-05,,,,
,,5483,6.516173743875697e-05,,,,
,,5484,0.0005045670550316572,,,,
,,5485,0.0004601997206918895,,,,
,,5486,0.0001277819974347949,,,,
,,5487,0.00012728560250252485,,,,
,,5488,9.885256440611556e-05,,,,
10,,5488,,0.010011055506765842,,,
10,,5488,,,0.9318637251853943,0.9358717203140259,0.025523139163851738
11,0.0004932931042276323,5489,,,,,
11,0.0006574673461727798,5490,,,,,
11,0.00023235440312419087,5491,,,,,
11,0.0002013218472711742,5492,,,,,
11,0.08964797109365463,5493,,,,,
11,0.020873794332146645,5494,,,,,
11,0.0002570088254287839,5495,,,,,
11,0.0009961271425709128,5496,,,,,
11,0.0007956530898809433,5497,,,,,
11,6.51099398965016e-05,5498,,,,,
11,0.00041495467303320765,5499,,,,,
11,0.0027060112915933132,5500,,,,,
11,0.000135884722112678,5501,,,,,
11,0.0031636804342269897,5502,,,,,
11,0.0012478000717237592,5503,,,,,
11,0.00031176095944829285,5504,,,,,
11,0.00027889112243428826,5505,,,,,
11,0.0024711040314286947,5506,,,,,
11,0.0035052632447332144,5507,,,,,
11,0.0007840285543352365,5508,,,,,
11,0.03906689211726189,5509,,,,,
11,0.0008459392702206969,5510,,,,,
11,0.0023959744721651077,5511,,,,,
11,0.010207301005721092,5512,,,,,
11,0.000771767576225102,5513,,,,,
11,0.0005343580851331353,5514,,,,,
11,0.17762553691864014,5515,,,,,
11,0.02721599116921425,5516,,,,,
11,0.013369993306696415,5517,,,,,
11,0.00446817884221673,5518,,,,,
11,0.00035905890399590135,5519,,,,,
11,0.006475865840911865,5520,,,,,
11,0.006887611001729965,5521,,,,,
11,0.0006734945927746594,5522,,,,,
11,0.01624620147049427,5523,,,,,
11,0.0004212667408864945,5524,,,,,
11,0.18607038259506226,5525,,,,,
11,0.0001832441339502111,5526,,,,,
11,0.00053079251665622,5527,,,,,
11,0.0022942591458559036,5528,,,,,
11,0.2244296818971634,5529,,,,,
11,0.0001642623101361096,5530,,,,,
11,0.017299743369221687,5531,,,,,
11,0.0013237916864454746,5532,,,,,
11,0.0009148878161795437,5533,,,,,
11,0.005162318702787161,5534,,,,,
11,0.008123531006276608,5535,,,,,
11,0.16992230713367462,5536,,,,,
11,0.0005294274888001382,5537,,,,,
11,0.08292713016271591,5538,,,,,
11,0.0005375873879529536,5539,,,,,
11,0.0024669538252055645,5540,,,,,
11,0.00905454158782959,5541,,,,,
11,0.0006024212343618274,5542,,,,,
11,0.0007674808730371296,5543,,,,,
11,0.0018484421307221055,5544,,,,,
11,0.016498276963829994,5545,,,,,
11,0.038337722420692444,5546,,,,,
11,0.0002983640879392624,5547,,,,,
11,0.0032690532971173525,5548,,,,,
11,0.0007848117384128273,5549,,,,,
11,0.0031727140303701162,5550,,,,,
11,0.021297629922628403,5551,,,,,
11,0.005315963178873062,5552,,,,,
11,0.004627492278814316,5553,,,,,
11,0.000775899039581418,5554,,,,,
11,0.04442058131098747,5555,,,,,
11,0.0010133807081729174,5556,,,,,
11,0.1844441145658493,5557,,,,,
11,0.011695091612637043,5558,,,,,
11,0.001218532444909215,5559,,,,,
11,0.000373821152606979,5560,,,,,
11,0.0002803853712975979,5561,,,,,
11,0.0014029041631147265,5562,,,,,
11,0.001312927925027907,5563,,,,,
11,0.001177098834887147,5564,,,,,
11,0.011991173028945923,5565,,,,,
11,0.004389290232211351,5566,,,,,
11,0.0005258191376924515,5567,,,,,
11,0.0008673156262375414,5568,,,,,
11,0.017600832507014275,5569,,,,,
11,0.0042853644117712975,5570,,,,,
11,0.0021123068872839212,5571,,,,,
11,0.008484650403261185,5572,,,,,
11,0.006222947034984827,5573,,,,,
11,0.0011004686821252108,5574,,,,,
11,0.0019238194217905402,5575,,,,,
11,0.0008660219609737396,5576,,,,,
11,0.006674337200820446,5577,,,,,
11,0.004983257502317429,5578,,,,,
11,0.0030895345844328403,5579,,,,,
11,0.0007230874034576118,5580,,,,,
11,0.001578269642777741,5581,,,,,
11,0.0006076600402593613,5582,,,,,
11,0.010302779264748096,5583,,,,,
11,0.011407841928303242,5584,,,,,
11,0.013611935079097748,5585,,,,,
11,0.00046756802476011217,5586,,,,,
11,0.013872881419956684,5587,,,,,
11,0.018765045329928398,5588,,,,,
11,0.0005667058867402375,5589,,,,,
11,0.000283779896562919,5590,,,,,
11,0.0003061265160795301,5591,,,,,
11,0.0036623943597078323,5592,,,,,
11,0.00026008268469013274,5593,,,,,
11,0.0034065835643559694,5594,,,,,
11,0.027740832418203354,5595,,,,,
11,0.0008059995016083121,5596,,,,,
11,0.002806862350553274,5597,,,,,
11,0.0010584868723526597,5598,,,,,
11,0.0035389282274991274,5599,,,,,
11,0.00019136762421112508,5600,,,,,
11,0.0038830945268273354,5601,,,,,
11,0.0005660889437422156,5602,,,,,
11,0.0018853547517210245,5603,,,,,
11,0.0002192893298342824,5604,,,,,
11,0.0006275131599977612,5605,,,,,
11,0.0003407851327210665,5606,,,,,
11,0.0014205528423190117,5607,,,,,
11,0.002820809604600072,5608,,,,,
11,0.0014954055659472942,5609,,,,,
11,0.001922502531670034,5610,,,,,
11,0.00045599756413139403,5611,,,,,
11,0.021308379247784615,5612,,,,,
11,0.0001380405738018453,5613,,,,,
11,0.0004114066541660577,5614,,,,,
11,0.00016853262786753476,5615,,,,,
11,0.02821826934814453,5616,,,,,
11,0.00201249192468822,5617,,,,,
11,0.0009874652605503798,5618,,,,,
11,2.8571979783009738e-05,5619,,,,,
11,0.0033599871676415205,5620,,,,,
11,0.00025360987638123333,5621,,,,,
11,0.004582209046930075,5622,,,,,
11,0.0003890376538038254,5623,,,,,
11,0.0007296375697478652,5624,,,,,
11,0.00013633756316266954,5625,,,,,
11,0.0006451532826758921,5626,,,,,
11,0.0022052577696740627,5627,,,,,
11,0.0005238573648966849,5628,,,,,
11,0.0003657122724689543,5629,,,,,
11,0.0009527483489364386,5630,,,,,
11,0.01968284323811531,5631,,,,,
11,0.0011499607935547829,5632,,,,,
11,0.0007294725510291755,5633,,,,,
11,0.0019522644579410553,5634,,,,,
11,0.0004462054348550737,5635,,,,,
11,0.0006076294230297208,5636,,,,,
11,0.001806564279831946,5637,,,,,
11,0.01961071975529194,5638,,,,,
11,9.324810525868088e-05,5639,,,,,
11,0.001418874366208911,5640,,,,,
11,0.0007567571592517197,5641,,,,,
11,0.001600922434590757,5642,,,,,
11,0.00027336360653862357,5643,,,,,
11,0.0003347302845213562,5644,,,,,
11,0.010364734567701817,5645,,,,,
11,0.0001926775585161522,5646,,,,,
11,0.0038423051591962576,5647,,,,,
11,0.00023528357269242406,5648,,,,,
11,0.011172723956406116,5649,,,,,
11,0.0013064922532066703,5650,,,,,
11,0.0003466370690148324,5651,,,,,
11,0.00609161239117384,5652,,,,,
11,0.00044953255564905703,5653,,,,,
11,0.000413185654906556,5654,,,,,
11,0.00017780435155145824,5655,,,,,
11,0.009963846765458584,5656,,,,,
11,0.00016006201622076333,5657,,,,,
11,0.0003786275628954172,5658,,,,,
11,0.0003523557970765978,5659,,,,,
11,0.002550361445173621,5660,,,,,
11,0.3222625255584717,5661,,,,,
11,0.00017394516908098012,5662,,,,,
11,0.003942534327507019,5663,,,,,
11,9.548242087475955e-05,5664,,,,,
11,0.001014222507365048,5665,,,,,
11,0.0008505872683599591,5666,,,,,
11,0.002861215965822339,5667,,,,,
11,0.0005748478579334915,5668,,,,,
11,0.0010974237229675055,5669,,,,,
11,0.0005137767875567079,5670,,,,,
11,0.0445697121322155,5671,,,,,
11,0.00264404877088964,5672,,,,,
11,9.989104728447273e-05,5673,,,,,
11,0.01803995668888092,5674,,,,,
11,0.00013415690045803785,5675,,,,,
11,0.03604860231280327,5676,,,,,
11,0.0010457501048222184,5677,,,,,
11,0.0037993919104337692,5678,,,,,
11,0.0006816784734837711,5679,,,,,
11,0.00012088955554645509,5680,,,,,
11,0.0013199197128415108,5681,,,,,
11,0.00029784932848997414,5682,,,,,
11,0.061788979917764664,5683,,,,,
11,0.008203364908695221,5684,,,,,
11,0.010595398023724556,5685,,,,,
11,0.000276428647339344,5686,,,,,
11,0.0008741053752601147,5687,,,,,
11,0.0005344135570339859,5688,,,,,
11,0.00022801946033723652,5689,,,,,
11,0.006588962394744158,5690,,,,,
11,0.0009267224813811481,5691,,,,,
11,6.868263881187886e-05,5692,,,,,
11,0.00010003404167946428,5693,,,,,
11,0.0025332008954137564,5694,,,,,
11,0.0004545022966340184,5695,,,,,
11,0.00021950455266050994,5696,,,,,
11,0.0058184280060231686,5697,,,,,
11,0.002865641610696912,5698,,,,,
11,0.0005436103092506528,5699,,,,,
11,0.00045089851482771337,5700,,,,,
11,0.00024258208577521145,5701,,,,,
11,0.0002879272506106645,5702,,,,,
11,0.00043362262658774853,5703,,,,,
11,0.00011748145334422588,5704,,,,,
11,0.009045694023370743,5705,,,,,
11,0.007323411293327808,5706,,,,,
11,0.007062108721584082,5707,,,,,
11,0.13257624208927155,5708,,,,,
11,0.00011499873653519899,5709,,,,,
11,8.497153612552211e-05,5710,,,,,
11,0.00047399356844834983,5711,,,,,
11,0.0014935043873265386,5712,,,,,
11,5.231000614003278e-05,5713,,,,,
11,0.08169621229171753,5714,,,,,
11,0.01893569529056549,5715,,,,,
11,0.005118338856846094,5716,,,,,
11,0.019276240840554237,5717,,,,,
11,0.011268628761172295,5718,,,,,
11,0.052222367376089096,5719,,,,,
11,0.009139821864664555,5720,,,,,
11,0.06225546821951866,5721,,,,,
11,0.01278963778167963,5722,,,,,
11,0.027454353868961334,5723,,,,,
11,0.0008831027080304921,5724,,,,,
11,0.004340671002864838,5725,,,,,
11,4.518974674283527e-05,5726,,,,,
11,0.000769763661082834,5727,,,,,
11,0.0013885590014979243,5728,,,,,
11,0.02826704829931259,5729,,,,,
11,0.00022574567992705852,5730,,,,,
11,0.0018349889433011413,5731,,,,,
11,0.002884501125663519,5732,,,,,
11,0.0024485436733812094,5733,,,,,
11,0.0007974191685207188,5734,,,,,
11,0.0030773121397942305,5735,,,,,
11,0.00013357598800212145,5736,,,,,
11,0.0003849688218906522,5737,,,,,
11,0.002601784188300371,5738,,,,,
11,0.002648482332006097,5739,,,,,
11,0.003583530429750681,5740,,,,,
11,0.012095080688595772,5741,,,,,
11,0.04271811246871948,5742,,,,,
11,0.003741923486813903,5743,,,,,
11,0.0031236247159540653,5744,,,,,
11,8.302872447529808e-05,5745,,,,,
11,0.0003761008265428245,5746,,,,,
11,0.0004057787009514868,5747,,,,,
11,0.04260354861617088,5748,,,,,
11,0.0005005807615816593,5749,,,,,
11,0.0067186858505010605,5750,,,,,
11,0.0007864486542530358,5751,,,,,
11,0.0018813404021784663,5752,,,,,
11,0.05798893794417381,5753,,,,,
11,0.0006004494498483837,5754,,,,,
11,0.0002512265637051314,5755,,,,,
11,0.004673848394304514,5756,,,,,
11,0.007789053954184055,5757,,,,,
11,0.004408788867294788,5758,,,,,
11,0.0001675430976320058,5759,,,,,
11,0.00016093964222818613,5760,,,,,
11,0.0009852958610281348,5761,,,,,
11,0.0017427505226805806,5762,,,,,
11,6.326662696665153e-05,5763,,,,,
11,0.00013657101953867823,5764,,,,,
11,9.41280959523283e-05,5765,,,,,
11,0.0003955936408601701,5766,,,,,
11,0.00016568307182751596,5767,,,,,
11,0.0005251700058579445,5768,,,,,
11,0.0011800979264080524,5769,,,,,
11,0.006354834418743849,5770,,,,,
11,0.0014370469143614173,5771,,,,,
11,0.00011560474376892671,5772,,,,,
11,0.0012073647230863571,5773,,,,,
11,0.0023406140971928835,5774,,,,,
11,0.0005389490979723632,5775,,,,,
11,3.6246674426365644e-05,5776,,,,,
11,0.00452691875398159,5777,,,,,
11,0.00037484223139472306,5778,,,,,
11,0.00022342296142596751,5779,,,,,
11,0.0005531766801141202,5780,,,,,
11,0.0003177566977683455,5781,,,,,
11,0.006176984868943691,5782,,,,,
11,0.0002914376091212034,5783,,,,,
11,0.00048255795263685286,5784,,,,,
11,0.0028194510377943516,5785,,,,,
11,0.0019046656088903546,5786,,,,,
11,0.00019407430954743177,5787,,,,,
11,0.001712546101771295,5788,,,,,
11,0.0017641129670664668,5789,,,,,
11,0.0004306079354137182,5790,,,,,
11,0.00038233143277466297,5791,,,,,
11,0.005195778328925371,5792,,,,,
11,0.00016645897994749248,5793,,,,,
11,0.0034108313266187906,5794,,,,,
11,0.01073519978672266,5795,,,,,
11,0.0010917352046817541,5796,,,,,
11,0.00012785173021256924,5797,,,,,
11,0.08576929569244385,5798,,,,,
11,0.05297090858221054,5799,,,,,
11,0.004864844959229231,5800,,,,,
11,0.00011112914216937497,5801,,,,,
11,0.001858830451965332,5802,,,,,
11,0.012680737301707268,5803,,,,,
11,0.008619667962193489,5804,,,,,
11,0.006081792060285807,5805,,,,,
11,0.001135133788920939,5806,,,,,
11,9.90449552773498e-05,5807,,,,,
11,0.00022315551177598536,5808,,,,,
11,0.07794415950775146,5809,,,,,
11,0.014145567081868649,5810,,,,,
11,0.0801965594291687,5811,,,,,
11,0.0009633027948439121,5812,,,,,
11,0.00025661385734565556,5813,,,,,
11,0.00016730201605241746,5814,,,,,
11,0.001067675999365747,5815,,,,,
11,2.96525740850484e-05,5816,,,,,
11,0.007652597036212683,5817,,,,,
11,0.0007159722736105323,5818,,,,,
11,0.0011194691760465503,5819,,,,,
11,0.0002868086448870599,5820,,,,,
11,0.0003891617525368929,5821,,,,,
11,0.2000887095928192,5822,,,,,
11,0.06927502900362015,5823,,,,,
11,0.000669325643684715,5824,,,,,
11,5.5176718888105825e-05,5825,,,,,
11,0.0001665971358306706,5826,,,,,
11,0.2563483715057373,5827,,,,,
11,0.00025584138347767293,5828,,,,,
11,0.0014624354662373662,5829,,,,,
11,0.000657223688904196,5830,,,,,
11,0.0017236333806067705,5831,,,,,
11,0.002068672329187393,5832,,,,,
11,0.029735660180449486,5833,,,,,
11,0.0029473919421434402,5834,,,,,
11,0.005097219254821539,5835,,,,,
11,0.0007122521055862308,5836,,,,,
11,0.28815969824790955,5837,,,,,
11,0.11360970884561539,5838,,,,,
11,0.008918609470129013,5839,,,,,
11,0.0004287494230084121,5840,,,,,
11,0.0015390126500278711,5841,,,,,
11,0.0015499073779210448,5842,,,,,
11,0.0031354562379419804,5843,,,,,
11,0.00036853383062407374,5844,,,,,
11,0.0007853857823647559,5845,,,,,
11,0.0012377339880913496,5846,,,,,
11,0.01459365151822567,5847,,,,,
11,0.0004755877307616174,5848,,,,,
11,0.0021672428119927645,5849,,,,,
11,0.01530529372394085,5850,,,,,
11,0.0742088183760643,5851,,,,,
11,0.0046344660222530365,5852,,,,,
11,0.0013727351324632764,5853,,,,,
11,0.0007114403997547925,5854,,,,,
11,0.0017020184313878417,5855,,,,,
11,0.0028036495205014944,5856,,,,,
11,0.0006369120092131197,5857,,,,,
11,0.0010265004821121693,5858,,,,,
11,0.011129520833492279,5859,,,,,
11,0.0023145440500229597,5860,,,,,
11,0.0005570617504417896,5861,,,,,
11,0.0039832014590501785,5862,,,,,
11,0.0003658069181255996,5863,,,,,
11,0.003112942911684513,5864,,,,,
11,0.013098912313580513,5865,,,,,
11,0.00032765258220024407,5866,,,,,
11,0.0002536004758439958,5867,,,,,
11,0.06516735255718231,5868,,,,,
11,0.00023355262237600982,5869,,,,,
11,0.00040647867717780173,5870,,,,,
11,0.000675291521474719,5871,,,,,
11,0.043272148817777634,5872,,,,,
11,0.07273329794406891,5873,,,,,
11,0.0006229123682714999,5874,,,,,
11,0.01345820166170597,5875,,,,,
11,0.0026658284477889538,5876,,,,,
11,0.016477538272738457,5877,,,,,
11,0.003685819683596492,5878,,,,,
11,0.015005713328719139,5879,,,,,
11,0.0004397433658596128,5880,,,,,
11,0.004464881960302591,5881,,,,,
11,0.007616779766976833,5882,,,,,
11,0.0014750325353816152,5883,,,,,
11,0.0015347541775554419,5884,,,,,
11,0.0015298209618777037,5885,,,,,
11,0.0027781431563198566,5886,,,,,
11,0.00015527753566857427,5887,,,,,
11,0.00500634266063571,5888,,,,,
11,0.00041989475721493363,5889,,,,,
11,0.001363630872219801,5890,,,,,
11,0.001594302710145712,5891,,,,,
11,0.00012314929335843772,5892,,,,,
11,0.0017288298113271594,5893,,,,,
11,0.00016671371122356504,5894,,,,,
11,0.003010622225701809,5895,,,,,
11,0.003380348440259695,5896,,,,,
11,0.00041070589213632047,5897,,,,,
11,0.012621131725609303,5898,,,,,
11,0.009671944193542004,5899,,,,,
11,0.007013494614511728,5900,,,,,
11,0.1640785038471222,5901,,,,,
11,0.0016389833763241768,5902,,,,,
11,0.0005679361056536436,5903,,,,,
11,0.0075457836501300335,5904,,,,,
11,0.01712469570338726,5905,,,,,
11,0.00021702077356167138,5906,,,,,
11,0.00027077857521362603,5907,,,,,
11,0.000124813275760971,5908,,,,,
11,0.01815669797360897,5909,,,,,
11,0.0003736468206625432,5910,,,,,
11,0.004017810337245464,5911,,,,,
11,0.004300643689930439,5912,,,,,
11,0.0021496273111552,5913,,,,,
11,0.00929211638867855,5914,,,,,
11,0.0047274986281991005,5915,,,,,
11,0.010489619337022305,5916,,,,,
11,0.0008322831126861274,5917,,,,,
11,0.00022207561414688826,5918,,,,,
11,0.021106073632836342,5919,,,,,
11,0.00013649096945300698,5920,,,,,
11,0.0020766383968293667,5921,,,,,
11,0.0017412344459444284,5922,,,,,
11,0.0024708944838494062,5923,,,,,
11,0.041186533868312836,5924,,,,,
11,0.003012497443705797,5925,,,,,
11,0.004693405702710152,5926,,,,,
11,0.0003462414024397731,5927,,,,,
11,0.004287718329578638,5928,,,,,
11,0.0012551359832286835,5929,,,,,
11,0.003173793200403452,5930,,,,,
11,0.003671314800158143,5931,,,,,
11,0.00012064295879099518,5932,,,,,
11,8.132502989610657e-05,5933,,,,,
11,0.008134830743074417,5934,,,,,
11,0.0022448094096034765,5935,,,,,
11,0.2905704975128174,5936,,,,,
11,0.00012771046021953225,5937,,,,,
11,0.00018360745161771774,5938,,,,,
11,0.0001730632211547345,5939,,,,,
11,0.00025745719904080033,5940,,,,,
11,0.05089563876390457,5941,,,,,
11,0.0005482312408275902,5942,,,,,
11,0.08911766856908798,5943,,,,,
11,0.0009203152148984373,5944,,,,,
11,0.0010666009038686752,5945,,,,,
11,0.006691340357065201,5946,,,,,
11,0.0003581806959118694,5947,,,,,
11,0.00014187632768880576,5948,,,,,
11,0.004580648150295019,5949,,,,,
11,4.984965926269069e-05,5950,,,,,
11,0.0008985954918898642,5951,,,,,
11,0.008175281807780266,5952,,,,,
11,0.0007288752240128815,5953,,,,,
11,0.025529535487294197,5954,,,,,
11,0.0020876366179436445,5955,,,,,
11,0.005178401712328196,5956,,,,,
11,0.001658093649893999,5957,,,,,
11,0.0011929427273571491,5958,,,,,
11,0.003336394438520074,5959,,,,,
11,1.0563397407531738,5960,,,,,
11,0.002056737896054983,5961,,,,,
11,0.00035842490615323186,5962,,,,,
11,0.0009670170838944614,5963,,,,,
11,0.00021903672313783318,5964,,,,,
11,0.00045255280565470457,5965,,,,,
11,0.0014914529165253043,5966,,,,,
11,0.00228129792958498,5967,,,,,
11,0.34378382563591003,5968,,,,,
11,0.0004247584438417107,5969,,,,,
11,0.0003746862930711359,5970,,,,,
11,0.0014508174499496818,5971,,,,,
11,0.0067884111776947975,5972,,,,,
11,0.014605756849050522,5973,,,,,
11,0.0017225987976416945,5974,,,,,
11,0.05234483256936073,5975,,,,,
11,0.0027373414486646652,5976,,,,,
11,0.002403051359578967,5977,,,,,
11,0.0029945895075798035,5978,,,,,
11,0.018442824482917786,5979,,,,,
11,0.02580077201128006,5980,,,,,
11,0.003026813268661499,5981,,,,,
11,0.0010428139939904213,5982,,,,,
11,0.002493786159902811,5983,,,,,
11,0.0009774583159014583,5984,,,,,
11,0.0025918190367519855,5985,,,,,
11,0.005104708019644022,5986,,,,,
11,0.0051403348334133625,5987,,,,,
,,5489,0.0001627621822990477,,,,
,,5490,0.00028049861430190504,,,,
,,5491,0.00022460668697021902,,,,
,,5492,0.00017408819985575974,,,,
,,5493,0.0002555061364546418,,,,
,,5494,0.0002187642821809277,,,,
,,5495,0.00022113420709501952,,,,
,,5496,0.0002215458662249148,,,,
,,5497,0.00038681813748553395,,,,
,,5498,0.00037829173379577696,,,,
,,5499,0.00016794419207144529,,,,
,,5500,0.00023174747184384614,,,,
,,5501,0.00034039915772154927,,,,
,,5502,0.00022217044897843152,,,,
,,5503,0.00021109434601385146,,,,
,,5504,0.00037335127126425505,,,,
,,5505,0.00012618480832315981,,,,
,,5506,0.004046764690428972,,,,
,,5507,0.00026274961419403553,,,,
,,5508,0.00014561007265001535,,,,
,,5509,0.0002517114335205406,,,,
,,5510,0.00028934437432326376,,,,
,,5511,0.00022516906028613448,,,,
,,5512,0.00029481781530193985,,,,
,,5513,0.00025636638747528195,,,,
,,5514,0.0004475007299333811,,,,
,,5515,0.00014633341925218701,,,,
,,5516,0.0003285111451987177,,,,
,,5517,0.0002462596748955548,,,,
,,5518,0.00022200333478394896,,,,
,,5519,0.000391480018151924,,,,
,,5520,0.00022397248540073633,,,,
,,5521,0.00021569940145127475,,,,
,,5522,0.0002803679963108152,,,,
,,5523,0.00015341494872700423,,,,
,,5524,0.00015224922390189022,,,,
,,5525,0.00026602132129482925,,,,
,,5526,0.0002189950319007039,,,,
,,5527,0.00017880678933579475,,,,
,,5528,0.00023918594524729997,,,,
,,5529,0.0002759441558737308,,,,
,,5530,0.00015551026444882154,,,,
,,5531,0.00021887265029363334,,,,
,,5532,0.06503459811210632,,,,
,,5533,0.00017387863772455603,,,,
,,5534,0.00017651935922913253,,,,
,,5535,0.00023545156000182033,,,,
,,5536,0.00019441494077909738,,,,
,,5537,0.0002519383851904422,,,,
,,5538,0.00027462971047498286,,,,
,,5539,0.00024388266319874674,,,,
,,5540,0.00019222867558710277,,,,
,,5541,0.00030924586462788284,,,,
,,5542,0.00034599858918227255,,,,
,,5543,0.0001815867581171915,,,,
,,5544,0.00016764504835009575,,,,
,,5545,0.00022379924484994262,,,,
,,5546,0.00018390442710369825,,,,
,,5547,0.00022116029867902398,,,,
,,5548,0.00022400433954317123,,,,
,,5549,0.00019737864204216748,,,,
,,5550,0.00017679277516435832,,,,
,,5551,0.00018915405962616205,,,,
,,5552,0.00015850146883167326,,,,
,,5553,0.00021179548639338464,,,,
,,5554,0.00018112678662873805,,,,
,,5555,0.00026907885330729187,,,,
,,5556,0.00013461265189107507,,,,
,,5557,0.00017102867423091084,,,,
,,5558,0.03313296288251877,,,,
,,5559,0.00015971672837622464,,,,
,,5560,0.00013639245298691094,,,,
,,5561,0.00027695923927240074,,,,
,,5562,0.0003154761216137558,,,,
,,5563,0.00801069289445877,,,,
,,5564,0.0003294881316833198,,,,
,,5565,0.0003725493443198502,,,,
,,5566,0.00030338147189468145,,,,
,,5567,0.0004029195988550782,,,,
,,5568,0.0003596250608097762,,,,
,,5569,0.00020329545077402145,,,,
,,5570,0.00024033694353420287,,,,
,,5571,0.00022372718376573175,,,,
,,5572,0.01605367474257946,,,,
,,5573,0.00027262489311397076,,,,
,,5574,0.00034271745244041085,,,,
,,5575,0.00020389709970913827,,,,
,,5576,0.00016061181668192148,,,,
,,5577,0.0002151749940821901,,,,
,,5578,0.00019926666573155671,,,,
,,5579,0.00025947776157408953,,,,
,,5580,0.0005093246581964195,,,,
,,5581,0.00016539273201487958,,,,
,,5582,0.0002451554173603654,,,,
,,5583,0.010791863314807415,,,,
,,5584,0.013156642206013203,,,,
,,5585,0.00017116240633185953,,,,
,,5586,0.00017040497914422303,,,,
,,5587,0.4393450915813446,,,,
,,5588,0.0002760907227639109,,,,
,,5589,0.0006579511682502925,,,,
,,5590,0.00032811379060149193,,,,
,,5591,0.00044832236017100513,,,,
,,5592,0.00019010467804037035,,,,
,,5593,0.0003792111820075661,,,,
,,5594,0.0003408805059734732,,,,
,,5595,0.0001848434767453,,,,
,,5596,0.00019218957459088415,,,,
,,5597,0.0003008339845109731,,,,
,,5598,0.0002666377986315638,,,,
,,5599,0.0012175941374152899,,,,
,,5600,0.00028264333377592266,,,,
,,5601,0.00025726453168317676,,,,
,,5602,0.0001915026514325291,,,,
,,5603,0.00023061469255480915,,,,
,,5604,0.0003564097860362381,,,,
,,5605,0.0001914247259264812,,,,
,,5606,0.000234633480431512,,,,
,,5607,0.00020965408475603908,,,,
,,5608,0.0001927184930536896,,,,
,,5609,0.00015943146718200296,,,,
,,5610,0.019261540845036507,,,,
,,5611,0.00011417186033213511,,,,
,,5612,0.00025352821103297174,,,,
,,5613,0.00018748115689959377,,,,
,,5614,0.0001805951469577849,,,,
,,5615,0.0007293656235560775,,,,
,,5616,0.00034810201032087207,,,,
,,5617,0.0002097790129482746,,,,
,,5618,0.0002079424011753872,,,,
,,5619,0.0004055158933624625,,,,
,,5620,0.0005297589814290404,,,,
,,5621,0.00016317717381753027,,,,
,,5622,0.0002731723361648619,,,,
,,5623,0.00038690923247486353,,,,
,,5624,0.00034548601252026856,,,,
,,5625,0.0002197722060373053,,,,
,,5626,0.0002648435765877366,,,,
,,5627,0.00023266513017006218,,,,
,,5628,0.0002039473911281675,,,,
,,5629,0.00033280131174251437,,,,
,,5630,0.00022670043108519167,,,,
,,5631,0.00028538316837511957,,,,
,,5632,0.00020036849309690297,,,,
,,5633,0.002153626177459955,,,,
,,5634,0.00015501448069699109,,,,
,,5635,0.0001693201920716092,,,,
,,5636,0.01320328377187252,,,,
,,5637,0.00011834367614937946,,,,
,,5638,0.00019685547158587724,,,,
,,5639,0.00021711175213567913,,,,
,,5640,0.000293444114504382,,,,
,,5641,0.0007176694343797863,,,,
,,5642,0.0003389837220311165,,,,
,,5643,0.000185181328561157,,,,
,,5644,0.0002262344496557489,,,,
,,5645,0.00032454519532620907,,,,
,,5646,0.0006524068303406239,,,,
,,5647,0.000188872407306917,,,,
,,5648,0.0002982093137688935,,,,
,,5649,0.0002381235099164769,,,,
,,5650,0.00018380157416686416,,,,
,,5651,0.00022282509598881006,,,,
,,5652,0.00028523069340735674,,,,
,,5653,0.5212397575378418,,,,
,,5654,0.00015351141337305307,,,,
,,5655,0.0005969519843347371,,,,
,,5656,0.00020798566401936114,,,,
,,5657,0.00025108616682700813,,,,
,,5658,0.00019324196910019964,,,,
,,5659,0.00023667994537390769,,,,
,,5660,0.00018688965064939111,,,,
,,5661,0.00020658771973103285,,,,
,,5662,0.00048568390775471926,,,,
,,5663,0.016721593216061592,,,,
,,5664,0.02268732525408268,,,,
,,5665,0.000180169939994812,,,,
,,5666,0.00019646630971692502,,,,
,,5667,0.00017051091708708555,,,,
,,5668,0.0003008267667610198,,,,
,,5669,0.0001959262153832242,,,,
,,5670,0.00016759389836806804,,,,
,,5671,0.00026759071624837816,,,,
,,5672,0.00020385342941153795,,,,
,,5673,0.0004007827374152839,,,,
,,5674,0.00018712902965489775,,,,
,,5675,0.00022515463933814317,,,,
,,5676,0.00017269421368837357,,,,
,,5677,0.00018224927771370858,,,,
,,5678,0.00033528998028486967,,,,
,,5679,0.0005615775007754564,,,,
,,5680,0.00023072402109391987,,,,
,,5681,0.000219930981984362,,,,
,,5682,0.0002128440246451646,,,,
,,5683,0.00018065825861413032,,,,
,,5684,0.00021194513828959316,,,,
,,5685,0.00019383549806661904,,,,
,,5686,0.00016909177065826952,,,,
,,5687,0.00024315765767823905,,,,
,,5688,0.00018196742166765034,,,,
,,5689,0.00018973553960677236,,,,
,,5690,0.028375977650284767,,,,
,,5691,0.00018977766740135849,,,,
,,5692,0.0001636026572668925,,,,
,,5693,0.0002060716797132045,,,,
,,5694,0.00028250980540178716,,,,
,,5695,0.0002926852030213922,,,,
,,5696,0.0002339117490919307,,,,
,,5697,0.00033292482839897275,,,,
,,5698,0.00033608428202569485,,,,
,,5699,0.00018172823183704168,,,,
,,5700,0.0002681048645172268,,,,
,,5701,0.00024362592375837266,,,,
,,5702,0.00021644210210070014,,,,
,,5703,0.00021312256285455078,,,,
,,5704,0.0003191194555256516,,,,
,,5705,0.0003307166916783899,,,,
,,5706,0.0003210179856978357,,,,
,,5707,0.00022270993213169277,,,,
,,5708,0.00017885937995743006,,,,
,,5709,0.00020393570594023913,,,,
,,5710,0.0002007175498874858,,,,
,,5711,0.00022944579541217536,,,,
,,5712,0.3057078421115875,,,,
,,5713,0.0001968777651200071,,,,
,,5714,0.00021233777806628495,,,,
,,5715,0.0146034462377429,,,,
,,5716,0.015262268483638763,,,,
,,5717,0.0002734003937803209,,,,
,,5718,0.00013625191058963537,,,,
,,5719,0.00028262968407943845,,,,
,,5720,0.0008208283106796443,,,,
,,5721,0.00030278562917374074,,,,
,,5722,0.0004482789081521332,,,,
,,5723,0.00040432059904560447,,,,
,,5724,0.0002543786831665784,,,,
,,5725,0.00032681625452823937,,,,
,,5726,0.0001879246556200087,,,,
,,5727,0.0004885177477262914,,,,
,,5728,0.00015254221216309816,,,,
,,5729,0.0002781235671136528,,,,
,,5730,0.00024788558948785067,,,,
,,5731,0.0002903792483266443,,,,
,,5732,0.00019854855781886727,,,,
,,5733,0.00020790888811461627,,,,
,,5734,0.0001447876129532233,,,,
,,5735,0.00023499302915297449,,,,
,,5736,0.00020548772590700537,,,,
,,5737,0.00021994940470904112,,,,
,,5738,0.0002081470302073285,,,,
,,5739,0.00017687647778075188,,,,
,,5740,0.003337370464578271,,,,
,,5741,0.00010158312215935439,,,,
,,5742,0.002983186161145568,,,,
,,5743,0.00022737038671039045,,,,
,,5744,0.00017868609575089067,,,,
,,5745,0.00013610640598926693,,,,
,,5746,0.00024658485199324787,,,,
,,5747,0.0005537844263017178,,,,
,,5748,0.00018819143588189036,,,,
,,5749,0.0002845795825123787,,,,
,,5750,0.0001351101673208177,,,,
,,5751,0.00016222719568759203,,,,
,,5752,0.00022984716633800417,,,,
,,5753,0.00018577018636278808,,,,
,,5754,0.00017957463569473475,,,,
,,5755,0.00022242142586037517,,,,
,,5756,0.0001445759553462267,,,,
,,5757,0.0001715622638585046,,,,
,,5758,0.0001496141339885071,,,,
,,5759,0.00022576292394660413,,,,
,,5760,0.00040648222784511745,,,,
,,5761,0.000190974329598248,,,,
,,5762,0.00016539059288334101,,,,
,,5763,0.00025609874865040183,,,,
,,5764,0.00010783602920128033,,,,
,,5765,0.00015209364937618375,,,,
,,5766,0.00016674211656209081,,,,
,,5767,0.00015402614371851087,,,,
,,5768,0.010975032113492489,,,,
,,5769,0.0001385581272188574,,,,
,,5770,0.00036896762321703136,,,,
,,5771,0.00021649178233928978,,,,
,,5772,0.0002935483935289085,,,,
,,5773,0.00035575852962210774,,,,
,,5774,0.00023445631086360663,,,,
,,5775,0.00019873165001627058,,,,
,,5776,0.00044268256169743836,,,,
,,5777,0.000367189320968464,,,,
,,5778,0.023230716586112976,,,,
,,5779,0.0002669295063242316,,,,
,,5780,0.00017954538634512573,,,,
,,5781,0.00017561392451170832,,,,
,,5782,0.0002466769947204739,,,,
,,5783,0.00019307807087898254,,,,
,,5784,0.00013211746409069747,,,,
,,5785,0.0001501518563600257,,,,
,,5786,0.00036639886093325913,,,,
,,5787,0.0002636084391269833,,,,
,,5788,0.00016779263387434185,,,,
,,5789,0.00020243429753463715,,,,
,,5790,0.000144134639413096,,,,
,,5791,0.00019180282833985984,,,,
,,5792,0.02959350124001503,,,,
,,5793,0.049434129148721695,,,,
,,5794,0.00038359887548722327,,,,
,,5795,0.0002291116543347016,,,,
,,5796,0.0008341692155227065,,,,
,,5797,0.0001455176097806543,,,,
,,5798,0.0004891599528491497,,,,
,,5799,0.0003074573178309947,,,,
,,5800,0.0002601437736302614,,,,
,,5801,0.0002565657487139106,,,,
,,5802,0.0002735770249273628,,,,
,,5803,0.000475272536277771,,,,
,,5804,0.00018642802024260163,,,,
,,5805,0.00021559889137279242,,,,
,,5806,0.0001739776344038546,,,,
,,5807,0.0009207703405991197,,,,
,,5808,0.0001892278523882851,,,,
,,5809,0.00019070909183938056,,,,
,,5810,0.00020042831602040678,,,,
,,5811,0.000211770850000903,,,,
,,5812,0.00023865429102443159,,,,
,,5813,0.00021283399837557226,,,,
,,5814,0.00021820906840730458,,,,
,,5815,0.0005583395250141621,,,,
,,5816,0.00013478432083502412,,,,
,,5817,0.00015547996736131608,,,,
,,5818,0.00017859564104583114,,,,
,,5819,0.011536153964698315,,,,
,,5820,0.0005580438883043826,,,,
,,5821,0.00022283400176092982,,,,
,,5822,0.00022488324611913413,,,,
,,5823,0.0002089189802063629,,,,
,,5824,0.00023144031001720577,,,,
,,5825,0.00014910887693986297,,,,
,,5826,0.00025465464568696916,,,,
,,5827,0.0002542185829952359,,,,
,,5828,0.00032410447602160275,,,,
,,5829,0.0002215589047409594,,,,
,,5830,0.00014812106383033097,,,,
,,5831,0.0002138528216164559,,,,
,,5832,0.0001870750420494005,,,,
,,5833,0.00017261212633457035,,,,
,,5834,0.00019628822337836027,,,,
,,5835,0.00016336633416358382,,,,
,,5836,0.0009347150917164981,,,,
,,5837,0.00014874614134896547,,,,
,,5838,0.0002445707214064896,,,,
,,5839,0.00018747212016023695,,,,
,,5840,0.00021477897826116532,,,,
,,5841,0.0045356289483606815,,,,
,,5842,0.00016526432591490448,,,,
,,5843,0.00023495088680647314,,,,
,,5844,0.008376325480639935,,,,
,,5845,0.010203298181295395,,,,
,,5846,0.00014701350301038474,,,,
,,5847,0.0001954704348463565,,,,
,,5848,0.0002466286241542548,,,,
,,5849,0.000242085283389315,,,,
,,5850,0.021554691717028618,,,,
,,5851,0.00034021647297777236,,,,
,,5852,0.0003134148137178272,,,,
,,5853,0.00030448281904682517,,,,
,,5854,0.00014242228644434363,,,,
,,5855,0.00024181997287087142,,,,
,,5856,0.00016190913447644562,,,,
,,5857,0.00023300775501411408,,,,
,,5858,0.0003078625595662743,,,,
,,5859,0.00030121830059215426,,,,
,,5860,0.0003159361658617854,,,,
,,5861,0.00017777917673811316,,,,
,,5862,0.00018429126066621393,,,,
,,5863,0.00021157132869120687,,,,
,,5864,0.0001707160408841446,,,,
,,5865,0.000196386274183169,,,,
,,5866,0.00020846292318310589,,,,
,,5867,0.0001432284916518256,,,,
,,5868,0.00015130729298107326,,,,
,,5869,0.00018784460553433746,,,,
,,5870,0.15727047622203827,,,,
,,5871,0.000528245756868273,,,,
,,5872,0.0013798103900626302,,,,
,,5873,0.00036090557114221156,,,,
,,5874,0.0008916707593016326,,,,
,,5875,0.000400689517846331,,,,
,,5876,0.0025231693871319294,,,,
,,5877,0.0002898329694289714,,,,
,,5878,0.0006850669160485268,,,,
,,5879,0.0002799747744575143,,,,
,,5880,0.0006431766087189317,,,,
,,5881,0.000328132591675967,,,,
,,5882,0.0005884048878215253,,,,
,,5883,0.001023707678541541,,,,
,,5884,0.0006097801961004734,,,,
,,5885,0.0005499168764799833,,,,
,,5886,0.00032186813768930733,,,,
,,5887,0.0003046664933208376,,,,
,,5888,0.00039957492845132947,,,,
,,5889,0.0003381847927812487,,,,
,,5890,0.00042882724665105343,,,,
,,5891,0.0003613644221331924,,,,
,,5892,0.00039307604311034083,,,,
,,5893,0.00025458872551098466,,,,
,,5894,0.00021364323038142174,,,,
,,5895,0.00024362720432691276,,,,
,,5896,0.0164190586656332,,,,
,,5897,0.00023455794143956155,,,,
,,5898,0.00028040376491844654,,,,
,,5899,0.000221286914893426,,,,
,,5900,0.00023979028628673404,,,,
,,5901,0.00019016598525922745,,,,
,,5902,0.00026981369592249393,,,,
,,5903,0.00023768137907609344,,,,
,,5904,0.00021620900952257216,,,,
,,5905,0.0002907509042415768,,,,
,,5906,0.00018994211859535426,,,,
,,5907,0.00025022384943440557,,,,
,,5908,0.0002552670775912702,,,,
,,5909,0.0003107440716121346,,,,
,,5910,0.00017408881103619933,,,,
,,5911,0.0005698945606127381,,,,
,,5912,0.00021495063265319914,,,,
,,5913,0.00027725848485715687,,,,
,,5914,0.00022612072643823922,,,,
,,5915,0.00020494133059401065,,,,
,,5916,0.00025195698253810406,,,,
,,5917,0.00022800463193561882,,,,
,,5918,0.00025731325149536133,,,,
,,5919,0.0003805054002441466,,,,
,,5920,0.009688776917755604,,,,
,,5921,0.0002773195446934551,,,,
,,5922,0.018050897866487503,,,,
,,5923,0.018551280722022057,,,,
,,5924,0.00023208216589409858,,,,
,,5925,0.0002523814619053155,,,,
,,5926,0.00021636915334966034,,,,
,,5927,0.00024955268600024283,,,,
,,5928,0.0002406011481070891,,,,
,,5929,0.0002911561750806868,,,,
,,5930,0.0003306019934825599,,,,
,,5931,0.00016832466644700617,,,,
,,5932,0.0003846788895316422,,,,
,,5933,0.0001942091912496835,,,,
,,5934,0.0001702647132333368,,,,
,,5935,0.0004574193153530359,,,,
,,5936,0.00020004426187369972,,,,
,,5937,0.0005811176379211247,,,,
,,5938,0.0001491916336817667,,,,
,,5939,0.00021187761740293354,,,,
,,5940,0.00021930839284323156,,,,
,,5941,0.00021546069183386862,,,,
,,5942,0.00017868363647721708,,,,
,,5943,0.00021468440536409616,,,,
,,5944,0.0004528637509793043,,,,
,,5945,0.0003102815244346857,,,,
,,5946,0.0001744804176269099,,,,
,,5947,0.0001762744941515848,,,,
,,5948,0.00025715568335726857,,,,
,,5949,0.001967313466593623,,,,
,,5950,0.00025925334193743765,,,,
,,5951,0.0003084100899286568,,,,
,,5952,0.00024062673037406057,,,,
,,5953,0.0006042915629222989,,,,
,,5954,0.00030449542100541294,,,,
,,5955,0.00021585464128293097,,,,
,,5956,0.0002593403623905033,,,,
,,5957,0.1748310774564743,,,,
,,5958,0.00032940396340563893,,,,
,,5959,0.00021567102521657944,,,,
,,5960,0.00019852086552418768,,,,
,,5961,0.00020693227997981012,,,,
,,5962,0.00023881718516349792,,,,
,,5963,0.00028662895783782005,,,,
,,5964,0.00020435544138308614,,,,
,,5965,0.059994589537382126,,,,
,,5966,0.00021915414254181087,,,,
,,5967,0.00022162182722240686,,,,
,,5968,0.0001940242073033005,,,,
,,5969,0.0005405306001193821,,,,
,,5970,0.001445574453100562,,,,
,,5971,0.0001532200549263507,,,,
,,5972,0.04905804619193077,,,,
,,5973,0.00022344976605381817,,,,
,,5974,0.0001325790653936565,,,,
,,5975,0.00014260297757573426,,,,
,,5976,0.00023376595345325768,,,,
,,5977,0.00028759377892129123,,,,
,,5978,0.005882373545318842,,,,
,,5979,0.0007560109370388091,,,,
,,5980,0.0004580603272188455,,,,
,,5981,0.00022976857144385576,,,,
,,5982,0.0004272025544196367,,,,
,,5983,0.0003543412312865257,,,,
,,5984,0.00037250478635542095,,,,
,,5985,0.00021479403949342668,,,,
,,5986,0.00032675924012437463,,,,
,,5987,0.0002933457144536078,,,,
11,,5987,,0.004738103598356247,,,
11,,5987,,,0.9418837428092957,0.9438877701759338,0.01479636412113905
12,0.004310045391321182,5988,,,,,
12,0.0008268430246971548,5989,,,,,
12,0.009839914739131927,5990,,,,,
12,0.0026480567175894976,5991,,,,,
12,0.004293425939977169,5992,,,,,
12,0.001212619710713625,5993,,,,,
12,0.000846249982714653,5994,,,,,
12,0.0036800021771341562,5995,,,,,
12,0.003840344026684761,5996,,,,,
12,0.0024039396084845066,5997,,,,,
12,0.0005030957399867475,5998,,,,,
12,0.00628178333863616,5999,,,,,
12,0.0070272088050842285,6000,,,,,
12,0.10196318477392197,6001,,,,,
12,0.0021056020632386208,6002,,,,,
12,0.002257870277389884,6003,,,,,
12,0.002470298670232296,6004,,,,,
12,0.07422071695327759,6005,,,,,
12,0.0008015261846594512,6006,,,,,
12,0.013628165237605572,6007,,,,,
12,0.0439106747508049,6008,,,,,
12,0.0005527382018044591,6009,,,,,
12,0.0007155700586736202,6010,,,,,
12,0.11855019629001617,6011,,,,,
12,0.0532885417342186,6012,,,,,
12,0.008880284614861012,6013,,,,,
12,0.0012920554727315903,6014,,,,,
12,0.010938320308923721,6015,,,,,
12,0.0027150874957442284,6016,,,,,
12,0.0006846162723377347,6017,,,,,
12,0.000975009344983846,6018,,,,,
12,0.010083777830004692,6019,,,,,
12,0.001298029674217105,6020,,,,,
12,0.0003797004756052047,6021,,,,,
12,0.07253648340702057,6022,,,,,
12,0.0003589399275369942,6023,,,,,
12,0.001428778050467372,6024,,,,,
12,0.0006559499888680875,6025,,,,,
12,0.004524266347289085,6026,,,,,
12,0.0026163216680288315,6027,,,,,
12,0.0004584866692312062,6028,,,,,
12,0.0006521438481286168,6029,,,,,
12,0.03699700906872749,6030,,,,,
12,0.0003134248254355043,6031,,,,,
12,0.0016833336558192968,6032,,,,,
12,0.0010926802642643452,6033,,,,,
12,0.028697410598397255,6034,,,,,
12,8.867994620231912e-05,6035,,,,,
12,0.0003689208533614874,6036,,,,,
12,0.0020791692659258842,6037,,,,,
12,0.028338851407170296,6038,,,,,
12,0.007693802006542683,6039,,,,,
12,0.0009653090382926166,6040,,,,,
12,0.026691388338804245,6041,,,,,
12,0.0006012917729094625,6042,,,,,
12,0.003938854672014713,6043,,,,,
12,0.0001774041447788477,6044,,,,,
12,0.0006486602360382676,6045,,,,,
12,0.002965174149721861,6046,,,,,
12,0.032474029809236526,6047,,,,,
12,0.00021517301502171904,6048,,,,,
12,0.0007202882552519441,6049,,,,,
12,0.002070026472210884,6050,,,,,
12,0.014499821700155735,6051,,,,,
12,0.00033250520937144756,6052,,,,,
12,0.0005976976826786995,6053,,,,,
12,0.0053836326114833355,6054,,,,,
12,0.0010037634056061506,6055,,,,,
12,0.0028636683709919453,6056,,,,,
12,0.012035672552883625,6057,,,,,
12,0.0006025261245667934,6058,,,,,
12,0.0017413187306374311,6059,,,,,
12,0.007954935543239117,6060,,,,,
12,0.0018366484437137842,6061,,,,,
12,0.00037250365130603313,6062,,,,,
12,0.00021353580814320594,6063,,,,,
12,0.0008393661119043827,6064,,,,,
12,9.32877665036358e-05,6065,,,,,
12,0.024710433557629585,6066,,,,,
12,0.01063236128538847,6067,,,,,
12,0.08973153680562973,6068,,,,,
12,7.028128311503679e-05,6069,,,,,
12,0.0003323601558804512,6070,,,,,
12,0.0004110004520043731,6071,,,,,
12,0.009714879095554352,6072,,,,,
12,0.0005286144441924989,6073,,,,,
12,9.352820052299649e-05,6074,,,,,
12,0.00012230404536239803,6075,,,,,
12,0.0001251581561518833,6076,,,,,
12,0.0004238367546349764,6077,,,,,
12,0.00220278836786747,6078,,,,,
12,0.000266694143647328,6079,,,,,
12,0.0026677532587200403,6080,,,,,
12,0.00014946068404242396,6081,,,,,
12,6.389994086930528e-05,6082,,,,,
12,0.0013033670838922262,6083,,,,,
12,0.0005873151822015643,6084,,,,,
12,0.0006994316936470568,6085,,,,,
12,0.0005593993118964136,6086,,,,,
12,0.0009424054878763855,6087,,,,,
12,9.146953379968181e-05,6088,,,,,
12,0.00011828087008325383,6089,,,,,
12,0.1548445224761963,6090,,,,,
12,0.001389077864587307,6091,,,,,
12,0.0004016570164822042,6092,,,,,
12,0.0001540664816275239,6093,,,,,
12,0.022231241688132286,6094,,,,,
12,0.0015714192995801568,6095,,,,,
12,9.679493814473972e-05,6096,,,,,
12,9.259654325433075e-05,6097,,,,,
12,0.0004799286543857306,6098,,,,,
12,0.0020305735524743795,6099,,,,,
12,0.006466086488217115,6100,,,,,
12,0.01248884480446577,6101,,,,,
12,3.614375236793421e-05,6102,,,,,
12,0.23307065665721893,6103,,,,,
12,0.0003221666265744716,6104,,,,,
12,7.881061901571229e-05,6105,,,,,
12,0.0006545412470586598,6106,,,,,
12,0.00701018376275897,6107,,,,,
12,0.0014312425628304482,6108,,,,,
12,0.0002067653986159712,6109,,,,,
12,0.00015834094665478915,6110,,,,,
12,6.291099271038547e-05,6111,,,,,
12,0.003480146871879697,6112,,,,,
12,0.0022106696851551533,6113,,,,,
12,0.00015508284559473395,6114,,,,,
12,0.00099370745010674,6115,,,,,
12,0.006300488952547312,6116,,,,,
12,0.0001619165122974664,6117,,,,,
12,0.003448930336162448,6118,,,,,
12,0.001135346945375204,6119,,,,,
12,0.0008540221606381238,6120,,,,,
12,6.394551746780053e-05,6121,,,,,
12,0.00222312961705029,6122,,,,,
12,0.0007735194521956146,6123,,,,,
12,7.85392549005337e-05,6124,,,,,
12,0.00013772255624644458,6125,,,,,
12,0.00023040323867462575,6126,,,,,
12,0.0003566228551790118,6127,,,,,
12,0.0002508889010641724,6128,,,,,
12,0.00016455909644719213,6129,,,,,
12,0.002558596432209015,6130,,,,,
12,0.00021931769151706249,6131,,,,,
12,8.984843589132652e-05,6132,,,,,
12,0.00018696788174565881,6133,,,,,
12,0.00028560886858031154,6134,,,,,
12,0.0002479591057635844,6135,,,,,
12,0.00038688647327944636,6136,,,,,
12,9.219368803314865e-05,6137,,,,,
12,0.00018800371617544442,6138,,,,,
12,6.69508590362966e-05,6139,,,,,
12,0.001407061005011201,6140,,,,,
12,0.00016704911831766367,6141,,,,,
12,0.0044592139311134815,6142,,,,,
12,0.00044204643927514553,6143,,,,,
12,0.008977851830422878,6144,,,,,
12,0.001019923365674913,6145,,,,,
12,0.0007086857222020626,6146,,,,,
12,9.235092875314876e-05,6147,,,,,
12,0.0006350986659526825,6148,,,,,
12,0.00016330003563780338,6149,,,,,
12,0.00017256190767511725,6150,,,,,
12,7.423735223710537e-05,6151,,,,,
12,0.00040036276914179325,6152,,,,,
12,0.00015840349078644067,6153,,,,,
12,0.0008450716850347817,6154,,,,,
12,0.0006957994191907346,6155,,,,,
12,0.0008747691172175109,6156,,,,,
12,0.004031663294881582,6157,,,,,
12,9.242170926881954e-05,6158,,,,,
12,0.00015030649956315756,6159,,,,,
12,0.0007289325003512204,6160,,,,,
12,0.000273995625320822,6161,,,,,
12,0.00117461197078228,6162,,,,,
12,0.00035339969326741993,6163,,,,,
12,7.356805872404948e-05,6164,,,,,
12,0.00028944158111698925,6165,,,,,
12,0.0005279906908981502,6166,,,,,
12,0.00019166851416230202,6167,,,,,
12,6.669409049209207e-05,6168,,,,,
12,0.00036002552951686084,6169,,,,,
12,2.9121996703906916e-05,6170,,,,,
12,0.00025053307763300836,6171,,,,,
12,0.00019144864927511662,6172,,,,,
12,0.0001522597303846851,6173,,,,,
12,0.0003641033254098147,6174,,,,,
12,0.00019425389473326504,6175,,,,,
12,0.0016678419196978211,6176,,,,,
12,3.7423444155137986e-05,6177,,,,,
12,0.0011946235317736864,6178,,,,,
12,6.106515502324328e-05,6179,,,,,
12,0.00023814347514417022,6180,,,,,
12,0.0001452395663363859,6181,,,,,
12,8.207010250771418e-05,6182,,,,,
12,5.5075121053960174e-05,6183,,,,,
12,0.0010754381073638797,6184,,,,,
12,0.0002432068868074566,6185,,,,,
12,1.8222324797534384e-05,6186,,,,,
12,0.0008509104955010116,6187,,,,,
12,0.011799607425928116,6188,,,,,
12,0.005154615733772516,6189,,,,,
12,0.00020278019655961543,6190,,,,,
12,0.00014736673620063812,6191,,,,,
12,0.0001674403465585783,6192,,,,,
12,0.00012616030289791524,6193,,,,,
12,2.3176773538580164e-05,6194,,,,,
12,0.01014483068138361,6195,,,,,
12,0.00025304575683549047,6196,,,,,
12,0.00021950506197754294,6197,,,,,
12,0.00024749222211539745,6198,,,,,
12,3.255123374401592e-05,6199,,,,,
12,0.02228611521422863,6200,,,,,
12,6.222867523320019e-05,6201,,,,,
12,0.01990962028503418,6202,,,,,
12,0.007730928249657154,6203,,,,,
12,8.890566095942631e-05,6204,,,,,
12,0.06271543353796005,6205,,,,,
12,0.008328200317919254,6206,,,,,
12,0.015605257824063301,6207,,,,,
12,3.319378083688207e-05,6208,,,,,
12,8.898538362700492e-05,6209,,,,,
12,0.002093146089464426,6210,,,,,
12,0.0016777339624240994,6211,,,,,
12,0.0004227065364830196,6212,,,,,
12,0.00019393286493141204,6213,,,,,
12,0.0004255465464666486,6214,,,,,
12,0.0010290025966241956,6215,,,,,
12,0.0003358660324010998,6216,,,,,
12,0.001702230772934854,6217,,,,,
12,0.0002805716940201819,6218,,,,,
12,8.048608287936077e-05,6219,,,,,
12,0.11815793067216873,6220,,,,,
12,0.00022342072043102235,6221,,,,,
12,0.0003060217131860554,6222,,,,,
12,0.0008035488426685333,6223,,,,,
12,0.00010745429608505219,6224,,,,,
12,0.0001803106424631551,6225,,,,,
12,4.921797153656371e-05,6226,,,,,
12,0.0004939110367558897,6227,,,,,
12,0.00031766286701895297,6228,,,,,
12,0.00044013626757077873,6229,,,,,
12,7.694911619182676e-05,6230,,,,,
12,0.006456946954131126,6231,,,,,
12,5.941652489127591e-05,6232,,,,,
12,0.00046325093717314303,6233,,,,,
12,0.0301972646266222,6234,,,,,
12,4.635802542907186e-05,6235,,,,,
12,0.00011796234321082011,6236,,,,,
12,0.004442689009010792,6237,,,,,
12,5.6736142141744494e-05,6238,,,,,
12,0.013951406814157963,6239,,,,,
12,0.00028100196504965425,6240,,,,,
12,7.961366645758972e-05,6241,,,,,
12,0.0035787441302090883,6242,,,,,
12,1.8925044059869833e-05,6243,,,,,
12,7.234927034005523e-05,6244,,,,,
12,9.648028208175674e-05,6245,,,,,
12,7.248234760481864e-05,6246,,,,,
12,0.00018087562057189643,6247,,,,,
12,8.611536031821743e-05,6248,,,,,
12,0.0010851025581359863,6249,,,,,
12,0.00032339885365217924,6250,,,,,
12,0.00039797736098989844,6251,,,,,
12,0.00018148905655834824,6252,,,,,
12,0.0006404515588656068,6253,,,,,
12,0.0007717723492532969,6254,,,,,
12,0.06708655506372452,6255,,,,,
12,0.0003321217081975192,6256,,,,,
12,0.0005123065784573555,6257,,,,,
12,0.0021004164591431618,6258,,,,,
12,0.00015443333541043103,6259,,,,,
12,0.00035358828608877957,6260,,,,,
12,0.0007997847278602421,6261,,,,,
12,0.02260679565370083,6262,,,,,
12,0.20562946796417236,6263,,,,,
12,0.0010617722291499376,6264,,,,,
12,0.00010880954505410045,6265,,,,,
12,0.2930145263671875,6266,,,,,
12,0.00011078154784627259,6267,,,,,
12,0.0003119467291980982,6268,,,,,
12,0.0015960832824930549,6269,,,,,
12,0.009004444815218449,6270,,,,,
12,0.00019008635717909783,6271,,,,,
12,0.1001148670911789,6272,,,,,
12,0.1951802670955658,6273,,,,,
12,0.05060936138033867,6274,,,,,
12,0.23736372590065002,6275,,,,,
12,0.0021773301996290684,6276,,,,,
12,0.00594997126609087,6277,,,,,
12,0.000973899441305548,6278,,,,,
12,0.06964178383350372,6279,,,,,
12,0.000208530793315731,6280,,,,,
12,0.002131432294845581,6281,,,,,
12,0.015037091448903084,6282,,,,,
12,0.0038449193816632032,6283,,,,,
12,0.0011140076676383615,6284,,,,,
12,0.00791163556277752,6285,,,,,
12,0.0004275254032108933,6286,,,,,
12,0.08248694986104965,6287,,,,,
12,0.004642434883862734,6288,,,,,
12,0.00486129242926836,6289,,,,,
12,0.0017482249531894922,6290,,,,,
12,0.0008405051194131374,6291,,,,,
12,0.0034227105788886547,6292,,,,,
12,0.013532234355807304,6293,,,,,
12,0.001990410266444087,6294,,,,,
12,0.0005637690192088485,6295,,,,,
12,0.0041005597449839115,6296,,,,,
12,0.0010161864338442683,6297,,,,,
12,0.010616053827106953,6298,,,,,
12,0.001575900474563241,6299,,,,,
12,0.019020667299628258,6300,,,,,
12,0.0014883200637996197,6301,,,,,
12,0.011475478298962116,6302,,,,,
12,0.005836411379277706,6303,,,,,
12,0.0008542410796508193,6304,,,,,
12,0.005149088334292173,6305,,,,,
12,0.000926858396269381,6306,,,,,
12,0.000343094056006521,6307,,,,,
12,0.004201332572847605,6308,,,,,
12,0.0005735572194680572,6309,,,,,
12,0.005667367018759251,6310,,,,,
12,0.0009994327556341887,6311,,,,,
12,0.0006316191283985972,6312,,,,,
12,0.0017811141442507505,6313,,,,,
12,0.0007115423795767128,6314,,,,,
12,0.0013130175648257136,6315,,,,,
12,0.009928806684911251,6316,,,,,
12,0.0002755011373665184,6317,,,,,
12,0.00042075105011463165,6318,,,,,
12,0.007328883744776249,6319,,,,,
12,0.0007784566842019558,6320,,,,,
12,0.00022838993754703552,6321,,,,,
12,0.001545978826470673,6322,,,,,
12,0.0002862884721253067,6323,,,,,
12,0.0006303120753727853,6324,,,,,
12,0.0010299083078280091,6325,,,,,
12,0.001460581785067916,6326,,,,,
12,0.0193831417709589,6327,,,,,
12,0.0004773488035425544,6328,,,,,
12,0.006399247795343399,6329,,,,,
12,0.0009929793886840343,6330,,,,,
12,0.0005427416763268411,6331,,,,,
12,0.07601231336593628,6332,,,,,
12,0.0016760698053985834,6333,,,,,
12,0.011470689438283443,6334,,,,,
12,0.016892461106181145,6335,,,,,
12,0.0005466164438985288,6336,,,,,
12,0.002871984615921974,6337,,,,,
12,0.0004736804112326354,6338,,,,,
12,0.0016757402336224914,6339,,,,,
12,0.0009026643820106983,6340,,,,,
12,0.0008237907313741744,6341,,,,,
12,0.0003813824732787907,6342,,,,,
12,0.11420539766550064,6343,,,,,
12,0.0023265958297997713,6344,,,,,
12,0.0009654966997914016,6345,,,,,
12,0.00037890046951361,6346,,,,,
12,0.0009982100455090404,6347,,,,,
12,0.008655360899865627,6348,,,,,
12,4.203665230306797e-05,6349,,,,,
12,0.00016771821537986398,6350,,,,,
12,0.0003594207810238004,6351,,,,,
12,0.00045163993490859866,6352,,,,,
12,0.00018860408454202116,6353,,,,,
12,0.0009101548348553479,6354,,,,,
12,0.0006328002782538533,6355,,,,,
12,0.00030753709143027663,6356,,,,,
12,0.05002903565764427,6357,,,,,
12,0.0521467924118042,6358,,,,,
12,0.0002359038480790332,6359,,,,,
12,0.0003818569239228964,6360,,,,,
12,0.00014290619583334774,6361,,,,,
12,0.00022689464094582945,6362,,,,,
12,0.000881832733284682,6363,,,,,
12,0.00017683439364191145,6364,,,,,
12,0.0073436168022453785,6365,,,,,
12,0.0001438226317986846,6366,,,,,
12,0.0008699429454281926,6367,,,,,
12,0.0005090357735753059,6368,,,,,
12,0.00011300776532152668,6369,,,,,
12,7.590823952341452e-05,6370,,,,,
12,0.0019787319470196962,6371,,,,,
12,0.0002842053072527051,6372,,,,,
12,0.0008796543115749955,6373,,,,,
12,0.00031255718204192817,6374,,,,,
12,0.023081935942173004,6375,,,,,
12,0.0004669438349083066,6376,,,,,
12,0.016411330550909042,6377,,,,,
12,0.0022386196069419384,6378,,,,,
12,0.0007039666525088251,6379,,,,,
12,0.0023524886928498745,6380,,,,,
12,0.0007848849636502564,6381,,,,,
12,0.0007329094805754721,6382,,,,,
12,0.0028929472900927067,6383,,,,,
12,0.0010682137217372656,6384,,,,,
12,0.0002251409605378285,6385,,,,,
12,0.0005577767151407897,6386,,,,,
12,0.0005118005210533738,6387,,,,,
12,0.00232349568977952,6388,,,,,
12,0.00012478831922635436,6389,,,,,
12,0.00010472019494045526,6390,,,,,
12,4.952653398504481e-05,6391,,,,,
12,0.007197516970336437,6392,,,,,
12,0.18639631569385529,6393,,,,,
12,0.05721374973654747,6394,,,,,
12,0.0004904229426756501,6395,,,,,
12,0.00012682165834121406,6396,,,,,
12,5.513113137567416e-05,6397,,,,,
12,0.0006005551549606025,6398,,,,,
12,0.0008289353572763503,6399,,,,,
12,0.0002260540786664933,6400,,,,,
12,0.0012895527761429548,6401,,,,,
12,0.00022930144041310996,6402,,,,,
12,0.00014531472697854042,6403,,,,,
12,0.005106882657855749,6404,,,,,
12,0.0006799512193538249,6405,,,,,
12,0.0026156180538237095,6406,,,,,
12,0.0063704983331263065,6407,,,,,
12,0.003454762976616621,6408,,,,,
12,0.000303497799905017,6409,,,,,
12,0.00024254074378404766,6410,,,,,
12,0.0009926423663273454,6411,,,,,
12,0.0002930158225353807,6412,,,,,
12,0.03448602929711342,6413,,,,,
12,0.0006641880609095097,6414,,,,,
12,0.0008774567977525294,6415,,,,,
12,0.00034277356462553144,6416,,,,,
12,0.0014856773195788264,6417,,,,,
12,1.0567753633949906e-05,6418,,,,,
12,3.1877989385975525e-05,6419,,,,,
12,0.00034126793616451323,6420,,,,,
12,0.00010373105033067986,6421,,,,,
12,7.349369116127491e-05,6422,,,,,
12,0.0001314615656156093,6423,,,,,
12,9.365887672174722e-05,6424,,,,,
12,0.0006248640129342675,6425,,,,,
12,0.00016110239084810019,6426,,,,,
12,0.0004984030383639038,6427,,,,,
12,8.112059731502086e-05,6428,,,,,
12,4.3409367208369076e-05,6429,,,,,
12,0.0010380124440416694,6430,,,,,
12,0.0017539957771077752,6431,,,,,
12,0.004452141001820564,6432,,,,,
12,2.4612560082459822e-05,6433,,,,,
12,0.0011089827166870236,6434,,,,,
12,0.0051574865356087685,6435,,,,,
12,0.00011646858183667064,6436,,,,,
12,0.006086567882448435,6437,,,,,
12,9.239109931513667e-05,6438,,,,,
12,0.00023023204994387925,6439,,,,,
12,0.0002018648956436664,6440,,,,,
12,0.027007415890693665,6441,,,,,
12,0.0001620187540538609,6442,,,,,
12,0.007180309854447842,6443,,,,,
12,4.172874832875095e-05,6444,,,,,
12,0.00016227616288233548,6445,,,,,
12,0.0018963931361213326,6446,,,,,
12,0.00189005967695266,6447,,,,,
12,0.0009597258758731186,6448,,,,,
12,0.0002825826231855899,6449,,,,,
12,0.00037123210495337844,6450,,,,,
12,0.007835796102881432,6451,,,,,
12,1.1899906894541346e-05,6452,,,,,
12,0.0004310686490498483,6453,,,,,
12,0.0036938346456736326,6454,,,,,
12,0.0010681163985282183,6455,,,,,
12,0.00015526705828960985,6456,,,,,
12,0.0005534059018827975,6457,,,,,
12,2.481397859810386e-05,6458,,,,,
12,0.00023156289535108954,6459,,,,,
12,0.0015745339915156364,6460,,,,,
12,0.0002444995625410229,6461,,,,,
12,7.713571540080011e-05,6462,,,,,
12,0.0005564303719438612,6463,,,,,
12,4.496905967243947e-05,6464,,,,,
12,0.0019072203431278467,6465,,,,,
12,0.001124577596783638,6466,,,,,
12,0.00023951598268467933,6467,,,,,
12,0.0002326605172129348,6468,,,,,
12,2.982312253152486e-05,6469,,,,,
12,0.0016471772687509656,6470,,,,,
12,4.9658170610200614e-05,6471,,,,,
12,6.2887767853681e-05,6472,,,,,
12,0.021961575374007225,6473,,,,,
12,0.00014713643759023398,6474,,,,,
12,4.061832441948354e-05,6475,,,,,
12,0.005770067684352398,6476,,,,,
12,0.010037447325885296,6477,,,,,
12,0.0017203845782205462,6478,,,,,
12,0.00013251959171611816,6479,,,,,
12,0.0012899719877168536,6480,,,,,
12,0.001811217050999403,6481,,,,,
12,0.0009624946396797895,6482,,,,,
12,0.00024769132141955197,6483,,,,,
12,7.987091521499678e-05,6484,,,,,
12,0.00019027064263354987,6485,,,,,
12,0.000275041296845302,6486,,,,,
,,5988,1.4356903648149455e-06,,,,
,,5989,1.3216645129432436e-06,,,,
,,5990,8.912297175811545e-07,,,,
,,5991,1.8505724028727855e-06,,,,
,,5992,7.833741051399556e-07,,,,
,,5993,2.1003409074182855e-06,,,,
,,5994,1.7466683175371145e-06,,,,
,,5995,1.5548990859315381e-06,,,,
,,5996,1.2180055364297004e-06,,,,
,,5997,4.291481218388071e-06,,,,
,,5998,1.7994835843637702e-06,,,,
,,5999,1.8192311017628526e-06,,,,
,,6000,3.139134378216113e-06,,,,
,,6001,2.083561867038952e-06,,,,
,,6002,3.03720435113064e-06,,,,
,,6003,1.985083144973032e-06,,,,
,,6004,4.747452749143122e-06,,,,
,,6005,0.21668896079063416,,,,
,,6006,4.955535587214399e-06,,,,
,,6007,1.8462891603121534e-05,,,,
,,6008,4.183558303338941e-06,,,,
,,6009,2.639613285282394e-06,,,,
,,6010,2.5603735593904275e-06,,,,
,,6011,2.2649619495496154e-06,,,,
,,6012,1.8917897932624328e-06,,,,
,,6013,1.446057353859942e-06,,,,
,,6014,1.5186182054094388e-06,,,,
,,6015,2.8666768230323214e-06,,,,
,,6016,1.7540694443596294e-06,,,,
,,6017,1.746668885971303e-06,,,,
,,6018,4.217699370201444e-06,,,,
,,6019,1.3423964446701575e-06,,,,
,,6020,3.5421662687440403e-06,,,,
,,6021,4.063411779497983e-06,,,,
,,6022,1.2128222124374588e-06,,,,
,,6023,1.2147960433139815e-06,,,,
,,6024,3.360510163474828e-06,,,,
,,6025,4.796569555765018e-06,,,,
,,6026,1.7829494254328893e-06,,,,
,,6027,7.401916718663415e-06,,,,
,,6028,6.934462817298481e-06,,,,
,,6029,3.5347545690456172e-06,,,,
,,6030,4.861491561314324e-06,,,,
,,6031,0.25108790397644043,,,,
,,6032,3.881465090671554e-05,,,,
,,6033,3.736057988135144e-05,,,,
,,6034,2.571480990809505e-06,,,,
,,6035,2.332335270693875e-06,,,,
,,6036,4.208456630294677e-06,,,,
,,6037,2.264960812681238e-06,,,,
,,6038,1.907339196804969e-06,,,,
,,6039,1.7427189504815033e-06,,,,
,,6040,2.435257101751631e-06,,,,
,,6041,2.2025158159522107e-06,,,,
,,6042,2.327157744730357e-06,,,,
,,6043,1.8917910438176477e-06,,,,
,,6044,1.2957494845977635e-06,,,,
,,6045,1.7518517552161939e-06,,,,
,,6046,1.7466630879425793e-06,,,,
,,6047,6.561881946254289e-06,,,,
,,6048,1.5548993133052136e-06,,,,
,,6049,7.549908787041204e-07,,,,
,,6050,2.5941801595763536e-06,,,,
,,6051,2.2753213215764845e-06,,,,
,,6052,1.668922891440161e-06,,,,
,,6053,9.291935384680983e-06,,,,
,,6054,1.9591691398090916e-06,,,,
,,6055,6.193423359945882e-06,,,,
,,6056,1.1511106094985735e-05,,,,
,,6057,0.3086879849433899,,,,
,,6058,2.5540175556670874e-05,,,,
,,6059,1.4660520719189662e-05,,,,
,,6060,3.6487672332441434e-06,,,,
,,6061,3.021649945367244e-06,,,,
,,6062,1.9237404558225535e-05,,,,
,,6063,3.553531314537395e-06,,,,
,,6064,4.683147835748969e-06,,,,
,,6065,2.1968419332552003e-06,,,,
,,6066,3.3321498449367937e-06,,,,
,,6067,2.876547569030663e-06,,,,
,,6068,2.0991071778553305e-06,,,,
,,6069,1.7994825611822307e-06,,,,
,,6070,1.7777631455828669e-06,,,,
,,6071,0.0002666894579306245,,,,
,,6072,3.065342298214091e-06,,,,
,,6073,9.008216693473514e-06,,,,
,,6074,1.5238010746543296e-06,,,,
,,6075,1.3320305924935383e-06,,,,
,,6076,1.4667882624053163e-06,,,,
,,6077,3.280778628322878e-06,,,,
,,6078,2.036912064795615e-06,,,,
,,6079,2.3271554709936026e-06,,,,
,,6080,1.722017623251304e-05,,,,
,,6081,1.020569743559463e-05,,,,
,,6082,0.03748973831534386,,,,
,,6083,0.03868091106414795,,,,
,,6084,1.3753808161709458e-05,,,,
,,6085,1.5069763321662322e-05,,,,
,,6086,1.2207114696502686,,,,
,,6087,2.669214836714673e-06,,,,
,,6088,3.1788699743628968e-06,,,,
,,6089,2.4636431135149905e-06,,,,
,,6090,2.8950507839908823e-06,,,,
,,6091,1.414958660461707e-06,,,,
,,6092,2.2309025098365964e-06,,,,
,,6093,2.16648550122045e-06,,,,
,,6094,1.6170948811122798e-06,,,,
,,6095,1.4408717561309459e-06,,,,
,,6096,1.8562483319328749e-06,,,,
,,6097,1.4532137129208422e-06,,,,
,,6098,1.2811032320314553e-05,,,,
,,6099,4.376586730359122e-06,,,,
,,6100,3.1564193250233075e-06,,,,
,,6101,1.036600679071853e-06,,,,
,,6102,2.5771605578484014e-06,,,,
,,6103,2.601848109407001e-06,,,,
,,6104,1.5808146827112068e-06,,,,
,,6105,2.253608727187384e-06,,,,
,,6106,2.3915803467389196e-05,,,,
,,6107,3.648780420917319e-06,,,,
,,6108,3.6021222058479907e-06,,,,
,,6109,0.190654918551445,,,,
,,6110,1.7168249542010017e-05,,,,
,,6111,2.6658890419639647e-05,,,,
,,6112,3.6783821997232735e-06,,,,
,,6113,6.476739599747816e-06,,,,
,,6114,8.866159987519495e-06,,,,
,,6115,4.223342784825945e-06,,,,
,,6116,1.8140468682759092e-06,,,,
,,6117,1.694837578725128e-06,,,,
,,6118,3.054002718272386e-06,,,,
,,6119,3.4622194107214455e-06,,,,
,,6120,2.2805113530921517e-06,,,,
,,6121,3.979252142016776e-06,,,,
,,6122,4.734145477414131e-06,,,,
,,6123,2.2876567982166307e-06,,,,
,,6124,4.2551719161565416e-06,,,,
,,6125,4.098450062883785e-06,,,,
,,6126,4.042667114845244e-06,,,,
,,6127,1.2853832913606311e-06,,,,
,,6128,1.4356900237544323e-06,,,,
,,6129,6.942168511159252e-06,,,,
,,6130,2.633925760164857e-06,,,,
,,6131,1.6420068277511746e-05,,,,
,,6132,0.0006384626030921936,,,,
,,6133,7.162515885283938e-06,,,,
,,6134,8.064252142503392e-06,,,,
,,6135,0.15371070802211761,,,,
,,6136,2.012651202676352e-05,,,,
,,6137,4.512780833465513e-06,,,,
,,6138,5.7558368098398205e-06,,,,
,,6139,2.596657623143983e-06,,,,
,,6140,1.7200131878780667e-06,,,,
,,6141,2.7106782454211498e-06,,,,
,,6142,1.6844730907905614e-06,,,,
,,6143,1.7103875507018529e-06,,,,
,,6144,2.457965138091822e-06,,,,
,,6145,3.03697333947639e-06,,,,
,,6146,1.9850847365887603e-06,,,,
,,6147,3.3661794986983296e-06,,,,
,,6148,2.280508397234371e-06,,,,
,,6149,1.6222769545493065e-06,,,,
,,6150,2.156119080609642e-06,,,,
,,6151,1.492702267569257e-06,,,,
,,6152,0.6018252372741699,,,,
,,6153,1.306116018895409e-06,,,,
,,6154,1.6746004121159785e-06,,,,
,,6155,3.8656867218378466e-06,,,,
,,6156,7.504027507820865e-06,,,,
,,6157,2.068012008749065e-06,,,,
,,6158,2.311611524419277e-06,,,,
,,6159,1.1577588338695932e-05,,,,
,,6160,9.411603059561457e-06,,,,
,,6161,5.426436473499052e-06,,,,
,,6162,0.05526585131883621,,,,
,,6163,0.04992296174168587,,,,
,,6164,2.804209771056776e-06,,,,
,,6165,1.1249830095039215e-05,,,,
,,6166,1.720751811262744e-06,,,,
,,6167,2.4693176783330273e-06,,,,
,,6168,2.8816925805585925e-06,,,,
,,6169,1.3527625242204522e-06,,,,
,,6170,2.321972488061874e-06,,,,
,,6171,1.6008050351956626e-06,,,,
,,6172,2.9291124974406557e-06,,,,
,,6173,1.7674009313850547e-06,,,,
,,6174,1.9954513845732436e-06,,,,
,,6175,1.1661746839308762e-06,,,,
,,6176,1.4253248536988394e-06,,,,
,,6177,1.7155681462099892e-06,,,,
,,6178,1.477154341955611e-06,,,,
,,6179,5.103136118123075e-06,,,,
,,6180,3.0766761938139098e-06,,,,
,,6181,1.146674549090676e-06,,,,
,,6182,2.1923938220425043e-06,,,,
,,6183,7.935455869301222e-06,,,,
,,6184,1.715568259896827e-06,,,,
,,6185,4.187790182186291e-06,,,,
,,6186,8.939952749642543e-06,,,,
,,6187,4.6604063754784875e-06,,,,
,,6188,6.00679140916327e-06,,,,
,,6189,0.026927445083856583,,,,
,,6190,2.997205911015044e-06,,,,
,,6191,1.1639657714113127e-05,,,,
,,6192,1.9487938516249415e-06,,,,
,,6193,2.378492126808851e-06,,,,
,,6194,3.1822894470678875e-06,,,,
,,6195,1.6274606196020613e-06,,,,
,,6196,1.572417886563926e-06,,,,
,,6197,2.7134078663948458e-06,,,,
,,6198,1.6741072386139422e-06,,,,
,,6199,2.000633230636595e-06,,,,
,,6200,1.632641897231224e-06,,,,
,,6201,1.7259367268707138e-06,,,,
,,6202,1.5756259017507546e-06,,,,
,,6203,2.0946631593687925e-06,,,,
,,6204,7.379213911917759e-06,,,,
,,6205,5.1882548177673016e-06,,,,
,,6206,4.342490228737006e-06,,,,
,,6207,1.249102751899045e-06,,,,
,,6208,2.534459554226487e-06,,,,
,,6209,1.1698408343363553e-05,,,,
,,6210,1.985081553357304e-06,,,,
,,6211,0.0006976796430535614,,,,
,,6212,5.245050033408916e-06,,,,
,,6213,1.0960524377878755e-05,,,,
,,6214,0.25487229228019714,,,,
,,6215,0.21349897980690002,,,,
,,6216,4.541186626738636e-06,,,,
,,6217,8.276579137600493e-06,,,,
,,6218,4.006357357866364e-06,,,,
,,6219,5.585571216215612e-06,,,,
,,6220,3.1731926810607547e-06,,,,
,,6221,6.022687557560857e-06,,,,
,,6222,3.252664782849024e-06,,,,
,,6223,1.7622179484533262e-06,,,,
,,6224,1.9798981156782247e-06,,,,
,,6225,1.6015459323170944e-06,,,,
,,6226,2.0161801330687013e-06,,,,
,,6227,1.7829476064434857e-06,,,,
,,6228,1.9981594050477725e-06,,,,
,,6229,1.2441969374776818e-05,,,,
,,6230,3.1391100492328405e-06,,,,
,,6231,4.047858055855613e-06,,,,
,,6232,8.145418178173713e-06,,,,
,,6233,1.326847154814459e-06,,,,
,,6234,3.270449042247492e-06,,,,
,,6235,8.520221854269039e-06,,,,
,,6236,3.865716280415654e-06,,,,
,,6237,7.78965750214411e-06,,,,
,,6238,5.726680319639854e-05,,,,
,,6239,0.04076707735657692,,,,
,,6240,1.4771488849874004e-06,,,,
,,6241,0.05117167532444,,,,
,,6242,2.7054834390582982e-06,,,,
,,6243,1.8789515934258816e-06,,,,
,,6244,2.0265451894374564e-06,,,,
,,6245,1.578097226229147e-06,,,,
,,6246,2.741748630796792e-06,,,,
,,6247,1.399409143232333e-06,,,,
,,6248,1.4475361922450247e-06,,,,
,,6249,7.981827252478979e-07,,,,
,,6250,1.5548985174973495e-06,,,,
,,6251,1.1558091728147701e-06,,,,
,,6252,1.7654243720244267e-06,,,,
,,6253,1.5756305629111012e-06,,,,
,,6254,9.196117503051937e-07,,,,
,,6255,1.3942262739874423e-06,,,,
,,6256,2.1514224499696866e-06,,,,
,,6257,1.9384308416192653e-06,,,,
,,6258,1.2594691725098528e-06,,,,
,,6259,1.4408739161808626e-06,,,,
,,6260,2.917748815889354e-06,,,,
,,6261,4.24600921178353e-06,,,,
,,6262,1.4872706515234313e-06,,,,
,,6263,2.9801819891872583e-06,,,,
,,6264,2.321971351193497e-06,,,,
,,6265,3.006102133440436e-06,,,,
,,6266,3.501334140310064e-05,,,,
,,6267,0.32217296957969666,,,,
,,6268,1.4104628462519031e-05,,,,
,,6269,2.4411715457972605e-06,,,,
,,6270,6.4653190747776534e-06,,,,
,,6271,2.5396436740265926e-06,,,,
,,6272,2.3893414891063003e-06,,,,
,,6273,1.6119088286359329e-06,,,,
,,6274,1.430507381883217e-06,,,,
,,6275,1.4201417570802732e-06,,,,
,,6276,2.452289436405408e-06,,,,
,,6277,0.00022501239436678588,,,,
,,6278,1.9640979189716745e-06,,,,
,,6279,1.8140458450943697e-06,,,,
,,6280,1.2750175528708496e-06,,,,
,,6281,1.5445309600181645e-06,,,,
,,6282,4.913300927000819e-06,,,,
,,6283,1.2957495982846012e-06,,,,
,,6284,1.6632458255116944e-06,,,,
,,6285,2.5500296487734886e-06,,,,
,,6286,3.808119072346017e-05,,,,
,,6287,1.878079456218984e-05,,,,
,,6288,2.2805086246080464e-06,,,,
,,6289,6.856776963104494e-06,,,,
,,6290,1.0883238246606197e-05,,,,
,,6291,0.29619020223617554,,,,
,,6292,0.22637036442756653,,,,
,,6293,2.6112329578609206e-06,,,,
,,6294,1.1698170055751689e-05,,,,
,,6295,2.7365927053324413e-06,,,,
,,6296,1.8969691382153542e-06,,,,
,,6297,3.104555162281031e-06,,,,
,,6298,1.941396249094396e-06,,,,
,,6299,1.7984971236728597e-06,,,,
,,6300,1.7427181546736392e-06,,,,
,,6301,1.7938073142431676e-06,,,,
,,6302,2.378487579335342e-06,,,,
,,6303,1.35276263790729e-06,,,,
,,6304,1.2091186363250017e-06,,,,
,,6305,1.5393495687021641e-06,,,,
,,6306,1.0172139809583314e-05,,,,
,,6307,3.1731813123769825e-06,,,,
,,6308,3.2640091376379132e-06,,,,
,,6309,3.638652287918376e-06,,,,
,,6310,1.5724128843430663e-06,,,,
,,6311,4.623118911695201e-06,,,,
,,6312,1.9177061858499656e-06,,,,
,,6313,2.389346036579809e-06,,,,
,,6314,5.852440153830685e-06,,,,
,,6315,5.872090696357191e-06,,,,
,,6316,8.412239367316943e-06,,,,
,,6317,8.4803423305857e-06,,,,
,,6318,0.34503722190856934,,,,
,,6319,2.2169906515046023e-05,,,,
,,6320,5.48339266970288e-06,,,,
,,6321,3.809402187471278e-06,,,,
,,6322,5.478168986883247e-06,,,,
,,6323,3.1220947676047217e-06,,,,
,,6324,1.523800506220141e-06,,,,
,,6325,4.507113317231415e-06,,,,
,,6326,2.8382623895595316e-06,,,,
,,6327,2.7106962079415098e-06,,,,
,,6328,3.3948294912988786e-06,,,,
,,6329,2.000627091547358e-06,,,,
,,6330,2.2079445898270933e-06,,,,
,,6331,1.7881279745779466e-06,,,,
,,6332,3.7805682495672954e-06,,,,
,,6333,1.467788388254121e-05,,,,
,,6334,1.91252206604986e-06,,,,
,,6335,6.805740849813446e-05,,,,
,,6336,1.694837578725128e-06,,,,
,,6337,3.442834713496268e-05,,,,
,,6338,1.643778341531288e-05,,,,
,,6339,5.799552127427887e-06,,,,
,,6340,0.042269542813301086,,,,
,,6341,0.000559195876121521,,,,
,,6342,0.0002926506276708096,,,,
,,6343,0.3136443495750427,,,,
,,6344,0.2721479833126068,,,,
,,6345,3.47178902302403e-05,,,,
,,6346,4.807936875295127e-06,,,,
,,6347,3.203039568688837e-06,,,,
,,6348,1.986807319553918e-06,,,,
,,6349,0.10351978987455368,,,,
,,6350,2.9404452561720973e-06,,,,
,,6351,2.4125370146066416e-06,,,,
,,6352,2.2990195702732308e-06,,,,
,,6353,1.528982807030843e-06,,,,
,,6354,1.5600801361870253e-06,,,,
,,6355,1.6067234582806122e-06,,,,
,,6356,1.8278626612300286e-06,,,,
,,6357,4.013316356576979e-06,,,,
,,6358,4.995217295800103e-06,,,,
,,6359,4.76817149319686e-06,,,,
,,6360,7.328323590627406e-06,,,,
,,6361,1.4021234164829366e-06,,,,
,,6362,1.321663944509055e-06,,,,
,,6363,1.7363016695526312e-06,,,,
,,6364,4.954772521159612e-06,,,,
,,6365,2.968842181871878e-06,,,,
,,6366,0.00024224340450018644,,,,
,,6367,0.00025430574896745384,,,,
,,6368,0.00012799161777365953,,,,
,,6369,0.3414311110973358,,,,
,,6370,2.2876720322528854e-06,,,,
,,6371,0.0009890918154269457,,,,
,,6372,4.007630195701495e-06,,,,
,,6373,1.0069915333588142e-05,,,,
,,6374,2.4806681722111534e-06,,,,
,,6375,4.667471148422919e-05,,,,
,,6376,1.9902677195204888e-06,,,,
,,6377,2.2252263534028316e-06,,,,
,,6378,1.6067257320173667e-06,,,,
,,6379,1.7466704775870312e-06,,,,
,,6380,1.5756316997794784e-06,,,,
,,6381,1.4645652299805079e-06,,,,
,,6382,1.3737380868406035e-06,,,,
,,6383,2.5189317511831177e-06,,,,
,,6384,2.8402721454767743e-06,,,,
,,6385,3.5478483368933666e-06,,,,
,,6386,2.7728890472644707e-06,,,,
,,6387,1.7103901654991205e-06,,,,
,,6388,2.7077139748143964e-06,,,,
,,6389,3.5762136576522607e-06,,,,
,,6390,1.7313637954430305e-06,,,,
,,6391,1.9413960217207205e-06,,,,
,,6392,4.628337137546623e-06,,,,
,,6393,3.0786711704422487e-06,,,,
,,6394,3.92862739317934e-06,,,,
,,6395,0.2874341309070587,,,,
,,6396,3.11911353492178e-05,,,,
,,6397,1.8394921426079236e-05,,,,
,,6398,1.8192291690866114e-06,,,,
,,6399,1.4248253137338907e-06,,,,
,,6400,1.9332539977767738e-06,,,,
,,6401,1.7933144818016444e-06,,,,
,,6402,1.1661749113045516e-06,,,,
,,6403,1.1039793434974854e-06,,,,
,,6404,1.646216105655185e-06,,,,
,,6405,1.6326423519785749e-06,,,,
,,6406,2.060605538645177e-06,,,,
,,6407,1.0274682153976755e-06,,,,
,,6408,2.10947450796084e-06,,,,
,,6409,1.1402602240195847e-06,,,,
,,6410,2.0680029138020473e-06,,,,
,,6411,1.549715989312972e-06,,,,
,,6412,1.694836782917264e-06,,,,
,,6413,1.2034429346385878e-06,,,,
,,6414,1.6575659174122848e-06,,,,
,,6415,1.3623857739730738e-06,,,,
,,6416,1.7622182895138394e-06,,,,
,,6417,1.7933161871042103e-06,,,,
,,6418,2.6018458356702467e-06,,,,
,,6419,0.33589527010917664,,,,
,,6420,1.9280651031294838e-06,,,,
,,6421,0.3025127053260803,,,,
,,6422,0.2568601667881012,,,,
,,6423,2.721754390222486e-05,,,,
,,6424,2.135386694135377e-06,,,,
,,6425,2.3582501853525173e-06,,,,
,,6426,2.1968410237604985e-06,,,,
,,6427,3.296310978839756e-06,,,,
,,6428,2.062828798443661e-06,,,,
,,6429,2.2365777567756595e-06,,,,
,,6430,1.5894516991465935e-06,,,,
,,6431,2.287664074174245e-06,,,,
,,6432,1.254532207894954e-06,,,,
,,6433,1.471971586397558e-06,,,,
,,6434,6.159054464660585e-06,,,,
,,6435,1.4667887171526672e-06,,,,
,,6436,1.461606075281452e-06,,,,
,,6437,1.166175593425578e-06,,,,
,,6438,4.683099177782424e-06,,,,
,,6439,8.969063287622703e-07,,,,
,,6440,1.5963628356985282e-06,,,,
,,6441,2.04209072762751e-06,,,,
,,6442,1.5289826933440054e-06,,,,
,,6443,2.8326230676611885e-06,,,,
,,6444,7.836150871298742e-06,,,,
,,6445,4.921507752442267e-06,,,,
,,6446,4.285762770450674e-06,,,,
,,6447,5.549127672566101e-05,,,,
,,6448,6.809664046159014e-05,,,,
,,6449,1.8841632481780834e-05,,,,
,,6450,2.4981775368360104e-06,,,,
,,6451,2.119830242008902e-06,,,,
,,6452,6.089720955060329e-06,,,,
,,6453,2.826936906785704e-06,,,,
,,6454,1.5289841712728958e-06,,,,
,,6455,1.2204711765662069e-06,,,,
,,6456,0.23482027649879456,,,,
,,6457,1.9954486560891382e-06,,,,
,,6458,1.0274681017108378e-06,,,,
,,6459,1.4823348237769096e-06,,,,
,,6460,1.1920891438421677e-06,,,,
,,6461,3.252664782849024e-06,,,,
,,6462,2.0606009911716683e-06,,,,
,,6463,1.4564227512892103e-06,,,,
,,6464,0.0811266303062439,,,,
,,6465,2.2365679797076155e-06,,,,
,,6466,1.3631287174575846e-06,,,,
,,6467,2.5862850634439383e-06,,,,
,,6468,1.985083144973032e-06,,,,
,,6469,3.8546328141819686e-05,,,,
,,6470,1.1420292139519006e-05,,,,
,,6471,0.38513216376304626,,,,
,,6472,1.72256950463634e-05,,,,
,,6473,4.259464185452089e-05,,,,
,,6474,7.33409688109532e-05,,,,
,,6475,3.0653384328616085e-06,,,,
,,6476,2.8506196940725204e-06,,,,
,,6477,4.315911792218685e-05,,,,
,,6478,9.78566640696954e-06,,,,
,,6479,4.9385675993107725e-06,,,,
,,6480,2.1509406451514224e-06,,,,
,,6481,2.985880200867541e-06,,,,
,,6482,2.5759350137377623e-06,,,,
,,6483,2.560384473326849e-06,,,,
,,6484,1.7103856180256116e-06,,,,
,,6485,2.4806661258480744e-06,,,,
,,6486,1.867603714345023e-06,,,,
12,,6486,,0.01576206088066101,,,
12,,6486,,,0.9418837428092957,0.945891797542572,0.008466757833957672
13,9.809638140723109e-05,6487,,,,,
13,4.3805568566313013e-05,6488,,,,,
13,0.00014241752796806395,6489,,,,,
13,0.00026703992625698447,6490,,,,,
13,0.00038930223672650754,6491,,,,,
13,0.06794077903032303,6492,,,,,
13,2.1222573195700534e-05,6493,,,,,
13,0.00032732979161664844,6494,,,,,
13,0.0005310724955052137,6495,,,,,
13,0.00012164335930719972,6496,,,,,
13,0.00017621084407437593,6497,,,,,
13,0.12866751849651337,6498,,,,,
13,0.002929531969130039,6499,,,,,
13,3.225619002478197e-05,6500,,,,,
13,2.0197361664031632e-05,6501,,,,,
13,3.5555825888877735e-05,6502,,,,,
13,0.00011304069630568847,6503,,,,,
13,6.789212784497067e-05,6504,,,,,
13,3.214683965779841e-05,6505,,,,,
13,0.0016198682133108377,6506,,,,,
13,2.008348201343324e-05,6507,,,,,
13,0.0003557201416697353,6508,,,,,
13,7.28862578398548e-05,6509,,,,,
13,0.00024861848214641213,6510,,,,,
13,0.055670805275440216,6511,,,,,
13,0.00021281084627844393,6512,,,,,
13,0.02267634868621826,6513,,,,,
13,0.0027443887665867805,6514,,,,,
13,0.00011289578105788678,6515,,,,,
13,0.25534334778785706,6516,,,,,
13,9.500087617198005e-05,6517,,,,,
13,0.00010164926061406732,6518,,,,,
13,0.0050032236613333225,6519,,,,,
13,0.0001106171403080225,6520,,,,,
13,0.00016469198453705758,6521,,,,,
13,0.00013812942779622972,6522,,,,,
13,5.168031566427089e-05,6523,,,,,
13,0.001894893473945558,6524,,,,,
13,0.0003140050976071507,6525,,,,,
13,0.0009784408612176776,6526,,,,,
13,0.015629395842552185,6527,,,,,
13,0.0006099370075389743,6528,,,,,
13,6.747316365363076e-05,6529,,,,,
13,9.371055057272315e-05,6530,,,,,
13,0.00016148535360116512,6531,,,,,
13,0.00017830391880124807,6532,,,,,
13,0.0031927411910146475,6533,,,,,
13,0.0782107338309288,6534,,,,,
13,0.0005232962430454791,6535,,,,,
13,0.2689269483089447,6536,,,,,
13,0.006158322095870972,6537,,,,,
13,0.00841305311769247,6538,,,,,
13,0.0011268951930105686,6539,,,,,
13,0.00021943761385045946,6540,,,,,
13,0.0007547758868895471,6541,,,,,
13,0.0630813017487526,6542,,,,,
13,0.05612022057175636,6543,,,,,
13,0.006622110027819872,6544,,,,,
13,0.0327063724398613,6545,,,,,
13,0.0011742423521354795,6546,,,,,
13,0.0003278531657997519,6547,,,,,
13,0.0022905836813151836,6548,,,,,
13,0.00020987213065382093,6549,,,,,
13,0.004056748002767563,6550,,,,,
13,0.0008871479076333344,6551,,,,,
13,0.023867249488830566,6552,,,,,
13,0.004523090552538633,6553,,,,,
13,0.008436867035925388,6554,,,,,
13,0.0004387591907288879,6555,,,,,
13,0.01769462414085865,6556,,,,,
13,0.002063969848677516,6557,,,,,
13,0.002894702600315213,6558,,,,,
13,0.012788441963493824,6559,,,,,
13,0.0033450890332460403,6560,,,,,
13,0.00031729828333482146,6561,,,,,
13,0.00034733302891254425,6562,,,,,
13,0.0173477903008461,6563,,,,,
13,0.013916939496994019,6564,,,,,
13,0.0007766669732518494,6565,,,,,
13,0.0010592772159725428,6566,,,,,
13,0.00020538322860375047,6567,,,,,
13,0.006606303621083498,6568,,,,,
13,0.0034679907839745283,6569,,,,,
13,0.010466068051755428,6570,,,,,
13,0.0006860624998807907,6571,,,,,
13,4.0798215195536613e-05,6572,,,,,
13,0.0007082593510858715,6573,,,,,
13,0.0002277807507198304,6574,,,,,
13,0.0002863519184757024,6575,,,,,
13,0.0007217563106678426,6576,,,,,
13,0.00018947923672385514,6577,,,,,
13,0.005691913887858391,6578,,,,,
13,0.0026151936035603285,6579,,,,,
13,9.709414734970778e-05,6580,,,,,
13,5.098375550005585e-05,6581,,,,,
13,0.005939319729804993,6582,,,,,
13,0.006323737092316151,6583,,,,,
13,0.00022747820185031742,6584,,,,,
13,0.000597928767092526,6585,,,,,
13,0.00017606907931622118,6586,,,,,
13,0.00028450379613786936,6587,,,,,
13,0.004447037819772959,6588,,,,,
13,0.00037612064625136554,6589,,,,,
13,0.0002512284554541111,6590,,,,,
13,8.862898539518937e-05,6591,,,,,
13,0.00021791392646264285,6592,,,,,
13,0.0001904847304103896,6593,,,,,
13,0.0009907459607347846,6594,,,,,
13,2.030421637755353e-05,6595,,,,,
13,0.0005233650445006788,6596,,,,,
13,0.0008615076076239347,6597,,,,,
13,0.035406243056058884,6598,,,,,
13,0.059769511222839355,6599,,,,,
13,0.0001044691089191474,6600,,,,,
13,0.0008996712858788669,6601,,,,,
13,0.04933229088783264,6602,,,,,
13,0.00011517790699144825,6603,,,,,
13,0.0006348607130348682,6604,,,,,
13,0.0004194481298327446,6605,,,,,
13,0.0016557632479816675,6606,,,,,
13,0.001935632317326963,6607,,,,,
13,9.103016782319173e-05,6608,,,,,
13,0.0006100548198446631,6609,,,,,
13,0.0919308066368103,6610,,,,,
13,0.0003396718529984355,6611,,,,,
13,4.322565655456856e-05,6612,,,,,
13,0.00010505384125281125,6613,,,,,
13,0.00022976867330726236,6614,,,,,
13,0.0002634412667248398,6615,,,,,
13,0.0643472746014595,6616,,,,,
13,0.00038900243816897273,6617,,,,,
13,0.00015596083540003747,6618,,,,,
13,0.0037744096480309963,6619,,,,,
13,0.010254897177219391,6620,,,,,
13,0.00013682706048712134,6621,,,,,
13,0.00023558655811939389,6622,,,,,
13,0.0003438960702624172,6623,,,,,
13,0.0003810331108979881,6624,,,,,
13,0.027030006051063538,6625,,,,,
13,0.001043912605382502,6626,,,,,
13,0.0001573066256241873,6627,,,,,
13,0.0010349296499043703,6628,,,,,
13,0.039752520620822906,6629,,,,,
13,0.0052172052673995495,6630,,,,,
13,0.00020952607155777514,6631,,,,,
13,0.01979626528918743,6632,,,,,
13,0.0006497191498056054,6633,,,,,
13,0.0026228034403175116,6634,,,,,
13,0.0003868481144309044,6635,,,,,
13,0.001085070543922484,6636,,,,,
13,6.756299262633547e-05,6637,,,,,
13,0.00015360835823230445,6638,,,,,
13,0.0005124546005390584,6639,,,,,
13,0.00012155566219007596,6640,,,,,
13,7.779974839650095e-05,6641,,,,,
13,3.962504706578329e-05,6642,,,,,
13,0.0003819164994638413,6643,,,,,
13,4.453512519830838e-05,6644,,,,,
13,0.011082344688475132,6645,,,,,
13,9.57415031734854e-05,6646,,,,,
13,0.0666656568646431,6647,,,,,
13,3.56172131432686e-05,6648,,,,,
13,0.0008592131198383868,6649,,,,,
13,7.635275687789544e-05,6650,,,,,
13,0.0008802821976132691,6651,,,,,
13,0.01841539517045021,6652,,,,,
13,2.5183135221595876e-05,6653,,,,,
13,0.0775773674249649,6654,,,,,
13,0.12129829078912735,6655,,,,,
13,0.0011065567377954721,6656,,,,,
13,0.00029682618333026767,6657,,,,,
13,7.608904707012698e-05,6658,,,,,
13,0.00891673844307661,6659,,,,,
13,0.0032503127586096525,6660,,,,,
13,0.00019827319192700088,6661,,,,,
13,7.63269272283651e-05,6662,,,,,
13,0.007292313035577536,6663,,,,,
13,0.007040897849947214,6664,,,,,
13,0.0028235099744051695,6665,,,,,
13,0.00014051147445570678,6666,,,,,
13,0.00013546906120609492,6667,,,,,
13,0.08064278215169907,6668,,,,,
13,0.00017213683167938143,6669,,,,,
13,0.006805863231420517,6670,,,,,
13,0.0011771415593102574,6671,,,,,
13,0.00024636625312268734,6672,,,,,
13,0.0025627627037465572,6673,,,,,
13,0.0012408839538693428,6674,,,,,
13,0.0079979058355093,6675,,,,,
13,0.0020461759995669127,6676,,,,,
13,2.518028486520052e-05,6677,,,,,
13,0.003974915947765112,6678,,,,,
13,0.0064369793981313705,6679,,,,,
13,0.0001881655480246991,6680,,,,,
13,0.00552720669656992,6681,,,,,
13,5.6195603974629194e-05,6682,,,,,
13,0.0005279756151139736,6683,,,,,
13,0.0075970240868628025,6684,,,,,
13,0.00029954497586004436,6685,,,,,
13,0.00012058868742315099,6686,,,,,
13,0.013658474199473858,6687,,,,,
13,4.643225111067295e-05,6688,,,,,
13,0.06404419243335724,6689,,,,,
13,1.848792271630373e-05,6690,,,,,
13,0.0004567448340822011,6691,,,,,
13,9.276721539208665e-05,6692,,,,,
13,0.0021767220459878445,6693,,,,,
13,4.3691270548151806e-05,6694,,,,,
13,0.002244261559098959,6695,,,,,
13,0.00303451856598258,6696,,,,,
13,0.018707718700170517,6697,,,,,
13,0.00576220965012908,6698,,,,,
13,0.0037522565107792616,6699,,,,,
13,0.0007208675378933549,6700,,,,,
13,0.01656442880630493,6701,,,,,
13,0.005735543556511402,6702,,,,,
13,0.0002911834162659943,6703,,,,,
13,0.005553058814257383,6704,,,,,
13,0.0033833745401352644,6705,,,,,
13,5.460972897708416e-05,6706,,,,,
13,3.47481036442332e-05,6707,,,,,
13,0.0006238711066544056,6708,,,,,
13,0.00013303861487656832,6709,,,,,
13,0.00010628128802636638,6710,,,,,
13,7.250715862028301e-05,6711,,,,,
13,8.879724191501737e-05,6712,,,,,
13,8.960556442616507e-05,6713,,,,,
13,0.00010925832611974329,6714,,,,,
13,0.07603395730257034,6715,,,,,
13,0.0003209201677236706,6716,,,,,
13,3.5632929211715236e-05,6717,,,,,
13,0.0007229999755509198,6718,,,,,
13,6.556410880875774e-06,6719,,,,,
13,5.988158591208048e-05,6720,,,,,
13,3.8276346458587795e-05,6721,,,,,
13,0.002838628366589546,6722,,,,,
13,0.0026816243771463633,6723,,,,,
13,4.790976618096465e-06,6724,,,,,
13,1.969130607903935e-05,6725,,,,,
13,8.253709893324412e-06,6726,,,,,
13,0.0011889970628544688,6727,,,,,
13,3.4964436053996906e-05,6728,,,,,
13,1.0018541615863796e-05,6729,,,,,
13,8.07762444310356e-06,6730,,,,,
13,1.864071782620158e-05,6731,,,,,
13,0.00017747280071489513,6732,,,,,
13,6.472674431279302e-05,6733,,,,,
13,2.3459046133211814e-05,6734,,,,,
13,0.15376827120780945,6735,,,,,
13,2.9198148695286363e-05,6736,,,,,
13,0.0003387019387446344,6737,,,,,
13,0.040079452097415924,6738,,,,,
13,0.004467122256755829,6739,,,,,
13,0.00016132449673023075,6740,,,,,
13,5.604797479463741e-05,6741,,,,,
13,0.008082916960120201,6742,,,,,
13,0.12155622988939285,6743,,,,,
13,1.0802334145409986e-05,6744,,,,,
13,0.27650371193885803,6745,,,,,
13,8.259142305178102e-06,6746,,,,,
13,2.2756354155717418e-05,6747,,,,,
13,0.0005756070022471249,6748,,,,,
13,6.267462595133111e-05,6749,,,,,
13,0.0003284138801973313,6750,,,,,
13,0.00021946155175101012,6751,,,,,
13,0.001846494385972619,6752,,,,,
13,0.00012881646398454905,6753,,,,,
13,0.00028801581356674433,6754,,,,,
13,6.480929005192593e-05,6755,,,,,
13,0.0001317854766966775,6756,,,,,
13,0.004345939960330725,6757,,,,,
13,0.0018657023319974542,6758,,,,,
13,0.010665258392691612,6759,,,,,
13,0.00015407738101202995,6760,,,,,
13,0.3095864951610565,6761,,,,,
13,0.0013691253261640668,6762,,,,,
13,0.0006841919384896755,6763,,,,,
13,0.007625291123986244,6764,,,,,
13,0.009132228791713715,6765,,,,,
13,0.006190323270857334,6766,,,,,
13,6.498970469692722e-05,6767,,,,,
13,0.0010234145447611809,6768,,,,,
13,0.0022857673466205597,6769,,,,,
13,0.004857830237597227,6770,,,,,
13,5.3268980991560966e-05,6771,,,,,
13,0.0009380216361023486,6772,,,,,
13,0.008999747224152088,6773,,,,,
13,0.003911430481821299,6774,,,,,
13,0.0006751432083547115,6775,,,,,
13,0.0007817629375495017,6776,,,,,
13,0.1788349747657776,6777,,,,,
13,0.002504539443179965,6778,,,,,
13,0.00026871473528444767,6779,,,,,
13,8.719052857486531e-05,6780,,,,,
13,0.03149687871336937,6781,,,,,
13,0.00044463828089646995,6782,,,,,
13,0.011354180984199047,6783,,,,,
13,0.0013228579191491008,6784,,,,,
13,0.00164735724683851,6785,,,,,
13,0.00013376444985624403,6786,,,,,
13,0.0012683693785220385,6787,,,,,
13,0.0026796935126185417,6788,,,,,
13,0.003203253960236907,6789,,,,,
13,0.00021989546075928956,6790,,,,,
13,0.0006587053649127483,6791,,,,,
13,0.0022341583389788866,6792,,,,,
13,0.0006735166534781456,6793,,,,,
13,0.0007999640656635165,6794,,,,,
13,5.2344053983688354e-05,6795,,,,,
13,0.005243482533842325,6796,,,,,
13,0.0008303060894832015,6797,,,,,
13,0.0005271577974781394,6798,,,,,
13,0.002140946453437209,6799,,,,,
13,0.005144873168319464,6800,,,,,
13,0.0016036879969760776,6801,,,,,
13,0.0008038501837290823,6802,,,,,
13,0.0007251998176798224,6803,,,,,
13,0.0032803707290440798,6804,,,,,
13,0.0005660720053128898,6805,,,,,
13,0.00010902796930167824,6806,,,,,
13,0.00021798773377668113,6807,,,,,
13,0.0361563079059124,6808,,,,,
13,0.0002749364939518273,6809,,,,,
13,0.00010790423402795568,6810,,,,,
13,0.00024372304324060678,6811,,,,,
13,0.0035935479681938887,6812,,,,,
13,0.00029111423646099865,6813,,,,,
13,0.0016922184731811285,6814,,,,,
13,0.00019624455308075994,6815,,,,,
13,0.002579733030870557,6816,,,,,
13,0.006024415139108896,6817,,,,,
13,0.006429548375308514,6818,,,,,
13,0.000654310395475477,6819,,,,,
13,0.002968707587569952,6820,,,,,
13,0.0023565778974443674,6821,,,,,
13,0.00017397539340890944,6822,,,,,
13,0.010988665744662285,6823,,,,,
13,0.0009030919754877687,6824,,,,,
13,0.00014170030772220343,6825,,,,,
13,0.0007949529681354761,6826,,,,,
13,0.00017689162632450461,6827,,,,,
13,0.010372995398938656,6828,,,,,
13,0.0004205757286399603,6829,,,,,
13,0.0005575837567448616,6830,,,,,
13,5.169926953385584e-05,6831,,,,,
13,5.3338106226874515e-05,6832,,,,,
13,0.0004894236335530877,6833,,,,,
13,0.0013092415174469352,6834,,,,,
13,5.6381246395176277e-05,6835,,,,,
13,0.002195297973230481,6836,,,,,
13,6.6529519244795665e-06,6837,,,,,
13,0.00654402794316411,6838,,,,,
13,0.00020436786871869117,6839,,,,,
13,0.00018044649914372712,6840,,,,,
13,5.9138557844562456e-05,6841,,,,,
13,4.978011202183552e-05,6842,,,,,
13,0.0002333871234441176,6843,,,,,
13,7.35486755729653e-05,6844,,,,,
13,0.0001296222471864894,6845,,,,,
13,0.000710864260327071,6846,,,,,
13,9.190974378725514e-05,6847,,,,,
13,0.00086048903176561,6848,,,,,
13,0.00048241086187772453,6849,,,,,
13,0.053526878356933594,6850,,,,,
13,0.023930497467517853,6851,,,,,
13,0.0003442612651269883,6852,,,,,
13,0.00023867978597991168,6853,,,,,
13,0.00027562095783650875,6854,,,,,
13,0.0032644513994455338,6855,,,,,
13,4.993839320377447e-05,6856,,,,,
13,0.010844632051885128,6857,,,,,
13,7.839968748157844e-05,6858,,,,,
13,0.0025140352081507444,6859,,,,,
13,0.00014424715482164174,6860,,,,,
13,4.4672789954347536e-05,6861,,,,,
13,2.3583686925121583e-05,6862,,,,,
13,5.864663762622513e-05,6863,,,,,
13,0.0015355151845142245,6864,,,,,
13,2.3067213987815194e-05,6865,,,,,
13,4.56775123893749e-05,6866,,,,,
13,0.00022747163893654943,6867,,,,,
13,1.8543725673225708e-05,6868,,,,,
13,7.229422044474632e-05,6869,,,,,
13,0.00024202383065130562,6870,,,,,
13,3.920428207493387e-05,6871,,,,,
13,0.0003260168887209147,6872,,,,,
13,2.137130832124967e-05,6873,,,,,
13,3.5209111956646666e-05,6874,,,,,
13,0.0014822895172983408,6875,,,,,
13,2.919850157923065e-05,6876,,,,,
13,0.00038285739719867706,6877,,,,,
13,0.04808149114251137,6878,,,,,
13,3.7846337363589555e-05,6879,,,,,
13,8.729105320526287e-05,6880,,,,,
13,4.2591906094457954e-05,6881,,,,,
13,7.897433533798903e-05,6882,,,,,
13,0.00011020374222425744,6883,,,,,
13,0.0008098296239040792,6884,,,,,
13,0.0007711973739787936,6885,,,,,
13,0.03315860405564308,6886,,,,,
13,0.00022702287242282182,6887,,,,,
13,6.382283754646778e-05,6888,,,,,
13,0.0003285613493062556,6889,,,,,
13,2.2506768800667487e-05,6890,,,,,
13,0.0002261601621285081,6891,,,,,
13,0.005179152823984623,6892,,,,,
13,0.0007850514957681298,6893,,,,,
13,0.000231492449529469,6894,,,,,
13,0.0027347130235284567,6895,,,,,
13,3.4723700082395226e-05,6896,,,,,
13,0.00033519533462822437,6897,,,,,
13,0.000130821208585985,6898,,,,,
13,0.00020632136147469282,6899,,,,,
13,1.4516159353661351e-05,6900,,,,,
13,0.0003554249124135822,6901,,,,,
13,1.964355078598601e-06,6902,,,,,
13,1.5118139344849624e-05,6903,,,,,
13,2.293198849656619e-05,6904,,,,,
13,0.00023147722822614014,6905,,,,,
13,0.0003788264002650976,6906,,,,,
13,0.00019258790416643023,6907,,,,,
13,6.94265472702682e-05,6908,,,,,
13,7.404731877613813e-05,6909,,,,,
13,2.322204272786621e-05,6910,,,,,
13,0.00015850263298489153,6911,,,,,
13,2.5547249606461264e-05,6912,,,,,
13,1.1210994671273511e-05,6913,,,,,
13,6.454032700276002e-05,6914,,,,,
13,2.6747395168058574e-05,6915,,,,,
13,0.0014954879879951477,6916,,,,,
13,5.738985237258021e-06,6917,,,,,
13,2.5213401386281475e-05,6918,,,,,
13,1.3151993698556907e-05,6919,,,,,
13,3.1104471418075264e-05,6920,,,,,
13,5.4391653975471854e-05,6921,,,,,
13,9.144388604909182e-05,6922,,,,,
13,0.0009305689600296319,6923,,,,,
13,1.073976636689622e-05,6924,,,,,
13,0.0001155115314759314,6925,,,,,
13,0.000507902295794338,6926,,,,,
13,0.0001672989019425586,6927,,,,,
13,0.00013026208034716547,6928,,,,,
13,0.0007354935514740646,6929,,,,,
13,0.00012992971460334957,6930,,,,,
13,8.970491035142913e-05,6931,,,,,
13,0.0020606773905456066,6932,,,,,
13,1.3287864931044169e-05,6933,,,,,
13,0.00013377523282542825,6934,,,,,
13,1.9601482563302852e-05,6935,,,,,
13,1.0396379366284236e-05,6936,,,,,
13,3.329616811242886e-05,6937,,,,,
13,1.3179484994907398e-05,6938,,,,,
13,0.0003974305000156164,6939,,,,,
13,0.01372161228209734,6940,,,,,
13,6.537588342325762e-05,6941,,,,,
13,0.00015765348507557064,6942,,,,,
13,3.2099360396387056e-05,6943,,,,,
13,1.6936768588493578e-05,6944,,,,,
13,0.000334578740876168,6945,,,,,
13,1.5053133211040404e-05,6946,,,,,
13,3.782178464462049e-05,6947,,,,,
13,0.09591156244277954,6948,,,,,
13,0.000166651007020846,6949,,,,,
13,1.615470137039665e-05,6950,,,,,
13,0.00016548437997698784,6951,,,,,
13,0.10681427270174026,6952,,,,,
13,2.3465454432880506e-05,6953,,,,,
13,0.0022822997998446226,6954,,,,,
13,8.883948612492532e-05,6955,,,,,
13,0.0004377166915219277,6956,,,,,
13,0.0001993556070374325,6957,,,,,
13,0.000130144675495103,6958,,,,,
13,0.15360651910305023,6959,,,,,
13,0.0007301916484721005,6960,,,,,
13,0.000624527339823544,6961,,,,,
13,0.017318464815616608,6962,,,,,
13,0.001389449229463935,6963,,,,,
13,0.0008172420202754438,6964,,,,,
13,0.00048615472042001784,6965,,,,,
13,0.00012318302469793707,6966,,,,,
13,0.024398479610681534,6967,,,,,
13,0.0024075638502836227,6968,,,,,
13,0.000422358833020553,6969,,,,,
13,0.0003114439023192972,6970,,,,,
13,0.001762084080837667,6971,,,,,
13,0.0001579381787450984,6972,,,,,
13,0.0003947171790059656,6973,,,,,
13,0.0011814594035968184,6974,,,,,
13,0.0006748432060703635,6975,,,,,
13,2.6299831006326713e-05,6976,,,,,
13,0.00046603078953921795,6977,,,,,
13,0.007922847755253315,6978,,,,,
13,0.0005328863626345992,6979,,,,,
13,0.0005187906208448112,6980,,,,,
13,0.0006285701529122889,6981,,,,,
13,0.00012020600843243301,6982,,,,,
13,0.010184582322835922,6983,,,,,
13,0.0003838776901829988,6984,,,,,
13,0.0006244550459086895,6985,,,,,
,,6487,7.410078978864476e-05,,,,
,,6488,0.00017037280485965312,,,,
,,6489,8.792709195404314e-06,,,,
,,6490,2.361169390496798e-05,,,,
,,6491,1.3793223843094893e-05,,,,
,,6492,1.3106476217217278e-05,,,,
,,6493,0.0002342632069485262,,,,
,,6494,0.0003511273243930191,,,,
,,6495,0.00013357542047742754,,,,
,,6496,2.2840084056952037e-05,,,,
,,6497,0.0003301901160739362,,,,
,,6498,0.00016796028648968786,,,,
,,6499,1.2124494787713047e-05,,,,
,,6500,0.0003441244480200112,,,,
,,6501,0.00011076158989453688,,,,
,,6502,0.001411197823472321,,,,
,,6503,6.276681961026043e-05,,,,
,,6504,0.0026073285844177008,,,,
,,6505,4.7455509957217146e-06,,,,
,,6506,5.7639015722088516e-05,,,,
,,6507,6.5562753661652096e-06,,,,
,,6508,6.374585154844681e-06,,,,
,,6509,2.4024648155318573e-05,,,,
,,6510,3.067485158680938e-05,,,,
,,6511,3.711843237397261e-05,,,,
,,6512,8.069974137470126e-05,,,,
,,6513,3.730313983396627e-05,,,,
,,6514,1.213001633004751e-05,,,,
,,6515,2.7365385903976858e-05,,,,
,,6516,5.1391118176979944e-05,,,,
,,6517,9.91072283795802e-06,,,,
,,6518,8.104002336040139e-05,,,,
,,6519,7.697249202465173e-06,,,,
,,6520,8.835890184855089e-05,,,,
,,6521,9.404829324921593e-05,,,,
,,6522,7.675722008571029e-05,,,,
,,6523,2.3520535251009278e-05,,,,
,,6524,3.638592534116469e-05,,,,
,,6525,7.213038770714775e-05,,,,
,,6526,1.8480461221770383e-05,,,,
,,6527,7.31441323296167e-05,,,,
,,6528,6.448162457672879e-05,,,,
,,6529,6.602874782402068e-05,,,,
,,6530,0.028369026258587837,,,,
,,6531,9.57940355874598e-05,,,,
,,6532,9.269216207030695e-06,,,,
,,6533,3.610277417465113e-06,,,,
,,6534,2.4697123080841266e-05,,,,
,,6535,2.6853042072616518e-05,,,,
,,6536,4.614968474925263e-06,,,,
,,6537,2.083272374875378e-05,,,,
,,6538,6.347067392198369e-05,,,,
,,6539,5.040701580583118e-06,,,,
,,6540,4.893037385045318e-06,,,,
,,6541,4.844780414714478e-05,,,,
,,6542,4.709528366220184e-05,,,,
,,6543,4.483869270188734e-05,,,,
,,6544,4.381668259156868e-05,,,,
,,6545,5.7563938753446564e-05,,,,
,,6546,8.979972335509956e-05,,,,
,,6547,8.289101242553443e-05,,,,
,,6548,8.197010902222246e-05,,,,
,,6549,3.058217771467753e-05,,,,
,,6550,5.7474811910651624e-05,,,,
,,6551,6.863509042887017e-05,,,,
,,6552,1.951306330738589e-05,,,,
,,6553,5.0366077630314976e-05,,,,
,,6554,4.567274663713761e-05,,,,
,,6555,3.618634946178645e-05,,,,
,,6556,0.0036839896347373724,,,,
,,6557,0.00011912568152183667,,,,
,,6558,5.57616185687948e-05,,,,
,,6559,4.348493894212879e-05,,,,
,,6560,1.4526820450555533e-05,,,,
,,6561,0.00152168411295861,,,,
,,6562,7.294097486010287e-06,,,,
,,6563,1.219832029164536e-05,,,,
,,6564,7.418957920890534e-06,,,,
,,6565,7.055735750327585e-06,,,,
,,6566,4.279407949070446e-05,,,,
,,6567,6.048000795999542e-05,,,,
,,6568,1.8877361071645282e-05,,,,
,,6569,5.2196883189026266e-05,,,,
,,6570,0.00020291603868827224,,,,
,,6571,2.3435823095496744e-05,,,,
,,6572,8.015027560759336e-06,,,,
,,6573,0.0002130411594407633,,,,
,,6574,9.064303594641387e-05,,,,
,,6575,0.0002814980980474502,,,,
,,6576,0.00010508392006158829,,,,
,,6577,9.653386223362759e-05,,,,
,,6578,8.620166045147926e-05,,,,
,,6579,2.5971225113607943e-05,,,,
,,6580,2.24527066166047e-05,,,,
,,6581,0.020179610699415207,,,,
,,6582,0.015835313126444817,,,,
,,6583,7.000802725087851e-05,,,,
,,6584,9.811703785089776e-05,,,,
,,6585,0.6512188911437988,,,,
,,6586,3.589393963920884e-05,,,,
,,6587,1.671605059527792e-05,,,,
,,6588,6.226986897672759e-06,,,,
,,6589,8.236228495661635e-06,,,,
,,6590,6.448525527957827e-05,,,,
,,6591,5.778629201813601e-06,,,,
,,6592,4.490544233703986e-05,,,,
,,6593,4.677981632994488e-05,,,,
,,6594,7.264670421136543e-05,,,,
,,6595,2.2930871637072414e-05,,,,
,,6596,1.5643514416296966e-05,,,,
,,6597,0.0007406494696624577,,,,
,,6598,5.369950486056041e-06,,,,
,,6599,4.669903501053341e-05,,,,
,,6600,0.00017588524497114122,,,,
,,6601,5.959819827694446e-05,,,,
,,6602,5.434257036540657e-05,,,,
,,6603,6.949594535399228e-05,,,,
,,6604,3.632923471741378e-05,,,,
,,6605,4.245496529620141e-05,,,,
,,6606,8.540504495613277e-05,,,,
,,6607,6.987829692661762e-05,,,,
,,6608,0.011256343685090542,,,,
,,6609,8.379055361729115e-05,,,,
,,6610,6.288242002483457e-05,,,,
,,6611,6.658388883806765e-06,,,,
,,6612,1.0943943379970733e-05,,,,
,,6613,2.4216362362494692e-05,,,,
,,6614,1.0313598068023566e-05,,,,
,,6615,4.5497748942580074e-05,,,,
,,6616,6.258815847104415e-05,,,,
,,6617,8.82097356225131e-06,,,,
,,6618,9.24498017411679e-05,,,,
,,6619,8.054284990066662e-05,,,,
,,6620,4.4536667701322585e-05,,,,
,,6621,9.27637520362623e-05,,,,
,,6622,5.404547482612543e-05,,,,
,,6623,8.622719178674743e-05,,,,
,,6624,5.443720510811545e-06,,,,
,,6625,4.73676627734676e-05,,,,
,,6626,0.0004515955224633217,,,,
,,6627,0.0004538482171483338,,,,
,,6628,9.088258957490325e-05,,,,
,,6629,6.023847163305618e-05,,,,
,,6630,3.864335667458363e-05,,,,
,,6631,0.024958733469247818,,,,
,,6632,5.383000825531781e-05,,,,
,,6633,7.293065573321655e-05,,,,
,,6634,0.0057691484689712524,,,,
,,6635,7.144951814552769e-05,,,,
,,6636,6.8967597144364845e-06,,,,
,,6637,9.002413207781501e-06,,,,
,,6638,1.9967932530562393e-05,,,,
,,6639,7.827519766578916e-06,,,,
,,6640,2.5299732442363165e-05,,,,
,,6641,3.0727162084076554e-05,,,,
,,6642,3.447949347901158e-05,,,,
,,6643,6.879760803712998e-06,,,,
,,6644,7.708578777965158e-06,,,,
,,6645,7.456469029420987e-05,,,,
,,6646,0.00015355188224930316,,,,
,,6647,5.858996883034706e-05,,,,
,,6648,5.543564839172177e-05,,,,
,,6649,0.00013109392602927983,,,,
,,6650,6.722187390550971e-05,,,,
,,6651,0.7403210401535034,,,,
,,6652,0.00025155243929475546,,,,
,,6653,5.097376742924098e-06,,,,
,,6654,0.00016132173186633736,,,,
,,6655,0.00018610077677294612,,,,
,,6656,8.21744542918168e-05,,,,
,,6657,9.525306813884526e-05,,,,
,,6658,7.94911538832821e-05,,,,
,,6659,6.567534728674218e-05,,,,
,,6660,0.00012845228775404394,,,,
,,6661,0.08029582351446152,,,,
,,6662,0.036343079060316086,,,,
,,6663,5.398309440352023e-06,,,,
,,6664,1.9966973923146725e-05,,,,
,,6665,4.110637019039132e-05,,,,
,,6666,1.0892441423493437e-05,,,,
,,6667,4.921079016639851e-05,,,,
,,6668,5.203663749853149e-05,,,,
,,6669,4.797528890776448e-05,,,,
,,6670,2.4132828912115656e-05,,,,
,,6671,2.498222966096364e-05,,,,
,,6672,0.00011106645251857117,,,,
,,6673,0.00010374632984166965,,,,
,,6674,0.00010586851567495614,,,,
,,6675,6.87336505507119e-05,,,,
,,6676,7.404934876831248e-05,,,,
,,6677,7.649302278878167e-05,,,,
,,6678,1.8974462363985367e-05,,,,
,,6679,0.0002137189731001854,,,,
,,6680,0.0006234206957742572,,,,
,,6681,0.00022883729252498597,,,,
,,6682,3.890463267453015e-05,,,,
,,6683,0.00012564750795718282,,,,
,,6684,7.945353718241677e-05,,,,
,,6685,0.00012633478036150336,,,,
,,6686,0.0004044514789711684,,,,
,,6687,0.00011659459414659068,,,,
,,6688,0.01851649023592472,,,,
,,6689,8.258909474534448e-06,,,,
,,6690,0.00010408999514766037,,,,
,,6691,5.2222065278328955e-05,,,,
,,6692,1.3446249795379117e-05,,,,
,,6693,3.764600842259824e-05,,,,
,,6694,5.8245790569344535e-05,,,,
,,6695,1.1817406630143523e-05,,,,
,,6696,1.0960626241285354e-05,,,,
,,6697,4.323127359384671e-05,,,,
,,6698,8.216637070290744e-05,,,,
,,6699,0.00010156974894925952,,,,
,,6700,0.000106296174635645,,,,
,,6701,0.00011246553185628727,,,,
,,6702,3.445621769060381e-05,,,,
,,6703,9.98439918475924e-06,,,,
,,6704,8.815257388050668e-06,,,,
,,6705,8.05534073151648e-05,,,,
,,6706,0.0003881887823808938,,,,
,,6707,0.0002229571109637618,,,,
,,6708,4.731618537334725e-05,,,,
,,6709,0.00015976653958205134,,,,
,,6710,0.001321136485785246,,,,
,,6711,8.434725168626755e-05,,,,
,,6712,3.1450381356989965e-05,,,,
,,6713,0.11448118835687637,,,,
,,6714,0.03537820279598236,,,,
,,6715,4.9499144552100915e-06,,,,
,,6716,7.759765139780939e-05,,,,
,,6717,2.7568861696636304e-05,,,,
,,6718,9.099181625060737e-06,,,,
,,6719,5.7558245316613466e-06,,,,
,,6720,7.027203082543565e-06,,,,
,,6721,8.077244274318218e-06,,,,
,,6722,6.105440843384713e-05,,,,
,,6723,5.7198336435249075e-05,,,,
,,6724,4.9750771722756326e-05,,,,
,,6725,7.501523214159533e-05,,,,
,,6726,3.7912996049271896e-05,,,,
,,6727,1.5324701962526888e-05,,,,
,,6728,5.551574759010691e-06,,,,
,,6729,1.069371046469314e-05,,,,
,,6730,2.8489914257079363e-05,,,,
,,6731,4.52337262686342e-05,,,,
,,6732,0.00021292212477419525,,,,
,,6733,0.00014595536049455404,,,,
,,6734,0.00013213575584813952,,,,
,,6735,5.0116184866055846e-05,,,,
,,6736,6.403784936992452e-05,,,,
,,6737,2.5504457880742848e-05,,,,
,,6738,0.055923473089933395,,,,
,,6739,6.426752224797383e-05,,,,
,,6740,0.02067534439265728,,,,
,,6741,6.194085290189832e-05,,,,
,,6742,6.147589829197386e-06,,,,
,,6743,3.956899308832362e-05,,,,
,,6744,8.79807339515537e-06,,,,
,,6745,3.577237293939106e-05,,,,
,,6746,2.2858392185298726e-05,,,,
,,6747,8.735682968108449e-06,,,,
,,6748,5.050476102042012e-05,,,,
,,6749,6.266005948418751e-05,,,,
,,6750,5.040449832449667e-05,,,,
,,6751,2.8115338864154182e-05,,,,
,,6752,0.00011393468594178557,,,,
,,6753,4.35088986705523e-05,,,,
,,6754,0.00014612945960834622,,,,
,,6755,9.065119229489937e-06,,,,
,,6756,5.518009857041761e-05,,,,
,,6757,0.0004991990281268954,,,,
,,6758,0.0008542187279090285,,,,
,,6759,0.00022074354637879878,,,,
,,6760,6.990433757891878e-05,,,,
,,6761,4.714554961537942e-05,,,,
,,6762,9.538360609440133e-05,,,,
,,6763,7.339644798776135e-05,,,,
,,6764,9.946349746314809e-05,,,,
,,6765,0.00023361202329397202,,,,
,,6766,0.01670411415398121,,,,
,,6767,7.012915739323944e-05,,,,
,,6768,1.72524742083624e-05,,,,
,,6769,6.760460109944688e-06,,,,
,,6770,1.3448858226183802e-05,,,,
,,6771,1.8547852960182354e-05,,,,
,,6772,2.011248034250457e-05,,,,
,,6773,4.0994218579726294e-05,,,,
,,6774,6.188567931530997e-05,,,,
,,6775,5.909169885853771e-06,,,,
,,6776,0.0001090467776521109,,,,
,,6777,4.6645087422803044e-05,,,,
,,6778,7.300709694391116e-05,,,,
,,6779,3.6806162825087085e-05,,,,
,,6780,6.661075167357922e-05,,,,
,,6781,2.7071579097537324e-05,,,,
,,6782,0.00012659246567636728,,,,
,,6783,0.00012903864262625575,,,,
,,6784,0.00010445877705933526,,,,
,,6785,0.00028433813713490963,,,,
,,6786,2.6821660867426544e-05,,,,
,,6787,7.986473792698234e-05,,,,
,,6788,5.284729559207335e-05,,,,
,,6789,5.5948010412976146e-05,,,,
,,6790,0.054467279464006424,,,,
,,6791,0.0980713963508606,,,,
,,6792,2.6499306841287762e-05,,,,
,,6793,2.7847989258589223e-05,,,,
,,6794,2.793120984279085e-05,,,,
,,6795,2.2848753360449336e-05,,,,
,,6796,2.445507016091142e-05,,,,
,,6797,9.218088052875828e-06,,,,
,,6798,2.448621489747893e-05,,,,
,,6799,1.0648730494722258e-05,,,,
,,6800,1.3787571333523374e-05,,,,
,,6801,1.4149898561299779e-05,,,,
,,6802,7.076803012751043e-05,,,,
,,6803,3.7894147681072354e-05,,,,
,,6804,3.551211557351053e-05,,,,
,,6805,0.0004261336871422827,,,,
,,6806,8.315762897836976e-06,,,,
,,6807,4.0167022234527394e-05,,,,
,,6808,9.448492346564308e-05,,,,
,,6809,0.00031502352794632316,,,,
,,6810,0.0002780215290840715,,,,
,,6811,7.530758011853322e-05,,,,
,,6812,9.691567538538948e-05,,,,
,,6813,0.00043121716589666903,,,,
,,6814,8.350523421540856e-05,,,,
,,6815,0.00014804532111156732,,,,
,,6816,0.0006638464983552694,,,,
,,6817,0.01827685534954071,,,,
,,6818,6.666698027402163e-05,,,,
,,6819,8.508737664669752e-06,,,,
,,6820,2.86413687717868e-05,,,,
,,6821,3.1159648642642424e-05,,,,
,,6822,1.1709687896654941e-05,,,,
,,6823,2.438228875689674e-05,,,,
,,6824,1.0830075552803464e-05,,,,
,,6825,1.3837855476594996e-05,,,,
,,6826,6.131060217740014e-05,,,,
,,6827,0.00013125603436492383,,,,
,,6828,0.0001822260528570041,,,,
,,6829,0.0001202527855639346,,,,
,,6830,0.00011281640763627365,,,,
,,6831,3.210530849173665e-05,,,,
,,6832,1.0404425665910821e-05,,,,
,,6833,0.0010146930580958724,,,,
,,6834,5.565401806961745e-05,,,,
,,6835,0.0015875978861004114,,,,
,,6836,0.0007015332812443376,,,,
,,6837,0.0010184480343014002,,,,
,,6838,0.0002783994423225522,,,,
,,6839,0.030700646340847015,,,,
,,6840,0.00010116620978806168,,,,
,,6841,7.207022281363606e-05,,,,
,,6842,0.10001301765441895,,,,
,,6843,0.045090846717357635,,,,
,,6844,8.926299778977409e-05,,,,
,,6845,5.96026302446262e-06,,,,
,,6846,3.0308650821098126e-05,,,,
,,6847,7.1691410994390026e-06,,,,
,,6848,0.11028482764959335,,,,
,,6849,9.445044270250946e-06,,,,
,,6850,8.031838660826907e-06,,,,
,,6851,4.853365226153983e-06,,,,
,,6852,4.1842151404125616e-05,,,,
,,6853,5.113947918289341e-05,,,,
,,6854,7.16740105417557e-05,,,,
,,6855,1.769805203366559e-05,,,,
,,6856,4.622936830855906e-05,,,,
,,6857,3.6481742426985875e-05,,,,
,,6858,2.427882282063365e-05,,,,
,,6859,3.490891685942188e-05,,,,
,,6860,2.5090180315601174e-06,,,,
,,6861,0.00021050390205346048,,,,
,,6862,4.812068436876871e-05,,,,
,,6863,0.00010288901830790564,,,,
,,6864,7.626154547324404e-05,,,,
,,6865,8.138021803461015e-05,,,,
,,6866,7.039663614705205e-05,,,,
,,6867,0.0004703606537077576,,,,
,,6868,0.04493293538689613,,,,
,,6869,7.831561379134655e-05,,,,
,,6870,0.00043082740739919245,,,,
,,6871,1.0308277524018195e-05,,,,
,,6872,4.5883349230280146e-05,,,,
,,6873,1.2589448488142807e-05,,,,
,,6874,5.8394762163516134e-05,,,,
,,6875,5.718258398701437e-05,,,,
,,6876,1.5058364624565002e-05,,,,
,,6877,0.00013059351476840675,,,,
,,6878,9.196096652885899e-05,,,,
,,6879,0.00011202653695363551,,,,
,,6880,4.0436127164866775e-05,,,,
,,6881,7.032242137938738e-05,,,,
,,6882,0.0001860166812548414,,,,
,,6883,0.0001796744327293709,,,,
,,6884,1.100646477425471e-05,,,,
,,6885,0.0002823273534886539,,,,
,,6886,0.0001884265657281503,,,,
,,6887,7.908369298093021e-05,,,,
,,6888,0.00012251372390892357,,,,
,,6889,3.226930493838154e-05,,,,
,,6890,3.2632808142807335e-05,,,,
,,6891,0.00014780627680011094,,,,
,,6892,0.0001460674830013886,,,,
,,6893,0.0002327818365301937,,,,
,,6894,0.005234095733612776,,,,
,,6895,0.0002626155619509518,,,,
,,6896,0.00021211823332123458,,,,
,,6897,3.948574521928094e-05,,,,
,,6898,8.19102115201531e-06,,,,
,,6899,4.557909778668545e-05,,,,
,,6900,5.321781281963922e-05,,,,
,,6901,0.00011147996701765805,,,,
,,6902,0.00011554630327736959,,,,
,,6903,9.678088645159733e-06,,,,
,,6904,5.989654891891405e-05,,,,
,,6905,7.300082506844774e-05,,,,
,,6906,1.1375146641512401e-05,,,,
,,6907,0.00041777113801799715,,,,
,,6908,0.00010608917364152148,,,,
,,6909,0.00048762260121293366,,,,
,,6910,0.00012965711357537657,,,,
,,6911,0.00018738643848337233,,,,
,,6912,1.1761182577174623e-05,,,,
,,6913,0.000242906273342669,,,,
,,6914,2.7362284527043812e-05,,,,
,,6915,0.00018223572988063097,,,,
,,6916,0.00018724102119449526,,,,
,,6917,0.00011563492444111034,,,,
,,6918,0.0008348438423126936,,,,
,,6919,0.0001838712632888928,,,,
,,6920,0.021709339693188667,,,,
,,6921,0.022892670705914497,,,,
,,6922,2.459824099787511e-05,,,,
,,6923,1.7873775504995137e-05,,,,
,,6924,3.1043226044857875e-05,,,,
,,6925,3.7919064652669476e-06,,,,
,,6926,2.474984466971364e-05,,,,
,,6927,2.4164781279978342e-05,,,,
,,6928,4.444694241101388e-06,,,,
,,6929,3.5870500141754746e-05,,,,
,,6930,6.119116278568981e-06,,,,
,,6931,1.150556363427313e-05,,,,
,,6932,4.139212251175195e-05,,,,
,,6933,2.589309588074684e-05,,,,
,,6934,5.3793271945323795e-05,,,,
,,6935,5.6201744882855564e-05,,,,
,,6936,7.2293340053875e-05,,,,
,,6937,7.390399696305394e-05,,,,
,,6938,7.383647607639432e-05,,,,
,,6939,7.130079757189378e-05,,,,
,,6940,5.837763092131354e-05,,,,
,,6941,7.175016071414575e-05,,,,
,,6942,1.9677740056067705e-05,,,,
,,6943,5.479354513227008e-05,,,,
,,6944,0.00015958411677274853,,,,
,,6945,0.001026576617732644,,,,
,,6946,8.162834274116904e-05,,,,
,,6947,0.0063575333915650845,,,,
,,6948,4.959416764904745e-05,,,,
,,6949,4.7574307245668024e-05,,,,
,,6950,4.693611117545515e-05,,,,
,,6951,2.654340278240852e-05,,,,
,,6952,1.2323072041908745e-05,,,,
,,6953,2.530797792132944e-05,,,,
,,6954,4.807927325600758e-06,,,,
,,6955,0.3736836016178131,,,,
,,6956,3.183127773809247e-05,,,,
,,6957,1.1403322787373327e-05,,,,
,,6958,5.003678234061226e-05,,,,
,,6959,4.1822124330792576e-05,,,,
,,6960,4.813674877368612e-06,,,,
,,6961,2.6585117666400038e-05,,,,
,,6962,8.814567263470963e-05,,,,
,,6963,0.0451483428478241,,,,
,,6964,3.547214873833582e-05,,,,
,,6965,4.4494612666312605e-05,,,,
,,6966,6.146397208794951e-05,,,,
,,6967,5.615056215901859e-05,,,,
,,6968,0.0002787870180327445,,,,
,,6969,3.0547005735570565e-05,,,,
,,6970,0.0009271051967516541,,,,
,,6971,1.8451642972650006e-05,,,,
,,6972,6.376633973559365e-05,,,,
,,6973,8.487330342177302e-05,,,,
,,6974,4.6887680582585745e-06,,,,
,,6975,2.7563079129322432e-05,,,,
,,6976,0.002382578793913126,,,,
,,6977,1.1051582987420261e-05,,,,
,,6978,1.233964394486975e-05,,,,
,,6979,2.373853203607723e-05,,,,
,,6980,5.8977611843147315e-06,,,,
,,6981,4.589552554534748e-05,,,,
,,6982,4.030836498714052e-05,,,,
,,6983,9.848304034676403e-05,,,,
,,6984,2.2130305296741426e-05,,,,
,,6985,1.3906571439292748e-05,,,,
13,,6985,,0.00583058362826705,,,
13,,6985,,,0.9859719276428223,0.991983950138092,0.008768217638134956
14,0.1420677900314331,6986,,,,,
14,0.000258575048064813,6987,,,,,
14,0.0056653632782399654,6988,,,,,
14,7.725028990535066e-05,6989,,,,,
14,0.022951878607273102,6990,,,,,
14,0.00013584249245468527,6991,,,,,
14,0.010021358728408813,6992,,,,,
14,0.027125351130962372,6993,,,,,
14,0.10190962255001068,6994,,,,,
14,0.0028582769446074963,6995,,,,,
14,0.34079158306121826,6996,,,,,
14,0.00012986973160877824,6997,,,,,
14,0.016446825116872787,6998,,,,,
14,5.628317012451589e-05,6999,,,,,
14,9.911827510222793e-05,7000,,,,,
14,0.0005584537284448743,7001,,,,,
14,0.004630406387150288,7002,,,,,
14,0.006329840514808893,7003,,,,,
14,0.020956121385097504,7004,,,,,
14,0.0008272388367913663,7005,,,,,
14,0.04458344727754593,7006,,,,,
14,0.003726934315636754,7007,,,,,
14,0.007739926688373089,7008,,,,,
14,0.024434398859739304,7009,,,,,
14,0.00039474148070439696,7010,,,,,
14,0.054750848561525345,7011,,,,,
14,0.0005590802174992859,7012,,,,,
14,0.0003846646868623793,7013,,,,,
14,0.001437871134839952,7014,,,,,
14,0.0010754746617749333,7015,,,,,
14,0.00024169470998458564,7016,,,,,
14,0.00015304784756153822,7017,,,,,
14,0.0003097957232967019,7018,,,,,
14,0.0003841837460640818,7019,,,,,
14,0.0005919685936532915,7020,,,,,
14,0.0008527099271304905,7021,,,,,
14,0.0005659565213136375,7022,,,,,
14,0.009937708266079426,7023,,,,,
14,0.00798796582967043,7024,,,,,
14,0.0001570081221871078,7025,,,,,
14,0.00017509447934571654,7026,,,,,
14,0.00020428730931598693,7027,,,,,
14,0.000258949410635978,7028,,,,,
14,0.050217404961586,7029,,,,,
14,0.00019535330648068339,7030,,,,,
14,0.000846338749397546,7031,,,,,
14,0.0003548363165464252,7032,,,,,
14,0.03836619108915329,7033,,,,,
14,0.00019072233408223838,7034,,,,,
14,0.001315773231908679,7035,,,,,
14,0.0681876614689827,7036,,,,,
14,0.00022217263176571578,7037,,,,,
14,0.0013200694229453802,7038,,,,,
14,0.00037577078910544515,7039,,,,,
14,0.010230736806988716,7040,,,,,
14,0.00027280166978016496,7041,,,,,
14,1.1001133316312917e-05,7042,,,,,
14,0.0003614595625549555,7043,,,,,
14,0.0006515464629046619,7044,,,,,
14,0.00012530882668215781,7045,,,,,
14,0.0006621396751143038,7046,,,,,
14,0.00018205959349870682,7047,,,,,
14,5.7498742535244673e-05,7048,,,,,
14,0.00019616329518612474,7049,,,,,
14,0.00014294928405433893,7050,,,,,
14,0.0002710410044528544,7051,,,,,
14,0.04884307086467743,7052,,,,,
14,0.002222695853561163,7053,,,,,
14,0.011040257290005684,7054,,,,,
14,0.00015791961050126702,7055,,,,,
14,0.004119256976991892,7056,,,,,
14,0.0003586409438867122,7057,,,,,
14,9.523175685899332e-05,7058,,,,,
14,0.024620842188596725,7059,,,,,
14,2.7288493583910167e-05,7060,,,,,
14,9.727010183269158e-05,7061,,,,,
14,0.00029476304189302027,7062,,,,,
14,8.16417159512639e-05,7063,,,,,
14,9.897524432744831e-05,7064,,,,,
14,7.955945329740644e-05,7065,,,,,
14,7.5567159001366235e-06,7066,,,,,
14,0.00014984274457674474,7067,,,,,
14,0.0003620533971115947,7068,,,,,
14,0.00038419952034018934,7069,,,,,
14,0.00028568285051733255,7070,,,,,
14,0.00036241323687136173,7071,,,,,
14,7.473857112927362e-05,7072,,,,,
14,0.0016835987335070968,7073,,,,,
14,3.392821963643655e-05,7074,,,,,
14,0.00021945062326267362,7075,,,,,
14,0.00022259146498981863,7076,,,,,
14,0.0013647418236359954,7077,,,,,
14,0.000387141655664891,7078,,,,,
14,7.16455397196114e-05,7079,,,,,
14,0.0033041578717529774,7080,,,,,
14,8.591311780037358e-05,7081,,,,,
14,0.0002466159057803452,7082,,,,,
14,3.0390840038307942e-05,7083,,,,,
14,7.173321500886232e-05,7084,,,,,
14,0.0003976372245233506,7085,,,,,
14,3.9331367588602006e-05,7086,,,,,
14,0.00012988965318072587,7087,,,,,
14,0.0007023178623057902,7088,,,,,
14,1.676047031651251e-05,7089,,,,,
14,2.076720011245925e-05,7090,,,,,
14,0.0006972313276492059,7091,,,,,
14,7.492682198062539e-05,7092,,,,,
14,0.1807342916727066,7093,,,,,
14,6.364064029185101e-05,7094,,,,,
14,0.0006554844439961016,7095,,,,,
14,0.000399560434743762,7096,,,,,
14,0.00026729280943982303,7097,,,,,
14,6.518654845422134e-05,7098,,,,,
14,3.681113594211638e-05,7099,,,,,
14,5.099090776639059e-05,7100,,,,,
14,0.0008751645218580961,7101,,,,,
14,0.0009331115870736539,7102,,,,,
14,0.00046332573401741683,7103,,,,,
14,8.166065526893362e-05,7104,,,,,
14,4.710118446382694e-05,7105,,,,,
14,0.00017691579705569893,7106,,,,,
14,5.11782054672949e-05,7107,,,,,
14,0.00041360410978086293,7108,,,,,
14,0.005845456849783659,7109,,,,,
14,3.548718086676672e-05,7110,,,,,
14,0.00020188714552205056,7111,,,,,
14,0.0010157214710488915,7112,,,,,
14,0.07639095932245255,7113,,,,,
14,0.00015763516421429813,7114,,,,,
14,4.807785080629401e-05,7115,,,,,
14,0.00021938353893347085,7116,,,,,
14,0.00020195860997773707,7117,,,,,
14,0.0002619823790155351,7118,,,,,
14,0.0003697164938785136,7119,,,,,
14,0.0035147233866155148,7120,,,,,
14,3.756017758860253e-05,7121,,,,,
14,0.00021434854716062546,7122,,,,,
14,0.0016268284525722265,7123,,,,,
14,0.00115900207310915,7124,,,,,
14,0.008725526742637157,7125,,,,,
14,0.00014184042811393738,7126,,,,,
14,0.0008808627026155591,7127,,,,,
14,6.599106563953683e-05,7128,,,,,
14,5.44768336112611e-05,7129,,,,,
14,3.076593566220254e-05,7130,,,,,
14,0.001458486309275031,7131,,,,,
14,0.00012853104271925986,7132,,,,,
14,0.00020543494611047208,7133,,,,,
14,0.0006238789646886289,7134,,,,,
14,0.0004438568139448762,7135,,,,,
14,1.0172325346502475e-05,7136,,,,,
14,0.0019979604985564947,7137,,,,,
14,7.466229726560414e-05,7138,,,,,
14,0.0005878593074157834,7139,,,,,
14,0.0006101772305555642,7140,,,,,
14,0.00021248345728963614,7141,,,,,
14,0.00045689940452575684,7142,,,,,
14,3.539507815730758e-05,7143,,,,,
14,3.971519981860183e-05,7144,,,,,
14,0.008616461418569088,7145,,,,,
14,0.0009719800436869264,7146,,,,,
14,0.00011868525325553492,7147,,,,,
14,5.6116496125468984e-05,7148,,,,,
14,0.00020010599109809846,7149,,,,,
14,0.00014158939302433282,7150,,,,,
14,4.277411790098995e-05,7151,,,,,
14,9.332754416391253e-05,7152,,,,,
14,0.008815808221697807,7153,,,,,
14,0.003115232801064849,7154,,,,,
14,6.306498107733205e-05,7155,,,,,
14,5.231328395893797e-05,7156,,,,,
14,0.0006865910836495459,7157,,,,,
14,8.758836884226184e-06,7158,,,,,
14,0.0034082154743373394,7159,,,,,
14,8.88085996848531e-05,7160,,,,,
14,1.6481268175994046e-05,7161,,,,,
14,0.00013388841762207448,7162,,,,,
14,0.0004644174186978489,7163,,,,,
14,0.0034097020979970694,7164,,,,,
14,0.001572738983668387,7165,,,,,
14,5.481979678734206e-05,7166,,,,,
14,0.0034991546999663115,7167,,,,,
14,4.3665728298947215e-05,7168,,,,,
14,9.619160846341401e-05,7169,,,,,
14,0.0004938371130265296,7170,,,,,
14,5.552283982979134e-05,7171,,,,,
14,5.223771222517826e-05,7172,,,,,
14,0.0010582766262814403,7173,,,,,
14,2.201816823799163e-05,7174,,,,,
14,2.2248150344239548e-05,7175,,,,,
14,6.276722706388682e-05,7176,,,,,
14,0.00018915024702437222,7177,,,,,
14,3.6503657611319795e-05,7178,,,,,
14,0.00020781139028258622,7179,,,,,
14,0.0003864470636472106,7180,,,,,
14,1.748120121192187e-05,7181,,,,,
14,0.0003251874877605587,7182,,,,,
14,4.05992177547887e-05,7183,,,,,
14,3.528202068991959e-05,7184,,,,,
14,0.0002078246179735288,7185,,,,,
14,0.0006245335098356009,7186,,,,,
14,2.4798398953862488e-05,7187,,,,,
14,0.006077509373426437,7188,,,,,
14,0.00238587474450469,7189,,,,,
14,1.1018794793926645e-05,7190,,,,,
14,1.0183678568864707e-05,7191,,,,,
14,5.714773578802124e-05,7192,,,,,
14,1.428356426913524e-05,7193,,,,,
14,0.02541734278202057,7194,,,,,
14,0.00011521361011546105,7195,,,,,
14,9.831802344706375e-06,7196,,,,,
14,6.062530246708775e-06,7197,,,,,
14,2.065737498924136e-05,7198,,,,,
14,0.0002836971543729305,7199,,,,,
14,0.012370225973427296,7200,,,,,
14,0.00017011046293191612,7201,,,,,
14,6.740010576322675e-05,7202,,,,,
14,2.0859532014583237e-05,7203,,,,,
14,4.635928780771792e-05,7204,,,,,
14,8.068891474977136e-05,7205,,,,,
14,1.4191127775120549e-05,7206,,,,,
14,0.0061936406418681145,7207,,,,,
14,0.0011955801164731383,7208,,,,,
14,0.0004083522071596235,7209,,,,,
14,0.0005625621415674686,7210,,,,,
14,0.007618207950145006,7211,,,,,
14,0.00013655165093950927,7212,,,,,
14,3.062873292947188e-05,7213,,,,,
14,1.587119186297059e-05,7214,,,,,
14,6.6444727053749375e-06,7215,,,,,
14,2.2414065824705176e-05,7216,,,,,
14,0.0006387143512256444,7217,,,,,
14,0.0006251675076782703,7218,,,,,
14,3.326482556076371e-06,7219,,,,,
14,2.408347609161865e-05,7220,,,,,
14,5.1657011681527365e-06,7221,,,,,
14,5.846752173965797e-06,7222,,,,,
14,0.0009067395585589111,7223,,,,,
14,5.299250551615842e-05,7224,,,,,
14,7.2713170084171e-05,7225,,,,,
14,8.804525714367628e-05,7226,,,,,
14,2.4178772946470417e-05,7227,,,,,
14,0.00011841241939691827,7228,,,,,
14,2.421280078124255e-05,7229,,,,,
14,0.00030740085639990866,7230,,,,,
14,1.0853314051928464e-05,7231,,,,,
14,7.3545875238778535e-06,7232,,,,,
14,0.0001007511091302149,7233,,,,,
14,6.369823040586198e-06,7234,,,,,
14,3.4154614695580676e-05,7235,,,,,
14,0.0008365663816221058,7236,,,,,
14,9.710166341392323e-05,7237,,,,,
14,1.3129562830727082e-05,7238,,,,,
14,0.013942857272922993,7239,,,,,
14,8.638092549517751e-05,7240,,,,,
14,0.00021944416221231222,7241,,,,,
14,0.0010426485678181052,7242,,,,,
14,2.9339269531192258e-05,7243,,,,,
14,0.0009805482113733888,7244,,,,,
14,0.00011906061990885064,7245,,,,,
14,2.903993481595535e-05,7246,,,,,
14,0.0005032763001509011,7247,,,,,
14,9.30826263356721e-06,7248,,,,,
14,7.753616046102252e-06,7249,,,,,
14,9.246302397514228e-06,7250,,,,,
14,1.079568210116122e-05,7251,,,,,
14,4.141295357840136e-05,7252,,,,,
14,3.949034362449311e-05,7253,,,,,
14,8.490600157529116e-05,7254,,,,,
14,0.00023267003416549414,7255,,,,,
14,0.00013637737720273435,7256,,,,,
14,8.384984539588913e-05,7257,,,,,
14,3.3062529837479815e-05,7258,,,,,
14,0.009311078116297722,7259,,,,,
14,3.1201320780382957e-06,7260,,,,,
14,0.00021586028742603958,7261,,,,,
14,2.1872106117371004e-06,7262,,,,,
14,0.000791391241364181,7263,,,,,
14,3.008891326317098e-05,7264,,,,,
14,2.2283182261162437e-05,7265,,,,,
14,1.1557767720660195e-05,7266,,,,,
14,5.307273568178061e-06,7267,,,,,
14,0.003279647324234247,7268,,,,,
14,0.00010707447654567659,7269,,,,,
14,2.2118927518022247e-05,7270,,,,,
14,2.6171006538788788e-05,7271,,,,,
14,3.593276460378547e-06,7272,,,,,
14,3.040194496861659e-05,7273,,,,,
14,0.0009535779245197773,7274,,,,,
14,0.017745783552527428,7275,,,,,
14,7.310845103347674e-05,7276,,,,,
14,6.096567631175276e-06,7277,,,,,
14,6.641494110226631e-06,7278,,,,,
14,0.00010149353329325095,7279,,,,,
14,0.00027676616446115077,7280,,,,,
14,8.269712998298928e-05,7281,,,,,
14,0.00032065989216789603,7282,,,,,
14,3.2465748518006876e-05,7283,,,,,
14,3.543279672157951e-05,7284,,,,,
14,0.00011941567936446518,7285,,,,,
14,0.17645272612571716,7286,,,,,
14,0.00013670179760083556,7287,,,,,
14,4.716383045888506e-05,7288,,,,,
14,0.00016999352374114096,7289,,,,,
14,0.0005164784379303455,7290,,,,,
14,0.001737015089020133,7291,,,,,
14,5.1072685891995206e-05,7292,,,,,
14,0.001175938406959176,7293,,,,,
14,0.00011157453991472721,7294,,,,,
14,0.058366887271404266,7295,,,,,
14,0.00022851410903967917,7296,,,,,
14,0.0019224222050979733,7297,,,,,
14,0.0016567223938181996,7298,,,,,
14,0.0014130568597465754,7299,,,,,
14,0.0017605404136702418,7300,,,,,
14,0.00010568088328000158,7301,,,,,
14,4.699607961811125e-05,7302,,,,,
14,0.0001998974330490455,7303,,,,,
14,0.021663373336195946,7304,,,,,
14,0.0026293371338397264,7305,,,,,
14,0.02748536504805088,7306,,,,,
14,0.0004094761679880321,7307,,,,,
14,0.0010681276908144355,7308,,,,,
14,0.001845232443884015,7309,,,,,
14,0.20048287510871887,7310,,,,,
14,0.0017432813765481114,7311,,,,,
14,0.0058396984823048115,7312,,,,,
14,0.023227917030453682,7313,,,,,
14,0.25133293867111206,7314,,,,,
14,0.00044158162199892104,7315,,,,,
14,0.06727124750614166,7316,,,,,
14,0.0008900390821509063,7317,,,,,
14,0.009949604980647564,7318,,,,,
14,0.4914076328277588,7319,,,,,
14,0.0006492617540061474,7320,,,,,
14,0.010825548321008682,7321,,,,,
14,0.00016240499098785222,7322,,,,,
14,0.007593187037855387,7323,,,,,
14,0.0009999951580539346,7324,,,,,
14,0.0006158348405733705,7325,,,,,
14,0.0074583604000508785,7326,,,,,
14,0.0037090107798576355,7327,,,,,
14,0.004962916020303965,7328,,,,,
14,0.001292104716412723,7329,,,,,
14,0.023393871262669563,7330,,,,,
14,0.0861087441444397,7331,,,,,
14,0.2855197787284851,7332,,,,,
14,0.002675296040251851,7333,,,,,
14,0.009817097336053848,7334,,,,,
14,0.014780153520405293,7335,,,,,
14,0.0036303489468991756,7336,,,,,
14,0.00508637260645628,7337,,,,,
14,0.015079797245562077,7338,,,,,
14,0.019989198073744774,7339,,,,,
14,0.05577206611633301,7340,,,,,
14,0.013482194393873215,7341,,,,,
14,0.005003792233765125,7342,,,,,
14,0.0015512617537751794,7343,,,,,
14,0.0015047966735437512,7344,,,,,
14,0.002351685892790556,7345,,,,,
14,0.0002633827389217913,7346,,,,,
14,0.03728239983320236,7347,,,,,
14,0.03609616309404373,7348,,,,,
14,0.00022802989406045526,7349,,,,,
14,0.0020548419561237097,7350,,,,,
14,0.019265741109848022,7351,,,,,
14,0.002007043454796076,7352,,,,,
14,0.0006795922527089715,7353,,,,,
14,0.008754117414355278,7354,,,,,
14,0.020286809653043747,7355,,,,,
14,0.001256083371117711,7356,,,,,
14,0.0995369553565979,7357,,,,,
14,0.0007142445538192987,7358,,,,,
14,0.003511476796120405,7359,,,,,
14,0.0003907218051608652,7360,,,,,
14,0.0015088865766301751,7361,,,,,
14,0.00012165096268290654,7362,,,,,
14,0.029711270704865456,7363,,,,,
14,0.1771368831396103,7364,,,,,
14,0.0014672072138637304,7365,,,,,
14,0.004749429412186146,7366,,,,,
14,0.002762837102636695,7367,,,,,
14,0.0006375438533723354,7368,,,,,
14,0.0019003612687811255,7369,,,,,
14,0.004081713501363993,7370,,,,,
14,5.605070327874273e-05,7371,,,,,
14,0.00011860594531754032,7372,,,,,
14,0.0005578506388701499,7373,,,,,
14,0.0002646911016199738,7374,,,,,
14,0.0013535252073779702,7375,,,,,
14,0.0001730226940708235,7376,,,,,
14,7.19239396858029e-05,7377,,,,,
14,0.00278202211484313,7378,,,,,
14,0.0014915307983756065,7379,,,,,
14,0.0025316006503999233,7380,,,,,
14,0.0010285127209499478,7381,,,,,
14,0.0004180882533546537,7382,,,,,
14,0.0018524911720305681,7383,,,,,
14,0.005361086223274469,7384,,,,,
14,0.0482834093272686,7385,,,,,
14,0.008864441886544228,7386,,,,,
14,0.0004333268734626472,7387,,,,,
14,0.0001478104095440358,7388,,,,,
14,0.0006429256754927337,7389,,,,,
14,1.5341263861046173e-05,7390,,,,,
14,0.00385294365696609,7391,,,,,
14,0.0013780588051304221,7392,,,,,
14,1.1433476174715906e-05,7393,,,,,
14,0.0009875936666503549,7394,,,,,
14,0.004412217531353235,7395,,,,,
14,0.0007126755081117153,7396,,,,,
14,3.309609382995404e-05,7397,,,,,
14,0.032708875834941864,7398,,,,,
14,0.0047866953536868095,7399,,,,,
14,0.003877566661685705,7400,,,,,
14,0.0006575639708898962,7401,,,,,
14,0.001095184707082808,7402,,,,,
14,0.0033843673299998045,7403,,,,,
14,0.19386063516139984,7404,,,,,
14,0.001123384339734912,7405,,,,,
14,2.6438612621859647e-05,7406,,,,,
14,0.011416458524763584,7407,,,,,
14,0.00034116324968636036,7408,,,,,
14,0.016223924234509468,7409,,,,,
14,0.008489299565553665,7410,,,,,
14,0.014347217977046967,7411,,,,,
14,0.0005694886203855276,7412,,,,,
14,0.00042364883120171726,7413,,,,,
14,0.008855895139276981,7414,,,,,
14,0.01160435751080513,7415,,,,,
14,0.0007756858831271529,7416,,,,,
14,4.0806633478496224e-05,7417,,,,,
14,0.00012331079051364213,7418,,,,,
14,9.00490049389191e-05,7419,,,,,
14,0.010534900240600109,7420,,,,,
14,0.002494524698704481,7421,,,,,
14,0.0032724980264902115,7422,,,,,
14,0.0027193070854991674,7423,,,,,
14,0.00022128339332994074,7424,,,,,
14,0.0014613899402320385,7425,,,,,
14,0.008409904316067696,7426,,,,,
14,0.32677292823791504,7427,,,,,
14,0.0010554981417953968,7428,,,,,
14,5.8525631175143644e-05,7429,,,,,
14,0.0018465550383552909,7430,,,,,
14,0.009804422035813332,7431,,,,,
14,0.10567595809698105,7432,,,,,
14,0.027378281578421593,7433,,,,,
14,0.316206693649292,7434,,,,,
14,0.3537425398826599,7435,,,,,
14,5.026658982387744e-05,7436,,,,,
14,0.00031909538665786386,7437,,,,,
14,0.0015691943699494004,7438,,,,,
14,0.009722731076180935,7439,,,,,
14,0.01995411328971386,7440,,,,,
14,0.053249407559633255,7441,,,,,
14,0.00050630874466151,7442,,,,,
14,0.18325453996658325,7443,,,,,
14,0.010253332555294037,7444,,,,,
14,0.0005429390585049987,7445,,,,,
14,0.0006081709871068597,7446,,,,,
14,0.27501100301742554,7447,,,,,
14,0.24307596683502197,7448,,,,,
14,0.6443501710891724,7449,,,,,
14,0.09754415601491928,7450,,,,,
14,0.0004035908787045628,7451,,,,,
14,0.02992979623377323,7452,,,,,
14,0.02477007731795311,7453,,,,,
14,0.09903224557638168,7454,,,,,
14,0.040293604135513306,7455,,,,,
14,0.05174209550023079,7456,,,,,
14,0.38696667551994324,7457,,,,,
14,0.008704806677997112,7458,,,,,
14,0.0017961206613108516,7459,,,,,
14,0.10333102941513062,7460,,,,,
14,0.08864820748567581,7461,,,,,
14,0.05094052106142044,7462,,,,,
14,0.058912474662065506,7463,,,,,
14,0.0009320154786109924,7464,,,,,
14,0.012141313403844833,7465,,,,,
14,0.0074026016518473625,7466,,,,,
14,0.0008346480317413807,7467,,,,,
14,0.05037086457014084,7468,,,,,
14,0.008970948867499828,7469,,,,,
14,0.06340120732784271,7470,,,,,
14,0.01659553311765194,7471,,,,,
14,0.0197464507073164,7472,,,,,
14,0.046873003244400024,7473,,,,,
14,0.0032849819399416447,7474,,,,,
14,0.002421701094135642,7475,,,,,
14,0.027639050036668777,7476,,,,,
14,0.13687379658222198,7477,,,,,
14,0.013680885545909405,7478,,,,,
14,0.007457501720637083,7479,,,,,
14,0.0011913940543308854,7480,,,,,
14,0.0026947790756821632,7481,,,,,
14,0.010761049576103687,7482,,,,,
14,0.00099248590413481,7483,,,,,
14,0.01995682716369629,7484,,,,,
,,6986,0.007840187288820744,,,,
,,6987,0.016552846878767014,,,,
,,6988,0.010239552706480026,,,,
,,6989,0.0285357516258955,,,,
,,6990,0.048649318516254425,,,,
,,6991,0.043925583362579346,,,,
,,6992,0.01940475031733513,,,,
,,6993,0.03324015066027641,,,,
,,6994,0.01191067323088646,,,,
,,6995,0.0018168998649343848,,,,
,,6996,0.022095153108239174,,,,
,,6997,0.015740469098091125,,,,
,,6998,0.010268069803714752,,,,
,,6999,0.009520004503428936,,,,
,,7000,0.005646578036248684,,,,
,,7001,0.036407798528671265,,,,
,,7002,0.001656453125178814,,,,
,,7003,0.014614610932767391,,,,
,,7004,0.0016130161238834262,,,,
,,7005,0.0035490496084094048,,,,
,,7006,0.007611962966620922,,,,
,,7007,0.0012589993420988321,,,,
,,7008,0.00031910467077977955,,,,
,,7009,0.0038423100486397743,,,,
,,7010,0.00538955582305789,,,,
,,7011,0.02832510881125927,,,,
,,7012,0.0008923535933718085,,,,
,,7013,0.006153353489935398,,,,
,,7014,0.003773051779717207,,,,
,,7015,0.00145783054176718,,,,
,,7016,0.001902367570437491,,,,
,,7017,0.004378713201731443,,,,
,,7018,0.013773562386631966,,,,
,,7019,0.011568671092391014,,,,
,,7020,0.0019828572403639555,,,,
,,7021,0.00934708584100008,,,,
,,7022,0.001860588206909597,,,,
,,7023,0.005512773059308529,,,,
,,7024,0.0009846505708992481,,,,
,,7025,0.001567292376421392,,,,
,,7026,0.004909201059490442,,,,
,,7027,0.001060319715179503,,,,
,,7028,0.0016404136549681425,,,,
,,7029,0.03441108763217926,,,,
,,7030,0.0008473719353787601,,,,
,,7031,0.0031976508907973766,,,,
,,7032,0.00026576616801321507,,,,
,,7033,0.0003163047367706895,,,,
,,7034,0.0013920953497290611,,,,
,,7035,0.0014817153569310904,,,,
,,7036,0.0012664084788411856,,,,
,,7037,0.07808820903301239,,,,
,,7038,0.0008909546886570752,,,,
,,7039,0.0030075747054070234,,,,
,,7040,0.00036118310526944697,,,,
,,7041,0.00033384616835974157,,,,
,,7042,0.002551697427406907,,,,
,,7043,0.0009218057384714484,,,,
,,7044,0.0011012651957571507,,,,
,,7045,0.014936737716197968,,,,
,,7046,0.0008212336688302457,,,,
,,7047,0.005217291880398989,,,,
,,7048,0.000275626836810261,,,,
,,7049,0.0005701743648387492,,,,
,,7050,0.002174150897189975,,,,
,,7051,0.0005755203892476857,,,,
,,7052,0.0011816543992608786,,,,
,,7053,0.0004036506579723209,,,,
,,7054,0.0020736735314130783,,,,
,,7055,0.0875936895608902,,,,
,,7056,0.0024177092127501965,,,,
,,7057,0.0018862402066588402,,,,
,,7058,0.001646666438318789,,,,
,,7059,0.00019184465054422617,,,,
,,7060,0.008308188989758492,,,,
,,7061,0.0017312949057668447,,,,
,,7062,0.004288782831281424,,,,
,,7063,0.0682041272521019,,,,
,,7064,0.0009456140105612576,,,,
,,7065,0.0007776138372719288,,,,
,,7066,0.0019173118053004146,,,,
,,7067,0.0019086527172476053,,,,
,,7068,0.0013880084734410048,,,,
,,7069,0.02157147414982319,,,,
,,7070,0.0037867603823542595,,,,
,,7071,0.021965086460113525,,,,
,,7072,0.0010024027433246374,,,,
,,7073,0.0008098829421214759,,,,
,,7074,0.0012107393704354763,,,,
,,7075,0.0011711324332281947,,,,
,,7076,0.0005216047284193337,,,,
,,7077,0.00045027394662611187,,,,
,,7078,0.0010333104291930795,,,,
,,7079,0.005139137152582407,,,,
,,7080,0.09700604528188705,,,,
,,7081,0.03969886898994446,,,,
,,7082,0.01991746947169304,,,,
,,7083,0.033259183168411255,,,,
,,7084,0.6746458411216736,,,,
,,7085,0.0009912136010825634,,,,
,,7086,0.0010596930515021086,,,,
,,7087,0.0037090086843818426,,,,
,,7088,0.014425371773540974,,,,
,,7089,0.030679985880851746,,,,
,,7090,0.005724087357521057,,,,
,,7091,0.009349807165563107,,,,
,,7092,0.0010831115068867803,,,,
,,7093,0.0014225952327251434,,,,
,,7094,0.011142180301249027,,,,
,,7095,0.011408690363168716,,,,
,,7096,0.033705055713653564,,,,
,,7097,0.019350873306393623,,,,
,,7098,0.011537711136043072,,,,
,,7099,0.005444590002298355,,,,
,,7100,0.0019978287164121866,,,,
,,7101,0.001208807691000402,,,,
,,7102,0.0024168887175619602,,,,
,,7103,0.011278905905783176,,,,
,,7104,0.007156657986342907,,,,
,,7105,0.0011636222479864955,,,,
,,7106,0.0013795137638226151,,,,
,,7107,0.025067972019314766,,,,
,,7108,0.0014177648117765784,,,,
,,7109,0.002198976231738925,,,,
,,7110,0.00039338102214969695,,,,
,,7111,0.000514022191055119,,,,
,,7112,0.0014602603623643517,,,,
,,7113,0.0006087493966333568,,,,
,,7114,0.015328144654631615,,,,
,,7115,0.03226560726761818,,,,
,,7116,0.0007748371572233737,,,,
,,7117,0.0005399516085162759,,,,
,,7118,0.00029648770578205585,,,,
,,7119,0.0006726684514433146,,,,
,,7120,0.00423430884256959,,,,
,,7121,0.004230524878948927,,,,
,,7122,0.00035399600164964795,,,,
,,7123,0.0024627947714179754,,,,
,,7124,0.003586443606764078,,,,
,,7125,0.000553750665858388,,,,
,,7126,0.0007031519198790193,,,,
,,7127,0.0010439603356644511,,,,
,,7128,0.0057352264411747456,,,,
,,7129,0.0002241676120320335,,,,
,,7130,0.475700318813324,,,,
,,7131,0.000266712304437533,,,,
,,7132,0.0014419242506846786,,,,
,,7133,0.014294342137873173,,,,
,,7134,0.0009747073636390269,,,,
,,7135,0.00022611449821852148,,,,
,,7136,0.0013544103130698204,,,,
,,7137,0.0001618578244233504,,,,
,,7138,9.074414992937818e-05,,,,
,,7139,0.00019709920161403716,,,,
,,7140,0.019417813047766685,,,,
,,7141,0.022469308227300644,,,,
,,7142,0.0012815406080335379,,,,
,,7143,0.0002435494097881019,,,,
,,7144,0.0004196360823698342,,,,
,,7145,0.002279957989230752,,,,
,,7146,0.001005341298878193,,,,
,,7147,0.0005792410229332745,,,,
,,7148,0.004055799916386604,,,,
,,7149,0.0019308204064145684,,,,
,,7150,0.5210413336753845,,,,
,,7151,0.0006595873273909092,,,,
,,7152,0.0026997136883437634,,,,
,,7153,0.000254053738899529,,,,
,,7154,0.0035808661486953497,,,,
,,7155,0.0005790251307189465,,,,
,,7156,0.0005919235409237444,,,,
,,7157,0.0012309157755225897,,,,
,,7158,0.0006550209945999086,,,,
,,7159,0.0009883423335850239,,,,
,,7160,0.08560064435005188,,,,
,,7161,0.07525066286325455,,,,
,,7162,0.00029458256904035807,,,,
,,7163,0.004319814033806324,,,,
,,7164,0.0003483915643300861,,,,
,,7165,0.0012776744551956654,,,,
,,7166,0.0013233227655291557,,,,
,,7167,0.015101876109838486,,,,
,,7168,0.00120636320207268,,,,
,,7169,0.05786291882395744,,,,
,,7170,0.003144392278045416,,,,
,,7171,0.00035785973886959255,,,,
,,7172,0.00044277196866460145,,,,
,,7173,0.002113384660333395,,,,
,,7174,0.0006567538948729634,,,,
,,7175,0.00097578827990219,,,,
,,7176,0.0008467528969049454,,,,
,,7177,0.01481159683316946,,,,
,,7178,0.0004264978342689574,,,,
,,7179,0.0036047312896698713,,,,
,,7180,0.0002633823605719954,,,,
,,7181,0.0005466114380396903,,,,
,,7182,0.00166378787253052,,,,
,,7183,0.0007034446462057531,,,,
,,7184,0.000459925300674513,,,,
,,7185,0.0052599115297198296,,,,
,,7186,0.0003587806422729045,,,,
,,7187,0.05457962304353714,,,,
,,7188,0.00019329650967847556,,,,
,,7189,0.00035266971099190414,,,,
,,7190,0.00125934521201998,,,,
,,7191,0.0005619066650979221,,,,
,,7192,0.00015963638725224882,,,,
,,7193,0.010173095390200615,,,,
,,7194,0.03633449226617813,,,,
,,7195,0.00035780644975602627,,,,
,,7196,0.00022271316265687346,,,,
,,7197,0.0005085959564894438,,,,
,,7198,0.0009222895605489612,,,,
,,7199,0.00042525894241407514,,,,
,,7200,0.0006866835174150765,,,,
,,7201,0.0009087660582736135,,,,
,,7202,0.0034129261039197445,,,,
,,7203,0.004672067705541849,,,,
,,7204,0.0003632561711128801,,,,
,,7205,0.0004933515447191894,,,,
,,7206,0.0009997409069910645,,,,
,,7207,0.0004604983842000365,,,,
,,7208,0.0005917860544286668,,,,
,,7209,0.007660142611712217,,,,
,,7210,0.0003849668719340116,,,,
,,7211,0.0017028715228661895,,,,
,,7212,0.055152229964733124,,,,
,,7213,0.02359769307076931,,,,
,,7214,0.0004232517385389656,,,,
,,7215,0.000979681615717709,,,,
,,7216,0.00030176961445249617,,,,
,,7217,0.00028778970590792596,,,,
,,7218,0.00033215261646546423,,,,
,,7219,0.0012911532539874315,,,,
,,7220,0.0033879007678478956,,,,
,,7221,0.013899929821491241,,,,
,,7222,0.0019946671091020107,,,,
,,7223,0.00024564561317674816,,,,
,,7224,0.00028919559554196894,,,,
,,7225,0.000502696493640542,,,,
,,7226,0.001051808474585414,,,,
,,7227,0.002191704697906971,,,,
,,7228,0.0013768707867711782,,,,
,,7229,0.001286857295781374,,,,
,,7230,0.00044598945532925427,,,,
,,7231,0.0010887811658903956,,,,
,,7232,0.0005719246109947562,,,,
,,7233,0.0004021836502943188,,,,
,,7234,0.001360812340863049,,,,
,,7235,0.0003599049523472786,,,,
,,7236,0.0015260401414707303,,,,
,,7237,0.02369970642030239,,,,
,,7238,0.00035544359707273543,,,,
,,7239,0.018293796107172966,,,,
,,7240,0.00044130999594926834,,,,
,,7241,0.000394611299270764,,,,
,,7242,0.0023617432452738285,,,,
,,7243,0.0001939658832270652,,,,
,,7244,0.0005252069677226245,,,,
,,7245,0.0006827152683399618,,,,
,,7246,0.0005773954908363521,,,,
,,7247,0.020388541743159294,,,,
,,7248,0.00021473488595802337,,,,
,,7249,0.0007998819346539676,,,,
,,7250,0.0007664270233362913,,,,
,,7251,0.0005439395317807794,,,,
,,7252,0.003430785844102502,,,,
,,7253,0.0008654797566123307,,,,
,,7254,0.0036358076613396406,,,,
,,7255,0.002827282762154937,,,,
,,7256,0.0008013484184630215,,,,
,,7257,0.0013034045696258545,,,,
,,7258,0.0018698921194300056,,,,
,,7259,0.0015998722519725561,,,,
,,7260,0.0051193842664361,,,,
,,7261,0.0005834777257405221,,,,
,,7262,0.00042733241571113467,,,,
,,7263,0.0013756074476987123,,,,
,,7264,0.0006053218967281282,,,,
,,7265,0.009635989554226398,,,,
,,7266,0.0011039364617317915,,,,
,,7267,0.00010569093865342438,,,,
,,7268,0.0012467377819120884,,,,
,,7269,0.00013285610475577414,,,,
,,7270,0.0001422104105586186,,,,
,,7271,0.0021437993273139,,,,
,,7272,0.020192094147205353,,,,
,,7273,0.02445649914443493,,,,
,,7274,0.0016489495756104589,,,,
,,7275,0.033821601420640945,,,,
,,7276,0.0026989381294697523,,,,
,,7277,0.0006270696176216006,,,,
,,7278,0.000647585024125874,,,,
,,7279,0.0024643915239721537,,,,
,,7280,0.002325877081602812,,,,
,,7281,0.0008420858648605645,,,,
,,7282,0.006171842571347952,,,,
,,7283,0.0002584069443400949,,,,
,,7284,0.003771004965528846,,,,
,,7285,0.0007123904651962221,,,,
,,7286,0.0005451316828839481,,,,
,,7287,0.0004833178536500782,,,,
,,7288,0.0005565150058828294,,,,
,,7289,0.022664887830615044,,,,
,,7290,0.03454628586769104,,,,
,,7291,0.0003987046075053513,,,,
,,7292,0.0018838965333998203,,,,
,,7293,0.00015311337483581156,,,,
,,7294,0.00023321586195379496,,,,
,,7295,0.0009853156516328454,,,,
,,7296,0.00037311643245629966,,,,
,,7297,0.0005723863141611218,,,,
,,7298,0.050234612077474594,,,,
,,7299,0.04196108132600784,,,,
,,7300,0.0020174735691398382,,,,
,,7301,0.0001935492764459923,,,,
,,7302,0.00048492071800865233,,,,
,,7303,0.000312053452944383,,,,
,,7304,0.04050120711326599,,,,
,,7305,0.0019705393351614475,,,,
,,7306,0.005747315939515829,,,,
,,7307,0.005134122911840677,,,,
,,7308,0.0034665316343307495,,,,
,,7309,0.0005880786920897663,,,,
,,7310,0.0010143881663680077,,,,
,,7311,0.0020743750501424074,,,,
,,7312,0.00745172007009387,,,,
,,7313,0.0004775288107339293,,,,
,,7314,0.0029755940195173025,,,,
,,7315,0.00422480795532465,,,,
,,7316,0.04468540474772453,,,,
,,7317,0.001836926443502307,,,,
,,7318,0.0002725812664721161,,,,
,,7319,0.0001452484866604209,,,,
,,7320,0.0008489898755215108,,,,
,,7321,0.0004055559984408319,,,,
,,7322,0.012180169112980366,,,,
,,7323,0.0010918574407696724,,,,
,,7324,0.04308941960334778,,,,
,,7325,0.00039306862163357437,,,,
,,7326,0.0002039105602307245,,,,
,,7327,0.0012012564111500978,,,,
,,7328,0.0010473915608599782,,,,
,,7329,0.00047828126116655767,,,,
,,7330,0.0008004818810150027,,,,
,,7331,0.0006847576587460935,,,,
,,7332,0.0004317668208386749,,,,
,,7333,0.002579091815277934,,,,
,,7334,0.0003982584457844496,,,,
,,7335,0.0009060115553438663,,,,
,,7336,0.0007527116686105728,,,,
,,7337,0.0005747449467889965,,,,
,,7338,0.40799680352211,,,,
,,7339,0.0007764509646221995,,,,
,,7340,0.0031264405697584152,,,,
,,7341,0.03244006633758545,,,,
,,7342,0.012204285711050034,,,,
,,7343,0.0014260361203923821,,,,
,,7344,0.0006259622168727219,,,,
,,7345,0.000720866781193763,,,,
,,7346,0.00027563716867007315,,,,
,,7347,0.010749561712145805,,,,
,,7348,0.0019654224161058664,,,,
,,7349,0.0036984537728130817,,,,
,,7350,0.0004361405735835433,,,,
,,7351,0.00025016212021000683,,,,
,,7352,0.001413293881341815,,,,
,,7353,0.00023061150568537414,,,,
,,7354,0.001377803971990943,,,,
,,7355,0.0004245310556143522,,,,
,,7356,0.0032075196504592896,,,,
,,7357,0.002048816531896591,,,,
,,7358,0.000642957747913897,,,,
,,7359,0.0003890453663188964,,,,
,,7360,0.0032682435121387243,,,,
,,7361,0.0006863673334009945,,,,
,,7362,0.0006319658714346588,,,,
,,7363,0.004651209339499474,,,,
,,7364,0.0027137629222124815,,,,
,,7365,0.0047821905463933945,,,,
,,7366,0.001176974386908114,,,,
,,7367,0.020444074645638466,,,,
,,7368,0.04195258021354675,,,,
,,7369,0.0023970312904566526,,,,
,,7370,0.0010311997029930353,,,,
,,7371,0.000296451267786324,,,,
,,7372,0.0002625597990117967,,,,
,,7373,0.0005163241876289248,,,,
,,7374,0.0006925808847881854,,,,
,,7375,0.0005496728699654341,,,,
,,7376,0.025393428280949593,,,,
,,7377,0.0004851904814131558,,,,
,,7378,0.0003734201309271157,,,,
,,7379,0.000838519015815109,,,,
,,7380,0.004352959338575602,,,,
,,7381,0.0007608585292473435,,,,
,,7382,0.0007760176667943597,,,,
,,7383,0.004170900676399469,,,,
,,7384,0.00704297935590148,,,,
,,7385,0.003488354617729783,,,,
,,7386,0.0012954899575561285,,,,
,,7387,0.0034002959728240967,,,,
,,7388,0.006163866259157658,,,,
,,7389,0.005185702349990606,,,,
,,7390,0.0008686183136887848,,,,
,,7391,0.0008054658537730575,,,,
,,7392,0.0030090943910181522,,,,
,,7393,0.005361185874789953,,,,
,,7394,0.0063773272559046745,,,,
,,7395,0.0076098316349089146,,,,
,,7396,0.00041512175812385976,,,,
,,7397,0.004578244872391224,,,,
,,7398,0.0003783256688620895,,,,
,,7399,0.000564501853659749,,,,
,,7400,0.01906931959092617,,,,
,,7401,0.0880403220653534,,,,
,,7402,0.006747093051671982,,,,
,,7403,0.002141195349395275,,,,
,,7404,0.018480300903320312,,,,
,,7405,0.01846984401345253,,,,
,,7406,0.006483280099928379,,,,
,,7407,0.0066977390088140965,,,,
,,7408,0.018726583570241928,,,,
,,7409,0.008183763362467289,,,,
,,7410,0.013255939818918705,,,,
,,7411,0.0036397739313542843,,,,
,,7412,0.023808510974049568,,,,
,,7413,0.018674401566386223,,,,
,,7414,0.009021228179335594,,,,
,,7415,0.00737774558365345,,,,
,,7416,0.012147493660449982,,,,
,,7417,0.007276952266693115,,,,
,,7418,0.008906356990337372,,,,
,,7419,0.008095950819551945,,,,
,,7420,0.014014720916748047,,,,
,,7421,0.0031135468743741512,,,,
,,7422,0.0001709349307930097,,,,
,,7423,0.0004072257434017956,,,,
,,7424,0.00032695577829144895,,,,
,,7425,0.0008293766295537353,,,,
,,7426,0.0012733134208247066,,,,
,,7427,0.0008690182585269213,,,,
,,7428,0.09503314644098282,,,,
,,7429,0.004527599550783634,,,,
,,7430,0.0006491764215752482,,,,
,,7431,0.0002894239441957325,,,,
,,7432,0.0026311296969652176,,,,
,,7433,0.00078609399497509,,,,
,,7434,0.0007873704889789224,,,,
,,7435,0.002120549324899912,,,,
,,7436,0.015573089942336082,,,,
,,7437,0.01208485011011362,,,,
,,7438,0.0005962458089925349,,,,
,,7439,0.000737915572244674,,,,
,,7440,0.0021319265943020582,,,,
,,7441,0.001010641222819686,,,,
,,7442,0.0006002753507345915,,,,
,,7443,0.005451275035738945,,,,
,,7444,0.006872782949358225,,,,
,,7445,0.00042085908353328705,,,,
,,7446,0.1238393634557724,,,,
,,7447,0.00035171088529750705,,,,
,,7448,0.0007998446235433221,,,,
,,7449,0.0011976993409916759,,,,
,,7450,0.00025565686519257724,,,,
,,7451,0.0016886974917724729,,,,
,,7452,0.012793618254363537,,,,
,,7453,0.05337292328476906,,,,
,,7454,0.49176761507987976,,,,
,,7455,0.000291839154670015,,,,
,,7456,0.0004953190218657255,,,,
,,7457,0.0007585434359498322,,,,
,,7458,0.0005744892987422645,,,,
,,7459,0.0008903876878321171,,,,
,,7460,0.0012222359655424953,,,,
,,7461,0.00045061035780236125,,,,
,,7462,0.013004696927964687,,,,
,,7463,0.0002609847579151392,,,,
,,7464,0.00027305513503961265,,,,
,,7465,0.0011257189325988293,,,,
,,7466,0.00031267781741917133,,,,
,,7467,0.009294500574469566,,,,
,,7468,0.000699601077940315,,,,
,,7469,0.0038786004297435284,,,,
,,7470,0.0011260075261816382,,,,
,,7471,0.0008357728365808725,,,,
,,7472,0.0030275725293904543,,,,
,,7473,0.0002832105674315244,,,,
,,7474,0.00027761521050706506,,,,
,,7475,0.007831595838069916,,,,
,,7476,0.00020221986051183194,,,,
,,7477,0.0034003991167992353,,,,
,,7478,0.008423266001045704,,,,
,,7479,0.00037387944757938385,,,,
,,7480,0.0017926694126799703,,,,
,,7481,0.0015777023509144783,,,,
,,7482,0.0002278542669955641,,,,
,,7483,0.001174190896563232,,,,
,,7484,0.00161127804312855,,,,
14,,7484,,0.012180953286588192,,,
14,,7484,,,0.9438877701759338,0.9579158425331116,0.01704011857509613
15,0.0010792340617626905,7485,,,,,
15,0.02141239494085312,7486,,,,,
15,0.0026918030343949795,7487,,,,,
15,0.0014373799785971642,7488,,,,,
15,0.0052784159779548645,7489,,,,,
15,0.08256926387548447,7490,,,,,
15,0.002048943657428026,7491,,,,,
15,0.0018420469714328647,7492,,,,,
15,0.004098451696336269,7493,,,,,
15,0.0054857381619513035,7494,,,,,
15,0.005425369367003441,7495,,,,,
15,0.012424536980688572,7496,,,,,
15,0.018609683960676193,7497,,,,,
15,0.0062917862087488174,7498,,,,,
15,0.00046518660383298993,7499,,,,,
15,0.029794873669743538,7500,,,,,
15,0.011957506649196148,7501,,,,,
15,0.09482789039611816,7502,,,,,
15,0.00010484262020327151,7503,,,,,
15,0.008861280046403408,7504,,,,,
15,0.0004322785825934261,7505,,,,,
15,0.005285012535750866,7506,,,,,
15,0.0009932786924764514,7507,,,,,
15,0.001235599396750331,7508,,,,,
15,0.0010866039665415883,7509,,,,,
15,0.00041823784704320133,7510,,,,,
15,0.008631173521280289,7511,,,,,
15,0.003811141476035118,7512,,,,,
15,0.0008712082053534687,7513,,,,,
15,0.009375108405947685,7514,,,,,
15,0.0015329605666920543,7515,,,,,
15,0.0020034422632306814,7516,,,,,
15,0.0012922072783112526,7517,,,,,
15,0.00012050028453813866,7518,,,,,
15,0.00018726533744484186,7519,,,,,
15,0.0018603053176775575,7520,,,,,
15,0.05737438425421715,7521,,,,,
15,0.0006921085296198726,7522,,,,,
15,0.012326774187386036,7523,,,,,
15,0.008066554553806782,7524,,,,,
15,0.0018144985660910606,7525,,,,,
15,0.00030938893905840814,7526,,,,,
15,0.00041492845048196614,7527,,,,,
15,0.0027016159147024155,7528,,,,,
15,0.0001470281567890197,7529,,,,,
15,0.000740559829864651,7530,,,,,
15,0.000812070386018604,7531,,,,,
15,0.1245841234922409,7532,,,,,
15,0.0002870325115509331,7533,,,,,
15,0.0001771813549567014,7534,,,,,
15,0.0005478577804751694,7535,,,,,
15,0.0002930074988398701,7536,,,,,
15,0.0006481532473117113,7537,,,,,
15,0.0009213875746354461,7538,,,,,
15,0.0041197361424565315,7539,,,,,
15,0.0002629839873407036,7540,,,,,
15,0.0035761012695729733,7541,,,,,
15,0.0012152818962931633,7542,,,,,
15,0.0007305600447580218,7543,,,,,
15,0.002647350076586008,7544,,,,,
15,0.0006693045725114644,7545,,,,,
15,0.00011002051905961707,7546,,,,,
15,0.0007962217787280679,7547,,,,,
15,0.0006480886368080974,7548,,,,,
15,0.0007219976978376508,7549,,,,,
15,0.0007161883404478431,7550,,,,,
15,3.641360308392905e-05,7551,,,,,
15,0.0002706762752495706,7552,,,,,
15,0.00024088156351353973,7553,,,,,
15,0.00020968393073417246,7554,,,,,
15,0.000862512388266623,7555,,,,,
15,0.0003210563736502081,7556,,,,,
15,4.771293606609106e-05,7557,,,,,
15,4.915576209896244e-05,7558,,,,,
15,0.0008685290231369436,7559,,,,,
15,5.7969129557022825e-05,7560,,,,,
15,0.00021197990281507373,7561,,,,,
15,0.15015728771686554,7562,,,,,
15,0.00016145106928888708,7563,,,,,
15,0.00723961042240262,7564,,,,,
15,0.00048704235814511776,7565,,,,,
15,0.0006260140798985958,7566,,,,,
15,0.00017648581706453115,7567,,,,,
15,0.0016939955530688167,7568,,,,,
15,0.02367885410785675,7569,,,,,
15,0.0008441118407063186,7570,,,,,
15,0.004761071410030127,7571,,,,,
15,0.0007249837508425117,7572,,,,,
15,0.00020154162484686822,7573,,,,,
15,7.899677439127117e-05,7574,,,,,
15,0.0001250470959348604,7575,,,,,
15,0.00022932293359190226,7576,,,,,
15,0.0009411374339833856,7577,,,,,
15,0.04287521168589592,7578,,,,,
15,0.0005359394126571715,7579,,,,,
15,0.00010032995487563312,7580,,,,,
15,0.0005330858402885497,7581,,,,,
15,9.936322749126703e-05,7582,,,,,
15,0.0006645304965786636,7583,,,,,
15,0.0003592380089685321,7584,,,,,
15,0.005965312477201223,7585,,,,,
15,3.581118653528392e-05,7586,,,,,
15,0.0011506776791065931,7587,,,,,
15,0.00018705372349359095,7588,,,,,
15,0.0012433970114216208,7589,,,,,
15,0.2732771039009094,7590,,,,,
15,0.00028283524443395436,7591,,,,,
15,0.0001264096499653533,7592,,,,,
15,0.00010942045628326014,7593,,,,,
15,0.0006131964037194848,7594,,,,,
15,0.0053458563052117825,7595,,,,,
15,0.0017596976831555367,7596,,,,,
15,6.978613237151876e-05,7597,,,,,
15,0.004922916181385517,7598,,,,,
15,0.002660867292433977,7599,,,,,
15,0.02552548423409462,7600,,,,,
15,0.0007529818103648722,7601,,,,,
15,0.003141748020425439,7602,,,,,
15,0.00212724506855011,7603,,,,,
15,4.120382072869688e-05,7604,,,,,
15,0.00021396645752247423,7605,,,,,
15,0.0003168766852468252,7606,,,,,
15,0.0009550669346936047,7607,,,,,
15,0.0005060690455138683,7608,,,,,
15,0.0010883715003728867,7609,,,,,
15,0.023140979930758476,7610,,,,,
15,0.0020311756525188684,7611,,,,,
15,0.00014410988660529256,7612,,,,,
15,0.0008845534175634384,7613,,,,,
15,0.0006861074944026768,7614,,,,,
15,0.2920539081096649,7615,,,,,
15,0.0001632328931009397,7616,,,,,
15,0.0007726280600763857,7617,,,,,
15,0.0015598725294694304,7618,,,,,
15,0.0007045582169666886,7619,,,,,
15,0.005206381902098656,7620,,,,,
15,0.012119523249566555,7621,,,,,
15,0.0004695059615187347,7622,,,,,
15,0.0005166163900867105,7623,,,,,
15,0.0001879741612356156,7624,,,,,
15,0.00013508924166671932,7625,,,,,
15,0.00026044988771900535,7626,,,,,
15,0.001978145679458976,7627,,,,,
15,0.0013573711039498448,7628,,,,,
15,0.0008822984527796507,7629,,,,,
15,0.007334246300160885,7630,,,,,
15,0.001611537765711546,7631,,,,,
15,0.0011436000932008028,7632,,,,,
15,0.005709332413971424,7633,,,,,
15,0.004870198667049408,7634,,,,,
15,0.0012250683503225446,7635,,,,,
15,0.00029933350742794573,7636,,,,,
15,0.006419233046472073,7637,,,,,
15,0.0003214990138076246,7638,,,,,
15,0.0009274230105802417,7639,,,,,
15,0.0008961204439401627,7640,,,,,
15,0.0004745604528579861,7641,,,,,
15,0.00036549236392602324,7642,,,,,
15,0.003308899700641632,7643,,,,,
15,0.0007662020507268608,7644,,,,,
15,0.0016026397934183478,7645,,,,,
15,0.002432508859783411,7646,,,,,
15,0.0029704098124057055,7647,,,,,
15,0.0008473296766169369,7648,,,,,
15,0.048537272959947586,7649,,,,,
15,0.00023319046886172146,7650,,,,,
15,0.06747551262378693,7651,,,,,
15,0.000483399024233222,7652,,,,,
15,0.045744866132736206,7653,,,,,
15,0.06746228039264679,7654,,,,,
15,0.00018450419884175062,7655,,,,,
15,0.0034055474679917097,7656,,,,,
15,0.00022043197532184422,7657,,,,,
15,9.056752605829388e-05,7658,,,,,
15,0.0003176018944941461,7659,,,,,
15,7.797238504281268e-05,7660,,,,,
15,0.00022618271759711206,7661,,,,,
15,0.00028522469801828265,7662,,,,,
15,0.0007316588307730854,7663,,,,,
15,0.002166662598028779,7664,,,,,
15,0.003905415767803788,7665,,,,,
15,0.015537767671048641,7666,,,,,
15,0.006871750112622976,7667,,,,,
15,0.09960101544857025,7668,,,,,
15,0.0011229439405724406,7669,,,,,
15,0.00037873347173444927,7670,,,,,
15,0.005060718394815922,7671,,,,,
15,0.00047610417823307216,7672,,,,,
15,0.0027767708525061607,7673,,,,,
15,0.0005520385457202792,7674,,,,,
15,0.002133723348379135,7675,,,,,
15,0.00040462444303557277,7676,,,,,
15,0.01941259205341339,7677,,,,,
15,0.00016017098096199334,7678,,,,,
15,0.0005793626187369227,7679,,,,,
15,0.0012633414007723331,7680,,,,,
15,0.00023598640109412372,7681,,,,,
15,0.0003360629198141396,7682,,,,,
15,0.0001780237362254411,7683,,,,,
15,0.008326116017997265,7684,,,,,
15,5.09830642840825e-05,7685,,,,,
15,0.0012052148813381791,7686,,,,,
15,0.0007017537718638778,7687,,,,,
15,0.0017535688821226358,7688,,,,,
15,0.00022812782844994217,7689,,,,,
15,0.0009364234865643084,7690,,,,,
15,0.06719012558460236,7691,,,,,
15,0.07541705667972565,7692,,,,,
15,0.00040267693111673,7693,,,,,
15,0.00018055624968837947,7694,,,,,
15,0.0003321522963233292,7695,,,,,
15,0.0003691856109071523,7696,,,,,
15,0.002533949911594391,7697,,,,,
15,0.002839709399268031,7698,,,,,
15,0.0030183163471519947,7699,,,,,
15,0.0005198598955757916,7700,,,,,
15,0.0031932287383824587,7701,,,,,
15,0.0045992485247552395,7702,,,,,
15,6.789369217585772e-05,7703,,,,,
15,2.9852775696781464e-05,7704,,,,,
15,0.0009037046111188829,7705,,,,,
15,0.0003451099037192762,7706,,,,,
15,0.0009610328706912696,7707,,,,,
15,7.873093272792175e-05,7708,,,,,
15,0.027285832911729813,7709,,,,,
15,0.001194153563119471,7710,,,,,
15,0.03594590723514557,7711,,,,,
15,0.0003906956990249455,7712,,,,,
15,0.00028648943407461047,7713,,,,,
15,0.0009020512225106359,7714,,,,,
15,0.015018625184893608,7715,,,,,
15,0.0002621874155011028,7716,,,,,
15,0.001625159988179803,7717,,,,,
15,0.00027350199525244534,7718,,,,,
15,0.002141482662409544,7719,,,,,
15,0.0019720124546438456,7720,,,,,
15,7.197895320132375e-05,7721,,,,,
15,0.0006210677674971521,7722,,,,,
15,0.0455881766974926,7723,,,,,
15,3.740153624676168e-05,7724,,,,,
15,0.0001818710588850081,7725,,,,,
15,8.405612607020885e-05,7726,,,,,
15,4.645724766305648e-05,7727,,,,,
15,0.007721895817667246,7728,,,,,
15,9.200697240885347e-05,7729,,,,,
15,0.021937858313322067,7730,,,,,
15,0.1878410130739212,7731,,,,,
15,0.0004280520079191774,7732,,,,,
15,0.00026947344304062426,7733,,,,,
15,0.00013268564362078905,7734,,,,,
15,0.00012392106873448938,7735,,,,,
15,3.808671681326814e-05,7736,,,,,
15,0.0006985800573602319,7737,,,,,
15,0.000736356945708394,7738,,,,,
15,0.005893685854971409,7739,,,,,
15,0.0003582579374779016,7740,,,,,
15,0.008480081334710121,7741,,,,,
15,0.0014362588990479708,7742,,,,,
15,0.00015903415624052286,7743,,,,,
15,0.00019945818348787725,7744,,,,,
15,0.00010551859304541722,7745,,,,,
15,0.015697769820690155,7746,,,,,
15,0.0049814791418612,7747,,,,,
15,0.0001968165161088109,7748,,,,,
15,7.310654473258182e-05,7749,,,,,
15,0.0023586275056004524,7750,,,,,
15,0.005461566150188446,7751,,,,,
15,0.0015289537841454148,7752,,,,,
15,0.00039362223469652236,7753,,,,,
15,0.00012284264084883034,7754,,,,,
15,0.0007982646347954869,7755,,,,,
15,0.0002756293397396803,7756,,,,,
15,0.00157821923494339,7757,,,,,
15,0.0001457663020119071,7758,,,,,
15,0.0009368773899041116,7759,,,,,
15,0.00042274087900295854,7760,,,,,
15,2.9295371859916486e-05,7761,,,,,
15,0.0016829718369990587,7762,,,,,
15,0.0006119947647675872,7763,,,,,
15,0.0008219346636906266,7764,,,,,
15,0.0005730867269448936,7765,,,,,
15,0.002295392332598567,7766,,,,,
15,0.0015900864964351058,7767,,,,,
15,6.473871326306835e-05,7768,,,,,
15,0.00018346754950471222,7769,,,,,
15,0.0041947029531002045,7770,,,,,
15,0.00038000958738848567,7771,,,,,
15,0.00022677802189718932,7772,,,,,
15,0.00019562445231713355,7773,,,,,
15,0.0004764480981975794,7774,,,,,
15,0.0002425205457257107,7775,,,,,
15,5.53080826648511e-05,7776,,,,,
15,0.0002694771974347532,7777,,,,,
15,4.7467390686506405e-05,7778,,,,,
15,0.0003289695014245808,7779,,,,,
15,0.00016613342450000346,7780,,,,,
15,3.9658782043261454e-05,7781,,,,,
15,0.006766024045646191,7782,,,,,
15,0.00038218198460526764,7783,,,,,
15,0.0003451016964390874,7784,,,,,
15,0.06354612112045288,7785,,,,,
15,0.0002681637997739017,7786,,,,,
15,0.0006556860753335059,7787,,,,,
15,2.522344766475726e-05,7788,,,,,
15,0.00010403463238617405,7789,,,,,
15,7.132928294595331e-05,7790,,,,,
15,0.0002203760959673673,7791,,,,,
15,0.0015952640678733587,7792,,,,,
15,2.9800898118992336e-05,7793,,,,,
15,0.005195228848606348,7794,,,,,
15,9.140195470536128e-05,7795,,,,,
15,8.235026325564831e-05,7796,,,,,
15,0.0017466048011556268,7797,,,,,
15,0.003148653544485569,7798,,,,,
15,0.024154391139745712,7799,,,,,
15,2.6366360543761402e-05,7800,,,,,
15,0.00030285920365713537,7801,,,,,
15,0.0008675420540384948,7802,,,,,
15,0.015119217336177826,7803,,,,,
15,0.011201193556189537,7804,,,,,
15,0.021888986229896545,7805,,,,,
15,4.851970516028814e-05,7806,,,,,
15,2.338622471143026e-05,7807,,,,,
15,0.0017483594128862023,7808,,,,,
15,0.0004645685839932412,7809,,,,,
15,9.695521839603316e-06,7810,,,,,
15,0.0007664553704671562,7811,,,,,
15,7.071950676618144e-05,7812,,,,,
15,0.032666951417922974,7813,,,,,
15,0.0004096240154467523,7814,,,,,
15,6.996224692557007e-05,7815,,,,,
15,0.0056022414937615395,7816,,,,,
15,0.0001885258825495839,7817,,,,,
15,0.0001940257934620604,7818,,,,,
15,0.0005637792637571692,7819,,,,,
15,0.020812170580029488,7820,,,,,
15,7.70567639847286e-05,7821,,,,,
15,3.3970372896874323e-05,7822,,,,,
15,0.001044158125296235,7823,,,,,
15,8.281098416773602e-05,7824,,,,,
15,0.001596534508280456,7825,,,,,
15,1.1485270078992471e-05,7826,,,,,
15,0.0005420006928034127,7827,,,,,
15,0.03863045200705528,7828,,,,,
15,0.010176480747759342,7829,,,,,
15,2.9468468710547313e-05,7830,,,,,
15,2.5179924705298617e-05,7831,,,,,
15,8.084356522886083e-05,7832,,,,,
15,0.0018153348937630653,7833,,,,,
15,0.00023629760835319757,7834,,,,,
15,3.8951518945395947e-05,7835,,,,,
15,0.0026434645988047123,7836,,,,,
15,0.0009064238984137774,7837,,,,,
15,4.510134021984413e-05,7838,,,,,
15,0.00017395401664543897,7839,,,,,
15,0.0004907877882942557,7840,,,,,
15,0.00044563287519849837,7841,,,,,
15,0.0001258689590031281,7842,,,,,
15,0.003080296330153942,7843,,,,,
15,4.023624205728993e-05,7844,,,,,
15,0.0004575589846353978,7845,,,,,
15,1.3827545444655698e-05,7846,,,,,
15,0.001276149763725698,7847,,,,,
15,0.0005079019465483725,7848,,,,,
15,0.01442690473049879,7849,,,,,
15,3.3931944926735014e-05,7850,,,,,
15,0.0072687421925365925,7851,,,,,
15,0.0002944513689726591,7852,,,,,
15,0.00018420028209220618,7853,,,,,
15,0.003942794632166624,7854,,,,,
15,0.00011127517063869163,7855,,,,,
15,1.2060453627782408e-05,7856,,,,,
15,6.128576205810532e-05,7857,,,,,
15,1.9674344002851285e-05,7858,,,,,
15,7.756429113214836e-05,7859,,,,,
15,0.014171435497701168,7860,,,,,
15,8.969161717686802e-05,7861,,,,,
15,4.198542592348531e-05,7862,,,,,
15,3.9407223084708676e-05,7863,,,,,
15,8.34368693176657e-05,7864,,,,,
15,2.0270172171876766e-05,7865,,,,,
15,0.0008312445716001093,7866,,,,,
15,0.000547734322026372,7867,,,,,
15,3.76957978005521e-05,7868,,,,,
15,2.9443119274219498e-05,7869,,,,,
15,0.2803734242916107,7870,,,,,
15,0.00022547386470250785,7871,,,,,
15,6.874269274703693e-06,7872,,,,,
15,5.9656267694663256e-05,7873,,,,,
15,0.0030115987174212933,7874,,,,,
15,0.00017915599164552987,7875,,,,,
15,0.009330333210527897,7876,,,,,
15,0.004209822975099087,7877,,,,,
15,0.001332470215857029,7878,,,,,
15,2.7385185603634454e-05,7879,,,,,
15,0.0004976671189069748,7880,,,,,
15,0.0010806662030518055,7881,,,,,
15,0.008457399904727936,7882,,,,,
15,0.0025941994972527027,7883,,,,,
15,0.11559499055147171,7884,,,,,
15,0.0015076168347150087,7885,,,,,
15,0.08541301637887955,7886,,,,,
15,4.0652983443578705e-05,7887,,,,,
15,0.00010976449266308919,7888,,,,,
15,0.0002492227649781853,7889,,,,,
15,0.00037876833812333643,7890,,,,,
15,0.004975487012416124,7891,,,,,
15,7.128333527361974e-05,7892,,,,,
15,0.00132646132260561,7893,,,,,
15,6.002734153298661e-05,7894,,,,,
15,0.00013221154222264886,7895,,,,,
15,0.008032322861254215,7896,,,,,
15,0.00016044678341131657,7897,,,,,
15,0.0001364156196359545,7898,,,,,
15,0.0015744396951049566,7899,,,,,
15,0.0003196468169335276,7900,,,,,
15,0.0009904790204018354,7901,,,,,
15,0.01158340647816658,7902,,,,,
15,8.171920489985496e-05,7903,,,,,
15,0.0037493309937417507,7904,,,,,
15,0.00017233191465493292,7905,,,,,
15,0.00015897494449745864,7906,,,,,
15,0.0004986738204024732,7907,,,,,
15,0.0012027694610878825,7908,,,,,
15,0.003415753599256277,7909,,,,,
15,0.00010336935520172119,7910,,,,,
15,0.00020850759756285697,7911,,,,,
15,0.000622694322373718,7912,,,,,
15,0.0002944576845038682,7913,,,,,
15,0.2992112636566162,7914,,,,,
15,0.00018033559899777174,7915,,,,,
15,7.887586980359629e-05,7916,,,,,
15,0.007499355357140303,7917,,,,,
15,0.00011984923912677914,7918,,,,,
15,0.00010236265370622277,7919,,,,,
15,0.00031194326584227383,7920,,,,,
15,0.03292056545615196,7921,,,,,
15,0.0012575960718095303,7922,,,,,
15,0.0018427224131301045,7923,,,,,
15,0.02205720543861389,7924,,,,,
15,0.004731219261884689,7925,,,,,
15,0.010824130848050117,7926,,,,,
15,0.0003806268214248121,7927,,,,,
15,0.004379107151180506,7928,,,,,
15,0.009313748218119144,7929,,,,,
15,0.015454760752618313,7930,,,,,
15,0.008288492448627949,7931,,,,,
15,0.008013655431568623,7932,,,,,
15,0.0015283762477338314,7933,,,,,
15,0.002686133375391364,7934,,,,,
15,0.0037222912069410086,7935,,,,,
15,0.0009786589071154594,7936,,,,,
15,0.014473581686615944,7937,,,,,
15,6.72560854582116e-05,7938,,,,,
15,0.00011425471166148782,7939,,,,,
15,0.00023419674835167825,7940,,,,,
15,0.002208533463999629,7941,,,,,
15,0.00030029076151549816,7942,,,,,
15,0.007181224878877401,7943,,,,,
15,5.1203744078520685e-05,7944,,,,,
15,0.00014475989155471325,7945,,,,,
15,0.02473190240561962,7946,,,,,
15,0.0007048266124911606,7947,,,,,
15,0.00017041093087755144,7948,,,,,
15,6.092344119679183e-05,7949,,,,,
15,0.00020465724810492247,7950,,,,,
15,0.00049231993034482,7951,,,,,
15,7.045677921269089e-05,7952,,,,,
15,5.687343218596652e-05,7953,,,,,
15,7.555104093626142e-05,7954,,,,,
15,0.0006466714548878372,7955,,,,,
15,0.00016668970056343824,7956,,,,,
15,0.0014082944253459573,7957,,,,,
15,0.0010199520038440824,7958,,,,,
15,2.2313381123240106e-05,7959,,,,,
15,2.4430002667941153e-05,7960,,,,,
15,6.215443863766268e-05,7961,,,,,
15,0.0002597178390715271,7962,,,,,
15,6.821230635978281e-05,7963,,,,,
15,0.00013594090705737472,7964,,,,,
15,0.00013170672173146158,7965,,,,,
15,0.00013782927999272943,7966,,,,,
15,0.000573696568608284,7967,,,,,
15,0.00019321742001920938,7968,,,,,
15,8.384871034650132e-05,7969,,,,,
15,0.00980754941701889,7970,,,,,
15,0.0005846589338034391,7971,,,,,
15,0.0004279986023902893,7972,,,,,
15,8.61400258145295e-06,7973,,,,,
15,0.00016340517322532833,7974,,,,,
15,0.00011336695024510846,7975,,,,,
15,0.0001906234974740073,7976,,,,,
15,0.008967394009232521,7977,,,,,
15,0.000151328495121561,7978,,,,,
15,1.997435902012512e-05,7979,,,,,
15,1.2438786143320613e-05,7980,,,,,
15,0.13669335842132568,7981,,,,,
15,0.002005205722525716,7982,,,,,
15,0.0008712566341273487,7983,,,,,
,,7485,2.5448441647313302e-06,,,,
,,7486,8.54115751280915e-06,,,,
,,7487,5.597042672889074e-06,,,,
,,7488,7.339562671404565e-06,,,,
,,7489,7.175026439654175e-06,,,,
,,7490,3.860073775285855e-06,,,,
,,7491,4.8045576477306895e-06,,,,
,,7492,3.327466856717365e-06,,,,
,,7493,2.176936686737463e-05,,,,
,,7494,0.0009732541511766613,,,,
,,7495,1.3117345588398166e-05,,,,
,,7496,8.250903192674741e-06,,,,
,,7497,0.00010609746823320165,,,,
,,7498,0.0012342670233920217,,,,
,,7499,1.2033887287543621e-05,,,,
,,7500,0.004652467556297779,,,,
,,7501,4.524725682131248e-06,,,,
,,7502,0.0008689608657732606,,,,
,,7503,3.899793227901682e-06,,,,
,,7504,1.0966530680889264e-05,,,,
,,7505,4.325528607296292e-06,,,,
,,7506,2.5658100639702752e-06,,,,
,,7507,2.1923958684055833e-06,,,,
,,7508,2.1975806703267153e-06,,,,
,,7509,1.855508685366658e-06,,,,
,,7510,3.083862793573644e-06,,,,
,,7511,1.85550709375093e-06,,,,
,,7512,5.642395080940332e-06,,,,
,,7513,1.4078008234719164e-06,,,,
,,7514,3.2030761758505832e-06,,,,
,,7515,7.033097062958404e-06,,,,
,,7516,2.487823167030001e-06,,,,
,,7517,2.9291154532984365e-06,,,,
,,7518,3.498477781249676e-06,,,,
,,7519,2.446366806907463e-06,,,,
,,7520,1.3991228115628473e-05,,,,
,,7521,2.7247597245150246e-06,,,,
,,7522,2.0776358269358752e-06,,,,
,,7523,1.9902681742678396e-06,,,,
,,7524,1.5858577171457e-05,,,,
,,7525,1.0246068995911628e-05,,,,
,,7526,8.142046681314241e-06,,,,
,,7527,2.2799942598794587e-05,,,,
,,7528,0.0012847313191741705,,,,
,,7529,4.167092811258044e-06,,,,
,,7530,3.462718268565368e-06,,,,
,,7531,1.9016572423424805e-06,,,,
,,7532,2.0420898181328084e-06,,,,
,,7533,2.073183395623346e-06,,,,
,,7534,1.5553880530205788e-06,,,,
,,7535,1.5808128637218033e-06,,,,
,,7536,2.313880031579174e-05,,,,
,,7537,1.924364596561645e-06,,,,
,,7538,1.8221887785330182e-06,,,,
,,7539,1.8606903040563338e-06,,,,
,,7540,1.3942246823717142e-06,,,,
,,7541,2.544841890994576e-06,,,,
,,7542,2.0369077446957817e-06,,,,
,,7543,1.7673999082035152e-06,,,,
,,7544,2.8893819035147317e-06,,,,
,,7545,1.7259352489418234e-06,,,,
,,7546,2.469306764396606e-06,,,,
,,7547,1.6689207313902443e-06,,,,
,,7548,1.3320290008778102e-06,,,,
,,7549,2.016175812968868e-06,,,,
,,7550,4.8534252528043e-06,,,,
,,7551,3.1771396606927738e-06,,,,
,,7552,2.783253194138524e-06,,,,
,,7553,2.5311695935670286e-05,,,,
,,7554,0.0005911028711125255,,,,
,,7555,3.9235037547769025e-06,,,,
,,7556,3.228990181014524e-06,,,,
,,7557,2.171665755668073e-06,,,,
,,7558,2.47227399086114e-06,,,,
,,7559,6.515650602523237e-05,,,,
,,7560,2.151427906937897e-06,,,,
,,7561,3.4910904105345253e-06,,,,
,,7562,6.817353096266743e-06,,,,
,,7563,2.469312448738492e-06,,,,
,,7564,1.5082515574249555e-06,,,,
,,7565,1.4719706769028562e-06,,,,
,,7566,2.622585725475801e-06,,,,
,,7567,2.550027375036734e-06,,,,
,,7568,0.0039176638238132,,,,
,,7569,2.787202220133622e-06,,,,
,,7570,4.155208443989977e-06,,,,
,,7571,2.1250250483717537e-06,,,,
,,7572,2.0265463263058336e-06,,,,
,,7573,2.005817123063025e-06,,,,
,,7574,1.4927023812560947e-06,,,,
,,7575,2.3012469227978727e-06,,,,
,,7576,2.259783059344045e-06,,,,
,,7577,8.713144779903814e-06,,,,
,,7578,1.8661625290405937e-05,,,,
,,7579,0.00046745213330723345,,,,
,,7580,0.00036643355269916356,,,,
,,7581,4.032341166748665e-06,,,,
,,7582,3.1253223369276384e-06,,,,
,,7583,0.7399060726165771,,,,
,,7584,1.9280712422187207e-06,,,,
,,7585,2.043574113486102e-06,,,,
,,7586,2.2195465589902597e-06,,,,
,,7587,1.913017740662326e-06,,,,
,,7588,2.6692309802456293e-06,,,,
,,7589,2.0662785118474858e-06,,,,
,,7590,2.0369086541904835e-06,,,,
,,7591,1.953980017788126e-06,,,,
,,7592,1.3579456208390184e-06,,,,
,,7593,4.251734935678542e-06,,,,
,,7594,4.0190066101786215e-06,,,,
,,7595,6.463337922468781e-05,,,,
,,7596,3.1221213703247486e-06,,,,
,,7597,3.14606086249114e-06,,,,
,,7598,2.337519617867656e-06,,,,
,,7599,1.8959872249979526e-06,,,,
,,7600,2.249418685096316e-06,,,,
,,7601,2.8661756914516445e-06,,,,
,,7602,7.935484063636977e-06,,,,
,,7603,8.122869076032657e-06,,,,
,,7604,5.058520400780253e-06,,,,
,,7605,4.338097369327443e-06,,,,
,,7606,0.00036292141885496676,,,,
,,7607,3.954596650146414e-06,,,,
,,7608,4.6283598749141674e-06,,,,
,,7609,2.2876649836689467e-06,,,,
,,7610,3.173205186612904e-06,,,,
,,7611,1.981125933525618e-06,,,,
,,7612,2.3217216948978603e-06,,,,
,,7613,2.125024138877052e-06,,,,
,,7614,3.7783306652272586e-06,,,,
,,7615,2.696373030630639e-06,,,,
,,7616,3.057944923057221e-06,,,,
,,7617,2.0576385395543184e-06,,,,
,,7618,2.6963734853779897e-06,,,,
,,7619,2.633937128848629e-06,,,,
,,7620,2.8382958134898217e-06,,,,
,,7621,2.6122143026441336e-06,,,,
,,7622,2.6963759864884196e-06,,,,
,,7623,2.2079436803323915e-06,,,,
,,7624,2.37898666455294e-06,,,,
,,7625,2.487826805008808e-06,,,,
,,7626,2.7985547603748273e-06,,,,
,,7627,5.012316250940785e-06,,,,
,,7628,5.750275249738479e-06,,,,
,,7629,0.016246695071458817,,,,
,,7630,2.6536854420555755e-06,,,,
,,7631,1.1707052181009203e-05,,,,
,,7632,0.0006621243664994836,,,,
,,7633,4.203382104606135e-06,,,,
,,7634,1.986807319553918e-06,,,,
,,7635,2.140072865586262e-06,,,,
,,7636,2.5603837912058225e-06,,,,
,,7637,1.220474359797663e-06,,,,
,,7638,2.3686161512159742e-06,,,,
,,7639,2.2597787392442115e-06,,,,
,,7640,2.2286842522589723e-06,,,,
,,7641,2.2252229427977e-06,,,,
,,7642,1.9130188775307033e-06,,,,
,,7643,1.9073369230682147e-06,,,,
,,7644,1.2829159459215589e-06,,,,
,,7645,2.7469777705846354e-06,,,,
,,7646,2.1198356989771128e-06,,,,
,,7647,3.223786052330979e-06,,,,
,,7648,1.912521156555158e-06,,,,
,,7649,0.4300326704978943,,,,
,,7650,2.166486183341476e-06,,,,
,,7651,2.9915693176008062e-06,,,,
,,7652,1.850572630246461e-06,,,,
,,7653,1.6575702375121182e-06,,,,
,,7654,2.0317290818638867e-06,,,,
,,7655,2.6070340481965104e-06,,,,
,,7656,4.172240096522728e-06,,,,
,,7657,1.163464730780106e-05,,,,
,,7658,1.4831691260042135e-05,,,,
,,7659,0.0007089620921760798,,,,
,,7660,0.0005593363312073052,,,,
,,7661,3.241317472202354e-06,,,,
,,7662,3.4229788070661016e-06,,,,
,,7663,2.0265442799427547e-06,,,,
,,7664,2.2990172965364764e-06,,,,
,,7665,2.705506858546869e-06,,,,
,,7666,2.114656581397867e-06,,,,
,,7667,2.0317306734796148e-06,,,,
,,7668,7.895850103523117e-06,,,,
,,7669,1.685954430286074e-06,,,,
,,7670,1.948802946571959e-06,,,,
,,7671,2.016181042563403e-06,,,,
,,7672,3.192702934029512e-06,,,,
,,7673,3.1823324206925463e-06,,,,
,,7674,3.6954540973965777e-06,,,,
,,7675,2.752159844021662e-06,,,,
,,7676,3.343505568409455e-06,,,,
,,7677,2.41255156652187e-06,,,,
,,7678,2.6169054763158783e-06,,,,
,,7679,2.244225242975517e-06,,,,
,,7680,6.556299013027456e-06,,,,
,,7681,1.948801354956231e-06,,,,
,,7682,4.2344568100816105e-06,,,,
,,7683,3.389656740182545e-06,,,,
,,7684,7.361142343143001e-05,,,,
,,7685,3.38447807735065e-06,,,,
,,7686,0.0007620144169777632,,,,
,,7687,2.6396089651825605e-06,,,,
,,7688,2.8817337351938477e-06,,,,
,,7689,1.8710554741119267e-06,,,,
,,7690,1.623507614567643e-06,,,,
,,7691,1.5082470099514467e-06,,,,
,,7692,2.0680092802649597e-06,,,,
,,7693,2.140076276191394e-06,,,,
,,7694,1.9357182736712275e-06,,,,
,,7695,1.6533737152713002e-06,,,,
,,7696,1.3683097677130718e-06,,,,
,,7697,1.2283703654247802e-06,,,,
,,7698,2.3271529698831728e-06,,,,
,,7699,2.3219756712933304e-06,,,,
,,7700,4.575258117256453e-06,,,,
,,7701,4.870382781518856e-06,,,,
,,7702,4.478730716073187e-06,,,,
,,7703,2.719084250202286e-06,,,,
,,7704,1.8555102769823861e-06,,,,
,,7705,1.7311172086920124e-06,,,,
,,7706,8.718820026842877e-06,,,,
,,7707,2.3634372610104037e-06,,,,
,,7708,0.004414980299770832,,,,
,,7709,4.540223017102107e-06,,,,
,,7710,2.3876133127487265e-05,,,,
,,7711,0.0011729468824341893,,,,
,,7712,0.002164482371881604,,,,
,,7713,3.4229710763611365e-06,,,,
,,7714,3.2497096071892884e-06,,,,
,,7715,2.8454426228563534e-06,,,,
,,7716,2.2195474684849614e-06,,,,
,,7717,2.117367785103852e-06,,,,
,,7718,2.9745167466899147e-06,,,,
,,7719,2.361457745791995e-06,,,,
,,7720,1.953986156877363e-06,,,,
,,7721,1.2542852800834225e-06,,,,
,,7722,1.7725808447721647e-06,,,,
,,7723,1.9643539417302236e-06,,,,
,,7724,2.2856920622871257e-06,,,,
,,7725,2.719088797675795e-06,,,,
,,7726,6.193055469339015e-06,,,,
,,7727,2.281986326124752e-06,,,,
,,7728,6.1053406170685776e-06,,,,
,,7729,3.3378178159182426e-06,,,,
,,7730,2.5137371721939417e-06,,,,
,,7731,3.1512454370385967e-06,,,,
,,7732,4.177390565018868e-06,,,,
,,7733,7.4303720793977845e-06,,,,
,,7734,3.275632934673922e-06,,,,
,,7735,7.078542694216594e-06,,,,
,,7736,0.0047900062054395676,,,,
,,7737,3.700634351844201e-06,,,,
,,7738,0.0006814582739025354,,,,
,,7739,6.955364369787276e-06,,,,
,,7740,3.644341859398992e-06,,,,
,,7741,1.544978113088291e-05,,,,
,,7742,1.827860842240625e-06,,,,
,,7743,1.5099742540769512e-06,,,,
,,7744,1.2801996263078763e-06,,,,
,,7745,2.2819851892563747e-06,,,,
,,7746,1.8503209275877452e-06,,,,
,,7747,1.7311181181867141e-06,,,,
,,7748,1.5963612440828001e-06,,,,
,,7749,3.5535097140382277e-06,,,,
,,7750,1.8606916682983865e-06,,,,
,,7751,2.191169187426567e-06,,,,
,,7752,1.7207527207574458e-06,,,,
,,7753,3.916830337402644e-06,,,,
,,7754,4.001215984317241e-06,,,,
,,7755,5.4782963161414955e-06,,,,
,,7756,6.405979092960479e-06,,,,
,,7757,6.312196546787163e-06,,,,
,,7758,3.7623038224410266e-05,,,,
,,7759,1.6340676666004583e-05,,,,
,,7760,4.643917691282695e-06,,,,
,,7761,1.425669870513957e-05,,,,
,,7762,4.634886863641441e-05,,,,
,,7763,3.7006361708336044e-06,,,,
,,7764,0.002030594041571021,,,,
,,7765,1.744163819239475e-05,,,,
,,7766,1.808858883123321e-06,,,,
,,7767,1.9981630430265795e-06,,,,
,,7768,1.643004566176387e-06,,,,
,,7769,1.793310616449162e-06,,,,
,,7770,9.95135678749648e-07,,,,
,,7771,2.5137392185570206e-06,,,,
,,7772,2.23386427933292e-06,,,,
,,7773,2.168452510886709e-06,,,,
,,7774,0.0022465200163424015,,,,
,,7775,1.2147960433139815e-06,,,,
,,7776,2.0265447346901055e-06,,,,
,,7777,2.1198386548348935e-06,,,,
,,7778,2.182029675168451e-06,,,,
,,7779,3.819790890702279e-06,,,,
,,7780,3.348190148244612e-06,,,,
,,7781,4.724712562165223e-05,,,,
,,7782,7.815659955667797e-06,,,,
,,7783,4.4049829739378765e-06,,,,
,,7784,2.0108909666305408e-05,,,,
,,7785,2.59666876445408e-06,,,,
,,7786,8.872799298842438e-06,,,,
,,7787,1.7536236555315554e-05,,,,
,,7788,0.0048096016980707645,,,,
,,7789,0.0032788733951747417,,,,
,,7790,1.0393439879408106e-05,,,,
,,7791,9.97318511508638e-06,,,,
,,7792,2.2390456706489203e-06,,,,
,,7793,2.1613032004097477e-06,,,,
,,7794,1.7414823787476053e-06,,,,
,,7795,1.7710997326503275e-06,,,,
,,7796,1.9125225207972107e-06,,,,
,,7797,8.820932634989731e-06,,,,
,,7798,8.213620276364964e-06,,,,
,,7799,1.9300434814795153e-06,,,,
,,7800,1.5186169548542239e-06,,,,
,,7801,2.7928811050514923e-06,,,,
,,7802,2.399715640422073e-06,,,,
,,7803,2.8536453100969084e-05,,,,
,,7804,3.848712822218658e-06,,,,
,,7805,5.704879640688887e-06,,,,
,,7806,6.681174454570282e-06,,,,
,,7807,1.9433480701991357e-05,,,,
,,7808,3.2393543278885772e-06,,,,
,,7809,6.9449279180844314e-06,,,,
,,7810,1.4608807759941556e-05,,,,
,,7811,2.851970202755183e-05,,,,
,,7812,3.5227163607487455e-05,,,,
,,7813,0.0010329426731914282,,,,
,,7814,0.002061803825199604,,,,
,,7815,0.00222837645560503,,,,
,,7816,1.6824380509206094e-05,,,,
,,7817,4.927233931084629e-06,,,,
,,7818,2.876543476304505e-06,,,,
,,7819,4.135985363973305e-06,,,,
,,7820,3.24132315654424e-06,,,,
,,7821,3.104596316916286e-06,,,,
,,7822,4.26309679824044e-06,,,,
,,7823,4.768272447108757e-06,,,,
,,7824,3.0994158350949874e-06,,,,
,,7825,3.628068952821195e-06,,,,
,,7826,3.539948920661118e-06,,,,
,,7827,3.876833034155425e-06,,,,
,,7828,4.478066784940893e-06,,,,
,,7829,1.187470115837641e-05,,,,
,,7830,4.518549303611508e-06,,,,
,,7831,4.4210646592546254e-06,,,,
,,7832,8.194679685402662e-05,,,,
,,7833,3.539968474797206e-06,,,,
,,7834,3.768005853999057e-06,,,,
,,7835,3.6280675885791425e-06,,,,
,,7836,5.421301011665491e-06,,,,
,,7837,0.032414644956588745,,,,
,,7838,6.178194598760456e-05,,,,
,,7839,0.00018008229380939156,,,,
,,7840,0.029217416420578957,,,,
,,7841,0.003848670981824398,,,,
,,7842,1.9494824300636537e-05,,,,
,,7843,6.414322797354544e-06,,,,
,,7844,6.499242772406433e-06,,,,
,,7845,1.833540636653197e-06,,,,
,,7846,0.04703424498438835,,,,
,,7847,1.839220431065769e-06,,,,
,,7848,2.0378988665470388e-06,,,,
,,7849,3.320775476822746e-06,,,,
,,7850,1.409774654348439e-06,,,,
,,7851,2.607016995170852e-06,,,,
,,7852,1.871059453151247e-06,,,,
,,7853,9.161504749499727e-06,,,,
,,7854,9.785550355445594e-05,,,,
,,7855,9.343058081867639e-06,,,,
,,7856,8.713045644981321e-06,,,,
,,7857,2.627768935781205e-06,,,,
,,7858,1.5154690117924474e-05,,,,
,,7859,1.6779869838501327e-05,,,,
,,7860,5.8825207815971226e-06,,,,
,,7861,3.2808054584165802e-06,,,,
,,7862,0.00018415677186567336,,,,
,,7863,0.00014701961481478065,,,,
,,7864,0.0002461492258589715,,,,
,,7865,0.000271280063316226,,,,
,,7866,0.039325498044490814,,,,
,,7867,2.1114470655447803e-05,,,,
,,7868,3.767954694922082e-05,,,,
,,7869,8.565581993025262e-06,,,,
,,7870,5.125867119204486e-06,,,,
,,7871,2.2536064534506295e-06,,,,
,,7872,6.7264577410242055e-06,,,,
,,7873,1.8710585436565452e-06,,,,
,,7874,2.9631714824063238e-06,,,,
,,7875,2.803971256071236e-06,,,,
,,7876,3.830207333521685e-06,,,,
,,7877,2.2286833427642705e-06,,,,
,,7878,3.122122052445775e-06,,,,
,,7879,3.598944431359996e-06,,,,
,,7880,3.3792982776503777e-06,,,,
,,7881,4.198198894300731e-06,,,,
,,7882,4.160930075158831e-06,,,,
,,7883,4.446969342097873e-06,,,,
,,7884,2.5401008315384388e-05,,,,
,,7885,4.637725851353025e-06,,,,
,,7886,7.66877201385796e-06,,,,
,,7887,6.737614603480324e-05,,,,
,,7888,7.539684884250164e-05,,,,
,,7889,2.6826184694073163e-05,,,,
,,7890,0.0004924159147776663,,,,
,,7891,0.0014712346019223332,,,,
,,7892,0.010041039437055588,,,,
,,7893,6.095129265304422e-06,,,,
,,7894,1.9291896023787558e-05,,,,
,,7895,4.177450136921834e-06,,,,
,,7896,2.270637423862354e-06,,,,
,,7897,2.9905756946391193e-06,,,,
,,7898,3.5503251183399698e-06,,,,
,,7899,2.0576442238962045e-06,,,,
,,7900,5.561220859817695e-06,,,,
,,7901,4.688769877247978e-06,,,,
,,7902,2.368623199799913e-06,,,,
,,7903,1.04895198091981e-05,,,,
,,7904,2.4920195755839814e-06,,,,
,,7905,3.876835307892179e-06,,,,
,,7906,2.0991112705814885e-06,,,,
,,7907,1.0043791917269118e-05,,,,
,,7908,7.634153917024378e-06,,,,
,,7909,1.9747199075936805e-06,,,,
,,7910,4.461743174033472e-06,,,,
,,7911,0.0001828496460802853,,,,
,,7912,3.865702183247777e-06,,,,
,,7913,9.846923603618052e-06,,,,
,,7914,8.934886864153668e-06,,,,
,,7915,3.151290729874745e-05,,,,
,,7916,0.0025327082257717848,,,,
,,7917,0.006054189056158066,,,,
,,7918,0.002860254142433405,,,,
,,7919,0.0024640571791678667,,,,
,,7920,3.667063310786034e-06,,,,
,,7921,2.778060661512427e-06,,,,
,,7922,1.8088593378706719e-06,,,,
,,7923,2.1741257114626933e-06,,,,
,,7924,1.5082454183357186e-06,,,,
,,7925,1.865874196482764e-06,,,,
,,7926,1.8675987121241633e-06,,,,
,,7927,9.24091727938503e-06,,,,
,,7928,1.1353238278388744e-06,,,,
,,7929,2.4409334855590714e-06,,,,
,,7930,1.1869055924762506e-06,,,,
,,7931,1.2884895113529637e-05,,,,
,,7932,1.99026317204698e-06,,,,
,,7933,2.2701458419760456e-06,,,,
,,7934,1.7259352489418234e-06,,,,
,,7935,2.293345914949896e-06,,,,
,,7936,5.7161282711604144e-06,,,,
,,7937,1.689654823167075e-06,,,,
,,7938,1.2646506775126909e-06,,,,
,,7939,1.8866008986151428e-06,,,,
,,7940,3.866101542371325e-05,,,,
,,7941,4.628321221389342e-06,,,,
,,7942,0.00019783322932198644,,,,
,,7943,0.0001818377641029656,,,,
,,7944,3.4362999485892942e-06,,,,
,,7945,0.009752972982823849,,,,
,,7946,2.7469752694742056e-06,,,,
,,7947,2.1457410639413865e-06,,,,
,,7948,2.0524532828858355e-06,,,,
,,7949,6.1778132476320025e-06,,,,
,,7950,1.8221878690383164e-06,,,,
,,7951,1.902156100186403e-06,,,,
,,7952,2.151427224816871e-06,,,,
,,7953,0.08866999298334122,,,,
,,7954,1.0262330079058302e-06,,,,
,,7955,1.8789544355968246e-06,,,,
,,7956,8.189143159142986e-07,,,,
,,7957,1.912521156555158e-06,,,,
,,7958,2.0435718397493474e-06,,,,
,,7959,2.3160462205851218e-06,,,,
,,7960,1.3734935464526643e-06,,,,
,,7961,0.003160385414958,,,,
,,7962,1.2375008964227163e-06,,,,
,,7963,1.010684741231671e-06,,,,
,,7964,8.500123271915072e-07,,,,
,,7965,1.611911216059525e-06,,,,
,,7966,0.000344972824677825,,,,
,,7967,5.511855761142215e-06,,,,
,,7968,0.001269653206691146,,,,
,,7969,5.636638888972811e-06,,,,
,,7970,2.472280129950377e-06,,,,
,,7971,3.0734986466995906e-06,,,,
,,7972,1.5042993481984013e-06,,,,
,,7973,1.700016696304374e-06,,,,
,,7974,0.00010747546184575185,,,,
,,7975,1.7710976862872485e-06,,,,
,,7976,1.8789561408993904e-06,,,,
,,7977,2.182038542741793e-06,,,,
,,7978,1.6575663721596356e-06,,,,
,,7979,1.378675619889691e-06,,,,
,,7980,1.1609914736254723e-06,,,,
,,7981,1.0832475254574092e-06,,,,
,,7982,2.5374381493747933e-06,,,,
,,7983,2.571498498582514e-06,,,,
15,,7983,,0.0030461903661489487,,,
15,,7983,,,0.9859719276428223,0.9879759550094604,0.008169514127075672
16,0.001785694039426744,7984,,,,,
16,0.10453564673662186,7985,,,,,
16,0.002439378295093775,7986,,,,,
16,0.000272311270236969,7987,,,,,
16,0.00030725434771738946,7988,,,,,
16,0.06944834440946579,7989,,,,,
16,0.0005635032430291176,7990,,,,,
16,0.00014085357543081045,7991,,,,,
16,1.7908725567394868e-05,7992,,,,,
16,0.00016881445480976254,7993,,,,,
16,0.0003198247868567705,7994,,,,,
16,7.715883839409798e-05,7995,,,,,
16,7.03066834830679e-05,7996,,,,,
16,0.0019203562987968326,7997,,,,,
16,0.0001404025824740529,7998,,,,,
16,0.00011933820496778935,7999,,,,,
16,6.72826063237153e-05,8000,,,,,
16,0.0034812611993402243,8001,,,,,
16,0.01099403202533722,8002,,,,,
16,0.0008318001637235284,8003,,,,,
16,0.00013453663268592209,8004,,,,,
16,0.004923352040350437,8005,,,,,
16,0.0001295038528041914,8006,,,,,
16,0.1158360093832016,8007,,,,,
16,4.463658478925936e-05,8008,,,,,
16,0.030081037431955338,8009,,,,,
16,5.2109571697656065e-05,8010,,,,,
16,0.00013683860015589744,8011,,,,,
16,3.041208765353076e-05,8012,,,,,
16,3.4571254218462855e-05,8013,,,,,
16,0.03669397905468941,8014,,,,,
16,0.17040495574474335,8015,,,,,
16,0.0017503570998087525,8016,,,,,
16,0.0005325835081748664,8017,,,,,
16,0.004448491148650646,8018,,,,,
16,0.025424513965845108,8019,,,,,
16,0.0011621398152783513,8020,,,,,
16,0.0003106913936790079,8021,,,,,
16,0.0074724783189594746,8022,,,,,
16,0.03176097199320793,8023,,,,,
16,0.021461401134729385,8024,,,,,
16,0.005208407994359732,8025,,,,,
16,0.00015343487029895186,8026,,,,,
16,0.000283574394416064,8027,,,,,
16,8.119949052343145e-05,8028,,,,,
16,0.00020474572374951094,8029,,,,,
16,0.00013515044702216983,8030,,,,,
16,4.451786298886873e-05,8031,,,,,
16,0.001372058060951531,8032,,,,,
16,4.3456613639136776e-05,8033,,,,,
16,0.0038111493922770023,8034,,,,,
16,0.00017551386554259807,8035,,,,,
16,0.05522710457444191,8036,,,,,
16,0.0003916758578270674,8037,,,,,
16,0.00034826999763026834,8038,,,,,
16,0.16872496902942657,8039,,,,,
16,0.013440873473882675,8040,,,,,
16,0.00023805325326975435,8041,,,,,
16,0.0007802022737450898,8042,,,,,
16,7.837443990865722e-05,8043,,,,,
16,0.00023467838764190674,8044,,,,,
16,0.0031014960259199142,8045,,,,,
16,1.942904964380432e-05,8046,,,,,
16,0.0002536328393034637,8047,,,,,
16,3.0975937988841906e-05,8048,,,,,
16,0.002200821414589882,8049,,,,,
16,0.008108618669211864,8050,,,,,
16,0.023220639675855637,8051,,,,,
16,0.0001879598421510309,8052,,,,,
16,0.0002111154026351869,8053,,,,,
16,0.03232840821146965,8054,,,,,
16,0.0008301754714921117,8055,,,,,
16,0.002602405846118927,8056,,,,,
16,0.008074134588241577,8057,,,,,
16,0.0002588414354249835,8058,,,,,
16,8.632894605398178e-05,8059,,,,,
16,3.253007889725268e-05,8060,,,,,
16,0.0009673333261162043,8061,,,,,
16,0.000835335929878056,8062,,,,,
16,0.0006803178112022579,8063,,,,,
16,1.64190696523292e-05,8064,,,,,
16,0.001629805308766663,8065,,,,,
16,0.00038332835538312793,8066,,,,,
16,9.476128616370261e-05,8067,,,,,
16,0.00015755677304696292,8068,,,,,
16,0.017419161275029182,8069,,,,,
16,0.00021809525787830353,8070,,,,,
16,0.005901620723307133,8071,,,,,
16,0.0015381054254248738,8072,,,,,
16,0.0009018582641147077,8073,,,,,
16,0.001303458004258573,8074,,,,,
16,0.1275506317615509,8075,,,,,
16,0.00016934039012994617,8076,,,,,
16,0.00017508074233774096,8077,,,,,
16,0.0001406697410857305,8078,,,,,
16,0.00022076349705457687,8079,,,,,
16,0.00015879834245424718,8080,,,,,
16,2.0094415958737954e-05,8081,,,,,
16,0.006442950572818518,8082,,,,,
16,6.652750016655773e-05,8083,,,,,
16,0.1493135243654251,8084,,,,,
16,0.08523339033126831,8085,,,,,
16,0.009738694876432419,8086,,,,,
16,5.129016062710434e-05,8087,,,,,
16,0.0024375147186219692,8088,,,,,
16,0.00023267522919923067,8089,,,,,
16,0.0006705817067995667,8090,,,,,
16,4.809852543985471e-05,8091,,,,,
16,0.00011124023876618594,8092,,,,,
16,0.005416231229901314,8093,,,,,
16,0.003114860039204359,8094,,,,,
16,0.009832355193793774,8095,,,,,
16,0.00030794995836913586,8096,,,,,
16,5.2948336815461516e-05,8097,,,,,
16,0.056875649839639664,8098,,,,,
16,0.0028232757467776537,8099,,,,,
16,0.0006960529135540128,8100,,,,,
16,0.03121267259120941,8101,,,,,
16,0.21035155653953552,8102,,,,,
16,0.15881159901618958,8103,,,,,
16,0.000181100913323462,8104,,,,,
16,0.008349106647074223,8105,,,,,
16,0.0009353462955914438,8106,,,,,
16,0.015463756397366524,8107,,,,,
16,0.0059392196126282215,8108,,,,,
16,0.006600205786526203,8109,,,,,
16,0.002046011621132493,8110,,,,,
16,0.0036680151242762804,8111,,,,,
16,0.046933241188526154,8112,,,,,
16,0.003566305385902524,8113,,,,,
16,0.010717540048062801,8114,,,,,
16,0.2064388543367386,8115,,,,,
16,0.006539573892951012,8116,,,,,
16,0.01849839650094509,8117,,,,,
16,0.00043350274791009724,8118,,,,,
16,0.0030800229869782925,8119,,,,,
16,0.0009494057740084827,8120,,,,,
16,0.0010267598554491997,8121,,,,,
16,0.015447761863470078,8122,,,,,
16,0.00040355746750719845,8123,,,,,
16,0.00024192365526687354,8124,,,,,
16,0.003177745034918189,8125,,,,,
16,0.006707720924168825,8126,,,,,
16,0.0002743739169090986,8127,,,,,
16,0.00038447952829301357,8128,,,,,
16,0.0005564247258007526,8129,,,,,
16,0.0014736726880073547,8130,,,,,
16,0.001143009401857853,8131,,,,,
16,0.01066876482218504,8132,,,,,
16,0.0004849358228966594,8133,,,,,
16,0.003383459523320198,8134,,,,,
16,0.00011247474321862683,8135,,,,,
16,0.03395172953605652,8136,,,,,
16,0.00045607981155626476,8137,,,,,
16,0.00011266668298048899,8138,,,,,
16,0.0036292211152613163,8139,,,,,
16,0.00022081268252804875,8140,,,,,
16,0.00014385832764673978,8141,,,,,
16,0.0009842902654781938,8142,,,,,
16,0.00618122098967433,8143,,,,,
16,0.0001632917410461232,8144,,,,,
16,0.02125583402812481,8145,,,,,
16,0.00019689225882757455,8146,,,,,
16,9.64873906923458e-05,8147,,,,,
16,8.22513029561378e-05,8148,,,,,
16,4.338299549999647e-05,8149,,,,,
16,0.0007031176355667412,8150,,,,,
16,0.0003311003092676401,8151,,,,,
16,0.0018266605911776423,8152,,,,,
16,0.00017860888328868896,8153,,,,,
16,0.002086739521473646,8154,,,,,
16,0.00037519459147006273,8155,,,,,
16,0.003034473629668355,8156,,,,,
16,0.003202431835234165,8157,,,,,
16,0.00012279058864805847,8158,,,,,
16,0.003949102945625782,8159,,,,,
16,0.0005421777605079114,8160,,,,,
16,0.004917400423437357,8161,,,,,
16,0.00016268360195681453,8162,,,,,
16,0.00011967781756538898,8163,,,,,
16,0.00011431386519689113,8164,,,,,
16,3.5979628592031077e-05,8165,,,,,
16,0.00010279020352754742,8166,,,,,
16,0.0004254606901668012,8167,,,,,
16,0.0007769084186293185,8168,,,,,
16,0.0011632792884483933,8169,,,,,
16,1.877707472885959e-05,8170,,,,,
16,0.00015934547991491854,8171,,,,,
16,7.553418981842697e-05,8172,,,,,
16,0.00012962518667336553,8173,,,,,
16,0.00015716711641289294,8174,,,,,
16,0.03754580765962601,8175,,,,,
16,0.00028385932091623545,8176,,,,,
16,0.00023104991123545915,8177,,,,,
16,0.00012617283209692687,8178,,,,,
16,0.0001936061744345352,8179,,,,,
16,0.0044716959819197655,8180,,,,,
16,1.8209086192655377e-05,8181,,,,,
16,0.0002422445686534047,8182,,,,,
16,0.0004827057709917426,8183,,,,,
16,6.476097041741014e-05,8184,,,,,
16,6.031087104929611e-05,8185,,,,,
16,0.0004932829760946333,8186,,,,,
16,0.0004218983231112361,8187,,,,,
16,0.035011086612939835,8188,,,,,
16,4.73765358037781e-05,8189,,,,,
16,0.009296723641455173,8190,,,,,
16,0.0019390545785427094,8191,,,,,
16,0.0003436150145716965,8192,,,,,
16,3.754490171559155e-05,8193,,,,,
16,3.20284889312461e-05,8194,,,,,
16,0.00026484960108064115,8195,,,,,
16,0.006108786445111036,8196,,,,,
16,0.00015658923075534403,8197,,,,,
16,0.003650969360023737,8198,,,,,
16,0.0016027726233005524,8199,,,,,
16,0.01065118983387947,8200,,,,,
16,4.496875044424087e-05,8201,,,,,
16,4.010405609733425e-05,8202,,,,,
16,0.0012824911391362548,8203,,,,,
16,7.80568880145438e-05,8204,,,,,
16,9.407621109858155e-05,8205,,,,,
16,2.1462377844727598e-05,8206,,,,,
16,0.000524414936080575,8207,,,,,
16,0.05274958163499832,8208,,,,,
16,1.2532322216429748e-05,8209,,,,,
16,0.00025107720284722745,8210,,,,,
16,1.6641331967548467e-05,8211,,,,,
16,0.0008415026240982115,8212,,,,,
16,6.689721340080723e-05,8213,,,,,
16,4.9642945668892935e-05,8214,,,,,
16,2.749603481788654e-05,8215,,,,,
16,0.0003407265176065266,8216,,,,,
16,0.00029623135924339294,8217,,,,,
16,0.00018675070896279067,8218,,,,,
16,0.00027702070656232536,8219,,,,,
16,6.881780427647755e-05,8220,,,,,
16,3.4480101021472365e-05,8221,,,,,
16,0.0001337584399152547,8222,,,,,
16,0.0035282515455037355,8223,,,,,
16,0.022018929943442345,8224,,,,,
16,0.007328808307647705,8225,,,,,
16,0.000362749386113137,8226,,,,,
16,0.00012929522199556231,8227,,,,,
16,0.00015598903701175004,8228,,,,,
16,0.005075318738818169,8229,,,,,
16,3.581931741791777e-05,8230,,,,,
16,0.00020490030874498188,8231,,,,,
16,5.794660683022812e-05,8232,,,,,
16,3.61574930138886e-05,8233,,,,,
16,0.0008839507354423404,8234,,,,,
16,0.0016982811503112316,8235,,,,,
16,6.683253741357476e-05,8236,,,,,
16,0.00011807126429630443,8237,,,,,
16,0.00021675004973076284,8238,,,,,
16,6.763680721633136e-05,8239,,,,,
16,3.6435332731343806e-05,8240,,,,,
16,0.00017668932559899986,8241,,,,,
16,0.1439892053604126,8242,,,,,
16,0.00019012931443285197,8243,,,,,
16,4.211837222101167e-05,8244,,,,,
16,6.99350221111672e-06,8245,,,,,
16,5.640844028675929e-05,8246,,,,,
16,0.001575942151248455,8247,,,,,
16,0.00020919684902764857,8248,,,,,
16,3.644228127086535e-05,8249,,,,,
16,7.823579653631896e-05,8250,,,,,
16,3.8636695535387844e-05,8251,,,,,
16,0.00014322897186502814,8252,,,,,
16,0.00014985178131610155,8253,,,,,
16,0.0014389930292963982,8254,,,,,
16,0.004477237816900015,8255,,,,,
16,0.01019673515111208,8256,,,,,
16,8.943201828515157e-05,8257,,,,,
16,0.0015562667977064848,8258,,,,,
16,0.003853109199553728,8259,,,,,
16,0.05510876700282097,8260,,,,,
16,0.010044358670711517,8261,,,,,
16,0.03916009142994881,8262,,,,,
16,0.0004424306098371744,8263,,,,,
16,0.001517918542958796,8264,,,,,
16,3.98406082240399e-05,8265,,,,,
16,0.00012592764687724411,8266,,,,,
16,0.0005077775567770004,8267,,,,,
16,8.804263779893517e-05,8268,,,,,
16,1.5148099919315428e-05,8269,,,,,
16,0.00012367169256322086,8270,,,,,
16,8.08998302090913e-05,8271,,,,,
16,4.336504207458347e-05,8272,,,,,
16,0.0002799562644213438,8273,,,,,
16,0.0007373585249297321,8274,,,,,
16,7.925975660327822e-05,8275,,,,,
16,1.2998932106711436e-05,8276,,,,,
16,0.00017340063641313463,8277,,,,,
16,0.0007850593538023531,8278,,,,,
16,1.1143216397613287e-05,8279,,,,,
16,0.16547569632530212,8280,,,,,
16,0.0001145033456850797,8281,,,,,
16,0.0007715274696238339,8282,,,,,
16,0.00029156572418287396,8283,,,,,
16,0.0001299411669606343,8284,,,,,
16,0.0003448107745498419,8285,,,,,
16,0.00014778347394894809,8286,,,,,
16,0.0005454117199406028,8287,,,,,
16,0.006633059587329626,8288,,,,,
16,0.0009703527903184295,8289,,,,,
16,0.005123964510858059,8290,,,,,
16,0.2538210451602936,8291,,,,,
16,0.0004203042481094599,8292,,,,,
16,0.0008003839175216854,8293,,,,,
16,9.414246596861631e-05,8294,,,,,
16,0.0013439669273793697,8295,,,,,
16,0.0001396750594722107,8296,,,,,
16,0.05430956557393074,8297,,,,,
16,8.429001172771677e-05,8298,,,,,
16,0.0002092592912958935,8299,,,,,
16,0.007591232657432556,8300,,,,,
16,0.021096492186188698,8301,,,,,
16,0.00038320457679219544,8302,,,,,
16,0.0032166310120373964,8303,,,,,
16,0.00015840433479752392,8304,,,,,
16,0.00016239720571320504,8305,,,,,
16,0.00033392925979569554,8306,,,,,
16,0.00019757232803385705,8307,,,,,
16,0.023697927594184875,8308,,,,,
16,3.017801464011427e-05,8309,,,,,
16,0.00023219958529807627,8310,,,,,
16,0.004135745111852884,8311,,,,,
16,0.0002677846059668809,8312,,,,,
16,6.128557288320735e-05,8313,,,,,
16,6.232559826457873e-05,8314,,,,,
16,2.3239201254909858e-05,8315,,,,,
16,0.00015355875075329095,8316,,,,,
16,0.00762295164167881,8317,,,,,
16,0.0027601965703070164,8318,,,,,
16,9.191552817355841e-05,8319,,,,,
16,0.0001383596536470577,8320,,,,,
16,6.355062214424834e-05,8321,,,,,
16,0.0005024192505516112,8322,,,,,
16,0.00036052498035132885,8323,,,,,
16,0.00014078555977903306,8324,,,,,
16,0.007134841755032539,8325,,,,,
16,0.00010937084152828902,8326,,,,,
16,0.00018045847536996007,8327,,,,,
16,0.0001279704738408327,8328,,,,,
16,0.00039382753311656415,8329,,,,,
16,0.00046038234722800553,8330,,,,,
16,0.0015265817055478692,8331,,,,,
16,0.000366380118066445,8332,,,,,
16,3.4198546927655116e-05,8333,,,,,
16,0.0015561095206066966,8334,,,,,
16,7.089815335348248e-05,8335,,,,,
16,0.0004473585868254304,8336,,,,,
16,0.004521319642663002,8337,,,,,
16,0.0003270352608524263,8338,,,,,
16,0.0001792370167095214,8339,,,,,
16,0.00011881637328770012,8340,,,,,
16,0.0010099277133122087,8341,,,,,
16,0.00028402425232343376,8342,,,,,
16,0.000632714363746345,8343,,,,,
16,5.7405210100114346e-05,8344,,,,,
16,0.0005784427048638463,8345,,,,,
16,0.007856004871428013,8346,,,,,
16,0.0003681996022351086,8347,,,,,
16,1.6719126506359316e-05,8348,,,,,
16,5.404122202889994e-05,8349,,,,,
16,5.898305244045332e-05,8350,,,,,
16,0.07912047952413559,8351,,,,,
16,8.690493268659338e-05,8352,,,,,
16,0.0013242525747045875,8353,,,,,
16,0.0001540164084872231,8354,,,,,
16,0.00033590421662665904,8355,,,,,
16,0.0001458884944440797,8356,,,,,
16,0.001456154976040125,8357,,,,,
16,0.17458541691303253,8358,,,,,
16,0.0001662692811805755,8359,,,,,
16,0.00023488665465265512,8360,,,,,
16,0.000248241558438167,8361,,,,,
16,9.150671394309029e-05,8362,,,,,
16,9.72061388893053e-05,8363,,,,,
16,0.02118023857474327,8364,,,,,
16,1.7960028344532475e-05,8365,,,,,
16,6.928361835889518e-05,8366,,,,,
16,5.446855357149616e-05,8367,,,,,
16,3.66734093404375e-05,8368,,,,,
16,0.0019620105158537626,8369,,,,,
16,2.7869647965417244e-05,8370,,,,,
16,5.34201244590804e-05,8371,,,,,
16,3.601851858547889e-05,8372,,,,,
16,3.188790651620366e-05,8373,,,,,
16,0.00013016823504585773,8374,,,,,
16,4.8108238843269646e-05,8375,,,,,
16,0.0117518724873662,8376,,,,,
16,3.5777971788775176e-05,8377,,,,,
16,5.3959203796694055e-05,8378,,,,,
16,0.00016598854563198984,8379,,,,,
16,0.0001785539061529562,8380,,,,,
16,0.00045065436279401183,8381,,,,,
16,6.444986502174288e-05,8382,,,,,
16,0.004588306415826082,8383,,,,,
16,0.0014427100541070104,8384,,,,,
16,0.0008284659124910831,8385,,,,,
16,6.688346184091642e-05,8386,,,,,
16,0.00010653185745468363,8387,,,,,
16,4.7222289140336215e-05,8388,,,,,
16,0.0001663802395341918,8389,,,,,
16,3.301697506685741e-05,8390,,,,,
16,9.02707179193385e-05,8391,,,,,
16,0.0005734938895329833,8392,,,,,
16,0.00027379553648643196,8393,,,,,
16,0.001524432678706944,8394,,,,,
16,0.00019297648395877331,8395,,,,,
16,8.690499817021191e-05,8396,,,,,
16,0.0014809455024078488,8397,,,,,
16,0.00022419907327275723,8398,,,,,
16,0.0002580211730673909,8399,,,,,
16,0.0007727242191322148,8400,,,,,
16,0.000135806854814291,8401,,,,,
16,0.018878715112805367,8402,,,,,
16,0.002088540466502309,8403,,,,,
16,4.1986932046711445e-05,8404,,,,,
16,0.00043253879994153976,8405,,,,,
16,0.00021295079204719514,8406,,,,,
16,0.0012337889056652784,8407,,,,,
16,0.00027522924938239157,8408,,,,,
16,0.00016363979375455528,8409,,,,,
16,4.50848056061659e-05,8410,,,,,
16,0.001626957906410098,8411,,,,,
16,0.020018158480525017,8412,,,,,
16,4.144069316680543e-05,8413,,,,,
16,0.00019260591943748295,8414,,,,,
16,0.00011960696429014206,8415,,,,,
16,0.0006862373556941748,8416,,,,,
16,0.0011499621905386448,8417,,,,,
16,0.0028198608197271824,8418,,,,,
16,0.00014043241390027106,8419,,,,,
16,0.00011860164522659034,8420,,,,,
16,0.0004690502828452736,8421,,,,,
16,6.0238915466470644e-05,8422,,,,,
16,0.00047171913320198655,8423,,,,,
16,3.709561860887334e-05,8424,,,,,
16,3.318142262287438e-05,8425,,,,,
16,0.0003335970686748624,8426,,,,,
16,0.0003187947440892458,8427,,,,,
16,0.0009448102209717035,8428,,,,,
16,6.287817086558789e-05,8429,,,,,
16,0.054927416145801544,8430,,,,,
16,0.0004006503149867058,8431,,,,,
16,0.0026909008156508207,8432,,,,,
16,5.8234320022165775e-05,8433,,,,,
16,0.00010342463792767376,8434,,,,,
16,0.00017529516480863094,8435,,,,,
16,0.05840381234884262,8436,,,,,
16,0.00029707871726714075,8437,,,,,
16,0.0002524052106309682,8438,,,,,
16,0.00044066470582038164,8439,,,,,
16,5.4124884627526626e-05,8440,,,,,
16,8.527193131158128e-05,8441,,,,,
16,0.011465008370578289,8442,,,,,
16,0.0006895909900777042,8443,,,,,
16,0.0002935116644948721,8444,,,,,
16,0.00025138483033515513,8445,,,,,
16,0.00016326950571965426,8446,,,,,
16,0.0023909632582217455,8447,,,,,
16,0.00015070597874000669,8448,,,,,
16,0.00018193520372733474,8449,,,,,
16,6.444429163821042e-05,8450,,,,,
16,7.073453889461234e-05,8451,,,,,
16,0.0029793449211865664,8452,,,,,
16,0.003958976361900568,8453,,,,,
16,0.0009159273467957973,8454,,,,,
16,0.029675984755158424,8455,,,,,
16,0.0003131269768346101,8456,,,,,
16,0.0002909549220930785,8457,,,,,
16,6.93375914124772e-05,8458,,,,,
16,6.584593211300671e-05,8459,,,,,
16,0.00032930317684076726,8460,,,,,
16,0.0014571642968803644,8461,,,,,
16,7.694878149777651e-05,8462,,,,,
16,5.560196586884558e-05,8463,,,,,
16,9.22557865123963e-06,8464,,,,,
16,2.6756502848002128e-05,8465,,,,,
16,0.0008550408529117703,8466,,,,,
16,4.070332215633243e-05,8467,,,,,
16,0.00018460938008502126,8468,,,,,
16,0.003301236080005765,8469,,,,,
16,3.157199898851104e-05,8470,,,,,
16,5.386609336710535e-05,8471,,,,,
16,0.00010906002717092633,8472,,,,,
16,6.817805115133524e-05,8473,,,,,
16,0.15942442417144775,8474,,,,,
16,8.595507824793458e-05,8475,,,,,
16,0.00013895011215936393,8476,,,,,
16,0.00011492609337437898,8477,,,,,
16,0.012629554606974125,8478,,,,,
16,0.027706172317266464,8479,,,,,
16,7.093542080838233e-05,8480,,,,,
16,0.00031385847250930965,8481,,,,,
16,0.0002983360318467021,8482,,,,,
,,7984,4.265566985850455e-06,,,,
,,7985,1.0790176929731388e-05,,,,
,,7986,9.053868780029006e-06,,,,
,,7987,3.2696916605345905e-06,,,,
,,7988,0.00025395260308869183,,,,
,,7989,4.927238933305489e-06,,,,
,,7990,6.6754892031895e-06,,,,
,,7991,1.3764572940999642e-05,,,,
,,7992,1.1816307960543782e-05,,,,
,,7993,1.1897659533133265e-05,,,,
,,7994,3.5819077766063856e-06,,,,
,,7995,3.6436210848478368e-06,,,,
,,7996,5.8071009334526025e-06,,,,
,,7997,3.7265531318553258e-06,,,,
,,7998,6.349039722408634e-06,,,,
,,7999,6.109030800871551e-05,,,,
,,8000,8.142345905071124e-06,,,,
,,8001,0.00015265378169715405,,,,
,,8002,1.2016725122521166e-05,,,,
,,8003,6.840204150648788e-06,,,,
,,8004,4.719814023701474e-05,,,,
,,8005,3.877084509440465e-06,,,,
,,8006,2.560389248174033e-06,,,,
,,8007,1.1184326467628125e-05,,,,
,,8008,1.0142428436665796e-05,,,,
,,8009,5.644155407935614e-06,,,,
,,8010,3.436295628489461e-06,,,,
,,8011,2.412541334706475e-06,,,,
,,8012,0.0004222144780214876,,,,
,,8013,3.2756393011368345e-06,,,,
,,8014,2.049710019491613e-05,,,,
,,8015,1.555739072500728e-05,,,,
,,8016,6.153343292680802e-06,,,,
,,8017,7.654984983673785e-06,,,,
,,8018,3.286000492153107e-06,,,,
,,8019,2.5771651053219102e-06,,,,
,,8020,4.61503350379644e-06,,,,
,,8021,1.553496258566156e-05,,,,
,,8022,2.710695753194159e-06,,,,
,,8023,5.1997221817146055e-06,,,,
,,8024,2.251682417409029e-05,,,,
,,8025,3.902769094565883e-06,,,,
,,8026,7.141894002415938e-06,,,,
,,8027,5.3760424634674564e-05,,,,
,,8028,1.3511104953067843e-05,,,,
,,8029,2.517732536944095e-05,,,,
,,8030,3.621646783358301e-06,,,,
,,8031,3.4466670513211284e-06,,,,
,,8032,1.3406983271124773e-05,,,,
,,8033,5.6424623835482635e-06,,,,
,,8034,7.504660061385948e-06,,,,
,,8035,5.9546168813540135e-06,,,,
,,8036,2.900723757193191e-06,,,,
,,8037,0.00042938959086313844,,,,
,,8038,2.4308174033649266e-06,,,,
,,8039,1.9384365259611513e-06,,,,
,,8040,9.904165381158236e-06,,,,
,,8041,3.5244149785285117e-06,,,,
,,8042,8.608485586591996e-06,,,,
,,8043,2.6396101020509377e-06,,,,
,,8044,2.643317202455364e-06,,,,
,,8045,0.00012798899842891842,,,,
,,8046,2.293339321113308e-06,,,,
,,8047,1.6637403632557834e-06,,,,
,,8048,9.753721315064467e-06,,,,
,,8049,4.416371211846126e-06,,,,
,,8050,1.2148002497269772e-05,,,,
,,8051,3.1149652386375237e-06,,,,
,,8052,2.5658123377070297e-06,,,,
,,8053,9.598877659300342e-05,,,,
,,8054,7.618860308866715e-06,,,,
,,8055,4.783865733770654e-06,,,,
,,8056,1.1386263395252172e-05,,,,
,,8057,3.3585604342079023e-06,,,,
,,8058,0.0007868916727602482,,,,
,,8059,4.711527708423091e-06,,,,
,,8060,3.598922830860829e-06,,,,
,,8061,5.858400254510343e-05,,,,
,,8062,2.878014811358298e-06,,,,
,,8063,1.8244121520183398e-06,,,,
,,8064,7.338785053434549e-06,,,,
,,8065,4.092801191291073e-06,,,,
,,8066,5.488678652909584e-06,,,,
,,8067,0.018239784985780716,,,,
,,8068,3.0653338853880996e-06,,,,
,,8069,1.3560069419327192e-05,,,,
,,8070,2.2960630303714424e-06,,,,
,,8071,2.715878054004861e-06,,,,
,,8072,2.239049536001403e-06,,,,
,,8073,4.918565537082031e-06,,,,
,,8074,4.954856649419526e-06,,,,
,,8075,5.519756996363867e-06,,,,
,,8076,4.1041598706215154e-06,,,,
,,8077,2.838472391886171e-05,,,,
,,8078,3.513641786412336e-05,,,,
,,8079,5.022274854127318e-05,,,,
,,8080,1.0158317309105769e-05,,,,
,,8081,1.3666542145074345e-05,,,,
,,8082,0.592614471912384,,,,
,,8083,6.86211524225655e-06,,,,
,,8084,4.14955138694495e-06,,,,
,,8085,4.053056727570947e-06,,,,
,,8086,0.0002396980853518471,,,,
,,8087,3.1719696380605455e-06,,,,
,,8088,3.3718706617946737e-06,,,,
,,8089,1.0344764632463921e-05,,,,
,,8090,3.539948465913767e-06,,,,
,,8091,4.001234174211277e-06,,,,
,,8092,2.4579576347605325e-06,,,,
,,8093,5.0123817345593125e-06,,,,
,,8094,0.0009350146283395588,,,,
,,8095,3.422969712119084e-06,,,,
,,8096,3.2652749268891057e-06,,,,
,,8097,8.748402251512744e-06,,,,
,,8098,3.2413299777545035e-06,,,,
,,8099,8.209631232602987e-06,,,,
,,8100,4.151548182562692e-06,,,,
,,8101,2.679341832845239e-06,,,,
,,8102,5.108908680995228e-06,,,,
,,8103,4.09972471970832e-06,,,,
,,8104,3.1357017178379465e-06,,,,
,,8105,0.00015310305752791464,,,,
,,8106,8.489606443617959e-06,,,,
,,8107,1.5444256860064343e-05,,,,
,,8108,4.961295871908078e-06,,,,
,,8109,3.6273104342399165e-06,,,,
,,8110,0.0010099085047841072,,,,
,,8111,3.24131269735517e-06,,,,
,,8112,5.234758646111004e-06,,,,
,,8113,1.998272091441322e-05,,,,
,,8114,4.353901658760151e-06,,,,
,,8115,1.3371089153224602e-05,,,,
,,8116,3.109770432274672e-06,,,,
,,8117,2.4636215130158234e-06,,,,
,,8118,0.0003787705209106207,,,,
,,8119,0.00038847903488203883,,,,
,,8120,4.7941880438884255e-06,,,,
,,8121,3.933847438020166e-06,,,,
,,8122,7.416548214678187e-06,,,,
,,8123,5.633773980662227e-06,,,,
,,8124,6.141654921520967e-06,,,,
,,8125,2.4806615783745656e-06,,,,
,,8126,2.2799762518843636e-05,,,,
,,8127,3.4456820685591083e-06,,,,
,,8128,0.0021357296500355005,,,,
,,8129,3.0735068321519066e-06,,,,
,,8130,7.639390787517186e-06,,,,
,,8131,7.836618169676512e-05,,,,
,,8132,1.2340247849351726e-05,,,,
,,8133,3.7294944377208594e-06,,,,
,,8134,6.765486614312977e-05,,,,
,,8135,2.995753675349988e-06,,,,
,,8136,1.940532456501387e-05,,,,
,,8137,2.8454453513404587e-06,,,,
,,8138,4.840874225919833e-06,,,,
,,8139,7.561819984402973e-06,,,,
,,8140,4.234701918903738e-06,,,,
,,8141,4.705825631390326e-06,,,,
,,8142,3.5088467029709136e-06,,,,
,,8143,0.0002515035157557577,,,,
,,8144,3.203077085345285e-06,,,,
,,8145,2.9905731935286894e-06,,,,
,,8146,3.32586387230549e-05,,,,
,,8147,8.634554433228914e-06,,,,
,,8148,0.4592564105987549,,,,
,,8149,2.964657824122696e-06,,,,
,,8150,0.00042996887350454926,,,,
,,8151,2.5317513063782826e-06,,,,
,,8152,2.937972021754831e-05,,,,
,,8153,2.6640489068086026e-06,,,,
,,8154,3.5140499221597565e-06,,,,
,,8155,1.2687050912063569e-05,,,,
,,8156,6.84653559801518e-06,,,,
,,8157,1.5111821994651109e-05,,,,
,,8158,5.816450357087888e-05,,,,
,,8159,3.184160959790461e-05,,,,
,,8160,9.0593030108721e-06,,,,
,,8161,9.218575542035978e-06,,,,
,,8162,3.192709073118749e-06,,,,
,,8163,7.555411684734281e-06,,,,
,,8164,1.0800808922795113e-05,,,,
,,8165,8.945464287535287e-06,,,,
,,8166,9.717806278786156e-06,,,,
,,8167,9.961902833310887e-06,,,,
,,8168,0.0007031201384961605,,,,
,,8169,2.850637883966556e-06,,,,
,,8170,4.638714926841203e-06,,,,
,,8171,8.613731552031823e-06,,,,
,,8172,3.332649612275418e-06,,,,
,,8173,1.0774826478154864e-05,,,,
,,8174,6.291967110882979e-06,,,,
,,8175,3.00289798360609e-06,,,,
,,8176,3.09940173792711e-06,,,,
,,8177,5.525430242414586e-05,,,,
,,8178,1.8347790273764986e-06,,,,
,,8179,4.251741302141454e-06,,,,
,,8180,7.0382316152972635e-06,,,,
,,8181,4.944512511428911e-06,,,,
,,8182,8.935086043493357e-06,,,,
,,8183,8.804186109045986e-06,,,,
,,8184,5.9292829064361285e-06,,,,
,,8185,0.00012207633699290454,,,,
,,8186,5.9432295529404655e-06,,,,
,,8187,5.576848252530908e-06,,,,
,,8188,1.2168589819339104e-05,,,,
,,8189,4.683147381001618e-06,,,,
,,8190,5.0584990276547614e-06,,,,
,,8191,2.7262433377472917e-06,,,,
,,8192,0.00038056980702094734,,,,
,,8193,2.5260728762077633e-06,,,,
,,8194,4.7889689085423015e-06,,,,
,,8195,1.741483742989658e-06,,,,
,,8196,5.877392595721176e-06,,,,
,,8197,3.2134382763615577e-06,,,,
,,8198,5.447210241982248e-06,,,,
,,8199,2.3557772692583967e-06,,,,
,,8200,0.00011563288717297837,,,,
,,8201,3.558654498192482e-05,,,,
,,8202,5.120148216519738e-06,,,,
,,8203,1.9643518953671446e-06,,,,
,,8204,5.794442131445976e-06,,,,
,,8205,3.701132072819746e-06,,,,
,,8206,5.23989683642867e-06,,,,
,,8207,0.005617517977952957,,,,
,,8208,3.5658820252137957e-06,,,,
,,8209,1.064858770405408e-05,,,,
,,8210,0.0011181824374943972,,,,
,,8211,0.0005945757147856057,,,,
,,8212,1.5427858670591377e-05,,,,
,,8213,1.2599031833815388e-05,,,,
,,8214,6.188357019709656e-06,,,,
,,8215,3.218603296772926e-06,,,,
,,8216,3.428628133406164e-06,,,,
,,8217,0.00014146947069093585,,,,
,,8218,5.839630830450915e-05,,,,
,,8219,2.2234989955904894e-06,,,,
,,8220,4.830445959669305e-06,,,,
,,8221,2.7210560347157298e-06,,,,
,,8222,3.4155743833252927e-06,,,,
,,8223,2.8765468869096367e-06,,,,
,,8224,2.429573669360252e-06,,,,
,,8225,6.30081694907858e-06,,,,
,,8226,0.0001391341065755114,,,,
,,8227,2.3167929157352773e-06,,,,
,,8228,4.064413133164635e-06,,,,
,,8229,6.608115654671565e-06,,,,
,,8230,5.789292117697187e-06,,,,
,,8231,4.332943717599846e-06,,,,
,,8232,2.9007285320403753e-06,,,,
,,8233,3.441489297983935e-06,,,,
,,8234,6.431508609239245e-06,,,,
,,8235,0.000398086296627298,,,,
,,8236,4.7890448513498995e-06,,,,
,,8237,0.00035566254518926144,,,,
,,8238,1.4340518646349665e-05,,,,
,,8239,4.387974968267372e-06,,,,
,,8240,4.138199983572122e-06,,,,
,,8241,3.0710132250533206e-06,,,,
,,8242,0.0003391684440430254,,,,
,,8243,2.047275984295993e-06,,,,
,,8244,2.929106585725094e-06,,,,
,,8245,5.447188868856756e-06,,,,
,,8246,5.6026533457043115e-06,,,,
,,8247,3.840551471512299e-06,,,,
,,8248,1.9300352960271994e-06,,,,
,,8249,2.6899620024778415e-06,,,,
,,8250,0.000303789071040228,,,,
,,8251,2.715878963499563e-06,,,,
,,8252,3.888443643518258e-06,,,,
,,8253,8.536077984899748e-06,,,,
,,8254,6.856912023067707e-06,,,,
,,8255,6.566646788996877e-06,,,,
,,8256,2.4409298475802643e-06,,,,
,,8257,4.773993623530259e-06,,,,
,,8258,7.430362529703416e-06,,,,
,,8259,4.4832627281721216e-06,,,,
,,8260,3.1253366614691913e-06,,,,
,,8261,9.220078936778009e-06,,,,
,,8262,7.002114671195159e-06,,,,
,,8263,0.0022210984025150537,,,,
,,8264,4.314183115639025e-06,,,,
,,8265,2.5189226562361e-06,,,,
,,8266,3.4865905035985634e-05,,,,
,,8267,2.3738000436424045e-06,,,,
,,8268,2.182032858399907e-06,,,,
,,8269,5.8462605920794886e-06,,,,
,,8270,4.592078312271042e-06,,,,
,,8271,4.343308773968602e-06,,,,
,,8272,2.435241640341701e-06,,,,
,,8273,0.022517064586281776,,,,
,,8274,9.219805360771716e-05,,,,
,,8275,2.617402969917748e-06,,,,
,,8276,2.1094760995765682e-06,,,,
,,8277,7.6239375630393624e-06,,,,
,,8278,4.877140327153029e-06,,,,
,,8279,2.995756631207769e-06,,,,
,,8280,2.293339775860659e-06,,,,
,,8281,8.841840099194087e-06,,,,
,,8282,7.37368418413098e-06,,,,
,,8283,5.983071787341032e-06,,,,
,,8284,2.7314295039104763e-06,,,,
,,8285,4.281122983229579e-06,,,,
,,8286,6.354236120387213e-06,,,,
,,8287,0.0018404159927740693,,,,
,,8288,0.002351210219785571,,,,
,,8289,0.0005600131116807461,,,,
,,8290,9.093640983337536e-06,,,,
,,8291,2.840266233761213e-06,,,,
,,8292,3.6384371924214065e-06,,,,
,,8293,8.46872353577055e-06,,,,
,,8294,3.26970416608674e-06,,,,
,,8295,4.566166808217531e-06,,,,
,,8296,3.6556978102453286e-06,,,,
,,8297,2.9858756533940323e-06,,,,
,,8298,0.00016759005666244775,,,,
,,8299,2.4981914066302124e-06,,,,
,,8300,3.2299703889293596e-06,,,,
,,8301,4.29148076364072e-06,,,,
,,8302,0.0009334800415672362,,,,
,,8303,4.098481440450996e-06,,,,
,,8304,3.757884087463026e-06,,,,
,,8305,3.3775611427699914e-06,,,,
,,8306,1.2918735592393205e-05,,,,
,,8307,3.4622214570845244e-06,,,,
,,8308,3.3481960599601734e-06,,,,
,,8309,9.847180081123952e-06,,,,
,,8310,4.1835759475361556e-05,,,,
,,8311,5.281432549963938e-06,,,,
,,8312,5.4892266234674025e-06,,,,
,,8313,6.613138793909457e-06,,,,
,,8314,0.0019319585990160704,,,,
,,8315,0.00010002037743106484,,,,
,,8316,4.058746526425239e-06,,,,
,,8317,2.3945387965795817e-06,,,,
,,8318,1.0463894795975648e-05,,,,
,,8319,2.991555447806604e-06,,,,
,,8320,2.8143549570813775e-06,,,,
,,8321,2.264953991470975e-06,,,,
,,8322,1.5041102415125351e-05,,,,
,,8323,2.415268909317092e-06,,,,
,,8324,4.389926289150026e-06,,,,
,,8325,5.727056759496918e-06,,,,
,,8326,5.131100806465838e-06,,,,
,,8327,6.711879905196838e-06,,,,
,,8328,3.292408564448124e-06,,,,
,,8329,3.0426474495470757e-06,,,,
,,8330,2.6951513518724823e-06,,,,
,,8331,0.015352238900959492,,,,
,,8332,2.3478930870624026e-06,,,,
,,8333,6.9554535002680495e-06,,,,
,,8334,6.307564490271034e-06,,,,
,,8335,5.499062353919726e-06,,,,
,,8336,0.00023989308101590723,,,,
,,8337,5.114569830766413e-06,,,,
,,8338,7.084306162141729e-06,,,,
,,8339,0.0027197841554880142,,,,
,,8340,0.0004921373329125345,,,,
,,8341,2.607013811939396e-05,,,,
,,8342,5.642455562338e-06,,,,
,,8343,1.0940594620478805e-05,,,,
,,8344,5.171310476725921e-06,,,,
,,8345,0.0003259582445025444,,,,
,,8346,0.00035478422068990767,,,,
,,8347,0.00010744704923126847,,,,
,,8348,3.156169668727671e-06,,,,
,,8349,2.3012407837086357e-06,,,,
,,8350,6.8827530412818305e-06,,,,
,,8351,4.09970425607753e-06,,,,
,,8352,2.4466057766403537e-06,,,,
,,8353,7.839264981157612e-06,,,,
,,8354,5.2587140089599416e-05,,,,
,,8355,5.898615199839696e-05,,,,
,,8356,3.1667959774495102e-06,,,,
,,8357,0.009808430448174477,,,,
,,8358,1.1521049600560218e-05,,,,
,,8359,3.7524621347984066e-06,,,,
,,8360,5.524969310499728e-06,,,,
,,8361,3.315117282909341e-06,,,,
,,8362,5.341645191947464e-06,,,,
,,8363,8.71906740940176e-06,,,,
,,8364,1.590496685821563e-05,,,,
,,8365,0.02296297997236252,,,,
,,8366,0.0004106240230612457,,,,
,,8367,6.92220201017335e-05,,,,
,,8368,1.959867586265318e-05,,,,
,,8369,3.939049292966956e-06,,,,
,,8370,4.700177214544965e-06,,,,
,,8371,0.0001256758696399629,,,,
,,8372,3.037216174561763e-06,,,,
,,8373,4.143882051721448e-06,,,,
,,8374,1.3179012057662476e-05,,,,
,,8375,1.3692328138859011e-05,,,,
,,8376,3.2600864869891666e-06,,,,
,,8377,3.7805928059242433e-06,,,,
,,8378,0.0004792018444277346,,,,
,,8379,4.623185759555781e-06,,,,
,,8380,6.6444686126487795e-06,,,,
,,8381,5.892220997338882e-06,,,,
,,8382,1.6417574443039484e-05,,,,
,,8383,1.8516129784984514e-05,,,,
,,8384,4.586659088090528e-06,,,,
,,8385,3.462709628365701e-06,,,,
,,8386,8.281904229079373e-06,,,,
,,8387,8.65658057591645e-06,,,,
,,8388,9.541618965158705e-06,,,,
,,8389,4.991145033272915e-06,,,,
,,8390,2.7727062843041494e-05,,,,
,,8391,0.008780882693827152,,,,
,,8392,3.344743890920654e-05,,,,
,,8393,8.503348908561748e-06,,,,
,,8394,2.9491129680536687e-06,,,,
,,8395,2.7759242584579624e-05,,,,
,,8396,5.0792341426131316e-06,,,,
,,8397,2.892099473683629e-06,,,,
,,8398,2.0728099116240628e-05,,,,
,,8399,1.3350021617952734e-05,,,,
,,8400,6.011369805491995e-06,,,,
,,8401,7.1574618232261855e-06,,,,
,,8402,2.8553131414810196e-06,,,,
,,8403,0.00010664867295417935,,,,
,,8404,7.4062204475922044e-06,,,,
,,8405,6.514801953017013e-06,,,,
,,8406,4.2601775930961594e-05,,,,
,,8407,5.861847512278473e-06,,,,
,,8408,1.1531108611961827e-05,,,,
,,8409,1.657900429563597e-05,,,,
,,8410,3.3832252483989578e-06,,,,
,,8411,7.981104317877907e-06,,,,
,,8412,3.1719746402814053e-06,,,,
,,8413,3.389659241292975e-06,,,,
,,8414,3.259080767747946e-05,,,,
,,8415,0.00033406843431293964,,,,
,,8416,1.2873213563580066e-05,,,,
,,8417,0.00013454598956741393,,,,
,,8418,0.00021015031961724162,,,,
,,8419,9.218609193339944e-06,,,,
,,8420,2.923197371274e-06,,,,
,,8421,4.607622940966394e-06,,,,
,,8422,7.668690159334801e-06,,,,
,,8423,8.624006113677751e-06,,,,
,,8424,7.074538189044688e-06,,,,
,,8425,4.104141225980129e-06,,,,
,,8426,2.985872924909927e-06,,,,
,,8427,0.0004273104132153094,,,,
,,8428,3.048321786991437e-06,,,,
,,8429,2.140570813935483e-06,,,,
,,8430,2.5735425879247487e-05,,,,
,,8431,4.063436335854931e-06,,,,
,,8432,9.733020306157414e-06,,,,
,,8433,3.747273467524792e-06,,,,
,,8434,2.9858756533940323e-06,,,,
,,8435,1.4326278687804006e-05,,,,
,,8436,2.596671492938185e-06,,,,
,,8437,1.8503270666769822e-06,,,,
,,8438,7.266240572789684e-06,,,,
,,8439,1.3333743481780402e-05,,,,
,,8440,1.2474431059672497e-05,,,,
,,8441,4.8590941332804505e-06,,,,
,,8442,6.692517217743443e-06,,,,
,,8443,1.1054659807996359e-05,,,,
,,8444,0.09343849122524261,,,,
,,8445,5.001519639336038e-06,,,,
,,8446,1.5588566384394653e-05,,,,
,,8447,1.8577879018266685e-05,,,,
,,8448,8.204244295484386e-06,,,,
,,8449,4.683137376559898e-06,,,,
,,8450,2.995757768076146e-06,,,,
,,8451,0.00011552028445294127,,,,
,,8452,0.016750996932387352,,,,
,,8453,1.7311176634393632e-06,,,,
,,8454,2.9007305784034543e-06,,,,
,,8455,6.317833140201401e-06,,,,
,,8456,5.970628535578726e-06,,,,
,,8457,4.217677087581251e-06,,,,
,,8458,2.4806608962535392e-06,,,,
,,8459,2.3893524030427216e-06,,,,
,,8460,0.00915897823870182,,,,
,,8461,2.406871317361947e-06,,,,
,,8462,1.6844714991748333e-06,,,,
,,8463,5.099931968288729e-06,,,,
,,8464,6.587343250430422e-06,,,,
,,8465,5.546879401663318e-05,,,,
,,8466,4.0700942918192595e-06,,,,
,,8467,0.0007848574896343052,,,,
,,8468,9.002549631986767e-06,,,,
,,8469,5.633846285491018e-06,,,,
,,8470,3.1394953111885116e-05,,,,
,,8471,4.2574188228172716e-06,,,,
,,8472,7.0641340244037565e-06,,,,
,,8473,0.0017585231689736247,,,,
,,8474,2.895048055506777e-06,,,,
,,8475,8.336571045219898e-05,,,,
,,8476,4.379579877422657e-06,,,,
,,8477,2.8950498744961806e-06,,,,
,,8478,8.743135367694777e-06,,,,
,,8479,7.862169695727061e-06,,,,
,,8480,3.954578005505027e-06,,,,
,,8481,2.3217219222715357e-06,,,,
,,8482,6.823128842370352e-06,,,,
16,,8482,,0.002626426750794053,,,
16,,8482,,,0.9819639325141907,0.9859719276428223,0.008376051671802998
17,8.534880180377513e-05,8483,,,,,
17,4.086131229996681e-05,8484,,,,,
17,0.01672983169555664,8485,,,,,
17,0.036934297531843185,8486,,,,,
17,0.00028904638020321727,8487,,,,,
17,0.001364775700494647,8488,,,,,
17,0.00031109401606954634,8489,,,,,
17,0.0018110688542947173,8490,,,,,
17,0.11751751601696014,8491,,,,,
17,0.0026745374780148268,8492,,,,,
17,0.000666679407004267,8493,,,,,
17,0.00012605939991772175,8494,,,,,
17,0.010660509578883648,8495,,,,,
17,0.00022641888062935323,8496,,,,,
17,0.00013453188876155764,8497,,,,,
17,0.0005713485879823565,8498,,,,,
17,0.00028008982189930975,8499,,,,,
17,0.0006345769506879151,8500,,,,,
17,0.0038533094339072704,8501,,,,,
17,0.0004365557979326695,8502,,,,,
17,0.0002914608921855688,8503,,,,,
17,0.00010650984768290073,8504,,,,,
17,0.0009246015106327832,8505,,,,,
17,0.002250966615974903,8506,,,,,
17,0.0005087243625894189,8507,,,,,
17,0.007328975014388561,8508,,,,,
17,0.00030575989512726665,8509,,,,,
17,0.00016561082156840712,8510,,,,,
17,0.004743665456771851,8511,,,,,
17,0.0010469076223671436,8512,,,,,
17,9.130225225817412e-05,8513,,,,,
17,9.536300785839558e-05,8514,,,,,
17,0.0009729489684104919,8515,,,,,
17,0.001949675614014268,8516,,,,,
17,0.0004891647840850055,8517,,,,,
17,0.0011471865000203252,8518,,,,,
17,0.0013736883411183953,8519,,,,,
17,3.752088377950713e-05,8520,,,,,
17,0.00030409201281145215,8521,,,,,
17,4.545049159787595e-05,8522,,,,,
17,0.001447535352781415,8523,,,,,
17,0.001193203846924007,8524,,,,,
17,0.010748040862381458,8525,,,,,
17,0.219619020819664,8526,,,,,
17,0.0027865152806043625,8527,,,,,
17,0.003530103014782071,8528,,,,,
17,0.00016282223805319518,8529,,,,,
17,0.0004572602338157594,8530,,,,,
17,8.085210720309988e-05,8531,,,,,
17,0.0002713536669034511,8532,,,,,
17,0.0032299375161528587,8533,,,,,
17,0.0015972136752679944,8534,,,,,
17,0.00019686491577886045,8535,,,,,
17,0.0005222578765824437,8536,,,,,
17,0.01789494790136814,8537,,,,,
17,0.0007331134984269738,8538,,,,,
17,0.00031590278376825154,8539,,,,,
17,0.00010988527355948463,8540,,,,,
17,0.00036176302819512784,8541,,,,,
17,0.00017491413746029139,8542,,,,,
17,0.00012411254283506423,8543,,,,,
17,0.008859455585479736,8544,,,,,
17,0.021841775625944138,8545,,,,,
17,0.0002924400323536247,8546,,,,,
17,0.0019684117287397385,8547,,,,,
17,0.0001901525683933869,8548,,,,,
17,0.0004641398845706135,8549,,,,,
17,0.0001988523727050051,8550,,,,,
17,0.19822542369365692,8551,,,,,
17,0.0007475834572687745,8552,,,,,
17,0.00018113704572897404,8553,,,,,
17,0.0017440904630348086,8554,,,,,
17,0.001639781636185944,8555,,,,,
17,0.00017077648954000324,8556,,,,,
17,4.764555342262611e-05,8557,,,,,
17,0.0012946556089445949,8558,,,,,
17,0.0003198747872374952,8559,,,,,
17,0.0109911123290658,8560,,,,,
17,0.14950253069400787,8561,,,,,
17,0.00027770406450144947,8562,,,,,
17,4.200377588858828e-05,8563,,,,,
17,0.00024798663798719645,8564,,,,,
17,0.0003777446108870208,8565,,,,,
17,0.015225396491587162,8566,,,,,
17,0.00030080732540227473,8567,,,,,
17,0.00020554763614200056,8568,,,,,
17,0.0001251583598786965,8569,,,,,
17,0.006951479706913233,8570,,,,,
17,0.004785224329680204,8571,,,,,
17,3.334705615998246e-05,8572,,,,,
17,0.0007522928644903004,8573,,,,,
17,0.00193967844825238,8574,,,,,
17,0.0014895135536789894,8575,,,,,
17,0.0005325323436409235,8576,,,,,
17,0.00032520401873625815,8577,,,,,
17,0.0009855070384219289,8578,,,,,
17,0.00039145757909864187,8579,,,,,
17,0.0002618980943225324,8580,,,,,
17,0.000898687751032412,8581,,,,,
17,3.3241296478081495e-05,8582,,,,,
17,5.144407623447478e-05,8583,,,,,
17,0.001302660210058093,8584,,,,,
17,3.0375778806046583e-05,8585,,,,,
17,0.0018878948176279664,8586,,,,,
17,0.0001726842747302726,8587,,,,,
17,0.00016271058120764792,8588,,,,,
17,0.0013487071264535189,8589,,,,,
17,0.00013999543443787843,8590,,,,,
17,2.5119155907304958e-05,8591,,,,,
17,0.012118068523705006,8592,,,,,
17,0.00016673767822794616,8593,,,,,
17,0.02489691972732544,8594,,,,,
17,9.765106369741261e-05,8595,,,,,
17,0.00011493617057567462,8596,,,,,
17,0.001461679465137422,8597,,,,,
17,0.026639387011528015,8598,,,,,
17,0.00011561364954104647,8599,,,,,
17,0.00015871117648202926,8600,,,,,
17,9.404406591784209e-05,8601,,,,,
17,2.915041295636911e-05,8602,,,,,
17,0.0001875521120382473,8603,,,,,
17,2.1025631212978624e-05,8604,,,,,
17,4.4830478145740926e-05,8605,,,,,
17,2.8035281502525322e-05,8606,,,,,
17,0.00020541285630315542,8607,,,,,
17,1.9886181689798832e-05,8608,,,,,
17,0.0004313523240853101,8609,,,,,
17,0.0003877673007082194,8610,,,,,
17,5.257397788227536e-05,8611,,,,,
17,0.004603550303727388,8612,,,,,
17,1.849371074058581e-05,8613,,,,,
17,2.1502348317881115e-05,8614,,,,,
17,0.011522902175784111,8615,,,,,
17,2.7520380172063597e-05,8616,,,,,
17,0.00039448123425245285,8617,,,,,
17,0.0004100396763533354,8618,,,,,
17,0.0007260015700012445,8619,,,,,
17,7.041473145363852e-05,8620,,,,,
17,0.00015988870291039348,8621,,,,,
17,0.0004336865385994315,8622,,,,,
17,0.00024249724810943007,8623,,,,,
17,1.290213822358055e-05,8624,,,,,
17,2.2336451365845278e-05,8625,,,,,
17,0.0018945963820442557,8626,,,,,
17,3.2349453249480575e-05,8627,,,,,
17,0.0001620457333046943,8628,,,,,
17,4.093692768947221e-05,8629,,,,,
17,2.4540408048778772e-05,8630,,,,,
17,0.00019357049313839525,8631,,,,,
17,0.00012626632815226912,8632,,,,,
17,1.8181450286647305e-05,8633,,,,,
17,0.008405931293964386,8634,,,,,
17,0.13019241392612457,8635,,,,,
17,0.00012286656419746578,8636,,,,,
17,4.0727351006353274e-05,8637,,,,,
17,0.00017813482554629445,8638,,,,,
17,0.00043728476157411933,8639,,,,,
17,0.0008209115476347506,8640,,,,,
17,8.471109322272241e-05,8641,,,,,
17,0.06534432619810104,8642,,,,,
17,0.3677005171775818,8643,,,,,
17,0.00017216114792972803,8644,,,,,
17,0.0011227327631786466,8645,,,,,
17,0.0001131760363932699,8646,,,,,
17,6.033422687323764e-05,8647,,,,,
17,4.934494063491002e-05,8648,,,,,
17,3.418774213059805e-05,8649,,,,,
17,0.0001497318153269589,8650,,,,,
17,0.004647804889827967,8651,,,,,
17,0.00011370277206879109,8652,,,,,
17,0.5188113451004028,8653,,,,,
17,0.0006656867335550487,8654,,,,,
17,0.00013772839156445116,8655,,,,,
17,0.0014631948433816433,8656,,,,,
17,0.0007429379038512707,8657,,,,,
17,0.00030453447834588587,8658,,,,,
17,0.002277371706441045,8659,,,,,
17,0.006826074793934822,8660,,,,,
17,0.0003697009524330497,8661,,,,,
17,0.002415196970105171,8662,,,,,
17,0.01959099806845188,8663,,,,,
17,0.0003690854646265507,8664,,,,,
17,0.003174507524818182,8665,,,,,
17,0.013591944240033627,8666,,,,,
17,0.0005814986070618033,8667,,,,,
17,0.00039028169703669846,8668,,,,,
17,0.010081837885081768,8669,,,,,
17,0.004161400254815817,8670,,,,,
17,0.07852600514888763,8671,,,,,
17,0.002909560687839985,8672,,,,,
17,0.008995798416435719,8673,,,,,
17,0.00430075079202652,8674,,,,,
17,0.007623740006238222,8675,,,,,
17,0.0008385453256778419,8676,,,,,
17,0.00032331663533113897,8677,,,,,
17,0.021759243682026863,8678,,,,,
17,6.944530468899757e-05,8679,,,,,
17,0.0006398934638127685,8680,,,,,
17,0.0003601314383558929,8681,,,,,
17,0.0013620734680444002,8682,,,,,
17,0.0015740592498332262,8683,,,,,
17,0.0006236741901375353,8684,,,,,
17,0.001844604965299368,8685,,,,,
17,0.00010309293429600075,8686,,,,,
17,0.00933000911027193,8687,,,,,
17,0.008907625451683998,8688,,,,,
17,0.000401943048927933,8689,,,,,
17,0.009391045197844505,8690,,,,,
17,0.0018084516050294042,8691,,,,,
17,0.00271118083037436,8692,,,,,
17,0.003150368807837367,8693,,,,,
17,0.0003485067863948643,8694,,,,,
17,0.00016172083269339055,8695,,,,,
17,0.0006792945205233991,8696,,,,,
17,0.0038512360770255327,8697,,,,,
17,0.0003537402953952551,8698,,,,,
17,7.401468610623851e-05,8699,,,,,
17,0.07469390332698822,8700,,,,,
17,0.0027664259541779757,8701,,,,,
17,0.0006366238812915981,8702,,,,,
17,0.00010636700608301908,8703,,,,,
17,0.001198014710098505,8704,,,,,
17,0.00025772236404009163,8705,,,,,
17,0.0015429079066962004,8706,,,,,
17,0.0008350893622264266,8707,,,,,
17,0.001193234696984291,8708,,,,,
17,0.004668114241212606,8709,,,,,
17,0.003685371484607458,8710,,,,,
17,0.005934008862823248,8711,,,,,
17,0.025232184678316116,8712,,,,,
17,0.0002479695249348879,8713,,,,,
17,0.0005785558605566621,8714,,,,,
17,0.00021157125593163073,8715,,,,,
17,0.006433902774006128,8716,,,,,
17,0.003126617753878236,8717,,,,,
17,0.0003016302362084389,8718,,,,,
17,0.0002609605435281992,8719,,,,,
17,0.0004664048901759088,8720,,,,,
17,8.505186269758269e-05,8721,,,,,
17,9.821280400501564e-05,8722,,,,,
17,0.001064593088813126,8723,,,,,
17,0.00010457341704750434,8724,,,,,
17,0.0002595916448626667,8725,,,,,
17,6.782117998227477e-05,8726,,,,,
17,0.0009853326482698321,8727,,,,,
17,0.0008584494353272021,8728,,,,,
17,0.0007479593041352928,8729,,,,,
17,0.0001348725927527994,8730,,,,,
17,0.00038176466478034854,8731,,,,,
17,0.00045934339868836105,8732,,,,,
17,0.0009374567307531834,8733,,,,,
17,0.011671205051243305,8734,,,,,
17,5.255908763501793e-05,8735,,,,,
17,0.000213616993278265,8736,,,,,
17,0.003265452105551958,8737,,,,,
17,0.00032631351496092975,8738,,,,,
17,0.0008427310967817903,8739,,,,,
17,7.056689355522394e-05,8740,,,,,
17,3.4759777918225154e-05,8741,,,,,
17,0.00029499674565158784,8742,,,,,
17,0.0073898001573979855,8743,,,,,
17,0.08621138334274292,8744,,,,,
17,0.0001515025505796075,8745,,,,,
17,0.00023564712319057435,8746,,,,,
17,0.0007813489646650851,8747,,,,,
17,0.00016007466183509678,8748,,,,,
17,0.00017170402861665934,8749,,,,,
17,0.005175821483135223,8750,,,,,
17,0.0033783752005547285,8751,,,,,
17,0.003789456095546484,8752,,,,,
17,0.017074430361390114,8753,,,,,
17,0.0032659112475812435,8754,,,,,
17,0.0025700361002236605,8755,,,,,
17,0.0007128930883482099,8756,,,,,
17,5.388540375861339e-05,8757,,,,,
17,0.0011515794321894646,8758,,,,,
17,0.00018349879246670753,8759,,,,,
17,0.0016355016268789768,8760,,,,,
17,0.0011263700434938073,8761,,,,,
17,0.00011658961739158258,8762,,,,,
17,0.00018588230886962265,8763,,,,,
17,0.003327568992972374,8764,,,,,
17,0.0003660020011011511,8765,,,,,
17,0.0006209622952155769,8766,,,,,
17,0.0003182638029102236,8767,,,,,
17,0.0007595039205625653,8768,,,,,
17,0.000700552249327302,8769,,,,,
17,0.0002005334390560165,8770,,,,,
17,0.0009475352126173675,8771,,,,,
17,0.00010647642193362117,8772,,,,,
17,0.000737859751097858,8773,,,,,
17,0.0001037423571688123,8774,,,,,
17,0.0008782712975516915,8775,,,,,
17,0.0014295309083536267,8776,,,,,
17,6.390073394868523e-05,8777,,,,,
17,3.778337122639641e-05,8778,,,,,
17,0.00017778373148757964,8779,,,,,
17,0.008245151489973068,8780,,,,,
17,0.0011441142996773124,8781,,,,,
17,0.00045430849422700703,8782,,,,,
17,0.01584036648273468,8783,,,,,
17,5.226980647421442e-05,8784,,,,,
17,0.009068123064935207,8785,,,,,
17,0.002572333673015237,8786,,,,,
17,0.0015546384966000915,8787,,,,,
17,0.00014156571705825627,8788,,,,,
17,4.097378405276686e-05,8789,,,,,
17,0.00044425786472857,8790,,,,,
17,0.003873799229040742,8791,,,,,
17,0.0007074043387547135,8792,,,,,
17,0.00045205061906017363,8793,,,,,
17,5.5403994338121265e-05,8794,,,,,
17,0.013678022660315037,8795,,,,,
17,0.0030059306882321835,8796,,,,,
17,0.00012170973786851391,8797,,,,,
17,0.000187788245966658,8798,,,,,
17,8.717768650967628e-05,8799,,,,,
17,7.780523446854204e-05,8800,,,,,
17,2.7436046366347e-05,8801,,,,,
17,3.552197085809894e-05,8802,,,,,
17,9.984215284930542e-05,8803,,,,,
17,0.0005437148502096534,8804,,,,,
17,0.001110587501898408,8805,,,,,
17,0.0017935008509084582,8806,,,,,
17,0.08069965243339539,8807,,,,,
17,3.413004014873877e-05,8808,,,,,
17,0.00017286985530517995,8809,,,,,
17,0.00027949927607551217,8810,,,,,
17,0.00012435666576493531,8811,,,,,
17,0.00343314022757113,8812,,,,,
17,4.357573197921738e-05,8813,,,,,
17,0.00013289412891026586,8814,,,,,
17,0.0003433651872910559,8815,,,,,
17,5.5528507800772786e-05,8816,,,,,
17,0.00019385873747523874,8817,,,,,
17,0.00017629633657634258,8818,,,,,
17,0.0006492751417681575,8819,,,,,
17,6.571123230969533e-05,8820,,,,,
17,0.0024018685799092054,8821,,,,,
17,0.002107092645019293,8822,,,,,
17,0.00011633864050963894,8823,,,,,
17,0.045657042413949966,8824,,,,,
17,8.702393824933097e-05,8825,,,,,
17,0.0003789593174587935,8826,,,,,
17,0.0006305095739662647,8827,,,,,
17,5.056596273789182e-05,8828,,,,,
17,0.00023384847736451775,8829,,,,,
17,4.2464351281523705e-05,8830,,,,,
17,0.00022577059280592948,8831,,,,,
17,0.000950614339672029,8832,,,,,
17,0.0013667490566149354,8833,,,,,
17,7.266421107487986e-06,8834,,,,,
17,5.807994239148684e-05,8835,,,,,
17,0.00041585034341551363,8836,,,,,
17,2.748383121797815e-05,8837,,,,,
17,0.00031873665284365416,8838,,,,,
17,8.659144805278629e-05,8839,,,,,
17,0.02794807218015194,8840,,,,,
17,0.0006908036884851754,8841,,,,,
17,5.382061135605909e-05,8842,,,,,
17,3.199441562173888e-05,8843,,,,,
17,5.478741513798013e-05,8844,,,,,
17,0.0006790700135752559,8845,,,,,
17,3.3609423553571105e-05,8846,,,,,
17,6.380357081070542e-05,8847,,,,,
17,0.003561443882063031,8848,,,,,
17,5.144104579812847e-05,8849,,,,,
17,8.380712824873626e-05,8850,,,,,
17,0.00039104410097934306,8851,,,,,
17,9.312665497418493e-05,8852,,,,,
17,4.157750299782492e-05,8853,,,,,
17,2.899580795201473e-05,8854,,,,,
17,0.0018208053661510348,8855,,,,,
17,0.0001086186312022619,8856,,,,,
17,5.878442607354373e-05,8857,,,,,
17,5.1286002417327836e-05,8858,,,,,
17,3.269180524512194e-05,8859,,,,,
17,6.653358286712319e-05,8860,,,,,
17,0.00043223993270657957,8861,,,,,
17,5.49794094695244e-05,8862,,,,,
17,5.453736230265349e-05,8863,,,,,
17,4.397390875965357e-05,8864,,,,,
17,0.000386870582588017,8865,,,,,
17,2.856163882825058e-05,8866,,,,,
17,0.2551858425140381,8867,,,,,
17,2.2200973035069183e-05,8868,,,,,
17,0.000269435258815065,8869,,,,,
17,1.4330103113024961e-05,8870,,,,,
17,0.0001468038244638592,8871,,,,,
17,0.013250702060759068,8872,,,,,
17,4.5782151573803276e-05,8873,,,,,
17,0.002903055166825652,8874,,,,,
17,6.791956548113376e-05,8875,,,,,
17,0.005699855275452137,8876,,,,,
17,0.11913556605577469,8877,,,,,
17,0.0012617831816896796,8878,,,,,
17,0.12369704991579056,8879,,,,,
17,0.0010740857105702162,8880,,,,,
17,0.0004636636876966804,8881,,,,,
17,0.00013902409409638494,8882,,,,,
17,0.0005901171243749559,8883,,,,,
17,0.0005791096482425928,8884,,,,,
17,0.0002526615862734616,8885,,,,,
17,0.0018098655855283141,8886,,,,,
17,0.013892845250666142,8887,,,,,
17,0.00250811199657619,8888,,,,,
17,0.003116027219220996,8889,,,,,
17,0.00011258443555561826,8890,,,,,
17,0.0005231431568972766,8891,,,,,
17,0.0002738968760240823,8892,,,,,
17,0.0024400795809924603,8893,,,,,
17,0.05081222206354141,8894,,,,,
17,0.012486614286899567,8895,,,,,
17,0.041699834167957306,8896,,,,,
17,0.0008396204793825746,8897,,,,,
17,0.0007074106833897531,8898,,,,,
17,0.00020858118659816682,8899,,,,,
17,0.001127611962147057,8900,,,,,
17,0.00013319529534783214,8901,,,,,
17,2.7904636226594448e-05,8902,,,,,
17,0.0004084220854565501,8903,,,,,
17,0.0003565297229215503,8904,,,,,
17,0.004952041897922754,8905,,,,,
17,2.315423080290202e-05,8906,,,,,
17,0.004201868548989296,8907,,,,,
17,0.00012029343633912504,8908,,,,,
17,6.777535600122064e-05,8909,,,,,
17,0.0053824628703296185,8910,,,,,
17,0.00012195638555567712,8911,,,,,
17,0.003858670126646757,8912,,,,,
17,0.007530182600021362,8913,,,,,
17,0.0037760070990771055,8914,,,,,
17,0.0001205738662974909,8915,,,,,
17,0.0002870662428904325,8916,,,,,
17,0.000362994585884735,8917,,,,,
17,0.00041018714546225965,8918,,,,,
17,0.0028960267081856728,8919,,,,,
17,0.0008157958509400487,8920,,,,,
17,0.002552059944719076,8921,,,,,
17,0.016476064920425415,8922,,,,,
17,0.0011363433441147208,8923,,,,,
17,0.00016157382924575359,8924,,,,,
17,0.0014052183832973242,8925,,,,,
17,0.020796608179807663,8926,,,,,
17,2.552456317062024e-05,8927,,,,,
17,0.00013733268133364618,8928,,,,,
17,0.0012557593872770667,8929,,,,,
17,0.0001837626623455435,8930,,,,,
17,0.00862047541886568,8931,,,,,
17,2.4879145712475292e-05,8932,,,,,
17,8.461831021122634e-05,8933,,,,,
17,0.001115797320380807,8934,,,,,
17,0.0004199067479930818,8935,,,,,
17,0.0008816514164209366,8936,,,,,
17,2.922944440797437e-05,8937,,,,,
17,2.2653775886283256e-05,8938,,,,,
17,0.0014367131516337395,8939,,,,,
17,0.002029063645750284,8940,,,,,
17,1.1693453416228294e-05,8941,,,,,
17,1.8808354070642963e-05,8942,,,,,
17,0.0002682544873096049,8943,,,,,
17,0.00016973147285170853,8944,,,,,
17,5.3852691053180024e-05,8945,,,,,
17,0.0001472930598538369,8946,,,,,
17,0.00028840143932029605,8947,,,,,
17,9.87141265795799e-06,8948,,,,,
17,7.135289342841133e-05,8949,,,,,
17,0.0003288683947175741,8950,,,,,
17,0.08176901936531067,8951,,,,,
17,0.0007855735020712018,8952,,,,,
17,7.417848974000663e-05,8953,,,,,
17,0.0015862083528190851,8954,,,,,
17,4.659973637899384e-05,8955,,,,,
17,0.00031174562172964215,8956,,,,,
17,0.00017150791245512664,8957,,,,,
17,0.0021419383119791746,8958,,,,,
17,0.00016831292305141687,8959,,,,,
17,9.790618059923872e-05,8960,,,,,
17,0.004939194303005934,8961,,,,,
17,0.0003176943864673376,8962,,,,,
17,0.013049161992967129,8963,,,,,
17,0.00026399135822430253,8964,,,,,
17,9.881188452709466e-05,8965,,,,,
17,0.000684308644849807,8966,,,,,
17,0.00474608363583684,8967,,,,,
17,0.00017057126387953758,8968,,,,,
17,0.0002923255378846079,8969,,,,,
17,1.1697568879753817e-05,8970,,,,,
17,0.003952094819396734,8971,,,,,
17,5.852965114172548e-05,8972,,,,,
17,0.012674529105424881,8973,,,,,
17,0.01309216022491455,8974,,,,,
17,0.0004747262573800981,8975,,,,,
17,1.7910473616211675e-05,8976,,,,,
17,2.6846459149965085e-05,8977,,,,,
17,0.0001106380732380785,8978,,,,,
17,3.8015183235984296e-05,8979,,,,,
17,0.0009428639896214008,8980,,,,,
17,3.2391395507147536e-05,8981,,,,,
,,8483,7.359869869105751e-07,,,,
,,8484,5.545818453356333e-07,,,,
,,8485,2.707708745219861e-06,,,,
,,8486,6.471346978287329e-07,,,,
,,8487,3.7919121496088337e-06,,,,
,,8488,9.139363896792929e-07,,,,
,,8489,1.2491033203332336e-06,,,,
,,8490,1.0936134913208662e-06,,,,
,,8491,1.0158686336581013e-06,,,,
,,8492,1.4099183317739516e-05,,,,
,,8493,1.5951293335092487e-06,,,,
,,8494,1.0676983492885483e-06,,,,
,,8495,4.2460560507606715e-06,,,,
,,8496,2.000632321141893e-06,,,,
,,8497,2.980195631607785e-06,,,,
,,8498,2.586308028185158e-06,,,,
,,8499,3.643620175353135e-06,,,,
,,8500,0.005214392673224211,,,,
,,8501,9.263287211069837e-05,,,,
,,8502,4.291473487683106e-06,,,,
,,8503,0.00012870377395302057,,,,
,,8504,3.916871094133967e-07,,,,
,,8505,5.701307941308187e-07,,,,
,,8506,5.75313436002034e-07,,,,
,,8507,5.493987487170671e-07,,,,
,,8508,6.841565323156829e-07,,,,
,,8509,5.131176976647112e-07,,,,
,,8510,3.8601029928031494e-07,,,,
,,8511,3.4627433365130855e-07,,,,
,,8512,1.0573295412541484e-06,,,,
,,8513,2.324105480511207e-05,,,,
,,8514,1.0987960195052437e-06,,,,
,,8515,9.025830536302237e-07,,,,
,,8516,9.692213325251942e-07,,,,
,,8517,9.640383495934657e-07,,,,
,,8518,8.004035976227897e-07,,,,
,,8519,1.0615283372317208e-06,,,,
,,8520,9.536728384773596e-07,,,,
,,8521,8.759271281633119e-07,,,,
,,8522,4.490110768529121e-06,,,,
,,8523,4.928910129819997e-06,,,,
,,8524,2.3427016913046828e-06,,,,
,,8525,2.1457517505041324e-06,,,,
,,8526,0.0007602532277815044,,,,
,,8527,1.8503242245060392e-06,,,,
,,8528,3.763525455724448e-06,,,,
,,8529,3.286680566816358e-06,,,,
,,8530,5.908626690143137e-07,,,,
,,8531,6.84156475472264e-07,,,,
,,8532,3.519509448324243e-07,,,,
,,8533,4.4055576609025593e-07,,,,
,,8534,8.458159754809458e-07,,,,
,,8535,2.9518463406930096e-07,,,,
,,8536,3.0086130209383555e-07,,,,
,,8537,4.1464065247964754e-07,,,,
,,8538,4.0945766954791907e-07,,,,
,,8539,1.6429997913292027e-06,,,,
,,8540,1.078063633030979e-06,,,,
,,8541,1.129892552853562e-06,,,,
,,8542,7.379608746305166e-07,,,,
,,8543,8.033653671191132e-07,,,,
,,8544,1.4418581031350186e-06,,,,
,,8545,1.1239684454267262e-06,,,,
,,8546,1.269833774131257e-06,,,,
,,8547,1.0158681789107504e-06,,,,
,,8548,5.3017497521068435e-06,,,,
,,8549,1.166175593425578e-06,,,,
,,8550,3.2445086617372e-06,,,,
,,8551,2.287657480337657e-06,,,,
,,8552,0.002056084806099534,,,,
,,8553,1.6792844235169468e-06,,,,
,,8554,2.047270754701458e-06,,,,
,,8555,6.789737767576298e-07,,,,
,,8556,9.433060768060386e-07,,,,
,,8557,0.0006159214535728097,,,,
,,8558,3.973640048116067e-07,,,,
,,8559,5.336023605195805e-07,,,,
,,8560,1.1409998705858015e-06,,,,
,,8561,3.633041956163652e-07,,,,
,,8562,4.2500667518652335e-07,,,,
,,8563,7.10071958565095e-07,,,,
,,8564,1.2431748928065645e-06,,,,
,,8565,1.534161128802225e-06,,,,
,,8566,0.0005208117072470486,,,,
,,8567,9.423185360901698e-07,,,,
,,8568,7.776976644890965e-07,,,,
,,8569,7.152548846534046e-07,,,,
,,8570,8.60378747802315e-07,,,,
,,8571,1.233551188306592e-06,,,,
,,8572,1.4667879213448032e-06,,,,
,,8573,1.3009306485400884e-06,,,,
,,8574,1.24910150134383e-06,,,,
,,8575,2.9347695544856833e-06,,,,
,,8576,2.5204055873473408e-06,,,,
,,8577,0.0007260770653374493,,,,
,,8578,0.0002184482291340828,,,,
,,8579,1.5808124089744524e-06,,,,
,,8580,2.0265415514586493e-06,,,,
,,8581,0.8916307687759399,,,,
,,8582,7.463528390871943e-07,,,,
,,8583,6.641643608418235e-07,,,,
,,8584,4.938664233122836e-07,,,,
,,8585,5.108965410727251e-07,,,,
,,8586,4.4055579451196536e-07,,,,
,,8587,2.781548289476632e-07,,,,
,,8588,5.54581561118539e-07,,,,
,,8589,5.131176976647112e-07,,,,
,,8590,4.561047433071508e-07,,,,
,,8591,9.082584710995434e-07,,,,
,,8592,2.3500917905039387e-06,,,,
,,8593,3.821277277893387e-05,,,,
,,8594,8.401402737945318e-07,,,,
,,8595,1.0055022130472935e-06,,,,
,,8596,8.811106226858101e-07,,,,
,,8597,1.1977659823969589e-06,,,,
,,8598,1.7103881191360415e-06,,,,
,,8599,1.1972732636422734e-06,,,,
,,8600,9.707019898996805e-07,,,,
,,8601,2.537423597459565e-06,,,,
,,8602,1.8555106180428993e-06,,,,
,,8603,1.6067283468146343e-06,,,,
,,8604,0.00034526654053479433,,,,
,,8605,1.985079506994225e-06,,,,
,,8606,1.9487963527353713e-06,,,,
,,8607,2.3557606709800893e-06,,,,
,,8608,6.641640197813103e-07,,,,
,,8609,4.938664233122836e-07,,,,
,,8610,3.235677752400079e-07,,,,
,,8611,6.789730946366035e-07,,,,
,,8612,8.811095995042706e-07,,,,
,,8613,2.951846909127198e-07,,,,
,,8614,6.012286917211895e-07,,,,
,,8615,4.6647065232718887e-07,,,,
,,8616,4.3709974306693766e-07,,,,
,,8617,8.344627531187143e-07,,,,
,,8618,2.0095046693313634e-06,,,,
,,8619,1.0573295412541484e-06,,,,
,,8620,6.187522103573428e-07,,,,
,,8621,6.789736062273732e-07,,,,
,,8622,7.204372423075256e-07,,,,
,,8623,9.64037781159277e-07,,,,
,,8624,9.47995772548893e-07,,,,
,,8625,9.196125461130578e-07,,,,
,,8626,2.026536321864114e-06,,,,
,,8627,0.0002925306325778365,,,,
,,8628,2.5396379896847066e-06,,,,
,,8629,1.8347750483371783e-06,,,,
,,8630,0.00046696956269443035,,,,
,,8631,2.14057445191429e-06,,,,
,,8632,0.00011715314030880108,,,,
,,8633,8.596402039984241e-05,,,,
,,8634,5.183006237530208e-07,,,,
,,8635,7.606678309457493e-07,,,,
,,8636,4.3537258420656144e-07,,,,
,,8637,7.20437469681201e-07,,,,
,,8638,6.219608508217789e-07,,,,
,,8639,2.951846909127198e-07,,,,
,,8640,8.912294333640602e-07,,,,
,,8641,3.7835960142729164e-07,,,,
,,8642,3.4627433365130855e-07,,,,
,,8643,1.2283657042644336e-06,,,,
,,8644,8.551952532798168e-07,,,,
,,8645,1.0832470707100583e-06,,,,
,,8646,8.08548236364004e-07,,,,
,,8647,0.4761422872543335,,,,
,,8648,7.359867026934808e-07,,,,
,,8649,1.2091195458197035e-06,,,,
,,8650,1.1182914931850974e-06,,,,
,,8651,9.309658821621269e-07,,,,
,,8652,8.862935487741197e-07,,,,
,,8653,8.966595146375766e-07,,,,
,,8654,4.011531018477399e-06,,,,
,,8655,2.140566721209325e-06,,,,
,,8656,2.788422079902375e-06,,,,
,,8657,0.006532653234899044,,,,
,,8658,0.0029548604506999254,,,,
,,8659,5.665018306899583e-06,,,,
,,8660,1.7881311578094028e-06,,,,
,,8661,9.588557077222504e-07,,,,
,,8662,5.108963705424685e-07,,,,
,,8663,3.5088128242932726e-06,,,,
,,8664,1.0314170140190981e-06,,,,
,,8665,7.61901674195542e-07,,,,
,,8666,1.453208483326307e-06,,,,
,,8667,3.8601069718424696e-07,,,,
,,8668,5.493988055604859e-07,,,,
,,8669,6.064117883397557e-07,,,,
,,8670,4.135910330660408e-06,,,,
,,8671,1.6689234598743496e-06,,,,
,,8672,3.1201345791487256e-06,,,,
,,8673,1.7414807871318772e-06,,,,
,,8674,2.554447291913675e-06,,,,
,,8675,1.4021204606251558e-06,,,,
,,8676,2.594174247860792e-06,,,,
,,8677,2.254587116112816e-06,,,,
,,8678,1.2021778275084216e-05,,,,
,,8679,1.1454426385171246e-06,,,,
,,8680,8.686064575158525e-06,,,,
,,8681,7.219519375212258e-06,,,,
,,8682,6.283748916757759e-06,,,,
,,8683,1.767393086993252e-06,,,,
,,8684,0.0006059586303308606,,,,
,,8685,8.685220791448955e-07,,,,
,,8686,2.6640263968147337e-06,,,,
,,8687,1.1039788887501345e-06,,,,
,,8688,4.03040587571013e-07,,,,
,,8689,5.701305667571432e-07,,,,
,,8690,5.545817316487955e-07,,,,
,,8691,5.960455951026233e-07,,,,
,,8692,3.235677752400079e-07,,,,
,,8693,4.6128769781716983e-07,,,,
,,8694,3.8872553886903916e-07,,,,
,,8695,5.59764714580524e-07,,,,
,,8696,1.9125152448395966e-06,,,,
,,8697,1.591174395798589e-06,,,,
,,8698,1.0047602927443222e-06,,,,
,,8699,1.1012638196916669e-06,,,,
,,8700,1.1012638196916669e-06,,,,
,,8701,7.493142106795858e-07,,,,
,,8702,7.774498840262822e-07,,,,
,,8703,2.1146522612980334e-06,,,,
,,8704,4.853357950196369e-06,,,,
,,8705,1.3734877484239405e-06,,,,
,,8706,0.0006610254058614373,,,,
,,8707,2.5189197003783192e-06,,,,
,,8708,2.0549275632220088e-06,,,,
,,8709,0.0010803451295942068,,,,
,,8710,0.006427738815546036,,,,
,,8711,9.196117503051937e-07,,,,
,,8712,3.2341233691113302e-06,,,,
,,8713,6.893394015605736e-07,,,,
,,8714,6.528111953230109e-07,,,,
,,8715,4.0304050230588473e-07,,,,
,,8716,4.5413014504447347e-07,,,,
,,8717,4.654835379369615e-07,,,,
,,8718,8.033651965888566e-07,,,,
,,8719,7.515350830544776e-07,,,,
,,8720,6.893395720908302e-07,,,,
,,8721,7.878162477936712e-07,,,,
,,8722,2.591464635770535e-06,,,,
,,8723,1.0728803090387373e-06,,,,
,,8724,7.322843202928198e-07,,,,
,,8725,1.2318212156969821e-06,,,,
,,8726,1.2128189155191649e-06,,,,
,,8727,8.628460363979684e-07,,,,
,,8728,1.1713540288837976e-06,,,,
,,8729,1.2594634881679667e-06,,,,
,,8730,2.10427265301405e-06,,,,
,,8731,9.19611238714424e-07,,,,
,,8732,3.208220277883811e-06,,,,
,,8733,2.985858600368374e-06,,,,
,,8734,0.00047243537846952677,,,,
,,8735,2.7365749701857567e-06,,,,
,,8736,0.003726670518517494,,,,
,,8737,4.7319090299424715e-06,,,,
,,8738,8.117557968034816e-07,,,,
,,8739,1.3453546898745117e-06,,,,
,,8740,3.405976087833551e-07,,,,
,,8741,3.916873083653627e-07,,,,
,,8742,4.716537773674645e-07,,,,
,,8743,2.6112496698260657e-07,,,,
,,8744,5.908627258577326e-07,,,,
,,8745,5.701305667571432e-07,,,,
,,8746,4.6128752728691325e-07,,,,
,,8747,4.5412994609250745e-07,,,,
,,8748,1.746659108903259e-06,,,,
,,8749,7.379606472568412e-07,,,,
,,8750,1.834768227126915e-06,,,,
,,8751,8.401397622037621e-07,,,,
,,8752,2.4826324533933075e-06,,,,
,,8753,1.2128177786507877e-06,,,,
,,8754,1.1817206768682809e-06,,,,
,,8755,1.0785562380988267e-06,,,,
,,8756,3.1561469313601265e-06,,,,
,,8757,6.755182084816624e-07,,,,
,,8758,3.840511908492772e-06,,,,
,,8759,3.104580855506356e-06,,,,
,,8760,2.902449978137156e-06,,,,
,,8761,2.7365872483642306e-06,,,,
,,8762,0.06466425955295563,,,,
,,8763,1.5780967714817962e-06,,,,
,,8764,7.35986589006643e-07,,,,
,,8765,3.9736394796818786e-07,,,,
,,8766,6.841567028459394e-07,,,,
,,8767,6.32326759841817e-07,,,,
,,8768,1.233549141943513e-06,,,,
,,8769,8.966598556980898e-07,,,,
,,8770,1.751843115016527e-06,,,,
,,8771,5.619858711725101e-07,,,,
,,8772,0.0009837162215262651,,,,
,,8773,3.746575600871438e-07,,,,
,,8774,1.8503176306694513e-06,,,,
,,8775,2.3323279947362607e-06,,,,
,,8776,2.2493957203550963e-06,,,,
,,8777,1.643002519813308e-06,,,,
,,8778,1.2024553370793e-06,,,,
,,8779,1.2658829291467555e-06,,,,
,,8780,2.9749885470664594e-06,,,,
,,8781,9.479942946200026e-07,,,,
,,8782,8.826471457723528e-06,,,,
,,8783,1.2335492556303507e-06,,,,
,,8784,2.9128145797585603e-06,,,,
,,8785,3.933812422474148e-06,,,,
,,8786,0.0010195092763751745,,,,
,,8787,0.001135210390202701,,,,
,,8788,5.3075336836627685e-06,,,,
,,8789,2.8042127269145567e-06,,,,
,,8790,9.692186040410888e-07,,,,
,,8791,9.070234341379546e-07,,,,
,,8792,1.3164768688511685e-06,,,,
,,8793,3.2924447168625193e-07,,,,
,,8794,7.567179522993683e-07,,,,
,,8795,6.755179242645681e-07,,,,
,,8796,7.379605335700035e-07,,,,
,,8797,3.4627424838618026e-07,,,,
,,8798,7.308026397367939e-07,,,,
,,8799,9.934072977557662e-07,,,,
,,8800,3.2341301903215935e-06,,,,
,,8801,5.980916466796771e-05,,,,
,,8802,8.117565926113457e-07,,,,
,,8803,1.0615267456159927e-06,,,,
,,8804,9.650248102843761e-07,,,,
,,8805,6.868709192531242e-07,,,,
,,8806,1.705192516965326e-06,,,,
,,8807,1.3009270105612813e-06,,,,
,,8808,1.658547603256011e-06,,,,
,,8809,1.498479559813859e-05,,,,
,,8810,4.099636043974897e-06,,,,
,,8811,2.225216803708463e-06,,,,
,,8812,1.9073333987762453e-06,,,,
,,8813,0.0008100992999970913,,,,
,,8814,9.848597983364016e-06,,,,
,,8815,1.4361814919539029e-06,,,,
,,8816,1.5445282315340592e-06,,,,
,,8817,1.979895159820444e-06,,,,
,,8818,1.0331415296604973e-06,,,,
,,8819,1.8762317495202296e-06,,,,
,,8820,1.0955844800264458e-06,,,,
,,8821,9.593469485480455e-07,,,,
,,8822,1.4149533171803341e-06,,,,
,,8823,1.7829402167990338e-06,,,,
,,8824,2.6070110834552906e-06,,,,
,,8825,2.4567095806560246e-06,,,,
,,8826,5.773742032033624e-06,,,,
,,8827,2.7758449050452327e-06,,,,
,,8828,1.0785572612803662e-06,,,,
,,8829,1.6481874354212778e-06,,,,
,,8830,9.491177479503676e-06,,,,
,,8831,1.6222728618231486e-06,,,,
,,8832,3.3429912491556024e-06,,,,
,,8833,3.819802714133402e-06,,,,
,,8834,2.4981800379464403e-06,,,,
,,8835,3.202296284143813e-05,,,,
,,8836,3.4116185361199314e-06,,,,
,,8837,2.622582542244345e-06,,,,
,,8838,0.0013022033963352442,,,,
,,8839,0.0024251423310488462,,,,
,,8840,3.985657258454012e-06,,,,
,,8841,2.333055590497679e-06,,,,
,,8842,1.264651473320555e-06,,,,
,,8843,3.860106403408281e-07,,,,
,,8844,0.0031550328712910414,,,,
,,8845,4.143938383549539e-07,,,,
,,8846,5.165729817235842e-07,,,,
,,8847,3.0653797011837014e-07,,,,
,,8848,5.027517318012542e-07,,,,
,,8849,4.6647065232718887e-07,,,,
,,8850,6.582416745004593e-07,,,,
,,8851,7.776969823680702e-07,,,,
,,8852,1.5007537513156421e-05,,,,
,,8853,1.2545312984002521e-06,,,,
,,8854,8.514928708791558e-07,,,,
,,8855,7.35986191102711e-07,,,,
,,8856,1.051233266480267e-05,,,,
,,8857,8.655612759866926e-07,,,,
,,8858,1.0521479225644725e-06,,,,
,,8859,1.456417521694675e-06,,,,
,,8860,8.685227612659219e-07,,,,
,,8861,3.5591776850196766e-06,,,,
,,8862,5.415369287220528e-06,,,,
,,8863,2.6018426524387905e-06,,,,
,,8864,0.07187775522470474,,,,
,,8865,9.756948566064239e-05,,,,
,,8866,2.1569241653196514e-05,,,,
,,8867,0.00016330520156770945,,,,
,,8868,1.5808077478141058e-06,,,,
,,8869,5.108963705424685e-07,,,,
,,8870,1.061527427737019e-06,,,,
,,8871,6.634248279624444e-07,,,,
,,8872,4.200704779577791e-07,,,,
,,8873,1.2957473245478468e-06,,,,
,,8874,9.43305906275782e-07,,,,
,,8875,7.15254714123148e-07,,,,
,,8876,9.252892709810112e-07,,,,
,,8877,1.1069407719332958e-06,,,,
,,8878,2.803976485665771e-06,,,,
,,8879,2.3997095013328362e-06,,,,
,,8880,1.475919361837441e-06,,,,
,,8881,2.249410954391351e-06,,,,
,,8882,1.5911762147879926e-06,,,,
,,8883,1.4929498775018146e-06,,,,
,,8884,1.5497150798182702e-06,,,,
,,8885,1.30562148115132e-06,,,,
,,8886,1.6008026477720705e-06,,,,
,,8887,5.872137080586981e-06,,,,
,,8888,2.897268814194831e-06,,,,
,,8889,3.467391707090428e-06,,,,
,,8890,0.0008902393165044487,,,,
,,8891,4.752743734570686e-06,,,,
,,8892,8.36698745843023e-06,,,,
,,8893,9.225740882357059e-07,,,,
,,8894,1.5744511983939447e-05,,,,
,,8895,8.603785772720585e-07,,,,
,,8896,8.759272418501496e-07,,,,
,,8897,6.945224981791398e-07,,,,
,,8898,6.997060495450569e-07,,,,
,,8899,6.130750307420385e-07,,,,
,,8900,5.442158226287575e-07,,,,
,,8901,4.3710002728403197e-07,,,,
,,8902,1.6972936691672658e-06,,,,
,,8903,1.0987965879394324e-06,,,,
,,8904,7.929996854727506e-07,,,,
,,8905,1.295749711971439e-06,,,,
,,8906,8.08549032171868e-07,,,,
,,8907,7.774506798341463e-07,,,,
,,8908,1.0955878906315775e-06,,,,
,,8909,7.095781597854511e-07,,,,
,,8910,1.7256901401196956e-06,,,,
,,8911,7.463528390871943e-07,,,,
,,8912,8.137315603562456e-07,,,,
,,8913,3.949384336010553e-06,,,,
,,8914,0.0025106314569711685,,,,
,,8915,1.5548977216894855e-06,,,,
,,8916,0.001630238490179181,,,,
,,8917,0.0031329954508692026,,,,
,,8918,1.1352154615451582e-05,,,,
,,8919,5.649478111990902e-07,,,,
,,8920,8.137300255839364e-07,,,,
,,8921,3.405974098313891e-07,,,,
,,8922,5.597646008936863e-07,,,,
,,8923,4.0427474345960945e-07,,,,
,,8924,2.3841845120387006e-07,,,,
,,8925,5.108958589516988e-07,,,,
,,8926,3.7465741797859664e-07,,,,
,,8927,9.082584710995434e-07,,,,
,,8928,3.057975845877081e-07,,,,
,,8929,3.0259587219916284e-05,,,,
,,8930,8.551953101232357e-07,,,,
,,8931,8.396457360504428e-07,,,,
,,8932,7.929996854727506e-07,,,,
,,8933,6.982245395192876e-07,,,,
,,8934,1.8732710032054456e-06,,,,
,,8935,5.649475838254148e-07,,,,
,,8936,1.0521491731196875e-06,,,,
,,8937,7.048884640425968e-07,,,,
,,8938,6.2837657424097415e-06,,,,
,,8939,4.4831667764810845e-06,,,,
,,8940,1.935718046297552e-06,,,,
,,8941,2.1911596377321985e-06,,,,
,,8942,1.8244044213133748e-06,,,,
,,8943,0.006965219043195248,,,,
,,8944,1.953974788193591e-06,,,,
,,8945,6.375092311827757e-07,,,,
,,8946,1.14025647235394e-06,,,,
,,8947,5.545813905882824e-07,,,,
,,8948,4.314233024160785e-07,,,,
,,8949,5.493984076565539e-07,,,,
,,8950,4.881898121311679e-07,,,,
,,8951,0.07458914071321487,,,,
,,8952,3.4726156172837364e-07,,,,
,,8953,9.423166602573474e-07,,,,
,,8954,3.628105673669779e-07,,,,
,,8955,1.409770220561768e-06,,,,
,,8956,7.720199732830224e-07,,,,
,,8957,6.92547473590821e-07,,,,
,,8958,5.493986350302293e-07,,,,
,,8959,0.013998574577271938,,,,
,,8960,1.0558491112533375e-06,,,,
,,8961,5.2866647592964e-07,,,,
,,8962,1.186906274597277e-06,,,,
,,8963,8.707435767973948e-07,,,,
,,8964,1.672955659159925e-05,,,,
,,8965,6.0453012338257395e-06,,,,
,,8966,0.0007556318305432796,,,,
,,8967,1.6632400274829706e-06,,,,
,,8968,1.6326328022842063e-06,,,,
,,8969,2.202755013058777e-06,,,,
,,8970,5.619856437988346e-07,,,,
,,8971,5.493988055604859e-07,,,,
,,8972,0.0025357287377119064,,,,
,,8973,5.790151931250875e-07,,,,
,,8974,3.46274362073018e-07,,,,
,,8975,7.308032081709825e-07,,,,
,,8976,2.8383146855048835e-07,,,,
,,8977,5.545817316487955e-07,,,,
,,8978,5.856796860825852e-07,,,,
,,8979,5.545817884922144e-07,,,,
,,8980,8.969053624241496e-07,,,,
,,8981,2.73608679890458e-06,,,,
17,,8981,,0.0033216553274542093,,,
17,,8981,,,0.9679358601570129,0.9739478826522827,0.007607924751937389
18,4.130838533455972e-06,8982,,,,,
18,4.0343835280509666e-05,8983,,,,,
18,0.00026148921460844576,8984,,,,,
18,5.6580214732093737e-05,8985,,,,,
18,1.2930776392749976e-05,8986,,,,,
18,9.332216905022506e-06,8987,,,,,
18,2.5825593183981255e-05,8988,,,,,
18,1.7818305423134007e-05,8989,,,,,
18,8.894967322703451e-06,8990,,,,,
18,0.020182272419333458,8991,,,,,
18,0.00011081727279815823,8992,,,,,
18,1.875053385447245e-05,8993,,,,,
18,3.394879604456946e-05,8994,,,,,
18,3.0023213184904307e-05,8995,,,,,
18,0.0008066560258157551,8996,,,,,
18,0.015274771489202976,8997,,,,,
18,0.004922784399241209,8998,,,,,
18,1.1495530088723172e-05,8999,,,,,
18,1.8764847482088953e-05,9000,,,,,
18,0.018454313278198242,9001,,,,,
18,0.00016346617485396564,9002,,,,,
18,6.222892261575907e-05,9003,,,,,
18,0.00015932162932585925,9004,,,,,
18,0.01697402261197567,9005,,,,,
18,5.509219045052305e-05,9006,,,,,
18,5.598696952802129e-05,9007,,,,,
18,5.2729654271388426e-05,9008,,,,,
18,1.2489938853832427e-05,9009,,,,,
18,0.03222956880927086,9010,,,,,
18,2.324980050616432e-05,9011,,,,,
18,0.00024289586872328073,9012,,,,,
18,0.0007473364239558578,9013,,,,,
18,3.629752609413117e-05,9014,,,,,
18,3.465651025180705e-05,9015,,,,,
18,7.876560266595334e-05,9016,,,,,
18,5.5590993724763393e-05,9017,,,,,
18,2.0888352082693018e-05,9018,,,,,
18,7.820971404726151e-06,9019,,,,,
18,2.6586800231598318e-05,9020,,,,,
18,0.0022220441605895758,9021,,,,,
18,0.0002824561670422554,9022,,,,,
18,0.0003283603582531214,9023,,,,,
18,2.146197402908001e-05,9024,,,,,
18,0.0006157842581160367,9025,,,,,
18,0.024954432621598244,9026,,,,,
18,0.0030879538971930742,9027,,,,,
18,2.8319191187620163e-05,9028,,,,,
18,3.2661078876117244e-05,9029,,,,,
18,1.199999860546086e-05,9030,,,,,
18,8.486160368192941e-06,9031,,,,,
18,0.0063872491009533405,9032,,,,,
18,0.00010631965415086597,9033,,,,,
18,6.745821883669123e-05,9034,,,,,
18,2.8203476176713593e-05,9035,,,,,
18,0.00029081516549922526,9036,,,,,
18,6.77568168612197e-05,9037,,,,,
18,0.2448749542236328,9038,,,,,
18,8.205593621823937e-05,9039,,,,,
18,0.0006396618555299938,9040,,,,,
18,0.0029094084165990353,9041,,,,,
18,3.519242227412178e-06,9042,,,,,
18,8.007400901988149e-05,9043,,,,,
18,0.12952198088169098,9044,,,,,
18,9.653369488660246e-05,9045,,,,,
18,0.0005628282087855041,9046,,,,,
18,0.0022865047212690115,9047,,,,,
18,0.00011494002683321014,9048,,,,,
18,1.788074769137893e-05,9049,,,,,
18,0.08935083448886871,9050,,,,,
18,0.00034050113754346967,9051,,,,,
18,0.0005340861389413476,9052,,,,,
18,0.00035523471888154745,9053,,,,,
18,0.00011368335981387645,9054,,,,,
18,0.0008797554182820022,9055,,,,,
18,5.8722496760310605e-05,9056,,,,,
18,0.001013962784782052,9057,,,,,
18,0.000886638939846307,9058,,,,,
18,0.15351681411266327,9059,,,,,
18,9.971309191314504e-05,9060,,,,,
18,0.0008333028526976705,9061,,,,,
18,0.000203923525987193,9062,,,,,
18,0.0019072112627327442,9063,,,,,
18,0.008162615820765495,9064,,,,,
18,0.0006640450446866453,9065,,,,,
18,0.001108019263483584,9066,,,,,
18,0.00020793138537555933,9067,,,,,
18,0.001780166057869792,9068,,,,,
18,0.0017708282684907317,9069,,,,,
18,5.0051963626174256e-05,9070,,,,,
18,0.0005188125069253147,9071,,,,,
18,0.0001227264729095623,9072,,,,,
18,0.004857571329921484,9073,,,,,
18,0.0002524414740037173,9074,,,,,
18,0.00181843270547688,9075,,,,,
18,0.00042949937051162124,9076,,,,,
18,0.0031200938392430544,9077,,,,,
18,0.0003931666142307222,9078,,,,,
18,0.04742443189024925,9079,,,,,
18,0.00037390098441392183,9080,,,,,
18,8.122455619741231e-05,9081,,,,,
18,0.00010998827201547101,9082,,,,,
18,0.000907593872398138,9083,,,,,
18,0.0005665484350174665,9084,,,,,
18,0.00644890358671546,9085,,,,,
18,7.5862008088734e-05,9086,,,,,
18,0.0008801894728094339,9087,,,,,
18,0.12957918643951416,9088,,,,,
18,0.04557338356971741,9089,,,,,
18,0.000339379592332989,9090,,,,,
18,0.0005798461497761309,9091,,,,,
18,0.0009527701186016202,9092,,,,,
18,0.0006515596760436893,9093,,,,,
18,0.0008722622296772897,9094,,,,,
18,2.8929356631124392e-05,9095,,,,,
18,0.0012985317735001445,9096,,,,,
18,0.0011534221703186631,9097,,,,,
18,0.00016892100393306464,9098,,,,,
18,0.00040707678999751806,9099,,,,,
18,0.0005125147290527821,9100,,,,,
18,0.00022371936938725412,9101,,,,,
18,0.0020907733123749495,9102,,,,,
18,0.01837424747645855,9103,,,,,
18,0.5870919227600098,9104,,,,,
18,0.0017010406590998173,9105,,,,,
18,0.01190512627363205,9106,,,,,
18,0.1665852814912796,9107,,,,,
18,7.539601210737601e-05,9108,,,,,
18,0.011546571739017963,9109,,,,,
18,0.0004985855193808675,9110,,,,,
18,0.012588324025273323,9111,,,,,
18,0.0002486530283931643,9112,,,,,
18,0.0004953013849444687,9113,,,,,
18,0.0003282297111582011,9114,,,,,
18,0.004529892932623625,9115,,,,,
18,0.0004391602997202426,9116,,,,,
18,0.00022257314412854612,9117,,,,,
18,0.0002990971552208066,9118,,,,,
18,0.017977274954319,9119,,,,,
18,0.000595786958001554,9120,,,,,
18,0.006131438072770834,9121,,,,,
18,0.0011729641119018197,9122,,,,,
18,0.2816411852836609,9123,,,,,
18,0.003160799155011773,9124,,,,,
18,0.0021768209990113974,9125,,,,,
18,0.002577411010861397,9126,,,,,
18,0.037879250943660736,9127,,,,,
18,0.0028858815785497427,9128,,,,,
18,0.00012214078742545098,9129,,,,,
18,0.0005660679889842868,9130,,,,,
18,0.00023422444064635783,9131,,,,,
18,0.001494329422712326,9132,,,,,
18,0.0007148236036300659,9133,,,,,
18,0.0014842806849628687,9134,,,,,
18,0.0004603377601597458,9135,,,,,
18,0.04162649065256119,9136,,,,,
18,0.00020621527801267803,9137,,,,,
18,0.004551755730062723,9138,,,,,
18,0.0003712609177455306,9139,,,,,
18,0.01170253474265337,9140,,,,,
18,0.0020971668418496847,9141,,,,,
18,0.0005692701088264585,9142,,,,,
18,0.0071937465108931065,9143,,,,,
18,0.00015611534763593227,9144,,,,,
18,0.008975800126791,9145,,,,,
18,0.0004022121720481664,9146,,,,,
18,0.0009668363491073251,9147,,,,,
18,0.0002036106016021222,9148,,,,,
18,0.06920130550861359,9149,,,,,
18,0.0002402898098807782,9150,,,,,
18,0.0032097885850816965,9151,,,,,
18,0.00017800340719986707,9152,,,,,
18,3.263973485445604e-05,9153,,,,,
18,0.00013083747762721032,9154,,,,,
18,0.00045523938024416566,9155,,,,,
18,0.0015842214925214648,9156,,,,,
18,0.00033825839636847377,9157,,,,,
18,0.0017530040349811316,9158,,,,,
18,0.008286707103252411,9159,,,,,
18,0.0025983944069594145,9160,,,,,
18,0.0008394851465709507,9161,,,,,
18,0.001587918377481401,9162,,,,,
18,0.00022667870507575572,9163,,,,,
18,0.004489132668823004,9164,,,,,
18,0.0018646331736817956,9165,,,,,
18,6.976785516599193e-05,9166,,,,,
18,0.022482629865407944,9167,,,,,
18,0.00020762841450050473,9168,,,,,
18,0.0014554877998307347,9169,,,,,
18,0.002321199979633093,9170,,,,,
18,8.66848713485524e-05,9171,,,,,
18,3.154554360662587e-05,9172,,,,,
18,0.0009242168162018061,9173,,,,,
18,0.00032063567778095603,9174,,,,,
18,2.7078998755314387e-05,9175,,,,,
18,2.4742765162955038e-05,9176,,,,,
18,5.498950486071408e-05,9177,,,,,
18,4.593779522110708e-05,9178,,,,,
18,0.00012649866403080523,9179,,,,,
18,0.005676483269780874,9180,,,,,
18,0.0011551248608157039,9181,,,,,
18,0.00018748550792224705,9182,,,,,
18,2.252879858133383e-05,9183,,,,,
18,0.00025733764050528407,9184,,,,,
18,8.320153574459255e-05,9185,,,,,
18,0.009614899754524231,9186,,,,,
18,0.0004609969037119299,9187,,,,,
18,9.718738874653354e-05,9188,,,,,
18,7.039189949864522e-05,9189,,,,,
18,5.957604662398808e-05,9190,,,,,
18,1.7687591025605798e-05,9191,,,,,
18,5.084408712718869e-06,9192,,,,,
18,0.00021277875930536538,9193,,,,,
18,3.3641797926975414e-05,9194,,,,,
18,0.00010452517017256469,9195,,,,,
18,0.0001380163012072444,9196,,,,,
18,0.00039597178692929447,9197,,,,,
18,0.00019286504539195448,9198,,,,,
18,6.879591819597408e-05,9199,,,,,
18,5.465198773890734e-05,9200,,,,,
18,0.00885840319097042,9201,,,,,
18,0.00010387221118435264,9202,,,,,
18,9.95665595837636e-06,9203,,,,,
18,2.2114159946795553e-05,9204,,,,,
18,0.0005900664255023003,9205,,,,,
18,0.0008413923205807805,9206,,,,,
18,9.583141945768148e-06,9207,,,,,
18,1.092510501621291e-05,9208,,,,,
18,3.970234320149757e-05,9209,,,,,
18,0.00011812456796178594,9210,,,,,
18,9.412765939487144e-05,9211,,,,,
18,0.0003016157716047019,9212,,,,,
18,1.201911800308153e-05,9213,,,,,
18,1.3361299352254719e-05,9214,,,,,
18,0.000890222261659801,9215,,,,,
18,0.014335691928863525,9216,,,,,
18,0.0010473302099853754,9217,,,,,
18,0.0026269410736858845,9218,,,,,
18,0.0006303067202679813,9219,,,,,
18,5.7690340327098966e-05,9220,,,,,
18,6.263208342716098e-05,9221,,,,,
18,3.208724228898063e-05,9222,,,,,
18,0.0011894273338839412,9223,,,,,
18,3.935595668735914e-05,9224,,,,,
18,0.00011314117728034034,9225,,,,,
18,0.000350484304362908,9226,,,,,
18,1.0655965525074862e-05,9227,,,,,
18,0.00010055751772597432,9228,,,,,
18,0.08886827528476715,9229,,,,,
18,5.109451376483776e-05,9230,,,,,
18,3.4207580483780475e-06,9231,,,,,
18,0.00013370501983445138,9232,,,,,
18,0.003506101667881012,9233,,,,,
18,0.0014140683924779296,9234,,,,,
18,7.277855183929205e-05,9235,,,,,
18,0.0011990652419626713,9236,,,,,
18,0.00036452821223065257,9237,,,,,
18,0.0001717282138997689,9238,,,,,
18,0.007670884020626545,9239,,,,,
18,0.0035447918344289064,9240,,,,,
18,3.1314633815782145e-05,9241,,,,,
18,0.23895393311977386,9242,,,,,
18,0.051560111343860626,9243,,,,,
18,0.00028496846789494157,9244,,,,,
18,0.00027847496676258743,9245,,,,,
18,7.3170376708731055e-06,9246,,,,,
18,0.00036596806603483856,9247,,,,,
18,0.0001248014159500599,9248,,,,,
18,1.5439645721926354e-05,9249,,,,,
18,9.099800081457943e-05,9250,,,,,
18,0.001055000931955874,9251,,,,,
18,9.021855657920241e-05,9252,,,,,
18,0.00016748017515055835,9253,,,,,
18,0.00019549464923329651,9254,,,,,
18,0.005106406286358833,9255,,,,,
18,0.022967452183365822,9256,,,,,
18,0.029842497780919075,9257,,,,,
18,0.0004284987226128578,9258,,,,,
18,0.00025399145670235157,9259,,,,,
18,0.20788896083831787,9260,,,,,
18,5.999767381581478e-05,9261,,,,,
18,0.0023446232080459595,9262,,,,,
18,7.228609320009127e-05,9263,,,,,
18,0.0008134716190397739,9264,,,,,
18,0.003322777571156621,9265,,,,,
18,6.326360744424164e-05,9266,,,,,
18,0.0027157661970704794,9267,,,,,
18,0.0002732972498051822,9268,,,,,
18,0.00012317279470153153,9269,,,,,
18,3.9461287087760866e-05,9270,,,,,
18,0.13880519568920135,9271,,,,,
18,0.0003660685906652361,9272,,,,,
18,0.19374758005142212,9273,,,,,
18,0.0024516680277884007,9274,,,,,
18,0.0010208598105236888,9275,,,,,
18,0.0002961387508548796,9276,,,,,
18,0.000457100075436756,9277,,,,,
18,0.00019207780133001506,9278,,,,,
18,0.0019416296854615211,9279,,,,,
18,0.012346455827355385,9280,,,,,
18,0.00013633331400342286,9281,,,,,
18,0.0001895149180199951,9282,,,,,
18,9.952836990123615e-05,9283,,,,,
18,7.191491749836132e-05,9284,,,,,
18,0.0013851874973624945,9285,,,,,
18,0.0001483224332332611,9286,,,,,
18,0.001362142851576209,9287,,,,,
18,0.0004642777785193175,9288,,,,,
18,5.151573714101687e-05,9289,,,,,
18,6.316612416412681e-05,9290,,,,,
18,0.00011709298996720463,9291,,,,,
18,9.298685472458601e-05,9292,,,,,
18,7.746365736238658e-05,9293,,,,,
18,0.13954773545265198,9294,,,,,
18,3.5115546779707074e-05,9295,,,,,
18,0.00013723931624554098,9296,,,,,
18,0.000620501406956464,9297,,,,,
18,0.00023917120415717363,9298,,,,,
18,0.0020550780463963747,9299,,,,,
18,0.0009683825192041695,9300,,,,,
18,7.353360706474632e-05,9301,,,,,
18,0.00012012099614366889,9302,,,,,
18,0.024445202201604843,9303,,,,,
18,0.0007656250381842256,9304,,,,,
18,0.01428339071571827,9305,,,,,
18,2.4513670723536052e-05,9306,,,,,
18,0.00013481327914632857,9307,,,,,
18,0.0003412999212741852,9308,,,,,
18,0.00045727353426627815,9309,,,,,
18,0.02346549928188324,9310,,,,,
18,0.01659993827342987,9311,,,,,
18,0.23909971117973328,9312,,,,,
18,0.0005442819092422724,9313,,,,,
18,0.00402955012395978,9314,,,,,
18,3.6801407986786216e-05,9315,,,,,
18,0.00407535070553422,9316,,,,,
18,8.102590800262988e-05,9317,,,,,
18,0.00011696112051140517,9318,,,,,
18,9.428364865016192e-05,9319,,,,,
18,0.00024273694725707173,9320,,,,,
18,0.001115157618187368,9321,,,,,
18,0.001201589941047132,9322,,,,,
18,0.0001956228952622041,9323,,,,,
18,0.004118379671126604,9324,,,,,
18,0.05225971341133118,9325,,,,,
18,0.0005907170125283301,9326,,,,,
18,0.0012476590927690268,9327,,,,,
18,7.19917516107671e-05,9328,,,,,
18,0.011968350037932396,9329,,,,,
18,0.00022566327243112028,9330,,,,,
18,0.0003837363328784704,9331,,,,,
18,0.007851406000554562,9332,,,,,
18,0.00765503803268075,9333,,,,,
18,0.00020258263975847512,9334,,,,,
18,0.016138127073645592,9335,,,,,
18,0.09952382743358612,9336,,,,,
18,0.0037118352483958006,9337,,,,,
18,0.0528990812599659,9338,,,,,
18,0.00041110391612164676,9339,,,,,
18,0.01615988276898861,9340,,,,,
18,8.015883940970525e-05,9341,,,,,
18,0.00010258443944621831,9342,,,,,
18,6.428088818211108e-05,9343,,,,,
18,5.373575186240487e-05,9344,,,,,
18,0.00017559957632329315,9345,,,,,
18,0.008052421733736992,9346,,,,,
18,0.29417312145233154,9347,,,,,
18,0.00020822015358135104,9348,,,,,
18,0.0017529565375298262,9349,,,,,
18,0.0014048954471945763,9350,,,,,
18,0.002665129955857992,9351,,,,,
18,0.0005461953696794808,9352,,,,,
18,0.001187457935884595,9353,,,,,
18,0.00034613863681443036,9354,,,,,
18,0.03440017253160477,9355,,,,,
18,0.00011302192433504388,9356,,,,,
18,0.0034448369406163692,9357,,,,,
18,0.00013709941413253546,9358,,,,,
18,0.048883967101573944,9359,,,,,
18,0.002598580438643694,9360,,,,,
18,0.004304823465645313,9361,,,,,
18,7.21495525795035e-05,9362,,,,,
18,0.0005330059211701155,9363,,,,,
18,0.001942800241522491,9364,,,,,
18,0.026947569102048874,9365,,,,,
18,0.0012447800254449248,9366,,,,,
18,0.002189448568969965,9367,,,,,
18,0.0004364224150776863,9368,,,,,
18,0.002629416761919856,9369,,,,,
18,0.0003219592326786369,9370,,,,,
18,0.0028394260443747044,9371,,,,,
18,0.01147005707025528,9372,,,,,
18,0.015571443364024162,9373,,,,,
18,0.003951667807996273,9374,,,,,
18,0.0001958513748832047,9375,,,,,
18,0.004072736948728561,9376,,,,,
18,0.000779668043833226,9377,,,,,
18,0.002050139242783189,9378,,,,,
18,6.901880988152698e-05,9379,,,,,
18,0.00548740616068244,9380,,,,,
18,0.00014729246322531253,9381,,,,,
18,0.004739717114716768,9382,,,,,
18,0.0007464421796612442,9383,,,,,
18,0.009268475696444511,9384,,,,,
18,0.0005697181914001703,9385,,,,,
18,0.0007302744197659194,9386,,,,,
18,0.00029949299641884863,9387,,,,,
18,0.00011590067151701078,9388,,,,,
18,0.0002692006528377533,9389,,,,,
18,0.00025157316122204065,9390,,,,,
18,0.00010865928925340995,9391,,,,,
18,0.00017976373783312738,9392,,,,,
18,0.00016335131658706814,9393,,,,,
18,0.000344877626048401,9394,,,,,
18,0.00046983137144707143,9395,,,,,
18,9.594899165676907e-05,9396,,,,,
18,0.00030876314849592745,9397,,,,,
18,9.902472083922476e-05,9398,,,,,
18,0.00011447522410890087,9399,,,,,
18,0.00017127675528172404,9400,,,,,
18,1.6603622498223558e-05,9401,,,,,
18,0.006851392798125744,9402,,,,,
18,7.169025775510818e-05,9403,,,,,
18,0.01792386919260025,9404,,,,,
18,3.6219629691913724e-05,9405,,,,,
18,0.031816400587558746,9406,,,,,
18,0.0010503121884539723,9407,,,,,
18,3.5021603252971545e-05,9408,,,,,
18,0.0005695450236089528,9409,,,,,
18,7.620400720043108e-05,9410,,,,,
18,0.0032165679149329662,9411,,,,,
18,0.0002925608423538506,9412,,,,,
18,0.00015320225793402642,9413,,,,,
18,3.942569310311228e-05,9414,,,,,
18,0.00026171375066041946,9415,,,,,
18,0.00030330847948789597,9416,,,,,
18,8.344365051016212e-05,9417,,,,,
18,0.0002606581256259233,9418,,,,,
18,2.399529876129236e-05,9419,,,,,
18,4.7974182962207124e-05,9420,,,,,
18,0.0016761235892772675,9421,,,,,
18,0.00025249007740058005,9422,,,,,
18,0.005709467455744743,9423,,,,,
18,0.00017514245701022446,9424,,,,,
18,2.2285696104518138e-05,9425,,,,,
18,3.5186647437512875e-05,9426,,,,,
18,0.008422797545790672,9427,,,,,
18,0.0019803938921540976,9428,,,,,
18,0.00016666513693053275,9429,,,,,
18,6.00037892581895e-05,9430,,,,,
18,0.0037041862960904837,9431,,,,,
18,0.00011399793584132567,9432,,,,,
18,0.00010396511788712814,9433,,,,,
18,0.0005268257227726281,9434,,,,,
18,2.440428033878561e-05,9435,,,,,
18,0.45018231868743896,9436,,,,,
18,0.005045679863542318,9437,,,,,
18,1.721737498883158e-05,9438,,,,,
18,0.00020768633112311363,9439,,,,,
18,0.0024065962061285973,9440,,,,,
18,0.0815051794052124,9441,,,,,
18,0.002965644234791398,9442,,,,,
18,0.00023641700681764632,9443,,,,,
18,0.16789567470550537,9444,,,,,
18,0.008143617771565914,9445,,,,,
18,0.004265487659722567,9446,,,,,
18,0.008255694061517715,9447,,,,,
18,0.005776368547230959,9448,,,,,
18,0.000815199629869312,9449,,,,,
18,0.0029882597737014294,9450,,,,,
18,0.0005366150289773941,9451,,,,,
18,0.01778339594602585,9452,,,,,
18,0.000570856558624655,9453,,,,,
18,0.001524314284324646,9454,,,,,
18,0.000126590472063981,9455,,,,,
18,1.4361758076120168e-05,9456,,,,,
18,0.004172384738922119,9457,,,,,
18,0.001490514725446701,9458,,,,,
18,0.0039151571691036224,9459,,,,,
18,0.12641890347003937,9460,,,,,
18,0.0018235135357826948,9461,,,,,
18,0.0006672017043456435,9462,,,,,
18,0.00244765798561275,9463,,,,,
18,0.0029889692086726427,9464,,,,,
18,0.0006406919565051794,9465,,,,,
18,0.020806582644581795,9466,,,,,
18,0.08900301158428192,9467,,,,,
18,2.5757690309546888e-05,9468,,,,,
18,0.0002616369165480137,9469,,,,,
18,0.00022201168758329004,9470,,,,,
18,0.0004351255774963647,9471,,,,,
18,0.002463205251842737,9472,,,,,
18,0.00019946307293139398,9473,,,,,
18,0.0175425224006176,9474,,,,,
18,0.0021292080637067556,9475,,,,,
18,0.0003451635711826384,9476,,,,,
18,0.00899201724678278,9477,,,,,
18,0.001371046295389533,9478,,,,,
18,0.0017194281099364161,9479,,,,,
18,0.00028968325932510197,9480,,,,,
,,8982,2.8454376206354937e-06,,,,
,,8983,4.633480330085149e-06,,,,
,,8984,0.00030568186775781214,,,,
,,8985,2.78476181847509e-05,,,,
,,8986,0.00014571359497494996,,,,
,,8987,9.429914643988013e-05,,,,
,,8988,9.13193252927158e-06,,,,
,,8989,1.1956555681535974e-05,,,,
,,8990,8.976399840321392e-06,,,,
,,8991,0.00018658358021639287,,,,
,,8992,5.967227116343565e-05,,,,
,,8993,3.830188234132947e-06,,,,
,,8994,0.00012808827159460634,,,,
,,8995,7.007285603322089e-06,,,,
,,8996,1.1438271030783653e-05,,,,
,,8997,2.563079760875553e-05,,,,
,,8998,3.981981717515737e-05,,,,
,,8999,0.027013959363102913,,,,
,,9000,0.0007717618136666715,,,,
,,9001,0.00015852914657443762,,,,
,,9002,0.00028985849348828197,,,,
,,9003,6.476252747233957e-05,,,,
,,9004,2.8143458621343598e-06,,,,
,,9005,8.04371120466385e-06,,,,
,,9006,5.975831300020218e-06,,,,
,,9007,3.1408731047122274e-06,,,,
,,9008,1.871057861535519e-06,,,,
,,9009,1.5994368368410505e-05,,,,
,,9010,1.7878770449897274e-05,,,,
,,9011,1.6651441910653375e-05,,,,
,,9012,8.4303981566336e-05,,,,
,,9013,2.0013854737044312e-05,,,,
,,9014,0.00014784208906348795,,,,
,,9015,1.5827106835786253e-05,,,,
,,9016,5.156984116183594e-06,,,,
,,9017,3.88819353247527e-05,,,,
,,9018,0.0003915113920811564,,,,
,,9019,8.622587483841926e-05,,,,
,,9020,2.5966758130380185e-06,,,,
,,9021,0.00016671839694026858,,,,
,,9022,3.773041316890158e-05,,,,
,,9023,1.0588491932139732e-05,,,,
,,9024,1.0914960512309335e-05,,,,
,,9025,0.034603577107191086,,,,
,,9026,1.1567803085199557e-05,,,,
,,9027,7.820009341230616e-05,,,,
,,9028,0.00014878460206091404,,,,
,,9029,4.664609605242731e-06,,,,
,,9030,6.146866780909477e-06,,,,
,,9031,6.785774894524366e-05,,,,
,,9032,2.068009962385986e-06,,,,
,,9033,2.6798072212841362e-05,,,,
,,9034,6.311790639301762e-05,,,,
,,9035,1.0875557563849725e-05,,,,
,,9036,1.5341662447099225e-06,,,,
,,9037,1.1143451956741046e-06,,,,
,,9038,3.157453102176078e-05,,,,
,,9039,7.92440005170647e-06,,,,
,,9040,8.276850167021621e-06,,,,
,,9041,2.9903440008638427e-05,,,,
,,9042,2.8558204121509334e-06,,,,
,,9043,4.5093442167853937e-05,,,,
,,9044,0.00011136772809550166,,,,
,,9045,3.975329036620678e-06,,,,
,,9046,5.727069492422743e-06,,,,
,,9047,0.00017299759201705456,,,,
,,9048,1.085757503460627e-05,,,,
,,9049,9.323861377197318e-06,,,,
,,9050,3.707486030180007e-05,,,,
,,9051,0.011734179221093655,,,,
,,9052,8.427293323620688e-06,,,,
,,9053,5.986271389701869e-06,,,,
,,9054,1.3438580026559066e-05,,,,
,,9055,1.964353032235522e-06,,,,
,,9056,0.00042952128569595516,,,,
,,9057,8.373487798962742e-05,,,,
,,9058,1.686306859483011e-05,,,,
,,9059,2.408708314760588e-05,,,,
,,9060,6.970058166189119e-05,,,,
,,9061,1.8244147668156074e-06,,,,
,,9062,4.566157713270513e-06,,,,
,,9063,0.00017786782700568438,,,,
,,9064,4.181517942924984e-05,,,,
,,9065,0.008181089535355568,,,,
,,9066,2.8433583793230355e-05,,,,
,,9067,3.336235386086628e-05,,,,
,,9068,3.5399702937866095e-06,,,,
,,9069,3.203081178071443e-06,,,,
,,9070,3.918320089724148e-06,,,,
,,9071,1.7045778804458678e-05,,,,
,,9072,3.275643166489317e-06,,,,
,,9073,3.415583705645986e-06,,,,
,,9074,3.611825741245411e-05,,,,
,,9075,4.1342318581882864e-05,,,,
,,9076,0.0081914272159338,,,,
,,9077,0.01956743560731411,,,,
,,9078,9.39122310228413e-06,,,,
,,9079,2.189970837207511e-05,,,,
,,9080,1.0442041158676147,,,,
,,9081,5.260650596028427e-06,,,,
,,9082,9.851442882791162e-05,,,,
,,9083,7.026181992841884e-05,,,,
,,9084,1.4922250556992367e-05,,,,
,,9085,1.7207547671205248e-06,,,,
,,9086,0.000122987330541946,,,,
,,9087,7.743028618278913e-06,,,,
,,9088,1.4875205351927434e-06,,,,
,,9089,1.7881301346278633e-06,,,,
,,9090,5.024647543905303e-05,,,,
,,9091,8.265032374765724e-05,,,,
,,9092,0.0001788746885722503,,,,
,,9093,7.981841918081045e-05,,,,
,,9094,7.017486950644525e-06,,,,
,,9095,8.437529686489142e-06,,,,
,,9096,0.00020030733139719814,,,,
,,9097,6.551232218043879e-06,,,,
,,9098,2.280516582686687e-06,,,,
,,9099,2.190759732911829e-05,,,,
,,9100,2.470216350047849e-05,,,,
,,9101,7.981606358953286e-06,,,,
,,9102,6.105450211180141e-06,,,,
,,9103,0.015880640596151352,,,,
,,9104,8.826315934129525e-06,,,,
,,9105,8.505052392138168e-06,,,,
,,9106,0.0001694297097856179,,,,
,,9107,1.6999014405882917e-05,,,,
,,9108,1.875833004305605e-05,,,,
,,9109,5.887173392693512e-05,,,,
,,9110,1.8503272940506577e-06,,,,
,,9111,5.861816589458613e-06,,,,
,,9112,0.00011520126281538978,,,,
,,9113,2.4981929982459405e-06,,,,
,,9114,1.2698346836259589e-06,,,,
,,9115,1.72257477970561e-05,,,,
,,9116,5.180329753784463e-05,,,,
,,9117,6.714668415952474e-05,,,,
,,9118,4.633528988051694e-06,,,,
,,9119,0.00011192444071639329,,,,
,,9120,1.0044258488051128e-05,,,,
,,9121,4.156719114689622e-06,,,,
,,9122,4.794210326508619e-06,,,,
,,9123,2.7236173991695978e-05,,,,
,,9124,3.2285133784171194e-05,,,,
,,9125,0.00010106881381943822,,,,
,,9126,0.9890081286430359,,,,
,,9127,1.1153201739944052e-05,,,,
,,9128,1.2164050531282555e-05,,,,
,,9129,0.005028760526329279,,,,
,,9130,9.396359928359743e-06,,,,
,,9131,0.00011734208965208381,,,,
,,9132,3.9744205423630774e-05,,,,
,,9133,1.378675619889691e-06,,,,
,,9134,0.000343214109307155,,,,
,,9135,1.3683099950867472e-06,,,,
,,9136,2.3582583708048332e-06,,,,
,,9137,3.467404440016253e-06,,,,
,,9138,0.00010070154530694708,,,,
,,9139,3.3914118830580264e-05,,,,
,,9140,1.4667878076579655e-06,,,,
,,9141,1.0813130757014733e-05,,,,
,,9142,3.1606632546754554e-05,,,,
,,9143,5.203594810154755e-06,,,,
,,9144,1.9614984921645373e-05,,,,
,,9145,1.4309277503343765e-05,,,,
,,9146,0.5557181239128113,,,,
,,9147,2.3167935978563037e-06,,,,
,,9148,6.107749504735693e-05,,,,
,,9149,0.00011582444130908698,,,,
,,9150,3.8077865610830486e-05,,,,
,,9151,1.6585597677476471e-06,,,,
,,9152,2.1042951630079187e-06,,,,
,,9153,3.055352499359287e-05,,,,
,,9154,7.686256140004843e-06,,,,
,,9155,8.655423698655795e-06,,,,
,,9156,0.0061903647147119045,,,,
,,9157,0.005420852452516556,,,,
,,9158,0.00014672099496237934,,,,
,,9159,0.00011736084707081318,,,,
,,9160,3.2134273624251364e-06,,,,
,,9161,8.64771573105827e-05,,,,
,,9162,8.323680049215909e-06,,,,
,,9163,3.089056917815469e-06,,,,
,,9164,2.9853956675651716e-06,,,,
,,9165,1.8349932361161336e-05,,,,
,,9166,1.328771668340778e-05,,,,
,,9167,1.8503291130400612e-06,,,,
,,9168,1.917708004839369e-06,,,,
,,9169,0.00012600216723512858,,,,
,,9170,8.821146366244648e-06,,,,
,,9171,1.1951514352404047e-05,,,,
,,9172,1.1163695489813108e-05,,,,
,,9173,2.9207429179223254e-05,,,,
,,9174,0.0002471072075422853,,,,
,,9175,4.813684427062981e-05,,,,
,,9176,1.3023899555264506e-05,,,,
,,9177,0.00020221492741256952,,,,
,,9178,7.701692084083334e-06,,,,
,,9179,1.7429159925086424e-05,,,,
,,9180,3.0568822694476694e-05,,,,
,,9181,6.787540041841567e-05,,,,
,,9182,1.0500180906092282e-05,,,,
,,9183,0.007655818480998278,,,,
,,9184,0.00013800857414025813,,,,
,,9185,7.131625352485571e-06,,,,
,,9186,1.5630088455509394e-05,,,,
,,9187,8.04978990345262e-05,,,,
,,9188,2.171665300920722e-06,,,,
,,9189,1.7259372953049024e-06,,,,
,,9190,1.2913182217744179e-05,,,,
,,9191,6.829945050412789e-05,,,,
,,9192,1.7984981468543992e-06,,,,
,,9193,1.2439198826541542e-06,,,,
,,9194,5.177715138415806e-06,,,,
,,9195,6.448406929848716e-05,,,,
,,9196,2.2987551346886903e-05,,,,
,,9197,0.0001088685603463091,,,,
,,9198,4.112875831197016e-05,,,,
,,9199,3.9615501009393483e-05,,,,
,,9200,0.00019904035434592515,,,,
,,9201,3.130508503090823e-06,,,,
,,9202,3.356926754349843e-05,,,,
,,9203,0.000334583135554567,,,,
,,9204,3.3896617424034048e-06,,,,
,,9205,0.006770456675440073,,,,
,,9206,1.6925849195104092e-05,,,,
,,9207,3.079678208450787e-05,,,,
,,9208,0.050225455313920975,,,,
,,9209,0.08850404620170593,,,,
,,9210,0.0002321244974154979,,,,
,,9211,2.1624708097078837e-05,,,,
,,9212,6.121002570580458e-06,,,,
,,9213,0.0001209768743137829,,,,
,,9214,8.613007958047092e-05,,,,
,,9215,1.468397840653779e-05,,,,
,,9216,1.5688445273553953e-05,,,,
,,9217,1.798500306904316e-06,,,,
,,9218,5.644129032589262e-06,,,,
,,9219,1.6481920965816244e-06,,,,
,,9220,3.0942214834794868e-06,,,,
,,9221,6.820572707511019e-06,,,,
,,9222,5.80081541556865e-05,,,,
,,9223,0.00014932674821466208,,,,
,,9224,2.3117314412957057e-05,,,,
,,9225,4.21813820139505e-05,,,,
,,9226,0.0002790102153085172,,,,
,,9227,1.4661747627542354e-05,,,,
,,9228,3.5866082725988235e-06,,,,
,,9229,2.5526362151140347e-05,,,,
,,9230,3.3521624573040754e-05,,,,
,,9231,3.9128284697653726e-05,,,,
,,9232,4.125625127926469e-05,,,,
,,9233,0.02063070237636566,,,,
,,9234,9.085316378332209e-06,,,,
,,9235,0.016158239915966988,,,,
,,9236,1.2023768249491695e-05,,,,
,,9237,0.0002343728265259415,,,,
,,9238,5.013902409700677e-05,,,,
,,9239,5.5293676268775016e-05,,,,
,,9240,1.7413329260307364e-05,,,,
,,9241,1.2646520417547435e-06,,,,
,,9242,0.0001110833472921513,,,,
,,9243,4.8045376388472505e-06,,,,
,,9244,1.5497146250709193e-06,,,,
,,9245,1.917700728881755e-06,,,,
,,9246,2.445471181999892e-05,,,,
,,9247,1.2391441487125121e-05,,,,
,,9248,4.315407932153903e-05,,,,
,,9249,7.919256859167945e-06,,,,
,,9250,0.0001823215134209022,,,,
,,9251,4.9688878789311275e-05,,,,
,,9252,1.1458987501100637e-05,,,,
,,9253,1.3552600648836233e-05,,,,
,,9254,4.23023993789684e-05,,,,
,,9255,0.00021390951587818563,,,,
,,9256,4.7141005779849365e-05,,,,
,,9257,0.00011511382763274014,,,,
,,9258,2.329876588191837e-05,,,,
,,9259,3.4195843909401447e-05,,,,
,,9260,1.866630009317305e-05,,,,
,,9261,0.01257253997027874,,,,
,,9262,9.321005927631631e-05,,,,
,,9263,1.8036798792309128e-06,,,,
,,9264,5.9303540183464065e-05,,,,
,,9265,1.7622154473428964e-06,,,,
,,9266,1.8606920093588997e-06,,,,
,,9267,5.866990704816999e-06,,,,
,,9268,4.804578111361479e-06,,,,
,,9269,4.431418801686959e-06,,,,
,,9270,3.0054638045839965e-05,,,,
,,9271,0.014481885358691216,,,,
,,9272,1.7220392692252062e-05,,,,
,,9273,5.7633674259705e-06,,,,
,,9274,1.224137577082729e-05,,,,
,,9275,2.0226369088049978e-05,,,,
,,9276,2.6670724764699116e-05,,,,
,,9277,6.2816629906592425e-06,,,,
,,9278,4.563211041386239e-05,,,,
,,9279,1.1386178812244907e-05,,,,
,,9280,0.0001242254802491516,,,,
,,9281,0.00019262786372564733,,,,
,,9282,2.897281547120656e-06,,,,
,,9283,1.4516424926114269e-05,,,,
,,9284,1.7247546566068195e-05,,,,
,,9285,0.017194122076034546,,,,
,,9286,0.008866412565112114,,,,
,,9287,6.135796866146848e-05,,,,
,,9288,0.0001120014931075275,,,,
,,9289,2.0213615243847016e-06,,,,
,,9290,4.0219465518021025e-06,,,,
,,9291,7.053866283968091e-06,,,,
,,9292,0.00010623041453072801,,,,
,,9293,2.373799816268729e-06,,,,
,,9294,3.9471458876505494e-05,,,,
,,9295,2.8772650694008917e-05,,,,
,,9296,1.2044678442180157e-05,,,,
,,9297,1.3061153367743827e-06,,,,
,,9298,0.000220934598473832,,,,
,,9299,5.5975187933654524e-06,,,,
,,9300,0.00018570185056887567,,,,
,,9301,0.0001675005187280476,,,,
,,9302,4.317998173064552e-05,,,,
,,9303,5.719440378015861e-05,,,,
,,9304,8.066855662036687e-05,,,,
,,9305,2.175520421587862e-05,,,,
,,9306,5.094801508676028e-06,,,,
,,9307,1.3526812836062163e-05,,,,
,,9308,0.00033209906541742384,,,,
,,9309,2.740105446719099e-05,,,,
,,9310,9.525304631097242e-05,,,,
,,9311,8.66873815539293e-05,,,,
,,9312,0.020668035373091698,,,,
,,9313,9.303828119300306e-05,,,,
,,9314,0.00015339737001340836,,,,
,,9315,1.808864226404694e-06,,,,
,,9316,1.360433907393599e-05,,,,
,,9317,8.213536784751341e-05,,,,
,,9318,1.9332569536345545e-06,,,,
,,9319,1.917803820106201e-05,,,,
,,9320,1.549537046230398e-05,,,,
,,9321,1.7829494254328893e-06,,,,
,,9322,2.0472812138905283e-06,,,,
,,9323,5.644131306326017e-06,,,,
,,9324,6.2557328419643454e-06,,,,
,,9325,1.558367148390971e-05,,,,
,,9326,0.00010128843860002235,,,,
,,9327,9.00925078894943e-05,,,,
,,9328,6.141750873212004e-06,,,,
,,9329,0.0003159674524795264,,,,
,,9330,4.33293507740018e-06,,,,
,,9331,3.153393481625244e-05,,,,
,,9332,2.5378179998369887e-05,,,,
,,9333,3.918320089724148e-06,,,,
,,9334,0.9322354197502136,,,,
,,9335,6.068804577807896e-05,,,,
,,9336,5.007384970667772e-05,,,,
,,9337,0.01897943578660488,,,,
,,9338,0.03247295692563057,,,,
,,9339,3.5757308069150895e-05,,,,
,,9340,0.00024180582840926945,,,,
,,9341,7.012412424955983e-06,,,,
,,9342,8.168708882294595e-05,,,,
,,9343,0.07204476743936539,,,,
,,9344,1.0705372915253974e-05,,,,
,,9345,1.4337654647533782e-05,,,,
,,9346,0.00012951531971339136,,,,
,,9347,1.4771536598345847e-06,,,,
,,9348,5.125858024257468e-06,,,,
,,9349,2.052459649348748e-06,,,,
,,9350,3.519847086863592e-05,,,,
,,9351,0.00012505182530730963,,,,
,,9352,5.203547698329203e-05,,,,
,,9353,4.1793140553636476e-05,,,,
,,9354,3.9845854189479724e-05,,,,
,,9355,0.00011278716556262225,,,,
,,9356,3.070995808229782e-05,,,,
,,9357,3.959767127525993e-06,,,,
,,9358,2.9510509193642065e-05,,,,
,,9359,3.317589653306641e-05,,,,
,,9360,0.00020390163990668952,,,,
,,9361,0.00010574988118605688,,,,
,,9362,0.00013559659419115633,,,,
,,9363,0.2225019633769989,,,,
,,9364,0.00020562451391015202,,,,
,,9365,0.00022770158830098808,,,,
,,9366,0.0003758117090910673,,,,
,,9367,4.194049324723892e-05,,,,
,,9368,7.883283251430839e-05,,,,
,,9369,4.257450927980244e-05,,,,
,,9370,2.860993163267267e-06,,,,
,,9371,0.00013484965893439949,,,,
,,9372,8.282019734906498e-06,,,,
,,9373,4.270746103429701e-06,,,,
,,9374,2.7625167149381014e-06,,,,
,,9375,0.00013045690138824284,,,,
,,9376,3.466170892352238e-05,,,,
,,9377,8.493940549669787e-05,,,,
,,9378,0.00011267003719694912,,,,
,,9379,0.0003132033452857286,,,,
,,9380,0.000333302014041692,,,,
,,9381,2.0786839741049334e-05,,,,
,,9382,0.00041494338074699044,,,,
,,9383,0.00020665123884100467,,,,
,,9384,3.835119787254371e-05,,,,
,,9385,4.4125885324319825e-05,,,,
,,9386,0.00035362207563593984,,,,
,,9387,0.0001477328041801229,,,,
,,9388,0.00012504788173828274,,,,
,,9389,0.10676462948322296,,,,
,,9390,2.4051656509982422e-05,,,,
,,9391,8.392537711188197e-05,,,,
,,9392,3.871653916576179e-06,,,,
,,9393,0.00013175819185562432,,,,
,,9394,3.643613581516547e-06,,,,
,,9395,3.928659225493902e-06,,,,
,,9396,1.0245924386254046e-05,,,,
,,9397,6.120881153037772e-06,,,,
,,9398,0.00018623560026753694,,,,
,,9399,2.8557901714520995e-06,,,,
,,9400,2.079492151096929e-05,,,,
,,9401,7.405906944768503e-05,,,,
,,9402,8.846840501064435e-06,,,,
,,9403,1.0914512131421361e-05,,,,
,,9404,5.3018975449958816e-05,,,,
,,9405,6.4629439293639734e-06,,,,
,,9406,4.1567254811525345e-06,,,,
,,9407,0.00020811489957850426,,,,
,,9408,4.570451710605994e-05,,,,
,,9409,0.00017093995120376348,,,,
,,9410,2.767694240901619e-06,,,,
,,9411,2.64330992649775e-06,,,,
,,9412,1.870930464065168e-05,,,,
,,9413,0.07412447035312653,,,,
,,9414,5.835957836097805e-06,,,,
,,9415,0.13435009121894836,,,,
,,9416,0.12628348171710968,,,,
,,9417,0.0001820591278374195,,,,
,,9418,2.3634295303054387e-06,,,,
,,9419,2.063037027255632e-05,,,,
,,9420,5.578153650276363e-05,,,,
,,9421,6.665149157925043e-06,,,,
,,9422,2.3686202439421322e-06,,,,
,,9423,8.762496145209298e-05,,,,
,,9424,1.0909538104897365e-05,,,,
,,9425,1.676637475611642e-05,,,,
,,9426,0.00010852482228074223,,,,
,,9427,1.062514456862118e-06,,,,
,,9428,0.0001829930261010304,,,,
,,9429,6.079499144107103e-06,,,,
,,9430,8.463525773549918e-06,,,,
,,9431,3.944196123484289e-06,,,,
,,9432,1.5802164853084832e-05,,,,
,,9433,0.0001286924962187186,,,,
,,9434,1.8917911575044855e-06,,,,
,,9435,5.0326161726843566e-06,,,,
,,9436,6.400753591151442e-06,,,,
,,9437,5.7823937822831795e-05,,,,
,,9438,1.6687725292285904e-05,,,,
,,9439,6.837748514954001e-05,,,,
,,9440,5.605186379398219e-05,,,,
,,9441,1.317938858846901e-05,,,,
,,9442,0.005830978509038687,,,,
,,9443,1.0583054063317832e-05,,,,
,,9444,3.478102735243738e-05,,,,
,,9445,2.2584848920814693e-05,,,,
,,9446,1.0603491318761371e-05,,,,
,,9447,2.4880373530322686e-05,,,,
,,9448,1.4771525229662075e-06,,,,
,,9449,1.4206992091203574e-05,,,,
,,9450,1.1789648532867432,,,,
,,9451,9.173913895210717e-07,,,,
,,9452,0.00011496387742226943,,,,
,,9453,2.975006736960495e-06,,,,
,,9454,1.691022225713823e-05,,,,
,,9455,7.790630479576066e-05,,,,
,,9456,1.7441985619370826e-05,,,,
,,9457,2.0472796222748e-06,,,,
,,9458,0.08534476906061172,,,,
,,9459,0.00012819554831366986,,,,
,,9460,1.0728817869676277e-06,,,,
,,9461,1.0194441529165488e-05,,,,
,,9462,2.0991087694710586e-06,,,,
,,9463,0.00018454287783242762,,,,
,,9464,6.950475653866306e-05,,,,
,,9465,0.15858562290668488,,,,
,,9466,2.586453774711117e-05,,,,
,,9467,4.073801846971037e-06,,,,
,,9468,1.4407397429749835e-05,,,,
,,9469,0.00011675401037791744,,,,
,,9470,3.985679541074205e-06,,,,
,,9471,0.0006199270719662309,,,,
,,9472,1.6147643691510893e-05,,,,
,,9473,1.4604579519073013e-05,,,,
,,9474,2.8869019388366723e-06,,,,
,,9475,7.260790152940899e-05,,,,
,,9476,3.959762125305133e-06,,,,
,,9477,3.700620482049999e-06,,,,
,,9478,1.6067275510067702e-06,,,,
,,9479,3.8190235500223935e-05,,,,
,,9480,6.408451736206189e-05,,,,
18,,9480,,0.012362082488834858,,,
18,,9480,,,0.9358717203140259,0.9378757476806641,0.01184166595339775
19,0.008485279977321625,9481,,,,,
19,0.0011797627666965127,9482,,,,,
19,0.008400793187320232,9483,,,,,
19,0.0022585841361433268,9484,,,,,
19,0.0004981879028491676,9485,,,,,
19,0.00014012354949954897,9486,,,,,
19,6.49744106340222e-05,9487,,,,,
19,0.0008148632477968931,9488,,,,,
19,4.287232513888739e-05,9489,,,,,
19,0.004009246360510588,9490,,,,,
19,0.017399057745933533,9491,,,,,
19,0.0001519081852165982,9492,,,,,
19,0.0010165753774344921,9493,,,,,
19,0.03946186602115631,9494,,,,,
19,0.0009024307364597917,9495,,,,,
19,0.00020077338558621705,9496,,,,,
19,0.00020479329396039248,9497,,,,,
19,3.083840783801861e-05,9498,,,,,
19,0.000711871194653213,9499,,,,,
19,0.001638988615013659,9500,,,,,
19,0.0005171390366740525,9501,,,,,
19,0.000658677308820188,9502,,,,,
19,0.0008816512417979538,9503,,,,,
19,0.012135560624301434,9504,,,,,
19,0.0009174308506771922,9505,,,,,
19,0.00856946874409914,9506,,,,,
19,0.0005141285364516079,9507,,,,,
19,0.00012828515900764614,9508,,,,,
19,5.043612327426672e-05,9509,,,,,
19,0.00011115318920928985,9510,,,,,
19,8.867724318406545e-06,9511,,,,,
19,0.00045183583279140294,9512,,,,,
19,0.0005114657687954605,9513,,,,,
19,0.000772524974308908,9514,,,,,
19,0.001010043197311461,9515,,,,,
19,0.000179705981281586,9516,,,,,
19,0.004589274525642395,9517,,,,,
19,0.10415177047252655,9518,,,,,
19,0.0007404178031720221,9519,,,,,
19,0.0019745652098208666,9520,,,,,
19,4.384707426652312e-05,9521,,,,,
19,0.00020137451065238565,9522,,,,,
19,3.552875205059536e-05,9523,,,,,
19,7.74823911342537e-06,9524,,,,,
19,0.00020269588276278228,9525,,,,,
19,6.82845275150612e-05,9526,,,,,
19,8.408247958868742e-05,9527,,,,,
19,6.479739386122674e-05,9528,,,,,
19,0.0011124002048745751,9529,,,,,
19,9.826778841670603e-05,9530,,,,,
19,1.4034928426553961e-05,9531,,,,,
19,0.00025774576351977885,9532,,,,,
19,0.004446173086762428,9533,,,,,
19,0.00020134025544393808,9534,,,,,
19,0.0930318832397461,9535,,,,,
19,0.00027641066117212176,9536,,,,,
19,8.474133937852457e-05,9537,,,,,
19,0.03817646577954292,9538,,,,,
19,2.8806780392187648e-05,9539,,,,,
19,2.8068074243492447e-05,9540,,,,,
19,4.808929588762112e-05,9541,,,,,
19,0.0010591744212433696,9542,,,,,
19,2.9536118745454587e-05,9543,,,,,
19,0.00020994739315938205,9544,,,,,
19,6.298105290625244e-05,9545,,,,,
19,8.692521805642173e-05,9546,,,,,
19,0.00013547760318033397,9547,,,,,
19,0.13009032607078552,9548,,,,,
19,5.427434007287957e-05,9549,,,,,
19,0.008726631291210651,9550,,,,,
19,2.483799289620947e-05,9551,,,,,
19,0.0004069288552273065,9552,,,,,
19,0.0352044552564621,9553,,,,,
19,3.1395593396155164e-05,9554,,,,,
19,0.0003982535854447633,9555,,,,,
19,1.6291416613967158e-05,9556,,,,,
19,0.0010901631321758032,9557,,,,,
19,0.010155041702091694,9558,,,,,
19,0.00870128907263279,9559,,,,,
19,0.00032376893796026707,9560,,,,,
19,8.116394383250736e-06,9561,,,,,
19,0.0015459050191566348,9562,,,,,
19,2.2000456738169305e-05,9563,,,,,
19,0.002702169120311737,9564,,,,,
19,0.0005342914373613894,9565,,,,,
19,1.1625234947132412e-05,9566,,,,,
19,0.0013467263197526336,9567,,,,,
19,0.00061912985984236,9568,,,,,
19,1.6310068531311117e-05,9569,,,,,
19,0.00196577119641006,9570,,,,,
19,0.0008046019356697798,9571,,,,,
19,0.12126154452562332,9572,,,,,
19,0.10729338973760605,9573,,,,,
19,0.007070092484354973,9574,,,,,
19,0.006841983646154404,9575,,,,,
19,0.00011119834380224347,9576,,,,,
19,6.570045661646873e-05,9577,,,,,
19,0.00040377851109951735,9578,,,,,
19,0.0005871695466339588,9579,,,,,
19,7.13161989551736e-06,9580,,,,,
19,0.00015542931214440614,9581,,,,,
19,4.942989471601322e-05,9582,,,,,
19,6.413082155631855e-05,9583,,,,,
19,1.5626204913132824e-05,9584,,,,,
19,0.00014421013474930078,9585,,,,,
19,4.677533434005454e-05,9586,,,,,
19,0.00033854652428999543,9587,,,,,
19,0.0001920978247653693,9588,,,,,
19,0.0002729877014644444,9589,,,,,
19,6.0154703533044085e-05,9590,,,,,
19,8.807403355604038e-05,9591,,,,,
19,2.6747437004814856e-05,9592,,,,,
19,3.358714820933528e-05,9593,,,,,
19,6.031104567227885e-05,9594,,,,,
19,0.37690460681915283,9595,,,,,
19,0.0002777359331957996,9596,,,,,
19,0.00040271278703585267,9597,,,,,
19,0.0001114888145821169,9598,,,,,
19,0.00030292486189864576,9599,,,,,
19,0.00013711619249079376,9600,,,,,
19,0.005064706783741713,9601,,,,,
19,1.7061536709661596e-05,9602,,,,,
19,0.0012073550606146455,9603,,,,,
19,0.00023856954067014158,9604,,,,,
19,0.00029683017055504024,9605,,,,,
19,4.4142034312244505e-05,9606,,,,,
19,0.0008256918517872691,9607,,,,,
19,0.00011110107152489945,9608,,,,,
19,0.0001878918701549992,9609,,,,,
19,0.00010909378761425614,9610,,,,,
19,0.0016783864703029394,9611,,,,,
19,9.54952192842029e-05,9612,,,,,
19,0.0001598256640136242,9613,,,,,
19,7.209571776911616e-05,9614,,,,,
19,0.0007098540081642568,9615,,,,,
19,0.0004851620178669691,9616,,,,,
19,0.0011594886891543865,9617,,,,,
19,7.219374674605206e-05,9618,,,,,
19,0.0001167943119071424,9619,,,,,
19,0.00012756080832332373,9620,,,,,
19,0.00015394558431580663,9621,,,,,
19,0.0001787912187865004,9622,,,,,
19,0.00017315307923126966,9623,,,,,
19,0.0012048411881551147,9624,,,,,
19,0.01718394085764885,9625,,,,,
19,0.0012676521437242627,9626,,,,,
19,0.000298171304166317,9627,,,,,
19,0.00033892301144078374,9628,,,,,
19,1.452235574106453e-05,9629,,,,,
19,0.002614710247144103,9630,,,,,
19,4.7618563257856295e-05,9631,,,,,
19,0.00016203759878408164,9632,,,,,
19,0.00602026516571641,9633,,,,,
19,0.0004158769443165511,9634,,,,,
19,0.0004329523944761604,9635,,,,,
19,0.00010517414921196178,9636,,,,,
19,0.0032002925872802734,9637,,,,,
19,0.0002754098386503756,9638,,,,,
19,0.00012425577733665705,9639,,,,,
19,0.04167043790221214,9640,,,,,
19,0.0013958326308056712,9641,,,,,
19,0.00011057665687985718,9642,,,,,
19,9.950426465366036e-05,9643,,,,,
19,1.7020460290950723e-05,9644,,,,,
19,5.699400571756996e-05,9645,,,,,
19,1.8647944671101868e-05,9646,,,,,
19,0.0009970124810934067,9647,,,,,
19,0.0003945182543247938,9648,,,,,
19,2.886901711462997e-05,9649,,,,,
19,5.657902147504501e-05,9650,,,,,
19,3.3659132895991206e-05,9651,,,,,
19,0.0003935740969609469,9652,,,,,
19,0.00011103611177532002,9653,,,,,
19,0.00039648503297939897,9654,,,,,
19,4.260970308678225e-05,9655,,,,,
19,0.0004472219734452665,9656,,,,,
19,0.0029592367354780436,9657,,,,,
19,0.00012282017269171774,9658,,,,,
19,0.0004884356749244034,9659,,,,,
19,0.00036130144144408405,9660,,,,,
19,0.11225765943527222,9661,,,,,
19,0.00020881039381492883,9662,,,,,
19,9.705539559945464e-05,9663,,,,,
19,8.379876817343757e-05,9664,,,,,
19,0.020969759672880173,9665,,,,,
19,7.825009379303083e-05,9666,,,,,
19,0.00024592893896624446,9667,,,,,
19,0.00021674841991625726,9668,,,,,
19,0.0011791378492489457,9669,,,,,
19,0.00040237163193523884,9670,,,,,
19,0.0007699551642872393,9671,,,,,
19,0.0027411868795752525,9672,,,,,
19,0.004327374044805765,9673,,,,,
19,0.0004733056703116745,9674,,,,,
19,0.00031431816751137376,9675,,,,,
19,0.00019733654335141182,9676,,,,,
19,0.001177879166789353,9677,,,,,
19,0.00019890382827725261,9678,,,,,
19,5.42949783266522e-05,9679,,,,,
19,0.0001387106894981116,9680,,,,,
19,0.018703237175941467,9681,,,,,
19,0.004599632695317268,9682,,,,,
19,6.0724538343492895e-05,9683,,,,,
19,0.00014943288988433778,9684,,,,,
19,9.864943422144279e-05,9685,,,,,
19,0.0009816602105274796,9686,,,,,
19,0.01856190897524357,9687,,,,,
19,5.0694627134362236e-05,9688,,,,,
19,0.0001220730337081477,9689,,,,,
19,6.313183257589117e-05,9690,,,,,
19,0.000858795247040689,9691,,,,,
19,0.0002995250397361815,9692,,,,,
19,9.608961408957839e-05,9693,,,,,
19,0.0008692118572071195,9694,,,,,
19,0.009584708139300346,9695,,,,,
19,3.101817856077105e-05,9696,,,,,
19,0.001169312628917396,9697,,,,,
19,0.0004492938460316509,9698,,,,,
19,0.002117070835083723,9699,,,,,
19,0.004167432431131601,9700,,,,,
19,1.413875725120306e-05,9701,,,,,
19,9.154895815299824e-05,9702,,,,,
19,3.294940324849449e-05,9703,,,,,
19,5.3308649512473494e-05,9704,,,,,
19,0.0005014970665797591,9705,,,,,
19,4.775207344209775e-05,9706,,,,,
19,0.005768959876149893,9707,,,,,
19,0.00062450987752527,9708,,,,,
19,0.0012275821063667536,9709,,,,,
19,0.00041247319313697517,9710,,,,,
19,0.00011869370064232498,9711,,,,,
19,0.0006366876186802983,9712,,,,,
19,2.701769335544668e-05,9713,,,,,
19,0.0011959327384829521,9714,,,,,
19,2.0420247892616317e-05,9715,,,,,
19,1.1531891686900053e-05,9716,,,,,
19,2.18129571294412e-05,9717,,,,,
19,0.0003063418553210795,9718,,,,,
19,0.000141267228173092,9719,,,,,
19,4.865868322667666e-05,9720,,,,,
19,0.00010880454647121951,9721,,,,,
19,0.005589695181697607,9722,,,,,
19,0.0001031600622809492,9723,,,,,
19,0.00026677106507122517,9724,,,,,
19,6.887900963192806e-05,9725,,,,,
19,0.0009956740541383624,9726,,,,,
19,4.3096042645629495e-05,9727,,,,,
19,1.3330353795026895e-05,9728,,,,,
19,8.917929517338052e-05,9729,,,,,
19,0.0001279234274988994,9730,,,,,
19,7.328668289119378e-06,9731,,,,,
19,0.00012092211545677856,9732,,,,,
19,0.010350612923502922,9733,,,,,
19,8.917843842937145e-06,9734,,,,,
19,6.27219196758233e-05,9735,,,,,
19,0.003527022898197174,9736,,,,,
19,8.531827006663661e-06,9737,,,,,
19,1.6489992049173452e-05,9738,,,,,
19,0.0009115822613239288,9739,,,,,
19,0.00038180549745447934,9740,,,,,
19,0.00015156439621932805,9741,,,,,
19,0.00020576681708917022,9742,,,,,
19,0.0003250987792853266,9743,,,,,
19,3.996143277618103e-05,9744,,,,,
19,0.0001668055192567408,9745,,,,,
19,0.00010838602611329406,9746,,,,,
19,8.26982650323771e-05,9747,,,,,
19,9.5603201771155e-05,9748,,,,,
19,0.0006646369583904743,9749,,,,,
19,0.0012113519478589296,9750,,,,,
19,0.00011683179036481306,9751,,,,,
19,0.002118017291650176,9752,,,,,
19,0.00017368246335536242,9753,,,,,
19,0.08585896342992783,9754,,,,,
19,4.692353468271904e-05,9755,,,,,
19,9.992543709813617e-06,9756,,,,,
19,6.873551319586113e-05,9757,,,,,
19,3.3667129173409194e-05,9758,,,,,
19,1.4465175809164066e-05,9759,,,,,
19,0.0076966979540884495,9760,,,,,
19,2.0213521565892734e-05,9761,,,,,
19,4.7649045882280916e-05,9762,,,,,
19,1.5093294678081293e-05,9763,,,,,
19,0.0005142944864928722,9764,,,,,
19,6.691126145597082e-06,9765,,,,,
19,0.00208299676887691,9766,,,,,
19,0.00012276347842998803,9767,,,,,
19,0.04751173406839371,9768,,,,,
19,0.0011516374070197344,9769,,,,,
19,0.002883013803511858,9770,,,,,
19,1.2257301023055334e-05,9771,,,,,
19,9.432712431589607e-06,9772,,,,,
19,5.913839049753733e-05,9773,,,,,
19,8.489421816193499e-06,9774,,,,,
19,0.031261976808309555,9775,,,,,
19,0.0007940676296129823,9776,,,,,
19,6.151732668513432e-05,9777,,,,,
19,0.00038317160215228796,9778,,,,,
19,0.011643916368484497,9779,,,,,
19,2.226985634479206e-05,9780,,,,,
19,0.023834863677620888,9781,,,,,
19,4.828348392038606e-05,9782,,,,,
19,8.342937508132309e-05,9783,,,,,
19,0.08024629205465317,9784,,,,,
19,6.150298577267677e-05,9785,,,,,
19,3.5774883144767955e-05,9786,,,,,
19,0.0006428533815778792,9787,,,,,
19,5.727124971599551e-06,9788,,,,,
19,0.0018676077015697956,9789,,,,,
19,0.00028097411268390715,9790,,,,,
19,0.006333117838948965,9791,,,,,
19,0.00021098485740367323,9792,,,,,
19,2.2119060304248706e-05,9793,,,,,
19,0.01270906999707222,9794,,,,,
19,3.947735240217298e-05,9795,,,,,
19,0.003160438733175397,9796,,,,,
19,0.2744809687137604,9797,,,,,
19,0.0007907676044851542,9798,,,,,
19,4.104389881831594e-05,9799,,,,,
19,0.00043459507287479937,9800,,,,,
19,3.094508792855777e-05,9801,,,,,
19,4.4244108721613884e-05,9802,,,,,
19,0.00042266721720807254,9803,,,,,
19,0.339004784822464,9804,,,,,
19,0.0011214535916224122,9805,,,,,
19,0.0017030065646395087,9806,,,,,
19,0.00026194509700872004,9807,,,,,
19,7.910181011538953e-05,9808,,,,,
19,0.0014684488996863365,9809,,,,,
19,0.0008160808938555419,9810,,,,,
19,0.0011054618516936898,9811,,,,,
19,0.00029895297484472394,9812,,,,,
19,0.09436687082052231,9813,,,,,
19,0.005564752500504255,9814,,,,,
19,0.03870674595236778,9815,,,,,
19,0.0022484278306365013,9816,,,,,
19,0.0019339872524142265,9817,,,,,
19,0.0015031935181468725,9818,,,,,
19,0.050906069576740265,9819,,,,,
19,0.007479225751012564,9820,,,,,
19,0.009914963506162167,9821,,,,,
19,0.0009980741888284683,9822,,,,,
19,0.0013096361653879285,9823,,,,,
19,0.007967138662934303,9824,,,,,
19,0.007144996430724859,9825,,,,,
19,0.004121164325624704,9826,,,,,
19,0.00896543264389038,9827,,,,,
19,0.012096019461750984,9828,,,,,
19,0.04758109524846077,9829,,,,,
19,0.0011798813939094543,9830,,,,,
19,0.07389146089553833,9831,,,,,
19,0.042607832700014114,9832,,,,,
19,0.009449309669435024,9833,,,,,
19,0.0052209654822945595,9834,,,,,
19,0.010858254507184029,9835,,,,,
19,0.0008820169605314732,9836,,,,,
19,0.015476747415959835,9837,,,,,
19,0.001628651050850749,9838,,,,,
19,0.0011202002642676234,9839,,,,,
19,0.0005061709671281278,9840,,,,,
19,0.008148160763084888,9841,,,,,
19,0.01309143751859665,9842,,,,,
19,0.001248775515705347,9843,,,,,
19,0.00017961155390366912,9844,,,,,
19,0.0036807020660489798,9845,,,,,
19,0.026246320456266403,9846,,,,,
19,0.0317787304520607,9847,,,,,
19,0.0002569363859947771,9848,,,,,
19,0.00014377912157215178,9849,,,,,
19,0.01998959854245186,9850,,,,,
19,0.005774259101599455,9851,,,,,
19,0.00022186517890077084,9852,,,,,
19,0.02527596615254879,9853,,,,,
19,0.0005880352109670639,9854,,,,,
19,0.000227350348723121,9855,,,,,
19,0.0013225803850218654,9856,,,,,
19,0.006196063943207264,9857,,,,,
19,0.0014750048285350204,9858,,,,,
19,0.006519722752273083,9859,,,,,
19,0.017667395994067192,9860,,,,,
19,6.55402327538468e-05,9861,,,,,
19,0.0040704295970499516,9862,,,,,
19,6.370611663442105e-05,9863,,,,,
19,0.00043060205643996596,9864,,,,,
19,0.0006980524049140513,9865,,,,,
19,0.009319278411567211,9866,,,,,
19,0.00028499020845629275,9867,,,,,
19,0.0032008832786232233,9868,,,,,
19,2.6965422875946388e-05,9869,,,,,
19,0.0001171042094938457,9870,,,,,
19,0.001736174221150577,9871,,,,,
19,6.584646325791255e-05,9872,,,,,
19,0.0013901633210480213,9873,,,,,
19,2.0398025299073197e-05,9874,,,,,
19,0.0010428057285025716,9875,,,,,
19,2.855637649190612e-05,9876,,,,,
19,4.9383634177502245e-05,9877,,,,,
19,0.0022929999977350235,9878,,,,,
19,0.0012711010640487075,9879,,,,,
19,2.1490575818461366e-05,9880,,,,,
19,9.72496927715838e-05,9881,,,,,
19,5.6853052228689194e-05,9882,,,,,
19,4.2413201299495995e-05,9883,,,,,
19,0.00017532221681904048,9884,,,,,
19,0.0009553254931233823,9885,,,,,
19,3.768424357986078e-05,9886,,,,,
19,8.964607695816085e-05,9887,,,,,
19,0.00011952578643104061,9888,,,,,
19,0.00038593256613239646,9889,,,,,
19,6.87468345859088e-05,9890,,,,,
19,0.000169327380717732,9891,,,,,
19,0.22185692191123962,9892,,,,,
19,0.03712198883295059,9893,,,,,
19,0.002747925231233239,9894,,,,,
19,1.0790646228997502e-05,9895,,,,,
19,0.001985134556889534,9896,,,,,
19,0.0005108657642267644,9897,,,,,
19,0.00019760450231842697,9898,,,,,
19,0.02158663049340248,9899,,,,,
19,0.029906578361988068,9900,,,,,
19,2.6956429792335257e-05,9901,,,,,
19,0.0001490753493271768,9902,,,,,
19,0.012645069509744644,9903,,,,,
19,0.03407647833228111,9904,,,,,
19,0.053673241287469864,9905,,,,,
19,0.0006167955580167472,9906,,,,,
19,0.0014673748519271612,9907,,,,,
19,0.0012637575855478644,9908,,,,,
19,0.021356957033276558,9909,,,,,
19,0.00022323921439237893,9910,,,,,
19,3.5678353015100583e-05,9911,,,,,
19,1.5462352166650817e-05,9912,,,,,
19,3.104295319644734e-05,9913,,,,,
19,0.2590593993663788,9914,,,,,
19,0.001084224204532802,9915,,,,,
19,0.00030841949046589434,9916,,,,,
19,0.0002721816999837756,9917,,,,,
19,3.133175050606951e-05,9918,,,,,
19,0.001275768969208002,9919,,,,,
19,0.00014980313426349312,9920,,,,,
19,4.545847696135752e-05,9921,,,,,
19,0.10329066962003708,9922,,,,,
19,0.003052680753171444,9923,,,,,
19,7.669749902561307e-05,9924,,,,,
19,0.0001376109867123887,9925,,,,,
19,4.860907210968435e-05,9926,,,,,
19,0.00109581439755857,9927,,,,,
19,0.00013310377835296094,9928,,,,,
19,0.001529962639324367,9929,,,,,
19,0.0012170642148703337,9930,,,,,
19,0.00036073385854251683,9931,,,,,
19,0.0003550130932126194,9932,,,,,
19,0.0004657807876355946,9933,,,,,
19,4.961723607266322e-05,9934,,,,,
19,0.0013682402204722166,9935,,,,,
19,5.60479675186798e-05,9936,,,,,
19,0.03835742548108101,9937,,,,,
19,0.06419581174850464,9938,,,,,
19,0.037663161754608154,9939,,,,,
19,0.00935808103531599,9940,,,,,
19,0.00025798697606660426,9941,,,,,
19,0.16969944536685944,9942,,,,,
19,0.00017997434770222753,9943,,,,,
19,2.946881068055518e-05,9944,,,,,
19,0.0007376347784884274,9945,,,,,
19,0.0056587024591863155,9946,,,,,
19,0.000454744411399588,9947,,,,,
19,7.853220449760556e-05,9948,,,,,
19,0.0007522553787566721,9949,,,,,
19,6.616168684558943e-05,9950,,,,,
19,0.0002538407570682466,9951,,,,,
19,0.004042309243232012,9952,,,,,
19,0.44156259298324585,9953,,,,,
19,0.0005788802518509328,9954,,,,,
19,0.0011817781487479806,9955,,,,,
19,0.0011797614861279726,9956,,,,,
19,0.0009237573831342161,9957,,,,,
19,0.0064126430079340935,9958,,,,,
19,0.0006023470195941627,9959,,,,,
19,0.0016790269874036312,9960,,,,,
19,0.0016201859107241035,9961,,,,,
19,0.04349694773554802,9962,,,,,
19,0.0026376782916486263,9963,,,,,
19,0.0012372045312076807,9964,,,,,
19,0.008676419034600258,9965,,,,,
19,0.0151675371453166,9966,,,,,
19,0.0005862797261215746,9967,,,,,
19,0.008275939151644707,9968,,,,,
19,0.028328124433755875,9969,,,,,
19,0.00040751113556325436,9970,,,,,
19,0.0025425460189580917,9971,,,,,
19,0.0009794622892513871,9972,,,,,
19,0.002031325828284025,9973,,,,,
19,0.010676370933651924,9974,,,,,
19,0.0049191988073289394,9975,,,,,
19,0.0012206563260406256,9976,,,,,
19,0.0045654927380383015,9977,,,,,
19,0.0037264260463416576,9978,,,,,
19,0.000567148788832128,9979,,,,,
,,9481,0.0009367960738018155,,,,
,,9482,0.002045654458925128,,,,
,,9483,0.0007331524975597858,,,,
,,9484,0.0003515599528327584,,,,
,,9485,0.0008407128043472767,,,,
,,9486,0.00042323453817516565,,,,
,,9487,0.00228699529543519,,,,
,,9488,0.0006475152331404388,,,,
,,9489,0.0027664960362017155,,,,
,,9490,0.0016210668254643679,,,,
,,9491,0.0007387899095192552,,,,
,,9492,0.0008723491337150335,,,,
,,9493,0.0005504805012606084,,,,
,,9494,0.0013566099805757403,,,,
,,9495,0.0009687607525847852,,,,
,,9496,0.00172092963475734,,,,
,,9497,0.003054233966395259,,,,
,,9498,0.034314531832933426,,,,
,,9499,0.001328068203292787,,,,
,,9500,0.0014806481776759028,,,,
,,9501,0.0015844764420762658,,,,
,,9502,0.0002620390150696039,,,,
,,9503,0.0010776780545711517,,,,
,,9504,0.0007368490332737565,,,,
,,9505,0.0005136150284670293,,,,
,,9506,0.001032969099469483,,,,
,,9507,0.0005141765577718616,,,,
,,9508,0.0005790907307527959,,,,
,,9509,0.00026247758069075644,,,,
,,9510,0.0014889161102473736,,,,
,,9511,0.00129795225802809,,,,
,,9512,0.0011530367191880941,,,,
,,9513,0.0005889766034670174,,,,
,,9514,0.0007976911729201674,,,,
,,9515,0.001302254037000239,,,,
,,9516,0.0004224044969305396,,,,
,,9517,0.0007632563938386738,,,,
,,9518,0.0006515277200378478,,,,
,,9519,0.00054283591452986,,,,
,,9520,0.0005180247826501727,,,,
,,9521,0.0011867277789860964,,,,
,,9522,0.000753737345803529,,,,
,,9523,0.0011162558803334832,,,,
,,9524,0.018941419199109077,,,,
,,9525,0.0030936510302126408,,,,
,,9526,0.0009659415227361023,,,,
,,9527,0.0004421641060616821,,,,
,,9528,0.0013446976663544774,,,,
,,9529,0.0009181995992548764,,,,
,,9530,0.0002681722689885646,,,,
,,9531,0.0006311218021437526,,,,
,,9532,0.0005869920132681727,,,,
,,9533,0.0003347688470967114,,,,
,,9534,0.000363108585588634,,,,
,,9535,0.0004615462967194617,,,,
,,9536,0.00031657013460062444,,,,
,,9537,0.0009576375596225262,,,,
,,9538,0.0009918361902236938,,,,
,,9539,0.0012074678670614958,,,,
,,9540,0.00070694659370929,,,,
,,9541,0.0011629874352365732,,,,
,,9542,0.0003407670301385224,,,,
,,9543,0.0003107019292656332,,,,
,,9544,0.0010154247283935547,,,,
,,9545,0.00046711639151908457,,,,
,,9546,0.00039261748315766454,,,,
,,9547,0.000652354268822819,,,,
,,9548,0.0005229553207755089,,,,
,,9549,0.0004943579551763833,,,,
,,9550,0.015948805958032608,,,,
,,9551,0.0023478649090975523,,,,
,,9552,0.001588299754075706,,,,
,,9553,0.0010262971045449376,,,,
,,9554,0.0004808283119928092,,,,
,,9555,0.01625771075487137,,,,
,,9556,0.00022596248891204596,,,,
,,9557,0.0004641498962882906,,,,
,,9558,0.0004298705025576055,,,,
,,9559,0.0003511549439281225,,,,
,,9560,0.0004862322530243546,,,,
,,9561,0.00027989046066068113,,,,
,,9562,0.0004705602186731994,,,,
,,9563,0.0008480366668663919,,,,
,,9564,0.02020380273461342,,,,
,,9565,0.001545695005916059,,,,
,,9566,0.0005878845695406199,,,,
,,9567,0.0008814844186417758,,,,
,,9568,0.0007819949532859027,,,,
,,9569,0.001097979722544551,,,,
,,9570,0.00080160575453192,,,,
,,9571,0.0005684304051101208,,,,
,,9572,0.000643175037112087,,,,
,,9573,0.0005563550512306392,,,,
,,9574,0.0004177103692200035,,,,
,,9575,0.019210906699299812,,,,
,,9576,0.03108826093375683,,,,
,,9577,0.002618173137307167,,,,
,,9578,0.0018861789721995592,,,,
,,9579,1.0078132152557373,,,,
,,9580,0.0013839040184393525,,,,
,,9581,0.000431729742558673,,,,
,,9582,0.0003079872112721205,,,,
,,9583,0.00036882556742057204,,,,
,,9584,0.0008385071414522827,,,,
,,9585,0.000477461377158761,,,,
,,9586,0.00088382454123348,,,,
,,9587,0.00038866090471856296,,,,
,,9588,0.00041807201341725886,,,,
,,9589,0.0014271062100306153,,,,
,,9590,0.0012126584770157933,,,,
,,9591,0.008083168417215347,,,,
,,9592,0.0006600717315450311,,,,
,,9593,0.0006131517002359033,,,,
,,9594,0.0008453670307062566,,,,
,,9595,0.0006529769743792713,,,,
,,9596,0.00170885119587183,,,,
,,9597,0.0005974252126179636,,,,
,,9598,0.0008122499566525221,,,,
,,9599,0.0006444485043175519,,,,
,,9600,0.0008237444562837481,,,,
,,9601,0.0008132891962304711,,,,
,,9602,0.03482021391391754,,,,
,,9603,0.002390338107943535,,,,
,,9604,0.004180235788226128,,,,
,,9605,0.0005262116901576519,,,,
,,9606,0.0006084038759581745,,,,
,,9607,0.0003555380098987371,,,,
,,9608,0.00031437116558663547,,,,
,,9609,0.000749112805351615,,,,
,,9610,0.000729661900550127,,,,
,,9611,0.0005090874619781971,,,,
,,9612,0.0015400050906464458,,,,
,,9613,0.00037654530024155974,,,,
,,9614,0.0005492708878591657,,,,
,,9615,0.0007492094300687313,,,,
,,9616,0.0006538326269946992,,,,
,,9617,0.0016962398076429963,,,,
,,9618,0.0005398133071139455,,,,
,,9619,0.0006808182806707919,,,,
,,9620,0.0016284097218886018,,,,
,,9621,0.002260365057736635,,,,
,,9622,0.0007597512449137866,,,,
,,9623,0.00045806399430148304,,,,
,,9624,0.00040318851824849844,,,,
,,9625,0.1578475832939148,,,,
,,9626,0.0007166972500272095,,,,
,,9627,0.0007233028300106525,,,,
,,9628,0.031374741345644,,,,
,,9629,0.0015931939706206322,,,,
,,9630,0.00030570835224352777,,,,
,,9631,0.0003629954589996487,,,,
,,9632,0.0006089128437452018,,,,
,,9633,0.0004064392705913633,,,,
,,9634,0.0005776254693046212,,,,
,,9635,0.0005520867998711765,,,,
,,9636,0.0006936465506441891,,,,
,,9637,0.00039037648821249604,,,,
,,9638,0.0010561288800090551,,,,
,,9639,0.00040839146822690964,,,,
,,9640,0.00034085928928107023,,,,
,,9641,0.0010204233694821596,,,,
,,9642,0.0009331659530289471,,,,
,,9643,0.0014347061514854431,,,,
,,9644,0.00127128092572093,,,,
,,9645,0.18033188581466675,,,,
,,9646,0.0006332900957204401,,,,
,,9647,0.0016923887887969613,,,,
,,9648,0.00039810859016142786,,,,
,,9649,0.0004621141997631639,,,,
,,9650,0.00038712212699465454,,,,
,,9651,0.0004755707923322916,,,,
,,9652,0.0004781376919709146,,,,
,,9653,0.0007377923466265202,,,,
,,9654,0.0010884637013077736,,,,
,,9655,0.023079082369804382,,,,
,,9656,0.015871508046984673,,,,
,,9657,0.0004000327899120748,,,,
,,9658,0.0008283961797133088,,,,
,,9659,0.0013666546437889338,,,,
,,9660,0.0002232953702332452,,,,
,,9661,0.0005868322332389653,,,,
,,9662,0.0007158845546655357,,,,
,,9663,0.0005889635067433119,,,,
,,9664,0.0005664594937115908,,,,
,,9665,0.0004025530652143061,,,,
,,9666,0.0004819341702386737,,,,
,,9667,0.0004663695872295648,,,,
,,9668,0.0008838895009830594,,,,
,,9669,0.0011389374267309904,,,,
,,9670,0.0021462778095155954,,,,
,,9671,0.0017922880360856652,,,,
,,9672,0.0008565573371015489,,,,
,,9673,0.0005278474418446422,,,,
,,9674,0.00041371744009666145,,,,
,,9675,0.0009920072043314576,,,,
,,9676,0.00038074408075772226,,,,
,,9677,0.0005351366708055139,,,,
,,9678,0.0008293255232274532,,,,
,,9679,0.0008107216563075781,,,,
,,9680,0.000648506626021117,,,,
,,9681,0.0019410171080380678,,,,
,,9682,0.02041274681687355,,,,
,,9683,0.00039728698902763426,,,,
,,9684,0.0017056592041626573,,,,
,,9685,0.0010121979285031557,,,,
,,9686,0.00034048338420689106,,,,
,,9687,0.000983453937806189,,,,
,,9688,0.0007055368623696268,,,,
,,9689,0.0005254890420474112,,,,
,,9690,0.00046595916501246393,,,,
,,9691,0.0005489483592100441,,,,
,,9692,0.0007188480230979621,,,,
,,9693,0.0004901313222944736,,,,
,,9694,0.0012035376857966185,,,,
,,9695,0.0012394941877573729,,,,
,,9696,0.00220334529876709,,,,
,,9697,0.0008938325918279588,,,,
,,9698,0.0007946311379782856,,,,
,,9699,0.0006127491360530257,,,,
,,9700,0.0008998849079944193,,,,
,,9701,0.0009856026154011488,,,,
,,9702,0.0005454110796563327,,,,
,,9703,0.0006447237101383507,,,,
,,9704,0.053438700735569,,,,
,,9705,0.0007189583266153932,,,,
,,9706,0.0007472078432328999,,,,
,,9707,0.0250746700912714,,,,
,,9708,0.026867415755987167,,,,
,,9709,0.000823875714559108,,,,
,,9710,0.0027928834315389395,,,,
,,9711,0.0013231559423729777,,,,
,,9712,0.0025184345431625843,,,,
,,9713,0.0012863954761996865,,,,
,,9714,0.0012477071722969413,,,,
,,9715,0.001148971263319254,,,,
,,9716,0.0014174585230648518,,,,
,,9717,0.001953974599018693,,,,
,,9718,0.0006545634823851287,,,,
,,9719,0.0007490593707188964,,,,
,,9720,0.0018080378649756312,,,,
,,9721,0.00425685103982687,,,,
,,9722,0.0014417729107663035,,,,
,,9723,0.0032466594129800797,,,,
,,9724,0.0012091852258890867,,,,
,,9725,0.0011809332063421607,,,,
,,9726,0.0013869312824681401,,,,
,,9727,0.0010010430123656988,,,,
,,9728,0.0015220092609524727,,,,
,,9729,0.00209816824644804,,,,
,,9730,0.0012428188929334283,,,,
,,9731,0.000889439310412854,,,,
,,9732,0.02421427145600319,,,,
,,9733,0.0017734438879415393,,,,
,,9734,0.025180406868457794,,,,
,,9735,0.0029209661297500134,,,,
,,9736,0.0005823661340400577,,,,
,,9737,0.0005905887810513377,,,,
,,9738,0.00035090564051643014,,,,
,,9739,0.000418686744524166,,,,
,,9740,0.00043201303924433887,,,,
,,9741,0.0004390013054944575,,,,
,,9742,0.000919564045034349,,,,
,,9743,0.0005222019390203059,,,,
,,9744,0.0007793806726112962,,,,
,,9745,0.0005094795487821102,,,,
,,9746,0.001228170469403267,,,,
,,9747,0.0006527597433887422,,,,
,,9748,0.001424816669896245,,,,
,,9749,0.0007515151519328356,,,,
,,9750,0.0011212718673050404,,,,
,,9751,0.002094736322760582,,,,
,,9752,0.002869378076866269,,,,
,,9753,0.0010173255577683449,,,,
,,9754,0.0005983281880617142,,,,
,,9755,0.0006046047783456743,,,,
,,9756,0.0008344664820469916,,,,
,,9757,0.0009477564599364996,,,,
,,9758,0.0010465624509379268,,,,
,,9759,0.003939330577850342,,,,
,,9760,0.04302274063229561,,,,
,,9761,0.0019588402938097715,,,,
,,9762,0.0010694988304749131,,,,
,,9763,0.0010127391433343291,,,,
,,9764,0.000967333500739187,,,,
,,9765,0.0009866009932011366,,,,
,,9766,0.0009512650431133807,,,,
,,9767,0.0015130182728171349,,,,
,,9768,0.0011987296165898442,,,,
,,9769,0.0012558503076434135,,,,
,,9770,0.027595508843660355,,,,
,,9771,0.0005694490973837674,,,,
,,9772,0.0016216427320614457,,,,
,,9773,0.001678146538324654,,,,
,,9774,0.0020109734032303095,,,,
,,9775,0.0013430247781798244,,,,
,,9776,0.0020108981989324093,,,,
,,9777,0.0009121430921368301,,,,
,,9778,0.0009588332613930106,,,,
,,9779,0.0014172765659168363,,,,
,,9780,0.0008745229570195079,,,,
,,9781,0.0009519097511656582,,,,
,,9782,0.0011783192167058587,,,,
,,9783,0.0014886681456118822,,,,
,,9784,0.02057681977748871,,,,
,,9785,0.021343430504202843,,,,
,,9786,0.0020366429816931486,,,,
,,9787,0.0021478093694895506,,,,
,,9788,0.001035288441926241,,,,
,,9789,0.0012803747085854411,,,,
,,9790,0.001010247739031911,,,,
,,9791,0.00087250757496804,,,,
,,9792,0.0008609764627180994,,,,
,,9793,0.002418220741674304,,,,
,,9794,0.0026451002340763807,,,,
,,9795,0.0015342639526352286,,,,
,,9796,0.0006122529739513993,,,,
,,9797,0.0013040711637586355,,,,
,,9798,0.0018371882615610957,,,,
,,9799,0.007870309054851532,,,,
,,9800,0.001649854239076376,,,,
,,9801,0.0027956091798841953,,,,
,,9802,0.0030319446232169867,,,,
,,9803,0.0010826009092852473,,,,
,,9804,0.00251846294850111,,,,
,,9805,0.0011181582231074572,,,,
,,9806,0.0015694492030888796,,,,
,,9807,0.002864772453904152,,,,
,,9808,0.0012326500145718455,,,,
,,9809,0.0018668408738449216,,,,
,,9810,0.001926753087900579,,,,
,,9811,0.017963675782084465,,,,
,,9812,0.0018227148102596402,,,,
,,9813,0.0007634478388354182,,,,
,,9814,0.0008302830392494798,,,,
,,9815,0.0013300537830218673,,,,
,,9816,0.0007154180202633142,,,,
,,9817,0.0011042219121009111,,,,
,,9818,0.0017182383453473449,,,,
,,9819,0.0016594467451795936,,,,
,,9820,0.00158277852460742,,,,
,,9821,0.0007449982222169638,,,,
,,9822,0.0009733124170452356,,,,
,,9823,0.0009395894012413919,,,,
,,9824,0.0014583178563043475,,,,
,,9825,0.003506165463477373,,,,
,,9826,0.0012367864837870002,,,,
,,9827,0.0011408892460167408,,,,
,,9828,0.002383032813668251,,,,
,,9829,0.0009035951807163656,,,,
,,9830,0.0018990880344063044,,,,
,,9831,0.00142957316711545,,,,
,,9832,0.0008737786556594074,,,,
,,9833,0.2483939379453659,,,,
,,9834,0.0016465255757793784,,,,
,,9835,0.0012269498547539115,,,,
,,9836,0.0173566285520792,,,,
,,9837,0.025920815765857697,,,,
,,9838,0.0018779990496113896,,,,
,,9839,0.0007465691305696964,,,,
,,9840,0.0015684377867728472,,,,
,,9841,0.0004907323746010661,,,,
,,9842,0.018102003261446953,,,,
,,9843,0.0005787481786683202,,,,
,,9844,0.0005593618261627853,,,,
,,9845,0.0008632103563286364,,,,
,,9846,0.0004172422341071069,,,,
,,9847,0.0011724967043846846,,,,
,,9848,0.0004638626123778522,,,,
,,9849,0.001859869807958603,,,,
,,9850,0.0014858487993478775,,,,
,,9851,0.0018175485311076045,,,,
,,9852,0.0016125352121889591,,,,
,,9853,0.000985688646323979,,,,
,,9854,0.0005835904157720506,,,,
,,9855,0.0013980752555653453,,,,
,,9856,0.0007049255073070526,,,,
,,9857,0.0015961594181135297,,,,
,,9858,0.001415337435901165,,,,
,,9859,0.0009463028400205076,,,,
,,9860,0.0008451705216430128,,,,
,,9861,0.0014743780484423041,,,,
,,9862,0.03621525689959526,,,,
,,9863,0.0009464425384066999,,,,
,,9864,0.010277380235493183,,,,
,,9865,0.003256096737459302,,,,
,,9866,0.0026891573797911406,,,,
,,9867,0.0003452723613008857,,,,
,,9868,0.0007519664941355586,,,,
,,9869,0.0011173126986250281,,,,
,,9870,0.0006531198159791529,,,,
,,9871,0.0013721094001084566,,,,
,,9872,0.0035395456943660975,,,,
,,9873,0.0013077895855531096,,,,
,,9874,0.0006830311031080782,,,,
,,9875,0.0008338992483913898,,,,
,,9876,0.003385616932064295,,,,
,,9877,0.0038863711524754763,,,,
,,9878,0.0007003815262578428,,,,
,,9879,0.0012155702570453286,,,,
,,9880,0.008434601128101349,,,,
,,9881,0.001510479487478733,,,,
,,9882,0.001662577036768198,,,,
,,9883,0.0008280767942778766,,,,
,,9884,0.0010147703578695655,,,,
,,9885,0.0021807653829455376,,,,
,,9886,0.0026771733537316322,,,,
,,9887,0.0027681158389896154,,,,
,,9888,0.029283583164215088,,,,
,,9889,0.0030666592065244913,,,,
,,9890,0.001453972072340548,,,,
,,9891,0.0018801167607307434,,,,
,,9892,0.0012638462940230966,,,,
,,9893,0.001388275413773954,,,,
,,9894,0.001683596521615982,,,,
,,9895,0.0010635425569489598,,,,
,,9896,0.0022402636241167784,,,,
,,9897,0.0009220350766554475,,,,
,,9898,0.001713586738333106,,,,
,,9899,0.0005344615783542395,,,,
,,9900,0.0004859254986513406,,,,
,,9901,0.004087463486939669,,,,
,,9902,0.004161905962973833,,,,
,,9903,0.0030829724855720997,,,,
,,9904,0.0034945905208587646,,,,
,,9905,0.0008355535683222115,,,,
,,9906,0.0005476872902363539,,,,
,,9907,0.0007326958002522588,,,,
,,9908,0.0007339551812037826,,,,
,,9909,0.0010294417152181268,,,,
,,9910,0.000895403791218996,,,,
,,9911,0.001087053446099162,,,,
,,9912,0.025006679818034172,,,,
,,9913,0.0023634901735931635,,,,
,,9914,0.022390952333807945,,,,
,,9915,0.022949831560254097,,,,
,,9916,0.0016194777563214302,,,,
,,9917,0.0011558504775166512,,,,
,,9918,0.0026552944909781218,,,,
,,9919,0.00015784615243319422,,,,
,,9920,0.000915384094696492,,,,
,,9921,0.0009813666110858321,,,,
,,9922,0.00033306857221759856,,,,
,,9923,0.000559598789550364,,,,
,,9924,0.00030918180709704757,,,,
,,9925,0.00032692993409000337,,,,
,,9926,0.0004137774812988937,,,,
,,9927,0.001838966622017324,,,,
,,9928,0.0012052066158503294,,,,
,,9929,0.0020776730962097645,,,,
,,9930,0.0016674238722771406,,,,
,,9931,0.0006572545389644802,,,,
,,9932,0.0010172647889703512,,,,
,,9933,0.0005894008791074157,,,,
,,9934,0.0013643585843965411,,,,
,,9935,0.0005139671848155558,,,,
,,9936,0.0010960400104522705,,,,
,,9937,0.0010209840256720781,,,,
,,9938,0.0005210309172980487,,,,
,,9939,0.0005630055675283074,,,,
,,9940,0.0041692317463457584,,,,
,,9941,0.015428652055561543,,,,
,,9942,0.002905768109485507,,,,
,,9943,0.0018831418128684163,,,,
,,9944,0.001684388262219727,,,,
,,9945,0.0021546438802033663,,,,
,,9946,0.0002854174526873976,,,,
,,9947,0.0008073445642367005,,,,
,,9948,0.0003727617731783539,,,,
,,9949,0.4855407476425171,,,,
,,9950,0.0005132463411428034,,,,
,,9951,0.00038809547550044954,,,,
,,9952,0.0003242580860387534,,,,
,,9953,0.001072858227416873,,,,
,,9954,0.00029285106575116515,,,,
,,9955,0.0011894024210050702,,,,
,,9956,0.0013530243886634707,,,,
,,9957,0.043712832033634186,,,,
,,9958,0.0003388487675692886,,,,
,,9959,0.0004380775790195912,,,,
,,9960,0.0008943267166614532,,,,
,,9961,0.0008321044151671231,,,,
,,9962,0.005405866075307131,,,,
,,9963,0.00033454474760219455,,,,
,,9964,0.020490135997533798,,,,
,,9965,0.0003281321551185101,,,,
,,9966,0.001637432724237442,,,,
,,9967,0.0014456211356446147,,,,
,,9968,0.00036612871917895973,,,,
,,9969,0.0016008532838895917,,,,
,,9970,0.021539779379963875,,,,
,,9971,0.0003248655120842159,,,,
,,9972,0.0002913078642450273,,,,
,,9973,0.0005429543671198189,,,,
,,9974,0.00031557935290038586,,,,
,,9975,0.0004763806937262416,,,,
,,9976,0.00039533450035378337,,,,
,,9977,0.0003366554155945778,,,,
,,9978,0.00117855507414788,,,,
,,9979,0.0008466587751172483,,,,
19,,9979,,0.007008192595094442,,,
19,,9979,,,0.9819639325141907,0.9839679598808289,0.009806136600673199
20,0.027930554002523422,9980,,,,,
20,0.04536306485533714,9981,,,,,
20,0.0009588583488948643,9982,,,,,
20,0.0012728391448035836,9983,,,,,
20,0.001593005727045238,9984,,,,,
20,0.00017693708650767803,9985,,,,,
20,0.0012489156797528267,9986,,,,,
20,0.005113727878779173,9987,,,,,
20,0.0016085394890978932,9988,,,,,
20,0.040063321590423584,9989,,,,,
20,0.007555410265922546,9990,,,,,
20,0.0008458730299025774,9991,,,,,
20,0.0005124761955812573,9992,,,,,
20,0.05609993264079094,9993,,,,,
20,0.00011520631232997403,9994,,,,,
20,0.000805172196123749,9995,,,,,
20,0.001859612064436078,9996,,,,,
20,0.0016114552272483706,9997,,,,,
20,0.0038576233200728893,9998,,,,,
20,0.0001260366989299655,9999,,,,,
20,0.0001007164319162257,10000,,,,,
20,0.007924811914563179,10001,,,,,
20,0.000618794874753803,10002,,,,,
20,0.041330158710479736,10003,,,,,
20,0.00011346215615049005,10004,,,,,
20,2.531602149247192e-05,10005,,,,,
20,0.0003231658774893731,10006,,,,,
20,0.0010159974917769432,10007,,,,,
20,0.0014428420690819621,10008,,,,,
20,0.0009707940043881536,10009,,,,,
20,0.00013758095155935735,10010,,,,,
20,0.005819299723953009,10011,,,,,
20,0.0011704100761562586,10012,,,,,
20,3.947773438994773e-05,10013,,,,,
20,0.00014562233991455287,10014,,,,,
20,3.4271150070708245e-05,10015,,,,,
20,0.0013493811711668968,10016,,,,,
20,2.5230767278117128e-05,10017,,,,,
20,0.00024029890482779592,10018,,,,,
20,0.0001935066975420341,10019,,,,,
20,7.267575711011887e-05,10020,,,,,
20,0.00029527131118811667,10021,,,,,
20,0.0004333307733759284,10022,,,,,
20,0.00016668510215822607,10023,,,,,
20,2.684170067368541e-05,10024,,,,,
20,0.0004470264248084277,10025,,,,,
20,5.4102958529256284e-05,10026,,,,,
20,0.00035785543150268495,10027,,,,,
20,5.195845733396709e-05,10028,,,,,
20,0.00041480810614302754,10029,,,,,
20,4.869423355557956e-05,10030,,,,,
20,0.0001684564194874838,10031,,,,,
20,0.00011068775347666815,10032,,,,,
20,0.00022358636488206685,10033,,,,,
20,0.00018826837185770273,10034,,,,,
20,4.413681381265633e-05,10035,,,,,
20,0.00018974440172314644,10036,,,,,
20,1.7294674762524664e-05,10037,,,,,
20,2.1778871087008156e-05,10038,,,,,
20,0.01326915342360735,10039,,,,,
20,0.0007370627718046308,10040,,,,,
20,0.0002398140641162172,10041,,,,,
20,6.0967540775891393e-05,10042,,,,,
20,7.546303095296025e-05,10043,,,,,
20,0.0018340363167226315,10044,,,,,
20,6.121482147136703e-05,10045,,,,,
20,0.00012618959590326995,10046,,,,,
20,0.0015000877901911736,10047,,,,,
20,3.441169610596262e-05,10048,,,,,
20,7.765353984723333e-06,10049,,,,,
20,0.002303245710209012,10050,,,,,
20,3.531014226609841e-05,10051,,,,,
20,0.07486478239297867,10052,,,,,
20,0.00016778180724941194,10053,,,,,
20,1.8662820366444066e-05,10054,,,,,
20,3.522189217619598e-05,10055,,,,,
20,2.150320324290078e-05,10056,,,,,
20,0.061594460159540176,10057,,,,,
20,0.004288320429623127,10058,,,,,
20,6.514458073070273e-05,10059,,,,,
20,3.2861109502846375e-05,10060,,,,,
20,0.0028465192299336195,10061,,,,,
20,5.288819011184387e-05,10062,,,,,
20,4.960404839948751e-05,10063,,,,,
20,2.903658605646342e-05,10064,,,,,
20,0.000436705129686743,10065,,,,,
20,7.458991603925824e-05,10066,,,,,
20,0.0025441257748752832,10067,,,,,
20,2.9414399250526913e-05,10068,,,,,
20,7.844479114282876e-05,10069,,,,,
20,0.00019734665693249553,10070,,,,,
20,0.0002822214155457914,10071,,,,,
20,0.0005029441090300679,10072,,,,,
20,0.00013434844731818885,10073,,,,,
20,0.14536575973033905,10074,,,,,
20,0.002373254392296076,10075,,,,,
20,2.2367839846992865e-05,10076,,,,,
20,2.6042347599286586e-05,10077,,,,,
20,0.0008477248484268785,10078,,,,,
20,2.76481168839382e-05,10079,,,,,
20,1.631958002690226e-05,10080,,,,,
20,0.0013927456457167864,10081,,,,,
20,0.003613064531236887,10082,,,,,
20,0.0031198805663734674,10083,,,,,
20,2.011394280998502e-05,10084,,,,,
20,0.03559979796409607,10085,,,,,
20,0.01121408399194479,10086,,,,,
20,0.0023827441036701202,10087,,,,,
20,0.0004135133349336684,10088,,,,,
20,0.00034079686156474054,10089,,,,,
20,3.773263597395271e-05,10090,,,,,
20,0.0030605311039835215,10091,,,,,
20,4.2666233639465645e-05,10092,,,,,
20,0.0019667991437017918,10093,,,,,
20,4.706100662588142e-05,10094,,,,,
20,0.00011518847895786166,10095,,,,,
20,0.002844884293153882,10096,,,,,
20,0.0038574945647269487,10097,,,,,
20,0.0009028594940900803,10098,,,,,
20,0.0002816450723912567,10099,,,,,
20,0.0005076999659650028,10100,,,,,
20,3.9636877772863954e-05,10101,,,,,
20,0.0012399321421980858,10102,,,,,
20,0.0004077839257661253,10103,,,,,
20,0.05367587134242058,10104,,,,,
20,0.00016227122978307307,10105,,,,,
20,0.0003215819306205958,10106,,,,,
20,8.835623157210648e-05,10107,,,,,
20,7.038165495032445e-05,10108,,,,,
20,3.2084539270726964e-05,10109,,,,,
20,0.00039059107075445354,10110,,,,,
20,1.5433650332852267e-05,10111,,,,,
20,2.253274760732893e-05,10112,,,,,
20,8.716087904758751e-05,10113,,,,,
20,4.2800966184586287e-05,10114,,,,,
20,5.988266639178619e-05,10115,,,,,
20,5.566791514866054e-05,10116,,,,,
20,3.701436071423814e-05,10117,,,,,
20,0.0004055963654536754,10118,,,,,
20,0.0015212914440780878,10119,,,,,
20,4.4081389205530286e-05,10120,,,,,
20,6.995768490014598e-05,10121,,,,,
20,0.00047560842358507216,10122,,,,,
20,8.44958340167068e-05,10123,,,,,
20,0.00021235019084997475,10124,,,,,
20,2.3630787836737e-05,10125,,,,,
20,0.0008631538366898894,10126,,,,,
20,0.00013322761515155435,10127,,,,,
20,0.000363477214705199,10128,,,,,
20,0.0015494305407628417,10129,,,,,
20,0.0009746694704517722,10130,,,,,
20,1.6926440366660245e-05,10131,,,,,
20,8.627359056845307e-05,10132,,,,,
20,7.907704275567085e-05,10133,,,,,
20,0.00019395261188037694,10134,,,,,
20,0.0007895840099081397,10135,,,,,
20,8.492026609019376e-06,10136,,,,,
20,2.373456118220929e-05,10137,,,,,
20,0.0012844952289015055,10138,,,,,
20,4.772010288434103e-05,10139,,,,,
20,1.425355912942905e-05,10140,,,,,
20,0.003570853266865015,10141,,,,,
20,0.004795726854354143,10142,,,,,
20,9.17986108106561e-05,10143,,,,,
20,0.00014993826334830374,10144,,,,,
20,0.00817752443253994,10145,,,,,
20,0.0010454908479005098,10146,,,,,
20,2.1933044990873896e-05,10147,,,,,
20,0.011773312464356422,10148,,,,,
20,0.0005413914332166314,10149,,,,,
20,4.165600330452435e-05,10150,,,,,
20,0.009441636502742767,10151,,,,,
20,0.00010431552800582722,10152,,,,,
20,0.18562830984592438,10153,,,,,
20,7.995431224117056e-05,10154,,,,,
20,0.0007423301576636732,10155,,,,,
20,0.0017710713436827064,10156,,,,,
20,0.0005947155295871198,10157,,,,,
20,0.00011872674076585099,10158,,,,,
20,3.421526707825251e-05,10159,,,,,
20,0.0013332816306501627,10160,,,,,
20,0.002915384480729699,10161,,,,,
20,5.2378753025550395e-05,10162,,,,,
20,2.117591975547839e-05,10163,,,,,
20,0.0026359606999903917,10164,,,,,
20,0.00014625469339080155,10165,,,,,
20,0.024309353902935982,10166,,,,,
20,0.006167863495647907,10167,,,,,
20,0.01816493831574917,10168,,,,,
20,0.0001297558774240315,10169,,,,,
20,0.00018676865147426724,10170,,,,,
20,2.2539543351740576e-05,10171,,,,,
20,0.1345163732767105,10172,,,,,
20,0.0026400566566735506,10173,,,,,
20,0.07464512437582016,10174,,,,,
20,0.08880018442869186,10175,,,,,
20,0.00012958471779711545,10176,,,,,
20,1.6107462215586565e-05,10177,,,,,
20,1.6881111150723882e-05,10178,,,,,
20,1.6648738892399706e-05,10179,,,,,
20,0.0009445428149774671,10180,,,,,
20,0.0003015272959601134,10181,,,,,
20,8.902590343495831e-05,10182,,,,,
20,0.00804989319294691,10183,,,,,
20,0.013974915258586407,10184,,,,,
20,0.1485849767923355,10185,,,,,
20,0.00020464204135350883,10186,,,,,
20,3.6150864616502076e-05,10187,,,,,
20,0.0004047555848956108,10188,,,,,
20,8.959261322161183e-05,10189,,,,,
20,0.003186205867677927,10190,,,,,
20,0.0012306751450523734,10191,,,,,
20,0.00026101997354999185,10192,,,,,
20,0.05981776490807533,10193,,,,,
20,0.0001336338318651542,10194,,,,,
20,0.010793114081025124,10195,,,,,
20,0.0013541494263336062,10196,,,,,
20,0.0011222901521250606,10197,,,,,
20,0.0022473656572401524,10198,,,,,
20,0.00017103221034631133,10199,,,,,
20,7.653314241906628e-05,10200,,,,,
20,0.00012753941700793803,10201,,,,,
20,6.781984848203138e-05,10202,,,,,
20,0.0005587349296547472,10203,,,,,
20,0.002062068087980151,10204,,,,,
20,0.000477559253340587,10205,,,,,
20,0.0018572323024272919,10206,,,,,
20,3.0043620427022688e-05,10207,,,,,
20,0.00020581243734341115,10208,,,,,
20,0.0003883195167873055,10209,,,,,
20,0.00013471728016156703,10210,,,,,
20,0.06992107629776001,10211,,,,,
20,0.0006470356020145118,10212,,,,,
20,0.0007790564559400082,10213,,,,,
20,0.008574116043746471,10214,,,,,
20,0.0013011755654588342,10215,,,,,
20,8.605974289821461e-05,10216,,,,,
20,0.00439100805670023,10217,,,,,
20,3.6876990634482354e-05,10218,,,,,
20,0.008587499149143696,10219,,,,,
20,5.0754835683619604e-05,10220,,,,,
20,2.0593448425643146e-05,10221,,,,,
20,0.001178377540782094,10222,,,,,
20,0.0019449300598353148,10223,,,,,
20,0.000489370315335691,10224,,,,,
20,0.0007220514235086739,10225,,,,,
20,7.115207699825987e-05,10226,,,,,
20,0.00021490693325176835,10227,,,,,
20,0.00014568943879567087,10228,,,,,
20,0.0013725088210776448,10229,,,,,
20,0.00014947399904485792,10230,,,,,
20,0.013627761043608189,10231,,,,,
20,0.0021695459727197886,10232,,,,,
20,0.00012856638932134956,10233,,,,,
20,0.0028478894382715225,10234,,,,,
20,0.0020917702931910753,10235,,,,,
20,0.001239566714502871,10236,,,,,
20,3.30344628309831e-05,10237,,,,,
20,0.00012340860848780721,10238,,,,,
20,5.201628300710581e-05,10239,,,,,
20,5.745302769355476e-05,10240,,,,,
20,0.003660814603790641,10241,,,,,
20,1.9679047909448855e-05,10242,,,,,
20,0.023195499554276466,10243,,,,,
20,0.009375672787427902,10244,,,,,
20,0.0007104204851202667,10245,,,,,
20,5.63686371606309e-05,10246,,,,,
20,1.6013789718272164e-05,10247,,,,,
20,2.155952461180277e-05,10248,,,,,
20,0.00035663158632814884,10249,,,,,
20,4.872387944487855e-05,10250,,,,,
20,0.00024483009474352,10251,,,,,
20,0.0006338089006021619,10252,,,,,
20,5.103618968860246e-05,10253,,,,,
20,0.0002406290004728362,10254,,,,,
20,0.003246747888624668,10255,,,,,
20,0.0038378280587494373,10256,,,,,
20,6.175614544190466e-05,10257,,,,,
20,5.381385108194081e-06,10258,,,,,
20,0.006134047172963619,10259,,,,,
20,0.00960628967732191,10260,,,,,
20,3.74113951693289e-05,10261,,,,,
20,1.699909262242727e-05,10262,,,,,
20,7.043588993838057e-06,10263,,,,,
20,0.00016569209401495755,10264,,,,,
20,0.0027835401706397533,10265,,,,,
20,4.394341885927133e-05,10266,,,,,
20,0.0002893740311264992,10267,,,,,
20,3.562913843779825e-05,10268,,,,,
20,0.00011686406651278958,10269,,,,,
20,0.002135859802365303,10270,,,,,
20,1.7522519556223415e-05,10271,,,,,
20,2.907627049353323e-06,10272,,,,,
20,5.405706815508893e-06,10273,,,,,
20,1.6171656170627102e-05,10274,,,,,
20,0.00019993435125797987,10275,,,,,
20,5.971495556877926e-05,10276,,,,,
20,2.3101178157958202e-05,10277,,,,,
20,0.0006207257392816246,10278,,,,,
20,1.3175018466426991e-05,10279,,,,,
20,0.004296707455068827,10280,,,,,
20,0.0001038004775182344,10281,,,,,
20,0.0001308027422055602,10282,,,,,
20,3.9418082451447845e-05,10283,,,,,
20,1.385058476444101e-05,10284,,,,,
20,3.0205830626073293e-05,10285,,,,,
20,3.202022344339639e-05,10286,,,,,
20,0.00027079330175183713,10287,,,,,
20,3.5339890018804e-05,10288,,,,,
20,0.00033383266418240964,10289,,,,,
20,0.0013073780573904514,10290,,,,,
20,0.0012518292060121894,10291,,,,,
20,8.811099405647838e-07,10292,,,,,
20,4.258207627572119e-05,10293,,,,,
20,0.0004401806218083948,10294,,,,,
20,8.630997035652399e-05,10295,,,,,
20,0.011567062698304653,10296,,,,,
20,0.0006627105758525431,10297,,,,,
20,9.122045594267547e-05,10298,,,,,
20,0.00015350944886449724,10299,,,,,
20,2.1104913685121574e-05,10300,,,,,
20,5.681860420736484e-05,10301,,,,,
20,4.882313533016713e-06,10302,,,,,
20,3.0377868824871257e-05,10303,,,,,
20,1.6242787751252763e-05,10304,,,,,
20,8.787171282165218e-06,10305,,,,,
20,0.00011351699504302815,10306,,,,,
20,3.428666104809963e-06,10307,,,,,
20,4.110085228603566e-06,10308,,,,,
20,1.22411756819929e-05,10309,,,,,
20,4.195734436507337e-05,10310,,,,,
20,4.040082421852276e-05,10311,,,,,
20,0.452666312456131,10312,,,,,
20,1.4185387044562958e-05,10313,,,,,
20,1.9265213268226944e-05,10314,,,,,
20,4.565922063193284e-05,10315,,,,,
20,8.371435978915542e-05,10316,,,,,
20,0.009196333587169647,10317,,,,,
20,2.584381763881538e-05,10318,,,,,
20,2.8146931072114967e-05,10319,,,,,
20,5.07993609062396e-05,10320,,,,,
20,1.3833346201863606e-05,10321,,,,,
20,0.0011865405831485987,10322,,,,,
20,1.9295253878226504e-05,10323,,,,,
20,4.644958607968874e-05,10324,,,,,
20,1.0241455129289534e-05,10325,,,,,
20,9.951287211151794e-05,10326,,,,,
20,0.010942798107862473,10327,,,,,
20,0.000864126777742058,10328,,,,,
20,0.0010980864753946662,10329,,,,,
20,0.0018960702000185847,10330,,,,,
20,0.0006271398160606623,10331,,,,,
20,0.00010057644249172881,10332,,,,,
20,0.003099591238424182,10333,,,,,
20,0.0002033917116932571,10334,,,,,
20,0.0012350274482741952,10335,,,,,
20,0.007688386831432581,10336,,,,,
20,4.8490826884517446e-05,10337,,,,,
20,0.0007859692559577525,10338,,,,,
20,0.0005003224359825253,10339,,,,,
20,0.0005439811502583325,10340,,,,,
20,0.0001044812670443207,10341,,,,,
20,4.8012432671384886e-05,10342,,,,,
20,0.00012842362048104405,10343,,,,,
20,1.859613439592067e-05,10344,,,,,
20,6.070758536225185e-05,10345,,,,,
20,0.0001239870471181348,10346,,,,,
20,0.0002048929309239611,10347,,,,,
20,0.00020193630189169198,10348,,,,,
20,0.00032659529824741185,10349,,,,,
20,0.00013352713722269982,10350,,,,,
20,0.0009913730900734663,10351,,,,,
20,6.247247802093625e-05,10352,,,,,
20,0.00015375754446722567,10353,,,,,
20,0.0002230327227152884,10354,,,,,
20,1.7657785065239295e-05,10355,,,,,
20,0.0001412608689861372,10356,,,,,
20,2.8457510779844597e-05,10357,,,,,
20,0.001944519579410553,10358,,,,,
20,5.00382375321351e-05,10359,,,,,
20,0.00025879513123072684,10360,,,,,
20,1.0687102076190058e-05,10361,,,,,
20,0.000476750370580703,10362,,,,,
20,9.508599032415077e-05,10363,,,,,
20,0.0001445912494091317,10364,,,,,
20,0.0012845918536186218,10365,,,,,
20,0.0009519082959741354,10366,,,,,
20,4.014123260276392e-05,10367,,,,,
20,0.024646740406751633,10368,,,,,
20,0.00045643592602573335,10369,,,,,
20,6.200966163305566e-05,10370,,,,,
20,5.9813744883285835e-05,10371,,,,,
20,0.011374862864613533,10372,,,,,
20,2.36869091168046e-05,10373,,,,,
20,9.801776468520984e-05,10374,,,,,
20,9.503150795353577e-05,10375,,,,,
20,0.00019636140496004373,10376,,,,,
20,9.617614705348387e-05,10377,,,,,
20,9.479246364207938e-05,10378,,,,,
20,9.059661351784598e-06,10379,,,,,
20,5.9732774388976395e-05,10380,,,,,
20,2.932807728939224e-05,10381,,,,,
20,5.866941501153633e-05,10382,,,,,
20,8.27383337309584e-05,10383,,,,,
20,1.2630143828573637e-05,10384,,,,,
20,0.0006700634839944541,10385,,,,,
20,0.0011319348122924566,10386,,,,,
20,4.240472480887547e-05,10387,,,,,
20,5.4953881772235036e-05,10388,,,,,
20,3.371657294337638e-05,10389,,,,,
20,0.0001329734514001757,10390,,,,,
20,0.00010576807835604995,10391,,,,,
20,2.4254064555861987e-05,10392,,,,,
20,5.469255120260641e-05,10393,,,,,
20,1.4438565813179594e-05,10394,,,,,
20,5.724561560782604e-05,10395,,,,,
20,0.001142063527368009,10396,,,,,
20,0.0005736575112678111,10397,,,,,
20,5.69929488847265e-06,10398,,,,,
20,2.1212528736214153e-05,10399,,,,,
20,1.2625423551071435e-05,10400,,,,,
20,0.0001374835119349882,10401,,,,,
20,1.91288891073782e-05,10402,,,,,
20,7.157651907618856e-06,10403,,,,,
20,3.530492176651023e-05,10404,,,,,
20,5.33350721525494e-05,10405,,,,,
20,0.0005170382792130113,10406,,,,,
20,8.798118506092578e-05,10407,,,,,
20,0.0001628663158044219,10408,,,,,
20,1.664203591644764e-05,10409,,,,,
20,0.0002710372500587255,10410,,,,,
20,0.0003345772856846452,10411,,,,,
20,5.076091838418506e-05,10412,,,,,
20,0.004822463262826204,10413,,,,,
20,3.211947841919027e-05,10414,,,,,
20,0.004485490266233683,10415,,,,,
20,9.910732478601858e-05,10416,,,,,
20,8.766193059273064e-05,10417,,,,,
20,2.036137448158115e-05,10418,,,,,
20,6.778253009542823e-05,10419,,,,,
20,0.00044627994066104293,10420,,,,,
20,3.544747960404493e-05,10421,,,,,
20,6.069152277632384e-06,10422,,,,,
20,6.97875875630416e-05,10423,,,,,
20,0.00039418856613337994,10424,,,,,
20,0.0008605505572631955,10425,,,,,
20,0.0005109399207867682,10426,,,,,
20,4.6842942538205534e-05,10427,,,,,
20,5.706668525817804e-05,10428,,,,,
20,4.367707879282534e-05,10429,,,,,
20,8.945702575147152e-06,10430,,,,,
20,0.0054619768634438515,10431,,,,,
20,3.664323958219029e-05,10432,,,,,
20,5.5534626881126314e-05,10433,,,,,
20,0.00012301946117077023,10434,,,,,
20,0.00010606022260617465,10435,,,,,
20,2.2570297005586326e-05,10436,,,,,
20,0.0001762778265401721,10437,,,,,
20,5.520375998457894e-05,10438,,,,,
20,0.001276754424907267,10439,,,,,
20,4.415276998770423e-05,10440,,,,,
20,0.0004801133181899786,10441,,,,,
20,0.0029347504023462534,10442,,,,,
20,7.605103019159287e-05,10443,,,,,
20,0.07251988351345062,10444,,,,,
20,2.0507543013081886e-05,10445,,,,,
20,1.3589210539066698e-05,10446,,,,,
20,1.3407610822468996e-05,10447,,,,,
20,0.30322739481925964,10448,,,,,
20,9.542802581563592e-05,10449,,,,,
20,0.00030380632961168885,10450,,,,,
20,0.00016665532893966883,10451,,,,,
20,6.622142973355949e-05,10452,,,,,
20,6.722081161569804e-05,10453,,,,,
20,6.490872328868136e-05,10454,,,,,
20,1.954875187948346e-05,10455,,,,,
20,1.1371196706022602e-05,10456,,,,,
20,2.4518263671780005e-05,10457,,,,,
20,0.00029271666426211596,10458,,,,,
20,6.0858947108499706e-05,10459,,,,,
20,0.00022782529413234442,10460,,,,,
20,6.350655166897923e-05,10461,,,,,
20,0.005355146247893572,10462,,,,,
20,2.0522793420241214e-05,10463,,,,,
20,0.0010530197760090232,10464,,,,,
20,0.006427959073334932,10465,,,,,
20,0.0004761666932608932,10466,,,,,
20,1.8036244000541046e-05,10467,,,,,
20,0.0002811493177432567,10468,,,,,
20,0.0018178343307226896,10469,,,,,
20,0.0003720358363352716,10470,,,,,
20,0.0006373384385369718,10471,,,,,
20,2.186590245401021e-05,10472,,,,,
20,4.647345485864207e-05,10473,,,,,
20,0.0008649736410006881,10474,,,,,
20,0.0008366095717065036,10475,,,,,
20,0.028140142560005188,10476,,,,,
20,2.6371224521426484e-05,10477,,,,,
20,0.00020387694530654699,10478,,,,,
,,9980,1.5704430325058638e-06,,,,
,,9981,2.435997885186225e-06,,,,
,,9982,1.6575705785726313e-06,,,,
,,9983,1.2204696986373165e-06,,,,
,,9984,5.960233920632163e-06,,,,
,,9985,1.1523542298164102e-06,,,,
,,9986,1.3838599670634721e-06,,,,
,,9987,8.3964687291882e-07,,,,
,,9988,2.2183071450854186e-06,,,,
,,9989,1.9073377188760787e-06,,,,
,,9990,6.811952744101291e-07,,,,
,,9991,9.381237191519176e-07,,,,
,,9992,4.25738744525006e-06,,,,
,,9993,7.929999696898449e-07,,,,
,,9994,3.2082250527309952e-06,,,,
,,9995,4.8770457397040445e-06,,,,
,,9996,2.876547569030663e-06,,,,
,,9997,0.0025719376280903816,,,,
,,9998,1.1069407719332958e-06,,,,
,,9999,1.805147121558548e-06,,,,
,,10000,1.7427169041184243e-06,,,,
,,10001,1.1296474440314341e-06,,,,
,,10002,5.183006237530208e-07,,,,
,,10003,7.981823841873847e-07,,,,
,,10004,9.122077813117357e-07,,,,
,,10005,1.3786772115054191e-06,,,,
,,10006,7.722671284682292e-07,,,,
,,10007,1.5099748225111398e-06,,,,
,,10008,8.798767225925985e-07,,,,
,,10009,1.394222294948122e-06,,,,
,,10010,6.164695150800981e-06,,,,
,,10011,1.0055015309262672e-06,,,,
,,10012,1.1864136695294292e-06,,,,
,,10013,1.2853838597948197e-06,,,,
,,10014,6.219608508217789e-07,,,,
,,10015,4.314237571634294e-07,,,,
,,10016,1.0955874358842266e-06,,,,
,,10017,8.231107244682789e-07,,,,
,,10018,6.789732083234412e-07,,,,
,,10019,1.606481760063616e-06,,,,
,,10020,1.674102804827271e-06,,,,
,,10021,6.426926688618551e-07,,,,
,,10022,9.951363608706743e-07,,,,
,,10023,0.004693042021244764,,,,
,,10024,1.0884298262681114e-06,,,,
,,10025,1.2091198868802167e-06,,,,
,,10026,8.004038249964651e-07,,,,
,,10027,5.856794587089098e-07,,,,
,,10028,5.183006237530208e-07,,,,
,,10029,1.3283284943099716e-06,,,,
,,10030,1.5756285165480222e-06,,,,
,,10031,6.811947059759405e-07,,,,
,,10032,1.7370402929373085e-06,,,,
,,10033,1.566744231240591e-06,,,,
,,10034,1.119526132242754e-06,,,,
,,10035,1.109159825318784e-06,,,,
,,10036,1.7933027720573591e-06,,,,
,,10037,1.0314164455849095e-06,,,,
,,10038,1.3268473821881344e-06,,,,
,,10039,7.776973802720022e-07,,,,
,,10040,6.426923846447608e-07,,,,
,,10041,8.004039386833028e-07,,,,
,,10042,9.820549848882365e-07,,,,
,,10043,5.027516749578353e-07,,,,
,,10044,4.716537773674645e-07,,,,
,,10045,1.4929487406334374e-06,,,,
,,10046,2.6899529075308237e-06,,,,
,,10047,6.219607371349412e-07,,,,
,,10048,4.484537043936143e-07,,,,
,,10049,0.0016167610883712769,,,,
,,10050,2.2805077151133446e-06,,,,
,,10051,1.9177025478711585e-06,,,,
,,10052,3.2082114103104686e-06,,,,
,,10053,7.307528449018719e-06,,,,
,,10054,0.00017448162543587387,,,,
,,10055,2.957495325972559e-06,,,,
,,10056,2.0662794213421876e-06,,,,
,,10057,2.5487915991107e-06,,,,
,,10058,2.7645005502563436e-06,,,,
,,10059,2.933553560069413e-06,,,,
,,10060,2.5240913146262756e-06,,,,
,,10061,4.268762950232485e-06,,,,
,,10062,3.923486474377569e-06,,,,
,,10063,0.08379070460796356,,,,
,,10064,2.1003372694394784e-06,,,,
,,10065,3.865708094963338e-06,,,,
,,10066,5.167214112589136e-06,,,,
,,10067,4.016689672425855e-06,,,,
,,10068,7.297182492038701e-06,,,,
,,10069,8.727422937226947e-06,,,,
,,10070,4.799291673407424e-06,,,,
,,10071,5.695860181731405e-06,,,,
,,10072,3.337779617140768e-06,,,,
,,10073,3.008560952366679e-06,,,,
,,10074,0.0004666151071432978,,,,
,,10075,0.0020699428860098124,,,,
,,10076,3.757617378141731e-06,,,,
,,10077,4.13597263104748e-06,,,,
,,10078,1.3303142786026,,,,
,,10079,6.120860689406982e-06,,,,
,,10080,5.324443463905482e-06,,,,
,,10081,9.853960364125669e-06,,,,
,,10082,1.055774191627279e-05,,,,
,,10083,2.420442342554452e-06,,,,
,,10084,3.7976005842210725e-06,,,,
,,10085,3.545098934409907e-06,,,,
,,10086,3.959721652790904e-06,,,,
,,10087,3.063114490942098e-06,,,,
,,10088,4.325510872149607e-06,,,,
,,10089,9.621436220186297e-06,,,,
,,10090,1.9326515030115843e-05,,,,
,,10091,3.451336624493706e-06,,,,
,,10092,4.586809609463671e-06,,,,
,,10093,2.6225463898299495e-06,,,,
,,10094,3.417267407712643e-06,,,,
,,10095,2.788415258692112e-06,,,,
,,10096,3.1719300750410184e-06,,,,
,,10097,2.4522623789380305e-06,,,,
,,10098,2.917744268415845e-06,,,,
,,10099,3.80420920009783e-06,,,,
,,10100,3.2081984500109684e-06,,,,
,,10101,0.014693979173898697,,,,
,,10102,2.9646457733178977e-06,,,,
,,10103,3.6746866953762947e-06,,,,
,,10104,6.0226748246350326e-06,,,,
,,10105,4.632011041394435e-06,,,,
,,10106,3.0028927540115546e-06,,,,
,,10107,3.3321364298899425e-06,,,,
,,10108,2.721058308452484e-06,,,,
,,10109,2.6692284791351994e-06,,,,
,,10110,2.168464106944157e-06,,,,
,,10111,2.607037004054291e-06,,,,
,,10112,1.5652618685635389e-06,,,,
,,10113,1.2885905107395956e-06,,,,
,,10114,3.1107667837204644e-06,,,,
,,10115,6.7947003117296845e-06,,,,
,,10116,2.2701401576341596e-06,,,,
,,10117,2.9518182600440923e-06,,,,
,,10118,4.053007160109701e-06,,,,
,,10119,4.934024673275417e-06,,,,
,,10120,9.0955199993914e-06,,,,
,,10121,9.649425919633359e-06,,,,
,,10122,5.20527009939542e-06,,,,
,,10123,6.232650321180699e-06,,,,
,,10124,1.117775321006775,,,,
,,10125,5.006592346035177e-06,,,,
,,10126,5.125767074787291e-06,,,,
,,10127,0.0014531632186844945,,,,
,,10128,1.5600820688632666e-06,,,,
,,10129,1.4248298612073995e-06,,,,
,,10130,1.4986246696935268e-06,,,,
,,10131,9.018417586048599e-07,,,,
,,10132,1.351033120045031e-06,,,,
,,10133,8.91475792741403e-07,,,,
,,10134,2.0472734831855632e-06,,,,
,,10135,2.223499222964165e-06,,,,
,,10136,2.6339357646065764e-06,,,,
,,10137,2.140077867807122e-06,,,,
,,10138,1.3579435744759394e-06,,,,
,,10139,1.2545327763291425e-06,,,,
,,10140,2.684765149751911e-06,,,,
,,10141,1.8814242821463267e-06,,,,
,,10142,1.6533749658265151e-06,,,,
,,10143,1.64300740834733e-06,,,,
,,10144,0.17286549508571625,,,,
,,10145,9.277570143240155e-07,,,,
,,10146,2.1060191102151293e-06,,,,
,,10147,1.2034431620122632e-06,,,,
,,10148,9.139367875832249e-07,,,,
,,10149,9.018419859785354e-07,,,,
,,10150,9.588549119143863e-07,,,,
,,10151,1.48751621509291e-06,,,,
,,10152,1.0728820143413031e-06,,,,
,,10153,1.9795046682702377e-05,,,,
,,10154,0.0002890820906031877,,,,
,,10155,0.0003181283245794475,,,,
,,10156,1.6064808505689143e-06,,,,
,,10157,1.8051631514026667e-06,,,,
,,10158,1.3164781194063835e-06,,,,
,,10159,2.3671441340411548e-06,,,,
,,10160,1.9332385363668436e-06,,,,
,,10161,2.1820319489052054e-06,,,,
,,10162,3.026851118193008e-06,,,,
,,10163,2.0038376078446163e-06,,,,
,,10164,1.6973076526483055e-06,,,,
,,10165,1.3734930917053134e-06,,,,
,,10166,1.6533720099687343e-06,,,,
,,10167,4.483169050217839e-06,,,,
,,10168,3.2807947718538344e-06,,,,
,,10169,3.845729224849492e-06,,,,
,,10170,3.7420757053041598e-06,,,,
,,10171,1.6462157645946718e-06,,,,
,,10172,2.1741345790360356e-06,,,,
,,10173,1.9811336642305832e-06,,,,
,,10174,1.8606810954224784e-06,,,,
,,10175,3.161855829603155e-06,,,,
,,10176,1.4045868965695263e-06,,,,
,,10177,1.6222757039940916e-06,,,,
,,10178,2.5863041628326755e-06,,,,
,,10179,0.0035350765101611614,,,,
,,10180,2.192397232647636e-06,,,,
,,10181,0.00035300388117320836,,,,
,,10182,1.1637066563707776e-06,,,,
,,10183,1.383859626002959e-06,,,,
,,10184,8.033651965888566e-07,,,,
,,10185,1.754073309712112e-06,,,,
,,10186,9.89953718999459e-07,,,,
,,10187,9.588552529748995e-07,,,,
,,10188,1.1523532066348707e-06,,,,
,,10189,1.5951291061355732e-06,,,,
,,10190,9.225739745488681e-07,,,,
,,10191,1.5030676649985253e-06,,,,
,,10192,9.640381222197902e-07,,,,
,,10193,1.7103856180256116e-06,,,,
,,10194,1.907339196804969e-06,,,,
,,10195,1.7483883993918425e-06,,,,
,,10196,1.334004423370061e-06,,,,
,,10197,1.2829156048610457e-06,,,,
,,10198,1.1864129874084028e-06,,,,
,,10199,6.582417881872971e-07,,,,
,,10200,7.51535708332085e-07,,,,
,,10201,1.6859535207913723e-06,,,,
,,10202,1.0625159347910085e-06,,,,
,,10203,0.001554858754388988,,,,
,,10204,9.018427817863994e-07,,,,
,,10205,9.252896120415244e-07,,,,
,,10206,0.010224432684481144,,,,
,,10207,0.021578310057520866,,,,
,,10208,1.4305051081464626e-06,,,,
,,10209,1.4356801329995506e-06,,,,
,,10210,1.4304997648650897e-06,,,,
,,10211,1.1126128356409026e-06,,,,
,,10212,1.5837725868550478e-06,,,,
,,10213,1.8165088704336085e-06,,,,
,,10214,1.7200086404045578e-06,,,,
,,10215,1.534161924610089e-06,,,,
,,10216,1.2750145970130689e-06,,,,
,,10217,9.795859341465984e-07,,,,
,,10218,1.0314167866454227e-06,,,,
,,10219,1.4512335155814071e-06,,,,
,,10220,2.2990050183580024e-06,,,,
,,10221,1.6518936263310025e-06,,,,
,,10222,1.930031430674717e-06,,,,
,,10223,1.2335524388618069e-06,,,,
,,10224,1.1353234867783613e-06,,,,
,,10225,6.634239753111615e-07,,,,
,,10226,9.173909347737208e-07,,,,
,,10227,9.433064178665518e-07,,,,
,,10228,6.698413130834524e-07,,,,
,,10229,8.033651965888566e-07,,,,
,,10230,8.685237844474614e-07,,,,
,,10231,0.00020548082829918712,,,,
,,10232,7.634021130797919e-06,,,,
,,10233,0.0007877288153395057,,,,
,,10234,1.4045908756088465e-06,,,,
,,10235,8.174333174792991e-07,,,,
,,10236,4.995425797460484e-07,,,,
,,10237,9.593489949111245e-07,,,,
,,10238,6.925479851815908e-07,,,,
,,10239,7.929992875688185e-07,,,,
,,10240,1.1864134421557537e-06,,,,
,,10241,6.737900548614562e-07,,,,
,,10242,6.167771289256052e-07,,,,
,,10243,1.0625154800436576e-06,,,,
,,10244,4.4845356228506716e-07,,,,
,,10245,9.69219740909466e-07,,,,
,,10246,1.1637058605629136e-06,,,,
,,10247,1.0003169563788106e-06,,,,
,,10248,1.0558510439295787e-06,,,,
,,10249,6.893391173434793e-07,,,,
,,10250,7.256209073602804e-07,,,,
,,10251,9.173917305815849e-07,,,,
,,10252,5.676625391970447e-07,,,,
,,10253,1.180736035166774e-06,,,,
,,10254,6.755186063855945e-07,,,,
,,10255,8.29279713343567e-07,,,,
,,10256,4.872026124758122e-07,,,,
,,10257,4.6647070917060773e-07,,,,
,,10258,9.38122752813797e-07,,,,
,,10259,0.005699746776372194,,,,
,,10260,8.855513442540541e-07,,,,
,,10261,5.079344873593072e-07,,,,
,,10262,9.196114660880994e-07,,,,
,,10263,6.064114472792426e-07,,,,
,,10264,5.234834929979115e-07,,,,
,,10265,2.715845766942948e-06,,,,
,,10266,1.4201394833435188e-06,,,,
,,10267,1.394225137119065e-06,,,,
,,10268,8.969059877017571e-07,,,,
,,10269,0.04962075874209404,,,,
,,10270,7.039016054477543e-07,,,,
,,10271,8.551948553758848e-07,,,,
,,10272,1.5859917539273738e-06,,,,
,,10273,7.359856795119413e-07,,,,
,,10274,1.1972712172791944e-06,,,,
,,10275,1.575617943672114e-06,,,,
,,10276,3.1731535727885785e-06,,,,
,,10277,4.291473942430457e-06,,,,
,,10278,1.08991036995576e-06,,,,
,,10279,2.230894097010605e-06,,,,
,,10280,5.856796292391664e-07,,,,
,,10281,6.945225550225587e-07,,,,
,,10282,8.759278671277571e-07,,,,
,,10283,0.0006322303088381886,,,,
,,10284,0.0012905547628179193,,,,
,,10285,3.5876093988918e-06,,,,
,,10286,1.8903029967987095e-06,,,,
,,10287,7.929985486043734e-07,,,,
,,10288,9.899501947074896e-07,,,,
,,10289,7.981813041624264e-07,,,,
,,10290,1.4475369880528888e-06,,,,
,,10291,1.8606912135510356e-06,,,,
,,10292,1.7313614080194384e-06,,,,
,,10293,1.640535060687398e-06,,,,
,,10294,1.6291860447381623e-06,,,,
,,10295,9.12207667624898e-07,,,,
,,10296,1.8335432514504646e-06,,,,
,,10297,1.731112888592179e-06,,,,
,,10298,7.947151971166022e-06,,,,
,,10299,1.4021230754224234e-06,,,,
,,10300,1.220468220708426e-06,,,,
,,10301,1.2431739833118627e-06,,,,
,,10302,7.720204280303733e-07,,,,
,,10303,7.256205094563484e-07,,,,
,,10304,7.515350830544776e-07,,,,
,,10305,6.426925551750173e-07,,,,
,,10306,7.271667072927812e-06,,,,
,,10307,6.945224413357209e-07,,,,
,,10308,7.095773639775871e-07,,,,
,,10309,4.6887316784705035e-06,,,,
,,10310,0.0004122699028812349,,,,
,,10311,5.863894330104813e-06,,,,
,,10312,1.4021231891092611e-06,,,,
,,10313,8.240968440986762e-07,,,,
,,10314,1.1661721828204463e-06,,,,
,,10315,1.42483133913629e-06,,,,
,,10316,1.1920895985895186e-06,,,,
,,10317,1.1182934258613386e-06,,,,
,,10318,1.385094151373778e-06,,,,
,,10319,1.7881320673041046e-06,,,,
,,10320,1.2387353081066976e-06,,,,
,,10321,9.381225254401215e-07,,,,
,,10322,9.795859341465984e-07,,,,
,,10323,5.146569492353592e-06,,,,
,,10324,1.5270064750438905e-06,,,,
,,10325,1.35103516640811e-06,,,,
,,10326,1.0469648259459063e-06,,,,
,,10327,4.2872321500908583e-05,,,,
,,10328,8.707436904842325e-07,,,,
,,10329,9.847694855125155e-07,,,,
,,10330,9.433050536244991e-07,,,,
,,10331,1.202455791826651e-06,,,,
,,10332,1.1304186582565308,,,,
,,10333,1.0785578297145548e-06,,,,
,,10334,1.135324396273063e-06,,,,
,,10335,0.0009987259982153773,,,,
,,10336,0.00209584622643888,,,,
,,10337,1.1143426945636747e-06,,,,
,,10338,9.139356507148477e-07,,,,
,,10339,9.588536613591714e-07,,,,
,,10340,1.4702438875247026e-06,,,,
,,10341,0.0026311876717954874,,,,
,,10342,1.3453576457322924e-06,,,,
,,10343,1.413477093592519e-06,,,,
,,10344,1.6575716017541708e-06,,,,
,,10345,9.225735766449361e-07,,,,
,,10346,1.326846700067108e-06,,,,
,,10347,1.2231870414325385e-06,,,,
,,10348,1.3964437357572024e-06,,,,
,,10349,2.6679963411879726e-06,,,,
,,10350,2.1798041416332126e-06,,,,
,,10351,1.9016528085558093e-06,,,,
,,10352,1.1506247119541513e-06,,,,
,,10353,2.384148956480203e-06,,,,
,,10354,9.588536613591714e-07,,,,
,,10355,9.018411333272525e-07,,,,
,,10356,1.078064428838843e-06,,,,
,,10357,5.960456519460422e-07,,,,
,,10358,9.252891572941735e-07,,,,
,,10359,1.0501745464353007e-06,,,,
,,10360,9.070251394405204e-07,,,,
,,10361,0.2498466819524765,,,,
,,10362,6.510918410640443e-06,,,,
,,10363,0.0002932956558652222,,,,
,,10364,5.222365871304646e-06,,,,
,,10365,7.494412329833722e-06,,,,
,,10366,2.4352552827622276e-06,,,,
,,10367,6.397378001565812e-06,,,,
,,10368,2.182031266784179e-06,,,,
,,10369,2.724761998251779e-06,,,,
,,10370,5.302001227391884e-06,,,,
,,10371,2.627770527396933e-06,,,,
,,10372,1.0625153663568199e-06,,,,
,,10373,2.8098975235479884e-06,,,,
,,10374,3.190206598446821e-06,,,,
,,10375,3.954533895011991e-06,,,,
,,10376,3.5502778246154776e-06,,,,
,,10377,2.0322240743553266e-06,,,,
,,10378,2.1768476017314242e-06,,,,
,,10379,2.125020046150894e-06,,,,
,,10380,1.6462171288367244e-06,,,,
,,10381,1.7200026150021586e-06,,,,
,,10382,1.1239709465371561e-06,,,,
,,10383,1.1977665508311475e-06,,,,
,,10384,1.269833774131257e-06,,,,
,,10385,1.0314169003322604e-06,,,,
,,10386,1.653373374210787e-06,,,,
,,10387,0.06337662786245346,,,,
,,10388,4.49875915364828e-06,,,,
,,10389,3.6613407701224787e-06,,,,
,,10390,6.32326759841817e-07,,,,
,,10391,1.504302304056182e-06,,,,
,,10392,1.2490993412939133e-06,,,,
,,10393,6.167778110466315e-07,,,,
,,10394,2.0058009795320686e-06,,,,
,,10395,2.399716549916775e-06,,,,
,,10396,2.2081894712755457e-06,,,,
,,10397,1.1609914736254723e-06,,,,
,,10398,1.9243580027250573e-06,,,,
,,10399,1.5724214108558954e-06,,,,
,,10400,1.4512378356812405e-06,,,,
,,10401,1.409772266924847e-06,,,,
,,10402,1.731114934955258e-06,,,,
,,10403,1.2801979210053105e-06,,,,
,,10404,1.2387379229039652e-06,,,,
,,10405,1.4134769799056812e-06,,,,
,,10406,1.061526631929155e-06,,,,
,,10407,1.1239711739108316e-06,,,,
,,10408,9.89953718999459e-07,,,,
,,10409,9.122088044932752e-07,,,,
,,10410,7.602986443089321e-06,,,,
,,10411,0.04937615990638733,,,,
,,10412,3.5813768590742256e-06,,,,
,,10413,0.06741009652614594,,,,
,,10414,0.0912768691778183,,,,
,,10415,3.371862703716033e-06,,,,
,,10416,5.545815042751201e-07,,,,
,,10417,1.43050374390441e-06,,,,
,,10418,1.2375031701594708e-06,,,,
,,10419,6.686071856165654e-07,,,,
,,10420,1.7259339983866084e-06,,,,
,,10421,1.67459734257136e-06,,,,
,,10422,1.8619185766510782e-06,,,,
,,10423,1.6575677364016883e-06,,,,
,,10424,1.8108343056155718e-06,,,,
,,10425,6.478755381067458e-07,,,,
,,10426,4.683149654738372e-06,,,,
,,10427,1.0573315876172273e-06,,,,
,,10428,1.3942261603006045e-06,,,,
,,10429,6.99705594797706e-07,,,,
,,10430,7.947269295982551e-07,,,,
,,10431,2.577166469563963e-06,,,,
,,10432,5.804964189337625e-07,,,,
,,10433,5.28666873833572e-07,,,,
,,10434,5.027518454880919e-07,,,,
,,10435,1.5553943057966535e-06,,,,
,,10436,2.02136061489e-06,,,,
,,10437,4.37100425187964e-07,,,,
,,10438,6.822881005064119e-06,,,,
,,10439,1.7103802747442387e-06,,,,
,,10440,0.0008683678461238742,,,,
,,10441,1.8036698747891933e-06,,,,
,,10442,9.484861607234052e-07,,,,
,,10443,8.500109061060357e-07,,,,
,,10444,1.1609909051912837e-06,,,,
,,10445,1.5326810398619273e-06,,,,
,,10446,1.5393424064313876e-06,,,,
,,10447,1.3283265616337303e-06,,,,
,,10448,1.3394529819488525,,,,
,,10449,1.518612862128066e-06,,,,
,,10450,2.40118879446527e-06,,,,
,,10451,8.240965598815819e-07,,,,
,,10452,2.6070197236549575e-06,,,,
,,10453,1.2147968391218456e-06,,,,
,,10454,8.514920750712918e-07,,,,
,,10455,9.122057349486568e-07,,,,
,,10456,0.04557013884186745,,,,
,,10457,1.0331443718314404e-06,,,,
,,10458,5.493982939697162e-07,,,,
,,10459,5.804967599942756e-07,,,,
,,10460,8.033661060835584e-07,,,,
,,10461,3.249656583648175e-05,,,,
,,10462,1.0388180271547753e-06,,,,
,,10463,0.10224863141775131,,,,
,,10464,6.13075656019646e-07,,,,
,,10465,4.9237719395023305e-06,,,,
,,10466,6.224641310836887e-06,,,,
,,10467,2.2649603579338873e-06,,,,
,,10468,9.587817658029962e-06,,,,
,,10469,0.00018163573986385018,,,,
,,10470,1.1987722245976329e-05,,,,
,,10471,5.392693310568575e-06,,,,
,,10472,1.2101381798856892e-05,,,,
,,10473,4.2914680307148956e-06,,,,
,,10474,6.245284566830378e-06,,,,
,,10475,5.395364041760331e-06,,,,
,,10476,3.2030593501986004e-06,,,,
,,10477,4.22902894570143e-06,,,,
,,10478,1.7896407371154055e-05,,,,
20,,10478,,0.011976221576333046,,,
20,,10478,,,0.945891797542572,0.9478957653045654,0.005548184737563133
21,0.00011482593981781974,10479,,,,,
21,0.03085971623659134,10480,,,,,
21,0.0006136694573797286,10481,,,,,
21,0.0008364448440261185,10482,,,,,
21,7.188539893832058e-05,10483,,,,,
21,0.00016001350013539195,10484,,,,,
21,0.004371969029307365,10485,,,,,
21,0.0014623937895521522,10486,,,,,
21,0.0002105046296492219,10487,,,,,
21,0.00011484945571282879,10488,,,,,
21,2.242071604996454e-05,10489,,,,,
21,4.3628551793517545e-05,10490,,,,,
21,0.0010007283417508006,10491,,,,,
21,0.0006301751709543169,10492,,,,,
21,6.782308628316969e-05,10493,,,,,
21,1.768203219398856e-05,10494,,,,,
21,1.632513703953009e-05,10495,,,,,
21,0.0007437739986926317,10496,,,,,
21,1.2840207091358025e-05,10497,,,,,
21,0.000292723038000986,10498,,,,,
21,0.00018044891476165503,10499,,,,,
21,0.0015853303484618664,10500,,,,,
21,0.0009379939874634147,10501,,,,,
21,0.0007065543322823942,10502,,,,,
21,5.3570372983813286e-05,10503,,,,,
21,0.00012851848441641778,10504,,,,,
21,0.00012630794662982225,10505,,,,,
21,6.715181370964274e-05,10506,,,,,
21,2.593075441836845e-05,10507,,,,,
21,4.938621259498177e-06,10508,,,,,
21,2.9901906600571238e-05,10509,,,,,
21,0.00012548213999252766,10510,,,,,
21,4.753404937218875e-05,10511,,,,,
21,4.0459530282532796e-05,10512,,,,,
21,0.00010629853932186961,10513,,,,,
21,0.0004144845879636705,10514,,,,,
21,1.377580611006124e-05,10515,,,,,
21,0.06619886308908463,10516,,,,,
21,0.0002945435408037156,10517,,,,,
21,2.7421701815910637e-05,10518,,,,,
21,1.838367279560771e-05,10519,,,,,
21,0.00015468537458218634,10520,,,,,
21,0.007261130027472973,10521,,,,,
21,1.3600831152871251e-05,10522,,,,,
21,1.5045561667648144e-05,10523,,,,,
21,8.725473162485287e-05,10524,,,,,
21,0.00023041843087412417,10525,,,,,
21,0.00011047897714888677,10526,,,,,
21,0.0065615978091955185,10527,,,,,
21,7.940243449411355e-06,10528,,,,,
21,6.913122342666611e-05,10529,,,,,
21,8.97679929039441e-05,10530,,,,,
21,2.512986247893423e-05,10531,,,,,
21,4.507217454374768e-05,10532,,,,,
21,3.6962675949325785e-05,10533,,,,,
21,0.0011048177257180214,10534,,,,,
21,0.14073924720287323,10535,,,,,
21,0.0005915026413276792,10536,,,,,
21,0.18956711888313293,10537,,,,,
21,4.2881187255261466e-05,10538,,,,,
21,5.680164758814499e-05,10539,,,,,
21,0.0001398862077621743,10540,,,,,
21,7.434306462528184e-05,10541,,,,,
21,0.00021140526223462075,10542,,,,,
21,0.0004205243894830346,10543,,,,,
21,0.0003277968498878181,10544,,,,,
21,0.0012523247860372066,10545,,,,,
21,3.002355879289098e-05,10546,,,,,
21,1.5356567018898204e-05,10547,,,,,
21,3.5347573430044577e-05,10548,,,,,
21,2.708717693167273e-05,10549,,,,,
21,4.434460061020218e-05,10550,,,,,
21,2.340344144613482e-05,10551,,,,,
21,7.232049392769113e-05,10552,,,,,
21,1.1640697266557254e-05,10553,,,,,
21,0.0001328534708591178,10554,,,,,
21,1.8766715584206395e-05,10555,,,,,
21,4.522072777035646e-05,10556,,,,,
21,0.00018688675481826067,10557,,,,,
21,0.0001085931871784851,10558,,,,,
21,9.990208491217345e-05,10559,,,,,
21,5.094405423733406e-05,10560,,,,,
21,0.010053054429590702,10561,,,,,
21,0.00010214520443696529,10562,,,,,
21,1.823282400437165e-05,10563,,,,,
21,4.719023127108812e-05,10564,,,,,
21,0.00029654946411028504,10565,,,,,
21,8.263991912826896e-05,10566,,,,,
21,0.0009199241758324206,10567,,,,,
21,2.9928231015219353e-05,10568,,,,,
21,2.8297514290898107e-05,10569,,,,,
21,1.1096579328295775e-05,10570,,,,,
21,0.00034870405215770006,10571,,,,,
21,5.1522561989258975e-05,10572,,,,,
21,0.0004013965663034469,10573,,,,,
21,0.0002602353342808783,10574,,,,,
21,3.5355107684154063e-05,10575,,,,,
21,0.00011919325334019959,10576,,,,,
21,0.051419444382190704,10577,,,,,
21,0.004969022236764431,10578,,,,,
21,1.881896605482325e-05,10579,,,,,
21,1.4293271306087263e-05,10580,,,,,
21,4.865396840614267e-05,10581,,,,,
21,0.022387126460671425,10582,,,,,
21,5.5685435654595494e-05,10583,,,,,
21,2.3542925191577524e-05,10584,,,,,
21,0.0001541000383440405,10585,,,,,
21,0.043663185089826584,10586,,,,,
21,6.193372973939404e-05,10587,,,,,
21,0.015387504361569881,10588,,,,,
21,5.968695040792227e-05,10589,,,,,
21,0.0030388098675757647,10590,,,,,
21,2.0160299754934385e-05,10591,,,,,
21,6.354660581564531e-05,10592,,,,,
21,0.00016454924480058253,10593,,,,,
21,5.120756213727873e-06,10594,,,,,
21,0.0136289456859231,10595,,,,,
21,0.046059638261795044,10596,,,,,
21,8.85735971678514e-06,10597,,,,,
21,0.0017891554161906242,10598,,,,,
21,0.00016271510685328394,10599,,,,,
21,0.6563390493392944,10600,,,,,
21,0.0012055350234732032,10601,,,,,
21,0.003800720674917102,10602,,,,,
21,0.0002744315133895725,10603,,,,,
21,0.00028969859704375267,10604,,,,,
21,0.0004268852644599974,10605,,,,,
21,0.010479445569217205,10606,,,,,
21,0.004840894136577845,10607,,,,,
21,0.0020918049849569798,10608,,,,,
21,0.0001703195448499173,10609,,,,,
21,0.032830871641635895,10610,,,,,
21,0.01588387042284012,10611,,,,,
21,0.0040424894541502,10612,,,,,
21,0.015492426231503487,10613,,,,,
21,0.0006938845035620034,10614,,,,,
21,0.005667051766067743,10615,,,,,
21,0.0233125239610672,10616,,,,,
21,0.007424392271786928,10617,,,,,
21,0.1435302048921585,10618,,,,,
21,0.006962325423955917,10619,,,,,
21,0.0001839945325627923,10620,,,,,
21,0.000761223491281271,10621,,,,,
21,6.766501610400155e-05,10622,,,,,
21,0.0024788244627416134,10623,,,,,
21,0.0006382568972185254,10624,,,,,
21,0.00012237780902069062,10625,,,,,
21,0.004620118532329798,10626,,,,,
21,0.00032702452153898776,10627,,,,,
21,0.00024341035168617964,10628,,,,,
21,0.0012611234560608864,10629,,,,,
21,0.0001269502390641719,10630,,,,,
21,4.323502798797563e-05,10631,,,,,
21,0.0005391853046603501,10632,,,,,
21,0.07882323861122131,10633,,,,,
21,0.0013006716035306454,10634,,,,,
21,0.00030380714451894164,10635,,,,,
21,7.777001883368939e-05,10636,,,,,
21,0.0002641451428644359,10637,,,,,
21,0.000632456794846803,10638,,,,,
21,0.00033853144850581884,10639,,,,,
21,0.0004220091213937849,10640,,,,,
21,0.00037748576141893864,10641,,,,,
21,0.00011907558655366302,10642,,,,,
21,0.00014513300266116858,10643,,,,,
21,0.0034042985644191504,10644,,,,,
21,0.0005104359006509185,10645,,,,,
21,3.1962874345481396e-05,10646,,,,,
21,0.0016614369815215468,10647,,,,,
21,0.002703765407204628,10648,,,,,
21,2.9063283363939263e-05,10649,,,,,
21,0.0007270982023328543,10650,,,,,
21,0.00032289489172399044,10651,,,,,
21,3.808205292443745e-05,10652,,,,,
21,0.0006653371965512633,10653,,,,,
21,0.0049117691814899445,10654,,,,,
21,0.0017316919984295964,10655,,,,,
21,0.000289658346446231,10656,,,,,
21,0.00015477700799237937,10657,,,,,
21,0.00037551685818471014,10658,,,,,
21,0.0004893359146080911,10659,,,,,
21,0.03339804708957672,10660,,,,,
21,0.001420427579432726,10661,,,,,
21,9.261281957151368e-05,10662,,,,,
21,0.0007609982858411968,10663,,,,,
21,0.000230533565627411,10664,,,,,
21,7.1796152042225e-05,10665,,,,,
21,0.00020376309112180024,10666,,,,,
21,0.001990152057260275,10667,,,,,
21,0.00012614594015758485,10668,,,,,
21,8.916832302929834e-05,10669,,,,,
21,0.0006133887800388038,10670,,,,,
21,7.950617145979777e-05,10671,,,,,
21,0.0002569821081124246,10672,,,,,
21,0.00025045798975043,10673,,,,,
21,4.739264113595709e-05,10674,,,,,
21,2.838142609107308e-05,10675,,,,,
21,0.00016598624642938375,10676,,,,,
21,0.01521310769021511,10677,,,,,
21,0.00010147703142138198,10678,,,,,
21,0.0015916739357635379,10679,,,,,
21,0.0004135648487135768,10680,,,,,
21,0.00013093379675410688,10681,,,,,
21,0.05365163832902908,10682,,,,,
21,4.661118146032095e-05,10683,,,,,
21,4.313565659685992e-05,10684,,,,,
21,0.0023236917331814766,10685,,,,,
21,3.594026929931715e-05,10686,,,,,
21,0.12735143303871155,10687,,,,,
21,0.0001511005830252543,10688,,,,,
21,0.008159713819622993,10689,,,,,
21,2.7359727027942427e-05,10690,,,,,
21,6.791135820094496e-05,10691,,,,,
21,0.10091008991003036,10692,,,,,
21,0.0001095041079679504,10693,,,,,
21,0.00032261619344353676,10694,,,,,
21,0.00010504010424483567,10695,,,,,
21,0.00021153503621462733,10696,,,,,
21,0.0003156427701469511,10697,,,,,
21,0.00017190739163197577,10698,,,,,
21,0.05216234177350998,10699,,,,,
21,7.307978648896096e-06,10700,,,,,
21,5.944243821431883e-05,10701,,,,,
21,0.00014415523037314415,10702,,,,,
21,3.328279490233399e-05,10703,,,,,
21,0.00015044654719531536,10704,,,,,
21,0.00014033782645128667,10705,,,,,
21,0.00021728801948484033,10706,,,,,
21,1.1184741197212134e-05,10707,,,,,
21,2.546336327213794e-05,10708,,,,,
21,0.009665207006037235,10709,,,,,
21,2.1428541003842838e-05,10710,,,,,
21,2.121728175552562e-05,10711,,,,,
21,3.208370253560133e-05,10712,,,,,
21,9.790558578970376e-06,10713,,,,,
21,0.009410940110683441,10714,,,,,
21,4.01997531298548e-05,10715,,,,,
21,1.1920653378183488e-05,10716,,,,,
21,3.240518344682641e-05,10717,,,,,
21,3.0904637242201716e-05,10718,,,,,
21,0.0008184022735804319,10719,,,,,
21,0.037734463810920715,10720,,,,,
21,0.00011084329162258655,10721,,,,,
21,4.3315125367371365e-05,10722,,,,,
21,0.00020674527331721038,10723,,,,,
21,0.0009618359035812318,10724,,,,,
21,0.00040757213719189167,10725,,,,,
21,0.0002988535270560533,10726,,,,,
21,0.00029332420672290027,10727,,,,,
21,7.570012530777603e-05,10728,,,,,
21,2.6059649826493114e-05,10729,,,,,
21,7.162666588556021e-05,10730,,,,,
21,9.428613338968717e-06,10731,,,,,
21,0.00020572285575326532,10732,,,,,
21,3.815528907580301e-05,10733,,,,,
21,0.00018254588940180838,10734,,,,,
21,0.00018856166570913047,10735,,,,,
21,0.0003646505647338927,10736,,,,,
21,1.254172639164608e-05,10737,,,,,
21,0.00011338517651893198,10738,,,,,
21,0.00023519148817285895,10739,,,,,
21,3.993789869127795e-05,10740,,,,,
21,0.001896430505439639,10741,,,,,
21,0.002771014114841819,10742,,,,,
21,0.00037578900810331106,10743,,,,,
21,0.05481038987636566,10744,,,,,
21,1.0889247278100811e-05,10745,,,,,
21,8.962323772720993e-05,10746,,,,,
21,0.0007428050739690661,10747,,,,,
21,5.628690360026667e-06,10748,,,,,
21,0.0004840458568651229,10749,,,,,
21,0.0005637934664264321,10750,,,,,
21,0.0005113527877256274,10751,,,,,
21,0.00030307756969705224,10752,,,,,
21,4.590890239342116e-05,10753,,,,,
21,5.7167876548192e-06,10754,,,,,
21,5.6907225371105596e-05,10755,,,,,
21,2.8188276701257564e-05,10756,,,,,
21,2.371024493186269e-05,10757,,,,,
21,8.55057587614283e-05,10758,,,,,
21,9.566483640810475e-05,10759,,,,,
21,0.00045029912143945694,10760,,,,,
21,0.00021209842816460878,10761,,,,,
21,0.008140265941619873,10762,,,,,
21,0.0005041672848165035,10763,,,,,
21,0.00012830819468945265,10764,,,,,
21,0.003925920929759741,10765,,,,,
21,0.0034281685948371887,10766,,,,,
21,0.0017441170057281852,10767,,,,,
21,0.00019877051818184555,10768,,,,,
21,0.006028710398823023,10769,,,,,
21,4.107905624550767e-05,10770,,,,,
21,7.991503662196919e-05,10771,,,,,
21,1.7647529602982104e-05,10772,,,,,
21,0.00021199224283918738,10773,,,,,
21,0.00013225334987509996,10774,,,,,
21,1.8181515770265833e-05,10775,,,,,
21,0.00033863424323499203,10776,,,,,
21,0.0004390390240587294,10777,,,,,
21,0.00011389295832486823,10778,,,,,
21,8.007530595932622e-06,10779,,,,,
21,4.0966660890262574e-05,10780,,,,,
21,6.364741420838982e-05,10781,,,,,
21,2.9396249374258332e-05,10782,,,,,
21,8.786629041424021e-05,10783,,,,,
21,0.1966095119714737,10784,,,,,
21,0.00042684993240982294,10785,,,,,
21,2.897583181038499e-05,10786,,,,,
21,7.267008913913742e-05,10787,,,,,
21,0.21839357912540436,10788,,,,,
21,6.725019920850173e-05,10789,,,,,
21,0.02210688218474388,10790,,,,,
21,0.00023248982324730605,10791,,,,,
21,0.0002058555110124871,10792,,,,,
21,5.4995638492982835e-05,10793,,,,,
21,8.359761704923585e-05,10794,,,,,
21,9.594953007763252e-05,10795,,,,,
21,9.314480848843232e-05,10796,,,,,
21,0.01444154977798462,10797,,,,,
21,0.0007208171300590038,10798,,,,,
21,0.0044715204276144505,10799,,,,,
21,5.515642624231987e-05,10800,,,,,
21,0.01926630735397339,10801,,,,,
21,0.00013667969324160367,10802,,,,,
21,9.336633956991136e-05,10803,,,,,
21,0.011492806486785412,10804,,,,,
21,0.002097681863233447,10805,,,,,
21,0.00010575250053079799,10806,,,,,
21,0.0002585100301075727,10807,,,,,
21,5.5385055020451546e-05,10808,,,,,
21,0.00014264129276853055,10809,,,,,
21,6.033272802596912e-05,10810,,,,,
21,0.0019616896752268076,10811,,,,,
21,8.376206096727401e-05,10812,,,,,
21,0.00014599003770854324,10813,,,,,
21,0.0001489121641498059,10814,,,,,
21,0.32545149326324463,10815,,,,,
21,9.025778854265809e-05,10816,,,,,
21,6.851718353573233e-05,10817,,,,,
21,0.0020080632530152798,10818,,,,,
21,0.00011405129771446809,10819,,,,,
21,0.00013951637083664536,10820,,,,,
21,1.9259288819739595e-05,10821,,,,,
21,8.345787500729784e-05,10822,,,,,
21,0.00023683550534769893,10823,,,,,
21,5.245434294920415e-05,10824,,,,,
21,6.273276812862605e-05,10825,,,,,
21,6.036986451363191e-05,10826,,,,,
21,4.611681652022526e-05,10827,,,,,
21,0.0007322279852814972,10828,,,,,
21,0.0006345734000205994,10829,,,,,
21,0.3989139795303345,10830,,,,,
21,0.0001709741191007197,10831,,,,,
21,0.0003620385250542313,10832,,,,,
21,0.00047777729923836887,10833,,,,,
21,0.012502394616603851,10834,,,,,
21,7.353721593972296e-05,10835,,,,,
21,0.0003886704798787832,10836,,,,,
21,1.9430248357821256e-05,10837,,,,,
21,0.0002873517805710435,10838,,,,,
21,0.0005786403198726475,10839,,,,,
21,0.002624280285090208,10840,,,,,
21,0.0006638540653511882,10841,,,,,
21,0.004392257425934076,10842,,,,,
21,0.0007469588308595121,10843,,,,,
21,0.0005204714834690094,10844,,,,,
21,0.00042771888547576964,10845,,,,,
21,0.0002706799714360386,10846,,,,,
21,0.0013406191719695926,10847,,,,,
21,0.00027130989474244416,10848,,,,,
21,0.0006514839478768408,10849,,,,,
21,0.0031826975755393505,10850,,,,,
21,0.0003718182852026075,10851,,,,,
21,0.0017198841087520123,10852,,,,,
21,0.006221777759492397,10853,,,,,
21,0.00042561619193293154,10854,,,,,
21,0.012672285549342632,10855,,,,,
21,0.008132667280733585,10856,,,,,
21,0.003474695608019829,10857,,,,,
21,3.462839958956465e-05,10858,,,,,
21,0.0010550974402576685,10859,,,,,
21,0.0004924399545416236,10860,,,,,
21,0.00032328974339179695,10861,,,,,
21,0.0005430834135040641,10862,,,,,
21,0.0001940444199135527,10863,,,,,
21,0.00019229059398639947,10864,,,,,
21,0.000503533985465765,10865,,,,,
21,0.00031340503483079374,10866,,,,,
21,0.0003854487440548837,10867,,,,,
21,0.0015375714283436537,10868,,,,,
21,0.003133198944851756,10869,,,,,
21,0.03241759538650513,10870,,,,,
21,7.066455145832151e-05,10871,,,,,
21,0.00015570381947327405,10872,,,,,
21,0.0015637143515050411,10873,,,,,
21,0.008731095120310783,10874,,,,,
21,0.001943390816450119,10875,,,,,
21,0.012622644193470478,10876,,,,,
21,0.06839041411876678,10877,,,,,
21,0.010156112723052502,10878,,,,,
21,0.00035352158010937274,10879,,,,,
21,0.0001218906108988449,10880,,,,,
21,0.012855695560574532,10881,,,,,
21,0.00017681624740362167,10882,,,,,
21,4.5452401536749676e-05,10883,,,,,
21,5.175990372663364e-05,10884,,,,,
21,1.3697921531274915e-05,10885,,,,,
21,0.0014787112595513463,10886,,,,,
21,3.0811621400061995e-05,10887,,,,,
21,5.0275863031856716e-05,10888,,,,,
21,0.00011431271559558809,10889,,,,,
21,4.357408397481777e-05,10890,,,,,
21,0.00063014478655532,10891,,,,,
21,9.094898268813267e-05,10892,,,,,
21,8.509522740496323e-05,10893,,,,,
21,0.00019607273861765862,10894,,,,,
21,4.60392730019521e-05,10895,,,,,
21,0.001413414953276515,10896,,,,,
21,2.9650915166712366e-05,10897,,,,,
21,0.0003719711385201663,10898,,,,,
21,0.0001586861617397517,10899,,,,,
21,0.0019689700566232204,10900,,,,,
21,0.00028562810621224344,10901,,,,,
21,4.649390029953793e-05,10902,,,,,
21,0.00012883848103228956,10903,,,,,
21,0.0002590444346424192,10904,,,,,
21,0.010579640045762062,10905,,,,,
21,0.00010821475007105619,10906,,,,,
21,0.00014912034384906292,10907,,,,,
21,0.0030349146109074354,10908,,,,,
21,4.642279600375332e-05,10909,,,,,
21,7.84179283073172e-05,10910,,,,,
21,0.010104560293257236,10911,,,,,
21,6.522693001898006e-05,10912,,,,,
21,5.764673187513836e-05,10913,,,,,
21,3.290423774160445e-05,10914,,,,,
21,0.0001852596178650856,10915,,,,,
21,4.041892316308804e-05,10916,,,,,
21,0.00025344383902847767,10917,,,,,
21,2.7385294742998667e-05,10918,,,,,
21,0.0004937111516483128,10919,,,,,
21,0.00013485611998476088,10920,,,,,
21,5.4871674365131184e-05,10921,,,,,
21,0.004169479478150606,10922,,,,,
21,0.00028935601585544646,10923,,,,,
21,1.459407667425694e-05,10924,,,,,
21,8.803982200333849e-05,10925,,,,,
21,0.00011855528282467276,10926,,,,,
21,1.374976727674948e-05,10927,,,,,
21,0.0002674115530680865,10928,,,,,
21,1.3174511877878103e-05,10929,,,,,
21,4.303050081944093e-05,10930,,,,,
21,0.0017047805013135076,10931,,,,,
21,0.0009097384172491729,10932,,,,,
21,8.070942567428574e-05,10933,,,,,
21,0.00010116697376361117,10934,,,,,
21,0.0005474074860103428,10935,,,,,
21,1.8932551029138267e-05,10936,,,,,
21,0.00016272474022116512,10937,,,,,
21,0.0002118672855431214,10938,,,,,
21,9.31294125621207e-05,10939,,,,,
21,5.3917174227535725e-05,10940,,,,,
21,0.14224159717559814,10941,,,,,
21,8.641007298137993e-05,10942,,,,,
21,0.00014704644854646176,10943,,,,,
21,2.989610038639512e-05,10944,,,,,
21,0.00015494597028009593,10945,,,,,
21,0.0005919203395023942,10946,,,,,
21,0.00015818720567040145,10947,,,,,
21,0.00037034539855085313,10948,,,,,
21,0.005772324278950691,10949,,,,,
21,1.4076158549869433e-05,10950,,,,,
21,0.0003627349215094,10951,,,,,
21,0.0011993490625172853,10952,,,,,
21,0.01615796983242035,10953,,,,,
21,7.274556264746934e-05,10954,,,,,
21,9.53829221543856e-05,10955,,,,,
21,0.009558089077472687,10956,,,,,
21,5.572151712840423e-05,10957,,,,,
21,0.041592344641685486,10958,,,,,
21,0.0003014352114405483,10959,,,,,
21,0.0004849017132073641,10960,,,,,
21,4.798614463652484e-05,10961,,,,,
21,0.00012051080557284877,10962,,,,,
21,0.0005189234507270157,10963,,,,,
21,4.833286948269233e-05,10964,,,,,
21,0.001018799259327352,10965,,,,,
21,6.76351337460801e-05,10966,,,,,
21,0.00041249027708545327,10967,,,,,
21,0.00013162955292500556,10968,,,,,
21,0.00012692062591668218,10969,,,,,
21,2.3802023861208e-05,10970,,,,,
21,2.5995781470555812e-05,10971,,,,,
21,0.0001580661191837862,10972,,,,,
21,6.719486555084586e-05,10973,,,,,
21,0.0001514797768322751,10974,,,,,
21,2.9988306778250262e-05,10975,,,,,
21,3.652203668025322e-05,10976,,,,,
21,7.18011287972331e-05,10977,,,,,
,,10479,3.130503273496288e-06,,,,
,,10480,1.824412493078853e-06,,,,
,,10481,2.5544741220073774e-06,,,,
,,10482,2.475000883350731e-06,,,,
,,10483,4.053083102917299e-06,,,,
,,10484,2.3955308279255405e-06,,,,
,,10485,3.0994162898423383e-06,,,,
,,10486,2.021364707616158e-06,,,,
,,10487,1.7984965552386711e-06,,,,
,,10488,4.331238415034022e-06,,,,
,,10489,2.753153466983349e-06,,,,
,,10490,3.311911541459267e-06,,,,
,,10491,2.4636508442199556e-06,,,,
,,10492,2.6692284791351994e-06,,,,
,,10493,2.296060756634688e-06,,,,
,,10494,2.436002432659734e-06,,,,
,,10495,3.861286586470669e-06,,,,
,,10496,0.015217311680316925,,,,
,,10497,1.2829158322347212e-06,,,,
,,10498,2.929124548245454e-06,,,,
,,10499,1.7086593970816466e-06,,,,
,,10500,1.7483974943388603e-06,,,,
,,10501,1.2387323522489169e-06,,,,
,,10502,1.33721141537535e-06,,,,
,,10503,1.3061135177849792e-06,,,,
,,10504,1.4564204775524558e-06,,,,
,,10505,2.1146477138245245e-06,,,,
,,10506,2.480673629179364e-06,,,,
,,10507,1.9413996596995275e-06,,,,
,,10508,2.47227399086114e-06,,,,
,,10509,1.643803989281878e-05,,,,
,,10510,1.7311175497525255e-06,,,,
,,10511,2.7531507384992437e-06,,,,
,,10512,2.762511940090917e-06,,,,
,,10513,1.85031569799321e-06,,,,
,,10514,1.4815962003922323e-06,,,,
,,10515,1.9016670194105245e-06,,,,
,,10516,2.020874944719253e-06,,,,
,,10517,2.1250202735245693e-06,,,,
,,10518,2.1230541733530117e-06,,,,
,,10519,1.611910420251661e-06,,,,
,,10520,2.5137328520941082e-06,,,,
,,10521,1.425324171577813e-06,,,,
,,10522,0.08178585767745972,,,,
,,10523,2.7987964585918235e-06,,,,
,,10524,3.0540122679667547e-06,,,,
,,10525,1.3737416111325729e-06,,,,
,,10526,1.0106812169397017e-06,,,,
,,10527,9.64037781159277e-07,,,,
,,10528,2.25361441152927e-06,,,,
,,10529,1.48751621509291e-06,,,,
,,10530,2.151431999664055e-06,,,,
,,10531,2.34443928093242e-06,,,,
,,10532,2.4977025532280095e-06,,,,
,,10533,2.2856897885503713e-06,,,,
,,10534,1.6430051346105756e-06,,,,
,,10535,2.394530156379915e-06,,,,
,,10536,2.798785999402753e-06,,,,
,,10537,1.492699425398314e-06,,,,
,,10538,3.888451374223223e-06,,,,
,,10539,1.378671527163533e-06,,,,
,,10540,1.2999453247175552e-06,,,,
,,10541,1.788135136848723e-06,,,,
,,10542,1.4823336869085324e-06,,,,
,,10543,1.3579448250311543e-06,,,,
,,10544,1.9924918888136744e-06,,,,
,,10545,4.5143165152694564e-06,,,,
,,10546,2.2856822852190817e-06,,,,
,,10547,2.0095201307412935e-06,,,,
,,10548,0.057716142386198044,,,,
,,10549,3.4933175356854917e-06,,,,
,,10550,3.078685722357477e-06,,,,
,,10551,1.4771528640267206e-06,,,,
,,10552,3.5865973586624023e-06,,,,
,,10553,0.0013161544920876622,,,,
,,10554,3.3321616683679167e-06,,,,
,,10555,3.7578963656415e-06,,,,
,,10556,2.668003844519262e-06,,,,
,,10557,3.54787061951356e-06,,,,
,,10558,3.4311087802052498e-06,,,,
,,10559,2.342707375646569e-06,,,,
,,10560,3.684109060486662e-06,,,,
,,10561,2.788440497170086e-06,,,,
,,10562,0.06589967757463455,,,,
,,10563,3.7692527712351875e-06,,,,
,,10564,4.717219326266786e-06,,,,
,,10565,2.798799869196955e-06,,,,
,,10566,2.1561179437412648e-06,,,,
,,10567,2.8713589017570484e-06,,,,
,,10568,3.151238843202009e-06,,,,
,,10569,2.9491129680536687e-06,,,,
,,10570,3.1460624541068682e-06,,,,
,,10571,3.1448334993910976e-06,,,,
,,10572,2.7645087357086595e-06,,,,
,,10573,0.017208758741617203,,,,
,,10574,0.0801062285900116,,,,
,,10575,3.882028977386653e-06,,,,
,,10576,3.5036823646805715e-06,,,,
,,10577,1.354699969291687,,,,
,,10578,9.899528095047572e-07,,,,
,,10579,3.366214059496997e-06,,,,
,,10580,2.4579728687967872e-06,,,,
,,10581,2.622592319312389e-06,,,,
,,10582,1.6170924936886877e-06,,,,
,,10583,2.2933518266654573e-06,,,,
,,10584,1.4823359606452868e-06,,,,
,,10585,2.353070385652245e-06,,,,
,,10586,1.5238009609674918e-06,,,,
,,10587,2.8439785637601744e-06,,,,
,,10588,4.382311090012081e-06,,,,
,,10589,2.6422394512337632e-05,,,,
,,10590,3.03130491374759e-06,,,,
,,10591,2.7988021429337095e-06,,,,
,,10592,1.1298934623482637e-06,,,,
,,10593,2.6566519863990834e-06,,,,
,,10594,2.6484883619559696e-06,,,,
,,10595,2.9335601539060008e-06,,,,
,,10596,2.804244786602794e-06,,,,
,,10597,2.1741423097410006e-06,,,,
,,10598,2.4256335109384963e-06,,,,
,,10599,1.8710593394644093e-06,,,,
,,10600,0.14155885577201843,,,,
,,10601,4.058257218275685e-06,,,,
,,10602,3.77318860955711e-06,,,,
,,10603,2.883711886170204e-06,,,,
,,10604,2.3387617602566024e-06,,,,
,,10605,2.866682734747883e-06,,,,
,,10606,3.7068125493533444e-06,,,,
,,10607,2.0420964119693963e-06,,,,
,,10608,1.7674004766377038e-06,,,,
,,10609,3.3321650789730484e-06,,,,
,,10610,2.6536761197348824e-06,,,,
,,10611,2.5811202704062453e-06,,,,
,,10612,2.509061459932127e-06,,,,
,,10613,3.542195372574497e-06,,,,
,,10614,5.250813501334051e-06,,,,
,,10615,3.565870883903699e-06,,,,
,,10616,5.2281079661042895e-06,,,,
,,10617,4.405485469760606e-06,,,,
,,10618,3.6435706078918884e-06,,,,
,,10619,6.535423381137662e-06,,,,
,,10620,1.2674810022872407e-05,,,,
,,10621,5.9660155784513336e-06,,,,
,,10622,8.718842764210422e-06,,,,
,,10623,1.62509641086217e-05,,,,
,,10624,4.488386366574559e-06,,,,
,,10625,4.3121840462845284e-06,,,,
,,10626,0.04032409191131592,,,,
,,10627,4.3173949961783364e-06,,,,
,,10628,1.5781002957737655e-06,,,,
,,10629,1.7711024611344328e-06,,,,
,,10630,2.000625727305305e-06,,,,
,,10631,3.405958977964474e-06,,,,
,,10632,2.010992147916113e-06,,,,
,,10633,2.4826385924825445e-06,,,,
,,10634,1.6015430901461514e-06,,,,
,,10635,2.889391225835425e-06,,,,
,,10636,1.086999418475898e-05,,,,
,,10637,2.5552062652423047e-06,,,,
,,10638,2.327409674762748e-06,,,,
,,10639,3.1408751510753063e-06,,,,
,,10640,3.34300284521305e-06,,,,
,,10641,3.2496973290108144e-06,,,,
,,10642,3.752448037630529e-06,,,,
,,10643,0.4631875455379486,,,,
,,10644,2.0472684809647035e-06,,,,
,,10645,5.824129857501248e-06,,,,
,,10646,2.3160584987635957e-06,,,,
,,10647,2.3501156647398602e-06,,,,
,,10648,2.2701433408656158e-06,,,,
,,10649,2.726236743910704e-06,,,,
,,10650,1.653374170018651e-06,,,,
,,10651,2.1353910142352106e-06,,,,
,,10652,2.228683570137946e-06,,,,
,,10653,0.008847616612911224,,,,
,,10654,0.010264100506901741,,,,
,,10655,2.8950612431799527e-06,,,,
,,10656,4.177969003649196e-06,,,,
,,10657,2.0991026303818217e-06,,,,
,,10658,3.2810744414746296e-06,,,,
,,10659,5.0739836296997964e-06,,,,
,,10660,3.4933116239699302e-06,,,,
,,10661,2.855810862456565e-06,,,,
,,10662,3.417310381337302e-06,,,,
,,10663,3.479753786450601e-06,,,,
,,10664,3.161608901791624e-06,,,,
,,10665,3.4829458854801487e-06,,,,
,,10666,5.094768766866764e-06,,,,
,,10667,1.1609389730438124e-05,,,,
,,10668,1.487904773966875e-05,,,,
,,10669,1.4506152183457743e-05,,,,
,,10670,4.297166015021503e-06,,,,
,,10671,3.468396698735887e-06,,,,
,,10672,2.151437001884915e-06,,,,
,,10673,3.9649589780310635e-06,,,,
,,10674,2.929130687334691e-06,,,,
,,10675,2.5603951598895947e-06,,,,
,,10676,3.042403022845974e-06,,,,
,,10677,1.8710588847170584e-06,,,,
,,10678,8.06047046353342e-06,,,,
,,10679,3.825016392511316e-06,,,,
,,10680,0.006319941487163305,,,,
,,10681,1.8676061017686152e-06,,,,
,,10682,3.4000224786723265e-06,,,,
,,10683,1.0003178658735123e-06,,,,
,,10684,2.719094936765032e-06,,,,
,,10685,8.085478953034908e-07,,,,
,,10686,2.2338574581226567e-06,,,,
,,10687,2.605555437185103e-06,,,,
,,10688,2.8383028620737605e-06,,,,
,,10689,2.482626086930395e-06,,,,
,,10690,1.9695310129463905e-06,,,,
,,10691,1.8399606460661744e-06,,,,
,,10692,1.024088396661682e-05,,,,
,,10693,1.565263460179267e-06,,,,
,,10694,1.1278531019343063e-05,,,,
,,10695,3.581922783268965e-06,,,,
,,10696,3.3605397220526356e-06,,,,
,,10697,2.9972334232297726e-06,,,,
,,10698,1.4564176353815128e-06,,,,
,,10699,2.850616965588415e-06,,,,
,,10700,2.3387649434880586e-06,,,,
,,10701,1.886608174572757e-06,,,,
,,10702,0.42314085364341736,,,,
,,10703,2.4826401840982726e-06,,,,
,,10704,2.355793412789353e-06,,,,
,,10705,0.04566248133778572,,,,
,,10706,0.1493392437696457,,,,
,,10707,1.9016638361790683e-06,,,,
,,10708,2.980201770697022e-06,,,,
,,10709,9.64037781159277e-07,,,,
,,10710,3.0085893740761094e-06,,,,
,,10711,2.1854946226085303e-06,,,,
,,10712,2.861000893972232e-06,,,,
,,10713,2.7701773888111347e-06,,,,
,,10714,3.187511993019143e-06,,,,
,,10715,1.7052013845386682e-06,,,,
,,10716,2.347878989894525e-06,,,,
,,10717,1.6741057606850518e-06,,,,
,,10718,3.6176820685795974e-06,,,,
,,10719,2.594204488559626e-06,,,,
,,10720,3.184568413416855e-06,,,,
,,10721,4.8931151468423195e-06,,,,
,,10722,2.959466883112327e-06,,,,
,,10723,1.975461373149301e-06,,,,
,,10724,1.3579434607891017e-06,,,,
,,10725,2.7314204089634586e-06,,,,
,,10726,1.8088600199916982e-06,,,,
,,10727,2.6055613489006646e-06,,,,
,,10728,2.66404504145612e-06,,,,
,,10729,2.03222589334473e-06,,,,
,,10730,0.009105503559112549,,,,
,,10731,2.487826122887782e-06,,,,
,,10732,0.0969700738787651,,,,
,,10733,3.078671852563275e-06,,,,
,,10734,1.2318263316046796e-06,,,,
,,10735,1.5610665968779358e-06,,,,
,,10736,1.549716785120836e-06,,,,
,,10737,1.6916291087909485e-06,,,,
,,10738,1.3423936024992145e-06,,,,
,,10739,1.7540736507726251e-06,,,,
,,10740,1.3890402215110953e-06,,,,
,,10741,1.8658651015357464e-06,,,,
,,10742,1.1713543699443107e-06,,,,
,,10743,1.8221911659566103e-06,,,,
,,10744,4.146314040553989e-06,,,,
,,10745,1.9413996596995275e-06,,,,
,,10746,4.4106022869527806e-06,,,,
,,10747,1.890312205432565e-06,,,,
,,10748,1.4201394833435188e-06,,,,
,,10749,1.093612354452489e-06,,,,
,,10750,1.1869053651025752e-06,,,,
,,10751,2.497705963833141e-06,,,,
,,10752,1.6348664075849229e-06,,,,
,,10753,2.6055597572849365e-06,,,,
,,10754,1.9591582258726703e-06,,,,
,,10755,1.5963599935275852e-06,,,,
,,10756,1.477153546147747e-06,,,,
,,10757,3.5917803415941307e-06,,,,
,,10758,0.14181502163410187,,,,
,,10759,2.88371256829123e-06,,,,
,,10760,1.772572545633011e-06,,,,
,,10761,1.368064204143593e-06,,,,
,,10762,1.7570245063325274e-06,,,,
,,10763,1.746657858348044e-06,,,,
,,10764,1.409774313287926e-06,,,,
,,10765,1.7933037952388986e-06,,,,
,,10766,1.700014195193944e-06,,,,
,,10767,3.4683860121731414e-06,,,,
,,10768,0.027941890060901642,,,,
,,10769,1.9981655441370094e-06,,,,
,,10770,3.0527492071996676e-06,,,,
,,10771,1.8192259858551552e-06,,,,
,,10772,2.3997085918381345e-06,,,,
,,10773,1.461601982555294e-06,,,,
,,10774,1.9643432551674778e-06,,,,
,,10775,1.75974980720639e-06,,,,
,,10776,4.970444024365861e-06,,,,
,,10777,2.9688440008612815e-06,,,,
,,10778,1.8505774050936452e-06,,,,
,,10779,2.2545943920704303e-06,,,,
,,10780,2.498182993804221e-06,,,,
,,10781,1.3890432910557138e-06,,,,
,,10782,0.006827675271779299,,,,
,,10783,0.008811700157821178,,,,
,,10784,6.948105692572426e-06,,,,
,,10785,4.9896793825610075e-06,,,,
,,10786,1.881416437754524e-06,,,,
,,10787,1.2698303635261254e-06,,,,
,,10788,1.2491012739701546e-06,,,,
,,10789,2.0776406017830595e-06,,,,
,,10790,1.7155673504021252e-06,,,,
,,10791,2.9688587801501853e-06,,,,
,,10792,2.9688574159081327e-06,,,,
,,10793,2.656647211551899e-06,,,,
,,10794,1.7155659861600725e-06,,,,
,,10795,2.5544709387759212e-06,,,,
,,10796,5.8514315242064185e-06,,,,
,,10797,2.1954729163553566e-05,,,,
,,10798,2.758827577054035e-06,,,,
,,10799,3.3605410862946883e-06,,,,
,,10800,3.2299794838763773e-06,,,,
,,10801,1.7938073142431676e-06,,,,
,,10802,3.5814202874462353e-06,,,,
,,10803,3.000938932018471e-06,,,,
,,10804,3.1097829378268216e-06,,,,
,,10805,8.026634532143362e-06,,,,
,,10806,2.975012421302381e-06,,,,
,,10807,2.5828562684182543e-06,,,,
,,10808,2.435265741951298e-06,,,,
,,10809,0.0015259222127497196,,,,
,,10810,1.3356764611671679e-05,,,,
,,10811,1.7824580709202564e-06,,,,
,,10812,1.627456299502228e-06,,,,
,,10813,1.3579443702838034e-06,,,,
,,10814,2.2933520540391328e-06,,,,
,,10815,2.5966628527385183e-06,,,,
,,10816,2.50905782195332e-06,,,,
,,10817,2.3103796138457255e-06,,,,
,,10818,2.907643420257955e-06,,,,
,,10819,2.6951361178362276e-06,,,,
,,10820,1.7103873233281774e-06,,,,
,,10821,2.0161824068054557e-06,,,,
,,10822,2.7469716314953985e-06,,,,
,,10823,3.4343372590228682e-06,,,,
,,10824,2.912094259954756e-06,,,,
,,10825,2.0991042219975498e-06,,,,
,,10826,3.156502134515904e-05,,,,
,,10827,1.5756279481138336e-06,,,,
,,10828,2.342710104130674e-06,,,,
,,10829,1.9021587149836705e-06,,,,
,,10830,1.943621555255959e-06,,,,
,,10831,1.5729081496829167e-05,,,,
,,10832,2.7872094960912364e-06,,,,
,,10833,2.8383039989421377e-06,,,,
,,10834,0.13471874594688416,,,,
,,10835,0.13520188629627228,,,,
,,10836,4.22408902522875e-06,,,,
,,10837,1.5497171261813492e-06,,,,
,,10838,1.0780632919704658e-06,,,,
,,10839,2.202525138272904e-06,,,,
,,10840,0.3139541447162628,,,,
,,10841,2.611235231597675e-06,,,,
,,10842,2.6225884539599065e-06,,,,
,,10843,2.7077380764239933e-06,,,,
,,10844,1.6222744534388767e-06,,,,
,,10845,2.451539330650121e-06,,,,
,,10846,1.2802006494894158e-06,,,,
,,10847,2.5544709387759212e-06,,,,
,,10848,1.1426808669057209e-05,,,,
,,10849,1.2436196811904665e-05,,,,
,,10850,1.1891348549397662e-05,,,,
,,10851,2.85062469629338e-06,,,,
,,10852,2.3501188479713164e-06,,,,
,,10853,1.63264110142336e-06,,,,
,,10854,3.068307933062897e-06,,,,
,,10855,2.767702881101286e-06,,,,
,,10856,2.91777496386203e-06,,,,
,,10857,1.9243718725192593e-06,,,,
,,10858,2.0265504190319916e-06,,,,
,,10859,2.7936234801018145e-06,,,,
,,10860,0.33634719252586365,,,,
,,10861,6.317969564406667e-06,,,,
,,10862,0.0336039774119854,,,,
,,10863,1.2555625289678574e-05,,,,
,,10864,0.000515664170961827,,,,
,,10865,2.815589368765359e-06,,,,
,,10866,0.00011003416875610128,,,,
,,10867,3.3585513392608846e-06,,,,
,,10868,2.520415364415385e-06,,,,
,,10869,1.5095801245479379e-05,,,,
,,10870,2.3841726033424493e-06,,,,
,,10871,3.524405428834143e-06,,,,
,,10872,3.769237537198933e-06,,,,
,,10873,6.130589554231847e-06,,,,
,,10874,6.487804785137996e-05,,,,
,,10875,5.597015478997491e-05,,,,
,,10876,4.88183468405623e-06,,,,
,,10877,5.172531928110402e-06,,,,
,,10878,5.8980413086828776e-06,,,,
,,10879,1.639209222048521e-05,,,,
,,10880,1.7413714886060916e-05,,,,
,,10881,1.0887404641835019e-05,,,,
,,10882,9.831634088186547e-06,,,,
,,10883,2.715879645620589e-06,,,,
,,10884,4.788995283888653e-06,,,,
,,10885,4.369187081465498e-06,,,,
,,10886,0.1591009497642517,,,,
,,10887,9.971757208404597e-06,,,,
,,10888,7.061596079438459e-06,,,,
,,10889,2.254593709949404e-06,,,,
,,10890,1.7881334315461572e-06,,,,
,,10891,2.249410044896649e-06,,,,
,,10892,2.296057573403232e-06,,,,
,,10893,1.710388346509717e-06,,,,
,,10894,1.4356899100675946e-06,,,,
,,10895,2.259292159578763e-06,,,,
,,10896,2.5500146421109093e-06,,,,
,,10897,2.463647888362175e-06,,,,
,,10898,2.650974010975915e-06,,,,
,,10899,3.2911830203374848e-06,,,,
,,10900,2.083560730170575e-06,,,,
,,10901,2.7625305847323034e-06,,,,
,,10902,2.560383563832147e-06,,,,
,,10903,2.3375228010991123e-06,,,,
,,10904,2.1060254766780417e-06,,,,
,,10905,2.3444406451744726e-06,,,,
,,10906,2.4182384095183806e-06,,,,
,,10907,3.0838655220577493e-06,,,,
,,10908,3.125329385511577e-06,,,,
,,10909,2.0265508737793425e-06,,,,
,,10910,0.1382664442062378,,,,
,,10911,1.684474455032614e-06,,,,
,,10912,0.03397976607084274,,,,
,,10913,0.16254858672618866,,,,
,,10914,4.711539531854214e-06,,,,
,,10915,1.5030635722723673e-06,,,,
,,10916,1.0262313026032643e-06,,,,
,,10917,1.3907715583627578e-06,,,,
,,10918,9.484889460509294e-07,,,,
,,10919,1.1817227232313599e-06,,,,
,,10920,1.7767803228707635e-06,,,,
,,10921,1.4305069271358661e-06,,,,
,,10922,2.1344023934943834e-06,,,,
,,10923,2.843967649823753e-06,,,,
,,10924,1.3268449947645422e-06,,,,
,,10925,1.6892834537429735e-05,,,,
,,10926,2.5396452656423207e-06,,,,
,,10927,1.6430062714789528e-06,,,,
,,10928,1.591171212567133e-06,,,,
,,10929,2.8780286811525002e-06,,,,
,,10930,1.2658866808124003e-06,,,,
,,10931,1.9643450741568813e-06,,,,
,,10932,1.8658747649169527e-06,,,,
,,10933,1.3890430636820383e-06,,,,
,,10934,8.11177960713394e-06,,,,
,,10935,1.2905660469186842e-06,,,,
,,10936,1.7938097016667598e-06,,,,
,,10937,1.708661670818401e-06,,,,
,,10938,4.084135980519932e-06,,,,
,,10939,0.00034678124939091504,,,,
,,10940,5.203569344303105e-06,,,,
,,10941,8.759263323554478e-07,,,,
,,10942,6.21960396074428e-07,,,,
,,10943,1.160990336757095e-06,,,,
,,10944,2.1060211565782083e-06,,,,
,,10945,1.6015413848435855e-06,,,,
,,10946,1.5213327060337178e-06,,,,
,,10947,0.2109605073928833,,,,
,,10948,1.6222734302573372e-06,,,,
,,10949,3.320789346616948e-06,,,,
,,10950,1.197272581521247e-06,,,,
,,10951,2.0628199308703188e-06,,,,
,,10952,3.008584599228925e-06,,,,
,,10953,2.1798164198116865e-06,,,,
,,10954,1.2646479490285856e-06,,,,
,,10955,0.20929506421089172,,,,
,,10956,1.6291900237774826e-06,,,,
,,10957,1.300929625358549e-06,,,,
,,10958,1.2387362176013994e-06,,,,
,,10959,1.3112976375850849e-06,,,,
,,10960,0.0003042116295546293,,,,
,,10961,2.4863516046025325e-06,,,,
,,10962,0.3096211850643158,,,,
,,10963,1.5156567769736284e-06,,,,
,,10964,4.21889762947103e-06,,,,
,,10965,3.996030045527732e-06,,,,
,,10966,1.527010795143724e-06,,,,
,,10967,1.2335534620433464e-06,,,,
,,10968,0.001002671429887414,,,,
,,10969,4.580967015499482e-06,,,,
,,10970,3.786280103668105e-06,,,,
,,10971,3.524418161759968e-06,,,,
,,10972,3.41163058692473e-06,,,,
,,10973,3.3222690944967326e-06,,,,
,,10974,3.48293633578578e-06,,,,
,,10975,2.4878286239982117e-06,,,,
,,10976,3.678435859910678e-06,,,,
,,10977,7.10131234882283e-06,,,,
21,,10977,,0.010895993560552597,,,
21,,10977,,,0.9198396801948547,0.9218437075614929,0.007997527718544006
22,8.805427933111787e-05,10978,,,,,
22,0.4422021210193634,10979,,,,,
22,0.0008499150280840695,10980,,,,,
22,0.027540553361177444,10981,,,,,
22,2.9995291697559878e-05,10982,,,,,
22,0.00022134013124741614,10983,,,,,
22,5.6256169045809656e-05,10984,,,,,
22,0.0032777509186416864,10985,,,,,
22,0.00017550303891766816,10986,,,,,
22,0.00024919354473240674,10987,,,,,
22,0.0005538423429243267,10988,,,,,
22,0.00016314146341755986,10989,,,,,
22,0.0005107804317958653,10990,,,,,
22,0.0017345001688227057,10991,,,,,
22,0.005286893341690302,10992,,,,,
22,0.13868187367916107,10993,,,,,
22,0.005644470918923616,10994,,,,,
22,0.024533316493034363,10995,,,,,
22,0.00019991779117845,10996,,,,,
22,0.00044791740947403014,10997,,,,,
22,0.1987278163433075,10998,,,,,
22,0.00019730243366211653,10999,,,,,
22,3.896794078173116e-05,11000,,,,,
22,0.00046941215987317264,11001,,,,,
22,0.0003805669548455626,11002,,,,,
22,0.00020580824639182538,11003,,,,,
22,0.0005664595519192517,11004,,,,,
22,0.004230543039739132,11005,,,,,
22,0.07836944609880447,11006,,,,,
22,0.00012087435607099906,11007,,,,,
22,0.3847249746322632,11008,,,,,
22,0.00017313231364823878,11009,,,,,
22,7.625298894708976e-05,11010,,,,,
22,0.0003728108131326735,11011,,,,,
22,0.00021824198483955115,11012,,,,,
22,0.014132536016404629,11013,,,,,
22,7.910506246844307e-05,11014,,,,,
22,0.005910166539251804,11015,,,,,
22,0.022042877972126007,11016,,,,,
22,0.015587822534143925,11017,,,,,
22,0.00031069148099049926,11018,,,,,
22,0.0605112761259079,11019,,,,,
22,0.001329296501353383,11020,,,,,
22,0.09622783213853836,11021,,,,,
22,0.00047012633876875043,11022,,,,,
22,0.016226718202233315,11023,,,,,
22,0.0008832414750941098,11024,,,,,
22,0.00877023208886385,11025,,,,,
22,0.00021601453772746027,11026,,,,,
22,0.0006010959623381495,11027,,,,,
22,0.0004426208615768701,11028,,,,,
22,0.0002812788588926196,11029,,,,,
22,0.00017808895790949464,11030,,,,,
22,0.000579122337512672,11031,,,,,
22,0.0004119108780287206,11032,,,,,
22,0.010880638845264912,11033,,,,,
22,0.0006129185203462839,11034,,,,,
22,0.001604451215825975,11035,,,,,
22,0.000220971938688308,11036,,,,,
22,0.20408661663532257,11037,,,,,
22,0.011069371365010738,11038,,,,,
22,0.0003196506295353174,11039,,,,,
22,0.009434460662305355,11040,,,,,
22,0.0007051066495478153,11041,,,,,
22,0.018426360562443733,11042,,,,,
22,0.0005693303537555039,11043,,,,,
22,0.002479422837495804,11044,,,,,
22,0.013694936409592628,11045,,,,,
22,0.0007714604143984616,11046,,,,,
22,0.001323208212852478,11047,,,,,
22,0.00959840975701809,11048,,,,,
22,0.0004996549687348306,11049,,,,,
22,0.004888402763754129,11050,,,,,
22,0.004454801790416241,11051,,,,,
22,0.00022217891819309443,11052,,,,,
22,0.0023115540388971567,11053,,,,,
22,0.0019457432208582759,11054,,,,,
22,0.004689602181315422,11055,,,,,
22,0.0014858841896057129,11056,,,,,
22,0.018212996423244476,11057,,,,,
22,0.00033858069218695164,11058,,,,,
22,0.0003063847543671727,11059,,,,,
22,0.022798625752329826,11060,,,,,
22,0.0004776579444296658,11061,,,,,
22,0.00023191557556856424,11062,,,,,
22,0.0008138128905557096,11063,,,,,
22,8.625099872006103e-05,11064,,,,,
22,0.0008018012740649283,11065,,,,,
22,0.0002984189777635038,11066,,,,,
22,0.0003039270231965929,11067,,,,,
22,2.3145765226217918e-05,11068,,,,,
22,8.769886335358024e-05,11069,,,,,
22,0.0002628268557600677,11070,,,,,
22,1.476049055781914e-05,11071,,,,,
22,0.00030695117311552167,11072,,,,,
22,0.00200644601136446,11073,,,,,
22,0.0005038734525442123,11074,,,,,
22,0.004514342173933983,11075,,,,,
22,0.0025471120607107878,11076,,,,,
22,8.196292037609965e-05,11077,,,,,
22,8.503497519996017e-05,11078,,,,,
22,0.00011617583368206397,11079,,,,,
22,0.0033387443982064724,11080,,,,,
22,7.473438745364547e-05,11081,,,,,
22,0.00029957984224893153,11082,,,,,
22,0.0008728897082619369,11083,,,,,
22,6.744356505805627e-05,11084,,,,,
22,0.0021102263126522303,11085,,,,,
22,0.00048120354767888784,11086,,,,,
22,0.00025056986487470567,11087,,,,,
22,0.0009738006629049778,11088,,,,,
22,0.0005676828441210091,11089,,,,,
22,0.0013370546512305737,11090,,,,,
22,7.169541640905663e-05,11091,,,,,
22,7.841075421310961e-05,11092,,,,,
22,0.014242894947528839,11093,,,,,
22,6.594135629711673e-05,11094,,,,,
22,0.0003729293239302933,11095,,,,,
22,0.0012908322969451547,11096,,,,,
22,0.0002864094276446849,11097,,,,,
22,0.0001519074139650911,11098,,,,,
22,2.2255006115301512e-05,11099,,,,,
22,0.00025899638421833515,11100,,,,,
22,0.0478934682905674,11101,,,,,
22,5.522813808056526e-05,11102,,,,,
22,7.138763612601906e-05,11103,,,,,
22,5.875858914805576e-05,11104,,,,,
22,0.00041685308679006994,11105,,,,,
22,0.000633472518529743,11106,,,,,
22,4.4480104406829923e-05,11107,,,,,
22,0.0004694418457802385,11108,,,,,
22,0.0006056500715203583,11109,,,,,
22,7.931152504170313e-05,11110,,,,,
22,3.300852404208854e-05,11111,,,,,
22,0.01026888471096754,11112,,,,,
22,7.788174116285518e-05,11113,,,,,
22,0.0010550173465162516,11114,,,,,
22,3.8048583519412205e-05,11115,,,,,
22,0.05979723483324051,11116,,,,,
22,0.00022596171766053885,11117,,,,,
22,3.9439823012799025e-05,11118,,,,,
22,2.3369391783489846e-05,11119,,,,,
22,4.204233846394345e-05,11120,,,,,
22,0.0005475478828884661,11121,,,,,
22,0.0001980424131033942,11122,,,,,
22,4.020873529952951e-05,11123,,,,,
22,0.00023057758517097682,11124,,,,,
22,0.00010692244541132823,11125,,,,,
22,3.86742249247618e-05,11126,,,,,
22,0.006169875152409077,11127,,,,,
22,8.582510054111481e-05,11128,,,,,
22,0.0012450499925762415,11129,,,,,
22,0.003433133475482464,11130,,,,,
22,0.00048587110359221697,11131,,,,,
22,7.223425927804783e-05,11132,,,,,
22,5.110395795782097e-05,11133,,,,,
22,4.044646266265772e-05,11134,,,,,
22,0.00020156455866526812,11135,,,,,
22,8.020255336305127e-05,11136,,,,,
22,0.001165703870356083,11137,,,,,
22,2.140978176612407e-05,11138,,,,,
22,0.008311569690704346,11139,,,,,
22,9.854285599431023e-05,11140,,,,,
22,0.009555025026202202,11141,,,,,
22,4.006422841484891e-06,11142,,,,,
22,0.0003042305470444262,11143,,,,,
22,0.0003429673670325428,11144,,,,,
22,4.871955752605572e-06,11145,,,,,
22,2.9085720598232e-05,11146,,,,,
22,0.00012601344496943057,11147,,,,,
22,0.026736028492450714,11148,,,,,
22,6.630157258769032e-06,11149,,,,,
22,0.003929674159735441,11150,,,,,
22,0.00015356158837676048,11151,,,,,
22,6.293872138485312e-05,11152,,,,,
22,0.003854089882224798,11153,,,,,
22,0.00020174174278508872,11154,,,,,
22,9.138788300333545e-05,11155,,,,,
22,0.0002732480934355408,11156,,,,,
22,0.00035444312379695475,11157,,,,,
22,2.837559804902412e-05,11158,,,,,
22,4.5914061047369614e-05,11159,,,,,
22,0.00025267055025324225,11160,,,,,
22,0.05587710440158844,11161,,,,,
22,0.0005123153678141534,11162,,,,,
22,0.00010703145380830392,11163,,,,,
22,0.001228568609803915,11164,,,,,
22,0.0002868197625502944,11165,,,,,
22,1.3324715837370604e-05,11166,,,,,
22,3.205922985216603e-05,11167,,,,,
22,2.1699092030758038e-05,11168,,,,,
22,9.567521919962019e-05,11169,,,,,
22,0.051457419991493225,11170,,,,,
22,1.7398231648257934e-05,11171,,,,,
22,3.0493127269437537e-05,11172,,,,,
22,8.277094821096398e-06,11173,,,,,
22,3.181429929099977e-05,11174,,,,,
22,9.845865133684129e-05,11175,,,,,
22,3.752822885871865e-05,11176,,,,,
22,1.9932671420974657e-05,11177,,,,,
22,8.373444870812818e-05,11178,,,,,
22,0.00037678508670069277,11179,,,,,
22,0.013241613283753395,11180,,,,,
22,0.006935342215001583,11181,,,,,
22,3.845736046059756e-06,11182,,,,,
22,2.550028284531436e-06,11183,,,,,
22,0.0032539237290620804,11184,,,,,
22,7.369091326836497e-05,11185,,,,,
22,0.00012448255438357592,11186,,,,,
22,5.8100408750760835e-06,11187,,,,,
22,0.00015870567585807294,11188,,,,,
22,0.0006271956372074783,11189,,,,,
22,0.0019918889738619328,11190,,,,,
22,9.803377906791866e-06,11191,,,,,
22,0.0005974825471639633,11192,,,,,
22,0.0001642582647036761,11193,,,,,
22,0.0005169942160136998,11194,,,,,
22,0.0037564588710665703,11195,,,,,
22,2.5217947040800937e-05,11196,,,,,
22,1.940368747455068e-05,11197,,,,,
22,5.350652281777002e-05,11198,,,,,
22,6.18960548308678e-05,11199,,,,,
22,4.197386442683637e-05,11200,,,,,
22,2.3811635401216336e-05,11201,,,,,
22,7.675672350160312e-06,11202,,,,,
22,9.513107215752825e-05,11203,,,,,
22,4.4936246013094205e-06,11204,,,,,
22,5.608457740891026e-06,11205,,,,,
22,0.0018034559907391667,11206,,,,,
22,0.00026577236712910235,11207,,,,,
22,3.290421955171041e-05,11208,,,,,
22,0.004740222357213497,11209,,,,,
22,3.9244132494786754e-05,11210,,,,,
22,0.09646113961935043,11211,,,,,
22,1.0001846931118052e-05,11212,,,,,
22,0.0002805664553306997,11213,,,,,
22,9.286200656788424e-05,11214,,,,,
22,4.0012469071371015e-06,11215,,,,,
22,6.100271093600895e-06,11216,,,,,
22,6.178328476380557e-05,11217,,,,,
22,7.79770125518553e-05,11218,,,,,
22,2.321972488061874e-06,11219,,,,,
22,1.82151507033268e-05,11220,,,,,
22,0.14429792761802673,11221,,,,,
22,0.0007315478287637234,11222,,,,,
22,0.00013684159785043448,11223,,,,,
22,2.5315128368674777e-05,11224,,,,,
22,0.0009524279157631099,11225,,,,,
22,0.03669462352991104,11226,,,,,
22,1.6780408259364776e-05,11227,,,,,
22,1.0512846529309172e-05,11228,,,,,
22,3.445236143306829e-05,11229,,,,,
22,0.006773327011615038,11230,,,,,
22,0.00020367869001347572,11231,,,,,
22,0.0006054977420717478,11232,,,,,
22,0.030677426606416702,11233,,,,,
22,3.70169582311064e-05,11234,,,,,
22,0.002559385262429714,11235,,,,,
22,0.1337500959634781,11236,,,,,
22,2.203101757913828e-05,11237,,,,,
22,0.003740397747606039,11238,,,,,
22,0.00023110068286769092,11239,,,,,
22,2.7820644390885718e-05,11240,,,,,
22,5.466467700898647e-05,11241,,,,,
22,4.331471791374497e-05,11242,,,,,
22,2.7690024580806494e-05,11243,,,,,
22,0.00011160956637468189,11244,,,,,
22,0.004304766189306974,11245,,,,,
22,0.07164309173822403,11246,,,,,
22,1.696856998023577e-05,11247,,,,,
22,0.0002019942330662161,11248,,,,,
22,0.007589064072817564,11249,,,,,
22,0.003960925620049238,11250,,,,,
22,0.001597928931005299,11251,,,,,
22,0.002975494135171175,11252,,,,,
22,0.00042981389560736716,11253,,,,,
22,0.00017187611956615,11254,,,,,
22,0.00017623715393710881,11255,,,,,
22,4.175228241365403e-05,11256,,,,,
22,0.6589383482933044,11257,,,,,
22,0.0015913996612653136,11258,,,,,
22,5.28506534465123e-05,11259,,,,,
22,0.0024468270130455494,11260,,,,,
22,0.000340798229444772,11261,,,,,
22,0.006385801360011101,11262,,,,,
22,0.0006203394732438028,11263,,,,,
22,0.08582177013158798,11264,,,,,
22,0.018031099811196327,11265,,,,,
22,0.000925705477129668,11266,,,,,
22,6.461074372055009e-05,11267,,,,,
22,0.00020306067017372698,11268,,,,,
22,0.00017455483612138778,11269,,,,,
22,0.0009251810843124986,11270,,,,,
22,6.818422116339207e-05,11271,,,,,
22,5.382940798881464e-05,11272,,,,,
22,0.0006640746723860502,11273,,,,,
22,5.4759693739470094e-05,11274,,,,,
22,6.573201972059906e-05,11275,,,,,
22,0.01270326878875494,11276,,,,,
22,0.0012124073691666126,11277,,,,,
22,0.0002523860312066972,11278,,,,,
22,0.0022779754363000393,11279,,,,,
22,0.0021621163468807936,11280,,,,,
22,0.00019641821563709527,11281,,,,,
22,0.01473437063395977,11282,,,,,
22,0.008863002061843872,11283,,,,,
22,0.037913333624601364,11284,,,,,
22,0.007887590676546097,11285,,,,,
22,0.00014331519196275622,11286,,,,,
22,0.013566765002906322,11287,,,,,
22,0.0005192045355215669,11288,,,,,
22,0.0059035406447947025,11289,,,,,
22,0.1284589320421219,11290,,,,,
22,0.005372020415961742,11291,,,,,
22,0.0005193925462663174,11292,,,,,
22,0.0006622799555771053,11293,,,,,
22,0.006024031899869442,11294,,,,,
22,0.0001539258228149265,11295,,,,,
22,0.0004691061330959201,11296,,,,,
22,0.0005891245673410594,11297,,,,,
22,0.00044641277054324746,11298,,,,,
22,6.02644904574845e-05,11299,,,,,
22,0.009485051967203617,11300,,,,,
22,0.0012940502492710948,11301,,,,,
22,7.824256317690015e-05,11302,,,,,
22,6.734985072398558e-05,11303,,,,,
22,0.0002483367279637605,11304,,,,,
22,0.00010066485265269876,11305,,,,,
22,0.0001892167201731354,11306,,,,,
22,0.001382005400955677,11307,,,,,
22,0.0014253994449973106,11308,,,,,
22,4.719299613498151e-05,11309,,,,,
22,0.0002535177336540073,11310,,,,,
22,1.7720154573908076e-05,11311,,,,,
22,0.0009707481949590147,11312,,,,,
22,0.0004518880450632423,11313,,,,,
22,0.0012747292639687657,11314,,,,,
22,0.006436621770262718,11315,,,,,
22,0.00011271818948443979,11316,,,,,
22,0.00027607049560174346,11317,,,,,
22,0.004210569430142641,11318,,,,,
22,0.0036255524028092623,11319,,,,,
22,1.4029753401700873e-05,11320,,,,,
22,0.0008687866502441466,11321,,,,,
22,0.00018421084678266197,11322,,,,,
22,0.0387265719473362,11323,,,,,
22,0.0002627124194987118,11324,,,,,
22,0.009851952083408833,11325,,,,,
22,0.00047446798998862505,11326,,,,,
22,7.93482395238243e-05,11327,,,,,
22,4.712993904831819e-05,11328,,,,,
22,0.00023866270203143358,11329,,,,,
22,8.181382872862741e-05,11330,,,,,
22,4.7640078264521435e-05,11331,,,,,
22,0.00018840392294805497,11332,,,,,
22,0.00019144934776704758,11333,,,,,
22,0.00011607329361140728,11334,,,,,
22,0.0004197106172796339,11335,,,,,
22,8.371856529265642e-05,11336,,,,,
22,7.07284125383012e-05,11337,,,,,
22,6.0649261286016554e-05,11338,,,,,
22,6.646542897215113e-05,11339,,,,,
22,5.415521081886254e-05,11340,,,,,
22,0.008948254399001598,11341,,,,,
22,0.016409380361437798,11342,,,,,
22,0.0004392655682750046,11343,,,,,
22,0.002846746239811182,11344,,,,,
22,4.714780516223982e-05,11345,,,,,
22,0.0002642085019033402,11346,,,,,
22,7.19385070624412e-06,11347,,,,,
22,0.00027005589799955487,11348,,,,,
22,0.0004106568521820009,11349,,,,,
22,7.636528607690707e-05,11350,,,,,
22,2.5488097890047356e-05,11351,,,,,
22,0.00042853361810557544,11352,,,,,
22,0.00016724922170396894,11353,,,,,
22,5.078756657894701e-05,11354,,,,,
22,7.463736983481795e-05,11355,,,,,
22,0.034909967333078384,11356,,,,,
22,9.375665831612423e-05,11357,,,,,
22,4.145674029132351e-05,11358,,,,,
22,0.00012343248818069696,11359,,,,,
22,7.283782179001719e-05,11360,,,,,
22,0.0003229742287658155,11361,,,,,
22,0.001232451293617487,11362,,,,,
22,0.000652897753752768,11363,,,,,
22,7.719457789789885e-05,11364,,,,,
22,0.0006241900846362114,11365,,,,,
22,2.2134290702524595e-05,11366,,,,,
22,0.0025769725907593966,11367,,,,,
22,0.0004488242557272315,11368,,,,,
22,0.0009130185935646296,11369,,,,,
22,0.00012084913032595068,11370,,,,,
22,0.0012988736853003502,11371,,,,,
22,0.0003409602213650942,11372,,,,,
22,3.7243327824398875e-05,11373,,,,,
22,0.00024042905715759844,11374,,,,,
22,0.0022903364151716232,11375,,,,,
22,0.0014504947466775775,11376,,,,,
22,0.0008609673241153359,11377,,,,,
22,0.00023244538169819862,11378,,,,,
22,0.00010329351789550856,11379,,,,,
22,5.9903810324613005e-05,11380,,,,,
22,0.0021061734296381474,11381,,,,,
22,2.0298321032896638e-05,11382,,,,,
22,5.1729959523072466e-05,11383,,,,,
22,0.00020994471560698003,11384,,,,,
22,0.00816028006374836,11385,,,,,
22,4.197104863123968e-05,11386,,,,,
22,6.985885556787252e-05,11387,,,,,
22,0.0002632390533108264,11388,,,,,
22,2.703048085095361e-05,11389,,,,,
22,0.008883214555680752,11390,,,,,
22,3.290184395154938e-05,11391,,,,,
22,0.005700556095689535,11392,,,,,
22,2.6309851818950847e-05,11393,,,,,
22,6.478079012595117e-05,11394,,,,,
22,0.00016384410264436156,11395,,,,,
22,0.007841784507036209,11396,,,,,
22,0.0032182466238737106,11397,,,,,
22,0.007440279703587294,11398,,,,,
22,3.5528792068362236e-05,11399,,,,,
22,8.059811079874635e-05,11400,,,,,
22,0.0027177867013961077,11401,,,,,
22,0.00012751297617796808,11402,,,,,
22,6.760736596334027e-06,11403,,,,,
22,0.0008329860866069794,11404,,,,,
22,6.58557764836587e-05,11405,,,,,
22,7.879891927586868e-05,11406,,,,,
22,0.011679565533995628,11407,,,,,
22,1.6755635442677885e-05,11408,,,,,
22,4.312213150114985e-06,11409,,,,,
22,6.0158057749504223e-05,11410,,,,,
22,2.381180638622027e-05,11411,,,,,
22,5.172555574972648e-06,11412,,,,,
22,2.4372082407353446e-05,11413,,,,,
22,4.461425851332024e-05,11414,,,,,
22,3.057855064980686e-05,11415,,,,,
22,0.0006320668617263436,11416,,,,,
22,1.4730199836776592e-05,11417,,,,,
22,0.00013583150575868785,11418,,,,,
22,0.0001407458184985444,11419,,,,,
22,1.3986668818688486e-05,11420,,,,,
22,8.417987373832148e-06,11421,,,,,
22,0.0001385614013997838,11422,,,,,
22,0.00010213381756329909,11423,,,,,
22,0.00564117357134819,11424,,,,,
22,0.0028412698302417994,11425,,,,,
22,0.00012732135655824095,11426,,,,,
22,1.4967004062782507e-05,11427,,,,,
22,0.0003147540264762938,11428,,,,,
22,0.0001216555101564154,11429,,,,,
22,0.00036209955578669906,11430,,,,,
22,7.991773600224406e-06,11431,,,,,
22,0.0002718845207709819,11432,,,,,
22,0.00029400104540400207,11433,,,,,
22,7.36420915927738e-05,11434,,,,,
22,1.1904849998245481e-05,11435,,,,,
22,1.949834040715359e-05,11436,,,,,
22,0.0007728865602985024,11437,,,,,
22,2.4145889256033115e-05,11438,,,,,
22,4.6545363147743046e-05,11439,,,,,
22,4.9980924814008176e-05,11440,,,,,
22,0.00014722107152920216,11441,,,,,
22,0.056572362780570984,11442,,,,,
22,6.28999769105576e-05,11443,,,,,
22,6.777119415346533e-05,11444,,,,,
22,2.7625249003904173e-06,11445,,,,,
22,1.3521580513042863e-05,11446,,,,,
22,0.00042175521957688034,11447,,,,,
22,0.013586552813649178,11448,,,,,
22,5.084427539259195e-05,11449,,,,,
22,0.00267297332175076,11450,,,,,
22,0.00023848965065553784,11451,,,,,
22,1.8051640608973685e-06,11452,,,,,
22,0.0001696434774203226,11453,,,,,
22,4.419322431203909e-05,11454,,,,,
22,0.0019729642663151026,11455,,,,,
22,1.2490507288021035e-05,11456,,,,,
22,0.12874674797058105,11457,,,,,
22,0.0005816888879053295,11458,,,,,
22,7.458277104888111e-05,11459,,,,,
22,1.735187652229797e-05,11460,,,,,
22,0.0020611968357115984,11461,,,,,
22,1.2884379430033732e-05,11462,,,,,
22,0.0014905865537002683,11463,,,,,
22,0.00037474563578143716,11464,,,,,
22,0.42406323552131653,11465,,,,,
22,0.0009805700974538922,11466,,,,,
22,0.0002308563416590914,11467,,,,,
22,0.02322310209274292,11468,,,,,
22,0.00010822850890690461,11469,,,,,
22,0.0004616262740455568,11470,,,,,
22,0.004017561208456755,11471,,,,,
22,0.0006961771287024021,11472,,,,,
22,0.0016754919197410345,11473,,,,,
22,0.0017159221461042762,11474,,,,,
22,0.028665343299508095,11475,,,,,
22,0.0008063698769547045,11476,,,,,
,,10978,0.00010307147022103891,,,,
,,10979,0.0003429267671890557,,,,
,,10980,0.0014062676345929503,,,,
,,10981,0.0005574804381467402,,,,
,,10982,0.0015342107508331537,,,,
,,10983,0.0012447931803762913,,,,
,,10984,0.0003156753082294017,,,,
,,10985,0.0011835171608254313,,,,
,,10986,0.00026443778187967837,,,,
,,10987,0.00041862917714752257,,,,
,,10988,0.0011859503574669361,,,,
,,10989,0.00033281746436841786,,,,
,,10990,0.0018515983829274774,,,,
,,10991,0.00015289515431504697,,,,
,,10992,0.0018307334976270795,,,,
,,10993,0.0002662204788066447,,,,
,,10994,0.012052823789417744,,,,
,,10995,0.03981909900903702,,,,
,,10996,0.0007768259383738041,,,,
,,10997,0.007621015887707472,,,,
,,10998,0.001160926534794271,,,,
,,10999,0.0003787338500842452,,,,
,,11000,0.0004205999430269003,,,,
,,11001,0.00019588213763199747,,,,
,,11002,0.00020472638425417244,,,,
,,11003,0.00041942307143472135,,,,
,,11004,6.368703907355666e-05,,,,
,,11005,0.00023127825988922268,,,,
,,11006,0.0005116185639053583,,,,
,,11007,0.000317826634272933,,,,
,,11008,0.0006037864368408918,,,,
,,11009,0.0004442583885975182,,,,
,,11010,0.001562687917612493,,,,
,,11011,0.0023349174298346043,,,,
,,11012,0.0001743027096381411,,,,
,,11013,0.0004055644676554948,,,,
,,11014,0.0010924732778221369,,,,
,,11015,0.0010466737439855933,,,,
,,11016,0.0007918927585706115,,,,
,,11017,0.0020220312289893627,,,,
,,11018,0.002815899206325412,,,,
,,11019,0.00024479159037582576,,,,
,,11020,0.00029916514176875353,,,,
,,11021,0.03660980612039566,,,,
,,11022,0.011932446621358395,,,,
,,11023,0.007547785062342882,,,,
,,11024,0.0005181623273529112,,,,
,,11025,0.000513472652528435,,,,
,,11026,0.0004578096268232912,,,,
,,11027,0.0004121855890844017,,,,
,,11028,0.00020783059881068766,,,,
,,11029,0.00042538135312497616,,,,
,,11030,0.0002846043498720974,,,,
,,11031,0.00047989984159357846,,,,
,,11032,6.584445509361103e-05,,,,
,,11033,8.452150359516963e-05,,,,
,,11034,0.0001961939560715109,,,,
,,11035,0.0004491831932682544,,,,
,,11036,0.00048823864199221134,,,,
,,11037,0.0017884786939248443,,,,
,,11038,0.00011013683979399502,,,,
,,11039,0.0007465466042049229,,,,
,,11040,0.0005934774526394904,,,,
,,11041,0.00015654849994461983,,,,
,,11042,0.0003104628704022616,,,,
,,11043,0.0013960404321551323,,,,
,,11044,0.0002398866490693763,,,,
,,11045,0.0001628474419703707,,,,
,,11046,0.0003356246161274612,,,,
,,11047,0.03219959884881973,,,,
,,11048,0.011873959563672543,,,,
,,11049,0.010753770358860493,,,,
,,11050,0.0005954039515927434,,,,
,,11051,0.0007072256412357092,,,,
,,11052,0.008766728453338146,,,,
,,11053,0.0004754262918140739,,,,
,,11054,0.00047726245247758925,,,,
,,11055,0.0009737065993249416,,,,
,,11056,0.0002858152729459107,,,,
,,11057,8.50871074362658e-05,,,,
,,11058,0.00011110877676401287,,,,
,,11059,0.0005802989471703768,,,,
,,11060,0.0003554282011464238,,,,
,,11061,0.047998908907175064,,,,
,,11062,0.0007394648855552077,,,,
,,11063,0.0023365032393485308,,,,
,,11064,0.0001997531217057258,,,,
,,11065,0.00019408538355492055,,,,
,,11066,0.00022312652436085045,,,,
,,11067,0.0003214054158888757,,,,
,,11068,0.0006031542434357107,,,,
,,11069,0.0008294486906379461,,,,
,,11070,0.003064686432480812,,,,
,,11071,0.0007873238064348698,,,,
,,11072,0.019879158586263657,,,,
,,11073,0.040261536836624146,,,,
,,11074,0.014327295124530792,,,,
,,11075,0.00991104543209076,,,,
,,11076,0.4649393856525421,,,,
,,11077,0.0005886087310500443,,,,
,,11078,0.0005834416369907558,,,,
,,11079,0.00048108320333994925,,,,
,,11080,0.0006378316902555525,,,,
,,11081,0.0004482561780605465,,,,
,,11082,0.0004660264530684799,,,,
,,11083,0.00012286730634514242,,,,
,,11084,9.809868788579479e-05,,,,
,,11085,0.0002220064343418926,,,,
,,11086,0.000511020130943507,,,,
,,11087,0.00040432350942865014,,,,
,,11088,0.001500776968896389,,,,
,,11089,0.0014752004062756896,,,,
,,11090,0.0021254220046103,,,,
,,11091,0.00019027171947527677,,,,
,,11092,0.0012050406076014042,,,,
,,11093,0.0005279690958559513,,,,
,,11094,0.0003892525564879179,,,,
,,11095,0.0006435447721742094,,,,
,,11096,0.0034014370758086443,,,,
,,11097,0.00026666829944588244,,,,
,,11098,0.00021808958263136446,,,,
,,11099,0.021845240145921707,,,,
,,11100,0.009228824637830257,,,,
,,11101,0.007594976108521223,,,,
,,11102,0.0007479890482500196,,,,
,,11103,0.0007294263923540711,,,,
,,11104,0.0009310430032201111,,,,
,,11105,0.0004657436511479318,,,,
,,11106,0.00047334114788100123,,,,
,,11107,0.00039790780283510685,,,,
,,11108,0.0005376084591262043,,,,
,,11109,0.00026188945048488677,,,,
,,11110,8.712801354704425e-05,,,,
,,11111,0.00028718519024550915,,,,
,,11112,0.0009332024492323399,,,,
,,11113,0.0007017358439043164,,,,
,,11114,0.0006344426074065268,,,,
,,11115,0.000953555281739682,,,,
,,11116,0.0011466988362371922,,,,
,,11117,0.00028190287412144244,,,,
,,11118,0.0003788044850807637,,,,
,,11119,0.0006529627135023475,,,,
,,11120,0.0011861702660098672,,,,
,,11121,0.0015410262858495116,,,,
,,11122,0.005055807065218687,,,,
,,11123,0.00196168664842844,,,,
,,11124,0.00019986124243587255,,,,
,,11125,0.03063041716814041,,,,
,,11126,0.005903555080294609,,,,
,,11127,0.0006287033902481198,,,,
,,11128,0.000987023813650012,,,,
,,11129,0.00043569784611463547,,,,
,,11130,0.0003001624427270144,,,,
,,11131,0.0004592386831063777,,,,
,,11132,0.00031657126965001225,,,,
,,11133,0.0003385438467375934,,,,
,,11134,0.00046821986325085163,,,,
,,11135,0.0001448986295145005,,,,
,,11136,0.00010944913810817525,,,,
,,11137,0.0005350007559172809,,,,
,,11138,0.0002715158916544169,,,,
,,11139,0.0004938283236697316,,,,
,,11140,0.00032054370967671275,,,,
,,11141,0.00046956687583588064,,,,
,,11142,0.5426083207130432,,,,
,,11143,0.00016241497360169888,,,,
,,11144,0.0002848434669431299,,,,
,,11145,0.0007472962606698275,,,,
,,11146,0.0008259171736426651,,,,
,,11147,0.000396948802517727,,,,
,,11148,0.0009884278988465667,,,,
,,11149,0.0018720680382102728,,,,
,,11150,0.00020229163055773824,,,,
,,11151,0.0002650650276336819,,,,
,,11152,0.020244505256414413,,,,
,,11153,0.02548033930361271,,,,
,,11154,0.0005635350244119763,,,,
,,11155,0.00585514958947897,,,,
,,11156,0.0005921203410252929,,,,
,,11157,0.0003752425836864859,,,,
,,11158,0.0002894718782044947,,,,
,,11159,0.0003437657724134624,,,,
,,11160,0.00022371939849108458,,,,
,,11161,0.00048345691175200045,,,,
,,11162,0.0003931897517759353,,,,
,,11163,0.00011669825471471995,,,,
,,11164,0.00011704055214067921,,,,
,,11165,0.00021037507394794375,,,,
,,11166,0.000702599820215255,,,,
,,11167,0.000735345995053649,,,,
,,11168,0.0006619622581638396,,,,
,,11169,0.0027598740998655558,,,,
,,11170,0.00103804562240839,,,,
,,11171,0.0007722906302660704,,,,
,,11172,0.00026844843523576856,,,,
,,11173,0.0022004006896167994,,,,
,,11174,0.0005964197916910052,,,,
,,11175,0.0002328639675397426,,,,
,,11176,0.002579509513452649,,,,
,,11177,0.0004744880134239793,,,,
,,11178,0.009193076752126217,,,,
,,11179,0.023412130773067474,,,,
,,11180,0.0008162783342413604,,,,
,,11181,0.006715982686728239,,,,
,,11182,0.0006559374742209911,,,,
,,11183,0.0005406987038441002,,,,
,,11184,0.00047366778017021716,,,,
,,11185,0.0004810512182302773,,,,
,,11186,0.0009030055953189731,,,,
,,11187,0.0003905000048689544,,,,
,,11188,0.00022333952074404806,,,,
,,11189,0.0001691458310233429,,,,
,,11190,0.0002776404144242406,,,,
,,11191,0.0010333979735150933,,,,
,,11192,0.0005061057163402438,,,,
,,11193,0.0015283037209883332,,,,
,,11194,0.005256502889096737,,,,
,,11195,0.00352488667704165,,,,
,,11196,0.0010529899736866355,,,,
,,11197,0.00031569291604682803,,,,
,,11198,0.00035136748920194805,,,,
,,11199,0.0029070789460092783,,,,
,,11200,0.0006365899462252855,,,,
,,11201,0.0658288523554802,,,,
,,11202,0.0003630146384239197,,,,
,,11203,0.0009525847854092717,,,,
,,11204,0.08358213305473328,,,,
,,11205,0.13596943020820618,,,,
,,11206,0.0020813243463635445,,,,
,,11207,0.06414435058832169,,,,
,,11208,0.0028854303527623415,,,,
,,11209,0.002588500501587987,,,,
,,11210,0.0015536623541265726,,,,
,,11211,0.004915013909339905,,,,
,,11212,0.0023023372050374746,,,,
,,11213,0.0043368274345994,,,,
,,11214,0.0008139879209920764,,,,
,,11215,0.0006359147955663502,,,,
,,11216,0.0005886206636205316,,,,
,,11217,0.005696890875697136,,,,
,,11218,0.005497636739164591,,,,
,,11219,0.005388753022998571,,,,
,,11220,0.004037017934024334,,,,
,,11221,0.012135619297623634,,,,
,,11222,0.0011658010771498084,,,,
,,11223,0.0020923265255987644,,,,
,,11224,0.0046746511943638325,,,,
,,11225,0.0007812056574039161,,,,
,,11226,0.00283624860458076,,,,
,,11227,0.0018676166655495763,,,,
,,11228,0.007725233677774668,,,,
,,11229,0.019652381539344788,,,,
,,11230,0.009452855214476585,,,,
,,11231,0.043244607746601105,,,,
,,11232,0.008540508337318897,,,,
,,11233,0.0007057093898765743,,,,
,,11234,0.0004976624040864408,,,,
,,11235,0.0003716238425113261,,,,
,,11236,0.0006170159322209656,,,,
,,11237,0.0001445119414711371,,,,
,,11238,0.0004698566335719079,,,,
,,11239,0.0002050605689873919,,,,
,,11240,0.00010039167682407424,,,,
,,11241,0.00013580487575381994,,,,
,,11242,0.00020251616660971195,,,,
,,11243,0.0007173282792791724,,,,
,,11244,0.0007773061515763402,,,,
,,11245,0.0008424559491686523,,,,
,,11246,0.0023492788895964622,,,,
,,11247,0.0066057778894901276,,,,
,,11248,0.0004351865209173411,,,,
,,11249,0.0004508356505539268,,,,
,,11250,0.0006972536793909967,,,,
,,11251,0.002386733191087842,,,,
,,11252,0.001244380371645093,,,,
,,11253,0.007695751264691353,,,,
,,11254,0.0002231045946246013,,,,
,,11255,0.00021040381398051977,,,,
,,11256,0.010979841463267803,,,,
,,11257,0.02333417721092701,,,,
,,11258,0.00775148905813694,,,,
,,11259,0.00034181319642812014,,,,
,,11260,0.0008222519536502659,,,,
,,11261,0.0002230275422334671,,,,
,,11262,0.0002709525579120964,,,,
,,11263,0.0001727979542920366,,,,
,,11264,0.00033906777389347553,,,,
,,11265,0.000440383970271796,,,,
,,11266,0.00037253176560625434,,,,
,,11267,0.07843957841396332,,,,
,,11268,0.0005505065200850368,,,,
,,11269,0.00023415918985847384,,,,
,,11270,0.00037500198232010007,,,,
,,11271,0.00027483823942020535,,,,
,,11272,0.003642953233793378,,,,
,,11273,0.00020020217925775796,,,,
,,11274,0.0004948328714817762,,,,
,,11275,0.00018946612544823438,,,,
,,11276,0.0015040913131088018,,,,
,,11277,0.0018203055951744318,,,,
,,11278,0.00042524226591922343,,,,
,,11279,0.00021028693299740553,,,,
,,11280,0.00030627657542936504,,,,
,,11281,0.02353515289723873,,,,
,,11282,0.0330079086124897,,,,
,,11283,0.0006990890251472592,,,,
,,11284,0.01168032456189394,,,,
,,11285,0.0015364621067419648,,,,
,,11286,0.0013710923958569765,,,,
,,11287,0.0012916472041979432,,,,
,,11288,0.0006764187710359693,,,,
,,11289,0.0004720992292277515,,,,
,,11290,0.0007465618546120822,,,,
,,11291,0.0009173942380584776,,,,
,,11292,0.000619345810264349,,,,
,,11293,8.498023817082867e-05,,,,
,,11294,0.0008456190698780119,,,,
,,11295,0.0005573988892138004,,,,
,,11296,0.003157295985147357,,,,
,,11297,0.003478795988485217,,,,
,,11298,0.005134667735546827,,,,
,,11299,0.004654351156204939,,,,
,,11300,0.0013033415889367461,,,,
,,11301,0.0005127919721417129,,,,
,,11302,0.001513821305707097,,,,
,,11303,0.001691377954557538,,,,
,,11304,0.0008374564349651337,,,,
,,11305,0.00038882315857335925,,,,
,,11306,0.0007601098041050136,,,,
,,11307,0.0008978455443866551,,,,
,,11308,0.044200289994478226,,,,
,,11309,0.0013524084351956844,,,,
,,11310,0.0012152272975072265,,,,
,,11311,0.00137138064019382,,,,
,,11312,0.0015019953716546297,,,,
,,11313,0.0008649191004224122,,,,
,,11314,0.0010113839525729418,,,,
,,11315,0.0010137660428881645,,,,
,,11316,0.0016039874171838164,,,,
,,11317,0.00048793741734698415,,,,
,,11318,0.0001903427910292521,,,,
,,11319,0.00015926860214676708,,,,
,,11320,0.00016208190936595201,,,,
,,11321,0.0013178919907659292,,,,
,,11322,0.001802943297661841,,,,
,,11323,0.003400077810510993,,,,
,,11324,0.0009356120135635138,,,,
,,11325,0.006046239286661148,,,,
,,11326,0.0008207710925489664,,,,
,,11327,0.00045802938984707,,,,
,,11328,0.00035290097002871335,,,,
,,11329,0.0011072356719523668,,,,
,,11330,0.0023251466918736696,,,,
,,11331,0.005917593836784363,,,,
,,11332,0.001286438200622797,,,,
,,11333,0.02018488384783268,,,,
,,11334,0.04437870532274246,,,,
,,11335,0.007555429823696613,,,,
,,11336,0.0007455975282937288,,,,
,,11337,0.0005166982300579548,,,,
,,11338,0.00044674825039692223,,,,
,,11339,0.03543694317340851,,,,
,,11340,0.000640625657979399,,,,
,,11341,0.0005715035949833691,,,,
,,11342,0.00040992783033289015,,,,
,,11343,5.743013389292173e-05,,,,
,,11344,7.759795698802918e-05,,,,
,,11345,0.00014703843044117093,,,,
,,11346,0.0004787843208760023,,,,
,,11347,0.004272444639354944,,,,
,,11348,0.0011231235694140196,,,,
,,11349,0.0011369759449735284,,,,
,,11350,0.0064733922481536865,,,,
,,11351,0.00020291146938689053,,,,
,,11352,0.00018070280202664435,,,,
,,11353,0.0004693135560955852,,,,
,,11354,0.00039807098801247776,,,,
,,11355,0.0007903990335762501,,,,
,,11356,0.0043208785355091095,,,,
,,11357,0.004111660178750753,,,,
,,11358,0.00044638433610089123,,,,
,,11359,0.07462584227323532,,,,
,,11360,0.00034951730049215257,,,,
,,11361,0.04816380888223648,,,,
,,11362,0.004487579222768545,,,,
,,11363,0.013398399576544762,,,,
,,11364,0.0012089505326002836,,,,
,,11365,0.013154021464288235,,,,
,,11366,0.0015107500366866589,,,,
,,11367,0.0009198506595566869,,,,
,,11368,0.0037323967553675175,,,,
,,11369,0.0005475350189954042,,,,
,,11370,0.0009005534811876714,,,,
,,11371,0.002612762851640582,,,,
,,11372,0.004566798452287912,,,,
,,11373,0.010754899121820927,,,,
,,11374,0.014530876651406288,,,,
,,11375,0.014973277226090431,,,,
,,11376,0.03791031986474991,,,,
,,11377,0.0028901544865220785,,,,
,,11378,0.0030021925922483206,,,,
,,11379,0.0030570384114980698,,,,
,,11380,0.00682078069075942,,,,
,,11381,0.014837969094514847,,,,
,,11382,0.06422536075115204,,,,
,,11383,0.005607509519904852,,,,
,,11384,0.0030353646725416183,,,,
,,11385,0.05479661375284195,,,,
,,11386,0.009683238342404366,,,,
,,11387,0.008198423311114311,,,,
,,11388,0.0002743461518548429,,,,
,,11389,0.0011049024760723114,,,,
,,11390,0.0003574781585484743,,,,
,,11391,0.0002605002955533564,,,,
,,11392,0.00020928691083099693,,,,
,,11393,0.0003933713014703244,,,,
,,11394,0.0014825486578047276,,,,
,,11395,0.00019916085875593126,,,,
,,11396,0.0006442366284318268,,,,
,,11397,0.0011464840499684215,,,,
,,11398,0.00037335511296987534,,,,
,,11399,0.00032064912375062704,,,,
,,11400,0.0004424711223691702,,,,
,,11401,0.00020588359620887786,,,,
,,11402,0.0006899576401337981,,,,
,,11403,0.0020629558712244034,,,,
,,11404,0.0008625059854239225,,,,
,,11405,0.0020890578161925077,,,,
,,11406,0.00025308720069006085,,,,
,,11407,0.00036796898348256946,,,,
,,11408,0.0011726267402991652,,,,
,,11409,0.04035792872309685,,,,
,,11410,0.0006449167267419398,,,,
,,11411,0.0434565469622612,,,,
,,11412,0.04912180081009865,,,,
,,11413,0.013987728394567966,,,,
,,11414,0.0004745734331663698,,,,
,,11415,0.0004936700570397079,,,,
,,11416,0.00044654603698290884,,,,
,,11417,0.0004424324433784932,,,,
,,11418,0.000260489818174392,,,,
,,11419,0.0005439655506052077,,,,
,,11420,0.0006652753800153732,,,,
,,11421,0.0005769929848611355,,,,
,,11422,0.0005651709507219493,,,,
,,11423,0.00011357419134583324,,,,
,,11424,0.0008585197501815856,,,,
,,11425,0.0005342165823094547,,,,
,,11426,0.0005030990578234196,,,,
,,11427,0.00013738631969317794,,,,
,,11428,0.0014916418585926294,,,,
,,11429,0.0008595460094511509,,,,
,,11430,0.0005722060450352728,,,,
,,11431,0.00022262122365646064,,,,
,,11432,0.0004233144863974303,,,,
,,11433,0.00046643539099022746,,,,
,,11434,0.0014845198020339012,,,,
,,11435,0.0004433948779478669,,,,
,,11436,0.0005009465967305005,,,,
,,11437,0.027682892978191376,,,,
,,11438,0.037093017250299454,,,,
,,11439,0.02877996303141117,,,,
,,11440,0.0006611148710362613,,,,
,,11441,0.0013689916813746095,,,,
,,11442,0.0010932193836197257,,,,
,,11443,0.0005425254930742085,,,,
,,11444,0.0007448523538187146,,,,
,,11445,0.0011100649135187268,,,,
,,11446,0.33254045248031616,,,,
,,11447,0.0002039783139480278,,,,
,,11448,0.0005733458674512804,,,,
,,11449,0.00014129238843452185,,,,
,,11450,0.00033810309832915664,,,,
,,11451,0.0007664948934689164,,,,
,,11452,0.0008119508856907487,,,,
,,11453,9.863942250376567e-05,,,,
,,11454,0.061812032014131546,,,,
,,11455,0.0009435925167053938,,,,
,,11456,0.00023380744096357375,,,,
,,11457,0.00024960824521258473,,,,
,,11458,0.0004288055351935327,,,,
,,11459,0.02722325548529625,,,,
,,11460,0.0015520734013989568,,,,
,,11461,0.04679595306515694,,,,
,,11462,0.0005750235286541283,,,,
,,11463,0.02249041013419628,,,,
,,11464,0.019250627607107162,,,,
,,11465,0.0006939779268577695,,,,
,,11466,0.0006847994518466294,,,,
,,11467,0.008353433571755886,,,,
,,11468,0.0009868750348687172,,,,
,,11469,0.0008152797818183899,,,,
,,11470,0.0007403984782285988,,,,
,,11471,0.0004127979918848723,,,,
,,11472,0.0001372891420032829,,,,
,,11473,0.00012047687778249383,,,,
,,11474,0.0002594555262476206,,,,
,,11475,0.00046021051821298897,,,,
,,11476,0.0003690292069222778,,,,
22,,11476,,0.0077116889879107475,,,
22,,11476,,,0.8997995853424072,0.9038076400756836,0.009634586982429028
23,0.006394313648343086,11477,,,,,
23,0.004621303640305996,11478,,,,,
23,0.007894190028309822,11479,,,,,
23,0.019986489787697792,11480,,,,,
23,0.1151767373085022,11481,,,,,
23,0.0020405191462486982,11482,,,,,
23,0.007457165978848934,11483,,,,,
23,0.00037662649992853403,11484,,,,,
23,0.002615777775645256,11485,,,,,
23,0.0011826034169644117,11486,,,,,
23,0.06316056847572327,11487,,,,,
23,0.004399736877530813,11488,,,,,
23,0.0006846944452263415,11489,,,,,
23,0.013451850041747093,11490,,,,,
23,0.00041003889054991305,11491,,,,,
23,0.006610949989408255,11492,,,,,
23,0.002330295741558075,11493,,,,,
23,0.008424506522715092,11494,,,,,
23,0.012539356015622616,11495,,,,,
23,0.040883664041757584,11496,,,,,
23,0.0019117789342999458,11497,,,,,
23,0.0002905072760768235,11498,,,,,
23,0.0019206872675567865,11499,,,,,
23,0.008553452789783478,11500,,,,,
23,0.002316923812031746,11501,,,,,
23,0.0001794703130144626,11502,,,,,
23,0.001054814551025629,11503,,,,,
23,0.0008072920609265566,11504,,,,,
23,0.0007415695581585169,11505,,,,,
23,0.0006715395138598979,11506,,,,,
23,0.0001916251640068367,11507,,,,,
23,0.005028309766203165,11508,,,,,
23,0.00042464028229005635,11509,,,,,
23,0.00034368777414783835,11510,,,,,
23,0.0002645118220243603,11511,,,,,
23,0.00022274989169090986,11512,,,,,
23,0.0007716928375884891,11513,,,,,
23,0.0003207697591278702,11514,,,,,
23,0.0013591551687568426,11515,,,,,
23,0.00031500140903517604,11516,,,,,
23,0.00013181846588850021,11517,,,,,
23,5.045741636422463e-05,11518,,,,,
23,0.00012408224574755877,11519,,,,,
23,0.008143593557178974,11520,,,,,
23,0.00010567510616965592,11521,,,,,
23,0.00010562818351900205,11522,,,,,
23,4.1852461436064914e-05,11523,,,,,
23,1.1806354450527579e-05,11524,,,,,
23,5.9516620240174234e-05,11525,,,,,
23,0.000280413223663345,11526,,,,,
23,0.00042427529115229845,11527,,,,,
23,0.000127321996842511,11528,,,,,
23,7.458282198058441e-05,11529,,,,,
23,0.00031124104862101376,11530,,,,,
23,0.00018225220264866948,11531,,,,,
23,0.0016466779634356499,11532,,,,,
23,0.00012075642734998837,11533,,,,,
23,2.4368435333599336e-05,11534,,,,,
23,0.0018366128206253052,11535,,,,,
23,5.9893638535868376e-05,11536,,,,,
23,4.208746031508781e-05,11537,,,,,
23,0.003259882563725114,11538,,,,,
23,0.002385818399488926,11539,,,,,
23,0.00033503587474115193,11540,,,,,
23,1.6724912711651996e-05,11541,,,,,
23,0.0012820592382922769,11542,,,,,
23,0.00015734278713352978,11543,,,,,
23,0.00015760978567413986,11544,,,,,
23,0.0004244509036652744,11545,,,,,
23,0.0013697564136236906,11546,,,,,
23,8.117185643641278e-05,11547,,,,,
23,0.0006311286706477404,11548,,,,,
23,6.089264206821099e-05,11549,,,,,
23,0.0017743171192705631,11550,,,,,
23,0.0011908457381650805,11551,,,,,
23,0.028422024101018906,11552,,,,,
23,0.0002693650603760034,11553,,,,,
23,4.2351781303295866e-05,11554,,,,,
23,0.00015052261005621403,11555,,,,,
23,1.5871235518716276e-05,11556,,,,,
23,0.0010400008177384734,11557,,,,,
23,5.801055522169918e-05,11558,,,,,
23,0.00154760607983917,11559,,,,,
23,0.0009107879595831037,11560,,,,,
23,5.416174190031597e-06,11561,,,,,
23,0.0012535590212792158,11562,,,,,
23,0.00033869556500576437,11563,,,,,
23,0.0013181527610868216,11564,,,,,
23,4.8830836021807045e-05,11565,,,,,
23,0.04024410992860794,11566,,,,,
23,0.0041445656679570675,11567,,,,,
23,2.5383164029335603e-05,11568,,,,,
23,0.09621229022741318,11569,,,,,
23,6.831055998191005e-06,11570,,,,,
23,0.0011274912394583225,11571,,,,,
23,6.66736887069419e-05,11572,,,,,
23,7.156335050240159e-05,11573,,,,,
23,2.9111572075635195e-05,11574,,,,,
23,0.016451800242066383,11575,,,,,
23,6.984293577261269e-05,11576,,,,,
23,0.00015452744264621288,11577,,,,,
23,8.09056746220449e-06,11578,,,,,
23,0.060161564499139786,11579,,,,,
23,9.525048881187104e-06,11580,,,,,
23,0.003390868892893195,11581,,,,,
23,9.417343790119048e-06,11582,,,,,
23,0.000890708586666733,11583,,,,,
23,7.635141082573682e-05,11584,,,,,
23,7.542023377027363e-05,11585,,,,,
23,0.20154571533203125,11586,,,,,
23,8.101551065919921e-05,11587,,,,,
23,7.789757546561304e-06,11588,,,,,
23,9.2264250270091e-05,11589,,,,,
23,0.0002723431389313191,11590,,,,,
23,5.939351467532106e-05,11591,,,,,
23,2.6724268536781892e-05,11592,,,,,
23,0.04072321206331253,11593,,,,,
23,0.0014230028027668595,11594,,,,,
23,1.5552492186543532e-05,11595,,,,,
23,0.00035294200642965734,11596,,,,,
23,5.558403063332662e-05,11597,,,,,
23,5.779047933174297e-05,11598,,,,,
23,3.392958387848921e-05,11599,,,,,
23,3.70061593457649e-06,11600,,,,,
23,0.0002477820380590856,11601,,,,,
23,0.0236901193857193,11602,,,,,
23,0.000571018026676029,11603,,,,,
23,0.003320639953017235,11604,,,,,
23,3.538392047630623e-05,11605,,,,,
23,0.0001393839920638129,11606,,,,,
23,0.0022650130558758974,11607,,,,,
23,0.002450974890962243,11608,,,,,
23,0.005356451962143183,11609,,,,,
23,2.579306237748824e-05,11610,,,,,
23,7.57752641220577e-05,11611,,,,,
23,0.00011057395749958232,11612,,,,,
23,7.959826325532049e-05,11613,,,,,
23,7.0125374804774765e-06,11614,,,,,
23,0.00019795972912106663,11615,,,,,
23,9.86595987342298e-05,11616,,,,,
23,0.0016923670191317797,11617,,,,,
23,0.0009550699614919722,11618,,,,,
23,9.691402374301106e-05,11619,,,,,
23,2.335857061552815e-05,11620,,,,,
23,5.9821250033564866e-05,11621,,,,,
23,0.0004938598722219467,11622,,,,,
23,8.936018275562674e-05,11623,,,,,
23,0.001931431470438838,11624,,,,,
23,0.001904705655761063,11625,,,,,
23,9.141629561781883e-05,11626,,,,,
23,0.002344404347240925,11627,,,,,
23,0.054024588316679,11628,,,,,
23,4.52720450994093e-05,11629,,,,,
23,7.406377790175611e-06,11630,,,,,
23,6.92321264068596e-05,11631,,,,,
23,0.0001149393938248977,11632,,,,,
23,0.0037060719914734364,11633,,,,,
23,0.00056486512767151,11634,,,,,
23,9.17191500775516e-05,11635,,,,,
23,0.0001366424112347886,11636,,,,,
23,0.00014128828479442745,11637,,,,,
23,2.72216675512027e-05,11638,,,,,
23,0.0003795631346292794,11639,,,,,
23,0.0001504840183770284,11640,,,,,
23,0.0038578591775149107,11641,,,,,
23,5.395974949351512e-05,11642,,,,,
23,6.761164695490152e-05,11643,,,,,
23,1.882821561594028e-05,11644,,,,,
23,0.0001118498548748903,11645,,,,,
23,0.007312868256121874,11646,,,,,
23,0.0016337145352736115,11647,,,,,
23,0.043442241847515106,11648,,,,,
23,0.0027344482950866222,11649,,,,,
23,1.0319051398255397e-05,11650,,,,,
23,5.600949953077361e-05,11651,,,,,
23,3.91656176361721e-05,11652,,,,,
23,0.00047770372475497425,11653,,,,,
23,0.00023186253383755684,11654,,,,,
23,0.00011939243267988786,11655,,,,,
23,0.00016782633611001074,11656,,,,,
23,0.0003328817547298968,11657,,,,,
23,0.0003220703511033207,11658,,,,,
23,7.423700299113989e-05,11659,,,,,
23,0.004053124226629734,11660,,,,,
23,0.00033928139600902796,11661,,,,,
23,0.01031513325870037,11662,,,,,
23,7.951709994813427e-05,11663,,,,,
23,5.918776423641248e-06,11664,,,,,
23,0.040778666734695435,11665,,,,,
23,7.323771569645032e-05,11666,,,,,
23,0.00011617057316470891,11667,,,,,
23,0.00023725992650724947,11668,,,,,
23,1.875923953775782e-05,11669,,,,,
23,8.364590757992119e-05,11670,,,,,
23,5.546221655094996e-05,11671,,,,,
23,1.703344241832383e-05,11672,,,,,
23,1.0796644346555695e-05,11673,,,,,
23,1.5584426364512183e-05,11674,,,,,
23,1.394120954500977e-05,11675,,,,,
23,4.470176645554602e-05,11676,,,,,
23,0.0001239439006894827,11677,,,,,
23,0.1387508660554886,11678,,,,,
23,5.2376228268258274e-05,11679,,,,,
23,0.0015047523193061352,11680,,,,,
23,4.5889017201261595e-05,11681,,,,,
23,5.5128588428488e-05,11682,,,,,
23,0.00018564434139989316,11683,,,,,
23,6.295881030382589e-05,11684,,,,,
23,7.098684727679938e-05,11685,,,,,
23,1.7413622117601335e-05,11686,,,,,
23,2.7062238586950116e-05,11687,,,,,
23,2.619500992295798e-05,11688,,,,,
23,0.00019524568051565439,11689,,,,,
23,0.0011949839536100626,11690,,,,,
23,0.00013027802924625576,11691,,,,,
23,2.8431712053134106e-05,11692,,,,,
23,0.0027660394553095102,11693,,,,,
23,0.002949986606836319,11694,,,,,
23,1.533533213660121e-05,11695,,,,,
23,0.13156314194202423,11696,,,,,
23,9.747307194629684e-05,11697,,,,,
23,0.0005982666043564677,11698,,,,,
23,9.069175575859845e-05,11699,,,,,
23,0.0017382776131853461,11700,,,,,
23,6.542597839143127e-05,11701,,,,,
23,0.0002787710982374847,11702,,,,,
23,0.00015530784730799496,11703,,,,,
23,6.645565008511767e-05,11704,,,,,
23,0.011398094706237316,11705,,,,,
23,0.00019076798344030976,11706,,,,,
23,8.764291851548478e-05,11707,,,,,
23,3.7817091651959345e-05,11708,,,,,
23,2.5047216695384122e-05,11709,,,,,
23,0.00029225513571873307,11710,,,,,
23,0.003404285293072462,11711,,,,,
23,0.0003325158904772252,11712,,,,,
23,0.0001777015277184546,11713,,,,,
23,0.004362830426543951,11714,,,,,
23,0.00017128989566117525,11715,,,,,
23,0.0006634607561863959,11716,,,,,
23,0.0018449609633535147,11717,,,,,
23,0.00019402177713345736,11718,,,,,
23,0.0004285280010662973,11719,,,,,
23,0.0003983124624937773,11720,,,,,
23,0.0007835853029973805,11721,,,,,
23,5.667832738254219e-05,11722,,,,,
23,0.00035728365764953196,11723,,,,,
23,7.594173803227022e-05,11724,,,,,
23,0.00037964433431625366,11725,,,,,
23,9.703734394861385e-05,11726,,,,,
23,0.00038351837429217994,11727,,,,,
23,7.522125088144094e-05,11728,,,,,
23,0.00010789596854010597,11729,,,,,
23,0.0015853776130825281,11730,,,,,
23,1.0149508852919098e-05,11731,,,,,
23,0.000156392838107422,11732,,,,,
23,0.0008294946746900678,11733,,,,,
23,0.0001078107743524015,11734,,,,,
23,0.00013935774040874094,11735,,,,,
23,4.8748632252682e-05,11736,,,,,
23,0.01458150614053011,11737,,,,,
23,9.315266652265564e-05,11738,,,,,
23,4.1835286538116634e-05,11739,,,,,
23,7.748942152829841e-05,11740,,,,,
23,0.0009425419266335666,11741,,,,,
23,0.005505813285708427,11742,,,,,
23,0.0001530661538708955,11743,,,,,
23,1.3276919162308332e-05,11744,,,,,
23,8.238329610321671e-05,11745,,,,,
23,0.0024787085130810738,11746,,,,,
23,6.525010394398123e-05,11747,,,,,
23,8.867748692864552e-05,11748,,,,,
23,0.0008000453817658126,11749,,,,,
23,6.674278120044619e-05,11750,,,,,
23,8.667320798849687e-05,11751,,,,,
23,0.020152142271399498,11752,,,,,
23,0.0011630330700427294,11753,,,,,
23,0.00024975358974188566,11754,,,,,
23,0.00015324894047807902,11755,,,,,
23,0.001179240527562797,11756,,,,,
23,0.013763758353888988,11757,,,,,
23,5.8628218539524823e-05,11758,,,,,
23,3.6408553569344804e-05,11759,,,,,
23,0.00024075395776890218,11760,,,,,
23,0.014788610860705376,11761,,,,,
23,5.646325371344574e-05,11762,,,,,
23,0.00046135284355841577,11763,,,,,
23,7.294318493222818e-06,11764,,,,,
23,9.184065856970847e-05,11765,,,,,
23,0.0008817439083941281,11766,,,,,
23,0.00013119561481289566,11767,,,,,
23,0.00033368641743436456,11768,,,,,
23,0.000142693956149742,11769,,,,,
23,0.0001275272516068071,11770,,,,,
23,4.546938725979999e-06,11771,,,,,
23,0.0007149561424739659,11772,,,,,
23,6.921207386767492e-05,11773,,,,,
23,0.0001049590136972256,11774,,,,,
23,9.360101103084162e-06,11775,,,,,
23,0.00020299649622756988,11776,,,,,
23,4.576529590849532e-06,11777,,,,,
23,0.02700142376124859,11778,,,,,
23,0.00013066953397355974,11779,,,,,
23,0.006791086867451668,11780,,,,,
23,0.0001338341535301879,11781,,,,,
23,0.0001044908058247529,11782,,,,,
23,1.2811184205929749e-05,11783,,,,,
23,4.644207001547329e-05,11784,,,,,
23,0.002001833636313677,11785,,,,,
23,2.1060403014416806e-05,11786,,,,,
23,0.0022844960913062096,11787,,,,,
23,0.0005586544866673648,11788,,,,,
23,0.0003010201908182353,11789,,,,,
23,0.004370127338916063,11790,,,,,
23,2.4492850570823066e-05,11791,,,,,
23,0.00012094499106751755,11792,,,,,
23,2.2079543668951374e-06,11793,,,,,
23,4.333044125814922e-05,11794,,,,,
23,1.2298614819883369e-05,11795,,,,,
23,0.00011794863530667499,11796,,,,,
23,4.296678525861353e-06,11797,,,,,
23,0.00011236378486501053,11798,,,,,
23,8.966280438471586e-05,11799,,,,,
23,0.0012437980622053146,11800,,,,,
23,6.732519068464171e-06,11801,,,,,
23,0.0029382403008639812,11802,,,,,
23,2.343917549296748e-05,11803,,,,,
23,0.00017395698523614556,11804,,,,,
23,0.0005571644869633019,11805,,,,,
23,0.0003160838095936924,11806,,,,,
23,0.00048585812328383327,11807,,,,,
23,0.004751480184495449,11808,,,,,
23,9.121901712205727e-06,11809,,,,,
23,0.006515182089060545,11810,,,,,
23,0.00019416233408264816,11811,,,,,
23,0.011227680370211601,11812,,,,,
23,4.4574408093467355e-05,11813,,,,,
23,9.541064355289564e-05,11814,,,,,
23,2.127870720869396e-05,11815,,,,,
23,1.206031629408244e-05,11816,,,,,
23,1.843631616793573e-05,11817,,,,,
23,0.00010628597374306992,11818,,,,,
23,0.00031700433464720845,11819,,,,,
23,0.00026186113245785236,11820,,,,,
23,0.008373581804335117,11821,,,,,
23,1.520084151707124e-05,11822,,,,,
23,2.0326477169874124e-05,11823,,,,,
23,5.274810246191919e-05,11824,,,,,
23,5.11552207171917e-06,11825,,,,,
23,1.753744982124772e-05,11826,,,,,
23,1.0360391570429783e-05,11827,,,,,
23,2.4691489670658484e-05,11828,,,,,
23,6.435853720176965e-05,11829,,,,,
23,2.7074600438936614e-05,11830,,,,,
23,2.798805553538841e-06,11831,,,,,
23,0.00011871318565681577,11832,,,,,
23,0.00011222375906072557,11833,,,,,
23,0.0003733343619387597,11834,,,,,
23,2.0828683773288503e-05,11835,,,,,
23,5.4429205192718655e-05,11836,,,,,
23,0.02820271998643875,11837,,,,,
23,9.008542292576749e-06,11838,,,,,
23,0.0005820125225000083,11839,,,,,
23,9.308170774602331e-06,11840,,,,,
23,0.00018132620607502759,11841,,,,,
23,3.235517942812294e-05,11842,,,,,
23,1.5308309230022132e-05,11843,,,,,
23,5.84662575420225e-06,11844,,,,,
23,1.0795736670843326e-05,11845,,,,,
23,0.014778140000998974,11846,,,,,
23,3.6934805393684655e-05,11847,,,,,
23,0.0001253121008630842,11848,,,,,
23,0.0001753529504640028,11849,,,,,
23,2.2299180272966623e-05,11850,,,,,
23,1.8076019841828384e-05,11851,,,,,
23,1.4786775864195079e-05,11852,,,,,
23,4.529161742539145e-05,11853,,,,,
23,0.00010982389358105138,11854,,,,,
23,1.5213312281048275e-06,11855,,,,,
23,0.00013103285164106637,11856,,,,,
23,0.0008388422429561615,11857,,,,,
23,5.852490176039282e-06,11858,,,,,
23,4.0941089537227526e-05,11859,,,,,
23,1.408113257639343e-05,11860,,,,,
23,4.425103179528378e-05,11861,,,,,
23,0.10592232644557953,11862,,,,,
23,1.48331610034802e-05,11863,,,,,
23,3.09848110191524e-05,11864,,,,,
23,0.0001135903803515248,11865,,,,,
23,0.036425452679395676,11866,,,,,
23,9.411714017915074e-06,11867,,,,,
23,0.00016458287427667528,11868,,,,,
23,0.12141940742731094,11869,,,,,
23,0.0006539862370118499,11870,,,,,
23,4.88926780235488e-05,11871,,,,,
23,0.00018229903071187437,11872,,,,,
23,0.0006077137077227235,11873,,,,,
23,0.00015066383639350533,11874,,,,,
23,0.0005219423328526318,11875,,,,,
23,0.04823826625943184,11876,,,,,
23,5.699191024177708e-05,11877,,,,,
23,0.004301619250327349,11878,,,,,
23,0.00046592598664574325,11879,,,,,
23,0.00013726232282351702,11880,,,,,
23,0.00027269686688669026,11881,,,,,
23,0.019233662635087967,11882,,,,,
23,0.0026146445889025927,11883,,,,,
23,0.0015084176557138562,11884,,,,,
23,0.007041987031698227,11885,,,,,
23,0.00016703731671441346,11886,,,,,
23,0.0012807963648810983,11887,,,,,
23,0.0030230521224439144,11888,,,,,
23,0.0031354345846921206,11889,,,,,
23,0.00024357537040486932,11890,,,,,
23,0.0021381822880357504,11891,,,,,
23,0.002794095082208514,11892,,,,,
23,0.003309709019958973,11893,,,,,
23,0.0009715339983813465,11894,,,,,
23,0.00023081358813215047,11895,,,,,
23,0.0008047811570577323,11896,,,,,
23,6.706760177621618e-05,11897,,,,,
23,0.000187004916369915,11898,,,,,
23,0.0002992217196151614,11899,,,,,
23,0.006155867129564285,11900,,,,,
23,0.0001765174383763224,11901,,,,,
23,0.015343667939305305,11902,,,,,
23,0.00012040130968671292,11903,,,,,
23,0.0010920623317360878,11904,,,,,
23,0.0001334947010036558,11905,,,,,
23,0.0006805353914387524,11906,,,,,
23,0.0003942654875572771,11907,,,,,
23,0.002564967144280672,11908,,,,,
23,4.0906190406531096e-05,11909,,,,,
23,0.00035221833968535066,11910,,,,,
23,7.283937156898901e-05,11911,,,,,
23,4.856412488152273e-06,11912,,,,,
23,8.14259983599186e-05,11913,,,,,
23,0.001547483610920608,11914,,,,,
23,2.3256219719769433e-05,11915,,,,,
23,0.0030595071148127317,11916,,,,,
23,0.0012212423607707024,11917,,,,,
23,0.0013662856072187424,11918,,,,,
23,0.0013930185232311487,11919,,,,,
23,5.820432761538541e-06,11920,,,,,
23,6.794749879190931e-06,11921,,,,,
23,0.0030957183334976435,11922,,,,,
23,0.0001232646609423682,11923,,,,,
23,0.00038112979382276535,11924,,,,,
23,0.00040413971873931587,11925,,,,,
23,3.478387225186452e-05,11926,,,,,
23,0.000150965919601731,11927,,,,,
23,0.007318200543522835,11928,,,,,
23,0.0002470455947332084,11929,,,,,
23,2.669232799235033e-06,11930,,,,,
23,0.0030788215808570385,11931,,,,,
23,1.762672582117375e-05,11932,,,,,
23,0.01779821515083313,11933,,,,,
23,6.866879994049668e-05,11934,,,,,
23,2.415299240965396e-05,11935,,,,,
23,2.9933353289379738e-05,11936,,,,,
23,2.913511525548529e-05,11937,,,,,
23,5.8400553825777024e-05,11938,,,,,
23,0.00016116716142278165,11939,,,,,
23,0.0012981743784621358,11940,,,,,
23,0.09165088832378387,11941,,,,,
23,6.917362770764157e-05,11942,,,,,
23,0.0005359351634979248,11943,,,,,
23,6.597808805963723e-06,11944,,,,,
23,0.00020588158804457635,11945,,,,,
23,0.00020208675414323807,11946,,,,,
23,0.0020898175425827503,11947,,,,,
23,1.5408229955937713e-05,11948,,,,,
23,0.0003753131895791739,11949,,,,,
23,0.0019121498335152864,11950,,,,,
23,2.597851744212676e-05,11951,,,,,
23,0.0002150735817849636,11952,,,,,
23,3.1124207453103736e-05,11953,,,,,
23,0.0018323593540117145,11954,,,,,
23,3.2132509659277275e-05,11955,,,,,
23,0.06422095000743866,11956,,,,,
23,6.40607177047059e-05,11957,,,,,
23,0.00013006635708734393,11958,,,,,
23,0.0005828802241012454,11959,,,,,
23,5.8295827329857275e-05,11960,,,,,
23,6.789483450120315e-05,11961,,,,,
23,0.00018391849880572408,11962,,,,,
23,3.279413067502901e-05,11963,,,,,
23,0.00011342654033796862,11964,,,,,
23,6.781857518944889e-05,11965,,,,,
23,0.00192298274487257,11966,,,,,
23,0.0815325528383255,11967,,,,,
23,0.0038893038872629404,11968,,,,,
23,0.00025007841759361327,11969,,,,,
23,0.004657561890780926,11970,,,,,
23,0.0001905052486108616,11971,,,,,
23,0.1417427808046341,11972,,,,,
23,0.00021679495694115758,11973,,,,,
23,0.1463848054409027,11974,,,,,
23,0.12196256965398788,11975,,,,,
,,11477,0.11648998409509659,,,,
,,11478,0.0003547394589986652,,,,
,,11479,0.11357071250677109,,,,
,,11480,0.02103951945900917,,,,
,,11481,0.07573705911636353,,,,
,,11482,0.00012604330549947917,,,,
,,11483,0.00562553433701396,,,,
,,11484,9.24992491491139e-05,,,,
,,11485,0.0017300313338637352,,,,
,,11486,1.0319602552044671e-05,,,,
,,11487,5.562529622693546e-05,,,,
,,11488,0.0032589943148195744,,,,
,,11489,8.37715997477062e-05,,,,
,,11490,1.8521377569413744e-05,,,,
,,11491,0.00014753305003978312,,,,
,,11492,0.00011077355884481221,,,,
,,11493,0.007595294155180454,,,,
,,11494,0.0007767072529532015,,,,
,,11495,0.06403783708810806,,,,
,,11496,0.0007952827145345509,,,,
,,11497,0.006453428417444229,,,,
,,11498,0.0660523921251297,,,,
,,11499,0.01038905419409275,,,,
,,11500,0.20140326023101807,,,,
,,11501,0.12703365087509155,,,,
,,11502,0.023652194067835808,,,,
,,11503,0.03267783671617508,,,,
,,11504,1.46842403410119e-05,,,,
,,11505,0.0022540066856890917,,,,
,,11506,0.010602816008031368,,,,
,,11507,0.0009987960802391171,,,,
,,11508,0.00014459496014751494,,,,
,,11509,1.788540612324141e-05,,,,
,,11510,6.13849624642171e-05,,,,
,,11511,5.0860660849139094e-05,,,,
,,11512,6.176088936626911e-05,,,,
,,11513,2.3151986169978045e-05,,,,
,,11514,0.00014404821558855474,,,,
,,11515,2.2889145839144476e-05,,,,
,,11516,1.4939800166757777e-05,,,,
,,11517,6.705604027956724e-05,,,,
,,11518,5.188073373574298e-06,,,,
,,11519,1.1697407899191603e-05,,,,
,,11520,0.0004552737227641046,,,,
,,11521,0.023478977382183075,,,,
,,11522,0.0036275412421673536,,,,
,,11523,0.00046681970707140863,,,,
,,11524,0.0017577819526195526,,,,
,,11525,0.0010519135976210237,,,,
,,11526,0.0004558707878459245,,,,
,,11527,0.0067599378526210785,,,,
,,11528,0.0002876784128602594,,,,
,,11529,1.2498602700361516e-05,,,,
,,11530,0.00017896246572490782,,,,
,,11531,0.00023996456002350897,,,,
,,11532,0.00024785316782072186,,,,
,,11533,0.00011931496555916965,,,,
,,11534,2.0055736968060955e-05,,,,
,,11535,2.2533193259732798e-05,,,,
,,11536,9.320648132415954e-06,,,,
,,11537,3.199540878995322e-05,,,,
,,11538,0.0002249946555821225,,,,
,,11539,7.782231477904133e-06,,,,
,,11540,1.1458866538305301e-05,,,,
,,11541,9.375344234285876e-06,,,,
,,11542,8.781223186815623e-06,,,,
,,11543,0.0013726473553106189,,,,
,,11544,3.6021415326104034e-06,,,,
,,11545,3.275373728683917e-06,,,,
,,11546,0.002836373168975115,,,,
,,11547,0.020577482879161835,,,,
,,11548,0.007407331373542547,,,,
,,11549,0.0017621539300307631,,,,
,,11550,0.0001049425482051447,,,,
,,11551,0.023989658802747726,,,,
,,11552,0.0002832374884746969,,,,
,,11553,0.0010685701854526997,,,,
,,11554,0.0006719983066432178,,,,
,,11555,1.0364687113906257e-05,,,,
,,11556,3.736910002771765e-06,,,,
,,11557,0.00010796348942676559,,,,
,,11558,4.732542947749607e-05,,,,
,,11559,0.00010545900295255706,,,,
,,11560,0.03224179893732071,,,,
,,11561,1.1863637155329343e-05,,,,
,,11562,6.417539407266304e-05,,,,
,,11563,3.0509105272358283e-05,,,,
,,11564,7.10695530869998e-05,,,,
,,11565,0.0001275293034268543,,,,
,,11566,1.4137580365058966e-05,,,,
,,11567,3.746412767213769e-05,,,,
,,11568,4.855953375226818e-05,,,,
,,11569,7.470229775208281e-06,,,,
,,11570,1.946328666235786e-05,,,,
,,11571,0.00037332228384912014,,,,
,,11572,0.0030630887486040592,,,,
,,11573,0.034129317849874496,,,,
,,11574,0.0008610775112174451,,,,
,,11575,1.5102179050445557,,,,
,,11576,0.002883491339161992,,,,
,,11577,0.0004534701001830399,,,,
,,11578,0.0015031041111797094,,,,
,,11579,0.004049158655107021,,,,
,,11580,0.003487702226266265,,,,
,,11581,9.677967682364397e-06,,,,
,,11582,0.00012806287850253284,,,,
,,11583,0.0008606010233052075,,,,
,,11584,0.0013875120785087347,,,,
,,11585,5.032000262872316e-05,,,,
,,11586,3.4221789974253625e-05,,,,
,,11587,4.489432831178419e-05,,,,
,,11588,1.165896810562117e-05,,,,
,,11589,2.2930578779778443e-05,,,,
,,11590,2.2354677639668807e-05,,,,
,,11591,9.55334871832747e-06,,,,
,,11592,0.0001560505188535899,,,,
,,11593,0.00012377659732010216,,,,
,,11594,6.7664068410522304e-06,,,,
,,11595,5.112912185722962e-05,,,,
,,11596,1.1899412129423581e-05,,,,
,,11597,6.991679128987016e-06,,,,
,,11598,0.0002712450223043561,,,,
,,11599,0.0005908078164793551,,,,
,,11600,0.00021023501176387072,,,,
,,11601,5.8025620091939345e-05,,,,
,,11602,4.301542503526434e-05,,,,
,,11603,7.097628258634359e-05,,,,
,,11604,3.1517916795564815e-05,,,,
,,11605,0.00013309642963577062,,,,
,,11606,5.331289867172018e-05,,,,
,,11607,1.0381696483818814e-05,,,,
,,11608,4.8179164878092706e-05,,,,
,,11609,1.0961439329548739e-05,,,,
,,11610,2.8690326871583238e-05,,,,
,,11611,8.690649701748043e-05,,,,
,,11612,5.981126014376059e-05,,,,
,,11613,2.7496818802319467e-05,,,,
,,11614,1.600091127329506e-05,,,,
,,11615,5.975889507681131e-06,,,,
,,11616,2.1128809748915955e-05,,,,
,,11617,9.88751053228043e-05,,,,
,,11618,1.0824903256434482e-05,,,,
,,11619,3.9723388908896595e-05,,,,
,,11620,1.4888643818267155e-05,,,,
,,11621,0.18847107887268066,,,,
,,11622,6.9347302087408025e-06,,,,
,,11623,4.949673439114122e-06,,,,
,,11624,0.0010458783945068717,,,,
,,11625,0.0036194550339132547,,,,
,,11626,0.00025461113546043634,,,,
,,11627,0.000597625388763845,,,,
,,11628,0.000325758388498798,,,,
,,11629,0.00010591148748062551,,,,
,,11630,0.0005464760470204055,,,,
,,11631,0.0007055507740005851,,,,
,,11632,0.000695855705998838,,,,
,,11633,1.1624591934378259e-05,,,,
,,11634,0.0013333602109923959,,,,
,,11635,0.0002210875099990517,,,,
,,11636,0.0001462314830860123,,,,
,,11637,0.00011143351730424911,,,,
,,11638,1.693668309599161e-05,,,,
,,11639,2.1842701244167984e-05,,,,
,,11640,3.065481723751873e-05,,,,
,,11641,0.12154877930879593,,,,
,,11642,8.240659553848673e-06,,,,
,,11643,0.0007586990832351148,,,,
,,11644,8.934447578212712e-06,,,,
,,11645,4.5003427658230066e-05,,,,
,,11646,1.2754511772072874e-05,,,,
,,11647,1.8692959201871417e-05,,,,
,,11648,6.084674623707542e-06,,,,
,,11649,1.3257317732495721e-05,,,,
,,11650,3.348054087837227e-05,,,,
,,11651,0.0001433874131180346,,,,
,,11652,7.689536141697317e-05,,,,
,,11653,0.0007719587301835418,,,,
,,11654,0.00017389710410498083,,,,
,,11655,0.00025153037859126925,,,,
,,11656,5.687852899427526e-05,,,,
,,11657,0.00018835999071598053,,,,
,,11658,8.480827818857506e-05,,,,
,,11659,0.0002775377652142197,,,,
,,11660,9.967756341211498e-06,,,,
,,11661,2.9258590075187385e-05,,,,
,,11662,2.0257823052816093e-05,,,,
,,11663,8.385175169678405e-05,,,,
,,11664,9.743476766743697e-06,,,,
,,11665,1.448054717911873e-05,,,,
,,11666,9.43142149480991e-05,,,,
,,11667,4.364877531770617e-05,,,,
,,11668,6.034093075868441e-06,,,,
,,11669,1.014915596897481e-05,,,,
,,11670,4.385117790661752e-05,,,,
,,11671,8.318532309203874e-06,,,,
,,11672,1.7033264157362282e-05,,,,
,,11673,5.328009137883782e-06,,,,
,,11674,6.6495595092419535e-06,,,,
,,11675,1.833609894674737e-05,,,,
,,11676,7.265939075296046e-06,,,,
,,11677,0.0011597940465435386,,,,
,,11678,0.0009596801246516407,,,,
,,11679,0.0007958754431456327,,,,
,,11680,0.00017815455794334412,,,,
,,11681,0.00021138180454727262,,,,
,,11682,6.406762258848175e-05,,,,
,,11683,0.00015345662541221827,,,,
,,11684,0.0002848652075044811,,,,
,,11685,0.00012364519352559,,,,
,,11686,1.4547838873113506e-05,,,,
,,11687,0.0013784788316115737,,,,
,,11688,4.804582658834988e-06,,,,
,,11689,4.4179196265758947e-05,,,,
,,11690,1.7097821910283528e-05,,,,
,,11691,4.495052053243853e-05,,,,
,,11692,1.6370504454243928e-05,,,,
,,11693,4.0222446841653436e-05,,,,
,,11694,3.903044853359461e-05,,,,
,,11695,1.3872842828277498e-05,,,,
,,11696,8.023089321795851e-06,,,,
,,11697,1.0153117727895733e-05,,,,
,,11698,1.6591471649007872e-05,,,,
,,11699,2.662728184077423e-05,,,,
,,11700,0.125789076089859,,,,
,,11701,7.0850137490197085e-06,,,,
,,11702,2.395856790826656e-05,,,,
,,11703,0.0006975610158406198,,,,
,,11704,0.0008269183454103768,,,,
,,11705,2.7970430892310105e-05,,,,
,,11706,1.9728449842659757e-05,,,,
,,11707,1.696249637461733e-05,,,,
,,11708,1.8991786419064738e-05,,,,
,,11709,3.4382279409328476e-05,,,,
,,11710,0.00038174711517058313,,,,
,,11711,0.00013525820395443588,,,,
,,11712,2.6645244361134246e-05,,,,
,,11713,3.612494083427009e-06,,,,
,,11714,1.4977775208535604e-05,,,,
,,11715,9.007837070384994e-05,,,,
,,11716,1.3547462003771216e-05,,,,
,,11717,8.054813406488393e-06,,,,
,,11718,1.5728213838883676e-05,,,,
,,11719,3.624980308813974e-05,,,,
,,11720,5.597556082648225e-06,,,,
,,11721,9.893976312014274e-06,,,,
,,11722,3.913084128726041e-06,,,,
,,11723,1.4070979887037538e-05,,,,
,,11724,4.2070128984050825e-05,,,,
,,11725,7.220477982627926e-06,,,,
,,11726,5.861854788236087e-06,,,,
,,11727,3.5875480534741655e-05,,,,
,,11728,0.00029361972701735795,,,,
,,11729,7.367271609837189e-05,,,,
,,11730,0.0005628353683277965,,,,
,,11731,0.00017097288218792528,,,,
,,11732,1.787409019016195e-05,,,,
,,11733,1.3418291928246617e-05,,,,
,,11734,2.410551860521082e-05,,,,
,,11735,2.2022582925274037e-05,,,,
,,11736,0.00021767917496617883,,,,
,,11737,9.865079846349545e-06,,,,
,,11738,1.4069993994780816e-05,,,,
,,11739,6.950542592676356e-05,,,,
,,11740,9.44818020798266e-06,,,,
,,11741,1.7425800251658075e-05,,,,
,,11742,1.2904916729894467e-05,,,,
,,11743,6.540546746691689e-05,,,,
,,11744,9.593344657332636e-06,,,,
,,11745,6.913825473020552e-06,,,,
,,11746,3.5347638913663104e-06,,,,
,,11747,1.833044552768115e-05,,,,
,,11748,6.165561353554949e-05,,,,
,,11749,6.8345211730047595e-06,,,,
,,11750,6.3802817749092355e-06,,,,
,,11751,3.1539570045424625e-05,,,,
,,11752,6.079549621063052e-06,,,,
,,11753,3.353374950165744e-06,,,,
,,11754,2.6329457796236966e-06,,,,
,,11755,0.0001694596721790731,,,,
,,11756,0.0015895185060799122,,,,
,,11757,3.082869079662487e-05,,,,
,,11758,2.5661634936113842e-05,,,,
,,11759,8.192310633603483e-05,,,,
,,11760,2.020087413256988e-05,,,,
,,11761,0.00010429461690364406,,,,
,,11762,9.756962390383705e-05,,,,
,,11763,0.00021489130449481308,,,,
,,11764,0.0004080630897078663,,,,
,,11765,4.592270670400467e-06,,,,
,,11766,0.055325042456388474,,,,
,,11767,0.0001595398352947086,,,,
,,11768,3.6216977605363354e-05,,,,
,,11769,2.0885174308205023e-05,,,,
,,11770,5.4017884394852445e-05,,,,
,,11771,4.2458919779164717e-05,,,,
,,11772,1.0603756891214289e-05,,,,
,,11773,2.8711347113130614e-05,,,,
,,11774,0.007847039960324764,,,,
,,11775,0.00017868547001853585,,,,
,,11776,7.146672032831702e-06,,,,
,,11777,1.1391652151360177e-05,,,,
,,11778,5.654557298839791e-06,,,,
,,11779,1.6118116036523134e-05,,,,
,,11780,0.0003586391976568848,,,,
,,11781,0.0003960639878641814,,,,
,,11782,0.00035520229721441865,,,,
,,11783,0.00017199956346303225,,,,
,,11784,1.5847797840251587e-05,,,,
,,11785,2.943172148661688e-05,,,,
,,11786,6.166884122649208e-05,,,,
,,11787,5.244827480055392e-05,,,,
,,11788,0.0003207258996553719,,,,
,,11789,6.913952347531449e-06,,,,
,,11790,1.0058512089017313e-05,,,,
,,11791,1.863447505456861e-05,,,,
,,11792,3.809855115832761e-05,,,,
,,11793,2.9684331821044907e-05,,,,
,,11794,1.863644865807146e-05,,,,
,,11795,3.962817572755739e-05,,,,
,,11796,8.474833521177061e-06,,,,
,,11797,4.365277163742576e-06,,,,
,,11798,3.967921657022089e-06,,,,
,,11799,5.1607559726107866e-05,,,,
,,11800,3.306991493445821e-05,,,,
,,11801,3.3697026083245873e-05,,,,
,,11802,8.178479220077861e-06,,,,
,,11803,2.730553205765318e-05,,,,
,,11804,4.535070274869213e-06,,,,
,,11805,3.161855829603155e-06,,,,
,,11806,5.988726570649305e-06,,,,
,,11807,0.0008162811864167452,,,,
,,11808,4.616647493094206e-05,,,,
,,11809,2.2034006178728305e-05,,,,
,,11810,1.453688400943065e-05,,,,
,,11811,2.4929444407462142e-05,,,,
,,11812,4.017052924609743e-05,,,,
,,11813,2.2599300791625865e-05,,,,
,,11814,4.831255864701234e-05,,,,
,,11815,4.4144297135062516e-05,,,,
,,11816,4.913384145766031e-06,,,,
,,11817,5.599880023510195e-05,,,,
,,11818,8.370189789275173e-06,,,,
,,11819,2.853597470675595e-05,,,,
,,11820,3.7227153370622545e-05,,,,
,,11821,7.220508450700436e-06,,,,
,,11822,9.77465788309928e-06,,,,
,,11823,6.841383765276987e-06,,,,
,,11824,0.0005399085348471999,,,,
,,11825,4.374404397822218e-06,,,,
,,11826,1.6366577256121673e-05,,,,
,,11827,1.3537049198930617e-05,,,,
,,11828,1.6734860764699988e-05,,,,
,,11829,0.07275248318910599,,,,
,,11830,6.312312507361639e-06,,,,
,,11831,2.2556077965418808e-05,,,,
,,11832,0.0004179217794444412,,,,
,,11833,0.0008266506483778358,,,,
,,11834,2.379496072535403e-05,,,,
,,11835,1.2777288247889373e-05,,,,
,,11836,3.310051033622585e-05,,,,
,,11837,1.8469858332537115e-05,,,,
,,11838,0.0003951365652028471,,,,
,,11839,0.00010027804091805592,,,,
,,11840,7.463950896635652e-05,,,,
,,11841,8.338350198755506e-06,,,,
,,11842,1.078008244803641e-05,,,,
,,11843,2.057635811070213e-06,,,,
,,11844,1.8232138245366514e-05,,,,
,,11845,9.80312324827537e-06,,,,
,,11846,0.00011319971235934645,,,,
,,11847,3.1307252356782556e-05,,,,
,,11848,6.774983194191009e-05,,,,
,,11849,4.281115252524614e-06,,,,
,,11850,0.0003867220366373658,,,,
,,11851,1.290931504627224e-05,,,,
,,11852,6.0795346144004725e-06,,,,
,,11853,3.504417691146955e-05,,,,
,,11854,4.9669770305627026e-06,,,,
,,11855,2.5581122827134095e-05,,,,
,,11856,2.6477209758013487e-05,,,,
,,11857,5.35915160071454e-06,,,,
,,11858,0.01465334091335535,,,,
,,11859,0.00012197375326650217,,,,
,,11860,0.011011290363967419,,,,
,,11861,0.028347639366984367,,,,
,,11862,0.001175828161649406,,,,
,,11863,0.010039960034191608,,,,
,,11864,0.000422704906668514,,,,
,,11865,0.02471432462334633,,,,
,,11866,4.202058698865585e-05,,,,
,,11867,0.0031565253157168627,,,,
,,11868,0.00034444770426489413,,,,
,,11869,0.006011363584548235,,,,
,,11870,0.0007053294102661312,,,,
,,11871,0.0032490629237145185,,,,
,,11872,0.002253688173368573,,,,
,,11873,0.007458899170160294,,,,
,,11874,3.4818993299268186e-05,,,,
,,11875,4.180993710178882e-05,,,,
,,11876,0.0017422283999621868,,,,
,,11877,4.815026477444917e-05,,,,
,,11878,2.4406086595263332e-05,,,,
,,11879,0.002177387708798051,,,,
,,11880,0.0012690876610577106,,,,
,,11881,0.00010292580554960296,,,,
,,11882,4.232289575156756e-05,,,,
,,11883,3.430637298151851e-05,,,,
,,11884,0.003385003190487623,,,,
,,11885,0.08035796880722046,,,,
,,11886,0.04980780929327011,,,,
,,11887,0.13778038322925568,,,,
,,11888,0.06329494714736938,,,,
,,11889,0.13341636955738068,,,,
,,11890,0.1467646062374115,,,,
,,11891,0.22422532737255096,,,,
,,11892,0.12917031347751617,,,,
,,11893,0.008943641558289528,,,,
,,11894,0.2301306575536728,,,,
,,11895,0.0032928274013102055,,,,
,,11896,0.1841733604669571,,,,
,,11897,0.10623534023761749,,,,
,,11898,0.13766571879386902,,,,
,,11899,0.10443823039531708,,,,
,,11900,0.02303745411336422,,,,
,,11901,0.0014320637565106153,,,,
,,11902,0.0006745419232174754,,,,
,,11903,0.015773389488458633,,,,
,,11904,0.001747284666635096,,,,
,,11905,0.021477272734045982,,,,
,,11906,0.007014667149633169,,,,
,,11907,0.002091749105602503,,,,
,,11908,0.0010336466366425157,,,,
,,11909,0.00013747513003181666,,,,
,,11910,0.0030887771863490343,,,,
,,11911,0.0007104658288881183,,,,
,,11912,0.020392728969454765,,,,
,,11913,0.04244917258620262,,,,
,,11914,0.0668734461069107,,,,
,,11915,0.20035666227340698,,,,
,,11916,0.03005528263747692,,,,
,,11917,0.1583346426486969,,,,
,,11918,0.00040190303116105497,,,,
,,11919,0.04243173822760582,,,,
,,11920,0.0013564631808549166,,,,
,,11921,0.02072523720562458,,,,
,,11922,0.07277972996234894,,,,
,,11923,1.1682107469823677e-05,,,,
,,11924,0.025115160271525383,,,,
,,11925,0.03555498272180557,,,,
,,11926,0.0009066066704690456,,,,
,,11927,3.3341893868055195e-05,,,,
,,11928,0.012775185517966747,,,,
,,11929,0.0006494151311926544,,,,
,,11930,0.00012969916861038655,,,,
,,11931,8.196390990633518e-05,,,,
,,11932,7.350957275775727e-06,,,,
,,11933,0.00016091164434328675,,,,
,,11934,7.237483714561677e-06,,,,
,,11935,3.3635955333011225e-05,,,,
,,11936,0.03183693811297417,,,,
,,11937,0.001022848766297102,,,,
,,11938,0.012963557615876198,,,,
,,11939,0.01615145243704319,,,,
,,11940,0.01812063157558441,,,,
,,11941,0.003991890698671341,,,,
,,11942,0.007396099157631397,,,,
,,11943,0.007433063350617886,,,,
,,11944,0.0007063999073579907,,,,
,,11945,0.8230950236320496,,,,
,,11946,1.013216569845099e-05,,,,
,,11947,5.9567119023995474e-05,,,,
,,11948,0.002211971441283822,,,,
,,11949,0.000506939715705812,,,,
,,11950,1.1812335287686437e-05,,,,
,,11951,3.974785067839548e-05,,,,
,,11952,0.00013413514534477144,,,,
,,11953,0.01168379932641983,,,,
,,11954,1.0382018444943242e-05,,,,
,,11955,4.93798652314581e-05,,,,
,,11956,1.9857614461216144e-05,,,,
,,11957,0.00010460656631039456,,,,
,,11958,0.00040941170300357044,,,,
,,11959,1.116532257583458e-05,,,,
,,11960,0.00014567376638296992,,,,
,,11961,1.5331399481510743e-05,,,,
,,11962,0.020188072696328163,,,,
,,11963,0.0062254383228719234,,,,
,,11964,0.0007216010126285255,,,,
,,11965,0.002785654505714774,,,,
,,11966,0.03773858770728111,,,,
,,11967,0.00015181167691480368,,,,
,,11968,0.002430453896522522,,,,
,,11969,0.0026466241106390953,,,,
,,11970,1.1295766853436362e-05,,,,
,,11971,8.08001004770631e-06,,,,
,,11972,6.57706686979509e-06,,,,
,,11973,0.00046879774890840054,,,,
,,11974,3.974876017309725e-05,,,,
,,11975,3.784342698054388e-05,,,,
23,,11975,,0.013789018616080284,,,
23,,11975,,,0.9258517026901245,0.9278557300567627,0.005472825840115547
24,0.0009397465619258583,11976,,,,,
24,0.0003468311915639788,11977,,,,,
24,0.0013442073250189424,11978,,,,,
24,0.001690533710643649,11979,,,,,
24,0.0013109201099723577,11980,,,,,
24,0.1171971783041954,11981,,,,,
24,0.007915058173239231,11982,,,,,
24,0.02562076412141323,11983,,,,,
24,0.07192309945821762,11984,,,,,
24,0.0036542476154863834,11985,,,,,
24,0.07657231390476227,11986,,,,,
24,0.01869860105216503,11987,,,,,
24,0.0001735289115458727,11988,,,,,
24,0.010146964341402054,11989,,,,,
24,0.0007644043653272092,11990,,,,,
24,0.0012130533577874303,11991,,,,,
24,0.0015726409619674087,11992,,,,,
24,0.0004546029958873987,11993,,,,,
24,0.0006351397023536265,11994,,,,,
24,0.0010899602202698588,11995,,,,,
24,0.0021685680840164423,11996,,,,,
24,0.0009993655839934945,11997,,,,,
24,0.5680950284004211,11998,,,,,
24,0.0031236575450748205,11999,,,,,
24,0.000629943038802594,12000,,,,,
24,0.0052075437270104885,12001,,,,,
24,0.002347479108721018,12002,,,,,
24,0.006334681995213032,12003,,,,,
24,0.001021084375679493,12004,,,,,
24,0.0014135853853076696,12005,,,,,
24,0.0026874190662056208,12006,,,,,
24,0.005046454723924398,12007,,,,,
24,0.004644646774977446,12008,,,,,
24,0.005748110823333263,12009,,,,,
24,0.00818136427551508,12010,,,,,
24,0.002338479971513152,12011,,,,,
24,0.058228760957717896,12012,,,,,
24,0.0049552274867892265,12013,,,,,
24,0.0019029320683330297,12014,,,,,
24,0.0012468798086047173,12015,,,,,
24,0.000558555475436151,12016,,,,,
24,0.00039504459709860384,12017,,,,,
24,0.00021273868333082646,12018,,,,,
24,0.0013074793387204409,12019,,,,,
24,0.006379979196935892,12020,,,,,
24,0.0025017750449478626,12021,,,,,
24,0.007791518233716488,12022,,,,,
24,0.00017380046483594924,12023,,,,,
24,7.957218622323126e-05,12024,,,,,
24,0.00042411437607370317,12025,,,,,
24,0.010246066376566887,12026,,,,,
24,0.00017075016512535512,12027,,,,,
24,0.0018897389527410269,12028,,,,,
24,0.0006613457226194441,12029,,,,,
24,0.0008873456972651184,12030,,,,,
24,0.003099526045843959,12031,,,,,
24,0.1093769297003746,12032,,,,,
24,0.0005498587270267308,12033,,,,,
24,7.90962076280266e-05,12034,,,,,
24,0.0003400124260224402,12035,,,,,
24,0.00011850357259390876,12036,,,,,
24,0.0007193373166956007,12037,,,,,
24,0.0007771748933009803,12038,,,,,
24,0.0015570544637739658,12039,,,,,
24,0.0007790562231093645,12040,,,,,
24,0.000909189460799098,12041,,,,,
24,0.0008668439695611596,12042,,,,,
24,0.001009102794341743,12043,,,,,
24,0.0003541415208019316,12044,,,,,
24,0.001390513963997364,12045,,,,,
24,0.038138799369335175,12046,,,,,
24,0.002156258327886462,12047,,,,,
24,0.022188667207956314,12048,,,,,
24,0.1640746295452118,12049,,,,,
24,0.024559492245316505,12050,,,,,
24,0.0001403879577992484,12051,,,,,
24,0.13645674288272858,12052,,,,,
24,4.907175025437027e-05,12053,,,,,
24,0.00015040943981148303,12054,,,,,
24,0.00042042744462378323,12055,,,,,
24,0.00036115467082709074,12056,,,,,
24,0.04544886201620102,12057,,,,,
24,0.0009061648161150515,12058,,,,,
24,0.0030923362355679274,12059,,,,,
24,0.00019116450857836753,12060,,,,,
24,0.0005031700129620731,12061,,,,,
24,0.003223833627998829,12062,,,,,
24,0.17876997590065002,12063,,,,,
24,0.001427333801984787,12064,,,,,
24,0.001083378680050373,12065,,,,,
24,0.044104598462581635,12066,,,,,
24,0.0008146429900079966,12067,,,,,
24,0.012802530080080032,12068,,,,,
24,5.454847632790916e-05,12069,,,,,
24,0.00013002994819544256,12070,,,,,
24,0.0002600523002911359,12071,,,,,
24,0.0010604857234284282,12072,,,,,
24,0.002770956140011549,12073,,,,,
24,7.555762567790225e-05,12074,,,,,
24,0.0003172171418555081,12075,,,,,
24,0.00013262841093819588,12076,,,,,
24,0.0004919244674965739,12077,,,,,
24,0.0007068359991535544,12078,,,,,
24,0.0003069816739298403,12079,,,,,
24,0.0009817765094339848,12080,,,,,
24,0.00125053059309721,12081,,,,,
24,5.6520599173381925e-05,12082,,,,,
24,0.00022540974896401167,12083,,,,,
24,0.009792809374630451,12084,,,,,
24,0.0007270405767485499,12085,,,,,
24,0.0008120965794660151,12086,,,,,
24,0.0005146234761923552,12087,,,,,
24,0.0012319094967097044,12088,,,,,
24,0.00018799073586706072,12089,,,,,
24,0.00020995612430851907,12090,,,,,
24,0.0012303258990868926,12091,,,,,
24,0.2236156314611435,12092,,,,,
24,8.981224527815357e-05,12093,,,,,
24,0.015272842720150948,12094,,,,,
24,0.019324440509080887,12095,,,,,
24,0.007126857992261648,12096,,,,,
24,0.001237466698512435,12097,,,,,
24,0.009257050231099129,12098,,,,,
24,0.0009410136844962835,12099,,,,,
24,0.007221808657050133,12100,,,,,
24,0.0013243169523775578,12101,,,,,
24,0.019016973674297333,12102,,,,,
24,0.00027059699641540647,12103,,,,,
24,0.0013429009122774005,12104,,,,,
24,9.191827120957896e-05,12105,,,,,
24,0.0008073564385995269,12106,,,,,
24,0.002707371022552252,12107,,,,,
24,0.009597034193575382,12108,,,,,
24,0.0010826295474544168,12109,,,,,
24,0.015734804794192314,12110,,,,,
24,8.002617687452585e-05,12111,,,,,
24,0.00024975003907456994,12112,,,,,
24,0.0005626220954582095,12113,,,,,
24,0.001204403000883758,12114,,,,,
24,0.004445445723831654,12115,,,,,
24,0.006930074654519558,12116,,,,,
24,2.6922807592200115e-05,12117,,,,,
24,0.03244388848543167,12118,,,,,
24,0.0013906199019402266,12119,,,,,
24,0.010651267133653164,12120,,,,,
24,0.0007955751498229802,12121,,,,,
24,0.00018383798305876553,12122,,,,,
24,0.007398319896310568,12123,,,,,
24,9.311967733083293e-05,12124,,,,,
24,0.0008116149692796171,12125,,,,,
24,0.001162934466265142,12126,,,,,
24,0.0003897514834534377,12127,,,,,
24,0.0007380234310403466,12128,,,,,
24,0.00019477172463666648,12129,,,,,
24,0.000248772616032511,12130,,,,,
24,8.255350985564291e-05,12131,,,,,
24,7.940742943901569e-05,12132,,,,,
24,0.00023947320005390793,12133,,,,,
24,0.00011404597898945212,12134,,,,,
24,0.007485879585146904,12135,,,,,
24,0.0031254503410309553,12136,,,,,
24,2.8952874345122837e-05,12137,,,,,
24,7.058084884192795e-05,12138,,,,,
24,0.010688917711377144,12139,,,,,
24,1.215890279127052e-05,12140,,,,,
24,0.00019953332957811654,12141,,,,,
24,0.0006049728253856301,12142,,,,,
24,0.0974583849310875,12143,,,,,
24,0.004922047723084688,12144,,,,,
24,1.9196302673663013e-05,12145,,,,,
24,0.00021340331295505166,12146,,,,,
24,0.005682940594851971,12147,,,,,
24,2.7915750251850113e-05,12148,,,,,
24,0.00024121685419231653,12149,,,,,
24,0.00011999847629340366,12150,,,,,
24,0.0004398940072860569,12151,,,,,
24,1.932116902025882e-05,12152,,,,,
24,0.0001423397334292531,12153,,,,,
24,0.0021585526410490274,12154,,,,,
24,4.3629865103866905e-05,12155,,,,,
24,0.0004045743844471872,12156,,,,,
24,0.006722940132021904,12157,,,,,
24,0.053331442177295685,12158,,,,,
24,0.0009588426910340786,12159,,,,,
24,8.213843102566898e-05,12160,,,,,
24,0.000115736729640048,12161,,,,,
24,0.001986832357943058,12162,,,,,
24,0.001288122497498989,12163,,,,,
24,6.60881123621948e-05,12164,,,,,
24,4.045104287797585e-05,12165,,,,,
24,2.3519276510342024e-05,12166,,,,,
24,1.5543209883617237e-05,12167,,,,,
24,0.004109695088118315,12168,,,,,
24,3.2481999369338155e-05,12169,,,,,
24,9.184599912259728e-05,12170,,,,,
24,6.115863925515441e-06,12171,,,,,
24,0.025657063350081444,12172,,,,,
24,2.9249782528495416e-05,12173,,,,,
24,8.014426566660404e-05,12174,,,,,
24,8.179950236808509e-05,12175,,,,,
24,3.0458926630672067e-05,12176,,,,,
24,0.006037538405507803,12177,,,,,
24,0.00012023837916785851,12178,,,,,
24,0.00027304847026243806,12179,,,,,
24,0.0015569773968309164,12180,,,,,
24,1.3236887753009796e-05,12181,,,,,
24,0.00041534428601153195,12182,,,,,
24,8.071314368862659e-05,12183,,,,,
24,9.592201968189329e-05,12184,,,,,
24,0.00026719612651504576,12185,,,,,
24,0.00020569747721310705,12186,,,,,
24,7.667095633223653e-05,12187,,,,,
24,4.62221032648813e-05,12188,,,,,
24,2.4043107259785756e-05,12189,,,,,
24,2.15757499972824e-05,12190,,,,,
24,0.0001743931061355397,12191,,,,,
24,0.051659028977155685,12192,,,,,
24,0.0027736187912523746,12193,,,,,
24,0.00025735824601724744,12194,,,,,
24,0.0002649521338753402,12195,,,,,
24,0.00031454834970645607,12196,,,,,
24,6.053741890355013e-05,12197,,,,,
24,2.306289752596058e-05,12198,,,,,
24,9.642253280617297e-05,12199,,,,,
24,0.00046940468018874526,12200,,,,,
24,5.5418578995158896e-05,12201,,,,,
24,0.0010947760893031955,12202,,,,,
24,0.016338685527443886,12203,,,,,
24,0.00043921449105255306,12204,,,,,
24,0.00034963496727868915,12205,,,,,
24,0.0005656206631101668,12206,,,,,
24,0.0006446081097237766,12207,,,,,
24,0.0002528367331251502,12208,,,,,
24,0.00010204704449279234,12209,,,,,
24,0.000989250373095274,12210,,,,,
24,0.030950382351875305,12211,,,,,
24,0.0008941902779042721,12212,,,,,
24,3.977510641561821e-05,12213,,,,,
24,1.2951851203979459e-05,12214,,,,,
24,0.00028495347942225635,12215,,,,,
24,1.3288472473504953e-05,12216,,,,,
24,0.0032513595651835203,12217,,,,,
24,1.2469913599488791e-05,12218,,,,,
24,7.147260021156399e-06,12219,,,,,
24,0.0006738887168467045,12220,,,,,
24,0.0011175398249179125,12221,,,,,
24,1.8622571587911807e-05,12222,,,,,
24,9.026599582284689e-05,12223,,,,,
24,3.0316199627122842e-05,12224,,,,,
24,1.471311588829849e-05,12225,,,,,
24,6.59640136291273e-05,12226,,,,,
24,0.00039837704389356077,12227,,,,,
24,2.2180773157742806e-05,12228,,,,,
24,0.000325558939948678,12229,,,,,
24,7.469075353583321e-05,12230,,,,,
24,1.8827802705345675e-05,12231,,,,,
24,0.0019232244230806828,12232,,,,,
24,0.00016523156955372542,12233,,,,,
24,0.0002634765114635229,12234,,,,,
24,1.186905819849926e-06,12235,,,,,
24,0.11408326774835587,12236,,,,,
24,2.8212537017680006e-06,12237,,,,,
24,0.0002137580158887431,12238,,,,,
24,5.063747266831342e-06,12239,,,,,
24,0.0001432613207725808,12240,,,,,
24,4.760617230203934e-05,12241,,,,,
24,0.0016866478836163878,12242,,,,,
24,7.178302894317312e-06,12243,,,,,
24,0.00031015268177725375,12244,,,,,
24,0.0002867828879971057,12245,,,,,
24,0.00015902363520581275,12246,,,,,
24,0.006405102089047432,12247,,,,,
24,3.635834582382813e-05,12248,,,,,
24,0.0013038127217441797,12249,,,,,
24,0.000418798066675663,12250,,,,,
24,0.0035376474261283875,12251,,,,,
24,0.026310835033655167,12252,,,,,
24,0.00028712316998280585,12253,,,,,
24,0.00028019174351356924,12254,,,,,
24,0.0007643114076927304,12255,,,,,
24,3.7198922655079514e-05,12256,,,,,
24,0.001515464740805328,12257,,,,,
24,0.02438979782164097,12258,,,,,
24,0.0016242001438513398,12259,,,,,
24,1.2117267033318058e-05,12260,,,,,
24,3.330816616653465e-05,12261,,,,,
24,0.006120644044131041,12262,,,,,
24,1.3998000213177875e-05,12263,,,,,
24,6.356377707561478e-05,12264,,,,,
24,5.902591146877967e-05,12265,,,,,
24,3.498051592032425e-05,12266,,,,,
24,8.202589924621861e-06,12267,,,,,
24,9.026710176840425e-05,12268,,,,,
24,2.5329669369966723e-05,12269,,,,,
24,1.4151354662317317e-05,12270,,,,,
24,3.4052000046358444e-06,12271,,,,,
24,0.006524982862174511,12272,,,,,
24,1.8175551304011606e-05,12273,,,,,
24,3.925386045011692e-05,12274,,,,,
24,6.660023700533202e-06,12275,,,,,
24,2.5979254132835194e-05,12276,,,,,
24,0.00016994513862300664,12277,,,,,
24,0.00010843146446859464,12278,,,,,
24,4.903075478068786e-06,12279,,,,,
24,0.0030934379901736975,12280,,,,,
24,1.0997632671205793e-05,12281,,,,,
24,0.0017776594031602144,12282,,,,,
24,0.0001115177437895909,12283,,,,,
24,0.0003800945996772498,12284,,,,,
24,0.009177111089229584,12285,,,,,
24,2.6479374355403706e-05,12286,,,,,
24,4.473158696782775e-06,12287,,,,,
24,4.5295852032722905e-05,12288,,,,,
24,3.7819081626366824e-05,12289,,,,,
24,0.0002040930703515187,12290,,,,,
24,0.00022861326579004526,12291,,,,,
24,6.231194129213691e-05,12292,,,,,
24,9.147848686552607e-06,12293,,,,,
24,0.00024301299708895385,12294,,,,,
24,7.364557404798688e-06,12295,,,,,
24,0.007903669960796833,12296,,,,,
24,3.73524017049931e-05,12297,,,,,
24,0.0003066288772970438,12298,,,,,
24,0.00016459515609312803,12299,,,,,
24,2.631704046507366e-05,12300,,,,,
24,7.411696856252092e-07,12301,,,,,
24,5.137273910804652e-05,12302,,,,,
24,8.350078132934868e-06,12303,,,,,
24,3.6228934732207563e-06,12304,,,,,
24,2.269441210955847e-05,12305,,,,,
24,0.0001676646206760779,12306,,,,,
24,4.815806823899038e-05,12307,,,,,
24,4.7084766265470535e-05,12308,,,,,
24,3.99631107939058e-06,12309,,,,,
24,0.0004145412240177393,12310,,,,,
24,1.9371946109458804e-05,12311,,,,,
24,0.00012610237172339112,12312,,,,,
24,2.5406834538443945e-05,12313,,,,,
24,0.00013433920685201883,12314,,,,,
24,3.197903652107925e-06,12315,,,,,
24,0.0001929848949657753,12316,,,,,
24,0.0004672505601774901,12317,,,,,
24,5.87538379477337e-05,12318,,,,,
24,1.9044580767513253e-05,12319,,,,,
24,1.836015871958807e-05,12320,,,,,
24,3.0029234494577395e-06,12321,,,,,
24,4.108629946131259e-05,12322,,,,,
24,2.7884439077752177e-06,12323,,,,,
24,0.0001541159872431308,12324,,,,,
24,1.801678808988072e-05,12325,,,,,
24,7.907284270913806e-06,12326,,,,,
24,9.856843098532408e-05,12327,,,,,
24,1.4729676877323072e-05,12328,,,,,
24,0.041599251329898834,12329,,,,,
24,9.16758017410757e-06,12330,,,,,
24,1.1727357559720986e-05,12331,,,,,
24,3.879297219100408e-05,12332,,,,,
24,1.5713814718765207e-05,12333,,,,,
24,0.00011462104885140434,12334,,,,,
24,2.3295468054129742e-05,12335,,,,,
24,0.0006110675167292356,12336,,,,,
24,6.825863238191232e-06,12337,,,,,
24,5.870714448974468e-05,12338,,,,,
24,2.350820977881085e-05,12339,,,,,
24,1.6478425095556304e-05,12340,,,,,
24,0.0004854080034419894,12341,,,,,
24,0.10350038856267929,12342,,,,,
24,4.488419108383823e-06,12343,,,,,
24,4.5526707253884524e-05,12344,,,,,
24,0.00016717535618226975,12345,,,,,
24,9.044209036801476e-06,12346,,,,,
24,5.336941103450954e-05,12347,,,,,
24,6.009863500366919e-05,12348,,,,,
24,4.1685012547532097e-05,12349,,,,,
24,0.0002353958407184109,12350,,,,,
24,0.0002057036617770791,12351,,,,,
24,0.015176001004874706,12352,,,,,
24,0.009006052277982235,12353,,,,,
24,0.00046989903785288334,12354,,,,,
24,6.33798772469163e-05,12355,,,,,
24,2.170005245716311e-05,12356,,,,,
24,8.006829739315435e-05,12357,,,,,
24,0.00010362527245888487,12358,,,,,
24,1.0443390237924177e-05,12359,,,,,
24,0.00012322714610490948,12360,,,,,
24,0.012149715796113014,12361,,,,,
24,3.9390461097355e-06,12362,,,,,
24,0.00028846124769188464,12363,,,,,
24,0.00011784515663748607,12364,,,,,
24,0.00013577965728472918,12365,,,,,
24,3.9286998799070716e-05,12366,,,,,
24,0.00017557294631842524,12367,,,,,
24,0.00012398752733133733,12368,,,,,
24,6.081684841774404e-05,12369,,,,,
24,3.866836050292477e-05,12370,,,,,
24,0.028591962531208992,12371,,,,,
24,0.008116091601550579,12372,,,,,
24,8.680815517436713e-05,12373,,,,,
24,0.00010607122385408729,12374,,,,,
24,5.539201811188832e-05,12375,,,,,
24,4.05456630687695e-05,12376,,,,,
24,0.0010194375645369291,12377,,,,,
24,0.0007468161056749523,12378,,,,,
24,0.001899472437798977,12379,,,,,
24,4.866725794272497e-05,12380,,,,,
24,0.00015550004900433123,12381,,,,,
24,1.0836321052920539e-05,12382,,,,,
24,1.9729937775991857e-05,12383,,,,,
24,0.00011045589781133458,12384,,,,,
24,1.227806478709681e-05,12385,,,,,
24,0.0001212946226587519,12386,,,,,
24,1.6228965250775218e-05,12387,,,,,
24,5.305905870045535e-05,12388,,,,,
24,0.0010558580979704857,12389,,,,,
24,8.079895451373886e-06,12390,,,,,
24,2.932194183813408e-05,12391,,,,,
24,1.8683689631870948e-05,12392,,,,,
24,0.0024521811865270138,12393,,,,,
24,9.314920316683128e-05,12394,,,,,
24,4.560346496873535e-05,12395,,,,,
24,1.1303893188596703e-05,12396,,,,,
24,7.220883708214387e-05,12397,,,,,
24,0.0002977382391691208,12398,,,,,
24,0.0006993013084866107,12399,,,,,
24,1.3722756193601526e-05,12400,,,,,
24,0.01672268472611904,12401,,,,,
24,0.0004473670560400933,12402,,,,,
24,0.00014829823339823633,12403,,,,,
24,0.0006593750440515578,12404,,,,,
24,0.00029695400735363364,12405,,,,,
24,0.00018176580488216132,12406,,,,,
24,0.0033347723074257374,12407,,,,,
24,2.741797288763337e-06,12408,,,,,
24,5.883262201678008e-05,12409,,,,,
24,0.0043776254169642925,12410,,,,,
24,9.133370440395083e-06,12411,,,,,
24,0.0011006667045876384,12412,,,,,
24,7.118695793906227e-05,12413,,,,,
24,6.882856541778892e-05,12414,,,,,
24,3.6953693779651076e-05,12415,,,,,
24,1.7562200810061768e-05,12416,,,,,
24,3.130442928522825e-05,12417,,,,,
24,3.4910985959868412e-06,12418,,,,,
24,6.3387269619852304e-06,12419,,,,,
24,1.0473077054484747e-05,12420,,,,,
24,2.331034374947194e-05,12421,,,,,
24,6.292504986049607e-05,12422,,,,,
24,0.15268151462078094,12423,,,,,
24,0.125332772731781,12424,,,,,
24,4.691064896178432e-05,12425,,,,,
24,0.00016936457541305572,12426,,,,,
24,0.00023261349997483194,12427,,,,,
24,1.466700905439211e-05,12428,,,,,
24,0.0003159210900776088,12429,,,,,
24,1.7744352589943446e-05,12430,,,,,
24,0.00040055648423731327,12431,,,,,
24,2.637119723658543e-05,12432,,,,,
24,0.00021319431834854186,12433,,,,,
24,0.00010829725943040103,12434,,,,,
24,1.0889182703976985e-05,12435,,,,,
24,0.3020179867744446,12436,,,,,
24,0.00032084775739349425,12437,,,,,
24,0.2020079493522644,12438,,,,,
24,0.00013583940744865686,12439,,,,,
24,8.379368227906525e-05,12440,,,,,
24,0.00012431327195372432,12441,,,,,
24,0.13881942629814148,12442,,,,,
24,0.00216194917447865,12443,,,,,
24,0.0005527148023247719,12444,,,,,
24,0.0004586843424476683,12445,,,,,
24,0.019415730610489845,12446,,,,,
24,0.0014874404296278954,12447,,,,,
24,0.016495000571012497,12448,,,,,
24,0.00038175261579453945,12449,,,,,
24,0.0007907979306764901,12450,,,,,
24,0.0005707289674319327,12451,,,,,
24,0.015806686133146286,12452,,,,,
24,0.0010112437885254622,12453,,,,,
24,0.03943384438753128,12454,,,,,
24,0.0023607551120221615,12455,,,,,
24,0.0013164242263883352,12456,,,,,
24,0.00039220618782565,12457,,,,,
24,0.004125358536839485,12458,,,,,
24,0.0006853328668512404,12459,,,,,
24,1.8862718206946738e-05,12460,,,,,
24,0.0006078751175664365,12461,,,,,
24,0.0015501549933105707,12462,,,,,
24,0.0005310429842211306,12463,,,,,
24,0.0005149790667928755,12464,,,,,
24,0.009390966035425663,12465,,,,,
24,0.004936127457767725,12466,,,,,
24,0.006716201081871986,12467,,,,,
24,0.015709273517131805,12468,,,,,
24,0.008855029009282589,12469,,,,,
24,0.0009491374366916716,12470,,,,,
24,0.0001444557710783556,12471,,,,,
24,0.00088840676471591,12472,,,,,
24,6.58314093016088e-05,12473,,,,,
24,0.00012462350423447788,12474,,,,,
,,11976,6.96005008649081e-05,,,,
,,11977,4.076159166288562e-05,,,,
,,11978,0.0002945285814348608,,,,
,,11979,0.00015489835641346872,,,,
,,11980,0.000727985636331141,,,,
,,11981,4.8506139137316495e-05,,,,
,,11982,9.621291246730834e-05,,,,
,,11983,9.266481356462464e-06,,,,
,,11984,1.008004619507119e-05,,,,
,,11985,1.9536353647708893e-05,,,,
,,11986,8.762344805290923e-05,,,,
,,11987,0.00019492462160997093,,,,
,,11988,6.360781844705343e-05,,,,
,,11989,2.603273060231004e-05,,,,
,,11990,4.062403240823187e-05,,,,
,,11991,1.3106269761919975e-05,,,,
,,11992,0.00011833656026283279,,,,
,,11993,0.001430651405826211,,,,
,,11994,0.00011674575216602534,,,,
,,11995,0.00022989108401816338,,,,
,,11996,0.0003554729337338358,,,,
,,11997,0.0001288060302613303,,,,
,,11998,2.3260627131094225e-05,,,,
,,11999,9.635574679123238e-05,,,,
,,12000,5.352888911147602e-05,,,,
,,12001,2.670544017746579e-05,,,,
,,12002,5.5574415455339476e-05,,,,
,,12003,7.29580715415068e-05,,,,
,,12004,0.0002699288306757808,,,,
,,12005,8.034722850425169e-05,,,,
,,12006,3.778831523959525e-05,,,,
,,12007,1.4966230992286e-05,,,,
,,12008,2.5669090973678976e-05,,,,
,,12009,1.6489691915921867e-05,,,,
,,12010,1.2012832485197578e-05,,,,
,,12011,3.0763534596189857e-05,,,,
,,12012,6.874182872707024e-05,,,,
,,12013,0.0003191434370819479,,,,
,,12014,8.78860882949084e-05,,,,
,,12015,3.266472413088195e-05,,,,
,,12016,1.4293050298874732e-05,,,,
,,12017,1.5381094272015616e-05,,,,
,,12018,7.60308330427506e-06,,,,
,,12019,0.001521653844974935,,,,
,,12020,7.071328582242131e-05,,,,
,,12021,0.0003984218346886337,,,,
,,12022,1.0307730917702429e-05,,,,
,,12023,1.127693940361496e-05,,,,
,,12024,2.6484597128728637e-06,,,,
,,12025,7.583455044368748e-06,,,,
,,12026,4.913273187412415e-06,,,,
,,12027,1.2560842151287943e-05,,,,
,,12028,4.172191893303534e-06,,,,
,,12029,5.659772432409227e-05,,,,
,,12030,1.080553738574963e-05,,,,
,,12031,1.022510423354106e-05,,,,
,,12032,3.923437816411024e-06,,,,
,,12033,1.0510189895285293e-05,,,,
,,12034,6.10528013567091e-06,,,,
,,12035,2.3932905605761334e-05,,,,
,,12036,5.944646090938477e-06,,,,
,,12037,7.194386853370816e-05,,,,
,,12038,9.717596185510047e-06,,,,
,,12039,1.3303186278790236e-05,,,,
,,12040,8.784630153968465e-06,,,,
,,12041,9.52471873461036e-06,,,,
,,12042,7.390570317511447e-06,,,,
,,12043,7.4787808443943504e-06,,,,
,,12044,1.254412745765876e-05,,,,
,,12045,0.004020217340439558,,,,
,,12046,0.00010122545063495636,,,,
,,12047,7.217924576252699e-05,,,,
,,12048,7.483857643819647e-06,,,,
,,12049,7.665374141652137e-06,,,,
,,12050,0.00011284039646852762,,,,
,,12051,1.0614506209094543e-05,,,,
,,12052,2.2696625819662586e-05,,,,
,,12053,0.00010039691551355645,,,,
,,12054,7.890129381848965e-06,,,,
,,12055,1.0095802281284705e-05,,,,
,,12056,6.017273790348554e-06,,,,
,,12057,1.3508933989214711e-05,,,,
,,12058,8.074691322690342e-06,,,,
,,12059,0.0003402364382054657,,,,
,,12060,2.3145101295085624e-05,,,,
,,12061,0.00013666304585058242,,,,
,,12062,9.753863196237944e-06,,,,
,,12063,9.261559171136469e-06,,,,
,,12064,1.1743838513211813e-05,,,,
,,12065,8.732970854907762e-06,,,,
,,12066,2.5121820726781152e-05,,,,
,,12067,3.0063823942327872e-05,,,,
,,12068,2.4461742214043625e-05,,,,
,,12069,9.081458119908348e-05,,,,
,,12070,0.000926368054933846,,,,
,,12071,0.002044904511421919,,,,
,,12072,7.356591959251091e-05,,,,
,,12073,1.8375805666437373e-05,,,,
,,12074,0.9301424622535706,,,,
,,12075,6.084567758080084e-06,,,,
,,12076,7.458736490661977e-06,,,,
,,12077,5.704825980501482e-06,,,,
,,12078,6.315277278190479e-05,,,,
,,12079,1.883668483060319e-05,,,,
,,12080,4.847701347898692e-06,,,,
,,12081,3.7990830605849624e-06,,,,
,,12082,1.0028291399066802e-05,,,,
,,12083,6.297096661000978e-06,,,,
,,12084,1.5812940546311438e-05,,,,
,,12085,9.360107469547074e-06,,,,
,,12086,0.0012036524713039398,,,,
,,12087,1.0115148143086117e-05,,,,
,,12088,1.234493356605526e-05,,,,
,,12089,3.0631315439677564e-06,,,,
,,12090,1.0739502613432705e-05,,,,
,,12091,1.26455661302316e-05,,,,
,,12092,3.6186891520628706e-05,,,,
,,12093,6.966977525735274e-05,,,,
,,12094,0.00013108861458022147,,,,
,,12095,1.1847651876450982e-05,,,,
,,12096,9.87831208476564e-06,,,,
,,12097,0.0017873032484203577,,,,
,,12098,8.39636632008478e-05,,,,
,,12099,4.9305552238365635e-05,,,,
,,12100,1.7509484678157605e-05,,,,
,,12101,3.808684050454758e-05,,,,
,,12102,4.877803075942211e-05,,,,
,,12103,1.3281691281008534e-05,,,,
,,12104,2.6803918444784358e-05,,,,
,,12105,7.447442385455361e-06,,,,
,,12106,1.412161327607464e-05,,,,
,,12107,1.3733098057855386e-05,,,,
,,12108,1.4313422070699744e-05,,,,
,,12109,4.0236660424852744e-05,,,,
,,12110,0.00015676669136155397,,,,
,,12111,0.00011483876005513594,,,,
,,12112,3.6567529605235904e-05,,,,
,,12113,2.3047879949444905e-05,,,,
,,12114,9.41680082178209e-06,,,,
,,12115,6.208936611074023e-06,,,,
,,12116,9.028110980580095e-06,,,,
,,12117,5.486897498485632e-05,,,,
,,12118,0.0009235155303031206,,,,
,,12119,3.5455541365081444e-05,,,,
,,12120,0.0009144383366219699,,,,
,,12121,2.5478268071310595e-05,,,,
,,12122,7.017527423158754e-06,,,,
,,12123,0.0019426055951043963,,,,
,,12124,6.929104711161926e-05,,,,
,,12125,9.38266111916164e-06,,,,
,,12126,6.792441854486242e-05,,,,
,,12127,7.266095963132102e-06,,,,
,,12128,6.857129847048782e-06,,,,
,,12129,7.649567123735324e-06,,,,
,,12130,1.709052776277531e-05,,,,
,,12131,8.069326213444583e-06,,,,
,,12132,7.1067584030970465e-06,,,,
,,12133,2.1555992134381086e-05,,,,
,,12134,2.3613205485162325e-05,,,,
,,12135,0.00015081980382092297,,,,
,,12136,2.1281957742758095e-05,,,,
,,12137,1.858282666944433e-05,,,,
,,12138,8.230050298152491e-06,,,,
,,12139,8.12639518699143e-06,,,,
,,12140,0.35201162099838257,,,,
,,12141,6.343700079014525e-06,,,,
,,12142,2.7417370802140795e-05,,,,
,,12143,1.1096841262769885e-05,,,,
,,12144,0.00013868825044482946,,,,
,,12145,4.9037171265808865e-05,,,,
,,12146,6.190146814333275e-05,,,,
,,12147,7.141873538785148e-06,,,,
,,12148,6.3490042521152645e-06,,,,
,,12149,9.074951776710805e-06,,,,
,,12150,0.0031956578604876995,,,,
,,12151,0.001987171359360218,,,,
,,12152,2.426201717753429e-05,,,,
,,12153,0.00048012175830081105,,,,
,,12154,1.9116338080493733e-05,,,,
,,12155,9.60411398409633e-06,,,,
,,12156,6.291929366852855e-06,,,,
,,12157,1.778491605364252e-05,,,,
,,12158,7.97096345195314e-06,,,,
,,12159,3.183028456987813e-05,,,,
,,12160,6.135487637948245e-05,,,,
,,12161,1.8950682715512812e-05,,,,
,,12162,1.9598308426793665e-05,,,,
,,12163,9.561829756421503e-06,,,,
,,12164,1.9950810383306816e-05,,,,
,,12165,2.2054526198189706e-05,,,,
,,12166,1.43032939377008e-05,,,,
,,12167,3.849029599223286e-05,,,,
,,12168,2.122638761647977e-05,,,,
,,12169,0.00011721126065822318,,,,
,,12170,3.109316821792163e-05,,,,
,,12171,2.3927525035105646e-05,,,,
,,12172,2.6545534637989476e-05,,,,
,,12173,2.0028743165312335e-05,,,,
,,12174,1.3650463188241702e-05,,,,
,,12175,4.353870826889761e-05,,,,
,,12176,8.526555029675364e-05,,,,
,,12177,0.004283308982849121,,,,
,,12178,2.0591001884895377e-05,,,,
,,12179,7.459115295205265e-05,,,,
,,12180,6.027572908351431e-06,,,,
,,12181,8.412367606069893e-06,,,,
,,12182,4.446928869583644e-06,,,,
,,12183,2.482125273672864e-05,,,,
,,12184,9.014998795464635e-05,,,,
,,12185,9.990328180720098e-06,,,,
,,12186,1.935567161126528e-05,,,,
,,12187,1.3256862985144835e-05,,,,
,,12188,8.458307092951145e-06,,,,
,,12189,2.7085452529718168e-05,,,,
,,12190,1.1308516150165815e-05,,,,
,,12191,3.929830199922435e-05,,,,
,,12192,8.306735253427178e-05,,,,
,,12193,9.3243652372621e-05,,,,
,,12194,2.695786315598525e-05,,,,
,,12195,9.059383046405856e-06,,,,
,,12196,8.266505574283656e-06,,,,
,,12197,2.1233037841739133e-05,,,,
,,12198,2.77019298664527e-05,,,,
,,12199,0.009543122723698616,,,,
,,12200,1.5138040907913819e-05,,,,
,,12201,7.028645632090047e-05,,,,
,,12202,0.004207204561680555,,,,
,,12203,0.004699899349361658,,,,
,,12204,1.450177478545811e-05,,,,
,,12205,1.7603566448087804e-05,,,,
,,12206,7.157235359045444e-06,,,,
,,12207,6.658313850493869e-06,,,,
,,12208,8.45755039335927e-06,,,,
,,12209,0.00014547744649462402,,,,
,,12210,0.00010470025154063478,,,,
,,12211,1.5790143152116798e-05,,,,
,,12212,2.487808842488448e-06,,,,
,,12213,9.028083695739042e-06,,,,
,,12214,6.88783666191739e-06,,,,
,,12215,1.5515655832132325e-05,,,,
,,12216,1.72711988852825e-05,,,,
,,12217,4.198983879177831e-05,,,,
,,12218,0.00011846348934341222,,,,
,,12219,1.9391101886867546e-05,,,,
,,12220,2.1027817638241686e-05,,,,
,,12221,2.347878989894525e-06,,,,
,,12222,8.300416811835021e-05,,,,
,,12223,1.3230755939730443e-05,,,,
,,12224,0.00018800584075506777,,,,
,,12225,1.2966668691660743e-05,,,,
,,12226,0.0001650738704483956,,,,
,,12227,0.0008122516446746886,,,,
,,12228,3.1553954613627866e-05,,,,
,,12229,0.0008444330887869,,,,
,,12230,2.0437584680621512e-05,,,,
,,12231,4.966844244336244e-06,,,,
,,12232,1.3553981261793524e-05,,,,
,,12233,3.6556521081365645e-06,,,,
,,12234,2.3177995899459347e-05,,,,
,,12235,3.944149284507148e-06,,,,
,,12236,2.2535991774930153e-06,,,,
,,12237,1.6170872640941525e-06,,,,
,,12238,6.535452484968118e-06,,,,
,,12239,1.7881259282148676e-06,,,,
,,12240,8.281619557237718e-06,,,,
,,12241,8.722341590328142e-06,,,,
,,12242,5.4624357289867476e-05,,,,
,,12243,8.157476258929819e-06,,,,
,,12244,5.403952854976524e-06,,,,
,,12245,2.06800677915453e-06,,,,
,,12246,3.016463551830384e-06,,,,
,,12247,3.907901827915339e-06,,,,
,,12248,1.7118320101872087e-05,,,,
,,12249,7.180566171882674e-06,,,,
,,12250,0.00035820077755488455,,,,
,,12251,9.100684110308066e-06,,,,
,,12252,6.913883680681465e-06,,,,
,,12253,3.628073955042055e-06,,,,
,,12254,9.000180580187589e-05,,,,
,,12255,0.006431300193071365,,,,
,,12256,0.00013871527335140854,,,,
,,12257,5.649203558277804e-06,,,,
,,12258,8.270030957646668e-05,,,,
,,12259,5.664756827172823e-06,,,,
,,12260,7.10543145032716e-06,,,,
,,12261,3.513997398840729e-06,,,,
,,12262,7.380156148428796e-06,,,,
,,12263,8.447710570180789e-06,,,,
,,12264,7.191905751824379e-06,,,,
,,12265,0.0002638052683323622,,,,
,,12266,8.190810331143439e-05,,,,
,,12267,2.5369441573275253e-05,,,,
,,12268,1.4277209629653953e-05,,,,
,,12269,7.685887794650625e-06,,,,
,,12270,9.095478162635118e-06,,,,
,,12271,1.0390965144324582e-05,,,,
,,12272,3.120624751318246e-05,,,,
,,12273,1.8511816961108707e-05,,,,
,,12274,0.0002860941458493471,,,,
,,12275,1.4689314411953092e-05,,,,
,,12276,7.223667489597574e-05,,,,
,,12277,1.4008269317855593e-05,,,,
,,12278,7.851981536077801e-06,,,,
,,12279,0.000998622621409595,,,,
,,12280,0.001123505993746221,,,,
,,12281,5.63807952858042e-05,,,,
,,12282,0.00035642884904518723,,,,
,,12283,3.9078672671166714e-06,,,,
,,12284,1.075358613888966e-05,,,,
,,12285,1.4460484862865997e-06,,,,
,,12286,8.190800144802779e-06,,,,
,,12287,4.695636562246364e-06,,,,
,,12288,7.941060175653547e-06,,,,
,,12289,1.5489284123759717e-05,,,,
,,12290,8.475881622871384e-05,,,,
,,12291,1.1349620763212442e-05,,,,
,,12292,2.109579145326279e-05,,,,
,,12293,1.4049344827071764e-05,,,,
,,12294,0.00045073835644870996,,,,
,,12295,2.7388576199882664e-05,,,,
,,12296,3.51436719938647e-05,,,,
,,12297,3.9641854527872056e-05,,,,
,,12298,0.00012969702947884798,,,,
,,12299,4.085638647666201e-05,,,,
,,12300,0.00010556632332736626,,,,
,,12301,2.827643220371101e-05,,,,
,,12302,0.00012925051851198077,,,,
,,12303,1.512224116595462e-05,,,,
,,12304,2.1947527784504928e-05,,,,
,,12305,5.9020450862590224e-05,,,,
,,12306,0.004703744314610958,,,,
,,12307,0.00012265339319128543,,,,
,,12308,1.3298717021825723e-05,,,,
,,12309,6.017221494403202e-06,,,,
,,12310,5.571509973378852e-06,,,,
,,12311,1.0563278010522481e-05,,,,
,,12312,1.2422342479112558e-05,,,,
,,12313,1.918358975672163e-05,,,,
,,12314,9.96087328530848e-05,,,,
,,12315,1.5842244465602562e-05,,,,
,,12316,1.2640085515158717e-05,,,,
,,12317,4.716417606687173e-06,,,,
,,12318,5.348705599317327e-06,,,,
,,12319,7.934730092529207e-06,,,,
,,12320,2.32637430599425e-05,,,,
,,12321,1.64941211551195e-05,,,,
,,12322,1.0525812285777647e-05,,,,
,,12323,6.874714745208621e-05,,,,
,,12324,8.686140972713474e-06,,,,
,,12325,1.0422339983051643e-05,,,,
,,12326,7.618661584274378e-06,,,,
,,12327,3.106841177213937e-05,,,,
,,12328,0.00440722331404686,,,,
,,12329,4.680048004956916e-05,,,,
,,12330,9.944478370016441e-05,,,,
,,12331,0.001255842624232173,,,,
,,12332,0.0016300101997330785,,,,
,,12333,1.0277048204443417e-05,,,,
,,12334,4.535470452537993e-06,,,,
,,12335,3.5243526781414403e-06,,,,
,,12336,3.303740641058539e-06,,,,
,,12337,0.001371689373627305,,,,
,,12338,3.246569394832477e-05,,,,
,,12339,4.023706787847914e-05,,,,
,,12340,3.17888179779402e-06,,,,
,,12341,5.986133601254551e-06,,,,
,,12342,3.073496372962836e-06,,,,
,,12343,3.928656951757148e-06,,,,
,,12344,7.555152933491627e-06,,,,
,,12345,3.57227363565471e-05,,,,
,,12346,5.3752268286189064e-05,,,,
,,12347,6.985921936575323e-05,,,,
,,12348,9.44818566495087e-06,,,,
,,12349,1.4172789633448701e-05,,,,
,,12350,3.3741066545189824e-06,,,,
,,12351,2.0205718101351522e-05,,,,
,,12352,9.899209544528276e-06,,,,
,,12353,7.66667872085236e-05,,,,
,,12354,5.385507392929867e-05,,,,
,,12355,6.352780474117026e-05,,,,
,,12356,1.6604657503194176e-05,,,,
,,12357,0.023246081545948982,,,,
,,12358,4.1354476707056165e-05,,,,
,,12359,0.00043710877071134746,,,,
,,12360,0.00010837007721420377,,,,
,,12361,1.6603511539869942e-05,,,,
,,12362,2.1175159417907707e-05,,,,
,,12363,0.00012140217586420476,,,,
,,12364,3.116529478575103e-05,,,,
,,12365,2.272439087391831e-05,,,,
,,12366,1.7525873772683553e-05,,,,
,,12367,2.6441704903845675e-05,,,,
,,12368,4.596592771122232e-05,,,,
,,12369,5.1551192882470787e-05,,,,
,,12370,0.00032673391979187727,,,,
,,12371,0.00010438035678816959,,,,
,,12372,0.00016627019795123488,,,,
,,12373,2.274720282002818e-05,,,,
,,12374,8.287088348879479e-06,,,,
,,12375,1.3904139450460207e-05,,,,
,,12376,4.2871019104495645e-05,,,,
,,12377,6.647150439675897e-05,,,,
,,12378,0.0010369648225605488,,,,
,,12379,0.0012196139432489872,,,,
,,12380,5.462481567519717e-05,,,,
,,12381,2.3141879864851944e-05,,,,
,,12382,8.105718734441325e-06,,,,
,,12383,0.0023445074912160635,,,,
,,12384,0.00021466673933900893,,,,
,,12385,0.0004359847807791084,,,,
,,12386,4.2009709432022646e-05,,,,
,,12387,0.00042280921479687095,,,,
,,12388,6.427082553273067e-05,,,,
,,12389,4.039927080157213e-05,,,,
,,12390,6.691443559248e-05,,,,
,,12391,3.238765202695504e-05,,,,
,,12392,0.00017915540956892073,,,,
,,12393,0.00013642451085615903,,,,
,,12394,0.0002810354926623404,,,,
,,12395,0.0008561998838558793,,,,
,,12396,0.0005524595617316663,,,,
,,12397,0.00017662884783931077,,,,
,,12398,0.00014525071310345083,,,,
,,12399,1.7448222934035584e-05,,,,
,,12400,9.748502634465694e-06,,,,
,,12401,9.517557919025421e-05,,,,
,,12402,7.12245746399276e-05,,,,
,,12403,0.0003059399896301329,,,,
,,12404,0.00019712776702363044,,,,
,,12405,0.0001655667001614347,,,,
,,12406,1.1733424798876513e-05,,,,
,,12407,0.0016211955808103085,,,,
,,12408,8.473680281895213e-06,,,,
,,12409,0.00267772632651031,,,,
,,12410,0.0022102289367467165,,,,
,,12411,0.0006322258850559592,,,,
,,12412,2.6425885153003037e-05,,,,
,,12413,4.425653605721891e-05,,,,
,,12414,0.0001286875194637105,,,,
,,12415,7.602940513606882e-06,,,,
,,12416,5.792903175461106e-05,,,,
,,12417,4.684958912548609e-05,,,,
,,12418,6.62973034195602e-05,,,,
,,12419,0.0002305641392013058,,,,
,,12420,0.00011314448056509718,,,,
,,12421,4.948083369527012e-05,,,,
,,12422,3.527808439685032e-05,,,,
,,12423,5.752081051468849e-05,,,,
,,12424,5.924432844039984e-05,,,,
,,12425,9.162799869955052e-06,,,,
,,12426,2.501094786566682e-05,,,,
,,12427,0.00018823189020622522,,,,
,,12428,7.354457920882851e-05,,,,
,,12429,2.8477368687163107e-05,,,,
,,12430,2.266016963403672e-05,,,,
,,12431,4.7608467866666615e-05,,,,
,,12432,1.0945594112854451e-05,,,,
,,12433,1.8128259398508817e-05,,,,
,,12434,4.309576252126135e-05,,,,
,,12435,5.5357049859594554e-05,,,,
,,12436,0.00043581653153523803,,,,
,,12437,3.8229514757404104e-05,,,,
,,12438,3.399956995053799e-06,,,,
,,12439,2.803944653351209e-06,,,,
,,12440,4.89255126012722e-06,,,,
,,12441,1.180038361781044e-05,,,,
,,12442,1.0789886800921522e-05,,,,
,,12443,7.844427454983816e-05,,,,
,,12444,0.651612401008606,,,,
,,12445,4.420959612616571e-06,,,,
,,12446,4.790905677509727e-06,,,,
,,12447,3.135660335829016e-06,,,,
,,12448,3.4621680242707953e-06,,,,
,,12449,4.075730430486146e-06,,,,
,,12450,1.5551682736258954e-05,,,,
,,12451,4.7474900384258945e-06,,,,
,,12452,0.0285005122423172,,,,
,,12453,5.426650204753969e-06,,,,
,,12454,1.2790272194251884e-05,,,,
,,12455,3.612501586758299e-06,,,,
,,12456,8.908998097467702e-06,,,,
,,12457,0.00023629970382899046,,,,
,,12458,1.1851670024043415e-05,,,,
,,12459,0.0011573689989745617,,,,
,,12460,5.7375364121980965e-05,,,,
,,12461,5.193557808524929e-05,,,,
,,12462,1.759847509674728e-05,,,,
,,12463,6.99889869792969e-06,,,,
,,12464,5.364190201362362e-06,,,,
,,12465,0.000408182357205078,,,,
,,12466,9.848472473095171e-06,,,,
,,12467,9.560367470839992e-05,,,,
,,12468,1.3961302101961337e-05,,,,
,,12469,3.984918294008821e-06,,,,
,,12470,2.5396552700840402e-06,,,,
,,12471,2.591483507785597e-06,,,,
,,12472,5.473064447869547e-06,,,,
,,12473,1.4570141502190381e-05,,,,
,,12474,9.144469004240818e-06,,,,
24,,12474,,0.004192356485873461,,,
24,,12474,,,0.9879759550094604,0.991983950138092,0.008449014276266098
25,0.006132693495601416,12475,,,,,
25,0.002598348306491971,12476,,,,,
25,0.00020393791783135384,12477,,,,,
25,0.0001245905295945704,12478,,,,,
25,0.00032746317447163165,12479,,,,,
25,0.00021113101684022695,12480,,,,,
25,0.21649573743343353,12481,,,,,
25,0.0003672955499496311,12482,,,,,
25,3.1281433621188626e-05,12483,,,,,
25,0.0001384547504130751,12484,,,,,
25,0.001870319596491754,12485,,,,,
25,0.0017285228241235018,12486,,,,,
25,0.004139065742492676,12487,,,,,
25,0.0015463029267266393,12488,,,,,
25,0.0001286602346226573,12489,,,,,
25,0.0006642227526754141,12490,,,,,
25,6.021180161042139e-05,12491,,,,,
25,0.00020978038082830608,12492,,,,,
25,0.006343114655464888,12493,,,,,
25,0.006634064484387636,12494,,,,,
25,0.14579162001609802,12495,,,,,
25,0.00023842982773203403,12496,,,,,
25,0.0023569168988615274,12497,,,,,
25,0.0008049012976698577,12498,,,,,
25,3.577646566554904e-05,12499,,,,,
25,0.005077666137367487,12500,,,,,
25,0.004806073382496834,12501,,,,,
25,0.0011616663541644812,12502,,,,,
25,1.8999373423866928e-05,12503,,,,,
25,0.001035454566590488,12504,,,,,
25,6.552950799232349e-05,12505,,,,,
25,0.003304959973320365,12506,,,,,
25,6.862108421046287e-05,12507,,,,,
25,0.00011066893057432026,12508,,,,,
25,0.0004806946963071823,12509,,,,,
25,0.0004024385125376284,12510,,,,,
25,0.00011668098159134388,12511,,,,,
25,0.000315239216433838,12512,,,,,
25,0.0018863988807424903,12513,,,,,
25,0.001362976967357099,12514,,,,,
25,0.0002811402373481542,12515,,,,,
25,9.259715443477035e-05,12516,,,,,
25,2.7172272893949412e-05,12517,,,,,
25,0.00043051812099292874,12518,,,,,
25,0.0002930868649855256,12519,,,,,
25,0.0018585564102977514,12520,,,,,
25,0.03386394679546356,12521,,,,,
25,0.07661090791225433,12522,,,,,
25,0.011410364881157875,12523,,,,,
25,2.1677602489944547e-05,12524,,,,,
25,8.760061609791592e-05,12525,,,,,
25,0.0004646193119697273,12526,,,,,
25,0.0028733350336551666,12527,,,,,
25,0.015983060002326965,12528,,,,,
25,8.19927008706145e-05,12529,,,,,
25,2.0298915842431597e-05,12530,,,,,
25,0.0006728731677867472,12531,,,,,
25,1.7320939150522463e-05,12532,,,,,
25,4.794229880644707e-06,12533,,,,,
25,4.860540138906799e-05,12534,,,,,
25,2.9938799343653955e-05,12535,,,,,
25,0.0046462807804346085,12536,,,,,
25,0.00017259041487704962,12537,,,,,
25,0.006078809965401888,12538,,,,,
25,0.004676762968301773,12539,,,,,
25,9.057499119080603e-05,12540,,,,,
25,0.0007521650404669344,12541,,,,,
25,2.5540401111356914e-05,12542,,,,,
25,3.571807246771641e-05,12543,,,,,
25,1.843700920289848e-05,12544,,,,,
25,0.00014424583059735596,12545,,,,,
25,0.0019791258964687586,12546,,,,,
25,0.0010187103180214763,12547,,,,,
25,4.269908458809368e-05,12548,,,,,
25,1.4589633792638779e-05,12549,,,,,
25,1.1704837561410386e-05,12550,,,,,
25,6.619915802730247e-05,12551,,,,,
25,3.148557880194858e-05,12552,,,,,
25,0.004344552289694548,12553,,,,,
25,1.987101131817326e-05,12554,,,,,
25,0.0001534798793727532,12555,,,,,
25,3.3365035051247105e-05,12556,,,,,
25,1.8563567209639587e-05,12557,,,,,
25,4.518561399891041e-05,12558,,,,,
25,6.923487671883777e-05,12559,,,,,
25,2.8786771508748643e-05,12560,,,,,
25,6.290716555668041e-05,12561,,,,,
25,0.00013886173837818205,12562,,,,,
25,0.00019555258040782064,12563,,,,,
25,8.287647506222129e-05,12564,,,,,
25,0.00019793087267316878,12565,,,,,
25,6.0551577917067334e-05,12566,,,,,
25,7.302213634829968e-05,12567,,,,,
25,0.0002664314233697951,12568,,,,,
25,4.2960418795701116e-05,12569,,,,,
25,4.105738480575383e-05,12570,,,,,
25,0.0037114638835191727,12571,,,,,
25,6.25994143774733e-05,12572,,,,,
25,9.847593901213259e-05,12573,,,,,
25,1.3801760360365734e-05,12574,,,,,
25,0.0005241946200840175,12575,,,,,
25,0.0030576700810343027,12576,,,,,
25,0.00030788249569013715,12577,,,,,
25,0.00011026251740986481,12578,,,,,
25,1.3018939171161037e-05,12579,,,,,
25,7.453036687365966e-06,12580,,,,,
25,0.02052059769630432,12581,,,,,
25,3.970143097831169e-06,12582,,,,,
25,1.0961822226818185e-05,12583,,,,,
25,0.0009176428429782391,12584,,,,,
25,1.756974779709708e-05,12585,,,,,
25,0.00025845045456662774,12586,,,,,
25,5.515510565601289e-05,12587,,,,,
25,0.05073793977499008,12588,,,,,
25,5.8586087106959894e-05,12589,,,,,
25,0.0016649654135107994,12590,,,,,
25,3.617092443164438e-05,12591,,,,,
25,3.722791370819323e-05,12592,,,,,
25,1.949086072272621e-05,12593,,,,,
25,1.7854474208434112e-05,12594,,,,,
25,3.434340669628e-06,12595,,,,,
25,1.2029200661345385e-05,12596,,,,,
25,0.0001560763776069507,12597,,,,,
25,1.311300025008677e-06,12598,,,,,
25,2.547306394262705e-05,12599,,,,,
25,3.4108568797819316e-05,12600,,,,,
25,0.00016177678480744362,12601,,,,,
25,0.0005437466315925121,12602,,,,,
25,1.8590260879136622e-05,12603,,,,,
25,1.3811845747113694e-05,12604,,,,,
25,1.103418162529124e-05,12605,,,,,
25,2.8905971703352407e-05,12606,,,,,
25,2.9832235668436624e-05,12607,,,,,
25,9.50759495026432e-05,12608,,,,,
25,4.433394678926561e-06,12609,,,,,
25,6.253068568184972e-05,12610,,,,,
25,7.09049854776822e-05,12611,,,,,
25,7.919487870822195e-06,12612,,,,,
25,0.0003443811438046396,12613,,,,,
25,3.838421980617568e-05,12614,,,,,
25,0.0006299185915850103,12615,,,,,
25,0.00018128474766854197,12616,,,,,
25,2.0895779016427696e-05,12617,,,,,
25,1.3926257452112623e-05,12618,,,,,
25,1.651748243602924e-05,12619,,,,,
25,0.01044356357306242,12620,,,,,
25,5.052366395830177e-05,12621,,,,,
25,1.9803046598099172e-05,12622,,,,,
25,3.631396612036042e-05,12623,,,,,
25,4.108610301045701e-05,12624,,,,,
25,3.707609721459448e-05,12625,,,,,
25,0.00016926450189203024,12626,,,,,
25,1.9642224287963472e-05,12627,,,,,
25,0.00022082294162828475,12628,,,,,
25,0.0001924735406646505,12629,,,,,
25,0.005832242779433727,12630,,,,,
25,0.0027647679671645164,12631,,,,,
25,0.00028749651391990483,12632,,,,,
25,0.005584573373198509,12633,,,,,
25,2.332666190341115e-05,12634,,,,,
25,0.00013992792810313404,12635,,,,,
25,0.022731229662895203,12636,,,,,
25,5.34097125637345e-05,12637,,,,,
25,0.001414269907400012,12638,,,,,
25,0.0003417996340431273,12639,,,,,
25,0.09360812604427338,12640,,,,,
25,0.000406311679398641,12641,,,,,
25,3.165702219121158e-05,12642,,,,,
25,1.0143952749785967e-05,12643,,,,,
25,1.57349986693589e-05,12644,,,,,
25,1.801478174456861e-05,12645,,,,,
25,4.1563540435163304e-05,12646,,,,,
25,0.0005159103311598301,12647,,,,,
25,2.0889277948299423e-05,12648,,,,,
25,0.0001232448557857424,12649,,,,,
25,5.8053839893545955e-05,12650,,,,,
25,0.05224296450614929,12651,,,,,
25,3.989913238910958e-05,12652,,,,,
25,0.00019522810180205852,12653,,,,,
25,0.0009636440663598478,12654,,,,,
25,0.028244271874427795,12655,,,,,
25,3.10532923322171e-05,12656,,,,,
25,2.2258203898672946e-05,12657,,,,,
25,7.169484888436273e-06,12658,,,,,
25,0.00019690378394443542,12659,,,,,
25,9.245326509699225e-05,12660,,,,,
25,6.236057379283011e-05,12661,,,,,
25,0.00020508927991613746,12662,,,,,
25,0.004151853732764721,12663,,,,,
25,5.491792398970574e-05,12664,,,,,
25,0.17028135061264038,12665,,,,,
25,7.384299533441663e-05,12666,,,,,
25,0.00035543186822906137,12667,,,,,
25,0.000307779002469033,12668,,,,,
25,9.246041008736938e-05,12669,,,,,
25,7.482973160222173e-05,12670,,,,,
25,7.976089545991272e-05,12671,,,,,
25,0.018919900059700012,12672,,,,,
25,0.00020710527314804494,12673,,,,,
25,8.411884664383251e-06,12674,,,,,
25,0.0010630504693835974,12675,,,,,
25,0.00032006236142478883,12676,,,,,
25,0.0018792138434946537,12677,,,,,
25,0.02605578675866127,12678,,,,,
25,0.00013716943794861436,12679,,,,,
25,2.953019065898843e-05,12680,,,,,
25,0.00015629750851076096,12681,,,,,
25,4.9999904149444774e-05,12682,,,,,
25,7.446389645338058e-05,12683,,,,,
25,0.0005437277723103762,12684,,,,,
25,2.0673802282544784e-05,12685,,,,,
25,2.811351623677183e-05,12686,,,,,
25,4.1881867218762636e-05,12687,,,,,
25,0.00012142603372922167,12688,,,,,
25,0.017130767926573753,12689,,,,,
25,0.000556974031496793,12690,,,,,
25,0.004830848425626755,12691,,,,,
25,0.00019327197514940053,12692,,,,,
25,0.21686743199825287,12693,,,,,
25,3.5463872336549684e-05,12694,,,,,
25,7.696552529523615e-06,12695,,,,,
25,0.00012674649769905955,12696,,,,,
25,9.374147339258343e-05,12697,,,,,
25,0.001281841890886426,12698,,,,,
25,0.0004586190334521234,12699,,,,,
25,0.00012987700756639242,12700,,,,,
25,0.02801503799855709,12701,,,,,
25,0.00047480693319812417,12702,,,,,
25,0.0010271643986925483,12703,,,,,
25,0.00036140051088295877,12704,,,,,
25,0.00599483260884881,12705,,,,,
25,0.0006874353857710958,12706,,,,,
25,0.00031703332206234336,12707,,,,,
25,0.30672213435173035,12708,,,,,
25,0.0002878137747757137,12709,,,,,
25,0.0013532161246985197,12710,,,,,
25,0.008522446267306805,12711,,,,,
25,0.0006779378745704889,12712,,,,,
25,0.0013595109339803457,12713,,,,,
25,0.0009661405347287655,12714,,,,,
25,0.006451768334954977,12715,,,,,
25,0.015085810795426369,12716,,,,,
25,0.013612906448543072,12717,,,,,
25,0.0043313694186508656,12718,,,,,
25,0.005655333865433931,12719,,,,,
25,0.10446666926145554,12720,,,,,
25,0.008102082647383213,12721,,,,,
25,0.0021972954273223877,12722,,,,,
25,0.00033994295517913997,12723,,,,,
25,0.017017163336277008,12724,,,,,
25,0.00015314538904931396,12725,,,,,
25,0.0033199067693203688,12726,,,,,
25,0.0005688881501555443,12727,,,,,
25,0.0005025411956012249,12728,,,,,
25,1.2039982721034903e-05,12729,,,,,
25,0.0005346158868633211,12730,,,,,
25,5.637847425532527e-05,12731,,,,,
25,0.00011775200255215168,12732,,,,,
25,0.00011081282718805596,12733,,,,,
25,2.4031591237871908e-05,12734,,,,,
25,0.00045480846893042326,12735,,,,,
25,0.001072004553861916,12736,,,,,
25,0.00010039105836767703,12737,,,,,
25,0.0005828883149661124,12738,,,,,
25,0.0005551704089157283,12739,,,,,
25,9.905995102599263e-05,12740,,,,,
25,0.0003144398215226829,12741,,,,,
25,0.00017406560073141009,12742,,,,,
25,0.00011879043449880555,12743,,,,,
25,0.005342809949070215,12744,,,,,
25,6.0684345953632146e-05,12745,,,,,
25,4.0765338781056926e-05,12746,,,,,
25,0.010554108768701553,12747,,,,,
25,3.677319909911603e-05,12748,,,,,
25,3.174255834892392e-05,12749,,,,,
25,0.00011738490138668567,12750,,,,,
25,0.0001072383820428513,12751,,,,,
25,0.00019043310021515936,12752,,,,,
25,3.4925495128845796e-05,12753,,,,,
25,2.803374081850052e-05,12754,,,,,
25,5.2077688451390713e-05,12755,,,,,
25,7.315957918763161e-05,12756,,,,,
25,0.022861182689666748,12757,,,,,
25,0.00022005217033438385,12758,,,,,
25,0.0004454098525457084,12759,,,,,
25,0.00020321669580880553,12760,,,,,
25,3.251928501413204e-05,12761,,,,,
25,0.0006541618495248258,12762,,,,,
25,1.7683225451037288e-05,12763,,,,,
25,5.478389994095778e-06,12764,,,,,
25,1.4584606105927378e-05,12765,,,,,
25,0.00027521030278876424,12766,,,,,
25,0.00014115447993390262,12767,,,,,
25,1.6517647964064963e-05,12768,,,,,
25,0.00011411971354391426,12769,,,,,
25,0.0009137452580034733,12770,,,,,
25,4.5836066419724375e-05,12771,,,,,
25,8.603635797044262e-05,12772,,,,,
25,0.00053134880727157,12773,,,,,
25,0.00047754618572071195,12774,,,,,
25,0.00012196913303341717,12775,,,,,
25,0.00043109036050736904,12776,,,,,
25,3.163679502904415e-05,12777,,,,,
25,5.708604658138938e-05,12778,,,,,
25,1.0547011697781272e-05,12779,,,,,
25,8.839119982440025e-05,12780,,,,,
25,0.006322703789919615,12781,,,,,
25,1.3118356037011836e-05,12782,,,,,
25,7.081024523358792e-05,12783,,,,,
25,0.00013792014215141535,12784,,,,,
25,0.0010793143883347511,12785,,,,,
25,8.344510206370614e-06,12786,,,,,
25,4.0075981814879924e-05,12787,,,,,
25,0.0007561046513728797,12788,,,,,
25,4.769835504703224e-05,12789,,,,,
25,0.05931821092963219,12790,,,,,
25,0.0005640336312353611,12791,,,,,
25,4.595920836436562e-05,12792,,,,,
25,0.000184810342034325,12793,,,,,
25,9.059733201866038e-06,12794,,,,,
25,5.18484266649466e-05,12795,,,,,
25,0.000649868743494153,12796,,,,,
25,9.734796913107857e-05,12797,,,,,
25,2.4940920411609113e-05,12798,,,,,
25,7.913140507298522e-06,12799,,,,,
25,2.348168163734954e-05,12800,,,,,
25,6.91210589138791e-05,12801,,,,,
25,0.0004201114643365145,12802,,,,,
25,0.0012966276844963431,12803,,,,,
25,3.467378701316193e-05,12804,,,,,
25,0.0008566210162825882,12805,,,,,
25,0.04644780233502388,12806,,,,,
25,0.0003383835428394377,12807,,,,,
25,0.002410182962194085,12808,,,,,
25,4.819388050236739e-05,12809,,,,,
25,3.266994463047013e-05,12810,,,,,
25,0.0071654473431408405,12811,,,,,
25,7.264999294420704e-05,12812,,,,,
25,4.6185730752767995e-05,12813,,,,,
25,6.328317795123439e-06,12814,,,,,
25,1.0637728337314911e-05,12815,,,,,
25,1.9688455722643994e-05,12816,,,,,
25,1.9259105101809837e-05,12817,,,,,
25,3.8198340917006135e-06,12818,,,,,
25,2.5467856175964698e-05,12819,,,,,
25,4.551542951958254e-05,12820,,,,,
25,6.494718400062993e-05,12821,,,,,
25,0.024682801216840744,12822,,,,,
25,0.00020203668100293726,12823,,,,,
25,2.4172031771740876e-05,12824,,,,,
25,1.934653118951246e-05,12825,,,,,
25,0.01742735505104065,12826,,,,,
25,3.248289067414589e-05,12827,,,,,
25,2.2328240447677672e-05,12828,,,,,
25,2.0274814232834615e-05,12829,,,,,
25,1.6351455997209996e-05,12830,,,,,
25,1.2118724043830298e-05,12831,,,,,
25,0.00010123693937202916,12832,,,,,
25,1.396972675138386e-05,12833,,,,,
25,8.91774379851995e-06,12834,,,,,
25,2.4890150598366745e-05,12835,,,,,
25,9.40708996495232e-05,12836,,,,,
25,0.00017047874280251563,12837,,,,,
25,1.7244790797121823e-05,12838,,,,,
25,0.0002730592677835375,12839,,,,,
25,0.054679106920957565,12840,,,,,
25,0.2692791521549225,12841,,,,,
25,3.747273922272143e-06,12842,,,,,
25,3.644359821919352e-06,12843,,,,,
25,4.94948799314443e-05,12844,,,,,
25,3.815006130025722e-05,12845,,,,,
25,1.35042600959423e-05,12846,,,,,
25,2.7207915991311893e-05,12847,,,,,
25,0.00035574790672399104,12848,,,,,
25,8.349244308192283e-05,12849,,,,,
25,7.078440830809996e-05,12850,,,,,
25,2.914030665124301e-05,12851,,,,,
25,1.7428761566407047e-05,12852,,,,,
25,0.0016866193618625402,12853,,,,,
25,0.00031182769453153014,12854,,,,,
25,0.009136538952589035,12855,,,,,
25,5.095971573609859e-05,12856,,,,,
25,0.0003430141950957477,12857,,,,,
25,0.030954604968428612,12858,,,,,
25,7.561058737337589e-05,12859,,,,,
25,0.00022280107077676803,12860,,,,,
25,0.00015812707715667784,12861,,,,,
25,0.001154172932729125,12862,,,,,
25,0.00029014699975959957,12863,,,,,
25,0.0018907202174887061,12864,,,,,
25,3.737545557669364e-05,12865,,,,,
25,2.657680852280464e-05,12866,,,,,
25,0.01428190991282463,12867,,,,,
25,0.0002997465489897877,12868,,,,,
25,0.03243432566523552,12869,,,,,
25,0.00011492169869598001,12870,,,,,
25,0.0008982748840935528,12871,,,,,
25,0.0005279517499729991,12872,,,,,
25,0.02742283046245575,12873,,,,,
25,0.004077236168086529,12874,,,,,
25,0.000547138974070549,12875,,,,,
25,0.00057603680761531,12876,,,,,
25,0.00012227839033585042,12877,,,,,
25,0.0006823755684308708,12878,,,,,
25,1.942445851454977e-05,12879,,,,,
25,0.00011794856254709885,12880,,,,,
25,0.002908233320340514,12881,,,,,
25,2.8215430575073697e-05,12882,,,,,
25,0.0005919493269175291,12883,,,,,
25,2.5353576347697526e-05,12884,,,,,
25,0.001006108708679676,12885,,,,,
25,0.00047703023301437497,12886,,,,,
25,0.0001166479050880298,12887,,,,,
25,0.00020288034284021705,12888,,,,,
25,7.403100607916713e-05,12889,,,,,
25,0.00012419094855431467,12890,,,,,
25,0.000221679249079898,12891,,,,,
25,0.04053949564695358,12892,,,,,
25,6.409343041013926e-05,12893,,,,,
25,0.00020539910474326462,12894,,,,,
25,1.454867742722854e-05,12895,,,,,
25,0.00031599789508618414,12896,,,,,
25,0.0007401667535305023,12897,,,,,
25,0.0009006653563119471,12898,,,,,
25,5.442091151053319e-06,12899,,,,,
25,6.347867019940168e-05,12900,,,,,
25,2.05878332053544e-05,12901,,,,,
25,0.005607394967228174,12902,,,,,
25,5.1997226364619564e-06,12903,,,,,
25,0.0010128851281479,12904,,,,,
25,3.4881447845691582e-06,12905,,,,,
25,7.624098088854225e-06,12906,,,,,
25,3.223774683647207e-06,12907,,,,,
25,4.607662958733272e-06,12908,,,,,
25,0.0001288713829126209,12909,,,,,
25,8.727990461920854e-06,12910,,,,,
25,0.0012678345665335655,12911,,,,,
25,5.252208939054981e-05,12912,,,,,
25,1.7170414139400236e-05,12913,,,,,
25,8.345843525603414e-05,12914,,,,,
25,3.4706477890722454e-05,12915,,,,,
25,2.0428942661965266e-05,12916,,,,,
25,7.538828504038975e-05,12917,,,,,
25,0.00044553622137755156,12918,,,,,
25,0.0008503723656758666,12919,,,,,
25,0.00010737987031461671,12920,,,,,
25,2.946567656181287e-05,12921,,,,,
25,2.280628541484475e-05,12922,,,,,
25,2.4503526219632477e-05,12923,,,,,
25,0.00022851231915410608,12924,,,,,
25,0.00047432995052076876,12925,,,,,
25,6.429952190956101e-05,12926,,,,,
25,1.1540287232492119e-05,12927,,,,,
25,0.00010805370402522385,12928,,,,,
25,8.09294288046658e-05,12929,,,,,
25,1.9798595531028695e-05,12930,,,,,
25,0.0010551504092290998,12931,,,,,
25,2.1481737348949537e-05,12932,,,,,
25,4.904552042717114e-06,12933,,,,,
25,7.836228178348392e-05,12934,,,,,
25,0.00017534241487737745,12935,,,,,
25,2.617402287796722e-06,12936,,,,,
25,1.7715859939926304e-05,12937,,,,,
25,0.00333565566688776,12938,,,,,
25,1.0887511052715126e-05,12939,,,,,
25,8.785907994024456e-05,12940,,,,,
25,7.906724204076454e-05,12941,,,,,
25,4.217688456265023e-06,12942,,,,,
25,6.082369509385899e-05,12943,,,,,
25,0.0003164355584885925,12944,,,,,
25,0.00010293517698301002,12945,,,,,
25,2.0814530216739513e-05,12946,,,,,
25,6.9190214162517805e-06,12947,,,,,
25,4.896055907011032e-05,12948,,,,,
25,0.028867922723293304,12949,,,,,
25,6.713635957567021e-05,12950,,,,,
25,0.00016593423788435757,12951,,,,,
25,4.571383669826901e-06,12952,,,,,
25,0.0007567143766209483,12953,,,,,
25,9.54680308495881e-06,12954,,,,,
25,2.979140481329523e-05,12955,,,,,
25,0.0010464658262208104,12956,,,,,
25,2.0440598746063188e-05,12957,,,,,
25,1.8566304788691923e-05,12958,,,,,
25,0.00020525172294583172,12959,,,,,
25,3.7124718801351264e-06,12960,,,,,
25,0.0005012911860831082,12961,,,,,
25,0.004020693711936474,12962,,,,,
25,0.0003253801551181823,12963,,,,,
25,0.00010350518277846277,12964,,,,,
25,0.0002253468701383099,12965,,,,,
25,5.074078671896132e-06,12966,,,,,
25,2.8442171242204495e-05,12967,,,,,
25,0.00023999065160751343,12968,,,,,
25,2.151424723706441e-06,12969,,,,,
25,2.969838988065021e-06,12970,,,,,
25,7.852067028579768e-06,12971,,,,,
25,5.419112858362496e-05,12972,,,,,
25,2.1126430510776117e-05,12973,,,,,
,,12475,5.183012063980641e-08,,,,
,,12476,8.292818876043384e-08,,,,
,,12477,1.759755150487763e-07,,,,
,,12478,7.947285496356926e-08,,,,
,,12479,4.825121209250938e-07,,,,
,,12480,5.790151362816687e-07,,,,
,,12481,3.1616326623407076e-07,,,,
,,12482,2.6951630616167677e-07,,,,
,,12483,3.783589193062653e-07,,,,
,,12484,1.5837571254451177e-06,,,,
,,12485,5.222482855060662e-07,,,,
,,12486,7.307996270355943e-07,,,,
,,12487,9.593462664270191e-07,,,,
,,12488,8.137259897011972e-07,,,,
,,12489,8.137277518471819e-07,,,,
,,12490,3.4362058158876607e-06,,,,
,,12491,2.436013062379061e-07,,,,
,,12492,5.230572787695564e-05,,,,
,,12493,2.440948776438745e-07,,,,
,,12494,2.440949629090028e-07,,,,
,,12495,5.676606633642223e-07,,,,
,,12496,1.0785600323970357e-07,,,,
,,12497,4.146409438021692e-08,,,,
,,12498,6.737916180554748e-08,,,,
,,12499,4.6647109286368504e-08,,,,
,,12500,1.0366021996333075e-07,,,,
,,12501,5.7013131993244315e-08,,,,
,,12502,1.1353262152624666e-07,,,,
,,12503,1.4191577690780832e-07,,,,
,,12504,1.5549024112715415e-07,,,,
,,12505,3.0937073915993096e-06,,,,
,,12506,1.3994129233196873e-07,,,,
,,12507,3.8601069718424696e-07,,,,
,,12508,2.487844028564723e-07,,,,
,,12509,9.32942043618823e-08,,,,
,,12510,2.270651435765103e-07,,,,
,,12511,4.825123482987692e-07,,,,
,,12512,1.231817577718175e-06,,,,
,,12513,1.6585627804488468e-07,,,,
,,12514,5.960446856079216e-07,,,,
,,12515,6.42690224594844e-07,,,,
,,12516,2.7469911856314866e-07,,,,
,,12517,1.347582525568214e-07,,,,
,,12518,6.177348404889926e-05,,,,
,,12519,2.1250328074984282e-07,,,,
,,12520,7.32282160242903e-07,,,,
,,12521,7.37962153607441e-08,,,,
,,12522,4.14640979329306e-08,,,,
,,12523,5.7013128440530636e-08,,,,
,,12524,9.082611285293751e-08,,,,
,,12525,6.737915470012013e-08,,,,
,,12526,8.514946614468499e-08,,,,
,,12527,7.94728478581419e-08,,,,
,,12528,1.3623915151583788e-07,,,,
,,12529,7.256216605355803e-08,,,,
,,12530,6.219614334668222e-08,,,,
,,12531,1.8140528368348896e-07,,,,
,,12532,1.9177130639036477e-07,,,,
,,12533,2.0732036887238792e-07,,,,
,,12534,2.5544829895807197e-07,,,,
,,12535,5.7013131993244315e-08,,,,
,,12536,3.2924401693890104e-07,,,,
,,12537,1.4191577690780832e-07,,,,
,,12538,7.774517740699594e-08,,,,
,,12539,7.256216605355803e-08,,,,
,,12540,4.825121209250938e-07,,,,
,,12541,1.1402625688106127e-07,,,,
,,12542,6.737915470012013e-08,,,,
,,12543,1.1353262152624666e-07,,,,
,,12544,8.75267360243015e-05,,,,
,,12545,6.737892022101732e-07,,,,
,,12546,5.701291456716717e-07,,,,
,,12547,6.582386617992597e-07,,,,
,,12548,8.033606491153478e-07,,,,
,,12549,2.1871999251743546e-06,,,,
,,12550,1.237492483596725e-06,,,,
,,12551,2.1059895516373217e-06,,,,
,,12552,7.03900070675445e-07,,,,
,,12553,8.685194643476279e-07,,,,
,,12554,7.567148827547499e-07,,,,
,,12555,5.649456511491735e-07,,,,
,,12556,8.571677199142869e-07,,,,
,,12557,7.82631104812026e-07,,,,
,,12558,1.7991778804571368e-05,,,,
,,12559,1.6916126241994789e-06,,,,
,,12560,1.089909574147896e-06,,,,
,,12561,1.119518401537789e-06,,,,
,,12562,8.655561600789952e-07,,,,
,,12563,1.181713287223829e-06,,,,
,,12564,9.588496823198511e-07,,,,
,,12565,8.759223533161276e-07,,,,
,,12566,1.1972631455137162e-06,,,,
,,12567,1.419146201442345e-06,,,,
,,12568,1.3567065479946905e-06,,,,
,,12569,3.971357728005387e-05,,,,
,,12570,6.445025792345405e-05,,,,
,,12571,2.4360136308132496e-07,,,,
,,12572,1.7103933203088673e-07,,,,
,,12573,0.7589045763015747,,,,
,,12574,2.0213728646467644e-07,,,,
,,12575,2.384182948844682e-07,,,,
,,12576,3.6330371244730486e-07,,,,
,,12577,3.916870525699778e-07,,,,
,,12578,1.503072866171351e-07,,,,
,,12579,1.305625119130127e-07,,,,
,,12580,1.8140534052690782e-07,,,,
,,12581,1.451242752636972e-07,,,,
,,12582,1.6067328090230149e-07,,,,
,,12583,5.563082936532737e-07,,,,
,,12584,4.087167724264873e-07,,,,
,,12585,1.0529024621064309e-05,,,,
,,12586,4.7683664661235525e-07,,,,
,,12587,3.7317641954359715e-07,,,,
,,12588,1.7622224390834162e-07,,,,
,,12589,3.2356780366171733e-07,,,,
,,12590,3.0061443112572306e-07,,,,
,,12591,2.6433329480823886e-07,,,,
,,12592,4.0304041704075644e-07,,,,
,,12593,9.53671872139239e-07,,,,
,,12594,2.5915028345480096e-07,,,,
,,12595,1.7622228654090577e-07,,,,
,,12596,6.602473149541765e-05,,,,
,,12597,3.057972151054855e-07,,,,
,,12598,2.17686377368409e-07,,,,
,,12599,1.6462229268654482e-07,,,,
,,12600,1.6462229268654482e-07,,,,
,,12601,1.4191577690780832e-07,,,,
,,12602,1.986820450383675e-07,,,,
,,12603,7.256215894813067e-08,,,,
,,12604,8.811118590301703e-08,,,,
,,12605,1.1920925402364446e-07,,,,
,,12606,1.1402624977563391e-07,,,,
,,12607,6.219614334668222e-08,,,,
,,12608,1.078559819234215e-07,,,,
,,12609,6.528104563585657e-07,,,,
,,12610,4.995425797460484e-07,,,,
,,12611,1.3994129233196873e-07,,,,
,,12612,2.781548573693726e-07,,,,
,,12613,2.1768640579011844e-07,,,,
,,12614,1.4512428947455192e-07,,,,
,,12615,1.9695437458722154e-07,,,,
,,12616,4.3710011254916026e-07,,,,
,,12617,2.304665031260811e-06,,,,
,,12618,4.654834242501238e-07,,,,
,,12619,0.024696901440620422,,,,
,,12620,3.265294026277843e-07,,,,
,,12621,1.762223149626152e-07,,,,
,,12622,3.1890336686046794e-05,,,,
,,12623,2.4360133465961553e-07,,,,
,,12624,1.3056254033472214e-07,,,,
,,12625,2.6680143605517515e-07,,,,
,,12626,9.329419725645494e-08,,,,
,,12627,1.3623915151583788e-07,,,,
,,12628,9.329419725645494e-08,,,,
,,12629,9.32942043618823e-08,,,,
,,12630,1.24392258271655e-07,,,,
,,12631,1.1920927533992653e-07,,,,
,,12632,2.5544829895807197e-07,,,,
,,12633,7.256216605355803e-08,,,,
,,12634,1.8165216886245616e-07,,,,
,,12635,2.0213732909724058e-07,,,,
,,12636,2.3323542563957744e-07,,,,
,,12637,2.6433346533849544e-07,,,,
,,12638,2.695164482702239e-07,,,,
,,12639,0.37811043858528137,,,,
,,12640,8.292818876043384e-08,,,,
,,12641,5.960444013908273e-07,,,,
,,12642,2.440950765958405e-07,,,,
,,12643,8.287838113574253e-07,,,,
,,12644,1.0884324552762337e-07,,,,
,,12645,1.2957526962509291e-07,,,,
,,12646,6.219585202416056e-07,,,,
,,12647,9.847722282074756e-08,,,,
,,12648,2.0732038308324263e-07,,,,
,,12649,0.0002845219860319048,,,,
,,12650,0.0005307219107635319,,,,
,,12651,1.6462229268654482e-07,,,,
,,12652,8.741974966142152e-07,,,,
,,12653,9.847720860989284e-08,,,,
,,12654,1.3623913730498316e-07,,,,
,,12655,3.6799283975597064e-07,,,,
,,12656,1.243922440608003e-07,,,,
,,12657,1.503072724062804e-07,,,,
,,12658,1.7597547241621214e-07,,,,
,,12659,1.8165216886245616e-07,,,,
,,12660,7.774516319614122e-08,,,,
,,12661,1.1402622845935184e-07,,,,
,,12662,2.3841826646275877e-07,,,,
,,12663,2.539673289447819e-07,,,,
,,12664,3.887252262302354e-07,,,,
,,12665,3.887253114953637e-07,,,,
,,12666,2.951846056475915e-07,,,,
,,12667,2.270651435765103e-07,,,,
,,12668,4.5412937765831884e-07,,,,
,,12669,1.399412639102593e-07,,,,
,,12670,4.6548319687644835e-07,,,,
,,12671,9.329421857273701e-08,,,,
,,12672,1.0366021996333075e-07,,,,
,,12673,4.1982329435086285e-07,,,,
,,12674,2.2138853239539458e-07,,,,
,,12675,9.692184903542511e-07,,,,
,,12676,0.0001683717273408547,,,,
,,12677,6.982225499996275e-07,,,,
,,12678,7.15253065664001e-07,,,,
,,12679,5.390309638642066e-07,,,,
,,12680,9.366372069052886e-07,,,,
,,12681,7.411659908029833e-07,,,,
,,12682,1.5600616052324767e-06,,,,
,,12683,1.5440276683875709e-06,,,,
,,12684,1.5383463960461086e-06,,,,
,,12685,1.6740831370043452e-06,,,,
,,12686,1.1143351912323851e-06,,,,
,,12687,1.5756100992803113e-06,,,,
,,12688,1.6378064628952416e-06,,,,
,,12689,1.2024473790006596e-06,,,,
,,12690,2.951769374703872e-06,,,,
,,12691,1.583767584634188e-06,,,,
,,12692,1.4929440794730908e-06,,,,
,,12693,1.0842312576642144e-06,,,,
,,12694,8.033608764890232e-07,,,,
,,12695,7.618980930601538e-07,,,,
,,12696,1.5667390016460558e-06,,,,
,,12697,9.484835459261376e-07,,,,
,,12698,0.0016612149775028229,,,,
,,12699,1.2076305893060635e-06,,,,
,,12700,2.974507196995546e-06,,,,
,,12701,6.466832564910874e-05,,,,
,,12702,4.8083886213134974e-05,,,,
,,12703,1.7597555768134043e-07,,,,
,,12704,1.6067330932401092e-07,,,,
,,12705,1.140262355647792e-07,,,,
,,12706,1.0217935653145105e-07,,,,
,,12707,1.7029890386766056e-07,,,,
,,12708,2.440950765958405e-07,,,,
,,12709,2.1003531003316311e-07,,,,
,,12710,1.295752554142382e-07,,,,
,,12711,1.2957526962509291e-07,,,,
,,12712,1.0366021996333075e-07,,,,
,,12713,1.5030730082798982e-07,,,,
,,12714,1.3475828097853082e-07,,,,
,,12715,7.266046964105044e-07,,,,
,,12716,4.3142352978975396e-07,,,,
,,12717,3.1789116405889217e-07,,,,
,,12718,2.3323541142872273e-07,,,,
,,12719,3.57627357061574e-07,,,,
,,12720,1.0366023417418546e-07,,,,
,,12721,1.8140535473776254e-07,,,,
,,12722,2.643333232299483e-07,,,,
,,12723,3.2356780366171733e-07,,,,
,,12724,1.1920926823449918e-07,,,,
,,12725,7.039009801701468e-07,,,,
,,12726,1.4372060832101852e-05,,,,
,,12727,1.24392258271655e-07,,,,
,,12728,1.9324088498251513e-05,,,,
,,12729,1.5030730082798982e-07,,,,
,,12730,9.650274535033532e-08,,,,
,,12731,8.514948035553971e-08,,,,
,,12732,7.94728478581419e-08,,,,
,,12733,7.37962153607441e-08,,,,
,,12734,5.183012063980641e-08,,,,
,,12735,9.650273824490796e-08,,,,
,,12736,6.737915470012013e-08,,,,
,,12737,5.7013131993244315e-08,,,,
,,12738,1.295752554142382e-07,,,,
,,12739,9.082611285293751e-08,,,,
,,12740,8.811119300844439e-08,,,,
,,12741,9.252838708562194e-07,,,,
,,12742,7.774517740699594e-08,,,,
,,12743,2.1003531003316311e-07,,,,
,,12744,1.2957526962509291e-07,,,,
,,12745,1.0884324552762337e-07,,,,
,,12746,1.3994130654282344e-07,,,,
,,12747,2.7815471526082547e-07,,,,
,,12748,3.916870241482684e-07,,,,
,,12749,1.657553525546973e-06,,,,
,,12750,3.8872488516972226e-07,,,,
,,12751,1.1920923270736239e-07,,,,
,,12752,9.32942043618823e-08,,,,
,,12753,3.731761069047934e-07,,,,
,,12754,8.933501521823928e-05,,,,
,,12755,3.6330388297756144e-07,,,,
,,12756,7.256215894813067e-08,,,,
,,12757,3.2924413062573876e-07,,,,
,,12758,6.737915470012013e-08,,,,
,,12759,7.256215894813067e-08,,,,
,,12760,7.774517740699594e-08,,,,
,,12761,1.554902837597183e-07,,,,
,,12762,1.762223149626152e-07,,,,
,,12763,1.4759237387806934e-07,,,,
,,12764,1.4033637853572145e-05,,,,
,,12765,1.9868200240580336e-07,,,,
,,12766,1.451242752636972e-07,,,,
,,12767,3.7835869193258986e-07,,,,
,,12768,1.606732951131562e-07,,,,
,,12769,2.643333516516577e-07,,,,
,,12770,9.32942043618823e-08,,,,
,,12771,2.1003528161145368e-07,,,,
,,12772,1.2750053883792134e-06,,,,
,,12773,1.998148491111351e-06,,,,
,,12774,5.619855869554158e-07,,,,
,,12775,1.554902837597183e-07,,,,
,,12776,2.2805217270160938e-07,,,,
,,12777,1.503072866171351e-07,,,,
,,12778,2.8394422770361416e-05,,,,
,,12779,1.6432441043434665e-05,,,,
,,12780,1.2942646208102815e-06,,,,
,,12781,1.788112285794341e-06,,,,
,,12782,4.14640979329306e-08,,,,
,,12783,5.183012063980641e-08,,,,
,,12784,5.183012063980641e-08,,,,
,,12785,1.0785600323970357e-07,,,,
,,12786,8.292818876043384e-08,,,,
,,12787,7.94728478581419e-08,,,,
,,12788,1.1353262152624666e-07,,,,
,,12789,3.4627424838618026e-07,,,,
,,12790,6.219614334668222e-08,,,,
,,12791,1.4759238808892405e-07,,,,
,,12792,1.1920926823449918e-07,,,,
,,12793,8.888922820915468e-06,,,,
,,12794,3.3492108286736766e-07,,,,
,,12795,2.668015781637223e-07,,,,
,,12796,2.8383146855048835e-07,,,,
,,12797,1.612140295037534e-06,,,,
,,12798,2.0213737172980473e-07,,,,
,,12799,3.1098014119379513e-07,,,,
,,12800,1.7103933203088673e-07,,,,
,,12801,8.690275535627734e-06,,,,
,,12802,4.87201077703503e-07,,,,
,,12803,1.0955795914924238e-06,,,,
,,12804,1.509963681201043e-06,,,,
,,12805,0.00020059154485352337,,,,
,,12806,7.243038908200106e-06,,,,
,,12807,9.593433105692384e-07,,,,
,,12808,1.2698208138317568e-06,,,,
,,12809,1.01586022083211e-06,,,,
,,12810,1.1296388038317673e-06,,,,
,,12811,1.4667699588244432e-06,,,,
,,12812,1.1353151876392076e-06,,,,
,,12813,1.2488484344430617e-06,,,,
,,12814,8.13726899195899e-07,,,,
,,12815,1.2335411838648724e-06,,,,
,,12816,1.5237810657708906e-06,,,,
,,12817,1.6222552403633017e-06,,,,
,,12818,1.3993961829328327e-06,,,,
,,12819,2.037875447058468e-06,,,,
,,12820,1.7029703940352192e-06,,,,
,,12821,9.173854778055102e-07,,,,
,,12822,5.313232122716727e-06,,,,
,,12823,8.862878075888148e-07,,,,
,,12824,1.031411784424563e-06,,,,
,,12825,7.152517582653672e-07,,,,
,,12826,1.2646414688788354e-06,,,,
,,12827,0.12653949856758118,,,,
,,12828,2.5203921723004896e-06,,,,
,,12829,2.395511046415777e-06,,,,
,,12830,5.20108915225137e-05,,,,
,,12831,0.00017994425434153527,,,,
,,12832,1.3475828097853082e-07,,,,
,,12833,1.0785598902884885e-07,,,,
,,12834,7.774517740699594e-08,,,,
,,12835,1.1920927533992653e-07,,,,
,,12836,0.00011368888954166323,,,,
,,12837,1.6462230689739954e-07,,,,
,,12838,1.5326902769174922e-07,,,,
,,12839,1.7597548662706686e-07,,,,
,,12840,6.219614334668222e-08,,,,
,,12841,1.7103926097661315e-07,,,,
,,12842,9.847722282074756e-08,,,,
,,12843,3.405971540360042e-07,,,,
,,12844,4.7115958068388863e-07,,,,
,,12845,4.1439349729444075e-07,,,,
,,12846,5.165724701328145e-07,,,,
,,12847,2.0213738594065944e-07,,,,
,,12848,6.868693844808149e-07,,,,
,,12849,1.2439228669336444e-07,,,,
,,12850,1.6585633488830354e-07,,,,
,,12851,1.6067332353486563e-07,,,,
,,12852,4.087169713784533e-07,,,,
,,12853,8.741985766391736e-07,,,,
,,12854,8.912282396522642e-07,,,,
,,12855,5.649455374623358e-07,,,,
,,12856,0.005559393670409918,,,,
,,12857,3.746569348095363e-07,,,,
,,12858,8.0124445958063e-06,,,,
,,12859,1.759732640493894e-06,,,,
,,12860,1.24392258271655e-07,,,,
,,12861,3.0086130209383555e-07,,,,
,,12862,3.91687194678525e-07,,,,
,,12863,2.79882357290262e-07,,,,
,,12864,2.6680152132030344e-07,,,,
,,12865,3.213464765394747e-07,,,,
,,12866,2.695165051136428e-07,,,,
,,12867,1.9695436037636682e-07,,,,
,,12868,7.720182679804566e-07,,,,
,,12869,1.4021190963831032e-06,,,,
,,12870,9.484878091825522e-07,,,,
,,12871,1.1143423535031616e-06,,,,
,,12872,7.209307000266563e-07,,,,
,,12873,3.4207855037493573e-07,,,,
,,12874,6.012271001054614e-07,,,,
,,12875,9.820524837778066e-07,,,,
,,12876,7.49313301184884e-07,,,,
,,12877,9.490418051427696e-06,,,,
,,12878,1.0472269423189573e-05,,,,
,,12879,1.1454382047304534e-06,,,,
,,12880,9.173853072752536e-07,,,,
,,12881,6.478731506831537e-07,,,,
,,12882,0.00010775919508887455,,,,
,,12883,1.653363142395392e-06,,,,
,,12884,1.3907676930102753e-06,,,,
,,12885,1.917712353360912e-07,,,,
,,12886,1.9754318145714933e-06,,,,
,,12887,2.2805221533417352e-07,,,,
,,12888,1.917712353360912e-07,,,,
,,12889,2.9543124924202857e-07,,,,
,,12890,3.109801127720857e-07,,,,
,,12891,3.9168688203972124e-07,,,,
,,12892,1.5549022691629943e-07,,,,
,,12893,2.497716309335374e-07,,,,
,,12894,5.052189635534887e-07,,,,
,,12895,6.893383215356153e-07,,,,
,,12896,1.9177132060121949e-07,,,,
,,12897,6.997047421464231e-07,,,,
,,12898,3.5502371247275732e-06,,,,
,,12899,6.478750833593949e-07,,,,
,,12900,2.8609476885321783e-06,,,,
,,12901,1.115900795412017e-05,,,,
,,12902,4.983843155059731e-06,,,,
,,12903,1.7725618590702652e-06,,,,
,,12904,1.6585393041168572e-06,,,,
,,12905,1.1558029200386954e-06,,,,
,,12906,5.3656149248126894e-05,,,,
,,12907,1.2646422646866995e-06,,,,
,,12908,6.436983676394448e-05,,,,
,,12909,7.301909499801695e-05,,,,
,,12910,1.8902895817518583e-06,,,,
,,12911,1.3475820992425724e-07,,,,
,,12912,1.8140529789434368e-07,,,,
,,12913,2.0435865621948324e-07,,,,
,,12914,1.6585622120146581e-07,,,,
,,12915,2.2286920398073562e-07,,,,
,,12916,1.8165216886245616e-07,,,,
,,12917,1.7597550083792157e-07,,,,
,,12918,3.122144391909387e-07,,,,
,,12919,2.6112493856089714e-07,,,,
,,12920,1.3475822413511196e-07,,,,
,,12921,3.7181280276854523e-06,,,,
,,12922,2.7469937435853353e-07,,,,
,,12923,3.5762732863986457e-07,,,,
,,12924,2.1768633473584487e-07,,,,
,,12925,4.3142370032001054e-07,,,,
,,12926,3.0993496693554334e-06,,,,
,,12927,2.125033518041164e-07,,,,
,,12928,1.7622237180603406e-07,,,,
,,12929,2.1768634894669958e-07,,,,
,,12930,1.1636990393526503e-06,,,,
,,12931,9.38120706450718e-07,,,,
,,12932,6.47133447273518e-07,,,,
,,12933,1.0161095360672334e-06,,,,
,,12934,2.9543133450715686e-07,,,,
,,12935,0.0001321711897617206,,,,
,,12936,1.8140534052690782e-07,,,,
,,12937,9.847720150446548e-08,,,,
,,12938,8.811116458673496e-08,,,,
,,12939,1.503072724062804e-07,,,,
,,12940,1.4759237387806934e-07,,,,
,,12941,9.847720150446548e-08,,,,
,,12942,2.5544829895807197e-07,,,,
,,12943,0.662493884563446,,,,
,,12944,8.811117169216232e-08,,,,
,,12945,2.3841840857130592e-07,,,,
,,12946,1.347582525568214e-07,,,,
,,12947,2.643334084950766e-07,,,,
,,12948,2.838314117070695e-07,,,,
,,12949,2.497716593552468e-07,,,,
,,12950,9.329419725645494e-08,,,,
,,12951,0.0624476820230484,,,,
,,12952,1.4759241651063348e-07,,,,
,,12953,1.0366021285790339e-07,,,,
,,12954,1.3475828097853082e-07,,,,
,,12955,1.503072866171351e-07,,,,
,,12956,9.899501947074896e-07,,,,
,,12957,8.969021223492746e-07,,,,
,,12958,9.370321640744805e-05,,,,
,,12959,6.58486044358142e-07,,,,
,,12960,7.981810767887509e-07,,,,
,,12961,7.878147698647808e-07,,,,
,,12962,7.606658414260892e-07,,,,
,,12963,7.981806788848189e-07,,,,
,,12964,1.649456680752337e-05,,,,
,,12965,1.816502958718047e-06,,,,
,,12966,1.5667382058381918e-06,,,,
,,12967,1.0573284043857711e-06,,,,
,,12968,8.34462070997688e-07,,,,
,,12969,9.277550816477742e-07,,,,
,,12970,9.536699394629977e-07,,,,
,,12971,8.707420988685044e-07,,,,
,,12972,1.725685478959349e-06,,,,
,,12973,1.5724175455034128e-06,,,,
25,,12973,,0.00405517453327775,,,
25,,12973,,,0.9939879775047302,0.9959920048713684,0.005377918481826782
26,6.832365761511028e-05,12974,,,,,
26,1.896164940262679e-05,12975,,,,,
26,5.9447675084811635e-06,12976,,,,,
26,3.6436090340430383e-06,12977,,,,,
26,8.183580575860105e-06,12978,,,,,
26,3.385434683877975e-05,12979,,,,,
26,8.571561920689419e-06,12980,,,,,
26,0.00011202778114238754,12981,,,,,
26,1.0064580237667542e-05,12982,,,,,
26,8.342367073055357e-05,12983,,,,,
26,9.229615534422919e-05,12984,,,,,
26,5.328021870809607e-06,12985,,,,,
26,5.5353757488774136e-06,12986,,,,,
26,0.00023757499002385885,12987,,,,,
26,1.8708677089307457e-05,12988,,,,,
26,0.016299229115247726,12989,,,,,
26,0.0032516459468752146,12990,,,,,
26,0.00014262169133871794,12991,,,,,
26,0.003185001667588949,12992,,,,,
26,0.001043355674482882,12993,,,,,
26,0.0002797177294269204,12994,,,,,
26,4.369241651147604e-06,12995,,,,,
26,1.2329563105595298e-05,12996,,,,,
26,1.5251454897224903e-05,12997,,,,,
26,4.423259088071063e-05,12998,,,,,
26,1.959569453902077e-05,12999,,,,,
26,0.0010241818381473422,13000,,,,,
26,0.007221260108053684,13001,,,,,
26,2.642814979481045e-05,13002,,,,,
26,8.150030771503225e-05,13003,,,,,
26,6.307765579549596e-05,13004,,,,,
26,0.0022408543154597282,13005,,,,,
26,3.401244612177834e-05,13006,,,,,
26,5.508962203748524e-05,13007,,,,,
26,2.7210664939048e-06,13008,,,,,
26,7.727366210019682e-06,13009,,,,,
26,6.255725566006731e-06,13010,,,,,
26,1.1982904652541038e-05,13011,,,,,
26,1.093828905140981e-05,13012,,,,,
26,6.602903795283055e-06,13013,,,,,
26,3.374467996763997e-05,13014,,,,,
26,1.9225681171519682e-05,13015,,,,,
26,0.0002411136811133474,13016,,,,,
26,2.3634315766685177e-06,13017,,,,,
26,1.0161127192986896e-06,13018,,,,,
26,1.6490963389514945e-05,13019,,,,,
26,9.774763384484686e-06,13020,,,,,
26,3.3605258522584336e-06,13021,,,,,
26,1.0277640285494272e-05,13022,,,,,
26,2.7573428269533906e-06,13023,,,,,
26,4.874040314462036e-05,13024,,,,,
26,2.658864332261146e-06,13025,,,,,
26,1.8397198800812475e-05,13026,,,,,
26,6.945225550225587e-07,13027,,,,,
26,1.1137712135678157e-05,13028,,,,,
26,8.100637933239341e-05,13029,,,,,
26,1.4075162653170992e-05,13030,,,,,
26,4.944446118315682e-06,13031,,,,,
26,3.167179602314718e-05,13032,,,,,
26,1.1718344467226416e-05,13033,,,,,
26,8.811089173832443e-07,13034,,,,,
26,2.3247257558978163e-05,13035,,,,,
26,1.5201131645881105e-05,13036,,,,,
26,1.5036925105960108e-05,13037,,,,,
26,4.011566488770768e-06,13038,,,,,
26,0.0005313085857778788,13039,,,,,
26,1.4433171600103378e-05,13040,,,,,
26,2.9024522518739104e-06,13041,,,,,
26,0.0004057806509081274,13042,,,,,
26,5.880798198631965e-06,13043,,,,,
26,2.0797873730771244e-05,13044,,,,,
26,0.00046277776709757745,13045,,,,,
26,8.474829883198254e-06,13046,,,,,
26,1.9009105017175898e-05,13047,,,,,
26,0.0005810810253024101,13048,,,,,
26,7.56696863390971e-06,13049,,,,,
26,4.078962774656247e-06,13050,,,,,
26,6.232683517737314e-06,13051,,,,,
26,9.593466074875323e-07,13052,,,,,
26,6.463038062065607e-06,13053,,,,,
26,0.020689673721790314,13054,,,,,
26,1.534043622086756e-05,13055,,,,,
26,3.171947355440352e-06,13056,,,,,
26,1.788131498869916e-06,13057,,,,,
26,2.1990008463035338e-05,13058,,,,,
26,2.8867749279015698e-05,13059,,,,,
26,2.429581400065217e-06,13060,,,,,
26,8.749865810386837e-05,13061,,,,,
26,5.9032727222074755e-06,13062,,,,,
26,3.232071321690455e-05,13063,,,,,
26,4.392364644445479e-05,13064,,,,,
26,1.1427755453041755e-05,13065,,,,,
26,4.628354508895427e-05,13066,,,,,
26,4.0193015593104064e-05,13067,,,,,
26,8.43501493363874e-06,13068,,,,,
26,0.00013372120156418532,13069,,,,,
26,1.7777600760382484e-06,13070,,,,,
26,4.840236942982301e-05,13071,,,,,
26,2.6290157620678656e-05,13072,,,,,
26,0.00024018478870857507,13073,,,,,
26,1.00544530141633e-05,13074,,,,,
26,2.3283664631890133e-05,13075,,,,,
26,4.117236312595196e-05,13076,,,,,
26,0.0179746113717556,13077,,,,,
26,6.860655412310734e-05,13078,,,,,
26,9.309636084253725e-07,13079,,,,,
26,1.9228878045396414e-06,13080,,,,,
26,0.00011964893928961828,13081,,,,,
26,7.152532361942576e-07,13082,,,,,
26,0.005471188575029373,13083,,,,,
26,4.606660149875097e-05,13084,,,,,
26,6.440628931159154e-05,13085,,,,,
26,5.1825636546709575e-06,13086,,,,,
26,3.160207415930927e-05,13087,,,,,
26,2.8347918487270363e-05,13088,,,,,
26,0.00016317291010636836,13089,,,,,
26,5.690861598850461e-06,13090,,,,,
26,0.00019922504725400358,13091,,,,,
26,5.83597602599184e-06,13092,,,,,
26,2.3885047994554043e-05,13093,,,,,
26,3.3978303690673783e-05,13094,,,,,
26,0.008174064569175243,13095,,,,,
26,2.5739416741998866e-05,13096,,,,,
26,1.382737718813587e-05,13097,,,,,
26,5.087263707537204e-05,13098,,,,,
26,2.5758356059668586e-05,13099,,,,,
26,3.950748941861093e-05,13100,,,,,
26,0.0054141925647854805,13101,,,,,
26,5.733334091928555e-06,13102,,,,,
26,7.581654062960297e-05,13103,,,,,
26,8.986975444713607e-06,13104,,,,,
26,0.0006632873555645347,13105,,,,,
26,2.30640102927282e-06,13106,,,,,
26,2.4806697638268815e-06,13107,,,,,
26,0.0016258410178124905,13108,,,,,
26,1.149524723587092e-05,13109,,,,,
26,0.0002747444959823042,13110,,,,,
26,0.00011718358291545883,13111,,,,,
26,3.820347501459764e-06,13112,,,,,
26,1.1466772775747813e-06,13113,,,,,
26,2.593614590296056e-05,13114,,,,,
26,2.8506548233053763e-07,13115,,,,,
26,7.98181474692683e-07,13116,,,,,
26,1.6916228560148738e-06,13117,,,,,
26,7.097517664078623e-05,13118,,,,,
26,2.9394223020062782e-05,13119,,,,,
26,2.6759871616377495e-05,13120,,,,,
26,6.898394985910272e-06,13121,,,,,
26,1.669298580964096e-05,13122,,,,,
26,8.437300493824296e-06,13123,,,,,
26,5.131090802024119e-06,13124,,,,,
26,8.629367584944703e-06,13125,,,,,
26,7.360665767919272e-05,13126,,,,,
26,3.296354634585441e-06,13127,,,,,
26,5.924029210291337e-06,13128,,,,,
26,0.00023521787079516798,13129,,,,,
26,3.5194843803765252e-06,13130,,,,,
26,1.1402056770748459e-05,13131,,,,,
26,0.001363880350254476,13132,,,,,
26,5.566443633142626e-06,13133,,,,,
26,7.8364882938331e-06,13134,,,,,
26,0.00011782201181631535,13135,,,,,
26,4.3951422412646934e-06,13136,,,,,
26,0.009435320273041725,13137,,,,,
26,8.965807865024544e-06,13138,,,,,
26,2.864971429517027e-05,13139,,,,,
26,1.3277471225592308e-05,13140,,,,,
26,0.00019170322048012167,13141,,,,,
26,4.160920070717111e-06,13142,,,,,
26,7.836382792447694e-06,13143,,,,,
26,5.234836066847492e-07,13144,,,,,
26,3.7835620787518565e-06,13145,,,,,
26,1.7673806951279403e-06,13146,,,,,
26,4.4475400500232354e-05,13147,,,,,
26,3.1667880193708697e-06,13148,,,,,
26,4.5178730943007395e-05,13149,,,,,
26,2.486296034476254e-05,13150,,,,,
26,1.9106182662653737e-05,13151,,,,,
26,1.9527408312569605e-06,13152,,,,,
26,1.5598561731167138e-05,13153,,,,,
26,1.392981630488066e-05,13154,,,,,
26,1.7362925746056135e-06,13155,,,,,
26,8.224751582019962e-06,13156,,,,,
26,8.514935530001821e-07,13157,,,,,
26,9.50784124142956e-06,13158,,,,,
26,4.700768840848468e-06,13159,,,,,
26,2.481165029166732e-05,13160,,,,,
26,4.3743866626755334e-06,13161,,,,,
26,6.527856749016792e-05,13162,,,,,
26,0.00015221224748529494,13163,,,,,
26,2.4878311251086416e-06,13164,,,,,
26,1.7532163838041015e-05,13165,,,,,
26,7.436378837155644e-07,13166,,,,,
26,3.622882559284335e-06,13167,,,,,
26,1.1609924968070118e-06,13168,,,,,
26,2.0392493752297014e-05,13169,,,,,
26,1.882805190689396e-05,13170,,,,,
26,6.884890899527818e-05,13171,,,,,
26,8.85202462086454e-06,13172,,,,,
26,4.7337296564364806e-05,13173,,,,,
26,2.4324675905518234e-05,13174,,,,,
26,2.982873957080301e-05,13175,,,,,
26,6.141603989817668e-06,13176,,,,,
26,1.3112976375850849e-06,13177,,,,,
26,7.188288691395428e-06,13178,,,,,
26,4.257432010490447e-06,13179,,,,,
26,2.1923835902271094e-06,13180,,,,,
26,8.815527507977095e-06,13181,,,,,
26,0.000768178200814873,13182,,,,,
26,1.7881238818517886e-06,13183,,,,,
26,6.463083082053345e-06,13184,,,,,
26,0.012465883046388626,13185,,,,,
26,1.3226497230789391e-06,13186,,,,,
26,4.3142378558513883e-07,13187,,,,,
26,9.263941137760412e-06,13188,,,,,
26,0.0002232213009847328,13189,,,,,
26,4.4417802200769074e-06,13190,,,,,
26,3.778263135245652e-06,13191,,,,,
26,1.7725808447721647e-06,13192,,,,,
26,1.6119111023726873e-06,13193,,,,,
26,1.828269159886986e-05,13194,,,,,
26,1.1147791155963205e-05,13195,,,,,
26,2.27630403060175e-06,13196,,,,,
26,3.208240741514601e-06,13197,,,,,
26,1.7052019529728568e-06,13198,,,,,
26,1.2142480954935309e-05,13199,,,,,
26,3.1823058179725194e-06,13200,,,,,
26,2.4877977011783514e-06,13201,,,,,
26,1.979896296688821e-06,13202,,,,,
26,2.685055551410187e-05,13203,,,,,
26,1.7066180589608848e-05,13204,,,,,
26,2.653677029229584e-06,13205,,,,,
26,0.006359708029776812,13206,,,,,
26,0.00011002770042978227,13207,,,,,
26,1.1012618870154256e-06,13208,,,,,
26,0.020627325400710106,13209,,,,,
26,3.6384074064699234e-06,13210,,,,,
26,9.110758583119605e-06,13211,,,,,
26,0.09209498763084412,13212,,,,,
26,2.909328213718254e-05,13213,,,,,
26,0.00022093221195973456,13214,,,,,
26,7.49015380279161e-05,13215,,,,,
26,1.6168389265658334e-05,13216,,,,,
26,8.189135201064346e-07,13217,,,,,
26,1.4044518138689455e-05,13218,,,,,
26,6.200002826517448e-05,13219,,,,,
26,1.5900204743957147e-05,13220,,,,,
26,0.012747774831950665,13221,,,,,
26,0.0006519534508697689,13222,,,,,
26,5.183005669096019e-07,13223,,,,,
26,3.5762758443524945e-07,13224,,,,,
26,4.654373333323747e-05,13225,,,,,
26,2.472272853992763e-06,13226,,,,,
26,1.5014133168733679e-05,13227,,,,,
26,2.8690181352430955e-05,13228,,,,,
26,6.8002636908204295e-06,13229,,,,,
26,1.1506216424095328e-06,13230,,,,,
26,0.00021950948575977236,13231,,,,,
26,0.00012309970043133944,13232,,,,,
26,0.001514822244644165,13233,,,,,
26,0.029350770637392998,13234,,,,,
26,1.948783392435871e-06,13235,,,,,
26,3.907870450348128e-06,13236,,,,,
26,3.487177309580147e-05,13237,,,,,
26,1.5383619711428764e-06,13238,,,,,
26,0.0507190003991127,13239,,,,,
26,6.665086402790621e-06,13240,,,,,
26,3.023307908733841e-05,13241,,,,,
26,0.00042751902947202325,13242,,,,,
26,1.0086798283737153e-05,13243,,,,,
26,0.00023821934883017093,13244,,,,,
26,1.0915453458437696e-05,13245,,,,,
26,0.05038515850901604,13246,,,,,
26,1.7742080672178417e-05,13247,,,,,
26,2.0151851458649617e-06,13248,,,,,
26,1.6585513549216557e-06,13249,,,,,
26,6.634242026848369e-07,13250,,,,,
26,2.401186748102191e-06,13251,,,,,
26,0.011305401101708412,13252,,,,,
26,6.375092311827757e-07,13253,,,,,
26,2.9128141250112094e-06,13254,,,,,
26,0.00011393738532206044,13255,,,,,
26,9.92749264696613e-05,13256,,,,,
26,1.4864224795019254e-05,13257,,,,,
26,4.177893970336299e-06,13258,,,,,
26,1.352749563920952e-06,13259,,,,,
26,1.1977657550232834e-06,13260,,,,,
26,6.395629952749005e-06,13261,,,,,
26,2.1250218651402975e-06,13262,,,,,
26,1.4253221252147341e-06,13263,,,,,
26,0.008145123720169067,13264,,,,,
26,1.1079946489189751e-05,13265,,,,,
26,9.692199682831415e-07,13266,,,,,
26,8.395312761422247e-06,13267,,,,,
26,9.629087799112312e-06,13268,,,,,
26,9.951335186997312e-07,13269,,,,,
26,1.655336563999299e-05,13270,,,,,
26,0.0002773544401861727,13271,,,,,
26,2.5500194169580936e-06,13272,,,,,
26,0.18203599750995636,13273,,,,,
26,2.6899424483417533e-06,13274,,,,,
26,1.2770975445164368e-05,13275,,,,,
26,0.02152351476252079,13276,,,,,
26,0.00981852412223816,13277,,,,,
26,0.09764508157968521,13278,,,,,
26,0.00014198569988366216,13279,,,,,
26,3.971686237491667e-05,13280,,,,,
26,0.00016266621241811663,13281,,,,,
26,0.0001574662164784968,13282,,,,,
26,0.30668070912361145,13283,,,,,
26,3.666255724965595e-05,13284,,,,,
26,2.2870313841849566e-05,13285,,,,,
26,1.6906376913539134e-05,13286,,,,,
26,0.0008081028354354203,13287,,,,,
26,0.0025838790461421013,13288,,,,,
26,0.0015797109808772802,13289,,,,,
26,0.0011468920856714249,13290,,,,,
26,0.00024821958504617214,13291,,,,,
26,0.00376972951926291,13292,,,,,
26,0.12379854917526245,13293,,,,,
26,0.3502601087093353,13294,,,,,
26,0.01928613893687725,13295,,,,,
26,0.0001756951241986826,13296,,,,,
26,0.20062479376792908,13297,,,,,
26,0.009959327057003975,13298,,,,,
26,0.0222459863871336,13299,,,,,
26,0.04961814731359482,13300,,,,,
26,0.2540145814418793,13301,,,,,
26,0.002937458688393235,13302,,,,,
26,0.22275352478027344,13303,,,,,
26,0.005984187126159668,13304,,,,,
26,0.010969330556690693,13305,,,,,
26,0.0011877932120114565,13306,,,,,
26,0.054811589419841766,13307,,,,,
26,0.001265635946765542,13308,,,,,
26,0.00184636318590492,13309,,,,,
26,0.017963308840990067,13310,,,,,
26,0.005541933700442314,13311,,,,,
26,0.012321263551712036,13312,,,,,
26,0.10548481345176697,13313,,,,,
26,0.005769106559455395,13314,,,,,
26,0.0456705167889595,13315,,,,,
26,0.006190542131662369,13316,,,,,
26,0.0021536501590162516,13317,,,,,
26,0.03677469119429588,13318,,,,,
26,0.02890853025019169,13319,,,,,
26,0.01613881252706051,13320,,,,,
26,0.00047349309897981584,13321,,,,,
26,0.002220509108155966,13322,,,,,
26,0.42184579372406006,13323,,,,,
26,0.0019208496669307351,13324,,,,,
26,0.006779192481189966,13325,,,,,
26,0.004530289210379124,13326,,,,,
26,0.009579407051205635,13327,,,,,
26,0.15045633912086487,13328,,,,,
26,0.0008469040622003376,13329,,,,,
26,0.0048538073897361755,13330,,,,,
26,0.00026413064915686846,13331,,,,,
26,0.004642292391508818,13332,,,,,
26,0.012916531413793564,13333,,,,,
26,0.019226498901844025,13334,,,,,
26,0.00988008826971054,13335,,,,,
26,0.11947450041770935,13336,,,,,
26,0.0035387296229600906,13337,,,,,
26,0.052963681519031525,13338,,,,,
26,0.010837764479219913,13339,,,,,
26,0.00023263980983756483,13340,,,,,
26,9.358447277918458e-05,13341,,,,,
26,0.0034935399889945984,13342,,,,,
26,0.007226521614938974,13343,,,,,
26,0.005889561492949724,13344,,,,,
26,0.001691647688858211,13345,,,,,
26,0.01065149437636137,13346,,,,,
26,0.0005372933810576797,13347,,,,,
26,0.0022294095251709223,13348,,,,,
26,0.10439856350421906,13349,,,,,
26,0.0017289036186411977,13350,,,,,
26,0.002294363919645548,13351,,,,,
26,0.001415916602127254,13352,,,,,
26,0.0002416371862636879,13353,,,,,
26,0.05324462801218033,13354,,,,,
26,0.00010514518362469971,13355,,,,,
26,0.03768505901098251,13356,,,,,
26,0.0007619769312441349,13357,,,,,
26,0.0002815618645399809,13358,,,,,
26,0.00045045471051707864,13359,,,,,
26,0.00018313115288037807,13360,,,,,
26,0.00378805841319263,13361,,,,,
26,0.0004306765040382743,13362,,,,,
26,0.004210715647786856,13363,,,,,
26,0.0005809999420307577,13364,,,,,
26,0.0026062398683279753,13365,,,,,
26,0.02002127282321453,13366,,,,,
26,0.0028114239685237408,13367,,,,,
26,0.0010971002047881484,13368,,,,,
26,0.06072380393743515,13369,,,,,
26,0.05296062305569649,13370,,,,,
26,0.003193297190591693,13371,,,,,
26,0.014353245496749878,13372,,,,,
26,6.923322507645935e-05,13373,,,,,
26,2.3787577447365038e-05,13374,,,,,
26,0.01512271910905838,13375,,,,,
26,0.0001658982946537435,13376,,,,,
26,0.0021787784062325954,13377,,,,,
26,0.0014969839248806238,13378,,,,,
26,2.3681888706050813e-05,13379,,,,,
26,0.0012187118409201503,13380,,,,,
26,0.0007192548946477473,13381,,,,,
26,0.00011712167179211974,13382,,,,,
26,4.1977549699367955e-05,13383,,,,,
26,2.826523268595338e-05,13384,,,,,
26,0.00026269868249073625,13385,,,,,
26,2.1315639969543554e-05,13386,,,,,
26,0.0010824978817254305,13387,,,,,
26,8.285112562589347e-05,13388,,,,,
26,9.316975047113374e-05,13389,,,,,
26,0.0005094444495625794,13390,,,,,
26,0.0003598998300731182,13391,,,,,
26,0.0910615622997284,13392,,,,,
26,2.3784934910509037e-06,13393,,,,,
26,0.0020720940083265305,13394,,,,,
26,8.694657299201936e-05,13395,,,,,
26,0.017816616222262383,13396,,,,,
26,0.003967194352298975,13397,,,,,
26,3.8426980609074235e-05,13398,,,,,
26,0.010341372340917587,13399,,,,,
26,0.00010161250247620046,13400,,,,,
26,9.44842122407863e-06,13401,,,,,
26,8.68555434863083e-05,13402,,,,,
26,0.003721673507243395,13403,,,,,
26,1.634110049053561e-05,13404,,,,,
26,0.03545273095369339,13405,,,,,
26,3.1009953090688214e-05,13406,,,,,
26,8.967101894086227e-05,13407,,,,,
26,0.00012667740520555526,13408,,,,,
26,0.00023786898236721754,13409,,,,,
26,0.002567820716649294,13410,,,,,
26,0.0003575794689822942,13411,,,,,
26,0.0002774754539132118,13412,,,,,
26,0.07837268710136414,13413,,,,,
26,2.738434159255121e-05,13414,,,,,
26,0.00027410773327574134,13415,,,,,
26,1.3516352737497073e-05,13416,,,,,
26,0.11216406524181366,13417,,,,,
26,0.001407188712619245,13418,,,,,
26,0.0007140254601836205,13419,,,,,
26,0.0006171942804940045,13420,,,,,
26,0.0006406293250620365,13421,,,,,
26,9.288470027968287e-05,13422,,,,,
26,1.5776395230204798e-05,13423,,,,,
26,0.002556704683229327,13424,,,,,
26,0.001433969591744244,13425,,,,,
26,0.007197753060609102,13426,,,,,
26,0.01084153726696968,13427,,,,,
26,0.00021975419076625258,13428,,,,,
26,0.0005233568954281509,13429,,,,,
26,0.09677238762378693,13430,,,,,
26,0.0008913745987229049,13431,,,,,
26,2.782809860946145e-05,13432,,,,,
26,0.04116058349609375,13433,,,,,
26,0.00012255122419446707,13434,,,,,
26,1.8958691725856625e-05,13435,,,,,
26,0.0046240524388849735,13436,,,,,
26,5.321544813341461e-05,13437,,,,,
26,0.00013905756350141019,13438,,,,,
26,0.001992324134334922,13439,,,,,
26,0.008414939977228642,13440,,,,,
26,0.0005081607960164547,13441,,,,,
26,0.03965935856103897,13442,,,,,
26,0.0045853652991354465,13443,,,,,
26,0.00048765723477117717,13444,,,,,
26,0.030055904760956764,13445,,,,,
26,0.053050387650728226,13446,,,,,
26,5.025140126235783e-05,13447,,,,,
26,0.0009167891694232821,13448,,,,,
26,3.664325959107373e-06,13449,,,,,
26,0.0009893750539049506,13450,,,,,
26,4.205665027257055e-05,13451,,,,,
26,2.2945157979847863e-05,13452,,,,,
26,1.9377996068214998e-05,13453,,,,,
26,0.0001324089680565521,13454,,,,,
26,0.033946387469768524,13455,,,,,
26,0.002334240358322859,13456,,,,,
26,4.005864684586413e-05,13457,,,,,
26,9.79736287263222e-05,13458,,,,,
26,2.8143647341494216e-06,13459,,,,,
26,0.0005198830040171742,13460,,,,,
26,6.71667730784975e-05,13461,,,,,
26,8.254973363364115e-05,13462,,,,,
26,3.97652001993265e-05,13463,,,,,
26,0.00018157616432290524,13464,,,,,
26,8.161096775438637e-05,13465,,,,,
26,0.0016784102190285921,13466,,,,,
26,0.004797113128006458,13467,,,,,
26,7.741538865957409e-05,13468,,,,,
26,0.09015540778636932,13469,,,,,
26,0.000992019078694284,13470,,,,,
26,5.051214247941971e-05,13471,,,,,
26,0.00022266495216172189,13472,,,,,
,,12974,2.798823288685526e-07,,,,
,,12975,5.286655664349382e-07,,,,
,,12976,4.779654773301445e-06,,,,
,,12977,7.833724566808087e-07,,,,
,,12978,2.685022082005162e-06,,,,
,,12979,5.449459877127083e-06,,,,
,,12980,4.4055522607777675e-07,,,,
,,12981,1.2283616115382756e-06,,,,
,,12982,2.4152213882189244e-06,,,,
,,12983,2.2592769255425083e-06,,,,
,,12984,1.316970383413718e-06,,,,
,,12985,1.0262268688165932e-06,,,,
,,12986,3.814644514932297e-06,,,,
,,12987,2.384183090953229e-07,,,,
,,12988,9.225714734384383e-07,,,,
,,12989,2.2805231481015653e-07,,,,
,,12990,6.2088702179607935e-06,,,,
,,12991,0.2607450783252716,,,,
,,12992,0.00011063093552365899,,,,
,,12993,1.1828738934127614e-05,,,,
,,12994,0.00012419302947819233,,,,
,,12995,3.979243501817109e-06,,,,
,,12996,3.783593740536162e-07,,,,
,,12997,3.6281039683672134e-07,,,,
,,12998,3.6281039683672134e-07,,,,
,,12999,4.374255240691127e-06,,,,
,,13000,4.975676120011485e-07,,,,
,,13001,3.1901997772365576e-06,,,,
,,13002,1.663244802330155e-06,,,,
,,13003,7.126083801267669e-06,,,,
,,13004,7.380420720437542e-05,,,,
,,13005,8.914727800402034e-07,,,,
,,13006,9.712182873045094e-06,,,,
,,13007,2.5052737328223884e-05,,,,
,,13008,6.675227268715389e-06,,,,
,,13009,8.406421329709701e-06,,,,
,,13010,8.457834155706223e-06,,,,
,,13011,1.0126377674168907e-05,,,,
,,13012,1.767375465533405e-06,,,,
,,13013,4.995360086468281e-06,,,,
,,13014,3.928604655811796e-06,,,,
,,13015,3.6281014104133646e-07,,,,
,,13016,5.234821287558589e-07,,,,
,,13017,0.15427938103675842,,,,
,,13018,2.016150801864569e-06,,,,
,,13019,5.046415935794357e-06,,,,
,,13020,0.0004293726524338126,,,,
,,13021,3.524317207848071e-06,,,,
,,13022,2.2286938872184692e-07,,,,
,,13023,0.00017971082706935704,,,,
,,13024,2.3323535458530387e-07,,,,
,,13025,2.196826926592621e-06,,,,
,,13026,0.00038467542617581785,,,,
,,13027,4.036023256048793e-06,,,,
,,13028,3.4207820931442257e-07,,,,
,,13029,3.109802264589234e-07,,,,
,,13030,3.9130100049078465e-06,,,,
,,13031,4.923849701299332e-07,,,,
,,13032,6.789713893340377e-07,,,,
,,13033,2.6112043087778147e-06,,,,
,,13034,1.477137971050979e-06,,,,
,,13035,3.8089565350674093e-06,,,,
,,13036,0.00014179646677803248,,,,
,,13037,8.189106779354915e-07,,,,
,,13038,7.463486895176175e-07,,,,
,,13039,0.0002308035036548972,,,,
,,13040,2.130188022420043e-06,,,,
,,13041,2.643333232299483e-07,,,,
,,13042,7.493123348467634e-07,,,,
,,13043,0.16890780627727509,,,,
,,13044,7.48884531276417e-06,,,,
,,13045,1.0069478776131291e-05,,,,
,,13046,4.635326695279218e-05,,,,
,,13047,3.990913342022395e-07,,,,
,,13048,0.00011960321717197075,,,,
,,13049,6.578986813110532e-06,,,,
,,13050,2.2649508082395187e-06,,,,
,,13051,1.3735801985603757e-05,,,,
,,13052,1.2658189916692208e-05,,,,
,,13053,4.084047304786509e-06,,,,
,,13054,1.7414644162272452e-06,,,,
,,13055,2.1568292140727863e-05,,,,
,,13056,7.667236786801368e-05,,,,
,,13057,0.4597923457622528,,,,
,,13058,3.019909854629077e-06,,,,
,,13059,1.2765408428094815e-05,,,,
,,13060,1.0442578968650196e-05,,,,
,,13061,1.7395987015333958e-05,,,,
,,13062,1.6888272512005642e-05,,,,
,,13063,1.448940111004049e-05,,,,
,,13064,3.907844529749127e-06,,,,
,,13065,3.9441233639081474e-06,,,,
,,13066,3.706750703713624e-06,,,,
,,13067,1.6745987068134127e-06,,,,
,,13068,0.18793191015720367,,,,
,,13069,0.2969037890434265,,,,
,,13070,1.424062702426454e-05,,,,
,,13071,2.0949950339854695e-05,,,,
,,13072,1.2467952966690063,,,,
,,13073,4.063183951075189e-05,,,,
,,13074,1.2374982816254487e-06,,,,
,,13075,6.227061021490954e-06,,,,
,,13076,2.3614647943759337e-06,,,,
,,13077,7.162362635426689e-06,,,,
,,13078,5.767329184891423e-06,,,,
,,13079,3.7264401271386305e-06,,,,
,,13080,1.1247037718931097e-06,,,,
,,13081,2.1768194073956693e-06,,,,
,,13082,3.9311991713475436e-05,,,,
,,13083,2.3132637579692528e-05,,,,
,,13084,1.6790194422355853e-05,,,,
,,13085,1.2436693396011833e-05,,,,
,,13086,8.623782377981115e-06,,,,
,,13087,1.1214659934921656e-05,,,,
,,13088,8.6395230027847e-06,,,,
,,13089,1.0572124665486626e-05,,,,
,,13090,4.0374152376898564e-06,,,,
,,13091,4.78521815239219e-06,,,,
,,13092,5.318846888258122e-06,,,,
,,13093,6.115938049333636e-07,,,,
,,13094,5.545808789975126e-07,,,,
,,13095,0.17518344521522522,,,,
,,13096,9.54641291173175e-06,,,,
,,13097,1.5029024325485807e-05,,,,
,,13098,2.702299207157921e-05,,,,
,,13099,5.528276597033255e-05,,,,
,,13100,2.6509619601711165e-06,,,,
,,13101,5.761671673099045e-06,,,,
,,13102,4.638668087864062e-06,,,,
,,13103,5.571549536398379e-06,,,,
,,13104,7.646121048310306e-06,,,,
,,13105,9.224851964972913e-06,,,,
,,13106,1.4978746776250773e-06,,,,
,,13107,2.673648168638465e-06,,,,
,,13108,3.591665517888032e-05,,,,
,,13109,2.4654722437844612e-05,,,,
,,13110,4.742307737615192e-06,,,,
,,13111,8.418202014581766e-06,,,,
,,13112,6.633923931076424e-06,,,,
,,13113,1.1116570021840744e-05,,,,
,,13114,1.6795540432212874e-05,,,,
,,13115,1.0126597771886736e-05,,,,
,,13116,5.500538918568054e-06,,,,
,,13117,8.191172128135804e-06,,,,
,,13118,0.41405442357063293,,,,
,,13119,4.047850779897999e-06,,,,
,,13120,1.9073186194873415e-06,,,,
,,13121,0.22959080338478088,,,,
,,13122,7.001726316957502e-06,,,,
,,13123,2.398079050180968e-05,,,,
,,13124,2.2304560843622312e-05,,,,
,,13125,2.746994596236618e-07,,,,
,,13126,3.326431624373072e-06,,,,
,,13127,2.591504255633481e-07,,,,
,,13128,1.8451221421855735e-06,,,,
,,13129,3.1148949801718118e-06,,,,
,,13130,4.910200914309826e-06,,,,
,,13131,8.060794129960414e-07,,,,
,,13132,8.966540008259472e-07,,,,
,,13133,2.213866309830337e-06,,,,
,,13134,1.457229063817067e-05,,,,
,,13135,1.5704393945270567e-06,,,,
,,13136,1.8762315221465542e-06,,,,
,,13137,1.6378173768316628e-06,,,,
,,13138,0.45059332251548767,,,,
,,13139,4.0892196011554915e-06,,,,
,,13140,8.80408515513409e-06,,,,
,,13141,8.350009920832235e-06,,,,
,,13142,4.336851361586014e-06,,,,
,,13143,1.3061036270300974e-06,,,,
,,13144,1.451223738513363e-06,,,,
,,13145,3.43105239153374e-06,,,,
,,13146,4.405547997521353e-07,,,,
,,13147,4.872018166679482e-07,,,,
,,13148,0.23710432648658752,,,,
,,13149,0.2546407878398895,,,,
,,13150,6.90866872901097e-05,,,,
,,13151,1.1760895176848862e-05,,,,
,,13152,2.7409825634094886e-05,,,,
,,13153,1.2742712897306774e-05,,,,
,,13154,5.027510496802279e-07,,,,
,,13155,2.638085561557091e-06,,,,
,,13156,8.085470994956268e-07,,,,
,,13157,6.0850338741147425e-06,,,,
,,13158,4.512801751843654e-06,,,,
,,13159,1.0469586868566694e-06,,,,
,,13160,1.0521413287278847e-06,,,,
,,13161,3.4303298889426515e-05,,,,
,,13162,1.9850638182106195e-06,,,,
,,13163,3.6020794595970074e-06,,,,
,,13164,2.9905218070780393e-06,,,,
,,13165,1.5199755580397323e-05,,,,
,,13166,8.270567377621774e-06,,,,
,,13167,8.7300659288303e-06,,,,
,,13168,4.47272532255738e-06,,,,
,,13169,8.16272950032726e-06,,,,
,,13170,2.6847224035009276e-06,,,,
,,13171,4.301887770452595e-07,,,,
,,13172,1.0131718227057718e-05,,,,
,,13173,1.1920878932869527e-06,,,,
,,13174,3.223731027901522e-06,,,,
,,13175,0.04481656104326248,,,,
,,13176,1.6000869436538778e-05,,,,
,,13177,3.156352477162727e-06,,,,
,,13178,1.097631138691213e-05,,,,
,,13179,4.132498816034058e-06,,,,
,,13180,3.576274707484117e-07,,,,
,,13181,1.2957392527823686e-06,,,,
,,13182,2.7417806904850295e-06,,,,
,,13183,4.756937414640561e-06,,,,
,,13184,7.048862471492612e-07,,,,
,,13185,9.536676088828244e-07,,,,
,,13186,8.344605362253787e-07,,,,
,,13187,1.1143386018375168e-06,,,,
,,13188,1.1142096809635404e-05,,,,
,,13189,2.196827381339972e-06,,,,
,,13190,9.019522622111253e-06,,,,
,,13191,7.424617706419667e-06,,,,
,,13192,7.2034627009998076e-06,,,,
,,13193,3.5139528336003423e-06,,,,
,,13194,2.74692115453945e-06,,,,
,,13195,8.293282007798553e-06,,,,
,,13196,2.1820007987116696e-06,,,,
,,13197,0.001513692201115191,,,,
,,13198,4.405551692343579e-07,,,,
,,13199,1.2091184089513263e-06,,,,
,,13200,0.3781704306602478,,,,
,,13201,0.4907428026199341,,,,
,,13202,0.0002213853585999459,,,,
,,13203,0.0013642817502841353,,,,
,,13204,0.0014544104924425483,,,,
,,13205,1.73135583736439e-06,,,,
,,13206,6.0397860579541884e-06,,,,
,,13207,3.65568575944053e-06,,,,
,,13208,3.4853942452173214e-06,,,,
,,13209,0.0001415563456248492,,,,
,,13210,0.0016309043858200312,,,,
,,13211,6.454819958889857e-05,,,,
,,13212,0.0001549192238599062,,,,
,,13213,2.5829778678598814e-05,,,,
,,13214,0.005914491135627031,,,,
,,13215,3.279579686932266e-05,,,,
,,13216,3.0554085242329165e-05,,,,
,,13217,3.912467582267709e-05,,,,
,,13218,5.0713890232145786e-05,,,,
,,13219,0.001501561375334859,,,,
,,13220,8.95740813575685e-05,,,,
,,13221,0.0002483751450199634,,,,
,,13222,6.54751347610727e-05,,,,
,,13223,5.576583589572692e-06,,,,
,,13224,4.2625142668839544e-05,,,,
,,13225,0.30423659086227417,,,,
,,13226,0.0007655324880033731,,,,
,,13227,0.45234888792037964,,,,
,,13228,0.001629031845368445,,,,
,,13229,0.00014074034697841853,,,,
,,13230,0.00020333548309281468,,,,
,,13231,6.675487384200096e-06,,,,
,,13232,1.833540636653197e-06,,,,
,,13233,8.448245694125944e-07,,,,
,,13234,1.4348972399602644e-05,,,,
,,13235,8.658938168082386e-05,,,,
,,13236,2.6855303076445125e-05,,,,
,,13237,0.00012901077570859343,,,,
,,13238,1.3009174836042803e-05,,,,
,,13239,7.276358246599557e-06,,,,
,,13240,0.0005327525432221591,,,,
,,13241,2.3063510525389574e-05,,,,
,,13242,2.197598951170221e-05,,,,
,,13243,3.913502223440446e-05,,,,
,,13244,0.0002678454911801964,,,,
,,13245,0.0003158538893330842,,,,
,,13246,3.0786100978730246e-05,,,,
,,13247,1.3497799045580905e-05,,,,
,,13248,6.221292096597608e-06,,,,
,,13249,4.696437099482864e-05,,,,
,,13250,1.197261553897988e-06,,,,
,,13251,1.3942101304564858e-06,,,,
,,13252,0.00014810673019383103,,,,
,,13253,0.35784703493118286,,,,
,,13254,0.00012100409367121756,,,,
,,13255,9.536666993881227e-07,,,,
,,13256,0.0003619916387833655,,,,
,,13257,8.137277518471819e-07,,,,
,,13258,6.789712756471999e-07,,,,
,,13259,1.3061064692010405e-06,,,,
,,13260,0.00033428758615627885,,,,
,,13261,0.0002649413072504103,,,,
,,13262,0.00011687054939102381,,,,
,,13263,0.47339871525764465,,,,
,,13264,2.1345700588426553e-05,,,,
,,13265,1.0390760508016683e-05,,,,
,,13266,0.009006724692881107,,,,
,,13267,1.297639846598031e-05,,,,
,,13268,0.00016927430988289416,,,,
,,13269,4.034674566355534e-05,,,,
,,13270,4.82558025396429e-05,,,,
,,13271,3.913096861651866e-06,,,,
,,13272,6.96208153385669e-05,,,,
,,13273,2.2549485947820358e-05,,,,
,,13274,1.3893487448513042e-05,,,,
,,13275,1.2646403320104582e-06,,,,
,,13276,2.46704917117313e-06,,,,
,,13277,0.3453283905982971,,,,
,,13278,0.49666690826416016,,,,
,,13279,3.064514748984948e-05,,,,
,,13280,0.0016577402129769325,,,,
,,13281,1.6896326542337192e-06,,,,
,,13282,0.016779370605945587,,,,
,,13283,2.031699068538728e-06,,,,
,,13284,3.5137938994012075e-06,,,,
,,13285,3.97002031604643e-06,,,,
,,13286,0.00043612351873889565,,,,
,,13287,0.0018627996323630214,,,,
,,13288,0.0004245640302542597,,,,
,,13289,0.0002725434023886919,,,,
,,13290,0.001428974443115294,,,,
,,13291,0.00027356366626918316,,,,
,,13292,6.290526653174311e-05,,,,
,,13293,2.1913627278991044e-05,,,,
,,13294,3.337289308547042e-05,,,,
,,13295,2.9010352591285482e-05,,,,
,,13296,0.00019016604346688837,,,,
,,13297,2.0307534214225598e-05,,,,
,,13298,5.383385723689571e-05,,,,
,,13299,5.831134694744833e-05,,,,
,,13300,7.719980203546584e-06,,,,
,,13301,4.871773853665218e-06,,,,
,,13302,7.804798769939225e-06,,,,
,,13303,7.2031625677482225e-06,,,,
,,13304,0.09070895612239838,,,,
,,13305,5.052129836258246e-06,,,,
,,13306,4.5651831896975636e-05,,,,
,,13307,2.0938973648298997e-06,,,,
,,13308,5.5833639635238796e-05,,,,
,,13309,7.538312729593599e-06,,,,
,,13310,6.934584689588519e-06,,,,
,,13311,5.256370513961883e-06,,,,
,,13312,9.763420166564174e-06,,,,
,,13313,2.1163348719710484e-05,,,,
,,13314,5.099907411931781e-06,,,,
,,13315,6.908629984536674e-06,,,,
,,13316,6.3230058913177345e-06,,,,
,,13317,5.4258307500276715e-05,,,,
,,13318,1.6222275007748976e-05,,,,
,,13319,2.7341782697476447e-05,,,,
,,13320,1.3464147741615307e-05,,,,
,,13321,0.01843537576496601,,,,
,,13322,1.5749614249216393e-05,,,,
,,13323,1.894174602057319e-05,,,,
,,13324,1.25367605505744e-05,,,,
,,13325,1.3148280231689569e-05,,,,
,,13326,0.3665097653865814,,,,
,,13327,3.4456694265827537e-05,,,,
,,13328,9.729082194098737e-06,,,,
,,13329,0.167546346783638,,,,
,,13330,0.28904348611831665,,,,
,,13331,7.05303973518312e-05,,,,
,,13332,4.6992685383884236e-05,,,,
,,13333,0.00011831759911729023,,,,
,,13334,2.770168748611468e-06,,,,
,,13335,0.2926211953163147,,,,
,,13336,1.691626835054194e-06,,,,
,,13337,1.8221877553514787e-06,,,,
,,13338,1.4990155250416137e-05,,,,
,,13339,3.49839774571592e-06,,,,
,,13340,3.0429237085627392e-05,,,,
,,13341,7.017242751317099e-06,,,,
,,13342,0.00011024433479178697,,,,
,,13343,2.815384323184844e-05,,,,
,,13344,5.784249879070558e-06,,,,
,,13345,6.266713626246201e-06,,,,
,,13346,5.094620973977726e-06,,,,
,,13347,8.237216388806701e-05,,,,
,,13348,3.682014357764274e-05,,,,
,,13349,2.5292413283750648e-06,,,,
,,13350,7.012063178990502e-06,,,,
,,13351,4.751133928948548e-06,,,,
,,13352,1.2606416021299083e-05,,,,
,,13353,1.2169428373454139e-05,,,,
,,13354,1.0936038279396598e-06,,,,
,,13355,0.5022782683372498,,,,
,,13356,5.557279564527562e-06,,,,
,,13357,0.010076404549181461,,,,
,,13358,0.2486211508512497,,,,
,,13359,0.6703164577484131,,,,
,,13360,1.3935345123172738e-05,,,,
,,13361,0.6431135535240173,,,,
,,13362,4.027063368994277e-06,,,,
,,13363,1.2039277862641029e-05,,,,
,,13364,0.0003606599639169872,,,,
,,13365,8.255880857177544e-06,,,,
,,13366,7.074359018588439e-06,,,,
,,13367,0.00048790540313348174,,,,
,,13368,0.0007477004546672106,,,,
,,13369,4.0791033825371414e-05,,,,
,,13370,3.391310019651428e-05,,,,
,,13371,0.0002897778758779168,,,,
,,13372,0.0004968533758074045,,,,
,,13373,5.98646147409454e-05,,,,
,,13374,8.23770315037109e-05,,,,
,,13375,0.00021318942890502512,,,,
,,13376,1.061443799699191e-05,,,,
,,13377,1.0427121196698863e-05,,,,
,,13378,2.25667954509845e-05,,,,
,,13379,2.4100515929603716e-06,,,,
,,13380,2.9853349587938283e-06,,,,
,,13381,0.5022475123405457,,,,
,,13382,0.00020184040477033705,,,,
,,13383,0.00019333025556989014,,,,
,,13384,3.835424990938918e-07,,,,
,,13385,7.623314104421297e-06,,,,
,,13386,4.975685214958503e-07,,,,
,,13387,4.1464045352768153e-07,,,,
,,13388,4.97568237278756e-07,,,,
,,13389,4.441646069608396e-06,,,,
,,13390,3.962250048061833e-06,,,,
,,13391,6.841552249170491e-07,,,,
,,13392,2.3784755285305437e-06,,,,
,,13393,1.958427674253471e-06,,,,
,,13394,1.8969669781654375e-06,,,,
,,13395,4.042583896080032e-06,,,,
,,13396,1.7414802186976885e-06,,,,
,,13397,1.2801970115106087e-06,,,,
,,13398,1.757024620019365e-06,,,,
,,13399,4.8647898438503034e-06,,,,
,,13400,2.123043032042915e-06,,,,
,,13401,1.7824548876888002e-06,,,,
,,13402,1.0676945976229035e-06,,,,
,,13403,8.137291729326535e-07,,,,
,,13404,1.3475763580572675e-06,,,,
,,13405,0.3774328827857971,,,,
,,13406,3.9390835127051105e-07,,,,
,,13407,0.44578689336776733,,,,
,,13408,0.4752458930015564,,,,
,,13409,7.962946983752772e-05,,,,
,,13410,7.100710490703932e-07,,,,
,,13411,0.0001708608033368364,,,,
,,13412,4.819351943297079e-06,,,,
,,13413,5.442154247248254e-07,,,,
,,13414,6.323262482510472e-07,,,,
,,13415,3.8657431105093565e-06,,,,
,,13416,1.526223604741972e-05,,,,
,,13417,3.814618366959621e-06,,,,
,,13418,1.5552233890048228e-05,,,,
,,13419,7.929972980491584e-07,,,,
,,13420,8.537209396308754e-06,,,,
,,13421,1.2905619541925262e-06,,,,
,,13422,1.9073243038292276e-06,,,,
,,13423,2.088717792503303e-06,,,,
,,13424,6.062340162316104e-06,,,,
,,13425,4.291447112336755e-06,,,,
,,13426,9.847653927863576e-07,,,,
,,13427,1.4978718354541343e-06,,,,
,,13428,1.1247027487115702e-06,,,,
,,13429,1.7200053434862639e-06,,,,
,,13430,2.9853704290871974e-06,,,,
,,13431,8.231086212617811e-07,,,,
,,13432,1.089909915208409e-06,,,,
,,13433,0.0004712230584118515,,,,
,,13434,0.09679999947547913,,,,
,,13435,0.0004613108467310667,,,,
,,13436,8.038194209802896e-05,,,,
,,13437,8.338248153449968e-05,,,,
,,13438,1.3164712981961202e-06,,,,
,,13439,1.8165040955864242e-06,,,,
,,13440,2.3560833142255433e-05,,,,
,,13441,3.884155739797279e-05,,,,
,,13442,0.7805039286613464,,,,
,,13443,6.001529982313514e-06,,,,
,,13444,3.204111271770671e-05,,,,
,,13445,2.487781557647395e-06,,,,
,,13446,0.00020937139925081283,,,,
,,13447,4.422032361617312e-06,,,,
,,13448,4.001905381301185e-06,,,,
,,13449,1.4408580000235816e-06,,,,
,,13450,0.26704564690589905,,,,
,,13451,4.126844032725785e-06,,,,
,,13452,6.945198265384533e-07,,,,
,,13453,8.914718137020827e-07,,,,
,,13454,1.5237823163261055e-06,,,,
,,13455,0.00035534557537175715,,,,
,,13456,1.935718046297552e-06,,,,
,,13457,0.4579966366291046,,,,
,,13458,1.3340024906938197e-06,,,,
,,13459,0.002567871008068323,,,,
,,13460,0.0024064292665570974,,,,
,,13461,0.00020270027744118124,,,,
,,13462,0.0007357851718552411,,,,
,,13463,0.000319823797326535,,,,
,,13464,8.099988917820156e-06,,,,
,,13465,5.852375124959508e-06,,,,
,,13466,0.000528189935721457,,,,
,,13467,6.52620947221294e-05,,,,
,,13468,0.00015600382175762206,,,,
,,13469,6.683049286948517e-05,,,,
,,13470,2.5094172087847255e-05,,,,
,,13471,0.0015369219472631812,,,,
,,13472,0.0004897334147244692,,,,
26,,13472,,0.029368065297603607,,,
26,,13472,,,0.8316633105278015,0.8336673378944397,0.009467760100960732
