source_text,target_text


00bf00000006040100020001:00bf0000000404010100|00c000000006020100010001:,00c00000000402010100
00bf00000006040100020001:00bf0000000404010100|00c000000006010300010001:,00c0000000050103020000
00c100000006010300010001:00c1000000050103020000|00c000000006010300010001:,00c0000000050103020000
006100000006240100240001:00610000000424010100|00c100000006020300020001:,00c1000000050203020000
00c200000006020100010001:00c20000000402010100|00c100000006020300020001:,00c1000000050203020000
00c200000006050300030001:00c2000000050503020000|00c200000006050300030001:,00c2000000050503020000
00c300000006010300010001:00c3000000050103020000|006200000006250100250001:,00620000000425010100
00c400000006020100010001:00c40000000402010100|00c300000006030100010001:,00c30000000403010100
00c300000006030100010001:00c30000000403010100|00c400000006040100020001:,00c40000000404010100
00c400000006040100020001:00c40000000404010100|00c500000006010300010001:,00c5000000050103020000
00c500000006010300010001:00c5000000050103020000|00c600000006020100010001:,00c60000000402010100
00c500000006010300010001:00c5000000050103020000|00c600000006020300020001:,00c6000000050203020000
00c600000006020300020001:00c6000000050203020000|00c700000006010300010001:,00c7000000050103020000
00c700000006050300030001:00c7000000050503020000|00c700000006050300030001:,00c7000000050503020000
00c800000006020100010001:00c80000000402010100|00c900000006010300010001:,00c9000000050103020000
00c800000006030100010001:00c80000000403010100|00c800000006030100010001:,00c80000000403010100
006300000006260100260001:00630000000426010100|00c900000006040100020001:,00c90000000404010100
00ca00000006020100010001:00ca0000000402010100|00c900000006040100020001:,00c90000000404010100
00ca00000006010300010001:00ca000000050103020000|00ca00000006010300010001:,00ca000000050103020000
00cb00000006010300010001:00cb000000050103020000|00cc00000006020100010001:,00cc0000000402010100
00cb00000006020300020001:00cb000000050203020000|00cb00000006020300020001:,00cb000000050203020000
00cc00000006050300030001:00cc000000050503020000|00cd00000006010300010001:,00cd000000050103020000
00cc00000006050300030001:00cc000000050503020000|00cd00000006030100010001:,00cd0000000403010100
00cd00000006030100010001:00cd0000000403010100|00ce00000006020100010001:,00ce0000000402010100
006400000006270100270001:00640000000427010100|00ce00000006040100020001:,00ce0000000404010100
00cf00000006010300010001:00cf000000050103020000|00ce00000006040100020001:,00ce0000000404010100
00d000000006020100010001:00d00000000402010100|00cf00000006010300010001:,00cf000000050103020000
00cf00000006010300010001:00cf000000050103020000|00d000000006020300020001:,00d0000000050203020000
006500000006280100280001:00650000000428010100|00d000000006020300020001:,00d0000000050203020000
00d100000006010300010001:00d1000000050103020000|00d100000006050300030001:,00d1000000050503020000
00d100000006050300030001:00d1000000050503020000|00d200000006020100010001:,00d20000000402010100
00d200000006030100010001:00d20000000403010100|00d300000006010300010001:,00d3000000050103020000
00d200000006030100010001:00d20000000403010100|00d300000006040100020001:,00d30000000404010100
00d400000006020100010001:00d40000000402010100|00d300000006040100020001:,00d30000000404010100
00d400000006010300010001:00d4000000050103020000|00d500000006010300010001:,00d5000000050103020000
00d400000006010300010001:00d4000000050103020000|00d500000006020300020001:,00d5000000050203020000
00d500000006020300020001:00d5000000050203020000|00d600000006020100010001:,00d60000000402010100
006600000006290100290001:00660000000429010100|00d600000006050300030001:,00d6000000050503020000
00d700000006010300010001:00d7000000050103020000|00d600000006050300030001:,00d6000000050503020000
00d700000006030100010001:00d70000000403010100|00d800000006020100010001:,00d80000000402010100
00d700000006030100010001:00d70000000403010100|00d800000006040100020001:,00d80000000404010100
00d800000006040100020001:00d80000000404010100|00d900000006010300010001:,00d9000000050103020000
00d900000006010300010001:00d9000000050103020000|00da00000006020100010001:,00da0000000402010100
00d900000006010300010001:00d9000000050103020000|00da00000006020300020001:,00da000000050203020000
00da00000006020300020001:00da000000050203020000|00db00000006010300010001:,00db000000050103020000
0067000000062a01002a0001:0067000000042a010100|00db00000006050300030001:,00db000000050503020000
00dc00000006020100010001:00dc0000000402010100|00db00000006050300030001:,00db000000050503020000
00dc00000006030100010001:00dc0000000403010100|00dc00000006030100010001:,00dc0000000403010100
00dd00000006010300010001:00dd000000050103020000|00dd00000006040100020001:,00dd0000000404010100
00de00000006020100010001:00de0000000402010100|00dd00000006040100020001:,00dd0000000404010100
0068000000062b01002b0001:0068000000042b010100|00de00000006010300010001:,00de000000050103020000
00df00000006010300010001:00df000000050103020000|00de00000006010300010001:,00de000000050103020000
00df00000006020300020001:00df000000050203020000|00e000000006020100010001:,00e00000000402010100
00df00000006020300020001:00df000000050203020000|00e000000006050300030001:,00e0000000050503020000
00e000000006050300030001:00e0000000050503020000|00e100000006010300010001:,00e1000000050103020000
00e100000006030100010001:00e10000000403010100|00e100000006030100010001:,00e10000000403010100
00e200000006020100010001:00e20000000402010100|00e200000006040100020001:,00e20000000404010100
00e200000006040100020001:00e20000000404010100|00e300000006010300010001:,00e3000000050103020000
0069000000062c01002c0001:0069000000042c010100|00e300000006010300010001:,00e3000000050103020000
00e300000006010300010001:00e3000000050103020000|00e400000006020100010001:,00e40000000402010100
00e400000006020300020001:00e4000000050203020000|00e400000006020300020001:,00e4000000050203020000
00e500000006010300010001:00e5000000050103020000|00e500000006050300030001:,00e5000000050503020000
00e500000006050300030001:00e5000000050503020000|00e600000006020100010001:,00e60000000402010100
00e600000006030100010001:00e60000000403010100|00e600000006030100010001:,00e60000000403010100
00e700000006010300010001:00e7000000050103020000|00e700000006040100020001:,00e70000000404010100
00e700000006040100020001:00e70000000404010100|00e800000006020100010001:,00e80000000402010100
00e800000006010300010001:00e8000000050103020000|00e800000006010300010001:,00e8000000050103020000
00e900000006010300010001:00e9000000050103020000|006a000000062d01002d0001:,006a000000042d010100
00e900000006020300020001:00e9000000050203020000|00e900000006020300020001:,00e9000000050203020000
00ea00000006020100010001:00ea0000000402010100|00ea00000006050300030001:,00ea000000050503020000
00ea00000006050300030001:00ea000000050503020000|00eb00000006010300010001:,00eb000000050103020000
006b000000062e01002e0001:006b000000042e010100|00eb00000006030100010001:,00eb0000000403010100
00ec00000006020100010001:00ec0000000402010100|00eb00000006030100010001:,00eb0000000403010100
00ec00000006040100020001:00ec0000000404010100|00ec00000006040100020001:,00ec0000000404010100
00ed00000006010300010001:00ed000000050103020000|00ed00000006010300010001:,00ed000000050103020000
00ed00000006010300010001:00ed000000050103020000|00ee00000006020100010001:,00ee0000000402010100
00ee00000006020300020001:00ee000000050203020000|00ee00000006020300020001:,00ee000000050203020000
00ef00000006010300010001:00ef000000050103020000|00ef00000006050300030001:,00ef000000050503020000
00ef00000006050300030001:00ef000000050503020000|00f000000006020100010001:,00f00000000402010100
00f000000006030100010001:00f00000000403010100|00f000000006030100010001:,00f00000000403010100
00f100000006010300010001:00f1000000050103020000|006c000000062f01002f0001:,006c000000042f010100
00f100000006040100020001:00f10000000404010100|00f200000006020100010001:,00f20000000402010100
00f100000006040100020001:00f10000000404010100|00f200000006010300010001:,00f2000000050103020000
00f200000006010300010001:00f2000000050103020000|00f300000006010300010001:,00f3000000050103020000
00f300000006020300020001:00f3000000050203020000|00f400000006020100010001:,00f40000000402010100
00f300000006020300020001:00f3000000050203020000|00f400000006050300030001:,00f4000000050503020000
00f500000006010300010001:00f5000000050103020000|00f400000006050300030001:,00f4000000050503020000
00f500000006030100010001:00f50000000403010100|00f500000006030100010001:,00f50000000403010100
00f600000006020100010001:00f60000000402010100|006d00000006300100300001:,006d0000000430010100
00f600000006040100020001:00f60000000404010100|00f600000006040100020001:,00f60000000404010100
00f700000006010300010001:00f7000000050103020000|00f700000006010300010001:,00f7000000050103020000
00f800000006020100010001:00f80000000402010100|00f700000006010300010001:,00f7000000050103020000
00f800000006020300020001:00f8000000050203020000|00f800000006020300020001:,00f8000000050203020000
006e00000006310100310001:006e0000000431010100|00f900000006010300010001:,00f9000000050103020000
00f900000006050300030001:00f9000000050503020000|00f900000006050300030001:,00f9000000050503020000
00fa00000006020100010001:00fa0000000402010100|00fa00000006030100010001:,00fa0000000403010100
00fb00000006010300010001:00fb000000050103020000|00fa00000006030100010001:,00fa0000000403010100
00fb00000006040100020001:00fb0000000404010100|00fc00000006020100010001:,00fc0000000402010100
00fb00000006040100020001:00fb0000000404010100|00fc00000006010300010001:,00fc000000050103020000
00fc00000006010300010001:00fc000000050103020000|00fd00000006010300010001:,00fd000000050103020000
00fe00000006020100010001:00fe0000000402010100|00fd00000006020300020001:,00fd000000050203020000
00fd00000006020300020001:00fd000000050203020000|006f00000006010300010001:,006f000000050103020000
00fe00000006050300030001:00fe000000050503020000|00ff00000006010300010001:,00ff000000050103020000
00fe00000006050300030001:00fe000000050503020000|010000000006020100010001:,01000000000402010100
00ff00000006030100010001:00ff0000000403010100|00ff00000006030100010001:,00ff0000000403010100
010000000006040100020001:01000000000404010100|010100000006010300010001:,0101000000050103020000
010000000006040100020001:01000000000404010100|010200000006020100010001:,01020000000402010100
010100000006010300010001:0101000000050103020000|010100000006010300010001:,0101000000050103020000
010200000006020300020001:0102000000050203020000|010200000006020300020001:,0102000000050203020000
010300000006010300010001:0103000000050103020000|010300000006050300030001:,0103000000050503020000
010300000006050300030001:0103000000050503020000|010400000006020100010001:,01040000000402010100
007000000006020300020001:0070000000050203020000|010400000006030100010001:,01040000000403010100
010500000006010300010001:0105000000050103020000|010400000006030100010001:,01040000000403010100
010500000006040100020001:01050000000404010100|007100000006040300030001:,0071000000050403020000
010500000006040100020001:01050000000404010100|010600000006020100010001:,01060000000402010100
010600000006010300010001:0106000000050103020000|010700000006010300010001:,0107000000050103020000
010600000006010300010001:0106000000050103020000|010700000006020300020001:,0107000000050203020000
010700000006020300020001:0107000000050203020000|010800000006020100010001:,01080000000402010100
010900000006010300010001:0109000000050103020000|010800000006050300030001:,0108000000050503020000
010800000006050300030001:0108000000050503020000|010a00000006020100010001:,010a0000000402010100
010900000006030100010001:01090000000403010100|010900000006030100010001:,01090000000403010100
010b00000006010300010001:010b000000050103020000|007200000006030300040001:,0072000000050303020000
010a00000006040100020001:010a0000000404010100|010a00000006040100020001:,010a0000000404010100
010c00000006020100010001:010c0000000402010100|010b00000006010300010001:,010b000000050103020000
010b00000006010300010001:010b000000050103020000|010d00000006010300010001:,010d000000050103020000
010c00000006020300020001:010c000000050203020000|010c00000006020300020001:,010c000000050203020000
010e00000006020100010001:010e0000000402010100|010d00000006050300030001:,010d000000050503020000
010d00000006050300030001:010d000000050503020000|010f00000006010300010001:,010f000000050103020000
010e00000006030100010001:010e0000000403010100|010e00000006030100010001:,010e0000000403010100
011000000006020100010001:01100000000402010100|010f00000006040100020001:,010f0000000404010100
010f00000006040100020001:010f0000000404010100|007300000006050300050001:,0073000000050503020000
011100000006010300010001:0111000000050103020000|011000000006010300010001:,0110000000050103020000
011000000006010300010001:0110000000050103020000|011200000006020100010001:,01120000000402010100
011100000006020300020001:0111000000050203020000|011100000006020300020001:,0111000000050203020000
011300000006010300010001:0113000000050103020000|011200000006050300030001:,0112000000050503020000
011200000006050300030001:0112000000050503020000|007400000006140100140001:,00740000000414010100
011400000006020100010001:01140000000402010100|011300000006030100010001:,01130000000403010100
011300000006030100010001:01130000000403010100|011500000006010300010001:,0115000000050103020000
011400000006040100020001:01140000000404010100|011400000006040100020001:,01140000000404010100
011600000006020100010001:01160000000402010100|011500000006010300010001:,0115000000050103020000
011500000006010300010001:0115000000050103020000|011700000006010300010001:,0117000000050103020000
011600000006020300020001:0116000000050203020000|011600000006020300020001:,0116000000050203020000
011800000006020100010001:01180000000402010100|011700000006050300030001:,0117000000050503020000
011700000006050300030001:0117000000050503020000|007500000006150100150001:,00750000000415010100
011900000006010300010001:0119000000050103020000|011800000006030100010001:,01180000000403010100
011800000006030100010001:01180000000403010100|011a00000006020100010001:,011a0000000402010100
011900000006040100020001:01190000000404010100|011900000006040100020001:,01190000000404010100
000100000006000300010001:0001000000050003020000|011b00000006010300010001:,011b000000050103020000
011a00000006010300010001:011a000000050103020000|011a00000006010300010001:,011a000000050103020000
011c00000006020100010001:011c0000000402010100|011b00000006020300020001:,011b000000050203020000
011b00000006020300020001:011b000000050203020000|011d00000006010300010001:,011d000000050103020000
011c00000006050300030001:011c000000050503020000|011c00000006050300030001:,011c000000050503020000
011e00000006020100010001:011e0000000402010100|007600000006160100160001:,00760000000416010100
011d00000006030100010001:011d0000000403010100|011d00000006030100010001:,011d0000000403010100
011f00000006010300010001:011f000000050103020000|011e00000006040100020001:,011e0000000404010100
011e00000006040100020001:011e0000000404010100|012000000006020100010001:,01200000000402010100
011f00000006010300010001:011f000000050103020000|011f00000006010300010001:,011f000000050103020000
007700000006170100170001:00770000000417010100|012100000006010300010001:,0121000000050103020000
012000000006020300020001:0120000000050203020000|012000000006020300020001:,0120000000050203020000
012200000006020100010001:01220000000402010100|012100000006050300030001:,0121000000050503020000
012100000006050300030001:0121000000050503020000|012300000006010300010001:,0123000000050103020000
012200000006030100010001:01220000000403010100|012200000006030100010001:,01220000000403010100
012400000006020100010001:01240000000402010100|012300000006040100020001:,01230000000404010100
012300000006040100020001:01230000000404010100|012500000006010300010001:,0125000000050103020000
012400000006010300010001:0124000000050103020000|012400000006010300010001:,0124000000050103020000
0078000000061e01001e0001:0078000000041e010100|012600000006020100010001:,01260000000402010100
012500000006020300020001:0125000000050203020000|012500000006020300020001:,0125000000050203020000
012700000006010300010001:0127000000050103020000|012600000006050300030001:,0126000000050503020000
012600000006050300030001:0126000000050503020000|012800000006020100010001:,01280000000402010100
012700000006030100010001:01270000000403010100|012700000006030100010001:,01270000000403010100
012900000006010300010001:0129000000050103020000|012800000006040100020001:,01280000000404010100
012800000006040100020001:01280000000404010100|012a00000006020100010001:,012a0000000402010100
012900000006010300010001:0129000000050103020000|012900000006010300010001:,0129000000050103020000
012b00000006010300010001:012b000000050103020000|0079000000061f01001f0001:,0079000000041f010100
012a00000006020300020001:012a000000050203020000|012a00000006020300020001:,012a000000050203020000
012c00000006020100010001:012c0000000402010100|012b00000006050300030001:,012b000000050503020000
012b00000006050300030001:012b000000050503020000|012d00000006010300010001:,012d000000050103020000
012c00000006030100010001:012c0000000403010100|012c00000006030100010001:,012c0000000403010100
012d00000006040100020001:012d0000000404010100|007a00000006200100200001:,007a0000000420010100
012d00000006040100020001:012d0000000404010100|012e00000006020100010001:,012e0000000402010100
012e00000006010300010001:012e000000050103020000|012e00000006010300010001:,012e000000050103020000
012f00000006010300010001:012f000000050103020000|012f00000006020300020001:,012f000000050203020000
012f00000006020300020001:012f000000050203020000|013000000006020100010001:,01300000000402010100
013000000006050300030001:0130000000050503020000|013000000006050300030001:,0130000000050503020000
013100000006010300010001:0131000000050103020000|013100000006030100010001:,01310000000403010100
013200000006020100010001:01320000000402010100|013100000006030100010001:,01310000000403010100
013200000006040100020001:01320000000404010100|013300000006010300010001:,0133000000050103020000
013200000006040100020001:01320000000404010100|007b00000006210100210001:,007b0000000421010100
013300000006010300010001:0133000000050103020000|013400000006020100010001:,01340000000402010100
013300000006010300010001:0133000000050103020000|013400000006020300020001:,0134000000050203020000
013400000006020300020001:0134000000050203020000|013500000006010300010001:,0135000000050103020000
013500000006050300030001:0135000000050503020000|013600000006020100010001:,01360000000402010100
013500000006050300030001:0135000000050503020000|013600000006030100010001:,01360000000403010100
013700000006010300010001:0137000000050103020000|013600000006030100010001:,01360000000403010100
013800000006020100010001:01380000000402010100|013700000006040100020001:,01370000000404010100
013700000006040100020001:01370000000404010100|007c00000006220100220001:,007c0000000422010100
013900000006010300010001:0139000000050103020000|013800000006010300010001:,0138000000050103020000
013800000006010300010001:0138000000050103020000|013900000006020300020001:,0139000000050203020000
013900000006020300020001:0139000000050203020000|013a00000006020100010001:,013a0000000402010100
013a00000006050300030001:013a000000050503020000|013a00000006050300030001:,013a000000050503020000
013b00000006010300010001:013b000000050103020000|007d00000006230100230001:,007d0000000423010100
013b00000006030100010001:013b0000000403010100|013b00000006030100010001:,013b0000000403010100
013c00000006020100010001:013c0000000402010100|013c00000006040100020001:,013c0000000404010100
013c00000006040100020001:013c0000000404010100|013d00000006010300010001:,013d000000050103020000
013d00000006010300010001:013d000000050103020000|013d00000006010300010001:,013d000000050103020000
013e00000006020100010001:013e0000000402010100|013e00000006020300020001:,013e000000050203020000
013f00000006010300010001:013f000000050103020000|013e00000006020300020001:,013e000000050203020000
014000000006020100010001:01400000000402010100|013f00000006050300030001:,013f000000050503020000
013f00000006050300030001:013f000000050503020000|007e00000006240100240001:,007e0000000424010100
014000000006030100010001:01400000000403010100|014000000006030100010001:,01400000000403010100
014100000006010300010001:0141000000050103020000|014100000006040100020001:,01410000000404010100
014200000006020100010001:01420000000402010100|014100000006040100020001:,01410000000404010100
014200000006010300010001:0142000000050103020000|014200000006010300010001:,0142000000050103020000
014300000006010300010001:0143000000050103020000|014400000006020100010001:,01440000000402010100
014300000006020300020001:0143000000050203020000|014300000006020300020001:,0143000000050203020000
014500000006010300010001:0145000000050103020000|014400000006050300030001:,0144000000050503020000
014400000006050300030001:0144000000050503020000|014500000006030100010001:,01450000000403010100
014500000006030100010001:01450000000403010100|007f00000006250100250001:,007f0000000425010100
014600000006020100010001:01460000000402010100|014700000006010300010001:,0147000000050103020000
014600000006040100020001:01460000000404010100|014600000006040100020001:,01460000000404010100
014700000006010300010001:0147000000050103020000|014700000006010300010001:,0147000000050103020000
014800000006020100010001:01480000000402010100|008000000006260100260001:,00800000000426010100
014800000006020300020001:0148000000050203020000|014800000006020300020001:,0148000000050203020000
014900000006010300010001:0149000000050103020000|014900000006050300030001:,0149000000050503020000
014900000006050300030001:0149000000050503020000|014a00000006020100010001:,014a0000000402010100
014a00000006030100010001:014a0000000403010100|014a00000006030100010001:,014a0000000403010100
014b00000006010300010001:014b000000050103020000|014b00000006040100020001:,014b0000000404010100
014c00000006020100010001:014c0000000402010100|014b00000006040100020001:,014b0000000404010100
014c00000006010300010001:014c000000050103020000|014d00000006010300010001:,014d000000050103020000
014c00000006010300010001:014c000000050103020000|014d00000006020300020001:,014d000000050203020000
014d00000006020300020001:014d000000050203020000|008100000006270100270001:,00810000000427010100
014e00000006020100010001:014e0000000402010100|014e00000006050300030001:,014e000000050503020000
014f00000006010300010001:014f000000050103020000|014e00000006050300030001:,014e000000050503020000
014f00000006030100010001:014f0000000403010100|014f00000006030100010001:,014f0000000403010100
015000000006020100010001:01500000000402010100|015000000006040100020001:,01500000000404010100
015000000006040100020001:01500000000404010100|015100000006010300010001:,0151000000050103020000
015100000006010300010001:0151000000050103020000|015100000006010300010001:,0151000000050103020000
015200000006020100010001:01520000000402010100|015200000006020300020001:,0152000000050203020000
015200000006020300020001:0152000000050203020000|015300000006010300010001:,0153000000050103020000
008200000006280100280001:00820000000428010100|015300000006050300030001:,0153000000050503020000
015400000006020100010001:01540000000402010100|015300000006050300030001:,0153000000050503020000
015400000006030100010001:01540000000403010100|015400000006030100010001:,01540000000403010100
015500000006010300010001:0155000000050103020000|015500000006040100020001:,01550000000404010100
015500000006040100020001:01550000000404010100|015600000006020100010001:,01560000000402010100
008300000006290100290001:00830000000429010100|015600000006010300010001:,0156000000050103020000
015700000006010300010001:0157000000050103020000|015600000006010300010001:,0156000000050103020000
015700000006020300020001:0157000000050203020000|015700000006020300020001:,0157000000050203020000
015800000006020100010001:01580000000402010100|015800000006050300030001:,0158000000050503020000
015900000006010300010001:0159000000050103020000|015800000006050300030001:,0158000000050503020000
015900000006030100010001:01590000000403010100|015900000006030100010001:,01590000000403010100
015a00000006020100010001:015a0000000402010100|015a00000006040100020001:,015a0000000404010100
015a00000006040100020001:015a0000000404010100|015b00000006010300010001:,015b000000050103020000
0084000000062a01002a0001:0084000000042a010100|015b00000006010300010001:,015b000000050103020000
015b00000006010300010001:015b000000050103020000|015c00000006020100010001:,015c0000000402010100
015c00000006020300020001:015c000000050203020000|015c00000006020300020001:,015c000000050203020000
015d00000006010300010001:015d000000050103020000|015d00000006050300030001:,015d000000050503020000
015e00000006020100010001:015e0000000402010100|015d00000006050300030001:,015d000000050503020000
015e00000006030100010001:015e0000000403010100|015e00000006030100010001:,015e0000000403010100
015f00000006010300010001:015f000000050103020000|016000000006020100010001:,01600000000402010100
015f00000006040100020001:015f0000000404010100|015f00000006040100020001:,015f0000000404010100
0085000000062b01002b0001:0085000000042b010100|016000000006010300010001:,0160000000050103020000
016100000006010300010001:0161000000050103020000|016000000006010300010001:,0160000000050103020000
016100000006020300020001:0161000000050203020000|016100000006020300020001:,0161000000050203020000
016200000006020100010001:01620000000402010100|016200000006050300030001:,0162000000050503020000
016200000006050300030001:0162000000050503020000|016300000006010300010001:,0163000000050103020000
0086000000062c01002c0001:0086000000042c010100|016400000006020100010001:,01640000000402010100
016300000006030100010001:01630000000403010100|016300000006030100010001:,01630000000403010100
016400000006040100020001:01640000000404010100|016400000006040100020001:,01640000000404010100
016500000006010300010001:0165000000050103020000|016500000006010300010001:,0165000000050103020000
016600000006020100010001:01660000000402010100|016500000006010300010001:,0165000000050103020000
016600000006020300020001:0166000000050203020000|016700000006010300010001:,0167000000050103020000
016600000006020300020001:0166000000050203020000|016700000006050300030001:,0167000000050503020000
016700000006050300030001:0167000000050503020000|016800000006020100010001:,01680000000402010100
0087000000062d01002d0001:0087000000042d010100|016800000006030100010001:,01680000000403010100
016900000006010300010001:0169000000050103020000|016800000006030100010001:,01680000000403010100
016900000006040100020001:01690000000404010100|016900000006040100020001:,01690000000404010100
016a00000006020100010001:016a0000000402010100|016a00000006010300010001:,016a000000050103020000
016a00000006010300010001:016a000000050103020000|016b00000006010300010001:,016b000000050103020000
016b00000006020300020001:016b000000050203020000|016b00000006020300020001:,016b000000050203020000
016c00000006020100010001:016c0000000402010100|016c00000006050300030001:,016c000000050503020000
016d00000006010300010001:016d000000050103020000|016c00000006050300030001:,016c000000050503020000
0088000000062e01002e0001:0088000000042e010100|016d00000006030100010001:,016d0000000403010100
016d00000006030100010001:016d0000000403010100|016e00000006020100010001:,016e0000000402010100
016e00000006040100020001:016e0000000404010100|016e00000006040100020001:,016e0000000404010100
016f00000006010300010001:016f000000050103020000|016f00000006010300010001:,016f000000050103020000
016f00000006010300010001:016f000000050103020000|017000000006020100010001:,01700000000402010100
0089000000062f01002f0001:0089000000042f010100|017000000006020300020001:,0170000000050203020000
017100000006010300010001:0171000000050103020000|017000000006020300020001:,0170000000050203020000
017100000006050300030001:0171000000050503020000|017100000006050300030001:,0171000000050503020000
017200000006020100010001:01720000000402010100|017200000006030100010001:,01720000000403010100
017200000006030100010001:01720000000403010100|017300000006010300010001:,0173000000050103020000
017300000006040100020001:01730000000404010100|017400000006020100010001:,01740000000402010100
017300000006040100020001:01730000000404010100|017400000006010300010001:,0174000000050103020000
017400000006010300010001:0174000000050103020000|017500000006010300010001:,0175000000050103020000
017500000006020300020001:0175000000050203020000|017500000006020300020001:,0175000000050203020000
008a00000006300100300001:008a0000000430010100|017600000006020100010001:,01760000000402010100
017700000006010300010001:0177000000050103020000|017600000006050300030001:,0176000000050503020000
017600000006050300030001:0176000000050503020000|017700000006030100010001:,01770000000403010100
017700000006030100010001:01770000000403010100|017800000006020100010001:,01780000000402010100
017800000006040100020001:01780000000404010100|017800000006040100020001:,01780000000404010100
017900000006010300010001:0179000000050103020000|017900000006010300010001:,0179000000050103020000
017900000006010300010001:0179000000050103020000|017a00000006020100010001:,017a0000000402010100
017a00000006020300020001:017a000000050203020000|017a00000006020300020001:,017a000000050203020000
017b00000006010300010001:017b000000050103020000|008b00000006310100310001:,008b0000000431010100
017b00000006050300030001:017b000000050503020000|017b00000006050300030001:,017b000000050503020000
017c00000006020100010001:017c0000000402010100|017c00000006030100010001:,017c0000000403010100
017c00000006030100010001:017c0000000403010100|017d00000006010300010001:,017d000000050103020000
008c00000006010300010001:008c000000050103020000|017d00000006040100020001:,017d0000000404010100
017e00000006020100010001:017e0000000402010100|017d00000006040100020001:,017d0000000404010100
017e00000006010300010001:017e000000050103020000|017e00000006010300010001:,017e000000050103020000
017f00000006010300010001:017f000000050103020000|017f00000006020300020001:,017f000000050203020000
017f00000006020300020001:017f000000050203020000|018000000006020100010001:,01800000000402010100
018000000006050300030001:0180000000050503020000|018100000006010300010001:,0181000000050103020000
018000000006050300030001:0180000000050503020000|018100000006030100010001:,01810000000403010100
018100000006030100010001:01810000000403010100|018200000006020100010001:,01820000000402010100
018200000006040100020001:01820000000404010100|018200000006040100020001:,01820000000404010100
018300000006010300010001:0183000000050103020000|008d00000006020300020001:,008d000000050203020000
000100000006000300010001:0001000000050003020000|018400000006020100010001:,01840000000402010100
018300000006010300010001:0183000000050103020000|018300000006010300010001:,0183000000050103020000
000100000006000300050001:0001000000050003020000|018400000006020300020001:,0184000000050203020000
018400000006020300020001:0184000000050203020000|018500000006010300010001:,0185000000050103020000
018500000006050300030001:0185000000050503020000|018500000006050300030001:,0185000000050503020000
018600000006020100010001:01860000000402010100|018600000006030100010001:,01860000000403010100
018600000006030100010001:01860000000403010100|018700000006010300010001:,0187000000050103020000
018700000006040100020001:01870000000404010100|018700000006040100020001:,01870000000404010100
018800000006020100010001:01880000000402010100|008e00000006040300030001:,008e000000050403020000
018800000006010300010001:0188000000050103020000|018900000006010300010001:,0189000000050103020000
018800000006010300010001:0188000000050103020000|018900000006020300020001:,0189000000050203020000
018a00000006020100010001:018a0000000402010100|018900000006020300020001:,0189000000050203020000
018a00000006050300030001:018a000000050503020000|018a00000006050300030001:,018a000000050503020000
018b00000006010300010001:018b000000050103020000|008f00000006030300040001:,008f000000050303020000
018b00000006030100010001:018b0000000403010100|018b00000006030100010001:,018b0000000403010100
018c00000006020100010001:018c0000000402010100|018c00000006040100020001:,018c0000000404010100
018d00000006010300010001:018d000000050103020000|018c00000006040100020001:,018c0000000404010100
018d00000006010300010001:018d000000050103020000|018d00000006010300010001:,018d000000050103020000
018e00000006020100010001:018e0000000402010100|018e00000006020300020001:,018e000000050203020000
018e00000006020300020001:018e000000050203020000|018f00000006010300010001:,018f000000050103020000
019000000006020100010001:01900000000402010100|018f00000006050300030001:,018f000000050503020000
018f00000006050300030001:018f000000050503020000|009000000006050300050001:,0090000000050503020000
019100000006010300010001:0191000000050103020000|019000000006030100010001:,01900000000403010100
019000000006030100010001:01900000000403010100|019100000006040100020001:,01910000000404010100
019100000006040100020001:01910000000404010100|019200000006020100010001:,01920000000402010100
019200000006010300010001:0192000000050103020000|019300000006010300010001:,0193000000050103020000
019200000006010300010001:0192000000050103020000|019300000006020300020001:,0193000000050203020000
019300000006020300020001:0193000000050203020000|019400000006020100010001:,01940000000402010100
019400000006050300030001:0194000000050503020000|019500000006010300010001:,0195000000050103020000
019400000006050300030001:0194000000050503020000|019500000006030100010001:,01950000000403010100
019500000006030100010001:01950000000403010100|019600000006020100010001:,01960000000402010100
009100000006140100140001:00910000000414010100|019600000006040100020001:,01960000000404010100
019700000006010300010001:0197000000050103020000|019600000006040100020001:,01960000000404010100
019800000006020100010001:01980000000402010100|019700000006010300010001:,0197000000050103020000
019700000006010300010001:0197000000050103020000|009200000006150100150001:,00920000000415010100
019800000006020300020001:0198000000050203020000|019800000006020300020001:,0198000000050203020000
019900000006010300010001:0199000000050103020000|019a00000006020100010001:,019a0000000402010100
019900000006050300030001:0199000000050503020000|019900000006050300030001:,0199000000050503020000
019a00000006030100010001:019a0000000403010100|019b00000006010300010001:,019b000000050103020000
019a00000006030100010001:019a0000000403010100|019b00000006040100020001:,019b0000000404010100
019c00000006020100010001:019c0000000402010100|019b00000006040100020001:,019b0000000404010100
019c00000006010300010001:019c000000050103020000|019c00000006010300010001:,019c000000050103020000
019d00000006010300010001:019d000000050103020000|019d00000006020300020001:,019d000000050203020000
009300000006160100160001:00930000000416010100|019d00000006020300020001:,019d000000050203020000
019e00000006020100010001:019e0000000402010100|019e00000006050300030001:,019e000000050503020000
019e00000006050300030001:019e000000050503020000|019f00000006010300010001:,019f000000050103020000
019f00000006030100010001:019f0000000403010100|019f00000006030100010001:,019f0000000403010100
01a000000006020100010001:01a00000000402010100|01a000000006040100020001:,01a00000000404010100
01a000000006040100020001:01a00000000404010100|01a100000006010300010001:,01a1000000050103020000
01a100000006010300010001:01a1000000050103020000|01a100000006010300010001:,01a1000000050103020000
01a200000006020100010001:01a20000000402010100|01a200000006020300020001:,01a2000000050203020000
01a300000006010300010001:01a3000000050103020000|01a200000006020300020001:,01a2000000050203020000
009400000006170100170001:00940000000417010100|01a300000006050300030001:,01a3000000050503020000
01a400000006020100010001:01a40000000402010100|01a300000006050300030001:,01a3000000050503020000
01a400000006030100010001:01a40000000403010100|01a400000006030100010001:,01a40000000403010100
01a500000006010300010001:01a5000000050103020000|01a500000006040100020001:,01a50000000404010100
01a500000006040100020001:01a50000000404010100|0095000000061e01001e0001:,0095000000041e010100
01a600000006020100010001:01a60000000402010100|01a700000006010300010001:,01a7000000050103020000
01a600000006010300010001:01a6000000050103020000|01a600000006010300010001:,01a6000000050103020000
01a700000006020300020001:01a7000000050203020000|01a700000006020300020001:,01a7000000050203020000
01a800000006020100010001:01a80000000402010100|01a800000006050300030001:,01a8000000050503020000
01a800000006050300030001:01a8000000050503020000|01a900000006010300010001:,01a9000000050103020000
01a900000006030100010001:01a90000000403010100|01aa00000006020100010001:,01aa0000000402010100
01a900000006030100010001:01a90000000403010100|01ab00000006010300010001:,01ab000000050103020000
01aa00000006040100020001:01aa0000000404010100|01aa00000006040100020001:,01aa0000000404010100
0096000000061f01001f0001:0096000000041f010100|01ab00000006010300010001:,01ab000000050103020000
01ac00000006020100010001:01ac0000000402010100|01ab00000006010300010001:,01ab000000050103020000
000100000006000500310000:000100000006000500310000|01ac00000006020300020001:,01ac000000050203020000
01ad00000006010300010001:01ad000000050103020000|01ac00000006020300020001:,01ac000000050203020000
01ad00000006050300030001:01ad000000050503020000|01ae00000006020100010001:,01ae0000000402010100
01ad00000006050300030001:01ad000000050503020000|01ae00000006030100010001:,01ae0000000403010100
01af00000006010300010001:01af000000050103020000|01ae00000006030100010001:,01ae0000000403010100
01af00000006040100020001:01af0000000404010100|01b000000006020100010001:,01b00000000402010100
01af00000006040100020001:01af0000000404010100|009700000006200100200001:,00970000000420010100
01b000000006010300010001:01b0000000050103020000|01b100000006010300010001:,01b1000000050103020000
01b000000006010300010001:01b0000000050103020000|01b100000006020300020001:,01b1000000050203020000
01b200000006020100010001:01b20000000402010100|01b100000006020300020001:,01b1000000050203020000
01b200000006050300030001:01b2000000050503020000|01b300000006010300010001:,01b3000000050103020000
01b200000006050300030001:01b2000000050503020000|01b300000006030100010001:,01b30000000403010100
01b400000006020100010001:01b40000000402010100|009800000006210100210001:,00980000000421010100
01b300000006030100010001:01b30000000403010100|01b400000006040100020001:,01b40000000404010100
01b500000006010300010001:01b5000000050103020000|01b400000006040100020001:,01b40000000404010100
01b500000006010300010001:01b5000000050103020000|01b600000006020100010001:,01b60000000402010100
01b500000006010300010001:01b5000000050103020000|009900000006220100220001:,00990000000422010100
01b600000006020300020001:01b6000000050203020000|01b700000006010300010001:,01b7000000050103020000
01b600000006020300020001:01b6000000050203020000|01b800000006020100010001:,01b80000000402010100
01b700000006050300030001:01b7000000050503020000|01b700000006050300030001:,01b7000000050503020000
01b900000006010300010001:01b9000000050103020000|01b800000006030100010001:,01b80000000403010100
01b800000006030100010001:01b80000000403010100|01b900000006040100020001:,01b90000000404010100
01ba00000006020100010001:01ba0000000402010100|01b900000006040100020001:,01b90000000404010100
01ba00000006010300010001:01ba000000050103020000|01bb00000006010300010001:,01bb000000050103020000
01ba00000006010300010001:01ba000000050103020000|009a00000006230100230001:,009a0000000423010100
01bc00000006020100010001:01bc0000000402010100|01bb00000006020300020001:,01bb000000050203020000
01bb00000006020300020001:01bb000000050203020000|01bc00000006050300030001:,01bc000000050503020000
01bd00000006010300010001:01bd000000050103020000|01bc00000006050300030001:,01bc000000050503020000
01bd00000006030100010001:01bd0000000403010100|01be00000006020100010001:,01be0000000402010100
01bd00000006030100010001:01bd0000000403010100|01be00000006040100020001:,01be0000000404010100
01bf00000006010300010001:01bf000000050103020000|01be00000006040100020001:,01be0000000404010100
01bf00000006010300010001:01bf000000050103020000|01c000000006020100010001:,01c00000000402010100
01bf00000006010300010001:01bf000000050103020000|009b00000006240100240001:,009b0000000424010100
01c000000006020300020001:01c0000000050203020000|01c100000006010300010001:,01c1000000050103020000
01c000000006020300020001:01c0000000050203020000|01c100000006050300030001:,01c1000000050503020000
01c200000006020100010001:01c20000000402010100|01c100000006050300030001:,01c1000000050503020000
01c200000006030100010001:01c20000000403010100|01c300000006010300010001:,01c3000000050103020000
01c200000006030100010001:01c20000000403010100|009c00000006250100250001:,009c0000000425010100
01c300000006040100020001:01c30000000404010100|01c400000006020100010001:,01c40000000402010100
01c300000006040100020001:01c30000000404010100|01c400000006010300010001:,01c4000000050103020000
01c500000006010300010001:01c5000000050103020000|01c400000006010300010001:,01c4000000050103020000
01c500000006020300020001:01c5000000050203020000|01c600000006020100010001:,01c60000000402010100
01c500000006020300020001:01c5000000050203020000|01c700000006010300010001:,01c7000000050103020000
01c600000006050300030001:01c6000000050503020000|01c600000006050300030001:,01c6000000050503020000
01c700000006030100010001:01c70000000403010100|01c800000006020100010001:,01c80000000402010100
01c700000006030100010001:01c70000000403010100|01c800000006040100020001:,01c80000000404010100
009d00000006260100260001:009d0000000426010100|01c900000006010300010001:,01c9000000050103020000
01c800000006040100020001:01c80000000404010100|01ca00000006020100010001:,01ca0000000402010100
01c900000006010300010001:01c9000000050103020000|01c900000006010300010001:,01c9000000050103020000
01ca00000006020300020001:01ca000000050203020000|01cb00000006010300010001:,01cb000000050103020000
01ca00000006020300020001:01ca000000050203020000|01cb00000006050300030001:,01cb000000050503020000
01cc00000006020100010001:01cc0000000402010100|01cb00000006050300030001:,01cb000000050503020000
01cc00000006030100010001:01cc0000000403010100|01cd00000006010300010001:,01cd000000050103020000
01cc00000006030100010001:01cc0000000403010100|01cd00000006040100020001:,01cd0000000404010100
01ce00000006020100010001:01ce0000000402010100|009e00000006270100270001:,009e0000000427010100
01cd00000006040100020001:01cd0000000404010100|01cf00000006010300010001:,01cf000000050103020000
01ce00000006010300010001:01ce000000050103020000|01ce00000006010300010001:,01ce000000050103020000
01d000000006020100010001:01d00000000402010100|01cf00000006020300020001:,01cf000000050203020000
01cf00000006020300020001:01cf000000050203020000|009f00000006280100280001:,009f0000000428010100
01d000000006050300030001:01d0000000050503020000|01d100000006010300010001:,01d1000000050103020000
000100000006000100310001:00010000000400010100|01d000000006050300030001:,01d0000000050503020000
01d100000006030100010001:01d10000000403010100|01d200000006020100010001:,01d20000000402010100
01d100000006030100010001:01d10000000403010100|01d200000006040100020001:,01d20000000404010100
01d300000006010300010001:01d3000000050103020000|01d200000006040100020001:,01d20000000404010100
01d300000006010300010001:01d3000000050103020000|01d400000006020100010001:,01d40000000402010100
01d300000006010300010001:01d3000000050103020000|01d500000006010300010001:,01d5000000050103020000
01d400000006020300020001:01d4000000050203020000|01d400000006020300020001:,01d4000000050203020000
01d500000006050300030001:01d5000000050503020000|01d600000006020100010001:,01d60000000402010100
01d500000006050300030001:01d5000000050503020000|00a000000006290100290001:,00a00000000429010100
01d700000006010300010001:01d7000000050103020000|01d600000006030100010001:,01d60000000403010100
01d600000006030100010001:01d60000000403010100|01d700000006040100020001:,01d70000000404010100
01d800000006020100010001:01d80000000402010100|01d700000006040100020001:,01d70000000404010100
01d900000006010300010001:01d9000000050103020000|01d800000006010300010001:,01d8000000050103020000
01d800000006010300010001:01d8000000050103020000|01d900000006020300020001:,01d9000000050203020000
01da00000006020100010001:01da0000000402010100|01d900000006020300020001:,01d9000000050203020000
01da00000006050300030001:01da000000050503020000|01db00000006010300010001:,01db000000050103020000
01da00000006050300030001:01da000000050503020000|01dc00000006020100010001:,01dc0000000402010100
01db00000006030100010001:01db0000000403010100|00a1000000062a01002a0001:,00a1000000042a010100
01db00000006030100010001:01db0000000403010100|01dc00000006040100020001:,01dc0000000404010100
01dd00000006010300010001:01dd000000050103020000|01dc00000006040100020001:,01dc0000000404010100
01dd00000006010300010001:01dd000000050103020000|01de00000006020100010001:,01de0000000402010100
01dd00000006010300010001:01dd000000050103020000|00a2000000062b01002b0001:,00a2000000042b010100
01df00000006010300010001:01df000000050103020000|01de00000006020300020001:,01de000000050203020000
01de00000006020300020001:01de000000050203020000|01df00000006050300030001:,01df000000050503020000
01e000000006020100010001:01e00000000402010100|01df00000006050300030001:,01df000000050503020000
01e000000006030100010001:01e00000000403010100|01e100000006010300010001:,01e1000000050103020000
01e000000006030100010001:01e00000000403010100|00a3000000062c01002c0001:,00a3000000042c010100
01e200000006020100010001:01e20000000402010100|01e100000006040100020001:,01e10000000404010100
01e100000006040100020001:01e10000000404010100|01e300000006010300010001:,01e3000000050103020000
01e200000006010300010001:01e2000000050103020000|01e200000006010300010001:,01e2000000050103020000
01e400000006020100010001:01e40000000402010100|01e300000006020300020001:,01e3000000050203020000
01e300000006020300020001:01e3000000050203020000|01e400000006050300030001:,01e4000000050503020000
01e500000006010300010001:01e5000000050103020000|01e400000006050300030001:,01e4000000050503020000
01e500000006030100010001:01e50000000403010100|01e600000006020100010001:,01e60000000402010100
01e500000006030100010001:01e50000000403010100|00a4000000062d01002d0001:,00a4000000042d010100
01e600000006040100020001:01e60000000404010100|01e700000006010300010001:,01e7000000050103020000
01e600000006040100020001:01e60000000404010100|01e800000006020100010001:,01e80000000402010100
01e700000006010300010001:01e7000000050103020000|01e700000006010300010001:,01e7000000050103020000
01e900000006010300010001:01e9000000050103020000|01e800000006020300020001:,01e8000000050203020000
00a5000000062e01002e0001:00a5000000042e010100|01e800000006020300020001:,01e8000000050203020000
01e900000006050300030001:01e9000000050503020000|01ea00000006020100010001:,01ea0000000402010100
01e900000006050300030001:01e9000000050503020000|01ea00000006030100010001:,01ea0000000403010100
01eb00000006010300010001:01eb000000050103020000|01ea00000006030100010001:,01ea0000000403010100
00a6000000062f01002f0001:00a6000000042f010100|01eb00000006040100020001:,01eb0000000404010100
01ec00000006020100010001:01ec0000000402010100|01eb00000006040100020001:,01eb0000000404010100
01ec00000006010300010001:01ec000000050103020000|01ed00000006010300010001:,01ed000000050103020000
01ec00000006010300010001:01ec000000050103020000|01ed00000006020300020001:,01ed000000050203020000
01ed00000006020300020001:01ed000000050203020000|01ee00000006020100010001:,01ee0000000402010100
000100000006000600020000:000100000006000600020000|01ee00000006050300030001:,01ee000000050503020000
00a700000006300100300001:00a70000000430010100|01ee00000006050300030001:,01ee000000050503020000
01ef00000006010300010001:01ef000000050103020000|01ef00000006030100010001:,01ef0000000403010100
01ef00000006030100010001:01ef0000000403010100|01f000000006020100010001:,01f00000000402010100
01f000000006040100020001:01f00000000404010100|01f000000006040100020001:,01f00000000404010100
01f100000006010300010001:01f1000000050103020000|01f100000006010300010001:,01f1000000050103020000
01f100000006010300010001:01f1000000050103020000|01f200000006020100010001:,01f20000000402010100
01f200000006020300020001:01f2000000050203020000|01f200000006020300020001:,01f2000000050203020000
01f300000006010300010001:01f3000000050103020000|01f300000006050300030001:,01f3000000050503020000
00a800000006310100310001:00a80000000431010100|01f300000006050300030001:,01f3000000050503020000
01f400000006020100010001:01f40000000402010100|01f400000006030100010001:,01f40000000403010100
01f400000006030100010001:01f40000000403010100|01f500000006010300010001:,01f5000000050103020000
01f500000006040100020001:01f50000000404010100|01f500000006040100020001:,01f50000000404010100
01f600000006020100010001:01f60000000402010100|00a900000006010300010001:,00a9000000050103020000
01f600000006010300010001:01f6000000050103020000|01f600000006010300010001:,01f6000000050103020000
01f700000006010300010001:01f7000000050103020000|01f700000006020300020001:,01f7000000050203020000
01f700000006020300020001:01f7000000050203020000|01f800000006020100010001:,01f80000000402010100
01f800000006050300030001:01f8000000050503020000|01f800000006050300030001:,01f8000000050503020000
000100000006000300050001:0001000000050003020000|01f900000006010300010001:,01f9000000050103020000
00aa00000006020300020001:00aa000000050203020000|01f900000006030100010001:,01f90000000403010100
01f900000006030100010001:01f90000000403010100|01fa00000006020100010001:,01fa0000000402010100
01fa00000006040100020001:01fa0000000404010100|01fa00000006040100020001:,01fa0000000404010100
01fb00000006010300010001:01fb000000050103020000|01fb00000006010300010001:,01fb000000050103020000
01fb00000006010300010001:01fb000000050103020000|01fc00000006020100010001:,01fc0000000402010100
00ab00000006040300030001:00ab000000050403020000|01fc00000006020300020001:,01fc000000050203020000
01fc00000006020300020001:01fc000000050203020000|01fd00000006010300010001:,01fd000000050103020000
01fd00000006050300030001:01fd000000050503020000|01fd00000006050300030001:,01fd000000050503020000
000100000006000600020000:000100000006000600020000|01fe00000006020100010001:,01fe0000000402010100
01fe00000006030100010001:01fe0000000403010100|01fe00000006030100010001:,01fe0000000403010100
01ff00000006010300010001:01ff000000050103020000|01ff00000006040100020001:,01ff0000000404010100
01ff00000006040100020001:01ff0000000404010100|020000000006020100010001:,02000000000402010100
020000000006010300010001:0200000000050103020000|020000000006010300010001:,0200000000050103020000
020100000006010300010001:0201000000050103020000|020100000006020300020001:,0201000000050203020000
020100000006020300020001:0201000000050203020000|00ac00000006030300040001:,00ac000000050303020000
020200000006020100010001:02020000000402010100|020200000006050300030001:,0202000000050503020000
020200000006050300030001:0202000000050503020000|020300000006010300010001:,0203000000050103020000
020300000006030100010001:02030000000403010100|020300000006030100010001:,02030000000403010100
020400000006020100010001:02040000000402010100|020400000006040100020001:,02040000000404010100
020400000006040100020001:02040000000404010100|020500000006010300010001:,0205000000050103020000
020500000006010300010001:0205000000050103020000|020500000006010300010001:,0205000000050103020000
020600000006020100010001:02060000000402010100|020600000006020300020001:,0206000000050203020000
020600000006020300020001:0206000000050203020000|020700000006010300010001:,0207000000050103020000
00ad00000006050300050001:00ad000000050503020000|020700000006050300030001:,0207000000050503020000
020700000006050300030001:0207000000050503020000|020800000006020100010001:,02080000000402010100
020800000006030100010001:02080000000403010100|020800000006030100010001:,02080000000403010100
020900000006010300010001:0209000000050103020000|020900000006040100020001:,02090000000404010100
00ae00000006140100140001:00ae0000000414010100|020900000006040100020001:,02090000000404010100
020a00000006020100010001:020a0000000402010100|020a00000006010300010001:,020a000000050103020000
020a00000006010300010001:020a000000050103020000|020b00000006010300010001:,020b000000050103020000
020b00000006020300020001:020b000000050203020000|020b00000006020300020001:,020b000000050203020000
020c00000006020100010001:020c0000000402010100|020c00000006050300030001:,020c000000050503020000
020c00000006050300030001:020c000000050503020000|00af00000006150100150001:,00af0000000415010100
020d00000006010300010001:020d000000050103020000|020d00000006030100010001:,020d0000000403010100
020d00000006030100010001:020d0000000403010100|020e00000006020100010001:,020e0000000402010100
020e00000006040100020001:020e0000000404010100|020e00000006040100020001:,020e0000000404010100
020f00000006010300010001:020f000000050103020000|020f00000006010300010001:,020f000000050103020000
020f00000006010300010001:020f000000050103020000|021000000006020100010001:,02100000000402010100
021000000006020300020001:0210000000050203020000|021000000006020300020001:,0210000000050203020000
021100000006010300010001:0211000000050103020000|021100000006050300030001:,0211000000050503020000
021100000006050300030001:0211000000050503020000|00b000000006160100160001:,00b00000000416010100
021200000006020100010001:02120000000402010100|021200000006030100010001:,02120000000403010100
021200000006030100010001:02120000000403010100|021300000006010300010001:,0213000000050103020000
021300000006040100020001:02130000000404010100|021300000006040100020001:,02130000000404010100
021400000006020100010001:02140000000402010100|021400000006010300010001:,0214000000050103020000
021400000006010300010001:0214000000050103020000|021500000006010300010001:,0215000000050103020000
021500000006020300020001:0215000000050203020000|021500000006020300020001:,0215000000050203020000
021600000006020100010001:02160000000402010100|021600000006050300030001:,0216000000050503020000
021600000006050300030001:0216000000050503020000|00b100000006170100170001:,00b10000000417010100
021700000006010300010001:0217000000050103020000|021700000006030100010001:,02170000000403010100
021700000006030100010001:02170000000403010100|021800000006020100010001:,02180000000402010100
021800000006040100020001:02180000000404010100|021800000006040100020001:,02180000000404010100
021900000006010300010001:0219000000050103020000|021900000006010300010001:,0219000000050103020000
021900000006010300010001:0219000000050103020000|00b2000000061e01001e0001:,00b2000000041e010100
021a00000006020100010001:021a0000000402010100|021a00000006020300020001:,021a000000050203020000
021a00000006020300020001:021a000000050203020000|021b00000006010300010001:,021b000000050103020000
021b00000006050300030001:021b000000050503020000|021b00000006050300030001:,021b000000050503020000
021c00000006020100010001:021c0000000402010100|021c00000006030100010001:,021c0000000403010100
021c00000006030100010001:021c0000000403010100|021d00000006010300010001:,021d000000050103020000
021d00000006040100020001:021d0000000404010100|021d00000006040100020001:,021d0000000404010100
021e00000006020100010001:021e0000000402010100|021e00000006010300010001:,021e000000050103020000
021e00000006010300010001:021e000000050103020000|021f00000006010300010001:,021f000000050103020000
00b3000000061f01001f0001:00b3000000041f010100|021f00000006020300020001:,021f000000050203020000
021f00000006020300020001:021f000000050203020000|022000000006020100010001:,02200000000402010100
022000000006050300030001:0220000000050503020000|022000000006050300030001:,0220000000050503020000
022100000006010300010001:0221000000050103020000|022100000006030100010001:,02210000000403010100
022100000006030100010001:02210000000403010100|022200000006020100010001:,02220000000402010100
022200000006040100020001:02220000000404010100|022200000006040100020001:,02220000000404010100
022300000006010300010001:0223000000050103020000|022300000006010300010001:,0223000000050103020000
022300000006010300010001:0223000000050103020000|022400000006020100010001:,02240000000402010100
022400000006020300020001:0224000000050203020000|022400000006020300020001:,0224000000050203020000
00b400000006200100200001:00b40000000420010100|022500000006010300010001:,0225000000050103020000
022500000006050300030001:0225000000050503020000|022500000006050300030001:,0225000000050503020000
022600000006020100010001:02260000000402010100|022600000006030100010001:,02260000000403010100
022600000006030100010001:02260000000403010100|022700000006010300010001:,0227000000050103020000
022700000006040100020001:02270000000404010100|00b500000006210100210001:,00b50000000421010100
022700000006040100020001:02270000000404010100|022800000006020100010001:,02280000000402010100
022800000006010300010001:0228000000050103020000|022800000006010300010001:,0228000000050103020000
022900000006010300010001:0229000000050103020000|022900000006020300020001:,0229000000050203020000
022900000006020300020001:0229000000050203020000|022a00000006020100010001:,022a0000000402010100
022a00000006050300030001:022a000000050503020000|022a00000006050300030001:,022a000000050503020000
022b00000006010300010001:022b000000050103020000|022b00000006030100010001:,022b0000000403010100
022b00000006030100010001:022b0000000403010100|022c00000006020100010001:,022c0000000402010100
022c00000006040100020001:022c0000000404010100|022c00000006040100020001:,022c0000000404010100
00b600000006220100220001:00b60000000422010100|022d00000006010300010001:,022d000000050103020000
022d00000006010300010001:022d000000050103020000|022d00000006010300010001:,022d000000050103020000
022e00000006020100010001:022e0000000402010100|022e00000006020300020001:,022e000000050203020000
022e00000006020300020001:022e000000050203020000|022f00000006010300010001:,022f000000050103020000
022f00000006050300030001:022f000000050503020000|022f00000006050300030001:,022f000000050503020000
023000000006020100010001:02300000000402010100|023000000006030100010001:,02300000000403010100
023000000006030100010001:02300000000403010100|023100000006010300010001:,0231000000050103020000
023100000006040100020001:02310000000404010100|023100000006040100020001:,02310000000404010100
00b700000006230100230001:00b70000000423010100|023200000006020100010001:,02320000000402010100
023200000006010300010001:0232000000050103020000|023200000006010300010001:,0232000000050103020000
023300000006010300010001:0233000000050103020000|023300000006020300020001:,0233000000050203020000
023300000006020300020001:0233000000050203020000|023400000006020100010001:,02340000000402010100
023400000006050300030001:0234000000050503020000|00b800000006240100240001:,00b80000000424010100
023400000006050300030001:0234000000050503020000|023500000006010300010001:,0235000000050103020000
023500000006030100010001:02350000000403010100|023500000006030100010001:,02350000000403010100
023600000006020100010001:02360000000402010100|023600000006040100020001:,02360000000404010100
023600000006040100020001:02360000000404010100|023700000006010300010001:,0237000000050103020000
023700000006010300010001:0237000000050103020000|023700000006010300010001:,0237000000050103020000
023800000006020100010001:02380000000402010100|023800000006020300020001:,0238000000050203020000
023800000006020300020001:0238000000050203020000|023900000006010300010001:,0239000000050103020000
023900000006050300030001:0239000000050503020000|023900000006050300030001:,0239000000050503020000
00b900000006250100250001:00b90000000425010100|023a00000006020100010001:,023a0000000402010100
023a00000006030100010001:023a0000000403010100|023a00000006030100010001:,023a0000000403010100
023b00000006010300010001:023b000000050103020000|023b00000006040100020001:,023b0000000404010100
023b00000006040100020001:023b0000000404010100|023c00000006020100010001:,023c0000000402010100
023c00000006010300010001:023c000000050103020000|023c00000006010300010001:,023c000000050103020000
023d00000006010300010001:023d000000050103020000|023d00000006020300020001:,023d000000050203020000
023d00000006020300020001:023d000000050203020000|023e00000006020100010001:,023e0000000402010100
023e00000006050300030001:023e000000050503020000|023e00000006050300030001:,023e000000050503020000
00ba00000006260100260001:00ba0000000426010100|023f00000006010300010001:,023f000000050103020000
023f00000006030100010001:023f0000000403010100|023f00000006030100010001:,023f0000000403010100
024000000006020100010001:02400000000402010100|024000000006040100020001:,02400000000404010100
024000000006040100020001:02400000000404010100|024100000006010300010001:,0241000000050103020000
024100000006010300010001:0241000000050103020000|024100000006010300010001:,0241000000050103020000
024200000006020100010001:02420000000402010100|00bb00000006270100270001:,00bb0000000427010100
024200000006020300020001:0242000000050203020000|024200000006020300020001:,0242000000050203020000
024300000006010300010001:0243000000050103020000|024300000006050300030001:,0243000000050503020000
024300000006050300030001:0243000000050503020000|024400000006020100010001:,02440000000402010100
024400000006030100010001:02440000000403010100|024400000006030100010001:,02440000000403010100
024500000006010300010001:0245000000050103020000|024500000006040100020001:,02450000000404010100
024500000006040100020001:02450000000404010100|024600000006020100010001:,02460000000402010100
024600000006010300010001:0246000000050103020000|024600000006010300010001:,0246000000050103020000
024700000006010300010001:0247000000050103020000|00bc00000006280100280001:,00bc0000000428010100
024700000006020300020001:0247000000050203020000|024700000006020300020001:,0247000000050203020000
024800000006020100010001:02480000000402010100|024800000006050300030001:,0248000000050503020000
024800000006050300030001:0248000000050503020000|024900000006010300010001:,0249000000050103020000
024900000006030100010001:02490000000403010100|024900000006030100010001:,02490000000403010100
024a00000006020100010001:024a0000000402010100|024a00000006040100020001:,024a0000000404010100
024a00000006040100020001:024a0000000404010100|024b00000006010300010001:,024b000000050103020000
024b00000006010300010001:024b000000050103020000|024b00000006010300010001:,024b000000050103020000
024c00000006020100010001:024c0000000402010100|024c00000006020300020001:,024c000000050203020000
00bd00000006290100290001:00bd0000000429010100|024c00000006020300020001:,024c000000050203020000
024d00000006010300010001:024d000000050103020000|024d00000006050300030001:,024d000000050503020000
024d00000006050300030001:024d000000050503020000|024e00000006020100010001:,024e0000000402010100
024e00000006030100010001:024e0000000403010100|024e00000006030100010001:,024e0000000403010100
00be000000062a01002a0001:00be000000042a010100|024f00000006010300010001:,024f000000050103020000
024f00000006040100020001:024f0000000404010100|024f00000006040100020001:,024f0000000404010100
025000000006020100010001:02500000000402010100|025000000006010300010001:,0250000000050103020000
025000000006010300010001:0250000000050103020000|025100000006010300010001:,0251000000050103020000
025100000006020300020001:0251000000050203020000|025100000006020300020001:,0251000000050203020000
025200000006020100010001:02520000000402010100|025200000006050300030001:,0252000000050503020000
025200000006050300030001:0252000000050503020000|025300000006010300010001:,0253000000050103020000
025300000006030100010001:02530000000403010100|025300000006030100010001:,02530000000403010100
025400000006020100010001:02540000000402010100|025400000006040100020001:,02540000000404010100
025400000006040100020001:02540000000404010100|00bf000000062b01002b0001:,00bf000000042b010100
025500000006010300010001:0255000000050103020000|025500000006010300010001:,0255000000050103020000
025500000006010300010001:0255000000050103020000|025600000006020100010001:,02560000000402010100
025600000006020300020001:0256000000050203020000|025600000006020300020001:,0256000000050203020000
025700000006010300010001:0257000000050103020000|025700000006050300030001:,0257000000050503020000
025700000006050300030001:0257000000050503020000|025800000006020100010001:,02580000000402010100
025800000006030100010001:02580000000403010100|025800000006030100010001:,02580000000403010100
025900000006010300010001:0259000000050103020000|025900000006040100020001:,02590000000404010100
025900000006040100020001:02590000000404010100|00c0000000062c01002c0001:,00c0000000042c010100
025a00000006020100010001:025a0000000402010100|025a00000006010300010001:,025a000000050103020000
025a00000006010300010001:025a000000050103020000|025b00000006010300010001:,025b000000050103020000
025b00000006020300020001:025b000000050203020000|025b00000006020300020001:,025b000000050203020000
025c00000006020100010001:025c0000000402010100|025c00000006050300030001:,025c000000050503020000
00c1000000062d01002d0001:00c1000000042d010100|025c00000006050300030001:,025c000000050503020000
025d00000006010300010001:025d000000050103020000|025d00000006030100010001:,025d0000000403010100
025d00000006030100010001:025d0000000403010100|025e00000006020100010001:,025e0000000402010100
025e00000006040100020001:025e0000000404010100|025e00000006040100020001:,025e0000000404010100
025f00000006010300010001:025f000000050103020000|025f00000006010300010001:,025f000000050103020000
025f00000006010300010001:025f000000050103020000|026000000006020100010001:,02600000000402010100
026000000006020300020001:0260000000050203020000|026000000006020300020001:,0260000000050203020000
026100000006010300010001:0261000000050103020000|026100000006050300030001:,0261000000050503020000
026100000006050300030001:0261000000050503020000|00c2000000062e01002e0001:,00c2000000042e010100
026200000006020100010001:02620000000402010100|026200000006030100010001:,02620000000403010100
026200000006030100010001:02620000000403010100|026300000006010300010001:,0263000000050103020000
026300000006040100020001:02630000000404010100|026300000006040100020001:,02630000000404010100
026400000006020100010001:02640000000402010100|026400000006010300010001:,0264000000050103020000
026400000006010300010001:0264000000050103020000|026500000006010300010001:,0265000000050103020000
026500000006020300020001:0265000000050203020000|026500000006020300020001:,0265000000050203020000
026600000006020100010001:02660000000402010100|026600000006050300030001:,0266000000050503020000
026600000006050300030001:0266000000050503020000|00c3000000062f01002f0001:,00c3000000042f010100
026700000006010300010001:0267000000050103020000|026700000006030100010001:,02670000000403010100
026700000006030100010001:02670000000403010100|026800000006020100010001:,02680000000402010100
026800000006040100020001:02680000000404010100|026800000006040100020001:,02680000000404010100
026900000006010300010001:0269000000050103020000|026900000006010300010001:,0269000000050103020000
026900000006010300010001:0269000000050103020000|00c400000006300100300001:,00c40000000430010100
026a00000006020100010001:026a0000000402010100|026a00000006020300020001:,026a000000050203020000
026a00000006020300020001:026a000000050203020000|026b00000006010300010001:,026b000000050103020000
026b00000006050300030001:026b000000050503020000|026b00000006050300030001:,026b000000050503020000
026c00000006020100010001:026c0000000402010100|026c00000006030100010001:,026c0000000403010100
026c00000006030100010001:026c0000000403010100|026d00000006010300010001:,026d000000050103020000
026d00000006040100020001:026d0000000404010100|026d00000006040100020001:,026d0000000404010100
026e00000006020100010001:026e0000000402010100|026e00000006010300010001:,026e000000050103020000
026e00000006010300010001:026e000000050103020000|00c500000006310100310001:,00c50000000431010100
026f00000006010300010001:026f000000050103020000|026f00000006020300020001:,026f000000050203020000
026f00000006020300020001:026f000000050203020000|027000000006020100010001:,02700000000402010100
027000000006050300030001:0270000000050503020000|027000000006050300030001:,0270000000050503020000
027100000006010300010001:0271000000050103020000|027100000006030100010001:,02710000000403010100
027100000006030100010001:02710000000403010100|027200000006020100010001:,02720000000402010100
027200000006040100020001:02720000000404010100|027200000006040100020001:,02720000000404010100
027300000006010300010001:0273000000050103020000|027300000006010300010001:,0273000000050103020000
027300000006010300010001:0273000000050103020000|00c600000006010300010001:,00c6000000050103020000
027400000006020100010001:02740000000402010100|027400000006020300020001:,0274000000050203020000
027400000006020300020001:0274000000050203020000|027500000006010300010001:,0275000000050103020000
027500000006050300030001:0275000000050503020000|027500000006050300030001:,0275000000050503020000
027600000006020100010001:02760000000402010100|027600000006030100010001:,02760000000403010100
027600000006030100010001:02760000000403010100|027700000006010300010001:,0277000000050103020000
027700000006040100020001:02770000000404010100|00c700000006020300020001:,00c7000000050203020000
027700000006040100020001:02770000000404010100|027800000006020100010001:,02780000000402010100
027800000006010300010001:0278000000050103020000|027800000006010300010001:,0278000000050103020000
027900000006010300010001:0279000000050103020000|027900000006020300020001:,0279000000050203020000
027900000006020300020001:0279000000050203020000|027a00000006020100010001:,027a0000000402010100
027a00000006050300030001:027a000000050503020000|027a00000006050300030001:,027a000000050503020000
027b00000006010300010001:027b000000050103020000|027b00000006030100010001:,027b0000000403010100
027b00000006030100010001:027b0000000403010100|027c00000006020100010001:,027c0000000402010100
027c00000006040100020001:027c0000000404010100|00c800000006040300030001:,00c8000000050403020000
027c00000006040100020001:027c0000000404010100|027d00000006010300010001:,027d000000050103020000
027d00000006010300010001:027d000000050103020000|027d00000006010300010001:,027d000000050103020000
027e00000006020100010001:027e0000000402010100|027e00000006020300020001:,027e000000050203020000
027e00000006020300020001:027e000000050203020000|027f00000006010300010001:,027f000000050103020000
027f00000006050300030001:027f000000050503020000|027f00000006050300030001:,027f000000050503020000
028000000006020100010001:02800000000402010100|028000000006030100010001:,02800000000403010100
028000000006030100010001:02800000000403010100|028100000006010300010001:,0281000000050103020000
028100000006040100020001:02810000000404010100|00c900000006030300040001:,00c9000000050303020000
028100000006040100020001:02810000000404010100|028200000006020100010001:,02820000000402010100
028200000006010300010001:0282000000050103020000|028200000006010300010001:,0282000000050103020000
028300000006010300010001:0283000000050103020000|028300000006020300020001:,0283000000050203020000
028300000006020300020001:0283000000050203020000|028400000006020100010001:,02840000000402010100
028400000006050300030001:0284000000050503020000|028400000006050300030001:,0284000000050503020000
00ca00000006050300050001:00ca000000050503020000|028500000006010300010001:,0285000000050103020000
028500000006030100010001:02850000000403010100|028500000006030100010001:,02850000000403010100
028600000006020100010001:02860000000402010100|028600000006040100020001:,02860000000404010100
028600000006040100020001:02860000000404010100|028700000006010300010001:,0287000000050103020000
028700000006010300010001:0287000000050103020000|028700000006010300010001:,0287000000050103020000
028800000006020100010001:02880000000402010100|028800000006020300020001:,0288000000050203020000
028800000006020300020001:0288000000050203020000|028900000006010300010001:,0289000000050103020000
028900000006050300030001:0289000000050503020000|028900000006050300030001:,0289000000050503020000
00cb00000006140100140001:00cb0000000414010100|028a00000006020100010001:,028a0000000402010100
028a00000006030100010001:028a0000000403010100|028a00000006030100010001:,028a0000000403010100
028b00000006010300010001:028b000000050103020000|028b00000006040100020001:,028b0000000404010100
028b00000006040100020001:028b0000000404010100|028c00000006020100010001:,028c0000000402010100
028c00000006010300010001:028c000000050103020000|028c00000006010300010001:,028c000000050103020000
028d00000006010300010001:028d000000050103020000|028d00000006020300020001:,028d000000050203020000
028d00000006020300020001:028d000000050203020000|028e00000006020100010001:,028e0000000402010100
028e00000006050300030001:028e000000050503020000|028e00000006050300030001:,028e000000050503020000
00cc00000006150100150001:00cc0000000415010100|028f00000006010300010001:,028f000000050103020000
028f00000006030100010001:028f0000000403010100|028f00000006030100010001:,028f0000000403010100
029000000006020100010001:02900000000402010100|029000000006040100020001:,02900000000404010100
029000000006040100020001:02900000000404010100|029100000006010300010001:,0291000000050103020000
029100000006010300010001:0291000000050103020000|029100000006010300010001:,0291000000050103020000
00cd00000006160100160001:00cd0000000416010100|029200000006020100010001:,02920000000402010100
029200000006020300020001:0292000000050203020000|029200000006020300020001:,0292000000050203020000
029300000006010300010001:0293000000050103020000|029300000006050300030001:,0293000000050503020000
029300000006050300030001:0293000000050503020000|029400000006020100010001:,02940000000402010100
029400000006030100010001:02940000000403010100|029400000006030100010001:,02940000000403010100
029500000006010300010001:0295000000050103020000|029500000006040100020001:,02950000000404010100
029500000006040100020001:02950000000404010100|029600000006020100010001:,02960000000402010100
029600000006010300010001:0296000000050103020000|029600000006010300010001:,0296000000050103020000
00ce00000006170100170001:00ce0000000417010100|029700000006010300010001:,0297000000050103020000
029700000006020300020001:0297000000050203020000|029700000006020300020001:,0297000000050203020000
029800000006020100010001:02980000000402010100|029800000006050300030001:,0298000000050503020000
029800000006050300030001:0298000000050503020000|029900000006010300010001:,0299000000050103020000
029900000006030100010001:02990000000403010100|029900000006030100010001:,02990000000403010100
029a00000006020100010001:029a0000000402010100|029a00000006040100020001:,029a0000000404010100
029a00000006040100020001:029a0000000404010100|029b00000006010300010001:,029b000000050103020000
029b00000006010300010001:029b000000050103020000|029b00000006010300010001:,029b000000050103020000
029c00000006020100010001:029c0000000402010100|00cf000000061e01001e0001:,00cf000000041e010100
029c00000006020300020001:029c000000050203020000|029c00000006020300020001:,029c000000050203020000
029d00000006010300010001:029d000000050103020000|029d00000006050300030001:,029d000000050503020000
029d00000006050300030001:029d000000050503020000|029e00000006020100010001:,029e0000000402010100
029e00000006030100010001:029e0000000403010100|029e00000006030100010001:,029e0000000403010100
029f00000006010300010001:029f000000050103020000|00d0000000061f01001f0001:,00d0000000041f010100
029f00000006040100020001:029f0000000404010100|029f00000006040100020001:,029f0000000404010100
02a000000006020100010001:02a00000000402010100|02a000000006010300010001:,02a0000000050103020000
02a000000006010300010001:02a0000000050103020000|02a100000006010300010001:,02a1000000050103020000
02a100000006020300020001:02a1000000050203020000|02a100000006020300020001:,02a1000000050203020000
02a200000006020100010001:02a20000000402010100|02a200000006050300030001:,02a2000000050503020000
02a200000006050300030001:02a2000000050503020000|02a300000006010300010001:,02a3000000050103020000
02a300000006030100010001:02a30000000403010100|02a300000006030100010001:,02a30000000403010100
02a400000006020100010001:02a40000000402010100|02a400000006040100020001:,02a40000000404010100
02a400000006040100020001:02a40000000404010100|00d100000006200100200001:,00d10000000420010100
02a500000006010300010001:02a5000000050103020000|02a500000006010300010001:,02a5000000050103020000
02a500000006010300010001:02a5000000050103020000|02a600000006020100010001:,02a60000000402010100
02a600000006020300020001:02a6000000050203020000|02a600000006020300020001:,02a6000000050203020000
02a700000006010300010001:02a7000000050103020000|02a700000006050300030001:,02a7000000050503020000
02a700000006050300030001:02a7000000050503020000|02a800000006020100010001:,02a80000000402010100
02a800000006030100010001:02a80000000403010100|02a800000006030100010001:,02a80000000403010100
02a900000006010300010001:02a9000000050103020000|02a900000006040100020001:,02a90000000404010100
02a900000006040100020001:02a90000000404010100|00d200000006210100210001:,00d20000000421010100
02aa00000006020100010001:02aa0000000402010100|02aa00000006010300010001:,02aa000000050103020000
02aa00000006010300010001:02aa000000050103020000|02ab00000006010300010001:,02ab000000050103020000
02ab00000006020300020001:02ab000000050203020000|02ab00000006020300020001:,02ab000000050203020000
02ac00000006020100010001:02ac0000000402010100|02ac00000006050300030001:,02ac000000050503020000
00d300000006220100220001:00d30000000422010100|02ac00000006050300030001:,02ac000000050503020000
02ad00000006010300010001:02ad000000050103020000|02ad00000006030100010001:,02ad0000000403010100
02ad00000006030100010001:02ad0000000403010100|02ae00000006020100010001:,02ae0000000402010100
02ae00000006040100020001:02ae0000000404010100|02ae00000006040100020001:,02ae0000000404010100
02af00000006010300010001:02af000000050103020000|02af00000006010300010001:,02af000000050103020000
02af00000006010300010001:02af000000050103020000|02b000000006020100010001:,02b00000000402010100
02b000000006020300020001:02b0000000050203020000|02b000000006020300020001:,02b0000000050203020000
02b100000006010300010001:02b1000000050103020000|02b100000006050300030001:,02b1000000050503020000
02b100000006050300030001:02b1000000050503020000|00d400000006230100230001:,00d40000000423010100
02b200000006020100010001:02b20000000402010100|02b200000006030100010001:,02b20000000403010100
02b200000006030100010001:02b20000000403010100|02b300000006010300010001:,02b3000000050103020000
02b300000006040100020001:02b30000000404010100|02b300000006040100020001:,02b30000000404010100
02b400000006020100010001:02b40000000402010100|02b400000006010300010001:,02b4000000050103020000
02b400000006010300010001:02b4000000050103020000|02b500000006010300010001:,02b5000000050103020000
02b500000006020300020001:02b5000000050203020000|02b500000006020300020001:,02b5000000050203020000
02b600000006050300030001:02b6000000050503020000|02b600000006020100010001:,02b60000000402010100
02b600000006050300030001:02b6000000050503020000|02b700000006030100010001:,02b70000000403010100
02b700000006010300010001:02b7000000050103020000|00d500000006240100240001:,00d50000000424010100
02b700000006030100010001:02b70000000403010100|02b800000006040100020001:,02b80000000404010100
02b800000006020100010001:02b80000000402010100|02b800000006040100020001:,02b80000000404010100
02b900000006010300010001:02b9000000050103020000|02b900000006010300010001:,02b9000000050103020000
02b900000006010300010001:02b9000000050103020000|00d600000006250100250001:,00d60000000425010100
02ba00000006020300020001:02ba000000050203020000|02ba00000006020100010001:,02ba0000000402010100
02ba00000006020300020001:02ba000000050203020000|02bb00000006050300030001:,02bb000000050503020000
02bb00000006010300010001:02bb000000050103020000|02bb00000006050300030001:,02bb000000050503020000
02bc00000006030100010001:02bc0000000403010100|02bc00000006020100010001:,02bc0000000402010100
02bc00000006030100010001:02bc0000000403010100|02bd00000006040100020001:,02bd0000000404010100
02bd00000006010300010001:02bd000000050103020000|02bd00000006040100020001:,02bd0000000404010100
02be00000006010300010001:02be000000050103020000|02be00000006020100010001:,02be0000000402010100
02be00000006010300010001:02be000000050103020000|02bf00000006020300020001:,02bf000000050203020000
00d700000006260100260001:00d70000000426010100|02bf00000006010300010001:,02bf000000050103020000
02bf00000006020300020001:02bf000000050203020000|02c000000006050300030001:,02c0000000050503020000
02c000000006020100010001:02c00000000402010100|02c000000006050300030001:,02c0000000050503020000
02c100000006030100010001:02c10000000403010100|02c100000006010300010001:,02c1000000050103020000
02c100000006030100010001:02c10000000403010100|02c200000006040100020001:,02c20000000404010100
02c200000006020100010001:02c20000000402010100|02c200000006040100020001:,02c20000000404010100
02c300000006010300010001:02c3000000050103020000|02c300000006010300010001:,02c3000000050103020000
02c300000006010300010001:02c3000000050103020000|02c400000006020300020001:,02c4000000050203020000
02c400000006020100010001:02c40000000402010100|00d800000006270100270001:,00d80000000427010100
02c400000006020300020001:02c4000000050203020000|02c500000006050300030001:,02c5000000050503020000
02c500000006010300010001:02c5000000050103020000|02c500000006050300030001:,02c5000000050503020000
02c600000006030100010001:02c60000000403010100|02c600000006020100010001:,02c60000000402010100
02c600000006030100010001:02c60000000403010100|00d900000006280100280001:,00d90000000428010100
02c700000006040100020001:02c70000000404010100|02c700000006010300010001:,02c7000000050103020000
02c700000006040100020001:02c70000000404010100|02c800000006010300010001:,02c8000000050103020000
02c800000006020100010001:02c80000000402010100|02c800000006010300010001:,02c8000000050103020000
02c900000006020300020001:02c9000000050203020000|02c900000006010300010001:,02c9000000050103020000
02c900000006020300020001:02c9000000050203020000|02ca00000006050300030001:,02ca000000050503020000
02ca00000006020100010001:02ca0000000402010100|02ca00000006050300030001:,02ca000000050503020000
02cb00000006030100010001:02cb0000000403010100|02cb00000006010300010001:,02cb000000050103020000
02cb00000006030100010001:02cb0000000403010100|02cc00000006040100020001:,02cc0000000404010100
02cc00000006020100010001:02cc0000000402010100|00da00000006290100290001:,00da0000000429010100
02cc00000006040100020001:02cc0000000404010100|02cd00000006010300010001:,02cd000000050103020000
02cd00000006010300010001:02cd000000050103020000|02cd00000006010300010001:,02cd000000050103020000
02ce00000006020300020001:02ce000000050203020000|02ce00000006020100010001:,02ce0000000402010100
02ce00000006020300020001:02ce000000050203020000|02cf00000006050300030001:,02cf000000050503020000
02cf00000006010300010001:02cf000000050103020000|02cf00000006050300030001:,02cf000000050503020000
02d000000006030100010001:02d00000000403010100|02d000000006020100010001:,02d00000000402010100
02d000000006030100010001:02d00000000403010100|02d100000006040100020001:,02d10000000404010100
02d100000006010300010001:02d1000000050103020000|00db000000062a01002a0001:,00db000000042a010100
02d100000006040100020001:02d10000000404010100|02d200000006020100010001:,02d20000000402010100
02d200000006010300010001:02d2000000050103020000|02d200000006010300010001:,02d2000000050103020000
02d300000006020300020001:02d3000000050203020000|02d300000006010300010001:,02d3000000050103020000
02d300000006020300020001:02d3000000050203020000|02d400000006050300030001:,02d4000000050503020000
02d400000006020100010001:02d40000000402010100|00dc000000062b01002b0001:,00dc000000042b010100
02d400000006050300030001:02d4000000050503020000|02d500000006030100010001:,02d50000000403010100
02d500000006010300010001:02d5000000050103020000|02d500000006030100010001:,02d50000000403010100
02d600000006040100020001:02d60000000404010100|02d600000006020100010001:,02d60000000402010100
02d600000006040100020001:02d60000000404010100|02d700000006010300010001:,02d7000000050103020000
02d700000006010300010001:02d7000000050103020000|02d700000006010300010001:,02d7000000050103020000
02d800000006020300020001:02d8000000050203020000|02d800000006020100010001:,02d80000000402010100
02d800000006020300020001:02d8000000050203020000|02d900000006050300030001:,02d9000000050503020000
02d900000006010300010001:02d9000000050103020000|02d900000006050300030001:,02d9000000050503020000
00dd000000062c01002c0001:00dd000000042c010100|02da00000006030100010001:,02da0000000403010100
02da00000006020100010001:02da0000000402010100|02da00000006030100010001:,02da0000000403010100
02db00000006040100020001:02db0000000404010100|02db00000006010300010001:,02db000000050103020000
02db00000006040100020001:02db0000000404010100|02dc00000006010300010001:,02dc000000050103020000
02dc00000006020100010001:02dc0000000402010100|02dc00000006010300010001:,02dc000000050103020000
02dd00000006020300020001:02dd000000050203020000|02dd00000006010300010001:,02dd000000050103020000
02dd00000006020300020001:02dd000000050203020000|02de00000006050300030001:,02de000000050503020000
02de00000006020100010001:02de0000000402010100|02de00000006050300030001:,02de000000050503020000
02df00000006030100010001:02df0000000403010100|02df00000006010300010001:,02df000000050103020000
00de000000062d01002d0001:00de000000042d010100|02df00000006030100010001:,02df0000000403010100
02e000000006040100020001:02e00000000404010100|02e000000006020100010001:,02e00000000402010100
02e000000006040100020001:02e00000000404010100|02e100000006010300010001:,02e1000000050103020000
02e100000006010300010001:02e1000000050103020000|02e100000006010300010001:,02e1000000050103020000
02e200000006020300020001:02e2000000050203020000|00df000000062e01002e0001:,00df000000042e010100
02e200000006020100010001:02e20000000402010100|02e200000006020300020001:,02e2000000050203020000
02e300000006050300030001:02e3000000050503020000|02e300000006010300010001:,02e3000000050103020000
02e400000006030100010001:02e40000000403010100|02e300000006050300030001:,02e3000000050503020000
02e400000006020100010001:02e40000000402010100|02e500000006040100020001:,02e50000000404010100
02e400000006030100010001:02e40000000403010100|02e500000006010300010001:,02e5000000050103020000
02e600000006010300010001:02e6000000050103020000|02e500000006040100020001:,02e50000000404010100
02e700000006020300020001:02e7000000050203020000|02e600000006020100010001:,02e60000000402010100
02e600000006010300010001:02e6000000050103020000|02e800000006050300030001:,02e8000000050503020000
00e0000000062f01002f0001:00e0000000042f010100|02e700000006010300010001:,02e7000000050103020000
02e900000006030100010001:02e90000000403010100|02e700000006020300020001:,02e7000000050203020000
000100000006000300010001:0001000000050003020000|02ea00000006040100020001:,02ea0000000404010100
02e800000006020100010001:02e80000000402010100|02e800000006050300030001:,02e8000000050503020000
02eb00000006010300010001:02eb000000050103020000|02e900000006010300010001:,02e9000000050103020000
02ec00000006020300020001:02ec000000050203020000|02e900000006030100010001:,02e90000000403010100
02ea00000006020100010001:02ea0000000402010100|02ed00000006050300030001:,02ed000000050503020000
02ea00000006040100020001:02ea0000000404010100|02eb00000006010300010001:,02eb000000050103020000
02ee00000006030100010001:02ee0000000403010100|02eb00000006010300010001:,02eb000000050103020000
02ec00000006020100010001:02ec0000000402010100|00e100000006300100300001:,00e10000000430010100
02ef00000006040100020001:02ef0000000404010100|02ec00000006020300020001:,02ec000000050203020000
02f000000006010300010001:02f0000000050103020000|02ed00000006010300010001:,02ed000000050103020000
02ed00000006050300030001:02ed000000050503020000|02f100000006020300020001:,02f1000000050203020000
02ee00000006020100010001:02ee0000000402010100|02f200000006050300030001:,02f2000000050503020000
02ee00000006030100010001:02ee0000000403010100|00e200000006310100310001:,00e20000000431010100
02ef00000006010300010001:02ef000000050103020000|02f300000006030100010001:,02f30000000403010100
02ef00000006040100020001:02ef0000000404010100|02f400000006040100020001:,02f40000000404010100
02f000000006020100010001:02f00000000402010100|02f000000006010300010001:,02f0000000050103020000
02f500000006010300010001:02f5000000050103020000|02f100000006010300010001:,02f1000000050103020000
02f600000006020300020001:02f6000000050203020000|02f100000006020300020001:,02f1000000050203020000
02f200000006020100010001:02f20000000402010100|02f700000006050300030001:,02f7000000050503020000
02f200000006050300030001:02f2000000050503020000|02f800000006030100010001:,02f80000000403010100
02f300000006010300010001:02f3000000050103020000|02f300000006030100010001:,02f30000000403010100
02f900000006040100020001:02f90000000404010100|02f400000006020100010001:,02f40000000402010100
00e300000006010300010001:00e3000000050103020000|02fa00000006010300010001:,02fa000000050103020000
02f400000006040100020001:02f40000000404010100|02fb00000006020300020001:,02fb000000050203020000
02f500000006010300010001:02f5000000050103020000|02f500000006010300010001:,02f5000000050103020000
02fc00000006050300030001:02fc000000050503020000|02f600000006020100010001:,02f60000000402010100
02f600000006020300020001:02f6000000050203020000|02fd00000006030100010001:,02fd0000000403010100
02f700000006010300010001:02f7000000050103020000|02fe00000006040100020001:,02fe0000000404010100
02f700000006050300030001:02f7000000050503020000|02f800000006020100010001:,02f80000000402010100
02ff00000006010300010001:02ff000000050103020000|02f800000006030100010001:,02f80000000403010100
02f900000006010300010001:02f9000000050103020000|030000000006020300020001:,0300000000050203020000
02f900000006040100020001:02f90000000404010100|00e400000006020300020001:,00e4000000050203020000
02fa00000006020100010001:02fa0000000402010100|030100000006050300030001:,0301000000050503020000
02fa00000006010300010001:02fa000000050103020000|02fb00000006010300010001:,02fb000000050103020000
030200000006030100010001:03020000000403010100|02fb00000006020300020001:,02fb000000050203020000
02fc00000006020100010001:02fc0000000402010100|030300000006040100020001:,03030000000404010100
00e500000006040300030001:00e5000000050403020000|02fc00000006050300030001:,02fc000000050503020000
030400000006010300010001:0304000000050103020000|02fd00000006030100010001:,02fd0000000403010100
02fd00000006010300010001:02fd000000050103020000|030500000006020300020001:,0305000000050203020000
02fe00000006040100020001:02fe0000000404010100|02fe00000006020100010001:,02fe0000000402010100
030600000006050300030001:0306000000050503020000|000100000006000300010001:,0001000000050003020000
030700000006030100010001:03070000000403010100|02ff00000006010300010001:,02ff000000050103020000
02ff00000006010300010001:02ff000000050103020000|030800000006040100020001:,03080000000404010100
030000000006020300020001:0300000000050203020000|030000000006020100010001:,03000000000402010100
030900000006010300010001:0309000000050103020000|030100000006050300030001:,0301000000050503020000
030100000006010300010001:0301000000050103020000|00e600000006030300040001:,00e6000000050303020000
030a00000006020300020001:030a000000050203020000|030200000006030100010001:,03020000000403010100
030200000006020100010001:03020000000402010100|030b00000006050300030001:,030b000000050503020000
030300000006040100020001:03030000000404010100|030300000006010300010001:,0303000000050103020000
030c00000006030100010001:030c0000000403010100|030400000006020100010001:,03040000000402010100
030400000006010300010001:0304000000050103020000|030d00000006040100020001:,030d0000000404010100
030500000006010300010001:0305000000050103020000|030500000006020300020001:,0305000000050203020000
030e00000006010300010001:030e000000050103020000|030600000006050300030001:,0306000000050503020000
030600000006020100010001:03060000000402010100|00e700000006050300050001:,00e7000000050503020000
030f00000006020300020001:030f000000050203020000|030700000006030100010001:,03070000000403010100
030700000006010300010001:0307000000050103020000|031000000006050300030001:,0310000000050503020000
030800000006040100020001:03080000000404010100|030800000006020100010001:,03080000000402010100
031100000006030100010001:03110000000403010100|030900000006010300010001:,0309000000050103020000
030900000006010300010001:0309000000050103020000|00e800000006140100140001:,00e80000000414010100
031200000006040100020001:03120000000404010100|030a00000006020300020001:,030a000000050203020000
030a00000006020100010001:030a0000000402010100|030b00000006050300030001:,030b000000050503020000
030b00000006010300010001:030b000000050103020000|031300000006010300010001:,0313000000050103020000
030c00000006030100010001:030c0000000403010100|030c00000006020100010001:,030c0000000402010100
031400000006020300020001:0314000000050203020000|030d00000006040100020001:,030d0000000404010100
030d00000006010300010001:030d000000050103020000|031500000006050300030001:,0315000000050503020000
030e00000006010300010001:030e000000050103020000|030e00000006020100010001:,030e0000000402010100
031600000006030100010001:03160000000403010100|00e900000006150100150001:,00e90000000415010100
030f00000006010300010001:030f000000050103020000|031700000006040100020001:,03170000000404010100
030f00000006020300020001:030f000000050203020000|031800000006010300010001:,0318000000050103020000
031000000006020100010001:03100000000402010100|031000000006050300030001:,0310000000050503020000
031900000006020300020001:0319000000050203020000|031100000006030100010001:,03110000000403010100
031100000006010300010001:0311000000050103020000|031a00000006050300030001:,031a000000050503020000
031200000006020100010001:03120000000402010100|031200000006040100020001:,03120000000404010100
031b00000006030100010001:031b0000000403010100|031300000006010300010001:,0313000000050103020000
031300000006010300010001:0313000000050103020000|031400000006020300020001:,0314000000050203020000
031c00000006040100020001:031c0000000404010100|00ea00000006160100160001:,00ea0000000416010100
031400000006020100010001:03140000000402010100|031d00000006010300010001:,031d000000050103020000
031500000006050300030001:0315000000050503020000|031500000006010300010001:,0315000000050103020000
031e00000006020300020001:031e000000050203020000|031600000006030100010001:,03160000000403010100
031600000006020100010001:03160000000402010100|031f00000006050300030001:,031f000000050503020000
00eb00000006170100170001:00eb0000000417010100|031700000006040100020001:,03170000000404010100
031700000006010300010001:0317000000050103020000|032000000006030100010001:,03200000000403010100
031800000006020100010001:03180000000402010100|031800000006010300010001:,0318000000050103020000
032100000006040100020001:03210000000404010100|031900000006020300020001:,0319000000050203020000
031900000006010300010001:0319000000050103020000|032200000006010300010001:,0322000000050103020000
031a00000006050300030001:031a000000050503020000|031a00000006020100010001:,031a0000000402010100
031b00000006010300010001:031b000000050103020000|031b00000006030100010001:,031b0000000403010100
032300000006020300020001:0323000000050203020000|00ec000000061e01001e0001:,00ec000000041e010100
031c00000006040100020001:031c0000000404010100|032400000006050300030001:,0324000000050503020000
031c00000006020100010001:031c0000000402010100|031d00000006010300010001:,031d000000050103020000
032500000006030100010001:03250000000403010100|031d00000006010300010001:,031d000000050103020000
032600000006040100020001:03260000000404010100|031e00000006020100010001:,031e0000000402010100
031e00000006020300020001:031e000000050203020000|031f00000006010300010001:,031f000000050103020000
032700000006010300010001:0327000000050103020000|031f00000006050300030001:,031f000000050503020000
032800000006020300020001:0328000000050203020000|032000000006020100010001:,03200000000402010100
032000000006030100010001:03200000000403010100|032900000006050300030001:,0329000000050503020000
032100000006040100020001:03210000000404010100|032100000006010300010001:,0321000000050103020000
00ed000000061f01001f0001:00ed000000041f010100|032a00000006030100010001:,032a0000000403010100
032200000006020100010001:03220000000402010100|032200000006010300010001:,0322000000050103020000
032300000006010300010001:0323000000050103020000|032b00000006040100020001:,032b0000000404010100
032300000006020300020001:0323000000050203020000|032c00000006010300010001:,032c000000050103020000
032400000006020100010001:03240000000402010100|032400000006050300030001:,0324000000050503020000
00ee00000006200100200001:00ee0000000420010100|032500000006030100010001:,03250000000403010100
032500000006010300010001:0325000000050103020000|032d00000006020300020001:,032d000000050203020000
032600000006040100020001:03260000000404010100|032e00000006050300030001:,032e000000050503020000
032600000006020100010001:03260000000402010100|032f00000006030100010001:,032f0000000403010100
032700000006010300010001:0327000000050103020000|032700000006010300010001:,0327000000050103020000
033000000006040100020001:03300000000404010100|032800000006020300020001:,0328000000050203020000
032800000006020100010001:03280000000402010100|033100000006010300010001:,0331000000050103020000
032900000006010300010001:0329000000050103020000|032900000006050300030001:,0329000000050503020000
00ef00000006210100210001:00ef0000000421010100|033200000006020300020001:,0332000000050203020000
032a00000006030100010001:032a0000000403010100|032a00000006020100010001:,032a0000000402010100
033300000006050300030001:0333000000050503020000|032b00000006010300010001:,032b000000050103020000
032b00000006040100020001:032b0000000404010100|033400000006030100010001:,03340000000403010100
032c00000006010300010001:032c000000050103020000|032c00000006020100010001:,032c0000000402010100
033500000006040100020001:03350000000404010100|032d00000006010300010001:,032d000000050103020000
032d00000006020300020001:032d000000050203020000|033600000006010300010001:,0336000000050103020000
032e00000006050300030001:032e000000050503020000|032e00000006020100010001:,032e0000000402010100
00f000000006220100220001:00f00000000422010100|033700000006020300020001:,0337000000050203020000
032f00000006030100010001:032f0000000403010100|032f00000006010300010001:,032f000000050103020000
033800000006050300030001:0338000000050503020000|033000000006020100010001:,03300000000402010100
033000000006040100020001:03300000000404010100|033100000006010300010001:,0331000000050103020000
033100000006010300010001:0331000000050103020000|033900000006030100010001:,03390000000403010100
00f100000006230100230001:00f10000000423010100|033200000006020300020001:,0332000000050203020000
033200000006020100010001:03320000000402010100|033a00000006040100020001:,033a0000000404010100
033300000006010300010001:0333000000050103020000|033300000006050300030001:,0333000000050503020000
033b00000006010300010001:033b000000050103020000|033400000006030100010001:,03340000000403010100
033c00000006020300020001:033c000000050203020000|033400000006020100010001:,03340000000402010100
033d00000006050300030001:033d000000050503020000|033500000006010300010001:,0335000000050103020000
033500000006040100020001:03350000000404010100|033600000006020100010001:,03360000000402010100
033600000006010300010001:0336000000050103020000|033e00000006030100010001:,033e0000000403010100
00f200000006240100240001:00f20000000424010100|033f00000006040100020001:,033f0000000404010100
033700000006020300020001:0337000000050203020000|033700000006010300010001:,0337000000050103020000
034000000006010300010001:0340000000050103020000|033800000006020100010001:,03380000000402010100
033800000006050300030001:0338000000050503020000|033900000006010300010001:,0339000000050103020000
034100000006020300020001:0341000000050203020000|033900000006030100010001:,03390000000403010100
033a00000006040100020001:033a0000000404010100|033a00000006020100010001:,033a0000000402010100
034200000006050300030001:0342000000050503020000|034300000006030100010001:,03430000000403010100
033b00000006010300010001:033b000000050103020000|033b00000006010300010001:,033b000000050103020000
033c00000006020100010001:033c0000000402010100|00f300000006250100250001:,00f30000000425010100
034400000006040100020001:03440000000404010100|033c00000006020300020001:,033c000000050203020000
034500000006010300010001:0345000000050103020000|033d00000006050300030001:,033d000000050503020000
033d00000006010300010001:033d000000050103020000|033e00000006030100010001:,033e0000000403010100
034600000006020300020001:0346000000050203020000|033e00000006020100010001:,033e0000000402010100
034700000006050300030001:0347000000050503020000|033f00000006010300010001:,033f000000050103020000
00f400000006260100260001:00f40000000426010100|033f00000006040100020001:,033f0000000404010100
034800000006030100010001:03480000000403010100|034000000006010300010001:,0340000000050103020000
034000000006020100010001:03400000000402010100|034900000006040100020001:,03490000000404010100
034100000006010300010001:0341000000050103020000|034100000006020300020001:,0341000000050203020000
034a00000006010300010001:034a000000050103020000|034200000006050300030001:,0342000000050503020000
034200000006020100010001:03420000000402010100|034b00000006020300020001:,034b000000050203020000
034300000006030100010001:03430000000403010100|034300000006010300010001:,0343000000050103020000
034400000006020100010001:03440000000402010100|034400000006040100020001:,03440000000404010100
034c00000006050300030001:034c000000050503020000|00f500000006270100270001:,00f50000000427010100
034500000006010300010001:0345000000050103020000|034500000006010300010001:,0345000000050103020000
034d00000006030100010001:034d0000000403010100|034e00000006040100020001:,034e0000000404010100
034600000006020300020001:0346000000050203020000|034600000006020100010001:,03460000000402010100
034f00000006010300010001:034f000000050103020000|034700000006010300010001:,0347000000050103020000
034700000006050300030001:0347000000050503020000|034800000006020100010001:,03480000000402010100
034800000006030100010001:03480000000403010100|035000000006020300020001:,0350000000050203020000
035100000006050300030001:0351000000050503020000|034900000006010300010001:,0349000000050103020000
034900000006040100020001:03490000000404010100|00f600000006280100280001:,00f60000000428010100
035200000006030100010001:03520000000403010100|034a00000006010300010001:,034a000000050103020000
034a00000006020100010001:034a0000000402010100|035300000006040100020001:,03530000000404010100
034b00000006020300020001:034b000000050203020000|034b00000006010300010001:,034b000000050103020000
035400000006010300010001:0354000000050103020000|034c00000006020100010001:,034c0000000402010100
00f700000006290100290001:00f70000000429010100|034c00000006050300030001:,034c000000050503020000
035500000006020300020001:0355000000050203020000|034d00000006010300010001:,034d000000050103020000
034d00000006030100010001:034d0000000403010100|035600000006050300030001:,0356000000050503020000
034e00000006040100020001:034e0000000404010100|034e00000006020100010001:,034e0000000402010100
035700000006030100010001:03570000000403010100|034f00000006010300010001:,034f000000050103020000
034f00000006010300010001:034f000000050103020000|035000000006020100010001:,03500000000402010100
035800000006040100020001:03580000000404010100|035000000006020300020001:,0350000000050203020000
035900000006010300010001:0359000000050103020000|035100000006010300010001:,0351000000050103020000
035100000006050300030001:0351000000050503020000|00f8000000062a01002a0001:,00f8000000042a010100
035200000006020100010001:03520000000402010100|035200000006030100010001:,03520000000403010100
035a00000006020300020001:035a000000050203020000|035b00000006050300030001:,035b000000050503020000
035300000006010300010001:0353000000050103020000|035300000006040100020001:,03530000000404010100
035c00000006030100010001:035c0000000403010100|035400000006010300010001:,0354000000050103020000
035400000006020100010001:03540000000402010100|035500000006010300010001:,0355000000050103020000
035d00000006040100020001:035d0000000404010100|035500000006020300020001:,0355000000050203020000
035e00000006010300010001:035e000000050103020000|035600000006020100010001:,03560000000402010100
035600000006050300030001:0356000000050503020000|00f9000000062b01002b0001:,00f9000000042b010100
035f00000006020300020001:035f000000050203020000|035700000006030100010001:,03570000000403010100
035700000006010300010001:0357000000050103020000|035800000006020100010001:,03580000000402010100
036000000006050300030001:0360000000050503020000|035800000006040100020001:,03580000000404010100
035900000006010300010001:0359000000050103020000|036100000006030100010001:,03610000000403010100
035900000006010300010001:0359000000050103020000|00fa000000062c01002c0001:,00fa000000042c010100
036200000006040100020001:03620000000404010100|035a00000006020100010001:,035a0000000402010100
035a00000006020300020001:035a000000050203020000|036300000006010300010001:,0363000000050103020000
035b00000006010300010001:035b000000050103020000|035b00000006050300030001:,035b000000050503020000
036400000006020300020001:0364000000050203020000|035c00000006030100010001:,035c0000000403010100
035c00000006020100010001:035c0000000402010100|000100000006000600020000:,000100000006000600020000
035d00000006010300010001:035d000000050103020000|035d00000006040100020001:,035d0000000404010100
036500000006050300030001:0365000000050503020000|035e00000006020100010001:,035e0000000402010100
035e00000006010300010001:035e000000050103020000|036600000006030100010001:,03660000000403010100
00fb000000062d01002d0001:00fb000000042d010100|035f00000006010300010001:,035f000000050103020000
035f00000006020300020001:035f000000050203020000|036700000006040100020001:,03670000000404010100
036000000006050300030001:0360000000050503020000|036800000006010300010001:,0368000000050103020000
036000000006020100010001:03600000000402010100|036900000006020300020001:,0369000000050203020000
036100000006030100010001:03610000000403010100|036100000006010300010001:,0361000000050103020000
036a00000006050300030001:036a000000050503020000|036200000006040100020001:,03620000000404010100
036200000006020100010001:03620000000402010100|036b00000006030100010001:,036b0000000403010100
036300000006010300010001:0363000000050103020000|036300000006010300010001:,0363000000050103020000
036c00000006040100020001:036c0000000404010100|036400000006020100010001:,03640000000402010100
036400000006020300020001:0364000000050203020000|00fc000000062e01002e0001:,00fc000000042e010100
036d00000006010300010001:036d000000050103020000|036500000006010300010001:,0365000000050103020000
036500000006050300030001:0365000000050503020000|036e00000006020300020001:,036e000000050203020000
036600000006020100010001:03660000000402010100|036600000006030100010001:,03660000000403010100
00fd000000062f01002f0001:00fd000000042f010100|036700000006040100020001:,03670000000404010100
036f00000006050300030001:036f000000050503020000|036700000006010300010001:,0367000000050103020000
037000000006030100010001:03700000000403010100|036800000006020100010001:,03680000000402010100
036800000006010300010001:0368000000050103020000|037100000006040100020001:,03710000000404010100
036900000006020300020001:0369000000050203020000|036900000006010300010001:,0369000000050103020000
037200000006010300010001:0372000000050103020000|036a00000006020100010001:,036a0000000402010100
036a00000006050300030001:036a000000050503020000|036b00000006030100010001:,036b0000000403010100
037300000006020300020001:0373000000050203020000|036b00000006010300010001:,036b000000050103020000
000100000006000600020000:000100000006000600020000|036c00000006040100020001:,036c0000000404010100
037400000006050300030001:0374000000050503020000|036c00000006020100010001:,036c0000000402010100
00fe00000006300100300001:00fe0000000430010100|036d00000006010300010001:,036d000000050103020000
037500000006030100010001:03750000000403010100|036d00000006010300010001:,036d000000050103020000
036e00000006020300020001:036e000000050203020000|037600000006040100020001:,03760000000404010100
036e00000006020100010001:036e0000000402010100|037700000006010300010001:,0377000000050103020000
036f00000006010300010001:036f000000050103020000|036f00000006050300030001:,036f000000050503020000
037800000006020300020001:0378000000050203020000|037000000006020100010001:,03700000000402010100
037000000006030100010001:03700000000403010100|037900000006050300030001:,0379000000050503020000
037100000006040100020001:03710000000404010100|037100000006010300010001:,0371000000050103020000
00ff00000006310100310001:00ff0000000431010100|037200000006020100010001:,03720000000402010100
037a00000006030100010001:037a0000000403010100|037200000006010300010001:,0372000000050103020000
037300000006020300020001:0373000000050203020000|037300000006010300010001:,0373000000050103020000
037b00000006040100020001:037b0000000404010100|037c00000006010300010001:,037c000000050103020000
010000000006010300010001:0100000000050103020000|037400000006020100010001:,03740000000402010100
037400000006050300030001:0374000000050503020000|037d00000006020300020001:,037d000000050203020000
037500000006030100010001:03750000000403010100|037500000006010300010001:,0375000000050103020000
037e00000006050300030001:037e000000050503020000|037600000006040100020001:,03760000000404010100
037600000006020100010001:03760000000402010100|037f00000006030100010001:,037f0000000403010100
037700000006010300010001:0377000000050103020000|037700000006010300010001:,0377000000050103020000
037800000006020100010001:03780000000402010100|037800000006020300020001:,0378000000050203020000
038000000006040100020001:03800000000404010100|038100000006010300010001:,0381000000050103020000
037900000006050300030001:0379000000050503020000|037900000006010300010001:,0379000000050103020000
010100000006020300020001:0101000000050203020000|038200000006020300020001:,0382000000050203020000
037a00000006030100010001:037a0000000403010100|037a00000006020100010001:,037a0000000402010100
038300000006050300030001:0383000000050503020000|037b00000006040100020001:,037b0000000404010100
037b00000006010300010001:037b000000050103020000|038400000006030100010001:,03840000000403010100
037c00000006010300010001:037c000000050103020000|037c00000006020100010001:,037c0000000402010100
038500000006040100020001:03850000000404010100|037d00000006020300020001:,037d000000050203020000
037d00000006010300010001:037d000000050103020000|038600000006010300010001:,0386000000050103020000
037e00000006050300030001:037e000000050503020000|037e00000006020100010001:,037e0000000402010100
010200000006040300030001:0102000000050403020000|038700000006020300020001:,0387000000050203020000
037f00000006010300010001:037f000000050103020000|037f00000006030100010001:,037f0000000403010100
038800000006050300030001:0388000000050503020000|038000000006040100020001:,03800000000404010100
038000000006020100010001:03800000000402010100|038900000006030100010001:,03890000000403010100
038100000006010300010001:0381000000050103020000|038100000006010300010001:,0381000000050103020000
010300000006030300040001:0103000000050303020000|038a00000006040100020001:,038a0000000404010100
038200000006020300020001:0382000000050203020000|038200000006020100010001:,03820000000402010100
038b00000006010300010001:038b000000050103020000|038300000006050300030001:,0383000000050503020000
038300000006010300010001:0383000000050103020000|038400000006020100010001:,03840000000402010100
038c00000006020300020001:038c000000050203020000|038400000006030100010001:,03840000000403010100
038d00000006050300030001:038d000000050503020000|038500000006040100020001:,03850000000404010100
038500000006010300010001:0385000000050103020000|038e00000006030100010001:,038e0000000403010100
038600000006020100010001:03860000000402010100|038600000006010300010001:,0386000000050103020000
010400000006050300050001:0104000000050503020000|038f00000006040100020001:,038f0000000404010100
038700000006020300020001:0387000000050203020000|038700000006010300010001:,0387000000050103020000
039000000006010300010001:0390000000050103020000|038800000006020100010001:,03880000000402010100
038800000006050300030001:0388000000050503020000|000100000006000300050001:,0001000000050003020000
039100000006020300020001:0391000000050203020000|038900000006010300010001:,0389000000050103020000
038900000006030100010001:03890000000403010100|038a00000006020100010001:,038a0000000402010100
039200000006050300030001:0392000000050503020000|038a00000006040100020001:,038a0000000404010100
038b00000006010300010001:038b000000050103020000|039300000006030100010001:,03930000000403010100
038b00000006010300010001:038b000000050103020000|010500000006140100140001:,01050000000414010100
039400000006040100020001:03940000000404010100|038c00000006020300020001:,038c000000050203020000
038c00000006020100010001:038c0000000402010100|039500000006010300010001:,0395000000050103020000
038d00000006010300010001:038d000000050103020000|038d00000006050300030001:,038d000000050503020000
039600000006020300020001:0396000000050203020000|038e00000006020100010001:,038e0000000402010100
038e00000006030100010001:038e0000000403010100|038f00000006040100020001:,038f0000000404010100
038f00000006010300010001:038f000000050103020000|039700000006050300030001:,0397000000050503020000
010600000006150100150001:01060000000415010100|039800000006030100010001:,03980000000403010100
039000000006010300010001:0390000000050103020000|039000000006020100010001:,03900000000402010100
039900000006040100020001:03990000000404010100|039100000006010300010001:,0391000000050103020000
039100000006020300020001:0391000000050203020000|039200000006050300030001:,0392000000050503020000
039a00000006010300010001:039a000000050103020000|039200000006020100010001:,03920000000402010100
039300000006030100010001:03930000000403010100|039300000006010300010001:,0393000000050103020000
039b00000006020300020001:039b000000050203020000|039c00000006050300030001:,039c000000050503020000
039400000006020100010001:03940000000402010100|039400000006040100020001:,03940000000404010100
010700000006160100160001:01070000000416010100|039500000006010300010001:,0395000000050103020000
039500000006010300010001:0395000000050103020000|039d00000006030100010001:,039d0000000403010100
039e00000006040100020001:039e0000000404010100|039600000006020300020001:,0396000000050203020000
039600000006020100010001:03960000000402010100|039f00000006010300010001:,039f000000050103020000
039700000006010300010001:0397000000050103020000|039700000006050300030001:,0397000000050503020000
03a000000006020300020001:03a0000000050203020000|039800000006030100010001:,03980000000403010100
039800000006020100010001:03980000000402010100|03a100000006050300030001:,03a1000000050503020000
039900000006040100020001:03990000000404010100|039900000006010300010001:,0399000000050103020000
010800000006170100170001:01080000000417010100|03a200000006030100010001:,03a20000000403010100
039a00000006010300010001:039a000000050103020000|039a00000006020100010001:,039a0000000402010100
03a300000006040100020001:03a30000000404010100|039b00000006020300020001:,039b000000050203020000
039b00000006010300010001:039b000000050103020000|03a400000006010300010001:,03a4000000050103020000
039c00000006020100010001:039c0000000402010100|039c00000006050300030001:,039c000000050503020000
0109000000061e01001e0001:0109000000041e010100|03a500000006020300020001:,03a5000000050203020000
039d00000006030100010001:039d0000000403010100|039d00000006010300010001:,039d000000050103020000
03a600000006050300030001:03a6000000050503020000|039e00000006040100020001:,039e0000000404010100
039e00000006020100010001:039e0000000402010100|03a700000006030100010001:,03a70000000403010100
039f00000006010300010001:039f000000050103020000|039f00000006010300010001:,039f000000050103020000
03a000000006020100010001:03a00000000402010100|03a800000006040100020001:,03a80000000404010100
03a000000006020300020001:03a0000000050203020000|03a100000006010300010001:,03a1000000050103020000
03a900000006010300010001:03a9000000050103020000|03a100000006050300030001:,03a1000000050503020000
010a000000061f01001f0001:010a000000041f010100|03a200000006030100010001:,03a20000000403010100
03aa00000006020300020001:03aa000000050203020000|03a200000006020100010001:,03a20000000402010100
03ab00000006050300030001:03ab000000050503020000|03a300000006040100020001:,03a30000000404010100
03a300000006010300010001:03a3000000050103020000|03ac00000006030100010001:,03ac0000000403010100
03a400000006020100010001:03a40000000402010100|03a400000006010300010001:,03a4000000050103020000
03a500000006010300010001:03a5000000050103020000|03ad00000006040100020001:,03ad0000000404010100
03a500000006020300020001:03a5000000050203020000|03ae00000006010300010001:,03ae000000050103020000
03a600000006050300030001:03a6000000050503020000|03a600000006020100010001:,03a60000000402010100
03af00000006020300020001:03af000000050203020000|010b00000006200100200001:,010b0000000420010100
03a700000006030100010001:03a70000000403010100|03a700000006010300010001:,03a7000000050103020000
03a800000006040100020001:03a80000000404010100|03a800000006020100010001:,03a80000000402010100
03b000000006050300030001:03b0000000050503020000|03a900000006010300010001:,03a9000000050103020000
03a900000006010300010001:03a9000000050103020000|03b100000006030100010001:,03b10000000403010100
010c00000006210100210001:010c0000000421010100|03aa00000006020100010001:,03aa0000000402010100
03aa00000006020300020001:03aa000000050203020000|03b200000006040100020001:,03b20000000404010100
03ab00000006010300010001:03ab000000050103020000|03b300000006010300010001:,03b3000000050103020000
03ab00000006050300030001:03ab000000050503020000|03ac00000006020100010001:,03ac0000000402010100
03b400000006020300020001:03b4000000050203020000|03ac00000006030100010001:,03ac0000000403010100
03ad00000006010300010001:03ad000000050103020000|03b500000006050300030001:,03b5000000050503020000
03ad00000006040100020001:03ad0000000404010100|03ae00000006020100010001:,03ae0000000402010100
03ae00000006010300010001:03ae000000050103020000|03b600000006030100010001:,03b60000000403010100
03af00000006010300010001:03af000000050103020000|03b700000006040100020001:,03b70000000404010100
03af00000006020300020001:03af000000050203020000|010d00000006220100220001:,010d0000000422010100
03b000000006020100010001:03b00000000402010100|03b800000006010300010001:,03b8000000050103020000
03b000000006050300030001:03b0000000050503020000|03b100000006010300010001:,03b1000000050103020000
000100000006000500310000:000100000006000500310000|03b100000006030100010001:,03b10000000403010100
03b900000006020300020001:03b9000000050203020000|03b200000006020100010001:,03b20000000402010100
03b200000006040100020001:03b20000000404010100|03ba00000006050300030001:,03ba000000050503020000
03b300000006010300010001:03b3000000050103020000|03b300000006010300010001:,03b3000000050103020000
03bb00000006030100010001:03bb0000000403010100|03b400000006020100010001:,03b40000000402010100
03bc00000006040100020001:03bc0000000404010100|03b400000006020300020001:,03b4000000050203020000
03b500000006010300010001:03b5000000050103020000|010e00000006230100230001:,010e0000000423010100
03bd00000006010300010001:03bd000000050103020000|03b500000006050300030001:,03b5000000050503020000
03b600000006020100010001:03b60000000402010100|03b600000006030100010001:,03b60000000403010100
03be00000006020300020001:03be000000050203020000|03b700000006010300010001:,03b7000000050103020000
03b700000006040100020001:03b70000000404010100|03bf00000006050300030001:,03bf000000050503020000
03b800000006020100010001:03b80000000402010100|010f00000006240100240001:,010f0000000424010100
03b800000006010300010001:03b8000000050103020000|03c000000006030100010001:,03c00000000403010100
03b900000006010300010001:03b9000000050103020000|03b900000006020300020001:,03b9000000050203020000
03c100000006040100020001:03c10000000404010100|03ba00000006020100010001:,03ba0000000402010100
03ba00000006050300030001:03ba000000050503020000|03c200000006010300010001:,03c2000000050103020000
03bb00000006010300010001:03bb000000050103020000|03bb00000006030100010001:,03bb0000000403010100
03c300000006020300020001:03c3000000050203020000|03bc00000006020100010001:,03bc0000000402010100
03c400000006050300030001:03c4000000050503020000|03bc00000006040100020001:,03bc0000000404010100
03bd00000006010300010001:03bd000000050103020000|03c500000006030100010001:,03c50000000403010100
03bd00000006010300010001:03bd000000050103020000|03be00000006020100010001:,03be0000000402010100



