csv-epoch,step,csv-train_loss_step,csv-val_loss_step,csv-val_loss_epoch,csv-accuracy/exact,csv-accuracy/validator,csv-train_loss_epoch
0,0,3.682358741760254,,,,,
0,1,3.256821393966675,,,,,
0,2,2.9560909271240234,,,,,
0,3,2.364447832107544,,,,,
0,4,3.003641128540039,,,,,
0,5,2.3767805099487305,,,,,
0,6,2.3336641788482666,,,,,
0,7,3.7322580814361572,,,,,
0,8,2.3565077781677246,,,,,
0,9,2.5496068000793457,,,,,
0,10,3.144425868988037,,,,,
0,11,2.2385616302490234,,,,,
0,12,1.9612863063812256,,,,,
0,13,2.574047088623047,,,,,
0,14,1.766884684562683,,,,,
0,15,2.0183093547821045,,,,,
0,16,1.8521106243133545,,,,,
0,17,2.0430073738098145,,,,,
0,18,2.3892223834991455,,,,,
0,19,1.952141523361206,,,,,
0,20,1.9572423696517944,,,,,
0,21,2.0410876274108887,,,,,
0,22,1.7891371250152588,,,,,
0,23,1.5130034685134888,,,,,
0,24,2.5012946128845215,,,,,
0,25,1.8347777128219604,,,,,
0,26,3.077268362045288,,,,,
0,27,1.720806360244751,,,,,
0,28,1.8336008787155151,,,,,
0,29,2.009883165359497,,,,,
0,30,1.5262514352798462,,,,,
0,31,1.6371681690216064,,,,,
0,32,1.3339498043060303,,,,,
0,33,1.3968920707702637,,,,,
0,34,1.398489236831665,,,,,
0,35,1.1606215238571167,,,,,
0,36,1.6758778095245361,,,,,
0,37,1.3702325820922852,,,,,
0,38,1.3597642183303833,,,,,
0,39,1.3262741565704346,,,,,
0,40,1.1204018592834473,,,,,
0,41,1.2654310464859009,,,,,
0,42,1.1706207990646362,,,,,
0,43,1.6647193431854248,,,,,
0,44,1.6135828495025635,,,,,
0,45,1.2693923711776733,,,,,
0,46,1.4203547239303589,,,,,
0,47,1.1914401054382324,,,,,
0,48,0.741162121295929,,,,,
0,49,1.337932825088501,,,,,
0,50,1.3647181987762451,,,,,
0,51,0.7025105953216553,,,,,
0,52,1.9029477834701538,,,,,
0,53,0.9267489314079285,,,,,
0,54,1.4466559886932373,,,,,
0,55,0.8589443564414978,,,,,
0,56,0.938012421131134,,,,,
0,57,1.4502642154693604,,,,,
0,58,1.0417057275772095,,,,,
0,59,0.8811155557632446,,,,,
0,60,1.0989354848861694,,,,,
0,61,1.0572290420532227,,,,,
0,62,1.0449591875076294,,,,,
0,63,1.1417182683944702,,,,,
0,64,1.2319738864898682,,,,,
0,65,0.9038930535316467,,,,,
0,66,0.9765841364860535,,,,,
0,67,0.5700773596763611,,,,,
0,68,1.1080372333526611,,,,,
0,69,1.549136757850647,,,,,
0,70,0.7344354391098022,,,,,
0,71,1.0484005212783813,,,,,
0,72,1.1190648078918457,,,,,
0,73,0.895016610622406,,,,,
0,74,0.9626022577285767,,,,,
0,75,1.1502197980880737,,,,,
0,76,0.5219436287879944,,,,,
0,77,1.051406979560852,,,,,
0,78,0.67690509557724,,,,,
0,79,0.859317421913147,,,,,
0,80,0.904425323009491,,,,,
0,81,0.9536550641059875,,,,,
0,82,0.6623842716217041,,,,,
0,83,0.836753785610199,,,,,
0,84,1.2365846633911133,,,,,
0,85,0.5731552839279175,,,,,
0,86,0.6873015761375427,,,,,
0,87,0.7689462900161743,,,,,
0,88,0.922886073589325,,,,,
0,89,0.9748862385749817,,,,,
0,90,1.2040114402770996,,,,,
0,91,0.9874337315559387,,,,,
0,92,1.0678117275238037,,,,,
0,93,0.748711347579956,,,,,
0,94,0.8592204451560974,,,,,
0,95,0.9393085837364197,,,,,
0,96,1.0999606847763062,,,,,
0,97,0.7400111556053162,,,,,
0,98,1.0277063846588135,,,,,
,0,,0.3222057521343231,,,,
,1,,0.5754376649856567,,,,
,2,,0.15341827273368835,,,,
,3,,0.761978030204773,,,,
,4,,0.1872199922800064,,,,
,5,,0.40463975071907043,,,,
,6,,0.7358608841896057,,,,
,7,,0.2569201588630676,,,,
,8,,0.709801197052002,,,,
,9,,0.4822733700275421,,,,
,10,,0.9266120195388794,,,,
,11,,0.2190466821193695,,,,
,12,,0.1974170058965683,,,,
,13,,0.8656659126281738,,,,
,14,,0.32147958874702454,,,,
,15,,0.5532432198524475,,,,
,16,,0.4362544119358063,,,,
,17,,0.22618480026721954,,,,
,18,,0.19592617452144623,,,,
,19,,0.6128848791122437,,,,
,20,,0.15486611425876617,,,,
,21,,0.3304001986980438,,,,
,22,,0.730146586894989,,,,
,23,,0.6015357971191406,,,,
,24,,0.7871394753456116,,,,
,25,,0.15647098422050476,,,,
,26,,0.7794848084449768,,,,
,27,,0.1640811413526535,,,,
,28,,0.19071191549301147,,,,
,29,,0.8294291496276855,,,,
,30,,0.28971749544143677,,,,
,31,,0.26775801181793213,,,,
,32,,0.4545133709907532,,,,
,33,,0.22481539845466614,,,,
,34,,0.17824487388134003,,,,
,35,,0.6893271207809448,,,,
,36,,0.7992832064628601,,,,
,37,,0.2760753631591797,,,,
,38,,0.1449842005968094,,,,
,39,,0.38303667306900024,,,,
,40,,0.7009603977203369,,,,
,41,,0.21557438373565674,,,,
,42,,0.7373108863830566,,,,
,43,,0.19870252907276154,,,,
,44,,0.362958699464798,,,,
,45,,0.6726462841033936,,,,
,46,,0.15903739631175995,,,,
,47,,0.643398642539978,,,,
,48,,0.45581698417663574,,,,
,49,,0.18430939316749573,,,,
,50,,0.16565893590450287,,,,
,51,,0.6521822810173035,,,,
,52,,0.14504693448543549,,,,
,53,,0.36896416544914246,,,,
,54,,0.15018831193447113,,,,
,55,,0.42399707436561584,,,,
,56,,0.7399303317070007,,,,
,57,,0.7498434782028198,,,,
,58,,0.46074023842811584,,,,
,59,,0.20053602755069733,,,,
,60,,0.3386763632297516,,,,
,61,,0.814530074596405,,,,
,62,,0.17012788355350494,,,,
,63,,0.6444210410118103,,,,
,64,,0.43593624234199524,,,,
,65,,0.18003082275390625,,,,
,66,,0.2594250440597534,,,,
,67,,0.23329521715641022,,,,
,68,,0.6903225183486938,,,,
,69,,0.3010028898715973,,,,
,70,,0.15986329317092896,,,,
,71,,0.4005719721317291,,,,
,72,,0.814227819442749,,,,
,73,,0.1812107264995575,,,,
,74,,0.7191652059555054,,,,
,75,,0.17701376974582672,,,,
,76,,0.34386739134788513,,,,
,77,,0.7324697375297546,,,,
,78,,0.7976710200309753,,,,
,79,,0.27773767709732056,,,,
,80,,0.19286176562309265,,,,
,81,,0.3973461389541626,,,,
,82,,0.7987841963768005,,,,
,83,,0.2340661585330963,,,,
,84,,0.7546221613883972,,,,
,85,,0.2728443145751953,,,,
,86,,0.13208088278770447,,,,
,87,,0.5094262361526489,,,,
,88,,0.1978764832019806,,,,
,89,,0.6476982831954956,,,,
,90,,0.43167632818222046,,,,
,91,,0.1588657647371292,,,,
,92,,0.34887003898620605,,,,
,93,,0.8193257451057434,,,,
,94,,0.15437434613704681,,,,
,95,,0.6396432518959045,,,,
,96,,0.19166052341461182,,,,
,97,,0.35373666882514954,,,,
,98,,0.8585063219070435,,,,
0,98,,,0.4316173791885376,,,
0,98,,,,0.05050504952669144,0.12121212482452393,1.4769845008850098
1,99,0.5702918171882629,,,,,
1,100,0.7484691143035889,,,,,
1,101,0.9808266758918762,,,,,
1,102,0.7411270141601562,,,,,
1,103,0.5120580196380615,,,,,
1,104,1.03658926486969,,,,,
1,105,0.4234488010406494,,,,,
1,106,0.5200678706169128,,,,,
1,107,0.7852975726127625,,,,,
1,108,0.7102150321006775,,,,,
1,109,0.8328118920326233,,,,,
1,110,0.8067445158958435,,,,,
1,111,1.046249508857727,,,,,
1,112,0.4800034463405609,,,,,
1,113,0.6067401170730591,,,,,
1,114,0.6852924823760986,,,,,
1,115,0.787512481212616,,,,,
1,116,0.9713363647460938,,,,,
1,117,0.6002741456031799,,,,,
1,118,1.348028540611267,,,,,
1,119,0.5875377655029297,,,,,
1,120,0.813705325126648,,,,,
1,121,0.3985796868801117,,,,,
1,122,0.9334341883659363,,,,,
1,123,0.21045373380184174,,,,,
1,124,0.5024613738059998,,,,,
1,125,1.4203037023544312,,,,,
1,126,0.711819052696228,,,,,
1,127,0.43350714445114136,,,,,
1,128,0.6189510822296143,,,,,
1,129,0.4674720764160156,,,,,
1,130,0.783525288105011,,,,,
1,131,0.41959938406944275,,,,,
1,132,0.5365883708000183,,,,,
1,133,0.4750816822052002,,,,,
1,134,0.6120064854621887,,,,,
1,135,0.4139907658100128,,,,,
1,136,0.4713704586029053,,,,,
1,137,0.669080376625061,,,,,
1,138,0.3209906816482544,,,,,
1,139,0.3887545168399811,,,,,
1,140,0.4671058654785156,,,,,
1,141,0.4503932297229767,,,,,
1,142,0.5329413414001465,,,,,
1,143,0.6834293007850647,,,,,
1,144,0.7439213991165161,,,,,
1,145,0.4721531569957733,,,,,
1,146,0.7615514397621155,,,,,
1,147,0.4857608675956726,,,,,
1,148,0.9790251851081848,,,,,
1,149,0.7771392464637756,,,,,
1,150,0.8024889230728149,,,,,
1,151,0.6550053358078003,,,,,
1,152,0.3330540359020233,,,,,
1,153,0.7428765296936035,,,,,
1,154,0.6578269004821777,,,,,
1,155,0.5108503103256226,,,,,
1,156,0.19816917181015015,,,,,
1,157,0.4148304760456085,,,,,
1,158,0.374743789434433,,,,,
1,159,0.4659823775291443,,,,,
1,160,0.6904812455177307,,,,,
1,161,0.38888227939605713,,,,,
1,162,0.44441327452659607,,,,,
1,163,0.6123283505439758,,,,,
1,164,0.3967612683773041,,,,,
1,165,0.39072924852371216,,,,,
1,166,0.5695267915725708,,,,,
1,167,0.722029447555542,,,,,
1,168,0.35483986139297485,,,,,
1,169,0.4900854527950287,,,,,
1,170,0.7715174555778503,,,,,
1,171,0.2768399119377136,,,,,
1,172,0.637469470500946,,,,,
1,173,0.48866915702819824,,,,,
1,174,0.43435993790626526,,,,,
1,175,0.21439604461193085,,,,,
1,176,0.3228512406349182,,,,,
1,177,0.446601539850235,,,,,
1,178,0.7979353666305542,,,,,
1,179,0.6478723287582397,,,,,
1,180,0.28912118077278137,,,,,
1,181,0.188055157661438,,,,,
1,182,0.38986480236053467,,,,,
1,183,0.21453306078910828,,,,,
1,184,0.24684345722198486,,,,,
1,185,0.8571978807449341,,,,,
1,186,0.38658392429351807,,,,,
1,187,0.2609892785549164,,,,,
1,188,0.2171953022480011,,,,,
1,189,0.1844145655632019,,,,,
1,190,0.4675404131412506,,,,,
1,191,0.46684402227401733,,,,,
1,192,0.9241405725479126,,,,,
1,193,0.26201674342155457,,,,,
1,194,0.5582898259162903,,,,,
1,195,0.6843357086181641,,,,,
1,196,0.5078005790710449,,,,,
1,197,0.44244956970214844,,,,,
,99,,0.07914870977401733,,,,
,100,,0.17749547958374023,,,,
,101,,0.015301721170544624,,,,
,102,,0.0906767025589943,,,,
,103,,0.024465860798954964,,,,
,104,,0.03710314631462097,,,,
,105,,0.16514146327972412,,,,
,106,,0.05578664317727089,,,,
,107,,0.22485658526420593,,,,
,108,,0.12771503627300262,,,,
,109,,0.38305312395095825,,,,
,110,,0.024764254689216614,,,,
,111,,0.01806953363120556,,,,
,112,,0.46364930272102356,,,,
,113,,0.08892498910427094,,,,
,114,,0.08145445585250854,,,,
,115,,0.0903078243136406,,,,
,116,,0.07537048310041428,,,,
,117,,0.01945425197482109,,,,
,118,,0.16571706533432007,,,,
,119,,0.010545491240918636,,,,
,120,,0.02669706381857395,,,,
,121,,0.1517678052186966,,,,
,122,,0.14976979792118073,,,,
,123,,0.7458793520927429,,,,
,124,,0.10476641356945038,,,,
,125,,0.6629654169082642,,,,
,126,,0.032971445471048355,,,,
,127,,0.011471790261566639,,,,
,128,,0.48148539662361145,,,,
,129,,0.10702023655176163,,,,
,130,,0.06238057091832161,,,,
,131,,0.08652979135513306,,,,
,132,,0.06706789880990982,,,,
,133,,0.022875528782606125,,,,
,134,,0.18663370609283447,,,,
,135,,0.23907652497291565,,,,
,136,,0.06032940000295639,,,,
,137,,0.020910851657390594,,,,
,138,,0.06472495943307877,,,,
,139,,0.5299676656723022,,,,
,140,,0.06447922438383102,,,,
,141,,0.5026673674583435,,,,
,142,,0.029564261436462402,,,,
,143,,0.05928449705243111,,,,
,144,,0.17363502085208893,,,,
,145,,0.013569372706115246,,,,
,146,,0.20121783018112183,,,,
,147,,0.11305660009384155,,,,
,148,,0.09219678491353989,,,,
,149,,0.015963377431035042,,,,
,150,,0.1327655017375946,,,,
,151,,0.018124070018529892,,,,
,152,,0.0471840426325798,,,,
,153,,0.01544872298836708,,,,
,154,,0.07907796651124954,,,,
,155,,0.6072091460227966,,,,
,156,,0.16981656849384308,,,,
,157,,0.13211067020893097,,,,
,158,,0.018959907814860344,,,,
,159,,0.033093441277742386,,,,
,160,,0.18023082613945007,,,,
,161,,0.019495254382491112,,,,
,162,,0.21953071653842926,,,,
,163,,0.1131066232919693,,,,
,164,,0.07398084551095963,,,,
,165,,0.06798244267702103,,,,
,166,,0.023905495181679726,,,,
,167,,0.22840334475040436,,,,
,168,,0.040549248456954956,,,,
,169,,0.02090589329600334,,,,
,170,,0.10864225775003433,,,,
,171,,0.7406951785087585,,,,
,172,,0.11224113404750824,,,,
,173,,0.4145824909210205,,,,
,174,,0.016729310154914856,,,,
,175,,0.02164127305150032,,,,
,176,,0.09548575431108475,,,,
,177,,0.11488144844770432,,,,
,178,,0.040839556604623795,,,,
,179,,0.07334624230861664,,,,
,180,,0.09889525175094604,,,,
,181,,0.4642776846885681,,,,
,182,,0.021196134388446808,,,,
,183,,0.22267262637615204,,,,
,184,,0.039337314665317535,,,,
,185,,0.020486250519752502,,,,
,186,,0.061121635138988495,,,,
,187,,0.056956205517053604,,,,
,188,,0.21010339260101318,,,,
,189,,0.14361807703971863,,,,
,190,,0.025135107338428497,,,,
,191,,0.03457679972052574,,,,
,192,,0.1929389387369156,,,,
,193,,0.020958052948117256,,,,
,194,,0.12124991416931152,,,,
,195,,0.04639624059200287,,,,
,196,,0.08914703875780106,,,,
,197,,0.5580902695655823,,,,
1,197,,,0.14048534631729126,,,
1,197,,,,0.3636363744735718,0.6868686676025391,0.5710975527763367
2,198,0.7305401563644409,,,,,
2,199,0.5064037442207336,,,,,
2,200,0.32400116324424744,,,,,
2,201,0.34036073088645935,,,,,
2,202,0.27735477685928345,,,,,
2,203,0.5146970152854919,,,,,
2,204,0.7904360890388489,,,,,
2,205,0.42435240745544434,,,,,
2,206,0.20785027742385864,,,,,
2,207,0.2915400266647339,,,,,
2,208,0.8310596942901611,,,,,
2,209,0.24613754451274872,,,,,
2,210,0.4372465908527374,,,,,
2,211,0.3167334496974945,,,,,
2,212,0.3988924026489258,,,,,
2,213,0.6138373613357544,,,,,
2,214,0.3059704303741455,,,,,
2,215,0.6814996004104614,,,,,
2,216,0.26963698863983154,,,,,
2,217,0.22675727307796478,,,,,
2,218,0.7300712466239929,,,,,
2,219,0.2863244116306305,,,,,
2,220,0.2881127595901489,,,,,
2,221,0.4259658455848694,,,,,
2,222,0.24497102200984955,,,,,
2,223,0.24110466241836548,,,,,
2,224,0.2185528576374054,,,,,
2,225,0.4001377522945404,,,,,
2,226,0.3385293781757355,,,,,
2,227,0.5566281676292419,,,,,
2,228,0.9187340140342712,,,,,
2,229,0.46534642577171326,,,,,
2,230,0.33892589807510376,,,,,
2,231,0.6442176103591919,,,,,
2,232,0.3686261773109436,,,,,
2,233,0.5956918597221375,,,,,
2,234,0.552210807800293,,,,,
2,235,0.4369460940361023,,,,,
2,236,0.21001598238945007,,,,,
2,237,0.37753844261169434,,,,,
2,238,0.2793985605239868,,,,,
2,239,0.3008202314376831,,,,,
2,240,0.463818222284317,,,,,
2,241,0.16120928525924683,,,,,
2,242,0.1667233407497406,,,,,
2,243,0.2823426127433777,,,,,
2,244,0.26484888792037964,,,,,
2,245,0.5536957383155823,,,,,
2,246,0.2262057214975357,,,,,
2,247,0.9269986152648926,,,,,
2,248,0.09771278500556946,,,,,
2,249,0.4989868700504303,,,,,
2,250,0.6389456391334534,,,,,
2,251,0.19292131066322327,,,,,
2,252,0.1424873322248459,,,,,
2,253,0.47774574160575867,,,,,
2,254,0.5297161340713501,,,,,
2,255,0.3810866177082062,,,,,
2,256,0.1720931977033615,,,,,
2,257,0.18711838126182556,,,,,
2,258,0.4058656692504883,,,,,
2,259,0.36368927359580994,,,,,
2,260,0.11121205985546112,,,,,
2,261,0.2586122453212738,,,,,
2,262,0.278121680021286,,,,,
2,263,0.35673364996910095,,,,,
2,264,0.4671690762042999,,,,,
2,265,0.7485376596450806,,,,,
2,266,0.10314564406871796,,,,,
2,267,0.7163290977478027,,,,,
2,268,0.19795525074005127,,,,,
2,269,0.2989427149295807,,,,,
2,270,0.2545829713344574,,,,,
2,271,0.17712919414043427,,,,,
2,272,0.13605821132659912,,,,,
2,273,0.16571909189224243,,,,,
2,274,0.39992040395736694,,,,,
2,275,0.13259677588939667,,,,,
2,276,0.10729712247848511,,,,,
2,277,0.5882712602615356,,,,,
2,278,0.22817768156528473,,,,,
2,279,0.4124181866645813,,,,,
2,280,0.4586915969848633,,,,,
2,281,0.18457676470279694,,,,,
2,282,0.6665270328521729,,,,,
2,283,0.2093936800956726,,,,,
2,284,0.14906969666481018,,,,,
2,285,0.4105076193809509,,,,,
2,286,0.10275699198246002,,,,,
2,287,0.18760469555854797,,,,,
2,288,0.13226859271526337,,,,,
2,289,0.24787744879722595,,,,,
2,290,0.18854780495166779,,,,,
2,291,0.060605984181165695,,,,,
2,292,0.3468259871006012,,,,,
2,293,0.15729175508022308,,,,,
2,294,0.3745655417442322,,,,,
2,295,0.06047452986240387,,,,,
2,296,0.4505438506603241,,,,,
,198,,0.02298669144511223,,,,
,199,,0.033705003559589386,,,,
,200,,0.019814301282167435,,,,
,201,,0.13192498683929443,,,,
,202,,0.04576599970459938,,,,
,203,,0.031958404928445816,,,,
,204,,0.07892222702503204,,,,
,205,,0.015278193168342113,,,,
,206,,0.1573968231678009,,,,
,207,,0.021769504994153976,,,,
,208,,0.32232430577278137,,,,
,209,,0.022716298699378967,,,,
,210,,0.02055666409432888,,,,
,211,,0.23066313564777374,,,,
,212,,0.04213391989469528,,,,
,213,,0.021204998716711998,,,,
,214,,0.017616713419556618,,,,
,215,,0.01740073226392269,,,,
,216,,0.023589668795466423,,,,
,217,,0.07427377253770828,,,,
,218,,0.02254495397210121,,,,
,219,,0.02600080892443657,,,,
,220,,0.06263311207294464,,,,
,221,,0.03187422826886177,,,,
,222,,0.2957746386528015,,,,
,223,,0.018506290391087532,,,,
,224,,0.2588406801223755,,,,
,225,,0.02583395317196846,,,,
,226,,0.0197854433208704,,,,
,227,,0.2537685036659241,,,,
,228,,0.05768848583102226,,,,
,229,,0.016829214990139008,,,,
,230,,0.019778965041041374,,,,
,231,,0.017251035198569298,,,,
,232,,0.021311640739440918,,,,
,233,,0.08986996114253998,,,,
,234,,0.21562252938747406,,,,
,235,,0.0330914668738842,,,,
,236,,0.020274845883250237,,,,
,237,,0.018523799255490303,,,,
,238,,0.2702158987522125,,,,
,239,,0.018262598663568497,,,,
,240,,0.20503956079483032,,,,
,241,,0.028981998562812805,,,,
,242,,0.05509079992771149,,,,
,243,,0.10166172683238983,,,,
,244,,0.020806297659873962,,,,
,245,,0.1129525825381279,,,,
,246,,0.017781825736165047,,,,
,247,,0.016146976500749588,,,,
,248,,0.024412786588072777,,,,
,249,,0.06323810666799545,,,,
,250,,0.03455384820699692,,,,
,251,,0.04484497383236885,,,,
,252,,0.017797432839870453,,,,
,253,,0.021218035370111465,,,,
,254,,0.28061696887016296,,,,
,255,,0.1235090121626854,,,,
,256,,0.022595301270484924,,,,
,257,,0.020275991410017014,,,,
,258,,0.026240408420562744,,,,
,259,,0.09325551986694336,,,,
,260,,0.02077028714120388,,,,
,261,,0.11197052896022797,,,,
,262,,0.021627431735396385,,,,
,263,,0.018814917653799057,,,,
,264,,0.04233749955892563,,,,
,265,,0.024405015632510185,,,,
,266,,0.178346648812294,,,,
,267,,0.032561324536800385,,,,
,268,,0.02083975076675415,,,,
,269,,0.020336374640464783,,,,
,270,,0.31072619557380676,,,,
,271,,0.015287856571376324,,,,
,272,,0.2524774670600891,,,,
,273,,0.019374258816242218,,,,
,274,,0.02536291629076004,,,,
,275,,0.06656362116336823,,,,
,276,,0.07636736333370209,,,,
,277,,0.07072322070598602,,,,
,278,,0.017317794263362885,,,,
,279,,0.037098951637744904,,,,
,280,,0.21290509402751923,,,,
,281,,0.020893936976790428,,,,
,282,,0.1430509239435196,,,,
,283,,0.03528476879000664,,,,
,284,,0.018274320289492607,,,,
,285,,0.02188495360314846,,,,
,286,,0.01633155532181263,,,,
,287,,0.13821595907211304,,,,
,288,,0.025737373158335686,,,,
,289,,0.022963130846619606,,,,
,290,,0.02859029732644558,,,,
,291,,0.09342731535434723,,,,
,292,,0.01872614026069641,,,,
,293,,0.06949038058519363,,,,
,294,,0.016353216022253036,,,,
,295,,0.02164243720471859,,,,
,296,,0.23292219638824463,,,,
2,296,,,0.0708819031715393,,,
2,296,,,,0.6868686676025391,0.8282828330993652,0.35975199937820435
3,297,0.4014892578125,,,,,
3,298,0.7569140791893005,,,,,
3,299,0.04998626187443733,,,,,
3,300,0.48284393548965454,,,,,
3,301,0.25746944546699524,,,,,
3,302,0.1636064201593399,,,,,
3,303,0.10661883652210236,,,,,
3,304,0.4441947042942047,,,,,
3,305,0.07114613801240921,,,,,
3,306,0.3289851248264313,,,,,
3,307,0.06933308392763138,,,,,
3,308,0.08682055026292801,,,,,
3,309,0.08698457479476929,,,,,
3,310,0.10142446309328079,,,,,
3,311,0.11333604902029037,,,,,
3,312,0.3150821030139923,,,,,
3,313,0.41441038250923157,,,,,
3,314,0.4357456564903259,,,,,
3,315,0.23652403056621552,,,,,
3,316,0.20681160688400269,,,,,
3,317,0.680250346660614,,,,,
3,318,0.4924137592315674,,,,,
3,319,0.19879665970802307,,,,,
3,320,0.08030714839696884,,,,,
3,321,0.40599095821380615,,,,,
3,322,0.28501251339912415,,,,,
3,323,0.17095699906349182,,,,,
3,324,0.07450291514396667,,,,,
3,325,0.32921966910362244,,,,,
3,326,0.15081800520420074,,,,,
3,327,0.0473422110080719,,,,,
3,328,0.4859492778778076,,,,,
3,329,0.1836513727903366,,,,,
3,330,0.4044574201107025,,,,,
3,331,0.2304041087627411,,,,,
3,332,0.3399108052253723,,,,,
3,333,0.059829894453287125,,,,,
3,334,0.42569592595100403,,,,,
3,335,0.24903379380702972,,,,,
3,336,0.06468071788549423,,,,,
3,337,0.09307580441236496,,,,,
3,338,0.2526300847530365,,,,,
3,339,0.40993645787239075,,,,,
3,340,0.09789479523897171,,,,,
3,341,0.19499853253364563,,,,,
3,342,0.0882190614938736,,,,,
3,343,0.15936650335788727,,,,,
3,344,0.387058824300766,,,,,
3,345,0.37004098296165466,,,,,
3,346,0.332035094499588,,,,,
3,347,0.13391751050949097,,,,,
3,348,0.09567416459321976,,,,,
3,349,0.5920878052711487,,,,,
3,350,0.05705210193991661,,,,,
3,351,0.5234648585319519,,,,,
3,352,0.08543773740530014,,,,,
3,353,0.19221822917461395,,,,,
3,354,0.2164624035358429,,,,,
3,355,0.20044520497322083,,,,,
3,356,0.2987564504146576,,,,,
3,357,0.17592032253742218,,,,,
3,358,0.5460371375083923,,,,,
3,359,0.47808727622032166,,,,,
3,360,0.16492310166358948,,,,,
3,361,0.06401675939559937,,,,,
3,362,0.30293917655944824,,,,,
3,363,0.11477220803499222,,,,,
3,364,0.11752915382385254,,,,,
3,365,0.43552759289741516,,,,,
3,366,0.12112493813037872,,,,,
3,367,0.3915475010871887,,,,,
3,368,0.23548699915409088,,,,,
3,369,0.600175678730011,,,,,
3,370,0.27814942598342896,,,,,
3,371,0.13030275702476501,,,,,
3,372,0.10253193974494934,,,,,
3,373,0.286326140165329,,,,,
3,374,0.3164363205432892,,,,,
3,375,0.20000311732292175,,,,,
3,376,0.1441756784915924,,,,,
3,377,0.2570754885673523,,,,,
3,378,0.059013716876506805,,,,,
3,379,0.13429972529411316,,,,,
3,380,0.19641990959644318,,,,,
3,381,0.3443024158477783,,,,,
3,382,0.17541377246379852,,,,,
3,383,0.1808786392211914,,,,,
3,384,0.11530803889036179,,,,,
3,385,0.5820770859718323,,,,,
3,386,0.4200579524040222,,,,,
3,387,0.0726078674197197,,,,,
3,388,0.23327259719371796,,,,,
3,389,0.2011239379644394,,,,,
3,390,0.1458297222852707,,,,,
3,391,0.09762535244226456,,,,,
3,392,0.16387122869491577,,,,,
3,393,0.1197919026017189,,,,,
3,394,0.08724689483642578,,,,,
3,395,0.1328873634338379,,,,,
,297,,0.064341239631176,,,,
,298,,0.09899460524320602,,,,
,299,,0.12329686433076859,,,,
,300,,0.09122154116630554,,,,
,301,,0.030298208817839622,,,,
,302,,0.040558651089668274,,,,
,303,,0.10845795273780823,,,,
,304,,0.044539760798215866,,,,
,305,,0.10225632041692734,,,,
,306,,0.09635602682828903,,,,
,307,,0.3239993751049042,,,,
,308,,0.040237803012132645,,,,
,309,,0.03812805563211441,,,,
,310,,0.15087902545928955,,,,
,311,,0.051329463720321655,,,,
,312,,0.05813447758555412,,,,
,313,,0.03971072658896446,,,,
,314,,0.03398117423057556,,,,
,315,,0.033507753163576126,,,,
,316,,0.17824895679950714,,,,
,317,,0.07587351649999619,,,,
,318,,0.05093656852841377,,,,
,319,,0.08215230703353882,,,,
,320,,0.07751025259494781,,,,
,321,,0.19750505685806274,,,,
,322,,0.04207538440823555,,,,
,323,,0.25410643219947815,,,,
,324,,0.11128292977809906,,,,
,325,,0.13326704502105713,,,,
,326,,0.13091892004013062,,,,
,327,,0.05447322502732277,,,,
,328,,0.04951153323054314,,,,
,329,,0.09006325155496597,,,,
,330,,0.045300502330064774,,,,
,331,,0.04100782796740532,,,,
,332,,0.12057766318321228,,,,
,333,,0.18419070541858673,,,,
,334,,0.05720626935362816,,,,
,335,,0.04888681694865227,,,,
,336,,0.06043078377842903,,,,
,337,,0.20793814957141876,,,,
,338,,0.036138247698545456,,,,
,339,,0.2449677437543869,,,,
,340,,0.04159342870116234,,,,
,341,,0.07001770287752151,,,,
,342,,0.1912769377231598,,,,
,343,,0.08937861770391464,,,,
,344,,0.0927901342511177,,,,
,345,,0.06864631921052933,,,,
,346,,0.04048668593168259,,,,
,347,,0.04544082283973694,,,,
,348,,0.13988424837589264,,,,
,349,,0.06391023099422455,,,,
,350,,0.06197333708405495,,,,
,351,,0.1387632042169571,,,,
,352,,0.04018789529800415,,,,
,353,,0.20047955214977264,,,,
,354,,0.14703886210918427,,,,
,355,,0.11931759864091873,,,,
,356,,0.04553776606917381,,,,
,357,,0.06123151630163193,,,,
,358,,0.1493065357208252,,,,
,359,,0.09250421822071075,,,,
,360,,0.12036531418561935,,,,
,361,,0.10847048461437225,,,,
,362,,0.07411514222621918,,,,
,363,,0.08046217262744904,,,,
,364,,0.04158452898263931,,,,
,365,,0.113116055727005,,,,
,366,,0.05155119672417641,,,,
,367,,0.03740949183702469,,,,
,368,,0.13533101975917816,,,,
,369,,0.2015945166349411,,,,
,370,,0.03942829370498657,,,,
,371,,0.1647237241268158,,,,
,372,,0.045129600912332535,,,,
,373,,0.05448807775974274,,,,
,374,,0.14649951457977295,,,,
,375,,0.07679907232522964,,,,
,376,,0.13990110158920288,,,,
,377,,0.1696612536907196,,,,
,378,,0.03358994424343109,,,,
,379,,0.16858969628810883,,,,
,380,,0.04189542680978775,,,,
,381,,0.13582435250282288,,,,
,382,,0.077747642993927,,,,
,383,,0.05633949115872383,,,,
,384,,0.07004965841770172,,,,
,385,,0.15272903442382812,,,,
,386,,0.11327795684337616,,,,
,387,,0.09811141341924667,,,,
,388,,0.04601438716053963,,,,
,389,,0.0474855862557888,,,,
,390,,0.08541470766067505,,,,
,391,,0.03553247079253197,,,,
,392,,0.09903209656476974,,,,
,393,,0.03663096949458122,,,,
,394,,0.0968024879693985,,,,
,395,,0.19796423614025116,,,,
3,395,,,0.09533563256263733,,,
3,395,,,,0.5252525210380554,0.7575757503509521,0.2443923056125641
4,396,0.4038757085800171,,,,,
4,397,0.23677971959114075,,,,,
4,398,0.11136256903409958,,,,,
4,399,0.14763672649860382,,,,,
4,400,0.3192708492279053,,,,,
4,401,0.08639374375343323,,,,,
4,402,0.10472436994314194,,,,,
4,403,0.2610014081001282,,,,,
4,404,0.1293838769197464,,,,,
4,405,0.0711527094244957,,,,,
4,406,0.06331158429384232,,,,,
4,407,0.25660067796707153,,,,,
4,408,0.375556617975235,,,,,
4,409,0.18692396581172943,,,,,
4,410,0.3850778043270111,,,,,
4,411,0.35235872864723206,,,,,
4,412,0.1959817111492157,,,,,
4,413,0.11714860051870346,,,,,
4,414,0.13991063833236694,,,,,
4,415,0.5064117312431335,,,,,
4,416,0.10749626159667969,,,,,
4,417,0.21417830884456635,,,,,
4,418,0.20639410614967346,,,,,
4,419,0.10524389147758484,,,,,
4,420,0.4743369519710541,,,,,
4,421,0.06242666393518448,,,,,
4,422,0.28942322731018066,,,,,
4,423,0.4660695791244507,,,,,
4,424,0.03412514179944992,,,,,
4,425,0.31084346771240234,,,,,
4,426,0.048547301441431046,,,,,
4,427,0.0753851979970932,,,,,
4,428,0.4343213140964508,,,,,
4,429,0.08796630054712296,,,,,
4,430,0.3268592059612274,,,,,
4,431,0.10441184788942337,,,,,
4,432,0.11262260377407074,,,,,
4,433,0.21035762131214142,,,,,
4,434,0.11497233808040619,,,,,
4,435,0.20467562973499298,,,,,
4,436,0.12269458919763565,,,,,
4,437,0.10275013744831085,,,,,
4,438,0.1692727506160736,,,,,
4,439,0.11434787511825562,,,,,
4,440,0.3024204671382904,,,,,
4,441,0.027185067534446716,,,,,
4,442,0.2564338147640228,,,,,
4,443,0.4412841796875,,,,,
4,444,0.8207882642745972,,,,,
4,445,0.0749654546380043,,,,,
4,446,0.2603384852409363,,,,,
4,447,0.07062593847513199,,,,,
4,448,0.5844229459762573,,,,,
4,449,0.280460923910141,,,,,
4,450,0.3743135929107666,,,,,
4,451,0.04316117987036705,,,,,
4,452,0.4703425168991089,,,,,
4,453,0.44809430837631226,,,,,
4,454,0.2515455186367035,,,,,
4,455,0.3125770092010498,,,,,
4,456,0.15668506920337677,,,,,
4,457,0.0774930864572525,,,,,
4,458,0.14398859441280365,,,,,
4,459,0.4037628173828125,,,,,
4,460,0.13185802102088928,,,,,
4,461,0.11559464782476425,,,,,
4,462,0.29004642367362976,,,,,
4,463,0.04578474909067154,,,,,
4,464,0.09840384870767593,,,,,
4,465,0.21993586421012878,,,,,
4,466,0.28059983253479004,,,,,
4,467,0.18612757325172424,,,,,
4,468,0.2986947298049927,,,,,
4,469,0.1285613775253296,,,,,
4,470,0.1756729930639267,,,,,
4,471,0.22960054874420166,,,,,
4,472,0.14336349070072174,,,,,
4,473,0.08177150785923004,,,,,
4,474,0.04501465708017349,,,,,
4,475,0.29715466499328613,,,,,
4,476,0.23629210889339447,,,,,
4,477,0.3207946717739105,,,,,
4,478,0.35427507758140564,,,,,
4,479,0.10020677000284195,,,,,
4,480,0.06623107939958572,,,,,
4,481,0.20284567773342133,,,,,
4,482,0.07275411486625671,,,,,
4,483,0.12478059530258179,,,,,
4,484,0.21253854036331177,,,,,
4,485,0.11802397668361664,,,,,
4,486,0.06450746208429337,,,,,
4,487,0.08059996366500854,,,,,
4,488,0.21572346985340118,,,,,
4,489,0.09315242618322372,,,,,
4,490,0.10224702954292297,,,,,
4,491,0.10414520651102066,,,,,
4,492,0.20288534462451935,,,,,
4,493,0.30043503642082214,,,,,
4,494,0.1835758239030838,,,,,
,396,,0.04057134687900543,,,,
,397,,0.05555574595928192,,,,
,398,,0.03334015980362892,,,,
,399,,0.1206275150179863,,,,
,400,,0.045471739023923874,,,,
,401,,0.026047131046652794,,,,
,402,,0.08858789503574371,,,,
,403,,0.04313147813081741,,,,
,404,,0.07511366903781891,,,,
,405,,0.047579701989889145,,,,
,406,,0.047433242201805115,,,,
,407,,0.02584751509130001,,,,
,408,,0.024533146992325783,,,,
,409,,0.04054746404290199,,,,
,410,,0.026747532188892365,,,,
,411,,0.04982854798436165,,,,
,412,,0.04562860354781151,,,,
,413,,0.03843369707465172,,,,
,414,,0.02550535649061203,,,,
,415,,0.08184776455163956,,,,
,416,,0.023408863693475723,,,,
,417,,0.02425691857933998,,,,
,418,,0.07731131464242935,,,,
,419,,0.05942752957344055,,,,
,420,,0.044622618705034256,,,,
,421,,0.04525381326675415,,,,
,422,,0.04986017197370529,,,,
,423,,0.02729923278093338,,,,
,424,,0.029779670760035515,,,,
,425,,0.07330203801393509,,,,
,426,,0.02565029077231884,,,,
,427,,0.043590471148490906,,,,
,428,,0.05234535411000252,,,,
,429,,0.03717125579714775,,,,
,430,,0.0238784272223711,,,,
,431,,0.0876319408416748,,,,
,432,,0.04179089888930321,,,,
,433,,0.0253132376819849,,,,
,434,,0.023217465728521347,,,,
,435,,0.0407324954867363,,,,
,436,,0.051287006586790085,,,,
,437,,0.03553483262658119,,,,
,438,,0.0521329790353775,,,,
,439,,0.030388204380869865,,,,
,440,,0.02720271795988083,,,,
,441,,0.08355218917131424,,,,
,442,,0.022103574126958847,,,,
,443,,0.0832488164305687,,,,
,444,,0.0467316098511219,,,,
,445,,0.03913739696145058,,,,
,446,,0.026477176696062088,,,,
,447,,0.07491287589073181,,,,
,448,,0.025126922875642776,,,,
,449,,0.03589540719985962,,,,
,450,,0.027741942554712296,,,,
,451,,0.05357113480567932,,,,
,452,,0.04521524906158447,,,,
,453,,0.0735769271850586,,,,
,454,,0.04699584096670151,,,,
,455,,0.023416990414261818,,,,
,456,,0.026831533759832382,,,,
,457,,0.0837458148598671,,,,
,458,,0.02234550751745701,,,,
,459,,0.08300819247961044,,,,
,460,,0.04880308359861374,,,,
,461,,0.04020056128501892,,,,
,462,,0.029929840937256813,,,,
,463,,0.024531302973628044,,,,
,464,,0.046816498041152954,,,,
,465,,0.029255026951432228,,,,
,466,,0.024158908054232597,,,,
,467,,0.04627764970064163,,,,
,468,,0.04709332063794136,,,,
,469,,0.040439505130052567,,,,
,470,,0.09721874445676804,,,,
,471,,0.024462740868330002,,,,
,472,,0.029924198985099792,,,,
,473,,0.07294353097677231,,,,
,474,,0.07334143668413162,,,,
,475,,0.02740258164703846,,,,
,476,,0.052498459815979004,,,,
,477,,0.04487236961722374,,,,
,478,,0.04526811093091965,,,,
,479,,0.026581810787320137,,,,
,480,,0.04384152963757515,,,,
,481,,0.02478691004216671,,,,
,482,,0.02325732633471489,,,,
,483,,0.049970995634794235,,,,
,484,,0.04693153128027916,,,,
,485,,0.07890216261148453,,,,
,486,,0.04958031326532364,,,,
,487,,0.024623028934001923,,,,
,488,,0.027470316737890244,,,,
,489,,0.08053529262542725,,,,
,490,,0.02242335118353367,,,,
,491,,0.08490024507045746,,,,
,492,,0.04083023965358734,,,,
,493,,0.044555697590112686,,,,
,494,,0.04592268541455269,,,,
4,494,,,0.04564601182937622,,,
4,494,,,,0.6767676472663879,0.9292929172515869,0.20884521305561066
5,495,0.13115036487579346,,,,,
5,496,0.38670212030410767,,,,,
5,497,0.3485521674156189,,,,,
5,498,0.06591352075338364,,,,,
5,499,0.3890330195426941,,,,,
5,500,0.1487925946712494,,,,,
5,501,0.18431541323661804,,,,,
5,502,0.2083827704191208,,,,,
5,503,0.054524015635252,,,,,
5,504,0.24557937681674957,,,,,
5,505,0.05081459879875183,,,,,
5,506,0.14634092152118683,,,,,
5,507,0.031226875260472298,,,,,
5,508,0.0684678927063942,,,,,
5,509,0.17093141376972198,,,,,
5,510,0.07123560458421707,,,,,
5,511,0.273068368434906,,,,,
5,512,0.22433145344257355,,,,,
5,513,0.12483053654432297,,,,,
5,514,0.10235323756933212,,,,,
5,515,0.0492284931242466,,,,,
5,516,0.03595217689871788,,,,,
5,517,0.14650490880012512,,,,,
5,518,0.07476428151130676,,,,,
5,519,0.08122613281011581,,,,,
5,520,0.48060423135757446,,,,,
5,521,0.18972763419151306,,,,,
5,522,0.07633406668901443,,,,,
5,523,0.1311139166355133,,,,,
5,524,0.1530972421169281,,,,,
5,525,0.06767245382070541,,,,,
5,526,0.12011641263961792,,,,,
5,527,0.13110804557800293,,,,,
5,528,0.11877516657114029,,,,,
5,529,0.0995049849152565,,,,,
5,530,0.05422959476709366,,,,,
5,531,0.5156874060630798,,,,,
5,532,0.1453387588262558,,,,,
5,533,0.035488061606884,,,,,
5,534,0.023452553898096085,,,,,
5,535,0.04827883839607239,,,,,
5,536,0.07333803176879883,,,,,
5,537,0.09905700385570526,,,,,
5,538,0.03762531653046608,,,,,
5,539,0.0330716073513031,,,,,
5,540,0.06014365702867508,,,,,
5,541,0.19210964441299438,,,,,
5,542,0.20582202076911926,,,,,
5,543,0.2717097997665405,,,,,
5,544,0.18298141658306122,,,,,
5,545,0.03981722891330719,,,,,
5,546,0.19308142364025116,,,,,
5,547,0.056926969438791275,,,,,
5,548,0.04225945472717285,,,,,
5,549,0.24498844146728516,,,,,
5,550,0.05226787552237511,,,,,
5,551,0.08743700385093689,,,,,
5,552,0.06945566833019257,,,,,
5,553,0.14733779430389404,,,,,
5,554,0.04894653335213661,,,,,
5,555,0.11184082180261612,,,,,
5,556,0.09693664312362671,,,,,
5,557,0.13414886593818665,,,,,
5,558,0.02803179807960987,,,,,
5,559,0.15885406732559204,,,,,
5,560,0.06623324006795883,,,,,
5,561,0.12426022440195084,,,,,
5,562,0.07441280782222748,,,,,
5,563,0.07878416776657104,,,,,
5,564,0.03855811804533005,,,,,
5,565,0.26995396614074707,,,,,
5,566,0.07325614243745804,,,,,
5,567,0.019230658188462257,,,,,
5,568,0.016854379326105118,,,,,
5,569,0.08701863884925842,,,,,
5,570,0.09991224855184555,,,,,
5,571,0.05689243599772453,,,,,
5,572,0.03536798432469368,,,,,
5,573,0.06323277205228806,,,,,
5,574,0.08632606267929077,,,,,
5,575,0.18919998407363892,,,,,
5,576,0.128474161028862,,,,,
5,577,0.056116700172424316,,,,,
5,578,0.06166577339172363,,,,,
5,579,0.2591259479522705,,,,,
5,580,0.016561761498451233,,,,,
5,581,0.06318588554859161,,,,,
5,582,0.11437647044658661,,,,,
5,583,0.08813357353210449,,,,,
5,584,0.0521727092564106,,,,,
5,585,0.12352396547794342,,,,,
5,586,0.052692145109176636,,,,,
5,587,0.17106008529663086,,,,,
5,588,0.04171011596918106,,,,,
5,589,0.28719282150268555,,,,,
5,590,0.6407658457756042,,,,,
5,591,0.13879141211509705,,,,,
5,592,0.22686466574668884,,,,,
5,593,0.0361967496573925,,,,,
,495,,0.02922946587204933,,,,
,496,,0.040544312447309494,,,,
,497,,0.019859183579683304,,,,
,498,,0.18737633526325226,,,,
,499,,0.09574548900127411,,,,
,500,,0.014298833906650543,,,,
,501,,0.0674900934100151,,,,
,502,,0.033922165632247925,,,,
,503,,0.06022269278764725,,,,
,504,,0.0376322939991951,,,,
,505,,0.02624432183802128,,,,
,506,,0.012903114780783653,,,,
,507,,0.012727738358080387,,,,
,508,,0.02864655666053295,,,,
,509,,0.015531391836702824,,,,
,510,,0.03857327252626419,,,,
,511,,0.03611506521701813,,,,
,512,,0.028714235872030258,,,,
,513,,0.013256801292300224,,,,
,514,,0.06535857915878296,,,,
,515,,0.012107926420867443,,,,
,516,,0.01371738314628601,,,,
,517,,0.06480316072702408,,,,
,518,,0.04038594290614128,,,,
,519,,0.028609083965420723,,,,
,520,,0.0301340501755476,,,,
,521,,0.033377211540937424,,,,
,522,,0.014444374479353428,,,,
,523,,0.014470086432993412,,,,
,524,,0.07873619347810745,,,,
,525,,0.014277941547334194,,,,
,526,,0.03224634751677513,,,,
,527,,0.040022965520620346,,,,
,528,,0.028926046565175056,,,,
,529,,0.012569282203912735,,,,
,530,,0.06883884966373444,,,,
,531,,0.024107815697789192,,,,
,532,,0.013111154548823833,,,,
,533,,0.011732280254364014,,,,
,534,,0.03160383179783821,,,,
,535,,0.03316569700837135,,,,
,536,,0.027152827009558678,,,,
,537,,0.033056702464818954,,,,
,538,,0.013791742734611034,,,,
,539,,0.01596112735569477,,,,
,540,,0.06806923449039459,,,,
,541,,0.01037422101944685,,,,
,542,,0.07035835832357407,,,,
,543,,0.03761211782693863,,,,
,544,,0.031063437461853027,,,,
,545,,0.014318612404167652,,,,
,546,,0.05911301448941231,,,,
,547,,0.013855373486876488,,,,
,548,,0.021369734779000282,,,,
,549,,0.013468176126480103,,,,
,550,,0.05075512453913689,,,,
,551,,0.030241411179304123,,,,
,552,,0.05062128230929375,,,,
,553,,0.0349976122379303,,,,
,554,,0.012652400881052017,,,,
,555,,0.014633509330451488,,,,
,556,,0.06844092905521393,,,,
,557,,0.011360288597643375,,,,
,558,,0.06899416446685791,,,,
,559,,0.035693634301424026,,,,
,560,,0.02908090129494667,,,,
,561,,0.01801009103655815,,,,
,562,,0.014003918506205082,,,,
,563,,0.031632598489522934,,,,
,564,,0.014373332262039185,,,,
,565,,0.012307604774832726,,,,
,566,,0.03606817498803139,,,,
,567,,0.03016907535493374,,,,
,568,,0.03230837360024452,,,,
,569,,0.0796714574098587,,,,
,570,,0.013168487697839737,,,,
,571,,0.016138939186930656,,,,
,572,,0.05963783711194992,,,,
,573,,0.04686827212572098,,,,
,574,,0.01505426224321127,,,,
,575,,0.03454851359128952,,,,
,576,,0.037349868565797806,,,,
,577,,0.03019602596759796,,,,
,578,,0.012899573892354965,,,,
,579,,0.030500611290335655,,,,
,580,,0.013736611232161522,,,,
,581,,0.011606598272919655,,,,
,582,,0.0363379530608654,,,,
,583,,0.03395090624690056,,,,
,584,,0.057151250541210175,,,,
,585,,0.03561272472143173,,,,
,586,,0.014183026738464832,,,,
,587,,0.016067439690232277,,,,
,588,,0.06590951979160309,,,,
,589,,0.011896397918462753,,,,
,590,,0.05822975933551788,,,,
,591,,0.030335213989019394,,,,
,592,,0.032706763595342636,,,,
,593,,0.03196607530117035,,,,
5,593,,,0.0339132621884346,,,
5,593,,,,0.6666666865348816,0.9696969985961914,0.12940450012683868
6,594,0.23363234102725983,,,,,
6,595,0.04852187633514404,,,,,
6,596,0.038625139743089676,,,,,
6,597,0.042367979884147644,,,,,
6,598,0.1641724705696106,,,,,
6,599,0.2882903814315796,,,,,
6,600,0.06328178197145462,,,,,
6,601,0.0512625090777874,,,,,
6,602,0.39490267634391785,,,,,
6,603,0.0259612537920475,,,,,
6,604,0.07459984719753265,,,,,
6,605,0.13330937922000885,,,,,
6,606,0.1214040145277977,,,,,
6,607,0.06586281955242157,,,,,
6,608,0.12921012938022614,,,,,
6,609,0.05288000404834747,,,,,
6,610,0.03131780028343201,,,,,
6,611,0.4178745746612549,,,,,
6,612,0.09466372430324554,,,,,
6,613,0.10872898995876312,,,,,
6,614,0.08998619765043259,,,,,
6,615,0.39546090364456177,,,,,
6,616,0.13085763156414032,,,,,
6,617,0.08228000998497009,,,,,
6,618,0.13666152954101562,,,,,
6,619,0.00552891893312335,,,,,
6,620,0.07394607365131378,,,,,
6,621,0.24862855672836304,,,,,
6,622,0.13878121972084045,,,,,
6,623,0.06647256761789322,,,,,
6,624,0.313170462846756,,,,,
6,625,0.02485385723412037,,,,,
6,626,0.08879198879003525,,,,,
6,627,0.07483058422803879,,,,,
6,628,0.045409396290779114,,,,,
6,629,0.048792511224746704,,,,,
6,630,0.07462260872125626,,,,,
6,631,0.04668813198804855,,,,,
6,632,0.18226413428783417,,,,,
6,633,0.48986849188804626,,,,,
6,634,0.054060786962509155,,,,,
6,635,0.10386716574430466,,,,,
6,636,0.031369734555482864,,,,,
6,637,0.6113260388374329,,,,,
6,638,0.1903531700372696,,,,,
6,639,0.08702760189771652,,,,,
6,640,0.06266789138317108,,,,,
6,641,0.026547452434897423,,,,,
6,642,0.24110513925552368,,,,,
6,643,0.04628220945596695,,,,,
6,644,0.10489808022975922,,,,,
6,645,0.06091713532805443,,,,,
6,646,0.05767977237701416,,,,,
6,647,0.11437511444091797,,,,,
6,648,0.19373850524425507,,,,,
6,649,0.09641704708337784,,,,,
6,650,0.06313077360391617,,,,,
6,651,0.05945150554180145,,,,,
6,652,0.10298501700162888,,,,,
6,653,0.06515296548604965,,,,,
6,654,0.04058040305972099,,,,,
6,655,0.16282661259174347,,,,,
6,656,0.27729660272598267,,,,,
6,657,0.3631186783313751,,,,,
6,658,0.035367902368307114,,,,,
6,659,0.07762626558542252,,,,,
6,660,0.221092090010643,,,,,
6,661,0.09202143549919128,,,,,
6,662,0.15763966739177704,,,,,
6,663,0.08801712095737457,,,,,
6,664,0.018460769206285477,,,,,
6,665,0.2700086236000061,,,,,
6,666,0.10880623757839203,,,,,
6,667,0.08933709561824799,,,,,
6,668,0.17953762412071228,,,,,
6,669,0.3543277382850647,,,,,
6,670,0.042852554470300674,,,,,
6,671,0.13855919241905212,,,,,
6,672,0.02935675159096718,,,,,
6,673,0.03869038447737694,,,,,
6,674,0.06566573679447174,,,,,
6,675,0.06836491078138351,,,,,
6,676,0.1873818188905716,,,,,
6,677,0.13043473660945892,,,,,
6,678,0.29042869806289673,,,,,
6,679,0.02913697063922882,,,,,
6,680,0.08015512675046921,,,,,
6,681,0.04435764253139496,,,,,
6,682,0.061320703476667404,,,,,
6,683,0.04915278032422066,,,,,
6,684,0.07994523644447327,,,,,
6,685,0.19144894182682037,,,,,
6,686,0.035806380212306976,,,,,
6,687,0.11097365617752075,,,,,
6,688,0.06373464316129684,,,,,
6,689,0.09021787345409393,,,,,
6,690,0.05817203223705292,,,,,
6,691,0.04514060914516449,,,,,
6,692,0.1612195074558258,,,,,
,594,,0.009005279280245304,,,,
,595,,0.10691961646080017,,,,
,596,,0.06464427709579468,,,,
,597,,0.03744519129395485,,,,
,598,,0.03160715848207474,,,,
,599,,0.013319783844053745,,,,
,600,,0.04307232424616814,,,,
,601,,0.0339459590613842,,,,
,602,,0.049759525805711746,,,,
,603,,0.09586130827665329,,,,
,604,,0.07632774859666824,,,,
,605,,0.06596674025058746,,,,
,606,,0.06518719345331192,,,,
,607,,0.03735511377453804,,,,
,608,,0.04308277741074562,,,,
,609,,0.050971873104572296,,,,
,610,,0.05482148379087448,,,,
,611,,0.046630073338747025,,,,
,612,,0.024175338447093964,,,,
,613,,0.03519943356513977,,,,
,614,,0.028809767216444016,,,,
,615,,0.0132152633741498,,,,
,616,,0.042053986340761185,,,,
,617,,0.04152887314558029,,,,
,618,,0.03796660155057907,,,,
,619,,0.010179517790675163,,,,
,620,,0.04062318429350853,,,,
,621,,0.04161861166357994,,,,
,622,,0.04217016324400902,,,,
,623,,0.020490622147917747,,,,
,624,,0.026637082919478416,,,,
,625,,0.03109702095389366,,,,
,626,,0.10734190046787262,,,,
,627,,0.07154685258865356,,,,
,628,,0.06351342052221298,,,,
,629,,0.11704596132040024,,,,
,630,,0.11902062594890594,,,,
,631,,0.08302865922451019,,,,
,632,,0.08396398276090622,,,,
,633,,0.07838946580886841,,,,
,634,,0.06699786335229874,,,,
,635,,0.06219568848609924,,,,
,636,,0.07447442412376404,,,,
,637,,0.028860563412308693,,,,
,638,,0.04451471194624901,,,,
,639,,0.04158685728907585,,,,
,640,,0.01178302988409996,,,,
,641,,0.05274108052253723,,,,
,642,,0.054307591170072556,,,,
,643,,0.036156684160232544,,,,
,644,,0.025591379031538963,,,,
,645,,0.03163802623748779,,,,
,646,,0.03215809911489487,,,,
,647,,0.05106484517455101,,,,
,648,,0.040005940943956375,,,,
,649,,0.028875883668661118,,,,
,650,,0.04107002541422844,,,,
,651,,0.025631535798311234,,,,
,652,,0.1059422641992569,,,,
,653,,0.054024528712034225,,,,
,654,,0.06570778042078018,,,,
,655,,0.13414055109024048,,,,
,656,,0.0969197228550911,,,,
,657,,0.11685221642255783,,,,
,658,,0.09926587343215942,,,,
,659,,0.07651381939649582,,,,
,660,,0.06765182316303253,,,,
,661,,0.06009875610470772,,,,
,662,,0.09385566413402557,,,,
,663,,0.03346460685133934,,,,
,664,,0.019974442198872566,,,,
,665,,0.03591487556695938,,,,
,666,,0.04612884297966957,,,,
,667,,0.027601446956396103,,,,
,668,,0.015081238932907581,,,,
,669,,0.043257106095552444,,,,
,670,,0.034916575998067856,,,,
,671,,0.03173239529132843,,,,
,672,,0.030033472925424576,,,,
,673,,0.0544804185628891,,,,
,674,,0.07037290930747986,,,,
,675,,0.014487387612462044,,,,
,676,,0.04740552976727486,,,,
,677,,0.02698723040521145,,,,
,678,,0.08499054610729218,,,,
,679,,0.08638465404510498,,,,
,680,,0.08836496621370316,,,,
,681,,0.05924500897526741,,,,
,682,,0.197230726480484,,,,
,683,,0.1359051913022995,,,,
,684,,0.1269557625055313,,,,
,685,,0.07938588410615921,,,,
,686,,0.08230986446142197,,,,
,687,,0.12749727070331573,,,,
,688,,0.09552696347236633,,,,
,689,,0.06467870622873306,,,,
,690,,0.06058496981859207,,,,
,691,,0.017821885645389557,,,,
,692,,0.05950670316815376,,,,
6,692,,,0.05762014538049698,,,
6,692,,,,0.5555555820465088,0.6565656661987305,0.12465356290340424
7,693,0.11438833177089691,,,,,
7,694,0.17195381224155426,,,,,
7,695,0.15655621886253357,,,,,
7,696,0.09119897335767746,,,,,
7,697,0.04293358698487282,,,,,
7,698,0.14422094821929932,,,,,
7,699,0.4379093050956726,,,,,
7,700,0.03257124871015549,,,,,
7,701,0.08625360578298569,,,,,
7,702,0.06429009139537811,,,,,
7,703,0.2749233841896057,,,,,
7,704,0.026294449344277382,,,,,
7,705,0.4076702296733856,,,,,
7,706,0.1857442706823349,,,,,
7,707,0.04398472234606743,,,,,
7,708,0.031293176114559174,,,,,
7,709,0.29258421063423157,,,,,
7,710,0.22231154143810272,,,,,
7,711,0.09984827041625977,,,,,
7,712,0.2511062026023865,,,,,
7,713,0.17296871542930603,,,,,
7,714,0.06823580712080002,,,,,
7,715,0.1545816957950592,,,,,
7,716,0.027754610404372215,,,,,
7,717,0.05650516226887703,,,,,
7,718,0.20920932292938232,,,,,
7,719,0.08874954283237457,,,,,
7,720,0.08843360841274261,,,,,
7,721,0.48456740379333496,,,,,
7,722,0.04370977729558945,,,,,
7,723,0.07119778543710709,,,,,
7,724,0.06495846062898636,,,,,
7,725,0.062413278967142105,,,,,
7,726,0.022501535713672638,,,,,
7,727,0.11725341528654099,,,,,
7,728,0.06842712312936783,,,,,
7,729,0.07118111848831177,,,,,
7,730,0.0603446438908577,,,,,
7,731,0.03753841668367386,,,,,
7,732,0.048181332647800446,,,,,
7,733,0.1209537535905838,,,,,
7,734,0.04873890057206154,,,,,
7,735,0.05284861847758293,,,,,
7,736,0.023201175034046173,,,,,
7,737,0.047728296369314194,,,,,
7,738,0.16679207980632782,,,,,
7,739,0.24872101843357086,,,,,
7,740,0.06118778884410858,,,,,
7,741,0.07461666315793991,,,,,
7,742,0.06645267456769943,,,,,
7,743,0.047334425151348114,,,,,
7,744,0.03361889719963074,,,,,
7,745,0.01845439150929451,,,,,
7,746,0.047518860548734665,,,,,
7,747,0.04137948900461197,,,,,
7,748,0.10785515606403351,,,,,
7,749,0.18151967227458954,,,,,
7,750,0.008017133921384811,,,,,
7,751,0.09619026631116867,,,,,
7,752,0.04491424188017845,,,,,
7,753,0.0641682893037796,,,,,
7,754,0.04472115635871887,,,,,
7,755,0.03417671471834183,,,,,
7,756,0.028471682220697403,,,,,
7,757,0.10248930752277374,,,,,
7,758,0.09615843743085861,,,,,
7,759,0.11087898164987564,,,,,
7,760,0.031214546412229538,,,,,
7,761,0.2227649688720703,,,,,
7,762,0.02734478749334812,,,,,
7,763,0.044908761978149414,,,,,
7,764,0.014851133339107037,,,,,
7,765,0.39980360865592957,,,,,
7,766,0.371102899312973,,,,,
7,767,0.2275598794221878,,,,,
7,768,0.05458368733525276,,,,,
7,769,0.07415986061096191,,,,,
7,770,0.025224044919013977,,,,,
7,771,0.10731896013021469,,,,,
7,772,0.02535480260848999,,,,,
7,773,0.043267328292131424,,,,,
7,774,0.030309481546282768,,,,,
7,775,0.23420174419879913,,,,,
7,776,0.04249224066734314,,,,,
7,777,0.10043315589427948,,,,,
7,778,0.3024456799030304,,,,,
7,779,0.0031836354173719883,,,,,
7,780,0.011038041673600674,,,,,
7,781,0.04756765812635422,,,,,
7,782,0.046963371336460114,,,,,
7,783,0.04173056781291962,,,,,
7,784,0.04512685909867287,,,,,
7,785,0.015972154214978218,,,,,
7,786,0.10622624307870865,,,,,
7,787,0.1406436711549759,,,,,
7,788,0.010216227732598782,,,,,
7,789,0.04509156569838524,,,,,
7,790,0.037735141813755035,,,,,
7,791,0.12501539289951324,,,,,
,693,,0.01838594116270542,,,,
,694,,0.018454555422067642,,,,
,695,,0.12054552882909775,,,,
,696,,0.03399525210261345,,,,
,697,,0.03278060257434845,,,,
,698,,0.0220622755587101,,,,
,699,,0.03331247717142105,,,,
,700,,0.030080383643507957,,,,
,701,,0.02548660896718502,,,,
,702,,0.026285037398338318,,,,
,703,,0.0426962748169899,,,,
,704,,0.034747008234262466,,,,
,705,,0.036730073392391205,,,,
,706,,0.035821665078401566,,,,
,707,,0.03742575645446777,,,,
,708,,0.02643011324107647,,,,
,709,,0.026035834103822708,,,,
,710,,0.020275626331567764,,,,
,711,,0.031012091785669327,,,,
,712,,0.026647523045539856,,,,
,713,,0.031304847449064255,,,,
,714,,0.022208716720342636,,,,
,715,,0.02833511494100094,,,,
,716,,0.01786825992166996,,,,
,717,,0.036593951284885406,,,,
,718,,0.011810606345534325,,,,
,719,,0.041861146688461304,,,,
,720,,0.054207246750593185,,,,
,721,,0.053392648696899414,,,,
,722,,0.02101321704685688,,,,
,723,,0.03256143257021904,,,,
,724,,0.02535201795399189,,,,
,725,,0.05720102787017822,,,,
,726,,0.02746966853737831,,,,
,727,,0.03621813654899597,,,,
,728,,0.03087068535387516,,,,
,729,,0.0592128187417984,,,,
,730,,0.03764505311846733,,,,
,731,,0.028106316924095154,,,,
,732,,0.023247675970196724,,,,
,733,,0.045365892350673676,,,,
,734,,0.01658472791314125,,,,
,735,,0.05091333016753197,,,,
,736,,0.03452866151928902,,,,
,737,,0.04496883228421211,,,,
,738,,0.02712317556142807,,,,
,739,,0.01739935576915741,,,,
,740,,0.03597163036465645,,,,
,741,,0.02610996551811695,,,,
,742,,0.019696805626153946,,,,
,743,,0.02973562479019165,,,,
,744,,0.027466580271720886,,,,
,745,,0.03519067540764809,,,,
,746,,0.05074827000498772,,,,
,747,,0.07145791500806808,,,,
,748,,0.028577079996466637,,,,
,749,,0.039997395128011703,,,,
,750,,0.026157302781939507,,,,
,751,,0.05396682769060135,,,,
,752,,0.04962519556283951,,,,
,753,,0.04272899776697159,,,,
,754,,0.03628590703010559,,,,
,755,,0.04522386193275452,,,,
,756,,0.03502819687128067,,,,
,757,,0.023777272552251816,,,,
,758,,0.01704341731965542,,,,
,759,,0.041803717613220215,,,,
,760,,0.03481755033135414,,,,
,761,,0.06222451850771904,,,,
,762,,0.03620649501681328,,,,
,763,,0.024983525276184082,,,,
,764,,0.025981085374951363,,,,
,765,,0.04609436169266701,,,,
,766,,0.02094920538365841,,,,
,767,,0.016916988417506218,,,,
,768,,0.03197585418820381,,,,
,769,,0.03719813749194145,,,,
,770,,0.0277341827750206,,,,
,771,,0.023089054971933365,,,,
,772,,0.05738240107893944,,,,
,773,,0.05314496159553528,,,,
,774,,0.01639777049422264,,,,
,775,,0.046350013464689255,,,,
,776,,0.0330350399017334,,,,
,777,,0.07366693019866943,,,,
,778,,0.05656246095895767,,,,
,779,,0.046041570603847504,,,,
,780,,0.03433757275342941,,,,
,781,,0.04728306829929352,,,,
,782,,0.02567414380609989,,,,
,783,,0.02421528473496437,,,,
,784,,0.0366840586066246,,,,
,785,,0.040328167378902435,,,,
,786,,0.032971031963825226,,,,
,787,,0.04238313063979149,,,,
,788,,0.027384761720895767,,,,
,789,,0.023981979116797447,,,,
,790,,0.016323940828442574,,,,
,791,,0.05170928314328194,,,,
7,791,,,0.035385824739933014,,,
7,791,,,,0.5656565427780151,0.9494949579238892,0.10375462472438812
8,792,0.056583087891340256,,,,,
8,793,0.022571928799152374,,,,,
8,794,0.05637470632791519,,,,,
8,795,0.06051933765411377,,,,,
8,796,0.06208667904138565,,,,,
8,797,0.09945224225521088,,,,,
8,798,0.1833229660987854,,,,,
8,799,0.057235490530729294,,,,,
8,800,0.04044077917933464,,,,,
8,801,0.5340186357498169,,,,,
8,802,0.3537750244140625,,,,,
8,803,0.030356401577591896,,,,,
8,804,0.062254372984170914,,,,,
8,805,0.025112899020314217,,,,,
8,806,0.03863688185811043,,,,,
8,807,0.15394549071788788,,,,,
8,808,0.05375959724187851,,,,,
8,809,0.020566439256072044,,,,,
8,810,0.10714091360569,,,,,
8,811,0.21296100318431854,,,,,
8,812,0.14938993752002716,,,,,
8,813,0.03968145698308945,,,,,
8,814,0.09111665934324265,,,,,
8,815,0.03261459246277809,,,,,
8,816,0.04329830780625343,,,,,
8,817,0.09804914891719818,,,,,
8,818,0.16874241828918457,,,,,
8,819,0.08322828263044357,,,,,
8,820,0.10735417902469635,,,,,
8,821,0.15235838294029236,,,,,
8,822,0.0878637358546257,,,,,
8,823,0.13070499897003174,,,,,
8,824,0.22928567230701447,,,,,
8,825,0.012880449183285236,,,,,
8,826,0.04704468697309494,,,,,
8,827,0.07032177597284317,,,,,
8,828,0.17728939652442932,,,,,
8,829,0.03537504002451897,,,,,
8,830,0.04062039032578468,,,,,
8,831,0.07268844544887543,,,,,
8,832,0.07655975222587585,,,,,
8,833,0.0550810731947422,,,,,
8,834,0.19695529341697693,,,,,
8,835,0.039337240159511566,,,,,
8,836,0.024370528757572174,,,,,
8,837,0.06940159201622009,,,,,
8,838,0.20692260563373566,,,,,
8,839,0.11208771169185638,,,,,
8,840,0.10444483160972595,,,,,
8,841,0.06908814609050751,,,,,
8,842,0.06521622091531754,,,,,
8,843,0.06911912560462952,,,,,
8,844,0.08064233511686325,,,,,
8,845,0.07735724747180939,,,,,
8,846,0.15440094470977783,,,,,
8,847,0.17412914335727692,,,,,
8,848,0.07767937332391739,,,,,
8,849,0.02240997739136219,,,,,
8,850,0.03487832844257355,,,,,
8,851,0.031157340854406357,,,,,
8,852,0.02373555302619934,,,,,
8,853,0.02961193397641182,,,,,
8,854,0.04597795009613037,,,,,
8,855,0.06947129964828491,,,,,
8,856,0.10283036530017853,,,,,
8,857,0.14236590266227722,,,,,
8,858,0.050924044102430344,,,,,
8,859,0.07737843692302704,,,,,
8,860,0.1124865710735321,,,,,
8,861,0.05261426419019699,,,,,
8,862,0.04969676211476326,,,,,
8,863,0.10784979164600372,,,,,
8,864,0.028428779914975166,,,,,
8,865,0.04531087726354599,,,,,
8,866,0.11938200145959854,,,,,
8,867,0.08960983157157898,,,,,
8,868,0.11244320869445801,,,,,
8,869,0.04678192734718323,,,,,
8,870,0.0919819176197052,,,,,
8,871,0.03715391829609871,,,,,
8,872,0.5455731153488159,,,,,
8,873,0.03949090465903282,,,,,
8,874,0.19703839719295502,,,,,
8,875,0.05202215537428856,,,,,
8,876,0.015915298834443092,,,,,
8,877,0.02541394531726837,,,,,
8,878,0.07078776508569717,,,,,
8,879,0.017574794590473175,,,,,
8,880,0.09972381591796875,,,,,
8,881,0.11185048520565033,,,,,
8,882,0.1946362555027008,,,,,
8,883,0.16056790947914124,,,,,
8,884,0.07738660275936127,,,,,
8,885,0.02374100498855114,,,,,
8,886,0.043704573065042496,,,,,
8,887,0.06719899922609329,,,,,
8,888,0.0669097900390625,,,,,
8,889,0.03533831611275673,,,,,
8,890,0.05469285696744919,,,,,
,792,,0.012986963614821434,,,,
,793,,0.02325131557881832,,,,
,794,,0.017904143780469894,,,,
,795,,0.17288081347942352,,,,
,796,,0.14709842205047607,,,,
,797,,0.014782888814806938,,,,
,798,,0.03917768970131874,,,,
,799,,0.018389126285910606,,,,
,800,,0.031464383006095886,,,,
,801,,0.019961301237344742,,,,
,802,,0.036373887211084366,,,,
,803,,0.020590120926499367,,,,
,804,,0.023554230108857155,,,,
,805,,0.02629033848643303,,,,
,806,,0.02350473403930664,,,,
,807,,0.023710142821073532,,,,
,808,,0.017395418137311935,,,,
,809,,0.010103528387844563,,,,
,810,,0.021464958786964417,,,,
,811,,0.03414884954690933,,,,
,812,,0.024113567546010017,,,,
,813,,0.011306904256343842,,,,
,814,,0.037615079432725906,,,,
,815,,0.01868150569498539,,,,
,816,,0.0421438030898571,,,,
,817,,0.007535087410360575,,,,
,818,,0.04483615979552269,,,,
,819,,0.020741745829582214,,,,
,820,,0.025021934881806374,,,,
,821,,0.07118668407201767,,,,
,822,,0.02125275693833828,,,,
,823,,0.01930646039545536,,,,
,824,,0.021758627146482468,,,,
,825,,0.011243470013141632,,,,
,826,,0.019421977922320366,,,,
,827,,0.03775188326835632,,,,
,828,,0.044201306998729706,,,,
,829,,0.02167895808815956,,,,
,830,,0.011921355500817299,,,,
,831,,0.018685588613152504,,,,
,832,,0.044973019510507584,,,,
,833,,0.009968032129108906,,,,
,834,,0.044165175408124924,,,,
,835,,0.02243545837700367,,,,
,836,,0.03042409010231495,,,,
,837,,0.03759976476430893,,,,
,838,,0.011033204384148121,,,,
,839,,0.04910843074321747,,,,
,840,,0.017617443576455116,,,,
,841,,0.01193030271679163,,,,
,842,,0.02019522152841091,,,,
,843,,0.03830926865339279,,,,
,844,,0.02277226746082306,,,,
,845,,0.04585642367601395,,,,
,846,,0.010373114608228207,,,,
,847,,0.050189308822155,,,,
,848,,0.04000912234187126,,,,
,849,,0.02298749051988125,,,,
,850,,0.018346359953284264,,,,
,851,,0.019951779395341873,,,,
,852,,0.025085337460041046,,,,
,853,,0.03706482797861099,,,,
,854,,0.014213028363883495,,,,
,855,,0.04404793307185173,,,,
,856,,0.01631232723593712,,,,
,857,,0.009679080918431282,,,,
,858,,0.029197052121162415,,,,
,859,,0.02095133252441883,,,,
,860,,0.05051175877451897,,,,
,861,,0.023792127147316933,,,,
,862,,0.012848522514104843,,,,
,863,,0.0197043027728796,,,,
,864,,0.044359393417835236,,,,
,865,,0.009885179810225964,,,,
,866,,0.1758633553981781,,,,
,867,,0.01890222728252411,,,,
,868,,0.029545079916715622,,,,
,869,,0.03828861191868782,,,,
,870,,0.024018846452236176,,,,
,871,,0.020926669239997864,,,,
,872,,0.015933986753225327,,,,
,873,,0.08551130443811417,,,,
,874,,0.0363587960600853,,,,
,875,,0.01849009096622467,,,,
,876,,0.045172110199928284,,,,
,877,,0.020098675042390823,,,,
,878,,0.011773340404033661,,,,
,879,,0.027953628450632095,,,,
,880,,0.019453465938568115,,,,
,881,,0.029884684830904007,,,,
,882,,0.018412962555885315,,,,
,883,,0.020460575819015503,,,,
,884,,0.026316091418266296,,,,
,885,,0.03683004900813103,,,,
,886,,0.012252621352672577,,,,
,887,,0.03149113059043884,,,,
,888,,0.01853400655090809,,,,
,889,,0.01313082780689001,,,,
,890,,0.040965400636196136,,,,
8,890,,,0.03058488853275776,,,
8,890,,,,0.7171717286109924,0.939393937587738,0.09270568937063217
9,891,0.08241032809019089,,,,,
9,892,0.19236285984516144,,,,,
9,893,0.05551917478442192,,,,,
9,894,0.027916569262742996,,,,,
9,895,0.027902495115995407,,,,,
9,896,0.03185795620083809,,,,,
9,897,0.3494104743003845,,,,,
9,898,0.21522265672683716,,,,,
9,899,0.04195452108979225,,,,,
9,900,0.04681554064154625,,,,,
9,901,0.06769675761461258,,,,,
9,902,0.07333189994096756,,,,,
9,903,0.051058098673820496,,,,,
9,904,0.07423467934131622,,,,,
9,905,0.031045272946357727,,,,,
9,906,0.1565861999988556,,,,,
9,907,0.2303822934627533,,,,,
9,908,0.07930399477481842,,,,,
9,909,0.2157319188117981,,,,,
9,910,0.02109510824084282,,,,,
9,911,0.01568424515426159,,,,,
9,912,0.03295812010765076,,,,,
9,913,0.04653141275048256,,,,,
9,914,0.27629324793815613,,,,,
9,915,0.0462753064930439,,,,,
9,916,0.029569819569587708,,,,,
9,917,0.020668422803282738,,,,,
9,918,0.056314561516046524,,,,,
9,919,0.02712753601372242,,,,,
9,920,0.47330090403556824,,,,,
9,921,0.11606135219335556,,,,,
9,922,0.056953806430101395,,,,,
9,923,0.009118802845478058,,,,,
9,924,0.1631890833377838,,,,,
9,925,0.0674525797367096,,,,,
9,926,0.08097392320632935,,,,,
9,927,0.044558484107255936,,,,,
9,928,0.17902708053588867,,,,,
9,929,0.19941109418869019,,,,,
9,930,0.05246473476290703,,,,,
9,931,0.06329809129238129,,,,,
9,932,0.11811555922031403,,,,,
9,933,0.053531382232904434,,,,,
9,934,0.07285027205944061,,,,,
9,935,0.041068967431783676,,,,,
9,936,0.08200373500585556,,,,,
9,937,0.22977140545845032,,,,,
9,938,0.033541832119226456,,,,,
9,939,0.05920320376753807,,,,,
9,940,0.1118624284863472,,,,,
9,941,0.2210734784603119,,,,,
9,942,0.010952812619507313,,,,,
9,943,0.14723095297813416,,,,,
9,944,0.05081775784492493,,,,,
9,945,0.10348942130804062,,,,,
9,946,0.11562027037143707,,,,,
9,947,0.04683123156428337,,,,,
9,948,0.18512170016765594,,,,,
9,949,0.09117825329303741,,,,,
9,950,0.07047563791275024,,,,,
9,951,0.23515364527702332,,,,,
9,952,0.04150810465216637,,,,,
9,953,0.015370272099971771,,,,,
9,954,0.10259336978197098,,,,,
9,955,0.12750637531280518,,,,,
9,956,0.02373320609331131,,,,,
9,957,0.08813261240720749,,,,,
9,958,0.016762355342507362,,,,,
9,959,0.06001242250204086,,,,,
9,960,0.06364796310663223,,,,,
9,961,0.03679712861776352,,,,,
9,962,0.03377801924943924,,,,,
9,963,0.05743997544050217,,,,,
9,964,0.029385706409811974,,,,,
9,965,0.034906502813100815,,,,,
9,966,0.2652224004268646,,,,,
9,967,0.054768096655607224,,,,,
9,968,0.04438144713640213,,,,,
9,969,0.048982590436935425,,,,,
9,970,0.24274566769599915,,,,,
9,971,0.06812341511249542,,,,,
9,972,0.037718165665864944,,,,,
9,973,0.2767248749732971,,,,,
9,974,0.03469637781381607,,,,,
9,975,0.019180594012141228,,,,,
9,976,0.06828524172306061,,,,,
9,977,0.25203317403793335,,,,,
9,978,0.04727575555443764,,,,,
9,979,0.015953075140714645,,,,,
9,980,0.043621696531772614,,,,,
9,981,0.03046928346157074,,,,,
9,982,0.06356588006019592,,,,,
9,983,0.028975656256079674,,,,,
9,984,0.020588483661413193,,,,,
9,985,0.0645587146282196,,,,,
9,986,0.043614018708467484,,,,,
9,987,0.06370969861745834,,,,,
9,988,0.06859789043664932,,,,,
9,989,0.03873768076300621,,,,,
,891,,0.017114020884037018,,,,
,892,,0.01780085079371929,,,,
,893,,0.01799478940665722,,,,
,894,,0.2387893795967102,,,,
,895,,0.16941775381565094,,,,
,896,,0.017180543392896652,,,,
,897,,0.03980148956179619,,,,
,898,,0.022008752450346947,,,,
,899,,0.03229557350277901,,,,
,900,,0.02112453430891037,,,,
,901,,0.0343913659453392,,,,
,902,,0.021210361272096634,,,,
,903,,0.02301494963467121,,,,
,904,,0.02814364992082119,,,,
,905,,0.02359860949218273,,,,
,906,,0.02477269433438778,,,,
,907,,0.021065765991806984,,,,
,908,,0.012876380234956741,,,,
,909,,0.02175147645175457,,,,
,910,,0.037308063358068466,,,,
,911,,0.021954236552119255,,,,
,912,,0.015352969989180565,,,,
,913,,0.040209002792835236,,,,
,914,,0.036172207444906235,,,,
,915,,0.03617299348115921,,,,
,916,,0.014867670834064484,,,,
,917,,0.04047847539186478,,,,
,918,,0.01969907246530056,,,,
,919,,0.02182745933532715,,,,
,920,,0.13188210129737854,,,,
,921,,0.020651018247008324,,,,
,922,,0.023728523403406143,,,,
,923,,0.024075254797935486,,,,
,924,,0.014671986922621727,,,,
,925,,0.022817527875304222,,,,
,926,,0.03897634148597717,,,,
,927,,0.04113311693072319,,,,
,928,,0.02223348058760166,,,,
,929,,0.014903761446475983,,,,
,930,,0.02054593898355961,,,,
,931,,0.043731916695833206,,,,
,932,,0.012404950335621834,,,,
,933,,0.041645199060440063,,,,
,934,,0.02309429831802845,,,,
,935,,0.028887605294585228,,,,
,936,,0.03968986123800278,,,,
,937,,0.015064007602632046,,,,
,938,,0.05202201008796692,,,,
,939,,0.021391013637185097,,,,
,940,,0.015296559780836105,,,,
,941,,0.018602820113301277,,,,
,942,,0.03875051811337471,,,,
,943,,0.02735729143023491,,,,
,944,,0.0326516255736351,,,,
,945,,0.016027072444558144,,,,
,946,,0.1553882211446762,,,,
,947,,0.03900735825300217,,,,
,948,,0.030198492109775543,,,,
,949,,0.020042799413204193,,,,
,950,,0.021456120535731316,,,,
,951,,0.03044469654560089,,,,
,952,,0.035961028188467026,,,,
,953,,0.016268061473965645,,,,
,954,,0.04265923053026199,,,,
,955,,0.017353400588035583,,,,
,956,,0.011040158569812775,,,,
,957,,0.02693815901875496,,,,
,958,,0.02269040420651436,,,,
,959,,0.04840121418237686,,,,
,960,,0.025564974173903465,,,,
,961,,0.016334379091858864,,,,
,962,,0.02217395044863224,,,,
,963,,0.042047787457704544,,,,
,964,,0.014390159398317337,,,,
,965,,0.27172142267227173,,,,
,966,,0.019701926037669182,,,,
,967,,0.024687878787517548,,,,
,968,,0.03603711724281311,,,,
,969,,0.02545832470059395,,,,
,970,,0.02154918760061264,,,,
,971,,0.01972881145775318,,,,
,972,,0.12915034592151642,,,,
,973,,0.03319698944687843,,,,
,974,,0.018262632191181183,,,,
,975,,0.042376503348350525,,,,
,976,,0.021152550354599953,,,,
,977,,0.024668121710419655,,,,
,978,,0.028612054884433746,,,,
,979,,0.02265637181699276,,,,
,980,,0.03128870576620102,,,,
,981,,0.020601091906428337,,,,
,982,,0.020504217594861984,,,,
,983,,0.026032546535134315,,,,
,984,,0.039626430720090866,,,,
,985,,0.015372144989669323,,,,
,986,,0.03453348949551582,,,,
,987,,0.022338375449180603,,,,
,988,,0.01768515259027481,,,,
,989,,0.03606697544455528,,,,
9,989,,,0.03567677363753319,,,
9,989,,,,0.6969696879386902,0.939393937587738,0.0897279679775238
10,990,0.09389175474643707,,,,,
10,991,0.036249276250600815,,,,,
10,992,0.02796783670783043,,,,,
10,993,0.02833271026611328,,,,,
10,994,0.046376653015613556,,,,,
10,995,0.06530860811471939,,,,,
10,996,0.1319163739681244,,,,,
10,997,0.03314455598592758,,,,,
10,998,0.08787228167057037,,,,,
10,999,0.51215660572052,,,,,
10,1000,0.02186352014541626,,,,,
10,1001,0.06431978195905685,,,,,
10,1002,0.08935362100601196,,,,,
10,1003,0.025152424350380898,,,,,
10,1004,0.3532516062259674,,,,,
10,1005,0.005364222452044487,,,,,
10,1006,0.046031370759010315,,,,,
10,1007,0.04585624486207962,,,,,
10,1008,0.10049926489591599,,,,,
10,1009,0.021049711853265762,,,,,
10,1010,0.009024450555443764,,,,,
10,1011,0.02848680317401886,,,,,
10,1012,0.20126964151859283,,,,,
10,1013,0.025415852665901184,,,,,
10,1014,0.01227340754121542,,,,,
10,1015,0.22407053411006927,,,,,
10,1016,0.07562507688999176,,,,,
10,1017,0.02698872797191143,,,,,
10,1018,0.08017530292272568,,,,,
10,1019,0.04622267931699753,,,,,
10,1020,0.006516800727695227,,,,,
10,1021,0.08171819150447845,,,,,
10,1022,0.08178059756755829,,,,,
10,1023,0.041098371148109436,,,,,
10,1024,0.03991285338997841,,,,,
10,1025,0.1086476594209671,,,,,
10,1026,0.005781800951808691,,,,,
10,1027,0.2592461407184601,,,,,
10,1028,0.01888563483953476,,,,,
10,1029,0.0879577174782753,,,,,
10,1030,0.06599345803260803,,,,,
10,1031,0.05055321380496025,,,,,
10,1032,0.08125898987054825,,,,,
10,1033,0.06378491222858429,,,,,
10,1034,0.207076296210289,,,,,
10,1035,0.0383133739233017,,,,,
10,1036,0.06939699500799179,,,,,
10,1037,0.07080598175525665,,,,,
10,1038,0.14589858055114746,,,,,
10,1039,0.03556954115629196,,,,,
10,1040,0.06445392966270447,,,,,
10,1041,0.02319742552936077,,,,,
10,1042,0.055016983300447464,,,,,
10,1043,0.03835239261388779,,,,,
10,1044,0.07178621739149094,,,,,
10,1045,0.022038765251636505,,,,,
10,1046,0.03305312991142273,,,,,
10,1047,0.019654590636491776,,,,,
10,1048,0.04529496282339096,,,,,
10,1049,0.13447725772857666,,,,,
10,1050,0.099174365401268,,,,,
10,1051,0.03977353125810623,,,,,
10,1052,0.027307521551847458,,,,,
10,1053,0.009623819030821323,,,,,
10,1054,0.03378796577453613,,,,,
10,1055,0.10384206473827362,,,,,
10,1056,0.01731644570827484,,,,,
10,1057,0.023591991513967514,,,,,
10,1058,0.06766731292009354,,,,,
10,1059,0.039767809212207794,,,,,
10,1060,0.03655867278575897,,,,,
10,1061,0.029136860743165016,,,,,
10,1062,0.11704428493976593,,,,,
10,1063,0.0721324235200882,,,,,
10,1064,0.10607568919658661,,,,,
10,1065,0.01866266131401062,,,,,
10,1066,0.33880361914634705,,,,,
10,1067,0.12971237301826477,,,,,
10,1068,0.0354352667927742,,,,,
10,1069,0.07685442268848419,,,,,
10,1070,0.04880261421203613,,,,,
10,1071,0.04228447377681732,,,,,
10,1072,0.01083025150001049,,,,,
10,1073,0.24370059370994568,,,,,
10,1074,0.12154600769281387,,,,,
10,1075,0.10066606849431992,,,,,
10,1076,0.04560036212205887,,,,,
10,1077,0.06737262010574341,,,,,
10,1078,0.13372758030891418,,,,,
10,1079,0.027446476742625237,,,,,
10,1080,0.10497268289327621,,,,,
10,1081,0.03360952064394951,,,,,
10,1082,0.02623642235994339,,,,,
10,1083,0.06114208698272705,,,,,
10,1084,0.03463754802942276,,,,,
10,1085,0.027335455641150475,,,,,
10,1086,0.055448979139328,,,,,
10,1087,0.013478009961545467,,,,,
10,1088,0.022546246647834778,,,,,
,990,,0.10042552649974823,,,,
,991,,0.02198336087167263,,,,
,992,,0.06378887593746185,,,,
,993,,0.06470614671707153,,,,
,994,,0.016570238396525383,,,,
,995,,0.04945340007543564,,,,
,996,,0.1351233273744583,,,,
,997,,0.09142475575208664,,,,
,998,,0.11915434151887894,,,,
,999,,0.06729782372713089,,,,
,1000,,0.047466449439525604,,,,
,1001,,0.046486712992191315,,,,
,1002,,0.07431238889694214,,,,
,1003,,0.03271365910768509,,,,
,1004,,0.03349965065717697,,,,
,1005,,0.062414947897195816,,,,
,1006,,0.05235566571354866,,,,
,1007,,0.058181099593639374,,,,
,1008,,0.02426724322140217,,,,
,1009,,0.058996494859457016,,,,
,1010,,0.033962175250053406,,,,
,1011,,0.012885501608252525,,,,
,1012,,0.06442584097385406,,,,
,1013,,0.02501489408314228,,,,
,1014,,0.02981150709092617,,,,
,1015,,0.03181646391749382,,,,
,1016,,0.057030584663152695,,,,
,1017,,0.023755352944135666,,,,
,1018,,0.043706998229026794,,,,
,1019,,0.016058936715126038,,,,
,1020,,0.07355058193206787,,,,
,1021,,0.09769691526889801,,,,
,1022,,0.1346142441034317,,,,
,1023,,0.10042426735162735,,,,
,1024,,0.0815458744764328,,,,
,1025,,0.074756920337677,,,,
,1026,,0.05883067473769188,,,,
,1027,,0.05598590150475502,,,,
,1028,,0.057495784014463425,,,,
,1029,,0.04340176656842232,,,,
,1030,,0.03708875551819801,,,,
,1031,,0.03650230914354324,,,,
,1032,,0.0597805455327034,,,,
,1033,,0.023365121334791183,,,,
,1034,,0.02149822749197483,,,,
,1035,,0.061649028211832047,,,,
,1036,,0.018390372395515442,,,,
,1037,,0.06656906008720398,,,,
,1038,,0.04138161614537239,,,,
,1039,,0.03650252893567085,,,,
,1040,,0.017972635105252266,,,,
,1041,,0.06396037340164185,,,,
,1042,,0.04426457732915878,,,,
,1043,,0.024377815425395966,,,,
,1044,,0.017230043187737465,,,,
,1045,,0.03227020427584648,,,,
,1046,,0.05360144004225731,,,,
,1047,,0.0748634934425354,,,,
,1048,,0.10267867147922516,,,,
,1049,,0.057569559663534164,,,,
,1050,,0.06999563425779343,,,,
,1051,,0.06855165213346481,,,,
,1052,,0.03365511819720268,,,,
,1053,,0.07515157759189606,,,,
,1054,,0.03648504614830017,,,,
,1055,,0.0275534987449646,,,,
,1056,,0.027431176975369453,,,,
,1057,,0.02778601460158825,,,,
,1058,,0.0617520771920681,,,,
,1059,,0.025753023102879524,,,,
,1060,,0.015155739150941372,,,,
,1061,,0.045699384063482285,,,,
,1062,,0.03148376941680908,,,,
,1063,,0.024261299520730972,,,,
,1064,,0.036914754658937454,,,,
,1065,,0.020559990778565407,,,,
,1066,,0.0232381671667099,,,,
,1067,,0.05983319878578186,,,,
,1068,,0.049910977482795715,,,,
,1069,,0.018525326624512672,,,,
,1070,,0.03595639392733574,,,,
,1071,,0.0287628211081028,,,,
,1072,,0.090733602643013,,,,
,1073,,0.0654677078127861,,,,
,1074,,0.10905379056930542,,,,
,1075,,0.09032148867845535,,,,
,1076,,0.07811838388442993,,,,
,1077,,0.051201820373535156,,,,
,1078,,0.07571862637996674,,,,
,1079,,0.11048127710819244,,,,
,1080,,0.051318589597940445,,,,
,1081,,0.024328729137778282,,,,
,1082,,0.030738551169633865,,,,
,1083,,0.07633733749389648,,,,
,1084,,0.036091696470975876,,,,
,1085,,0.056357115507125854,,,,
,1086,,0.04274382442235947,,,,
,1087,,0.051925256848335266,,,,
,1088,,0.03039040043950081,,,,
10,1088,,,0.05196620151400566,,,
10,1088,,,,0.7070707082748413,0.9292929172515869,0.07350189983844757
11,1089,0.1352587640285492,,,,,
11,1090,0.02448609657585621,,,,,
11,1091,0.13864661753177643,,,,,
11,1092,0.0400647297501564,,,,,
11,1093,0.007332824636250734,,,,,
11,1094,0.19703340530395508,,,,,
11,1095,0.016522632911801338,,,,,
11,1096,0.0784103274345398,,,,,
11,1097,0.0635409876704216,,,,,
11,1098,0.16809989511966705,,,,,
11,1099,0.09538985788822174,,,,,
11,1100,0.02814491279423237,,,,,
11,1101,0.09494142234325409,,,,,
11,1102,0.25633642077445984,,,,,
11,1103,0.08329115062952042,,,,,
11,1104,0.09258738905191422,,,,,
11,1105,0.06727462261915207,,,,,
11,1106,0.06922062486410141,,,,,
11,1107,0.06527863442897797,,,,,
11,1108,0.03211771324276924,,,,,
11,1109,0.06199444830417633,,,,,
11,1110,0.009865542873740196,,,,,
11,1111,0.0409705750644207,,,,,
11,1112,0.0326182022690773,,,,,
11,1113,0.08374296873807907,,,,,
11,1114,0.7137959003448486,,,,,
11,1115,0.132630854845047,,,,,
11,1116,0.02824322320520878,,,,,
11,1117,0.053264178335666656,,,,,
11,1118,0.01523294486105442,,,,,
11,1119,0.025967078283429146,,,,,
11,1120,0.030491091310977936,,,,,
11,1121,0.13725396990776062,,,,,
11,1122,0.044636260718107224,,,,,
11,1123,0.07386044412851334,,,,,
11,1124,0.030877193436026573,,,,,
11,1125,0.031061869114637375,,,,,
11,1126,0.05137656629085541,,,,,
11,1127,0.03348129242658615,,,,,
11,1128,0.08512384444475174,,,,,
11,1129,0.1924126297235489,,,,,
11,1130,0.1425071805715561,,,,,
11,1131,0.12610648572444916,,,,,
11,1132,0.05381936952471733,,,,,
11,1133,0.04364674538373947,,,,,
11,1134,0.02432980388402939,,,,,
11,1135,0.047136180102825165,,,,,
11,1136,0.01899990811944008,,,,,
11,1137,0.06738031655550003,,,,,
11,1138,0.15561139583587646,,,,,
11,1139,0.07433813065290451,,,,,
11,1140,0.06390481442213058,,,,,
11,1141,0.2827679514884949,,,,,
11,1142,0.011764653958380222,,,,,
11,1143,0.08189739286899567,,,,,
11,1144,0.03349590674042702,,,,,
11,1145,0.03796027600765228,,,,,
11,1146,0.06125035881996155,,,,,
11,1147,0.04418830946087837,,,,,
11,1148,0.09696222096681595,,,,,
11,1149,0.04967091232538223,,,,,
11,1150,0.047408826649188995,,,,,
11,1151,0.0416535921394825,,,,,
11,1152,0.08750652521848679,,,,,
11,1153,0.39833852648735046,,,,,
11,1154,0.02124149724841118,,,,,
11,1155,0.17640288174152374,,,,,
11,1156,0.051569994539022446,,,,,
11,1157,0.05507101118564606,,,,,
11,1158,0.0483710952103138,,,,,
11,1159,0.004042475949972868,,,,,
11,1160,0.0595678947865963,,,,,
11,1161,0.16404731571674347,,,,,
11,1162,0.013223853893578053,,,,,
11,1163,0.006519220303744078,,,,,
11,1164,0.05416107177734375,,,,,
11,1165,0.0509268194437027,,,,,
11,1166,0.10322999954223633,,,,,
11,1167,0.03544018417596817,,,,,
11,1168,0.024715855717658997,,,,,
11,1169,0.0164036862552166,,,,,
11,1170,0.01323531661182642,,,,,
11,1171,0.039902325719594955,,,,,
11,1172,0.043957944959402084,,,,,
11,1173,0.04096715897321701,,,,,
11,1174,0.01840861700475216,,,,,
11,1175,0.022679569199681282,,,,,
11,1176,0.04270588606595993,,,,,
11,1177,0.14118269085884094,,,,,
11,1178,0.07005549222230911,,,,,
11,1179,0.035657741129398346,,,,,
11,1180,0.11730244010686874,,,,,
11,1181,0.04498619586229324,,,,,
11,1182,0.03715168312191963,,,,,
11,1183,0.05130036547780037,,,,,
11,1184,0.01720217801630497,,,,,
11,1185,0.0107730682939291,,,,,
11,1186,0.007104243151843548,,,,,
11,1187,0.048218220472335815,,,,,
,1089,,0.07375191152095795,,,,
,1090,,0.012916255742311478,,,,
,1091,,0.14207381010055542,,,,
,1092,,0.03260187432169914,,,,
,1093,,0.027187559753656387,,,,
,1094,,0.0033750722650438547,,,,
,1095,,0.048488322645425797,,,,
,1096,,0.020351175218820572,,,,
,1097,,0.014187642373144627,,,,
,1098,,0.015738844871520996,,,,
,1099,,0.02389991097152233,,,,
,1100,,0.012471670284867287,,,,
,1101,,0.021646641194820404,,,,
,1102,,0.007179702632129192,,,,
,1103,,0.012377722188830376,,,,
,1104,,0.020785674452781677,,,,
,1105,,0.01396250445395708,,,,
,1106,,0.0025580846704542637,,,,
,1107,,0.011833036318421364,,,,
,1108,,0.035671528428792953,,,,
,1109,,0.023968391120433807,,,,
,1110,,0.0034342913422733545,,,,
,1111,,0.048743754625320435,,,,
,1112,,0.013300229795277119,,,,
,1113,,0.023978881537914276,,,,
,1114,,0.004081414081156254,,,,
,1115,,0.05156366154551506,,,,
,1116,,0.09434396028518677,,,,
,1117,,0.12484327703714371,,,,
,1118,,0.006407035980373621,,,,
,1119,,0.010455697774887085,,,,
,1120,,0.020536556839942932,,,,
,1121,,0.02997165359556675,,,,
,1122,,0.006995140574872494,,,,
,1123,,0.011658972129225731,,,,
,1124,,0.03563099727034569,,,,
,1125,,0.04271835461258888,,,,
,1126,,0.013612405396997929,,,,
,1127,,0.002135545713827014,,,,
,1128,,0.014454326592385769,,,,
,1129,,0.02863902598619461,,,,
,1130,,0.0024565337225794792,,,,
,1131,,0.030278073623776436,,,,
,1132,,0.011936181224882603,,,,
,1133,,0.0220059622079134,,,,
,1134,,0.03920628875494003,,,,
,1135,,0.0022480953484773636,,,,
,1136,,0.04875701293349266,,,,
,1137,,0.03284686803817749,,,,
,1138,,0.011818469502031803,,,,
,1139,,0.010103447362780571,,,,
,1140,,0.05199674144387245,,,,
,1141,,0.04594670236110687,,,,
,1142,,0.0391671359539032,,,,
,1143,,0.027934933081269264,,,,
,1144,,0.018696671351790428,,,,
,1145,,0.025560807436704636,,,,
,1146,,0.00970437377691269,,,,
,1147,,0.022512290626764297,,,,
,1148,,0.011948020197451115,,,,
,1149,,0.023915568366646767,,,,
,1150,,0.03441914543509483,,,,
,1151,,0.0021619664039462805,,,,
,1152,,0.04073310270905495,,,,
,1153,,0.011776922270655632,,,,
,1154,,0.0019935083109885454,,,,
,1155,,0.014348706230521202,,,,
,1156,,0.011861608363687992,,,,
,1157,,0.05536489933729172,,,,
,1158,,0.013644019141793251,,,,
,1159,,0.0018432090291753411,,,,
,1160,,0.019109513610601425,,,,
,1161,,0.028327036648988724,,,,
,1162,,0.0031405158806592226,,,,
,1163,,0.09143929928541183,,,,
,1164,,0.011205417104065418,,,,
,1165,,0.029330750927329063,,,,
,1166,,0.04368852823972702,,,,
,1167,,0.026061121374368668,,,,
,1168,,0.030355865135788918,,,,
,1169,,0.04411077871918678,,,,
,1170,,0.005170855205506086,,,,
,1171,,0.02302582561969757,,,,
,1172,,0.00979553908109665,,,,
,1173,,0.03956936299800873,,,,
,1174,,0.012863116338849068,,,,
,1175,,0.002353619085624814,,,,
,1176,,0.04976335167884827,,,,
,1177,,0.016391316428780556,,,,
,1178,,0.012686528265476227,,,,
,1179,,0.014439086429774761,,,,
,1180,,0.011885241605341434,,,,
,1181,,0.0260991919785738,,,,
,1182,,0.03382093086838722,,,,
,1183,,0.0019354865653440356,,,,
,1184,,0.04196558892726898,,,,
,1185,,0.014405443333089352,,,,
,1186,,0.009831784293055534,,,,
,1187,,0.02546243742108345,,,,
11,1187,,,0.025454068556427956,,,
11,1187,,,,0.7979797720909119,0.9494949579238892,0.07518436759710312
12,1188,0.031839001923799515,,,,,
12,1189,0.054983045905828476,,,,,
12,1190,0.011172574944794178,,,,,
12,1191,0.2501554787158966,,,,,
12,1192,0.5121998190879822,,,,,
12,1193,0.05576743185520172,,,,,
12,1194,0.01299012266099453,,,,,
12,1195,0.009036791510879993,,,,,
12,1196,0.11341017484664917,,,,,
12,1197,0.025315720587968826,,,,,
12,1198,0.2277635633945465,,,,,
12,1199,0.46550530195236206,,,,,
12,1200,0.016522634774446487,,,,,
12,1201,0.033395055681467056,,,,,
12,1202,0.042639050632715225,,,,,
12,1203,0.03212924301624298,,,,,
12,1204,0.026599938049912453,,,,,
12,1205,0.15108247101306915,,,,,
12,1206,0.0383523628115654,,,,,
12,1207,0.08716382831335068,,,,,
12,1208,0.004361111670732498,,,,,
12,1209,0.12653397023677826,,,,,
12,1210,0.0156543105840683,,,,,
12,1211,0.0725109651684761,,,,,
12,1212,0.0925869569182396,,,,,
12,1213,0.01171451061964035,,,,,
12,1214,0.3645192086696625,,,,,
12,1215,0.02960984781384468,,,,,
12,1216,0.009631581604480743,,,,,
12,1217,0.1518486589193344,,,,,
12,1218,0.07265547662973404,,,,,
12,1219,0.06274876743555069,,,,,
12,1220,0.010899427346885204,,,,,
12,1221,0.01610509678721428,,,,,
12,1222,0.0513642393052578,,,,,
12,1223,0.020396051928400993,,,,,
12,1224,0.01601446606218815,,,,,
12,1225,0.05144624039530754,,,,,
12,1226,0.072078637778759,,,,,
12,1227,0.018410926684737206,,,,,
12,1228,0.07742328196763992,,,,,
12,1229,0.04998698830604553,,,,,
12,1230,0.07841762155294418,,,,,
12,1231,0.018546152859926224,,,,,
12,1232,0.1428776979446411,,,,,
12,1233,0.17019779980182648,,,,,
12,1234,0.034079987555742264,,,,,
12,1235,0.022740472108125687,,,,,
12,1236,0.04367173835635185,,,,,
12,1237,0.06026250496506691,,,,,
12,1238,0.07227526605129242,,,,,
12,1239,0.03832906112074852,,,,,
12,1240,0.015247716568410397,,,,,
12,1241,0.0958753228187561,,,,,
12,1242,0.04446324706077576,,,,,
12,1243,0.03244003653526306,,,,,
12,1244,0.08421741425991058,,,,,
12,1245,0.13250550627708435,,,,,
12,1246,0.09873197227716446,,,,,
12,1247,0.123792864382267,,,,,
12,1248,0.13956184685230255,,,,,
12,1249,0.14602799713611603,,,,,
12,1250,0.101908840239048,,,,,
12,1251,0.03993178904056549,,,,,
12,1252,0.21666541695594788,,,,,
12,1253,0.043179918080568314,,,,,
12,1254,0.08675187826156616,,,,,
12,1255,0.014512648805975914,,,,,
12,1256,0.03719490021467209,,,,,
12,1257,0.15935511887073517,,,,,
12,1258,0.15298235416412354,,,,,
12,1259,0.008582795038819313,,,,,
12,1260,0.03092528134584427,,,,,
12,1261,0.017043979838490486,,,,,
12,1262,0.10500383377075195,,,,,
12,1263,0.005883080419152975,,,,,
12,1264,0.04356897994875908,,,,,
12,1265,0.021114474162459373,,,,,
12,1266,0.06389103084802628,,,,,
12,1267,0.018034787848591805,,,,,
12,1268,0.014915109612047672,,,,,
12,1269,0.010911126621067524,,,,,
12,1270,0.0023861490190029144,,,,,
12,1271,0.013319658115506172,,,,,
12,1272,0.01929842121899128,,,,,
12,1273,0.11741360276937485,,,,,
12,1274,0.37448886036872864,,,,,
12,1275,0.03279555216431618,,,,,
12,1276,0.07886195182800293,,,,,
12,1277,0.023531874641776085,,,,,
12,1278,0.08642788976430893,,,,,
12,1279,0.01399037055671215,,,,,
12,1280,0.01831604540348053,,,,,
12,1281,0.03953732177615166,,,,,
12,1282,0.09469756484031677,,,,,
12,1283,0.007404867559671402,,,,,
12,1284,0.0067685507237911224,,,,,
12,1285,0.022229108959436417,,,,,
12,1286,0.07166258990764618,,,,,
,1188,,0.0022029890678822994,,,,
,1189,,0.005136031657457352,,,,
,1190,,0.012660212814807892,,,,
,1191,,0.33823639154434204,,,,
,1192,,0.3600730895996094,,,,
,1193,,0.007193681783974171,,,,
,1194,,0.026183102279901505,,,,
,1195,,0.007055467925965786,,,,
,1196,,0.00185309792868793,,,,
,1197,,0.005471858661621809,,,,
,1198,,0.039645954966545105,,,,
,1199,,0.016459772363305092,,,,
,1200,,0.04524805396795273,,,,
,1201,,0.006404086481779814,,,,
,1202,,0.015508879907429218,,,,
,1203,,0.008372170850634575,,,,
,1204,,0.005635255016386509,,,,
,1205,,0.0006317118532024324,,,,
,1206,,0.01621728576719761,,,,
,1207,,0.015659742057323456,,,,
,1208,,0.0449523888528347,,,,
,1209,,0.003263500053435564,,,,
,1210,,0.02282247506082058,,,,
,1211,,0.005994033999741077,,,,
,1212,,0.03344917669892311,,,,
,1213,,0.0006781669217161834,,,,
,1214,,0.04269102215766907,,,,
,1215,,0.013521850109100342,,,,
,1216,,0.04154932126402855,,,,
,1217,,0.3081381618976593,,,,
,1218,,0.01308355014771223,,,,
,1219,,0.009335619397461414,,,,
,1220,,0.008649645373225212,,,,
,1221,,0.0008319879998452961,,,,
,1222,,0.014663925394415855,,,,
,1223,,0.018625950440764427,,,,
,1224,,0.07146874815225601,,,,
,1225,,0.01841125264763832,,,,
,1226,,0.0020951549522578716,,,,
,1227,,0.006372304167598486,,,,
,1228,,0.039952125400304794,,,,
,1229,,0.0006436425028368831,,,,
,1230,,0.04205961152911186,,,,
,1231,,0.016115408390760422,,,,
,1232,,0.022185195237398148,,,,
,1233,,0.018073655664920807,,,,
,1234,,0.0018571262480691075,,,,
,1235,,0.021011957898736,,,,
,1236,,0.006036495324224234,,,,
,1237,,0.0007850368274375796,,,,
,1238,,0.01361770648509264,,,,
,1239,,0.018712079152464867,,,,
,1240,,0.03750606253743172,,,,
,1241,,0.062303993850946426,,,,
,1242,,0.0019543119706213474,,,,
,1243,,0.31503328680992126,,,,
,1244,,0.03786323219537735,,,,
,1245,,0.0018020836869254708,,,,
,1246,,0.005543543957173824,,,,
,1247,,0.015108148567378521,,,,
,1248,,0.04627373814582825,,,,
,1249,,0.01862899772822857,,,,
,1250,,0.002850194927304983,,,,
,1251,,0.01853315904736519,,,,
,1252,,0.004210058134049177,,,,
,1253,,0.0005799446953460574,,,,
,1254,,0.021258464083075523,,,,
,1255,,0.016958195716142654,,,,
,1256,,0.08195126056671143,,,,
,1257,,0.019574107602238655,,,,
,1258,,0.0026026242412626743,,,,
,1259,,0.006564887706190348,,,,
,1260,,0.03980337455868721,,,,
,1261,,0.0007303262245841324,,,,
,1262,,0.30597907304763794,,,,
,1263,,0.01550020556896925,,,,
,1264,,0.05431513115763664,,,,
,1265,,0.01863386295735836,,,,
,1266,,0.009392770938575268,,,,
,1267,,0.012338708154857159,,,,
,1268,,0.005462670233100653,,,,
,1269,,0.36039969325065613,,,,
,1270,,0.03839224576950073,,,,
,1271,,0.015387823805212975,,,,
,1272,,0.07282587885856628,,,,
,1273,,0.01679217629134655,,,,
,1274,,0.0020461869426071644,,,,
,1275,,0.034030377864837646,,,,
,1276,,0.006960099563002586,,,,
,1277,,0.0016363936010748148,,,,
,1278,,0.004634460899978876,,,,
,1279,,0.01666495017707348,,,,
,1280,,0.048112183809280396,,,,
,1281,,0.017139270901679993,,,,
,1282,,0.002467652317136526,,,,
,1283,,0.029550084844231606,,,,
,1284,,0.007127686403691769,,,,
,1285,,0.000994391622953117,,,,
,1286,,0.03875609114766121,,,,
12,1286,,,0.03748152405023575,,,
12,1286,,,,0.7373737096786499,0.939393937587738,0.07481084018945694
13,1287,0.06038665771484375,,,,,
13,1288,0.036778368055820465,,,,,
13,1289,0.029379263520240784,,,,,
13,1290,0.0044407472014427185,,,,,
13,1291,0.009179607033729553,,,,,
13,1292,0.04657093808054924,,,,,
13,1293,0.06120998039841652,,,,,
13,1294,0.11392216384410858,,,,,
13,1295,0.00614347355440259,,,,,
13,1296,0.004707772750407457,,,,,
13,1297,0.017959805205464363,,,,,
13,1298,0.005854363087564707,,,,,
13,1299,0.005756533704698086,,,,,
13,1300,0.03211738169193268,,,,,
13,1301,0.020766302943229675,,,,,
13,1302,0.0022394878324121237,,,,,
13,1303,0.020232360810041428,,,,,
13,1304,0.017990587279200554,,,,,
13,1305,0.023972557857632637,,,,,
13,1306,0.01658071205019951,,,,,
13,1307,0.046343494206666946,,,,,
13,1308,0.016927281394600868,,,,,
13,1309,0.0178550835698843,,,,,
13,1310,0.09368772059679031,,,,,
13,1311,0.003249585395678878,,,,,
13,1312,0.03760631009936333,,,,,
13,1313,0.019865265116095543,,,,,
13,1314,0.03572767227888107,,,,,
13,1315,0.04384811595082283,,,,,
13,1316,0.04634227976202965,,,,,
13,1317,0.015968607738614082,,,,,
13,1318,0.06774664670228958,,,,,
13,1319,0.02995600737631321,,,,,
13,1320,0.1641833335161209,,,,,
13,1321,0.01619577221572399,,,,,
13,1322,0.05274245887994766,,,,,
13,1323,0.003646135563030839,,,,,
13,1324,0.03296751156449318,,,,,
13,1325,0.022927144542336464,,,,,
13,1326,0.02140745148062706,,,,,
13,1327,0.12176329642534256,,,,,
13,1328,0.03910723328590393,,,,,
13,1329,0.031796034425497055,,,,,
13,1330,0.26971566677093506,,,,,
13,1331,0.15296943485736847,,,,,
13,1332,0.16377262771129608,,,,,
13,1333,0.19549158215522766,,,,,
13,1334,0.07173529267311096,,,,,
13,1335,0.006827113218605518,,,,,
13,1336,0.06550192087888718,,,,,
13,1337,0.04323197156190872,,,,,
13,1338,0.0015364926075562835,,,,,
13,1339,0.028684541583061218,,,,,
13,1340,0.018697509542107582,,,,,
13,1341,0.0860031470656395,,,,,
13,1342,0.05304260924458504,,,,,
13,1343,0.046193063259124756,,,,,
13,1344,0.05504172295331955,,,,,
13,1345,0.049233295023441315,,,,,
13,1346,0.006121866870671511,,,,,
13,1347,0.05662499740719795,,,,,
13,1348,0.009113340638577938,,,,,
13,1349,0.06657075136899948,,,,,
13,1350,0.00485476478934288,,,,,
13,1351,0.07202590256929398,,,,,
13,1352,0.39547884464263916,,,,,
13,1353,0.028097596019506454,,,,,
13,1354,0.022795936092734337,,,,,
13,1355,0.026761576533317566,,,,,
13,1356,0.1568017303943634,,,,,
13,1357,0.020361002534627914,,,,,
13,1358,0.02873091772198677,,,,,
13,1359,0.02077053301036358,,,,,
13,1360,0.03719715774059296,,,,,
13,1361,0.058903541415929794,,,,,
13,1362,0.04457814618945122,,,,,
13,1363,0.06903885304927826,,,,,
13,1364,0.2970067262649536,,,,,
13,1365,0.053627900779247284,,,,,
13,1366,0.006724095903337002,,,,,
13,1367,0.38679182529449463,,,,,
13,1368,0.0115714306011796,,,,,
13,1369,0.009143243543803692,,,,,
13,1370,0.008855605497956276,,,,,
13,1371,0.03283841162919998,,,,,
13,1372,0.02450394071638584,,,,,
13,1373,0.013401458039879799,,,,,
13,1374,0.034699924290180206,,,,,
13,1375,0.016212714836001396,,,,,
13,1376,0.012476658448576927,,,,,
13,1377,0.08196250349283218,,,,,
13,1378,0.06339042633771896,,,,,
13,1379,0.07012773305177689,,,,,
13,1380,0.006859556771814823,,,,,
13,1381,0.06622670590877533,,,,,
13,1382,0.02460329420864582,,,,,
13,1383,0.011985713616013527,,,,,
13,1384,0.05695988982915878,,,,,
13,1385,0.062132541090250015,,,,,
,1287,,0.008784851059317589,,,,
,1288,,0.008991471491754055,,,,
,1289,,0.015271302312612534,,,,
,1290,,0.08347338438034058,,,,
,1291,,0.1019248366355896,,,,
,1292,,0.007617854047566652,,,,
,1293,,0.023789145052433014,,,,
,1294,,0.009652652777731419,,,,
,1295,,0.005831325426697731,,,,
,1296,,0.011618955992162228,,,,
,1297,,0.028541864827275276,,,,
,1298,,0.014884649775922298,,,,
,1299,,0.04126691445708275,,,,
,1300,,0.015417121350765228,,,,
,1301,,0.016012996435165405,,,,
,1302,,0.011257627978920937,,,,
,1303,,0.011661279015243053,,,,
,1304,,0.0028844885528087616,,,,
,1305,,0.014850069768726826,,,,
,1306,,0.01592491753399372,,,,
,1307,,0.04478788375854492,,,,
,1308,,0.008588023483753204,,,,
,1309,,0.03607102110981941,,,,
,1310,,0.008695621974766254,,,,
,1311,,0.024880580604076385,,,,
,1312,,0.004712223075330257,,,,
,1313,,0.03029395453631878,,,,
,1314,,0.014837781898677349,,,,
,1315,,0.03759249299764633,,,,
,1316,,0.04331747815012932,,,,
,1317,,0.013689196668565273,,,,
,1318,,0.01190816331654787,,,,
,1319,,0.012612697668373585,,,,
,1320,,0.002833574777469039,,,,
,1321,,0.014489615336060524,,,,
,1322,,0.01825970783829689,,,,
,1323,,0.057169824838638306,,,,
,1324,,0.017514560371637344,,,,
,1325,,0.0058308555744588375,,,,
,1326,,0.010508821345865726,,,,
,1327,,0.029342055320739746,,,,
,1328,,0.003342754440382123,,,,
,1329,,0.03075885772705078,,,,
,1330,,0.015448137186467648,,,,
,1331,,0.032109472900629044,,,,
,1332,,0.018347589299082756,,,,
,1333,,0.00542459636926651,,,,
,1334,,0.018396832048892975,,,,
,1335,,0.02425846830010414,,,,
,1336,,0.010649286210536957,,,,
,1337,,0.014456378296017647,,,,
,1338,,0.019442373886704445,,,,
,1339,,0.038363683968782425,,,,
,1340,,0.0569431371986866,,,,
,1341,,0.006707936525344849,,,,
,1342,,0.02939687669277191,,,,
,1343,,0.026078345254063606,,,,
,1344,,0.008359516970813274,,,,
,1345,,0.010884071700274944,,,,
,1346,,0.014180959202349186,,,,
,1347,,0.04449976608157158,,,,
,1348,,0.021150823682546616,,,,
,1349,,0.006745712365955114,,,,
,1350,,0.01652306504547596,,,,
,1351,,0.01054898090660572,,,,
,1352,,0.004120225086808205,,,,
,1353,,0.020048748701810837,,,,
,1354,,0.015069562010467052,,,,
,1355,,0.05917325243353844,,,,
,1356,,0.01880774460732937,,,,
,1357,,0.007005802355706692,,,,
,1358,,0.01094529777765274,,,,
,1359,,0.027306774631142616,,,,
,1360,,0.004627261310815811,,,,
,1361,,0.0314207449555397,,,,
,1362,,0.019774550572037697,,,,
,1363,,0.04715083912014961,,,,
,1364,,0.0209058728069067,,,,
,1365,,0.01829599030315876,,,,
,1366,,0.015555143356323242,,,,
,1367,,0.010286636650562286,,,,
,1368,,0.04099007323384285,,,,
,1369,,0.023396046832203865,,,,
,1370,,0.011997513473033905,,,,
,1371,,0.05534987896680832,,,,
,1372,,0.01509716548025608,,,,
,1373,,0.005160665605217218,,,,
,1374,,0.050537966191768646,,,,
,1375,,0.012764577753841877,,,,
,1376,,0.007524676155298948,,,,
,1377,,0.012385292910039425,,,,
,1378,,0.014232652261853218,,,,
,1379,,0.04219141602516174,,,,
,1380,,0.021533777937293053,,,,
,1381,,0.005871620494872332,,,,
,1382,,0.03191104531288147,,,,
,1383,,0.011513293720781803,,,,
,1384,,0.005914586130529642,,,,
,1385,,0.023248717188835144,,,,
13,1385,,,0.021239666268229485,,,
13,1385,,,,0.7979797720909119,0.9595959782600403,0.05356219410896301
14,1386,0.0369398407638073,,,,,
14,1387,0.023647580295801163,,,,,
14,1388,0.013230772688984871,,,,,
14,1389,0.0072366767562925816,,,,,
14,1390,0.044478680938482285,,,,,
14,1391,0.0159921757876873,,,,,
14,1392,0.02866564504802227,,,,,
14,1393,0.024454304948449135,,,,,
14,1394,0.048262838274240494,,,,,
14,1395,0.013189646415412426,,,,,
14,1396,0.055318862199783325,,,,,
14,1397,0.01959657296538353,,,,,
14,1398,0.03197484835982323,,,,,
14,1399,0.052088238298892975,,,,,
14,1400,0.028755415230989456,,,,,
14,1401,0.004615255631506443,,,,,
14,1402,0.02586165815591812,,,,,
14,1403,0.015741515904664993,,,,,
14,1404,0.06647516041994095,,,,,
14,1405,0.053502440452575684,,,,,
14,1406,0.05299007520079613,,,,,
14,1407,0.009782885201275349,,,,,
14,1408,0.009534906595945358,,,,,
14,1409,0.06234681233763695,,,,,
14,1410,0.009468869306147099,,,,,
14,1411,0.06720441579818726,,,,,
14,1412,0.038995157927274704,,,,,
14,1413,0.014318875968456268,,,,,
14,1414,0.0435447059571743,,,,,
14,1415,0.012370890006422997,,,,,
14,1416,0.00871485099196434,,,,,
14,1417,0.1669238656759262,,,,,
14,1418,0.02010272443294525,,,,,
14,1419,0.005858624819666147,,,,,
14,1420,0.0833778828382492,,,,,
14,1421,0.0614473931491375,,,,,
14,1422,0.0785047858953476,,,,,
14,1423,0.0018400208791717887,,,,,
14,1424,0.014808567240834236,,,,,
14,1425,0.050915706902742386,,,,,
14,1426,0.026882793754339218,,,,,
14,1427,0.07474842667579651,,,,,
14,1428,0.0025376202538609505,,,,,
14,1429,0.04776602238416672,,,,,
14,1430,0.08361981809139252,,,,,
14,1431,0.08430252224206924,,,,,
14,1432,0.010388647206127644,,,,,
14,1433,0.07803741097450256,,,,,
14,1434,0.03383271396160126,,,,,
14,1435,0.062139108777046204,,,,,
14,1436,0.03388108313083649,,,,,
14,1437,0.005627397447824478,,,,,
14,1438,0.0023073204793035984,,,,,
14,1439,0.022490451112389565,,,,,
14,1440,0.01767485775053501,,,,,
14,1441,0.07541964203119278,,,,,
14,1442,0.004233453422784805,,,,,
14,1443,0.04450361058115959,,,,,
14,1444,0.13001377880573273,,,,,
14,1445,0.03076103702187538,,,,,
14,1446,0.004437473602592945,,,,,
14,1447,0.14140474796295166,,,,,
14,1448,0.0390477292239666,,,,,
14,1449,0.012368764728307724,,,,,
14,1450,0.012206568382680416,,,,,
14,1451,0.00818407442420721,,,,,
14,1452,0.027176154777407646,,,,,
14,1453,0.009824208915233612,,,,,
14,1454,0.031481385231018066,,,,,
14,1455,0.006190211046487093,,,,,
14,1456,0.023981086909770966,,,,,
14,1457,0.009574239142239094,,,,,
14,1458,0.024563774466514587,,,,,
14,1459,0.06466847658157349,,,,,
14,1460,0.04233146086335182,,,,,
14,1461,0.00849384255707264,,,,,
14,1462,0.031460873782634735,,,,,
14,1463,0.27835512161254883,,,,,
14,1464,0.007828488014638424,,,,,
14,1465,0.2147791087627411,,,,,
14,1466,0.0012021997245028615,,,,,
14,1467,0.05069417878985405,,,,,
14,1468,0.6185334324836731,,,,,
14,1469,0.007571765687316656,,,,,
14,1470,0.04907962307333946,,,,,
14,1471,0.1732080727815628,,,,,
14,1472,0.01176076103001833,,,,,
14,1473,0.03949122875928879,,,,,
14,1474,0.04678822681307793,,,,,
14,1475,0.028496848419308662,,,,,
14,1476,0.022153833881020546,,,,,
14,1477,0.02581179514527321,,,,,
14,1478,0.003533126087859273,,,,,
14,1479,0.022849876433610916,,,,,
14,1480,0.011411525309085846,,,,,
14,1481,0.3521915674209595,,,,,
14,1482,0.07014766335487366,,,,,
14,1483,0.09548783302307129,,,,,
14,1484,0.08178626000881195,,,,,
,1386,,0.01435912773013115,,,,
,1387,,0.007147260941565037,,,,
,1388,,0.014642070047557354,,,,
,1389,,0.048644084483385086,,,,
,1390,,0.042841650545597076,,,,
,1391,,0.009927435778081417,,,,
,1392,,0.043882809579372406,,,,
,1393,,0.02456333488225937,,,,
,1394,,0.01413141842931509,,,,
,1395,,0.01805206947028637,,,,
,1396,,0.030134053900837898,,,,
,1397,,0.01306711696088314,,,,
,1398,,0.02383234165608883,,,,
,1399,,0.023523937910795212,,,,
,1400,,0.014273825101554394,,,,
,1401,,0.025107406079769135,,,,
,1402,,0.0212715994566679,,,,
,1403,,0.007699830923229456,,,,
,1404,,0.013433377258479595,,,,
,1405,,0.034137409180402756,,,,
,1406,,0.025949927046895027,,,,
,1407,,0.010609128512442112,,,,
,1408,,0.04521338641643524,,,,
,1409,,0.010576756671071053,,,,
,1410,,0.020643146708607674,,,,
,1411,,0.011846606619656086,,,,
,1412,,0.026328153908252716,,,,
,1413,,0.014958220534026623,,,,
,1414,,0.02460712380707264,,,,
,1415,,0.02019427716732025,,,,
,1416,,0.010792461223900318,,,,
,1417,,0.025690117850899696,,,,
,1418,,0.024766549468040466,,,,
,1419,,0.007978015579283237,,,,
,1420,,0.013702879659831524,,,,
,1421,,0.03295423462986946,,,,
,1422,,0.04319128394126892,,,,
,1423,,0.015530785545706749,,,,
,1424,,0.009551775641739368,,,,
,1425,,0.020918309688568115,,,,
,1426,,0.025897573679685593,,,,
,1427,,0.00860381219536066,,,,
,1428,,0.027209362015128136,,,,
,1429,,0.014176875352859497,,,,
,1430,,0.026524962857365608,,,,
,1431,,0.0347786545753479,,,,
,1432,,0.01071517076343298,,,,
,1433,,0.04432475194334984,,,,
,1434,,0.024682186543941498,,,,
,1435,,0.009724723175168037,,,,
,1436,,0.012143422849476337,,,,
,1437,,0.038888297975063324,,,,
,1438,,0.025709623470902443,,,,
,1439,,0.035200316458940506,,,,
,1440,,0.01175381988286972,,,,
,1441,,0.02366156503558159,,,,
,1442,,0.022734852507710457,,,,
,1443,,0.020960459485650063,,,,
,1444,,0.017898933961987495,,,,
,1445,,0.014019853435456753,,,,
,1446,,0.029108604416251183,,,,
,1447,,0.03049001842737198,,,,
,1448,,0.012185248546302319,,,,
,1449,,0.036336250603199005,,,,
,1450,,0.01743321120738983,,,,
,1451,,0.007118009962141514,,,,
,1452,,0.018780207261443138,,,,
,1453,,0.014980611391365528,,,,
,1454,,0.045792628079652786,,,,
,1455,,0.018214788287878036,,,,
,1456,,0.012524263001978397,,,,
,1457,,0.02037729136645794,,,,
,1458,,0.026516608893871307,,,,
,1459,,0.008897358551621437,,,,
,1460,,0.021405598148703575,,,,
,1461,,0.015781324356794357,,,,
,1462,,0.027948809787631035,,,,
,1463,,0.034820862114429474,,,,
,1464,,0.025427432730793953,,,,
,1465,,0.015968991443514824,,,,
,1466,,0.022697485983371735,,,,
,1467,,0.02059115655720234,,,,
,1468,,0.018956592306494713,,,,
,1469,,0.009913664311170578,,,,
,1470,,0.0380086824297905,,,,
,1471,,0.014284986071288586,,,,
,1472,,0.009092023596167564,,,,
,1473,,0.029507193714380264,,,,
,1474,,0.026135828346014023,,,,
,1475,,0.01662397012114525,,,,
,1476,,0.02185097709298134,,,,
,1477,,0.012195752933621407,,,,
,1478,,0.023123297840356827,,,,
,1479,,0.037253350019454956,,,,
,1480,,0.009741151705384254,,,,
,1481,,0.03980036452412605,,,,
,1482,,0.027159878984093666,,,,
,1483,,0.010479939170181751,,,,
,1484,,0.02100771851837635,,,,
14,1484,,,0.021806225180625916,,,
14,1484,,,,0.8484848737716675,0.9797979593276978,0.0505535826086998
15,1485,0.04120275005698204,,,,,
15,1486,0.1315295249223709,,,,,
15,1487,0.031841009855270386,,,,,
15,1488,0.008828478865325451,,,,,
15,1489,0.04329172521829605,,,,,
15,1490,0.03459544852375984,,,,,
15,1491,0.06729583442211151,,,,,
15,1492,0.05593862384557724,,,,,
15,1493,0.05815553665161133,,,,,
15,1494,0.1874370127916336,,,,,
15,1495,0.02092933841049671,,,,,
15,1496,0.3450247645378113,,,,,
15,1497,0.03376898169517517,,,,,
15,1498,0.09766680002212524,,,,,
15,1499,0.04346862807869911,,,,,
15,1500,0.06416867673397064,,,,,
15,1501,0.027896512299776077,,,,,
15,1502,0.05206076800823212,,,,,
15,1503,0.04809393733739853,,,,,
15,1504,0.013507875613868237,,,,,
15,1505,0.05343276634812355,,,,,
15,1506,0.06571007519960403,,,,,
15,1507,0.044522952288389206,,,,,
15,1508,0.08153095096349716,,,,,
15,1509,0.011253468692302704,,,,,
15,1510,0.05227922648191452,,,,,
15,1511,0.028004206717014313,,,,,
15,1512,0.03099815919995308,,,,,
15,1513,0.051607877016067505,,,,,
15,1514,0.11780478060245514,,,,,
15,1515,0.16499316692352295,,,,,
15,1516,0.0461934395134449,,,,,
15,1517,0.008747907355427742,,,,,
15,1518,0.002424768637865782,,,,,
15,1519,0.04042946174740791,,,,,
15,1520,0.01748073473572731,,,,,
15,1521,0.02714884839951992,,,,,
15,1522,0.03225848823785782,,,,,
15,1523,0.07426349073648453,,,,,
15,1524,0.11828547716140747,,,,,
15,1525,0.03217200189828873,,,,,
15,1526,0.03417631611227989,,,,,
15,1527,0.004527050070464611,,,,,
15,1528,0.04108345881104469,,,,,
15,1529,0.06121452525258064,,,,,
15,1530,0.06947050243616104,,,,,
15,1531,0.030037619173526764,,,,,
15,1532,0.10207301378250122,,,,,
15,1533,0.02287432737648487,,,,,
15,1534,0.01706828363239765,,,,,
15,1535,0.019592275843024254,,,,,
15,1536,0.008104309439659119,,,,,
15,1537,0.029424333944916725,,,,,
15,1538,0.014853578992187977,,,,,
15,1539,0.012097244150936604,,,,,
15,1540,0.053726676851511,,,,,
15,1541,0.026453522965312004,,,,,
15,1542,0.04522353783249855,,,,,
15,1543,0.0026022891979664564,,,,,
15,1544,0.06880495697259903,,,,,
15,1545,0.005709073971956968,,,,,
15,1546,0.07717947661876678,,,,,
15,1547,0.054675888270139694,,,,,
15,1548,0.03587934374809265,,,,,
15,1549,0.011334401555359364,,,,,
15,1550,0.007031234912574291,,,,,
15,1551,0.08320824801921844,,,,,
15,1552,0.08149775117635727,,,,,
15,1553,0.004988645203411579,,,,,
15,1554,0.06430256366729736,,,,,
15,1555,0.03540204092860222,,,,,
15,1556,0.03254583477973938,,,,,
15,1557,0.003246618900448084,,,,,
15,1558,0.1344437152147293,,,,,
15,1559,0.6274275779724121,,,,,
15,1560,0.012470128946006298,,,,,
15,1561,0.0038892384618520737,,,,,
15,1562,0.1063363254070282,,,,,
15,1563,0.006888283882290125,,,,,
15,1564,0.14612823724746704,,,,,
15,1565,0.04566773772239685,,,,,
15,1566,0.054093487560749054,,,,,
15,1567,0.041399285197257996,,,,,
15,1568,0.0939122810959816,,,,,
15,1569,0.004097676835954189,,,,,
15,1570,0.06949977576732635,,,,,
15,1571,0.5693534016609192,,,,,
15,1572,0.0540083646774292,,,,,
15,1573,0.014479247853159904,,,,,
15,1574,0.03868676722049713,,,,,
15,1575,0.013677030801773071,,,,,
15,1576,0.02290411666035652,,,,,
15,1577,0.7355339527130127,,,,,
15,1578,0.019617687910795212,,,,,
15,1579,0.07268951088190079,,,,,
15,1580,0.016849223524332047,,,,,
15,1581,0.03183239325881004,,,,,
15,1582,0.014043978415429592,,,,,
15,1583,0.16435445845127106,,,,,
,1485,,0.008569351397454739,,,,
,1486,,0.007254898548126221,,,,
,1487,,0.00851642806082964,,,,
,1488,,0.06442351639270782,,,,
,1489,,0.03000696934759617,,,,
,1490,,0.0033186643850058317,,,,
,1491,,0.05196838080883026,,,,
,1492,,0.03823503851890564,,,,
,1493,,0.009533043019473553,,,,
,1494,,0.0268997922539711,,,,
,1495,,0.008708806708455086,,,,
,1496,,0.004698196891695261,,,,
,1497,,0.018764302134513855,,,,
,1498,,0.005891713779419661,,,,
,1499,,0.006214844062924385,,,,
,1500,,0.0289914608001709,,,,
,1501,,0.03107244335114956,,,,
,1502,,0.0076109059154987335,,,,
,1503,,0.00441364711150527,,,,
,1504,,0.041680384427309036,,,,
,1505,,0.018370600417256355,,,,
,1506,,0.002956849755719304,,,,
,1507,,0.04778514429926872,,,,
,1508,,0.011657346040010452,,,,
,1509,,0.005991712678223848,,,,
,1510,,0.008763407357037067,,,,
,1511,,0.007414582185447216,,,,
,1512,,0.005336695350706577,,,,
,1513,,0.018757136538624763,,,,
,1514,,0.01316574215888977,,,,
,1515,,0.004423302598297596,,,,
,1516,,0.03642154484987259,,,,
,1517,,0.033513180911540985,,,,
,1518,,0.008758388459682465,,,,
,1519,,0.004659418947994709,,,,
,1520,,0.037015918642282486,,,,
,1521,,0.03187878429889679,,,,
,1522,,0.005232990253716707,,,,
,1523,,0.002520536771044135,,,,
,1524,,0.025226913392543793,,,,
,1525,,0.00790245272219181,,,,
,1526,,0.007546938490122557,,,,
,1527,,0.007527374662458897,,,,
,1528,,0.00466956989839673,,,,
,1529,,0.0062225875444710255,,,,
,1530,,0.044119223952293396,,,,
,1531,,0.0019831261597573757,,,,
,1532,,0.042280226945877075,,,,
,1533,,0.03095218725502491,,,,
,1534,,0.006650201510637999,,,,
,1535,,0.003931942395865917,,,,
,1536,,0.04153767600655556,,,,
,1537,,0.018222006037831306,,,,
,1538,,0.02632402628660202,,,,
,1539,,0.002915332792326808,,,,
,1540,,0.047931522130966187,,,,
,1541,,0.006182205863296986,,,,
,1542,,0.014946053735911846,,,,
,1543,,0.02832276187837124,,,,
,1544,,0.004242714494466782,,,,
,1545,,0.023782413452863693,,,,
,1546,,0.03769804909825325,,,,
,1547,,0.002836247207596898,,,,
,1548,,0.03517892584204674,,,,
,1549,,0.025004250928759575,,,,
,1550,,0.00557950371876359,,,,
,1551,,0.005608733743429184,,,,
,1552,,0.005088429432362318,,,,
,1553,,0.03218749538064003,,,,
,1554,,0.005680781323462725,,,,
,1555,,0.0028376909904181957,,,,
,1556,,0.024523301050066948,,,,
,1557,,0.0063096764497458935,,,,
,1558,,0.006249421276152134,,,,
,1559,,0.040241971611976624,,,,
,1560,,0.004364307038486004,,,,
,1561,,0.024415230378508568,,,,
,1562,,0.04225502908229828,,,,
,1563,,0.011932398192584515,,,,
,1564,,0.00525391660630703,,,,
,1565,,0.0293757151812315,,,,
,1566,,0.0362587533891201,,,,
,1567,,0.006849299184978008,,,,
,1568,,0.004197360947728157,,,,
,1569,,0.025556962937116623,,,,
,1570,,0.005565925035625696,,,,
,1571,,0.002723763231188059,,,,
,1572,,0.06332340836524963,,,,
,1573,,0.031092312186956406,,,,
,1574,,0.00887057650834322,,,,
,1575,,0.02868065983057022,,,,
,1576,,0.004544285126030445,,,,
,1577,,0.02108173444867134,,,,
,1578,,0.0432642363011837,,,,
,1579,,0.0024334422778338194,,,,
,1580,,0.05933178588747978,,,,
,1581,,0.032963234931230545,,,,
,1582,,0.005959989037364721,,,,
,1583,,0.006728069391101599,,,,
15,1583,,,0.018756181001663208,,,
15,1583,,,,0.8282828330993652,0.9595959782600403,0.06851450353860855
16,1584,0.020040258765220642,,,,,
16,1585,0.20093314349651337,,,,,
16,1586,0.017648646607995033,,,,,
16,1587,0.20639033615589142,,,,,
16,1588,0.005137992557138205,,,,,
16,1589,0.045742910355329514,,,,,
16,1590,0.059940461069345474,,,,,
16,1591,0.036364998668432236,,,,,
16,1592,0.010751191526651382,,,,,
16,1593,0.05910441651940346,,,,,
16,1594,0.010156595148146152,,,,,
16,1595,0.020649565383791924,,,,,
16,1596,0.023677131161093712,,,,,
16,1597,0.12756304442882538,,,,,
16,1598,0.09014515578746796,,,,,
16,1599,0.05056265741586685,,,,,
16,1600,0.019047558307647705,,,,,
16,1601,0.2077835649251938,,,,,
16,1602,0.35035213828086853,,,,,
16,1603,0.008239823393523693,,,,,
16,1604,0.01884687878191471,,,,,
16,1605,0.05006701499223709,,,,,
16,1606,0.022028109058737755,,,,,
16,1607,0.11343730986118317,,,,,
16,1608,0.01913120225071907,,,,,
16,1609,0.09656758606433868,,,,,
16,1610,0.005236646626144648,,,,,
16,1611,0.3351966142654419,,,,,
16,1612,0.04459045082330704,,,,,
16,1613,0.018156973645091057,,,,,
16,1614,0.0398937426507473,,,,,
16,1615,0.005653941538184881,,,,,
16,1616,0.016209924593567848,,,,,
16,1617,0.15488454699516296,,,,,
16,1618,0.05662842467427254,,,,,
16,1619,0.05843495577573776,,,,,
16,1620,0.01634535752236843,,,,,
16,1621,0.24288009107112885,,,,,
16,1622,0.1413523405790329,,,,,
16,1623,0.03942694887518883,,,,,
16,1624,0.06402204930782318,,,,,
16,1625,0.023629089817404747,,,,,
16,1626,0.049642324447631836,,,,,
16,1627,0.01582886278629303,,,,,
16,1628,0.007020345889031887,,,,,
16,1629,0.07487465441226959,,,,,
16,1630,0.11582597345113754,,,,,
16,1631,0.046808309853076935,,,,,
16,1632,0.22089624404907227,,,,,
16,1633,0.037402279675006866,,,,,
16,1634,0.01445461343973875,,,,,
16,1635,0.1876416653394699,,,,,
16,1636,0.19641104340553284,,,,,
16,1637,0.0275673009455204,,,,,
16,1638,0.03913436084985733,,,,,
16,1639,0.025743035599589348,,,,,
16,1640,0.02292211912572384,,,,,
16,1641,0.015077962540090084,,,,,
16,1642,0.007851862348616123,,,,,
16,1643,0.021565213799476624,,,,,
16,1644,0.10561368614435196,,,,,
16,1645,0.06364292651414871,,,,,
16,1646,0.016573669388890266,,,,,
16,1647,0.026963574811816216,,,,,
16,1648,0.03379596024751663,,,,,
16,1649,0.03556361794471741,,,,,
16,1650,0.03949356451630592,,,,,
16,1651,0.05064256861805916,,,,,
16,1652,0.010530970990657806,,,,,
16,1653,0.1509387344121933,,,,,
16,1654,0.01931554637849331,,,,,
16,1655,0.012166882865130901,,,,,
16,1656,0.059483565390110016,,,,,
16,1657,0.0593348853290081,,,,,
16,1658,0.033311281353235245,,,,,
16,1659,0.15001392364501953,,,,,
16,1660,0.017763148993253708,,,,,
16,1661,0.038826290518045425,,,,,
16,1662,0.1386633664369583,,,,,
16,1663,0.10665596276521683,,,,,
16,1664,0.07091747224330902,,,,,
16,1665,0.07437408715486526,,,,,
16,1666,0.005345990415662527,,,,,
16,1667,0.004112449940294027,,,,,
16,1668,0.026423797011375427,,,,,
16,1669,0.20140740275382996,,,,,
16,1670,0.018730726093053818,,,,,
16,1671,0.006504104472696781,,,,,
16,1672,0.015309945680201054,,,,,
16,1673,0.025090733543038368,,,,,
16,1674,0.008691146038472652,,,,,
16,1675,0.026673996821045876,,,,,
16,1676,0.009256516583263874,,,,,
16,1677,0.03262603282928467,,,,,
16,1678,0.013581539504230022,,,,,
16,1679,0.0051523856818675995,,,,,
16,1680,0.09113966673612595,,,,,
16,1681,0.12717664241790771,,,,,
16,1682,0.012253441847860813,,,,,
,1584,,0.0004439254116732627,,,,
,1585,,0.0021469779312610626,,,,
,1586,,0.002796940505504608,,,,
,1587,,0.08198626339435577,,,,
,1588,,0.06561350077390671,,,,
,1589,,0.0033048095647245646,,,,
,1590,,0.016876840963959694,,,,
,1591,,0.006072742398828268,,,,
,1592,,0.0006128951208665967,,,,
,1593,,0.0049444325268268585,,,,
,1594,,0.007153884973376989,,,,
,1595,,0.003273308277130127,,,,
,1596,,0.052130408585071564,,,,
,1597,,0.0060819536447525024,,,,
,1598,,0.0035108875017613173,,,,
,1599,,0.0037357339169830084,,,,
,1600,,0.005129534751176834,,,,
,1601,,0.00035832024877890944,,,,
,1602,,0.0029700067825615406,,,,
,1603,,0.00873829796910286,,,,
,1604,,0.05171796679496765,,,,
,1605,,0.0027675016317516565,,,,
,1606,,0.010695558972656727,,,,
,1607,,0.003833166789263487,,,,
,1608,,0.004873419646173716,,,,
,1609,,0.0004403891507536173,,,,
,1610,,0.006322434637695551,,,,
,1611,,0.002707590814679861,,,,
,1612,,0.04368223994970322,,,,
,1613,,0.07620169967412949,,,,
,1614,,0.0030671951826661825,,,,
,1615,,0.005492856726050377,,,,
,1616,,0.007921838201582432,,,,
,1617,,0.00046639316133223474,,,,
,1618,,0.002622629515826702,,,,
,1619,,0.007192344404757023,,,,
,1620,,0.07863958179950714,,,,
,1621,,0.003429767210036516,,,,
,1622,,0.0013660722179338336,,,,
,1623,,0.002703065285459161,,,,
,1624,,0.0060036987997591496,,,,
,1625,,0.0003431171062402427,,,,
,1626,,0.007108923047780991,,,,
,1627,,0.003079278627410531,,,,
,1628,,0.005117024295032024,,,,
,1629,,0.009626483544707298,,,,
,1630,,0.001135452650487423,,,,
,1631,,0.0069792973808944225,,,,
,1632,,0.004782100673764944,,,,
,1633,,0.0003874943940900266,,,,
,1634,,0.0027722029481083155,,,,
,1635,,0.007823520340025425,,,,
,1636,,0.05213255062699318,,,,
,1637,,0.07586172223091125,,,,
,1638,,0.0012583838542923331,,,,
,1639,,0.12016405165195465,,,,
,1640,,0.004809755831956863,,,,
,1641,,0.0011370130814611912,,,,
,1642,,0.007000026758760214,,,,
,1643,,0.0027949910145252943,,,,
,1644,,0.05925897881388664,,,,
,1645,,0.009159119799733162,,,,
,1646,,0.0015164079377427697,,,,
,1647,,0.005601472686976194,,,,
,1648,,0.0031669065356254578,,,,
,1649,,0.00023444343241862953,,,,
,1650,,0.0033944000024348497,,,,
,1651,,0.00339184096083045,,,,
,1652,,0.08328346908092499,,,,
,1653,,0.003724148031324148,,,,
,1654,,0.0017395314062014222,,,,
,1655,,0.003106953576207161,,,,
,1656,,0.004811822436749935,,,,
,1657,,0.000718457333277911,,,,
,1658,,0.18024444580078125,,,,
,1659,,0.0028783297166228294,,,,
,1660,,0.06761283427476883,,,,
,1661,,0.00898352637887001,,,,
,1662,,0.0018984879134222865,,,,
,1663,,0.0027483950834721327,,,,
,1664,,0.0033356989733874798,,,,
,1665,,0.13078778982162476,,,,
,1666,,0.005314778536558151,,,,
,1667,,0.0033454233780503273,,,,
,1668,,0.06872130185365677,,,,
,1669,,0.003331949235871434,,,,
,1670,,0.0012362166307866573,,,,
,1671,,0.040200576186180115,,,,
,1672,,0.0030338445212692022,,,,
,1673,,0.000533881364390254,,,,
,1674,,0.00346454419195652,,,,
,1675,,0.0032124239951372147,,,,
,1676,,0.061876364052295685,,,,
,1677,,0.00778133375570178,,,,
,1678,,0.0016686981543898582,,,,
,1679,,0.03139322251081467,,,,
,1680,,0.003605163423344493,,,,
,1681,,0.0004315254627726972,,,,
,1682,,0.00484444061294198,,,,
16,1682,,,0.017575109377503395,,,
16,1682,,,,0.8282828330993652,0.939393937587738,0.06286447495222092
17,1683,0.06829901784658432,,,,,
17,1684,0.11817847937345505,,,,,
17,1685,0.11738032102584839,,,,,
17,1686,0.01637112908065319,,,,,
17,1687,0.009021344594657421,,,,,
17,1688,0.0002481328265275806,,,,,
17,1689,0.011091292835772038,,,,,
17,1690,0.020655378699302673,,,,,
17,1691,0.02033921517431736,,,,,
17,1692,0.010922697372734547,,,,,
17,1693,0.012496951036155224,,,,,
17,1694,0.005897179711610079,,,,,
17,1695,0.020684700459241867,,,,,
17,1696,0.02053450420498848,,,,,
17,1697,0.044590018689632416,,,,,
17,1698,0.009383684024214745,,,,,
17,1699,0.00929224118590355,,,,,
17,1700,0.008695198222994804,,,,,
17,1701,0.0027882009744644165,,,,,
17,1702,0.005948517471551895,,,,,
17,1703,0.0012996671721339226,,,,,
17,1704,0.01571478880941868,,,,,
17,1705,0.06341587007045746,,,,,
17,1706,0.031320326030254364,,,,,
17,1707,0.10562411695718765,,,,,
17,1708,0.011165711097419262,,,,,
17,1709,0.07533060014247894,,,,,
17,1710,0.00307634798809886,,,,,
17,1711,0.027684614062309265,,,,,
17,1712,0.016870755702257156,,,,,
17,1713,0.05246482044458389,,,,,
17,1714,0.00654978770762682,,,,,
17,1715,0.029732391238212585,,,,,
17,1716,0.034070007503032684,,,,,
17,1717,0.13565482199192047,,,,,
17,1718,0.03180836886167526,,,,,
17,1719,0.025766046717762947,,,,,
17,1720,0.003896137000992894,,,,,
17,1721,0.11401718854904175,,,,,
17,1722,0.025951072573661804,,,,,
17,1723,0.0425451286137104,,,,,
17,1724,0.01227494329214096,,,,,
17,1725,0.042393654584884644,,,,,
17,1726,0.16821031272411346,,,,,
17,1727,0.07684458047151566,,,,,
17,1728,0.04197877645492554,,,,,
17,1729,0.0006592002464458346,,,,,
17,1730,0.004804670345038176,,,,,
17,1731,0.00686440896242857,,,,,
17,1732,0.11820198595523834,,,,,
17,1733,0.03196020796895027,,,,,
17,1734,0.006356419064104557,,,,,
17,1735,0.02072078362107277,,,,,
17,1736,0.01015327125787735,,,,,
17,1737,0.009954068809747696,,,,,
17,1738,0.0035496875643730164,,,,,
17,1739,0.013129099272191525,,,,,
17,1740,0.07460971176624298,,,,,
17,1741,0.018585989251732826,,,,,
17,1742,0.019642891362309456,,,,,
17,1743,0.0052134073339402676,,,,,
17,1744,0.020464200526475906,,,,,
17,1745,0.006266411393880844,,,,,
17,1746,0.0017022175015881658,,,,,
17,1747,0.001557252136990428,,,,,
17,1748,0.023601332679390907,,,,,
17,1749,0.010096225887537003,,,,,
17,1750,0.0873347669839859,,,,,
17,1751,0.01796475425362587,,,,,
17,1752,0.05320132151246071,,,,,
17,1753,0.042138464748859406,,,,,
17,1754,0.11040022224187851,,,,,
17,1755,0.0004038306651636958,,,,,
17,1756,0.0002978912089020014,,,,,
17,1757,0.21324589848518372,,,,,
17,1758,0.013045678846538067,,,,,
17,1759,0.00762219401076436,,,,,
17,1760,0.01877281256020069,,,,,
17,1761,0.0014484372222796082,,,,,
17,1762,0.1772194355726242,,,,,
17,1763,0.039240140467882156,,,,,
17,1764,0.0017590307397767901,,,,,
17,1765,0.017208775505423546,,,,,
17,1766,0.06572509557008743,,,,,
17,1767,0.04272697493433952,,,,,
17,1768,0.0035300147719681263,,,,,
17,1769,0.010303186252713203,,,,,
17,1770,0.053005896508693695,,,,,
17,1771,0.007672460284084082,,,,,
17,1772,0.08355288207530975,,,,,
17,1773,0.02593211829662323,,,,,
17,1774,0.2030569314956665,,,,,
17,1775,0.5507017374038696,,,,,
17,1776,0.017987024039030075,,,,,
17,1777,0.05063265934586525,,,,,
17,1778,0.14956781268119812,,,,,
17,1779,0.03269079700112343,,,,,
17,1780,0.10309630632400513,,,,,
17,1781,0.007505633868277073,,,,,
,1683,,0.0014841402880847454,,,,
,1684,,0.013677047565579414,,,,
,1685,,0.0010849492391571403,,,,
,1686,,0.03608826920390129,,,,
,1687,,0.014372286386787891,,,,
,1688,,0.0008663053158670664,,,,
,1689,,0.05798274651169777,,,,
,1690,,0.027659252285957336,,,,
,1691,,0.004686612635850906,,,,
,1692,,0.03014007955789566,,,,
,1693,,0.0015821398701518774,,,,
,1694,,0.0016521743964403868,,,,
,1695,,0.019489575177431107,,,,
,1696,,0.0007938285125419497,,,,
,1697,,0.0009282464743591845,,,,
,1698,,0.012461332604289055,,,,
,1699,,0.027613118290901184,,,,
,1700,,0.003309129271656275,,,,
,1701,,0.0005324869998730719,,,,
,1702,,0.026080619543790817,,,,
,1703,,0.02140253409743309,,,,
,1704,,0.00024371359904762357,,,,
,1705,,0.031473755836486816,,,,
,1706,,0.01845645159482956,,,,
,1707,,0.0005063156713731587,,,,
,1708,,0.0018618201138451695,,,,
,1709,,0.0005260311299934983,,,,
,1710,,0.0004194365465082228,,,,
,1711,,0.01766182854771614,,,,
,1712,,0.0012456608237698674,,,,
,1713,,0.0010769795626401901,,,,
,1714,,0.02378648892045021,,,,
,1715,,0.042162101715803146,,,,
,1716,,0.0054302760399878025,,,,
,1717,,0.0011324634542688727,,,,
,1718,,0.03673671931028366,,,,
,1719,,0.030985191464424133,,,,
,1720,,0.002011295408010483,,,,
,1721,,0.0010992333991453052,,,,
,1722,,0.01009653601795435,,,,
,1723,,0.0008507721358910203,,,,
,1724,,0.00342639721930027,,,,
,1725,,0.0010339919244870543,,,,
,1726,,0.0005178902647458017,,,,
,1727,,0.000585674773901701,,,,
,1728,,0.030009541660547256,,,,
,1729,,8.792173321126029e-05,,,,
,1730,,0.012907865457236767,,,,
,1731,,0.022472234442830086,,,,
,1732,,0.0011304403888061643,,,,
,1733,,0.000454445747891441,,,,
,1734,,0.023128950968384743,,,,
,1735,,0.022122478112578392,,,,
,1736,,0.04163692519068718,,,,
,1737,,0.00012082999455742538,,,,
,1738,,0.011515657417476177,,,,
,1739,,0.0013769679935649037,,,,
,1740,,0.004761186428368092,,,,
,1741,,0.04116073250770569,,,,
,1742,,0.0026164029259234667,,,,
,1743,,0.02302561141550541,,,,
,1744,,0.0503329373896122,,,,
,1745,,0.010640607215464115,,,,
,1746,,0.01764729991555214,,,,
,1747,,0.019081661477684975,,,,
,1748,,0.0024749604053795338,,,,
,1749,,0.0008108651381917298,,,,
,1750,,0.0010284393792971969,,,,
,1751,,0.030957553535699844,,,,
,1752,,0.0006668780115433037,,,,
,1753,,0.00028849588125012815,,,,
,1754,,0.008613734506070614,,,,
,1755,,0.00032015840406529605,,,,
,1756,,0.0009963904740288854,,,,
,1757,,0.005629875231534243,,,,
,1758,,0.00040380406426265836,,,,
,1759,,0.030851509422063828,,,,
,1760,,0.026246825233101845,,,,
,1761,,0.00823246780782938,,,,
,1762,,0.00032513850601390004,,,,
,1763,,0.009130062535405159,,,,
,1764,,0.0020593192894011736,,,,
,1765,,0.0016578033100813627,,,,
,1766,,0.0013879851903766394,,,,
,1767,,0.02094326540827751,,,,
,1768,,0.0013679504627361894,,,,
,1769,,0.0003537152078934014,,,,
,1770,,0.14401201903820038,,,,
,1771,,0.02111060917377472,,,,
,1772,,0.010833747684955597,,,,
,1773,,0.02035028673708439,,,,
,1774,,0.000556981423869729,,,,
,1775,,0.021267058327794075,,,,
,1776,,0.03492044284939766,,,,
,1777,,0.0005014807684347034,,,,
,1778,,0.08539029210805893,,,,
,1779,,0.01359864603728056,,,,
,1780,,0.0010998283978551626,,,,
,1781,,0.0003123842761851847,,,,
17,1781,,,0.013961068354547024,,,
17,1781,,,,0.8888888955116272,1.0,0.04389458894729614
18,1782,0.06346043199300766,,,,,
18,1783,0.05921223759651184,,,,,
18,1784,0.18327878415584564,,,,,
18,1785,0.4552329480648041,,,,,
18,1786,0.13290509581565857,,,,,
18,1787,0.03617458790540695,,,,,
18,1788,0.12573067843914032,,,,,
18,1789,0.056711021810770035,,,,,
18,1790,0.012653078883886337,,,,,
18,1791,0.010257653892040253,,,,,
18,1792,0.06421801447868347,,,,,
18,1793,0.005998103879392147,,,,,
18,1794,0.014422638341784477,,,,,
18,1795,0.21651479601860046,,,,,
18,1796,0.0010703625157475471,,,,,
18,1797,0.019766634330153465,,,,,
18,1798,0.03935227170586586,,,,,
18,1799,0.028057675808668137,,,,,
18,1800,0.01732197403907776,,,,,
18,1801,0.021788351237773895,,,,,
18,1802,0.011287053115665913,,,,,
18,1803,0.0108416136354208,,,,,
18,1804,0.004729905631393194,,,,,
18,1805,0.023600688204169273,,,,,
18,1806,0.026407048106193542,,,,,
18,1807,0.04003193601965904,,,,,
18,1808,0.019836753606796265,,,,,
18,1809,0.010541724972426891,,,,,
18,1810,0.0569039024412632,,,,,
18,1811,0.13052746653556824,,,,,
18,1812,0.13921338319778442,,,,,
18,1813,0.2339436262845993,,,,,
18,1814,0.02362767793238163,,,,,
18,1815,0.04253561422228813,,,,,
18,1816,0.008181468583643436,,,,,
18,1817,0.03287185728549957,,,,,
18,1818,0.0028220578096807003,,,,,
18,1819,0.06840396672487259,,,,,
18,1820,0.7067041397094727,,,,,
18,1821,0.028005260974168777,,,,,
18,1822,0.04537147656083107,,,,,
18,1823,0.004130309913307428,,,,,
18,1824,0.06100061908364296,,,,,
18,1825,0.011706163175404072,,,,,
18,1826,0.033115092664957047,,,,,
18,1827,0.010297199711203575,,,,,
18,1828,0.0014096928061917424,,,,,
18,1829,0.024728085845708847,,,,,
18,1830,0.006202083546668291,,,,,
18,1831,0.002165262121707201,,,,,
18,1832,0.058241430670022964,,,,,
18,1833,0.011514134705066681,,,,,
18,1834,0.008420069701969624,,,,,
18,1835,0.005052558146417141,,,,,
18,1836,0.017819777131080627,,,,,
18,1837,0.004362012259662151,,,,,
18,1838,0.009860040619969368,,,,,
18,1839,0.011664039455354214,,,,,
18,1840,0.0012668540002778172,,,,,
18,1841,0.07608553767204285,,,,,
18,1842,0.011077262461185455,,,,,
18,1843,0.013281664811074734,,,,,
18,1844,0.21869035065174103,,,,,
18,1845,0.0028181630186736584,,,,,
18,1846,0.08438276499509811,,,,,
18,1847,0.024608958512544632,,,,,
18,1848,0.18372651934623718,,,,,
18,1849,0.025718126446008682,,,,,
18,1850,0.04863535612821579,,,,,
18,1851,0.021160796284675598,,,,,
18,1852,0.0016267652390524745,,,,,
18,1853,0.005580321419984102,,,,,
18,1854,0.15085391700267792,,,,,
18,1855,0.02039194479584694,,,,,
18,1856,0.002502772258594632,,,,,
18,1857,0.013680709525942802,,,,,
18,1858,0.0025200406089425087,,,,,
18,1859,0.01671094261109829,,,,,
18,1860,0.05170755833387375,,,,,
18,1861,0.02540072239935398,,,,,
18,1862,0.003329433500766754,,,,,
18,1863,0.0013503904920071363,,,,,
18,1864,0.0029570194892585278,,,,,
18,1865,0.01628129743039608,,,,,
18,1866,0.07420182973146439,,,,,
18,1867,0.08114980906248093,,,,,
18,1868,0.11868927627801895,,,,,
18,1869,0.11852381378412247,,,,,
18,1870,0.21955303847789764,,,,,
18,1871,0.045700062066316605,,,,,
18,1872,0.0023540810216218233,,,,,
18,1873,0.07324590533971786,,,,,
18,1874,0.22417610883712769,,,,,
18,1875,0.04807000979781151,,,,,
18,1876,0.0008868527947925031,,,,,
18,1877,0.002448620740324259,,,,,
18,1878,0.0743376687169075,,,,,
18,1879,0.014301876537501812,,,,,
18,1880,0.016061363741755486,,,,,
,1782,,0.001142310444265604,,,,
,1783,,0.005398926790803671,,,,
,1784,,0.00023322056222241372,,,,
,1785,,0.06734437495470047,,,,
,1786,,0.022321177646517754,,,,
,1787,,0.0006138839526101947,,,,
,1788,,0.054038818925619125,,,,
,1789,,0.01122200395911932,,,,
,1790,,0.0027174856513738632,,,,
,1791,,0.029789909720420837,,,,
,1792,,0.0005237323930487037,,,,
,1793,,0.00036596888094209135,,,,
,1794,,0.012868387624621391,,,,
,1795,,0.0003877542039845139,,,,
,1796,,0.0003140117332804948,,,,
,1797,,0.006525917444378138,,,,
,1798,,0.02773478999733925,,,,
,1799,,0.0021176005247980356,,,,
,1800,,0.0003188599366694689,,,,
,1801,,0.0310707725584507,,,,
,1802,,0.015333972871303558,,,,
,1803,,0.0006316903745755553,,,,
,1804,,0.03868112713098526,,,,
,1805,,0.0077055152505636215,,,,
,1806,,0.0005273427232168615,,,,
,1807,,0.0014995228266343474,,,,
,1808,,0.0004805763019248843,,,,
,1809,,0.00028651600587181747,,,,
,1810,,0.013420951552689075,,,,
,1811,,0.07513313740491867,,,,
,1812,,0.0004091956070624292,,,,
,1813,,0.010434906929731369,,,,
,1814,,0.04130769148468971,,,,
,1815,,0.002982195233926177,,,,
,1816,,0.0002908012829720974,,,,
,1817,,0.03666220232844353,,,,
,1818,,0.017758028581738472,,,,
,1819,,0.0003636652254499495,,,,
,1820,,0.00010968219430651516,,,,
,1821,,0.00548261683434248,,,,
,1822,,0.0003964630886912346,,,,
,1823,,0.0016564170364290476,,,,
,1824,,0.0005073993816040456,,,,
,1825,,0.0003002736484631896,,,,
,1826,,0.0003453285025898367,,,,
,1827,,0.03842553496360779,,,,
,1828,,0.00010570343147264794,,,,
,1829,,0.007735333871096373,,,,
,1830,,0.02704821340739727,,,,
,1831,,0.0014063119888305664,,,,
,1832,,0.00034659431548789144,,,,
,1833,,0.028905276209115982,,,,
,1834,,0.015396439470350742,,,,
,1835,,0.031393636018037796,,,,
,1836,,0.0002034240897046402,,,,
,1837,,0.024332860484719276,,,,
,1838,,0.0005450561875477433,,,,
,1839,,0.00438956031575799,,,,
,1840,,0.03731535002589226,,,,
,1841,,0.0003427826159168035,,,,
,1842,,0.014478999190032482,,,,
,1843,,0.0448555052280426,,,,
,1844,,0.0001547643478261307,,,,
,1845,,0.010425488464534283,,,,
,1846,,0.022235482931137085,,,,
,1847,,0.001738682622089982,,,,
,1848,,0.0003238026692997664,,,,
,1849,,0.00028670724714174867,,,,
,1850,,0.020265212282538414,,,,
,1851,,0.0003808992332778871,,,,
,1852,,0.0001463134540244937,,,,
,1853,,0.005554730538278818,,,,
,1854,,0.0007031493587419391,,,,
,1855,,0.0014294354477897286,,,,
,1856,,0.16560697555541992,,,,
,1857,,0.0002929918118752539,,,,
,1858,,0.022592173889279366,,,,
,1859,,0.03614242747426033,,,,
,1860,,0.005697681102901697,,,,
,1861,,0.00031067142845131457,,,,
,1862,,0.0057374415919184685,,,,
,1863,,0.02040366269648075,,,,
,1864,,0.0005631695967167616,,,,
,1865,,0.0004718049895018339,,,,
,1866,,0.01680046133697033,,,,
,1867,,0.0003761799307540059,,,,
,1868,,0.00010730347275966778,,,,
,1869,,0.11140322685241699,,,,
,1870,,0.007341515272855759,,,,
,1871,,0.0022313203662633896,,,,
,1872,,0.021801134571433067,,,,
,1873,,0.00021191834821365774,,,,
,1874,,0.018007677048444748,,,,
,1875,,0.03730635344982147,,,,
,1876,,0.0001258415577467531,,,,
,1877,,0.0720747783780098,,,,
,1878,,0.006452919449657202,,,,
,1879,,0.0011206013150513172,,,,
,1880,,0.0009068428771570325,,,,
18,1880,,,0.014593087136745453,,,
18,1880,,,,0.8585858345031738,0.939393937587738,0.05709344521164894
19,1881,0.018030185252428055,,,,,
19,1882,0.01215111743658781,,,,,
19,1883,0.010084068402647972,,,,,
19,1884,0.024867352098226547,,,,,
19,1885,0.0050553614273667336,,,,,
19,1886,0.01836240477859974,,,,,
19,1887,0.07187244296073914,,,,,
19,1888,0.1187974363565445,,,,,
19,1889,0.02880149707198143,,,,,
19,1890,0.012121142819523811,,,,,
19,1891,0.007160999812185764,,,,,
19,1892,0.006533307023346424,,,,,
19,1893,0.29008328914642334,,,,,
19,1894,0.02405945025384426,,,,,
19,1895,0.06517098098993301,,,,,
19,1896,0.007368437014520168,,,,,
19,1897,0.021035244688391685,,,,,
19,1898,0.0023458735086023808,,,,,
19,1899,0.019584935158491135,,,,,
19,1900,0.023318175226449966,,,,,
19,1901,0.05065423622727394,,,,,
19,1902,0.1033439040184021,,,,,
19,1903,0.028419403359293938,,,,,
19,1904,0.005252147559076548,,,,,
19,1905,0.027381477877497673,,,,,
19,1906,0.05355723574757576,,,,,
19,1907,0.004205520264804363,,,,,
19,1908,0.002700342796742916,,,,,
19,1909,0.012919762171804905,,,,,
19,1910,0.0010489673586562276,,,,,
19,1911,0.009355184622108936,,,,,
19,1912,0.0018858971307054162,,,,,
19,1913,0.06314421445131302,,,,,
19,1914,0.0014630001969635487,,,,,
19,1915,0.004496783949434757,,,,,
19,1916,0.010952914133667946,,,,,
19,1917,0.2661494016647339,,,,,
19,1918,0.021878378465771675,,,,,
19,1919,0.009049358777701855,,,,,
19,1920,0.003173651872202754,,,,,
19,1921,0.004637376870959997,,,,,
19,1922,0.0022077616304159164,,,,,
19,1923,0.09129998087882996,,,,,
19,1924,0.0011150010395795107,,,,,
19,1925,0.0036909524351358414,,,,,
19,1926,0.009045427665114403,,,,,
19,1927,0.004195243585854769,,,,,
19,1928,0.0059873322024941444,,,,,
19,1929,0.018486548215150833,,,,,
19,1930,0.0011642276076599956,,,,,
19,1931,0.05078714340925217,,,,,
19,1932,0.0008264144998975098,,,,,
19,1933,0.001672601094469428,,,,,
19,1934,0.0008164323517121375,,,,,
19,1935,0.01416817121207714,,,,,
19,1936,0.01598096825182438,,,,,
19,1937,0.04727071151137352,,,,,
19,1938,0.006798416376113892,,,,,
19,1939,0.0011879069497808814,,,,,
19,1940,0.025152627378702164,,,,,
19,1941,0.0008798689232207835,,,,,
19,1942,0.18745164573192596,,,,,
19,1943,0.0009006444015540183,,,,,
19,1944,0.02802547626197338,,,,,
19,1945,0.01113157719373703,,,,,
19,1946,0.001565369893796742,,,,,
19,1947,0.010905377566814423,,,,,
19,1948,0.0019133168971166015,,,,,
19,1949,0.030466590076684952,,,,,
19,1950,0.0003804569714702666,,,,,
19,1951,0.03207087516784668,,,,,
19,1952,0.011426916345953941,,,,,
19,1953,0.018327880650758743,,,,,
19,1954,0.09180425107479095,,,,,
19,1955,0.051271285861730576,,,,,
19,1956,0.008880267851054668,,,,,
19,1957,0.0009749306482262909,,,,,
19,1958,0.000505243253428489,,,,,
19,1959,0.0810835063457489,,,,,
19,1960,0.005314966198056936,,,,,
19,1961,0.11505500227212906,,,,,
19,1962,0.016794543713331223,,,,,
19,1963,0.003508852096274495,,,,,
19,1964,0.024431901052594185,,,,,
19,1965,0.004218745976686478,,,,,
19,1966,0.09365928918123245,,,,,
19,1967,0.0576171837747097,,,,,
19,1968,0.09879878163337708,,,,,
19,1969,0.00041870176210068166,,,,,
19,1970,0.05369781330227852,,,,,
19,1971,0.007246445398777723,,,,,
19,1972,0.00827671680599451,,,,,
19,1973,0.0011254173004999757,,,,,
19,1974,0.004346609581261873,,,,,
19,1975,0.020375700667500496,,,,,
19,1976,0.04169140383601189,,,,,
19,1977,0.011798283085227013,,,,,
19,1978,0.01399124413728714,,,,,
19,1979,0.0007188883027993143,,,,,
,1881,,0.000557909079361707,,,,
,1882,,0.0023581874556839466,,,,
,1883,,9.839759877650067e-05,,,,
,1884,,0.23123697936534882,,,,
,1885,,0.18795046210289001,,,,
,1886,,0.004661379847675562,,,,
,1887,,0.03397280350327492,,,,
,1888,,0.00343119609169662,,,,
,1889,,0.0011176391271874309,,,,
,1890,,0.013542400673031807,,,,
,1891,,0.0003148483519908041,,,,
,1892,,0.00019262783462181687,,,,
,1893,,0.021398210898041725,,,,
,1894,,0.00025334666133858263,,,,
,1895,,0.00014752807328477502,,,,
,1896,,0.0016702511347830296,,,,
,1897,,0.011007962748408318,,,,
,1898,,0.0008457349031232297,,,,
,1899,,0.00042330470751039684,,,,
,1900,,0.010574184358119965,,,,
,1901,,0.026612479239702225,,,,
,1902,,0.001437051803804934,,,,
,1903,,0.019351229071617126,,,,
,1904,,0.003118168329820037,,,,
,1905,,0.0008939689141698182,,,,
,1906,,0.0005946554592810571,,,,
,1907,,0.00035220570862293243,,,,
,1908,,0.00041895214235410094,,,,
,1909,,0.025759639218449593,,,,
,1910,,0.24553342163562775,,,,
,1911,,0.0014756155433133245,,,,
,1912,,0.004153260961174965,,,,
,1913,,0.02021387591958046,,,,
,1914,,0.001167086884379387,,,,
,1915,,0.00014682604523841292,,,,
,1916,,0.015223663300275803,,,,
,1917,,0.02852526120841503,,,,
,1918,,0.00018973214901052415,,,,
,1919,,0.00013386183127295226,,,,
,1920,,0.001244344632141292,,,,
,1921,,0.00023971586779225618,,,,
,1922,,0.0004891481949016452,,,,
,1923,,0.00027563635376282036,,,,
,1924,,0.0009424805757589638,,,,
,1925,,0.0001482330699218437,,,,
,1926,,0.01744658313691616,,,,
,1927,,0.0001337703870376572,,,,
,1928,,0.0027938466519117355,,,,
,1929,,0.011037896387279034,,,,
,1930,,0.0005521892453543842,,,,
,1931,,0.000640838872641325,,,,
,1932,,0.009844684973359108,,,,
,1933,,0.029941825196146965,,,,
,1934,,0.05654975026845932,,,,
,1935,,0.0002140094293281436,,,,
,1936,,0.18240980803966522,,,,
,1937,,0.0006553680286742747,,,,
,1938,,0.0021621701307594776,,,,
,1939,,0.018248699605464935,,,,
,1940,,0.0001385818177368492,,,,
,1941,,0.02714069001376629,,,,
,1942,,0.02684650756418705,,,,
,1943,,7.629040919709951e-05,,,,
,1944,,0.002478217240422964,,,,
,1945,,0.007632244378328323,,,,
,1946,,0.0006803068099543452,,,,
,1947,,0.0001622534909984097,,,,
,1948,,0.00013078366464469582,,,,
,1949,,0.031634844839572906,,,,
,1950,,0.0003326086443848908,,,,
,1951,,0.00020538839453365654,,,,
,1952,,0.0014585881726816297,,,,
,1953,,0.0024079682771116495,,,,
,1954,,0.0005211399402469397,,,,
,1955,,0.28093618154525757,,,,
,1956,,0.00016145197150763124,,,,
,1957,,0.04550928995013237,,,,
,1958,,0.015952588990330696,,,,
,1959,,0.005450093187391758,,,,
,1960,,0.0003385063901077956,,,,
,1961,,0.00130480679217726,,,,
,1962,,0.1496676206588745,,,,
,1963,,0.0011261759791523218,,,,
,1964,,0.002972370944917202,,,,
,1965,,0.026283185929059982,,,,
,1966,,0.00016325940669048578,,,,
,1967,,0.00011672930122585967,,,,
,1968,,0.12688669562339783,,,,
,1969,,0.0019091485301032662,,,,
,1970,,0.0010099501814693213,,,,
,1971,,0.0067434972152113914,,,,
,1972,,0.00011488475138321519,,,,
,1973,,0.0396798737347126,,,,
,1974,,0.016654621809720993,,,,
,1975,,0.0002448635350447148,,,,
,1976,,0.07846333831548691,,,,
,1977,,0.001763122621923685,,,,
,1978,,0.0005123459850437939,,,,
,1979,,0.004090405534952879,,,,
19,1979,,,0.02188817225396633,,,
19,1979,,,,0.8585858345031738,0.9292929172515869,0.029569484293460846
20,1980,0.0008431720780208707,,,,,
20,1981,0.19410541653633118,,,,,
20,1982,0.06360193341970444,,,,,
20,1983,0.0007191340555436909,,,,,
20,1984,0.19947199523448944,,,,,
20,1985,0.0017983660800382495,,,,,
20,1986,0.0012270639417693019,,,,,
20,1987,0.001119178836233914,,,,,
20,1988,0.04181112349033356,,,,,
20,1989,0.008291262201964855,,,,,
20,1990,0.07379768788814545,,,,,
20,1991,0.012710587121546268,,,,,
20,1992,0.002292068675160408,,,,,
20,1993,0.014326306991279125,,,,,
20,1994,0.0016506424872204661,,,,,
20,1995,0.010613243095576763,,,,,
20,1996,0.10484105348587036,,,,,
20,1997,0.00790461990982294,,,,,
20,1998,0.005376542452722788,,,,,
20,1999,0.0006458337302319705,,,,,
20,2000,0.02530606836080551,,,,,
20,2001,0.002429110463708639,,,,,
20,2002,0.0036087853368371725,,,,,
20,2003,0.06498624384403229,,,,,
20,2004,0.004048704169690609,,,,,
20,2005,0.006055590696632862,,,,,
20,2006,0.008334790356457233,,,,,
20,2007,0.0023659300059080124,,,,,
20,2008,0.009340782649815083,,,,,
20,2009,0.02765718474984169,,,,,
20,2010,0.11102326959371567,,,,,
20,2011,0.013421859592199326,,,,,
20,2012,0.0027516328264027834,,,,,
20,2013,0.0010614179773256183,,,,,
20,2014,0.041405439376831055,,,,,
20,2015,0.03927932307124138,,,,,
20,2016,0.007780095096677542,,,,,
20,2017,0.012377524748444557,,,,,
20,2018,0.0008021816029213369,,,,,
20,2019,0.1124989464879036,,,,,
20,2020,0.02511262334883213,,,,,
20,2021,0.06106022000312805,,,,,
20,2022,0.017588622868061066,,,,,
20,2023,0.03189978003501892,,,,,
20,2024,0.02840995416045189,,,,,
20,2025,0.01996096409857273,,,,,
20,2026,0.02056310884654522,,,,,
20,2027,0.09060121327638626,,,,,
20,2028,0.11304101347923279,,,,,
20,2029,0.013147319667041302,,,,,
20,2030,0.25490525364875793,,,,,
20,2031,0.14290045201778412,,,,,
20,2032,0.07257945090532303,,,,,
20,2033,0.00126378214918077,,,,,
20,2034,0.030137646943330765,,,,,
20,2035,0.01403548289090395,,,,,
20,2036,0.002020837739109993,,,,,
20,2037,0.04963812232017517,,,,,
20,2038,0.14681263267993927,,,,,
20,2039,0.02231667749583721,,,,,
20,2040,0.005384691059589386,,,,,
20,2041,0.1655595451593399,,,,,
20,2042,0.007289760280400515,,,,,
20,2043,0.005331668071448803,,,,,
20,2044,0.0571557842195034,,,,,
20,2045,0.002539183245971799,,,,,
20,2046,0.07238501310348511,,,,,
20,2047,0.027836011722683907,,,,,
20,2048,0.028866028413176537,,,,,
20,2049,0.0005100251873955131,,,,,
20,2050,0.28680655360221863,,,,,
20,2051,0.08753500878810883,,,,,
20,2052,0.05092572793364525,,,,,
20,2053,0.01221789326518774,,,,,
20,2054,0.005419733934104443,,,,,
20,2055,0.001287774182856083,,,,,
20,2056,0.021424582228064537,,,,,
20,2057,0.003458763938397169,,,,,
20,2058,0.012872077524662018,,,,,
20,2059,0.019746119156479836,,,,,
20,2060,0.008616345934569836,,,,,
20,2061,0.04713350906968117,,,,,
20,2062,0.02024180255830288,,,,,
20,2063,0.036989741027355194,,,,,
20,2064,0.018351823091506958,,,,,
20,2065,0.016818882897496223,,,,,
20,2066,0.00899817980825901,,,,,
20,2067,0.022739741951227188,,,,,
20,2068,0.007026710547506809,,,,,
20,2069,0.07659772783517838,,,,,
20,2070,0.01179889403283596,,,,,
20,2071,0.08917970955371857,,,,,
20,2072,0.07948411256074905,,,,,
20,2073,0.02248569205403328,,,,,
20,2074,0.0041436487808823586,,,,,
20,2075,0.04920059069991112,,,,,
20,2076,0.02584684081375599,,,,,
20,2077,0.10078980028629303,,,,,
20,2078,0.09237808734178543,,,,,
,1980,,0.07221299409866333,,,,
,1981,,0.009920120239257812,,,,
,1982,,0.06119881570339203,,,,
,1983,,0.03358524665236473,,,,
,1984,,0.020265232771635056,,,,
,1985,,0.0005038004601374269,,,,
,1986,,0.045666176825761795,,,,
,1987,,0.00989297591149807,,,,
,1988,,0.013514071702957153,,,,
,1989,,0.025202615186572075,,,,
,1990,,0.006195154041051865,,,,
,1991,,0.00045502351713366807,,,,
,1992,,0.014671551063656807,,,,
,1993,,0.002507548313587904,,,,
,1994,,0.0011351888533681631,,,,
,1995,,0.007740370463579893,,,,
,1996,,0.021721774712204933,,,,
,1997,,0.008161584846675396,,,,
,1998,,0.0003892283421009779,,,,
,1999,,0.04366027191281319,,,,
,2000,,0.02046237513422966,,,,
,2001,,0.0015283330576494336,,,,
,2002,,0.05018359795212746,,,,
,2003,,0.009054874069988728,,,,
,2004,,0.0027437005192041397,,,,
,2005,,0.01701989956200123,,,,
,2006,,0.005016871262341738,,,,
,2007,,0.00867896806448698,,,,
,2008,,0.03375794738531113,,,,
,2009,,0.0021411203779280186,,,,
,2010,,0.0006782962591387331,,,,
,2011,,0.009698997251689434,,,,
,2012,,0.024867448955774307,,,,
,2013,,0.008360355161130428,,,,
,2014,,0.0003803917788900435,,,,
,2015,,0.034458667039871216,,,,
,2016,,0.03581800311803818,,,,
,2017,,0.0007058411720208824,,,,
,2018,,0.00034985452657565475,,,,
,2019,,0.00617258669808507,,,,
,2020,,0.0012644563103094697,,,,
,2021,,0.008678925223648548,,,,
,2022,,0.0012863840674981475,,,,
,2023,,0.0004787459911312908,,,,
,2024,,0.020010417327284813,,,,
,2025,,0.04779254272580147,,,,
,2026,,0.0030503489542752504,,,,
,2027,,0.018439754843711853,,,,
,2028,,0.02530411072075367,,,,
,2029,,0.013695851899683475,,,,
,2030,,0.0006334329955279827,,,,
,2031,,0.04287385568022728,,,,
,2032,,0.015076459385454655,,,,
,2033,,0.03885313868522644,,,,
,2034,,0.011003083549439907,,,,
,2035,,0.005440881010144949,,,,
,2036,,0.0012457708362489939,,,,
,2037,,0.01851850189268589,,,,
,2038,,0.02248508669435978,,,,
,2039,,0.0003682061505969614,,,,
,2040,,0.016436362639069557,,,,
,2041,,0.040290217846632004,,,,
,2042,,0.002357063814997673,,,,
,2043,,0.013207671232521534,,,,
,2044,,0.018650582060217857,,,,
,2045,,0.01402123924344778,,,,
,2046,,0.0013689615298062563,,,,
,2047,,0.0005306802340783179,,,,
,2048,,0.029273947700858116,,,,
,2049,,0.0010501581709831953,,,,
,2050,,0.0007322573219425976,,,,
,2051,,0.02682941034436226,,,,
,2052,,0.002616363111883402,,,,
,2053,,0.019439956173300743,,,,
,2054,,0.001687915064394474,,,,
,2055,,0.0008411651942878962,,,,
,2056,,0.01797035150229931,,,,
,2057,,0.05062752217054367,,,,
,2058,,0.03118104673922062,,,,
,2059,,0.00844364520162344,,,,
,2060,,0.037052907049655914,,,,
,2061,,0.004754428286105394,,,,
,2062,,0.0012297620996832848,,,,
,2063,,0.00032578461105003953,,,,
,2064,,0.023519059643149376,,,,
,2065,,0.0006854947423562407,,,,
,2066,,0.0004380472528282553,,,,
,2067,,0.10053406655788422,,,,
,2068,,0.008189035579562187,,,,
,2069,,0.009777028113603592,,,,
,2070,,0.017787231132388115,,,,
,2071,,0.00032377903698943555,,,,
,2072,,0.016682690009474754,,,,
,2073,,0.03919050469994545,,,,
,2074,,0.00034915830474346876,,,,
,2075,,0.07025425136089325,,,,
,2076,,0.007634275127202272,,,,
,2077,,0.03836062550544739,,,,
,2078,,0.002419807016849518,,,,
20,2078,,,0.016608506441116333,,,
20,2078,,,,0.8989899158477783,0.9595959782600403,0.04055606946349144
21,2079,0.022025076672434807,,,,,
21,2080,0.3971618115901947,,,,,
21,2081,0.0030472874641418457,,,,,
21,2082,0.03341483324766159,,,,,
21,2083,0.0028847586363554,,,,,
21,2084,0.016114603728055954,,,,,
21,2085,0.009084238670766354,,,,,
21,2086,0.02577688917517662,,,,,
21,2087,0.011023210361599922,,,,,
21,2088,0.0052483235485851765,,,,,
21,2089,0.03403479978442192,,,,,
21,2090,0.0012516241986304522,,,,,
21,2091,0.027271557599306107,,,,,
21,2092,0.06440703570842743,,,,,
21,2093,0.009424719028174877,,,,,
21,2094,0.006820734590291977,,,,,
21,2095,0.004501114133745432,,,,,
21,2096,0.029782699421048164,,,,,
21,2097,0.00589040806517005,,,,,
21,2098,0.1808719038963318,,,,,
21,2099,0.0005116134998388588,,,,,
21,2100,0.1301162987947464,,,,,
21,2101,0.24890445172786713,,,,,
21,2102,0.024755895137786865,,,,,
21,2103,0.0010283003794029355,,,,,
21,2104,0.013578853569924831,,,,,
21,2105,0.2941480278968811,,,,,
21,2106,0.0014571617357432842,,,,,
21,2107,0.022574398666620255,,,,,
21,2108,0.006468775682151318,,,,,
21,2109,0.12324731796979904,,,,,
21,2110,0.04041869193315506,,,,,
21,2111,0.02557501010596752,,,,,
21,2112,0.004673314280807972,,,,,
21,2113,0.10117252916097641,,,,,
21,2114,0.005697597749531269,,,,,
21,2115,0.18563489615917206,,,,,
21,2116,0.016593530774116516,,,,,
21,2117,0.03360249847173691,,,,,
21,2118,0.03314267471432686,,,,,
21,2119,0.08092910051345825,,,,,
21,2120,0.07646431028842926,,,,,
21,2121,0.0036596173886209726,,,,,
21,2122,0.036073699593544006,,,,,
21,2123,0.0755896046757698,,,,,
21,2124,0.0047220406122505665,,,,,
21,2125,0.0015967164654284716,,,,,
21,2126,0.030310463160276413,,,,,
21,2127,0.04195672646164894,,,,,
21,2128,0.05500953271985054,,,,,
21,2129,0.05305488035082817,,,,,
21,2130,0.006708964705467224,,,,,
21,2131,0.0016327864723280072,,,,,
21,2132,0.014289097860455513,,,,,
21,2133,0.004133499227464199,,,,,
21,2134,0.0014173926319926977,,,,,
21,2135,0.015492376871407032,,,,,
21,2136,0.030261630192399025,,,,,
21,2137,0.009243698790669441,,,,,
21,2138,0.005853191018104553,,,,,
21,2139,0.011936383321881294,,,,,
21,2140,0.01638505421578884,,,,,
21,2141,0.02495470456779003,,,,,
21,2142,0.0782962217926979,,,,,
21,2143,0.004209971521049738,,,,,
21,2144,0.027752598747611046,,,,,
21,2145,0.09304612874984741,,,,,
21,2146,0.4321860373020172,,,,,
21,2147,0.005613207817077637,,,,,
21,2148,0.015398760326206684,,,,,
21,2149,0.023926137015223503,,,,,
21,2150,0.017350979149341583,,,,,
21,2151,0.003379320725798607,,,,,
21,2152,0.021165881305933,,,,,
21,2153,0.007817503996193409,,,,,
21,2154,0.0028952970169484615,,,,,
21,2155,0.029488826170563698,,,,,
21,2156,0.013429936952888966,,,,,
21,2157,0.0338161364197731,,,,,
21,2158,0.058708276599645615,,,,,
21,2159,0.016025835648179054,,,,,
21,2160,0.3259333074092865,,,,,
21,2161,0.0047142705880105495,,,,,
21,2162,0.01391601748764515,,,,,
21,2163,0.019172130152583122,,,,,
21,2164,0.014771808870136738,,,,,
21,2165,0.0239727720618248,,,,,
21,2166,0.11060163378715515,,,,,
21,2167,0.0375794991850853,,,,,
21,2168,0.03588255122303963,,,,,
21,2169,0.017063355073332787,,,,,
21,2170,0.013197246007621288,,,,,
21,2171,0.02761385776102543,,,,,
21,2172,0.013205595314502716,,,,,
21,2173,0.25048738718032837,,,,,
21,2174,0.007945875637233257,,,,,
21,2175,0.051512207835912704,,,,,
21,2176,0.046682216227054596,,,,,
21,2177,0.0052018798887729645,,,,,
,2079,,0.00043474562698975205,,,,
,2080,,0.0014233146794140339,,,,
,2081,,0.0006632264703512192,,,,
,2082,,0.2102556973695755,,,,
,2083,,0.20980723202228546,,,,
,2084,,0.00243029510602355,,,,
,2085,,0.01878773793578148,,,,
,2086,,0.0013635613722726703,,,,
,2087,,0.0005508028552867472,,,,
,2088,,0.004946311470121145,,,,
,2089,,0.00302147283218801,,,,
,2090,,0.0008218378061428666,,,,
,2091,,0.03331606462597847,,,,
,2092,,0.001070528058335185,,,,
,2093,,0.0009527918300591409,,,,
,2094,,0.0011742927599698305,,,,
,2095,,0.006415200885385275,,,,
,2096,,0.00027310848236083984,,,,
,2097,,0.0007392959087155759,,,,
,2098,,0.012904418632388115,,,,
,2099,,0.032652392983436584,,,,
,2100,,0.0006953663541935384,,,,
,2101,,0.019654100760817528,,,,
,2102,,0.0017680383753031492,,,,
,2103,,0.002068624598905444,,,,
,2104,,0.000433582958066836,,,,
,2105,,0.0022506334353238344,,,,
,2106,,0.0008549077901989222,,,,
,2107,,0.03202152997255325,,,,
,2108,,0.16561532020568848,,,,
,2109,,0.0013738650595769286,,,,
,2110,,0.0019542709924280643,,,,
,2111,,0.008235478773713112,,,,
,2112,,0.00029133266070857644,,,,
,2113,,0.0007301130681298673,,,,
,2114,,0.01139763556420803,,,,
,2115,,0.0703851729631424,,,,
,2116,,0.001041459501720965,,,,
,2117,,0.00029217315022833645,,,,
,2118,,0.0008624705369584262,,,,
,2119,,0.0015761335380375385,,,,
,2120,,0.00022181702661328018,,,,
,2121,,0.0018560647731646895,,,,
,2122,,0.0008196167764253914,,,,
,2123,,0.002008137060329318,,,,
,2124,,0.015289087779819965,,,,
,2125,,0.00041736505227163434,,,,
,2126,,0.0029187039472162724,,,,
,2127,,0.006973568350076675,,,,
,2128,,0.0003919207665603608,,,,
,2129,,0.0008848882862366736,,,,
,2130,,0.012708591297268867,,,,
,2131,,0.033676255494356155,,,,
,2132,,0.05827442556619644,,,,
,2133,,0.0016559746582061052,,,,
,2134,,0.16658391058444977,,,,
,2135,,0.0021899817511439323,,,,
,2136,,0.0008583999006077647,,,,
,2137,,0.006030516233295202,,,,
,2138,,0.0006860505091026425,,,,
,2139,,0.043241508305072784,,,,
,2140,,0.013717983849346638,,,,
,2141,,0.00035728939110413194,,,,
,2142,,0.0014853128232061863,,,,
,2143,,0.003805202431976795,,,,
,2144,,0.00020429116557352245,,,,
,2145,,0.0012156477896496654,,,,
,2146,,0.0007908775005489588,,,,
,2147,,0.06116873398423195,,,,
,2148,,0.0011645820923149586,,,,
,2149,,0.000345785723766312,,,,
,2150,,0.0011209386866539717,,,,
,2151,,0.00262631056830287,,,,
,2152,,0.0003990416880697012,,,,
,2153,,0.12999704480171204,,,,
,2154,,0.0010943206725642085,,,,
,2155,,0.04844379052519798,,,,
,2156,,0.014566950500011444,,,,
,2157,,0.0014503810089081526,,,,
,2158,,0.007199161220341921,,,,
,2159,,0.001365842530503869,,,,
,2160,,0.1697656810283661,,,,
,2161,,0.001959696412086487,,,,
,2162,,0.0011651210952550173,,,,
,2163,,0.04712169989943504,,,,
,2164,,0.0007980925147421658,,,,
,2165,,0.00021804767311550677,,,,
,2166,,0.07505561411380768,,,,
,2167,,0.0009504758636467159,,,,
,2168,,0.0005822088569402695,,,,
,2169,,0.004535679239779711,,,,
,2170,,0.0005071305204182863,,,,
,2171,,0.0403178445994854,,,,
,2172,,0.014574999921023846,,,,
,2173,,0.00023876642808318138,,,,
,2174,,0.03779497742652893,,,,
,2175,,0.0011288597015663981,,,,
,2176,,0.00041420376510359347,,,,
,2177,,0.0024004545994102955,,,,
21,2177,,,0.019366085529327393,,,
21,2177,,,,0.808080792427063,0.9191918969154358,0.047565411776304245
22,2178,0.009039586409926414,,,,,
22,2179,0.002676456468179822,,,,,
22,2180,0.0034720893017947674,,,,,
22,2181,0.008373703807592392,,,,,
22,2182,0.007760375738143921,,,,,
22,2183,0.5697535872459412,,,,,
22,2184,0.039437126368284225,,,,,
22,2185,0.010762407444417477,,,,,
22,2186,0.024114828556776047,,,,,
22,2187,0.0012441218132153153,,,,,
22,2188,0.046085819602012634,,,,,
22,2189,0.02244020625948906,,,,,
22,2190,0.04212533310055733,,,,,
22,2191,0.04018121212720871,,,,,
22,2192,0.045887451618909836,,,,,
22,2193,0.0027606915682554245,,,,,
22,2194,0.007095763925462961,,,,,
22,2195,0.09327785670757294,,,,,
22,2196,0.02342716045677662,,,,,
22,2197,0.028730081394314766,,,,,
22,2198,0.05193489044904709,,,,,
22,2199,0.006010340992361307,,,,,
22,2200,0.025882745161652565,,,,,
22,2201,0.0552835538983345,,,,,
22,2202,0.03965361788868904,,,,,
22,2203,0.03204205632209778,,,,,
22,2204,0.0583510659635067,,,,,
22,2205,0.024526357650756836,,,,,
22,2206,0.041002169251441956,,,,,
22,2207,0.0904713124036789,,,,,
22,2208,0.011549158953130245,,,,,
22,2209,0.0003663579700514674,,,,,
22,2210,0.1058143749833107,,,,,
22,2211,0.039935581386089325,,,,,
22,2212,0.027781272307038307,,,,,
22,2213,0.012952265329658985,,,,,
22,2214,0.002778398571535945,,,,,
22,2215,0.20686675608158112,,,,,
22,2216,0.003316382644698024,,,,,
22,2217,0.14715471863746643,,,,,
22,2218,0.024423858150839806,,,,,
22,2219,0.02585344761610031,,,,,
22,2220,0.000808951270300895,,,,,
22,2221,0.01172090694308281,,,,,
22,2222,0.010394281707704067,,,,,
22,2223,0.0164913572371006,,,,,
22,2224,0.025129301473498344,,,,,
22,2225,0.0035989019088447094,,,,,
22,2226,0.01711985282599926,,,,,
22,2227,0.006712938658893108,,,,,
22,2228,0.0052128080278635025,,,,,
22,2229,0.008492590859532356,,,,,
22,2230,0.12768037617206573,,,,,
22,2231,0.006162525620311499,,,,,
22,2232,0.005337419454008341,,,,,
22,2233,0.028118854388594627,,,,,
22,2234,0.008502780459821224,,,,,
22,2235,0.001642501330934465,,,,,
22,2236,0.008752157911658287,,,,,
22,2237,0.0054240417666733265,,,,,
22,2238,0.019347742199897766,,,,,
22,2239,0.0013170787133276463,,,,,
22,2240,0.01635020226240158,,,,,
22,2241,0.002368731889873743,,,,,
22,2242,0.24917611479759216,,,,,
22,2243,0.008935235440731049,,,,,
22,2244,0.08067105710506439,,,,,
22,2245,0.0773066058754921,,,,,
22,2246,0.02739126980304718,,,,,
22,2247,0.003916336223483086,,,,,
22,2248,0.0026814041193574667,,,,,
22,2249,0.012934627011418343,,,,,
22,2250,0.0403745211660862,,,,,
22,2251,0.017836743965744972,,,,,
22,2252,0.03092413954436779,,,,,
22,2253,0.0016128254355862737,,,,,
22,2254,0.02023007534444332,,,,,
22,2255,0.007127029355615377,,,,,
22,2256,0.00021818652749061584,,,,,
22,2257,0.025757241994142532,,,,,
22,2258,0.0036258555483072996,,,,,
22,2259,0.002677375916391611,,,,,
22,2260,0.0007692541694268584,,,,,
22,2261,0.0030018144752830267,,,,,
22,2262,0.0007626524311490357,,,,,
22,2263,0.010548318736255169,,,,,
22,2264,0.003227260196581483,,,,,
22,2265,0.2652024030685425,,,,,
22,2266,0.00023336158483289182,,,,,
22,2267,0.01293715089559555,,,,,
22,2268,0.04353480413556099,,,,,
22,2269,0.007173670921474695,,,,,
22,2270,0.029864488169550896,,,,,
22,2271,0.009786661714315414,,,,,
22,2272,0.049238041043281555,,,,,
22,2273,0.001304195960983634,,,,,
22,2274,0.005223854444921017,,,,,
22,2275,0.033063434064388275,,,,,
22,2276,0.0004202262207400054,,,,,
,2178,,0.059727560728788376,,,,
,2179,,0.0025102843064814806,,,,
,2180,,0.0006138221942819655,,,,
,2181,,0.07676401734352112,,,,
,2182,,0.0034101002383977175,,,,
,2183,,0.0006346922600641847,,,,
,2184,,0.08657306432723999,,,,
,2185,,0.010343736037611961,,,,
,2186,,0.014643482863903046,,,,
,2187,,0.03621651604771614,,,,
,2188,,0.0008322149515151978,,,,
,2189,,0.00014555729285348207,,,,
,2190,,0.00645795464515686,,,,
,2191,,0.00018801633268594742,,,,
,2192,,9.815680095925927e-05,,,,
,2193,,0.006333807483315468,,,,
,2194,,0.036631375551223755,,,,
,2195,,0.003596106544137001,,,,
,2196,,4.111982707399875e-05,,,,
,2197,,0.0634758323431015,,,,
,2198,,0.005134119186550379,,,,
,2199,,2.800128459057305e-05,,,,
,2200,,0.06824865937232971,,,,
,2201,,0.004253465682268143,,,,
,2202,,0.00013919721823185682,,,,
,2203,,0.004249165300279856,,,,
,2204,,0.00018465379253029823,,,,
,2205,,2.8948858016519807e-05,,,,
,2206,,0.003400814952328801,,,,
,2207,,7.13249683030881e-05,,,,
,2208,,0.0014597794506698847,,,,
,2209,,0.027141675353050232,,,,
,2210,,0.04555894061923027,,,,
,2211,,0.006554698571562767,,,,
,2212,,0.00026314184651710093,,,,
,2213,,0.06913240998983383,,,,
,2214,,0.058457668870687485,,,,
,2215,,0.0007193186320364475,,,,
,2216,,0.0008144255843944848,,,,
,2217,,0.004832850769162178,,,,
,2218,,0.00020066124852746725,,,,
,2219,,0.005176810082048178,,,,
,2220,,0.0003369014011695981,,,,
,2221,,7.735315011814237e-05,,,,
,2222,,0.00111600651871413,,,,
,2223,,0.06726793199777603,,,,
,2224,,0.00028644694248214364,,,,
,2225,,0.012940764427185059,,,,
,2226,,0.05216604098677635,,,,
,2227,,0.027703994885087013,,,,
,2228,,4.4738702854374424e-05,,,,
,2229,,0.07317639142274857,,,,
,2230,,0.009633848443627357,,,,
,2231,,0.00819015596061945,,,,
,2232,,0.00012701362720690668,,,,
,2233,,0.00499397236853838,,,,
,2234,,0.0007091955631040037,,,,
,2235,,0.01874575950205326,,,,
,2236,,0.03552648052573204,,,,
,2237,,7.00475211488083e-05,,,,
,2238,,0.01044887863099575,,,,
,2239,,0.10053092986345291,,,,
,2240,,0.01637660525739193,,,,
,2241,,0.01467280462384224,,,,
,2242,,0.02231317199766636,,,,
,2243,,0.0012606658274307847,,,,
,2244,,9.47261942201294e-05,,,,
,2245,,5.145530303707346e-05,,,,
,2246,,0.025877242907881737,,,,
,2247,,0.00021150169777683914,,,,
,2248,,0.00024539860896766186,,,,
,2249,,0.009876950643956661,,,,
,2250,,4.666933818953112e-05,,,,
,2251,,0.0015499948058277369,,,,
,2252,,0.0005459921667352319,,,,
,2253,,0.00020393423619680107,,,,
,2254,,0.00586052518337965,,,,
,2255,,0.06472862511873245,,,,
,2256,,0.04222105070948601,,,,
,2257,,3.508849113131873e-05,,,,
,2258,,0.004931172356009483,,,,
,2259,,0.0015925046755000949,,,,
,2260,,0.004860226996243,,,,
,2261,,0.0005129789933562279,,,,
,2262,,0.00991136021912098,,,,
,2263,,0.0007281624129973352,,,,
,2264,,0.0006974628777243197,,,,
,2265,,0.16030336916446686,,,,
,2266,,0.07966170459985733,,,,
,2267,,0.03728422522544861,,,,
,2268,,0.027783172205090523,,,,
,2269,,3.141460911137983e-05,,,,
,2270,,0.004827788565307856,,,,
,2271,,0.07847989350557327,,,,
,2272,,0.0002985661558341235,,,,
,2273,,0.08607155084609985,,,,
,2274,,0.007816629484295845,,,,
,2275,,0.007108480669558048,,,,
,2276,,6.029581345501356e-05,,,,
22,2276,,,0.018772875890135765,,,
22,2276,,,,0.8181818127632141,0.9494949579238892,0.035242125391960144
23,2277,0.10613686591386795,,,,,
23,2278,0.0031996741890907288,,,,,
23,2279,0.003254797076806426,,,,,
23,2280,0.15381959080696106,,,,,
23,2281,0.047942858189344406,,,,,
23,2282,0.0085635706782341,,,,,
23,2283,0.021532366052269936,,,,,
23,2284,0.04750734195113182,,,,,
23,2285,0.0013667745515704155,,,,,
23,2286,0.0014352547004818916,,,,,
23,2287,0.004521927796304226,,,,,
23,2288,0.03684759885072708,,,,,
23,2289,0.003736246842890978,,,,,
23,2290,0.019712645560503006,,,,,
23,2291,0.028386158868670464,,,,,
23,2292,0.005384785123169422,,,,,
23,2293,0.00996027234941721,,,,,
23,2294,0.01030023768544197,,,,,
23,2295,0.00021480458963196725,,,,,
23,2296,0.008180848322808743,,,,,
23,2297,0.0024473946541547775,,,,,
23,2298,0.4162294566631317,,,,,
23,2299,0.009957168251276016,,,,,
23,2300,0.007144948933273554,,,,,
23,2301,0.02170797996222973,,,,,
23,2302,0.15895064175128937,,,,,
23,2303,0.005689139012247324,,,,,
23,2304,0.017586592584848404,,,,,
23,2305,0.00524804275482893,,,,,
23,2306,0.029968131333589554,,,,,
23,2307,0.006151014938950539,,,,,
23,2308,0.0023200090508908033,,,,,
23,2309,0.015221334993839264,,,,,
23,2310,0.06315357238054276,,,,,
23,2311,0.01285802386701107,,,,,
23,2312,0.09186221659183502,,,,,
23,2313,0.11922062933444977,,,,,
23,2314,0.0003135436272714287,,,,,
23,2315,0.3133016526699066,,,,,
23,2316,0.02912435308098793,,,,,
23,2317,0.0030448639299720526,,,,,
23,2318,0.07854508608579636,,,,,
23,2319,0.014421666041016579,,,,,
23,2320,0.06428755819797516,,,,,
23,2321,0.01734992489218712,,,,,
23,2322,0.01599149964749813,,,,,
23,2323,0.011898601427674294,,,,,
23,2324,0.00864795595407486,,,,,
23,2325,0.017698604613542557,,,,,
23,2326,0.021804967895150185,,,,,
23,2327,0.24759265780448914,,,,,
23,2328,0.014990387484431267,,,,,
23,2329,0.013749383389949799,,,,,
23,2330,0.012173070572316647,,,,,
23,2331,0.030796371400356293,,,,,
23,2332,0.11695237457752228,,,,,
23,2333,0.0021272264420986176,,,,,
23,2334,0.002720565302297473,,,,,
23,2335,0.02319474145770073,,,,,
23,2336,0.04756632819771767,,,,,
23,2337,0.0039254180155694485,,,,,
23,2338,0.09373366087675095,,,,,
23,2339,0.008284356445074081,,,,,
23,2340,0.029199250042438507,,,,,
23,2341,0.08053305745124817,,,,,
23,2342,0.0318787656724453,,,,,
23,2343,0.009719861671328545,,,,,
23,2344,0.0011138356057927012,,,,,
23,2345,0.002115650335326791,,,,,
23,2346,0.04727191850543022,,,,,
23,2347,0.003739147912710905,,,,,
23,2348,0.017213325947523117,,,,,
23,2349,0.0011619578581303358,,,,,
23,2350,0.013823021203279495,,,,,
23,2351,0.0015543008921667933,,,,,
23,2352,0.031540315598249435,,,,,
23,2353,0.009026472456753254,,,,,
23,2354,0.014137526042759418,,,,,
23,2355,0.003951279912143946,,,,,
23,2356,0.04275914281606674,,,,,
23,2357,0.05035470798611641,,,,,
23,2358,0.0012529966188594699,,,,,
23,2359,0.008161447942256927,,,,,
23,2360,0.00992637500166893,,,,,
23,2361,0.0013422470074146986,,,,,
23,2362,0.024187738075852394,,,,,
23,2363,0.003951295278966427,,,,,
23,2364,0.0007873589056544006,,,,,
23,2365,0.01428129244595766,,,,,
23,2366,0.07002139091491699,,,,,
23,2367,0.0005216047284193337,,,,,
23,2368,0.033273328095674515,,,,,
23,2369,0.009560494683682919,,,,,
23,2370,0.05807998776435852,,,,,
23,2371,0.0012598609318956733,,,,,
23,2372,0.005037343595176935,,,,,
23,2373,0.07786094397306442,,,,,
23,2374,0.030974678695201874,,,,,
23,2375,0.001860099728219211,,,,,
,2277,,0.00010224092693533748,,,,
,2278,,0.0006353768985718489,,,,
,2279,,0.0008881472167558968,,,,
,2280,,0.11937488615512848,,,,
,2281,,0.059517186135053635,,,,
,2282,,0.0006346972659230232,,,,
,2283,,0.03796723857522011,,,,
,2284,,0.000620703212916851,,,,
,2285,,0.0002901953994296491,,,,
,2286,,0.005445591174066067,,,,
,2287,,6.759403913747519e-05,,,,
,2288,,4.581026951200329e-05,,,,
,2289,,0.015586228109896183,,,,
,2290,,0.00024620277690701187,,,,
,2291,,2.3611373762832955e-05,,,,
,2292,,0.00022599240764975548,,,,
,2293,,0.008040070533752441,,,,
,2294,,7.23714692867361e-05,,,,
,2295,,2.8534243028843775e-05,,,,
,2296,,0.021467693150043488,,,,
,2297,,0.020982928574085236,,,,
,2298,,0.00013333570677787066,,,,
,2299,,0.023898987099528313,,,,
,2300,,0.0007356288260780275,,,,
,2301,,8.743514626985416e-05,,,,
,2302,,0.00010497550829313695,,,,
,2303,,5.8163019275525585e-05,,,,
,2304,,0.0004060743376612663,,,,
,2305,,0.015428154729306698,,,,
,2306,,0.10133999586105347,,,,
,2307,,0.00028845679480582476,,,,
,2308,,0.0006344128632918,,,,
,2309,,0.014451525174081326,,,,
,2310,,9.380766277899966e-05,,,,
,2311,,2.6601035642670467e-05,,,,
,2312,,0.024306360632181168,,,,
,2313,,0.040730129927396774,,,,
,2314,,3.975842264480889e-05,,,,
,2315,,6.09303533565253e-05,,,,
,2316,,0.00019365795014891773,,,,
,2317,,6.865285104140639e-05,,,,
,2318,,7.313465175684541e-05,,,,
,2319,,6.056424172129482e-05,,,,
,2320,,2.8612064852495678e-05,,,,
,2321,,9.444182796869427e-05,,,,
,2322,,0.019006013870239258,,,,
,2323,,0.00023918351507745683,,,,
,2324,,0.0006361337145790458,,,,
,2325,,0.005385462194681168,,,,
,2326,,5.3498610213864595e-05,,,,
,2327,,9.125377982854843e-05,,,,
,2328,,0.022927310317754745,,,,
,2329,,0.01607554964721203,,,,
,2330,,0.02912990190088749,,,,
,2331,,0.00029236741829663515,,,,
,2332,,0.052937138825654984,,,,
,2333,,0.0006261912058107555,,,,
,2334,,0.00029239439754746854,,,,
,2335,,0.007211820222437382,,,,
,2336,,1.5532281395280734e-05,,,,
,2337,,0.020550085231661797,,,,
,2338,,0.020382678136229515,,,,
,2339,,5.288020838634111e-05,,,,
,2340,,0.0006792497588321567,,,,
,2341,,0.005075488239526749,,,,
,2342,,4.4474498281488195e-05,,,,
,2343,,2.5331846700282767e-05,,,,
,2344,,1.975050508917775e-05,,,,
,2345,,0.049535300582647324,,,,
,2346,,3.844816819764674e-05,,,,
,2347,,6.953631236683577e-05,,,,
,2348,,0.0009960692841559649,,,,
,2349,,0.00010462512000231072,,,,
,2350,,7.44988356018439e-05,,,,
,2351,,0.11300607025623322,,,,
,2352,,4.174286004854366e-05,,,,
,2353,,0.02526838704943657,,,,
,2354,,0.020446529611945152,,,,
,2355,,0.00047079913201741874,,,,
,2356,,0.00013957721239421517,,,,
,2357,,0.0006760670803487301,,,,
,2358,,0.04737396538257599,,,,
,2359,,0.00038611030322499573,,,,
,2360,,0.0006977804005146027,,,,
,2361,,0.03183973953127861,,,,
,2362,,3.586061211535707e-05,,,,
,2363,,5.322131983120926e-05,,,,
,2364,,0.09250016510486603,,,,
,2365,,0.000352561182808131,,,,
,2366,,0.00023619479907210916,,,,
,2367,,0.005198040045797825,,,,
,2368,,2.495923217793461e-05,,,,
,2369,,0.01641710102558136,,,,
,2370,,0.02704990841448307,,,,
,2371,,6.462817691499367e-05,,,,
,2372,,0.02416897378861904,,,,
,2373,,0.00034408539067953825,,,,
,2374,,0.0014652187237516046,,,,
,2375,,0.00014845664554741234,,,,
23,2375,,,0.0118846595287323,,,
23,2375,,,,0.9090909361839294,0.939393937587738,0.03500396013259888
24,2376,0.031428344547748566,,,,,
24,2377,0.012309244833886623,,,,,
24,2378,0.0019245408475399017,,,,,
24,2379,0.0381692610681057,,,,,
24,2380,0.151266410946846,,,,,
24,2381,0.006266698241233826,,,,,
24,2382,0.04789336770772934,,,,,
24,2383,0.009095444343984127,,,,,
24,2384,0.014975807629525661,,,,,
24,2385,0.02085082232952118,,,,,
24,2386,0.07087267935276031,,,,,
24,2387,0.01478524785488844,,,,,
24,2388,0.017733361572027206,,,,,
24,2389,0.0017555487575009465,,,,,
24,2390,0.1983712613582611,,,,,
24,2391,0.027313334867358208,,,,,
24,2392,0.0020203678868710995,,,,,
24,2393,0.030893314629793167,,,,,
24,2394,0.01928611472249031,,,,,
24,2395,0.020611155778169632,,,,,
24,2396,0.004986151587218046,,,,,
24,2397,0.0025395650882273912,,,,,
24,2398,0.005125685594975948,,,,,
24,2399,0.01329783909022808,,,,,
24,2400,0.16708245873451233,,,,,
24,2401,0.005129395518451929,,,,,
24,2402,0.01630980335175991,,,,,
24,2403,0.009132877923548222,,,,,
24,2404,0.207412987947464,,,,,
24,2405,0.0133690619841218,,,,,
24,2406,0.047915175557136536,,,,,
24,2407,0.08161747455596924,,,,,
24,2408,0.08967776596546173,,,,,
24,2409,0.045708879828453064,,,,,
24,2410,0.031932469457387924,,,,,
24,2411,0.06075906381011009,,,,,
24,2412,0.00023885216796770692,,,,,
24,2413,0.0004438190662767738,,,,,
24,2414,0.0005767474067397416,,,,,
24,2415,0.0017447868594899774,,,,,
24,2416,0.00546307535842061,,,,,
24,2417,0.0015265748370438814,,,,,
24,2418,0.0007311934605240822,,,,,
24,2419,0.001162118511274457,,,,,
24,2420,0.17207354307174683,,,,,
24,2421,0.001063129398971796,,,,,
24,2422,0.005160779692232609,,,,,
24,2423,0.006719853263348341,,,,,
24,2424,0.041287388652563095,,,,,
24,2425,0.036426909267902374,,,,,
24,2426,0.004835742060095072,,,,,
24,2427,0.0004905072855763137,,,,,
24,2428,0.20568698644638062,,,,,
24,2429,0.0006943458574824035,,,,,
24,2430,0.0019344831816852093,,,,,
24,2431,0.0025264346040785313,,,,,
24,2432,0.021890053525567055,,,,,
24,2433,0.09682111442089081,,,,,
24,2434,0.1122252345085144,,,,,
24,2435,0.0005154608516022563,,,,,
24,2436,0.006525684148073196,,,,,
24,2437,0.03596663475036621,,,,,
24,2438,0.2542612552642822,,,,,
24,2439,0.03597528487443924,,,,,
24,2440,0.03516938164830208,,,,,
24,2441,0.005316067487001419,,,,,
24,2442,0.004320206586271524,,,,,
24,2443,0.00180626951623708,,,,,
24,2444,0.01898162066936493,,,,,
24,2445,0.02154809609055519,,,,,
24,2446,0.005584812723100185,,,,,
24,2447,0.0011674340348690748,,,,,
24,2448,0.0028720067348331213,,,,,
24,2449,0.07305728644132614,,,,,
24,2450,0.0016503583174198866,,,,,
24,2451,0.07454336434602737,,,,,
24,2452,0.11002019792795181,,,,,
24,2453,0.03190908953547478,,,,,
24,2454,0.002226735232397914,,,,,
24,2455,0.0005030020838603377,,,,,
24,2456,0.0012149722315371037,,,,,
24,2457,0.01586766727268696,,,,,
24,2458,0.0038595714140683413,,,,,
24,2459,0.0034532349091023207,,,,,
24,2460,0.0006439083372242749,,,,,
24,2461,0.008864572271704674,,,,,
24,2462,0.01897227019071579,,,,,
24,2463,0.059210050851106644,,,,,
24,2464,0.07563544064760208,,,,,
24,2465,0.06467298418283463,,,,,
24,2466,0.02915825881063938,,,,,
24,2467,0.0008688987581990659,,,,,
24,2468,0.08214069157838821,,,,,
24,2469,0.0007337075658142567,,,,,
24,2470,0.0011849161237478256,,,,,
24,2471,0.019927676767110825,,,,,
24,2472,0.0070686559192836285,,,,,
24,2473,0.0009654965833760798,,,,,
24,2474,0.006968067493289709,,,,,
,2376,,0.00040609159623272717,,,,
,2377,,0.00023148512991610914,,,,
,2378,,0.0001163513443316333,,,,
,2379,,0.014235200360417366,,,,
,2380,,0.042103882879018784,,,,
,2381,,0.00010001007467508316,,,,
,2382,,0.006501354742795229,,,,
,2383,,0.0005253675044514239,,,,
,2384,,0.0007098467322066426,,,,
,2385,,0.0025563519448041916,,,,
,2386,,0.0004496595065575093,,,,
,2387,,0.00014482873666565865,,,,
,2388,,0.02737518958747387,,,,
,2389,,0.00022098131012171507,,,,
,2390,,0.00020171923097223043,,,,
,2391,,0.0005168193602003157,,,,
,2392,,0.0037000190932303667,,,,
,2393,,0.00010912387369899079,,,,
,2394,,0.00010977718920912594,,,,
,2395,,0.005070187151432037,,,,
,2396,,0.032541919499635696,,,,
,2397,,0.00010853279673028737,,,,
,2398,,0.006467821542173624,,,,
,2399,,0.0003285564889665693,,,,
,2400,,0.00018485289183445275,,,,
,2401,,6.670705624856055e-05,,,,
,2402,,0.0002546180330682546,,,,
,2403,,8.753245492698625e-05,,,,
,2404,,0.021744197234511375,,,,
,2405,,0.000450227118562907,,,,
,2406,,0.0002261002518935129,,,,
,2407,,0.0006290680030360818,,,,
,2408,,0.004395291209220886,,,,
,2409,,0.00011105767771368846,,,,
,2410,,0.00017890744493342936,,,,
,2411,,0.005348699167370796,,,,
,2412,,0.07714265584945679,,,,
,2413,,0.00020144347217865288,,,,
,2414,,4.865033406531438e-05,,,,
,2415,,0.00038770813262090087,,,,
,2416,,0.0003441509325057268,,,,
,2417,,0.00014129499322734773,,,,
,2418,,0.00029341047047637403,,,,
,2419,,0.00015048198110889643,,,,
,2420,,0.00017868353461381048,,,,
,2421,,0.009079876355826855,,,,
,2422,,5.795350080006756e-05,,,,
,2423,,0.0006193381850607693,,,,
,2424,,0.003446996910497546,,,,
,2425,,9.579924517311156e-05,,,,
,2426,,0.00010250485502183437,,,,
,2427,,0.008633705787360668,,,,
,2428,,0.026166828349232674,,,,
,2429,,0.06593994051218033,,,,
,2430,,8.123997395159677e-05,,,,
,2431,,0.0020441501401364803,,,,
,2432,,0.0002476966183166951,,,,
,2433,,0.0002505297597963363,,,,
,2434,,0.003300614655017853,,,,
,2435,,0.00011475908831926063,,,,
,2436,,0.04134472459554672,,,,
,2437,,0.007708090357482433,,,,
,2438,,4.945781620335765e-05,,,,
,2439,,0.0005523766158148646,,,,
,2440,,0.0024683151859790087,,,,
,2441,,7.777155406074598e-05,,,,
,2442,,0.0002992600202560425,,,,
,2443,,0.00011673633707687259,,,,
,2444,,0.047101832926273346,,,,
,2445,,0.00017726016812957823,,,,
,2446,,5.955545202596113e-05,,,,
,2447,,0.00035771983675658703,,,,
,2448,,0.00021630268020089716,,,,
,2449,,7.582584657939151e-05,,,,
,2450,,0.021821236237883568,,,,
,2451,,0.00010213442146778107,,,,
,2452,,0.05719244107604027,,,,
,2453,,0.010265463963150978,,,,
,2454,,0.00025000330060720444,,,,
,2455,,0.0001367723598377779,,,,
,2456,,0.00030520206200890243,,,,
,2457,,0.0007458062027581036,,,,
,2458,,0.0003044994664378464,,,,
,2459,,0.00014360467321239412,,,,
,2460,,0.03290025517344475,,,,
,2461,,0.0002640911261551082,,,,
,2462,,0.00013677460083272308,,,,
,2463,,0.1042221412062645,,,,
,2464,,0.0003877028066199273,,,,
,2465,,0.0004408237582538277,,,,
,2466,,0.0028169741854071617,,,,
,2467,,8.901402907213196e-05,,,,
,2468,,0.045833148062229156,,,,
,2469,,0.008234580978751183,,,,
,2470,,6.374516669893637e-05,,,,
,2471,,0.024552442133426666,,,,
,2472,,0.0005154071841388941,,,,
,2473,,0.00013444649812299758,,,,
,2474,,0.000224122719373554,,,,
24,2474,,,0.007982493378221989,,,
24,2474,,,,0.8989899158477783,0.9898989796638489,0.034210849553346634
25,2475,0.002456030575558543,,,,,
25,2476,0.004188288003206253,,,,,
25,2477,0.007809727918356657,,,,,
25,2478,0.07970308512449265,,,,,
25,2479,0.0007463955553248525,,,,,
25,2480,0.0053996797651052475,,,,,
25,2481,0.002560491906479001,,,,,
25,2482,0.0007987218559719622,,,,,
25,2483,0.004961179103702307,,,,,
25,2484,0.0037156958132982254,,,,,
25,2485,0.018661007285118103,,,,,
25,2486,0.0024584662169218063,,,,,
25,2487,0.0015379356918856502,,,,,
25,2488,0.057477448135614395,,,,,
25,2489,0.000854344165418297,,,,,
25,2490,0.004718100652098656,,,,,
25,2491,0.12449923157691956,,,,,
25,2492,0.00027551999664865434,,,,,
25,2493,0.006256353110074997,,,,,
25,2494,0.0038117622025310993,,,,,
25,2495,0.02920498512685299,,,,,
25,2496,0.10705755650997162,,,,,
25,2497,0.031801965087652206,,,,,
25,2498,0.0022314118687063456,,,,,
25,2499,0.001808722852729261,,,,,
25,2500,0.0036714712623506784,,,,,
25,2501,0.0011932899942621589,,,,,
25,2502,0.1615421622991562,,,,,
25,2503,0.004237843211740255,,,,,
25,2504,0.002392183057963848,,,,,
25,2505,0.00499406922608614,,,,,
25,2506,0.007813709788024426,,,,,
25,2507,0.0020107077434659004,,,,,
25,2508,0.0031320720445364714,,,,,
25,2509,0.07969056814908981,,,,,
25,2510,0.10499858856201172,,,,,
25,2511,0.08330614119768143,,,,,
25,2512,0.0048706685192883015,,,,,
25,2513,0.000917669094633311,,,,,
25,2514,0.0014729753602296114,,,,,
25,2515,0.4801749885082245,,,,,
25,2516,0.00815367978066206,,,,,
25,2517,0.027300233021378517,,,,,
25,2518,0.0007402657065540552,,,,,
25,2519,0.0017461550887674093,,,,,
25,2520,0.03935447707772255,,,,,
25,2521,0.016256103292107582,,,,,
25,2522,0.03948966786265373,,,,,
25,2523,0.0023753640707582235,,,,,
25,2524,0.01151636429131031,,,,,
25,2525,0.002247662516310811,,,,,
25,2526,0.007736121769994497,,,,,
25,2527,0.0037349057383835316,,,,,
25,2528,0.002794011030346155,,,,,
25,2529,0.041983235627412796,,,,,
25,2530,0.03389081731438637,,,,,
25,2531,0.01484304666519165,,,,,
25,2532,0.004948723129928112,,,,,
25,2533,0.0048393323086202145,,,,,
25,2534,0.14502227306365967,,,,,
25,2535,0.0038491860032081604,,,,,
25,2536,0.00226206355728209,,,,,
25,2537,0.015403877012431622,,,,,
25,2538,0.002500073751434684,,,,,
25,2539,0.004061406943947077,,,,,
25,2540,0.0016383532201871276,,,,,
25,2541,0.02347659319639206,,,,,
25,2542,0.0005224260385148227,,,,,
25,2543,0.0034996080212295055,,,,,
25,2544,0.07595894485712051,,,,,
25,2545,0.00976798590272665,,,,,
25,2546,0.007260445971041918,,,,,
25,2547,0.006388245616108179,,,,,
25,2548,0.014111447148025036,,,,,
25,2549,0.001811457914300263,,,,,
25,2550,0.0011576765682548285,,,,,
25,2551,0.001372955972328782,,,,,
25,2552,0.013711357489228249,,,,,
25,2553,0.010609759017825127,,,,,
25,2554,0.004001346882432699,,,,,
25,2555,0.012688891962170601,,,,,
25,2556,0.005904868710786104,,,,,
25,2557,0.009806211106479168,,,,,
25,2558,0.007727710530161858,,,,,
25,2559,0.00605830829590559,,,,,
25,2560,0.020965207368135452,,,,,
25,2561,0.008042264729738235,,,,,
25,2562,0.05793847516179085,,,,,
25,2563,0.01906920038163662,,,,,
25,2564,0.08479512482881546,,,,,
25,2565,0.0004075481847394258,,,,,
25,2566,0.029896048828959465,,,,,
25,2567,0.029690518975257874,,,,,
25,2568,0.004318336024880409,,,,,
25,2569,0.03119165264070034,,,,,
25,2570,0.0016854319255799055,,,,,
25,2571,0.00013563598622567952,,,,,
25,2572,0.14617577195167542,,,,,
25,2573,0.0035003197845071554,,,,,
,2475,,4.155921487836167e-05,,,,
,2476,,0.00013197629596106708,,,,
,2477,,1.9069717382080853e-05,,,,
,2478,,0.07292882353067398,,,,
,2479,,0.07692255824804306,,,,
,2480,,8.96116307558259e-06,,,,
,2481,,0.00366042903624475,,,,
,2482,,0.00017888755246531218,,,,
,2483,,0.0002018374070758,,,,
,2484,,0.0011301692575216293,,,,
,2485,,2.2557815100299194e-05,,,,
,2486,,2.1574553102254868e-05,,,,
,2487,,0.010853273794054985,,,,
,2488,,1.4163861123961397e-05,,,,
,2489,,2.9994911528774537e-05,,,,
,2490,,0.00035072918399237096,,,,
,2491,,0.002207355108112097,,,,
,2492,,2.3286216674023308e-05,,,,
,2493,,1.3334941286302637e-05,,,,
,2494,,0.0022705814335495234,,,,
,2495,,0.015679506585001945,,,,
,2496,,1.3812075849273242e-05,,,,
,2497,,0.003962667193263769,,,,
,2498,,0.00027850503101944923,,,,
,2499,,2.8811899028369226e-05,,,,
,2500,,2.185727316827979e-05,,,,
,2501,,2.6391322535346262e-05,,,,
,2502,,1.876044916571118e-05,,,,
,2503,,0.0069923000410199165,,,,
,2504,,0.19680146872997284,,,,
,2505,,1.811726178857498e-05,,,,
,2506,,0.00012721029634121805,,,,
,2507,,0.0029819118790328503,,,,
,2508,,9.155855877907015e-06,,,,
,2509,,1.0266684512316715e-05,,,,
,2510,,0.003261677222326398,,,,
,2511,,0.04979833960533142,,,,
,2512,,4.013811849290505e-05,,,,
,2513,,4.33292507295846e-06,,,,
,2514,,0.00018981247558258474,,,,
,2515,,3.521036705933511e-05,,,,
,2516,,0.00020514416974037886,,,,
,2517,,3.318622475489974e-05,,,,
,2518,,1.9454933863016777e-05,,,,
,2519,,2.07603006856516e-05,,,,
,2520,,0.005757381208240986,,,,
,2521,,3.322282054796233e-06,,,,
,2522,,0.0002611154050100595,,,,
,2523,,0.001902307034470141,,,,
,2524,,2.2225147404242307e-05,,,,
,2525,,8.717251148482319e-06,,,,
,2526,,0.00441750418394804,,,,
,2527,,0.008836179040372372,,,,
,2528,,0.039988018572330475,,,,
,2529,,2.0835575469391188e-06,,,,
,2530,,0.22317397594451904,,,,
,2531,,2.4298929929500446e-05,,,,
,2532,,2.8713495339616202e-05,,,,
,2533,,0.001472159055992961,,,,
,2534,,1.482215793657815e-05,,,,
,2535,,0.023673169314861298,,,,
,2536,,0.0069038174115121365,,,,
,2537,,5.44196336704772e-06,,,,
,2538,,0.00013772404054179788,,,,
,2539,,0.0013109204592183232,,,,
,2540,,5.0632821512408555e-05,,,,
,2541,,7.223608554340899e-05,,,,
,2542,,2.146599035768304e-05,,,,
,2543,,0.028407758101820946,,,,
,2544,,5.3898871556157246e-05,,,,
,2545,,9.313155715062749e-06,,,,
,2546,,0.00012300058733671904,,,,
,2547,,4.238266410538927e-05,,,,
,2548,,4.035855454276316e-05,,,,
,2549,,0.2181759923696518,,,,
,2550,,3.5738081351155415e-05,,,,
,2551,,0.027241215109825134,,,,
,2552,,0.008513282053172588,,,,
,2553,,8.492457709508017e-05,,,,
,2554,,3.156938691972755e-05,,,,
,2555,,0.00016845774371176958,,,,
,2556,,0.0690934807062149,,,,
,2557,,4.0482984331902117e-05,,,,
,2558,,1.9885053916368634e-05,,,,
,2559,,0.016269611194729805,,,,
,2560,,3.2429474231321365e-05,,,,
,2561,,1.027690086630173e-05,,,,
,2562,,0.21269837021827698,,,,
,2563,,7.234509394038469e-05,,,,
,2564,,4.870858174399473e-05,,,,
,2565,,0.00104359386023134,,,,
,2566,,1.3562964340962935e-05,,,,
,2567,,0.02803325466811657,,,,
,2568,,0.007595578208565712,,,,
,2569,,7.390484370262129e-06,,,,
,2570,,0.027229811996221542,,,,
,2571,,0.00016151057207025588,,,,
,2572,,6.0414502513594925e-05,,,,
,2573,,5.0976468628505245e-05,,,,
25,2573,,,0.014294018968939781,,,
25,2573,,,,0.939393937587738,0.939393937587738,0.025694429874420166
26,2574,0.027130141854286194,,,,,
26,2575,0.09160151332616806,,,,,
26,2576,0.205058291554451,,,,,
26,2577,0.0006510818493552506,,,,,
26,2578,0.01301725022494793,,,,,
26,2579,0.0001084644318325445,,,,,
26,2580,0.06834223866462708,,,,,
26,2581,0.00021767114230897278,,,,,
26,2582,0.07433325052261353,,,,,
26,2583,0.00047960784286260605,,,,,
26,2584,0.013010614551603794,,,,,
26,2585,0.006383316125720739,,,,,
26,2586,0.008588581345975399,,,,,
26,2587,0.00014350804849527776,,,,,
26,2588,0.05997353419661522,,,,,
26,2589,0.041468892246484756,,,,,
26,2590,0.00010668892355170101,,,,,
26,2591,0.0004778559959959239,,,,,
26,2592,0.15994754433631897,,,,,
26,2593,0.004689113702625036,,,,,
26,2594,0.006214713212102652,,,,,
26,2595,0.0512881726026535,,,,,
26,2596,5.058534588897601e-05,,,,,
26,2597,0.07384628802537918,,,,,
26,2598,0.009974244050681591,,,,,
26,2599,0.07011057436466217,,,,,
26,2600,0.004856317304074764,,,,,
26,2601,0.0010685696033760905,,,,,
26,2602,0.045886263251304626,,,,,
26,2603,0.005906909704208374,,,,,
26,2604,0.002476547844707966,,,,,
26,2605,0.03311525657773018,,,,,
26,2606,0.04352862387895584,,,,,
26,2607,0.00017878806102089584,,,,,
26,2608,0.0023440015502274036,,,,,
26,2609,0.004187101498246193,,,,,
26,2610,0.009224086068570614,,,,,
26,2611,0.0010674839140847325,,,,,
26,2612,0.12719367444515228,,,,,
26,2613,0.0011043340200558305,,,,,
26,2614,0.0017296375008299947,,,,,
26,2615,0.0022282481659203768,,,,,
26,2616,0.0064983069896698,,,,,
26,2617,0.008579124696552753,,,,,
26,2618,0.002744639990851283,,,,,
26,2619,0.000568486109841615,,,,,
26,2620,0.0043325223959982395,,,,,
26,2621,0.003667740151286125,,,,,
26,2622,0.0006166747771203518,,,,,
26,2623,0.01428164355456829,,,,,
26,2624,0.0023600466083735228,,,,,
26,2625,0.024742575362324715,,,,,
26,2626,0.001091762213036418,,,,,
26,2627,0.000649966939818114,,,,,
26,2628,0.0023178616538643837,,,,,
26,2629,0.0029517579823732376,,,,,
26,2630,0.12427659332752228,,,,,
26,2631,0.019146401435136795,,,,,
26,2632,0.001447338960133493,,,,,
26,2633,0.0012894599931314588,,,,,
26,2634,0.04861949384212494,,,,,
26,2635,2.9058504878776148e-05,,,,,
26,2636,0.0073352535255253315,,,,,
26,2637,0.00227261777035892,,,,,
26,2638,0.008672463707625866,,,,,
26,2639,0.011140226386487484,,,,,
26,2640,0.0018736810889095068,,,,,
26,2641,0.009545667096972466,,,,,
26,2642,0.003214074531570077,,,,,
26,2643,0.17018231749534607,,,,,
26,2644,0.0016164234839379787,,,,,
26,2645,0.00462707644328475,,,,,
26,2646,0.031309690326452255,,,,,
26,2647,0.016329839825630188,,,,,
26,2648,0.03894275426864624,,,,,
26,2649,0.0059435246512293816,,,,,
26,2650,0.0037700291723012924,,,,,
26,2651,0.00484458077698946,,,,,
26,2652,0.04366704821586609,,,,,
26,2653,0.002745603444054723,,,,,
26,2654,0.0002462424454279244,,,,,
26,2655,0.0007607633015140891,,,,,
26,2656,0.000581847969442606,,,,,
26,2657,0.0008409667061641812,,,,,
26,2658,0.04706929996609688,,,,,
26,2659,0.002789146266877651,,,,,
26,2660,0.045194320380687714,,,,,
26,2661,0.0029197782278060913,,,,,
26,2662,0.015374695882201195,,,,,
26,2663,0.004305896814912558,,,,,
26,2664,0.0008144979365170002,,,,,
26,2665,0.000754822394810617,,,,,
26,2666,0.011981849558651447,,,,,
26,2667,0.015895873308181763,,,,,
26,2668,0.0014104368165135384,,,,,
26,2669,0.0023277734871953726,,,,,
26,2670,0.0008628828800283372,,,,,
26,2671,0.000719310250133276,,,,,
26,2672,0.03285766392946243,,,,,
,2574,,0.00013233956997282803,,,,
,2575,,5.1477079978212714e-05,,,,
,2576,,1.0417824114483665e-06,,,,
,2577,,0.3113866150379181,,,,
,2578,,0.28023797273635864,,,,
,2579,,3.792003190028481e-05,,,,
,2580,,0.03758005052804947,,,,
,2581,,1.5058158169267699e-05,,,,
,2582,,7.309544162126258e-05,,,,
,2583,,0.03444264829158783,,,,
,2584,,4.441793407750083e-06,,,,
,2585,,9.391142157255672e-06,,,,
,2586,,8.95033372216858e-05,,,,
,2587,,3.0579483336623525e-06,,,,
,2588,,9.277230674342718e-06,,,,
,2589,,2.0911069441353902e-05,,,,
,2590,,0.04381607100367546,,,,
,2591,,7.799703598720953e-05,,,,
,2592,,3.949404799641343e-06,,,,
,2593,,0.04516011103987694,,,,
,2594,,0.00030439853435382247,,,,
,2595,,3.394844043214107e-06,,,,
,2596,,0.0277431458234787,,,,
,2597,,5.6964407121995464e-05,,,,
,2598,,4.903043191006873e-06,,,,
,2599,,0.00015070248628035188,,,,
,2600,,3.5865984955307795e-06,,,,
,2601,,3.9338374335784465e-06,,,,
,2602,,0.00011884746345458552,,,,
,2603,,0.45882511138916016,,,,
,2604,,2.4624545403639786e-05,,,,
,2605,,2.1476975234691054e-05,,,,
,2606,,0.04147939011454582,,,,
,2607,,0.00012969331874046475,,,,
,2608,,1.912517973323702e-06,,,,
,2609,,0.05915527045726776,,,,
,2610,,0.0018637139583006501,,,,
,2611,,1.5594067008350976e-05,,,,
,2612,,9.971636245609261e-06,,,,
,2613,,5.324553512764396e-06,,,,
,2614,,9.266766028304119e-06,,,,
,2615,,8.27094481792301e-05,,,,
,2616,,2.327152060388471e-06,,,,
,2617,,1.2697127203864511e-05,,,,
,2618,,4.213740794511978e-06,,,,
,2619,,0.09495300054550171,,,,
,2620,,1.8140433439839398e-06,,,,
,2621,,1.7180745999212377e-05,,,,
,2622,,0.024948807433247566,,,,
,2623,,5.2674189646495506e-05,,,,
,2624,,2.239047489638324e-06,,,,
,2625,,0.05971398204565048,,,,
,2626,,0.00015707268903497607,,,,
,2627,,0.0031302697025239468,,,,
,2628,,1.3786718682240462e-06,,,,
,2629,,0.2579067349433899,,,,
,2630,,2.355228571104817e-05,,,,
,2631,,0.0003446266637183726,,,,
,2632,,0.03413302078843117,,,,
,2633,,3.8145847156556556e-06,,,,
,2634,,0.0005799290374852717,,,,
,2635,,0.10978438705205917,,,,
,2636,,4.395122687128605e-06,,,,
,2637,,1.0592239050311036e-05,,,,
,2638,,0.028904274106025696,,,,
,2639,,4.249579069437459e-05,,,,
,2640,,1.5221141438814811e-05,,,,
,2641,,8.779633390076924e-06,,,,
,2642,,0.00040919086313806474,,,,
,2643,,1.8242491933051497e-05,,,,
,2644,,6.271259280765662e-06,,,,
,2645,,1.372500992147252e-05,,,,
,2646,,6.115767519077053e-06,,,,
,2647,,0.000118320866022259,,,,
,2648,,0.4932394027709961,,,,
,2649,,5.467861683428055e-06,,,,
,2650,,0.0011434198822826147,,,,
,2651,,0.11888822913169861,,,,
,2652,,3.0423118005273864e-05,,,,
,2653,,1.0028350516222417e-05,,,,
,2654,,1.0313715392840095e-05,,,,
,2655,,0.2544020116329193,,,,
,2656,,2.2672536942991428e-05,,,,
,2657,,3.4435983252478763e-05,,,,
,2658,,0.0001483308442402631,,,,
,2659,,9.157834938378073e-06,,,,
,2660,,5.0066537369275466e-06,,,,
,2661,,0.20784589648246765,,,,
,2662,,7.63482694310369e-06,,,,
,2663,,5.803313251817599e-05,,,,
,2664,,0.019415315240621567,,,,
,2665,,5.032537046645302e-06,,,,
,2666,,0.0007078707567416131,,,,
,2667,,0.11114900559186935,,,,
,2668,,3.5243599540990544e-06,,,,
,2669,,0.007246847730129957,,,,
,2670,,8.122989129333291e-06,,,,
,2671,,6.388275505742058e-05,,,,
,2672,,1.1790260032285005e-05,,,,
26,2672,,,0.032050203531980515,,,
26,2672,,,,0.9090909361839294,0.939393937587738,0.021204674616456032
27,2673,0.11270218342542648,,,,,
27,2674,0.0035700956359505653,,,,,
27,2675,0.00011313569120829925,,,,,
27,2676,0.03391781076788902,,,,,
27,2677,0.11556319892406464,,,,,
27,2678,6.140546611277387e-05,,,,,
27,2679,0.00436237920075655,,,,,
27,2680,0.0026766436640173197,,,,,
27,2681,0.23850353062152863,,,,,
27,2682,0.04190169274806976,,,,,
27,2683,0.0041628647595644,,,,,
27,2684,0.0007817228906787932,,,,,
27,2685,0.22761084139347076,,,,,
27,2686,0.05583200603723526,,,,,
27,2687,0.006628255359828472,,,,,
27,2688,0.04625573754310608,,,,,
27,2689,0.001031185151077807,,,,,
27,2690,0.0043059177696704865,,,,,
27,2691,0.10721023380756378,,,,,
27,2692,0.0011463748523965478,,,,,
27,2693,0.21022914350032806,,,,,
27,2694,0.20409409701824188,,,,,
27,2695,0.09256661683320999,,,,,
27,2696,0.0014505443396046758,,,,,
27,2697,0.005342204123735428,,,,,
27,2698,0.009559594094753265,,,,,
27,2699,0.003479067934677005,,,,,
27,2700,0.08924414962530136,,,,,
27,2701,0.06462117284536362,,,,,
27,2702,0.07215355336666107,,,,,
27,2703,0.028023865073919296,,,,,
27,2704,0.05357372760772705,,,,,
27,2705,0.012044304050505161,,,,,
27,2706,0.008585392497479916,,,,,
27,2707,0.0009226235561072826,,,,,
27,2708,0.0009320022654719651,,,,,
27,2709,0.002245445502921939,,,,,
27,2710,0.10319530218839645,,,,,
27,2711,0.009002349339425564,,,,,
27,2712,0.13045643270015717,,,,,
27,2713,0.006306514609605074,,,,,
27,2714,0.1282738745212555,,,,,
27,2715,0.037485431879758835,,,,,
27,2716,0.006488780956715345,,,,,
27,2717,0.008695830591022968,,,,,
27,2718,0.011413185857236385,,,,,
27,2719,0.011401375755667686,,,,,
27,2720,0.037482649087905884,,,,,
27,2721,0.042889028787612915,,,,,
27,2722,0.04397822171449661,,,,,
27,2723,0.002300123916938901,,,,,
27,2724,0.01131944078952074,,,,,
27,2725,0.04711674526333809,,,,,
27,2726,0.0006881772424094379,,,,,
27,2727,0.014492210932075977,,,,,
27,2728,0.01038313191384077,,,,,
27,2729,0.01994854211807251,,,,,
27,2730,0.03611389920115471,,,,,
27,2731,0.012662477791309357,,,,,
27,2732,0.11119699478149414,,,,,
27,2733,0.018782269209623337,,,,,
27,2734,0.0646771639585495,,,,,
27,2735,0.008831525221467018,,,,,
27,2736,0.0003420799330342561,,,,,
27,2737,0.00032200859277509153,,,,,
27,2738,0.054323576390743256,,,,,
27,2739,0.001701552071608603,,,,,
27,2740,0.005605598445981741,,,,,
27,2741,0.015295221470296383,,,,,
27,2742,0.0007431633421219885,,,,,
27,2743,0.09851391613483429,,,,,
27,2744,0.0028687792364507914,,,,,
27,2745,0.14597633481025696,,,,,
27,2746,0.13567765057086945,,,,,
27,2747,0.04810291901230812,,,,,
27,2748,0.028694722801446915,,,,,
27,2749,0.0015671022702008486,,,,,
27,2750,0.0032777306623756886,,,,,
27,2751,0.0008446009014733136,,,,,
27,2752,0.08288934081792831,,,,,
27,2753,0.004366286098957062,,,,,
27,2754,0.002202780218794942,,,,,
27,2755,0.05345936492085457,,,,,
27,2756,0.000331460585584864,,,,,
27,2757,0.06204298883676529,,,,,
27,2758,0.007089052814990282,,,,,
27,2759,0.04592723026871681,,,,,
27,2760,0.0026287531945854425,,,,,
27,2761,0.00044546835124492645,,,,,
27,2762,0.049600750207901,,,,,
27,2763,0.0008136746473610401,,,,,
27,2764,0.029399974271655083,,,,,
27,2765,0.02654501236975193,,,,,
27,2766,0.003983278758823872,,,,,
27,2767,0.0017085460713133216,,,,,
27,2768,0.034897129982709885,,,,,
27,2769,0.001784419291652739,,,,,
27,2770,0.003915120381861925,,,,,
27,2771,0.02153981849551201,,,,,
,2673,,0.00040146318497136235,,,,
,2674,,0.00028043301426805556,,,,
,2675,,9.51766996877268e-05,,,,
,2676,,0.5041522979736328,,,,
,2677,,0.3688058853149414,,,,
,2678,,0.023161353543400764,,,,
,2679,,0.0005363455857150257,,,,
,2680,,0.00011591870861593634,,,,
,2681,,4.891270509688184e-05,,,,
,2682,,0.0001576318172737956,,,,
,2683,,5.660785609507002e-05,,,,
,2684,,8.49819989525713e-05,,,,
,2685,,0.0724334791302681,,,,
,2686,,5.000985765946098e-05,,,,
,2687,,5.5230433645192534e-05,,,,
,2688,,0.00018052042287308723,,,,
,2689,,0.00015905611508060247,,,,
,2690,,4.1377243178430945e-05,,,,
,2691,,6.677748024230823e-05,,,,
,2692,,0.0003941661270800978,,,,
,2693,,0.09161588549613953,,,,
,2694,,0.00038956914795562625,,,,
,2695,,0.0004389738314785063,,,,
,2696,,0.0008446284919045866,,,,
,2697,,0.0004890182754024863,,,,
,2698,,0.0007224252331070602,,,,
,2699,,9.974464774131775e-05,,,,
,2700,,7.96477179392241e-05,,,,
,2701,,0.05993196368217468,,,,
,2702,,0.4302876591682434,,,,
,2703,,0.00477153854444623,,,,
,2704,,0.007649619597941637,,,,
,2705,,0.0003858934505842626,,,,
,2706,,4.602241824613884e-05,,,,
,2707,,3.567218664102256e-05,,,,
,2708,,0.0002562315494287759,,,,
,2709,,0.1531738042831421,,,,
,2710,,7.743066817056388e-05,,,,
,2711,,0.0004056348407175392,,,,
,2712,,9.002835577121004e-05,,,,
,2713,,6.38878409517929e-05,,,,
,2714,,0.00013111352745909244,,,,
,2715,,6.0194419347681105e-05,,,,
,2716,,0.00011625353363342583,,,,
,2717,,9.743602277012542e-05,,,,
,2718,,0.0003996488230768591,,,,
,2719,,0.0001465997629566118,,,,
,2720,,0.00037493478157557547,,,,
,2721,,0.00020575079543050379,,,,
,2722,,9.071995737031102e-05,,,,
,2723,,0.0008620971930213273,,,,
,2724,,0.0005849074805155396,,,,
,2725,,0.07561672478914261,,,,
,2726,,0.1428900808095932,,,,
,2727,,0.00026266765780746937,,,,
,2728,,0.5434258580207825,,,,
,2729,,0.0037449307274073362,,,,
,2730,,0.005874298512935638,,,,
,2731,,0.0002180168085033074,,,,
,2732,,3.861568256979808e-05,,,,
,2733,,0.11326862126588821,,,,
,2734,,0.00026715148123912513,,,,
,2735,,0.00010008199751609936,,,,
,2736,,0.0004468832048587501,,,,
,2737,,0.0001106051859096624,,,,
,2738,,5.332113869371824e-05,,,,
,2739,,8.023304690141231e-05,,,,
,2740,,6.10231509199366e-05,,,,
,2741,,0.1094277873635292,,,,
,2742,,0.0001026625614031218,,,,
,2743,,0.0002170920342905447,,,,
,2744,,0.0002400378871243447,,,,
,2745,,0.00015485128096770495,,,,
,2746,,0.0002772852312773466,,,,
,2747,,0.42704716324806213,,,,
,2748,,6.243580719456077e-05,,,,
,2749,,0.139983132481575,,,,
,2750,,0.0005871561588719487,,,,
,2751,,0.0031906096264719963,,,,
,2752,,8.998606790555641e-05,,,,
,2753,,0.0002734715526457876,,,,
,2754,,0.3951408267021179,,,,
,2755,,0.005077275447547436,,,,
,2756,,0.00860352162271738,,,,
,2757,,0.081452377140522,,,,
,2758,,3.6961901059839875e-05,,,,
,2759,,2.661288635863457e-05,,,,
,2760,,0.13301458954811096,,,,
,2761,,0.0001116440980695188,,,,
,2762,,0.0004473057924769819,,,,
,2763,,0.00011620522127486765,,,,
,2764,,2.613351898617111e-05,,,,
,2765,,0.13048799335956573,,,,
,2766,,0.0003017667622771114,,,,
,2767,,4.743675890495069e-05,,,,
,2768,,0.0016398027073591948,,,,
,2769,,0.00034163272357545793,,,,
,2770,,0.00022864184575155377,,,,
,2771,,0.00014555835514329374,,,,
27,2771,,,0.040924862027168274,,,
27,2771,,,,0.8181818127632141,0.9292929172515869,0.038206204771995544
28,2772,0.0028968206606805325,,,,,
28,2773,0.0012456735130399466,,,,,
28,2774,0.0003311139007564634,,,,,
28,2775,0.0034257324878126383,,,,,
28,2776,0.0016352005768567324,,,,,
28,2777,0.0012481759767979383,,,,,
28,2778,0.014147013425827026,,,,,
28,2779,0.1424466222524643,,,,,
28,2780,0.12466766685247421,,,,,
28,2781,0.0019915923476219177,,,,,
28,2782,0.00010078863851958886,,,,,
28,2783,0.0018932714592665434,,,,,
28,2784,0.0001665000745560974,,,,,
28,2785,0.031050097197294235,,,,,
28,2786,0.12189868092536926,,,,,
28,2787,0.05515283718705177,,,,,
28,2788,0.0783911868929863,,,,,
28,2789,0.0003775358491111547,,,,,
28,2790,0.10154622793197632,,,,,
28,2791,0.0012716854689642787,,,,,
28,2792,0.06758598238229752,,,,,
28,2793,0.034243714064359665,,,,,
28,2794,0.000498844834510237,,,,,
28,2795,0.04079408198595047,,,,,
28,2796,0.02197735570371151,,,,,
28,2797,0.12548288702964783,,,,,
28,2798,0.06354591995477676,,,,,
28,2799,0.0031081296037882566,,,,,
28,2800,0.0029395592864602804,,,,,
28,2801,0.039115093648433685,,,,,
28,2802,0.006071749143302441,,,,,
28,2803,0.026447158306837082,,,,,
28,2804,0.010382534004747868,,,,,
28,2805,0.007370186038315296,,,,,
28,2806,0.039774518460035324,,,,,
28,2807,0.03675065189599991,,,,,
28,2808,0.018787318840622902,,,,,
28,2809,0.12058261781930923,,,,,
28,2810,0.02332247421145439,,,,,
28,2811,0.0009215091122314334,,,,,
28,2812,0.002286885865032673,,,,,
28,2813,0.04485495388507843,,,,,
28,2814,0.014378929510712624,,,,,
28,2815,0.08301897346973419,,,,,
28,2816,0.017955543473362923,,,,,
28,2817,0.003715041559189558,,,,,
28,2818,0.061853423714637756,,,,,
28,2819,0.010338546708226204,,,,,
28,2820,0.005915374029427767,,,,,
28,2821,0.036829493939876556,,,,,
28,2822,0.023189185187220573,,,,,
28,2823,0.0011207213392481208,,,,,
28,2824,0.009499235078692436,,,,,
28,2825,0.0034629609435796738,,,,,
28,2826,0.0023860856890678406,,,,,
28,2827,0.0016911287093535066,,,,,
28,2828,0.02111857756972313,,,,,
28,2829,0.0017760267946869135,,,,,
28,2830,0.017212476581335068,,,,,
28,2831,0.003957529552280903,,,,,
28,2832,0.007955110631883144,,,,,
28,2833,0.009158567525446415,,,,,
28,2834,0.003307927865535021,,,,,
28,2835,0.009489355608820915,,,,,
28,2836,0.0003387300530448556,,,,,
28,2837,0.00032070663291960955,,,,,
28,2838,0.04819751903414726,,,,,
28,2839,0.018898507580161095,,,,,
28,2840,0.00023760290059726685,,,,,
28,2841,0.0013447648379951715,,,,,
28,2842,0.0023396338801831007,,,,,
28,2843,0.06369468569755554,,,,,
28,2844,0.004237814340740442,,,,,
28,2845,0.04945513233542442,,,,,
28,2846,0.026179654523730278,,,,,
28,2847,0.001531819230876863,,,,,
28,2848,0.0011132812360301614,,,,,
28,2849,0.04741649329662323,,,,,
28,2850,0.00010693650256143883,,,,,
28,2851,0.0019735251553356647,,,,,
28,2852,0.0020666937343776226,,,,,
28,2853,0.06857410073280334,,,,,
28,2854,0.2333555370569229,,,,,
28,2855,0.0015959563897922635,,,,,
28,2856,0.0937165692448616,,,,,
28,2857,0.00045113812666386366,,,,,
28,2858,0.0063964142464101315,,,,,
28,2859,0.36796289682388306,,,,,
28,2860,0.005742226727306843,,,,,
28,2861,0.0662427768111229,,,,,
28,2862,0.0012519753072410822,,,,,
28,2863,0.003935246728360653,,,,,
28,2864,0.0007676944369450212,,,,,
28,2865,0.0022518234327435493,,,,,
28,2866,0.001426234724931419,,,,,
28,2867,0.06890252977609634,,,,,
28,2868,0.010183536447584629,,,,,
28,2869,0.01564914733171463,,,,,
28,2870,0.013606918975710869,,,,,
,2772,,0.0004012472927570343,,,,
,2773,,0.0029937182553112507,,,,
,2774,,0.00037868981598876417,,,,
,2775,,0.30353420972824097,,,,
,2776,,0.2526819705963135,,,,
,2777,,0.0015259725041687489,,,,
,2778,,0.00821699295192957,,,,
,2779,,0.001016366994008422,,,,
,2780,,0.0004429731925483793,,,,
,2781,,0.00521927559748292,,,,
,2782,,0.0005188731593079865,,,,
,2783,,0.0005461020045913756,,,,
,2784,,0.030445372685790062,,,,
,2785,,0.000362719118129462,,,,
,2786,,0.000515168474521488,,,,
,2787,,0.0014358777552843094,,,,
,2788,,0.004741399083286524,,,,
,2789,,0.00028052073321305215,,,,
,2790,,0.00039479375118389726,,,,
,2791,,0.004592821467667818,,,,
,2792,,0.036098696291446686,,,,
,2793,,0.000411586748668924,,,,
,2794,,0.004833981394767761,,,,
,2795,,0.005162178538739681,,,,
,2796,,0.000585266447160393,,,,
,2797,,0.00036037492100149393,,,,
,2798,,0.0005125458701513708,,,,
,2799,,0.0005728394608013332,,,,
,2800,,0.03056655451655388,,,,
,2801,,0.2174137979745865,,,,
,2802,,0.0014040686655789614,,,,
,2803,,0.0024439538829028606,,,,
,2804,,0.007141034584492445,,,,
,2805,,0.00036826456198468804,,,,
,2806,,0.000449870596639812,,,,
,2807,,0.004362754989415407,,,,
,2808,,0.051148559898138046,,,,
,2809,,0.0006363810389302671,,,,
,2810,,0.0003584055230021477,,,,
,2811,,0.0007066770340315998,,,,
,2812,,0.0004922255757264793,,,,
,2813,,0.00033293504384346306,,,,
,2814,,0.00045433969353325665,,,,
,2815,,0.00047642996651120484,,,,
,2816,,0.0013333492679521441,,,,
,2817,,0.005125691648572683,,,,
,2818,,0.0002610099909361452,,,,
,2819,,0.001131026423536241,,,,
,2820,,0.0038621025159955025,,,,
,2821,,0.0002843685506377369,,,,
,2822,,0.00046667116112075746,,,,
,2823,,0.005788078997284174,,,,
,2824,,0.03558583930134773,,,,
,2825,,0.05826347693800926,,,,
,2826,,0.00029471275047399104,,,,
,2827,,0.2973672151565552,,,,
,2828,,0.0019162740791216493,,,,
,2829,,0.0018590425606817007,,,,
,2830,,0.006840759888291359,,,,
,2831,,0.0003583066281862557,,,,
,2832,,0.03925931453704834,,,,
,2833,,0.005000540520995855,,,,
,2834,,0.00020424788817763329,,,,
,2835,,0.0010811564279720187,,,,
,2836,,0.0027954610995948315,,,,
,2837,,0.00021332039614208043,,,,
,2838,,0.0006009918288327754,,,,
,2839,,0.0003459920408204198,,,,
,2840,,0.03172389417886734,,,,
,2841,,0.0005971655482426286,,,,
,2842,,0.0002937925746664405,,,,
,2843,,0.0008753617876209319,,,,
,2844,,0.0005260249017737806,,,,
,2845,,0.0003445764596108347,,,,
,2846,,0.2932780981063843,,,,
,2847,,0.0004439209005795419,,,,
,2848,,0.04454576596617699,,,,
,2849,,0.00641261599957943,,,,
,2850,,0.002418611431494355,,,,
,2851,,0.0006888262578286231,,,,
,2852,,0.0009903025347739458,,,,
,2853,,0.25172650814056396,,,,
,2854,,0.0023792963474988937,,,,
,2855,,0.001604275545105338,,,,
,2856,,0.02553350292146206,,,,
,2857,,0.0005753515870310366,,,,
,2858,,0.00026425012038089335,,,,
,2859,,0.0986175686120987,,,,
,2860,,0.0007212599739432335,,,,
,2861,,0.0004663465660996735,,,,
,2862,,0.003125828690826893,,,,
,2863,,0.00032716820714995265,,,,
,2864,,0.03998466208577156,,,,
,2865,,0.005437816027551889,,,,
,2866,,0.00025915817241184413,,,,
,2867,,0.021437790244817734,,,,
,2868,,0.0009020146680995822,,,,
,2869,,0.00046801441931165755,,,,
,2870,,0.0005684485659003258,,,,
28,2870,,,0.0231850054115057,,,
28,2870,,,,0.8383838534355164,0.939393937587738,0.03033863939344883
29,2871,0.006997072137892246,,,,,
29,2872,0.008902108296751976,,,,,
29,2873,0.008368143811821938,,,,,
29,2874,0.09014485776424408,,,,,
29,2875,0.03667091578245163,,,,,
29,2876,0.011315838433802128,,,,,
29,2877,0.003077161032706499,,,,,
29,2878,0.02184658870100975,,,,,
29,2879,0.028917090967297554,,,,,
29,2880,0.014029378071427345,,,,,
29,2881,0.0035819406621158123,,,,,
29,2882,0.0075330911204218864,,,,,
29,2883,0.012671811506152153,,,,,
29,2884,0.004907109308987856,,,,,
29,2885,0.01363447681069374,,,,,
29,2886,0.02138899266719818,,,,,
29,2887,0.005693715065717697,,,,,
29,2888,0.009708686731755733,,,,,
29,2889,0.005863683298230171,,,,,
29,2890,0.006989533547312021,,,,,
29,2891,0.02416456863284111,,,,,
29,2892,0.01809650845825672,,,,,
29,2893,0.0014619980938732624,,,,,
29,2894,0.10704443603754044,,,,,
29,2895,0.0033494378440082073,,,,,
29,2896,0.02817022241652012,,,,,
29,2897,0.0028933549765497446,,,,,
29,2898,0.016132906079292297,,,,,
29,2899,0.004547076765447855,,,,,
29,2900,0.004120452795177698,,,,,
29,2901,0.05270163342356682,,,,,
29,2902,0.001407619216479361,,,,,
29,2903,0.005790612194687128,,,,,
29,2904,0.005102458409965038,,,,,
29,2905,0.005437255371361971,,,,,
29,2906,0.012550918385386467,,,,,
29,2907,0.038452520966529846,,,,,
29,2908,0.014321671798825264,,,,,
29,2909,0.0009465236216783524,,,,,
29,2910,0.0009313252521678805,,,,,
29,2911,0.003356396919116378,,,,,
29,2912,0.043016403913497925,,,,,
29,2913,0.003074169624596834,,,,,
29,2914,0.00016543590754736215,,,,,
29,2915,0.00016619257803540677,,,,,
29,2916,0.001548931235447526,,,,,
29,2917,0.001346404547803104,,,,,
29,2918,0.0003685800766106695,,,,,
29,2919,0.0030293413437902927,,,,,
29,2920,0.00511051993817091,,,,,
29,2921,0.008511421270668507,,,,,
29,2922,0.010890789330005646,,,,,
29,2923,0.06201193109154701,,,,,
29,2924,0.00291044102050364,,,,,
29,2925,0.01453770324587822,,,,,
29,2926,0.0008868281729519367,,,,,
29,2927,0.021565357223153114,,,,,
29,2928,0.004331705626100302,,,,,
29,2929,0.01837466098368168,,,,,
29,2930,0.0011769314296543598,,,,,
29,2931,0.0008704076171852648,,,,,
29,2932,0.002612489741295576,,,,,
29,2933,0.029501942917704582,,,,,
29,2934,0.0008321009809151292,,,,,
29,2935,0.2122778445482254,,,,,
29,2936,0.008507544174790382,,,,,
29,2937,0.6187921762466431,,,,,
29,2938,0.0005206494242884219,,,,,
29,2939,0.00014611285587307066,,,,,
29,2940,0.0008721671183593571,,,,,
29,2941,0.002762608230113983,,,,,
29,2942,0.00326528400182724,,,,,
29,2943,0.00022798252757638693,,,,,
29,2944,0.004276926163583994,,,,,
29,2945,0.003053633263334632,,,,,
29,2946,0.06662311404943466,,,,,
29,2947,0.002127292798832059,,,,,
29,2948,0.02606334164738655,,,,,
29,2949,0.0009190481505356729,,,,,
29,2950,0.08519622683525085,,,,,
29,2951,0.29426151514053345,,,,,
29,2952,0.0009346139268018305,,,,,
29,2953,0.0026008414570242167,,,,,
29,2954,0.00556918466463685,,,,,
29,2955,0.013133709318935871,,,,,
29,2956,0.0017389369895681739,,,,,
29,2957,0.0031981784850358963,,,,,
29,2958,0.009512729942798615,,,,,
29,2959,0.019839564338326454,,,,,
29,2960,0.02306138165295124,,,,,
29,2961,0.042461592704057693,,,,,
29,2962,0.007136875297874212,,,,,
29,2963,0.005102884955704212,,,,,
29,2964,0.03929254412651062,,,,,
29,2965,0.010310200043022633,,,,,
29,2966,0.15769946575164795,,,,,
29,2967,0.019174855202436447,,,,,
29,2968,0.02285986952483654,,,,,
29,2969,0.0022855207789689302,,,,,
,2871,,0.0014456091448664665,,,,
,2872,,0.0017352730501443148,,,,
,2873,,0.00013691437197849154,,,,
,2874,,0.40010374784469604,,,,
,2875,,0.28964030742645264,,,,
,2876,,0.015087256208062172,,,,
,2877,,0.02938578464090824,,,,
,2878,,0.0008663514745421708,,,,
,2879,,0.00112484663259238,,,,
,2880,,0.01584184542298317,,,,
,2881,,0.00012994308781344444,,,,
,2882,,0.000565185328014195,,,,
,2883,,0.003700199304148555,,,,
,2884,,8.16005194792524e-05,,,,
,2885,,0.0001634853979339823,,,,
,2886,,0.0005640359595417976,,,,
,2887,,0.013975045643746853,,,,
,2888,,0.0007502116495743394,,,,
,2889,,0.000278689491096884,,,,
,2890,,0.012059008702635765,,,,
,2891,,0.004048108123242855,,,,
,2892,,0.0003401940339244902,,,,
,2893,,0.016797220334410667,,,,
,2894,,0.003320827381685376,,,,
,2895,,0.0002417288051219657,,,,
,2896,,0.001597728580236435,,,,
,2897,,8.357471961062402e-05,,,,
,2898,,0.0002662676270119846,,,,
,2899,,0.002732596592977643,,,,
,2900,,0.30564597249031067,,,,
,2901,,0.008687423542141914,,,,
,2902,,0.005019498057663441,,,,
,2903,,0.021551119163632393,,,,
,2904,,0.0012066238559782505,,,,
,2905,,9.494655387243256e-05,,,,
,2906,,0.013066817075014114,,,,
,2907,,0.006416690070182085,,,,
,2908,,0.0002820214140228927,,,,
,2909,,0.0006932619726285338,,,,
,2910,,0.00029848222038708627,,,,
,2911,,0.00013679460971616209,,,,
,2912,,0.0007493008160963655,,,,
,2913,,0.00011316107702441514,,,,
,2914,,0.00021428856416605413,,,,
,2915,,0.00037506772787310183,,,,
,2916,,0.014098607003688812,,,,
,2917,,9.746782598085701e-05,,,,
,2918,,0.0009077525464817882,,,,
,2919,,0.008978687226772308,,,,
,2920,,0.0004726210027001798,,,,
,2921,,0.0002163076715078205,,,,
,2922,,0.016951346769928932,,,,
,2923,,0.003497892525047064,,,,
,2924,,0.008517679758369923,,,,
,2925,,0.0001381236652377993,,,,
,2926,,0.3337017595767975,,,,
,2927,,0.035180285573005676,,,,
,2928,,0.018827123567461967,,,,
,2929,,0.01959194242954254,,,,
,2930,,0.00024004079750739038,,,,
,2931,,0.004555525723844767,,,,
,2932,,0.01814446412026882,,,,
,2933,,0.00021480467694345862,,,,
,2934,,0.0014628228964284062,,,,
,2935,,0.00728369178250432,,,,
,2936,,0.0004371680843178183,,,,
,2937,,0.0002595940313767642,,,,
,2938,,0.00034786731703206897,,,,
,2939,,0.004103862214833498,,,,
,2940,,0.00040109592373482883,,,,
,2941,,0.0004784629272762686,,,,
,2942,,0.0007159507949836552,,,,
,2943,,0.00048827118007466197,,,,
,2944,,0.0012171966955065727,,,,
,2945,,0.34215569496154785,,,,
,2946,,0.00013487302931025624,,,,
,2947,,0.00487232580780983,,,,
,2948,,0.02460406720638275,,,,
,2949,,0.003247117390856147,,,,
,2950,,0.0003924444317817688,,,,
,2951,,0.0007629134925082326,,,,
,2952,,0.25278544425964355,,,,
,2953,,0.01673632301390171,,,,
,2954,,0.017542323097586632,,,,
,2955,,0.003054611384868622,,,,
,2956,,0.00010391997057013214,,,,
,2957,,0.00010528808343224227,,,,
,2958,,0.19240248203277588,,,,
,2959,,0.00028104777447879314,,,,
,2960,,0.001035449793562293,,,,
,2961,,0.006983347702771425,,,,
,2962,,9.156057058135048e-05,,,,
,2963,,0.004653695039451122,,,,
,2964,,0.01686903089284897,,,,
,2965,,0.0002133061789209023,,,,
,2966,,0.05566192418336868,,,,
,2967,,0.0005161124281585217,,,,
,2968,,0.0006962683983147144,,,,
,2969,,0.000399313896195963,,,,
29,2969,,,0.026560049504041672,,,
29,2969,,,,0.9090909361839294,0.9090909361839294,0.026523927226662636
