csv-train_loss_step,csv-epoch,step,csv-val_loss_step,csv-val_loss_epoch,csv-train_loss_epoch,csv-accuracy/exact,csv-accuracy/validator
2.4445948600769043,0,0,,,,,
4.434194087982178,0,1,,,,,
3.2038981914520264,0,2,,,,,
2.9781877994537354,0,3,,,,,
2.5555994510650635,0,4,,,,,
3.0139715671539307,0,5,,,,,
3.6019484996795654,0,6,,,,,
3.203688859939575,0,7,,,,,
2.1109182834625244,0,8,,,,,
3.7186062335968018,0,9,,,,,
3.2302942276000977,0,10,,,,,
2.3503849506378174,0,11,,,,,
2.1416397094726562,0,12,,,,,
3.367873430252075,0,13,,,,,
3.230518102645874,0,14,,,,,
1.6995998620986938,0,15,,,,,
1.5621784925460815,0,16,,,,,
2.429786205291748,0,17,,,,,
2.3036012649536133,0,18,,,,,
2.2186174392700195,0,19,,,,,
3.036677122116089,0,20,,,,,
2.4410080909729004,0,21,,,,,
3.284975051879883,0,22,,,,,
2.713437795639038,0,23,,,,,
2.253549098968506,0,24,,,,,
1.8910824060440063,0,25,,,,,
1.741255283355713,0,26,,,,,
2.3269124031066895,0,27,,,,,
2.573638439178467,0,28,,,,,
2.408393144607544,0,29,,,,,
2.862663507461548,0,30,,,,,
1.9142320156097412,0,31,,,,,
2.6701571941375732,0,32,,,,,
2.4978713989257812,0,33,,,,,
1.5335191488265991,0,34,,,,,
2.2059476375579834,0,35,,,,,
2.8514626026153564,0,36,,,,,
2.4255387783050537,0,37,,,,,
2.5686047077178955,0,38,,,,,
2.456617832183838,0,39,,,,,
1.6966197490692139,0,40,,,,,
1.8194365501403809,0,41,,,,,
1.8444756269454956,0,42,,,,,
1.526492953300476,0,43,,,,,
1.8899520635604858,0,44,,,,,
1.6186505556106567,0,45,,,,,
1.550376057624817,0,46,,,,,
1.6547273397445679,0,47,,,,,
1.948756456375122,0,48,,,,,
1.9027204513549805,0,49,,,,,
1.7149302959442139,0,50,,,,,
1.8644317388534546,0,51,,,,,
1.1753970384597778,0,52,,,,,
2.664076566696167,0,53,,,,,
1.565230131149292,0,54,,,,,
1.3856052160263062,0,55,,,,,
2.556123971939087,0,56,,,,,
1.4885433912277222,0,57,,,,,
1.793514609336853,0,58,,,,,
1.4782404899597168,0,59,,,,,
1.358445167541504,0,60,,,,,
1.4551156759262085,0,61,,,,,
1.151955246925354,0,62,,,,,
1.5381394624710083,0,63,,,,,
1.3991752862930298,0,64,,,,,
1.2711036205291748,0,65,,,,,
1.9579709768295288,0,66,,,,,
1.2138046026229858,0,67,,,,,
1.1138219833374023,0,68,,,,,
1.4026398658752441,0,69,,,,,
1.383985161781311,0,70,,,,,
1.5300089120864868,0,71,,,,,
1.2611511945724487,0,72,,,,,
1.8899990320205688,0,73,,,,,
2.7258527278900146,0,74,,,,,
1.4160133600234985,0,75,,,,,
1.050655722618103,0,76,,,,,
1.4295562505722046,0,77,,,,,
1.0873723030090332,0,78,,,,,
1.2327765226364136,0,79,,,,,
0.8527477979660034,0,80,,,,,
1.1480196714401245,0,81,,,,,
1.151193380355835,0,82,,,,,
1.3038909435272217,0,83,,,,,
1.26206374168396,0,84,,,,,
1.1488111019134521,0,85,,,,,
1.2733389139175415,0,86,,,,,
1.4353759288787842,0,87,,,,,
1.1693974733352661,0,88,,,,,
1.034806251525879,0,89,,,,,
1.118018388748169,0,90,,,,,
1.1659436225891113,0,91,,,,,
1.0471853017807007,0,92,,,,,
1.068607211112976,0,93,,,,,
1.115342140197754,0,94,,,,,
1.1869338750839233,0,95,,,,,
1.0858081579208374,0,96,,,,,
1.1307611465454102,0,97,,,,,
1.101699709892273,0,98,,,,,
1.071691632270813,0,99,,,,,
1.4648334980010986,0,100,,,,,
1.2796341180801392,0,101,,,,,
1.1102699041366577,0,102,,,,,
0.9933246374130249,0,103,,,,,
1.5226504802703857,0,104,,,,,
0.975314199924469,0,105,,,,,
1.0679136514663696,0,106,,,,,
1.0006979703903198,0,107,,,,,
0.9346331357955933,0,108,,,,,
1.4472297430038452,0,109,,,,,
1.1762982606887817,0,110,,,,,
1.454114556312561,0,111,,,,,
1.05284583568573,0,112,,,,,
0.6532189249992371,0,113,,,,,
0.9857954978942871,0,114,,,,,
1.1021100282669067,0,115,,,,,
1.3072916269302368,0,116,,,,,
0.9499196410179138,0,117,,,,,
1.1152374744415283,0,118,,,,,
0.7422165274620056,0,119,,,,,
1.1787540912628174,0,120,,,,,
0.928803563117981,0,121,,,,,
0.9950322508811951,0,122,,,,,
0.9748473167419434,0,123,,,,,
1.019030213356018,0,124,,,,,
1.049176573753357,0,125,,,,,
1.346013069152832,0,126,,,,,
1.0729938745498657,0,127,,,,,
1.2058775424957275,0,128,,,,,
0.8806704878807068,0,129,,,,,
1.3470805883407593,0,130,,,,,
0.9124262928962708,0,131,,,,,
1.1103882789611816,0,132,,,,,
0.8605443835258484,0,133,,,,,
1.3077722787857056,0,134,,,,,
0.937290370464325,0,135,,,,,
1.0216106176376343,0,136,,,,,
1.1722110509872437,0,137,,,,,
1.1199973821640015,0,138,,,,,
1.1357685327529907,0,139,,,,,
1.117124319076538,0,140,,,,,
1.0773602724075317,0,141,,,,,
0.8809621930122375,0,142,,,,,
1.0486469268798828,0,143,,,,,
0.8499516248703003,0,144,,,,,
1.0269967317581177,0,145,,,,,
0.9182133674621582,0,146,,,,,
0.8436148166656494,0,147,,,,,
0.9788102507591248,0,148,,,,,
0.8575094938278198,0,149,,,,,
0.8939107656478882,0,150,,,,,
0.8247613310813904,0,151,,,,,
1.0562212467193604,0,152,,,,,
0.7384948134422302,0,153,,,,,
1.1901743412017822,0,154,,,,,
0.8555999398231506,0,155,,,,,
0.7960106134414673,0,156,,,,,
0.6871368288993835,0,157,,,,,
0.8497723340988159,0,158,,,,,
1.196474313735962,0,159,,,,,
0.7513046860694885,0,160,,,,,
0.8755408525466919,0,161,,,,,
0.6670412421226501,0,162,,,,,
0.9247630834579468,0,163,,,,,
0.791102945804596,0,164,,,,,
0.9091189503669739,0,165,,,,,
0.9336891174316406,0,166,,,,,
0.7492793798446655,0,167,,,,,
0.953100323677063,0,168,,,,,
0.8234437108039856,0,169,,,,,
0.7696240544319153,0,170,,,,,
0.6975546479225159,0,171,,,,,
0.8512053489685059,0,172,,,,,
0.8886005878448486,0,173,,,,,
1.0763732194900513,0,174,,,,,
0.8967166543006897,0,175,,,,,
0.7457121014595032,0,176,,,,,
0.9069235920906067,0,177,,,,,
0.9519684314727783,0,178,,,,,
0.837491512298584,0,179,,,,,
0.46610474586486816,0,180,,,,,
0.6724230647087097,0,181,,,,,
0.7273669242858887,0,182,,,,,
0.7625933885574341,0,183,,,,,
1.0484132766723633,0,184,,,,,
0.602596640586853,0,185,,,,,
0.9467952847480774,0,186,,,,,
0.5296540260314941,0,187,,,,,
0.8446502685546875,0,188,,,,,
1.0841903686523438,0,189,,,,,
1.0065786838531494,0,190,,,,,
0.8675079345703125,0,191,,,,,
0.7557163238525391,0,192,,,,,
0.8379340171813965,0,193,,,,,
0.7309440970420837,0,194,,,,,
0.8125104308128357,0,195,,,,,
0.764284610748291,0,196,,,,,
0.9655376672744751,0,197,,,,,
0.7383055090904236,0,198,,,,,
,,0,0.5280913710594177,,,,
,,1,0.5099197626113892,,,,
,,2,0.5099197626113892,,,,
,,3,0.5509963035583496,,,,
,,4,0.5796985030174255,,,,
,,5,0.5796985030174255,,,,
,,6,0.5796985030174255,,,,
,,7,0.49471578001976013,,,,
,,8,0.5790393948554993,,,,
,,9,0.5790393948554993,,,,
,,10,0.5583652853965759,,,,
,,11,0.5835736989974976,,,,
,,12,0.5835736989974976,,,,
,,13,0.4558342397212982,,,,
,,14,0.46989259123802185,,,,
,,15,0.46989259123802185,,,,
,,16,0.520025908946991,,,,
,,17,0.4381670653820038,,,,
,,18,0.4381670653820038,,,,
,,19,0.4550558626651764,,,,
,,20,0.3996756374835968,,,,
,,21,0.5290672779083252,,,,
,,22,0.5290672779083252,,,,
,,23,0.5089468955993652,,,,
,,24,0.5513352751731873,,,,
,,25,0.5513352751731873,,,,
,,26,0.45240092277526855,,,,
,,27,0.5047582387924194,,,,
,,28,0.5047582387924194,,,,
,,29,0.47515785694122314,,,,
,,30,0.4770044982433319,,,,
,,31,0.4494495391845703,,,,
,,32,0.4494495391845703,,,,
,,33,0.4104654788970947,,,,
,,34,0.4292616546154022,,,,
,,35,0.4292616546154022,,,,
,,36,0.47883278131484985,,,,
,,37,0.47883278131484985,,,,
,,38,0.47883278131484985,,,,
,,39,0.4369669556617737,,,,
,,40,0.6003040075302124,,,,
,,41,0.6003040075302124,,,,
,,42,0.5345354676246643,,,,
,,43,0.5203096270561218,,,,
,,44,0.5203096270561218,,,,
,,45,0.39502519369125366,,,,
,,46,0.40592294931411743,,,,
,,47,0.4414617419242859,,,,
,,48,0.40592294931411743,,,,
,,49,0.5405824780464172,,,,
,,50,0.4233168661594391,,,,
,,51,0.4233168661594391,,,,
,,52,0.47683653235435486,,,,
,,53,0.5944302082061768,,,,
,,54,0.5944302082061768,,,,
,,55,0.5591303110122681,,,,
,,56,0.5813313126564026,,,,
,,57,0.5813313126564026,,,,
,,58,0.48184734582901,,,,
,,59,0.5897547006607056,,,,
,,60,0.5897547006607056,,,,
,,61,0.5999985337257385,,,,
,,62,0.4436982572078705,,,,
,,63,0.4436982572078705,,,,
,,64,0.46785587072372437,,,,
,,65,0.45605260133743286,,,,
,,66,0.45921292901039124,,,,
,,67,0.45921292901039124,,,,
,,68,0.5857425332069397,,,,
,,69,0.5857425332069397,,,,
,,70,0.5857425332069397,,,,
,,71,0.45260706543922424,,,,
,,72,0.49048304557800293,,,,
,,73,0.594241201877594,,,,
,,74,0.594241201877594,,,,
,,75,0.5402108430862427,,,,
,,76,0.5272560119628906,,,,
,,77,0.5272560119628906,,,,
,,78,0.4493388235569,,,,
,,79,0.4785778820514679,,,,
,,80,0.4785778820514679,,,,
,,81,0.5242351293563843,,,,
,,82,0.4429578185081482,,,,
,,83,0.4429578185081482,,,,
,,84,0.4293596148490906,,,,
,,85,0.5145915746688843,,,,
,,86,0.5145915746688843,,,,
,,87,0.5337713956832886,,,,
,,88,0.5794942378997803,,,,
,,89,0.5976402163505554,,,,
,,90,0.5794942378997803,,,,
,,91,0.4166712164878845,,,,
,,92,0.5415223240852356,,,,
,,93,0.5415223240852356,,,,
,,94,0.5515674352645874,,,,
,,95,0.4156874716281891,,,,
,,96,0.4156874716281891,,,,
,,97,0.3828054964542389,,,,
,,98,0.3749489188194275,,,,
,,99,0.3749489188194275,,,,
,,100,0.5679203271865845,,,,
,,101,0.5679203271865845,,,,
,,102,0.5679203271865845,,,,
,,103,0.4670198857784271,,,,
,,104,0.6379713416099548,,,,
,,105,0.6379713416099548,,,,
,,106,0.5787971615791321,,,,
,,107,0.5973142385482788,,,,
,,108,0.5409552454948425,,,,
,,109,0.5409552454948425,,,,
,,110,0.4804302752017975,,,,
,,111,0.5075830221176147,,,,
,,112,0.5075830221176147,,,,
,,113,0.57979416847229,,,,
,,114,0.6232336163520813,,,,
,,115,0.4540526568889618,,,,
,,116,0.4540526568889618,,,,
,,117,0.465995192527771,,,,
,,118,0.49875470995903015,,,,
,,119,0.49875470995903015,,,,
,,120,0.5680794715881348,,,,
,,121,0.6079506278038025,,,,
,,122,0.6079506278038025,,,,
,,123,0.4642554223537445,,,,
,,124,0.5463752746582031,,,,
,,125,0.5463752746582031,,,,
,,126,0.49015429615974426,,,,
,,127,0.46759486198425293,,,,
,,128,0.46759486198425293,,,,
,,129,0.4428131580352783,,,,
,,130,0.4816409647464752,,,,
,,131,0.4816409647464752,,,,
,,132,0.5618124604225159,,,,
,,133,0.5020027160644531,,,,
,,134,0.5020027160644531,,,,
,,135,0.5020027160644531,,,,
,,136,0.41802841424942017,,,,
,,137,0.5410509705543518,,,,
,,138,0.5410509705543518,,,,
,,139,0.5030840039253235,,,,
,,140,0.5264425277709961,,,,
,,141,0.5264425277709961,,,,
,,142,0.4423676133155823,,,,
,,143,0.4477258324623108,,,,
,,144,0.4477258324623108,,,,
,,145,0.549705445766449,,,,
,,146,0.4097004532814026,,,,
,,147,0.4097004532814026,,,,
,,148,0.40072908997535706,,,,
,,149,0.8253050446510315,,,,
,,150,0.5436434745788574,,,,
,,151,0.5436434745788574,,,,
,,152,0.570996105670929,,,,
,,153,0.5883021950721741,,,,
,,154,0.5883021950721741,,,,
,,155,0.44174447655677795,,,,
,,156,0.54868483543396,,,,
,,157,0.8984920978546143,,,,
,,158,0.54868483543396,,,,
,,159,0.6051497459411621,,,,
,,160,0.4869033694267273,,,,
,,161,0.4869033694267273,,,,
,,162,0.4883546829223633,,,,
,,163,0.5141481757164001,,,,
,,164,0.5141481757164001,,,,
,,165,0.5997262001037598,,,,
,,166,0.5997262001037598,,,,
,,167,0.5997262001037598,,,,
,,168,0.4722171425819397,,,,
,,169,0.48450174927711487,,,,
,,170,0.48450174927711487,,,,
,,171,0.6002719402313232,,,,
,,172,0.552099347114563,,,,
,,173,0.552099347114563,,,,
,,174,0.4613920748233795,,,,
,,175,0.6745195388793945,,,,
,,176,0.4822668731212616,,,,
,,177,0.4822668731212616,,,,
,,178,0.5168996453285217,,,,
,,179,0.45756053924560547,,,,
,,180,0.45756053924560547,,,,
,,181,0.4433143734931946,,,,
,,182,0.5205304622650146,,,,
,,183,0.5205304622650146,,,,
,,184,0.5202626585960388,,,,
,,185,0.5829350352287292,,,,
,,186,0.5829350352287292,,,,
,,187,0.43704578280448914,,,,
,,188,0.48925328254699707,,,,
,,189,0.48925328254699707,,,,
,,190,0.5125400424003601,,,,
,,191,0.6330109238624573,,,,
,,192,0.4455897808074951,,,,
,,193,0.4455897808074951,,,,
,,194,0.4372933804988861,,,,
,,195,0.43474701046943665,,,,
,,196,0.43474701046943665,,,,
,,197,0.5490465760231018,,,,
,,198,0.5490465760231018,,,,
,0,198,,0.5131655931472778,,,
,0,198,,,1.4376953840255737,0.0,0.0
1.009183645248413,1,199,,,,,
0.7960423231124878,1,200,,,,,
0.8365050554275513,1,201,,,,,
0.8085545897483826,1,202,,,,,
0.7146850824356079,1,203,,,,,
0.8112999200820923,1,204,,,,,
0.6154807209968567,1,205,,,,,
0.7067722082138062,1,206,,,,,
0.6848037242889404,1,207,,,,,
0.9905807971954346,1,208,,,,,
0.6266170740127563,1,209,,,,,
0.5307040214538574,1,210,,,,,
0.9190306663513184,1,211,,,,,
0.7063406705856323,1,212,,,,,
0.9893026947975159,1,213,,,,,
0.7150974869728088,1,214,,,,,
0.8191822171211243,1,215,,,,,
0.7001873254776001,1,216,,,,,
0.9479293823242188,1,217,,,,,
0.6857973337173462,1,218,,,,,
0.7914227247238159,1,219,,,,,
0.8333584666252136,1,220,,,,,
0.5958376526832581,1,221,,,,,
0.7135874629020691,1,222,,,,,
0.5911813974380493,1,223,,,,,
0.7679823040962219,1,224,,,,,
0.9320597052574158,1,225,,,,,
0.7479863166809082,1,226,,,,,
0.6536415815353394,1,227,,,,,
0.46204352378845215,1,228,,,,,
0.6799762845039368,1,229,,,,,
0.5797206163406372,1,230,,,,,
0.40850916504859924,1,231,,,,,
0.8645061254501343,1,232,,,,,
0.4593481123447418,1,233,,,,,
0.6154265999794006,1,234,,,,,
0.5089564919471741,1,235,,,,,
0.7467572093009949,1,236,,,,,
0.47331002354621887,1,237,,,,,
0.6714671850204468,1,238,,,,,
0.514209508895874,1,239,,,,,
0.7165516018867493,1,240,,,,,
0.6438111662864685,1,241,,,,,
0.7136070132255554,1,242,,,,,
0.45912304520606995,1,243,,,,,
0.7974435687065125,1,244,,,,,
0.4813324511051178,1,245,,,,,
1.0990949869155884,1,246,,,,,
0.6389234662055969,1,247,,,,,
0.37331944704055786,1,248,,,,,
0.5467881560325623,1,249,,,,,
0.9585285782814026,1,250,,,,,
0.6391449570655823,1,251,,,,,
0.4485829472541809,1,252,,,,,
0.6278201937675476,1,253,,,,,
1.1694635152816772,1,254,,,,,
0.6143266558647156,1,255,,,,,
0.3078192174434662,1,256,,,,,
0.5258427262306213,1,257,,,,,
0.4159204065799713,1,258,,,,,
0.48345255851745605,1,259,,,,,
0.5247960090637207,1,260,,,,,
0.5738493204116821,1,261,,,,,
0.3486546576023102,1,262,,,,,
1.0211007595062256,1,263,,,,,
1.0677071809768677,1,264,,,,,
0.474366694688797,1,265,,,,,
0.4375992715358734,1,266,,,,,
0.5981237292289734,1,267,,,,,
0.7859891057014465,1,268,,,,,
0.35237687826156616,1,269,,,,,
0.7142996788024902,1,270,,,,,
0.8141759634017944,1,271,,,,,
0.9159143567085266,1,272,,,,,
0.508867621421814,1,273,,,,,
0.4908726215362549,1,274,,,,,
0.450817346572876,1,275,,,,,
0.6823382377624512,1,276,,,,,
0.3216931223869324,1,277,,,,,
0.41910284757614136,1,278,,,,,
0.2886483669281006,1,279,,,,,
0.6881223320960999,1,280,,,,,
0.45069971680641174,1,281,,,,,
0.6170284748077393,1,282,,,,,
0.7613134980201721,1,283,,,,,
0.30257028341293335,1,284,,,,,
0.6378425359725952,1,285,,,,,
0.4039338231086731,1,286,,,,,
0.5841653943061829,1,287,,,,,
0.44919177889823914,1,288,,,,,
0.39037013053894043,1,289,,,,,
0.5028077960014343,1,290,,,,,
0.46765387058258057,1,291,,,,,
0.406266450881958,1,292,,,,,
0.48551470041275024,1,293,,,,,
0.5684526562690735,1,294,,,,,
0.5307434797286987,1,295,,,,,
0.5127993226051331,1,296,,,,,
0.31962722539901733,1,297,,,,,
0.189766988158226,1,298,,,,,
0.7120984792709351,1,299,,,,,
0.46763697266578674,1,300,,,,,
0.4606304168701172,1,301,,,,,
0.33580800890922546,1,302,,,,,
0.3086792826652527,1,303,,,,,
0.36637377738952637,1,304,,,,,
0.37185022234916687,1,305,,,,,
0.6270350217819214,1,306,,,,,
0.3371589779853821,1,307,,,,,
0.31808826327323914,1,308,,,,,
0.186183899641037,1,309,,,,,
0.39396077394485474,1,310,,,,,
0.172531396150589,1,311,,,,,
0.6145998239517212,1,312,,,,,
0.4544316232204437,1,313,,,,,
0.20725718140602112,1,314,,,,,
0.21964657306671143,1,315,,,,,
0.27449461817741394,1,316,,,,,
0.46409788727760315,1,317,,,,,
0.3563242554664612,1,318,,,,,
0.43769127130508423,1,319,,,,,
0.5478445291519165,1,320,,,,,
0.7476286888122559,1,321,,,,,
0.4165039360523224,1,322,,,,,
0.3936366140842438,1,323,,,,,
0.277037113904953,1,324,,,,,
0.47779157757759094,1,325,,,,,
0.488733172416687,1,326,,,,,
0.34753647446632385,1,327,,,,,
0.36166658997535706,1,328,,,,,
0.2773224711418152,1,329,,,,,
0.37634792923927307,1,330,,,,,
0.5981314778327942,1,331,,,,,
0.3360653221607208,1,332,,,,,
0.5343092083930969,1,333,,,,,
0.7168276906013489,1,334,,,,,
0.3422591984272003,1,335,,,,,
0.47722944617271423,1,336,,,,,
0.2505802810192108,1,337,,,,,
0.07286181300878525,1,338,,,,,
0.10455072671175003,1,339,,,,,
0.42912596464157104,1,340,,,,,
0.32731255888938904,1,341,,,,,
0.6393706202507019,1,342,,,,,
0.4412443935871124,1,343,,,,,
0.48471835255622864,1,344,,,,,
0.49005126953125,1,345,,,,,
0.22965119779109955,1,346,,,,,
0.6234360933303833,1,347,,,,,
0.30073869228363037,1,348,,,,,
0.25143900513648987,1,349,,,,,
0.36995911598205566,1,350,,,,,
0.971038818359375,1,351,,,,,
0.32124561071395874,1,352,,,,,
0.3832557201385498,1,353,,,,,
0.4087258279323578,1,354,,,,,
0.3139565885066986,1,355,,,,,
0.2543582022190094,1,356,,,,,
0.14194531738758087,1,357,,,,,
0.348028302192688,1,358,,,,,
0.5334666967391968,1,359,,,,,
0.3196394741535187,1,360,,,,,
0.20537535846233368,1,361,,,,,
0.12908443808555603,1,362,,,,,
0.3830689489841461,1,363,,,,,
0.7932666540145874,1,364,,,,,
0.3774968981742859,1,365,,,,,
0.23047104477882385,1,366,,,,,
0.2601892650127411,1,367,,,,,
0.4948846995830536,1,368,,,,,
0.3025561273097992,1,369,,,,,
0.3054453432559967,1,370,,,,,
0.30357488989830017,1,371,,,,,
1.0865215063095093,1,372,,,,,
1.3480998277664185,1,373,,,,,
0.41816166043281555,1,374,,,,,
0.3569158911705017,1,375,,,,,
0.5980769991874695,1,376,,,,,
0.7146410942077637,1,377,,,,,
0.22908613085746765,1,378,,,,,
0.4094606339931488,1,379,,,,,
0.3373934328556061,1,380,,,,,
0.27574262022972107,1,381,,,,,
0.4018643796443939,1,382,,,,,
0.7790077924728394,1,383,,,,,
0.4792500138282776,1,384,,,,,
0.21782584488391876,1,385,,,,,
0.23047053813934326,1,386,,,,,
0.3305231034755707,1,387,,,,,
0.16868647933006287,1,388,,,,,
0.25610417127609253,1,389,,,,,
0.18210703134536743,1,390,,,,,
0.16931942105293274,1,391,,,,,
0.24741674959659576,1,392,,,,,
0.29896870255470276,1,393,,,,,
0.277398943901062,1,394,,,,,
0.47554489970207214,1,395,,,,,
0.5481503009796143,1,396,,,,,
0.1884804368019104,1,397,,,,,
,,199,0.09495307505130768,,,,
,,200,0.09713884443044662,,,,
,,201,0.09713884443044662,,,,
,,202,0.25591352581977844,,,,
,,203,0.07130619138479233,,,,
,,204,0.07130619138479233,,,,
,,205,0.07130619138479233,,,,
,,206,0.23645393550395966,,,,
,,207,0.22499100863933563,,,,
,,208,0.22499100863933563,,,,
,,209,0.14109772443771362,,,,
,,210,0.14224505424499512,,,,
,,211,0.14224505424499512,,,,
,,212,0.13454902172088623,,,,
,,213,0.14378678798675537,,,,
,,214,0.14378678798675537,,,,
,,215,0.11902374774217606,,,,
,,216,0.12917998433113098,,,,
,,217,0.12917998433113098,,,,
,,218,0.13189342617988586,,,,
,,219,0.21958841383457184,,,,
,,220,0.12485384196043015,,,,
,,221,0.12485384196043015,,,,
,,222,0.1481710821390152,,,,
,,223,0.14454492926597595,,,,
,,224,0.14454492926597595,,,,
,,225,0.12706094980239868,,,,
,,226,0.12781260907649994,,,,
,,227,0.12781260907649994,,,,
,,228,0.1420322060585022,,,,
,,229,0.2947606146335602,,,,
,,230,0.16384589672088623,,,,
,,231,0.16384589672088623,,,,
,,232,0.14705109596252441,,,,
,,233,0.15425989031791687,,,,
,,234,0.15425989031791687,,,,
,,235,0.14178673923015594,,,,
,,236,0.14178673923015594,,,,
,,237,0.14178673923015594,,,,
,,238,0.09592480957508087,,,,
,,239,0.09231390058994293,,,,
,,240,0.09231390058994293,,,,
,,241,0.10189554840326309,,,,
,,242,0.10465265065431595,,,,
,,243,0.10465265065431595,,,,
,,244,0.11027225106954575,,,,
,,245,0.12118660658597946,,,,
,,246,0.2395523339509964,,,,
,,247,0.12118660658597946,,,,
,,248,0.08974398672580719,,,,
,,249,0.09186054766178131,,,,
,,250,0.09186054766178131,,,,
,,251,0.0902722105383873,,,,
,,252,0.08367565274238586,,,,
,,253,0.08367565274238586,,,,
,,254,0.07655652612447739,,,,
,,255,0.07812226563692093,,,,
,,256,0.07812226563692093,,,,
,,257,0.23523634672164917,,,,
,,258,0.23499752581119537,,,,
,,259,0.23499752581119537,,,,
,,260,0.1346559226512909,,,,
,,261,0.17163017392158508,,,,
,,262,0.17163017392158508,,,,
,,263,0.32717078924179077,,,,
,,264,0.14138472080230713,,,,
,,265,0.14568118751049042,,,,
,,266,0.14568118751049042,,,,
,,267,0.11579534411430359,,,,
,,268,0.11579534411430359,,,,
,,269,0.11579534411430359,,,,
,,270,0.13155248761177063,,,,
,,271,0.2376425564289093,,,,
,,272,0.12381505221128464,,,,
,,273,0.12381505221128464,,,,
,,274,0.13483799993991852,,,,
,,275,0.1542968600988388,,,,
,,276,0.1542968600988388,,,,
,,277,0.12691868841648102,,,,
,,278,0.14046679437160492,,,,
,,279,0.14046679437160492,,,,
,,280,0.13617844879627228,,,,
,,281,0.16153484582901,,,,
,,282,0.16153484582901,,,,
,,283,0.14465925097465515,,,,
,,284,0.13033480942249298,,,,
,,285,0.13033480942249298,,,,
,,286,0.13251404464244843,,,,
,,287,0.1449451744556427,,,,
,,288,0.1757463812828064,,,,
,,289,0.1449451744556427,,,,
,,290,0.09157752990722656,,,,
,,291,0.08147834986448288,,,,
,,292,0.08147834986448288,,,,
,,293,0.09576432406902313,,,,
,,294,0.12128879874944687,,,,
,,295,0.12128879874944687,,,,
,,296,0.0980762392282486,,,,
,,297,0.09386561810970306,,,,
,,298,0.09386561810970306,,,,
,,299,0.08407159894704819,,,,
,,300,0.08407159894704819,,,,
,,301,0.08407159894704819,,,,
,,302,0.0891992449760437,,,,
,,303,0.09375305473804474,,,,
,,304,0.09375305473804474,,,,
,,305,0.07526557147502899,,,,
,,306,0.17230816185474396,,,,
,,307,0.06856423616409302,,,,
,,308,0.06856423616409302,,,,
,,309,0.2225867658853531,,,,
,,310,0.2397124022245407,,,,
,,311,0.2397124022245407,,,,
,,312,0.13128452003002167,,,,
,,313,0.11622495949268341,,,,
,,314,0.16432014107704163,,,,
,,315,0.16432014107704163,,,,
,,316,0.13242076337337494,,,,
,,317,0.12760242819786072,,,,
,,318,0.12760242819786072,,,,
,,319,0.11953705549240112,,,,
,,320,0.126668319106102,,,,
,,321,0.126668319106102,,,,
,,322,0.1285601556301117,,,,
,,323,0.12700606882572174,,,,
,,324,0.12700606882572174,,,,
,,325,0.13699889183044434,,,,
,,326,0.16806264221668243,,,,
,,327,0.16806264221668243,,,,
,,328,0.12177333235740662,,,,
,,329,0.13332270085811615,,,,
,,330,0.13332270085811615,,,,
,,331,0.18766503036022186,,,,
,,332,0.14190076291561127,,,,
,,333,0.14190076291561127,,,,
,,334,0.14190076291561127,,,,
,,335,0.14311733841896057,,,,
,,336,0.1449408084154129,,,,
,,337,0.1449408084154129,,,,
,,338,0.13543793559074402,,,,
,,339,0.14706957340240479,,,,
,,340,0.14706957340240479,,,,
,,341,0.09003198146820068,,,,
,,342,0.09721699357032776,,,,
,,343,0.09721699357032776,,,,
,,344,0.10700350999832153,,,,
,,345,0.11873260140419006,,,,
,,346,0.11873260140419006,,,,
,,347,0.10334092378616333,,,,
,,348,0.2649039328098297,,,,
,,349,0.09876120835542679,,,,
,,350,0.09876120835542679,,,,
,,351,0.09423518180847168,,,,
,,352,0.09658350050449371,,,,
,,353,0.09658350050449371,,,,
,,354,0.09051138162612915,,,,
,,355,0.0861387550830841,,,,
,,356,0.22560040652751923,,,,
,,357,0.0861387550830841,,,,
,,358,0.08506593108177185,,,,
,,359,0.09407348185777664,,,,
,,360,0.09407348185777664,,,,
,,361,0.2740268111228943,,,,
,,362,0.30168625712394714,,,,
,,363,0.30168625712394714,,,,
,,364,0.13301141560077667,,,,
,,365,0.13301141560077667,,,,
,,366,0.13301141560077667,,,,
,,367,0.1482812464237213,,,,
,,368,0.12686873972415924,,,,
,,369,0.12686873972415924,,,,
,,370,0.12057167291641235,,,,
,,371,0.1306368112564087,,,,
,,372,0.1306368112564087,,,,
,,373,0.13832418620586395,,,,
,,374,0.24890649318695068,,,,
,,375,0.14960618317127228,,,,
,,376,0.14960618317127228,,,,
,,377,0.14249421656131744,,,,
,,378,0.17203198373317719,,,,
,,379,0.17203198373317719,,,,
,,380,0.13407059013843536,,,,
,,381,0.11846870929002762,,,,
,,382,0.11846870929002762,,,,
,,383,0.14388443529605865,,,,
,,384,0.14791639149188995,,,,
,,385,0.14791639149188995,,,,
,,386,0.15611223876476288,,,,
,,387,0.1522771418094635,,,,
,,388,0.1522771418094635,,,,
,,389,0.14126715064048767,,,,
,,390,0.25094833970069885,,,,
,,391,0.1711427867412567,,,,
,,392,0.1711427867412567,,,,
,,393,0.09709789603948593,,,,
,,394,0.092667356133461,,,,
,,395,0.092667356133461,,,,
,,396,0.09920954704284668,,,,
,,397,0.09920954704284668,,,,
,1,397,,0.13779422640800476,,,
,1,397,,,0.515433132648468,0.015075377188622952,0.02010050229728222
0.22795416414737701,2,398,,,,,
0.37205740809440613,2,399,,,,,
0.35445690155029297,2,400,,,,,
0.3594505488872528,2,401,,,,,
0.4495182931423187,2,402,,,,,
0.16496917605400085,2,403,,,,,
0.30105096101760864,2,404,,,,,
0.46172478795051575,2,405,,,,,
0.17784759402275085,2,406,,,,,
0.38703781366348267,2,407,,,,,
0.43097200989723206,2,408,,,,,
0.5210686922073364,2,409,,,,,
0.1958734691143036,2,410,,,,,
0.32625922560691833,2,411,,,,,
0.20857854187488556,2,412,,,,,
0.19834038615226746,2,413,,,,,
0.4838366210460663,2,414,,,,,
0.30456608533859253,2,415,,,,,
0.42697152495384216,2,416,,,,,
0.08667117357254028,2,417,,,,,
0.0781472846865654,2,418,,,,,
0.15982156991958618,2,419,,,,,
0.43333739042282104,2,420,,,,,
0.2819034457206726,2,421,,,,,
0.3612518012523651,2,422,,,,,
0.4935855567455292,2,423,,,,,
0.17228740453720093,2,424,,,,,
0.3067326843738556,2,425,,,,,
0.2811504900455475,2,426,,,,,
0.23461925983428955,2,427,,,,,
0.19759181141853333,2,428,,,,,
0.25824040174484253,2,429,,,,,
0.34889471530914307,2,430,,,,,
0.1861540526151657,2,431,,,,,
0.3522053062915802,2,432,,,,,
0.1482853889465332,2,433,,,,,
0.639776885509491,2,434,,,,,
0.2893419563770294,2,435,,,,,
0.1819072812795639,2,436,,,,,
0.17677690088748932,2,437,,,,,
0.22136615216732025,2,438,,,,,
0.4244958758354187,2,439,,,,,
0.23781606554985046,2,440,,,,,
0.1413682997226715,2,441,,,,,
0.23747466504573822,2,442,,,,,
0.17403878271579742,2,443,,,,,
0.25546175241470337,2,444,,,,,
0.2994447648525238,2,445,,,,,
0.18848590552806854,2,446,,,,,
0.32330751419067383,2,447,,,,,
0.10521349310874939,2,448,,,,,
0.3062664568424225,2,449,,,,,
0.527766764163971,2,450,,,,,
0.8340662121772766,2,451,,,,,
0.08455201238393784,2,452,,,,,
0.3140195906162262,2,453,,,,,
0.12045526504516602,2,454,,,,,
0.19839158654212952,2,455,,,,,
0.20141011476516724,2,456,,,,,
0.17871421575546265,2,457,,,,,
0.08901111781597137,2,458,,,,,
0.39477452635765076,2,459,,,,,
0.2119467407464981,2,460,,,,,
0.24574904143810272,2,461,,,,,
0.13871777057647705,2,462,,,,,
0.2552134394645691,2,463,,,,,
0.17896431684494019,2,464,,,,,
0.17247147858142853,2,465,,,,,
0.3836052417755127,2,466,,,,,
0.08001796901226044,2,467,,,,,
0.1785000115633011,2,468,,,,,
0.32401713728904724,2,469,,,,,
0.19384822249412537,2,470,,,,,
0.19772475957870483,2,471,,,,,
0.3425385355949402,2,472,,,,,
0.2249683141708374,2,473,,,,,
0.22748485207557678,2,474,,,,,
0.2348649948835373,2,475,,,,,
0.540433406829834,2,476,,,,,
0.1885170042514801,2,477,,,,,
0.5317350625991821,2,478,,,,,
0.5190218091011047,2,479,,,,,
0.11224105209112167,2,480,,,,,
0.25780630111694336,2,481,,,,,
0.19961005449295044,2,482,,,,,
0.14840121567249298,2,483,,,,,
0.3033702075481415,2,484,,,,,
0.281304270029068,2,485,,,,,
0.6576482653617859,2,486,,,,,
0.13487963378429413,2,487,,,,,
0.1037120595574379,2,488,,,,,
0.19483770430088043,2,489,,,,,
0.25398606061935425,2,490,,,,,
0.4609113931655884,2,491,,,,,
0.1365959644317627,2,492,,,,,
0.4092315137386322,2,493,,,,,
0.1440327912569046,2,494,,,,,
0.2593730092048645,2,495,,,,,
0.15386182069778442,2,496,,,,,
0.15002302825450897,2,497,,,,,
0.452064573764801,2,498,,,,,
0.21593444049358368,2,499,,,,,
0.13808485865592957,2,500,,,,,
0.1734536588191986,2,501,,,,,
0.12478908896446228,2,502,,,,,
0.4250934422016144,2,503,,,,,
0.18482880294322968,2,504,,,,,
0.164079949259758,2,505,,,,,
0.265544593334198,2,506,,,,,
0.45062366127967834,2,507,,,,,
0.19578558206558228,2,508,,,,,
0.20063717663288116,2,509,,,,,
0.29157447814941406,2,510,,,,,
0.30160823464393616,2,511,,,,,
0.3030528128147125,2,512,,,,,
0.2742184102535248,2,513,,,,,
0.14775851368904114,2,514,,,,,
0.08386965095996857,2,515,,,,,
0.19367551803588867,2,516,,,,,
0.30216094851493835,2,517,,,,,
0.25621867179870605,2,518,,,,,
0.10317132622003555,2,519,,,,,
0.34585386514663696,2,520,,,,,
0.37298402190208435,2,521,,,,,
0.21521297097206116,2,522,,,,,
0.25547173619270325,2,523,,,,,
0.22015567123889923,2,524,,,,,
0.07895277440547943,2,525,,,,,
0.3088836073875427,2,526,,,,,
0.3813924491405487,2,527,,,,,
0.09886939078569412,2,528,,,,,
0.1300860047340393,2,529,,,,,
0.1952187716960907,2,530,,,,,
0.19166330993175507,2,531,,,,,
0.12194699048995972,2,532,,,,,
0.10959727317094803,2,533,,,,,
0.3670284152030945,2,534,,,,,
0.3457348048686981,2,535,,,,,
0.20099875330924988,2,536,,,,,
0.09522033482789993,2,537,,,,,
0.12386879324913025,2,538,,,,,
0.166772723197937,2,539,,,,,
0.11816572397947311,2,540,,,,,
0.46193501353263855,2,541,,,,,
0.14884981513023376,2,542,,,,,
0.04779468849301338,2,543,,,,,
0.2179146111011505,2,544,,,,,
0.2634495794773102,2,545,,,,,
0.0831301361322403,2,546,,,,,
0.14669927954673767,2,547,,,,,
0.2916155159473419,2,548,,,,,
0.2895033359527588,2,549,,,,,
0.24741245806217194,2,550,,,,,
0.36299559473991394,2,551,,,,,
0.23984688520431519,2,552,,,,,
0.14691303670406342,2,553,,,,,
0.270759254693985,2,554,,,,,
0.09017997980117798,2,555,,,,,
0.15573781728744507,2,556,,,,,
0.10793132334947586,2,557,,,,,
0.4432004690170288,2,558,,,,,
0.21969275176525116,2,559,,,,,
0.49943307042121887,2,560,,,,,
0.25902217626571655,2,561,,,,,
0.24713091552257538,2,562,,,,,
0.10948223620653152,2,563,,,,,
0.40947768092155457,2,564,,,,,
0.8918921947479248,2,565,,,,,
0.19587135314941406,2,566,,,,,
0.10215023159980774,2,567,,,,,
0.1386587768793106,2,568,,,,,
0.1555873155593872,2,569,,,,,
0.1589447259902954,2,570,,,,,
0.19385649263858795,2,571,,,,,
0.21858035027980804,2,572,,,,,
0.20007698237895966,2,573,,,,,
0.18324939906597137,2,574,,,,,
0.14899499714374542,2,575,,,,,
0.1620536744594574,2,576,,,,,
0.18349365890026093,2,577,,,,,
0.0828564390540123,2,578,,,,,
0.22982807457447052,2,579,,,,,
0.16838514804840088,2,580,,,,,
0.16901884973049164,2,581,,,,,
0.1638839989900589,2,582,,,,,
0.20119263231754303,2,583,,,,,
0.14872953295707703,2,584,,,,,
0.19056567549705505,2,585,,,,,
0.15805667638778687,2,586,,,,,
0.22013643383979797,2,587,,,,,
0.23366498947143555,2,588,,,,,
0.3482063412666321,2,589,,,,,
0.4685313105583191,2,590,,,,,
0.3849080502986908,2,591,,,,,
0.15041299164295197,2,592,,,,,
0.1631563901901245,2,593,,,,,
0.04621393606066704,2,594,,,,,
0.08406112343072891,2,595,,,,,
0.20524948835372925,2,596,,,,,
,,398,0.09776093065738678,,,,
,,399,0.08687493205070496,,,,
,,400,0.08687493205070496,,,,
,,401,0.07377256453037262,,,,
,,402,0.11115045845508575,,,,
,,403,0.11115045845508575,,,,
,,404,0.11115045845508575,,,,
,,405,0.05315982177853584,,,,
,,406,0.06648815423250198,,,,
,,407,0.06648815423250198,,,,
,,408,0.09775951504707336,,,,
,,409,0.07970879226922989,,,,
,,410,0.07970879226922989,,,,
,,411,0.10218223929405212,,,,
,,412,0.10360816866159439,,,,
,,413,0.10360816866159439,,,,
,,414,0.106212317943573,,,,
,,415,0.0734357014298439,,,,
,,416,0.0734357014298439,,,,
,,417,0.0754438266158104,,,,
,,418,0.05373024195432663,,,,
,,419,0.08913497626781464,,,,
,,420,0.08913497626781464,,,,
,,421,0.06727205216884613,,,,
,,422,0.06386202573776245,,,,
,,423,0.06386202573776245,,,,
,,424,0.06831488758325577,,,,
,,425,0.06515631824731827,,,,
,,426,0.06515631824731827,,,,
,,427,0.08146063983440399,,,,
,,428,0.06284695863723755,,,,
,,429,0.06752047687768936,,,,
,,430,0.06752047687768936,,,,
,,431,0.07581218332052231,,,,
,,432,0.056131504476070404,,,,
,,433,0.056131504476070404,,,,
,,434,0.07863859832286835,,,,
,,435,0.07863859832286835,,,,
,,436,0.07863859832286835,,,,
,,437,0.10547405481338501,,,,
,,438,0.10982376337051392,,,,
,,439,0.10982376337051392,,,,
,,440,0.07580943405628204,,,,
,,441,0.060616325587034225,,,,
,,442,0.060616325587034225,,,,
,,443,0.08237279951572418,,,,
,,444,0.08483239263296127,,,,
,,445,0.07098857313394547,,,,
,,446,0.08483239263296127,,,,
,,447,0.09245027601718903,,,,
,,448,0.06516377627849579,,,,
,,449,0.06516377627849579,,,,
,,450,0.12485061585903168,,,,
,,451,0.13058620691299438,,,,
,,452,0.13058620691299438,,,,
,,453,0.12708893418312073,,,,
,,454,0.1309417188167572,,,,
,,455,0.1309417188167572,,,,
,,456,0.04570692032575607,,,,
,,457,0.04816583916544914,,,,
,,458,0.04816583916544914,,,,
,,459,0.09182365238666534,,,,
,,460,0.08930128812789917,,,,
,,461,0.08930128812789917,,,,
,,462,0.09271106123924255,,,,
,,463,0.1127263605594635,,,,
,,464,0.09243392199277878,,,,
,,465,0.09243392199277878,,,,
,,466,0.09931664913892746,,,,
,,467,0.09931664913892746,,,,
,,468,0.09931664913892746,,,,
,,469,0.07815998792648315,,,,
,,470,0.06694033741950989,,,,
,,471,0.08447436988353729,,,,
,,472,0.08447436988353729,,,,
,,473,0.06309258192777634,,,,
,,474,0.0458526648581028,,,,
,,475,0.0458526648581028,,,,
,,476,0.0638992115855217,,,,
,,477,0.06495766341686249,,,,
,,478,0.06495766341686249,,,,
,,479,0.07552117854356766,,,,
,,480,0.04532715678215027,,,,
,,481,0.04532715678215027,,,,
,,482,0.07097664475440979,,,,
,,483,0.08473140001296997,,,,
,,484,0.08473140001296997,,,,
,,485,0.07327824831008911,,,,
,,486,0.07168018817901611,,,,
,,487,0.0740538090467453,,,,
,,488,0.07168018817901611,,,,
,,489,0.11553831398487091,,,,
,,490,0.10835767537355423,,,,
,,491,0.10835767537355423,,,,
,,492,0.07975797355175018,,,,
,,493,0.06579627841711044,,,,
,,494,0.06579627841711044,,,,
,,495,0.09442756325006485,,,,
,,496,0.07743453979492188,,,,
,,497,0.07743453979492188,,,,
,,498,0.08274904638528824,,,,
,,499,0.08274904638528824,,,,
,,500,0.08274904638528824,,,,
,,501,0.13615818321704865,,,,
,,502,0.14833380281925201,,,,
,,503,0.14833380281925201,,,,
,,504,0.12258987128734589,,,,
,,505,0.06679762899875641,,,,
,,506,0.11714888364076614,,,,
,,507,0.11714888364076614,,,,
,,508,0.049625735729932785,,,,
,,509,0.054145291447639465,,,,
,,510,0.054145291447639465,,,,
,,511,0.08106172829866409,,,,
,,512,0.09483785182237625,,,,
,,513,0.04948917403817177,,,,
,,514,0.04948917403817177,,,,
,,515,0.07549496740102768,,,,
,,516,0.0881495252251625,,,,
,,517,0.0881495252251625,,,,
,,518,0.08744257688522339,,,,
,,519,0.07886167615652084,,,,
,,520,0.07886167615652084,,,,
,,521,0.053789496421813965,,,,
,,522,0.057043761014938354,,,,
,,523,0.057043761014938354,,,,
,,524,0.06158725172281265,,,,
,,525,0.043943095952272415,,,,
,,526,0.043943095952272415,,,,
,,527,0.051984310150146484,,,,
,,528,0.03896573185920715,,,,
,,529,0.03896573185920715,,,,
,,530,0.09455078840255737,,,,
,,531,0.0709521621465683,,,,
,,532,0.0709521621465683,,,,
,,533,0.0709521621465683,,,,
,,534,0.05387913063168526,,,,
,,535,0.07144425809383392,,,,
,,536,0.07144425809383392,,,,
,,537,0.06648429483175278,,,,
,,538,0.051076438277959824,,,,
,,539,0.051076438277959824,,,,
,,540,0.09701880812644958,,,,
,,541,0.09840227663516998,,,,
,,542,0.09840227663516998,,,,
,,543,0.07745344936847687,,,,
,,544,0.044935159385204315,,,,
,,545,0.044935159385204315,,,,
,,546,0.07691114395856857,,,,
,,547,0.1568087339401245,,,,
,,548,0.09422192722558975,,,,
,,549,0.09422192722558975,,,,
,,550,0.0812731608748436,,,,
,,551,0.083199642598629,,,,
,,552,0.083199642598629,,,,
,,553,0.11123254150152206,,,,
,,554,0.11427132040262222,,,,
,,555,0.07743555307388306,,,,
,,556,0.11427132040262222,,,,
,,557,0.11147400736808777,,,,
,,558,0.08622446656227112,,,,
,,559,0.08622446656227112,,,,
,,560,0.06377822905778885,,,,
,,561,0.06717374175786972,,,,
,,562,0.06717374175786972,,,,
,,563,0.07162376493215561,,,,
,,564,0.07162376493215561,,,,
,,565,0.07162376493215561,,,,
,,566,0.08318059146404266,,,,
,,567,0.07835064828395844,,,,
,,568,0.07835064828395844,,,,
,,569,0.07752127200365067,,,,
,,570,0.05643884465098381,,,,
,,571,0.05643884465098381,,,,
,,572,0.05839565768837929,,,,
,,573,0.08622793108224869,,,,
,,574,0.06073031574487686,,,,
,,575,0.06073031574487686,,,,
,,576,0.05598302558064461,,,,
,,577,0.033838432282209396,,,,
,,578,0.033838432282209396,,,,
,,579,0.054705556482076645,,,,
,,580,0.06904654949903488,,,,
,,581,0.06904654949903488,,,,
,,582,0.0643312856554985,,,,
,,583,0.061882324516773224,,,,
,,584,0.061882324516773224,,,,
,,585,0.05910368263721466,,,,
,,586,0.053348738700151443,,,,
,,587,0.053348738700151443,,,,
,,588,0.06249965354800224,,,,
,,589,0.07814251631498337,,,,
,,590,0.05101361125707626,,,,
,,591,0.05101361125707626,,,,
,,592,0.09251242876052856,,,,
,,593,0.07030605524778366,,,,
,,594,0.07030605524778366,,,,
,,595,0.07056020200252533,,,,
,,596,0.07056020200252533,,,,
,2,596,,0.07823532074689865,,,
,2,596,,,0.2503223717212677,0.37688443064689636,0.8241205811500549
0.22274954617023468,3,597,,,,,
0.4452286958694458,3,598,,,,,
0.09091008454561234,3,599,,,,,
0.2500227391719818,3,600,,,,,
0.09333015978336334,3,601,,,,,
0.24893799424171448,3,602,,,,,
0.17394953966140747,3,603,,,,,
0.5567469596862793,3,604,,,,,
0.46942007541656494,3,605,,,,,
0.14278516173362732,3,606,,,,,
0.4814687967300415,3,607,,,,,
0.13454791903495789,3,608,,,,,
0.09739761054515839,3,609,,,,,
0.08341161906719208,3,610,,,,,
0.1330725997686386,3,611,,,,,
0.12371572107076645,3,612,,,,,
0.14554858207702637,3,613,,,,,
0.13573896884918213,3,614,,,,,
0.25480496883392334,3,615,,,,,
0.22355031967163086,3,616,,,,,
0.24956507980823517,3,617,,,,,
0.14175379276275635,3,618,,,,,
0.07587745785713196,3,619,,,,,
0.2128225415945053,3,620,,,,,
0.11488112062215805,3,621,,,,,
0.14388000965118408,3,622,,,,,
0.23187239468097687,3,623,,,,,
0.08300800621509552,3,624,,,,,
0.05011725053191185,3,625,,,,,
0.20772738754749298,3,626,,,,,
0.15983280539512634,3,627,,,,,
0.1650962233543396,3,628,,,,,
0.14243392646312714,3,629,,,,,
0.110321544110775,3,630,,,,,
0.18470096588134766,3,631,,,,,
0.12892493605613708,3,632,,,,,
0.2387295663356781,3,633,,,,,
0.09931392967700958,3,634,,,,,
0.223453551530838,3,635,,,,,
0.23519740998744965,3,636,,,,,
0.09991136938333511,3,637,,,,,
0.13599996268749237,3,638,,,,,
0.029408851638436317,3,639,,,,,
0.08642725646495819,3,640,,,,,
0.44023191928863525,3,641,,,,,
0.5270199775695801,3,642,,,,,
0.07235757261514664,3,643,,,,,
0.05625506117939949,3,644,,,,,
0.10202768445014954,3,645,,,,,
0.2068069875240326,3,646,,,,,
0.2054925560951233,3,647,,,,,
0.15578782558441162,3,648,,,,,
0.17779503762722015,3,649,,,,,
0.08949411660432816,3,650,,,,,
0.33666104078292847,3,651,,,,,
0.235652893781662,3,652,,,,,
0.1166398674249649,3,653,,,,,
0.12264436483383179,3,654,,,,,
0.19335447251796722,3,655,,,,,
0.21257440745830536,3,656,,,,,
0.2535174787044525,3,657,,,,,
0.051795944571495056,3,658,,,,,
0.19570238888263702,3,659,,,,,
0.12491588294506073,3,660,,,,,
0.1124446764588356,3,661,,,,,
0.1520552784204483,3,662,,,,,
0.07278048992156982,3,663,,,,,
0.05956718325614929,3,664,,,,,
0.0880974605679512,3,665,,,,,
0.2723059058189392,3,666,,,,,
0.13130705058574677,3,667,,,,,
0.2471860647201538,3,668,,,,,
0.13215972483158112,3,669,,,,,
0.13548041880130768,3,670,,,,,
0.18991416692733765,3,671,,,,,
0.1508398950099945,3,672,,,,,
0.08778347074985504,3,673,,,,,
0.09944755584001541,3,674,,,,,
0.2956191897392273,3,675,,,,,
0.1259835958480835,3,676,,,,,
0.038401272147893906,3,677,,,,,
0.06641028076410294,3,678,,,,,
0.1836143136024475,3,679,,,,,
0.24902592599391937,3,680,,,,,
0.03148246183991432,3,681,,,,,
0.04896087571978569,3,682,,,,,
0.08940298110246658,3,683,,,,,
0.11970973014831543,3,684,,,,,
0.24043387174606323,3,685,,,,,
0.10588683187961578,3,686,,,,,
0.04809412360191345,3,687,,,,,
0.15009820461273193,3,688,,,,,
0.03406945988535881,3,689,,,,,
0.05104144290089607,3,690,,,,,
0.10495589673519135,3,691,,,,,
0.12353493273258209,3,692,,,,,
0.4036521911621094,3,693,,,,,
0.21832497417926788,3,694,,,,,
0.0344059057533741,3,695,,,,,
0.08463301509618759,3,696,,,,,
0.21240058541297913,3,697,,,,,
0.12579724192619324,3,698,,,,,
0.0988771840929985,3,699,,,,,
0.18087685108184814,3,700,,,,,
0.20732523500919342,3,701,,,,,
0.0770878940820694,3,702,,,,,
0.12035156786441803,3,703,,,,,
0.15867169201374054,3,704,,,,,
0.15201880037784576,3,705,,,,,
0.11119937896728516,3,706,,,,,
0.057973042130470276,3,707,,,,,
0.04965633898973465,3,708,,,,,
0.2696956694126129,3,709,,,,,
0.09158769249916077,3,710,,,,,
0.1665980964899063,3,711,,,,,
0.06315005570650101,3,712,,,,,
0.09466797113418579,3,713,,,,,
0.143377423286438,3,714,,,,,
0.284892737865448,3,715,,,,,
0.06291990727186203,3,716,,,,,
0.486902117729187,3,717,,,,,
0.18784329295158386,3,718,,,,,
0.11439245194196701,3,719,,,,,
0.14676015079021454,3,720,,,,,
0.20618893206119537,3,721,,,,,
0.25948408246040344,3,722,,,,,
0.18174812197685242,3,723,,,,,
0.08462581038475037,3,724,,,,,
0.15421462059020996,3,725,,,,,
0.28462719917297363,3,726,,,,,
0.07592225819826126,3,727,,,,,
0.058412082493305206,3,728,,,,,
0.03476143255829811,3,729,,,,,
0.14237065613269806,3,730,,,,,
0.11080018430948257,3,731,,,,,
0.19498443603515625,3,732,,,,,
0.09148158133029938,3,733,,,,,
0.3466649055480957,3,734,,,,,
0.03943640738725662,3,735,,,,,
0.060405928641557693,3,736,,,,,
0.27685752511024475,3,737,,,,,
0.05879644677042961,3,738,,,,,
0.050957415252923965,3,739,,,,,
0.09043692797422409,3,740,,,,,
0.08070901781320572,3,741,,,,,
0.0247536301612854,3,742,,,,,
0.8986532092094421,3,743,,,,,
0.1541353017091751,3,744,,,,,
0.12296324223279953,3,745,,,,,
0.02002985030412674,3,746,,,,,
0.04576051980257034,3,747,,,,,
0.5281163454055786,3,748,,,,,
0.07835100591182709,3,749,,,,,
0.08984881639480591,3,750,,,,,
0.06916243582963943,3,751,,,,,
0.14001861214637756,3,752,,,,,
0.5552371144294739,3,753,,,,,
0.12196129560470581,3,754,,,,,
0.1797802746295929,3,755,,,,,
0.21676497161388397,3,756,,,,,
0.2029268890619278,3,757,,,,,
0.10220970213413239,3,758,,,,,
0.09586941450834274,3,759,,,,,
0.7895873785018921,3,760,,,,,
0.12567318975925446,3,761,,,,,
0.2374555617570877,3,762,,,,,
0.07755155116319656,3,763,,,,,
0.14501231908798218,3,764,,,,,
0.14509856700897217,3,765,,,,,
0.13199348747730255,3,766,,,,,
0.03578400984406471,3,767,,,,,
0.4415924847126007,3,768,,,,,
0.023879949003458023,3,769,,,,,
0.12049712240695953,3,770,,,,,
0.06805455684661865,3,771,,,,,
0.10903030633926392,3,772,,,,,
0.12438727915287018,3,773,,,,,
0.22507628798484802,3,774,,,,,
0.1917983442544937,3,775,,,,,
0.25611916184425354,3,776,,,,,
0.10687345266342163,3,777,,,,,
0.17711278796195984,3,778,,,,,
0.08102117478847504,3,779,,,,,
0.09533285349607468,3,780,,,,,
0.07510807365179062,3,781,,,,,
0.13092495501041412,3,782,,,,,
0.08921842277050018,3,783,,,,,
0.2709001898765564,3,784,,,,,
0.09060229361057281,3,785,,,,,
0.13041898608207703,3,786,,,,,
0.16564348340034485,3,787,,,,,
0.04998457431793213,3,788,,,,,
0.21549145877361298,3,789,,,,,
0.04705828055739403,3,790,,,,,
0.1532255858182907,3,791,,,,,
0.03917621076107025,3,792,,,,,
0.04823538661003113,3,793,,,,,
0.1312815546989441,3,794,,,,,
0.10020020604133606,3,795,,,,,
,,597,0.10165417939424515,,,,
,,598,0.040147967636585236,,,,
,,599,0.040147967636585236,,,,
,,600,0.07073449343442917,,,,
,,601,0.08267807215452194,,,,
,,602,0.08267807215452194,,,,
,,603,0.08267807215452194,,,,
,,604,0.05867578461766243,,,,
,,605,0.08013295382261276,,,,
,,606,0.08013295382261276,,,,
,,607,0.03713100031018257,,,,
,,608,0.005110650788992643,,,,
,,609,0.005110650788992643,,,,
,,610,0.051392991095781326,,,,
,,611,0.051541466265916824,,,,
,,612,0.051541466265916824,,,,
,,613,0.03788921982049942,,,,
,,614,0.006793772801756859,,,,
,,615,0.006793772801756859,,,,
,,616,0.040617089718580246,,,,
,,617,0.06459377706050873,,,,
,,618,0.03681736811995506,,,,
,,619,0.03681736811995506,,,,
,,620,0.03202120587229729,,,,
,,621,0.041618190705776215,,,,
,,622,0.041618190705776215,,,,
,,623,0.0405350886285305,,,,
,,624,0.004831381607800722,,,,
,,625,0.004831381607800722,,,,
,,626,0.03556162863969803,,,,
,,627,0.06461700797080994,,,,
,,628,0.04301007091999054,,,,
,,629,0.04301007091999054,,,,
,,630,0.039216548204422,,,,
,,631,0.007254066411405802,,,,
,,632,0.007254066411405802,,,,
,,633,0.03266835957765579,,,,
,,634,0.03266835957765579,,,,
,,635,0.03266835957765579,,,,
,,636,0.043729789555072784,,,,
,,637,0.04449689760804176,,,,
,,638,0.04449689760804176,,,,
,,639,0.03295617178082466,,,,
,,640,0.005909954197704792,,,,
,,641,0.005909954197704792,,,,
,,642,0.04894658550620079,,,,
,,643,0.04805067554116249,,,,
,,644,0.06401509046554565,,,,
,,645,0.04805067554116249,,,,
,,646,0.037385594099760056,,,,
,,647,0.008727232925593853,,,,
,,648,0.008727232925593853,,,,
,,649,0.08087290823459625,,,,
,,650,0.057927168905735016,,,,
,,651,0.057927168905735016,,,,
,,652,0.044843483716249466,,,,
,,653,0.05093054100871086,,,,
,,654,0.05093054100871086,,,,
,,655,0.0695592612028122,,,,
,,656,0.10784240067005157,,,,
,,657,0.10784240067005157,,,,
,,658,0.03530720993876457,,,,
,,659,0.05150223523378372,,,,
,,660,0.05150223523378372,,,,
,,661,0.24143783748149872,,,,
,,662,0.04986558482050896,,,,
,,663,0.007613899651914835,,,,
,,664,0.007613899651914835,,,,
,,665,0.03556593507528305,,,,
,,666,0.03556593507528305,,,,
,,667,0.03556593507528305,,,,
,,668,0.04175793007016182,,,,
,,669,0.1593559831380844,,,,
,,670,0.042392242699861526,,,,
,,671,0.042392242699861526,,,,
,,672,0.031196177005767822,,,,
,,673,0.00820766668766737,,,,
,,674,0.00820766668766737,,,,
,,675,0.03951362892985344,,,,
,,676,0.04221551492810249,,,,
,,677,0.04221551492810249,,,,
,,678,0.034111667424440384,,,,
,,679,0.007811971940100193,,,,
,,680,0.007811971940100193,,,,
,,681,0.04061250016093254,,,,
,,682,0.03300205618143082,,,,
,,683,0.03300205618143082,,,,
,,684,0.032081108540296555,,,,
,,685,0.03882306069135666,,,,
,,686,0.08472100645303726,,,,
,,687,0.03882306069135666,,,,
,,688,0.04247266426682472,,,,
,,689,0.0059236325323581696,,,,
,,690,0.0059236325323581696,,,,
,,691,0.03232135623693466,,,,
,,692,0.039293792098760605,,,,
,,693,0.039293792098760605,,,,
,,694,0.0504913330078125,,,,
,,695,0.011381885968148708,,,,
,,696,0.011381885968148708,,,,
,,697,0.033748697489500046,,,,
,,698,0.033748697489500046,,,,
,,699,0.033748697489500046,,,,
,,700,0.07785685360431671,,,,
,,701,0.053142499178647995,,,,
,,702,0.053142499178647995,,,,
,,703,0.039552927017211914,,,,
,,704,0.07424801588058472,,,,
,,705,0.006360986270010471,,,,
,,706,0.006360986270010471,,,,
,,707,0.06988269090652466,,,,
,,708,0.09043198078870773,,,,
,,709,0.09043198078870773,,,,
,,710,0.03868940845131874,,,,
,,711,0.10116910189390182,,,,
,,712,0.010222301818430424,,,,
,,713,0.010222301818430424,,,,
,,714,0.0449235737323761,,,,
,,715,0.0409565195441246,,,,
,,716,0.0409565195441246,,,,
,,717,0.04036615043878555,,,,
,,718,0.043912265449762344,,,,
,,719,0.043912265449762344,,,,
,,720,0.03635002672672272,,,,
,,721,0.0059507787227630615,,,,
,,722,0.0059507787227630615,,,,
,,723,0.03507286682724953,,,,
,,724,0.03728310018777847,,,,
,,725,0.03728310018777847,,,,
,,726,0.037499409168958664,,,,
,,727,0.007971735671162605,,,,
,,728,0.007971735671162605,,,,
,,729,0.08152090758085251,,,,
,,730,0.03806235268712044,,,,
,,731,0.03806235268712044,,,,
,,732,0.03806235268712044,,,,
,,733,0.03612520173192024,,,,
,,734,0.043568454682826996,,,,
,,735,0.043568454682826996,,,,
,,736,0.03537103533744812,,,,
,,737,0.007311418652534485,,,,
,,738,0.007311418652534485,,,,
,,739,0.04171088710427284,,,,
,,740,0.04168066382408142,,,,
,,741,0.04168066382408142,,,,
,,742,0.03433520719408989,,,,
,,743,0.007869266904890537,,,,
,,744,0.007869266904890537,,,,
,,745,0.05219656974077225,,,,
,,746,0.17010080814361572,,,,
,,747,0.04420408606529236,,,,
,,748,0.04420408606529236,,,,
,,749,0.037549637258052826,,,,
,,750,0.04516579955816269,,,,
,,751,0.04516579955816269,,,,
,,752,0.07978501915931702,,,,
,,753,0.013118329457938671,,,,
,,754,0.12061791121959686,,,,
,,755,0.013118329457938671,,,,
,,756,0.039853036403656006,,,,
,,757,0.04231864959001541,,,,
,,758,0.04231864959001541,,,,
,,759,0.07793815433979034,,,,
,,760,0.10286508500576019,,,,
,,761,0.10286508500576019,,,,
,,762,0.03730233386158943,,,,
,,763,0.03730233386158943,,,,
,,764,0.03730233386158943,,,,
,,765,0.04975496977567673,,,,
,,766,0.04057604447007179,,,,
,,767,0.04057604447007179,,,,
,,768,0.03580215200781822,,,,
,,769,0.004846814088523388,,,,
,,770,0.004846814088523388,,,,
,,771,0.043377380818128586,,,,
,,772,0.1900869905948639,,,,
,,773,0.045324698090553284,,,,
,,774,0.045324698090553284,,,,
,,775,0.031780775636434555,,,,
,,776,0.008064161986112595,,,,
,,777,0.008064161986112595,,,,
,,778,0.043852295726537704,,,,
,,779,0.03669885918498039,,,,
,,780,0.03669885918498039,,,,
,,781,0.0352507010102272,,,,
,,782,0.039463985711336136,,,,
,,783,0.039463985711336136,,,,
,,784,0.041417334228754044,,,,
,,785,0.005534723866730928,,,,
,,786,0.005534723866730928,,,,
,,787,0.032452430576086044,,,,
,,788,0.15130579471588135,,,,
,,789,0.04429445043206215,,,,
,,790,0.04429445043206215,,,,
,,791,0.04286891967058182,,,,
,,792,0.008936257101595402,,,,
,,793,0.008936257101595402,,,,
,,794,0.031078949570655823,,,,
,,795,0.031078949570655823,,,,
,3,795,,0.04306467995047569,,,
,3,795,,,0.16259439289569855,0.6733668446540833,0.8944723606109619
0.34147563576698303,4,796,,,,,
0.14263784885406494,4,797,,,,,
0.09564419090747833,4,798,,,,,
0.11257912963628769,4,799,,,,,
0.04223685339093208,4,800,,,,,
0.05047507956624031,4,801,,,,,
0.04207161068916321,4,802,,,,,
0.030237089842557907,4,803,,,,,
0.10927152633666992,4,804,,,,,
0.1710289716720581,4,805,,,,,
0.3705332279205322,4,806,,,,,
0.08666330575942993,4,807,,,,,
0.08828806132078171,4,808,,,,,
0.08655684441328049,4,809,,,,,
0.07586034387350082,4,810,,,,,
0.10285072028636932,4,811,,,,,
0.09288544952869415,4,812,,,,,
0.10689892619848251,4,813,,,,,
0.08865862339735031,4,814,,,,,
0.054438360035419464,4,815,,,,,
0.07260855287313461,4,816,,,,,
0.1955067366361618,4,817,,,,,
0.05892837047576904,4,818,,,,,
0.0714987963438034,4,819,,,,,
0.04564543813467026,4,820,,,,,
0.2812268137931824,4,821,,,,,
0.041137389838695526,4,822,,,,,
0.07737907022237778,4,823,,,,,
0.29922178387641907,4,824,,,,,
0.13969473540782928,4,825,,,,,
0.23809927701950073,4,826,,,,,
0.18669593334197998,4,827,,,,,
0.16317765414714813,4,828,,,,,
0.10559386014938354,4,829,,,,,
0.022088132798671722,4,830,,,,,
0.09798958152532578,4,831,,,,,
0.021378586068749428,4,832,,,,,
0.05408796668052673,4,833,,,,,
0.1127990111708641,4,834,,,,,
0.22639299929141998,4,835,,,,,
0.27521470189094543,4,836,,,,,
0.14518201351165771,4,837,,,,,
0.09470953047275543,4,838,,,,,
0.4056837856769562,4,839,,,,,
0.3358217179775238,4,840,,,,,
0.1903509795665741,4,841,,,,,
0.10779932141304016,4,842,,,,,
0.05156809464097023,4,843,,,,,
0.1280091255903244,4,844,,,,,
0.13465739786624908,4,845,,,,,
0.08045578747987747,4,846,,,,,
0.25203850865364075,4,847,,,,,
0.08676771074533463,4,848,,,,,
0.10315413028001785,4,849,,,,,
0.12210454791784286,4,850,,,,,
0.6394515633583069,4,851,,,,,
0.11121867597103119,4,852,,,,,
0.07309789955615997,4,853,,,,,
0.07194057106971741,4,854,,,,,
0.049027420580387115,4,855,,,,,
0.2227802723646164,4,856,,,,,
0.09173592180013657,4,857,,,,,
0.29825061559677124,4,858,,,,,
0.15615175664424896,4,859,,,,,
0.1491474062204361,4,860,,,,,
0.11908678710460663,4,861,,,,,
0.2374739795923233,4,862,,,,,
0.06607814133167267,4,863,,,,,
0.031209206208586693,4,864,,,,,
0.05684996396303177,4,865,,,,,
0.04292433336377144,4,866,,,,,
0.11825397610664368,4,867,,,,,
0.07547178119421005,4,868,,,,,
0.18726880848407745,4,869,,,,,
0.038941219449043274,4,870,,,,,
0.12470125406980515,4,871,,,,,
0.13519081473350525,4,872,,,,,
0.05710946395993233,4,873,,,,,
0.113511823117733,4,874,,,,,
0.11813747137784958,4,875,,,,,
0.03514036536216736,4,876,,,,,
0.08216812461614609,4,877,,,,,
0.15507762134075165,4,878,,,,,
0.04311957210302353,4,879,,,,,
0.06138482689857483,4,880,,,,,
0.23466891050338745,4,881,,,,,
0.047326989471912384,4,882,,,,,
0.16628605127334595,4,883,,,,,
0.0770416334271431,4,884,,,,,
0.06250794976949692,4,885,,,,,
0.028312567621469498,4,886,,,,,
0.04176488518714905,4,887,,,,,
0.0582931712269783,4,888,,,,,
0.3270825147628784,4,889,,,,,
0.08475766330957413,4,890,,,,,
0.15463800728321075,4,891,,,,,
0.10051319003105164,4,892,,,,,
0.08291366696357727,4,893,,,,,
0.07146104425191879,4,894,,,,,
0.052740149199962616,4,895,,,,,
0.07283298671245575,4,896,,,,,
0.0868024230003357,4,897,,,,,
0.07276598364114761,4,898,,,,,
0.06891804933547974,4,899,,,,,
0.3466014266014099,4,900,,,,,
0.023663854226469994,4,901,,,,,
0.11694199591875076,4,902,,,,,
0.03830919414758682,4,903,,,,,
0.05617968365550041,4,904,,,,,
0.1543545424938202,4,905,,,,,
0.21126240491867065,4,906,,,,,
0.1441379189491272,4,907,,,,,
0.023773929104208946,4,908,,,,,
0.12310747057199478,4,909,,,,,
0.021514808759093285,4,910,,,,,
0.04872304946184158,4,911,,,,,
0.3647383153438568,4,912,,,,,
0.1034381315112114,4,913,,,,,
0.1331729292869568,4,914,,,,,
0.09106901288032532,4,915,,,,,
0.09116589277982712,4,916,,,,,
0.03416866809129715,4,917,,,,,
0.06123149394989014,4,918,,,,,
0.10242416709661484,4,919,,,,,
0.037558987736701965,4,920,,,,,
0.11221538484096527,4,921,,,,,
0.053981292992830276,4,922,,,,,
0.10730205476284027,4,923,,,,,
0.08011996001005173,4,924,,,,,
0.15991371870040894,4,925,,,,,
0.0590219721198082,4,926,,,,,
0.15301775932312012,4,927,,,,,
0.11496112495660782,4,928,,,,,
0.0883912518620491,4,929,,,,,
0.03035091608762741,4,930,,,,,
0.04458356276154518,4,931,,,,,
0.5320656895637512,4,932,,,,,
0.2902916967868805,4,933,,,,,
0.10678508132696152,4,934,,,,,
0.10963232815265656,4,935,,,,,
0.06303820759057999,4,936,,,,,
0.09401156008243561,4,937,,,,,
0.03342796117067337,4,938,,,,,
0.058869242668151855,4,939,,,,,
0.1763591468334198,4,940,,,,,
0.08955536037683487,4,941,,,,,
0.050257984548807144,4,942,,,,,
0.47786539793014526,4,943,,,,,
0.06801305711269379,4,944,,,,,
0.23574772477149963,4,945,,,,,
0.049609698355197906,4,946,,,,,
0.028980053961277008,4,947,,,,,
0.09377265721559525,4,948,,,,,
0.16018512845039368,4,949,,,,,
0.14407803118228912,4,950,,,,,
0.03790553659200668,4,951,,,,,
0.0357389822602272,4,952,,,,,
0.33191850781440735,4,953,,,,,
0.13490678369998932,4,954,,,,,
0.026722948998212814,4,955,,,,,
0.10409959405660629,4,956,,,,,
0.0880066379904747,4,957,,,,,
0.1234855204820633,4,958,,,,,
0.04840536788105965,4,959,,,,,
0.039444588124752045,4,960,,,,,
0.027396591380238533,4,961,,,,,
0.06707417219877243,4,962,,,,,
0.05950738862156868,4,963,,,,,
0.11171303689479828,4,964,,,,,
0.2151135504245758,4,965,,,,,
0.6027296185493469,4,966,,,,,
0.11177084594964981,4,967,,,,,
0.10471326112747192,4,968,,,,,
0.11530505120754242,4,969,,,,,
0.3458262085914612,4,970,,,,,
0.08435583859682083,4,971,,,,,
0.1528397798538208,4,972,,,,,
0.06901198625564575,4,973,,,,,
0.06343366205692291,4,974,,,,,
0.05801231041550636,4,975,,,,,
0.19073811173439026,4,976,,,,,
0.06274718791246414,4,977,,,,,
0.09292872250080109,4,978,,,,,
0.07548052817583084,4,979,,,,,
0.09829863160848618,4,980,,,,,
0.19097459316253662,4,981,,,,,
0.09522745013237,4,982,,,,,
0.07272209227085114,4,983,,,,,
0.07283326983451843,4,984,,,,,
0.021025236696004868,4,985,,,,,
0.056025728583335876,4,986,,,,,
0.08829253911972046,4,987,,,,,
0.06203361600637436,4,988,,,,,
0.0703195258975029,4,989,,,,,
0.028926929458975792,4,990,,,,,
0.05263199284672737,4,991,,,,,
0.09483636915683746,4,992,,,,,
0.08057357370853424,4,993,,,,,
0.1861080676317215,4,994,,,,,
,,796,0.0509667731821537,,,,
,,797,0.028117293491959572,,,,
,,798,0.028117293491959572,,,,
,,799,0.0814576968550682,,,,
,,800,0.03113015554845333,,,,
,,801,0.03113015554845333,,,,
,,802,0.03113015554845333,,,,
,,803,0.08287173509597778,,,,
,,804,0.06824304908514023,,,,
,,805,0.06824304908514023,,,,
,,806,0.024336008355021477,,,,
,,807,0.008010385558009148,,,,
,,808,0.008010385558009148,,,,
,,809,0.04677833616733551,,,,
,,810,0.0474967360496521,,,,
,,811,0.0474967360496521,,,,
,,812,0.025020107626914978,,,,
,,813,0.022004172205924988,,,,
,,814,0.022004172205924988,,,,
,,815,0.04424270987510681,,,,
,,816,0.05917786434292793,,,,
,,817,0.030149810016155243,,,,
,,818,0.030149810016155243,,,,
,,819,0.024340761825442314,,,,
,,820,0.025986086577177048,,,,
,,821,0.025986086577177048,,,,
,,822,0.04440251365303993,,,,
,,823,0.008152327500283718,,,,
,,824,0.008152327500283718,,,,
,,825,0.02701793611049652,,,,
,,826,0.0585528165102005,,,,
,,827,0.04648231714963913,,,,
,,828,0.04648231714963913,,,,
,,829,0.04454009234905243,,,,
,,830,0.022194424644112587,,,,
,,831,0.022194424644112587,,,,
,,832,0.023451626300811768,,,,
,,833,0.023451626300811768,,,,
,,834,0.023451626300811768,,,,
,,835,0.04636143520474434,,,,
,,836,0.028475701808929443,,,,
,,837,0.028475701808929443,,,,
,,838,0.026372870430350304,,,,
,,839,0.009146533906459808,,,,
,,840,0.009146533906459808,,,,
,,841,0.048902448266744614,,,,
,,842,0.05058155581355095,,,,
,,843,0.05655130371451378,,,,
,,844,0.05058155581355095,,,,
,,845,0.02797730267047882,,,,
,,846,0.022494148463010788,,,,
,,847,0.022494148463010788,,,,
,,848,0.04843009635806084,,,,
,,849,0.025775020942091942,,,,
,,850,0.025775020942091942,,,,
,,851,0.027641065418720245,,,,
,,852,0.02888711355626583,,,,
,,853,0.02888711355626583,,,,
,,854,0.08533959090709686,,,,
,,855,0.06013786420226097,,,,
,,856,0.06013786420226097,,,,
,,857,0.023241598159074783,,,,
,,858,0.048763684928417206,,,,
,,859,0.048763684928417206,,,,
,,860,0.10503868758678436,,,,
,,861,0.045856256037950516,,,,
,,862,0.020927436649799347,,,,
,,863,0.020927436649799347,,,,
,,864,0.025124382227659225,,,,
,,865,0.025124382227659225,,,,
,,866,0.025124382227659225,,,,
,,867,0.045985765755176544,,,,
,,868,0.07690300047397614,,,,
,,869,0.029232071712613106,,,,
,,870,0.029232071712613106,,,,
,,871,0.02394862286746502,,,,
,,872,0.007399676367640495,,,,
,,873,0.007399676367640495,,,,
,,874,0.04422551020979881,,,,
,,875,0.04531020671129227,,,,
,,876,0.04531020671129227,,,,
,,877,0.025418519973754883,,,,
,,878,0.02287728153169155,,,,
,,879,0.02287728153169155,,,,
,,880,0.046057526022195816,,,,
,,881,0.026042472571134567,,,,
,,882,0.026042472571134567,,,,
,,883,0.02295084111392498,,,,
,,884,0.025116238743066788,,,,
,,885,0.07195921242237091,,,,
,,886,0.025116238743066788,,,,
,,887,0.04662373661994934,,,,
,,888,0.009575621224939823,,,,
,,889,0.009575621224939823,,,,
,,890,0.025709662586450577,,,,
,,891,0.0486481599509716,,,,
,,892,0.0486481599509716,,,,
,,893,0.04964122921228409,,,,
,,894,0.028117483481764793,,,,
,,895,0.028117483481764793,,,,
,,896,0.02454015240073204,,,,
,,897,0.02454015240073204,,,,
,,898,0.02454015240073204,,,,
,,899,0.04835053160786629,,,,
,,900,0.026930658146739006,,,,
,,901,0.026930658146739006,,,,
,,902,0.025471389293670654,,,,
,,903,0.06687039136886597,,,,
,,904,0.007461431436240673,,,,
,,905,0.007461431436240673,,,,
,,906,0.06011149287223816,,,,
,,907,0.06273053586483002,,,,
,,908,0.06273053586483002,,,,
,,909,0.02884315699338913,,,,
,,910,0.08264891803264618,,,,
,,911,0.02448374405503273,,,,
,,912,0.02448374405503273,,,,
,,913,0.04213038086891174,,,,
,,914,0.02835751883685589,,,,
,,915,0.02835751883685589,,,,
,,916,0.031650979071855545,,,,
,,917,0.030413800850510597,,,,
,,918,0.030413800850510597,,,,
,,919,0.0445205383002758,,,,
,,920,0.013313539326190948,,,,
,,921,0.013313539326190948,,,,
,,922,0.030583065003156662,,,,
,,923,0.04539622738957405,,,,
,,924,0.04539622738957405,,,,
,,925,0.042763203382492065,,,,
,,926,0.02214607410132885,,,,
,,927,0.02214607410132885,,,,
,,928,0.04324054345488548,,,,
,,929,0.03205890581011772,,,,
,,930,0.03205890581011772,,,,
,,931,0.03205890581011772,,,,
,,932,0.04424867033958435,,,,
,,933,0.03260422125458717,,,,
,,934,0.03260422125458717,,,,
,,935,0.027684396132826805,,,,
,,936,0.009862449951469898,,,,
,,937,0.009862449951469898,,,,
,,938,0.04687141999602318,,,,
,,939,0.0474199540913105,,,,
,,940,0.0474199540913105,,,,
,,941,0.030457740649580956,,,,
,,942,0.02578292042016983,,,,
,,943,0.02578292042016983,,,,
,,944,0.05267687514424324,,,,
,,945,0.11727232486009598,,,,
,,946,0.038485992699861526,,,,
,,947,0.038485992699861526,,,,
,,948,0.033060040324926376,,,,
,,949,0.03388950973749161,,,,
,,950,0.03388950973749161,,,,
,,951,0.0481492280960083,,,,
,,952,0.012231647968292236,,,,
,,953,0.0765341967344284,,,,
,,954,0.012231647968292236,,,,
,,955,0.02937326394021511,,,,
,,956,0.04678590968251228,,,,
,,957,0.04678590968251228,,,,
,,958,0.06336457282304764,,,,
,,959,0.04970906302332878,,,,
,,960,0.04970906302332878,,,,
,,961,0.029040228575468063,,,,
,,962,0.029040228575468063,,,,
,,963,0.029040228575468063,,,,
,,964,0.04967252537608147,,,,
,,965,0.027519959956407547,,,,
,,966,0.027519959956407547,,,,
,,967,0.030765045434236526,,,,
,,968,0.01144494954496622,,,,
,,969,0.01144494954496622,,,,
,,970,0.054607097059488297,,,,
,,971,0.07342451810836792,,,,
,,972,0.05493556708097458,,,,
,,973,0.05493556708097458,,,,
,,974,0.03072104975581169,,,,
,,975,0.028683379292488098,,,,
,,976,0.028683379292488098,,,,
,,977,0.050371281802654266,,,,
,,978,0.031192336231470108,,,,
,,979,0.031192336231470108,,,,
,,980,0.032498326152563095,,,,
,,981,0.03191415220499039,,,,
,,982,0.03191415220499039,,,,
,,983,0.05252743884921074,,,,
,,984,0.01503684837371111,,,,
,,985,0.01503684837371111,,,,
,,986,0.0269776564091444,,,,
,,987,0.0725012943148613,,,,
,,988,0.05081857368350029,,,,
,,989,0.05081857368350029,,,,
,,990,0.051384102553129196,,,,
,,991,0.02751459926366806,,,,
,,992,0.02751459926366806,,,,
,,993,0.030361389741301537,,,,
,,994,0.030361389741301537,,,,
,4,994,,0.036164555698633194,,,
,4,994,,,0.12068142741918564,0.5929648280143738,0.8844221234321594
0.21080775558948517,5,995,,,,,
0.02566053532063961,5,996,,,,,
0.08213139325380325,5,997,,,,,
0.036084212362766266,5,998,,,,,
0.07229871302843094,5,999,,,,,
0.38065698742866516,5,1000,,,,,
0.03390101343393326,5,1001,,,,,
0.0784970372915268,5,1002,,,,,
0.038079869002103806,5,1003,,,,,
0.12635090947151184,5,1004,,,,,
0.03305905684828758,5,1005,,,,,
0.10942527651786804,5,1006,,,,,
0.23874686658382416,5,1007,,,,,
0.18539437651634216,5,1008,,,,,
0.13216908276081085,5,1009,,,,,
0.12460559606552124,5,1010,,,,,
0.10512033849954605,5,1011,,,,,
0.052311211824417114,5,1012,,,,,
0.07148029655218124,5,1013,,,,,
0.1702508181333542,5,1014,,,,,
0.15178941190242767,5,1015,,,,,
0.08727540075778961,5,1016,,,,,
0.12214890867471695,5,1017,,,,,
0.029098251834511757,5,1018,,,,,
0.12657642364501953,5,1019,,,,,
0.0633712038397789,5,1020,,,,,
0.08831263333559036,5,1021,,,,,
0.09980999678373337,5,1022,,,,,
0.1997465342283249,5,1023,,,,,
0.1425471305847168,5,1024,,,,,
0.15794534981250763,5,1025,,,,,
0.20309221744537354,5,1026,,,,,
0.04163827374577522,5,1027,,,,,
0.10724935680627823,5,1028,,,,,
0.08576962351799011,5,1029,,,,,
0.08717349916696548,5,1030,,,,,
0.03427969291806221,5,1031,,,,,
0.03457208350300789,5,1032,,,,,
0.05220150947570801,5,1033,,,,,
0.16470511257648468,5,1034,,,,,
0.06832252442836761,5,1035,,,,,
0.11796820908784866,5,1036,,,,,
0.04670742154121399,5,1037,,,,,
0.033444903790950775,5,1038,,,,,
0.02219284512102604,5,1039,,,,,
0.02152259647846222,5,1040,,,,,
0.0630488470196724,5,1041,,,,,
0.027753053233027458,5,1042,,,,,
0.06333550065755844,5,1043,,,,,
0.054014794528484344,5,1044,,,,,
0.10514825582504272,5,1045,,,,,
0.1313333660364151,5,1046,,,,,
0.015040001831948757,5,1047,,,,,
0.0819702297449112,5,1048,,,,,
0.1356833428144455,5,1049,,,,,
0.09700258821249008,5,1050,,,,,
0.059644147753715515,5,1051,,,,,
0.4730665981769562,5,1052,,,,,
0.19369082152843475,5,1053,,,,,
0.13851332664489746,5,1054,,,,,
0.10664102435112,5,1055,,,,,
0.060323316603899,5,1056,,,,,
0.0983806923031807,5,1057,,,,,
0.05700460076332092,5,1058,,,,,
0.06378915160894394,5,1059,,,,,
0.05059739947319031,5,1060,,,,,
0.04892643913626671,5,1061,,,,,
0.1837160885334015,5,1062,,,,,
0.06411578506231308,5,1063,,,,,
0.08025550097227097,5,1064,,,,,
0.07992638647556305,5,1065,,,,,
0.10494295507669449,5,1066,,,,,
0.026831891387701035,5,1067,,,,,
0.32497864961624146,5,1068,,,,,
0.02373214066028595,5,1069,,,,,
0.012470345012843609,5,1070,,,,,
0.2918819487094879,5,1071,,,,,
0.05355444923043251,5,1072,,,,,
0.10185098648071289,5,1073,,,,,
0.07663732767105103,5,1074,,,,,
0.0833471491932869,5,1075,,,,,
0.4286532998085022,5,1076,,,,,
0.061132073402404785,5,1077,,,,,
0.031278301030397415,5,1078,,,,,
0.049405310302972794,5,1079,,,,,
0.05078960582613945,5,1080,,,,,
0.056894220411777496,5,1081,,,,,
0.049817267805337906,5,1082,,,,,
0.021130360662937164,5,1083,,,,,
0.126590758562088,5,1084,,,,,
0.03708834573626518,5,1085,,,,,
0.07706940919160843,5,1086,,,,,
0.027994051575660706,5,1087,,,,,
0.0029302225448191166,5,1088,,,,,
0.07177841663360596,5,1089,,,,,
0.4337741732597351,5,1090,,,,,
0.11257728189229965,5,1091,,,,,
0.05662188678979874,5,1092,,,,,
0.04660933092236519,5,1093,,,,,
0.088173046708107,5,1094,,,,,
0.10469157993793488,5,1095,,,,,
0.013942522928118706,5,1096,,,,,
0.036487482488155365,5,1097,,,,,
0.19628918170928955,5,1098,,,,,
0.12566499412059784,5,1099,,,,,
0.035789553076028824,5,1100,,,,,
0.0366128608584404,5,1101,,,,,
0.06574294716119766,5,1102,,,,,
0.1305381804704666,5,1103,,,,,
0.06756178289651871,5,1104,,,,,
0.07675322145223618,5,1105,,,,,
0.12038954347372055,5,1106,,,,,
0.04607885330915451,5,1107,,,,,
0.08684270828962326,5,1108,,,,,
0.17494338750839233,5,1109,,,,,
0.06513188034296036,5,1110,,,,,
0.03334697708487511,5,1111,,,,,
0.07382544130086899,5,1112,,,,,
0.6017957329750061,5,1113,,,,,
0.027553291991353035,5,1114,,,,,
0.055120110511779785,5,1115,,,,,
0.4859403967857361,5,1116,,,,,
0.08017123490571976,5,1117,,,,,
0.5869082808494568,5,1118,,,,,
0.2023722231388092,5,1119,,,,,
0.15113331377506256,5,1120,,,,,
0.1734563112258911,5,1121,,,,,
0.21306736767292023,5,1122,,,,,
0.06625818461179733,5,1123,,,,,
0.06807790696620941,5,1124,,,,,
0.21005570888519287,5,1125,,,,,
0.13312046229839325,5,1126,,,,,
0.050728026777505875,5,1127,,,,,
0.13288013637065887,5,1128,,,,,
0.36299023032188416,5,1129,,,,,
0.02112993411719799,5,1130,,,,,
0.09902837127447128,5,1131,,,,,
0.12259741127490997,5,1132,,,,,
0.06577950716018677,5,1133,,,,,
0.0625130757689476,5,1134,,,,,
0.18160086870193481,5,1135,,,,,
0.07297689467668533,5,1136,,,,,
0.042002398520708084,5,1137,,,,,
0.03489725664258003,5,1138,,,,,
0.1842292696237564,5,1139,,,,,
0.0854744017124176,5,1140,,,,,
0.04008311405777931,5,1141,,,,,
0.296134352684021,5,1142,,,,,
0.048931919038295746,5,1143,,,,,
0.03457297757267952,5,1144,,,,,
0.08076474815607071,5,1145,,,,,
0.08270152658224106,5,1146,,,,,
0.09395262598991394,5,1147,,,,,
0.09560059010982513,5,1148,,,,,
0.1757313460111618,5,1149,,,,,
0.06387536972761154,5,1150,,,,,
0.11470817029476166,5,1151,,,,,
0.0635874792933464,5,1152,,,,,
0.10252644866704941,5,1153,,,,,
0.07438870519399643,5,1154,,,,,
0.0771740972995758,5,1155,,,,,
0.02076907828450203,5,1156,,,,,
0.01556398719549179,5,1157,,,,,
0.02946263737976551,5,1158,,,,,
0.04667754843831062,5,1159,,,,,
0.030123598873615265,5,1160,,,,,
0.05747809633612633,5,1161,,,,,
0.07871074974536896,5,1162,,,,,
0.05455140769481659,5,1163,,,,,
0.0948539525270462,5,1164,,,,,
0.2709900438785553,5,1165,,,,,
0.05105699598789215,5,1166,,,,,
0.013736214488744736,5,1167,,,,,
0.058800239115953445,5,1168,,,,,
0.027708353474736214,5,1169,,,,,
0.04292747378349304,5,1170,,,,,
0.010393292643129826,5,1171,,,,,
0.03708450868725777,5,1172,,,,,
0.08346817642450333,5,1173,,,,,
0.04347773268818855,5,1174,,,,,
0.08186016976833344,5,1175,,,,,
0.03841128945350647,5,1176,,,,,
0.10321000218391418,5,1177,,,,,
0.10395912081003189,5,1178,,,,,
0.050876013934612274,5,1179,,,,,
0.05938950181007385,5,1180,,,,,
0.031552623957395554,5,1181,,,,,
0.053885430097579956,5,1182,,,,,
0.2450999617576599,5,1183,,,,,
0.023620033636689186,5,1184,,,,,
0.07774827629327774,5,1185,,,,,
0.00866108387708664,5,1186,,,,,
0.026873867958784103,5,1187,,,,,
0.032551780343055725,5,1188,,,,,
0.041894055902957916,5,1189,,,,,
0.03363421931862831,5,1190,,,,,
0.02783215045928955,5,1191,,,,,
0.0630950778722763,5,1192,,,,,
0.13452813029289246,5,1193,,,,,
,,995,0.037150125950574875,,,,
,,996,0.011349468491971493,,,,
,,997,0.011349468491971493,,,,
,,998,0.025892838835716248,,,,
,,999,0.017203209921717644,,,,
,,1000,0.017203209921717644,,,,
,,1001,0.017203209921717644,,,,
,,1002,0.17994125187397003,,,,
,,1003,0.20242410898208618,,,,
,,1004,0.20242410898208618,,,,
,,1005,0.01063301507383585,,,,
,,1006,0.0020893176551908255,,,,
,,1007,0.0020893176551908255,,,,
,,1008,0.030015382915735245,,,,
,,1009,0.030362019315361977,,,,
,,1010,0.030362019315361977,,,,
,,1011,0.01075586024671793,,,,
,,1012,0.010268015787005424,,,,
,,1013,0.010268015787005424,,,,
,,1014,0.026868615299463272,,,,
,,1015,0.028926607221364975,,,,
,,1016,0.012479913420975208,,,,
,,1017,0.012479913420975208,,,,
,,1018,0.010733045637607574,,,,
,,1019,0.030604850500822067,,,,
,,1020,0.030604850500822067,,,,
,,1021,0.027427006512880325,,,,
,,1022,0.002250027609989047,,,,
,,1023,0.002250027609989047,,,,
,,1024,0.011697417125105858,,,,
,,1025,0.028351793065667152,,,,
,,1026,0.031038999557495117,,,,
,,1027,0.031038999557495117,,,,
,,1028,0.02803899347782135,,,,
,,1029,0.008405706845223904,,,,
,,1030,0.008405706845223904,,,,
,,1031,0.01162605918943882,,,,
,,1032,0.01162605918943882,,,,
,,1033,0.01162605918943882,,,,
,,1034,0.029387060552835464,,,,
,,1035,0.03391067311167717,,,,
,,1036,0.03391067311167717,,,,
,,1037,0.00964257214218378,,,,
,,1038,0.0022469847463071346,,,,
,,1039,0.0022469847463071346,,,,
,,1040,0.03414437174797058,,,,
,,1041,0.035948533564805984,,,,
,,1042,0.033602844923734665,,,,
,,1043,0.035948533564805984,,,,
,,1044,0.009866125881671906,,,,
,,1045,0.009357881732285023,,,,
,,1046,0.009357881732285023,,,,
,,1047,0.033701639622449875,,,,
,,1048,0.011864022351801395,,,,
,,1049,0.011864022351801395,,,,
,,1050,0.012172679416835308,,,,
,,1051,0.028713351115584373,,,,
,,1052,0.028713351115584373,,,,
,,1053,0.09001866728067398,,,,
,,1054,0.1436598300933838,,,,
,,1055,0.1436598300933838,,,,
,,1056,0.009594451636075974,,,,
,,1057,0.03605428338050842,,,,
,,1058,0.03605428338050842,,,,
,,1059,0.0321798101067543,,,,
,,1060,0.030464189127087593,,,,
,,1061,0.009470422752201557,,,,
,,1062,0.009470422752201557,,,,
,,1063,0.009851131588220596,,,,
,,1064,0.009851131588220596,,,,
,,1065,0.009851131588220596,,,,
,,1066,0.03138664364814758,,,,
,,1067,0.032075680792331696,,,,
,,1068,0.030859317630529404,,,,
,,1069,0.030859317630529404,,,,
,,1070,0.009123530238866806,,,,
,,1071,0.0017951318295672536,,,,
,,1072,0.0017951318295672536,,,,
,,1073,0.030309243127703667,,,,
,,1074,0.032434362918138504,,,,
,,1075,0.032434362918138504,,,,
,,1076,0.010235325433313847,,,,
,,1077,0.010013620369136333,,,,
,,1078,0.010013620369136333,,,,
,,1079,0.031968485563993454,,,,
,,1080,0.010498277842998505,,,,
,,1081,0.010498277842998505,,,,
,,1082,0.009913351386785507,,,,
,,1083,0.02842695266008377,,,,
,,1084,0.014015261083841324,,,,
,,1085,0.02842695266008377,,,,
,,1086,0.031582750380039215,,,,
,,1087,0.0025223956909030676,,,,
,,1088,0.0025223956909030676,,,,
,,1089,0.008679897524416447,,,,
,,1090,0.0367458239197731,,,,
,,1091,0.0367458239197731,,,,
,,1092,0.040231212973594666,,,,
,,1093,0.012262686155736446,,,,
,,1094,0.012262686155736446,,,,
,,1095,0.0089833689853549,,,,
,,1096,0.0089833689853549,,,,
,,1097,0.0089833689853549,,,,
,,1098,0.03683467581868172,,,,
,,1099,0.027926497161388397,,,,
,,1100,0.027926497161388397,,,,
,,1101,0.011751935817301273,,,,
,,1102,0.03277324512600899,,,,
,,1103,0.002374297007918358,,,,
,,1104,0.002374297007918358,,,,
,,1105,0.13256113231182098,,,,
,,1106,0.14415700733661652,,,,
,,1107,0.14415700733661652,,,,
,,1108,0.011124256998300552,,,,
,,1109,0.07923215627670288,,,,
,,1110,0.009937846101820469,,,,
,,1111,0.009937846101820469,,,,
,,1112,0.02620946802198887,,,,
,,1113,0.01433944795280695,,,,
,,1114,0.01433944795280695,,,,
,,1115,0.011629567481577396,,,,
,,1116,0.032000742852687836,,,,
,,1117,0.032000742852687836,,,,
,,1118,0.026379471644759178,,,,
,,1119,0.0023545934818685055,,,,
,,1120,0.0023545934818685055,,,,
,,1121,0.010995175689458847,,,,
,,1122,0.031672410666942596,,,,
,,1123,0.031672410666942596,,,,
,,1124,0.02640513889491558,,,,
,,1125,0.008279956877231598,,,,
,,1126,0.008279956877231598,,,,
,,1127,0.030646145343780518,,,,
,,1128,0.01196814514696598,,,,
,,1129,0.01196814514696598,,,,
,,1130,0.01196814514696598,,,,
,,1131,0.02688491903245449,,,,
,,1132,0.03517122566699982,,,,
,,1133,0.03517122566699982,,,,
,,1134,0.011899012140929699,,,,
,,1135,0.0022733546793460846,,,,
,,1136,0.0022733546793460846,,,,
,,1137,0.027068620547652245,,,,
,,1138,0.027660511434078217,,,,
,,1139,0.027660511434078217,,,,
,,1140,0.010268018580973148,,,,
,,1141,0.010662569664418697,,,,
,,1142,0.010662569664418697,,,,
,,1143,0.03594879060983658,,,,
,,1144,0.19770018756389618,,,,
,,1145,0.014071239158511162,,,,
,,1146,0.014071239158511162,,,,
,,1147,0.010362892411649227,,,,
,,1148,0.03109707497060299,,,,
,,1149,0.03109707497060299,,,,
,,1150,0.03207777440547943,,,,
,,1151,0.0024463962763547897,,,,
,,1152,0.04153063893318176,,,,
,,1153,0.0024463962763547897,,,,
,,1154,0.012202060781419277,,,,
,,1155,0.03676753491163254,,,,
,,1156,0.03676753491163254,,,,
,,1157,0.10298438370227814,,,,
,,1158,0.09981287270784378,,,,
,,1159,0.09981287270784378,,,,
,,1160,0.009972894564270973,,,,
,,1161,0.009972894564270973,,,,
,,1162,0.009972894564270973,,,,
,,1163,0.03186870366334915,,,,
,,1164,0.03186771646142006,,,,
,,1165,0.03186771646142006,,,,
,,1166,0.009908054023981094,,,,
,,1167,0.0022519389167428017,,,,
,,1168,0.0022519389167428017,,,,
,,1169,0.03172688186168671,,,,
,,1170,0.06501965969800949,,,,
,,1171,0.033812180161476135,,,,
,,1172,0.033812180161476135,,,,
,,1173,0.009823501110076904,,,,
,,1174,0.010061867535114288,,,,
,,1175,0.010061867535114288,,,,
,,1176,0.03091263212263584,,,,
,,1177,0.01099160872399807,,,,
,,1178,0.01099160872399807,,,,
,,1179,0.010122968815267086,,,,
,,1180,0.028178906068205833,,,,
,,1181,0.028178906068205833,,,,
,,1182,0.03218884393572807,,,,
,,1183,0.001914084772579372,,,,
,,1184,0.001914084772579372,,,,
,,1185,0.00999721884727478,,,,
,,1186,0.06170477345585823,,,,
,,1187,0.035995397716760635,,,,
,,1188,0.035995397716760635,,,,
,,1189,0.031162068247795105,,,,
,,1190,0.00966404378414154,,,,
,,1191,0.00966404378414154,,,,
,,1192,0.008800651878118515,,,,
,,1193,0.008800651878118515,,,,
,5,1193,,0.0279329102486372,,,
,5,1193,,,0.10038035362958908,0.733668327331543,0.8743718862533569
0.023104960098862648,6,1194,,,,,
0.24125295877456665,6,1195,,,,,
0.012838244438171387,6,1196,,,,,
0.13756035268306732,6,1197,,,,,
0.13830383121967316,6,1198,,,,,
0.03387124091386795,6,1199,,,,,
0.04931849613785744,6,1200,,,,,
0.32650214433670044,6,1201,,,,,
0.08616090565919876,6,1202,,,,,
0.8093733191490173,6,1203,,,,,
0.04570237547159195,6,1204,,,,,
0.040107328444719315,6,1205,,,,,
0.12115595489740372,6,1206,,,,,
0.257284015417099,6,1207,,,,,
0.06333782523870468,6,1208,,,,,
0.02042481116950512,6,1209,,,,,
0.05176430568099022,6,1210,,,,,
0.1660902202129364,6,1211,,,,,
0.03221816569566727,6,1212,,,,,
0.04751373827457428,6,1213,,,,,
0.057464879006147385,6,1214,,,,,
0.2185852825641632,6,1215,,,,,
0.2784576117992401,6,1216,,,,,
0.13022854924201965,6,1217,,,,,
0.0871574878692627,6,1218,,,,,
0.15175075829029083,6,1219,,,,,
0.07591605186462402,6,1220,,,,,
0.05826443061232567,6,1221,,,,,
0.21356181800365448,6,1222,,,,,
0.17864535748958588,6,1223,,,,,
0.06671260297298431,6,1224,,,,,
0.11176183074712753,6,1225,,,,,
0.15875498950481415,6,1226,,,,,
0.05825688689947128,6,1227,,,,,
0.1775313913822174,6,1228,,,,,
0.139034703373909,6,1229,,,,,
0.10947941988706589,6,1230,,,,,
0.18723170459270477,6,1231,,,,,
0.053891491144895554,6,1232,,,,,
0.1349867731332779,6,1233,,,,,
0.05145719647407532,6,1234,,,,,
0.04049854353070259,6,1235,,,,,
0.10153287649154663,6,1236,,,,,
0.0908350944519043,6,1237,,,,,
0.11548222601413727,6,1238,,,,,
0.06701583415269852,6,1239,,,,,
0.18365177512168884,6,1240,,,,,
0.11920196563005447,6,1241,,,,,
0.09925955533981323,6,1242,,,,,
0.22505128383636475,6,1243,,,,,
0.21414031088352203,6,1244,,,,,
0.03762250021100044,6,1245,,,,,
0.026844177395105362,6,1246,,,,,
0.06473034620285034,6,1247,,,,,
0.20979882776737213,6,1248,,,,,
0.1151956170797348,6,1249,,,,,
0.10225625336170197,6,1250,,,,,
0.04945235699415207,6,1251,,,,,
0.0649000033736229,6,1252,,,,,
0.06439229100942612,6,1253,,,,,
0.05701852962374687,6,1254,,,,,
0.035833846777677536,6,1255,,,,,
0.05522872507572174,6,1256,,,,,
0.05606190487742424,6,1257,,,,,
0.026176653802394867,6,1258,,,,,
0.049305468797683716,6,1259,,,,,
0.39667466282844543,6,1260,,,,,
0.06467536091804504,6,1261,,,,,
0.07217389345169067,6,1262,,,,,
0.00803339947015047,6,1263,,,,,
0.03396335616707802,6,1264,,,,,
0.006423612590879202,6,1265,,,,,
0.03516235947608948,6,1266,,,,,
0.4126700460910797,6,1267,,,,,
0.181493878364563,6,1268,,,,,
0.049244750291109085,6,1269,,,,,
0.0554695762693882,6,1270,,,,,
0.09155146777629852,6,1271,,,,,
0.8293972015380859,6,1272,,,,,
0.04919257387518883,6,1273,,,,,
0.012424676679074764,6,1274,,,,,
0.12867417931556702,6,1275,,,,,
0.035063065588474274,6,1276,,,,,
0.052891794592142105,6,1277,,,,,
0.3651406764984131,6,1278,,,,,
0.04334796592593193,6,1279,,,,,
0.042902618646621704,6,1280,,,,,
0.07032277435064316,6,1281,,,,,
0.04590132087469101,6,1282,,,,,
0.06426193565130234,6,1283,,,,,
0.06117571145296097,6,1284,,,,,
0.05790511146187782,6,1285,,,,,
0.030165188014507294,6,1286,,,,,
0.07945141196250916,6,1287,,,,,
0.01045832596719265,6,1288,,,,,
0.09990929067134857,6,1289,,,,,
0.06975337117910385,6,1290,,,,,
0.12317819148302078,6,1291,,,,,
0.20908577740192413,6,1292,,,,,
0.06492410600185394,6,1293,,,,,
0.046368557959795,6,1294,,,,,
0.11260433495044708,6,1295,,,,,
0.11045923084020615,6,1296,,,,,
0.0388789176940918,6,1297,,,,,
0.027652917429804802,6,1298,,,,,
0.022271275520324707,6,1299,,,,,
0.21331888437271118,6,1300,,,,,
0.08403410017490387,6,1301,,,,,
0.13068202137947083,6,1302,,,,,
0.038012322038412094,6,1303,,,,,
0.11415250599384308,6,1304,,,,,
0.029606197029352188,6,1305,,,,,
0.023358367383480072,6,1306,,,,,
0.02433357574045658,6,1307,,,,,
0.04101885110139847,6,1308,,,,,
0.19618627429008484,6,1309,,,,,
0.026631545275449753,6,1310,,,,,
0.09279921650886536,6,1311,,,,,
0.04131942614912987,6,1312,,,,,
0.1041770949959755,6,1313,,,,,
0.04962180554866791,6,1314,,,,,
0.1312333643436432,6,1315,,,,,
0.1830279678106308,6,1316,,,,,
0.023409351706504822,6,1317,,,,,
0.02762599103152752,6,1318,,,,,
0.09409060329198837,6,1319,,,,,
0.04587933048605919,6,1320,,,,,
0.03424707055091858,6,1321,,,,,
0.016224931925535202,6,1322,,,,,
0.03817504644393921,6,1323,,,,,
0.08009015023708344,6,1324,,,,,
0.23895449936389923,6,1325,,,,,
0.039794884622097015,6,1326,,,,,
0.05677158385515213,6,1327,,,,,
0.08165495842695236,6,1328,,,,,
0.008656310848891735,6,1329,,,,,
0.028390999883413315,6,1330,,,,,
0.007709809113293886,6,1331,,,,,
0.05724644288420677,6,1332,,,,,
0.030384374782443047,6,1333,,,,,
0.02635297365486622,6,1334,,,,,
0.12572816014289856,6,1335,,,,,
0.022357163950800896,6,1336,,,,,
0.06285348534584045,6,1337,,,,,
0.04259611293673515,6,1338,,,,,
0.14704962074756622,6,1339,,,,,
0.1779973953962326,6,1340,,,,,
0.06698623299598694,6,1341,,,,,
0.013201726600527763,6,1342,,,,,
0.008295450359582901,6,1343,,,,,
0.040338724851608276,6,1344,,,,,
0.0770256370306015,6,1345,,,,,
0.12865349650382996,6,1346,,,,,
0.08889208734035492,6,1347,,,,,
0.34850385785102844,6,1348,,,,,
0.1274992972612381,6,1349,,,,,
0.18380427360534668,6,1350,,,,,
0.03294006735086441,6,1351,,,,,
0.0368778258562088,6,1352,,,,,
0.023495560511946678,6,1353,,,,,
0.02018393948674202,6,1354,,,,,
0.01192269753664732,6,1355,,,,,
0.033166103065013885,6,1356,,,,,
0.025801992043852806,6,1357,,,,,
0.046326398849487305,6,1358,,,,,
0.04396756738424301,6,1359,,,,,
0.06781762838363647,6,1360,,,,,
0.09300096333026886,6,1361,,,,,
0.05612791329622269,6,1362,,,,,
0.03052428551018238,6,1363,,,,,
0.03440717235207558,6,1364,,,,,
0.27338725328445435,6,1365,,,,,
0.05009925365447998,6,1366,,,,,
0.05984361469745636,6,1367,,,,,
0.15866626799106598,6,1368,,,,,
0.04134545102715492,6,1369,,,,,
0.03258340060710907,6,1370,,,,,
0.022225147113204002,6,1371,,,,,
0.09475401043891907,6,1372,,,,,
0.04417378455400467,6,1373,,,,,
0.09571593999862671,6,1374,,,,,
0.1440739780664444,6,1375,,,,,
0.16301600635051727,6,1376,,,,,
0.15655268728733063,6,1377,,,,,
0.12101291120052338,6,1378,,,,,
0.01391127984970808,6,1379,,,,,
0.18225327134132385,6,1380,,,,,
0.15758885443210602,6,1381,,,,,
0.1792851686477661,6,1382,,,,,
0.06922715902328491,6,1383,,,,,
0.04301615431904793,6,1384,,,,,
0.05200451239943504,6,1385,,,,,
0.04912819713354111,6,1386,,,,,
0.07717069983482361,6,1387,,,,,
0.06562946736812592,6,1388,,,,,
0.1486191302537918,6,1389,,,,,
0.03236820176243782,6,1390,,,,,
0.07276403158903122,6,1391,,,,,
0.03440607339143753,6,1392,,,,,
,,1194,0.035360146313905716,,,,
,,1195,0.007285418454557657,,,,
,,1196,0.007285418454557657,,,,
,,1197,0.01632964238524437,,,,
,,1198,0.022064650431275368,,,,
,,1199,0.022064650431275368,,,,
,,1200,0.022064650431275368,,,,
,,1201,0.08897927403450012,,,,
,,1202,0.10865211486816406,,,,
,,1203,0.10865211486816406,,,,
,,1204,0.011260542087256908,,,,
,,1205,0.004060271196067333,,,,
,,1206,0.004060271196067333,,,,
,,1207,0.029483387246727943,,,,
,,1208,0.02233126387000084,,,,
,,1209,0.02233126387000084,,,,
,,1210,0.01018375251442194,,,,
,,1211,0.0060824924148619175,,,,
,,1212,0.0060824924148619175,,,,
,,1213,0.022937048226594925,,,,
,,1214,0.01930510438978672,,,,
,,1215,0.01355571299791336,,,,
,,1216,0.01355571299791336,,,,
,,1217,0.011780046857893467,,,,
,,1218,0.03562335669994354,,,,
,,1219,0.03562335669994354,,,,
,,1220,0.024403806775808334,,,,
,,1221,0.005430866032838821,,,,
,,1222,0.005430866032838821,,,,
,,1223,0.012965838424861431,,,,
,,1224,0.02243829146027565,,,,
,,1225,0.01980612799525261,,,,
,,1226,0.01980612799525261,,,,
,,1227,0.027355821803212166,,,,
,,1228,0.015483129769563675,,,,
,,1229,0.015483129769563675,,,,
,,1230,0.01979474164545536,,,,
,,1231,0.01979474164545536,,,,
,,1232,0.01979474164545536,,,,
,,1233,0.029422203078866005,,,,
,,1234,0.035317014902830124,,,,
,,1235,0.035317014902830124,,,,
,,1236,0.010191241279244423,,,,
,,1237,0.003285958431661129,,,,
,,1238,0.003285958431661129,,,,
,,1239,0.028968438506126404,,,,
,,1240,0.02270776405930519,,,,
,,1241,0.034809987992048264,,,,
,,1242,0.02270776405930519,,,,
,,1243,0.010667326860129833,,,,
,,1244,0.006058295723050833,,,,
,,1245,0.006058295723050833,,,,
,,1246,0.03338046744465828,,,,
,,1247,0.011204328387975693,,,,
,,1248,0.011204328387975693,,,,
,,1249,0.017752159386873245,,,,
,,1250,0.03809543326497078,,,,
,,1251,0.03809543326497078,,,,
,,1252,0.08112016320228577,,,,
,,1253,0.11280031502246857,,,,
,,1254,0.11280031502246857,,,,
,,1255,0.010414077900350094,,,,
,,1256,0.027226801961660385,,,,
,,1257,0.027226801961660385,,,,
,,1258,0.029014328494668007,,,,
,,1259,0.032107867300510406,,,,
,,1260,0.007301274687051773,,,,
,,1261,0.007301274687051773,,,,
,,1262,0.009585912339389324,,,,
,,1263,0.009585912339389324,,,,
,,1264,0.009585912339389324,,,,
,,1265,0.02731182985007763,,,,
,,1266,0.018048712983727455,,,,
,,1267,0.03644054755568504,,,,
,,1268,0.03644054755568504,,,,
,,1269,0.010336998850107193,,,,
,,1270,0.006516799330711365,,,,
,,1271,0.006516799330711365,,,,
,,1272,0.02656072936952114,,,,
,,1273,0.020083431154489517,,,,
,,1274,0.020083431154489517,,,,
,,1275,0.011682791635394096,,,,
,,1276,0.007176350336521864,,,,
,,1277,0.007176350336521864,,,,
,,1278,0.028812630102038383,,,,
,,1279,0.012811120599508286,,,,
,,1280,0.012811120599508286,,,,
,,1281,0.015984749421477318,,,,
,,1282,0.0410255566239357,,,,
,,1283,0.015974387526512146,,,,
,,1284,0.0410255566239357,,,,
,,1285,0.0315016433596611,,,,
,,1286,0.0025744298473000526,,,,
,,1287,0.0025744298473000526,,,,
,,1288,0.00945372600108385,,,,
,,1289,0.02332707867026329,,,,
,,1290,0.02332707867026329,,,,
,,1291,0.03073720447719097,,,,
,,1292,0.006830250378698111,,,,
,,1293,0.006830250378698111,,,,
,,1294,0.009873266331851482,,,,
,,1295,0.009873266331851482,,,,
,,1296,0.009873266331851482,,,,
,,1297,0.03562253341078758,,,,
,,1298,0.02981032058596611,,,,
,,1299,0.02981032058596611,,,,
,,1300,0.015798887237906456,,,,
,,1301,0.0468473806977272,,,,
,,1302,0.0042159417644143105,,,,
,,1303,0.0042159417644143105,,,,
,,1304,0.09928029030561447,,,,
,,1305,0.10983863472938538,,,,
,,1306,0.10983863472938538,,,,
,,1307,0.01451186090707779,,,,
,,1308,0.1294630914926529,,,,
,,1309,0.00924371276050806,,,,
,,1310,0.00924371276050806,,,,
,,1311,0.02430223487317562,,,,
,,1312,0.014443737454712391,,,,
,,1313,0.014443737454712391,,,,
,,1314,0.01265185046941042,,,,
,,1315,0.038008496165275574,,,,
,,1316,0.038008496165275574,,,,
,,1317,0.020411495119333267,,,,
,,1318,0.004242975264787674,,,,
,,1319,0.004242975264787674,,,,
,,1320,0.01387836504727602,,,,
,,1321,0.01758153922855854,,,,
,,1322,0.01758153922855854,,,,
,,1323,0.020502565428614616,,,,
,,1324,0.006253992673009634,,,,
,,1325,0.006253992673009634,,,,
,,1326,0.05912702903151512,,,,
,,1327,0.015460330061614513,,,,
,,1328,0.015460330061614513,,,,
,,1329,0.015460330061614513,,,,
,,1330,0.022952165454626083,,,,
,,1331,0.04935178905725479,,,,
,,1332,0.04935178905725479,,,,
,,1333,0.0233907513320446,,,,
,,1334,0.03717665746808052,,,,
,,1335,0.03717665746808052,,,,
,,1336,0.023989185690879822,,,,
,,1337,0.018167585134506226,,,,
,,1338,0.018167585134506226,,,,
,,1339,0.012213613837957382,,,,
,,1340,0.006154966540634632,,,,
,,1341,0.006154966540634632,,,,
,,1342,0.023712173104286194,,,,
,,1343,0.15137480199337006,,,,
,,1344,0.013826884329319,,,,
,,1345,0.013826884329319,,,,
,,1346,0.012833678163588047,,,,
,,1347,0.0409531444311142,,,,
,,1348,0.0409531444311142,,,,
,,1349,0.027237052097916603,,,,
,,1350,0.0025890334509313107,,,,
,,1351,0.025646518915891647,,,,
,,1352,0.0025890334509313107,,,,
,,1353,0.016365619376301765,,,,
,,1354,0.027639692649245262,,,,
,,1355,0.027639692649245262,,,,
,,1356,0.10388460755348206,,,,
,,1357,0.09205508977174759,,,,
,,1358,0.09205508977174759,,,,
,,1359,0.010740164667367935,,,,
,,1360,0.010740164667367935,,,,
,,1361,0.010740164667367935,,,,
,,1362,0.0313078947365284,,,,
,,1363,0.0337810143828392,,,,
,,1364,0.0337810143828392,,,,
,,1365,0.009492556564509869,,,,
,,1366,0.0023032361641526222,,,,
,,1367,0.0023032361641526222,,,,
,,1368,0.02701561525464058,,,,
,,1369,0.059472184628248215,,,,
,,1370,0.019963091239333153,,,,
,,1371,0.019963091239333153,,,,
,,1372,0.010843290947377682,,,,
,,1373,0.006392409559339285,,,,
,,1374,0.006392409559339285,,,,
,,1375,0.02593776397407055,,,,
,,1376,0.01211273018270731,,,,
,,1377,0.01211273018270731,,,,
,,1378,0.011667106300592422,,,,
,,1379,0.03415201976895332,,,,
,,1380,0.03415201976895332,,,,
,,1381,0.02896055206656456,,,,
,,1382,0.014368689619004726,,,,
,,1383,0.014368689619004726,,,,
,,1384,0.017425522208213806,,,,
,,1385,0.044426850974559784,,,,
,,1386,0.025424614548683167,,,,
,,1387,0.025424614548683167,,,,
,,1388,0.02935968153178692,,,,
,,1389,0.006085811648517847,,,,
,,1390,0.006085811648517847,,,,
,,1391,0.009849085472524166,,,,
,,1392,0.009849085472524166,,,,
,6,1392,,0.025435488671064377,,,
,6,1392,,,0.09697556495666504,0.8090452551841736,0.9145728349685669
0.06462510675191879,7,1393,,,,,
0.0754120722413063,7,1394,,,,,
0.08431993424892426,7,1395,,,,,
0.04331817105412483,7,1396,,,,,
0.06504347920417786,7,1397,,,,,
0.04651468247175217,7,1398,,,,,
0.06408065557479858,7,1399,,,,,
0.12462032586336136,7,1400,,,,,
0.14977498352527618,7,1401,,,,,
0.024833116680383682,7,1402,,,,,
0.030940335243940353,7,1403,,,,,
0.014442655257880688,7,1404,,,,,
0.02525613084435463,7,1405,,,,,
0.051855556666851044,7,1406,,,,,
0.09549355506896973,7,1407,,,,,
0.03457174822688103,7,1408,,,,,
0.062138620764017105,7,1409,,,,,
0.07946762442588806,7,1410,,,,,
0.08093012124300003,7,1411,,,,,
0.07480452209711075,7,1412,,,,,
0.24442581832408905,7,1413,,,,,
0.04528109356760979,7,1414,,,,,
0.05694451928138733,7,1415,,,,,
0.06096324324607849,7,1416,,,,,
0.04329608753323555,7,1417,,,,,
0.04716511815786362,7,1418,,,,,
0.23798683285713196,7,1419,,,,,
0.2940119206905365,7,1420,,,,,
0.043531037867069244,7,1421,,,,,
0.20472899079322815,7,1422,,,,,
0.028377050533890724,7,1423,,,,,
0.24794335663318634,7,1424,,,,,
0.029353028163313866,7,1425,,,,,
0.1435079574584961,7,1426,,,,,
0.085209421813488,7,1427,,,,,
0.0684441477060318,7,1428,,,,,
0.06798146665096283,7,1429,,,,,
0.023704813793301582,7,1430,,,,,
0.056659601628780365,7,1431,,,,,
0.024350915104150772,7,1432,,,,,
0.05116768181324005,7,1433,,,,,
0.03826994076371193,7,1434,,,,,
0.1000177413225174,7,1435,,,,,
0.01579943671822548,7,1436,,,,,
0.0311543270945549,7,1437,,,,,
0.023908859118819237,7,1438,,,,,
0.033291611820459366,7,1439,,,,,
0.06662449240684509,7,1440,,,,,
0.41353726387023926,7,1441,,,,,
0.014397966675460339,7,1442,,,,,
0.03021756373345852,7,1443,,,,,
0.038586582988500595,7,1444,,,,,
0.018714433535933495,7,1445,,,,,
0.018804285675287247,7,1446,,,,,
0.02123325504362583,7,1447,,,,,
0.030861375853419304,7,1448,,,,,
0.1506144255399704,7,1449,,,,,
0.010763057507574558,7,1450,,,,,
0.034172218292951584,7,1451,,,,,
0.011533713899552822,7,1452,,,,,
0.7462405562400818,7,1453,,,,,
0.016529297456145287,7,1454,,,,,
0.05560716986656189,7,1455,,,,,
0.129982590675354,7,1456,,,,,
0.01588868536055088,7,1457,,,,,
0.08322268724441528,7,1458,,,,,
0.03711274266242981,7,1459,,,,,
0.025511007755994797,7,1460,,,,,
0.01652437075972557,7,1461,,,,,
0.10483501106500626,7,1462,,,,,
0.11088885366916656,7,1463,,,,,
0.07236573100090027,7,1464,,,,,
0.046631522476673126,7,1465,,,,,
0.04393840953707695,7,1466,,,,,
0.054222334176301956,7,1467,,,,,
0.036832623183727264,7,1468,,,,,
0.007027199026197195,7,1469,,,,,
0.12331877648830414,7,1470,,,,,
0.14721274375915527,7,1471,,,,,
0.1277722716331482,7,1472,,,,,
0.031897153705358505,7,1473,,,,,
0.07274705916643143,7,1474,,,,,
0.07690369337797165,7,1475,,,,,
0.036125797778367996,7,1476,,,,,
0.0165103767067194,7,1477,,,,,
0.059961624443531036,7,1478,,,,,
0.04894670471549034,7,1479,,,,,
0.05212239548563957,7,1480,,,,,
0.009388193488121033,7,1481,,,,,
0.009971730411052704,7,1482,,,,,
0.051530223339796066,7,1483,,,,,
0.18177855014801025,7,1484,,,,,
0.00815807655453682,7,1485,,,,,
0.050298288464546204,7,1486,,,,,
0.11977950483560562,7,1487,,,,,
0.08189556747674942,7,1488,,,,,
0.03875025361776352,7,1489,,,,,
0.0537070594727993,7,1490,,,,,
0.03673717752099037,7,1491,,,,,
0.019860047847032547,7,1492,,,,,
0.04721624404191971,7,1493,,,,,
0.07138876616954803,7,1494,,,,,
0.05842979624867439,7,1495,,,,,
0.19480657577514648,7,1496,,,,,
0.11526646465063095,7,1497,,,,,
0.023569675162434578,7,1498,,,,,
0.007183471228927374,7,1499,,,,,
0.2234184443950653,7,1500,,,,,
0.022683607414364815,7,1501,,,,,
0.015256260521709919,7,1502,,,,,
0.04213497042655945,7,1503,,,,,
0.022783856838941574,7,1504,,,,,
0.10882400721311569,7,1505,,,,,
0.15324291586875916,7,1506,,,,,
0.04535758122801781,7,1507,,,,,
0.08615362644195557,7,1508,,,,,
0.18891450762748718,7,1509,,,,,
0.0350746288895607,7,1510,,,,,
0.007966115139424801,7,1511,,,,,
0.02290949784219265,7,1512,,,,,
0.033901721239089966,7,1513,,,,,
0.037164393812417984,7,1514,,,,,
0.03613511472940445,7,1515,,,,,
0.040633052587509155,7,1516,,,,,
0.02869313769042492,7,1517,,,,,
0.05259053036570549,7,1518,,,,,
0.15916982293128967,7,1519,,,,,
0.003297199960798025,7,1520,,,,,
0.0434601753950119,7,1521,,,,,
0.1003151535987854,7,1522,,,,,
0.0660845935344696,7,1523,,,,,
0.11873583495616913,7,1524,,,,,
0.473320335149765,7,1525,,,,,
0.047045063227415085,7,1526,,,,,
0.49844759702682495,7,1527,,,,,
0.002093058545142412,7,1528,,,,,
0.05717986449599266,7,1529,,,,,
0.06820694357156754,7,1530,,,,,
0.008066818118095398,7,1531,,,,,
0.11165308952331543,7,1532,,,,,
0.22997310757637024,7,1533,,,,,
0.07004224509000778,7,1534,,,,,
0.07635566592216492,7,1535,,,,,
0.07796552032232285,7,1536,,,,,
0.153336763381958,7,1537,,,,,
0.302571564912796,7,1538,,,,,
0.11406794935464859,7,1539,,,,,
0.022209322080016136,7,1540,,,,,
0.07293063402175903,7,1541,,,,,
0.011648488231003284,7,1542,,,,,
0.28297924995422363,7,1543,,,,,
0.012442363426089287,7,1544,,,,,
0.15003986656665802,7,1545,,,,,
0.15242058038711548,7,1546,,,,,
0.0994802787899971,7,1547,,,,,
0.048300012946128845,7,1548,,,,,
0.007484401110559702,7,1549,,,,,
0.07922619581222534,7,1550,,,,,
0.038213398307561874,7,1551,,,,,
0.10494282096624374,7,1552,,,,,
0.00823917891830206,7,1553,,,,,
0.045062106102705,7,1554,,,,,
0.014747794717550278,7,1555,,,,,
0.05395003408193588,7,1556,,,,,
0.05642901733517647,7,1557,,,,,
0.2827143371105194,7,1558,,,,,
0.01913687400519848,7,1559,,,,,
0.18927371501922607,7,1560,,,,,
0.05940521880984306,7,1561,,,,,
0.02249354124069214,7,1562,,,,,
0.019619012251496315,7,1563,,,,,
0.06643696874380112,7,1564,,,,,
0.010803071781992912,7,1565,,,,,
0.030818292871117592,7,1566,,,,,
0.10041440278291702,7,1567,,,,,
0.002165768761187792,7,1568,,,,,
0.009732677601277828,7,1569,,,,,
0.12288542091846466,7,1570,,,,,
0.024341003969311714,7,1571,,,,,
0.025180252268910408,7,1572,,,,,
0.021028917282819748,7,1573,,,,,
0.0631508156657219,7,1574,,,,,
0.1110529899597168,7,1575,,,,,
0.09436433017253876,7,1576,,,,,
0.21353653073310852,7,1577,,,,,
0.018871113657951355,7,1578,,,,,
0.16665276885032654,7,1579,,,,,
0.019797172397375107,7,1580,,,,,
0.0021451087668538094,7,1581,,,,,
0.04897752404212952,7,1582,,,,,
0.03211119771003723,7,1583,,,,,
0.06302788108587265,7,1584,,,,,
0.07159963995218277,7,1585,,,,,
0.02931881882250309,7,1586,,,,,
0.06627656519412994,7,1587,,,,,
0.22675301134586334,7,1588,,,,,
0.004036948084831238,7,1589,,,,,
0.06802903860807419,7,1590,,,,,
0.0014735092408955097,7,1591,,,,,
,,1393,0.05250611901283264,,,,
,,1394,0.009540136903524399,,,,
,,1395,0.009540136903524399,,,,
,,1396,0.022859523072838783,,,,
,,1397,0.005768632981926203,,,,
,,1398,0.005768632981926203,,,,
,,1399,0.005768632981926203,,,,
,,1400,0.022107552736997604,,,,
,,1401,0.03979776054620743,,,,
,,1402,0.03979776054620743,,,,
,,1403,0.003132809419184923,,,,
,,1404,0.001276009134016931,,,,
,,1405,0.001276009134016931,,,,
,,1406,0.02511584199965,,,,
,,1407,0.012134847231209278,,,,
,,1408,0.012134847231209278,,,,
,,1409,0.0022296239621937275,,,,
,,1410,0.003354982240125537,,,,
,,1411,0.003354982240125537,,,,
,,1412,0.0219820998609066,,,,
,,1413,0.02286640740931034,,,,
,,1414,0.0021557777654379606,,,,
,,1415,0.0021557777654379606,,,,
,,1416,0.0019755435641855,,,,
,,1417,0.03037014789879322,,,,
,,1418,0.03037014789879322,,,,
,,1419,0.021584084257483482,,,,
,,1420,0.0011913924245163798,,,,
,,1421,0.0011913924245163798,,,,
,,1422,0.002299189567565918,,,,
,,1423,0.0203818641602993,,,,
,,1424,0.010781115852296352,,,,
,,1425,0.010781115852296352,,,,
,,1426,0.02146260440349579,,,,
,,1427,0.002298044739291072,,,,
,,1428,0.002298044739291072,,,,
,,1429,0.0020737438462674618,,,,
,,1430,0.0020737438462674618,,,,
,,1431,0.0020737438462674618,,,,
,,1432,0.021202798932790756,,,,
,,1433,0.036471132189035416,,,,
,,1434,0.036471132189035416,,,,
,,1435,0.00238979933783412,,,,
,,1436,0.0014052818296477199,,,,
,,1437,0.0014052818296477199,,,,
,,1438,0.024093329906463623,,,,
,,1439,0.011962332762777805,,,,
,,1440,0.02345571294426918,,,,
,,1441,0.011962332762777805,,,,
,,1442,0.0034090413246303797,,,,
,,1443,0.00352000305429101,,,,
,,1444,0.00352000305429101,,,,
,,1445,0.03957650065422058,,,,
,,1446,0.006550746038556099,,,,
,,1447,0.006550746038556099,,,,
,,1448,0.0033203307539224625,,,,
,,1449,0.03425836190581322,,,,
,,1450,0.03425836190581322,,,,
,,1451,0.024159079417586327,,,,
,,1452,0.006734631024301052,,,,
,,1453,0.006734631024301052,,,,
,,1454,0.00239579938352108,,,,
,,1455,0.015467389486730099,,,,
,,1456,0.015467389486730099,,,,
,,1457,0.04045695811510086,,,,
,,1458,0.02586131915450096,,,,
,,1459,0.0026947541628032923,,,,
,,1460,0.0026947541628032923,,,,
,,1461,0.002431655302643776,,,,
,,1462,0.002431655302643776,,,,
,,1463,0.002431655302643776,,,,
,,1464,0.025406507775187492,,,,
,,1465,0.01920202374458313,,,,
,,1466,0.032370198518037796,,,,
,,1467,0.032370198518037796,,,,
,,1468,0.0018515805713832378,,,,
,,1469,0.0012016705004498363,,,,
,,1470,0.0012016705004498363,,,,
,,1471,0.023791134357452393,,,,
,,1472,0.010002825409173965,,,,
,,1473,0.010002825409173965,,,,
,,1474,0.0021916432306170464,,,,
,,1475,0.0032424412202090025,,,,
,,1476,0.0032424412202090025,,,,
,,1477,0.023898156359791756,,,,
,,1478,0.0021173919085413218,,,,
,,1479,0.0021173919085413218,,,,
,,1480,0.0018713537137955427,,,,
,,1481,0.030237888917326927,,,,
,,1482,0.004000162705779076,,,,
,,1483,0.030237888917326927,,,,
,,1484,0.023317333310842514,,,,
,,1485,0.001432472257874906,,,,
,,1486,0.001432472257874906,,,,
,,1487,0.0018951090751215816,,,,
,,1488,0.013189251534640789,,,,
,,1489,0.013189251534640789,,,,
,,1490,0.027126356959342957,,,,
,,1491,0.00321199675090611,,,,
,,1492,0.00321199675090611,,,,
,,1493,0.0029664605390280485,,,,
,,1494,0.0029664605390280485,,,,
,,1495,0.0029664605390280485,,,,
,,1496,0.054447539150714874,,,,
,,1497,0.04250912740826607,,,,
,,1498,0.04250912740826607,,,,
,,1499,0.0025300930719822645,,,,
,,1500,0.04466817155480385,,,,
,,1501,0.0017628776840865612,,,,
,,1502,0.0017628776840865612,,,,
,,1503,0.020719340071082115,,,,
,,1504,0.011671586893498898,,,,
,,1505,0.011671586893498898,,,,
,,1506,0.0026247056666761637,,,,
,,1507,0.1627543419599533,,,,
,,1508,0.0027615809813141823,,,,
,,1509,0.0027615809813141823,,,,
,,1510,0.02099674567580223,,,,
,,1511,0.002498106099665165,,,,
,,1512,0.002498106099665165,,,,
,,1513,0.0022735700476914644,,,,
,,1514,0.03259303420782089,,,,
,,1515,0.03259303420782089,,,,
,,1516,0.019524192437529564,,,,
,,1517,0.0015075820265337825,,,,
,,1518,0.0015075820265337825,,,,
,,1519,0.002181277610361576,,,,
,,1520,0.009534054435789585,,,,
,,1521,0.009534054435789585,,,,
,,1522,0.019479859620332718,,,,
,,1523,0.002242110203951597,,,,
,,1524,0.002242110203951597,,,,
,,1525,0.07276437431573868,,,,
,,1526,0.0025752915535122156,,,,
,,1527,0.0025752915535122156,,,,
,,1528,0.0025752915535122156,,,,
,,1529,0.019418081268668175,,,,
,,1530,0.03849782794713974,,,,
,,1531,0.03849782794713974,,,,
,,1532,0.002538790926337242,,,,
,,1533,0.001452140393666923,,,,
,,1534,0.001452140393666923,,,,
,,1535,0.019023995846509933,,,,
,,1536,0.008500202558934689,,,,
,,1537,0.008500202558934689,,,,
,,1538,0.0022111856378614902,,,,
,,1539,0.0028326420579105616,,,,
,,1540,0.0028326420579105616,,,,
,,1541,0.021939124912023544,,,,
,,1542,0.01555671263486147,,,,
,,1543,0.0029512944165617228,,,,
,,1544,0.0029512944165617228,,,,
,,1545,0.0031554705929011106,,,,
,,1546,0.03959312289953232,,,,
,,1547,0.03959312289953232,,,,
,,1548,0.03526722267270088,,,,
,,1549,0.0027624317444860935,,,,
,,1550,0.022855600342154503,,,,
,,1551,0.0027624317444860935,,,,
,,1552,0.0025925671216100454,,,,
,,1553,0.012874958105385303,,,,
,,1554,0.012874958105385303,,,,
,,1555,0.021972324699163437,,,,
,,1556,0.007348737679421902,,,,
,,1557,0.007348737679421902,,,,
,,1558,0.0029977147933095694,,,,
,,1559,0.0029977147933095694,,,,
,,1560,0.0029977147933095694,,,,
,,1561,0.02528151124715805,,,,
,,1562,0.03180335834622383,,,,
,,1563,0.03180335834622383,,,,
,,1564,0.0025298274122178555,,,,
,,1565,0.0016015894943848252,,,,
,,1566,0.0016015894943848252,,,,
,,1567,0.023885855451226234,,,,
,,1568,0.11421313881874084,,,,
,,1569,0.010337690822780132,,,,
,,1570,0.010337690822780132,,,,
,,1571,0.002103781793266535,,,,
,,1572,0.0032608332112431526,,,,
,,1573,0.0032608332112431526,,,,
,,1574,0.02249370515346527,,,,
,,1575,0.0021992854308336973,,,,
,,1576,0.0021992854308336973,,,,
,,1577,0.0022503254003822803,,,,
,,1578,0.031153637915849686,,,,
,,1579,0.031153637915849686,,,,
,,1580,0.022800926119089127,,,,
,,1581,0.0012735988711938262,,,,
,,1582,0.0012735988711938262,,,,
,,1583,0.0020985945593565702,,,,
,,1584,0.06761379539966583,,,,
,,1585,0.010899713262915611,,,,
,,1586,0.010899713262915611,,,,
,,1587,0.021675270050764084,,,,
,,1588,0.0024695482570677996,,,,
,,1589,0.0024695482570677996,,,,
,,1590,0.0022999730426818132,,,,
,,1591,0.0022999730426818132,,,,
,7,1591,,0.01437479630112648,,,
,7,1591,,,0.07854357361793518,0.8190954923629761,0.9497487545013428
0.19974949955940247,8,1592,,,,,
0.3521319627761841,8,1593,,,,,
0.06747543066740036,8,1594,,,,,
0.08985660970211029,8,1595,,,,,
0.06578782200813293,8,1596,,,,,
0.004098344594240189,8,1597,,,,,
0.18825696408748627,8,1598,,,,,
0.008305735886096954,8,1599,,,,,
0.04617642983794212,8,1600,,,,,
0.1066693663597107,8,1601,,,,,
0.05527634918689728,8,1602,,,,,
0.019285811111330986,8,1603,,,,,
0.08597096055746078,8,1604,,,,,
0.06446216255426407,8,1605,,,,,
0.08955115079879761,8,1606,,,,,
0.472702294588089,8,1607,,,,,
0.06260117143392563,8,1608,,,,,
0.034014906734228134,8,1609,,,,,
0.018649166449904442,8,1610,,,,,
0.02940494194626808,8,1611,,,,,
0.09098771214485168,8,1612,,,,,
0.048343803733587265,8,1613,,,,,
0.09701894968748093,8,1614,,,,,
0.025306876748800278,8,1615,,,,,
0.1722595989704132,8,1616,,,,,
0.012662909924983978,8,1617,,,,,
0.03829308971762657,8,1618,,,,,
0.11630875617265701,8,1619,,,,,
0.03894810378551483,8,1620,,,,,
0.056323401629924774,8,1621,,,,,
0.023615911602973938,8,1622,,,,,
0.05127353221178055,8,1623,,,,,
0.018540123477578163,8,1624,,,,,
0.10458175092935562,8,1625,,,,,
0.19688056409358978,8,1626,,,,,
0.02380749210715294,8,1627,,,,,
0.025399142876267433,8,1628,,,,,
0.11522767692804337,8,1629,,,,,
0.021242616698145866,8,1630,,,,,
0.043822579085826874,8,1631,,,,,
0.25604715943336487,8,1632,,,,,
0.581041157245636,8,1633,,,,,
0.025035064667463303,8,1634,,,,,
0.2007274180650711,8,1635,,,,,
0.03219103440642357,8,1636,,,,,
0.017433026805520058,8,1637,,,,,
0.0073808105662465096,8,1638,,,,,
0.020131032913923264,8,1639,,,,,
0.07141584157943726,8,1640,,,,,
0.010895739309489727,8,1641,,,,,
0.06706758588552475,8,1642,,,,,
0.10600527375936508,8,1643,,,,,
0.0960434302687645,8,1644,,,,,
0.025001956149935722,8,1645,,,,,
0.064372219145298,8,1646,,,,,
0.014068116433918476,8,1647,,,,,
0.021024536341428757,8,1648,,,,,
0.011845827102661133,8,1649,,,,,
0.021046107634902,8,1650,,,,,
0.009441262111067772,8,1651,,,,,
0.2324867844581604,8,1652,,,,,
0.015581225976347923,8,1653,,,,,
0.05389447137713432,8,1654,,,,,
0.056475162506103516,8,1655,,,,,
0.07158588618040085,8,1656,,,,,
0.11925365775823593,8,1657,,,,,
0.009444590657949448,8,1658,,,,,
0.0033050337806344032,8,1659,,,,,
0.008446414954960346,8,1660,,,,,
0.22791096568107605,8,1661,,,,,
0.06388408690690994,8,1662,,,,,
0.02264181524515152,8,1663,,,,,
0.08288460969924927,8,1664,,,,,
0.06496144086122513,8,1665,,,,,
0.0015957144787535071,8,1666,,,,,
0.015022248961031437,8,1667,,,,,
0.02402244508266449,8,1668,,,,,
0.16742408275604248,8,1669,,,,,
0.014288677833974361,8,1670,,,,,
0.05509891360998154,8,1671,,,,,
0.07708247005939484,8,1672,,,,,
0.041308414191007614,8,1673,,,,,
0.010752596892416477,8,1674,,,,,
0.1081368550658226,8,1675,,,,,
0.02373531274497509,8,1676,,,,,
0.06109539791941643,8,1677,,,,,
0.03524917736649513,8,1678,,,,,
0.008708326146006584,8,1679,,,,,
0.054115984588861465,8,1680,,,,,
0.022775622084736824,8,1681,,,,,
0.015364903956651688,8,1682,,,,,
0.13791102170944214,8,1683,,,,,
0.015677379444241524,8,1684,,,,,
0.05240098387002945,8,1685,,,,,
0.018314369022846222,8,1686,,,,,
0.05407780036330223,8,1687,,,,,
0.07741881161928177,8,1688,,,,,
0.02460220269858837,8,1689,,,,,
0.0315878801047802,8,1690,,,,,
0.14238618314266205,8,1691,,,,,
0.031504981219768524,8,1692,,,,,
0.23919707536697388,8,1693,,,,,
0.0031622389797121286,8,1694,,,,,
0.022053638473153114,8,1695,,,,,
0.029692145064473152,8,1696,,,,,
0.01707550697028637,8,1697,,,,,
0.02416790835559368,8,1698,,,,,
0.015585660934448242,8,1699,,,,,
0.43961402773857117,8,1700,,,,,
0.014610189944505692,8,1701,,,,,
0.017520589753985405,8,1702,,,,,
0.08657179027795792,8,1703,,,,,
0.13882143795490265,8,1704,,,,,
0.12632815539836884,8,1705,,,,,
0.10786307603120804,8,1706,,,,,
0.013425840996205807,8,1707,,,,,
0.025016508996486664,8,1708,,,,,
0.038019903004169464,8,1709,,,,,
0.01426574308425188,8,1710,,,,,
0.06578218191862106,8,1711,,,,,
0.02299058623611927,8,1712,,,,,
0.04904871806502342,8,1713,,,,,
0.015851981937885284,8,1714,,,,,
0.18084494769573212,8,1715,,,,,
0.009030677378177643,8,1716,,,,,
0.03735033795237541,8,1717,,,,,
0.07174891978502274,8,1718,,,,,
0.09123492240905762,8,1719,,,,,
0.006822290364652872,8,1720,,,,,
0.03040834330022335,8,1721,,,,,
0.01692081429064274,8,1722,,,,,
0.002332391683012247,8,1723,,,,,
0.020573416724801064,8,1724,,,,,
0.3533618450164795,8,1725,,,,,
0.17218835651874542,8,1726,,,,,
0.02224346436560154,8,1727,,,,,
0.03368784859776497,8,1728,,,,,
0.029038727283477783,8,1729,,,,,
0.03971496596932411,8,1730,,,,,
0.055161066353321075,8,1731,,,,,
0.0521567277610302,8,1732,,,,,
0.03514084592461586,8,1733,,,,,
0.053557027131319046,8,1734,,,,,
0.021707406267523766,8,1735,,,,,
0.3011208176612854,8,1736,,,,,
0.0913628488779068,8,1737,,,,,
0.006408351473510265,8,1738,,,,,
0.016115617007017136,8,1739,,,,,
0.016585255041718483,8,1740,,,,,
0.06266918033361435,8,1741,,,,,
0.08295098692178726,8,1742,,,,,
0.05880146846175194,8,1743,,,,,
0.03822130709886551,8,1744,,,,,
0.011664885096251965,8,1745,,,,,
0.0053390017710626125,8,1746,,,,,
0.03061791881918907,8,1747,,,,,
0.013991767540574074,8,1748,,,,,
0.28981855511665344,8,1749,,,,,
0.024781182408332825,8,1750,,,,,
0.10943562537431717,8,1751,,,,,
0.045237571001052856,8,1752,,,,,
0.010016966611146927,8,1753,,,,,
0.009016367606818676,8,1754,,,,,
0.046870797872543335,8,1755,,,,,
0.045739397406578064,8,1756,,,,,
0.017912548035383224,8,1757,,,,,
0.06941705197095871,8,1758,,,,,
0.061237823218107224,8,1759,,,,,
0.049148257821798325,8,1760,,,,,
0.16904492676258087,8,1761,,,,,
0.09500138461589813,8,1762,,,,,
0.025515133515000343,8,1763,,,,,
0.02316984347999096,8,1764,,,,,
0.05285860225558281,8,1765,,,,,
0.006727591622620821,8,1766,,,,,
0.10839640349149704,8,1767,,,,,
0.05318111926317215,8,1768,,,,,
0.027358997613191605,8,1769,,,,,
0.02452930621802807,8,1770,,,,,
0.033862385898828506,8,1771,,,,,
0.008153775706887245,8,1772,,,,,
0.02451680786907673,8,1773,,,,,
0.14556409418582916,8,1774,,,,,
0.09071400761604309,8,1775,,,,,
0.009776228107511997,8,1776,,,,,
0.009322685189545155,8,1777,,,,,
0.04203034192323685,8,1778,,,,,
0.24968479573726654,8,1779,,,,,
0.011953354813158512,8,1780,,,,,
0.003947492688894272,8,1781,,,,,
0.19945155084133148,8,1782,,,,,
0.0739763081073761,8,1783,,,,,
0.0798526182770729,8,1784,,,,,
0.1426265984773636,8,1785,,,,,
0.0703716054558754,8,1786,,,,,
0.0016351769445464015,8,1787,,,,,
0.08161594718694687,8,1788,,,,,
0.015403765253722668,8,1789,,,,,
0.01061257440596819,8,1790,,,,,
,,1592,0.020316556096076965,,,,
,,1593,0.0024425191804766655,,,,
,,1594,0.0024425191804766655,,,,
,,1595,0.016740528866648674,,,,
,,1596,0.007853238843381405,,,,
,,1597,0.007853238843381405,,,,
,,1598,0.007853238843381405,,,,
,,1599,0.10811597108840942,,,,
,,1600,0.14344827830791473,,,,
,,1601,0.14344827830791473,,,,
,,1602,0.0014647857751697302,,,,
,,1603,0.0010757112177088857,,,,
,,1604,0.0010757112177088857,,,,
,,1605,0.016982465982437134,,,,
,,1606,0.005835989024490118,,,,
,,1607,0.005835989024490118,,,,
,,1608,0.0007802639156579971,,,,
,,1609,0.002548786113038659,,,,
,,1610,0.002548786113038659,,,,
,,1611,0.013140269555151463,,,,
,,1612,0.017873765900731087,,,,
,,1613,0.0013500165659934282,,,,
,,1614,0.0013500165659934282,,,,
,,1615,0.0015110294334590435,,,,
,,1616,0.03876889869570732,,,,
,,1617,0.03876889869570732,,,,
,,1618,0.014949212782084942,,,,
,,1619,0.0007949699647724628,,,,
,,1620,0.0007949699647724628,,,,
,,1621,0.0012018431443721056,,,,
,,1622,0.016819920390844345,,,,
,,1623,0.004981579724699259,,,,
,,1624,0.004981579724699259,,,,
,,1625,0.014334814622998238,,,,
,,1626,0.0015774386702105403,,,,
,,1627,0.0015774386702105403,,,,
,,1628,0.0012469299836084247,,,,
,,1629,0.0012469299836084247,,,,
,,1630,0.0012469299836084247,,,,
,,1631,0.019988510757684708,,,,
,,1632,0.051266130059957504,,,,
,,1633,0.051266130059957504,,,,
,,1634,0.0016518436605110765,,,,
,,1635,0.0032254992984235287,,,,
,,1636,0.0032254992984235287,,,,
,,1637,0.016651436686515808,,,,
,,1638,0.0057267616502940655,,,,
,,1639,0.01981883868575096,,,,
,,1640,0.0057267616502940655,,,,
,,1641,0.0013549409341067076,,,,
,,1642,0.0021061107981950045,,,,
,,1643,0.0021061107981950045,,,,
,,1644,0.017791379243135452,,,,
,,1645,0.0013847347581759095,,,,
,,1646,0.0013847347581759095,,,,
,,1647,0.00369477947242558,,,,
,,1648,0.04461595416069031,,,,
,,1649,0.04461595416069031,,,,
,,1650,0.14949825406074524,,,,
,,1651,0.1788235753774643,,,,
,,1652,0.1788235753774643,,,,
,,1653,0.0016209168825298548,,,,
,,1654,0.007833440788090229,,,,
,,1655,0.007833440788090229,,,,
,,1656,0.01456091646105051,,,,
,,1657,0.020546067506074905,,,,
,,1658,0.00242687133140862,,,,
,,1659,0.00242687133140862,,,,
,,1660,0.000723948935046792,,,,
,,1661,0.000723948935046792,,,,
,,1662,0.000723948935046792,,,,
,,1663,0.017280081287026405,,,,
,,1664,0.013438628986477852,,,,
,,1665,0.03976577892899513,,,,
,,1666,0.03976577892899513,,,,
,,1667,0.0021813444327563047,,,,
,,1668,0.0109337093308568,,,,
,,1669,0.0109337093308568,,,,
,,1670,0.016967911273241043,,,,
,,1671,0.004701385740190744,,,,
,,1672,0.004701385740190744,,,,
,,1673,0.001064665149897337,,,,
,,1674,0.0023954070638865232,,,,
,,1675,0.0023954070638865232,,,,
,,1676,0.017224591225385666,,,,
,,1677,0.0010307047050446272,,,,
,,1678,0.0010307047050446272,,,,
,,1679,0.0011895914794877172,,,,
,,1680,0.03658005967736244,,,,
,,1681,0.001858062343671918,,,,
,,1682,0.03658005967736244,,,,
,,1683,0.02398756891489029,,,,
,,1684,0.034106574952602386,,,,
,,1685,0.034106574952602386,,,,
,,1686,0.0018406365998089314,,,,
,,1687,0.006499882787466049,,,,
,,1688,0.006499882787466049,,,,
,,1689,0.019115343689918518,,,,
,,1690,0.00253238040022552,,,,
,,1691,0.00253238040022552,,,,
,,1692,0.001447274349629879,,,,
,,1693,0.001447274349629879,,,,
,,1694,0.001447274349629879,,,,
,,1695,0.020286841318011284,,,,
,,1696,0.03516343981027603,,,,
,,1697,0.03516343981027603,,,,
,,1698,0.01291782595217228,,,,
,,1699,0.05560241639614105,,,,
,,1700,0.03659011423587799,,,,
,,1701,0.03659011423587799,,,,
,,1702,0.1207861453294754,,,,
,,1703,0.17469444870948792,,,,
,,1704,0.17469444870948792,,,,
,,1705,0.0016021147603169084,,,,
,,1706,0.15765373408794403,,,,
,,1707,0.0022531659342348576,,,,
,,1708,0.0022531659342348576,,,,
,,1709,0.013543706387281418,,,,
,,1710,0.001503870589658618,,,,
,,1711,0.001503870589658618,,,,
,,1712,0.000956436269916594,,,,
,,1713,0.03885573148727417,,,,
,,1714,0.03885573148727417,,,,
,,1715,0.011955738067626953,,,,
,,1716,0.0009924231562763453,,,,
,,1717,0.0009924231562763453,,,,
,,1718,0.0015253759920597076,,,,
,,1719,0.0046259453520178795,,,,
,,1720,0.0046259453520178795,,,,
,,1721,0.01267822552472353,,,,
,,1722,0.001474148826673627,,,,
,,1723,0.001474148826673627,,,,
,,1724,0.11852119117975235,,,,
,,1725,0.001353637082502246,,,,
,,1726,0.001353637082502246,,,,
,,1727,0.001353637082502246,,,,
,,1728,0.012404968030750751,,,,
,,1729,0.05048367381095886,,,,
,,1730,0.05048367381095886,,,,
,,1731,0.0014230016386136413,,,,
,,1732,0.0011980367125943303,,,,
,,1733,0.0011980367125943303,,,,
,,1734,0.014847366139292717,,,,
,,1735,0.007366335019469261,,,,
,,1736,0.007366335019469261,,,,
,,1737,0.0018811392365023494,,,,
,,1738,0.002796659478917718,,,,
,,1739,0.002796659478917718,,,,
,,1740,0.014554033987224102,,,,
,,1741,0.1585463285446167,,,,
,,1742,0.001287749968469143,,,,
,,1743,0.001287749968469143,,,,
,,1744,0.0014328582910820842,,,,
,,1745,0.046204354614019394,,,,
,,1746,0.046204354614019394,,,,
,,1747,0.014815100468695164,,,,
,,1748,0.001404901035130024,,,,
,,1749,0.005883416160941124,,,,
,,1750,0.001404901035130024,,,,
,,1751,0.005484858062118292,,,,
,,1752,0.009407652541995049,,,,
,,1753,0.009407652541995049,,,,
,,1754,0.14101539552211761,,,,
,,1755,0.13506855070590973,,,,
,,1756,0.13506855070590973,,,,
,,1757,0.0013758965069428086,,,,
,,1758,0.0013758965069428086,,,,
,,1759,0.0013758965069428086,,,,
,,1760,0.01940109394490719,,,,
,,1761,0.03717896342277527,,,,
,,1762,0.03717896342277527,,,,
,,1763,0.0007560369558632374,,,,
,,1764,0.0010920895729213953,,,,
,,1765,0.0010920895729213953,,,,
,,1766,0.01691124588251114,,,,
,,1767,0.13227340579032898,,,,
,,1768,0.005075526423752308,,,,
,,1769,0.005075526423752308,,,,
,,1770,0.00140476506203413,,,,
,,1771,0.002562419045716524,,,,
,,1772,0.002562419045716524,,,,
,,1773,0.016338875517249107,,,,
,,1774,0.0010100423824042082,,,,
,,1775,0.0010100423824042082,,,,
,,1776,0.001111024059355259,,,,
,,1777,0.036354225128889084,,,,
,,1778,0.036354225128889084,,,,
,,1779,0.016566995531320572,,,,
,,1780,0.0010637586237862706,,,,
,,1781,0.0010637586237862706,,,,
,,1782,0.0011781580979004502,,,,
,,1783,0.042333584278821945,,,,
,,1784,0.005404709838330746,,,,
,,1785,0.005404709838330746,,,,
,,1786,0.022565577179193497,,,,
,,1787,0.014168676920235157,,,,
,,1788,0.014168676920235157,,,,
,,1789,0.0018138260347768664,,,,
,,1790,0.0018138260347768664,,,,
,8,1790,,0.0222737155854702,,,
,8,1790,,,0.06864891946315765,0.8090452551841736,0.9346733689308167
0.22976192831993103,9,1791,,,,,
0.014696555212140083,9,1792,,,,,
0.050502926111221313,9,1793,,,,,
0.15010260045528412,9,1794,,,,,
0.11746156960725784,9,1795,,,,,
0.09173446148633957,9,1796,,,,,
0.07930931448936462,9,1797,,,,,
0.07632675021886826,9,1798,,,,,
0.029728617519140244,9,1799,,,,,
0.024375637993216515,9,1800,,,,,
0.01753314398229122,9,1801,,,,,
0.013454610481858253,9,1802,,,,,
0.10609982907772064,9,1803,,,,,
0.06203978881239891,9,1804,,,,,
0.06780737638473511,9,1805,,,,,
0.143163800239563,9,1806,,,,,
0.011737694032490253,9,1807,,,,,
0.08195897936820984,9,1808,,,,,
0.028599407523870468,9,1809,,,,,
0.11432710289955139,9,1810,,,,,
0.18242183327674866,9,1811,,,,,
0.08225972950458527,9,1812,,,,,
0.022795114666223526,9,1813,,,,,
0.06065702810883522,9,1814,,,,,
0.21692107617855072,9,1815,,,,,
0.10988733917474747,9,1816,,,,,
0.020238209515810013,9,1817,,,,,
0.028377864509820938,9,1818,,,,,
0.011386259458959103,9,1819,,,,,
0.032576899975538254,9,1820,,,,,
0.038793548941612244,9,1821,,,,,
0.06554503738880157,9,1822,,,,,
0.012838714756071568,9,1823,,,,,
0.04613751918077469,9,1824,,,,,
0.001936974236741662,9,1825,,,,,
0.034267425537109375,9,1826,,,,,
0.07041773200035095,9,1827,,,,,
0.01720687747001648,9,1828,,,,,
0.03321458771824837,9,1829,,,,,
0.011437713168561459,9,1830,,,,,
0.08467676490545273,9,1831,,,,,
0.0188075453042984,9,1832,,,,,
0.1351889818906784,9,1833,,,,,
0.02715984731912613,9,1834,,,,,
0.11626134812831879,9,1835,,,,,
0.24360239505767822,9,1836,,,,,
0.06741771101951599,9,1837,,,,,
0.017609644681215286,9,1838,,,,,
0.023062163963913918,9,1839,,,,,
0.05579622462391853,9,1840,,,,,
0.03177463263273239,9,1841,,,,,
0.04665533825755119,9,1842,,,,,
0.2663137912750244,9,1843,,,,,
0.0192548967897892,9,1844,,,,,
0.20367075502872467,9,1845,,,,,
0.02450147457420826,9,1846,,,,,
0.03490499034523964,9,1847,,,,,
0.3784177303314209,9,1848,,,,,
0.02009536139667034,9,1849,,,,,
0.043884024024009705,9,1850,,,,,
0.23669026792049408,9,1851,,,,,
0.048789724707603455,9,1852,,,,,
0.014710296876728535,9,1853,,,,,
0.07321707904338837,9,1854,,,,,
0.034036822617053986,9,1855,,,,,
0.10450869053602219,9,1856,,,,,
0.01994149200618267,9,1857,,,,,
0.15954874455928802,9,1858,,,,,
0.04229634627699852,9,1859,,,,,
0.08640415221452713,9,1860,,,,,
0.029579129070043564,9,1861,,,,,
0.07695870101451874,9,1862,,,,,
0.11712869256734848,9,1863,,,,,
0.08381795138120651,9,1864,,,,,
0.045047275722026825,9,1865,,,,,
0.4076763689517975,9,1866,,,,,
0.02265830524265766,9,1867,,,,,
0.45549046993255615,9,1868,,,,,
0.23909394443035126,9,1869,,,,,
0.20772333443164825,9,1870,,,,,
0.12216459959745407,9,1871,,,,,
0.016339311376214027,9,1872,,,,,
0.06916552037000656,9,1873,,,,,
0.040811292827129364,9,1874,,,,,
0.05169542506337166,9,1875,,,,,
0.024834254756569862,9,1876,,,,,
0.1926652044057846,9,1877,,,,,
0.013795609585940838,9,1878,,,,,
0.03548663854598999,9,1879,,,,,
0.23693248629570007,9,1880,,,,,
0.04955719783902168,9,1881,,,,,
0.03114570677280426,9,1882,,,,,
0.07725955545902252,9,1883,,,,,
0.04133346676826477,9,1884,,,,,
0.18550193309783936,9,1885,,,,,
0.15936049818992615,9,1886,,,,,
0.031007708981633186,9,1887,,,,,
0.1648944616317749,9,1888,,,,,
0.03492705896496773,9,1889,,,,,
0.09966115653514862,9,1890,,,,,
0.6945517063140869,9,1891,,,,,
0.10270310938358307,9,1892,,,,,
0.014739345759153366,9,1893,,,,,
0.08570947498083115,9,1894,,,,,
0.025800159201025963,9,1895,,,,,
0.030684644356369972,9,1896,,,,,
0.05254937708377838,9,1897,,,,,
0.018375232815742493,9,1898,,,,,
0.043388258665800095,9,1899,,,,,
0.03739079087972641,9,1900,,,,,
0.051891352981328964,9,1901,,,,,
0.03575100749731064,9,1902,,,,,
0.04832248017191887,9,1903,,,,,
0.021152790635824203,9,1904,,,,,
0.01792233996093273,9,1905,,,,,
0.04590356722474098,9,1906,,,,,
0.03910277411341667,9,1907,,,,,
0.081930972635746,9,1908,,,,,
0.004820903297513723,9,1909,,,,,
0.16245874762535095,9,1910,,,,,
0.015047693625092506,9,1911,,,,,
0.1549956053495407,9,1912,,,,,
0.054615214467048645,9,1913,,,,,
0.40195706486701965,9,1914,,,,,
0.04866206645965576,9,1915,,,,,
0.059455472975969315,9,1916,,,,,
0.13250082731246948,9,1917,,,,,
0.0430680513381958,9,1918,,,,,
0.07760809361934662,9,1919,,,,,
0.15645034611225128,9,1920,,,,,
0.06113596633076668,9,1921,,,,,
0.023735444992780685,9,1922,,,,,
0.016414843499660492,9,1923,,,,,
0.08541896194219589,9,1924,,,,,
0.013046461157500744,9,1925,,,,,
0.028198229148983955,9,1926,,,,,
0.0116900485008955,9,1927,,,,,
0.034119054675102234,9,1928,,,,,
0.11678124964237213,9,1929,,,,,
0.033701375126838684,9,1930,,,,,
0.017663458362221718,9,1931,,,,,
0.039293184876441956,9,1932,,,,,
0.16966219246387482,9,1933,,,,,
0.01689903624355793,9,1934,,,,,
0.03871003910899162,9,1935,,,,,
0.020212259143590927,9,1936,,,,,
0.05598147585988045,9,1937,,,,,
0.05667590722441673,9,1938,,,,,
0.11223062127828598,9,1939,,,,,
0.03568318486213684,9,1940,,,,,
0.05195463448762894,9,1941,,,,,
0.06116994097828865,9,1942,,,,,
0.03598161041736603,9,1943,,,,,
0.06464261561632156,9,1944,,,,,
0.03329356387257576,9,1945,,,,,
0.02580382116138935,9,1946,,,,,
0.004452212247997522,9,1947,,,,,
0.013282385654747486,9,1948,,,,,
0.04414897412061691,9,1949,,,,,
0.13238990306854248,9,1950,,,,,
0.06307999044656754,9,1951,,,,,
0.09472063928842545,9,1952,,,,,
0.007980920374393463,9,1953,,,,,
0.011606845073401928,9,1954,,,,,
0.06519631296396255,9,1955,,,,,
0.06797049194574356,9,1956,,,,,
0.05419590696692467,9,1957,,,,,
0.0076323747634887695,9,1958,,,,,
0.014433409087359905,9,1959,,,,,
0.05052855983376503,9,1960,,,,,
0.01522834412753582,9,1961,,,,,
0.028299080207943916,9,1962,,,,,
0.006330074276775122,9,1963,,,,,
0.006765216588973999,9,1964,,,,,
0.04780317470431328,9,1965,,,,,
0.05578276515007019,9,1966,,,,,
0.025557013228535652,9,1967,,,,,
0.05390990152955055,9,1968,,,,,
0.002311017597094178,9,1969,,,,,
0.014357715845108032,9,1970,,,,,
0.0026594470255076885,9,1971,,,,,
0.0014708589296787977,9,1972,,,,,
0.007035079877823591,9,1973,,,,,
0.02489657700061798,9,1974,,,,,
0.05174388736486435,9,1975,,,,,
0.08767197281122208,9,1976,,,,,
0.010335826314985752,9,1977,,,,,
0.009680927731096745,9,1978,,,,,
0.1991744041442871,9,1979,,,,,
0.02900751307606697,9,1980,,,,,
0.0039346469566226006,9,1981,,,,,
0.005182304419577122,9,1982,,,,,
0.07057814300060272,9,1983,,,,,
0.04584508016705513,9,1984,,,,,
0.006894404534250498,9,1985,,,,,
0.0007728777127340436,9,1986,,,,,
0.1497504562139511,9,1987,,,,,
0.045166779309511185,9,1988,,,,,
0.10558412224054337,9,1989,,,,,
,,1791,0.01810266263782978,,,,
,,1792,0.00530203664675355,,,,
,,1793,0.00530203664675355,,,,
,,1794,0.00996309332549572,,,,
,,1795,0.00027275807224214077,,,,
,,1796,0.00027275807224214077,,,,
,,1797,0.00027275807224214077,,,,
,,1798,0.05107548087835312,,,,
,,1799,0.08767125010490417,,,,
,,1800,0.08767125010490417,,,,
,,1801,0.0003930534003302455,,,,
,,1802,0.001388869364745915,,,,
,,1803,0.001388869364745915,,,,
,,1804,0.014292247593402863,,,,
,,1805,0.0027978215366601944,,,,
,,1806,0.0027978215366601944,,,,
,,1807,0.0003834222734440118,,,,
,,1808,0.004454037640243769,,,,
,,1809,0.004454037640243769,,,,
,,1810,0.009606474079191685,,,,
,,1811,0.023907477036118507,,,,
,,1812,0.0005260694888420403,,,,
,,1813,0.0005260694888420403,,,,
,,1814,0.00046671307063661516,,,,
,,1815,0.04055580869317055,,,,
,,1816,0.04055580869317055,,,,
,,1817,0.011735434643924236,,,,
,,1818,0.0015909430803731084,,,,
,,1819,0.0015909430803731084,,,,
,,1820,0.0004307403287384659,,,,
,,1821,0.011689982376992702,,,,
,,1822,0.0019131735898554325,,,,
,,1823,0.0019131735898554325,,,,
,,1824,0.010708952322602272,,,,
,,1825,0.002740940311923623,,,,
,,1826,0.002740940311923623,,,,
,,1827,0.00048651182441972196,,,,
,,1828,0.00048651182441972196,,,,
,,1829,0.00048651182441972196,,,,
,,1830,0.010737024247646332,,,,
,,1831,0.04685411602258682,,,,
,,1832,0.04685411602258682,,,,
,,1833,0.0003574234142433852,,,,
,,1834,0.0013639071257784963,,,,
,,1835,0.0013639071257784963,,,,
,,1836,0.011071950197219849,,,,
,,1837,0.0018616715678945184,,,,
,,1838,0.020433593541383743,,,,
,,1839,0.0018616715678945184,,,,
,,1840,0.0003515028511174023,,,,
,,1841,0.0031679123640060425,,,,
,,1842,0.0031679123640060425,,,,
,,1843,0.01420782320201397,,,,
,,1844,0.0003522207261994481,,,,
,,1845,0.0003522207261994481,,,,
,,1846,0.00036652429844252765,,,,
,,1847,0.04103073850274086,,,,
,,1848,0.04103073850274086,,,,
,,1849,0.13273398578166962,,,,
,,1850,0.06664972007274628,,,,
,,1851,0.06664972007274628,,,,
,,1852,0.0003567444800864905,,,,
,,1853,0.002956428797915578,,,,
,,1854,0.002956428797915578,,,,
,,1855,0.01480058953166008,,,,
,,1856,0.017197683453559875,,,,
,,1857,0.0046274433843791485,,,,
,,1858,0.0046274433843791485,,,,
,,1859,0.0003323852433823049,,,,
,,1860,0.0003323852433823049,,,,
,,1861,0.0003323852433823049,,,,
,,1862,0.013777748681604862,,,,
,,1863,0.004584414418786764,,,,
,,1864,0.04112544283270836,,,,
,,1865,0.04112544283270836,,,,
,,1866,0.0004687262699007988,,,,
,,1867,0.001414096332155168,,,,
,,1868,0.001414096332155168,,,,
,,1869,0.014109197072684765,,,,
,,1870,0.0017911357572302222,,,,
,,1871,0.0017911357572302222,,,,
,,1872,0.0003856039547827095,,,,
,,1873,0.004975901450961828,,,,
,,1874,0.004975901450961828,,,,
,,1875,0.013979179784655571,,,,
,,1876,0.0004010764532722533,,,,
,,1877,0.0004010764532722533,,,,
,,1878,0.00039980802102945745,,,,
,,1879,0.03729891777038574,,,,
,,1880,0.0010573191102594137,,,,
,,1881,0.03729891777038574,,,,
,,1882,0.013289530761539936,,,,
,,1883,0.0015300813829526305,,,,
,,1884,0.0015300813829526305,,,,
,,1885,0.0003663233947008848,,,,
,,1886,0.002038584090769291,,,,
,,1887,0.002038584090769291,,,,
,,1888,0.013946662656962872,,,,
,,1889,0.004034537822008133,,,,
,,1890,0.004034537822008133,,,,
,,1891,0.0003414976818021387,,,,
,,1892,0.0003414976818021387,,,,
,,1893,0.0003414976818021387,,,,
,,1894,0.016811653971672058,,,,
,,1895,0.03475676104426384,,,,
,,1896,0.03475676104426384,,,,
,,1897,0.0002949738409370184,,,,
,,1898,0.05463302507996559,,,,
,,1899,0.0016070579877123237,,,,
,,1900,0.0016070579877123237,,,,
,,1901,0.147340327501297,,,,
,,1902,0.18659289181232452,,,,
,,1903,0.18659289181232452,,,,
,,1904,0.00048241487820632756,,,,
,,1905,0.12792085111141205,,,,
,,1906,0.0043369256891310215,,,,
,,1907,0.0043369256891310215,,,,
,,1908,0.012037231586873531,,,,
,,1909,0.0006809979095123708,,,,
,,1910,0.0006809979095123708,,,,
,,1911,0.0004634359502233565,,,,
,,1912,0.03940415009856224,,,,
,,1913,0.03940415009856224,,,,
,,1914,0.009429706260561943,,,,
,,1915,0.001852732035331428,,,,
,,1916,0.001852732035331428,,,,
,,1917,0.0006259185611270368,,,,
,,1918,0.0017784814117476344,,,,
,,1919,0.0017784814117476344,,,,
,,1920,0.010480465367436409,,,,
,,1921,0.0031395305413752794,,,,
,,1922,0.0031395305413752794,,,,
,,1923,0.13570116460323334,,,,
,,1924,0.0004972111200913787,,,,
,,1925,0.0004972111200913787,,,,
,,1926,0.0004972111200913787,,,,
,,1927,0.010091627016663551,,,,
,,1928,0.04834335297346115,,,,
,,1929,0.04834335297346115,,,,
,,1930,0.0005419092485681176,,,,
,,1931,0.0016349892830476165,,,,
,,1932,0.0016349892830476165,,,,
,,1933,0.010296481661498547,,,,
,,1934,0.0016108033014461398,,,,
,,1935,0.0016108033014461398,,,,
,,1936,0.0006672304589301348,,,,
,,1937,0.003401827299967408,,,,
,,1938,0.003401827299967408,,,,
,,1939,0.010950608178973198,,,,
,,1940,0.10184293985366821,,,,
,,1941,0.0006091732648201287,,,,
,,1942,0.0006091732648201287,,,,
,,1943,0.00044439491466619074,,,,
,,1944,0.04051554575562477,,,,
,,1945,0.04051554575562477,,,,
,,1946,0.013188247568905354,,,,
,,1947,0.0014280328759923577,,,,
,,1948,0.010989988222718239,,,,
,,1949,0.0014280328759923577,,,,
,,1950,0.00044834482832811773,,,,
,,1951,0.0019482471980154514,,,,
,,1952,0.0019482471980154514,,,,
,,1953,0.1580103635787964,,,,
,,1954,0.0674467384815216,,,,
,,1955,0.0674467384815216,,,,
,,1956,0.00038550980389118195,,,,
,,1957,0.00038550980389118195,,,,
,,1958,0.00038550980389118195,,,,
,,1959,0.017184164375066757,,,,
,,1960,0.0350419245660305,,,,
,,1961,0.0350419245660305,,,,
,,1962,0.0004060074861627072,,,,
,,1963,0.0014210573863238096,,,,
,,1964,0.0014210573863238096,,,,
,,1965,0.014004317112267017,,,,
,,1966,0.15856002271175385,,,,
,,1967,0.0019645339343696833,,,,
,,1968,0.0019645339343696833,,,,
,,1969,0.0004165942664258182,,,,
,,1970,0.004396355710923672,,,,
,,1971,0.004396355710923672,,,,
,,1972,0.013758791610598564,,,,
,,1973,0.00042115827091038227,,,,
,,1974,0.00042115827091038227,,,,
,,1975,0.00042801827657967806,,,,
,,1976,0.03300222009420395,,,,
,,1977,0.03300222009420395,,,,
,,1978,0.013749390840530396,,,,
,,1979,0.0015866502653807402,,,,
,,1980,0.0015866502653807402,,,,
,,1981,0.00045253761345520616,,,,
,,1982,0.04775174334645271,,,,
,,1983,0.002045984147116542,,,,
,,1984,0.002045984147116542,,,,
,,1985,0.01246101688593626,,,,
,,1986,0.003260163590312004,,,,
,,1987,0.003260163590312004,,,,
,,1988,0.0004544505791272968,,,,
,,1989,0.0004544505791272968,,,,
,9,1989,,0.01736554130911827,,,
,9,1989,,,0.07245178520679474,0.7939698696136475,0.9346733689308167
0.007559663150459528,10,1990,,,,,
0.012705983594059944,10,1991,,,,,
0.00813165120780468,10,1992,,,,,
0.04614122584462166,10,1993,,,,,
0.037391435354948044,10,1994,,,,,
0.027179062366485596,10,1995,,,,,
0.02157527022063732,10,1996,,,,,
0.011014936491847038,10,1997,,,,,
0.017283303663134575,10,1998,,,,,
0.023012444376945496,10,1999,,,,,
0.0029116016812622547,10,2000,,,,,
0.025390591472387314,10,2001,,,,,
0.045556165277957916,10,2002,,,,,
0.155787393450737,10,2003,,,,,
0.005369778722524643,10,2004,,,,,
0.035280633717775345,10,2005,,,,,
0.04196308180689812,10,2006,,,,,
0.08612274378538132,10,2007,,,,,
0.1720295399427414,10,2008,,,,,
0.1519043892621994,10,2009,,,,,
0.009340906515717506,10,2010,,,,,
0.011541582643985748,10,2011,,,,,
0.003514334559440613,10,2012,,,,,
0.04216136038303375,10,2013,,,,,
0.03599107265472412,10,2014,,,,,
0.039854615926742554,10,2015,,,,,
0.13675539195537567,10,2016,,,,,
0.007552740629762411,10,2017,,,,,
0.02319614589214325,10,2018,,,,,
0.07353077828884125,10,2019,,,,,
0.0583343580365181,10,2020,,,,,
0.05079193413257599,10,2021,,,,,
0.1006632000207901,10,2022,,,,,
0.41076546907424927,10,2023,,,,,
0.004098991863429546,10,2024,,,,,
0.016611067578196526,10,2025,,,,,
0.04561396315693855,10,2026,,,,,
0.11784562468528748,10,2027,,,,,
0.05823954567313194,10,2028,,,,,
0.029042283073067665,10,2029,,,,,
0.004203327465802431,10,2030,,,,,
0.02657911740243435,10,2031,,,,,
0.04350319132208824,10,2032,,,,,
0.004024974536150694,10,2033,,,,,
0.15527428686618805,10,2034,,,,,
0.030392251908779144,10,2035,,,,,
0.04026106372475624,10,2036,,,,,
0.004858897067606449,10,2037,,,,,
0.001264926278963685,10,2038,,,,,
0.016560325399041176,10,2039,,,,,
0.002835769671946764,10,2040,,,,,
0.08763909339904785,10,2041,,,,,
0.012243751436471939,10,2042,,,,,
0.05368468910455704,10,2043,,,,,
0.08970135450363159,10,2044,,,,,
0.07150296866893768,10,2045,,,,,
0.07400421798229218,10,2046,,,,,
0.03612123802304268,10,2047,,,,,
0.008299998939037323,10,2048,,,,,
0.07110657542943954,10,2049,,,,,
0.0029865966644138098,10,2050,,,,,
0.011038406752049923,10,2051,,,,,
0.0009738771477714181,10,2052,,,,,
0.013500132597982883,10,2053,,,,,
0.0022364803589880466,10,2054,,,,,
0.009938910603523254,10,2055,,,,,
0.01049581915140152,10,2056,,,,,
0.06966149061918259,10,2057,,,,,
0.003557272721081972,10,2058,,,,,
0.004218473564833403,10,2059,,,,,
0.06640976667404175,10,2060,,,,,
0.045856066048145294,10,2061,,,,,
0.017684973776340485,10,2062,,,,,
0.03534986078739166,10,2063,,,,,
0.025342771783471107,10,2064,,,,,
0.002583616878837347,10,2065,,,,,
0.07165800780057907,10,2066,,,,,
0.010356016457080841,10,2067,,,,,
0.15634214878082275,10,2068,,,,,
0.0034051414113491774,10,2069,,,,,
0.04189406335353851,10,2070,,,,,
0.005308850668370724,10,2071,,,,,
0.12352938950061798,10,2072,,,,,
0.010022992268204689,10,2073,,,,,
0.1253298670053482,10,2074,,,,,
0.16622106730937958,10,2075,,,,,
0.006736647337675095,10,2076,,,,,
0.06567694246768951,10,2077,,,,,
0.031422752887010574,10,2078,,,,,
0.07392970472574234,10,2079,,,,,
0.06496019661426544,10,2080,,,,,
0.006653428077697754,10,2081,,,,,
0.0033611045219004154,10,2082,,,,,
0.005368661135435104,10,2083,,,,,
0.03139669820666313,10,2084,,,,,
0.004707369953393936,10,2085,,,,,
0.019179442897439003,10,2086,,,,,
0.06806570291519165,10,2087,,,,,
0.12058582156896591,10,2088,,,,,
0.018571915104985237,10,2089,,,,,
0.035175688564777374,10,2090,,,,,
0.4299999177455902,10,2091,,,,,
0.11882785707712173,10,2092,,,,,
0.02696209028363228,10,2093,,,,,
0.13746072351932526,10,2094,,,,,
0.013211352750658989,10,2095,,,,,
0.04003310203552246,10,2096,,,,,
0.021445024758577347,10,2097,,,,,
0.010705000720918179,10,2098,,,,,
0.038905758410692215,10,2099,,,,,
0.018697252497076988,10,2100,,,,,
0.028749460354447365,10,2101,,,,,
0.007561340928077698,10,2102,,,,,
0.0717814564704895,10,2103,,,,,
0.011584938503801823,10,2104,,,,,
0.1403609812259674,10,2105,,,,,
0.0828186571598053,10,2106,,,,,
0.010787170380353928,10,2107,,,,,
0.09052252769470215,10,2108,,,,,
0.10186484456062317,10,2109,,,,,
0.014950967393815517,10,2110,,,,,
0.07582374662160873,10,2111,,,,,
0.011151229962706566,10,2112,,,,,
0.02737097442150116,10,2113,,,,,
0.03851225972175598,10,2114,,,,,
0.010144595988094807,10,2115,,,,,
0.023157218471169472,10,2116,,,,,
0.10427803546190262,10,2117,,,,,
0.006952441763132811,10,2118,,,,,
0.009874758310616016,10,2119,,,,,
0.006473751738667488,10,2120,,,,,
0.030795812606811523,10,2121,,,,,
0.03222842887043953,10,2122,,,,,
0.009340892545878887,10,2123,,,,,
0.0717213824391365,10,2124,,,,,
0.11366566270589828,10,2125,,,,,
0.010533920489251614,10,2126,,,,,
0.11642659455537796,10,2127,,,,,
0.038612596690654755,10,2128,,,,,
0.05753331631422043,10,2129,,,,,
0.0962584912776947,10,2130,,,,,
0.030483698472380638,10,2131,,,,,
0.0161608699709177,10,2132,,,,,
0.11421670019626617,10,2133,,,,,
0.023757461458444595,10,2134,,,,,
0.03352984040975571,10,2135,,,,,
0.012753857299685478,10,2136,,,,,
0.16494391858577728,10,2137,,,,,
0.005911821965128183,10,2138,,,,,
0.0021693359594792128,10,2139,,,,,
0.05640675500035286,10,2140,,,,,
0.0028787427581846714,10,2141,,,,,
0.003780332626774907,10,2142,,,,,
0.00884427409619093,10,2143,,,,,
0.015572616830468178,10,2144,,,,,
0.05086696147918701,10,2145,,,,,
0.009887159802019596,10,2146,,,,,
0.16474664211273193,10,2147,,,,,
0.024374546483159065,10,2148,,,,,
0.009328031912446022,10,2149,,,,,
0.01246032863855362,10,2150,,,,,
0.012478419579565525,10,2151,,,,,
0.02971290983259678,10,2152,,,,,
0.0321192666888237,10,2153,,,,,
0.03234630823135376,10,2154,,,,,
0.01591147668659687,10,2155,,,,,
0.016530249267816544,10,2156,,,,,
0.011344220489263535,10,2157,,,,,
0.053360581398010254,10,2158,,,,,
0.013872970826923847,10,2159,,,,,
0.20474165678024292,10,2160,,,,,
0.018637672066688538,10,2161,,,,,
0.028235169127583504,10,2162,,,,,
0.007004209328442812,10,2163,,,,,
0.04418432340025902,10,2164,,,,,
0.004623780958354473,10,2165,,,,,
0.0009887345368042588,10,2166,,,,,
0.011267418973147869,10,2167,,,,,
0.017907708883285522,10,2168,,,,,
0.48319706320762634,10,2169,,,,,
0.04921377822756767,10,2170,,,,,
0.05749536678195,10,2171,,,,,
0.011669857427477837,10,2172,,,,,
0.0653533786535263,10,2173,,,,,
0.006796094588935375,10,2174,,,,,
0.012562418356537819,10,2175,,,,,
0.027120191603899002,10,2176,,,,,
0.037730902433395386,10,2177,,,,,
0.024087151512503624,10,2178,,,,,
0.07612518966197968,10,2179,,,,,
0.014200572855770588,10,2180,,,,,
0.04895145073533058,10,2181,,,,,
0.1444045752286911,10,2182,,,,,
0.04937057942152023,10,2183,,,,,
0.0765964686870575,10,2184,,,,,
0.04288781061768532,10,2185,,,,,
0.0184977725148201,10,2186,,,,,
0.010777694173157215,10,2187,,,,,
0.004788790829479694,10,2188,,,,,
,,1990,0.013657035306096077,,,,
,,1991,0.0015786327421665192,,,,
,,1992,0.0015786327421665192,,,,
,,1993,0.010160702280700207,,,,
,,1994,0.0005653714179061353,,,,
,,1995,0.0005653714179061353,,,,
,,1996,0.0005653714179061353,,,,
,,1997,0.13745389878749847,,,,
,,1998,0.14893463253974915,,,,
,,1999,0.14893463253974915,,,,
,,2000,0.0007032494759187102,,,,
,,2001,0.0007711855578236282,,,,
,,2002,0.0007711855578236282,,,,
,,2003,0.011279115453362465,,,,
,,2004,0.0010299654677510262,,,,
,,2005,0.0010299654677510262,,,,
,,2006,0.0005398104549385607,,,,
,,2007,0.0020054527558386326,,,,
,,2008,0.0020054527558386326,,,,
,,2009,0.008424799889326096,,,,
,,2010,0.015285844914615154,,,,
,,2011,0.0006776027730666101,,,,
,,2012,0.0006776027730666101,,,,
,,2013,0.0006296922801993787,,,,
,,2014,0.038192566484212875,,,,
,,2015,0.038192566484212875,,,,
,,2016,0.009657270275056362,,,,
,,2017,0.001034357468597591,,,,
,,2018,0.001034357468597591,,,,
,,2019,0.0004743488971143961,,,,
,,2020,0.012705672532320023,,,,
,,2021,0.0007746988558210433,,,,
,,2022,0.0007746988558210433,,,,
,,2023,0.0097154276445508,,,,
,,2024,0.001305831829085946,,,,
,,2025,0.001305831829085946,,,,
,,2026,0.0005854979972355068,,,,
,,2027,0.0005854979972355068,,,,
,,2028,0.0005854979972355068,,,,
,,2029,0.008354554884135723,,,,
,,2030,0.04485788196325302,,,,
,,2031,0.04485788196325302,,,,
,,2032,0.0005922719719819725,,,,
,,2033,0.0011182366870343685,,,,
,,2034,0.0011182366870343685,,,,
,,2035,0.009521814994513988,,,,
,,2036,0.0013616281794384122,,,,
,,2037,0.013927066698670387,,,,
,,2038,0.0013616281794384122,,,,
,,2039,0.0005335116875357926,,,,
,,2040,0.0011983299627900124,,,,
,,2041,0.0011983299627900124,,,,
,,2042,0.011722959578037262,,,,
,,2043,0.0004220945411361754,,,,
,,2044,0.0004220945411361754,,,,
,,2045,0.00046396045945584774,,,,
,,2046,0.03571416437625885,,,,
,,2047,0.03571416437625885,,,,
,,2048,0.1838013380765915,,,,
,,2049,0.14974157512187958,,,,
,,2050,0.14974157512187958,,,,
,,2051,0.0006397009128704667,,,,
,,2052,0.0014717245940119028,,,,
,,2053,0.0014717245940119028,,,,
,,2054,0.004025259520858526,,,,
,,2055,0.014997417107224464,,,,
,,2056,0.002052030060440302,,,,
,,2057,0.002052030060440302,,,,
,,2058,0.0005302291829138994,,,,
,,2059,0.0005302291829138994,,,,
,,2060,0.0005302291829138994,,,,
,,2061,0.012322215363383293,,,,
,,2062,0.0029509670566767454,,,,
,,2063,0.03660321980714798,,,,
,,2064,0.03660321980714798,,,,
,,2065,0.0005695007857866585,,,,
,,2066,0.0010693997610360384,,,,
,,2067,0.0010693997610360384,,,,
,,2068,0.012405048124492168,,,,
,,2069,0.0007652475615032017,,,,
,,2070,0.0007652475615032017,,,,
,,2071,0.0004823841154575348,,,,
,,2072,0.0022292991634458303,,,,
,,2073,0.0022292991634458303,,,,
,,2074,0.012726940214633942,,,,
,,2075,0.0005379775539040565,,,,
,,2076,0.0005379775539040565,,,,
,,2077,0.0005456027574837208,,,,
,,2078,0.03398532792925835,,,,
,,2079,0.0011528169270604849,,,,
,,2080,0.03398532792925835,,,,
,,2081,0.01073317788541317,,,,
,,2082,0.0011281961342319846,,,,
,,2083,0.0011281961342319846,,,,
,,2084,0.0005681677721440792,,,,
,,2085,0.0009917812421917915,,,,
,,2086,0.0009917812421917915,,,,
,,2087,0.012037307024002075,,,,
,,2088,0.0018345119897276163,,,,
,,2089,0.0018345119897276163,,,,
,,2090,0.00048297186731360853,,,,
,,2091,0.00048297186731360853,,,,
,,2092,0.00048297186731360853,,,,
,,2093,0.01427311822772026,,,,
,,2094,0.03091583587229252,,,,
,,2095,0.03091583587229252,,,,
,,2096,0.0003914259432349354,,,,
,,2097,0.05019615963101387,,,,
,,2098,0.0009318209486082196,,,,
,,2099,0.0009318209486082196,,,,
,,2100,0.2258712649345398,,,,
,,2101,0.292636901140213,,,,
,,2102,0.292636901140213,,,,
,,2103,0.0007461642380803823,,,,
,,2104,0.1515369713306427,,,,
,,2105,0.0017369467532262206,,,,
,,2106,0.0017369467532262206,,,,
,,2107,0.010270211845636368,,,,
,,2108,0.0006881399895064533,,,,
,,2109,0.0006881399895064533,,,,
,,2110,0.0006050429074093699,,,,
,,2111,0.03604063764214516,,,,
,,2112,0.03604063764214516,,,,
,,2113,0.00794537179172039,,,,
,,2114,0.001296110451221466,,,,
,,2115,0.001296110451221466,,,,
,,2116,0.0007393431151285768,,,,
,,2117,0.0009494188707321882,,,,
,,2118,0.0009494188707321882,,,,
,,2119,0.008440888486802578,,,,
,,2120,0.001291937194764614,,,,
,,2121,0.001291937194764614,,,,
,,2122,0.169870987534523,,,,
,,2123,0.0005646373028866947,,,,
,,2124,0.0005646373028866947,,,,
,,2125,0.0005646373028866947,,,,
,,2126,0.00861792266368866,,,,
,,2127,0.04413194581866264,,,,
,,2128,0.04413194581866264,,,,
,,2129,0.0007078679045662284,,,,
,,2130,0.0013118115020915866,,,,
,,2131,0.0013118115020915866,,,,
,,2132,0.007817811332643032,,,,
,,2133,0.00070301623782143,,,,
,,2134,0.00070301623782143,,,,
,,2135,0.0014294959837570786,,,,
,,2136,0.0020764078944921494,,,,
,,2137,0.0020764078944921494,,,,
,,2138,0.009394152089953423,,,,
,,2139,0.21559429168701172,,,,
,,2140,0.0011522433487698436,,,,
,,2141,0.0011522433487698436,,,,
,,2142,0.0006822010036557913,,,,
,,2143,0.04125542566180229,,,,
,,2144,0.04125542566180229,,,,
,,2145,0.01028164941817522,,,,
,,2146,0.000843567424453795,,,,
,,2147,0.011145340278744698,,,,
,,2148,0.000843567424453795,,,,
,,2149,0.0005169950309209526,,,,
,,2150,0.0008608278585597873,,,,
,,2151,0.0008608278585597873,,,,
,,2152,0.25003305077552795,,,,
,,2153,0.17435933649539948,,,,
,,2154,0.17435933649539948,,,,
,,2155,0.0006397952674888074,,,,
,,2156,0.0006397952674888074,,,,
,,2157,0.0006397952674888074,,,,
,,2158,0.01337507925927639,,,,
,,2159,0.03498773276805878,,,,
,,2160,0.03498773276805878,,,,
,,2161,0.0005345550598576665,,,,
,,2162,0.0010826969519257545,,,,
,,2163,0.0010826969519257545,,,,
,,2164,0.01064395159482956,,,,
,,2165,0.12183114141225815,,,,
,,2166,0.0007154616760089993,,,,
,,2167,0.0007154616760089993,,,,
,,2168,0.0006244989926926792,,,,
,,2169,0.0017824596725404263,,,,
,,2170,0.0017824596725404263,,,,
,,2171,0.010251248255372047,,,,
,,2172,0.0005568904452957213,,,,
,,2173,0.0005568904452957213,,,,
,,2174,0.0005319124320521951,,,,
,,2175,0.03443422168493271,,,,
,,2176,0.03443422168493271,,,,
,,2177,0.010757200419902802,,,,
,,2178,0.0012118868762627244,,,,
,,2179,0.0012118868762627244,,,,
,,2180,0.0006123465136624873,,,,
,,2181,0.0378040112555027,,,,
,,2182,0.0007772734970785677,,,,
,,2183,0.0007772734970785677,,,,
,,2184,0.009192110039293766,,,,
,,2185,0.0014047507429495454,,,,
,,2186,0.0014047507429495454,,,,
,,2187,0.0012729703448712826,,,,
,,2188,0.0012729703448712826,,,,
,10,2188,,0.022003648802638054,,,
,10,2188,,,0.0478581078350544,0.8140703439712524,0.9346733689308167
0.0027768071740865707,11,2189,,,,,
0.026329511776566505,11,2190,,,,,
0.007198929321020842,11,2191,,,,,
0.00393021572381258,11,2192,,,,,
0.04339972883462906,11,2193,,,,,
0.03274795413017273,11,2194,,,,,
0.01907150261104107,11,2195,,,,,
0.054379645735025406,11,2196,,,,,
0.017966249957680702,11,2197,,,,,
0.0020822365768253803,11,2198,,,,,
0.03441579267382622,11,2199,,,,,
0.02013247460126877,11,2200,,,,,
0.028753133490681648,11,2201,,,,,
0.1295555830001831,11,2202,,,,,
0.05926648527383804,11,2203,,,,,
0.002408606233075261,11,2204,,,,,
0.016976401209831238,11,2205,,,,,
0.03712233528494835,11,2206,,,,,
0.022945746779441833,11,2207,,,,,
0.02123461663722992,11,2208,,,,,
0.06107817590236664,11,2209,,,,,
0.0538751594722271,11,2210,,,,,
0.08064287155866623,11,2211,,,,,
0.017702993005514145,11,2212,,,,,
0.00171900843270123,11,2213,,,,,
0.004917456302791834,11,2214,,,,,
0.05393730476498604,11,2215,,,,,
0.03255298733711243,11,2216,,,,,
0.00021971348905935884,11,2217,,,,,
0.0010203381534665823,11,2218,,,,,
0.03354080766439438,11,2219,,,,,
0.002116455929353833,11,2220,,,,,
0.015235072001814842,11,2221,,,,,
0.007206751499325037,11,2222,,,,,
0.0022142622619867325,11,2223,,,,,
0.02736496925354004,11,2224,,,,,
0.002649694913998246,11,2225,,,,,
0.003757416270673275,11,2226,,,,,
0.029594507068395615,11,2227,,,,,
0.005705334711819887,11,2228,,,,,
0.011029813438653946,11,2229,,,,,
0.014471189118921757,11,2230,,,,,
0.027698323130607605,11,2231,,,,,
0.17374153435230255,11,2232,,,,,
0.249511256814003,11,2233,,,,,
0.005704102106392384,11,2234,,,,,
0.007937151938676834,11,2235,,,,,
0.028719782829284668,11,2236,,,,,
0.01913577690720558,11,2237,,,,,
0.0041986494325101376,11,2238,,,,,
0.06902125477790833,11,2239,,,,,
0.0044871484860777855,11,2240,,,,,
0.0023073211777955294,11,2241,,,,,
0.046257711946964264,11,2242,,,,,
0.1980598270893097,11,2243,,,,,
0.002265709452331066,11,2244,,,,,
0.03735890984535217,11,2245,,,,,
0.017431071028113365,11,2246,,,,,
0.006042181514203548,11,2247,,,,,
0.05102894827723503,11,2248,,,,,
0.6074552536010742,11,2249,,,,,
0.021441223099827766,11,2250,,,,,
0.005787642206996679,11,2251,,,,,
0.0023832698352634907,11,2252,,,,,
0.007110862527042627,11,2253,,,,,
0.003836698131635785,11,2254,,,,,
0.055106453597545624,11,2255,,,,,
0.020903803408145905,11,2256,,,,,
0.2712734341621399,11,2257,,,,,
0.013101001270115376,11,2258,,,,,
0.02647889219224453,11,2259,,,,,
0.01751629449427128,11,2260,,,,,
0.0015431033680215478,11,2261,,,,,
0.003242779988795519,11,2262,,,,,
0.13395226001739502,11,2263,,,,,
0.0024039403069764376,11,2264,,,,,
0.007340549491345882,11,2265,,,,,
0.05911543220281601,11,2266,,,,,
0.0035186379682272673,11,2267,,,,,
0.11981137841939926,11,2268,,,,,
0.021884487941861153,11,2269,,,,,
0.06663592904806137,11,2270,,,,,
0.004233384970575571,11,2271,,,,,
0.013247604481875896,11,2272,,,,,
0.03827949985861778,11,2273,,,,,
0.004456628113985062,11,2274,,,,,
0.0037435609847307205,11,2275,,,,,
0.0026063709519803524,11,2276,,,,,
0.12909090518951416,11,2277,,,,,
0.1053568571805954,11,2278,,,,,
0.006354719400405884,11,2279,,,,,
0.024232491850852966,11,2280,,,,,
0.0037254898343235254,11,2281,,,,,
0.03577989712357521,11,2282,,,,,
0.024840975180268288,11,2283,,,,,
0.08389323204755783,11,2284,,,,,
0.025752488523721695,11,2285,,,,,
0.003672628663480282,11,2286,,,,,
0.06854795664548874,11,2287,,,,,
0.040723033249378204,11,2288,,,,,
0.05708659067749977,11,2289,,,,,
0.029053453356027603,11,2290,,,,,
0.04118451476097107,11,2291,,,,,
0.019786972552537918,11,2292,,,,,
0.0073752752505242825,11,2293,,,,,
0.003648187732324004,11,2294,,,,,
0.01985929347574711,11,2295,,,,,
0.0022638365626335144,11,2296,,,,,
0.004363768734037876,11,2297,,,,,
0.045069076120853424,11,2298,,,,,
0.006181685719639063,11,2299,,,,,
0.05657226964831352,11,2300,,,,,
0.03465617820620537,11,2301,,,,,
0.15640366077423096,11,2302,,,,,
0.0003067909856326878,11,2303,,,,,
0.010331476107239723,11,2304,,,,,
0.0016900186892598867,11,2305,,,,,
0.0019371501402929425,11,2306,,,,,
0.03317501023411751,11,2307,,,,,
0.007871071808040142,11,2308,,,,,
0.11074954271316528,11,2309,,,,,
0.015148712322115898,11,2310,,,,,
0.028324458748102188,11,2311,,,,,
0.12573134899139404,11,2312,,,,,
0.2187325805425644,11,2313,,,,,
0.9067213535308838,11,2314,,,,,
0.05130463466048241,11,2315,,,,,
0.03150128945708275,11,2316,,,,,
0.012521605007350445,11,2317,,,,,
0.00918782688677311,11,2318,,,,,
0.06662727892398834,11,2319,,,,,
0.0023767254315316677,11,2320,,,,,
0.008252312429249287,11,2321,,,,,
0.014176186174154282,11,2322,,,,,
0.06141229346394539,11,2323,,,,,
0.0315701961517334,11,2324,,,,,
0.04637056961655617,11,2325,,,,,
0.28445449471473694,11,2326,,,,,
0.005752902012318373,11,2327,,,,,
0.01993931457400322,11,2328,,,,,
0.04038737341761589,11,2329,,,,,
0.08022496849298477,11,2330,,,,,
0.005629859399050474,11,2331,,,,,
0.03410548344254494,11,2332,,,,,
0.07327169179916382,11,2333,,,,,
0.006661546882241964,11,2334,,,,,
0.04140324518084526,11,2335,,,,,
0.002265611197799444,11,2336,,,,,
0.014370664022862911,11,2337,,,,,
0.12163136899471283,11,2338,,,,,
0.03104286640882492,11,2339,,,,,
0.23556126654148102,11,2340,,,,,
0.03725900501012802,11,2341,,,,,
0.1338365525007248,11,2342,,,,,
0.004998603370040655,11,2343,,,,,
0.031224679201841354,11,2344,,,,,
0.030471770092844963,11,2345,,,,,
0.11151362210512161,11,2346,,,,,
0.0033483102452009916,11,2347,,,,,
0.17475207149982452,11,2348,,,,,
0.0308602936565876,11,2349,,,,,
0.0054580108262598515,11,2350,,,,,
0.07010310888290405,11,2351,,,,,
0.01765056699514389,11,2352,,,,,
0.04804561287164688,11,2353,,,,,
0.003418462350964546,11,2354,,,,,
0.035090234130620956,11,2355,,,,,
0.009016050025820732,11,2356,,,,,
0.09537006914615631,11,2357,,,,,
0.08252695947885513,11,2358,,,,,
0.021783920004963875,11,2359,,,,,
0.025822656229138374,11,2360,,,,,
0.029930977150797844,11,2361,,,,,
0.023997340351343155,11,2362,,,,,
0.03537512943148613,11,2363,,,,,
0.017972087487578392,11,2364,,,,,
0.012941715307533741,11,2365,,,,,
0.05213937908411026,11,2366,,,,,
0.03863602504134178,11,2367,,,,,
0.11063490062952042,11,2368,,,,,
0.06921371817588806,11,2369,,,,,
0.051109157502651215,11,2370,,,,,
0.0057087671011686325,11,2371,,,,,
0.3937714099884033,11,2372,,,,,
0.02859625592827797,11,2373,,,,,
0.05611756443977356,11,2374,,,,,
0.06502820551395416,11,2375,,,,,
0.09301979839801788,11,2376,,,,,
0.0675271525979042,11,2377,,,,,
0.04895801097154617,11,2378,,,,,
0.35916927456855774,11,2379,,,,,
0.052962012588977814,11,2380,,,,,
0.04533080756664276,11,2381,,,,,
0.010081633925437927,11,2382,,,,,
0.06084033474326134,11,2383,,,,,
0.02311413176357746,11,2384,,,,,
0.006426659412682056,11,2385,,,,,
0.052699264138936996,11,2386,,,,,
0.00548427551984787,11,2387,,,,,
,,2189,0.01855894923210144,,,,
,,2190,0.0014215660048648715,,,,
,,2191,0.0014215660048648715,,,,
,,2192,0.007567336317151785,,,,
,,2193,0.0006924934568814933,,,,
,,2194,0.0006924934568814933,,,,
,,2195,0.0006924934568814933,,,,
,,2196,0.08527523279190063,,,,
,,2197,0.08605805784463882,,,,
,,2198,0.08605805784463882,,,,
,,2199,0.0005892573390156031,,,,
,,2200,0.0013093415182083845,,,,
,,2201,0.0013093415182083845,,,,
,,2202,0.018816089257597923,,,,
,,2203,0.0012659849599003792,,,,
,,2204,0.0012659849599003792,,,,
,,2205,0.0002822918468154967,,,,
,,2206,0.001736993552185595,,,,
,,2207,0.001736993552185595,,,,
,,2208,0.01517334021627903,,,,
,,2209,0.005818488076329231,,,,
,,2210,0.0003181413921993226,,,,
,,2211,0.0003181413921993226,,,,
,,2212,0.0003004784230142832,,,,
,,2213,0.01657986454665661,,,,
,,2214,0.01657986454665661,,,,
,,2215,0.017023947089910507,,,,
,,2216,0.0009781145490705967,,,,
,,2217,0.0009781145490705967,,,,
,,2218,0.00027066320762969553,,,,
,,2219,0.006947258487343788,,,,
,,2220,0.0008907619048841298,,,,
,,2221,0.0008907619048841298,,,,
,,2222,0.015957992523908615,,,,
,,2223,0.0009603136568330228,,,,
,,2224,0.0009603136568330228,,,,
,,2225,0.0004186475125607103,,,,
,,2226,0.0004186475125607103,,,,
,,2227,0.0004186475125607103,,,,
,,2228,0.016234593465924263,,,,
,,2229,0.020733898505568504,,,,
,,2230,0.020733898505568504,,,,
,,2231,0.0009498217259533703,,,,
,,2232,0.0016501235077157617,,,,
,,2233,0.0016501235077157617,,,,
,,2234,0.01631443202495575,,,,
,,2235,0.0012866276083514094,,,,
,,2236,0.009142730385065079,,,,
,,2237,0.0012866276083514094,,,,
,,2238,0.0007195830112323165,,,,
,,2239,0.0016301121795549989,,,,
,,2240,0.0016301121795549989,,,,
,,2241,0.01814836449921131,,,,
,,2242,0.0003994762373622507,,,,
,,2243,0.0003994762373622507,,,,
,,2244,0.0016575499903410673,,,,
,,2245,0.017288286238908768,,,,
,,2246,0.017288286238908768,,,,
,,2247,0.10669255256652832,,,,
,,2248,0.08951497822999954,,,,
,,2249,0.08951497822999954,,,,
,,2250,0.0005260456237010658,,,,
,,2251,0.0017002293607220054,,,,
,,2252,0.0017002293607220054,,,,
,,2253,0.014308826066553593,,,,
,,2254,0.023382093757390976,,,,
,,2255,0.0014788461849093437,,,,
,,2256,0.0014788461849093437,,,,
,,2257,0.00028238308732397854,,,,
,,2258,0.00028238308732397854,,,,
,,2259,0.00028238308732397854,,,,
,,2260,0.020274139940738678,,,,
,,2261,0.006282874383032322,,,,
,,2262,0.017442306503653526,,,,
,,2263,0.017442306503653526,,,,
,,2264,0.00028839000151492655,,,,
,,2265,0.0009520738967694342,,,,
,,2266,0.0009520738967694342,,,,
,,2267,0.020377138629555702,,,,
,,2268,0.00098157930187881,,,,
,,2269,0.00098157930187881,,,,
,,2270,0.0002889279567170888,,,,
,,2271,0.0014975930098444223,,,,
,,2272,0.0014975930098444223,,,,
,,2273,0.020378103479743004,,,,
,,2274,0.0003152515273541212,,,,
,,2275,0.0003152515273541212,,,,
,,2276,0.0003899499133694917,,,,
,,2277,0.016374481841921806,,,,
,,2278,0.0006951373070478439,,,,
,,2279,0.016374481841921806,,,,
,,2280,0.019936081022024155,,,,
,,2281,0.0014904580311849713,,,,
,,2282,0.0014904580311849713,,,,
,,2283,0.0007866347441449761,,,,
,,2284,0.0014478443190455437,,,,
,,2285,0.0014478443190455437,,,,
,,2286,0.02051653526723385,,,,
,,2287,0.0015499440487474203,,,,
,,2288,0.0015499440487474203,,,,
,,2289,0.0007551395101472735,,,,
,,2290,0.0007551395101472735,,,,
,,2291,0.0007551395101472735,,,,
,,2292,0.02228621393442154,,,,
,,2293,0.015508427284657955,,,,
,,2294,0.015508427284657955,,,,
,,2295,0.0022338470444083214,,,,
,,2296,0.023631727322936058,,,,
,,2297,0.004257184453308582,,,,
,,2298,0.004257184453308582,,,,
,,2299,0.15300500392913818,,,,
,,2300,0.18261848390102386,,,,
,,2301,0.18261848390102386,,,,
,,2302,0.0014444093685597181,,,,
,,2303,0.13502855598926544,,,,
,,2304,0.0020070571918040514,,,,
,,2305,0.0020070571918040514,,,,
,,2306,0.01655038818717003,,,,
,,2307,0.0006611925200559199,,,,
,,2308,0.0006611925200559199,,,,
,,2309,0.0005085793090984225,,,,
,,2310,0.017439967021346092,,,,
,,2311,0.017439967021346092,,,,
,,2312,0.014034661464393139,,,,
,,2313,0.0012151398696005344,,,,
,,2314,0.0012151398696005344,,,,
,,2315,0.0004797688452526927,,,,
,,2316,0.0011279003228992224,,,,
,,2317,0.0011279003228992224,,,,
,,2318,0.014427363872528076,,,,
,,2319,0.001184974447824061,,,,
,,2320,0.001184974447824061,,,,
,,2321,0.14854834973812103,,,,
,,2322,0.000536064151674509,,,,
,,2323,0.000536064151674509,,,,
,,2324,0.000536064151674509,,,,
,,2325,0.013888055458664894,,,,
,,2326,0.02159421518445015,,,,
,,2327,0.02159421518445015,,,,
,,2328,0.0009049570071510971,,,,
,,2329,0.001549126347526908,,,,
,,2330,0.001549126347526908,,,,
,,2331,0.014941348694264889,,,,
,,2332,0.001633297884836793,,,,
,,2333,0.001633297884836793,,,,
,,2334,0.0020180928986519575,,,,
,,2335,0.003005299950018525,,,,
,,2336,0.003005299950018525,,,,
,,2337,0.014969289302825928,,,,
,,2338,0.11852125823497772,,,,
,,2339,0.0006104129715822637,,,,
,,2340,0.0006104129715822637,,,,
,,2341,0.0016066511161625385,,,,
,,2342,0.02169778384268284,,,,
,,2343,0.02169778384268284,,,,
,,2344,0.015556473284959793,,,,
,,2345,0.001340252347290516,,,,
,,2346,0.012315635569393635,,,,
,,2347,0.001340252347290516,,,,
,,2348,0.004212780389934778,,,,
,,2349,0.0044188955798745155,,,,
,,2350,0.0044188955798745155,,,,
,,2351,0.1182122677564621,,,,
,,2352,0.10491932183504105,,,,
,,2353,0.10491932183504105,,,,
,,2354,0.000698949268553406,,,,
,,2355,0.000698949268553406,,,,
,,2356,0.000698949268553406,,,,
,,2357,0.020032713189721107,,,,
,,2358,0.01666286587715149,,,,
,,2359,0.01666286587715149,,,,
,,2360,0.00035662148729898036,,,,
,,2361,0.00115005683619529,,,,
,,2362,0.00115005683619529,,,,
,,2363,0.01842232048511505,,,,
,,2364,0.03130180761218071,,,,
,,2365,0.0011761175701394677,,,,
,,2366,0.0011761175701394677,,,,
,,2367,0.0003656033077277243,,,,
,,2368,0.0014103036373853683,,,,
,,2369,0.0014103036373853683,,,,
,,2370,0.017323607578873634,,,,
,,2371,0.0003606724494602531,,,,
,,2372,0.0003606724494602531,,,,
,,2373,0.00043797018588520586,,,,
,,2374,0.016250794753432274,,,,
,,2375,0.016250794753432274,,,,
,,2376,0.017841633409261703,,,,
,,2377,0.0012528998777270317,,,,
,,2378,0.0012528998777270317,,,,
,,2379,0.0005501167033798993,,,,
,,2380,0.021514009684324265,,,,
,,2381,0.00117373070679605,,,,
,,2382,0.00117373070679605,,,,
,,2383,0.017386851832270622,,,,
,,2384,0.0017065620049834251,,,,
,,2385,0.0017065620049834251,,,,
,,2386,0.000973598042037338,,,,
,,2387,0.000973598042037338,,,,
,11,2387,,0.014835185371339321,,,
,11,2387,,,0.051015567034482956,0.9346733689308167,0.9346733689308167
0.005444985814392567,12,2388,,,,,
0.006219699513167143,12,2389,,,,,
0.012828541919589043,12,2390,,,,,
0.015744969248771667,12,2391,,,,,
0.02568862959742546,12,2392,,,,,
0.06190671771764755,12,2393,,,,,
0.08369320631027222,12,2394,,,,,
0.13754001259803772,12,2395,,,,,
0.03128422051668167,12,2396,,,,,
0.06762755662202835,12,2397,,,,,
0.04504726827144623,12,2398,,,,,
0.026964882388710976,12,2399,,,,,
0.13720151782035828,12,2400,,,,,
0.02729390747845173,12,2401,,,,,
0.003933326806873083,12,2402,,,,,
0.05749863013625145,12,2403,,,,,
0.015468879602849483,12,2404,,,,,
0.00901520811021328,12,2405,,,,,
0.06549376249313354,12,2406,,,,,
0.1504756063222885,12,2407,,,,,
0.18053549528121948,12,2408,,,,,
0.002616937505081296,12,2409,,,,,
0.03980028256773949,12,2410,,,,,
0.03125223517417908,12,2411,,,,,
0.003930716309696436,12,2412,,,,,
0.05112408101558685,12,2413,,,,,
0.008248074911534786,12,2414,,,,,
0.0025787120684981346,12,2415,,,,,
0.2648939788341522,12,2416,,,,,
0.06641501933336258,12,2417,,,,,
0.026736866682767868,12,2418,,,,,
0.018643410876393318,12,2419,,,,,
0.060489244759082794,12,2420,,,,,
0.6710904836654663,12,2421,,,,,
0.004183331038802862,12,2422,,,,,
0.006964108906686306,12,2423,,,,,
0.22004970908164978,12,2424,,,,,
0.016422225162386894,12,2425,,,,,
0.00606492068618536,12,2426,,,,,
0.2561299800872803,12,2427,,,,,
0.003020934062078595,12,2428,,,,,
0.021472809836268425,12,2429,,,,,
0.005412772763520479,12,2430,,,,,
0.039203036576509476,12,2431,,,,,
0.0018768028821796179,12,2432,,,,,
0.015807731077075005,12,2433,,,,,
0.007259212899953127,12,2434,,,,,
0.04254956170916557,12,2435,,,,,
0.0715930163860321,12,2436,,,,,
0.030564863234758377,12,2437,,,,,
0.0035371335688978434,12,2438,,,,,
0.01181288342922926,12,2439,,,,,
0.03429577127099037,12,2440,,,,,
0.0036689373664557934,12,2441,,,,,
0.0013301006983965635,12,2442,,,,,
0.128572016954422,12,2443,,,,,
0.056028421968221664,12,2444,,,,,
0.08007164299488068,12,2445,,,,,
0.030088452622294426,12,2446,,,,,
0.01955154910683632,12,2447,,,,,
0.0058272299356758595,12,2448,,,,,
0.0019739435520023108,12,2449,,,,,
0.0025511544663459063,12,2450,,,,,
0.05148833245038986,12,2451,,,,,
0.3046497404575348,12,2452,,,,,
0.0678473487496376,12,2453,,,,,
0.319286584854126,12,2454,,,,,
0.0016992025775834918,12,2455,,,,,
0.0024456114042550325,12,2456,,,,,
0.016315249726176262,12,2457,,,,,
0.05618482083082199,12,2458,,,,,
0.19192126393318176,12,2459,,,,,
0.10781992971897125,12,2460,,,,,
0.08913260698318481,12,2461,,,,,
0.05205146223306656,12,2462,,,,,
0.0037148776464164257,12,2463,,,,,
0.045139338821172714,12,2464,,,,,
0.012050014920532703,12,2465,,,,,
0.002960899146273732,12,2466,,,,,
0.00895257480442524,12,2467,,,,,
0.03244885802268982,12,2468,,,,,
0.005772101692855358,12,2469,,,,,
0.02185201644897461,12,2470,,,,,
0.00796867348253727,12,2471,,,,,
0.00721724284812808,12,2472,,,,,
0.015167788602411747,12,2473,,,,,
0.03788312152028084,12,2474,,,,,
0.011465949937701225,12,2475,,,,,
0.012219225987792015,12,2476,,,,,
0.0030193079728633165,12,2477,,,,,
0.003633757820352912,12,2478,,,,,
0.009429535828530788,12,2479,,,,,
0.004824544303119183,12,2480,,,,,
0.0279687512665987,12,2481,,,,,
0.029669789597392082,12,2482,,,,,
0.20701070129871368,12,2483,,,,,
0.030931884422898293,12,2484,,,,,
0.03297446295619011,12,2485,,,,,
0.017464101314544678,12,2486,,,,,
0.07611754536628723,12,2487,,,,,
0.014741738326847553,12,2488,,,,,
0.0014363514492288232,12,2489,,,,,
0.016011357307434082,12,2490,,,,,
0.006793071515858173,12,2491,,,,,
0.002191273495554924,12,2492,,,,,
0.003887808881700039,12,2493,,,,,
0.01473405584692955,12,2494,,,,,
0.014833642169833183,12,2495,,,,,
0.21607258915901184,12,2496,,,,,
0.0811234563589096,12,2497,,,,,
0.07892438024282455,12,2498,,,,,
0.022149084135890007,12,2499,,,,,
0.010015142150223255,12,2500,,,,,
0.00926562026143074,12,2501,,,,,
0.015929903835058212,12,2502,,,,,
0.0034367195330560207,12,2503,,,,,
0.07398077100515366,12,2504,,,,,
0.023938681930303574,12,2505,,,,,
0.029448596760630608,12,2506,,,,,
0.03851590305566788,12,2507,,,,,
0.051654260605573654,12,2508,,,,,
0.01189191360026598,12,2509,,,,,
0.029847953468561172,12,2510,,,,,
0.006286104209721088,12,2511,,,,,
0.0024230924900621176,12,2512,,,,,
0.013269429095089436,12,2513,,,,,
0.11517983675003052,12,2514,,,,,
0.009212990291416645,12,2515,,,,,
0.05086953192949295,12,2516,,,,,
0.0060078296810388565,12,2517,,,,,
0.0011447467841207981,12,2518,,,,,
0.06886331737041473,12,2519,,,,,
0.04585670307278633,12,2520,,,,,
0.061403580009937286,12,2521,,,,,
0.03108534961938858,12,2522,,,,,
0.008685186505317688,12,2523,,,,,
0.007345143705606461,12,2524,,,,,
0.006454352289438248,12,2525,,,,,
0.6431532502174377,12,2526,,,,,
0.0015554577112197876,12,2527,,,,,
0.07914409041404724,12,2528,,,,,
0.13079997897148132,12,2529,,,,,
0.01900543086230755,12,2530,,,,,
0.050673700869083405,12,2531,,,,,
0.010839994065463543,12,2532,,,,,
0.09138742834329605,12,2533,,,,,
0.0021488897036761045,12,2534,,,,,
0.08806035667657852,12,2535,,,,,
0.09549622237682343,12,2536,,,,,
0.000836512423120439,12,2537,,,,,
0.01394141186028719,12,2538,,,,,
0.008985291235148907,12,2539,,,,,
0.011529884301126003,12,2540,,,,,
0.0022244364954531193,12,2541,,,,,
0.007429924793541431,12,2542,,,,,
0.08521518856287003,12,2543,,,,,
0.13299492001533508,12,2544,,,,,
0.010951499454677105,12,2545,,,,,
0.013096760027110577,12,2546,,,,,
0.0024187255185097456,12,2547,,,,,
0.07133658230304718,12,2548,,,,,
0.013048009015619755,12,2549,,,,,
0.03492048755288124,12,2550,,,,,
0.17215701937675476,12,2551,,,,,
0.0016890676924958825,12,2552,,,,,
0.07471781224012375,12,2553,,,,,
0.017077291384339333,12,2554,,,,,
0.016193365678191185,12,2555,,,,,
0.0014806194230914116,12,2556,,,,,
0.004168408457189798,12,2557,,,,,
0.0012245170073583722,12,2558,,,,,
0.03330140933394432,12,2559,,,,,
0.06829238682985306,12,2560,,,,,
0.0056877899914979935,12,2561,,,,,
0.03376289829611778,12,2562,,,,,
0.008868425153195858,12,2563,,,,,
0.0006269069272093475,12,2564,,,,,
0.03482122719287872,12,2565,,,,,
0.0038633716758340597,12,2566,,,,,
0.044510368257761,12,2567,,,,,
0.001981467707082629,12,2568,,,,,
0.007501575630158186,12,2569,,,,,
0.10175833106040955,12,2570,,,,,
0.003867438528686762,12,2571,,,,,
0.03393924608826637,12,2572,,,,,
0.0012693838216364384,12,2573,,,,,
0.3130459189414978,12,2574,,,,,
0.023295996710658073,12,2575,,,,,
0.07237198203802109,12,2576,,,,,
0.09177292138338089,12,2577,,,,,
0.0188217144459486,12,2578,,,,,
0.0009251988376490772,12,2579,,,,,
0.08062653988599777,12,2580,,,,,
0.04990816116333008,12,2581,,,,,
0.05448588728904724,12,2582,,,,,
0.08329122513532639,12,2583,,,,,
0.004421907011419535,12,2584,,,,,
0.02449699118733406,12,2585,,,,,
0.011051254346966743,12,2586,,,,,
,,2388,0.01755855232477188,,,,
,,2389,0.0030897881370037794,,,,
,,2390,0.0030897881370037794,,,,
,,2391,0.005006025545299053,,,,
,,2392,0.00038888954441063106,,,,
,,2393,0.00038888954441063106,,,,
,,2394,0.00038888954441063106,,,,
,,2395,0.008676184341311455,,,,
,,2396,0.023931534960865974,,,,
,,2397,0.023931534960865974,,,,
,,2398,0.0031351239886134863,,,,
,,2399,0.005086330696940422,,,,
,,2400,0.005086330696940422,,,,
,,2401,0.019704172387719154,,,,
,,2402,0.005578021053224802,,,,
,,2403,0.005578021053224802,,,,
,,2404,0.002982396399602294,,,,
,,2405,0.0033786166459321976,,,,
,,2406,0.0033786166459321976,,,,
,,2407,0.009156705811619759,,,,
,,2408,0.006928013172000647,,,,
,,2409,0.0005831189919263124,,,,
,,2410,0.0005831189919263124,,,,
,,2411,0.00041116875945590436,,,,
,,2412,0.015386518090963364,,,,
,,2413,0.015386518090963364,,,,
,,2414,0.011241458356380463,,,,
,,2415,0.0036343976389616728,,,,
,,2416,0.0036343976389616728,,,,
,,2417,0.00044806444202549756,,,,
,,2418,0.006568067241460085,,,,
,,2419,0.0006686518318019807,,,,
,,2420,0.0006686518318019807,,,,
,,2421,0.009647856466472149,,,,
,,2422,0.0008517936803400517,,,,
,,2423,0.0008517936803400517,,,,
,,2424,0.00045761343790218234,,,,
,,2425,0.00045761343790218234,,,,
,,2426,0.00045761343790218234,,,,
,,2427,0.01004977896809578,,,,
,,2428,0.022405225783586502,,,,
,,2429,0.022405225783586502,,,,
,,2430,0.000861312379129231,,,,
,,2431,0.0022055727895349264,,,,
,,2432,0.0022055727895349264,,,,
,,2433,0.012162946164608002,,,,
,,2434,0.0010903363581746817,,,,
,,2435,0.008082176558673382,,,,
,,2436,0.0010903363581746817,,,,
,,2437,0.0005719222244806588,,,,
,,2438,0.0010466534877195954,,,,
,,2439,0.0010466534877195954,,,,
,,2440,0.01779613271355629,,,,
,,2441,0.005224477034062147,,,,
,,2442,0.005224477034062147,,,,
,,2443,0.00041414075531065464,,,,
,,2444,0.015188396908342838,,,,
,,2445,0.015188396908342838,,,,
,,2446,0.01149419229477644,,,,
,,2447,0.0012088626390323043,,,,
,,2448,0.0012088626390323043,,,,
,,2449,0.0006993754650466144,,,,
,,2450,0.001438844483345747,,,,
,,2451,0.001438844483345747,,,,
,,2452,0.0046293954364955425,,,,
,,2453,0.016208210960030556,,,,
,,2454,0.001560929580591619,,,,
,,2455,0.001560929580591619,,,,
,,2456,0.0012249561259523034,,,,
,,2457,0.0012249561259523034,,,,
,,2458,0.0012249561259523034,,,,
,,2459,0.010856066830456257,,,,
,,2460,0.21752552688121796,,,,
,,2461,0.01993698999285698,,,,
,,2462,0.01993698999285698,,,,
,,2463,0.00034429787774570286,,,,
,,2464,0.001366190961562097,,,,
,,2465,0.001366190961562097,,,,
,,2466,0.012188402935862541,,,,
,,2467,0.000508638215251267,,,,
,,2468,0.000508638215251267,,,,
,,2469,0.0003455505648162216,,,,
,,2470,0.0012225424870848656,,,,
,,2471,0.0012225424870848656,,,,
,,2472,0.010895444080233574,,,,
,,2473,0.00041839119512587786,,,,
,,2474,0.00041839119512587786,,,,
,,2475,0.0003552564012352377,,,,
,,2476,0.016878023743629456,,,,
,,2477,0.0008923568530008197,,,,
,,2478,0.016878023743629456,,,,
,,2479,0.010826108045876026,,,,
,,2480,0.0016385354101657867,,,,
,,2481,0.0016385354101657867,,,,
,,2482,0.0004072613373864442,,,,
,,2483,0.0007769656949676573,,,,
,,2484,0.0007769656949676573,,,,
,,2485,0.012837751768529415,,,,
,,2486,0.001346278702840209,,,,
,,2487,0.001346278702840209,,,,
,,2488,0.00040969406836666167,,,,
,,2489,0.00040969406836666167,,,,
,,2490,0.00040969406836666167,,,,
,,2491,0.014181946404278278,,,,
,,2492,0.019393857568502426,,,,
,,2493,0.019393857568502426,,,,
,,2494,0.0004022854845970869,,,,
,,2495,0.03002428263425827,,,,
,,2496,0.0011866020504385233,,,,
,,2497,0.0011866020504385233,,,,
,,2498,0.051623325794935226,,,,
,,2499,0.05464033782482147,,,,
,,2500,0.05464033782482147,,,,
,,2501,0.0004457050818018615,,,,
,,2502,0.1823846995830536,,,,
,,2503,0.0012706129346042871,,,,
,,2504,0.0012706129346042871,,,,
,,2505,0.010736523196101189,,,,
,,2506,0.0006049018702469766,,,,
,,2507,0.0006049018702469766,,,,
,,2508,0.0006775853107683361,,,,
,,2509,0.017976880073547363,,,,
,,2510,0.017976880073547363,,,,
,,2511,0.0067512281239032745,,,,
,,2512,0.0013080736389383674,,,,
,,2513,0.0013080736389383674,,,,
,,2514,0.0003780965635087341,,,,
,,2515,0.00045672955457121134,,,,
,,2516,0.00045672955457121134,,,,
,,2517,0.007951818406581879,,,,
,,2518,0.000780545873567462,,,,
,,2519,0.000780545873567462,,,,
,,2520,0.14917562901973724,,,,
,,2521,0.0003811596252489835,,,,
,,2522,0.0003811596252489835,,,,
,,2523,0.0003811596252489835,,,,
,,2524,0.007054873276501894,,,,
,,2525,0.021165087819099426,,,,
,,2526,0.021165087819099426,,,,
,,2527,0.00037266570143401623,,,,
,,2528,0.0010883716167882085,,,,
,,2529,0.0010883716167882085,,,,
,,2530,0.0076233879663050175,,,,
,,2531,0.0005126242758706212,,,,
,,2532,0.0005126242758706212,,,,
,,2533,0.0004700372810475528,,,,
,,2534,0.0009421115391887724,,,,
,,2535,0.0009421115391887724,,,,
,,2536,0.008963482454419136,,,,
,,2537,0.01637730933725834,,,,
,,2538,0.0006381163257174194,,,,
,,2539,0.0006381163257174194,,,,
,,2540,0.00047915405593812466,,,,
,,2541,0.020730601623654366,,,,
,,2542,0.020730601623654366,,,,
,,2543,0.010082079097628593,,,,
,,2544,0.0029262115713208914,,,,
,,2545,0.005274013616144657,,,,
,,2546,0.0029262115713208914,,,,
,,2547,0.0006099182064644992,,,,
,,2548,0.0008509474573656917,,,,
,,2549,0.0008509474573656917,,,,
,,2550,0.04394196346402168,,,,
,,2551,0.018498213961720467,,,,
,,2552,0.018498213961720467,,,,
,,2553,0.0003959558089263737,,,,
,,2554,0.0003959558089263737,,,,
,,2555,0.0003959558089263737,,,,
,,2556,0.01342801097780466,,,,
,,2557,0.0178906861692667,,,,
,,2558,0.0178906861692667,,,,
,,2559,0.0006004712195135653,,,,
,,2560,0.003312180284410715,,,,
,,2561,0.003312180284410715,,,,
,,2562,0.009740212000906467,,,,
,,2563,0.07051914185285568,,,,
,,2564,0.0004744402540381998,,,,
,,2565,0.0004744402540381998,,,,
,,2566,0.00029662580345757306,,,,
,,2567,0.0011830244911834598,,,,
,,2568,0.0011830244911834598,,,,
,,2569,0.009540939703583717,,,,
,,2570,0.00032166828168556094,,,,
,,2571,0.00032166828168556094,,,,
,,2572,0.0003187324618920684,,,,
,,2573,0.015985839068889618,,,,
,,2574,0.015985839068889618,,,,
,,2575,0.009322715923190117,,,,
,,2576,0.001428101328201592,,,,
,,2577,0.001428101328201592,,,,
,,2578,0.00033047949546016753,,,,
,,2579,0.018405836075544357,,,,
,,2580,0.0004217298119328916,,,,
,,2581,0.0004217298119328916,,,,
,,2582,0.009392541833221912,,,,
,,2583,0.0008264149655587971,,,,
,,2584,0.0008264149655587971,,,,
,,2585,0.0003951182879973203,,,,
,,2586,0.0003951182879973203,,,,
,12,2586,,0.009544127620756626,,,
,12,2586,,,0.049239661544561386,0.9346733689308167,0.9447236061096191
0.028086787089705467,13,2587,,,,,
0.003241604194045067,13,2588,,,,,
0.00931193120777607,13,2589,,,,,
0.02513939142227173,13,2590,,,,,
0.0010126708075404167,13,2591,,,,,
0.04452136904001236,13,2592,,,,,
0.06072651222348213,13,2593,,,,,
0.06093259155750275,13,2594,,,,,
0.07355205714702606,13,2595,,,,,
0.0011254171840846539,13,2596,,,,,
0.128608837723732,13,2597,,,,,
0.014038175344467163,13,2598,,,,,
0.008915182203054428,13,2599,,,,,
0.003431749064475298,13,2600,,,,,
0.029217926785349846,13,2601,,,,,
0.004351579584181309,13,2602,,,,,
0.04090377688407898,13,2603,,,,,
0.01036461815237999,13,2604,,,,,
0.19055545330047607,13,2605,,,,,
0.04298960417509079,13,2606,,,,,
0.016593635082244873,13,2607,,,,,
0.0016535462345927954,13,2608,,,,,
0.03948185220360756,13,2609,,,,,
0.00910241436213255,13,2610,,,,,
0.024289440363645554,13,2611,,,,,
0.001701301895081997,13,2612,,,,,
0.07070053368806839,13,2613,,,,,
0.05501099303364754,13,2614,,,,,
0.008552370592951775,13,2615,,,,,
0.00268734572455287,13,2616,,,,,
0.005106822587549686,13,2617,,,,,
0.016566051170229912,13,2618,,,,,
0.0038637618999928236,13,2619,,,,,
0.0350104458630085,13,2620,,,,,
0.060871075838804245,13,2621,,,,,
0.003927313722670078,13,2622,,,,,
0.006498023401945829,13,2623,,,,,
0.02431454323232174,13,2624,,,,,
0.032982923090457916,13,2625,,,,,
0.01591445505619049,13,2626,,,,,
0.002818052191287279,13,2627,,,,,
0.009143119677901268,13,2628,,,,,
0.022321702912449837,13,2629,,,,,
0.051185913383960724,13,2630,,,,,
0.04225458204746246,13,2631,,,,,
0.02515891008079052,13,2632,,,,,
0.12601345777511597,13,2633,,,,,
0.010262294672429562,13,2634,,,,,
0.002278151921927929,13,2635,,,,,
0.004221130162477493,13,2636,,,,,
0.0017875466728582978,13,2637,,,,,
0.08149786293506622,13,2638,,,,,
0.02142925001680851,13,2639,,,,,
0.01960425265133381,13,2640,,,,,
0.0011938039679080248,13,2641,,,,,
0.0010011341655626893,13,2642,,,,,
0.02014610916376114,13,2643,,,,,
0.05322476848959923,13,2644,,,,,
0.04358924180269241,13,2645,,,,,
0.08036337792873383,13,2646,,,,,
0.012571526691317558,13,2647,,,,,
0.0004883928340859711,13,2648,,,,,
0.10683590918779373,13,2649,,,,,
0.0014688774244859815,13,2650,,,,,
0.008729402907192707,13,2651,,,,,
0.06003804877400398,13,2652,,,,,
0.002340615727007389,13,2653,,,,,
0.06147535517811775,13,2654,,,,,
0.004412249196320772,13,2655,,,,,
0.045451920479536057,13,2656,,,,,
0.1588142365217209,13,2657,,,,,
0.0016139084473252296,13,2658,,,,,
0.08074495941400528,13,2659,,,,,
0.05928293988108635,13,2660,,,,,
0.041182734072208405,13,2661,,,,,
0.00046580799971707165,13,2662,,,,,
0.002284123795107007,13,2663,,,,,
0.03931134566664696,13,2664,,,,,
0.025990918278694153,13,2665,,,,,
0.0022907296661287546,13,2666,,,,,
0.022317202761769295,13,2667,,,,,
0.017037266865372658,13,2668,,,,,
0.09744463860988617,13,2669,,,,,
0.00465742452070117,13,2670,,,,,
0.009802739135921001,13,2671,,,,,
0.05582354590296745,13,2672,,,,,
0.00021675595780834556,13,2673,,,,,
0.0009067486971616745,13,2674,,,,,
0.03497392684221268,13,2675,,,,,
0.05282546207308769,13,2676,,,,,
0.01818881370127201,13,2677,,,,,
0.016478773206472397,13,2678,,,,,
0.02230750396847725,13,2679,,,,,
0.005273453425616026,13,2680,,,,,
0.0466025285422802,13,2681,,,,,
0.025380665436387062,13,2682,,,,,
0.002408378291875124,13,2683,,,,,
0.13771608471870422,13,2684,,,,,
0.12364185601472855,13,2685,,,,,
0.039114076644182205,13,2686,,,,,
0.0067556858994066715,13,2687,,,,,
0.008417358621954918,13,2688,,,,,
0.3729223906993866,13,2689,,,,,
0.029704445973038673,13,2690,,,,,
0.02030567079782486,13,2691,,,,,
0.038281843066215515,13,2692,,,,,
0.025614334270358086,13,2693,,,,,
0.0009257564088329673,13,2694,,,,,
0.11751195043325424,13,2695,,,,,
0.0233094971626997,13,2696,,,,,
0.011575490236282349,13,2697,,,,,
0.002933028619736433,13,2698,,,,,
0.0002914799842983484,13,2699,,,,,
0.012878317385911942,13,2700,,,,,
0.031913552433252335,13,2701,,,,,
0.005500056780874729,13,2702,,,,,
0.016894828528165817,13,2703,,,,,
0.07988280802965164,13,2704,,,,,
0.0025329708587378263,13,2705,,,,,
0.01536556612700224,13,2706,,,,,
0.04093491658568382,13,2707,,,,,
0.0005975450039841235,13,2708,,,,,
0.013561991974711418,13,2709,,,,,
0.023718129843473434,13,2710,,,,,
0.01169182825833559,13,2711,,,,,
0.17230485379695892,13,2712,,,,,
0.005982131231576204,13,2713,,,,,
0.0011739959008991718,13,2714,,,,,
0.004024144262075424,13,2715,,,,,
0.0014722623163834214,13,2716,,,,,
0.0002385266707278788,13,2717,,,,,
0.15063589811325073,13,2718,,,,,
0.022517792880535126,13,2719,,,,,
0.005700820125639439,13,2720,,,,,
0.046298135071992874,13,2721,,,,,
0.005621987860649824,13,2722,,,,,
0.17600230872631073,13,2723,,,,,
0.04299923777580261,13,2724,,,,,
0.515890896320343,13,2725,,,,,
0.05176806077361107,13,2726,,,,,
0.16391952335834503,13,2727,,,,,
0.029085900634527206,13,2728,,,,,
0.012006819248199463,13,2729,,,,,
0.00570650165900588,13,2730,,,,,
0.0071615977212786674,13,2731,,,,,
0.005781945772469044,13,2732,,,,,
0.0276228915899992,13,2733,,,,,
0.0037225678097456694,13,2734,,,,,
0.05557111278176308,13,2735,,,,,
0.17601297795772552,13,2736,,,,,
0.12053284794092178,13,2737,,,,,
0.09111854434013367,13,2738,,,,,
0.07405771315097809,13,2739,,,,,
0.04270166531205177,13,2740,,,,,
0.013958461582660675,13,2741,,,,,
0.0028258312959223986,13,2742,,,,,
0.010516585782170296,13,2743,,,,,
0.0020522980485111475,13,2744,,,,,
0.02336530201137066,13,2745,,,,,
0.028990833088755608,13,2746,,,,,
0.019868575036525726,13,2747,,,,,
0.029755910858511925,13,2748,,,,,
0.04677341878414154,13,2749,,,,,
0.023582860827445984,13,2750,,,,,
0.007726636249572039,13,2751,,,,,
0.08406547456979752,13,2752,,,,,
0.008329839445650578,13,2753,,,,,
0.17139461636543274,13,2754,,,,,
0.02267303131520748,13,2755,,,,,
0.0042469315230846405,13,2756,,,,,
0.011806035414338112,13,2757,,,,,
0.013622475787997246,13,2758,,,,,
0.0017665931954979897,13,2759,,,,,
0.06502755731344223,13,2760,,,,,
0.018727418035268784,13,2761,,,,,
0.004877678118646145,13,2762,,,,,
0.0005540314014069736,13,2763,,,,,
0.004482701420783997,13,2764,,,,,
0.0536898709833622,13,2765,,,,,
0.03584927320480347,13,2766,,,,,
0.03268396854400635,13,2767,,,,,
0.01802716590464115,13,2768,,,,,
0.01881435140967369,13,2769,,,,,
0.008900794200599194,13,2770,,,,,
0.14093373715877533,13,2771,,,,,
0.0043731555342674255,13,2772,,,,,
0.4423218071460724,13,2773,,,,,
0.007910635322332382,13,2774,,,,,
0.012397227808833122,13,2775,,,,,
0.0015294663608074188,13,2776,,,,,
0.01821468025445938,13,2777,,,,,
0.009265970438718796,13,2778,,,,,
0.25027137994766235,13,2779,,,,,
0.049251992255449295,13,2780,,,,,
0.006734141148626804,13,2781,,,,,
0.015149190090596676,13,2782,,,,,
0.016016362234950066,13,2783,,,,,
0.07133202999830246,13,2784,,,,,
0.042367640882730484,13,2785,,,,,
,,2587,0.02516244351863861,,,,
,,2588,0.01245745550841093,,,,
,,2589,0.01245745550841093,,,,
,,2590,0.006658939179033041,,,,
,,2591,0.002494313521310687,,,,
,,2592,0.002494313521310687,,,,
,,2593,0.002494313521310687,,,,
,,2594,0.09514302015304565,,,,
,,2595,0.046991683542728424,,,,
,,2596,0.046991683542728424,,,,
,,2597,0.001798516372218728,,,,
,,2598,0.003872388508170843,,,,
,,2599,0.003872388508170843,,,,
,,2600,0.007220711093395948,,,,
,,2601,0.0017199544236063957,,,,
,,2602,0.0017199544236063957,,,,
,,2603,0.0006818242254666984,,,,
,,2604,0.0013644011924043298,,,,
,,2605,0.0013644011924043298,,,,
,,2606,0.005163088906556368,,,,
,,2607,0.00451228441670537,,,,
,,2608,0.0009607922402210534,,,,
,,2609,0.0009607922402210534,,,,
,,2610,0.0006352654309011996,,,,
,,2611,0.015172906219959259,,,,
,,2612,0.015172906219959259,,,,
,,2613,0.007042241748422384,,,,
,,2614,0.0019913415890187025,,,,
,,2615,0.0019913415890187025,,,,
,,2616,0.0007821941981092095,,,,
,,2617,0.004198433831334114,,,,
,,2618,0.0013994404580444098,,,,
,,2619,0.0013994404580444098,,,,
,,2620,0.006810162682086229,,,,
,,2621,0.0006855769897811115,,,,
,,2622,0.0006855769897811115,,,,
,,2623,0.0007127895369194448,,,,
,,2624,0.0007127895369194448,,,,
,,2625,0.0007127895369194448,,,,
,,2626,0.006143944803625345,,,,
,,2627,0.022981246933341026,,,,
,,2628,0.022981246933341026,,,,
,,2629,0.0006129125831648707,,,,
,,2630,0.0012731965398415923,,,,
,,2631,0.0012731965398415923,,,,
,,2632,0.007073608227074146,,,,
,,2633,0.001379017368890345,,,,
,,2634,0.006367988418787718,,,,
,,2635,0.001379017368890345,,,,
,,2636,0.001896518049761653,,,,
,,2637,0.0012937369756400585,,,,
,,2638,0.0012937369756400585,,,,
,,2639,0.016734857112169266,,,,
,,2640,0.01842007413506508,,,,
,,2641,0.01842007413506508,,,,
,,2642,0.0014573007356375456,,,,
,,2643,0.018438026309013367,,,,
,,2644,0.018438026309013367,,,,
,,2645,0.11089246720075607,,,,
,,2646,0.050230804830789566,,,,
,,2647,0.050230804830789566,,,,
,,2648,0.000982467783614993,,,,
,,2649,0.0023363756481558084,,,,
,,2650,0.0023363756481558084,,,,
,,2651,0.00534406304359436,,,,
,,2652,0.00940699502825737,,,,
,,2653,0.0010308569762855768,,,,
,,2654,0.0010308569762855768,,,,
,,2655,0.0006674885516986251,,,,
,,2656,0.0006674885516986251,,,,
,,2657,0.0006674885516986251,,,,
,,2658,0.007521580904722214,,,,
,,2659,0.0014219394652172923,,,,
,,2660,0.020257500931620598,,,,
,,2661,0.020257500931620598,,,,
,,2662,0.0005813795141875744,,,,
,,2663,0.0010656913509592414,,,,
,,2664,0.0010656913509592414,,,,
,,2665,0.009126412682235241,,,,
,,2666,0.0013240496627986431,,,,
,,2667,0.0013240496627986431,,,,
,,2668,0.0007347522769123316,,,,
,,2669,0.0014290983090177178,,,,
,,2670,0.0014290983090177178,,,,
,,2671,0.009114474058151245,,,,
,,2672,0.0007990480517037213,,,,
,,2673,0.0007990480517037213,,,,
,,2674,0.0007060902426019311,,,,
,,2675,0.017917141318321228,,,,
,,2676,0.0014183525927364826,,,,
,,2677,0.017917141318321228,,,,
,,2678,0.00705212214961648,,,,
,,2679,0.0019604978151619434,,,,
,,2680,0.0019604978151619434,,,,
,,2681,0.0005477775121107697,,,,
,,2682,0.0013501470675691962,,,,
,,2683,0.0013501470675691962,,,,
,,2684,0.008938092738389969,,,,
,,2685,0.0009854891104623675,,,,
,,2686,0.0009854891104623675,,,,
,,2687,0.0008637051796540618,,,,
,,2688,0.0008637051796540618,,,,
,,2689,0.0008637051796540618,,,,
,,2690,0.011179604567587376,,,,
,,2691,0.02347004972398281,,,,
,,2692,0.02347004972398281,,,,
,,2693,0.0008250080281868577,,,,
,,2694,0.02996120974421501,,,,
,,2695,0.0017452590400353074,,,,
,,2696,0.0017452590400353074,,,,
,,2697,0.11592928320169449,,,,
,,2698,0.07647830992937088,,,,
,,2699,0.07647830992937088,,,,
,,2700,0.0009504190529696643,,,,
,,2701,0.18325068056583405,,,,
,,2702,0.001134136808104813,,,,
,,2703,0.001134136808104813,,,,
,,2704,0.005790311843156815,,,,
,,2705,0.0009006874170154333,,,,
,,2706,0.0009006874170154333,,,,
,,2707,0.000773991399910301,,,,
,,2708,0.01650971919298172,,,,
,,2709,0.01650971919298172,,,,
,,2710,0.004682404454797506,,,,
,,2711,0.0014149491908028722,,,,
,,2712,0.0014149491908028722,,,,
,,2713,0.0007101341034285724,,,,
,,2714,0.0013119158102199435,,,,
,,2715,0.0013119158102199435,,,,
,,2716,0.006282636895775795,,,,
,,2717,0.0007860420155338943,,,,
,,2718,0.0007860420155338943,,,,
,,2719,0.12632450461387634,,,,
,,2720,0.0007898192852735519,,,,
,,2721,0.0007898192852735519,,,,
,,2722,0.0007898192852735519,,,,
,,2723,0.006636256352066994,,,,
,,2724,0.020310187712311745,,,,
,,2725,0.020310187712311745,,,,
,,2726,0.0007538215722888708,,,,
,,2727,0.001224844017997384,,,,
,,2728,0.001224844017997384,,,,
,,2729,0.005549191031605005,,,,
,,2730,0.001776537043042481,,,,
,,2731,0.001776537043042481,,,,
,,2732,0.0005628482322208583,,,,
,,2733,0.0006311765173450112,,,,
,,2734,0.0006311765173450112,,,,
,,2735,0.0066257985308766365,,,,
,,2736,0.06999704986810684,,,,
,,2737,0.0008025982533581555,,,,
,,2738,0.0008025982533581555,,,,
,,2739,0.000998890376649797,,,,
,,2740,0.01889926753938198,,,,
,,2741,0.01889926753938198,,,,
,,2742,0.010462994687259197,,,,
,,2743,0.015487005934119225,,,,
,,2744,0.002225399250164628,,,,
,,2745,0.015487005934119225,,,,
,,2746,0.0008639921434223652,,,,
,,2747,0.0017504305578768253,,,,
,,2748,0.0017504305578768253,,,,
,,2749,0.10817716270685196,,,,
,,2750,0.08643047511577606,,,,
,,2751,0.08643047511577606,,,,
,,2752,0.0009375404915772378,,,,
,,2753,0.0009375404915772378,,,,
,,2754,0.0009375404915772378,,,,
,,2755,0.007543126121163368,,,,
,,2756,0.017293700948357582,,,,
,,2757,0.017293700948357582,,,,
,,2758,0.0005911267362535,,,,
,,2759,0.001072102109901607,,,,
,,2760,0.001072102109901607,,,,
,,2761,0.006639583967626095,,,,
,,2762,0.13311851024627686,,,,
,,2763,0.0011695586144924164,,,,
,,2764,0.0011695586144924164,,,,
,,2765,0.0006792762433178723,,,,
,,2766,0.0011538666440173984,,,,
,,2767,0.0011538666440173984,,,,
,,2768,0.0075149997137486935,,,,
,,2769,0.0007891525165177882,,,,
,,2770,0.0007891525165177882,,,,
,,2771,0.0006948962109163404,,,,
,,2772,0.016898417845368385,,,,
,,2773,0.016898417845368385,,,,
,,2774,0.008019845001399517,,,,
,,2775,0.00134842109400779,,,,
,,2776,0.00134842109400779,,,,
,,2777,0.0006842434522695839,,,,
,,2778,0.01269743125885725,,,,
,,2779,0.001086035743355751,,,,
,,2780,0.001086035743355751,,,,
,,2781,0.0062025608494877815,,,,
,,2782,0.0007883361540734768,,,,
,,2783,0.0007883361540734768,,,,
,,2784,0.0005387687706388533,,,,
,,2785,0.0005387687706388533,,,,
,13,2785,,0.012119407765567303,,,
,13,2785,,,0.0406680554151535,0.8994975090026855,0.8994975090026855
0.023199783638119698,14,2786,,,,,
0.3992777466773987,14,2787,,,,,
0.004978973418474197,14,2788,,,,,
0.007194807752966881,14,2789,,,,,
0.01727108098566532,14,2790,,,,,
0.04290258511900902,14,2791,,,,,
0.006738976575434208,14,2792,,,,,
0.32083961367607117,14,2793,,,,,
0.003216743003576994,14,2794,,,,,
0.0016558323986828327,14,2795,,,,,
0.0018908764468505979,14,2796,,,,,
0.022304436191916466,14,2797,,,,,
0.07542639970779419,14,2798,,,,,
0.08414319157600403,14,2799,,,,,
0.008071156218647957,14,2800,,,,,
0.07646465301513672,14,2801,,,,,
0.020075004547834396,14,2802,,,,,
0.05409514531493187,14,2803,,,,,
0.034071631729602814,14,2804,,,,,
0.03266607224941254,14,2805,,,,,
0.01222709659487009,14,2806,,,,,
0.0285879485309124,14,2807,,,,,
0.02292041666805744,14,2808,,,,,
0.06711910665035248,14,2809,,,,,
0.002620491897687316,14,2810,,,,,
0.04112976789474487,14,2811,,,,,
0.004905438516288996,14,2812,,,,,
0.04613809660077095,14,2813,,,,,
0.007753600832074881,14,2814,,,,,
0.035146139562129974,14,2815,,,,,
0.03641321882605553,14,2816,,,,,
0.003804765408858657,14,2817,,,,,
0.008513037115335464,14,2818,,,,,
0.010843489319086075,14,2819,,,,,
0.0032448924612253904,14,2820,,,,,
0.04682910069823265,14,2821,,,,,
0.004432349931448698,14,2822,,,,,
0.06757844239473343,14,2823,,,,,
0.08617987483739853,14,2824,,,,,
0.024275725707411766,14,2825,,,,,
0.04234281927347183,14,2826,,,,,
0.0009749367600306869,14,2827,,,,,
0.01604643650352955,14,2828,,,,,
0.038214556872844696,14,2829,,,,,
0.045254506170749664,14,2830,,,,,
0.020430168136954308,14,2831,,,,,
0.048640307039022446,14,2832,,,,,
0.004416229203343391,14,2833,,,,,
0.005880763754248619,14,2834,,,,,
0.034438662230968475,14,2835,,,,,
0.031356822699308395,14,2836,,,,,
0.003870738437399268,14,2837,,,,,
0.002829649718478322,14,2838,,,,,
0.020293844863772392,14,2839,,,,,
0.012142408639192581,14,2840,,,,,
0.07006071507930756,14,2841,,,,,
0.01707558147609234,14,2842,,,,,
0.07041552662849426,14,2843,,,,,
0.0023246686905622482,14,2844,,,,,
0.011826630681753159,14,2845,,,,,
0.006615935359150171,14,2846,,,,,
0.0038731887470930815,14,2847,,,,,
0.041548606008291245,14,2848,,,,,
0.06064145267009735,14,2849,,,,,
0.00119377754162997,14,2850,,,,,
0.0016773956594988704,14,2851,,,,,
0.007139257155358791,14,2852,,,,,
0.10567697137594223,14,2853,,,,,
0.08871451020240784,14,2854,,,,,
0.06943660229444504,14,2855,,,,,
0.03507423773407936,14,2856,,,,,
0.021209441125392914,14,2857,,,,,
0.09272821992635727,14,2858,,,,,
0.008089234121143818,14,2859,,,,,
0.23080743849277496,14,2860,,,,,
0.01916849985718727,14,2861,,,,,
0.08839241415262222,14,2862,,,,,
0.03904774412512779,14,2863,,,,,
0.0007708371267654002,14,2864,,,,,
0.0011097918031737208,14,2865,,,,,
0.008410020731389523,14,2866,,,,,
0.01228075847029686,14,2867,,,,,
0.004067702684551477,14,2868,,,,,
0.0022319930139929056,14,2869,,,,,
0.0005713836289942265,14,2870,,,,,
0.0018837294774129987,14,2871,,,,,
0.012428591959178448,14,2872,,,,,
0.015555286779999733,14,2873,,,,,
0.047838591039180756,14,2874,,,,,
0.03206095099449158,14,2875,,,,,
0.016180232167243958,14,2876,,,,,
0.0975072830915451,14,2877,,,,,
0.006100302096456289,14,2878,,,,,
0.0005669459933415055,14,2879,,,,,
0.00041735178092494607,14,2880,,,,,
0.003224520478397608,14,2881,,,,,
0.0028165471740067005,14,2882,,,,,
0.0016287226462736726,14,2883,,,,,
0.03629964962601662,14,2884,,,,,
0.010117536410689354,14,2885,,,,,
0.01558686327189207,14,2886,,,,,
0.15574459731578827,14,2887,,,,,
0.0039761727675795555,14,2888,,,,,
0.007119850255548954,14,2889,,,,,
0.02001269720494747,14,2890,,,,,
0.01658792234957218,14,2891,,,,,
0.006120918784290552,14,2892,,,,,
0.023215293884277344,14,2893,,,,,
0.0016953552840277553,14,2894,,,,,
0.0026496597565710545,14,2895,,,,,
0.01691366359591484,14,2896,,,,,
0.004311260301619768,14,2897,,,,,
0.015352733433246613,14,2898,,,,,
0.007133089937269688,14,2899,,,,,
0.013725203461945057,14,2900,,,,,
0.04468598961830139,14,2901,,,,,
0.055029913783073425,14,2902,,,,,
0.008901438675820827,14,2903,,,,,
0.0010701791616156697,14,2904,,,,,
0.02512536197900772,14,2905,,,,,
0.005048347171396017,14,2906,,,,,
0.000946787535212934,14,2907,,,,,
0.22334884107112885,14,2908,,,,,
0.005914720240980387,14,2909,,,,,
0.001239338656887412,14,2910,,,,,
0.12640036642551422,14,2911,,,,,
0.0035268855281174183,14,2912,,,,,
0.0016717626713216305,14,2913,,,,,
0.0012927809730172157,14,2914,,,,,
0.004971718415617943,14,2915,,,,,
0.0008457798394374549,14,2916,,,,,
0.10922662168741226,14,2917,,,,,
0.014963679015636444,14,2918,,,,,
0.00037978292675688863,14,2919,,,,,
0.0019174370681867003,14,2920,,,,,
0.36522912979125977,14,2921,,,,,
0.00014260046009439975,14,2922,,,,,
0.005332808941602707,14,2923,,,,,
0.012856846675276756,14,2924,,,,,
0.011844013817608356,14,2925,,,,,
0.011882788501679897,14,2926,,,,,
0.002093702554702759,14,2927,,,,,
0.0014203268801793456,14,2928,,,,,
0.004181025084108114,14,2929,,,,,
0.01444622315466404,14,2930,,,,,
0.03622237592935562,14,2931,,,,,
0.005148957949131727,14,2932,,,,,
0.007015319541096687,14,2933,,,,,
0.017701899632811546,14,2934,,,,,
0.002668956061825156,14,2935,,,,,
0.019403275102376938,14,2936,,,,,
0.0005863672122359276,14,2937,,,,,
0.025976533070206642,14,2938,,,,,
0.000594071694649756,14,2939,,,,,
0.0034961265046149492,14,2940,,,,,
0.04734151437878609,14,2941,,,,,
0.026606794446706772,14,2942,,,,,
0.015827346593141556,14,2943,,,,,
0.06384056061506271,14,2944,,,,,
0.026994463056325912,14,2945,,,,,
0.0003784409200306982,14,2946,,,,,
0.06337465345859528,14,2947,,,,,
0.005385817028582096,14,2948,,,,,
0.07977619022130966,14,2949,,,,,
0.0740552693605423,14,2950,,,,,
0.028854023665189743,14,2951,,,,,
0.00026626119506545365,14,2952,,,,,
0.00020936157670803368,14,2953,,,,,
0.05258474498987198,14,2954,,,,,
0.030984682962298393,14,2955,,,,,
0.05578743666410446,14,2956,,,,,
0.020759692415595055,14,2957,,,,,
0.00999231357127428,14,2958,,,,,
0.0010541918454691768,14,2959,,,,,
0.0019078259356319904,14,2960,,,,,
0.003735417267307639,14,2961,,,,,
0.005810691975057125,14,2962,,,,,
0.014721604064106941,14,2963,,,,,
0.0021074966061860323,14,2964,,,,,
0.06460858881473541,14,2965,,,,,
0.0005806913250125945,14,2966,,,,,
0.004402245860546827,14,2967,,,,,
0.0014097668463364244,14,2968,,,,,
0.006482473574578762,14,2969,,,,,
0.001531740534119308,14,2970,,,,,
0.0010079042986035347,14,2971,,,,,
0.022481314837932587,14,2972,,,,,
0.03820796310901642,14,2973,,,,,
0.029715821146965027,14,2974,,,,,
0.037728264927864075,14,2975,,,,,
0.06763547658920288,14,2976,,,,,
0.037899959832429886,14,2977,,,,,
0.0005856335046701133,14,2978,,,,,
0.07617638260126114,14,2979,,,,,
0.026468530297279358,14,2980,,,,,
0.0022589145228266716,14,2981,,,,,
0.06038319319486618,14,2982,,,,,
0.19762003421783447,14,2983,,,,,
0.005806352011859417,14,2984,,,,,
,,2786,0.022430947050452232,,,,
,,2787,0.01575346849858761,,,,
,,2788,0.01575346849858761,,,,
,,2789,0.013082136400043964,,,,
,,2790,0.05758107081055641,,,,
,,2791,0.05758107081055641,,,,
,,2792,0.05758107081055641,,,,
,,2793,0.0016482652863487601,,,,
,,2794,0.0015399425756186247,,,,
,,2795,0.0015399425756186247,,,,
,,2796,0.0025697711389511824,,,,
,,2797,0.022944483906030655,,,,
,,2798,0.022944483906030655,,,,
,,2799,0.0023635614197701216,,,,
,,2800,0.0025271717458963394,,,,
,,2801,0.0025271717458963394,,,,
,,2802,1.468738446419593e-05,,,,
,,2803,0.0017047412693500519,,,,
,,2804,0.0017047412693500519,,,,
,,2805,0.0012535048881545663,,,,
,,2806,0.002518500667065382,,,,
,,2807,6.367804598994553e-05,,,,
,,2808,6.367804598994553e-05,,,,
,,2809,0.00016900738410186023,,,,
,,2810,0.003261181293055415,,,,
,,2811,0.003261181293055415,,,,
,,2812,0.0017135292291641235,,,,
,,2813,0.009296409785747528,,,,
,,2814,0.009296409785747528,,,,
,,2815,0.00010853964340640232,,,,
,,2816,0.0015362813137471676,,,,
,,2817,0.003100260393694043,,,,
,,2818,0.003100260393694043,,,,
,,2819,0.0013317675329744816,,,,
,,2820,0.00027466562460176647,,,,
,,2821,0.00027466562460176647,,,,
,,2822,1.309629442403093e-05,,,,
,,2823,1.309629442403093e-05,,,,
,,2824,1.309629442403093e-05,,,,
,,2825,0.0020415412727743387,,,,
,,2826,0.0063744038343429565,,,,
,,2827,0.0063744038343429565,,,,
,,2828,0.05834632366895676,,,,
,,2829,0.09508500248193741,,,,
,,2830,0.09508500248193741,,,,
,,2831,0.010561739094555378,,,,
,,2832,0.0669965073466301,,,,
,,2833,0.0037625106051564217,,,,
,,2834,0.0669965073466301,,,,
,,2835,0.02111711911857128,,,,
,,2836,0.014031575061380863,,,,
,,2837,0.014031575061380863,,,,
,,2838,0.00628737872466445,,,,
,,2839,0.005440989974886179,,,,
,,2840,0.005440989974886179,,,,
,,2841,0.011669940315186977,,,,
,,2842,0.04181736335158348,,,,
,,2843,0.04181736335158348,,,,
,,2844,0.00580629613250494,,,,
,,2845,0.0021236019674688578,,,,
,,2846,0.0021236019674688578,,,,
,,2847,6.432524241972715e-05,,,,
,,2848,0.0022391227539628744,,,,
,,2849,0.0022391227539628744,,,,
,,2850,0.07375140488147736,,,,
,,2851,0.007474493235349655,,,,
,,2852,0.0007745676557533443,,,,
,,2853,0.0007745676557533443,,,,
,,2854,2.477297130099032e-05,,,,
,,2855,2.477297130099032e-05,,,,
,,2856,2.477297130099032e-05,,,,
,,2857,0.004511444829404354,,,,
,,2858,0.1850002557039261,,,,
,,2859,0.00328183569945395,,,,
,,2860,0.00328183569945395,,,,
,,2861,3.214328899048269e-05,,,,
,,2862,0.0015024392632767558,,,,
,,2863,0.0015024392632767558,,,,
,,2864,0.005061624106019735,,,,
,,2865,0.0003492693940643221,,,,
,,2866,0.0003492693940643221,,,,
,,2867,1.685396819084417e-05,,,,
,,2868,0.0007161452667787671,,,,
,,2869,0.0007161452667787671,,,,
,,2870,0.005011429078876972,,,,
,,2871,1.7195894542965107e-05,,,,
,,2872,1.7195894542965107e-05,,,,
,,2873,1.3796512575936504e-05,,,,
,,2874,0.0025736428797245026,,,,
,,2875,0.03765856847167015,,,,
,,2876,0.0025736428797245026,,,,
,,2877,0.004927296191453934,,,,
,,2878,0.0016807995270937681,,,,
,,2879,0.0016807995270937681,,,,
,,2880,0.0008770947461016476,,,,
,,2881,0.024642711505293846,,,,
,,2882,0.024642711505293846,,,,
,,2883,0.01729462295770645,,,,
,,2884,0.019687527790665627,,,,
,,2885,0.019687527790665627,,,,
,,2886,7.727173942839727e-05,,,,
,,2887,7.727173942839727e-05,,,,
,,2888,7.727173942839727e-05,,,,
,,2889,0.008016024716198444,,,,
,,2890,0.002745717531070113,,,,
,,2891,0.002745717531070113,,,,
,,2892,0.0003547633532434702,,,,
,,2893,0.13548153638839722,,,,
,,2894,0.00839858315885067,,,,
,,2895,0.00839858315885067,,,,
,,2896,0.0009066248894669116,,,,
,,2897,0.00018898994312621653,,,,
,,2898,0.00018898994312621653,,,,
,,2899,0.00021089038637001067,,,,
,,2900,0.25581857562065125,,,,
,,2901,0.0020123913418501616,,,,
,,2902,0.0020123913418501616,,,,
,,2903,0.0018436817917972803,,,,
,,2904,3.626950638135895e-05,,,,
,,2905,3.626950638135895e-05,,,,
,,2906,3.942117837141268e-05,,,,
,,2907,0.0022975802421569824,,,,
,,2908,0.0022975802421569824,,,,
,,2909,0.0010071529541164637,,,,
,,2910,0.0008880672394298017,,,,
,,2911,0.0008880672394298017,,,,
,,2912,0.00010674836812540889,,,,
,,2913,0.0019616209901869297,,,,
,,2914,0.0019616209901869297,,,,
,,2915,0.0012405590387061238,,,,
,,2916,0.000529996061231941,,,,
,,2917,0.000529996061231941,,,,
,,2918,0.23051717877388,,,,
,,2919,4.075525430380367e-05,,,,
,,2920,4.075525430380367e-05,,,,
,,2921,4.075525430380367e-05,,,,
,,2922,0.0010684736771509051,,,,
,,2923,0.002823928836733103,,,,
,,2924,0.002823928836733103,,,,
,,2925,1.9724971934920177e-05,,,,
,,2926,0.0003699831722769886,,,,
,,2927,0.0003699831722769886,,,,
,,2928,0.001354402513243258,,,,
,,2929,0.004132257308810949,,,,
,,2930,0.004132257308810949,,,,
,,2931,0.0061161452904343605,,,,
,,2932,0.01226583868265152,,,,
,,2933,0.01226583868265152,,,,
,,2934,0.007618263363838196,,,,
,,2935,0.00034655089257285,,,,
,,2936,0.0025582658126950264,,,,
,,2937,0.0025582658126950264,,,,
,,2938,0.0017678989097476006,,,,
,,2939,0.013002997264266014,,,,
,,2940,0.013002997264266014,,,,
,,2941,0.003294497262686491,,,,
,,2942,0.01937239244580269,,,,
,,2943,0.012008488178253174,,,,
,,2944,0.01937239244580269,,,,
,,2945,0.001259422511793673,,,,
,,2946,0.02973700687289238,,,,
,,2947,0.02973700687289238,,,,
,,2948,0.0012220250209793448,,,,
,,2949,0.00036710972199216485,,,,
,,2950,0.00036710972199216485,,,,
,,2951,0.0003417257103137672,,,,
,,2952,0.0003417257103137672,,,,
,,2953,0.0003417257103137672,,,,
,,2954,0.002245060633867979,,,,
,,2955,0.0022904803045094013,,,,
,,2956,0.0022904803045094013,,,,
,,2957,1.9860119209624827e-05,,,,
,,2958,0.00031366347684524953,,,,
,,2959,0.00031366347684524953,,,,
,,2960,0.001436768681742251,,,,
,,2961,0.16771821677684784,,,,
,,2962,0.0008040171815082431,,,,
,,2963,0.0008040171815082431,,,,
,,2964,0.0002111700887326151,,,,
,,2965,0.0006833885563537478,,,,
,,2966,0.0006833885563537478,,,,
,,2967,0.0013599831145256758,,,,
,,2968,0.00010114706674357876,,,,
,,2969,0.00010114706674357876,,,,
,,2970,4.7728979552630335e-05,,,,
,,2971,0.0025142228696495295,,,,
,,2972,0.0025142228696495295,,,,
,,2973,0.0012570933904498816,,,,
,,2974,0.0018324314150959253,,,,
,,2975,0.0018324314150959253,,,,
,,2976,1.7999191186390817e-05,,,,
,,2977,0.00955690536648035,,,,
,,2978,0.0002679977915249765,,,,
,,2979,0.0002679977915249765,,,,
,,2980,0.0013383300974965096,,,,
,,2981,0.0005692254053428769,,,,
,,2982,0.0005692254053428769,,,,
,,2983,0.026657138019800186,,,,
,,2984,0.026657138019800186,,,,
,14,2984,,0.01267407089471817,,,
,14,2984,,,0.031865984201431274,0.9447236061096191,0.9447236061096191
0.013248625211417675,15,2985,,,,,
0.07750485092401505,15,2986,,,,,
0.15619610249996185,15,2987,,,,,
0.009714099578559399,15,2988,,,,,
0.08470665663480759,15,2989,,,,,
0.0007277247495949268,15,2990,,,,,
0.0034703146666288376,15,2991,,,,,
0.018023645505309105,15,2992,,,,,
0.1326800137758255,15,2993,,,,,
0.002937059151008725,15,2994,,,,,
0.08904735743999481,15,2995,,,,,
0.0009022055310197175,15,2996,,,,,
0.025621632114052773,15,2997,,,,,
0.00551451975479722,15,2998,,,,,
0.0008261034381575882,15,2999,,,,,
0.0003067481447942555,15,3000,,,,,
0.005365415476262569,15,3001,,,,,
0.06412967294454575,15,3002,,,,,
0.002550117438659072,15,3003,,,,,
0.09259210526943207,15,3004,,,,,
0.0028790170326828957,15,3005,,,,,
0.013434753753244877,15,3006,,,,,
0.0630006194114685,15,3007,,,,,
0.05007609724998474,15,3008,,,,,
0.016017068177461624,15,3009,,,,,
0.0014913076302036643,15,3010,,,,,
0.009184790775179863,15,3011,,,,,
0.007256454788148403,15,3012,,,,,
0.0007002308266237378,15,3013,,,,,
0.0009392434149049222,15,3014,,,,,
0.026556259021162987,15,3015,,,,,
0.003358777379617095,15,3016,,,,,
0.06316996365785599,15,3017,,,,,
0.01784060336649418,15,3018,,,,,
0.07163068652153015,15,3019,,,,,
0.001230886671692133,15,3020,,,,,
0.005680300761014223,15,3021,,,,,
0.011649584397673607,15,3022,,,,,
0.2062147855758667,15,3023,,,,,
0.012082484550774097,15,3024,,,,,
0.20498725771903992,15,3025,,,,,
0.006635452155023813,15,3026,,,,,
0.062387432903051376,15,3027,,,,,
0.03945212438702583,15,3028,,,,,
0.15392929315567017,15,3029,,,,,
0.05345159024000168,15,3030,,,,,
0.0027338415384292603,15,3031,,,,,
0.0015766358701512218,15,3032,,,,,
0.027013827115297318,15,3033,,,,,
0.0031831080559641123,15,3034,,,,,
0.007558496203273535,15,3035,,,,,
0.12368900328874588,15,3036,,,,,
0.0023222467862069607,15,3037,,,,,
0.032720502465963364,15,3038,,,,,
0.042987000197172165,15,3039,,,,,
0.04619963839650154,15,3040,,,,,
0.005979896988719702,15,3041,,,,,
0.04684131592512131,15,3042,,,,,
0.04201324284076691,15,3043,,,,,
0.029877327382564545,15,3044,,,,,
0.06906618177890778,15,3045,,,,,
0.04697072505950928,15,3046,,,,,
0.17000436782836914,15,3047,,,,,
0.01020840648561716,15,3048,,,,,
0.013722676783800125,15,3049,,,,,
0.016290873289108276,15,3050,,,,,
0.08314772695302963,15,3051,,,,,
0.0011785239912569523,15,3052,,,,,
0.006058763712644577,15,3053,,,,,
0.00186851155012846,15,3054,,,,,
0.08586214482784271,15,3055,,,,,
0.0604093112051487,15,3056,,,,,
0.008687272667884827,15,3057,,,,,
0.006395472679287195,15,3058,,,,,
0.01176816038787365,15,3059,,,,,
0.06153227761387825,15,3060,,,,,
0.050147902220487595,15,3061,,,,,
0.0005002123070880771,15,3062,,,,,
0.00757611496374011,15,3063,,,,,
0.0017278757877647877,15,3064,,,,,
0.0027068343479186296,15,3065,,,,,
0.0023165761958807707,15,3066,,,,,
0.0015558444429188967,15,3067,,,,,
0.018223965540528297,15,3068,,,,,
0.0019613730255514383,15,3069,,,,,
0.013451562263071537,15,3070,,,,,
0.0002293323923368007,15,3071,,,,,
0.0037417933344841003,15,3072,,,,,
0.15824702382087708,15,3073,,,,,
0.0023999034892767668,15,3074,,,,,
0.0005323410150595009,15,3075,,,,,
0.00030090997461229563,15,3076,,,,,
0.039134640246629715,15,3077,,,,,
0.054698579013347626,15,3078,,,,,
0.07761842012405396,15,3079,,,,,
0.027026962488889694,15,3080,,,,,
0.0007675046217627823,15,3081,,,,,
0.0010761372977867723,15,3082,,,,,
0.01953757368028164,15,3083,,,,,
0.0007941556978039443,15,3084,,,,,
0.0023043768014758825,15,3085,,,,,
0.0021207628306001425,15,3086,,,,,
0.07466010749340057,15,3087,,,,,
0.0112319840118289,15,3088,,,,,
0.4175838828086853,15,3089,,,,,
0.055270370095968246,15,3090,,,,,
0.00296355364844203,15,3091,,,,,
0.0004873875586781651,15,3092,,,,,
0.0013564431574195623,15,3093,,,,,
0.0021155052818357944,15,3094,,,,,
0.04823700711131096,15,3095,,,,,
0.006752012297511101,15,3096,,,,,
0.11346115916967392,15,3097,,,,,
0.0025572048034518957,15,3098,,,,,
0.0057457322254776955,15,3099,,,,,
0.24288129806518555,15,3100,,,,,
0.012502593919634819,15,3101,,,,,
0.0052085272036492825,15,3102,,,,,
0.012159593403339386,15,3103,,,,,
0.016666719689965248,15,3104,,,,,
0.0042964317835867405,15,3105,,,,,
0.019956234842538834,15,3106,,,,,
0.018444815650582314,15,3107,,,,,
0.0010796482674777508,15,3108,,,,,
0.025217842310667038,15,3109,,,,,
0.03744642809033394,15,3110,,,,,
0.03133446350693703,15,3111,,,,,
0.031040551140904427,15,3112,,,,,
0.003203480038791895,15,3113,,,,,
0.0019449923420324922,15,3114,,,,,
0.002523871837183833,15,3115,,,,,
0.0025245067663490772,15,3116,,,,,
0.004010073374956846,15,3117,,,,,
0.14841121435165405,15,3118,,,,,
0.02276022359728813,15,3119,,,,,
0.0005083039286546409,15,3120,,,,,
0.017728133127093315,15,3121,,,,,
0.011716223321855068,15,3122,,,,,
0.021083517000079155,15,3123,,,,,
0.0015009860508143902,15,3124,,,,,
0.00497386185452342,15,3125,,,,,
0.0011797987390309572,15,3126,,,,,
0.0028964001685380936,15,3127,,,,,
0.0009474996477365494,15,3128,,,,,
0.004651503171771765,15,3129,,,,,
0.012917297892272472,15,3130,,,,,
0.005530161317437887,15,3131,,,,,
0.0017578296829015017,15,3132,,,,,
0.0005873407353647053,15,3133,,,,,
0.007646293379366398,15,3134,,,,,
0.010789846070110798,15,3135,,,,,
0.09564771503210068,15,3136,,,,,
0.15688110888004303,15,3137,,,,,
0.004091448616236448,15,3138,,,,,
0.0014803989324718714,15,3139,,,,,
0.0008668444934301078,15,3140,,,,,
0.03599373623728752,15,3141,,,,,
0.006711203139275312,15,3142,,,,,
0.0005227177171036601,15,3143,,,,,
0.0009968208614736795,15,3144,,,,,
0.0007832148112356663,15,3145,,,,,
0.02049318328499794,15,3146,,,,,
0.0011220163432881236,15,3147,,,,,
0.002344177570194006,15,3148,,,,,
0.0052986545488238335,15,3149,,,,,
0.00626821955665946,15,3150,,,,,
0.0003406790201552212,15,3151,,,,,
0.00022234678908716887,15,3152,,,,,
0.11412976682186127,15,3153,,,,,
0.004484435543417931,15,3154,,,,,
0.004774945788085461,15,3155,,,,,
0.004825955722481012,15,3156,,,,,
0.009232093580067158,15,3157,,,,,
0.00016815094568300992,15,3158,,,,,
0.06451135128736496,15,3159,,,,,
0.0003277271462138742,15,3160,,,,,
0.0048615881241858006,15,3161,,,,,
0.37917330861091614,15,3162,,,,,
0.0028525609523057938,15,3163,,,,,
0.007466554641723633,15,3164,,,,,
0.06422113627195358,15,3165,,,,,
0.06498714536428452,15,3166,,,,,
0.09888022392988205,15,3167,,,,,
0.04246125370264053,15,3168,,,,,
0.0027483468875288963,15,3169,,,,,
0.0011807268019765615,15,3170,,,,,
0.008635847829282284,15,3171,,,,,
0.40449488162994385,15,3172,,,,,
0.018008196726441383,15,3173,,,,,
0.003939068876206875,15,3174,,,,,
0.015187372453510761,15,3175,,,,,
0.003657248103991151,15,3176,,,,,
0.002394296694546938,15,3177,,,,,
0.008308041840791702,15,3178,,,,,
0.004855018109083176,15,3179,,,,,
0.01092130970209837,15,3180,,,,,
0.04036398604512215,15,3181,,,,,
0.06374485790729523,15,3182,,,,,
0.005459532607346773,15,3183,,,,,
,,2985,0.009189100004732609,,,,
,,2986,0.00019444740610197186,,,,
,,2987,0.00019444740610197186,,,,
,,2988,0.004760698415338993,,,,
,,2989,3.361843482707627e-05,,,,
,,2990,3.361843482707627e-05,,,,
,,2991,3.361843482707627e-05,,,,
,,2992,0.21042415499687195,,,,
,,2993,0.29227301478385925,,,,
,,2994,0.29227301478385925,,,,
,,2995,0.008585920557379723,,,,
,,2996,0.02574831061065197,,,,
,,2997,0.02574831061065197,,,,
,,2998,0.010933582670986652,,,,
,,2999,0.00019866155344061553,,,,
,,3000,0.00019866155344061553,,,,
,,3001,1.646052442083601e-05,,,,
,,3002,0.0006474403198808432,,,,
,,3003,0.0006474403198808432,,,,
,,3004,0.007186155300587416,,,,
,,3005,0.002776342909783125,,,,
,,3006,3.3031330531230196e-05,,,,
,,3007,3.3031330531230196e-05,,,,
,,3008,6.256429333006963e-05,,,,
,,3009,0.00022791487572249025,,,,
,,3010,0.00022791487572249025,,,,
,,3011,0.007537689059972763,,,,
,,3012,0.00013305700849741697,,,,
,,3013,0.00013305700849741697,,,,
,,3014,0.0001241608551936224,,,,
,,3015,0.0027232093270868063,,,,
,,3016,9.156076703220606e-05,,,,
,,3017,9.156076703220606e-05,,,,
,,3018,0.007325505372136831,,,,
,,3019,0.00036887015448883176,,,,
,,3020,0.00036887015448883176,,,,
,,3021,0.000445925717940554,,,,
,,3022,0.000445925717940554,,,,
,,3023,0.000445925717940554,,,,
,,3024,0.007549079600721598,,,,
,,3025,0.00021429780463222414,,,,
,,3026,0.00021429780463222414,,,,
,,3027,1.4418366845347919e-05,,,,
,,3028,5.720052286051214e-05,,,,
,,3029,5.720052286051214e-05,,,,
,,3030,0.012687376700341702,,,,
,,3031,0.0002363233215874061,,,,
,,3032,0.009619380347430706,,,,
,,3033,0.0002363233215874061,,,,
,,3034,5.756474638474174e-05,,,,
,,3035,0.0001986134157050401,,,,
,,3036,0.0001986134157050401,,,,
,,3037,0.00942249409854412,,,,
,,3038,1.9741006326512434e-05,,,,
,,3039,1.9741006326512434e-05,,,,
,,3040,2.4460079657728784e-05,,,,
,,3041,0.0001347168581560254,,,,
,,3042,0.0001347168581560254,,,,
,,3043,0.20088963210582733,,,,
,,3044,0.23297782242298126,,,,
,,3045,0.23297782242298126,,,,
,,3046,0.0023326901718974113,,,,
,,3047,0.00036550810909830034,,,,
,,3048,0.00036550810909830034,,,,
,,3049,0.05371168628334999,,,,
,,3050,0.022925782948732376,,,,
,,3051,0.00033364721457473934,,,,
,,3052,0.00033364721457473934,,,,
,,3053,1.6792344467830844e-05,,,,
,,3054,1.6792344467830844e-05,,,,
,,3055,1.6792344467830844e-05,,,,
,,3056,0.013682043179869652,,,,
,,3057,0.006497047375887632,,,,
,,3058,0.00020325220248196274,,,,
,,3059,0.00020325220248196274,,,,
,,3060,3.8073227187851444e-05,,,,
,,3061,0.00019325119501445442,,,,
,,3062,0.00019325119501445442,,,,
,,3063,0.014283313415944576,,,,
,,3064,8.313066064147279e-05,,,,
,,3065,8.313066064147279e-05,,,,
,,3066,9.271328599425033e-05,,,,
,,3067,0.0003950104000978172,,,,
,,3068,0.0003950104000978172,,,,
,,3069,0.013805343769490719,,,,
,,3070,0.00015675729082431644,,,,
,,3071,0.00015675729082431644,,,,
,,3072,0.00044817893649451435,,,,
,,3073,0.0009845943422988057,,,,
,,3074,7.970190927153453e-05,,,,
,,3075,0.0009845943422988057,,,,
,,3076,0.012266319245100021,,,,
,,3077,5.5361826525768265e-05,,,,
,,3078,5.5361826525768265e-05,,,,
,,3079,1.275475096917944e-05,,,,
,,3080,0.0002655166608747095,,,,
,,3081,0.0002655166608747095,,,,
,,3082,0.019694067537784576,,,,
,,3083,0.00035425787791609764,,,,
,,3084,0.00035425787791609764,,,,
,,3085,0.00015720356896054,,,,
,,3086,0.00015720356896054,,,,
,,3087,0.00015720356896054,,,,
,,3088,0.016044268384575844,,,,
,,3089,0.00015794203500263393,,,,
,,3090,0.00015794203500263393,,,,
,,3091,2.2537897166330367e-05,,,,
,,3092,0.0006090123788453639,,,,
,,3093,0.0001019727424136363,,,,
,,3094,0.0001019727424136363,,,,
,,3095,0.2692897617816925,,,,
,,3096,0.32989564538002014,,,,
,,3097,0.32989564538002014,,,,
,,3098,0.05560426786541939,,,,
,,3099,0.12698669731616974,,,,
,,3100,0.013165028765797615,,,,
,,3101,0.013165028765797615,,,,
,,3102,0.010359142906963825,,,,
,,3103,0.0001333559484919533,,,,
,,3104,0.0001333559484919533,,,,
,,3105,0.00011185189214302227,,,,
,,3106,0.0002677292504813522,,,,
,,3107,0.0002677292504813522,,,,
,,3108,0.005757645703852177,,,,
,,3109,0.0007157180225476623,,,,
,,3110,0.0007157180225476623,,,,
,,3111,0.0001806976506486535,,,,
,,3112,0.00017587079491931945,,,,
,,3113,0.00017587079491931945,,,,
,,3114,0.005398670677095652,,,,
,,3115,0.0002955784148070961,,,,
,,3116,0.0002955784148070961,,,,
,,3117,0.09663748741149902,,,,
,,3118,0.0011269181268289685,,,,
,,3119,0.0011269181268289685,,,,
,,3120,0.0011269181268289685,,,,
,,3121,0.005982496775686741,,,,
,,3122,0.004172110464423895,,,,
,,3123,0.004172110464423895,,,,
,,3124,0.01015215739607811,,,,
,,3125,0.02431545779109001,,,,
,,3126,0.02431545779109001,,,,
,,3127,0.006342454347759485,,,,
,,3128,0.00016376878193113953,,,,
,,3129,0.00016376878193113953,,,,
,,3130,7.15171845513396e-05,,,,
,,3131,0.0002506990567781031,,,,
,,3132,0.0002506990567781031,,,,
,,3133,0.010060596279799938,,,,
,,3134,0.18172386288642883,,,,
,,3135,7.263624866027385e-05,,,,
,,3136,7.263624866027385e-05,,,,
,,3137,0.000545546121429652,,,,
,,3138,0.0007821437902748585,,,,
,,3139,0.0007821437902748585,,,,
,,3140,0.007958795875310898,,,,
,,3141,9.337963274447247e-05,,,,
,,3142,0.006980997510254383,,,,
,,3143,9.337963274447247e-05,,,,
,,3144,8.903099660528824e-05,,,,
,,3145,0.0003965393698308617,,,,
,,3146,0.0003965393698308617,,,,
,,3147,0.23364140093326569,,,,
,,3148,0.2382221519947052,,,,
,,3149,0.2382221519947052,,,,
,,3150,0.02651228941977024,,,,
,,3151,0.02651228941977024,,,,
,,3152,0.02651228941977024,,,,
,,3153,0.012594016268849373,,,,
,,3154,0.00033756339689716697,,,,
,,3155,0.00033756339689716697,,,,
,,3156,8.014588092919439e-05,,,,
,,3157,0.00020159668929409236,,,,
,,3158,0.00020159668929409236,,,,
,,3159,0.0077707162126898766,,,,
,,3160,0.04548731446266174,,,,
,,3161,0.0001407769013894722,,,,
,,3162,0.0001407769013894722,,,,
,,3163,0.00018127396469935775,,,,
,,3164,0.00030954560497775674,,,,
,,3165,0.00030954560497775674,,,,
,,3166,0.00661585945636034,,,,
,,3167,0.00018459407147020102,,,,
,,3168,0.00018459407147020102,,,,
,,3169,0.0011537796817719936,,,,
,,3170,0.001985391369089484,,,,
,,3171,0.001985391369089484,,,,
,,3172,0.00701784435659647,,,,
,,3173,0.009638378396630287,,,,
,,3174,0.009638378396630287,,,,
,,3175,0.005483025219291449,,,,
,,3176,0.05120840668678284,,,,
,,3177,0.00032842601649463177,,,,
,,3178,0.00032842601649463177,,,,
,,3179,0.006840461865067482,,,,
,,3180,0.00017977117386180907,,,,
,,3181,0.00017977117386180907,,,,
,,3182,4.876040475210175e-05,,,,
,,3183,4.876040475210175e-05,,,,
,15,3183,,0.021705511957406998,,,
,15,3183,,,0.03388764336705208,0.8592965006828308,0.8592965006828308
0.10515438765287399,16,3184,,,,,
0.006913862191140652,16,3185,,,,,
0.000854315294418484,16,3186,,,,,
0.0030233932193368673,16,3187,,,,,
0.025164280086755753,16,3188,,,,,
0.0007386666839011014,16,3189,,,,,
0.07764856517314911,16,3190,,,,,
0.004406129475682974,16,3191,,,,,
0.004023786634206772,16,3192,,,,,
0.09359247237443924,16,3193,,,,,
0.000513330043759197,16,3194,,,,,
0.005561823956668377,16,3195,,,,,
0.0001002777207759209,16,3196,,,,,
0.08787308633327484,16,3197,,,,,
0.0024267169646918774,16,3198,,,,,
0.03830884024500847,16,3199,,,,,
0.001679030479863286,16,3200,,,,,
0.13341601192951202,16,3201,,,,,
0.4225171208381653,16,3202,,,,,
0.02227427065372467,16,3203,,,,,
0.00048541463911533356,16,3204,,,,,
0.0006889911601319909,16,3205,,,,,
0.021381650120019913,16,3206,,,,,
0.03538783639669418,16,3207,,,,,
0.0036537661217153072,16,3208,,,,,
0.001273362897336483,16,3209,,,,,
0.0031538282055407763,16,3210,,,,,
0.0017978715477511287,16,3211,,,,,
0.0051992773078382015,16,3212,,,,,
0.010587438009679317,16,3213,,,,,
0.047706492245197296,16,3214,,,,,
0.00421946169808507,16,3215,,,,,
0.0002495138323865831,16,3216,,,,,
0.007061352487653494,16,3217,,,,,
0.0004082909144926816,16,3218,,,,,
0.005407114513218403,16,3219,,,,,
0.0010035280138254166,16,3220,,,,,
0.0017686545616015792,16,3221,,,,,
0.10456178337335587,16,3222,,,,,
0.0027795806527137756,16,3223,,,,,
0.0007059831987135112,16,3224,,,,,
0.0015006143366917968,16,3225,,,,,
0.0010003750212490559,16,3226,,,,,
0.002937139943242073,16,3227,,,,,
0.0006845754687674344,16,3228,,,,,
0.06742080301046371,16,3229,,,,,
0.022912774235010147,16,3230,,,,,
0.16963781416416168,16,3231,,,,,
0.0008034412749111652,16,3232,,,,,
0.0723494291305542,16,3233,,,,,
0.32938867807388306,16,3234,,,,,
0.015018788166344166,16,3235,,,,,
0.02335917204618454,16,3236,,,,,
0.23821409046649933,16,3237,,,,,
0.004727896302938461,16,3238,,,,,
0.04217347130179405,16,3239,,,,,
0.0024492344819009304,16,3240,,,,,
0.05260322242975235,16,3241,,,,,
0.03169301897287369,16,3242,,,,,
0.0011129677295684814,16,3243,,,,,
0.05620374158024788,16,3244,,,,,
0.01238410547375679,16,3245,,,,,
0.0019727100152522326,16,3246,,,,,
0.00040309480391442776,16,3247,,,,,
0.016475604847073555,16,3248,,,,,
0.001364124589599669,16,3249,,,,,
0.004503116011619568,16,3250,,,,,
0.010552640073001385,16,3251,,,,,
0.0007850618567317724,16,3252,,,,,
0.002159816911444068,16,3253,,,,,
0.010031846351921558,16,3254,,,,,
0.05411563813686371,16,3255,,,,,
0.03205869346857071,16,3256,,,,,
0.00038133838097564876,16,3257,,,,,
0.00025012908736243844,16,3258,,,,,
0.017795156687498093,16,3259,,,,,
0.00865375716239214,16,3260,,,,,
0.0006448557833209634,16,3261,,,,,
0.004884543363004923,16,3262,,,,,
0.0012680309591814876,16,3263,,,,,
0.024491863325238228,16,3264,,,,,
0.048716165125370026,16,3265,,,,,
0.0007677200483158231,16,3266,,,,,
0.061696942895650864,16,3267,,,,,
0.027150055393576622,16,3268,,,,,
0.0011495908256620169,16,3269,,,,,
0.029809068888425827,16,3270,,,,,
0.004086194094270468,16,3271,,,,,
0.008724783547222614,16,3272,,,,,
0.0011836871271952987,16,3273,,,,,
9.58009622991085e-05,16,3274,,,,,
0.022019829601049423,16,3275,,,,,
0.016648704186081886,16,3276,,,,,
0.007942115887999535,16,3277,,,,,
0.001126907067373395,16,3278,,,,,
0.000425547594204545,16,3279,,,,,
0.0007111678714863956,16,3280,,,,,
0.022407598793506622,16,3281,,,,,
0.02806132473051548,16,3282,,,,,
0.029856765642762184,16,3283,,,,,
0.0016127072740346193,16,3284,,,,,
0.0009832092327997088,16,3285,,,,,
0.29369401931762695,16,3286,,,,,
0.02842526137828827,16,3287,,,,,
0.002771917963400483,16,3288,,,,,
0.0169504527002573,16,3289,,,,,
0.0013777457643300295,16,3290,,,,,
0.012228373438119888,16,3291,,,,,
0.015325987711548805,16,3292,,,,,
0.0011782572837546468,16,3293,,,,,
0.004675994627177715,16,3294,,,,,
0.10174640268087387,16,3295,,,,,
0.00022719775734003633,16,3296,,,,,
0.0012598225148394704,16,3297,,,,,
0.002471746876835823,16,3298,,,,,
0.0007428877870552242,16,3299,,,,,
0.00034067893284372985,16,3300,,,,,
0.00031103604123927653,16,3301,,,,,
0.014920171350240707,16,3302,,,,,
0.00018604339857120067,16,3303,,,,,
0.0055796904489398,16,3304,,,,,
0.003214227734133601,16,3305,,,,,
0.0026224860921502113,16,3306,,,,,
0.016642862930893898,16,3307,,,,,
0.05129271373152733,16,3308,,,,,
0.0005599709693342447,16,3309,,,,,
0.0013928081607446074,16,3310,,,,,
0.0007485725800506771,16,3311,,,,,
0.03266046941280365,16,3312,,,,,
0.011796652339398861,16,3313,,,,,
0.007193618454039097,16,3314,,,,,
0.012078321538865566,16,3315,,,,,
0.0001010600826703012,16,3316,,,,,
0.0004612305492628366,16,3317,,,,,
0.0005026451544836164,16,3318,,,,,
0.012265102937817574,16,3319,,,,,
0.022170046344399452,16,3320,,,,,
0.005934544838964939,16,3321,,,,,
0.06817986071109772,16,3322,,,,,
0.0022898756433278322,16,3323,,,,,
0.0012998024467378855,16,3324,,,,,
0.0003921609022654593,16,3325,,,,,
0.07579472661018372,16,3326,,,,,
0.004818357061594725,16,3327,,,,,
0.000992709188722074,16,3328,,,,,
0.0006322171539068222,16,3329,,,,,
0.0018915842520073056,16,3330,,,,,
0.0012672533048316836,16,3331,,,,,
0.03973649442195892,16,3332,,,,,
0.16413752734661102,16,3333,,,,,
0.13175621628761292,16,3334,,,,,
0.10576710850000381,16,3335,,,,,
0.1028376892209053,16,3336,,,,,
0.3993285000324249,16,3337,,,,,
0.07372040301561356,16,3338,,,,,
5.3375533752841875e-05,16,3339,,,,,
0.26618659496307373,16,3340,,,,,
0.0027049172203987837,16,3341,,,,,
0.00197835941798985,16,3342,,,,,
0.002327588852494955,16,3343,,,,,
0.04430704563856125,16,3344,,,,,
0.0007376953144557774,16,3345,,,,,
0.03726544976234436,16,3346,,,,,
0.19800589978694916,16,3347,,,,,
0.02308706007897854,16,3348,,,,,
0.0380713976919651,16,3349,,,,,
0.017096487805247307,16,3350,,,,,
0.059554051607847214,16,3351,,,,,
0.1364426463842392,16,3352,,,,,
0.0021491674706339836,16,3353,,,,,
0.04950986057519913,16,3354,,,,,
0.19019818305969238,16,3355,,,,,
0.040314119309186935,16,3356,,,,,
0.016834044829010963,16,3357,,,,,
0.03939974680542946,16,3358,,,,,
0.1780257523059845,16,3359,,,,,
0.2430436760187149,16,3360,,,,,
0.013012073934078217,16,3361,,,,,
0.007794264703989029,16,3362,,,,,
0.350833535194397,16,3363,,,,,
0.09482543170452118,16,3364,,,,,
0.054662834852933884,16,3365,,,,,
0.014513793401420116,16,3366,,,,,
0.004703112877905369,16,3367,,,,,
0.00405459338799119,16,3368,,,,,
0.10662727057933807,16,3369,,,,,
0.01111587230116129,16,3370,,,,,
0.019688192754983902,16,3371,,,,,
0.0031131624709814787,16,3372,,,,,
0.002671569585800171,16,3373,,,,,
0.025745263323187828,16,3374,,,,,
0.0007625770522281528,16,3375,,,,,
0.0025685899890959263,16,3376,,,,,
0.0022240779362618923,16,3377,,,,,
0.06328239291906357,16,3378,,,,,
0.004085851833224297,16,3379,,,,,
0.024857966229319572,16,3380,,,,,
0.004369646776467562,16,3381,,,,,
0.002844186034053564,16,3382,,,,,
,,3184,0.0035965549759566784,,,,
,,3185,0.00042642431799322367,,,,
,,3186,0.00042642431799322367,,,,
,,3187,0.01008060947060585,,,,
,,3188,0.0005494666984304786,,,,
,,3189,0.0005494666984304786,,,,
,,3190,0.0005494666984304786,,,,
,,3191,0.14077548682689667,,,,
,,3192,0.1282309591770172,,,,
,,3193,0.1282309591770172,,,,
,,3194,0.0010000861948356032,,,,
,,3195,0.0021802375558763742,,,,
,,3196,0.0021802375558763742,,,,
,,3197,0.004605421796441078,,,,
,,3198,0.002705290215089917,,,,
,,3199,0.002705290215089917,,,,
,,3200,0.005769749637693167,,,,
,,3201,0.012601304799318314,,,,
,,3202,0.012601304799318314,,,,
,,3203,0.038359180092811584,,,,
,,3204,0.0065928916446864605,,,,
,,3205,0.014663627371191978,,,,
,,3206,0.014663627371191978,,,,
,,3207,0.026833541691303253,,,,
,,3208,0.05688019469380379,,,,
,,3209,0.05688019469380379,,,,
,,3210,0.04654695466160774,,,,
,,3211,0.014267198741436005,,,,
,,3212,0.014267198741436005,,,,
,,3213,0.020083997398614883,,,,
,,3214,0.019404787570238113,,,,
,,3215,0.03963739797472954,,,,
,,3216,0.03963739797472954,,,,
,,3217,0.1042516827583313,,,,
,,3218,0.07498191297054291,,,,
,,3219,0.07498191297054291,,,,
,,3220,0.0192219540476799,,,,
,,3221,0.0192219540476799,,,,
,,3222,0.0192219540476799,,,,
,,3223,0.018753591924905777,,,,
,,3224,0.016090193763375282,,,,
,,3225,0.016090193763375282,,,,
,,3226,0.0013470520498231053,,,,
,,3227,0.003189937211573124,,,,
,,3228,0.003189937211573124,,,,
,,3229,0.003291955916211009,,,,
,,3230,0.001268379157409072,,,,
,,3231,0.010019334964454174,,,,
,,3232,0.001268379157409072,,,,
,,3233,0.0008607701165601611,,,,
,,3234,0.00261552631855011,,,,
,,3235,0.00261552631855011,,,,
,,3236,0.003003133228048682,,,,
,,3237,0.000185841039638035,,,,
,,3238,0.000185841039638035,,,,
,,3239,0.0002286523813381791,,,,
,,3240,0.0010031630517914891,,,,
,,3241,0.0010031630517914891,,,,
,,3242,0.1922791749238968,,,,
,,3243,0.09243268519639969,,,,
,,3244,0.09243268519639969,,,,
,,3245,0.0012120703468099236,,,,
,,3246,0.0023240484297275543,,,,
,,3247,0.0023240484297275543,,,,
,,3248,0.12039075791835785,,,,
,,3249,0.00906141847372055,,,,
,,3250,0.004209567792713642,,,,
,,3251,0.004209567792713642,,,,
,,3252,0.00798099860548973,,,,
,,3253,0.00798099860548973,,,,
,,3254,0.00798099860548973,,,,
,,3255,0.04486683011054993,,,,
,,3256,0.1893206387758255,,,,
,,3257,0.0507284514605999,,,,
,,3258,0.0507284514605999,,,,
,,3259,0.04965636879205704,,,,
,,3260,0.024486448615789413,,,,
,,3261,0.024486448615789413,,,,
,,3262,0.06096707656979561,,,,
,,3263,0.07707677781581879,,,,
,,3264,0.07707677781581879,,,,
,,3265,0.038110628724098206,,,,
,,3266,0.031432148069143295,,,,
,,3267,0.031432148069143295,,,,
,,3268,0.11047576367855072,,,,
,,3269,0.07877164334058762,,,,
,,3270,0.07877164334058762,,,,
,,3271,0.040144674479961395,,,,
,,3272,0.062141552567481995,,,,
,,3273,0.00037450497620739043,,,,
,,3274,0.062141552567481995,,,,
,,3275,0.0202824454754591,,,,
,,3276,0.010329091921448708,,,,
,,3277,0.010329091921448708,,,,
,,3278,0.002488887868821621,,,,
,,3279,0.002122914418578148,,,,
,,3280,0.002122914418578148,,,,
,,3281,0.0048674666322767735,,,,
,,3282,0.00126094080042094,,,,
,,3283,0.00126094080042094,,,,
,,3284,0.00399662833660841,,,,
,,3285,0.00399662833660841,,,,
,,3286,0.00399662833660841,,,,
,,3287,0.004564964212477207,,,,
,,3288,0.001110547804273665,,,,
,,3289,0.001110547804273665,,,,
,,3290,0.00022813280520495027,,,,
,,3291,0.00393070001155138,,,,
,,3292,0.0010389001108705997,,,,
,,3293,0.0010389001108705997,,,,
,,3294,0.2984158992767334,,,,
,,3295,0.31939393281936646,,,,
,,3296,0.31939393281936646,,,,
,,3297,0.005134187173098326,,,,
,,3298,0.14127245545387268,,,,
,,3299,0.008887672796845436,,,,
,,3300,0.008887672796845436,,,,
,,3301,0.022583475336432457,,,,
,,3302,0.012096839025616646,,,,
,,3303,0.012096839025616646,,,,
,,3304,0.03868035599589348,,,,
,,3305,0.07202435284852982,,,,
,,3306,0.07202435284852982,,,,
,,3307,0.11875838041305542,,,,
,,3308,0.038375381380319595,,,,
,,3309,0.038375381380319595,,,,
,,3310,0.08363060653209686,,,,
,,3311,0.1479494869709015,,,,
,,3312,0.1479494869709015,,,,
,,3313,0.1300930231809616,,,,
,,3314,0.08465762436389923,,,,
,,3315,0.08465762436389923,,,,
,,3316,0.08162324130535126,,,,
,,3317,0.07660780847072601,,,,
,,3318,0.07660780847072601,,,,
,,3319,0.07660780847072601,,,,
,,3320,0.19564040005207062,,,,
,,3321,0.15942060947418213,,,,
,,3322,0.15942060947418213,,,,
,,3323,0.08496860414743423,,,,
,,3324,0.043961409479379654,,,,
,,3325,0.043961409479379654,,,,
,,3326,0.06424237787723541,,,,
,,3327,0.0667099803686142,,,,
,,3328,0.0667099803686142,,,,
,,3329,0.026189930737018585,,,,
,,3330,0.04566679522395134,,,,
,,3331,0.04566679522395134,,,,
,,3332,0.0069490233436226845,,,,
,,3333,0.1063157469034195,,,,
,,3334,0.003980169538408518,,,,
,,3335,0.003980169538408518,,,,
,,3336,0.012333661317825317,,,,
,,3337,0.01985558494925499,,,,
,,3338,0.01985558494925499,,,,
,,3339,0.0029352623969316483,,,,
,,3340,0.0011718327878043056,,,,
,,3341,0.0036908569745719433,,,,
,,3342,0.0011718327878043056,,,,
,,3343,0.00027303185197524726,,,,
,,3344,0.0007838215678930283,,,,
,,3345,0.0007838215678930283,,,,
,,3346,0.24446171522140503,,,,
,,3347,0.1727697104215622,,,,
,,3348,0.1727697104215622,,,,
,,3349,0.0017570931231603026,,,,
,,3350,0.0017570931231603026,,,,
,,3351,0.0017570931231603026,,,,
,,3352,0.014759428799152374,,,,
,,3353,0.016663402318954468,,,,
,,3354,0.016663402318954468,,,,
,,3355,0.034198034554719925,,,,
,,3356,0.02618323639035225,,,,
,,3357,0.02618323639035225,,,,
,,3358,0.1030307486653328,,,,
,,3359,0.11003509908914566,,,,
,,3360,0.1089276596903801,,,,
,,3361,0.1089276596903801,,,,
,,3362,0.06001698598265648,,,,
,,3363,0.07648194581270218,,,,
,,3364,0.07648194581270218,,,,
,,3365,0.10238116979598999,,,,
,,3366,0.048436108976602554,,,,
,,3367,0.048436108976602554,,,,
,,3368,0.06878998130559921,,,,
,,3369,0.10381293296813965,,,,
,,3370,0.10381293296813965,,,,
,,3371,0.18340066075325012,,,,
,,3372,0.0671391561627388,,,,
,,3373,0.0671391561627388,,,,
,,3374,0.0583958774805069,,,,
,,3375,0.025460628792643547,,,,
,,3376,0.10353486984968185,,,,
,,3377,0.10353486984968185,,,,
,,3378,0.06660222262144089,,,,
,,3379,0.07309260964393616,,,,
,,3380,0.07309260964393616,,,,
,,3381,0.01946396566927433,,,,
,,3382,0.01946396566927433,,,,
,16,3382,,0.0476779043674469,,,
,16,3382,,,0.03627517819404602,0.3919597864151001,0.3919597864151001
0.0046011945232748985,17,3383,,,,,
0.006205352954566479,17,3384,,,,,
0.012338964268565178,17,3385,,,,,
0.0021253437735140324,17,3386,,,,,
0.00850872416049242,17,3387,,,,,
0.2953917384147644,17,3388,,,,,
0.017063388600945473,17,3389,,,,,
0.008179075084626675,17,3390,,,,,
0.0020932203624397516,17,3391,,,,,
0.1551194190979004,17,3392,,,,,
0.010651777498424053,17,3393,,,,,
0.023902667686343193,17,3394,,,,,
0.008828029036521912,17,3395,,,,,
0.012618974782526493,17,3396,,,,,
0.027170002460479736,17,3397,,,,,
0.042382702231407166,17,3398,,,,,
0.16919252276420593,17,3399,,,,,
0.013759149238467216,17,3400,,,,,
0.0005812420859001577,17,3401,,,,,
0.002307979390025139,17,3402,,,,,
0.0023139663971960545,17,3403,,,,,
0.0025731490459293127,17,3404,,,,,
0.030506843701004982,17,3405,,,,,
0.0073150405660271645,17,3406,,,,,
0.05413643643260002,17,3407,,,,,
0.023018844425678253,17,3408,,,,,
0.002766559598967433,17,3409,,,,,
0.08181121200323105,17,3410,,,,,
0.02982158027589321,17,3411,,,,,
0.13077156245708466,17,3412,,,,,
0.0032018909696489573,17,3413,,,,,
0.002247704192996025,17,3414,,,,,
0.15306870639324188,17,3415,,,,,
0.027053426951169968,17,3416,,,,,
0.008186978287994862,17,3417,,,,,
0.003216387936845422,17,3418,,,,,
0.04935110732913017,17,3419,,,,,
0.0010130516020581126,17,3420,,,,,
0.003994544968008995,17,3421,,,,,
0.0075500356033444405,17,3422,,,,,
0.03185824677348137,17,3423,,,,,
0.0174430962651968,17,3424,,,,,
0.025145765393972397,17,3425,,,,,
0.0023375486489385366,17,3426,,,,,
0.0016559239011257887,17,3427,,,,,
0.0020611472427845,17,3428,,,,,
0.15471932291984558,17,3429,,,,,
0.18332919478416443,17,3430,,,,,
0.007189745083451271,17,3431,,,,,
0.0018552509136497974,17,3432,,,,,
0.0006024574977345765,17,3433,,,,,
0.0012776792282238603,17,3434,,,,,
0.02748379483819008,17,3435,,,,,
0.056511588394641876,17,3436,,,,,
0.011522886343300343,17,3437,,,,,
0.002305157482624054,17,3438,,,,,
0.1019286960363388,17,3439,,,,,
0.004195663146674633,17,3440,,,,,
0.00043344165896996856,17,3441,,,,,
0.006028314121067524,17,3442,,,,,
0.0011728479294106364,17,3443,,,,,
0.12140878289937973,17,3444,,,,,
0.016959935426712036,17,3445,,,,,
0.0016379615990445018,17,3446,,,,,
0.0007082099909894168,17,3447,,,,,
0.008042486384510994,17,3448,,,,,
0.004441854543983936,17,3449,,,,,
0.10870722681283951,17,3450,,,,,
0.006640016101300716,17,3451,,,,,
0.0040117367170751095,17,3452,,,,,
0.004554423037916422,17,3453,,,,,
0.0006781175034120679,17,3454,,,,,
0.001688300515525043,17,3455,,,,,
0.01737244613468647,17,3456,,,,,
0.0042549800127744675,17,3457,,,,,
0.0023996029049158096,17,3458,,,,,
0.06169479712843895,17,3459,,,,,
0.0043233102187514305,17,3460,,,,,
0.39321109652519226,17,3461,,,,,
0.00011349817941663787,17,3462,,,,,
0.0005417842185124755,17,3463,,,,,
0.005386595614254475,17,3464,,,,,
0.002594894729554653,17,3465,,,,,
0.005130012519657612,17,3466,,,,,
0.03113609366118908,17,3467,,,,,
0.01251925341784954,17,3468,,,,,
0.014732347801327705,17,3469,,,,,
0.1828949749469757,17,3470,,,,,
0.0361059196293354,17,3471,,,,,
0.029909055680036545,17,3472,,,,,
0.006062734872102737,17,3473,,,,,
0.004099472891539335,17,3474,,,,,
0.008115177042782307,17,3475,,,,,
0.18025651574134827,17,3476,,,,,
0.002808248158544302,17,3477,,,,,
0.08865918219089508,17,3478,,,,,
0.3145153522491455,17,3479,,,,,
0.11290108412504196,17,3480,,,,,
0.02935403771698475,17,3481,,,,,
0.003246357897296548,17,3482,,,,,
0.03893904760479927,17,3483,,,,,
0.004019291140139103,17,3484,,,,,
0.0012516462011262774,17,3485,,,,,
0.0014701687032356858,17,3486,,,,,
0.011600248515605927,17,3487,,,,,
0.00850963220000267,17,3488,,,,,
0.0017508735181763768,17,3489,,,,,
0.051761917769908905,17,3490,,,,,
0.0051723020151257515,17,3491,,,,,
0.0024807488080114126,17,3492,,,,,
0.007043346296995878,17,3493,,,,,
0.023958461359143257,17,3494,,,,,
0.10162021964788437,17,3495,,,,,
0.0028951247222721577,17,3496,,,,,
0.01079116202890873,17,3497,,,,,
0.027065344154834747,17,3498,,,,,
0.004794917535036802,17,3499,,,,,
0.0028374558314681053,17,3500,,,,,
0.016729053109884262,17,3501,,,,,
0.0022573191672563553,17,3502,,,,,
0.009511028416454792,17,3503,,,,,
0.030732110142707825,17,3504,,,,,
0.0021976546850055456,17,3505,,,,,
0.013717236928641796,17,3506,,,,,
0.013913879171013832,17,3507,,,,,
0.001516084186732769,17,3508,,,,,
0.004211052320897579,17,3509,,,,,
0.002698250813409686,17,3510,,,,,
0.12372882664203644,17,3511,,,,,
0.0015597400488331914,17,3512,,,,,
0.007218779064714909,17,3513,,,,,
0.015025073662400246,17,3514,,,,,
0.002058966550976038,17,3515,,,,,
0.0012037530541419983,17,3516,,,,,
0.059414107352495193,17,3517,,,,,
0.20920254290103912,17,3518,,,,,
0.0017553195357322693,17,3519,,,,,
0.21113216876983643,17,3520,,,,,
0.0027669279370456934,17,3521,,,,,
0.005793808959424496,17,3522,,,,,
0.019033536314964294,17,3523,,,,,
0.004865661729127169,17,3524,,,,,
0.3370595872402191,17,3525,,,,,
0.002514507621526718,17,3526,,,,,
0.0006185617530718446,17,3527,,,,,
0.008555954322218895,17,3528,,,,,
0.003703576046973467,17,3529,,,,,
0.0012167975073680282,17,3530,,,,,
0.004328704439103603,17,3531,,,,,
0.05839459225535393,17,3532,,,,,
0.01883828267455101,17,3533,,,,,
0.004925729241222143,17,3534,,,,,
0.008896518498659134,17,3535,,,,,
0.0010450686095282435,17,3536,,,,,
0.026343341916799545,17,3537,,,,,
0.027521392330527306,17,3538,,,,,
0.10877396911382675,17,3539,,,,,
0.03848898410797119,17,3540,,,,,
0.003453090088441968,17,3541,,,,,
0.010486320592463017,17,3542,,,,,
0.0033127772621810436,17,3543,,,,,
0.0369451604783535,17,3544,,,,,
0.0035410455893725157,17,3545,,,,,
0.0015709921717643738,17,3546,,,,,
0.02794845961034298,17,3547,,,,,
0.001005234895274043,17,3548,,,,,
0.1531214714050293,17,3549,,,,,
0.04391144588589668,17,3550,,,,,
0.0025112410075962543,17,3551,,,,,
0.002982316305860877,17,3552,,,,,
0.0031434446573257446,17,3553,,,,,
0.03339719399809837,17,3554,,,,,
0.004821137525141239,17,3555,,,,,
0.0014911012258380651,17,3556,,,,,
0.009311595931649208,17,3557,,,,,
0.00162639026530087,17,3558,,,,,
0.0025298430118709803,17,3559,,,,,
0.0036782242823392153,17,3560,,,,,
0.018207959830760956,17,3561,,,,,
0.04731633886694908,17,3562,,,,,
0.003222552128136158,17,3563,,,,,
0.0006647693808190525,17,3564,,,,,
0.0006945304339751601,17,3565,,,,,
0.0032067918218672276,17,3566,,,,,
0.0017513263737782836,17,3567,,,,,
0.01870325580239296,17,3568,,,,,
0.019215982407331467,17,3569,,,,,
0.021498383954167366,17,3570,,,,,
0.023850247263908386,17,3571,,,,,
0.001145398011431098,17,3572,,,,,
0.0008213758701458573,17,3573,,,,,
0.0018857992254197598,17,3574,,,,,
0.00046994315925985575,17,3575,,,,,
0.0026508201844990253,17,3576,,,,,
0.003391157602891326,17,3577,,,,,
0.0114603815600276,17,3578,,,,,
0.0041681923903524876,17,3579,,,,,
0.00825661513954401,17,3580,,,,,
0.0035448737908154726,17,3581,,,,,
,,3383,0.007144215051084757,,,,
,,3384,0.013348424807190895,,,,
,,3385,0.013348424807190895,,,,
,,3386,0.0012746598804369569,,,,
,,3387,8.390675066038966e-05,,,,
,,3388,8.390675066038966e-05,,,,
,,3389,8.390675066038966e-05,,,,
,,3390,0.0012523002224043012,,,,
,,3391,0.0021391334012150764,,,,
,,3392,0.0021391334012150764,,,,
,,3393,0.0018177202437072992,,,,
,,3394,0.007297243922948837,,,,
,,3395,0.007297243922948837,,,,
,,3396,0.00041101363603957,,,,
,,3397,0.0001202781277243048,,,,
,,3398,0.0001202781277243048,,,,
,,3399,5.898813105886802e-05,,,,
,,3400,0.00041923357639461756,,,,
,,3401,0.00041923357639461756,,,,
,,3402,0.00018829597684089094,,,,
,,3403,0.0011932009365409613,,,,
,,3404,7.443942740792409e-05,,,,
,,3405,7.443942740792409e-05,,,,
,,3406,4.622663254849613e-05,,,,
,,3407,0.001586583792231977,,,,
,,3408,0.001586583792231977,,,,
,,3409,0.00011274333519395441,,,,
,,3410,0.0003054875123780221,,,,
,,3411,0.0003054875123780221,,,,
,,3412,5.5904656619532034e-05,,,,
,,3413,0.005688241217285395,,,,
,,3414,6.775302608730271e-05,,,,
,,3415,6.775302608730271e-05,,,,
,,3416,0.00015090212400536984,,,,
,,3417,0.00032306250068359077,,,,
,,3418,0.00032306250068359077,,,,
,,3419,4.3619569623842835e-05,,,,
,,3420,4.3619569623842835e-05,,,,
,,3421,4.3619569623842835e-05,,,,
,,3422,0.00010557673522271216,,,,
,,3423,0.0030695388559252024,,,,
,,3424,0.0030695388559252024,,,,
,,3425,1.993772639252711e-05,,,,
,,3426,9.625409438740462e-05,,,,
,,3427,9.625409438740462e-05,,,,
,,3428,0.00029462124803103507,,,,
,,3429,8.443639671895653e-05,,,,
,,3430,0.0015059137949720025,,,,
,,3431,8.443639671895653e-05,,,,
,,3432,6.269909499678761e-05,,,,
,,3433,0.000352769682649523,,,,
,,3434,0.000352769682649523,,,,
,,3435,0.0005237388540990651,,,,
,,3436,0.0003830718051176518,,,,
,,3437,0.0003830718051176518,,,,
,,3438,2.667437365744263e-05,,,,
,,3439,0.0010506112594157457,,,,
,,3440,0.0010506112594157457,,,,
,,3441,0.002409920794889331,,,,
,,3442,0.003522802609950304,,,,
,,3443,0.003522802609950304,,,,
,,3444,0.0010470390552654862,,,,
,,3445,0.0019640258979052305,,,,
,,3446,0.0019640258979052305,,,,
,,3447,0.06379655748605728,,,,
,,3448,0.0007226559682749212,,,,
,,3449,0.0007429797551594675,,,,
,,3450,0.0007429797551594675,,,,
,,3451,5.988890916341916e-05,,,,
,,3452,5.988890916341916e-05,,,,
,,3453,5.988890916341916e-05,,,,
,,3454,0.00039769336581230164,,,,
,,3455,0.0015024972381070256,,,,
,,3456,0.002036839257925749,,,,
,,3457,0.002036839257925749,,,,
,,3458,4.67913705506362e-05,,,,
,,3459,0.0002626752539072186,,,,
,,3460,0.0002626752539072186,,,,
,,3461,0.0002140706346835941,,,,
,,3462,5.03455703437794e-05,,,,
,,3463,5.03455703437794e-05,,,,
,,3464,5.9416146541479975e-05,,,,
,,3465,0.00044440836063586175,,,,
,,3466,0.00044440836063586175,,,,
,,3467,0.0003766637819353491,,,,
,,3468,0.00010911170102190226,,,,
,,3469,0.00010911170102190226,,,,
,,3470,5.113114821142517e-05,,,,
,,3471,0.0019371412927284837,,,,
,,3472,0.0008880133391357958,,,,
,,3473,0.0019371412927284837,,,,
,,3474,0.00016117069753818214,,,,
,,3475,0.00033362096291966736,,,,
,,3476,0.00033362096291966736,,,,
,,3477,2.2901409465703182e-05,,,,
,,3478,5.6291482906090096e-05,,,,
,,3479,5.6291482906090096e-05,,,,
,,3480,0.0004865748924203217,,,,
,,3481,0.0006687560235150158,,,,
,,3482,0.0006687560235150158,,,,
,,3483,4.6836597903165966e-05,,,,
,,3484,4.6836597903165966e-05,,,,
,,3485,4.6836597903165966e-05,,,,
,,3486,0.0009193764417432249,,,,
,,3487,0.0018682824447751045,,,,
,,3488,0.0018682824447751045,,,,
,,3489,3.0777933716308326e-05,,,,
,,3490,0.0033329061698168516,,,,
,,3491,0.00015958679432515055,,,,
,,3492,0.00015958679432515055,,,,
,,3493,0.0026202748995274305,,,,
,,3494,0.0011524681467562914,,,,
,,3495,0.0011524681467562914,,,,
,,3496,0.00044340017484501004,,,,
,,3497,0.20103979110717773,,,,
,,3498,0.0028043610509485006,,,,
,,3499,0.0028043610509485006,,,,
,,3500,0.0003385406162124127,,,,
,,3501,0.00013444703654386103,,,,
,,3502,0.00013444703654386103,,,,
,,3503,9.096797293750569e-05,,,,
,,3504,0.0013785876799374819,,,,
,,3505,0.0013785876799374819,,,,
,,3506,0.000175181106897071,,,,
,,3507,0.00032605358865112066,,,,
,,3508,0.00032605358865112066,,,,
,,3509,6.940827006474137e-05,,,,
,,3510,7.972714956849813e-05,,,,
,,3511,7.972714956849813e-05,,,,
,,3512,0.00012931761739309877,,,,
,,3513,0.00013961769582238048,,,,
,,3514,0.00013961769582238048,,,,
,,3515,0.11879009008407593,,,,
,,3516,7.418757013510913e-05,,,,
,,3517,7.418757013510913e-05,,,,
,,3518,7.418757013510913e-05,,,,
,,3519,0.0001717869599815458,,,,
,,3520,0.002177284564822912,,,,
,,3521,0.002177284564822912,,,,
,,3522,6.643926462857053e-05,,,,
,,3523,0.000269339419901371,,,,
,,3524,0.000269339419901371,,,,
,,3525,0.00010114694305229932,,,,
,,3526,5.1279137551318854e-05,,,,
,,3527,5.1279137551318854e-05,,,,
,,3528,3.353971624164842e-05,,,,
,,3529,8.374096796615049e-05,,,,
,,3530,8.374096796615049e-05,,,,
,,3531,0.0002623568580020219,,,,
,,3532,0.0017236730782315135,,,,
,,3533,7.25880527170375e-05,,,,
,,3534,7.25880527170375e-05,,,,
,,3535,5.742973735323176e-05,,,,
,,3536,0.0011579295387491584,,,,
,,3537,0.0011579295387491584,,,,
,,3538,0.00044404843356460333,,,,
,,3539,0.001403494505211711,,,,
,,3540,0.003642072668299079,,,,
,,3541,0.001403494505211711,,,,
,,3542,4.6648488932987675e-05,,,,
,,3543,6.273884355323389e-05,,,,
,,3544,6.273884355323389e-05,,,,
,,3545,0.0048618009313941,,,,
,,3546,0.00509595638141036,,,,
,,3547,0.00509595638141036,,,,
,,3548,0.0005546260508708656,,,,
,,3549,0.0005546260508708656,,,,
,,3550,0.0005546260508708656,,,,
,,3551,0.000430916843470186,,,,
,,3552,0.0013555723708122969,,,,
,,3553,0.0013555723708122969,,,,
,,3554,6.212000153027475e-05,,,,
,,3555,0.00027835910441353917,,,,
,,3556,0.00027835910441353917,,,,
,,3557,0.00021135472343303263,,,,
,,3558,0.0166079793125391,,,,
,,3559,6.717695214319974e-05,,,,
,,3560,6.717695214319974e-05,,,,
,,3561,5.9927591792074963e-05,,,,
,,3562,0.00017628453497309238,,,,
,,3563,0.00017628453497309238,,,,
,,3564,0.00011880772217409685,,,,
,,3565,5.6083936215145513e-05,,,,
,,3566,5.6083936215145513e-05,,,,
,,3567,6.285910785663873e-05,,,,
,,3568,0.0018176818266510963,,,,
,,3569,0.0018176818266510963,,,,
,,3570,0.0001780156308086589,,,,
,,3571,0.0003784036380238831,,,,
,,3572,0.0003784036380238831,,,,
,,3573,5.953827712801285e-05,,,,
,,3574,0.003025404643267393,,,,
,,3575,6.312099139904603e-05,,,,
,,3576,6.312099139904603e-05,,,,
,,3577,0.00010857275628950447,,,,
,,3578,8.865100971888751e-05,,,,
,,3579,8.865100971888751e-05,,,,
,,3580,2.627047615533229e-05,,,,
,,3581,2.627047615533229e-05,,,,
,17,3581,,0.002955616684630513,,,
,17,3581,,,0.03110634535551071,0.979899525642395,0.979899525642395
0.12628741562366486,18,3582,,,,,
0.0020629637874662876,18,3583,,,,,
0.00017048849258571863,18,3584,,,,,
0.010487119667232037,18,3585,,,,,
0.02028639055788517,18,3586,,,,,
0.0002968080516438931,18,3587,,,,,
0.006047377362847328,18,3588,,,,,
0.00439863745123148,18,3589,,,,,
0.029889535158872604,18,3590,,,,,
0.02093038707971573,18,3591,,,,,
0.0004318053543101996,18,3592,,,,,
0.00020184686582069844,18,3593,,,,,
0.006457110866904259,18,3594,,,,,
0.015107260085642338,18,3595,,,,,
0.008042273111641407,18,3596,,,,,
0.048677921295166016,18,3597,,,,,
0.044429078698158264,18,3598,,,,,
0.015246264636516571,18,3599,,,,,
0.006864356342703104,18,3600,,,,,
0.0010692387586459517,18,3601,,,,,
0.00022136513143777847,18,3602,,,,,
0.09374843537807465,18,3603,,,,,
0.00634297588840127,18,3604,,,,,
0.11044485867023468,18,3605,,,,,
0.0009704775875434279,18,3606,,,,,
0.000879783823620528,18,3607,,,,,
3.4868317015934736e-05,18,3608,,,,,
0.17508219182491302,18,3609,,,,,
0.0009669284336268902,18,3610,,,,,
0.009905676357448101,18,3611,,,,,
0.00026403783704154193,18,3612,,,,,
0.0038302650209516287,18,3613,,,,,
0.000568024639505893,18,3614,,,,,
0.11262499541044235,18,3615,,,,,
0.01808149367570877,18,3616,,,,,
0.0024278960190713406,18,3617,,,,,
0.023576609790325165,18,3618,,,,,
8.997617987915874e-05,18,3619,,,,,
0.005266203545033932,18,3620,,,,,
0.0003491265815682709,18,3621,,,,,
0.0005908227176405489,18,3622,,,,,
0.0023103004787117243,18,3623,,,,,
0.01502926740795374,18,3624,,,,,
0.0006063425680622458,18,3625,,,,,
0.029716622084379196,18,3626,,,,,
0.003885209560394287,18,3627,,,,,
0.0342341847717762,18,3628,,,,,
0.00472513260319829,18,3629,,,,,
0.20214352011680603,18,3630,,,,,
0.006500794552266598,18,3631,,,,,
0.0015681127551943064,18,3632,,,,,
0.0031252845656126738,18,3633,,,,,
0.018150154501199722,18,3634,,,,,
0.0014412978198379278,18,3635,,,,,
0.001968436874449253,18,3636,,,,,
0.0007245160522870719,18,3637,,,,,
0.006288069300353527,18,3638,,,,,
0.0017061071703210473,18,3639,,,,,
0.010228629224002361,18,3640,,,,,
0.00019440354662947357,18,3641,,,,,
0.00044995377538725734,18,3642,,,,,
0.0005140546709299088,18,3643,,,,,
0.017018243670463562,18,3644,,,,,
0.3633502721786499,18,3645,,,,,
0.001087760436348617,18,3646,,,,,
0.00541211711242795,18,3647,,,,,
0.009575742296874523,18,3648,,,,,
0.001235366566106677,18,3649,,,,,
0.010651100426912308,18,3650,,,,,
0.04062676429748535,18,3651,,,,,
0.005001396406441927,18,3652,,,,,
0.0010895099258050323,18,3653,,,,,
0.01203868631273508,18,3654,,,,,
0.03530629724264145,18,3655,,,,,
0.16007159650325775,18,3656,,,,,
0.0004060699720866978,18,3657,,,,,
0.001306970021687448,18,3658,,,,,
0.01087721437215805,18,3659,,,,,
0.045816194266080856,18,3660,,,,,
0.04583842679858208,18,3661,,,,,
0.01981949247419834,18,3662,,,,,
0.03335640951991081,18,3663,,,,,
0.06457822024822235,18,3664,,,,,
0.05962473899126053,18,3665,,,,,
0.00018868337792810053,18,3666,,,,,
0.0036834555212408304,18,3667,,,,,
0.42650386691093445,18,3668,,,,,
0.004077340941876173,18,3669,,,,,
0.0035821159835904837,18,3670,,,,,
0.0013038426404818892,18,3671,,,,,
0.07028747349977493,18,3672,,,,,
0.11466290056705475,18,3673,,,,,
0.020795490592718124,18,3674,,,,,
0.0028990795835852623,18,3675,,,,,
0.008638757281005383,18,3676,,,,,
0.004739819094538689,18,3677,,,,,
0.011834727600216866,18,3678,,,,,
0.004734181333333254,18,3679,,,,,
0.002164099831134081,18,3680,,,,,
0.09796441346406937,18,3681,,,,,
0.006396569777280092,18,3682,,,,,
0.0006912199314683676,18,3683,,,,,
0.06914684921503067,18,3684,,,,,
0.0023627597838640213,18,3685,,,,,
0.0010675874073058367,18,3686,,,,,
0.3544779121875763,18,3687,,,,,
0.0034393726382404566,18,3688,,,,,
0.006458573509007692,18,3689,,,,,
0.00031201448291540146,18,3690,,,,,
0.041095998138189316,18,3691,,,,,
0.00439219968393445,18,3692,,,,,
0.008649825118482113,18,3693,,,,,
0.014248485676944256,18,3694,,,,,
0.24769403040409088,18,3695,,,,,
0.0005470074247568846,18,3696,,,,,
0.033438343554735184,18,3697,,,,,
0.08364535123109818,18,3698,,,,,
0.0002401145757175982,18,3699,,,,,
0.009975334629416466,18,3700,,,,,
0.018104877322912216,18,3701,,,,,
0.0017023772234097123,18,3702,,,,,
0.0004113728064112365,18,3703,,,,,
0.039754047989845276,18,3704,,,,,
0.0010843923082575202,18,3705,,,,,
0.012891287915408611,18,3706,,,,,
0.030827945098280907,18,3707,,,,,
0.0004343808686826378,18,3708,,,,,
0.0004735082038678229,18,3709,,,,,
0.0016257683746516705,18,3710,,,,,
0.0395062081515789,18,3711,,,,,
0.0036290790885686874,18,3712,,,,,
0.041381724178791046,18,3713,,,,,
0.00013282554573379457,18,3714,,,,,
0.051582302898168564,18,3715,,,,,
0.07615002244710922,18,3716,,,,,
0.008603920228779316,18,3717,,,,,
0.05987420305609703,18,3718,,,,,
0.06207394599914551,18,3719,,,,,
0.007333019282668829,18,3720,,,,,
0.013610828667879105,18,3721,,,,,
0.008264896459877491,18,3722,,,,,
0.00047986485878936946,18,3723,,,,,
0.0004442657227627933,18,3724,,,,,
0.002596949925646186,18,3725,,,,,
0.0018502619350329041,18,3726,,,,,
0.0003566452069208026,18,3727,,,,,
0.00038893980672582984,18,3728,,,,,
0.004061294719576836,18,3729,,,,,
0.019764170050621033,18,3730,,,,,
0.0007687184261158109,18,3731,,,,,
0.0013626136351376772,18,3732,,,,,
0.0003641019284259528,18,3733,,,,,
0.0011577395489439368,18,3734,,,,,
0.00019755939138121903,18,3735,,,,,
0.007579962257295847,18,3736,,,,,
0.0027647335082292557,18,3737,,,,,
0.037691764533519745,18,3738,,,,,
0.3084566295146942,18,3739,,,,,
0.0001494502939749509,18,3740,,,,,
0.0009709384175948799,18,3741,,,,,
0.0034791550133377314,18,3742,,,,,
0.00023985073494259268,18,3743,,,,,
8.317984611494467e-05,18,3744,,,,,
0.00010247569298371673,18,3745,,,,,
0.0007898194598965347,18,3746,,,,,
0.00018787318549584597,18,3747,,,,,
0.007763170637190342,18,3748,,,,,
0.00617507379502058,18,3749,,,,,
0.0018211494898423553,18,3750,,,,,
0.002229748060926795,18,3751,,,,,
0.19881534576416016,18,3752,,,,,
0.000129844163893722,18,3753,,,,,
0.0001910802529891953,18,3754,,,,,
0.03527328372001648,18,3755,,,,,
0.023511216044425964,18,3756,,,,,
0.0014262775657698512,18,3757,,,,,
0.0011541398707777262,18,3758,,,,,
0.209110826253891,18,3759,,,,,
0.01702924072742462,18,3760,,,,,
0.010681796818971634,18,3761,,,,,
0.06811463087797165,18,3762,,,,,
0.08422985672950745,18,3763,,,,,
0.0003867385385092348,18,3764,,,,,
0.05639764666557312,18,3765,,,,,
0.00033477830584160984,18,3766,,,,,
0.0010667444439604878,18,3767,,,,,
0.006621160078793764,18,3768,,,,,
0.0303807370364666,18,3769,,,,,
0.00034761542337946594,18,3770,,,,,
0.0007985342526808381,18,3771,,,,,
0.029005108401179314,18,3772,,,,,
0.0007198582170531154,18,3773,,,,,
0.08622117340564728,18,3774,,,,,
0.12072986364364624,18,3775,,,,,
0.003218064084649086,18,3776,,,,,
0.022630594670772552,18,3777,,,,,
0.013703620992600918,18,3778,,,,,
0.06301101297140121,18,3779,,,,,
0.009096481837332249,18,3780,,,,,
,,3582,0.0026370594277977943,,,,
,,3583,9.012965892907232e-05,,,,
,,3584,9.012965892907232e-05,,,,
,,3585,0.0017993244109675288,,,,
,,3586,3.635963366832584e-05,,,,
,,3587,3.635963366832584e-05,,,,
,,3588,3.635963366832584e-05,,,,
,,3589,0.22592385113239288,,,,
,,3590,0.27408239245414734,,,,
,,3591,0.27408239245414734,,,,
,,3592,0.0021739250514656305,,,,
,,3593,0.002443355740979314,,,,
,,3594,0.002443355740979314,,,,
,,3595,0.0055246734991669655,,,,
,,3596,0.004191120155155659,,,,
,,3597,0.004191120155155659,,,,
,,3598,0.005643499083817005,,,,
,,3599,0.013096210546791553,,,,
,,3600,0.013096210546791553,,,,
,,3601,0.002961781108751893,,,,
,,3602,0.0009728414006531239,,,,
,,3603,0.00021998003649059683,,,,
,,3604,0.00021998003649059683,,,,
,,3605,0.004100979771465063,,,,
,,3606,0.006151755806058645,,,,
,,3607,0.006151755806058645,,,,
,,3608,0.002535662380978465,,,,
,,3609,0.00543496897444129,,,,
,,3610,0.00543496897444129,,,,
,,3611,0.00016706890892237425,,,,
,,3612,0.0013181822141632438,,,,
,,3613,0.0003769778704736382,,,,
,,3614,0.0003769778704736382,,,,
,,3615,0.002659246791154146,,,,
,,3616,0.0018643656512722373,,,,
,,3617,0.0018643656512722373,,,,
,,3618,0.004371925722807646,,,,
,,3619,0.004371925722807646,,,,
,,3620,0.004371925722807646,,,,
,,3621,0.0026748492382466793,,,,
,,3622,0.0010612554615363479,,,,
,,3623,0.0010612554615363479,,,,
,,3624,0.0020065205171704292,,,,
,,3625,0.004673348274081945,,,,
,,3626,0.004673348274081945,,,,
,,3627,0.002812339225783944,,,,
,,3628,0.0008494631620123982,,,,
,,3629,0.0029321920592337847,,,,
,,3630,0.0008494631620123982,,,,
,,3631,0.0006187813123688102,,,,
,,3632,0.002405313076451421,,,,
,,3633,0.002405313076451421,,,,
,,3634,0.002709522843360901,,,,
,,3635,0.00011614216055022553,,,,
,,3636,0.00011614216055022553,,,,
,,3637,0.00023193086963146925,,,,
,,3638,0.00032682728487998247,,,,
,,3639,0.00032682728487998247,,,,
,,3640,0.23801958560943604,,,,
,,3641,0.30587998032569885,,,,
,,3642,0.30587998032569885,,,,
,,3643,0.013857893645763397,,,,
,,3644,0.008537097834050655,,,,
,,3645,0.008537097834050655,,,,
,,3646,0.022538337856531143,,,,
,,3647,0.010581712238490582,,,,
,,3648,0.004859124775975943,,,,
,,3649,0.004859124775975943,,,,
,,3650,0.0027307183481752872,,,,
,,3651,0.0027307183481752872,,,,
,,3652,0.0027307183481752872,,,,
,,3653,0.009147441945970058,,,,
,,3654,0.004239367786794901,,,,
,,3655,0.0004768186481669545,,,,
,,3656,0.0004768186481669545,,,,
,,3657,0.002451306441798806,,,,
,,3658,0.010495185852050781,,,,
,,3659,0.010495185852050781,,,,
,,3660,0.007092807907611132,,,,
,,3661,0.0007276294054463506,,,,
,,3662,0.0007276294054463506,,,,
,,3663,0.00018759189697448164,,,,
,,3664,0.00030490607605315745,,,,
,,3665,0.00030490607605315745,,,,
,,3666,0.007474129553884268,,,,
,,3667,0.0003597558243200183,,,,
,,3668,0.0003597558243200183,,,,
,,3669,0.002229848178103566,,,,
,,3670,0.00261631584726274,,,,
,,3671,6.258251960389316e-05,,,,
,,3672,0.00261631584726274,,,,
,,3673,0.003779215505346656,,,,
,,3674,0.001598625909537077,,,,
,,3675,0.001598625909537077,,,,
,,3676,0.004575344268232584,,,,
,,3677,0.0023537189699709415,,,,
,,3678,0.0023537189699709415,,,,
,,3679,0.004665187560021877,,,,
,,3680,0.0005022696568630636,,,,
,,3681,0.0005022696568630636,,,,
,,3682,0.00324454833753407,,,,
,,3683,0.00324454833753407,,,,
,,3684,0.00324454833753407,,,,
,,3685,0.0055162375792860985,,,,
,,3686,0.0001317935239057988,,,,
,,3687,0.0001317935239057988,,,,
,,3688,0.0008480792748741806,,,,
,,3689,0.00018426135648041964,,,,
,,3690,0.003146084491163492,,,,
,,3691,0.003146084491163492,,,,
,,3692,0.2388181984424591,,,,
,,3693,0.3362031579017639,,,,
,,3694,0.3362031579017639,,,,
,,3695,0.004338008817285299,,,,
,,3696,0.0959850400686264,,,,
,,3697,0.020918598398566246,,,,
,,3698,0.020918598398566246,,,,
,,3699,0.0052533503621816635,,,,
,,3700,0.0024877956602722406,,,,
,,3701,0.0024877956602722406,,,,
,,3702,0.0016890496481209993,,,,
,,3703,0.002635805867612362,,,,
,,3704,0.002635805867612362,,,,
,,3705,0.002811621641740203,,,,
,,3706,0.00019098911434412003,,,,
,,3707,0.00019098911434412003,,,,
,,3708,0.0007553866016678512,,,,
,,3709,0.0008720645564608276,,,,
,,3710,0.0008720645564608276,,,,
,,3711,0.0022944342344999313,,,,
,,3712,0.0008828226709738374,,,,
,,3713,0.0008828226709738374,,,,
,,3714,0.03505212813615799,,,,
,,3715,8.473469642922282e-05,,,,
,,3716,8.473469642922282e-05,,,,
,,3717,8.473469642922282e-05,,,,
,,3718,0.002019918290898204,,,,
,,3719,0.0002177765272790566,,,,
,,3720,0.0002177765272790566,,,,
,,3721,0.0014739972539246082,,,,
,,3722,0.004173971246927977,,,,
,,3723,0.004173971246927977,,,,
,,3724,0.0018632753053680062,,,,
,,3725,0.0004793758853338659,,,,
,,3726,0.0004793758853338659,,,,
,,3727,0.0026629159692674875,,,,
,,3728,0.006792802829295397,,,,
,,3729,0.006792802829295397,,,,
,,3730,0.0022592339664697647,,,,
,,3731,0.2333066761493683,,,,
,,3732,0.00021081279555801302,,,,
,,3733,0.00021081279555801302,,,,
,,3734,0.0005183265311643481,,,,
,,3735,0.0005704411305487156,,,,
,,3736,0.0005704411305487156,,,,
,,3737,0.002297639846801758,,,,
,,3738,8.101596176857129e-05,,,,
,,3739,0.0022239545360207558,,,,
,,3740,8.101596176857129e-05,,,,
,,3741,0.0003000156721100211,,,,
,,3742,0.0005063427961431444,,,,
,,3743,0.0005063427961431444,,,,
,,3744,0.22812402248382568,,,,
,,3745,0.3034413754940033,,,,
,,3746,0.3034413754940033,,,,
,,3747,0.004817487206310034,,,,
,,3748,0.004817487206310034,,,,
,,3749,0.004817487206310034,,,,
,,3750,0.006087102461606264,,,,
,,3751,0.006073022726923227,,,,
,,3752,0.006073022726923227,,,,
,,3753,0.00604626489803195,,,,
,,3754,0.03306996449828148,,,,
,,3755,0.03306996449828148,,,,
,,3756,0.0033682307694107294,,,,
,,3757,0.09422598779201508,,,,
,,3758,0.0003251365851610899,,,,
,,3759,0.0003251365851610899,,,,
,,3760,0.0007253190269693732,,,,
,,3761,0.0010391924297437072,,,,
,,3762,0.0010391924297437072,,,,
,,3763,0.002361151622608304,,,,
,,3764,0.00044607670861296356,,,,
,,3765,0.00044607670861296356,,,,
,,3766,8.708501991350204e-05,,,,
,,3767,0.00016138410137500614,,,,
,,3768,0.00016138410137500614,,,,
,,3769,0.002281571738421917,,,,
,,3770,0.0004196551162749529,,,,
,,3771,0.0004196551162749529,,,,
,,3772,0.0015646012034267187,,,,
,,3773,0.012516332790255547,,,,
,,3774,0.0012322190450504422,,,,
,,3775,0.0012322190450504422,,,,
,,3776,0.0019833589904010296,,,,
,,3777,0.0010506344260647893,,,,
,,3778,0.0010506344260647893,,,,
,,3779,0.00463304715231061,,,,
,,3780,0.00463304715231061,,,,
,18,3780,,0.02225116267800331,,,
,18,3780,,,0.029535971581935883,0.8944723606109619,0.8944723606109619
0.057211194187402725,19,3781,,,,,
0.01431720145046711,19,3782,,,,,
0.09490863233804703,19,3783,,,,,
0.004302557557821274,19,3784,,,,,
0.0004710039065685123,19,3785,,,,,
0.009717503562569618,19,3786,,,,,
0.04232262074947357,19,3787,,,,,
0.07360248267650604,19,3788,,,,,
0.003859025426208973,19,3789,,,,,
0.005675369407981634,19,3790,,,,,
0.01565992645919323,19,3791,,,,,
0.11048423498868942,19,3792,,,,,
0.006816420238465071,19,3793,,,,,
0.0017155781388282776,19,3794,,,,,
0.004747081082314253,19,3795,,,,,
0.0005150918150320649,19,3796,,,,,
0.0010486142709851265,19,3797,,,,,
0.009127703495323658,19,3798,,,,,
0.0031815525144338608,19,3799,,,,,
0.0010975657496601343,19,3800,,,,,
0.0016804313054308295,19,3801,,,,,
0.0021999359596520662,19,3802,,,,,
0.039218053221702576,19,3803,,,,,
0.007177494000643492,19,3804,,,,,
0.0008610985823906958,19,3805,,,,,
0.0009193597943522036,19,3806,,,,,
0.01576302945613861,19,3807,,,,,
0.042087770998477936,19,3808,,,,,
0.0083471043035388,19,3809,,,,,
0.008085879497230053,19,3810,,,,,
0.0031710504554212093,19,3811,,,,,
0.012872831895947456,19,3812,,,,,
0.000294284283882007,19,3813,,,,,
0.000988938845694065,19,3814,,,,,
0.0016180326929315925,19,3815,,,,,
0.0003145554510410875,19,3816,,,,,
0.0011943350546061993,19,3817,,,,,
0.0011031203903257847,19,3818,,,,,
0.0006278114160522819,19,3819,,,,,
0.00026601573335938156,19,3820,,,,,
0.00023047366994433105,19,3821,,,,,
0.001048985286615789,19,3822,,,,,
0.0064903078600764275,19,3823,,,,,
0.010181820020079613,19,3824,,,,,
0.007111806422472,19,3825,,,,,
0.0002547331969253719,19,3826,,,,,
0.0004504153330344707,19,3827,,,,,
0.00021643645595759153,19,3828,,,,,
0.017862282693386078,19,3829,,,,,
0.18186220526695251,19,3830,,,,,
0.0018323230324313045,19,3831,,,,,
0.0077723171561956406,19,3832,,,,,
0.09690871834754944,19,3833,,,,,
0.05800839141011238,19,3834,,,,,
0.0005797921912744641,19,3835,,,,,
0.007167044561356306,19,3836,,,,,
0.0005772646400146186,19,3837,,,,,
0.0028507302049547434,19,3838,,,,,
0.1996632218360901,19,3839,,,,,
0.0041237808763980865,19,3840,,,,,
0.00024223644868470728,19,3841,,,,,
0.0010247761383652687,19,3842,,,,,
0.1234610453248024,19,3843,,,,,
0.0013997505884617567,19,3844,,,,,
0.05827585235238075,19,3845,,,,,
0.00010351411765441298,19,3846,,,,,
0.021219413727521896,19,3847,,,,,
0.01619129627943039,19,3848,,,,,
0.01316814310848713,19,3849,,,,,
0.005589948035776615,19,3850,,,,,
0.02956719696521759,19,3851,,,,,
0.005500363651663065,19,3852,,,,,
0.00031202638638205826,19,3853,,,,,
0.0050425343215465546,19,3854,,,,,
0.003372426610440016,19,3855,,,,,
0.0001118651416618377,19,3856,,,,,
0.10671629011631012,19,3857,,,,,
0.0014582969015464187,19,3858,,,,,
0.01623537763953209,19,3859,,,,,
0.00014812361041549593,19,3860,,,,,
0.023962004110217094,19,3861,,,,,
0.0004683630249928683,19,3862,,,,,
0.0008912988705560565,19,3863,,,,,
0.0003225416294299066,19,3864,,,,,
0.0004464705416467041,19,3865,,,,,
0.009806657209992409,19,3866,,,,,
0.003776938421651721,19,3867,,,,,
0.004685862921178341,19,3868,,,,,
0.0006346878362819552,19,3869,,,,,
0.001195184071548283,19,3870,,,,,
0.00021073791140224785,19,3871,,,,,
0.012363133952021599,19,3872,,,,,
0.0010723976884037256,19,3873,,,,,
0.012431279756128788,19,3874,,,,,
0.0018035633256658912,19,3875,,,,,
0.03939981758594513,19,3876,,,,,
0.017527112737298012,19,3877,,,,,
0.0012420177226886153,19,3878,,,,,
0.006932457443326712,19,3879,,,,,
0.0018459208076819777,19,3880,,,,,
0.023885425180196762,19,3881,,,,,
0.0009972736006602645,19,3882,,,,,
0.0003644379321485758,19,3883,,,,,
0.013784251175820827,19,3884,,,,,
0.0029166373424232006,19,3885,,,,,
0.0019306743051856756,19,3886,,,,,
0.0006948680966161191,19,3887,,,,,
0.003038475289940834,19,3888,,,,,
0.00041377535671927035,19,3889,,,,,
0.003686771960929036,19,3890,,,,,
0.00013747595949098468,19,3891,,,,,
0.002224953379482031,19,3892,,,,,
0.0026769819669425488,19,3893,,,,,
0.005132562480866909,19,3894,,,,,
0.00044383539352566004,19,3895,,,,,
0.002227463759481907,19,3896,,,,,
0.0001995278289541602,19,3897,,,,,
0.006178694311529398,19,3898,,,,,
0.006422305945307016,19,3899,,,,,
0.010333716869354248,19,3900,,,,,
3.9375263440888375e-05,19,3901,,,,,
0.0006199799827300012,19,3902,,,,,
0.003760786261409521,19,3903,,,,,
0.08891303092241287,19,3904,,,,,
0.00021025503519922495,19,3905,,,,,
7.338315481320024e-05,19,3906,,,,,
0.00017028381989803165,19,3907,,,,,
0.00050612713675946,19,3908,,,,,
5.886573126190342e-05,19,3909,,,,,
0.00012081722525181249,19,3910,,,,,
0.001224492327310145,19,3911,,,,,
0.0005707342061214149,19,3912,,,,,
0.0021119595039635897,19,3913,,,,,
0.00868075992912054,19,3914,,,,,
0.0013018437894061208,19,3915,,,,,
1.6662103007547557e-05,19,3916,,,,,
0.13433022797107697,19,3917,,,,,
0.01312023401260376,19,3918,,,,,
0.001886232290416956,19,3919,,,,,
0.08158273249864578,19,3920,,,,,
0.0073422035202383995,19,3921,,,,,
0.0015167357632890344,19,3922,,,,,
9.968223457690328e-05,19,3923,,,,,
0.00013166390999685973,19,3924,,,,,
0.0011538966791704297,19,3925,,,,,
0.026372360065579414,19,3926,,,,,
0.025775667279958725,19,3927,,,,,
0.006094738841056824,19,3928,,,,,
0.00017547665629535913,19,3929,,,,,
0.0004957190831191838,19,3930,,,,,
0.0010385169880464673,19,3931,,,,,
0.0018409134354442358,19,3932,,,,,
0.0011933939531445503,19,3933,,,,,
0.02871590666472912,19,3934,,,,,
0.09074609726667404,19,3935,,,,,
0.035701267421245575,19,3936,,,,,
0.0012093696277588606,19,3937,,,,,
0.0003852560475934297,19,3938,,,,,
0.018811572343111038,19,3939,,,,,
0.00019987461564596742,19,3940,,,,,
0.00029934290796518326,19,3941,,,,,
0.001171490061096847,19,3942,,,,,
0.00030567633803002536,19,3943,,,,,
0.0008970387279987335,19,3944,,,,,
0.0003267274296376854,19,3945,,,,,
0.000248519703745842,19,3946,,,,,
0.012669491581618786,19,3947,,,,,
0.0012936904095113277,19,3948,,,,,
0.0001745541230775416,19,3949,,,,,
7.959081267472357e-05,19,3950,,,,,
0.003634391352534294,19,3951,,,,,
0.007772011216729879,19,3952,,,,,
0.0006031318916939199,19,3953,,,,,
0.00046276222565211356,19,3954,,,,,
0.000556109647732228,19,3955,,,,,
0.05815555155277252,19,3956,,,,,
0.0005330336280167103,19,3957,,,,,
0.0009338396484963596,19,3958,,,,,
0.00813255738466978,19,3959,,,,,
0.008888878859579563,19,3960,,,,,
0.022461626678705215,19,3961,,,,,
0.000100411765743047,19,3962,,,,,
0.007504727225750685,19,3963,,,,,
0.10948996245861053,19,3964,,,,,
0.0002589528448879719,19,3965,,,,,
0.003813940566033125,19,3966,,,,,
5.856529969605617e-05,19,3967,,,,,
0.0005688344244845212,19,3968,,,,,
0.00040839542634785175,19,3969,,,,,
0.0022931580897420645,19,3970,,,,,
0.10780753195285797,19,3971,,,,,
0.0009226264664903283,19,3972,,,,,
0.09069032967090607,19,3973,,,,,
0.002331740688532591,19,3974,,,,,
0.0005134694511070848,19,3975,,,,,
0.0018435271922498941,19,3976,,,,,
0.012231508269906044,19,3977,,,,,
0.0016907937824726105,19,3978,,,,,
0.002464650198817253,19,3979,,,,,
,,3781,0.09293465316295624,,,,
,,3782,0.07543378323316574,,,,
,,3783,0.07543378323316574,,,,
,,3784,0.00018639925110619515,,,,
,,3785,8.256144610641059e-06,,,,
,,3786,8.256144610641059e-06,,,,
,,3787,8.256144610641059e-06,,,,
,,3788,0.02249481901526451,,,,
,,3789,0.0005004535196349025,,,,
,,3790,0.0005004535196349025,,,,
,,3791,8.380644430872053e-06,,,,
,,3792,1.353713287244318e-05,,,,
,,3793,1.353713287244318e-05,,,,
,,3794,0.0008686476503498852,,,,
,,3795,5.029466774431057e-05,,,,
,,3796,5.029466774431057e-05,,,,
,,3797,3.15638726533507e-06,,,,
,,3798,0.0008407854475080967,,,,
,,3799,0.0008407854475080967,,,,
,,3800,0.0006536240689456463,,,,
,,3801,0.00011728372192010283,,,,
,,3802,2.6484879072086187e-06,,,,
,,3803,2.6484879072086187e-06,,,,
,,3804,3.1201223009702517e-06,,,,
,,3805,3.571056140572182e-06,,,,
,,3806,3.571056140572182e-06,,,,
,,3807,0.00031221681274473667,,,,
,,3808,3.648791107480065e-06,,,,
,,3809,3.648791107480065e-06,,,,
,,3810,4.016730144940084e-06,,,,
,,3811,0.0001032850268529728,,,,
,,3812,7.081541116349399e-05,,,,
,,3813,7.081541116349399e-05,,,,
,,3814,0.00040702286059968174,,,,
,,3815,3.1026276701595634e-05,,,,
,,3816,3.1026276701595634e-05,,,,
,,3817,3.902747721440392e-06,,,,
,,3818,3.902747721440392e-06,,,,
,,3819,3.902747721440392e-06,,,,
,,3820,0.0002962907892651856,,,,
,,3821,4.592096047417726e-06,,,,
,,3822,4.592096047417726e-06,,,,
,,3823,2.342704874536139e-06,,,,
,,3824,2.7158791908732383e-06,,,,
,,3825,2.7158791908732383e-06,,,,
,,3826,0.0004204089054837823,,,,
,,3827,3.4786648029694334e-05,,,,
,,3828,0.00033505618921481073,,,,
,,3829,3.4786648029694334e-05,,,,
,,3830,3.457028242337401e-06,,,,
,,3831,2.112559013767168e-05,,,,
,,3832,2.112559013767168e-05,,,,
,,3833,0.0018830972258001566,,,,
,,3834,0.002335558645427227,,,,
,,3835,0.002335558645427227,,,,
,,3836,2.544841890994576e-06,,,,
,,3837,3.2859954899322474e-06,,,,
,,3838,3.2859954899322474e-06,,,,
,,3839,0.18127691745758057,,,,
,,3840,0.1763550341129303,,,,
,,3841,0.1763550341129303,,,,
,,3842,4.441797955223592e-06,,,,
,,3843,0.0008408253197558224,,,,
,,3844,0.0008408253197558224,,,,
,,3845,0.15461944043636322,,,,
,,3846,0.09978814423084259,,,,
,,3847,0.0007871235138736665,,,,
,,3848,0.0007871235138736665,,,,
,,3849,2.316786094525014e-06,,,,
,,3850,2.316786094525014e-06,,,,
,,3851,2.316786094525014e-06,,,,
,,3852,0.09649012982845306,,,,
,,3853,0.11970340460538864,,,,
,,3854,4.135992639930919e-06,,,,
,,3855,4.135992639930919e-06,,,,
,,3856,2.7677097023115493e-06,,,,
,,3857,4.747575530927861e-06,,,,
,,3858,4.747575530927861e-06,,,,
,,3859,0.0680270791053772,,,,
,,3860,0.0001717402774374932,,,,
,,3861,0.0001717402774374932,,,,
,,3862,2.171664164052345e-06,,,,
,,3863,0.0008921988774091005,,,,
,,3864,0.0008921988774091005,,,,
,,3865,0.08286259323358536,,,,
,,3866,2.2390497633750783e-06,,,,
,,3867,2.2390497633750783e-06,,,,
,,3868,3.7213565065030707e-06,,,,
,,3869,4.493613687372999e-06,,,,
,,3870,3.7731838347099256e-06,,,,
,,3871,4.493613687372999e-06,,,,
,,3872,0.020201584324240685,,,,
,,3873,3.2341690712200943e-06,,,,
,,3874,3.2341690712200943e-06,,,,
,,3875,1.9591716409195215e-06,,,,
,,3876,8.346697723027319e-05,,,,
,,3877,8.346697723027319e-05,,,,
,,3878,0.020827094092965126,,,,
,,3879,0.00015648212865926325,,,,
,,3880,0.00015648212865926325,,,,
,,3881,2.6277712095179595e-06,,,,
,,3882,2.6277712095179595e-06,,,,
,,3883,2.6277712095179595e-06,,,,
,,3884,0.01906437613070011,,,,
,,3885,2.8307977117947303e-05,,,,
,,3886,2.8307977117947303e-05,,,,
,,3887,1.7674017271929188e-06,,,,
,,3888,5.7271186051366385e-06,,,,
,,3889,2.021367890847614e-06,,,,
,,3890,2.021367890847614e-06,,,,
,,3891,0.0901472195982933,,,,
,,3892,0.0038324634078890085,,,,
,,3893,0.0038324634078890085,,,,
,,3894,1.1608955901465379e-05,,,,
,,3895,0.09841617196798325,,,,
,,3896,6.940744060557336e-05,,,,
,,3897,6.940744060557336e-05,,,,
,,3898,0.0008452798356302083,,,,
,,3899,1.1966209058300592e-05,,,,
,,3900,1.1966209058300592e-05,,,,
,,3901,1.7401478544343263e-05,,,,
,,3902,1.4059704881219659e-05,,,,
,,3903,1.4059704881219659e-05,,,,
,,3904,0.0005213477415964007,,,,
,,3905,1.0137247954844497e-05,,,,
,,3906,1.0137247954844497e-05,,,,
,,3907,7.5408524935483e-06,,,,
,,3908,3.273054608143866e-05,,,,
,,3909,3.273054608143866e-05,,,,
,,3910,0.00024988106451928616,,,,
,,3911,2.6063780751428567e-05,,,,
,,3912,2.6063780751428567e-05,,,,
,,3913,0.006871103774756193,,,,
,,3914,9.411545761395246e-06,,,,
,,3915,9.411545761395246e-06,,,,
,,3916,9.411545761395246e-06,,,,
,,3917,0.00027244811644777656,,,,
,,3918,7.706801625317894e-06,,,,
,,3919,7.706801625317894e-06,,,,
,,3920,8.43748239276465e-06,,,,
,,3921,9.577757737133652e-06,,,,
,,3922,9.577757737133652e-06,,,,
,,3923,0.00023018766660243273,,,,
,,3924,3.873815148836002e-05,,,,
,,3925,3.873815148836002e-05,,,,
,,3926,5.669980509992456e-06,,,,
,,3927,2.3645814508199692e-05,,,,
,,3928,2.3645814508199692e-05,,,,
,,3929,0.0003206083201803267,,,,
,,3930,0.00011530970368767157,,,,
,,3931,6.1467917475965805e-06,,,,
,,3932,6.1467917475965805e-06,,,,
,,3933,5.9187809711147565e-06,,,,
,,3934,6.69625023874687e-06,,,,
,,3935,6.69625023874687e-06,,,,
,,3936,0.001184041379019618,,,,
,,3937,0.0006363546708598733,,,,
,,3938,0.00020102152484469116,,,,
,,3939,0.0006363546708598733,,,,
,,3940,6.348888746288139e-06,,,,
,,3941,4.945267573930323e-05,,,,
,,3942,4.945267573930323e-05,,,,
,,3943,0.17264029383659363,,,,
,,3944,0.15758168697357178,,,,
,,3945,0.15758168697357178,,,,
,,3946,1.0448266039020382e-05,,,,
,,3947,1.0448266039020382e-05,,,,
,,3948,1.0448266039020382e-05,,,,
,,3949,0.0014797659823670983,,,,
,,3950,7.416520929837134e-06,,,,
,,3951,7.416520929837134e-06,,,,
,,3952,7.007049589446979e-06,,,,
,,3953,7.188521067291731e-06,,,,
,,3954,7.188521067291731e-06,,,,
,,3955,0.000935486052185297,,,,
,,3956,0.051277678459882736,,,,
,,3957,3.675871266750619e-05,,,,
,,3958,3.675871266750619e-05,,,,
,,3959,5.701117515855003e-06,,,,
,,3960,3.644732714747079e-05,,,,
,,3961,3.644732714747079e-05,,,,
,,3962,0.00037033329135738313,,,,
,,3963,5.416027761384612e-06,,,,
,,3964,5.416027761384612e-06,,,,
,,3965,9.390817467647139e-06,,,,
,,3966,1.0354830010328442e-05,,,,
,,3967,1.0354830010328442e-05,,,,
,,3968,0.0004292764642741531,,,,
,,3969,8.655178135086317e-06,,,,
,,3970,8.655178135086317e-06,,,,
,,3971,8.458207958028652e-06,,,,
,,3972,0.02107733115553856,,,,
,,3973,5.2018418500665575e-05,,,,
,,3974,5.2018418500665575e-05,,,,
,,3975,0.00029820011695846915,,,,
,,3976,2.3918844817671925e-05,,,,
,,3977,2.3918844817671925e-05,,,,
,,3978,5.825474090670468e-06,,,,
,,3979,5.825474090670468e-06,,,,
,19,3979,,0.011429611593484879,,,
,19,3979,,,0.014650785364210606,0.9849246144294739,0.9849246144294739
0.017874132841825485,20,3980,,,,,
0.0024980022571980953,20,3981,,,,,
0.18179960548877716,20,3982,,,,,
0.0009735093335621059,20,3983,,,,,
0.0004727996711153537,20,3984,,,,,
3.6185439967084676e-05,20,3985,,,,,
0.0015578154707327485,20,3986,,,,,
9.90054031717591e-05,20,3987,,,,,
0.010954889468848705,20,3988,,,,,
0.4884888231754303,20,3989,,,,,
0.014338136650621891,20,3990,,,,,
5.7935329095926136e-05,20,3991,,,,,
0.00014216601266525686,20,3992,,,,,
0.028294529765844345,20,3993,,,,,
0.00040623886161483824,20,3994,,,,,
0.004077804274857044,20,3995,,,,,
0.0016242448473349214,20,3996,,,,,
0.17568454146385193,20,3997,,,,,
0.06052630394697189,20,3998,,,,,
0.09552030265331268,20,3999,,,,,
0.025585100054740906,20,4000,,,,,
0.002647197572514415,20,4001,,,,,
0.06282485276460648,20,4002,,,,,
0.004816248081624508,20,4003,,,,,
0.08480092883110046,20,4004,,,,,
6.452052184613422e-05,20,4005,,,,,
0.006255372893065214,20,4006,,,,,
0.006120151840150356,20,4007,,,,,
0.028976894915103912,20,4008,,,,,
0.0029948097653687,20,4009,,,,,
0.0076804449781775475,20,4010,,,,,
0.0025991974398493767,20,4011,,,,,
0.0012486971681937575,20,4012,,,,,
0.005800048820674419,20,4013,,,,,
0.0064042191952466965,20,4014,,,,,
0.0029830439016222954,20,4015,,,,,
0.0016759956488385797,20,4016,,,,,
0.001043898519128561,20,4017,,,,,
0.005569505970925093,20,4018,,,,,
0.006098160054534674,20,4019,,,,,
0.006122289691120386,20,4020,,,,,
0.0018880808493122458,20,4021,,,,,
0.016174430027604103,20,4022,,,,,
0.005969097837805748,20,4023,,,,,
0.0003714555350597948,20,4024,,,,,
0.056212250143289566,20,4025,,,,,
0.0014624280156567693,20,4026,,,,,
6.902046879986301e-05,20,4027,,,,,
0.04165055230259895,20,4028,,,,,
0.036225590854883194,20,4029,,,,,
0.0767897441983223,20,4030,,,,,
0.08173401653766632,20,4031,,,,,
0.006589194759726524,20,4032,,,,,
0.07631208747625351,20,4033,,,,,
0.007258703000843525,20,4034,,,,,
0.02962346561253071,20,4035,,,,,
0.006070208270102739,20,4036,,,,,
0.019900638610124588,20,4037,,,,,
0.45907309651374817,20,4038,,,,,
0.1013188585639,20,4039,,,,,
0.06515223532915115,20,4040,,,,,
0.003609385574236512,20,4041,,,,,
0.001286336686462164,20,4042,,,,,
0.008844688534736633,20,4043,,,,,
0.13506214320659637,20,4044,,,,,
0.10518984496593475,20,4045,,,,,
0.23301789164543152,20,4046,,,,,
0.04481792822480202,20,4047,,,,,
0.03280727565288544,20,4048,,,,,
0.01670081354677677,20,4049,,,,,
0.01688530668616295,20,4050,,,,,
0.004867865238338709,20,4051,,,,,
0.05506210774183273,20,4052,,,,,
0.00682931300252676,20,4053,,,,,
0.007691739592701197,20,4054,,,,,
0.02384932152926922,20,4055,,,,,
0.09439180791378021,20,4056,,,,,
0.014094429090619087,20,4057,,,,,
0.05757775157690048,20,4058,,,,,
0.0048271589912474155,20,4059,,,,,
0.031704824417829514,20,4060,,,,,
0.014689498580992222,20,4061,,,,,
0.011037297546863556,20,4062,,,,,
0.007339982781559229,20,4063,,,,,
0.0018636818276718259,20,4064,,,,,
0.02361821010708809,20,4065,,,,,
0.00038409195258282125,20,4066,,,,,
0.017267685383558273,20,4067,,,,,
0.002220004331320524,20,4068,,,,,
0.030735032632946968,20,4069,,,,,
0.04565708711743355,20,4070,,,,,
0.018183406442403793,20,4071,,,,,
0.0010087421396747231,20,4072,,,,,
0.0030771202873438597,20,4073,,,,,
0.0023359607439488173,20,4074,,,,,
0.016094239428639412,20,4075,,,,,
0.014376683160662651,20,4076,,,,,
0.005582021549344063,20,4077,,,,,
0.03153673931956291,20,4078,,,,,
0.0034806248731911182,20,4079,,,,,
0.001651182770729065,20,4080,,,,,
0.003116919659078121,20,4081,,,,,
0.00667636888101697,20,4082,,,,,
0.02107575349509716,20,4083,,,,,
0.0038331947289407253,20,4084,,,,,
0.002088436158373952,20,4085,,,,,
0.0006025155889801681,20,4086,,,,,
0.009796458296477795,20,4087,,,,,
0.004959257785230875,20,4088,,,,,
0.15043067932128906,20,4089,,,,,
0.1612529456615448,20,4090,,,,,
0.00383458542637527,20,4091,,,,,
0.07695843279361725,20,4092,,,,,
0.000957622891291976,20,4093,,,,,
0.00024943664902821183,20,4094,,,,,
0.43690136075019836,20,4095,,,,,
0.002412469359114766,20,4096,,,,,
0.016020646318793297,20,4097,,,,,
0.02072465978562832,20,4098,,,,,
0.025066114962100983,20,4099,,,,,
0.0041114566847682,20,4100,,,,,
0.027682151645421982,20,4101,,,,,
0.010878740809857845,20,4102,,,,,
0.12288030236959457,20,4103,,,,,
0.005692499689757824,20,4104,,,,,
0.010223273187875748,20,4105,,,,,
0.08525869995355606,20,4106,,,,,
0.0003135021252091974,20,4107,,,,,
0.006246507167816162,20,4108,,,,,
0.008652598597109318,20,4109,,,,,
0.18000686168670654,20,4110,,,,,
0.04781827703118324,20,4111,,,,,
0.055380918085575104,20,4112,,,,,
0.0017227854114025831,20,4113,,,,,
0.003721487009897828,20,4114,,,,,
0.03142032027244568,20,4115,,,,,
0.048046812415122986,20,4116,,,,,
0.005584187339991331,20,4117,,,,,
0.04570804908871651,20,4118,,,,,
0.08831313252449036,20,4119,,,,,
0.001631741295568645,20,4120,,,,,
0.009644132107496262,20,4121,,,,,
0.0053837415762245655,20,4122,,,,,
0.03863435238599777,20,4123,,,,,
0.049083221703767776,20,4124,,,,,
0.0009983989875763655,20,4125,,,,,
0.0011674364795908332,20,4126,,,,,
0.24557256698608398,20,4127,,,,,
0.07922282814979553,20,4128,,,,,
0.12919940054416656,20,4129,,,,,
0.00699654733762145,20,4130,,,,,
0.010992316529154778,20,4131,,,,,
0.00023951065668370575,20,4132,,,,,
0.4396175146102905,20,4133,,,,,
0.0035473089665174484,20,4134,,,,,
0.00861512403935194,20,4135,,,,,
0.0022922835778445005,20,4136,,,,,
0.01779290847480297,20,4137,,,,,
0.00180432153865695,20,4138,,,,,
0.002094124909490347,20,4139,,,,,
0.009419769048690796,20,4140,,,,,
0.005701414309442043,20,4141,,,,,
0.00022021800396032631,20,4142,,,,,
0.07208696007728577,20,4143,,,,,
0.3945392966270447,20,4144,,,,,
0.009374169632792473,20,4145,,,,,
0.0012581608025357127,20,4146,,,,,
0.009184176102280617,20,4147,,,,,
0.003730829106643796,20,4148,,,,,
0.004988036118447781,20,4149,,,,,
0.021904317662119865,20,4150,,,,,
0.01281315740197897,20,4151,,,,,
0.02006535790860653,20,4152,,,,,
0.01600351370871067,20,4153,,,,,
0.01450741570442915,20,4154,,,,,
0.012338678352534771,20,4155,,,,,
0.01673940196633339,20,4156,,,,,
0.022255437448620796,20,4157,,,,,
0.018372947350144386,20,4158,,,,,
0.013049406930804253,20,4159,,,,,
0.0005877582589164376,20,4160,,,,,
0.004204434808343649,20,4161,,,,,
0.1659117192029953,20,4162,,,,,
0.4271582067012787,20,4163,,,,,
0.035826943814754486,20,4164,,,,,
0.0011490358738228679,20,4165,,,,,
0.02907622419297695,20,4166,,,,,
0.00025743478909134865,20,4167,,,,,
0.007716514635831118,20,4168,,,,,
0.009659961797297001,20,4169,,,,,
0.000983298639766872,20,4170,,,,,
0.0015944034093990922,20,4171,,,,,
0.0013265617890283465,20,4172,,,,,
0.006316227838397026,20,4173,,,,,
0.006511803716421127,20,4174,,,,,
0.00047968555008992553,20,4175,,,,,
0.011619075201451778,20,4176,,,,,
0.0005490073817782104,20,4177,,,,,
0.03941654786467552,20,4178,,,,,
,,3980,0.0015418834518641233,,,,
,,3981,0.0003001103177666664,,,,
,,3982,0.0003001103177666664,,,,
,,3983,0.0014792009023949504,,,,
,,3984,7.729510980425403e-05,,,,
,,3985,7.729510980425403e-05,,,,
,,3986,7.729510980425403e-05,,,,
,,3987,0.031348466873168945,,,,
,,3988,0.031513821333646774,,,,
,,3989,0.031513821333646774,,,,
,,3990,8.158866694429889e-05,,,,
,,3991,0.00014518064563162625,,,,
,,3992,0.00014518064563162625,,,,
,,3993,0.0016322192968800664,,,,
,,3994,0.0001839025062508881,,,,
,,3995,0.0001839025062508881,,,,
,,3996,4.0725586586631835e-05,,,,
,,3997,0.00041646865429356694,,,,
,,3998,0.00041646865429356694,,,,
,,3999,0.00129854551050812,,,,
,,4000,0.0009289109148085117,,,,
,,4001,2.9230779546196572e-05,,,,
,,4002,2.9230779546196572e-05,,,,
,,4003,5.6751316151348874e-05,,,,
,,4004,7.418941822834313e-05,,,,
,,4005,7.418941822834313e-05,,,,
,,4006,0.001045353477820754,,,,
,,4007,4.897474718745798e-05,,,,
,,4008,4.897474718745798e-05,,,,
,,4009,3.5034376196563244e-05,,,,
,,4010,0.0008727062959223986,,,,
,,4011,0.00012904529285151511,,,,
,,4012,0.00012904529285151511,,,,
,,4013,0.001085254829376936,,,,
,,4014,0.00019943693769164383,,,,
,,4015,0.00019943693769164383,,,,
,,4016,4.9807800678536296e-05,,,,
,,4017,4.9807800678536296e-05,,,,
,,4018,4.9807800678536296e-05,,,,
,,4019,0.0008816936169750988,,,,
,,4020,6.446227052947506e-05,,,,
,,4021,6.446227052947506e-05,,,,
,,4022,5.853270340594463e-05,,,,
,,4023,8.652110409457237e-05,,,,
,,4024,8.652110409457237e-05,,,,
,,4025,0.0012874124804511666,,,,
,,4026,0.00015746043936815113,,,,
,,4027,0.001353060593828559,,,,
,,4028,0.00015746043936815113,,,,
,,4029,3.904494587914087e-05,,,,
,,4030,0.00028509943513199687,,,,
,,4031,0.00028509943513199687,,,,
,,4032,0.001362467766739428,,,,
,,4033,5.2723375119967386e-05,,,,
,,4034,5.2723375119967386e-05,,,,
,,4035,5.7439774536760524e-05,,,,
,,4036,7.709494093433022e-05,,,,
,,4037,7.709494093433022e-05,,,,
,,4038,0.19052530825138092,,,,
,,4039,0.19598983228206635,,,,
,,4040,0.19598983228206635,,,,
,,4041,0.00026011731824837625,,,,
,,4042,0.00047207841998897493,,,,
,,4043,0.00047207841998897493,,,,
,,4044,0.03375522419810295,,,,
,,4045,0.0029647517949342728,,,,
,,4046,0.00023454718757420778,,,,
,,4047,0.00023454718757420778,,,,
,,4048,0.00015270263247657567,,,,
,,4049,0.00015270263247657567,,,,
,,4050,0.00015270263247657567,,,,
,,4051,0.0027673672884702682,,,,
,,4052,0.012024672701954842,,,,
,,4053,6.941142055438831e-05,,,,
,,4054,6.941142055438831e-05,,,,
,,4055,0.00016964635869953781,,,,
,,4056,0.00015096568677108735,,,,
,,4057,0.00015096568677108735,,,,
,,4058,0.0017007185379043221,,,,
,,4059,0.00013293333176989108,,,,
,,4060,0.00013293333176989108,,,,
,,4061,5.7906308938981965e-05,,,,
,,4062,0.0002667761000338942,,,,
,,4063,0.0002667761000338942,,,,
,,4064,0.001955107320100069,,,,
,,4065,5.3425617807079107e-05,,,,
,,4066,5.3425617807079107e-05,,,,
,,4067,0.00011008785804733634,,,,
,,4068,0.0001472823350923136,,,,
,,4069,0.00011210515367565677,,,,
,,4070,0.0001472823350923136,,,,
,,4071,0.0011115928646177053,,,,
,,4072,7.18836163287051e-05,,,,
,,4073,7.18836163287051e-05,,,,
,,4074,0.00011810009164037183,,,,
,,4075,0.00022761545551475137,,,,
,,4076,0.00022761545551475137,,,,
,,4077,0.0015777539229020476,,,,
,,4078,0.0003943544870708138,,,,
,,4079,0.0003943544870708138,,,,
,,4080,4.908906703349203e-05,,,,
,,4081,4.908906703349203e-05,,,,
,,4082,4.908906703349203e-05,,,,
,,4083,0.0016155624762177467,,,,
,,4084,9.106384095503017e-05,,,,
,,4085,9.106384095503017e-05,,,,
,,4086,0.00014562562864739448,,,,
,,4087,0.00012685706315096468,,,,
,,4088,0.00015671250002924353,,,,
,,4089,0.00015671250002924353,,,,
,,4090,0.09142633527517319,,,,
,,4091,0.07953502237796783,,,,
,,4092,0.07953502237796783,,,,
,,4093,0.00014816445764154196,,,,
,,4094,0.0567622184753418,,,,
,,4095,0.0005426132120192051,,,,
,,4096,0.0005426132120192051,,,,
,,4097,0.00152905797585845,,,,
,,4098,5.467634036904201e-05,,,,
,,4099,5.467634036904201e-05,,,,
,,4100,0.00010101269435836002,,,,
,,4101,0.0001280933356611058,,,,
,,4102,0.0001280933356611058,,,,
,,4103,0.0012720474041998386,,,,
,,4104,7.993570034159347e-05,,,,
,,4105,7.993570034159347e-05,,,,
,,4106,0.0001258023694390431,,,,
,,4107,0.00022840427118353546,,,,
,,4108,0.00022840427118353546,,,,
,,4109,0.0009984991047531366,,,,
,,4110,0.00025400318554602563,,,,
,,4111,0.00025400318554602563,,,,
,,4112,0.01922651007771492,,,,
,,4113,7.61717019486241e-05,,,,
,,4114,7.61717019486241e-05,,,,
,,4115,7.61717019486241e-05,,,,
,,4116,0.0010099748615175486,,,,
,,4117,9.129792306339368e-05,,,,
,,4118,9.129792306339368e-05,,,,
,,4119,0.0001146727881859988,,,,
,,4120,0.00012073670950485393,,,,
,,4121,0.00012073670950485393,,,,
,,4122,0.0007827602094039321,,,,
,,4123,0.00017295090947300196,,,,
,,4124,0.00017295090947300196,,,,
,,4125,8.921253174776211e-05,,,,
,,4126,0.0002932088391389698,,,,
,,4127,0.0002932088391389698,,,,
,,4128,0.001111965044401586,,,,
,,4129,0.05620461329817772,,,,
,,4130,0.0001088289573090151,,,,
,,4131,0.0001088289573090151,,,,
,,4132,6.438582204282284e-05,,,,
,,4133,7.990623998921365e-05,,,,
,,4134,7.990623998921365e-05,,,,
,,4135,0.00118286965880543,,,,
,,4136,8.563089068047702e-05,,,,
,,4137,0.0012866843026131392,,,,
,,4138,8.563089068047702e-05,,,,
,,4139,9.742304246174172e-05,,,,
,,4140,0.0001828129170462489,,,,
,,4141,0.0001828129170462489,,,,
,,4142,0.14913177490234375,,,,
,,4143,0.14082938432693481,,,,
,,4144,0.14082938432693481,,,,
,,4145,0.0002834226470440626,,,,
,,4146,0.0002834226470440626,,,,
,,4147,0.0002834226470440626,,,,
,,4148,0.001521278521977365,,,,
,,4149,8.209366205846891e-05,,,,
,,4150,8.209366205846891e-05,,,,
,,4151,0.0001412738929502666,,,,
,,4152,0.0001329733495367691,,,,
,,4153,0.0001329733495367691,,,,
,,4154,0.0012957542203366756,,,,
,,4155,0.03435095027089119,,,,
,,4156,0.00021564126654993743,,,,
,,4157,0.00021564126654993743,,,,
,,4158,0.00014524404832627624,,,,
,,4159,0.00033111576340161264,,,,
,,4160,0.00033111576340161264,,,,
,,4161,0.0009442283189855516,,,,
,,4162,0.00011748624820029363,,,,
,,4163,0.00011748624820029363,,,,
,,4164,9.876774129224941e-05,,,,
,,4165,0.00012749280722346157,,,,
,,4166,0.00012749280722346157,,,,
,,4167,0.0009525215136818588,,,,
,,4168,0.0001050152859534137,,,,
,,4169,0.0001050152859534137,,,,
,,4170,0.00013171347382012755,,,,
,,4171,0.002867770614102483,,,,
,,4172,0.00020638928981497884,,,,
,,4173,0.00020638928981497884,,,,
,,4174,0.0007878518081270158,,,,
,,4175,0.00023681741731707007,,,,
,,4176,0.00023681741731707007,,,,
,,4177,0.00012729452282655984,,,,
,,4178,0.00012729452282655984,,,,
,20,4178,,0.008235876448452473,,,
,20,4178,,,0.039290901273489,0.9346733689308167,0.9346733689308167
0.004658696707338095,21,4179,,,,,
0.009515139274299145,21,4180,,,,,
0.0024263360537588596,21,4181,,,,,
0.0037489633541554213,21,4182,,,,,
0.008378678001463413,21,4183,,,,,
0.0122160529717803,21,4184,,,,,
0.01964295469224453,21,4185,,,,,
0.001637622364796698,21,4186,,,,,
0.0014315905282273889,21,4187,,,,,
0.08137796074151993,21,4188,,,,,
0.00022475850710179657,21,4189,,,,,
0.0038424625527113676,21,4190,,,,,
0.0010374272242188454,21,4191,,,,,
0.004168038256466389,21,4192,,,,,
0.0009209383279085159,21,4193,,,,,
0.004840891808271408,21,4194,,,,,
0.00539110554382205,21,4195,,,,,
0.00328373652882874,21,4196,,,,,
0.0012113037519156933,21,4197,,,,,
0.0003480468294583261,21,4198,,,,,
0.14579415321350098,21,4199,,,,,
0.00018277553317602724,21,4200,,,,,
0.0010125358821824193,21,4201,,,,,
0.008561668917536736,21,4202,,,,,
0.18769538402557373,21,4203,,,,,
0.24038194119930267,21,4204,,,,,
0.0009622736251913011,21,4205,,,,,
0.0015300385421141982,21,4206,,,,,
0.0004591332108248025,21,4207,,,,,
0.01253813412040472,21,4208,,,,,
0.22181923687458038,21,4209,,,,,
0.0006641392246820033,21,4210,,,,,
0.04203438013792038,21,4211,,,,,
0.001915876055136323,21,4212,,,,,
0.0018621464259922504,21,4213,,,,,
0.0032455669716000557,21,4214,,,,,
0.0037392345257103443,21,4215,,,,,
0.002426130697131157,21,4216,,,,,
0.0018010175554081798,21,4217,,,,,
0.0038129116874188185,21,4218,,,,,
0.014560509473085403,21,4219,,,,,
9.44246057770215e-05,21,4220,,,,,
0.00543487211689353,21,4221,,,,,
0.012315070256590843,21,4222,,,,,
0.0028768267948180437,21,4223,,,,,
0.005432189907878637,21,4224,,,,,
0.009278691373765469,21,4225,,,,,
0.00947742909193039,21,4226,,,,,
0.00036300401552580297,21,4227,,,,,
0.0033450531773269176,21,4228,,,,,
0.04555552825331688,21,4229,,,,,
0.004879525862634182,21,4230,,,,,
0.004178006201982498,21,4231,,,,,
0.006025048904120922,21,4232,,,,,
0.03917677327990532,21,4233,,,,,
0.005814770702272654,21,4234,,,,,
0.0004941066727042198,21,4235,,,,,
0.525077760219574,21,4236,,,,,
0.0007977330824360251,21,4237,,,,,
0.0005989508936181664,21,4238,,,,,
0.0014605103060603142,21,4239,,,,,
0.022979870438575745,21,4240,,,,,
0.00100057409144938,21,4241,,,,,
0.053049392998218536,21,4242,,,,,
0.006970037240535021,21,4243,,,,,
0.04038942605257034,21,4244,,,,,
0.03016340173780918,21,4245,,,,,
0.0007153854239732027,21,4246,,,,,
0.002214779146015644,21,4247,,,,,
0.2548891603946686,21,4248,,,,,
0.007838193327188492,21,4249,,,,,
0.0045381151139736176,21,4250,,,,,
0.0005349317216314375,21,4251,,,,,
0.005183091387152672,21,4252,,,,,
0.004390079993754625,21,4253,,,,,
0.019533460959792137,21,4254,,,,,
0.014793886803090572,21,4255,,,,,
0.005380274262279272,21,4256,,,,,
0.015652913600206375,21,4257,,,,,
0.0011086742160841823,21,4258,,,,,
0.0006500472081825137,21,4259,,,,,
0.0032921729143708944,21,4260,,,,,
0.003604020457714796,21,4261,,,,,
0.0004737383860629052,21,4262,,,,,
0.0014535643858835101,21,4263,,,,,
0.007432722486555576,21,4264,,,,,
0.012853555381298065,21,4265,,,,,
0.011297074146568775,21,4266,,,,,
0.0037922707851976156,21,4267,,,,,
0.019585436210036278,21,4268,,,,,
0.00458965077996254,21,4269,,,,,
0.1301429271697998,21,4270,,,,,
0.0009565453510731459,21,4271,,,,,
0.09869557619094849,21,4272,,,,,
0.0010786502389237285,21,4273,,,,,
0.018980158492922783,21,4274,,,,,
0.002015527570620179,21,4275,,,,,
0.07353468984365463,21,4276,,,,,
0.000263592490227893,21,4277,,,,,
0.36628013849258423,21,4278,,,,,
0.002245090901851654,21,4279,,,,,
0.000919333950150758,21,4280,,,,,
0.007242273073643446,21,4281,,,,,
0.0016730999341234565,21,4282,,,,,
0.007433454040437937,21,4283,,,,,
0.0003578527248464525,21,4284,,,,,
0.000839865009766072,21,4285,,,,,
0.00048067266470752656,21,4286,,,,,
0.004374658223241568,21,4287,,,,,
0.005638851318508387,21,4288,,,,,
0.02595505677163601,21,4289,,,,,
0.003849996253848076,21,4290,,,,,
0.007192468270659447,21,4291,,,,,
0.021331727504730225,21,4292,,,,,
0.0023043069522827864,21,4293,,,,,
0.0015664314851164818,21,4294,,,,,
0.03663034364581108,21,4295,,,,,
0.0026103456038981676,21,4296,,,,,
0.005661130417138338,21,4297,,,,,
0.0028357631526887417,21,4298,,,,,
0.005030043423175812,21,4299,,,,,
0.005596456583589315,21,4300,,,,,
0.007632495369762182,21,4301,,,,,
0.05511040240526199,21,4302,,,,,
0.034867919981479645,21,4303,,,,,
0.014208323322236538,21,4304,,,,,
0.035402070730924606,21,4305,,,,,
0.03970818966627121,21,4306,,,,,
0.003203968284651637,21,4307,,,,,
0.06103213503956795,21,4308,,,,,
0.014895113185048103,21,4309,,,,,
0.14023271203041077,21,4310,,,,,
0.012422719039022923,21,4311,,,,,
0.0004702853038907051,21,4312,,,,,
0.0022244607098400593,21,4313,,,,,
0.00017227469652425498,21,4314,,,,,
0.0003177050093654543,21,4315,,,,,
0.00025914370780810714,21,4316,,,,,
0.0022914556320756674,21,4317,,,,,
0.006269327364861965,21,4318,,,,,
0.018334941938519478,21,4319,,,,,
0.01542612724006176,21,4320,,,,,
0.0008205481572076678,21,4321,,,,,
0.005733884871006012,21,4322,,,,,
0.03241261839866638,21,4323,,,,,
0.04116702824831009,21,4324,,,,,
0.0008387817651964724,21,4325,,,,,
0.0034029807429760695,21,4326,,,,,
0.004917205311357975,21,4327,,,,,
7.754549733363092e-05,21,4328,,,,,
0.020507896319031715,21,4329,,,,,
0.0011446254793554544,21,4330,,,,,
0.0008625107584521174,21,4331,,,,,
0.00034248598967678845,21,4332,,,,,
0.0003595345187932253,21,4333,,,,,
0.000403992977226153,21,4334,,,,,
0.003841120982542634,21,4335,,,,,
0.002723926678299904,21,4336,,,,,
0.0010786905186250806,21,4337,,,,,
0.0003297461662441492,21,4338,,,,,
0.001195315271615982,21,4339,,,,,
0.010586710646748543,21,4340,,,,,
5.265858271741308e-05,21,4341,,,,,
0.0015467328485101461,21,4342,,,,,
0.001172417658381164,21,4343,,,,,
0.00020690402016043663,21,4344,,,,,
0.00016537446936126798,21,4345,,,,,
0.0034417666029185057,21,4346,,,,,
0.00019201412214897573,21,4347,,,,,
0.0034625523258000612,21,4348,,,,,
0.00021310316515155137,21,4349,,,,,
0.002371275331825018,21,4350,,,,,
8.294289000332355e-05,21,4351,,,,,
0.00035336537985131145,21,4352,,,,,
0.0014941751724109054,21,4353,,,,,
0.00028610817389562726,21,4354,,,,,
6.061179010430351e-05,21,4355,,,,,
0.033931419253349304,21,4356,,,,,
0.0004739806172437966,21,4357,,,,,
0.036098629236221313,21,4358,,,,,
0.0002223280753241852,21,4359,,,,,
0.0001599335519131273,21,4360,,,,,
5.611287633655593e-05,21,4361,,,,,
9.578329627402127e-05,21,4362,,,,,
0.0019271840574219823,21,4363,,,,,
0.022394327446818352,21,4364,,,,,
0.0011550019262358546,21,4365,,,,,
0.3637895882129669,21,4366,,,,,
0.028577076271176338,21,4367,,,,,
8.509807230439037e-05,21,4368,,,,,
0.009850793518126011,21,4369,,,,,
0.3987117111682892,21,4370,,,,,
0.005899766925722361,21,4371,,,,,
0.00026164986775256693,21,4372,,,,,
0.00022693666687700897,21,4373,,,,,
0.0006952873663976789,21,4374,,,,,
0.00023198439157567918,21,4375,,,,,
0.00012401727144606411,21,4376,,,,,
0.00035715693957172334,21,4377,,,,,
,,4179,0.00027221173513680696,,,,
,,4180,3.138191095786169e-05,,,,
,,4181,3.138191095786169e-05,,,,
,,4182,0.0005342134973034263,,,,
,,4183,4.965242624166422e-06,,,,
,,4184,4.965242624166422e-06,,,,
,,4185,4.965242624166422e-06,,,,
,,4186,0.0031636899802833796,,,,
,,4187,0.07173214852809906,,,,
,,4188,0.07173214852809906,,,,
,,4189,1.0298253982909955e-05,,,,
,,4190,1.6030127881094813e-05,,,,
,,4191,1.6030127881094813e-05,,,,
,,4192,0.00028860423481091857,,,,
,,4193,1.6074969607871026e-05,,,,
,,4194,1.6074969607871026e-05,,,,
,,4195,4.804504442290636e-06,,,,
,,4196,0.0001000223564915359,,,,
,,4197,0.0001000223564915359,,,,
,,4198,0.0002246192016173154,,,,
,,4199,0.0004009709518868476,,,,
,,4200,3.996035502495943e-06,,,,
,,4201,3.996035502495943e-06,,,,
,,4202,5.8722230278362986e-06,,,,
,,4203,5.654576852975879e-06,,,,
,,4204,5.654576852975879e-06,,,,
,,4205,0.00014657096471637487,,,,
,,4206,3.882005785271758e-06,,,,
,,4207,3.882005785271758e-06,,,,
,,4208,7.235270004457561e-06,,,,
,,4209,0.0004244525625836104,,,,
,,4210,1.379359673592262e-05,,,,
,,4211,1.379359673592262e-05,,,,
,,4212,0.0001166845831903629,,,,
,,4213,1.392345529893646e-05,,,,
,,4214,1.392345529893646e-05,,,,
,,4215,5.975886324449675e-06,,,,
,,4216,5.975886324449675e-06,,,,
,,4217,5.975886324449675e-06,,,,
,,4218,8.790779975242913e-05,,,,
,,4219,6.24538324700552e-06,,,,
,,4220,6.24538324700552e-06,,,,
,,4221,5.234724085312337e-06,,,,
,,4222,5.296908057061955e-06,,,,
,,4223,5.296908057061955e-06,,,,
,,4224,0.000195560249267146,,,,
,,4225,1.3657061572303064e-05,,,,
,,4226,0.0014421099331229925,,,,
,,4227,1.3657061572303064e-05,,,,
,,4228,6.571841822733404e-06,,,,
,,4229,2.3594464437337592e-05,,,,
,,4230,2.3594464437337592e-05,,,,
,,4231,0.00021302176173776388,,,,
,,4232,7.235283192130737e-06,,,,
,,4233,7.235283192130737e-06,,,,
,,4234,4.545378487819107e-06,,,,
,,4235,4.7060671022336464e-06,,,,
,,4236,4.7060671022336464e-06,,,,
,,4237,0.0575886107981205,,,,
,,4238,0.18373966217041016,,,,
,,4239,0.18373966217041016,,,,
,,4240,1.5329716916312464e-05,,,,
,,4241,5.4422289395006374e-05,,,,
,,4242,5.4422289395006374e-05,,,,
,,4243,0.043851111084222794,,,,
,,4244,0.002337909769266844,,,,
,,4245,8.438209624728188e-05,,,,
,,4246,8.438209624728188e-05,,,,
,,4247,3.6591588923329255e-06,,,,
,,4248,3.6591588923329255e-06,,,,
,,4249,3.6591588923329255e-06,,,,
,,4250,0.002544718561694026,,,,
,,4251,0.008636891841888428,,,,
,,4252,5.094822427054169e-06,,,,
,,4253,5.094822427054169e-06,,,,
,,4254,8.318490472447593e-06,,,,
,,4255,1.1101423297077417e-05,,,,
,,4256,1.1101423297077417e-05,,,,
,,4257,0.0016244223807007074,,,,
,,4258,1.3781635061604902e-05,,,,
,,4259,1.3781635061604902e-05,,,,
,,4260,7.136837666621432e-06,,,,
,,4261,7.295336399693042e-05,,,,
,,4262,7.295336399693042e-05,,,,
,,4263,0.0015489476500079036,,,,
,,4264,2.918017798947403e-06,,,,
,,4265,2.918017798947403e-06,,,,
,,4266,8.095662451523822e-06,,,,
,,4267,1.356292614218546e-05,,,,
,,4268,4.842741327593103e-05,,,,
,,4269,1.356292614218546e-05,,,,
,,4270,0.00023628186318092048,,,,
,,4271,5.058529495727271e-06,,,,
,,4272,5.058529495727271e-06,,,,
,,4273,4.949709818902193e-06,,,,
,,4274,1.660796260694042e-05,,,,
,,4275,1.660796260694042e-05,,,,
,,4276,0.0004954567993991077,,,,
,,4277,3.846573599730618e-05,,,,
,,4278,3.846573599730618e-05,,,,
,,4279,5.141495421412401e-06,,,,
,,4280,5.141495421412401e-06,,,,
,,4281,5.141495421412401e-06,,,,
,,4282,0.0004995812196284533,,,,
,,4283,6.8724993980140425e-06,,,,
,,4284,6.8724993980140425e-06,,,,
,,4285,3.441491799094365e-06,,,,
,,4286,6.212478183442727e-05,,,,
,,4287,2.9750285648333374e-06,,,,
,,4288,2.9750285648333374e-06,,,,
,,4289,0.01659991405904293,,,,
,,4290,0.013213342055678368,,,,
,,4291,0.013213342055678368,,,,
,,4292,1.9719216652447358e-05,,,,
,,4293,0.015378366224467754,,,,
,,4294,7.607055886182934e-05,,,,
,,4295,7.607055886182934e-05,,,,
,,4296,0.00036527548218145967,,,,
,,4297,1.8168409951613285e-05,,,,
,,4298,1.8168409951613285e-05,,,,
,,4299,2.409038097539451e-05,,,,
,,4300,1.9096250980510376e-05,,,,
,,4301,1.9096250980510376e-05,,,,
,,4302,0.00023046985734254122,,,,
,,4303,9.416925422556233e-06,,,,
,,4304,9.416925422556233e-06,,,,
,,4305,1.339167465630453e-05,,,,
,,4306,2.347625922993757e-05,,,,
,,4307,2.347625922993757e-05,,,,
,,4308,0.00014144269516691566,,,,
,,4309,2.5422741600777954e-05,,,,
,,4310,2.5422741600777954e-05,,,,
,,4311,0.002016377402469516,,,,
,,4312,1.6630787285976112e-05,,,,
,,4313,1.6630787285976112e-05,,,,
,,4314,1.6630787285976112e-05,,,,
,,4315,0.00010986600682372227,,,,
,,4316,8.458164302282967e-06,,,,
,,4317,8.458164302282967e-06,,,,
,,4318,1.5257345694408286e-05,,,,
,,4319,1.2044559298374224e-05,,,,
,,4320,1.2044559298374224e-05,,,,
,,4321,8.272571722045541e-05,,,,
,,4322,1.612025880604051e-05,,,,
,,4323,1.612025880604051e-05,,,,
,,4324,1.2526174941740464e-05,,,,
,,4325,2.9542652555392124e-05,,,,
,,4326,2.9542652555392124e-05,,,,
,,4327,0.0001595834328327328,,,,
,,4328,0.09883236885070801,,,,
,,4329,1.3946261788078118e-05,,,,
,,4330,1.3946261788078118e-05,,,,
,,4331,1.2215356036904268e-05,,,,
,,4332,9.919718650053255e-06,,,,
,,4333,9.919718650053255e-06,,,,
,,4334,0.00016572816821280867,,,,
,,4335,1.217922181240283e-05,,,,
,,4336,0.00044067288399674,,,,
,,4337,1.217922181240283e-05,,,,
,,4338,1.4132237993180752e-05,,,,
,,4339,2.1625364752253518e-05,,,,
,,4340,2.1625364752253518e-05,,,,
,,4341,0.06358031183481216,,,,
,,4342,0.09750203788280487,,,,
,,4343,0.09750203788280487,,,,
,,4344,2.3854516257415526e-05,,,,
,,4345,2.3854516257415526e-05,,,,
,,4346,2.3854516257415526e-05,,,,
,,4347,0.0003220110374968499,,,,
,,4348,1.1137422006868292e-05,,,,
,,4349,1.1137422006868292e-05,,,,
,,4350,1.3660943295690231e-05,,,,
,,4351,9.536155630485155e-06,,,,
,,4352,9.536155630485155e-06,,,,
,,4353,0.00021831339108757675,,,,
,,4354,0.1485995203256607,,,,
,,4355,2.445159771014005e-05,,,,
,,4356,2.445159771014005e-05,,,,
,,4357,1.5387038729386404e-05,,,,
,,4358,3.795317388721742e-05,,,,
,,4359,3.795317388721742e-05,,,,
,,4360,0.00013894062431063503,,,,
,,4361,1.159849671239499e-05,,,,
,,4362,1.159849671239499e-05,,,,
,,4363,1.8599819668452255e-05,,,,
,,4364,1.7294276403845288e-05,,,,
,,4365,1.7294276403845288e-05,,,,
,,4366,0.00011006039858330041,,,,
,,4367,9.940347808878869e-06,,,,
,,4368,9.940347808878869e-06,,,,
,,4369,1.736652120598592e-05,,,,
,,4370,0.002123242011293769,,,,
,,4371,2.626811146910768e-05,,,,
,,4372,2.626811146910768e-05,,,,
,,4373,8.896512736100703e-05,,,,
,,4374,3.035878216905985e-05,,,,
,,4375,3.035878216905985e-05,,,,
,,4376,1.7837839550338686e-05,,,,
,,4377,1.7837839550338686e-05,,,,
,21,4377,,0.006088858935981989,,,
,21,4377,,,0.02347588911652565,0.9346733689308167,0.9346733689308167
0.00016160515951924026,22,4378,,,,,
0.0003004482132382691,22,4379,,,,,
0.0004543510440271348,22,4380,,,,,
0.07399934530258179,22,4381,,,,,
0.00018405031005386263,22,4382,,,,,
0.0004926285473629832,22,4383,,,,,
0.00022040389012545347,22,4384,,,,,
0.0003989442193415016,22,4385,,,,,
0.09923399239778519,22,4386,,,,,
0.002867993200197816,22,4387,,,,,
0.00029993249336257577,22,4388,,,,,
0.005653586704283953,22,4389,,,,,
0.00048732353025116026,22,4390,,,,,
0.00013084037345834076,22,4391,,,,,
0.00014567913603968918,22,4392,,,,,
0.039987701922655106,22,4393,,,,,
0.0002677665324881673,22,4394,,,,,
0.05237247422337532,22,4395,,,,,
0.0005961247952654958,22,4396,,,,,
0.019113771617412567,22,4397,,,,,
0.037807706743478775,22,4398,,,,,
0.0002520643174648285,22,4399,,,,,
0.004095290321856737,22,4400,,,,,
0.03435208648443222,22,4401,,,,,
0.011001082137227058,22,4402,,,,,
0.05664316192269325,22,4403,,,,,
0.0006298591033555567,22,4404,,,,,
0.004760487005114555,22,4405,,,,,
8.393121242988855e-05,22,4406,,,,,
0.16535411775112152,22,4407,,,,,
0.1144096627831459,22,4408,,,,,
0.011967666447162628,22,4409,,,,,
0.001008467166684568,22,4410,,,,,
0.005226470995694399,22,4411,,,,,
0.029189953580498695,22,4412,,,,,
0.008925830014050007,22,4413,,,,,
0.006088217254728079,22,4414,,,,,
0.0011983985314145684,22,4415,,,,,
0.0012293336912989616,22,4416,,,,,
0.0010222109267488122,22,4417,,,,,
0.008227300830185413,22,4418,,,,,
0.005770639516413212,22,4419,,,,,
0.00028055551229044795,22,4420,,,,,
0.21366018056869507,22,4421,,,,,
0.009280622005462646,22,4422,,,,,
0.002855522558093071,22,4423,,,,,
0.02231726422905922,22,4424,,,,,
0.00044111142051406205,22,4425,,,,,
0.0003433720557950437,22,4426,,,,,
0.0016626536380499601,22,4427,,,,,
0.004515638574957848,22,4428,,,,,
0.0016987479757517576,22,4429,,,,,
0.018310388550162315,22,4430,,,,,
0.002433225978165865,22,4431,,,,,
0.0010187021689489484,22,4432,,,,,
0.0021401443518698215,22,4433,,,,,
0.010552081279456615,22,4434,,,,,
0.00011593724047997966,22,4435,,,,,
0.001307307044044137,22,4436,,,,,
0.001344111398793757,22,4437,,,,,
0.008618502877652645,22,4438,,,,,
0.06992487609386444,22,4439,,,,,
0.02633591555058956,22,4440,,,,,
0.0035124896094202995,22,4441,,,,,
0.015210793353617191,22,4442,,,,,
0.005748922470957041,22,4443,,,,,
0.0012790020555257797,22,4444,,,,,
0.0003322479024063796,22,4445,,,,,
0.0008975961245596409,22,4446,,,,,
0.11745355278253555,22,4447,,,,,
0.10328923910856247,22,4448,,,,,
0.0002025587746175006,22,4449,,,,,
0.0028091156855225563,22,4450,,,,,
0.004688914865255356,22,4451,,,,,
0.005327675957232714,22,4452,,,,,
0.03361591696739197,22,4453,,,,,
0.21038709580898285,22,4454,,,,,
0.0007622020202688873,22,4455,,,,,
0.00028632752946577966,22,4456,,,,,
0.0015041123842820525,22,4457,,,,,
0.0002065870212391019,22,4458,,,,,
0.011928192339837551,22,4459,,,,,
0.0012398222461342812,22,4460,,,,,
0.022528931498527527,22,4461,,,,,
0.0017207153141498566,22,4462,,,,,
0.005501469597220421,22,4463,,,,,
0.0011053199414163828,22,4464,,,,,
0.0027169121894985437,22,4465,,,,,
0.004260928835719824,22,4466,,,,,
0.00034087765379808843,22,4467,,,,,
0.00017227574426215142,22,4468,,,,,
0.00021142968034837395,22,4469,,,,,
0.0036426063161343336,22,4470,,,,,
0.0006441518198698759,22,4471,,,,,
0.11808466911315918,22,4472,,,,,
0.0011838901555165648,22,4473,,,,,
0.00037611942389048636,22,4474,,,,,
0.002963070059195161,22,4475,,,,,
0.021420661360025406,22,4476,,,,,
0.012903164140880108,22,4477,,,,,
4.2356808990007266e-05,22,4478,,,,,
0.004002607427537441,22,4479,,,,,
0.04554944857954979,22,4480,,,,,
0.0014384262030944228,22,4481,,,,,
0.0007233147625811398,22,4482,,,,,
0.0009181560017168522,22,4483,,,,,
0.006728555541485548,22,4484,,,,,
0.00032274919794872403,22,4485,,,,,
0.0004907752736471593,22,4486,,,,,
0.0004040536005049944,22,4487,,,,,
0.0005306792445480824,22,4488,,,,,
0.009212881326675415,22,4489,,,,,
0.005295609589666128,22,4490,,,,,
0.0006458620773628354,22,4491,,,,,
0.0009905049810186028,22,4492,,,,,
0.14517484605312347,22,4493,,,,,
0.002208466175943613,22,4494,,,,,
0.0013372948160395026,22,4495,,,,,
0.0324556902050972,22,4496,,,,,
0.010049632750451565,22,4497,,,,,
0.00045135815162211657,22,4498,,,,,
0.00032043486135080457,22,4499,,,,,
0.00014663480396848172,22,4500,,,,,
0.00031905100331641734,22,4501,,,,,
0.005735532380640507,22,4502,,,,,
0.004449525848031044,22,4503,,,,,
0.0014361279318109155,22,4504,,,,,
0.00021697218471672386,22,4505,,,,,
0.0011664258781820536,22,4506,,,,,
0.0006346047157421708,22,4507,,,,,
6.141413905424997e-05,22,4508,,,,,
0.00012664934911299497,22,4509,,,,,
0.000763020187150687,22,4510,,,,,
0.00010778426803881302,22,4511,,,,,
0.10666830092668533,22,4512,,,,,
0.007583469618111849,22,4513,,,,,
0.0010161533718928695,22,4514,,,,,
0.0001314758264925331,22,4515,,,,,
0.002605989808216691,22,4516,,,,,
0.003616807283833623,22,4517,,,,,
0.0008043810958042741,22,4518,,,,,
0.0009141473565250635,22,4519,,,,,
0.000985125545412302,22,4520,,,,,
0.0012800154509022832,22,4521,,,,,
0.0006220623617991805,22,4522,,,,,
0.0011926718289032578,22,4523,,,,,
0.02189663238823414,22,4524,,,,,
0.00012530075036920607,22,4525,,,,,
0.0026967166922986507,22,4526,,,,,
0.004534291103482246,22,4527,,,,,
0.0002929985639639199,22,4528,,,,,
0.02379630133509636,22,4529,,,,,
0.00022506917594000697,22,4530,,,,,
0.02262134850025177,22,4531,,,,,
0.00010285055031999946,22,4532,,,,,
0.08602195978164673,22,4533,,,,,
0.0018781786784529686,22,4534,,,,,
0.0004006864328403026,22,4535,,,,,
0.0005471740150824189,22,4536,,,,,
0.00017198000568896532,22,4537,,,,,
0.30152997374534607,22,4538,,,,,
0.0001362848124699667,22,4539,,,,,
0.004632839933037758,22,4540,,,,,
4.562858157441951e-05,22,4541,,,,,
0.004037757404148579,22,4542,,,,,
0.00027214555302634835,22,4543,,,,,
0.037862278521060944,22,4544,,,,,
0.00018331674800720066,22,4545,,,,,
0.0005039848620072007,22,4546,,,,,
0.0011352211004123092,22,4547,,,,,
0.003711742116138339,22,4548,,,,,
0.0027456663083285093,22,4549,,,,,
0.0011504397261887789,22,4550,,,,,
8.611303201178089e-05,22,4551,,,,,
0.0001956971682375297,22,4552,,,,,
0.002480553463101387,22,4553,,,,,
0.00037698965752497315,22,4554,,,,,
9.80481636361219e-05,22,4555,,,,,
0.004498519003391266,22,4556,,,,,
0.0002213428815593943,22,4557,,,,,
0.016703292727470398,22,4558,,,,,
0.0025375380646437407,22,4559,,,,,
0.002819501096382737,22,4560,,,,,
0.002297923667356372,22,4561,,,,,
0.00016162563406396657,22,4562,,,,,
0.001306383521296084,22,4563,,,,,
0.05728858336806297,22,4564,,,,,
0.00014400974032469094,22,4565,,,,,
0.0031873679254204035,22,4566,,,,,
0.00019001831242349,22,4567,,,,,
0.0006637861952185631,22,4568,,,,,
0.00026280409656465054,22,4569,,,,,
0.0007581617101095617,22,4570,,,,,
0.00016355953994207084,22,4571,,,,,
0.0005166030605323613,22,4572,,,,,
0.00016810339002404362,22,4573,,,,,
0.0008948182221502066,22,4574,,,,,
0.0009414105443283916,22,4575,,,,,
0.002673110458999872,22,4576,,,,,
,,4378,1.6830330423545092e-05,,,,
,,4379,1.538280957902316e-05,,,,
,,4380,1.538280957902316e-05,,,,
,,4381,0.00012349456665106118,,,,
,,4382,7.6188384809938725e-06,,,,
,,4383,7.6188384809938725e-06,,,,
,,4384,7.6188384809938725e-06,,,,
,,4385,0.030296141281723976,,,,
,,4386,0.0072565278969705105,,,,
,,4387,0.0072565278969705105,,,,
,,4388,0.0010021737543866038,,,,
,,4389,0.0008973713265731931,,,,
,,4390,0.0008973713265731931,,,,
,,4391,0.0009646715479902923,,,,
,,4392,0.000917951634619385,,,,
,,4393,0.000917951634619385,,,,
,,4394,0.000775283551774919,,,,
,,4395,0.0008095194934867322,,,,
,,4396,0.0008095194934867322,,,,
,,4397,0.00061842828290537,,,,
,,4398,0.0001513314200565219,,,,
,,4399,0.0007887014653533697,,,,
,,4400,0.0007887014653533697,,,,
,,4401,0.0008613067911937833,,,,
,,4402,0.0007262610015459359,,,,
,,4403,0.0007262610015459359,,,,
,,4404,0.0007664709119126201,,,,
,,4405,0.0005625082412734628,,,,
,,4406,0.0005625082412734628,,,,
,,4407,0.0005848738946951926,,,,
,,4408,9.891585068544373e-05,,,,
,,4409,0.0005670875543728471,,,,
,,4410,0.0005670875543728471,,,,
,,4411,0.00040284215356223285,,,,
,,4412,0.0003527290537022054,,,,
,,4413,0.0003527290537022054,,,,
,,4414,0.000580479099880904,,,,
,,4415,0.000580479099880904,,,,
,,4416,0.000580479099880904,,,,
,,4417,0.001245318097062409,,,,
,,4418,0.0011066354345530272,,,,
,,4419,0.0011066354345530272,,,,
,,4420,0.0008561014547012746,,,,
,,4421,0.0007009615655988455,,,,
,,4422,0.0007009615655988455,,,,
,,4423,0.0007015835726633668,,,,
,,4424,0.0005983210285194218,,,,
,,4425,0.00020719585882034153,,,,
,,4426,0.0005983210285194218,,,,
,,4427,0.000977243878878653,,,,
,,4428,0.0009803074644878507,,,,
,,4429,0.0009803074644878507,,,,
,,4430,0.001032574218697846,,,,
,,4431,0.0009765895083546638,,,,
,,4432,0.0009765895083546638,,,,
,,4433,0.0009042292949743569,,,,
,,4434,0.0008940294501371682,,,,
,,4435,0.0008940294501371682,,,,
,,4436,0.47686973214149475,,,,
,,4437,0.34636035561561584,,,,
,,4438,0.34636035561561584,,,,
,,4439,7.922064833110198e-05,,,,
,,4440,8.024774433579296e-05,,,,
,,4441,8.024774433579296e-05,,,,
,,4442,0.024373428896069527,,,,
,,4443,6.604705413337797e-05,,,,
,,4444,6.0499813116621226e-05,,,,
,,4445,6.0499813116621226e-05,,,,
,,4446,5.535072341444902e-05,,,,
,,4447,5.535072341444902e-05,,,,
,,4448,5.535072341444902e-05,,,,
,,4449,4.9807102186605334e-05,,,,
,,4450,0.02269575744867325,,,,
,,4451,4.877006358583458e-05,,,,
,,4452,4.877006358583458e-05,,,,
,,4453,6.165050581330433e-05,,,,
,,4454,6.229293649084866e-05,,,,
,,4455,6.229293649084866e-05,,,,
,,4456,3.8232854421949014e-05,,,,
,,4457,3.3533706300659105e-05,,,,
,,4458,3.3533706300659105e-05,,,,
,,4459,4.2486655729589984e-05,,,,
,,4460,4.897902545053512e-05,,,,
,,4461,4.897902545053512e-05,,,,
,,4462,3.3332973544020206e-05,,,,
,,4463,2.7470738132251427e-05,,,,
,,4464,2.7470738132251427e-05,,,,
,,4465,0.00012287757999729365,,,,
,,4466,0.00016747150220908225,,,,
,,4467,6.231106090126559e-05,,,,
,,4468,0.00016747150220908225,,,,
,,4469,5.156652696314268e-05,,,,
,,4470,4.823601557291113e-05,,,,
,,4471,4.823601557291113e-05,,,,
,,4472,3.5890530853066593e-05,,,,
,,4473,3.390181518625468e-05,,,,
,,4474,3.390181518625468e-05,,,,
,,4475,3.179909981554374e-05,,,,
,,4476,2.924482942034956e-05,,,,
,,4477,2.924482942034956e-05,,,,
,,4478,3.1219802622217685e-05,,,,
,,4479,3.1219802622217685e-05,,,,
,,4480,3.1219802622217685e-05,,,,
,,4481,4.52114109066315e-05,,,,
,,4482,3.744550122064538e-05,,,,
,,4483,3.744550122064538e-05,,,,
,,4484,3.1639054213883355e-05,,,,
,,4485,7.031142013147473e-05,,,,
,,4486,2.9053777325316332e-05,,,,
,,4487,2.9053777325316332e-05,,,,
,,4488,0.42400074005126953,,,,
,,4489,0.3899887502193451,,,,
,,4490,0.3899887502193451,,,,
,,4491,0.0005083357100374997,,,,
,,4492,0.012105640023946762,,,,
,,4493,0.0011997350957244635,,,,
,,4494,0.0011997350957244635,,,,
,,4495,0.0005276789306662977,,,,
,,4496,0.0005381401279009879,,,,
,,4497,0.0005381401279009879,,,,
,,4498,0.0005189476651139557,,,,
,,4499,0.0004514535248745233,,,,
,,4500,0.0004514535248745233,,,,
,,4501,0.0003214196185581386,,,,
,,4502,0.0003061355382669717,,,,
,,4503,0.0003061355382669717,,,,
,,4504,0.0003488493384793401,,,,
,,4505,0.0003271907044108957,,,,
,,4506,0.0003271907044108957,,,,
,,4507,0.00036502754664979875,,,,
,,4508,0.00032700487645342946,,,,
,,4509,0.00032700487645342946,,,,
,,4510,0.002689582761377096,,,,
,,4511,0.0002723121433518827,,,,
,,4512,0.0002723121433518827,,,,
,,4513,0.0002723121433518827,,,,
,,4514,0.0002496801898814738,,,,
,,4515,0.00018886715406551957,,,,
,,4516,0.00018886715406551957,,,,
,,4517,0.0005177495186217129,,,,
,,4518,0.000315032375510782,,,,
,,4519,0.000315032375510782,,,,
,,4520,0.0003348947793710977,,,,
,,4521,0.0003308601153548807,,,,
,,4522,0.0003308601153548807,,,,
,,4523,0.0002650482056196779,,,,
,,4524,0.00026954803615808487,,,,
,,4525,0.00026954803615808487,,,,
,,4526,0.00023728447558823973,,,,
,,4527,0.22451035678386688,,,,
,,4528,0.0002291282726218924,,,,
,,4529,0.0002291282726218924,,,,
,,4530,0.00022449147945735604,,,,
,,4531,0.00020517110533546656,,,,
,,4532,0.00020517110533546656,,,,
,,4533,0.00025299901608377695,,,,
,,4534,0.00020017041242681444,,,,
,,4535,0.00015489663928747177,,,,
,,4536,0.00020017041242681444,,,,
,,4537,0.0003111440746579319,,,,
,,4538,0.00032424007076770067,,,,
,,4539,0.00032424007076770067,,,,
,,4540,0.4646225571632385,,,,
,,4541,0.3796621859073639,,,,
,,4542,0.3796621859073639,,,,
,,4543,0.0003301894757896662,,,,
,,4544,0.0003301894757896662,,,,
,,4545,0.0003301894757896662,,,,
,,4546,0.00016546246479265392,,,,
,,4547,0.00010077544720843434,,,,
,,4548,0.00010077544720843434,,,,
,,4549,9.082267933990806e-05,,,,
,,4550,7.582056423416361e-05,,,,
,,4551,7.582056423416361e-05,,,,
,,4552,0.00015457281551789492,,,,
,,4553,0.11191090941429138,,,,
,,4554,0.00013538582425098866,,,,
,,4555,0.00013538582425098866,,,,
,,4556,0.00014452289906330407,,,,
,,4557,0.0002950027701444924,,,,
,,4558,0.0002950027701444924,,,,
,,4559,0.00013043751823715866,,,,
,,4560,8.823841199046001e-05,,,,
,,4561,8.823841199046001e-05,,,,
,,4562,0.00012054343824274838,,,,
,,4563,0.00012666700058616698,,,,
,,4564,0.00012666700058616698,,,,
,,4565,0.0001297212002100423,,,,
,,4566,8.179801807273179e-05,,,,
,,4567,8.179801807273179e-05,,,,
,,4568,0.0005752417491748929,,,,
,,4569,0.00013569305883720517,,,,
,,4570,0.0004974600742571056,,,,
,,4571,0.0004974600742571056,,,,
,,4572,0.0001652769569773227,,,,
,,4573,0.00017145343008451164,,,,
,,4574,0.00017145343008451164,,,,
,,4575,8.72216114657931e-05,,,,
,,4576,8.72216114657931e-05,,,,
,22,4576,,0.02061033807694912,,,
,22,4576,,,0.014889449812471867,0.9396985173225403,0.9396985173225403
0.0001682222355157137,23,4577,,,,,
0.00026542023988440633,23,4578,,,,,
0.0451839417219162,23,4579,,,,,
0.00026162530411966145,23,4580,,,,,
0.00072900002123788,23,4581,,,,,
0.0008377436897717416,23,4582,,,,,
0.0004259943962097168,23,4583,,,,,
0.00026982853887602687,23,4584,,,,,
0.0013802985195070505,23,4585,,,,,
0.0012751190224662423,23,4586,,,,,
0.00592273473739624,23,4587,,,,,
0.007199649233371019,23,4588,,,,,
0.002831712132319808,23,4589,,,,,
0.0003814132360275835,23,4590,,,,,
0.00016291657811962068,23,4591,,,,,
0.00047330340021289885,23,4592,,,,,
0.0002760861534625292,23,4593,,,,,
0.08584413677453995,23,4594,,,,,
0.00013898905308451504,23,4595,,,,,
0.000597628764808178,23,4596,,,,,
0.0002525239542592317,23,4597,,,,,
9.124552161665633e-05,23,4598,,,,,
0.0014325445517897606,23,4599,,,,,
0.012018284760415554,23,4600,,,,,
0.0003398088156245649,23,4601,,,,,
0.001165058114565909,23,4602,,,,,
0.007036147173494101,23,4603,,,,,
0.02424457296729088,23,4604,,,,,
0.00534474803134799,23,4605,,,,,
0.0010957388440147042,23,4606,,,,,
0.00010182046389672905,23,4607,,,,,
0.0047626616433262825,23,4608,,,,,
0.00010562082752585411,23,4609,,,,,
0.038778580725193024,23,4610,,,,,
0.0015821047127246857,23,4611,,,,,
0.0003069954691454768,23,4612,,,,,
0.14024969935417175,23,4613,,,,,
0.24314667284488678,23,4614,,,,,
0.00033364916453137994,23,4615,,,,,
0.0025787348859012127,23,4616,,,,,
0.006168419495224953,23,4617,,,,,
0.00016941277135629207,23,4618,,,,,
0.0016225542640313506,23,4619,,,,,
0.09210975468158722,23,4620,,,,,
0.0003702020912896842,23,4621,,,,,
0.15226733684539795,23,4622,,,,,
0.001195987919345498,23,4623,,,,,
0.1972840577363968,23,4624,,,,,
0.000983471400104463,23,4625,,,,,
0.0815621167421341,23,4626,,,,,
0.0010167626896873116,23,4627,,,,,
0.004911577329039574,23,4628,,,,,
0.08267144113779068,23,4629,,,,,
0.01538555882871151,23,4630,,,,,
0.003070768201723695,23,4631,,,,,
0.08998168259859085,23,4632,,,,,
0.03306949883699417,23,4633,,,,,
0.011345699429512024,23,4634,,,,,
0.10717564076185226,23,4635,,,,,
0.041999880224466324,23,4636,,,,,
0.006555996369570494,23,4637,,,,,
0.05206286907196045,23,4638,,,,,
0.014121275395154953,23,4639,,,,,
0.003285155398771167,23,4640,,,,,
0.0011187182972207665,23,4641,,,,,
0.0003479433653410524,23,4642,,,,,
0.08127351105213165,23,4643,,,,,
0.3150908052921295,23,4644,,,,,
0.0002722360077314079,23,4645,,,,,
0.0006898210849612951,23,4646,,,,,
0.03128750994801521,23,4647,,,,,
0.0033583666663616896,23,4648,,,,,
0.00029010101570747793,23,4649,,,,,
0.2643499970436096,23,4650,,,,,
0.030612794682383537,23,4651,,,,,
0.21654154360294342,23,4652,,,,,
0.027061905711889267,23,4653,,,,,
0.21271981298923492,23,4654,,,,,
0.00021205445227678865,23,4655,,,,,
0.002168344333767891,23,4656,,,,,
0.0017420223448425531,23,4657,,,,,
0.012737044133245945,23,4658,,,,,
0.00251091830432415,23,4659,,,,,
0.003238898469135165,23,4660,,,,,
0.02626875974237919,23,4661,,,,,
0.07501755654811859,23,4662,,,,,
0.15042640268802643,23,4663,,,,,
0.0007753895479254425,23,4664,,,,,
0.017923250794410706,23,4665,,,,,
0.148795023560524,23,4666,,,,,
0.027914274483919144,23,4667,,,,,
0.07316069304943085,23,4668,,,,,
0.021629471331834793,23,4669,,,,,
0.000659075565636158,23,4670,,,,,
0.033685024827718735,23,4671,,,,,
0.06869374960660934,23,4672,,,,,
0.005686390213668346,23,4673,,,,,
0.01838398538529873,23,4674,,,,,
0.00942910648882389,23,4675,,,,,
0.002971965353935957,23,4676,,,,,
0.010279069654643536,23,4677,,,,,
0.019075600430369377,23,4678,,,,,
0.00413287989795208,23,4679,,,,,
0.024649862200021744,23,4680,,,,,
0.0002820987720042467,23,4681,,,,,
0.005144448485225439,23,4682,,,,,
0.08861764520406723,23,4683,,,,,
0.0016423070337623358,23,4684,,,,,
0.006322639994323254,23,4685,,,,,
0.031724292784929276,23,4686,,,,,
0.01191758643835783,23,4687,,,,,
0.0040015364065766335,23,4688,,,,,
0.01991673745214939,23,4689,,,,,
0.0025136370677500963,23,4690,,,,,
0.0007778824656270444,23,4691,,,,,
0.0009528141818009317,23,4692,,,,,
0.009567213244736195,23,4693,,,,,
0.007021251134574413,23,4694,,,,,
0.002185109071433544,23,4695,,,,,
0.04682692885398865,23,4696,,,,,
0.01106084045022726,23,4697,,,,,
0.013531237840652466,23,4698,,,,,
0.028721662238240242,23,4699,,,,,
0.03713550418615341,23,4700,,,,,
0.0013205257710069418,23,4701,,,,,
0.0378090925514698,23,4702,,,,,
0.0036771432496607304,23,4703,,,,,
0.000611347088124603,23,4704,,,,,
0.009121389128267765,23,4705,,,,,
0.18503686785697937,23,4706,,,,,
0.017024938017129898,23,4707,,,,,
0.006303016562014818,23,4708,,,,,
0.002493440406396985,23,4709,,,,,
0.0032381408382207155,23,4710,,,,,
0.006686271633952856,23,4711,,,,,
0.00027138437144458294,23,4712,,,,,
0.021177804097533226,23,4713,,,,,
0.00024681081413291395,23,4714,,,,,
0.0038614587392657995,23,4715,,,,,
0.019290581345558167,23,4716,,,,,
0.006083447486162186,23,4717,,,,,
0.029396766796708107,23,4718,,,,,
0.0015146515797823668,23,4719,,,,,
0.0003600572526920587,23,4720,,,,,
0.0010896868770942092,23,4721,,,,,
0.19337524473667145,23,4722,,,,,
0.0011361818760633469,23,4723,,,,,
0.043325480073690414,23,4724,,,,,
0.04294991493225098,23,4725,,,,,
0.00011125455785077065,23,4726,,,,,
0.0006673055468127131,23,4727,,,,,
0.00033655899460427463,23,4728,,,,,
0.06285667419433594,23,4729,,,,,
0.0007251601782627404,23,4730,,,,,
0.0028955875895917416,23,4731,,,,,
0.001527952728793025,23,4732,,,,,
0.04847981035709381,23,4733,,,,,
0.03176392987370491,23,4734,,,,,
0.0049128751270473,23,4735,,,,,
0.000419567251810804,23,4736,,,,,
0.00048355376929976046,23,4737,,,,,
0.0035208086483180523,23,4738,,,,,
0.004754883702844381,23,4739,,,,,
0.03990095108747482,23,4740,,,,,
0.2159590721130371,23,4741,,,,,
0.001714986516162753,23,4742,,,,,
8.106136374408379e-05,23,4743,,,,,
0.016876811161637306,23,4744,,,,,
0.00018788788293022662,23,4745,,,,,
0.14430508017539978,23,4746,,,,,
0.001328110694885254,23,4747,,,,,
0.0003000549622811377,23,4748,,,,,
0.004917107988148928,23,4749,,,,,
0.028223194181919098,23,4750,,,,,
0.025795243680477142,23,4751,,,,,
0.05399583652615547,23,4752,,,,,
0.000927675690036267,23,4753,,,,,
0.03664880245923996,23,4754,,,,,
0.10102106630802155,23,4755,,,,,
0.008348373696208,23,4756,,,,,
0.000496084161568433,23,4757,,,,,
0.0003815440577454865,23,4758,,,,,
0.0032154470682144165,23,4759,,,,,
0.0014916590880602598,23,4760,,,,,
0.0006161283818073571,23,4761,,,,,
0.0001550078159198165,23,4762,,,,,
0.034602608531713486,23,4763,,,,,
6.015314284013584e-05,23,4764,,,,,
9.198328189086169e-05,23,4765,,,,,
0.0003230268193874508,23,4766,,,,,
0.00026150696794502437,23,4767,,,,,
0.00024975804262794554,23,4768,,,,,
0.0004702267760876566,23,4769,,,,,
0.045142993330955505,23,4770,,,,,
0.051555514335632324,23,4771,,,,,
0.004147681407630444,23,4772,,,,,
0.000378710450604558,23,4773,,,,,
0.0007659621769562364,23,4774,,,,,
0.006475592497736216,23,4775,,,,,
,,4577,8.951797099143732e-06,,,,
,,4578,6.879882676003035e-06,,,,
,,4579,6.879882676003035e-06,,,,
,,4580,0.00014849429135210812,,,,
,,4581,1.4355126950249542e-05,,,,
,,4582,1.4355126950249542e-05,,,,
,,4583,1.4355126950249542e-05,,,,
,,4584,0.777159571647644,,,,
,,4585,0.5155352354049683,,,,
,,4586,0.5155352354049683,,,,
,,4587,0.0005025555728934705,,,,
,,4588,0.0004675937816500664,,,,
,,4589,0.0004675937816500664,,,,
,,4590,0.0003120859619230032,,,,
,,4591,0.00032752519473433495,,,,
,,4592,0.00032752519473433495,,,,
,,4593,0.00032468061544932425,,,,
,,4594,0.0004151116590946913,,,,
,,4595,0.0004151116590946913,,,,
,,4596,0.00020310109539423138,,,,
,,4597,0.00013400490570347756,,,,
,,4598,0.00023861441877670586,,,,
,,4599,0.00023861441877670586,,,,
,,4600,0.0002676770091056824,,,,
,,4601,0.0002979224664159119,,,,
,,4602,0.0002979224664159119,,,,
,,4603,0.00025233213091269135,,,,
,,4604,0.00024432758800685406,,,,
,,4605,0.00024432758800685406,,,,
,,4606,0.00018462770094629377,,,,
,,4607,7.267857290571555e-05,,,,
,,4608,0.00020812863658647984,,,,
,,4609,0.00020812863658647984,,,,
,,4610,9.658372437115759e-05,,,,
,,4611,0.00011283349158475175,,,,
,,4612,0.00011283349158475175,,,,
,,4613,0.00017132727953139693,,,,
,,4614,0.00017132727953139693,,,,
,,4615,0.00017132727953139693,,,,
,,4616,0.00024457904510200024,,,,
,,4617,0.0002303000510437414,,,,
,,4618,0.0002303000510437414,,,,
,,4619,0.000203603834961541,,,,
,,4620,0.00018463842570781708,,,,
,,4621,0.00018463842570781708,,,,
,,4622,0.0001784338674042374,,,,
,,4623,0.00020872107415925711,,,,
,,4624,0.0001641873095650226,,,,
,,4625,0.00020872107415925711,,,,
,,4626,0.00027316244086250663,,,,
,,4627,0.00031778536504134536,,,,
,,4628,0.00031778536504134536,,,,
,,4629,0.0002432517649140209,,,,
,,4630,0.0002091266360366717,,,,
,,4631,0.0002091266360366717,,,,
,,4632,0.0005374705651775002,,,,
,,4633,0.00047293168609030545,,,,
,,4634,0.00047293168609030545,,,,
,,4635,0.926180899143219,,,,
,,4636,0.5512677431106567,,,,
,,4637,0.5512677431106567,,,,
,,4638,0.0022930086124688387,,,,
,,4639,0.004237388726323843,,,,
,,4640,0.004237388726323843,,,,
,,4641,0.18270763754844666,,,,
,,4642,0.00011943634308408946,,,,
,,4643,6.221225339686498e-05,,,,
,,4644,6.221225339686498e-05,,,,
,,4645,4.164109122939408e-05,,,,
,,4646,4.164109122939408e-05,,,,
,,4647,4.164109122939408e-05,,,,
,,4648,1.3345378647500183e-05,,,,
,,4649,0.017778629437088966,,,,
,,4650,1.3776033483736683e-05,,,,
,,4651,1.3776033483736683e-05,,,,
,,4652,3.861647564917803e-05,,,,
,,4653,2.3185961254057474e-05,,,,
,,4654,2.3185961254057474e-05,,,,
,,4655,7.918732080725022e-06,,,,
,,4656,5.477830654854188e-06,,,,
,,4657,5.477830654854188e-06,,,,
,,4658,1.3946369108452927e-05,,,,
,,4659,1.2181441888969857e-05,,,,
,,4660,1.2181441888969857e-05,,,,
,,4661,8.53747405926697e-06,,,,
,,4662,7.276743872353109e-06,,,,
,,4663,7.276743872353109e-06,,,,
,,4664,6.45489853923209e-05,,,,
,,4665,4.180320320301689e-05,,,,
,,4666,4.696055475506e-05,,,,
,,4667,4.180320320301689e-05,,,,
,,4668,8.963206710177474e-06,,,,
,,4669,1.1329630069667473e-05,,,,
,,4670,1.1329630069667473e-05,,,,
,,4671,6.535596639878349e-06,,,,
,,4672,5.557298663916299e-06,,,,
,,4673,5.557298663916299e-06,,,,
,,4674,1.1858091056637932e-05,,,,
,,4675,9.451271580473986e-06,,,,
,,4676,9.451271580473986e-06,,,,
,,4677,1.323645392403705e-05,,,,
,,4678,1.323645392403705e-05,,,,
,,4679,1.323645392403705e-05,,,,
,,4680,9.235639481630642e-06,,,,
,,4681,1.0287978511769325e-05,,,,
,,4682,1.0287978511769325e-05,,,,
,,4683,0.001035967725329101,,,,
,,4684,5.4857788200024515e-05,,,,
,,4685,0.000256052881013602,,,,
,,4686,0.000256052881013602,,,,
,,4687,0.8704150915145874,,,,
,,4688,0.8109933733940125,,,,
,,4689,0.8109933733940125,,,,
,,4690,0.0009851228678599,,,,
,,4691,0.04780386760830879,,,,
,,4692,0.003212249604985118,,,,
,,4693,0.003212249604985118,,,,
,,4694,0.0005929697654210031,,,,
,,4695,0.00021506185294128954,,,,
,,4696,0.00021506185294128954,,,,
,,4697,0.0001545439736219123,,,,
,,4698,0.00016267171304207295,,,,
,,4699,0.00016267171304207295,,,,
,,4700,0.00013577460777014494,,,,
,,4701,9.559619502397254e-05,,,,
,,4702,9.559619502397254e-05,,,,
,,4703,0.00011077550880145282,,,,
,,4704,0.0001292465894948691,,,,
,,4705,0.0001292465894948691,,,,
,,4706,0.00015721724776085466,,,,
,,4707,0.00015628279652446508,,,,
,,4708,0.00015628279652446508,,,,
,,4709,0.024108555167913437,,,,
,,4710,9.245816909242421e-05,,,,
,,4711,9.245816909242421e-05,,,,
,,4712,9.245816909242421e-05,,,,
,,4713,0.00010180113895330578,,,,
,,4714,8.97930221981369e-05,,,,
,,4715,8.97930221981369e-05,,,,
,,4716,0.00010297344124410301,,,,
,,4717,8.215640264097601e-05,,,,
,,4718,8.215640264097601e-05,,,,
,,4719,0.00011079862451879308,,,,
,,4720,9.919256990542635e-05,,,,
,,4721,9.919256990542635e-05,,,,
,,4722,7.037087925709784e-05,,,,
,,4723,9.21640676097013e-05,,,,
,,4724,9.21640676097013e-05,,,,
,,4725,0.00010353144170949236,,,,
,,4726,0.39076024293899536,,,,
,,4727,7.745614129817113e-05,,,,
,,4728,7.745614129817113e-05,,,,
,,4729,7.542956154793501e-05,,,,
,,4730,8.506403537467122e-05,,,,
,,4731,8.506403537467122e-05,,,,
,,4732,0.00010532504529692233,,,,
,,4733,6.741598917869851e-05,,,,
,,4734,0.0003388706536497921,,,,
,,4735,6.741598917869851e-05,,,,
,,4736,0.0015793867642059922,,,,
,,4737,0.004409025888890028,,,,
,,4738,0.004409025888890028,,,,
,,4739,0.8459493517875671,,,,
,,4740,0.6489390134811401,,,,
,,4741,0.6489390134811401,,,,
,,4742,0.001380512840114534,,,,
,,4743,0.001380512840114534,,,,
,,4744,0.001380512840114534,,,,
,,4745,0.0005242054467089474,,,,
,,4746,7.613062189193442e-05,,,,
,,4747,7.613062189193442e-05,,,,
,,4748,7.03816331224516e-05,,,,
,,4749,5.4900079703656957e-05,,,,
,,4750,5.4900079703656957e-05,,,,
,,4751,4.639004691853188e-05,,,,
,,4752,0.029746608808636665,,,,
,,4753,3.972724516643211e-05,,,,
,,4754,3.972724516643211e-05,,,,
,,4755,3.706254574353807e-05,,,,
,,4756,6.020694490871392e-05,,,,
,,4757,6.020694490871392e-05,,,,
,,4758,3.8490339647978544e-05,,,,
,,4759,2.5019675376825035e-05,,,,
,,4760,2.5019675376825035e-05,,,,
,,4761,3.204929089406505e-05,,,,
,,4762,4.271667421562597e-05,,,,
,,4763,4.271667421562597e-05,,,,
,,4764,3.1328043405665085e-05,,,,
,,4765,2.7822452466352843e-05,,,,
,,4766,2.7822452466352843e-05,,,,
,,4767,5.7506334997015074e-05,,,,
,,4768,0.0001293718523811549,,,,
,,4769,8.071421325439587e-05,,,,
,,4770,8.071421325439587e-05,,,,
,,4771,3.933471816708334e-05,,,,
,,4772,4.154019188717939e-05,,,,
,,4773,4.154019188717939e-05,,,,
,,4774,1.9169652659911662e-05,,,,
,,4775,1.9169652659911662e-05,,,,
,23,4775,,0.04633769765496254,,,
,23,4775,,,0.02788589708507061,0.9346733689308167,0.9346733689308167
0.004533498082309961,24,4776,,,,,
0.058674078434705734,24,4777,,,,,
0.000191471932339482,24,4778,,,,,
0.00012004212476313114,24,4779,,,,,
0.023893209174275398,24,4780,,,,,
9.405992750544101e-05,24,4781,,,,,
0.0009084575576707721,24,4782,,,,,
0.00023709562083240598,24,4783,,,,,
0.0002821973757818341,24,4784,,,,,
0.00466462317854166,24,4785,,,,,
0.00032646371982991695,24,4786,,,,,
0.0004117705684620887,24,4787,,,,,
0.022892413660883904,24,4788,,,,,
0.057413049042224884,24,4789,,,,,
0.0001272605441045016,24,4790,,,,,
0.0003316568036098033,24,4791,,,,,
0.21572692692279816,24,4792,,,,,
0.0005003168480470777,24,4793,,,,,
0.012705277651548386,24,4794,,,,,
0.007530530449002981,24,4795,,,,,
0.0008281892514787614,24,4796,,,,,
0.015196814201772213,24,4797,,,,,
0.0006864647730253637,24,4798,,,,,
0.09590304642915726,24,4799,,,,,
0.000572461576666683,24,4800,,,,,
0.00046500947792083025,24,4801,,,,,
0.0023229061625897884,24,4802,,,,,
0.0007282705628313124,24,4803,,,,,
0.000701612327247858,24,4804,,,,,
0.02953152358531952,24,4805,,,,,
0.0014592524385079741,24,4806,,,,,
0.00017985883459914476,24,4807,,,,,
0.00047774004633538425,24,4808,,,,,
0.0005405083065852523,24,4809,,,,,
0.0007565050036646426,24,4810,,,,,
0.0002290682023158297,24,4811,,,,,
0.00012651935685425997,24,4812,,,,,
0.06741014868021011,24,4813,,,,,
0.028036370873451233,24,4814,,,,,
0.011220931075513363,24,4815,,,,,
6.629138079006225e-05,24,4816,,,,,
0.0005003902479074895,24,4817,,,,,
0.0011353553272783756,24,4818,,,,,
0.00028305270825512707,24,4819,,,,,
0.14120717346668243,24,4820,,,,,
0.004129062872380018,24,4821,,,,,
0.025578103959560394,24,4822,,,,,
0.011883517727255821,24,4823,,,,,
0.006207989063113928,24,4824,,,,,
0.013504204340279102,24,4825,,,,,
0.0315978042781353,24,4826,,,,,
0.00018425012240186334,24,4827,,,,,
0.0005241316976025701,24,4828,,,,,
0.004502713680267334,24,4829,,,,,
0.0008453134214505553,24,4830,,,,,
0.00949264969676733,24,4831,,,,,
0.0025859898887574673,24,4832,,,,,
0.0019165587145835161,24,4833,,,,,
0.0006240554503165185,24,4834,,,,,
0.002376796444877982,24,4835,,,,,
0.0014792628353461623,24,4836,,,,,
0.0004844577924814075,24,4837,,,,,
0.005298667121678591,24,4838,,,,,
0.07941319048404694,24,4839,,,,,
0.016080377623438835,24,4840,,,,,
0.0008693289710208774,24,4841,,,,,
0.006236728746443987,24,4842,,,,,
0.005174420773983002,24,4843,,,,,
0.00024749484146013856,24,4844,,,,,
0.000505395291838795,24,4845,,,,,
0.0003278244403190911,24,4846,,,,,
0.002023656154051423,24,4847,,,,,
0.0004898340557701886,24,4848,,,,,
0.00189253780990839,24,4849,,,,,
0.001310765859670937,24,4850,,,,,
0.018971359357237816,24,4851,,,,,
0.002239910652860999,24,4852,,,,,
0.0010418196907266974,24,4853,,,,,
0.053950585424900055,24,4854,,,,,
0.0010085860267281532,24,4855,,,,,
0.004256455227732658,24,4856,,,,,
0.003108019009232521,24,4857,,,,,
0.012170948088169098,24,4858,,,,,
7.420265319524333e-05,24,4859,,,,,
0.00043154406012035906,24,4860,,,,,
0.00020472050528042018,24,4861,,,,,
6.468630454037338e-05,24,4862,,,,,
0.00037929831887595356,24,4863,,,,,
0.0022063464857637882,24,4864,,,,,
8.714915020391345e-05,24,4865,,,,,
0.18928752839565277,24,4866,,,,,
0.0055201356299221516,24,4867,,,,,
0.008900068700313568,24,4868,,,,,
0.0013725199969485402,24,4869,,,,,
0.1035720705986023,24,4870,,,,,
5.686488657374866e-05,24,4871,,,,,
0.3118100166320801,24,4872,,,,,
0.0015261765802279115,24,4873,,,,,
0.006798828486353159,24,4874,,,,,
0.011745385825634003,24,4875,,,,,
0.2899913489818573,24,4876,,,,,
0.00010673540236894041,24,4877,,,,,
0.0013365030754357576,24,4878,,,,,
3.477797508821823e-05,24,4879,,,,,
0.0014303798088803887,24,4880,,,,,
7.05688216839917e-05,24,4881,,,,,
0.0001477386394981295,24,4882,,,,,
0.0002392499300185591,24,4883,,,,,
0.0005282510537654161,24,4884,,,,,
0.0025229468010365963,24,4885,,,,,
0.0022043369244784117,24,4886,,,,,
0.00030979164876043797,24,4887,,,,,
0.0018041289877146482,24,4888,,,,,
0.026554973796010017,24,4889,,,,,
0.00029354161233641207,24,4890,,,,,
0.000356413540430367,24,4891,,,,,
0.000296711252303794,24,4892,,,,,
0.01633412018418312,24,4893,,,,,
0.0011453789193183184,24,4894,,,,,
0.0001542390527902171,24,4895,,,,,
0.0005023933481425047,24,4896,,,,,
0.04366730526089668,24,4897,,,,,
0.11386688798666,24,4898,,,,,
0.001782915205694735,24,4899,,,,,
0.000134946676553227,24,4900,,,,,
0.006173622794449329,24,4901,,,,,
0.011481179855763912,24,4902,,,,,
0.0010144446277990937,24,4903,,,,,
0.00013864217908121645,24,4904,,,,,
0.002100263489410281,24,4905,,,,,
0.0001994574413402006,24,4906,,,,,
0.01044321060180664,24,4907,,,,,
0.09380589425563812,24,4908,,,,,
0.004040127620100975,24,4909,,,,,
0.00028335119714029133,24,4910,,,,,
0.07471480965614319,24,4911,,,,,
0.00015260365034919232,24,4912,,,,,
0.001088914810679853,24,4913,,,,,
0.28619906306266785,24,4914,,,,,
0.1093408465385437,24,4915,,,,,
8.820970106171444e-05,24,4916,,,,,
0.0011047552106902003,24,4917,,,,,
0.0010562356328591704,24,4918,,,,,
0.02005079947412014,24,4919,,,,,
0.0008575179963372648,24,4920,,,,,
0.007596815470606089,24,4921,,,,,
0.010984653607010841,24,4922,,,,,
0.0005265251966193318,24,4923,,,,,
0.04570386931300163,24,4924,,,,,
0.00829720962792635,24,4925,,,,,
0.03209369257092476,24,4926,,,,,
0.03683982044458389,24,4927,,,,,
0.0016023553907871246,24,4928,,,,,
0.003482611384242773,24,4929,,,,,
0.058766987174749374,24,4930,,,,,
0.002766478108242154,24,4931,,,,,
0.0003622127987910062,24,4932,,,,,
0.019776849076151848,24,4933,,,,,
0.007588066626340151,24,4934,,,,,
0.03100888431072235,24,4935,,,,,
0.006284398026764393,24,4936,,,,,
0.00427820160984993,24,4937,,,,,
0.0028458288870751858,24,4938,,,,,
0.0009162361966446042,24,4939,,,,,
0.0019161449745297432,24,4940,,,,,
0.00014276208821684122,24,4941,,,,,
0.020678259432315826,24,4942,,,,,
0.09643314778804779,24,4943,,,,,
0.0032370632980018854,24,4944,,,,,
0.017350755631923676,24,4945,,,,,
0.0004290016368031502,24,4946,,,,,
0.012441374361515045,24,4947,,,,,
0.028654612600803375,24,4948,,,,,
0.002674891147762537,24,4949,,,,,
0.006279634777456522,24,4950,,,,,
0.004289738833904266,24,4951,,,,,
0.0026396778412163258,24,4952,,,,,
0.020157823339104652,24,4953,,,,,
0.0035141026601195335,24,4954,,,,,
0.0034923276398330927,24,4955,,,,,
0.01161706168204546,24,4956,,,,,
0.013184964656829834,24,4957,,,,,
0.0006031253142282367,24,4958,,,,,
5.979686829959974e-05,24,4959,,,,,
0.00042322176159359515,24,4960,,,,,
0.00019802519818767905,24,4961,,,,,
0.004534663632512093,24,4962,,,,,
4.8131005314644426e-05,24,4963,,,,,
0.0035003998782485723,24,4964,,,,,
0.0006172474240884185,24,4965,,,,,
0.001698333420790732,24,4966,,,,,
0.00032000758801586926,24,4967,,,,,
0.00030694741872139275,24,4968,,,,,
0.0007754477555863559,24,4969,,,,,
0.004986723884940147,24,4970,,,,,
0.00015605181397404522,24,4971,,,,,
0.0011688992381095886,24,4972,,,,,
3.79505472665187e-05,24,4973,,,,,
0.00025200011441484094,24,4974,,,,,
,,4776,1.6766829503467306e-05,,,,
,,4777,2.0166064132354222e-05,,,,
,,4778,2.0166064132354222e-05,,,,
,,4779,2.1824620489496738e-05,,,,
,,4780,2.3375239379674895e-06,,,,
,,4781,2.3375239379674895e-06,,,,
,,4782,2.3375239379674895e-06,,,,
,,4783,0.001544206403195858,,,,
,,4784,0.004129655193537474,,,,
,,4785,0.004129655193537474,,,,
,,4786,0.00033162152976728976,,,,
,,4787,0.004995323717594147,,,,
,,4788,0.004995323717594147,,,,
,,4789,7.635360088897869e-05,,,,
,,4790,6.486092752311379e-05,,,,
,,4791,6.486092752311379e-05,,,,
,,4792,5.7867131545208395e-05,,,,
,,4793,7.404106145258993e-05,,,,
,,4794,7.404106145258993e-05,,,,
,,4795,3.53826726495754e-05,,,,
,,4796,3.0452645660261624e-05,,,,
,,4797,4.615187208401039e-05,,,,
,,4798,4.615187208401039e-05,,,,
,,4799,5.8819852711167186e-05,,,,
,,4800,6.018973363097757e-05,,,,
,,4801,6.018973363097757e-05,,,,
,,4802,4.1349048842675984e-05,,,,
,,4803,5.999973291181959e-05,,,,
,,4804,5.999973291181959e-05,,,,
,,4805,4.455200178199448e-05,,,,
,,4806,1.4883214134897571e-05,,,,
,,4807,4.717873889603652e-05,,,,
,,4808,4.717873889603652e-05,,,,
,,4809,1.4127454051049426e-05,,,,
,,4810,1.6652678823447786e-05,,,,
,,4811,1.6652678823447786e-05,,,,
,,4812,3.657757770270109e-05,,,,
,,4813,3.657757770270109e-05,,,,
,,4814,3.657757770270109e-05,,,,
,,4815,2.717306233535055e-05,,,,
,,4816,2.3552001948701218e-05,,,,
,,4817,2.3552001948701218e-05,,,,
,,4818,3.2252948585664853e-05,,,,
,,4819,3.7822195736225694e-05,,,,
,,4820,3.7822195736225694e-05,,,,
,,4821,2.812597267620731e-05,,,,
,,4822,3.4070832043653354e-05,,,,
,,4823,1.9645012798719108e-05,,,,
,,4824,3.4070832043653354e-05,,,,
,,4825,5.4549655033042654e-05,,,,
,,4826,6.043088433216326e-05,,,,
,,4827,6.043088433216326e-05,,,,
,,4828,3.9127091440605e-05,,,,
,,4829,3.779524558922276e-05,,,,
,,4830,3.779524558922276e-05,,,,
,,4831,5.9761794545920566e-05,,,,
,,4832,5.859402153873816e-05,,,,
,,4833,5.859402153873816e-05,,,,
,,4834,0.16752564907073975,,,,
,,4835,0.14525732398033142,,,,
,,4836,0.14525732398033142,,,,
,,4837,5.317612703947816e-06,,,,
,,4838,5.5594431614736095e-05,,,,
,,4839,5.5594431614736095e-05,,,,
,,4840,0.11403988301753998,,,,
,,4841,1.488248472014675e-05,,,,
,,4842,3.405945108170272e-06,,,,
,,4843,3.405945108170272e-06,,,,
,,4844,1.627459141673171e-06,,,,
,,4845,1.627459141673171e-06,,,,
,,4846,1.627459141673171e-06,,,,
,,4847,2.741793878158205e-06,,,,
,,4848,0.09699767827987671,,,,
,,4849,2.9387433642114047e-06,,,,
,,4850,2.9387433642114047e-06,,,,
,,4851,1.3838607628713362e-06,,,,
,,4852,4.006381459475961e-06,,,,
,,4853,4.006381459475961e-06,,,,
,,4854,1.5610686432410148e-06,,,,
,,4855,8.912297744245734e-07,,,,
,,4856,8.912297744245734e-07,,,,
,,4857,1.3786770978185814e-06,,,,
,,4858,1.2545331173896557e-06,,,,
,,4859,1.2545331173896557e-06,,,,
,,4860,1.5497158756261342e-06,,,,
,,4861,1.1972732636422734e-06,,,,
,,4862,1.1972732636422734e-06,,,,
,,4863,2.3686111489951145e-06,,,,
,,4864,3.4155691537307575e-06,,,,
,,4865,1.1556776371435262e-05,,,,
,,4866,3.4155691537307575e-06,,,,
,,4867,1.5497168988076737e-06,,,,
,,4868,4.866707513428992e-06,,,,
,,4869,4.866707513428992e-06,,,,
,,4870,1.3112972965245717e-06,,,,
,,4871,9.196129440169898e-07,,,,
,,4872,9.196129440169898e-07,,,,
,,4873,1.3964477147965226e-06,,,,
,,4874,1.0842347819561837e-06,,,,
,,4875,1.0842347819561837e-06,,,,
,,4876,1.7829468106356217e-06,,,,
,,4877,1.7829468106356217e-06,,,,
,,4878,1.7829468106356217e-06,,,,
,,4879,2.361465021749609e-06,,,,
,,4880,3.887196271534776e-06,,,,
,,4881,3.887196271534776e-06,,,,
,,4882,1.280200535802578e-06,,,,
,,4883,1.3122043128532823e-05,,,,
,,4884,4.332860953581985e-06,,,,
,,4885,4.332860953581985e-06,,,,
,,4886,0.12036163359880447,,,,
,,4887,0.07048656046390533,,,,
,,4888,0.07048656046390533,,,,
,,4889,2.0075380234629847e-05,,,,
,,4890,0.06308536231517792,,,,
,,4891,4.4137876102468e-05,,,,
,,4892,4.4137876102468e-05,,,,
,,4893,3.725478381966241e-05,,,,
,,4894,1.866590537247248e-05,,,,
,,4895,1.866590537247248e-05,,,,
,,4896,2.1328711227397434e-05,,,,
,,4897,2.0479717932175845e-05,,,,
,,4898,2.0479717932175845e-05,,,,
,,4899,1.887800135591533e-05,,,,
,,4900,1.6785892512416467e-05,,,,
,,4901,1.6785892512416467e-05,,,,
,,4902,1.4748724424862303e-05,,,,
,,4903,1.933134080900345e-05,,,,
,,4904,1.933134080900345e-05,,,,
,,4905,2.3343596694758162e-05,,,,
,,4906,1.9223547496949323e-05,,,,
,,4907,1.9223547496949323e-05,,,,
,,4908,0.02408505231142044,,,,
,,4909,1.5085463019204326e-05,,,,
,,4910,1.5085463019204326e-05,,,,
,,4911,1.5085463019204326e-05,,,,
,,4912,1.6573540051467717e-05,,,,
,,4913,1.312210861215135e-05,,,,
,,4914,1.312210861215135e-05,,,,
,,4915,1.362966577289626e-05,,,,
,,4916,1.6246907762251794e-05,,,,
,,4917,1.6246907762251794e-05,,,,
,,4918,1.4740544429514557e-05,,,,
,,4919,1.360530859528808e-05,,,,
,,4920,1.360530859528808e-05,,,,
,,4921,9.24054802453611e-06,,,,
,,4922,9.150026016868651e-06,,,,
,,4923,9.150026016868651e-06,,,,
,,4924,1.3622410733660217e-05,,,,
,,4925,0.15133769810199738,,,,
,,4926,1.1043838640034664e-05,,,,
,,4927,1.1043838640034664e-05,,,,
,,4928,1.1759054359572474e-05,,,,
,,4929,1.2324114322836976e-05,,,,
,,4930,1.2324114322836976e-05,,,,
,,4931,1.5949461158015765e-05,,,,
,,4932,1.6568752471357584e-05,,,,
,,4933,0.0012303515104576945,,,,
,,4934,1.6568752471357584e-05,,,,
,,4935,1.2567275916808285e-05,,,,
,,4936,1.5687912309658714e-05,,,,
,,4937,1.5687912309658714e-05,,,,
,,4938,0.07214567065238953,,,,
,,4939,0.049204882234334946,,,,
,,4940,0.049204882234334946,,,,
,,4941,1.0909860975516494e-05,,,,
,,4942,1.0909860975516494e-05,,,,
,,4943,1.0909860975516494e-05,,,,
,,4944,1.5388433894258924e-05,,,,
,,4945,1.3578802281699609e-05,,,,
,,4946,1.3578802281699609e-05,,,,
,,4947,5.0274297791474964e-06,,,,
,,4948,7.007278782111825e-06,,,,
,,4949,7.007278782111825e-06,,,,
,,4950,9.127614248427562e-06,,,,
,,4951,0.0006873219390399754,,,,
,,4952,7.08978541297256e-06,,,,
,,4953,7.08978541297256e-06,,,,
,,4954,3.778355448957882e-06,,,,
,,4955,5.0690969146671705e-06,,,,
,,4956,5.0690969146671705e-06,,,,
,,4957,6.9081911533430684e-06,,,,
,,4958,3.7213280847936403e-06,,,,
,,4959,3.7213280847936403e-06,,,,
,,4960,5.861763384018559e-06,,,,
,,4961,9.178787877317518e-06,,,,
,,4962,9.178787877317518e-06,,,,
,,4963,6.1191713029984385e-06,,,,
,,4964,8.157766387739684e-06,,,,
,,4965,8.157766387739684e-06,,,,
,,4966,5.115512522024801e-06,,,,
,,4967,4.138898293604143e-05,,,,
,,4968,5.95453821006231e-06,,,,
,,4969,5.95453821006231e-06,,,,
,,4970,7.566603017039597e-06,,,,
,,4971,6.0851148191432e-06,,,,
,,4972,6.0851148191432e-06,,,,
,,4973,3.7109703043824993e-06,,,,
,,4974,3.7109703043824993e-06,,,,
,24,4974,,0.006858803331851959,,,
,24,4974,,,0.017444193363189697,0.9346733689308167,0.9346733689308167
0.0002484539872966707,25,4975,,,,,
0.0006689517758786678,25,4976,,,,,
6.821528222644702e-05,25,4977,,,,,
0.000555707432795316,25,4978,,,,,
0.013347049243748188,25,4979,,,,,
0.05747606232762337,25,4980,,,,,
0.00010190987086389214,25,4981,,,,,
1.7605587345315143e-05,25,4982,,,,,
0.150859534740448,25,4983,,,,,
0.00032818387262523174,25,4984,,,,,
0.0023188020568341017,25,4985,,,,,
0.00047214466030709445,25,4986,,,,,
0.00018207423272542655,25,4987,,,,,
2.7880405468749814e-05,25,4988,,,,,
0.003524547442793846,25,4989,,,,,
5.051086554885842e-05,25,4990,,,,,
0.15377332270145416,25,4991,,,,,
0.03279189392924309,25,4992,,,,,
0.00021318426297511905,25,4993,,,,,
8.232998516177759e-05,25,4994,,,,,
0.0014631778467446566,25,4995,,,,,
0.0004999785451218486,25,4996,,,,,
0.007798199541866779,25,4997,,,,,
0.00023353674623649567,25,4998,,,,,
0.000913627736736089,25,4999,,,,,
0.13809530436992645,25,5000,,,,,
5.913963832426816e-05,25,5001,,,,,
0.010891804471611977,25,5002,,,,,
0.015782270580530167,25,5003,,,,,
0.059564508497714996,25,5004,,,,,
0.028082339093089104,25,5005,,,,,
0.0015201889909803867,25,5006,,,,,
0.0014665472554042935,25,5007,,,,,
0.026164714246988297,25,5008,,,,,
0.0008791311411187053,25,5009,,,,,
0.0023011621087789536,25,5010,,,,,
0.00038406168459914625,25,5011,,,,,
0.0051090954802930355,25,5012,,,,,
0.02868603728711605,25,5013,,,,,
0.06025902181863785,25,5014,,,,,
0.00016984681133180857,25,5015,,,,,
0.0059250229969620705,25,5016,,,,,
0.010833398438990116,25,5017,,,,,
0.0036454186774790287,25,5018,,,,,
0.009693844243884087,25,5019,,,,,
0.0009680713410489261,25,5020,,,,,
0.002546255476772785,25,5021,,,,,
0.002110650297254324,25,5022,,,,,
0.0010178497759625316,25,5023,,,,,
0.021612707525491714,25,5024,,,,,
0.00010096251935465261,25,5025,,,,,
0.00021080972510389984,25,5026,,,,,
0.0020672716200351715,25,5027,,,,,
0.0008842843817546964,25,5028,,,,,
9.703358955448493e-05,25,5029,,,,,
0.014393584802746773,25,5030,,,,,
0.002824555616825819,25,5031,,,,,
0.0009186349925585091,25,5032,,,,,
7.868427928769961e-05,25,5033,,,,,
8.176922710845247e-05,25,5034,,,,,
0.06510711461305618,25,5035,,,,,
0.00013666435552295297,25,5036,,,,,
0.0005325628444552422,25,5037,,,,,
0.03884469345211983,25,5038,,,,,
0.2181568294763565,25,5039,,,,,
0.00013321576989255846,25,5040,,,,,
0.00032389958505518734,25,5041,,,,,
0.00300293555483222,25,5042,,,,,
0.0005034687928855419,25,5043,,,,,
0.00015349643945228308,25,5044,,,,,
0.0009420361602678895,25,5045,,,,,
0.000278457097010687,25,5046,,,,,
0.001795200165361166,25,5047,,,,,
0.0027176712173968554,25,5048,,,,,
0.13526888191699982,25,5049,,,,,
0.030454913154244423,25,5050,,,,,
0.020632946863770485,25,5051,,,,,
5.3295352699933574e-05,25,5052,,,,,
0.0025515095330774784,25,5053,,,,,
0.0009784335270524025,25,5054,,,,,
0.001259324373677373,25,5055,,,,,
0.0020294596906751394,25,5056,,,,,
0.008030427619814873,25,5057,,,,,
0.02416769601404667,25,5058,,,,,
0.0008213743567466736,25,5059,,,,,
0.000698571908287704,25,5060,,,,,
0.029372945427894592,25,5061,,,,,
0.0020036182831972837,25,5062,,,,,
0.0009882742306217551,25,5063,,,,,
0.04730232432484627,25,5064,,,,,
0.008462031371891499,25,5065,,,,,
0.004609626717865467,25,5066,,,,,
0.002049405360594392,25,5067,,,,,
0.0006805190350860357,25,5068,,,,,
0.00010787310020532459,25,5069,,,,,
0.002746497979387641,25,5070,,,,,
0.0014053365448489785,25,5071,,,,,
0.0010381597094237804,25,5072,,,,,
0.00139713566750288,25,5073,,,,,
0.0024550012312829494,25,5074,,,,,
0.0003322951088193804,25,5075,,,,,
0.00530910724774003,25,5076,,,,,
0.00030870805494487286,25,5077,,,,,
0.00046310757170431316,25,5078,,,,,
0.0001238300174009055,25,5079,,,,,
0.007930750027298927,25,5080,,,,,
0.03373609110713005,25,5081,,,,,
0.0011378808412700891,25,5082,,,,,
0.0002516934182494879,25,5083,,,,,
0.00016635548672638834,25,5084,,,,,
0.0018514530966058373,25,5085,,,,,
0.0008329483680427074,25,5086,,,,,
0.00025363327586092055,25,5087,,,,,
0.0001790389942470938,25,5088,,,,,
2.0985695300623775e-05,25,5089,,,,,
0.00039314484456554055,25,5090,,,,,
9.169444820145145e-05,25,5091,,,,,
0.001484844135120511,25,5092,,,,,
0.00017226907948497683,25,5093,,,,,
0.005528059788048267,25,5094,,,,,
0.008559362031519413,25,5095,,,,,
0.00020434733596630394,25,5096,,,,,
0.03175891190767288,25,5097,,,,,
3.218376514269039e-05,25,5098,,,,,
0.0020261041354388,25,5099,,,,,
0.0004790730308741331,25,5100,,,,,
0.27229025959968567,25,5101,,,,,
4.1247123590437695e-05,25,5102,,,,,
0.0004726894258055836,25,5103,,,,,
0.0006328353774733841,25,5104,,,,,
0.0027185140643268824,25,5105,,,,,
0.014119920320808887,25,5106,,,,,
0.0020929952152073383,25,5107,,,,,
0.001049104263074696,25,5108,,,,,
0.006824854761362076,25,5109,,,,,
0.00032205722527578473,25,5110,,,,,
0.00563894072547555,25,5111,,,,,
0.002257040934637189,25,5112,,,,,
0.06582076102495193,25,5113,,,,,
0.20827680826187134,25,5114,,,,,
0.0006239311187528074,25,5115,,,,,
0.0003404769522603601,25,5116,,,,,
0.0006271202000789344,25,5117,,,,,
0.001690424745902419,25,5118,,,,,
0.0012205071980133653,25,5119,,,,,
0.001091334386728704,25,5120,,,,,
0.20067985355854034,25,5121,,,,,
0.032546404749155045,25,5122,,,,,
0.12263772636651993,25,5123,,,,,
0.0010009704856202006,25,5124,,,,,
0.10371816903352737,25,5125,,,,,
0.001906928839161992,25,5126,,,,,
0.00031266766018234193,25,5127,,,,,
0.06022195890545845,25,5128,,,,,
0.0013638533418998122,25,5129,,,,,
0.0009187919786199927,25,5130,,,,,
0.0002969157649204135,25,5131,,,,,
0.0004984094994142652,25,5132,,,,,
0.01270515751093626,25,5133,,,,,
0.049627311527729034,25,5134,,,,,
0.0026766022201627493,25,5135,,,,,
0.01343361847102642,25,5136,,,,,
0.0006997266900725663,25,5137,,,,,
0.0008196746348403394,25,5138,,,,,
0.011426690965890884,25,5139,,,,,
0.0010277263354510069,25,5140,,,,,
0.0006950150127522647,25,5141,,,,,
0.0006085741333663464,25,5142,,,,,
0.004747285507619381,25,5143,,,,,
0.0027595015708357096,25,5144,,,,,
0.000175766836036928,25,5145,,,,,
0.032999105751514435,25,5146,,,,,
0.09718846529722214,25,5147,,,,,
0.0034521613270044327,25,5148,,,,,
0.0007051320280879736,25,5149,,,,,
0.0012689771829172969,25,5150,,,,,
0.0032150677870959044,25,5151,,,,,
0.0010777502320706844,25,5152,,,,,
0.0017407089471817017,25,5153,,,,,
0.0006078557926230133,25,5154,,,,,
0.0006080573657527566,25,5155,,,,,
0.005349029321223497,25,5156,,,,,
0.0019357887795194983,25,5157,,,,,
0.19450609385967255,25,5158,,,,,
0.0018828550819307566,25,5159,,,,,
0.011863178573548794,25,5160,,,,,
0.0008921008557081223,25,5161,,,,,
0.002031652256846428,25,5162,,,,,
0.0008683966007083654,25,5163,,,,,
0.11745315045118332,25,5164,,,,,
0.0004960325313732028,25,5165,,,,,
0.00018637432367540896,25,5166,,,,,
0.09470921009778976,25,5167,,,,,
6.188790575833991e-05,25,5168,,,,,
0.00015043513849377632,25,5169,,,,,
0.0004488561535254121,25,5170,,,,,
0.000920536695048213,25,5171,,,,,
0.0030657905153930187,25,5172,,,,,
0.000269538868451491,25,5173,,,,,
,,4975,8.849648111208808e-06,,,,
,,4976,6.579136424988974e-06,,,,
,,4977,6.579136424988974e-06,,,,
,,4978,7.306955376407132e-05,,,,
,,4979,5.924068773310864e-06,,,,
,,4980,5.924068773310864e-06,,,,
,,4981,5.924068773310864e-06,,,,
,,4982,0.11270902305841446,,,,
,,4983,0.11436571925878525,,,,
,,4984,0.11436571925878525,,,,
,,4985,0.00013466209929902107,,,,
,,4986,0.00017010452575050294,,,,
,,4987,0.00017010452575050294,,,,
,,4988,9.087483340408653e-05,,,,
,,4989,0.00011591130896704271,,,,
,,4990,0.00011591130896704271,,,,
,,4991,9.676840272732079e-05,,,,
,,4992,0.00013465176743920892,,,,
,,4993,0.00013465176743920892,,,,
,,4994,5.278101161820814e-05,,,,
,,4995,0.00010352352546760812,,,,
,,4996,6.300347013166174e-05,,,,
,,4997,6.300347013166174e-05,,,,
,,4998,8.088731556199491e-05,,,,
,,4999,9.843914449447766e-05,,,,
,,5000,9.843914449447766e-05,,,,
,,5001,5.9657595556927845e-05,,,,
,,5002,8.081836858764291e-05,,,,
,,5003,8.081836858764291e-05,,,,
,,5004,6.891308294143528e-05,,,,
,,5005,3.8129655877128243e-05,,,,
,,5006,8.140507998177782e-05,,,,
,,5007,8.140507998177782e-05,,,,
,,5008,1.957560562004801e-05,,,,
,,5009,2.4886519895517267e-05,,,,
,,5010,2.4886519895517267e-05,,,,
,,5011,4.875301237916574e-05,,,,
,,5012,4.875301237916574e-05,,,,
,,5013,4.875301237916574e-05,,,,
,,5014,4.2610568925738335e-05,,,,
,,5015,4.389712557895109e-05,,,,
,,5016,4.389712557895109e-05,,,,
,,5017,3.847396874334663e-05,,,,
,,5018,4.253038059687242e-05,,,,
,,5019,4.253038059687242e-05,,,,
,,5020,3.192779331584461e-05,,,,
,,5021,3.854720125673339e-05,,,,
,,5022,0.00012340584362391382,,,,
,,5023,3.854720125673339e-05,,,,
,,5024,5.876448631170206e-05,,,,
,,5025,7.035360613372177e-05,,,,
,,5026,7.035360613372177e-05,,,,
,,5027,5.464518108055927e-05,,,,
,,5028,5.332466753316112e-05,,,,
,,5029,5.332466753316112e-05,,,,
,,5030,6.12191652180627e-05,,,,
,,5031,6.288172880886123e-05,,,,
,,5032,6.288172880886123e-05,,,,
,,5033,0.34416306018829346,,,,
,,5034,0.23827309906482697,,,,
,,5035,0.23827309906482697,,,,
,,5036,1.7236861822311766e-05,,,,
,,5037,1.262993555428693e-05,,,,
,,5038,1.262993555428693e-05,,,,
,,5039,0.037277951836586,,,,
,,5040,1.2981980944459792e-05,,,,
,,5041,7.95850883150706e-06,,,,
,,5042,7.95850883150706e-06,,,,
,,5043,5.1622205319290515e-06,,,,
,,5044,5.1622205319290515e-06,,,,
,,5045,5.1622205319290515e-06,,,,
,,5046,8.57710256241262e-06,,,,
,,5047,0.03881169483065605,,,,
,,5048,5.157042323844507e-06,,,,
,,5049,5.157042323844507e-06,,,,
,,5050,5.5042587518983055e-06,,,,
,,5051,7.131687198125292e-06,,,,
,,5052,7.131687198125292e-06,,,,
,,5053,6.488287453976227e-06,,,,
,,5054,4.637770871340763e-06,,,,
,,5055,4.637770871340763e-06,,,,
,,5056,4.358840669738129e-06,,,,
,,5057,4.456102033145726e-06,,,,
,,5058,4.456102033145726e-06,,,,
,,5059,4.694505605584709e-06,,,,
,,5060,3.0527737635566154e-06,,,,
,,5061,3.0527737635566154e-06,,,,
,,5062,6.494204626505962e-06,,,,
,,5063,8.074985998973716e-06,,,,
,,5064,3.9199436287162825e-05,,,,
,,5065,8.074985998973716e-06,,,,
,,5066,5.931979558226885e-06,,,,
,,5067,6.079549166315701e-06,,,,
,,5068,6.079549166315701e-06,,,,
,,5069,3.4155762023146963e-06,,,,
,,5070,3.8203424992389046e-06,,,,
,,5071,3.8203424992389046e-06,,,,
,,5072,4.4958514990867116e-06,,,,
,,5073,3.7749280181742506e-06,,,,
,,5074,3.7749280181742506e-06,,,,
,,5075,4.384772637422429e-06,,,,
,,5076,4.384772637422429e-06,,,,
,,5077,4.384772637422429e-06,,,,
,,5078,7.447571988450363e-06,,,,
,,5079,5.4732013268221635e-06,,,,
,,5080,5.4732013268221635e-06,,,,
,,5081,6.058816325094085e-06,,,,
,,5082,4.674110095947981e-05,,,,
,,5083,7.753590580250602e-06,,,,
,,5084,7.753590580250602e-06,,,,
,,5085,0.3484565317630768,,,,
,,5086,0.2792489528656006,,,,
,,5087,0.2792489528656006,,,,
,,5088,1.7890262824948877e-05,,,,
,,5089,0.02092491276562214,,,,
,,5090,1.731859265419189e-05,,,,
,,5091,1.731859265419189e-05,,,,
,,5092,5.208712536841631e-05,,,,
,,5093,1.922223782457877e-05,,,,
,,5094,1.922223782457877e-05,,,,
,,5095,1.2262196833034977e-05,,,,
,,5096,1.3443871466733981e-05,,,,
,,5097,1.3443871466733981e-05,,,,
,,5098,2.256840525660664e-05,,,,
,,5099,1.0712919902289286e-05,,,,
,,5100,1.0712919902289286e-05,,,,
,,5101,9.842176041274797e-06,,,,
,,5102,1.2681076441367622e-05,,,,
,,5103,1.2681076441367622e-05,,,,
,,5104,2.5252615159843117e-05,,,,
,,5105,2.3220707589644007e-05,,,,
,,5106,2.3220707589644007e-05,,,,
,,5107,0.010630358941853046,,,,
,,5108,9.945730198523961e-06,,,,
,,5109,9.945730198523961e-06,,,,
,,5110,9.945730198523961e-06,,,,
,,5111,8.622567293059547e-06,,,,
,,5112,7.72249222791288e-06,,,,
,,5113,7.72249222791288e-06,,,,
,,5114,8.75386376719689e-06,,,,
,,5115,1.0230971383862197e-05,,,,
,,5116,1.0230971383862197e-05,,,,
,,5117,9.22993876883993e-06,,,,
,,5118,7.3226410677307285e-06,,,,
,,5119,7.3226410677307285e-06,,,,
,,5120,5.7737483984965365e-06,,,,
,,5121,6.766381375200581e-06,,,,
,,5122,6.766381375200581e-06,,,,
,,5123,7.0728897298977245e-06,,,,
,,5124,0.03599053993821144,,,,
,,5125,5.348751528799767e-06,,,,
,,5126,5.348751528799767e-06,,,,
,,5127,7.2663983701204415e-06,,,,
,,5128,7.898741387180053e-06,,,,
,,5129,7.898741387180053e-06,,,,
,,5130,9.258273166778963e-06,,,,
,,5131,7.567016382381553e-06,,,,
,,5132,0.00017119248514063656,,,,
,,5133,7.567016382381553e-06,,,,
,,5134,1.1708022611855995e-05,,,,
,,5135,1.4378265404957347e-05,,,,
,,5136,1.4378265404957347e-05,,,,
,,5137,0.24142444133758545,,,,
,,5138,0.23722246289253235,,,,
,,5139,0.23722246289253235,,,,
,,5140,2.0684161427197978e-05,,,,
,,5141,2.0684161427197978e-05,,,,
,,5142,2.0684161427197978e-05,,,,
,,5143,1.664318551775068e-05,,,,
,,5144,1.5377450836240314e-05,,,,
,,5145,1.5377450836240314e-05,,,,
,,5146,7.142055437725503e-06,,,,
,,5147,8.588053788116667e-06,,,,
,,5148,8.588053788116667e-06,,,,
,,5149,2.0394945750012994e-05,,,,
,,5150,0.014282350428402424,,,,
,,5151,1.3907017091696616e-05,,,,
,,5152,1.3907017091696616e-05,,,,
,,5153,7.2923330662888475e-06,,,,
,,5154,9.150462574325502e-06,,,,
,,5155,9.150462574325502e-06,,,,
,,5156,1.263578815269284e-05,,,,
,,5157,8.43775433168048e-06,,,,
,,5158,8.43775433168048e-06,,,,
,,5159,1.1795616956078447e-05,,,,
,,5160,1.38843342938344e-05,,,,
,,5161,1.38843342938344e-05,,,,
,,5162,8.401095328736119e-06,,,,
,,5163,1.0220465810562018e-05,,,,
,,5164,1.0220465810562018e-05,,,,
,,5165,9.365289770357776e-06,,,,
,,5166,0.00015095880371518433,,,,
,,5167,1.102342957892688e-05,,,,
,,5168,1.102342957892688e-05,,,,
,,5169,1.165923458756879e-05,,,,
,,5170,9.451112418901175e-06,,,,
,,5171,9.451112418901175e-06,,,,
,,5172,5.830761892866576e-06,,,,
,,5173,5.830761892866576e-06,,,,
,25,5173,,0.014814584515988827,,,
,25,5173,,,0.01734108105301857,0.9396985173225403,0.9396985173225403
0.06236407533288002,26,5174,,,,,
0.06104952469468117,26,5175,,,,,
4.768419239553623e-05,26,5176,,,,,
0.0011042330879718065,26,5177,,,,,
0.0008866626303642988,26,5178,,,,,
0.00016184286505449563,26,5179,,,,,
0.0002680903417058289,26,5180,,,,,
0.0010105636902153492,26,5181,,,,,
0.0004579699889291078,26,5182,,,,,
0.0006072021787986159,26,5183,,,,,
0.00017314471188001335,26,5184,,,,,
0.00011123818694613874,26,5185,,,,,
0.013140461407601833,26,5186,,,,,
0.0032853097654879093,26,5187,,,,,
7.377236033789814e-05,26,5188,,,,,
0.0002529376943130046,26,5189,,,,,
0.0007638072711415589,26,5190,,,,,
0.0001400498003931716,26,5191,,,,,
0.0052106427028775215,26,5192,,,,,
0.0007878524484112859,26,5193,,,,,
0.01361886877566576,26,5194,,,,,
0.0016429141396656632,26,5195,,,,,
0.00014349137200042605,26,5196,,,,,
0.00017941991973202676,26,5197,,,,,
0.10639958083629608,26,5198,,,,,
0.00494830496609211,26,5199,,,,,
0.0006411650101654232,26,5200,,,,,
0.0001413240097463131,26,5201,,,,,
0.001392005360685289,26,5202,,,,,
0.0006150850676931441,26,5203,,,,,
0.00010884615039685741,26,5204,,,,,
0.00017702004697639495,26,5205,,,,,
0.0002604118490125984,26,5206,,,,,
0.00010072627628687769,26,5207,,,,,
0.00015617675671819597,26,5208,,,,,
7.505960093112662e-05,26,5209,,,,,
0.0014620021684095263,26,5210,,,,,
0.04620053619146347,26,5211,,,,,
0.016661837697029114,26,5212,,,,,
0.00012043666356476024,26,5213,,,,,
0.0018798299133777618,26,5214,,,,,
0.0001413461723132059,26,5215,,,,,
2.7205838705413043e-05,26,5216,,,,,
0.01694856584072113,26,5217,,,,,
9.087162470677868e-05,26,5218,,,,,
0.0006025679758749902,26,5219,,,,,
0.0012728016590699553,26,5220,,,,,
0.0021572767291218042,26,5221,,,,,
0.00030658894684165716,26,5222,,,,,
0.0002826749987434596,26,5223,,,,,
0.0009201385546475649,26,5224,,,,,
0.00013856629084330052,26,5225,,,,,
0.003499017097055912,26,5226,,,,,
0.00010249270417261869,26,5227,,,,,
6.466403283411637e-05,26,5228,,,,,
0.0003330085310153663,26,5229,,,,,
7.460852066287771e-05,26,5230,,,,,
0.00032610964262858033,26,5231,,,,,
6.876626139273867e-05,26,5232,,,,,
6.414539529941976e-05,26,5233,,,,,
0.003919318318367004,26,5234,,,,,
0.0001372578408336267,26,5235,,,,,
0.00034020491875708103,26,5236,,,,,
0.0002776971959974617,26,5237,,,,,
0.0046968222595751286,26,5238,,,,,
0.0004819102177862078,26,5239,,,,,
0.0039049088954925537,26,5240,,,,,
0.0005491152405738831,26,5241,,,,,
2.92248951154761e-05,26,5242,,,,,
3.460992957116105e-05,26,5243,,,,,
0.009132005274295807,26,5244,,,,,
0.037608131766319275,26,5245,,,,,
0.0009357263916172087,26,5246,,,,,
0.00279537052847445,26,5247,,,,,
3.257608477724716e-05,26,5248,,,,,
0.06692469865083694,26,5249,,,,,
0.0001015292655210942,26,5250,,,,,
0.00018905586330220103,26,5251,,,,,
0.0001096748310374096,26,5252,,,,,
0.012622751295566559,26,5253,,,,,
0.0009230186115019023,26,5254,,,,,
0.07367865741252899,26,5255,,,,,
0.012984643690288067,26,5256,,,,,
0.00010827046207850799,26,5257,,,,,
0.00020937273802701384,26,5258,,,,,
0.0003922888427041471,26,5259,,,,,
0.09547092765569687,26,5260,,,,,
0.00023259257432073355,26,5261,,,,,
0.0010629649041220546,26,5262,,,,,
0.0004289214557502419,26,5263,,,,,
8.590322977397591e-05,26,5264,,,,,
0.000261805864283815,26,5265,,,,,
0.0028414949774742126,26,5266,,,,,
0.06869398802518845,26,5267,,,,,
0.0007253737421706319,26,5268,,,,,
0.004407153930515051,26,5269,,,,,
0.00026445824187248945,26,5270,,,,,
0.2804681658744812,26,5271,,,,,
0.006632184609770775,26,5272,,,,,
0.0005823304527439177,26,5273,,,,,
0.03014644794166088,26,5274,,,,,
0.015671098604798317,26,5275,,,,,
9.609160770196468e-05,26,5276,,,,,
0.00023391700233332813,26,5277,,,,,
0.010245045647025108,26,5278,,,,,
0.008108007721602917,26,5279,,,,,
0.07106094807386398,26,5280,,,,,
0.0021286681294441223,26,5281,,,,,
0.0006047135102562606,26,5282,,,,,
0.0013718337286263704,26,5283,,,,,
0.00028347346233204007,26,5284,,,,,
0.0006440131110139191,26,5285,,,,,
0.008684680797159672,26,5286,,,,,
0.05605596676468849,26,5287,,,,,
0.032988838851451874,26,5288,,,,,
0.0022826034110039473,26,5289,,,,,
0.0021429017651826143,26,5290,,,,,
0.0005067660240456462,26,5291,,,,,
0.001354430103674531,26,5292,,,,,
8.864843402989209e-05,26,5293,,,,,
0.07628996670246124,26,5294,,,,,
0.004376147408038378,26,5295,,,,,
0.0009578455938026309,26,5296,,,,,
0.00013621189282275736,26,5297,,,,,
0.0002640543389134109,26,5298,,,,,
0.002706935629248619,26,5299,,,,,
0.08564989268779755,26,5300,,,,,
0.033474963158369064,26,5301,,,,,
0.00019280750711914152,26,5302,,,,,
0.0002740884374361485,26,5303,,,,,
0.276315838098526,26,5304,,,,,
0.007287772838026285,26,5305,,,,,
0.1389329880475998,26,5306,,,,,
4.84419651911594e-05,26,5307,,,,,
0.00022362888557836413,26,5308,,,,,
0.0010548554128035903,26,5309,,,,,
0.0014042387483641505,26,5310,,,,,
0.0005375942564569414,26,5311,,,,,
7.104407268343493e-05,26,5312,,,,,
0.009345447644591331,26,5313,,,,,
0.0029166857711970806,26,5314,,,,,
0.001725597190670669,26,5315,,,,,
0.0006063324399292469,26,5316,,,,,
0.19065715372562408,26,5317,,,,,
0.09014396369457245,26,5318,,,,,
0.03605256602168083,26,5319,,,,,
0.006553099025040865,26,5320,,,,,
0.008908083662390709,26,5321,,,,,
0.025517266243696213,26,5322,,,,,
0.018947359174489975,26,5323,,,,,
0.030400579795241356,26,5324,,,,,
0.003764115972444415,26,5325,,,,,
0.00018649722915142775,26,5326,,,,,
0.000269978103460744,26,5327,,,,,
0.0089980224147439,26,5328,,,,,
0.023419175297021866,26,5329,,,,,
0.07747204601764679,26,5330,,,,,
0.0007114592008292675,26,5331,,,,,
0.00310117076151073,26,5332,,,,,
0.0006353267817758024,26,5333,,,,,
0.0010059040505439043,26,5334,,,,,
0.0002971605281345546,26,5335,,,,,
0.0030877278186380863,26,5336,,,,,
0.003519380697980523,26,5337,,,,,
0.0011022222461178899,26,5338,,,,,
0.002560298191383481,26,5339,,,,,
0.001647462253458798,26,5340,,,,,
0.00012157222954556346,26,5341,,,,,
0.0008305673836730421,26,5342,,,,,
0.002394302748143673,26,5343,,,,,
0.015311981551349163,26,5344,,,,,
0.009785785339772701,26,5345,,,,,
0.00039126756018958986,26,5346,,,,,
0.09004028886556625,26,5347,,,,,
0.00032824702793732285,26,5348,,,,,
0.0032005927059799433,26,5349,,,,,
0.00011774078302551061,26,5350,,,,,
0.0036925282329320908,26,5351,,,,,
0.002191347535699606,26,5352,,,,,
0.0008561827708035707,26,5353,,,,,
0.017455751076340675,26,5354,,,,,
0.012972700409591198,26,5355,,,,,
0.0005229926900938153,26,5356,,,,,
0.00010047684918390587,26,5357,,,,,
9.517128637526184e-05,26,5358,,,,,
0.0008034383063204587,26,5359,,,,,
0.10659237951040268,26,5360,,,,,
0.04698581248521805,26,5361,,,,,
0.00012661430810112506,26,5362,,,,,
0.0025472543202340603,26,5363,,,,,
0.0005068605532869697,26,5364,,,,,
0.00026785038062371314,26,5365,,,,,
0.0006262982496991754,26,5366,,,,,
0.03238831087946892,26,5367,,,,,
0.00015169389371294528,26,5368,,,,,
0.05776998773217201,26,5369,,,,,
0.0005072691128589213,26,5370,,,,,
0.00017835618928074837,26,5371,,,,,
0.0003196743782609701,26,5372,,,,,
,,5174,3.0369778869498987e-06,,,,
,,5175,2.843973106791964e-06,,,,
,,5176,2.843973106791964e-06,,,,
,,5177,2.4272070731967688e-05,,,,
,,5178,2.5811255000007804e-06,,,,
,,5179,2.5811255000007804e-06,,,,
,,5180,2.5811255000007804e-06,,,,
,,5181,0.22635746002197266,,,,
,,5182,0.2033671885728836,,,,
,,5183,0.2033671885728836,,,,
,,5184,4.16321236116346e-05,,,,
,,5185,5.51972771063447e-05,,,,
,,5186,5.51972771063447e-05,,,,
,,5187,2.0631292500183918e-05,,,,
,,5188,2.2214127966435626e-05,,,,
,,5189,2.2214127966435626e-05,,,,
,,5190,1.3422350093605928e-05,,,,
,,5191,1.7958023818209767e-05,,,,
,,5192,1.7958023818209767e-05,,,,
,,5193,1.1363646081008483e-05,,,,
,,5194,1.4309484868135769e-05,,,,
,,5195,1.1655355592665728e-05,,,,
,,5196,1.1655355592665728e-05,,,,
,,5197,1.1738243301806506e-05,,,,
,,5198,1.57022695930209e-05,,,,
,,5199,1.57022695930209e-05,,,,
,,5200,1.2311238606343977e-05,,,,
,,5201,1.8422140783513896e-05,,,,
,,5202,1.8422140783513896e-05,,,,
,,5203,1.2707133464573417e-05,,,,
,,5204,7.4759568633453455e-06,,,,
,,5205,1.5449602869921364e-05,,,,
,,5206,1.5449602869921364e-05,,,,
,,5207,4.915772478852887e-06,,,,
,,5208,6.2155872910807375e-06,,,,
,,5209,6.2155872910807375e-06,,,,
,,5210,1.4199610632203985e-05,,,,
,,5211,1.4199610632203985e-05,,,,
,,5212,1.4199610632203985e-05,,,,
,,5213,1.7561020285938866e-05,,,,
,,5214,1.7412297893315554e-05,,,,
,,5215,1.7412297893315554e-05,,,,
,,5216,1.0313263373973314e-05,,,,
,,5217,1.2614092156582046e-05,,,,
,,5218,1.2614092156582046e-05,,,,
,,5219,7.980856935319025e-06,,,,
,,5220,8.009209523152094e-06,,,,
,,5221,1.2743437764584087e-05,,,,
,,5222,8.009209523152094e-06,,,,
,,5223,2.4574590497650206e-05,,,,
,,5224,2.344731728953775e-05,,,,
,,5225,2.344731728953775e-05,,,,
,,5226,1.3911876521888189e-05,,,,
,,5227,1.1391215593903325e-05,,,,
,,5228,1.1391215593903325e-05,,,,
,,5229,1.1992152394668665e-05,,,,
,,5230,1.3095851500111166e-05,,,,
,,5231,1.3095851500111166e-05,,,,
,,5232,0.4117546081542969,,,,
,,5233,0.31509533524513245,,,,
,,5234,0.31509533524513245,,,,
,,5235,3.514954005368054e-05,,,,
,,5236,1.6369547665817663e-05,,,,
,,5237,1.6369547665817663e-05,,,,
,,5238,0.0026639867573976517,,,,
,,5239,3.718165316968225e-06,,,,
,,5240,2.4693238174222643e-06,,,,
,,5241,2.4693238174222643e-06,,,,
,,5242,2.5655742774688406e-06,,,,
,,5243,2.5655742774688406e-06,,,,
,,5244,2.5655742774688406e-06,,,,
,,5245,2.792889745251159e-06,,,,
,,5246,0.0014421731466427445,,,,
,,5247,2.1094751900818665e-06,,,,
,,5248,2.1094751900818665e-06,,,,
,,5249,2.1561238554568263e-06,,,,
,,5250,2.6225895908282837e-06,,,,
,,5251,2.6225895908282837e-06,,,,
,,5252,1.4872745168759138e-06,,,,
,,5253,1.4191554100762005e-06,,,,
,,5254,1.4191554100762005e-06,,,,
,,5255,1.5911780337773962e-06,,,,
,,5256,1.4759201576453052e-06,,,,
,,5257,1.4759201576453052e-06,,,,
,,5258,1.1637075658654794e-06,,,,
,,5259,1.218005309056025e-06,,,,
,,5260,1.218005309056025e-06,,,,
,,5261,3.2289906357618747e-06,,,,
,,5262,3.249719156883657e-06,,,,
,,5263,5.923953267483739e-06,,,,
,,5264,3.249719156883657e-06,,,,
,,5265,2.384174422331853e-06,,,,
,,5266,3.1927081636240473e-06,,,,
,,5267,3.1927081636240473e-06,,,,
,,5268,1.7881320673041046e-06,,,,
,,5269,1.5440405150002334e-06,,,,
,,5270,1.5440405150002334e-06,,,,
,,5271,1.4361847888721968e-06,,,,
,,5272,1.2545332310764934e-06,,,,
,,5273,1.2545332310764934e-06,,,,
,,5274,2.3711905669188127e-05,,,,
,,5275,2.3711905669188127e-05,,,,
,,5276,2.3711905669188127e-05,,,,
,,5277,2.276320401506382e-06,,,,
,,5278,2.415271410427522e-06,,,,
,,5279,2.415271410427522e-06,,,,
,,5280,2.591489192127483e-06,,,,
,,5281,9.416896318725776e-06,,,,
,,5282,2.4826495064189658e-06,,,,
,,5283,2.4826495064189658e-06,,,,
,,5284,0.3499102294445038,,,,
,,5285,0.3863481283187866,,,,
,,5286,0.3863481283187866,,,,
,,5287,6.365940498653799e-05,,,,
,,5288,0.04916803911328316,,,,
,,5289,2.9608643671963364e-05,,,,
,,5290,2.9608643671963364e-05,,,,
,,5291,2.825338924594689e-05,,,,
,,5292,9.976904948416632e-06,,,,
,,5293,9.976904948416632e-06,,,,
,,5294,7.639513569301926e-06,,,,
,,5295,7.57731049816357e-06,,,,
,,5296,7.57731049816357e-06,,,,
,,5297,1.4689983800053596e-05,,,,
,,5298,5.87226486459258e-06,,,,
,,5299,5.87226486459258e-06,,,,
,,5300,4.695746156357927e-06,,,,
,,5301,8.168430213117972e-06,,,,
,,5302,8.168430213117972e-06,,,,
,,5303,1.2527450962807052e-05,,,,
,,5304,1.1488747077237349e-05,,,,
,,5305,1.1488747077237349e-05,,,,
,,5306,0.009511280804872513,,,,
,,5307,4.307001745473826e-06,,,,
,,5308,4.307001745473826e-06,,,,
,,5309,4.307001745473826e-06,,,,
,,5310,3.950885457015829e-06,,,,
,,5311,3.482946567601175e-06,,,,
,,5312,3.482946567601175e-06,,,,
,,5313,4.14117948821513e-06,,,,
,,5314,4.908237769996049e-06,,,,
,,5315,4.908237769996049e-06,,,,
,,5316,4.0928125599748455e-06,,,,
,,5317,3.718156676768558e-06,,,,
,,5318,3.718156676768558e-06,,,,
,,5319,3.379292820682167e-06,,,,
,,5320,3.2299728900397895e-06,,,,
,,5321,3.2299728900397895e-06,,,,
,,5322,2.6452919428265886e-06,,,,
,,5323,0.09544225037097931,,,,
,,5324,2.3427076030202443e-06,,,,
,,5325,2.3427076030202443e-06,,,,
,,5326,3.39116741088219e-05,,,,
,,5327,3.3290143619524315e-05,,,,
,,5328,3.3290143619524315e-05,,,,
,,5329,3.303768380646943e-06,,,,
,,5330,3.4933168535644654e-06,,,,
,,5331,4.557387001113966e-05,,,,
,,5332,3.4933168535644654e-06,,,,
,,5333,5.898119070479879e-06,,,,
,,5334,1.1579542842810042e-05,,,,
,,5335,1.1579542842810042e-05,,,,
,,5336,0.2910897135734558,,,,
,,5337,0.3731304407119751,,,,
,,5338,0.3731304407119751,,,,
,,5339,2.806106385833118e-05,,,,
,,5340,2.806106385833118e-05,,,,
,,5341,2.806106385833118e-05,,,,
,,5342,7.80518621468218e-06,,,,
,,5343,6.105462944105966e-06,,,,
,,5344,6.105462944105966e-06,,,,
,,5345,3.685077899717726e-06,,,,
,,5346,3.8768498598074075e-06,,,,
,,5347,3.8768498598074075e-06,,,,
,,5348,9.922433491738047e-06,,,,
,,5349,0.004816440399736166,,,,
,,5350,8.821227311273105e-06,,,,
,,5351,8.821227311273105e-06,,,,
,,5352,3.913123236998217e-06,,,,
,,5353,4.671796432376141e-06,,,,
,,5354,4.671796432376141e-06,,,,
,,5355,5.653816970152548e-06,,,,
,,5356,3.6228721000952646e-06,,,,
,,5357,3.6228721000952646e-06,,,,
,,5358,5.669965958077228e-06,,,,
,,5359,6.234874490473885e-06,,,,
,,5360,6.234874490473885e-06,,,,
,,5361,4.149518190388335e-06,,,,
,,5362,4.286250714358175e-06,,,,
,,5363,4.286250714358175e-06,,,,
,,5364,5.208781658438966e-06,,,,
,,5365,2.538911758165341e-05,,,,
,,5366,5.347230853658402e-06,,,,
,,5367,5.347230853658402e-06,,,,
,,5368,7.322607416426763e-06,,,,
,,5369,6.851442776678596e-06,,,,
,,5370,6.851442776678596e-06,,,,
,,5371,2.824714101734571e-06,,,,
,,5372,2.824714101734571e-06,,,,
,26,5372,,0.02010003849864006,,,
,26,5372,,,0.014623877592384815,0.9346733689308167,0.9346733689308167
0.000990870757959783,27,5373,,,,,
8.147879998432472e-05,27,5374,,,,,
0.0024167930241674185,27,5375,,,,,
0.002426430117338896,27,5376,,,,,
0.001780884456820786,27,5377,,,,,
0.00011156645632581785,27,5378,,,,,
0.001744623645208776,27,5379,,,,,
7.417140295729041e-05,27,5380,,,,,
0.0007521442021243274,27,5381,,,,,
0.0005897710216231644,27,5382,,,,,
0.0006176214665174484,27,5383,,,,,
0.00013193390623200685,27,5384,,,,,
0.008477932773530483,27,5385,,,,,
0.00028720268164761364,27,5386,,,,,
0.0072259181179106236,27,5387,,,,,
0.0009406258468516171,27,5388,,,,,
0.00010623317211866379,27,5389,,,,,
0.03308669850230217,27,5390,,,,,
0.00025882155750878155,27,5391,,,,,
9.952561231330037e-05,27,5392,,,,,
0.0011126961326226592,27,5393,,,,,
0.00011359220661688596,27,5394,,,,,
0.10173454135656357,27,5395,,,,,
0.00014604082389269024,27,5396,,,,,
0.00031760643469169736,27,5397,,,,,
5.00617315992713e-05,27,5398,,,,,
0.0011629392392933369,27,5399,,,,,
0.0011536572128534317,27,5400,,,,,
0.0005849223816767335,27,5401,,,,,
4.2494873923715204e-05,27,5402,,,,,
0.0009117904119193554,27,5403,,,,,
0.0065055787563323975,27,5404,,,,,
0.1555744707584381,27,5405,,,,,
0.007537581492215395,27,5406,,,,,
9.744618728291243e-05,27,5407,,,,,
0.00011578918201848865,27,5408,,,,,
0.0007866324740462005,27,5409,,,,,
0.01188664324581623,27,5410,,,,,
0.0013131668092682958,27,5411,,,,,
0.001261673984117806,27,5412,,,,,
0.00010355928679928184,27,5413,,,,,
0.00077743676956743,27,5414,,,,,
0.00028828595532104373,27,5415,,,,,
0.01961538940668106,27,5416,,,,,
8.089764742180705e-05,27,5417,,,,,
9.454595419811085e-05,27,5418,,,,,
2.856654828065075e-05,27,5419,,,,,
0.003679919522255659,27,5420,,,,,
6.011556615703739e-05,27,5421,,,,,
0.0037189731374382973,27,5422,,,,,
0.0008244691998697817,27,5423,,,,,
0.0021848417818546295,27,5424,,,,,
0.002207315992563963,27,5425,,,,,
0.000874424644280225,27,5426,,,,,
0.0004991928581148386,27,5427,,,,,
0.02491733245551586,27,5428,,,,,
0.003607581602409482,27,5429,,,,,
0.0007486881804652512,27,5430,,,,,
0.0009926033671945333,27,5431,,,,,
0.0064145405776798725,27,5432,,,,,
4.328299473854713e-05,27,5433,,,,,
0.00027260728529654443,27,5434,,,,,
0.077602319419384,27,5435,,,,,
0.0005734526785090566,27,5436,,,,,
0.0003318847739137709,27,5437,,,,,
0.0058330632746219635,27,5438,,,,,
0.0020826866384595633,27,5439,,,,,
0.3169931471347809,27,5440,,,,,
4.526750126387924e-05,27,5441,,,,,
9.961974137695506e-05,27,5442,,,,,
0.0002946857421193272,27,5443,,,,,
0.0014324841322377324,27,5444,,,,,
0.13401314616203308,27,5445,,,,,
0.003634967375546694,27,5446,,,,,
0.08470624685287476,27,5447,,,,,
0.03845084086060524,27,5448,,,,,
0.05604179948568344,27,5449,,,,,
0.0008185617625713348,27,5450,,,,,
0.0005699654575437307,27,5451,,,,,
3.681185989989899e-05,27,5452,,,,,
0.004211563151329756,27,5453,,,,,
0.0006166437524370849,27,5454,,,,,
0.00015378349053207785,27,5455,,,,,
0.0002447328297421336,27,5456,,,,,
0.0013970138970762491,27,5457,,,,,
0.02368392050266266,27,5458,,,,,
0.017681624740362167,27,5459,,,,,
0.014697981998324394,27,5460,,,,,
0.008714216761291027,27,5461,,,,,
0.0008555407985113561,27,5462,,,,,
0.0343918576836586,27,5463,,,,,
0.0006257412605918944,27,5464,,,,,
0.002091857371851802,27,5465,,,,,
0.0004190912295598537,27,5466,,,,,
0.018747340887784958,27,5467,,,,,
0.4015558362007141,27,5468,,,,,
0.003688500262796879,27,5469,,,,,
0.004176208283752203,27,5470,,,,,
0.0010385859059169888,27,5471,,,,,
0.0009052316891029477,27,5472,,,,,
0.0002212413673987612,27,5473,,,,,
0.0013425976503640413,27,5474,,,,,
0.18023286759853363,27,5475,,,,,
0.0015651969006285071,27,5476,,,,,
0.007767235394567251,27,5477,,,,,
0.0018022239673882723,27,5478,,,,,
0.0017682099714875221,27,5479,,,,,
0.00015979234012775123,27,5480,,,,,
0.0029150526970624924,27,5481,,,,,
0.0004412067646626383,27,5482,,,,,
0.004800901282578707,27,5483,,,,,
0.39298108220100403,27,5484,,,,,
0.0603397861123085,27,5485,,,,,
0.0014015076449140906,27,5486,,,,,
0.008328652009367943,27,5487,,,,,
0.0006062000757083297,27,5488,,,,,
0.0005725163500756025,27,5489,,,,,
0.022409876808524132,27,5490,,,,,
0.001995149301365018,27,5491,,,,,
0.0025936244055628777,27,5492,,,,,
0.0041253697127103806,27,5493,,,,,
0.0005189186776988208,27,5494,,,,,
0.003916856832802296,27,5495,,,,,
0.009375554509460926,27,5496,,,,,
0.01560897659510374,27,5497,,,,,
0.00155026710126549,27,5498,,,,,
0.0029886935371905565,27,5499,,,,,
0.00020580638374667615,27,5500,,,,,
0.0003402821021154523,27,5501,,,,,
3.2499097869731486e-05,27,5502,,,,,
0.004681407939642668,27,5503,,,,,
0.03060048073530197,27,5504,,,,,
0.014854498207569122,27,5505,,,,,
0.2664676308631897,27,5506,,,,,
0.00043280774843879044,27,5507,,,,,
0.006242348346859217,27,5508,,,,,
0.000314354314468801,27,5509,,,,,
0.00016305033932439983,27,5510,,,,,
0.0012517620343714952,27,5511,,,,,
0.00023330675321631134,27,5512,,,,,
0.0038675027899444103,27,5513,,,,,
0.0003846125036943704,27,5514,,,,,
0.0005323775694705546,27,5515,,,,,
0.0029169016052037477,27,5516,,,,,
0.01186825055629015,27,5517,,,,,
0.01365981251001358,27,5518,,,,,
9.58632881520316e-05,27,5519,,,,,
0.0006773063796572387,27,5520,,,,,
0.007596195675432682,27,5521,,,,,
0.00029389854171313345,27,5522,,,,,
0.01979438215494156,27,5523,,,,,
0.005758419632911682,27,5524,,,,,
0.05444401875138283,27,5525,,,,,
0.03388278931379318,27,5526,,,,,
0.004657420329749584,27,5527,,,,,
0.0007030210108496249,27,5528,,,,,
0.07044386118650436,27,5529,,,,,
0.0016807970823720098,27,5530,,,,,
0.008780633099377155,27,5531,,,,,
0.01996554248034954,27,5532,,,,,
0.001123105175793171,27,5533,,,,,
0.0013091141590848565,27,5534,,,,,
0.02121492102742195,27,5535,,,,,
0.001509198802523315,27,5536,,,,,
0.0023803398944437504,27,5537,,,,,
0.027400949969887733,27,5538,,,,,
0.0002466794685460627,27,5539,,,,,
0.0019760983996093273,27,5540,,,,,
0.00028269109316170216,27,5541,,,,,
0.039960432797670364,27,5542,,,,,
0.29030412435531616,27,5543,,,,,
0.018167052417993546,27,5544,,,,,
0.0029354810249060392,27,5545,,,,,
0.00030621173209510744,27,5546,,,,,
0.00039744473178870976,27,5547,,,,,
0.0015513809630647302,27,5548,,,,,
0.0001596168294781819,27,5549,,,,,
0.00014726162771694362,27,5550,,,,,
0.001073373481631279,27,5551,,,,,
0.0003236615448258817,27,5552,,,,,
0.0002573670935817063,27,5553,,,,,
0.012928551994264126,27,5554,,,,,
0.13776572048664093,27,5555,,,,,
0.0030060827266424894,27,5556,,,,,
0.004587186966091394,27,5557,,,,,
0.0009402690338902175,27,5558,,,,,
0.0007672050269320607,27,5559,,,,,
0.000572028337046504,27,5560,,,,,
0.00015743120457045734,27,5561,,,,,
0.0008810976287350059,27,5562,,,,,
0.002735577756538987,27,5563,,,,,
0.04499997943639755,27,5564,,,,,
0.0003384713490959257,27,5565,,,,,
0.0006271455204114318,27,5566,,,,,
0.025173379108309746,27,5567,,,,,
0.0001677724503679201,27,5568,,,,,
0.007017824333161116,27,5569,,,,,
0.0028998423367738724,27,5570,,,,,
0.0046724118292331696,27,5571,,,,,
,,5373,4.052492295159027e-05,,,,
,,5374,6.79317454341799e-05,,,,
,,5375,6.79317454341799e-05,,,,
,,5376,0.00026366361998952925,,,,
,,5377,3.7514237192226574e-05,,,,
,,5378,3.7514237192226574e-05,,,,
,,5379,3.7514237192226574e-05,,,,
,,5380,0.0015255067264661193,,,,
,,5381,0.0024903900921344757,,,,
,,5382,0.0024903900921344757,,,,
,,5383,0.0015892869560047984,,,,
,,5384,0.002420088741928339,,,,
,,5385,0.002420088741928339,,,,
,,5386,0.00032631843350827694,,,,
,,5387,0.00036714435555040836,,,,
,,5388,0.00036714435555040836,,,,
,,5389,0.00022372927924152464,,,,
,,5390,0.0001935596956172958,,,,
,,5391,0.0001935596956172958,,,,
,,5392,0.0002361572114750743,,,,
,,5393,0.00013241838314570487,,,,
,,5394,0.0003408415359444916,,,,
,,5395,0.0003408415359444916,,,,
,,5396,0.0002715174632612616,,,,
,,5397,0.00021224920055828989,,,,
,,5398,0.00021224920055828989,,,,
,,5399,0.00025048197130672634,,,,
,,5400,0.00023408261768054217,,,,
,,5401,0.00023408261768054217,,,,
,,5402,0.00028397439746186137,,,,
,,5403,3.618473056121729e-05,,,,
,,5404,0.00026745718787424266,,,,
,,5405,0.00026745718787424266,,,,
,,5406,8.521663403371349e-05,,,,
,,5407,7.360943709500134e-05,,,,
,,5408,7.360943709500134e-05,,,,
,,5409,0.00026824025553651154,,,,
,,5410,0.00026824025553651154,,,,
,,5411,0.00026824025553651154,,,,
,,5412,0.00025791130610741675,,,,
,,5413,0.00024385785218328238,,,,
,,5414,0.00024385785218328238,,,,
,,5415,0.00022367341443896294,,,,
,,5416,0.00020992255304008722,,,,
,,5417,0.00020992255304008722,,,,
,,5418,0.00016349081124644727,,,,
,,5419,0.00018363798153586686,,,,
,,5420,3.8828518881928176e-05,,,,
,,5421,0.00018363798153586686,,,,
,,5422,0.00032013989402912557,,,,
,,5423,0.0002525694144424051,,,,
,,5424,0.0002525694144424051,,,,
,,5425,0.00015827447350602597,,,,
,,5426,0.00018648395780473948,,,,
,,5427,0.00018648395780473948,,,,
,,5428,0.0002660045283846557,,,,
,,5429,0.00020676686835940927,,,,
,,5430,0.00020676686835940927,,,,
,,5431,0.015058747492730618,,,,
,,5432,0.007323337718844414,,,,
,,5433,0.007323337718844414,,,,
,,5434,3.88273510907311e-05,,,,
,,5435,3.6892099160468206e-05,,,,
,,5436,3.6892099160468206e-05,,,,
,,5437,0.013794481754302979,,,,
,,5438,1.7233260223292746e-05,,,,
,,5439,1.3958349882159382e-05,,,,
,,5440,1.3958349882159382e-05,,,,
,,5441,7.95562027633423e-06,,,,
,,5442,7.95562027633423e-06,,,,
,,5443,7.95562027633423e-06,,,,
,,5444,2.142235098290257e-05,,,,
,,5445,0.005791171453893185,,,,
,,5446,1.566733953950461e-05,,,,
,,5447,1.566733953950461e-05,,,,
,,5448,1.4314295185613446e-05,,,,
,,5449,1.192043418996036e-05,,,,
,,5450,1.192043418996036e-05,,,,
,,5451,1.9288094335934147e-05,,,,
,,5452,1.5416997484862804e-05,,,,
,,5453,1.5416997484862804e-05,,,,
,,5454,1.1101423297077417e-05,,,,
,,5455,1.4270563042373396e-05,,,,
,,5456,1.4270563042373396e-05,,,,
,,5457,1.6983474779408425e-05,,,,
,,5458,5.4627794270345476e-06,,,,
,,5459,5.4627794270345476e-06,,,,
,,5460,1.3547539310820866e-05,,,,
,,5461,1.4418429600482341e-05,,,,
,,5462,4.136048664804548e-05,,,,
,,5463,1.4418429600482341e-05,,,,
,,5464,2.4243074221885763e-05,,,,
,,5465,1.4034840205567889e-05,,,,
,,5466,1.4034840205567889e-05,,,,
,,5467,7.898564035713207e-06,,,,
,,5468,1.0898662367253564e-05,,,,
,,5469,1.0898662367253564e-05,,,,
,,5470,2.091130954795517e-05,,,,
,,5471,1.2959237210452557e-05,,,,
,,5472,1.2959237210452557e-05,,,,
,,5473,8.385671208088752e-06,,,,
,,5474,8.385671208088752e-06,,,,
,,5475,8.385671208088752e-06,,,,
,,5476,2.119523378496524e-05,,,,
,,5477,1.3314660463947803e-05,,,,
,,5478,1.3314660463947803e-05,,,,
,,5479,1.3589086847787257e-05,,,,
,,5480,5.7010074669960886e-05,,,,
,,5481,2.0833882445003837e-05,,,,
,,5482,2.0833882445003837e-05,,,,
,,5483,0.015073302201926708,,,,
,,5484,0.0023969458416104317,,,,
,,5485,0.0023969458416104317,,,,
,,5486,9.329381282441318e-05,,,,
,,5487,0.018570370972156525,,,,
,,5488,0.00012015749962301925,,,,
,,5489,0.00012015749962301925,,,,
,,5490,0.00011113406799267977,,,,
,,5491,0.00010088286217069253,,,,
,,5492,0.00010088286217069253,,,,
,,5493,8.576493564760312e-05,,,,
,,5494,5.99053964833729e-05,,,,
,,5495,5.99053964833729e-05,,,,
,,5496,9.29951056605205e-05,,,,
,,5497,5.191118543734774e-05,,,,
,,5498,5.191118543734774e-05,,,,
,,5499,5.6063618103507906e-05,,,,
,,5500,6.223769014468417e-05,,,,
,,5501,6.223769014468417e-05,,,,
,,5502,0.00010474798182258382,,,,
,,5503,5.460186366690323e-05,,,,
,,5504,5.460186366690323e-05,,,,
,,5505,0.009330290369689465,,,,
,,5506,6.335191574180499e-05,,,,
,,5507,6.335191574180499e-05,,,,
,,5508,6.335191574180499e-05,,,,
,,5509,6.748212035745382e-05,,,,
,,5510,3.0105971745797433e-05,,,,
,,5511,3.0105971745797433e-05,,,,
,,5512,6.22204170213081e-05,,,,
,,5513,4.353742770035751e-05,,,,
,,5514,4.353742770035751e-05,,,,
,,5515,6.34634488960728e-05,,,,
,,5516,5.9293910453561693e-05,,,,
,,5517,5.9293910453561693e-05,,,,
,,5518,5.332371802069247e-05,,,,
,,5519,4.341196472523734e-05,,,,
,,5520,4.341196472523734e-05,,,,
,,5521,5.8017587434733286e-05,,,,
,,5522,0.0016361463349312544,,,,
,,5523,5.197271457291208e-05,,,,
,,5524,5.197271457291208e-05,,,,
,,5525,5.196766142034903e-05,,,,
,,5526,4.360694219940342e-05,,,,
,,5527,4.360694219940342e-05,,,,
,,5528,5.396432970883325e-05,,,,
,,5529,4.5929347834317014e-05,,,,
,,5530,0.0011495748767629266,,,,
,,5531,4.5929347834317014e-05,,,,
,,5532,6.783406570320949e-05,,,,
,,5533,7.13753470336087e-05,,,,
,,5534,7.13753470336087e-05,,,,
,,5535,0.004913801793009043,,,,
,,5536,0.003053976921364665,,,,
,,5537,0.003053976921364665,,,,
,,5538,0.00012290268205106258,,,,
,,5539,0.00012290268205106258,,,,
,,5540,0.00012290268205106258,,,,
,,5541,8.297218300867826e-05,,,,
,,5542,2.6713347324403003e-05,,,,
,,5543,2.6713347324403003e-05,,,,
,,5544,2.0577714167302474e-05,,,,
,,5545,1.2225829777889885e-05,,,,
,,5546,1.2225829777889885e-05,,,,
,,5547,9.523340122541413e-05,,,,
,,5548,0.00031699988176114857,,,,
,,5549,6.699532241327688e-05,,,,
,,5550,6.699532241327688e-05,,,,
,,5551,4.020149208372459e-05,,,,
,,5552,2.865238639060408e-05,,,,
,,5553,2.865238639060408e-05,,,,
,,5554,7.099529466358945e-05,,,,
,,5555,3.935226777684875e-05,,,,
,,5556,3.935226777684875e-05,,,,
,,5557,4.19912685174495e-05,,,,
,,5558,2.9734374038525857e-05,,,,
,,5559,2.9734374038525857e-05,,,,
,,5560,4.809479651157744e-05,,,,
,,5561,1.6765408872743137e-05,,,,
,,5562,1.6765408872743137e-05,,,,
,,5563,3.439970168983564e-05,,,,
,,5564,0.0002877205843105912,,,,
,,5565,4.130229353904724e-05,,,,
,,5566,4.130229353904724e-05,,,,
,,5567,6.039332947693765e-05,,,,
,,5568,3.615286550484598e-05,,,,
,,5569,3.615286550484598e-05,,,,
,,5570,2.137079900421668e-05,,,,
,,5571,2.137079900421668e-05,,,,
,27,5571,,0.0007043375517241657,,,
,27,5571,,,0.018459906801581383,0.979899525642395,0.979899525642395
4.752772656502202e-05,28,5572,,,,,
3.8774793210905045e-05,28,5573,,,,,
0.001360311172902584,28,5574,,,,,
0.008030042983591557,28,5575,,,,,
0.0008064268622547388,28,5576,,,,,
0.004399482160806656,28,5577,,,,,
0.008223257958889008,28,5578,,,,,
0.005067585501819849,28,5579,,,,,
0.00012029960635118186,28,5580,,,,,
0.006658623460680246,28,5581,,,,,
0.051250651478767395,28,5582,,,,,
0.001507699373178184,28,5583,,,,,
0.00021700697834603488,28,5584,,,,,
0.0003645723045337945,28,5585,,,,,
0.000508250726852566,28,5586,,,,,
0.00203569489531219,28,5587,,,,,
0.19276919960975647,28,5588,,,,,
0.008413348346948624,28,5589,,,,,
0.0012466233456507325,28,5590,,,,,
0.05827539414167404,28,5591,,,,,
0.0001226026943186298,28,5592,,,,,
0.0006706121494062245,28,5593,,,,,
0.09377101808786392,28,5594,,,,,
0.01940111443400383,28,5595,,,,,
0.00015022759907878935,28,5596,,,,,
0.03948486968874931,28,5597,,,,,
0.0001787093497114256,28,5598,,,,,
0.034425172954797745,28,5599,,,,,
0.06565351784229279,28,5600,,,,,
0.0005267440574243665,28,5601,,,,,
0.020956451073288918,28,5602,,,,,
0.017138106748461723,28,5603,,,,,
0.0012294824700802565,28,5604,,,,,
0.00022148647985886782,28,5605,,,,,
0.2073599249124527,28,5606,,,,,
0.0003126522060483694,28,5607,,,,,
0.003865461330860853,28,5608,,,,,
0.001783545594662428,28,5609,,,,,
0.08475033938884735,28,5610,,,,,
0.0010245024459436536,28,5611,,,,,
0.010774906724691391,28,5612,,,,,
0.15268553793430328,28,5613,,,,,
0.0020542878191918135,28,5614,,,,,
0.00041671539656817913,28,5615,,,,,
0.0052368189208209515,28,5616,,,,,
0.0031841080635786057,28,5617,,,,,
0.00084392522694543,28,5618,,,,,
0.00018422500579617918,28,5619,,,,,
0.0038041926454752684,28,5620,,,,,
0.001644149306230247,28,5621,,,,,
0.002307751914486289,28,5622,,,,,
0.00010859419853659347,28,5623,,,,,
0.017176445573568344,28,5624,,,,,
0.006116652861237526,28,5625,,,,,
0.0005384489195421338,28,5626,,,,,
0.008584268391132355,28,5627,,,,,
0.04142826423048973,28,5628,,,,,
0.0006521847099065781,28,5629,,,,,
0.002254477934911847,28,5630,,,,,
0.0007855225703679025,28,5631,,,,,
0.00013496860628947616,28,5632,,,,,
0.044554781168699265,28,5633,,,,,
0.01569206640124321,28,5634,,,,,
0.0018137680599465966,28,5635,,,,,
0.0030998431611806154,28,5636,,,,,
3.318798917462118e-05,28,5637,,,,,
0.00023373014118988067,28,5638,,,,,
0.0008772732107900083,28,5639,,,,,
0.0006452989764511585,28,5640,,,,,
6.714545452268794e-05,28,5641,,,,,
0.00019545112445484847,28,5642,,,,,
9.381044947076589e-06,28,5643,,,,,
0.0012621734058484435,28,5644,,,,,
0.00020879787916783243,28,5645,,,,,
0.00022238488600123674,28,5646,,,,,
0.11299657821655273,28,5647,,,,,
0.0030607457738369703,28,5648,,,,,
8.77307538758032e-05,28,5649,,,,,
0.00026950231404043734,28,5650,,,,,
0.0003365282027516514,28,5651,,,,,
0.003449556417763233,28,5652,,,,,
0.007292130030691624,28,5653,,,,,
0.0005942483549006283,28,5654,,,,,
0.001616648049093783,28,5655,,,,,
5.374218744691461e-05,28,5656,,,,,
0.0003878497227560729,28,5657,,,,,
1.71642914210679e-05,28,5658,,,,,
0.05129820480942726,28,5659,,,,,
2.7198995667276904e-05,28,5660,,,,,
8.381659426959231e-05,28,5661,,,,,
0.0004214033833704889,28,5662,,,,,
0.004505916964262724,28,5663,,,,,
0.0006093615083955228,28,5664,,,,,
0.004266594536602497,28,5665,,,,,
0.00024958327412605286,28,5666,,,,,
2.5275505322497338e-05,28,5667,,,,,
0.00015541822358500212,28,5668,,,,,
1.559003248985391e-05,28,5669,,,,,
0.015852224081754684,28,5670,,,,,
0.0033648014068603516,28,5671,,,,,
0.0006887818453833461,28,5672,,,,,
0.0411422997713089,28,5673,,,,,
0.0008494468638673425,28,5674,,,,,
5.4419633670477197e-05,28,5675,,,,,
0.0033983206376433372,28,5676,,,,,
0.001403812668286264,28,5677,,,,,
0.0002554642560426146,28,5678,,,,,
0.015202676877379417,28,5679,,,,,
0.0002729721018113196,28,5680,,,,,
0.000897095596883446,28,5681,,,,,
0.0020903213880956173,28,5682,,,,,
0.0002887570590246469,28,5683,,,,,
0.006276195868849754,28,5684,,,,,
0.000717862625606358,28,5685,,,,,
0.00015393794456031173,28,5686,,,,,
0.00016044912626966834,28,5687,,,,,
0.00014498915697913617,28,5688,,,,,
0.012302015908062458,28,5689,,,,,
0.033076584339141846,28,5690,,,,,
0.0004467736289370805,28,5691,,,,,
0.002182291354984045,28,5692,,,,,
0.0001618188398424536,28,5693,,,,,
2.3698434233665466e-05,28,5694,,,,,
8.768546831561252e-05,28,5695,,,,,
1.1727507626346778e-05,28,5696,,,,,
8.083897409960628e-05,28,5697,,,,,
6.935415876796469e-05,28,5698,,,,,
0.0063234418630599976,28,5699,,,,,
0.0004547627177089453,28,5700,,,,,
5.6419314205413684e-05,28,5701,,,,,
0.00011330458073643968,28,5702,,,,,
0.00014636993000749499,28,5703,,,,,
0.00020810564456041902,28,5704,,,,,
0.00019052086281590164,28,5705,,,,,
0.0004453600267879665,28,5706,,,,,
0.0006057275459170341,28,5707,,,,,
0.0005104400333948433,28,5708,,,,,
0.00016983122623059899,28,5709,,,,,
0.4072711169719696,28,5710,,,,,
0.0035804305225610733,28,5711,,,,,
0.0016373221296817064,28,5712,,,,,
6.854863750049844e-05,28,5713,,,,,
0.000696191331371665,28,5714,,,,,
0.0003718528605531901,28,5715,,,,,
0.004656670615077019,28,5716,,,,,
0.022949080914258957,28,5717,,,,,
5.150617289473303e-05,28,5718,,,,,
0.0008365432731807232,28,5719,,,,,
0.018343675881624222,28,5720,,,,,
2.2959584384807386e-05,28,5721,,,,,
9.298040822613984e-06,28,5722,,,,,
0.00029675147379748523,28,5723,,,,,
0.10275209695100784,28,5724,,,,,
0.004218346904963255,28,5725,,,,,
0.00025064244982786477,28,5726,,,,,
0.00020099985704291612,28,5727,,,,,
1.1676094800350256e-05,28,5728,,,,,
0.017673591151833534,28,5729,,,,,
8.047246956266463e-05,28,5730,,,,,
0.06467784941196442,28,5731,,,,,
0.04147889465093613,28,5732,,,,,
0.00010987553105223924,28,5733,,,,,
0.13562734425067902,28,5734,,,,,
0.00020676183339674026,28,5735,,,,,
0.00019539477943908423,28,5736,,,,,
0.07194554060697556,28,5737,,,,,
0.00014943419955670834,28,5738,,,,,
0.00010542828385950997,28,5739,,,,,
0.0011552063515409827,28,5740,,,,,
0.0030928580090403557,28,5741,,,,,
0.015153653919696808,28,5742,,,,,
0.0003406339674256742,28,5743,,,,,
0.2784152626991272,28,5744,,,,,
0.16328676044940948,28,5745,,,,,
0.024377206340432167,28,5746,,,,,
0.002863859059289098,28,5747,,,,,
0.174630805850029,28,5748,,,,,
0.00015840178821235895,28,5749,,,,,
0.0013880014885216951,28,5750,,,,,
0.00025269665638916194,28,5751,,,,,
0.0031501739285886288,28,5752,,,,,
0.004313579760491848,28,5753,,,,,
0.001967125339433551,28,5754,,,,,
0.004995414521545172,28,5755,,,,,
0.0924268290400505,28,5756,,,,,
0.11686442047357559,28,5757,,,,,
0.023023592308163643,28,5758,,,,,
0.021210728213191032,28,5759,,,,,
0.0048736766912043095,28,5760,,,,,
0.00047622848069295287,28,5761,,,,,
0.0007419507019221783,28,5762,,,,,
0.022494148463010788,28,5763,,,,,
0.028854699805378914,28,5764,,,,,
0.00048750502173788846,28,5765,,,,,
0.0033837060909718275,28,5766,,,,,
0.03473822772502899,28,5767,,,,,
0.0003665831754915416,28,5768,,,,,
0.00018076624837704003,28,5769,,,,,
9.735243656905368e-05,28,5770,,,,,
,,5572,9.212912118528038e-06,,,,
,,5573,9.496756320004351e-06,,,,
,,5574,9.496756320004351e-06,,,,
,,5575,0.0007664947188459337,,,,
,,5576,5.716737632610602e-06,,,,
,,5577,5.716737632610602e-06,,,,
,,5578,5.716737632610602e-06,,,,
,,5579,0.49250999093055725,,,,
,,5580,0.3818945586681366,,,,
,,5581,0.3818945586681366,,,,
,,5582,0.0003397796244826168,,,,
,,5583,0.000337956880684942,,,,
,,5584,0.000337956880684942,,,,
,,5585,0.0001347073120996356,,,,
,,5586,0.00016203080303967,,,,
,,5587,0.00016203080303967,,,,
,,5588,6.746616418240592e-05,,,,
,,5589,0.0001340056915068999,,,,
,,5590,0.0001340056915068999,,,,
,,5591,0.00013753370149061084,,,,
,,5592,0.002031100681051612,,,,
,,5593,0.00015813409117981791,,,,
,,5594,0.00015813409117981791,,,,
,,5595,0.00029916001949459314,,,,
,,5596,0.00028054468566551805,,,,
,,5597,0.00028054468566551805,,,,
,,5598,0.00014349627599585801,,,,
,,5599,0.00022459650062955916,,,,
,,5600,0.00022459650062955916,,,,
,,5601,0.00011402500240365043,,,,
,,5602,0.09460018575191498,,,,
,,5603,0.00013594061601907015,,,,
,,5604,0.00013594061601907015,,,,
,,5605,0.021429454907774925,,,,
,,5606,0.017367707565426826,,,,
,,5607,0.017367707565426826,,,,
,,5608,9.674565080786124e-05,,,,
,,5609,9.674565080786124e-05,,,,
,,5610,9.674565080786124e-05,,,,
,,5611,9.784744179341942e-05,,,,
,,5612,9.349940955871716e-05,,,,
,,5613,9.349940955871716e-05,,,,
,,5614,8.165580948116258e-05,,,,
,,5615,8.470920874970034e-05,,,,
,,5616,8.470920874970034e-05,,,,
,,5617,9.078496805159375e-05,,,,
,,5618,9.946402860805392e-05,,,,
,,5619,0.0008215710986405611,,,,
,,5620,9.946402860805392e-05,,,,
,,5621,9.93977882899344e-05,,,,
,,5622,0.0001586115249665454,,,,
,,5623,0.0001586115249665454,,,,
,,5624,7.536580233136192e-05,,,,
,,5625,7.322998862946406e-05,,,,
,,5626,7.322998862946406e-05,,,,
,,5627,0.00010978579666698352,,,,
,,5628,0.00010382073378423229,,,,
,,5629,0.00010382073378423229,,,,
,,5630,0.6584723591804504,,,,
,,5631,0.49987107515335083,,,,
,,5632,0.49987107515335083,,,,
,,5633,0.0004044363449793309,,,,
,,5634,0.0002127854822902009,,,,
,,5635,0.0002127854822902009,,,,
,,5636,0.04736838862299919,,,,
,,5637,1.7857682905741967e-05,,,,
,,5638,1.5337664081016555e-05,,,,
,,5639,1.5337664081016555e-05,,,,
,,5640,1.1246376743656583e-05,,,,
,,5641,1.1246376743656583e-05,,,,
,,5642,1.1246376743656583e-05,,,,
,,5643,1.081932623492321e-05,,,,
,,5644,0.0368252694606781,,,,
,,5645,1.2505875019996893e-05,,,,
,,5646,1.2505875019996893e-05,,,,
,,5647,0.00015690893633291125,,,,
,,5648,4.603617708198726e-05,,,,
,,5649,4.603617708198726e-05,,,,
,,5650,1.4230553460947704e-05,,,,
,,5651,1.6943198716035113e-05,,,,
,,5652,1.6943198716035113e-05,,,,
,,5653,5.338356004358502e-06,,,,
,,5654,1.0694140655687079e-05,,,,
,,5655,1.0694140655687079e-05,,,,
,,5656,0.02875601314008236,,,,
,,5657,0.03653920441865921,,,,
,,5658,0.03653920441865921,,,,
,,5659,9.68157564784633e-06,,,,
,,5660,9.790441254153848e-06,,,,
,,5661,0.0019046316156163812,,,,
,,5662,9.790441254153848e-06,,,,
,,5663,1.0944129826384597e-05,,,,
,,5664,8.981906830740627e-06,,,,
,,5665,8.981906830740627e-06,,,,
,,5666,3.6798683140659705e-06,,,,
,,5667,5.772912118118256e-06,,,,
,,5668,5.772912118118256e-06,,,,
,,5669,2.5882200134219602e-05,,,,
,,5670,3.742295302799903e-05,,,,
,,5671,3.742295302799903e-05,,,,
,,5672,4.156700015300885e-06,,,,
,,5673,4.156700015300885e-06,,,,
,,5674,4.156700015300885e-06,,,,
,,5675,1.1000869562849402e-05,,,,
,,5676,5.960359885648359e-06,,,,
,,5677,5.960359885648359e-06,,,,
,,5678,3.2289744922309183e-06,,,,
,,5679,0.002051515504717827,,,,
,,5680,4.592070581566077e-06,,,,
,,5681,4.592070581566077e-06,,,,
,,5682,0.6051903367042542,,,,
,,5683,0.6995052695274353,,,,
,,5684,0.6995052695274353,,,,
,,5685,0.00050661142449826,,,,
,,5686,0.007796903606504202,,,,
,,5687,0.0006725291605107486,,,,
,,5688,0.0006725291605107486,,,,
,,5689,6.947021756786853e-05,,,,
,,5690,5.337293623597361e-05,,,,
,,5691,5.337293623597361e-05,,,,
,,5692,4.134431583224796e-05,,,,
,,5693,4.3365125748096034e-05,,,,
,,5694,4.3365125748096034e-05,,,,
,,5695,6.109928654041141e-05,,,,
,,5696,5.3652820497518405e-05,,,,
,,5697,5.3652820497518405e-05,,,,
,,5698,0.00023185313330031931,,,,
,,5699,0.00020830315770581365,,,,
,,5700,0.00020830315770581365,,,,
,,5701,6.816444511059672e-05,,,,
,,5702,8.312464342452586e-05,,,,
,,5703,8.312464342452586e-05,,,,
,,5704,0.005428316071629524,,,,
,,5705,3.942070543416776e-05,,,,
,,5706,3.942070543416776e-05,,,,
,,5707,3.942070543416776e-05,,,,
,,5708,0.0008655681158415973,,,,
,,5709,0.0011251044925302267,,,,
,,5710,0.0011251044925302267,,,,
,,5711,3.8999667594907805e-05,,,,
,,5712,3.781846316996962e-05,,,,
,,5713,3.781846316996962e-05,,,,
,,5714,4.9131889682030305e-05,,,,
,,5715,4.6454362745862454e-05,,,,
,,5716,4.6454362745862454e-05,,,,
,,5717,3.802749051828869e-05,,,,
,,5718,5.369607242755592e-05,,,,
,,5719,5.369607242755592e-05,,,,
,,5720,6.579981709364802e-05,,,,
,,5721,0.3091014325618744,,,,
,,5722,5.3309348004404455e-05,,,,
,,5723,5.3309348004404455e-05,,,,
,,5724,3.5423090594122186e-05,,,,
,,5725,3.509223461151123e-05,,,,
,,5726,3.509223461151123e-05,,,,
,,5727,4.608100061886944e-05,,,,
,,5728,3.515046410029754e-05,,,,
,,5729,0.00012045771291013807,,,,
,,5730,3.515046410029754e-05,,,,
,,5731,4.564505070447922e-05,,,,
,,5732,5.613323810393922e-05,,,,
,,5733,5.613323810393922e-05,,,,
,,5734,0.6304938197135925,,,,
,,5735,0.5638439059257507,,,,
,,5736,0.5638439059257507,,,,
,,5737,0.0015329309972003102,,,,
,,5738,0.0015329309972003102,,,,
,,5739,0.0015329309972003102,,,,
,,5740,0.00012987136142328382,,,,
,,5741,6.602059147553518e-05,,,,
,,5742,6.602059147553518e-05,,,,
,,5743,3.081796967308037e-05,,,,
,,5744,2.4014241716940887e-05,,,,
,,5745,2.4014241716940887e-05,,,,
,,5746,9.39269521040842e-05,,,,
,,5747,0.00027264669188298285,,,,
,,5748,7.371631363639608e-05,,,,
,,5749,7.371631363639608e-05,,,,
,,5750,0.0002872843760997057,,,,
,,5751,0.000783358933404088,,,,
,,5752,0.000783358933404088,,,,
,,5753,8.79554936545901e-05,,,,
,,5754,4.553055259748362e-05,,,,
,,5755,4.553055259748362e-05,,,,
,,5756,5.4414969781646505e-05,,,,
,,5757,5.49282121937722e-05,,,,
,,5758,5.49282121937722e-05,,,,
,,5759,0.0006881083245389163,,,,
,,5760,0.0007304741302505136,,,,
,,5761,0.0007304741302505136,,,,
,,5762,6.304019916569814e-05,,,,
,,5763,0.00010713431402109563,,,,
,,5764,7.926105172373354e-05,,,,
,,5765,7.926105172373354e-05,,,,
,,5766,9.029808279592544e-05,,,,
,,5767,8.850421727402136e-05,,,,
,,5768,8.850421727402136e-05,,,,
,,5769,4.15539980167523e-05,,,,
,,5770,4.15539980167523e-05,,,,
,28,5770,,0.03703165426850319,,,
,28,5770,,,0.017824823036789894,0.929648220539093,0.929648220539093
0.005089703015983105,29,5771,,,,,
0.00039853775524534285,29,5772,,,,,
0.0011294586583971977,29,5773,,,,,
0.0006729962187819183,29,5774,,,,,
0.004187555052340031,29,5775,,,,,
0.0021315168123692274,29,5776,,,,,
0.00011090635962318629,29,5777,,,,,
0.0011023724218830466,29,5778,,,,,
0.00018064009782392532,29,5779,,,,,
0.005302581004798412,29,5780,,,,,
3.828015906037763e-05,29,5781,,,,,
0.0005228171357885003,29,5782,,,,,
0.000899336242582649,29,5783,,,,,
0.0003047421632800251,29,5784,,,,,
0.027126293629407883,29,5785,,,,,
7.41368203307502e-05,29,5786,,,,,
0.006270348094403744,29,5787,,,,,
0.00010895130253629759,29,5788,,,,,
0.009100958704948425,29,5789,,,,,
2.046117151621729e-05,29,5790,,,,,
0.0004735225229524076,29,5791,,,,,
0.0004295847029425204,29,5792,,,,,
0.04242522269487381,29,5793,,,,,
0.00020986520394217223,29,5794,,,,,
0.0017365774838253856,29,5795,,,,,
0.0002830821613315493,29,5796,,,,,
0.01600964553654194,29,5797,,,,,
0.10183657705783844,29,5798,,,,,
0.00023586669703945518,29,5799,,,,,
3.497685611364432e-05,29,5800,,,,,
0.028669673949480057,29,5801,,,,,
0.0002055780787486583,29,5802,,,,,
0.000227760843699798,29,5803,,,,,
0.0018545653438195586,29,5804,,,,,
0.015089903026819229,29,5805,,,,,
0.0002865509013645351,29,5806,,,,,
0.002510127844288945,29,5807,,,,,
0.0003484414191916585,29,5808,,,,,
0.0008654951816424727,29,5809,,,,,
0.0003280423115938902,29,5810,,,,,
0.0075331758707761765,29,5811,,,,,
0.4307529628276825,29,5812,,,,,
0.0045685130171477795,29,5813,,,,,
0.0012276002671569586,29,5814,,,,,
0.06848645210266113,29,5815,,,,,
0.0007983531104400754,29,5816,,,,,
5.0009322876576334e-05,29,5817,,,,,
0.00482833432033658,29,5818,,,,,
0.022504640743136406,29,5819,,,,,
0.04492287337779999,29,5820,,,,,
9.114289423450828e-05,29,5821,,,,,
0.0013286469038575888,29,5822,,,,,
0.0007148868171498179,29,5823,,,,,
0.0003944323107134551,29,5824,,,,,
0.010220843367278576,29,5825,,,,,
0.0020610722713172436,29,5826,,,,,
0.0014875855995342135,29,5827,,,,,
0.008325492031872272,29,5828,,,,,
0.04375016316771507,29,5829,,,,,
0.03322099521756172,29,5830,,,,,
0.001382534159347415,29,5831,,,,,
0.000945998472161591,29,5832,,,,,
0.01206965558230877,29,5833,,,,,
0.0006847325130365789,29,5834,,,,,
0.0024315277114510536,29,5835,,,,,
0.006051409058272839,29,5836,,,,,
0.08901575207710266,29,5837,,,,,
0.02540627308189869,29,5838,,,,,
0.010635645128786564,29,5839,,,,,
0.0001676661631790921,29,5840,,,,,
0.00879325158894062,29,5841,,,,,
0.000665969040710479,29,5842,,,,,
0.0016002036863937974,29,5843,,,,,
0.002253252314403653,29,5844,,,,,
0.005514926742762327,29,5845,,,,,
0.16014567017555237,29,5846,,,,,
0.0013073772424831986,29,5847,,,,,
0.0004543630639091134,29,5848,,,,,
0.004429490305483341,29,5849,,,,,
0.03533050790429115,29,5850,,,,,
0.00202265870757401,29,5851,,,,,
0.00925994198769331,29,5852,,,,,
0.0014344212831929326,29,5853,,,,,
0.04471950978040695,29,5854,,,,,
0.0005261272890493274,29,5855,,,,,
0.001560266362503171,29,5856,,,,,
0.001508933724835515,29,5857,,,,,
0.00012468524801079184,29,5858,,,,,
0.004262526519596577,29,5859,,,,,
0.0001882912329165265,29,5860,,,,,
0.00016413450066465884,29,5861,,,,,
0.0028361629229038954,29,5862,,,,,
0.0005653412081301212,29,5863,,,,,
0.003531338181346655,29,5864,,,,,
0.010575281456112862,29,5865,,,,,
0.08871974050998688,29,5866,,,,,
0.0021933845710009336,29,5867,,,,,
0.0002442005497869104,29,5868,,,,,
0.00012523055193014443,29,5869,,,,,
6.902597669977695e-05,29,5870,,,,,
0.00228250864893198,29,5871,,,,,
0.00033533989335410297,29,5872,,,,,
0.000257728504948318,29,5873,,,,,
0.00020348691032268107,29,5874,,,,,
0.00013881060294806957,29,5875,,,,,
0.006897482089698315,29,5876,,,,,
0.005716909654438496,29,5877,,,,,
0.0011178988497704268,29,5878,,,,,
0.05868617445230484,29,5879,,,,,
0.0004747078928630799,29,5880,,,,,
0.18537528812885284,29,5881,,,,,
0.0002328846021555364,29,5882,,,,,
4.4008713302901015e-05,29,5883,,,,,
0.0014497207012027502,29,5884,,,,,
5.779960338259116e-05,29,5885,,,,,
0.0016765298787504435,29,5886,,,,,
0.0051259975880384445,29,5887,,,,,
0.05837800353765488,29,5888,,,,,
0.00021649755944963545,29,5889,,,,,
0.000688658095896244,29,5890,,,,,
0.0002512163482606411,29,5891,,,,,
0.0002913042844738811,29,5892,,,,,
0.00023999213590286672,29,5893,,,,,
0.00015912187518551946,29,5894,,,,,
0.0012693991884589195,29,5895,,,,,
0.0008503939607180655,29,5896,,,,,
9.330007014796138e-05,29,5897,,,,,
0.018099093809723854,29,5898,,,,,
0.0005414908519014716,29,5899,,,,,
0.0025421727914363146,29,5900,,,,,
0.000941566948313266,29,5901,,,,,
0.0012327693402767181,29,5902,,,,,
0.06015852093696594,29,5903,,,,,
0.005936723202466965,29,5904,,,,,
0.0005012768669985235,29,5905,,,,,
0.0002449136518407613,29,5906,,,,,
0.0006216359324753284,29,5907,,,,,
0.0005293158465065062,29,5908,,,,,
0.030367108061909676,29,5909,,,,,
1.1018609257007483e-05,29,5910,,,,,
0.0013325404142960906,29,5911,,,,,
0.005574395414441824,29,5912,,,,,
0.00014064795686863363,29,5913,,,,,
0.01396604161709547,29,5914,,,,,
0.0005244163330644369,29,5915,,,,,
0.0016177939251065254,29,5916,,,,,
0.0025874502025544643,29,5917,,,,,
0.00442765885964036,29,5918,,,,,
0.00012410212366376072,29,5919,,,,,
0.003229118650779128,29,5920,,,,,
0.0003648641868494451,29,5921,,,,,
0.0032395466696470976,29,5922,,,,,
0.00015165073273237795,29,5923,,,,,
5.6690270866965875e-05,29,5924,,,,,
9.76318697212264e-05,29,5925,,,,,
5.1053175411652774e-05,29,5926,,,,,
0.014876632951200008,29,5927,,,,,
8.974369848147035e-05,29,5928,,,,,
0.0001228817563969642,29,5929,,,,,
5.583587699220516e-05,29,5930,,,,,
0.07812417298555374,29,5931,,,,,
8.317496394738555e-05,29,5932,,,,,
0.13349397480487823,29,5933,,,,,
0.0222952701151371,29,5934,,,,,
0.00010527706035645679,29,5935,,,,,
3.615681634983048e-05,29,5936,,,,,
0.04228382557630539,29,5937,,,,,
7.828594971215352e-05,29,5938,,,,,
0.00781811773777008,29,5939,,,,,
4.4507534767035395e-05,29,5940,,,,,
0.00011129681661259383,29,5941,,,,,
0.010408745147287846,29,5942,,,,,
0.00028469006065279245,29,5943,,,,,
0.019219111651182175,29,5944,,,,,
0.004066747147589922,29,5945,,,,,
0.0036152289249002934,29,5946,,,,,
0.004750723484903574,29,5947,,,,,
0.000479239912237972,29,5948,,,,,
0.008206278085708618,29,5949,,,,,
6.046064663678408e-05,29,5950,,,,,
0.0020018015056848526,29,5951,,,,,
0.0007207472808659077,29,5952,,,,,
0.3109780251979828,29,5953,,,,,
0.005604411009699106,29,5954,,,,,
6.906931957928464e-05,29,5955,,,,,
0.0006050647352822125,29,5956,,,,,
0.0018244051607325673,29,5957,,,,,
0.0026342368219047785,29,5958,,,,,
0.0002050826296908781,29,5959,,,,,
0.0009779788088053465,29,5960,,,,,
6.461788871092722e-05,29,5961,,,,,
0.009660487063229084,29,5962,,,,,
0.00021355040371418,29,5963,,,,,
0.012594749219715595,29,5964,,,,,
0.0004015857120975852,29,5965,,,,,
9.678396600065753e-05,29,5966,,,,,
0.007901780307292938,29,5967,,,,,
0.002598927589133382,29,5968,,,,,
0.00299813156016171,29,5969,,,,,
,,5771,1.9327384507050738e-05,,,,
,,5772,1.284007612412097e-05,,,,
,,5773,1.284007612412097e-05,,,,
,,5774,0.00010559875227045268,,,,
,,5775,0.0004844496725127101,,,,
,,5776,0.0004844496725127101,,,,
,,5777,0.0004844496725127101,,,,
,,5778,0.14859171211719513,,,,
,,5779,0.2565823197364807,,,,
,,5780,0.2565823197364807,,,,
,,5781,0.0047116996720433235,,,,
,,5782,0.00440680468454957,,,,
,,5783,0.00440680468454957,,,,
,,5784,0.0030712622683495283,,,,
,,5785,0.0033625776413828135,,,,
,,5786,0.0033625776413828135,,,,
,,5787,0.023568952456116676,,,,
,,5788,0.002739181974902749,,,,
,,5789,0.002739181974902749,,,,
,,5790,0.001965542323887348,,,,
,,5791,0.0001121017339755781,,,,
,,5792,0.0046226587146520615,,,,
,,5793,0.0046226587146520615,,,,
,,5794,0.11156515777111053,,,,
,,5795,0.12585702538490295,,,,
,,5796,0.12585702538490295,,,,
,,5797,0.0022417486179620028,,,,
,,5798,0.008601012639701366,,,,
,,5799,0.008601012639701366,,,,
,,5800,0.0072630117647349834,,,,
,,5801,6.714775372529402e-05,,,,
,,5802,0.0017558651743456721,,,,
,,5803,0.0017558651743456721,,,,
,,5804,0.009723459370434284,,,,
,,5805,0.022070659324526787,,,,
,,5806,0.022070659324526787,,,,
,,5807,0.0922955721616745,,,,
,,5808,0.0922955721616745,,,,
,,5809,0.0922955721616745,,,,
,,5810,0.0009242744999937713,,,,
,,5811,0.0018084690673276782,,,,
,,5812,0.0018084690673276782,,,,
,,5813,0.002551004756242037,,,,
,,5814,0.0021679685451090336,,,,
,,5815,0.0021679685451090336,,,,
,,5816,0.003669842379167676,,,,
,,5817,0.004938251804560423,,,,
,,5818,0.0006301723187789321,,,,
,,5819,0.004938251804560423,,,,
,,5820,0.004262134898453951,,,,
,,5821,0.0017519165994599462,,,,
,,5822,0.0017519165994599462,,,,
,,5823,0.0007438669563271105,,,,
,,5824,0.0019901699852198362,,,,
,,5825,0.0019901699852198362,,,,
,,5826,0.031622231006622314,,,,
,,5827,0.03171876445412636,,,,
,,5828,0.03171876445412636,,,,
,,5829,0.2961221933364868,,,,
,,5830,0.31480491161346436,,,,
,,5831,0.31480491161346436,,,,
,,5832,0.15117554366588593,,,,
,,5833,0.0291585773229599,,,,
,,5834,0.0291585773229599,,,,
,,5835,0.2887071669101715,,,,
,,5836,0.001625076518394053,,,,
,,5837,0.004432303830981255,,,,
,,5838,0.004432303830981255,,,,
,,5839,0.114403136074543,,,,
,,5840,0.114403136074543,,,,
,,5841,0.114403136074543,,,,
,,5842,6.89849111950025e-05,,,,
,,5843,0.23915238678455353,,,,
,,5844,0.029105709865689278,,,,
,,5845,0.029105709865689278,,,,
,,5846,0.2587699592113495,,,,
,,5847,0.22712135314941406,,,,
,,5848,0.22712135314941406,,,,
,,5849,0.00034810457145795226,,,,
,,5850,0.0005206976784393191,,,,
,,5851,0.0005206976784393191,,,,
,,5852,0.023851746693253517,,,,
,,5853,0.00034700383548624814,,,,
,,5854,0.00034700383548624814,,,,
,,5855,0.20178210735321045,,,,
,,5856,0.3063819706439972,,,,
,,5857,0.3063819706439972,,,,
,,5858,0.1659412980079651,,,,
,,5859,0.1720666140317917,,,,
,,5860,0.02749292179942131,,,,
,,5861,0.1720666140317917,,,,
,,5862,1.8476275727152824e-05,,,,
,,5863,0.0007670410559512675,,,,
,,5864,0.0007670410559512675,,,,
,,5865,0.005102692637592554,,,,
,,5866,0.000133140230900608,,,,
,,5867,0.000133140230900608,,,,
,,5868,0.020268604159355164,,,,
,,5869,0.07118852436542511,,,,
,,5870,0.07118852436542511,,,,
,,5871,0.03205738216638565,,,,
,,5872,0.03205738216638565,,,,
,,5873,0.03205738216638565,,,,
,,5874,5.720935951103456e-05,,,,
,,5875,0.004518240224570036,,,,
,,5876,0.004518240224570036,,,,
,,5877,0.10189793258905411,,,,
,,5878,0.0035637826658785343,,,,
,,5879,0.06461057811975479,,,,
,,5880,0.06461057811975479,,,,
,,5881,0.3652392327785492,,,,
,,5882,0.45516687631607056,,,,
,,5883,0.45516687631607056,,,,
,,5884,0.2097833901643753,,,,
,,5885,0.0006508229416795075,,,,
,,5886,0.17530636489391327,,,,
,,5887,0.17530636489391327,,,,
,,5888,0.009904546663165092,,,,
,,5889,0.169416144490242,,,,
,,5890,0.169416144490242,,,,
,,5891,0.19998660683631897,,,,
,,5892,0.25638386607170105,,,,
,,5893,0.25638386607170105,,,,
,,5894,0.00010365511843701825,,,,
,,5895,0.012829634360969067,,,,
,,5896,0.012829634360969067,,,,
,,5897,0.2739708721637726,,,,
,,5898,0.10710231214761734,,,,
,,5899,0.10710231214761734,,,,
,,5900,0.004227969795465469,,,,
,,5901,0.01052617747336626,,,,
,,5902,0.01052617747336626,,,,
,,5903,0.0010701172286644578,,,,
,,5904,0.06721768528223038,,,,
,,5905,0.06721768528223038,,,,
,,5906,0.06721768528223038,,,,
,,5907,0.22439482808113098,,,,
,,5908,0.39385518431663513,,,,
,,5909,0.39385518431663513,,,,
,,5910,0.2715286314487457,,,,
,,5911,0.1948491632938385,,,,
,,5912,0.1948491632938385,,,,
,,5913,4.2673240386648104e-05,,,,
,,5914,4.253661245456897e-05,,,,
,,5915,4.253661245456897e-05,,,,
,,5916,0.019884362816810608,,,,
,,5917,8.535046072211117e-05,,,,
,,5918,8.535046072211117e-05,,,,
,,5919,0.021516207605600357,,,,
,,5920,0.10579096525907516,,,,
,,5921,0.20445655286312103,,,,
,,5922,0.20445655286312103,,,,
,,5923,0.041134532541036606,,,,
,,5924,0.0348886139690876,,,,
,,5925,0.0348886139690876,,,,
,,5926,5.239458550931886e-05,,,,
,,5927,0.0017784449737519026,,,,
,,5928,0.00015006822650320828,,,,
,,5929,0.0017784449737519026,,,,
,,5930,0.12530767917633057,,,,
,,5931,0.0015763664850965142,,,,
,,5932,0.0015763664850965142,,,,
,,5933,0.29795411229133606,,,,
,,5934,0.31814247369766235,,,,
,,5935,0.31814247369766235,,,,
,,5936,0.23267121613025665,,,,
,,5937,0.23267121613025665,,,,
,,5938,0.23267121613025665,,,,
,,5939,0.02736390009522438,,,,
,,5940,0.20782268047332764,,,,
,,5941,0.20782268047332764,,,,
,,5942,0.20338717103004456,,,,
,,5943,0.18880711495876312,,,,
,,5944,0.18880711495876312,,,,
,,5945,0.00015095066919457167,,,,
,,5946,0.01000636164098978,,,,
,,5947,0.00018407077004667372,,,,
,,5948,0.00018407077004667372,,,,
,,5949,0.24272099137306213,,,,
,,5950,0.1399674117565155,,,,
,,5951,0.1399674117565155,,,,
,,5952,0.0016128694405779243,,,,
,,5953,0.09041666984558105,,,,
,,5954,0.09041666984558105,,,,
,,5955,0.029415294528007507,,,,
,,5956,0.02922847680747509,,,,
,,5957,0.02922847680747509,,,,
,,5958,0.17505402863025665,,,,
,,5959,0.26057636737823486,,,,
,,5960,0.26057636737823486,,,,
,,5961,0.17826028168201447,,,,
,,5962,0.00034472293918952346,,,,
,,5963,0.008088935166597366,,,,
,,5964,0.008088935166597366,,,,
,,5965,4.797286237590015e-05,,,,
,,5966,5.854717892361805e-05,,,,
,,5967,5.854717892361805e-05,,,,
,,5968,0.006691575516015291,,,,
,,5969,0.006691575516015291,,,,
,29,5969,,0.08410745114088058,,,
,29,5969,,,0.013641230762004852,0.43718594312667847,0.43718594312667847
