step,csv-epoch,csv-train_loss_step,csv-val_loss_step,csv-val_loss_epoch
0,0,3.1591408252716064,,
1,0,3.489297866821289,,
2,0,4.155231475830078,,
3,0,3.517956256866455,,
4,0,3.289862871170044,,
5,0,2.2556469440460205,,
6,0,2.5369246006011963,,
7,0,3.2718794345855713,,
8,0,2.6614267826080322,,
9,0,2.7957775592803955,,
10,0,2.2872517108917236,,
11,0,2.4628827571868896,,
12,0,1.658479928970337,,
13,0,2.5145974159240723,,
14,0,3.92948842048645,,
15,0,2.198489189147949,,
16,0,1.6963938474655151,,
17,0,2.3237948417663574,,
18,0,2.0461909770965576,,
19,0,1.7312802076339722,,
20,0,1.4491368532180786,,
21,0,1.8118896484375,,
22,0,1.7724374532699585,,
23,0,2.340700387954712,,
24,0,1.954062581062317,,
25,0,2.248975992202759,,
26,0,2.205212354660034,,
27,0,1.9522937536239624,,
28,0,1.871274709701538,,
29,0,2.4842312335968018,,
30,0,1.9904112815856934,,
31,0,1.6370245218276978,,
32,0,2.0711305141448975,,
33,0,1.7327157258987427,,
34,0,2.087625026702881,,
35,0,1.5285223722457886,,
36,0,1.4279497861862183,,
37,0,1.3738406896591187,,
38,0,1.2873003482818604,,
39,0,1.5977048873901367,,
40,0,1.5618304014205933,,
41,0,1.2641870975494385,,
42,0,1.16722571849823,,
43,0,1.5616246461868286,,
44,0,1.3565744161605835,,
45,0,1.820842981338501,,
46,0,1.449294924736023,,
47,0,1.284298300743103,,
48,0,1.344319224357605,,
49,0,1.2049071788787842,,
50,0,0.7393449544906616,,
51,0,1.3655723333358765,,
52,0,1.6051712036132812,,
53,0,1.3980991840362549,,
54,0,1.1807893514633179,,
55,0,1.1024631261825562,,
56,0,1.0615639686584473,,
57,0,1.2529048919677734,,
58,0,0.93440181016922,,
59,0,1.1134382486343384,,
60,0,0.9851711988449097,,
61,0,1.1054942607879639,,
62,0,1.080264925956726,,
63,0,1.2769420146942139,,
64,0,1.1998450756072998,,
65,0,1.0361559391021729,,
66,0,0.6696022152900696,,
67,0,0.8944042325019836,,
68,0,0.8624215126037598,,
69,0,1.2851852178573608,,
70,0,0.8634448051452637,,
71,0,0.769690215587616,,
72,0,0.9550319910049438,,
73,0,0.5566021800041199,,
74,0,0.7451230883598328,,
75,0,0.8084256052970886,,
76,0,1.0150340795516968,,
77,0,0.8376485705375671,,
78,0,0.9847880005836487,,
79,0,1.1772783994674683,,
80,0,0.9572276473045349,,
81,0,1.075573444366455,,
82,0,0.8894886374473572,,
83,0,0.7931565642356873,,
84,0,0.9039492011070251,,
85,0,0.87285315990448,,
86,0,1.0623044967651367,,
87,0,0.4839871823787689,,
88,0,0.6311907172203064,,
89,0,0.7908439636230469,,
90,0,1.2936325073242188,,
91,0,0.8350151777267456,,
92,0,1.111264705657959,,
93,0,0.8381155133247375,,
94,0,0.7381286025047302,,
95,0,0.5505439639091492,,
96,0,0.9172002673149109,,
97,0,0.5372243523597717,,
98,0,0.8018675446510315,,
99,0,0.5837072134017944,,
100,0,0.6188036799430847,,
101,0,0.8071892857551575,,
102,0,1.0016412734985352,,
103,0,0.8395072221755981,,
104,0,0.3701082170009613,,
105,0,0.7533509135246277,,
106,0,0.7232758402824402,,
107,0,0.9487029910087585,,
108,0,0.8668255805969238,,
109,0,0.8232076168060303,,
110,0,0.37353748083114624,,
111,0,0.7911168932914734,,
112,0,0.33599331974983215,,
113,0,0.6999990344047546,,
114,0,0.4744596481323242,,
115,0,0.9722674489021301,,
116,0,0.86297208070755,,
117,0,0.5094504356384277,,
118,0,0.5842853784561157,,
119,0,0.7583993077278137,,
120,0,0.3842400908470154,,
121,0,0.7296369671821594,,
122,0,0.6076954007148743,,
123,0,0.808281421661377,,
124,0,0.5236425399780273,,
125,0,0.7853651642799377,,
126,0,0.7736484408378601,,
127,0,0.5538331866264343,,
128,0,0.4118139147758484,,
129,0,0.6001218557357788,,
130,0,0.6175448894500732,,
131,0,0.7423284649848938,,
132,0,0.48774170875549316,,
133,0,0.5955222845077515,,
134,0,0.5173498392105103,,
135,0,0.447955846786499,,
136,0,0.33851030468940735,,
137,0,0.6988636255264282,,
138,0,0.7484688758850098,,
139,0,0.4818256199359894,,
140,0,0.4980751574039459,,
141,0,0.3925216495990753,,
142,0,0.48825523257255554,,
143,0,0.6069422364234924,,
144,0,0.44976022839546204,,
145,0,0.6461700201034546,,
146,0,0.44354820251464844,,
147,0,0.2809300124645233,,
148,0,0.7261089086532593,,
149,0,0.5570127367973328,,
150,0,0.818840742111206,,
151,0,0.8610581159591675,,
152,0,0.7225335240364075,,
153,0,0.33712658286094666,,
154,0,0.35026055574417114,,
155,0,0.39458954334259033,,
156,0,0.5230779051780701,,
157,0,0.4648479223251343,,
158,0,0.797116219997406,,
159,0,0.7701835632324219,,
160,0,0.5672909021377563,,
161,0,0.5157120227813721,,
162,0,0.7823073267936707,,
163,0,0.655616044998169,,
164,0,0.8386852145195007,,
165,0,0.5061748623847961,,
166,0,0.3497278392314911,,
167,0,0.35924190282821655,,
168,0,0.5817767381668091,,
169,0,0.2380860298871994,,
170,0,0.29648759961128235,,
171,0,0.368428111076355,,
172,0,0.7519543766975403,,
173,0,1.1464953422546387,,
174,0,0.8286464810371399,,
175,0,0.28566959500312805,,
176,0,0.392810195684433,,
177,0,0.3756880462169647,,
178,0,0.3230971693992615,,
179,0,0.3977634012699127,,
180,0,0.47117850184440613,,
181,0,0.39055344462394714,,
182,0,0.5656211972236633,,
183,0,0.4898957312107086,,
184,0,0.36422741413116455,,
185,0,0.30087828636169434,,
186,0,0.3829076588153839,,
187,0,0.42272719740867615,,
188,0,0.3682330548763275,,
189,0,0.33998242020606995,,
190,0,0.6677426099777222,,
191,0,0.4120023250579834,,
192,0,0.4005218744277954,,
193,0,0.47541895508766174,,
194,0,0.3491477966308594,,
195,0,0.19213254749774933,,
196,0,0.3884273171424866,,
197,0,0.49084463715553284,,
198,0,0.2898581027984619,,
199,0,0.29248905181884766,,
200,0,0.2781466841697693,,
201,0,0.3517131507396698,,
202,0,0.6778622269630432,,
203,0,0.8096218109130859,,
204,0,0.3459717333316803,,
205,0,0.31557488441467285,,
206,0,0.28472694754600525,,
207,0,0.28883978724479675,,
208,0,0.42282530665397644,,
209,0,0.4277791976928711,,
210,0,0.27591952681541443,,
211,0,0.22371748089790344,,
212,0,0.15947915613651276,,
213,0,0.23918572068214417,,
214,0,0.2805265486240387,,
215,0,0.3378220200538635,,
216,0,0.27976900339126587,,
217,0,0.46401435136795044,,
218,0,0.3956854045391083,,
219,0,0.24991151690483093,,
220,0,0.3045010566711426,,
221,0,0.5070675015449524,,
222,0,0.3697553873062134,,
223,0,0.4180184602737427,,
224,0,0.3319227993488312,,
225,0,0.3015539348125458,,
226,0,0.4660387933254242,,
227,0,0.19928467273712158,,
228,0,0.3973658084869385,,
229,0,0.506854236125946,,
230,0,0.21164461970329285,,
231,0,0.34594962000846863,,
232,0,0.4194524884223938,,
233,0,0.2814706265926361,,
234,0,0.06619937717914581,,
235,0,0.16815613210201263,,
236,0,0.25654953718185425,,
237,0,0.2738988995552063,,
238,0,0.24461516737937927,,
239,0,0.1451377123594284,,
240,0,0.5730056166648865,,
241,0,0.22087262570858002,,
242,0,0.17288948595523834,,
243,0,0.11007621884346008,,
244,0,0.02901211567223072,,
245,0,0.277498722076416,,
246,0,0.3166162967681885,,
247,0,0.09193018078804016,,
248,0,0.2777792811393738,,
249,0,0.10226665437221527,,
250,0,0.1782570779323578,,
251,0,0.28442203998565674,,
252,0,0.40867704153060913,,
253,0,0.423936128616333,,
254,0,0.14263971149921417,,
255,0,0.15364256501197815,,
256,0,0.12414815276861191,,
257,0,0.1547938883304596,,
258,0,0.1778014600276947,,
259,0,0.07822733372449875,,
260,0,0.4146687984466553,,
261,0,0.11908766627311707,,
262,0,0.35304367542266846,,
263,0,0.172461599111557,,
264,0,0.08818523585796356,,
265,0,0.15751969814300537,,
266,0,0.5956723093986511,,
267,0,0.303411066532135,,
268,0,0.088408924639225,,
269,0,0.505519688129425,,
270,0,0.12006518989801407,,
271,0,0.17551426589488983,,
272,0,0.43990689516067505,,
273,0,0.18670178949832916,,
274,0,0.18906010687351227,,
275,0,0.09173756092786789,,
276,0,0.08772499859333038,,
277,0,0.2285139113664627,,
278,0,0.32639074325561523,,
279,0,0.27429986000061035,,
280,0,0.19371528923511505,,
281,0,0.2687678337097168,,
282,0,0.2701987624168396,,
283,0,0.397461473941803,,
284,0,0.4264548420906067,,
285,0,0.2624361515045166,,
286,0,0.3953060805797577,,
287,0,0.40432974696159363,,
288,0,0.23074375092983246,,
289,0,0.1968633383512497,,
290,0,0.17128586769104004,,
291,0,0.27593690156936646,,
292,0,0.26284512877464294,,
293,0,0.5101445317268372,,
294,0,0.13138845562934875,,
295,0,0.27955302596092224,,
296,0,0.08211805671453476,,
297,0,0.3337918519973755,,
298,0,0.1496647596359253,,
299,0,0.13545766472816467,,
300,0,0.2356422245502472,,
301,0,0.22286613285541534,,
302,0,0.09487954527139664,,
303,0,0.3325122892856598,,
304,0,0.3755669891834259,,
305,0,0.16000868380069733,,
306,0,0.11969627439975739,,
307,0,0.038464855402708054,,
308,0,0.22654379904270172,,
309,0,0.1012982502579689,,
310,0,0.15925757586956024,,
311,0,0.49661511182785034,,
312,0,0.07085545361042023,,
313,0,0.36862805485725403,,
314,0,0.10776335000991821,,
315,0,0.2203575074672699,,
316,0,0.39178466796875,,
317,0,0.21443137526512146,,
318,0,0.18752442300319672,,
319,0,0.27588680386543274,,
320,0,0.20383544266223907,,
321,0,0.2449256181716919,,
322,0,0.15168599784374237,,
323,0,0.3065067529678345,,
324,0,0.13089752197265625,,
325,0,0.28765490651130676,,
326,0,0.2776694893836975,,
327,0,0.2138422131538391,,
328,0,0.07555796205997467,,
329,0,0.3050267696380615,,
330,0,0.28558534383773804,,
331,0,0.09442334622144699,,
332,0,0.12179978936910629,,
333,0,0.3568653464317322,,
334,0,0.21832725405693054,,
335,0,0.3971472680568695,,
336,0,0.2277282327413559,,
337,0,0.19328218698501587,,
338,0,0.24110980331897736,,
339,0,0.4385639727115631,,
340,0,0.10061264038085938,,
341,0,0.135054811835289,,
342,0,0.12152854353189468,,
343,0,0.06438525766134262,,
344,0,0.13277600705623627,,
345,0,0.2163621336221695,,
346,0,0.3179052472114563,,
347,0,0.10859864950180054,,
348,0,0.5678461790084839,,
349,0,0.32970961928367615,,
350,0,0.13367405533790588,,
351,0,0.1809423416852951,,
352,0,0.08584830164909363,,
353,0,0.16870154440402985,,
354,0,0.39091822504997253,,
355,0,0.24980972707271576,,
356,0,0.18300078809261322,,
357,0,0.09482280910015106,,
358,0,0.2589433491230011,,
359,0,0.09914641827344894,,
360,0,0.6914883255958557,,
361,0,0.11444918811321259,,
362,0,0.16044606268405914,,
363,0,0.16131490468978882,,
364,0,0.15756720304489136,,
365,0,0.2531922161579132,,
366,0,0.1017141118645668,,
367,0,0.11212990432977676,,
368,0,0.11070773750543594,,
369,0,0.13721217215061188,,
370,0,0.24544838070869446,,
371,0,0.3372930884361267,,
372,0,0.12477116286754608,,
373,0,0.1507713943719864,,
374,0,0.07486823201179504,,
375,0,0.1222756952047348,,
376,0,0.9461292624473572,,
377,0,0.4323252737522125,,
378,0,0.22285223007202148,,
379,0,0.14827188849449158,,
380,0,0.06220878288149834,,
381,0,0.3055846095085144,,
382,0,0.04539794847369194,,
383,0,0.21817646920681,,
384,0,0.22046586871147156,,
385,0,0.14048486948013306,,
386,0,0.1558011770248413,,
387,0,0.45253944396972656,,
388,0,0.06558023393154144,,
389,0,0.2487775981426239,,
390,0,0.20411305129528046,,
391,0,0.13720865547657013,,
392,0,0.06946288794279099,,
393,0,0.10436881333589554,,
394,0,0.12002699822187424,,
395,0,0.12853530049324036,,
396,0,0.39448919892311096,,
397,0,0.18587568402290344,,
398,0,0.2570970952510834,,
399,0,0.21816469728946686,,
400,0,0.2358250617980957,,
401,0,0.12302491813898087,,
402,0,0.16531595587730408,,
403,0,0.19590607285499573,,
404,0,0.1473144143819809,,
405,0,0.4937749207019806,,
406,0,0.15109221637248993,,
407,0,0.10268764197826385,,
408,0,0.06775818020105362,,
409,0,0.12028869241476059,,
410,0,0.05809951201081276,,
411,0,0.15082943439483643,,
412,0,0.42824384570121765,,
413,0,0.17733711004257202,,
414,0,0.34918054938316345,,
415,0,0.14872902631759644,,
416,0,0.2053593099117279,,
417,0,0.08956769108772278,,
418,0,0.11564549803733826,,
419,0,0.0739586353302002,,
420,0,0.09063386172056198,,
421,0,0.27478116750717163,,
422,0,0.05085933580994606,,
423,0,0.5505996346473694,,
424,0,0.07726746052503586,,
425,0,0.09662699699401855,,
426,0,0.1962743103504181,,
427,0,0.14628644287586212,,
428,0,0.18980088829994202,,
429,0,0.09465702623128891,,
430,0,0.610986053943634,,
431,0,0.09700092673301697,,
432,0,0.09193780273199081,,
433,0,0.0424354262650013,,
434,0,0.08191309869289398,,
435,0,0.2583395540714264,,
436,0,0.03643125295639038,,
437,0,0.20827974379062653,,
438,0,0.2715378999710083,,
439,0,0.04926305264234543,,
440,0,0.11985212564468384,,
441,0,0.12599435448646545,,
442,0,0.14806337654590607,,
443,0,0.1467060148715973,,
444,0,0.06976964324712753,,
445,0,0.06550462543964386,,
446,0,0.08090732246637344,,
447,0,0.026635585352778435,,
448,0,0.33779796957969666,,
449,0,0.06571558862924576,,
450,0,0.07690288871526718,,
451,0,0.08941687643527985,,
452,0,0.645731508731842,,
453,0,0.1199118047952652,,
454,0,0.12772876024246216,,
455,0,0.07174638658761978,,
456,0,0.0813610777258873,,
457,0,0.09567781537771225,,
458,0,0.0952925756573677,,
459,0,0.05925123021006584,,
460,0,0.17939265072345734,,
461,0,0.14807924628257751,,
462,0,0.10160287469625473,,
463,0,0.011685630306601524,,
464,0,0.27761757373809814,,
465,0,0.11095934361219406,,
466,0,0.22211043536663055,,
467,0,0.23107348382472992,,
468,0,0.528777003288269,,
469,0,0.14854668080806732,,
470,0,0.05332057550549507,,
471,0,0.1715562641620636,,
472,0,0.07292593270540237,,
473,0,0.04445350915193558,,
474,0,0.013251999393105507,,
475,0,0.14580056071281433,,
476,0,0.0348060205578804,,
477,0,0.07318700850009918,,
478,0,0.07131035625934601,,
479,0,0.6758089065551758,,
480,0,0.0835072323679924,,
481,0,0.03303762152791023,,
482,0,0.07918553054332733,,
483,0,0.3491893410682678,,
484,0,0.06379293650388718,,
485,0,0.09731995314359665,,
486,0,0.07117889076471329,,
487,0,0.020329400897026062,,
488,0,0.05503535270690918,,
489,0,0.08394918590784073,,
490,0,0.09763254225254059,,
491,0,0.13091042637825012,,
492,0,0.13165120780467987,,
493,0,0.11997981369495392,,
494,0,0.0515667200088501,,
495,0,0.10376133024692535,,
496,0,0.0712258368730545,,
497,0,0.2821291387081146,,
498,0,0.05511932447552681,,
499,0,0.05957026034593582,,
500,0,0.20601055026054382,,
501,0,0.15793335437774658,,
502,0,0.0764332041144371,,
503,0,0.2874176502227783,,
504,0,0.14932361245155334,,
505,0,0.16866160929203033,,
506,0,0.07532938569784164,,
507,0,0.06001143530011177,,
508,0,0.0666789785027504,,
509,0,0.03050764463841915,,
510,0,0.16691860556602478,,
511,0,0.043196115642786026,,
512,0,0.1258503943681717,,
513,0,0.9103937745094299,,
514,0,0.1524125337600708,,
515,0,0.055666159838438034,,
516,0,0.1712147742509842,,
517,0,0.09502633661031723,,
518,0,0.5365723967552185,,
519,0,0.08737210184335709,,
520,0,0.3463805615901947,,
521,0,0.20816372334957123,,
522,0,0.05467315763235092,,
523,0,0.08163172751665115,,
524,0,0.1319628804922104,,
525,0,0.046461187303066254,,
526,0,0.16791373491287231,,
527,0,0.06900779157876968,,
528,0,0.09130732715129852,,
529,0,0.10387124121189117,,
530,0,0.14081858098506927,,
531,0,0.1924598664045334,,
532,0,0.043112628161907196,,
533,0,0.1368267834186554,,
534,0,0.0837688222527504,,
535,0,0.09805507212877274,,
536,0,0.5003668069839478,,
537,0,0.05711209774017334,,
538,0,0.04808874428272247,,
539,0,0.06018548458814621,,
540,0,0.23101980984210968,,
541,0,0.03383617475628853,,
542,0,0.09037254005670547,,
543,0,0.1288316547870636,,
544,0,0.07142511755228043,,
545,0,0.15498532354831696,,
546,0,0.173000767827034,,
547,0,0.06628227233886719,,
548,0,0.05406005680561066,,
549,0,0.23055122792720795,,
550,0,0.05629487708210945,,
551,0,0.08031196892261505,,
552,0,0.09465023130178452,,
553,0,0.05322917923331261,,
554,0,0.056641191244125366,,
555,0,0.16911590099334717,,
556,0,0.045670654624700546,,
557,0,0.18173691630363464,,
558,0,0.03588814660906792,,
559,0,0.16443519294261932,,
560,0,0.03980853781104088,,
561,0,0.03076327219605446,,
562,0,0.27941879630088806,,
563,0,0.29914554953575134,,
564,0,0.12016822397708893,,
565,0,0.1492004692554474,,
566,0,0.030353661626577377,,
567,0,0.050613466650247574,,
568,0,0.024130554869771004,,
569,0,0.13481910526752472,,
570,0,0.31020379066467285,,
571,0,0.06458048522472382,,
572,0,0.4183778762817383,,
573,0,0.09742455929517746,,
574,0,0.053986404091119766,,
575,0,0.07817016541957855,,
576,0,0.0909699946641922,,
577,0,0.20757544040679932,,
578,0,0.2670367360115051,,
579,0,0.08453717082738876,,
580,0,0.13146784901618958,,
581,0,0.11248444765806198,,
582,0,0.07890242338180542,,
583,0,0.11978290230035782,,
584,0,0.06661222875118256,,
585,0,0.13513581454753876,,
586,0,0.06691562384366989,,
587,0,0.047957781702280045,,
588,0,0.07119660824537277,,
589,0,0.0783371850848198,,
590,0,0.1489926278591156,,
591,0,0.12524071335792542,,
592,0,0.07230553030967712,,
593,0,0.1828853338956833,,
594,0,0.05184481292963028,,
595,0,0.11347430944442749,,
596,0,0.32897764444351196,,
597,0,0.01977401413023472,,
598,0,0.2064594179391861,,
599,0,0.14099928736686707,,
600,0,0.23379361629486084,,
601,0,0.40456685423851013,,
602,0,0.11533578485250473,,
603,0,0.1337312012910843,,
604,0,0.05199989676475525,,
605,0,0.3776761293411255,,
606,0,0.0671829804778099,,
607,0,0.08402346074581146,,
608,0,0.05089733377099037,,
609,0,0.09707195311784744,,
610,0,0.09753470122814178,,
611,0,0.09889854490756989,,
612,0,0.06194157525897026,,
613,0,0.11076807230710983,,
614,0,0.3453291356563568,,
615,0,0.03903181105852127,,
616,0,0.0693989172577858,,
617,0,0.04602166265249252,,
618,0,0.07093948125839233,,
619,0,0.06357093155384064,,
620,0,0.10580945760011673,,
621,0,0.036404501646757126,,
622,0,0.20897647738456726,,
623,0,0.0438992939889431,,
624,0,0.02673466131091118,,
625,0,0.037414077669382095,,
626,0,0.054547883570194244,,
627,0,0.10151557624340057,,
628,0,0.05376588925719261,,
629,0,0.036241255700588226,,
630,0,0.07327708601951599,,
631,0,0.10973822325468063,,
632,0,0.17730537056922913,,
633,0,0.027842726558446884,,
634,0,0.3903493881225586,,
635,0,0.028434371575713158,,
636,0,0.06264080107212067,,
637,0,0.1104058176279068,,
638,0,0.025624467059969902,,
639,0,0.08508016169071198,,
640,0,0.15072831511497498,,
641,0,0.1433066874742508,,
642,0,0.08478041738271713,,
643,0,0.27251359820365906,,
644,0,0.16953475773334503,,
645,0,0.03805724158883095,,
646,0,0.08008316159248352,,
647,0,0.06712435185909271,,
648,0,0.06601457297801971,,
649,0,0.06473848968744278,,
650,0,0.20864428579807281,,
651,0,0.265707403421402,,
652,0,0.12419512122869492,,
653,0,0.030767953023314476,,
654,0,0.11807870864868164,,
655,0,0.05900149047374725,,
656,0,0.0510856956243515,,
657,0,0.09735685586929321,,
658,0,0.07748320698738098,,
659,0,0.14709076285362244,,
660,0,0.11070578545331955,,
661,0,0.2686600983142853,,
662,0,0.09336467832326889,,
663,0,0.07605727016925812,,
664,0,0.5980445742607117,,
665,0,0.0680331140756607,,
666,0,0.06361749023199081,,
667,0,0.05467861518263817,,
668,0,0.09407685697078705,,
669,0,0.14098450541496277,,
670,0,0.1741832196712494,,
671,0,0.08140110969543457,,
672,0,0.09208086878061295,,
673,0,0.07487990707159042,,
674,0,0.03485563024878502,,
675,0,0.38733258843421936,,
676,0,0.23329974710941315,,
677,0,0.11110451072454453,,
678,0,0.018858501687645912,,
679,0,0.05860346928238869,,
680,0,0.056574661284685135,,
681,0,0.0994206890463829,,
682,0,0.12258540838956833,,
683,0,0.056016016751527786,,
684,0,0.11776219308376312,,
685,0,0.17441688477993011,,
686,0,0.11821328103542328,,
687,0,0.3569795489311218,,
688,0,0.17866182327270508,,
689,0,0.06153996288776398,,
690,0,0.09829004108905792,,
691,0,0.357283353805542,,
692,0,0.21673089265823364,,
693,0,0.06247736141085625,,
694,0,0.5127913951873779,,
695,0,0.09350457042455673,,
696,0,0.16235537827014923,,
697,0,0.0930323377251625,,
698,0,0.277576744556427,,
699,0,0.09144966304302216,,
700,0,0.19625481963157654,,
701,0,0.052232589572668076,,
702,0,0.16914092004299164,,
703,0,0.27531325817108154,,
704,0,0.05406226962804794,,
705,0,0.14780907332897186,,
706,0,0.18303236365318298,,
707,0,0.07241709530353546,,
708,0,0.11665208637714386,,
709,0,0.10678418725728989,,
710,0,0.020598210394382477,,
711,0,0.04994130879640579,,
712,0,0.08823614567518234,,
713,0,0.02933969907462597,,
714,0,0.08403196185827255,,
715,0,0.06029829382896423,,
716,0,0.14675600826740265,,
717,0,0.08612564951181412,,
718,0,0.5280166864395142,,
719,0,0.1218329519033432,,
720,0,0.2199075073003769,,
721,0,0.18755780160427094,,
722,0,0.09070167690515518,,
723,0,0.018370559439063072,,
724,0,0.0714220255613327,,
725,0,0.11600258946418762,,
726,0,0.04204161465167999,,
727,0,0.030277224257588387,,
728,0,0.05424962565302849,,
729,0,0.24590599536895752,,
730,0,0.0636494904756546,,
731,0,0.03832269832491875,,
732,0,0.05193323642015457,,
733,0,0.29027843475341797,,
734,0,0.022000500932335854,,
735,0,0.10254866629838943,,
736,0,0.040354661643505096,,
737,0,0.04452786594629288,,
738,0,0.06552944332361221,,
739,0,0.03137253597378731,,
740,0,0.133915975689888,,
741,0,0.05637269467115402,,
742,0,0.08082137256860733,,
743,0,0.08832092583179474,,
744,0,0.03734668716788292,,
745,0,0.1129397302865982,,
746,0,0.04479164630174637,,
747,0,0.05458686128258705,,
748,0,0.03863385319709778,,
749,0,0.07205066829919815,,
750,0,0.2654392719268799,,
751,0,0.021630289033055305,,
752,0,0.41835126280784607,,
753,0,0.06479520350694656,,
754,0,0.05151112377643585,,
755,0,0.022947903722524643,,
756,0,0.48797860741615295,,
757,0,0.06828724592924118,,
758,0,0.028630638495087624,,
759,0,0.0429881252348423,,
760,0,0.3084496557712555,,
761,0,0.05081796273589134,,
762,0,0.014744667336344719,,
763,0,0.07774995267391205,,
764,0,0.03660079836845398,,
765,0,0.01587645709514618,,
766,0,0.19103579223155975,,
767,0,0.05026976764202118,,
768,0,0.02790079452097416,,
769,0,0.033074405044317245,,
770,0,0.015510575845837593,,
771,0,0.155808225274086,,
772,0,0.08590002357959747,,
773,0,0.05540337413549423,,
774,0,0.04129696264863014,,
775,0,0.04089227318763733,,
776,0,0.04632921144366264,,
777,0,0.0700608342885971,,
778,0,0.0163327194750309,,
779,0,0.12287542223930359,,
780,0,0.1828574240207672,,
781,0,0.06113637238740921,,
782,0,0.12021394073963165,,
783,0,0.012797553092241287,,
784,0,0.01342774461954832,,
785,0,0.148114874958992,,
786,0,0.4630826413631439,,
787,0,0.12496136873960495,,
788,0,0.0711040273308754,,
789,0,0.13246461749076843,,
790,0,0.04952988028526306,,
791,0,0.05380859971046448,,
792,0,0.056523822247982025,,
793,0,0.04374818131327629,,
794,0,0.07099755108356476,,
795,0,0.01704344153404236,,
796,0,0.04252444952726364,,
797,0,0.15302889049053192,,
798,0,0.5206221342086792,,
799,0,0.11073485761880875,,
800,0,0.07782235741615295,,
801,0,0.07923702150583267,,
802,0,0.07099034637212753,,
803,0,0.03896550461649895,,
804,0,0.0932694524526596,,
805,0,0.03751520439982414,,
806,0,0.13708411157131195,,
807,0,0.08676644414663315,,
808,0,0.08708663284778595,,
809,0,0.02441905438899994,,
810,0,0.11380283534526825,,
811,0,0.045377217233181,,
812,0,0.016050711274147034,,
813,0,0.1923164278268814,,
814,0,0.05738285928964615,,
815,0,0.07814576476812363,,
816,0,0.026151753962039948,,
817,0,0.026618599891662598,,
818,0,0.03594418615102768,,
819,0,0.1862492859363556,,
820,0,0.26788461208343506,,
821,0,0.08005412667989731,,
822,0,0.035478733479976654,,
823,0,0.043776314705610275,,
824,0,0.09237748384475708,,
825,0,0.030152209103107452,,
826,0,0.010702380910515785,,
827,0,0.0524066798388958,,
828,0,0.026872720569372177,,
829,0,0.15698952972888947,,
830,0,0.003059029346331954,,
831,0,0.026362957432866096,,
832,0,0.013692991808056831,,
833,0,0.013166315853595734,,
834,0,0.025711512193083763,,
835,0,0.08078421652317047,,
836,0,0.05093490332365036,,
837,0,0.07455737888813019,,
838,0,0.03753457963466644,,
839,0,0.2464391589164734,,
840,0,0.07346898317337036,,
841,0,0.11813753843307495,,
842,0,0.039931777864694595,,
843,0,0.0375615656375885,,
844,0,0.013194178231060505,,
845,0,0.045382965356111526,,
846,0,0.2088116705417633,,
847,0,0.02146168239414692,,
848,0,0.049559224396944046,,
849,0,0.06798495352268219,,
850,0,0.10396237671375275,,
851,0,0.03060101345181465,,
852,0,0.06720974296331406,,
853,0,0.06570381671190262,,
854,0,0.03424353897571564,,
855,0,0.08738909661769867,,
856,0,0.02417190931737423,,
857,0,0.008858800865709782,,
858,0,0.07830729335546494,,
859,0,0.102782242000103,,
860,0,0.08297645300626755,,
861,0,0.03658488765358925,,
862,0,0.08790500462055206,,
863,0,0.02837122231721878,,
864,0,0.014861399307847023,,
865,0,0.03738828003406525,,
866,0,0.05465317890048027,,
867,0,0.0827983170747757,,
868,0,0.08317252993583679,,
869,0,0.1627204269170761,,
870,0,0.11204921454191208,,
871,0,0.04335205629467964,,
872,0,0.2946946322917938,,
873,0,0.03126204013824463,,
874,0,0.043769046664237976,,
875,0,0.11801702529191971,,
876,0,0.2022390365600586,,
877,0,0.057093892246484756,,
878,0,0.050116460770368576,,
879,0,0.3975321352481842,,
880,0,0.18004436790943146,,
881,0,0.14797969162464142,,
882,0,0.013068323023617268,,
883,0,0.0720047727227211,,
884,0,0.018280988559126854,,
885,0,0.0794493705034256,,
886,0,0.09689226746559143,,
887,0,0.02673804759979248,,
888,0,0.026226667687296867,,
889,0,0.10310735553503036,,
890,0,0.11613191664218903,,
891,0,0.020139163359999657,,
892,0,0.021021468564867973,,
893,0,0.07735275477170944,,
894,0,0.11810053884983063,,
895,0,0.037728410214185715,,
896,0,0.01201094500720501,,
897,0,0.10979067534208298,,
898,0,0.083046093583107,,
899,0,0.22609247267246246,,
900,0,0.06918066740036011,,
901,0,0.04593949764966965,,
902,0,0.06663580238819122,,
903,0,0.051311369985342026,,
904,0,0.043741047382354736,,
905,0,0.09818898141384125,,
906,0,0.0601300410926342,,
907,0,0.029848406091332436,,
908,0,0.04705614969134331,,
909,0,0.03402479365468025,,
910,0,0.24682921171188354,,
911,0,0.2117297500371933,,
912,0,0.01720728911459446,,
913,0,0.022204941138625145,,
914,0,0.026666011661291122,,
915,0,0.042854469269514084,,
916,0,0.02987881377339363,,
917,0,0.0651787742972374,,
918,0,0.10536213219165802,,
919,0,0.1432332545518875,,
920,0,0.05769859999418259,,
921,0,0.09383471310138702,,
922,0,0.15207025408744812,,
923,0,0.13162361085414886,,
924,0,0.07650211453437805,,
925,0,0.11276407539844513,,
926,0,0.03412208706140518,,
927,0,0.004449378699064255,,
928,0,0.19064326584339142,,
929,0,0.132633775472641,,
930,0,0.16497255861759186,,
931,0,0.09410502016544342,,
932,0,0.0313602052628994,,
933,0,0.0608319453895092,,
934,0,0.04648091271519661,,
935,0,0.03585425764322281,,
936,0,0.023531118407845497,,
937,0,0.022363493219017982,,
938,0,0.05769057944417,,
939,0,0.06214691326022148,,
940,0,0.031218746677041054,,
941,0,0.10458040237426758,,
942,0,0.014521418139338493,,
943,0,0.1376115083694458,,
944,0,0.10633234679698944,,
945,0,0.023030757904052734,,
946,0,0.04521152377128601,,
947,0,0.11962564289569855,,
948,0,0.04600534588098526,,
949,0,0.011446471326053143,,
950,0,0.04573100060224533,,
951,0,0.042327914386987686,,
952,0,0.01776336133480072,,
953,0,0.027629904448986053,,
954,0,0.08371144533157349,,
955,0,0.09003876149654388,,
956,0,0.16841815412044525,,
957,0,0.01571650058031082,,
958,0,0.11724944412708282,,
959,0,0.07890584319829941,,
960,0,0.10031916946172714,,
961,0,0.008770407177507877,,
962,0,0.04236682504415512,,
963,0,0.07078950107097626,,
964,0,0.049906112253665924,,
965,0,0.31153416633605957,,
966,0,0.07019562274217606,,
967,0,0.08553747832775116,,
968,0,0.08302418142557144,,
969,0,0.0926424041390419,,
970,0,0.06074507534503937,,
971,0,0.037676852196455,,
972,0,0.018521340563893318,,
973,0,0.021304361522197723,,
974,0,0.10129036754369736,,
975,0,0.09247398376464844,,
976,0,0.02352237142622471,,
977,0,0.04236631095409393,,
978,0,0.03708565607666969,,
979,0,0.01673029735684395,,
980,0,0.14747440814971924,,
981,0,0.2692376971244812,,
982,0,0.21698512136936188,,
983,0,0.2885507643222809,,
984,0,0.15861698985099792,,
985,0,0.08897310495376587,,
986,0,0.06014859676361084,,
987,0,0.03382020443677902,,
988,0,0.10537263005971909,,
989,0,0.2782619893550873,,
990,0,0.06353151798248291,,
991,0,0.026434466242790222,,
992,0,0.09574902802705765,,
993,0,0.09605488926172256,,
994,0,0.2589215338230133,,
995,0,0.23974309861660004,,
996,0,0.017485179007053375,,
997,0,0.0436185747385025,,
998,0,0.03813641890883446,,
999,0,0.0775383934378624,,
1000,0,0.2282557487487793,,
1001,0,0.03650354966521263,,
1002,0,0.020280875265598297,,
1003,0,0.04090878367424011,,
1004,0,0.05477190390229225,,
1005,0,0.32769089937210083,,
1006,0,0.02529042400419712,,
1007,0,0.10810963809490204,,
1008,0,0.0348367802798748,,
1009,0,0.0382416658103466,,
1010,0,0.03993954509496689,,
1011,0,0.1314775049686432,,
1012,0,0.07280684262514114,,
1013,0,0.017533401027321815,,
1014,0,0.048992007970809937,,
1015,0,0.2197442352771759,,
1016,0,0.02376732788980007,,
1017,0,0.10563568770885468,,
1018,0,0.025352876633405685,,
1019,0,0.06659501791000366,,
1020,0,0.06958499550819397,,
1021,0,0.037033163011074066,,
1022,0,0.042649149894714355,,
1023,0,0.023211468011140823,,
1024,0,0.5032132267951965,,
1025,0,0.023386169224977493,,
1026,0,0.1339564323425293,,
1027,0,0.05049920082092285,,
1028,0,0.06018410623073578,,
1029,0,0.04256759211421013,,
1030,0,0.092025987803936,,
1031,0,0.295502632856369,,
1032,0,0.06196754425764084,,
1033,0,0.07979491353034973,,
1034,0,0.2360541969537735,,
1035,0,0.2236945778131485,,
1036,0,0.04934486001729965,,
1037,0,0.06277282536029816,,
1038,0,0.047276150435209274,,
1039,0,0.14916889369487762,,
1040,0,0.09471870213747025,,
1041,0,0.07957526296377182,,
1042,0,0.07305096834897995,,
1043,0,0.04334462434053421,,
1044,0,0.03902118653059006,,
1045,0,0.03609287366271019,,
1046,0,0.02847086824476719,,
1047,0,0.06596051156520844,,
1048,0,0.06518188863992691,,
1049,0,0.04446795955300331,,
1050,0,0.04391708970069885,,
1051,0,0.10629671812057495,,
1052,0,0.08686736226081848,,
1053,0,0.015962857753038406,,
1054,0,0.0297312680631876,,
1055,0,0.07684884965419769,,
1056,0,0.005198851693421602,,
1057,0,0.028260696679353714,,
1058,0,0.031015316024422646,,
1059,0,0.015458743087947369,,
1060,0,0.019435619935393333,,
1061,0,0.12294898927211761,,
1062,0,0.03835529088973999,,
1063,0,0.04967498779296875,,
1064,0,0.030347298830747604,,
1065,0,0.20790234208106995,,
1066,0,0.05043056607246399,,
1067,0,0.01667843759059906,,
1068,0,0.1514965146780014,,
1069,0,0.03686657175421715,,
1070,0,0.3483978509902954,,
1071,0,0.029266484081745148,,
1072,0,0.01952015608549118,,
1073,0,0.02881689928472042,,
1074,0,0.04725789278745651,,
1075,0,0.07524479925632477,,
1076,0,0.06299584358930588,,
1077,0,0.033725809305906296,,
1078,0,0.09424295276403427,,
1079,0,0.020519811660051346,,
1080,0,0.08291220664978027,,
1081,0,0.07588384300470352,,
1082,0,0.027327880263328552,,
1083,0,0.04673328995704651,,
1084,0,0.013708977960050106,,
1085,0,0.12444044649600983,,
1086,0,0.016637688502669334,,
1087,0,0.026532135903835297,,
1088,0,0.026433471590280533,,
1089,0,0.1598319262266159,,
1090,0,0.08951878547668457,,
1091,0,0.02824035845696926,,
1092,0,0.01331506110727787,,
1093,0,0.07513624429702759,,
1094,0,0.04913065582513809,,
1095,0,0.21500590443611145,,
1096,0,0.005896503571420908,,
1097,0,0.07531889528036118,,
1098,0,0.13977009057998657,,
1099,0,0.04799988120794296,,
1100,0,0.018726319074630737,,
1101,0,0.020880909636616707,,
1102,0,0.0276530422270298,,
1103,0,0.022862274199724197,,
1104,0,0.041389793157577515,,
1105,0,0.04497479274868965,,
1106,0,0.42161116003990173,,
1107,0,0.0702662244439125,,
1108,0,0.028328631073236465,,
1109,0,0.02181679755449295,,
1110,0,0.03398483991622925,,
1111,0,0.028285253793001175,,
1112,0,0.05640470236539841,,
1113,0,0.013543818145990372,,
1114,0,0.007428739219903946,,
1115,0,0.04116770997643471,,
1116,0,0.0259882602840662,,
1117,0,0.06943602114915848,,
1118,0,0.04619337618350983,,
1119,0,0.03218356519937515,,
1120,0,0.023679230362176895,,
1121,0,0.052689433097839355,,
1122,0,0.03377528116106987,,
1123,0,0.02383297123014927,,
1124,0,0.0231440719217062,,
1125,0,0.06692048907279968,,
1126,0,0.011938953772187233,,
1127,0,0.01325302291661501,,
1128,0,0.06012480705976486,,
1129,0,0.07657689601182938,,
1130,0,0.06994927674531937,,
1131,0,0.028659578412771225,,
1132,0,0.028226196765899658,,
1133,0,0.030370080843567848,,
1134,0,0.03173726424574852,,
1135,0,0.027438197284936905,,
1136,0,0.0513794869184494,,
1137,0,0.14607472717761993,,
1138,0,0.042160678654909134,,
1139,0,0.04603802412748337,,
1140,0,0.02880770154297352,,
1141,0,0.07055529952049255,,
1142,0,0.03276544064283371,,
1143,0,0.02141689322888851,,
1144,0,0.02139405347406864,,
1145,0,0.08927018195390701,,
1146,0,0.011681105941534042,,
1147,0,0.04958866164088249,,
1148,0,0.011265081353485584,,
1149,0,0.044478267431259155,,
1150,0,0.04659532010555267,,
1151,0,0.07880758494138718,,
1152,0,0.004350601229816675,,
1153,0,0.03269105404615402,,
1154,0,0.03295322507619858,,
1155,0,0.023555172607302666,,
1156,0,0.027923669666051865,,
1157,0,0.04710923507809639,,
1158,0,0.014432162046432495,,
1159,0,0.010692784562706947,,
1160,0,0.024297352880239487,,
1161,0,0.030450236052274704,,
1162,0,0.33088892698287964,,
1163,0,0.2280493825674057,,
1164,0,0.011697155423462391,,
1165,0,0.060473546385765076,,
1166,0,0.15623359382152557,,
1167,0,0.05318991467356682,,
1168,0,0.09544266760349274,,
1169,0,0.03206196427345276,,
1170,0,0.021086310967803,,
1171,0,0.0627107173204422,,
1172,0,0.049950141459703445,,
1173,0,0.018931351602077484,,
1174,0,0.01594550535082817,,
1175,0,0.023444944992661476,,
1176,0,0.028227847069501877,,
1177,0,0.013950755819678307,,
1178,0,0.05701477453112602,,
1179,0,0.03741268068552017,,
1180,0,0.004766079597175121,,
1181,0,0.09881698340177536,,
1182,0,0.04191992059350014,,
1183,0,0.04542631283402443,,
1184,0,0.35137781500816345,,
1185,0,0.05838043987751007,,
1186,0,0.008316418156027794,,
1187,0,0.026247164234519005,,
1188,0,0.017229100689291954,,
1189,0,0.09175243973731995,,
1190,0,0.07784058898687363,,
1191,0,0.04625726118683815,,
1192,0,0.17763683199882507,,
1193,0,0.3324141502380371,,
1194,0,0.07209987938404083,,
1195,0,0.014503361657261848,,
1196,0,0.03215764835476875,,
1197,0,0.027010319754481316,,
1198,0,0.023211149498820305,,
1199,0,0.19003303349018097,,
1200,0,0.049643680453300476,,
1201,0,0.08058714121580124,,
1202,0,0.06236507371068001,,
1203,0,0.12524880468845367,,
1204,0,0.021254796534776688,,
1205,0,0.03161903843283653,,
1206,0,0.04980228841304779,,
1207,0,0.12133988738059998,,
1208,0,0.24394607543945312,,
1209,0,0.07493866980075836,,
1210,0,0.16953203082084656,,
1211,0,0.02207777090370655,,
1212,0,0.054606061428785324,,
1213,0,0.046262286603450775,,
1214,0,0.15443404018878937,,
1215,0,0.017703425139188766,,
1216,0,0.053105760365724564,,
1217,0,0.3294419050216675,,
1218,0,0.009760738350450993,,
1219,0,0.049151711165905,,
1220,0,0.08811450004577637,,
1221,0,0.044008661061525345,,
1222,0,0.020926490426063538,,
1223,0,0.1417279988527298,,
1224,0,0.020922478288412094,,
1225,0,0.0409979522228241,,
1226,0,0.039034727960824966,,
1227,0,0.113813616335392,,
1228,0,0.05929701402783394,,
1229,0,0.049997005611658096,,
1230,0,0.1146758422255516,,
1231,0,0.03482605144381523,,
1232,0,0.044464271515607834,,
1233,0,0.02519775554537773,,
1234,0,0.11608432233333588,,
1235,0,0.07341649383306503,,
1236,0,0.06301143020391464,,
1237,0,0.06856632977724075,,
1238,0,0.08224155753850937,,
1239,0,0.08516591787338257,,
1240,0,0.4220808744430542,,
1241,0,0.012977384962141514,,
1242,0,0.0733461007475853,,
1243,0,0.04697466641664505,,
1244,0,0.05509106069803238,,
1245,0,0.025190796703100204,,
1246,0,0.06146308407187462,,
1247,0,0.03893299400806427,,
1248,0,0.06966866552829742,,
1249,0,0.03196930140256882,,
1250,0,0.17526455223560333,,
1251,0,0.07663332670927048,,
1252,0,0.03592913970351219,,
1253,0,0.24161997437477112,,
1254,0,0.03876296058297157,,
1255,0,0.21538729965686798,,
1256,0,0.0478239580988884,,
1257,0,0.0206315778195858,,
1258,0,0.009632028639316559,,
1259,0,0.031116729602217674,,
1260,0,0.24582140147686005,,
1261,0,0.03023642860352993,,
1262,0,0.05899966135621071,,
1263,0,0.041792381554841995,,
1264,0,0.040215957909822464,,
1265,0,0.11879624426364899,,
1266,0,0.11812452226877213,,
1267,0,0.2745448648929596,,
1268,0,0.026135878637433052,,
1269,0,0.05346747115254402,,
1270,0,0.10164830833673477,,
1271,0,0.03006008081138134,,
1272,0,0.14742057025432587,,
1273,0,0.019915327429771423,,
1274,0,0.014164827764034271,,
1275,0,0.6273571252822876,,
1276,0,0.014176263473927975,,
1277,0,0.11428973823785782,,
1278,0,0.033057745546102524,,
1279,0,0.17868882417678833,,
1280,0,0.030637145042419434,,
1281,0,0.3871794641017914,,
1282,0,0.09109916538000107,,
1283,0,0.04064059630036354,,
1284,0,0.04510689526796341,,
1285,0,0.04146112874150276,,
1286,0,0.052674368023872375,,
1287,0,0.0389435812830925,,
1288,0,0.07191475480794907,,
1289,0,0.12155590206384659,,
1290,0,0.03613004460930824,,
1291,0,0.06043565273284912,,
1292,0,0.05511074513196945,,
1293,0,0.040845733135938644,,
1294,0,0.05049467831850052,,
1295,0,0.0540664866566658,,
1296,0,0.04465441405773163,,
1297,0,0.04271053895354271,,
1298,0,0.06708989292383194,,
1299,0,0.02453722432255745,,
1300,0,0.050804346799850464,,
1301,0,0.05192216858267784,,
1302,0,0.0246592964977026,,
1303,0,0.17458303272724152,,
1304,0,0.041908007115125656,,
1305,0,0.04727526381611824,,
1306,0,0.038122572004795074,,
1307,0,0.03988555073738098,,
1308,0,0.23815734684467316,,
1309,0,0.09874574095010757,,
1310,0,0.03388689085841179,,
1311,0,0.07192773371934891,,
1312,0,0.08437664806842804,,
1313,0,0.04806997627019882,,
1314,0,0.021701952442526817,,
1315,0,0.07147600501775742,,
1316,0,0.19681574404239655,,
1317,0,0.12306353449821472,,
1318,0,0.017494095489382744,,
1319,0,0.021758494898676872,,
1320,0,0.018781961873173714,,
1321,0,0.04009571298956871,,
1322,0,0.08494356274604797,,
1323,0,0.24244646728038788,,
1324,0,0.020012816414237022,,
1325,0,0.15809433162212372,,
1326,0,0.12609674036502838,,
1327,0,0.051954250782728195,,
1328,0,0.03016721084713936,,
1329,0,0.09833662956953049,,
1330,0,0.018384495750069618,,
1331,0,0.27468815445899963,,
1332,0,0.03176834434270859,,
1333,0,0.015112249180674553,,
1334,0,0.012162166647613049,,
1335,0,0.17637251317501068,,
1336,0,0.04106635972857475,,
1337,0,0.03611736744642258,,
1338,0,0.015202773734927177,,
1339,0,0.08703093975782394,,
1340,0,0.34545624256134033,,
1341,0,0.015872471034526825,,
1342,0,0.017120258882641792,,
1343,0,0.028558848425745964,,
1344,0,0.059516679495573044,,
1345,0,0.008093424141407013,,
1346,0,0.028209952637553215,,
1347,0,0.01119534857571125,,
1348,0,0.00729470094665885,,
1349,0,0.16720913350582123,,
1350,0,0.028460511937737465,,
1351,0,0.009160680696368217,,
1352,0,0.1309666484594345,,
1353,0,0.04559934511780739,,
1354,0,0.18605731427669525,,
1355,0,0.025601651519536972,,
1356,0,0.004670129623264074,,
1357,0,0.04970688000321388,,
1358,0,0.04360657557845116,,
1359,0,0.003985655028373003,,
1360,0,0.13641290366649628,,
1361,0,0.09377476572990417,,
1362,0,0.01472970936447382,,
1363,0,0.03419479727745056,,
1364,0,0.02077164314687252,,
1365,0,0.04734776169061661,,
1366,0,0.04258197173476219,,
1367,0,0.05429759621620178,,
1368,0,0.006144343875348568,,
1369,0,0.11263000220060349,,
1370,0,0.02310503087937832,,
1371,0,0.01849130354821682,,
1372,0,0.003002578392624855,,
1373,0,0.07546882331371307,,
1374,0,0.05223957449197769,,
1375,0,0.020587436854839325,,
1376,0,0.0019200682872906327,,
1377,0,0.2705294191837311,,
1378,0,0.039744406938552856,,
1379,0,0.07177263498306274,,
1380,0,0.05883224308490753,,
1381,0,0.027050670236349106,,
1382,0,0.03833260014653206,,
1383,0,0.039428599178791046,,
1384,0,0.42908531427383423,,
1385,0,0.014483386650681496,,
1386,0,0.04305064305663109,,
1387,0,0.04163884371519089,,
1388,0,0.10664965957403183,,
1389,0,0.006876964122056961,,
1390,0,0.025385657325387,,
1391,0,0.034220725297927856,,
1392,0,0.018528912216424942,,
1393,0,0.006675388664007187,,
1394,0,0.010497421026229858,,
1395,0,0.19816133379936218,,
1396,0,0.010988335125148296,,
1397,0,0.038754671812057495,,
1398,0,0.032109335064888,,
1399,0,0.01253556553274393,,
1400,0,0.027642730623483658,,
1401,0,0.15380755066871643,,
1402,0,0.05192641168832779,,
1403,0,0.022643307223916054,,
1404,0,0.04214184731245041,,
1405,0,0.03297873213887215,,
1406,0,0.0394490621984005,,
1407,0,0.05658112093806267,,
1408,0,0.002754434011876583,,
1409,0,0.014009782113134861,,
1410,0,0.07581030577421188,,
1411,0,0.08864564448595047,,
1412,0,0.004310012329369783,,
1413,0,0.0665813684463501,,
1414,0,0.03879505395889282,,
1415,0,0.040558796375989914,,
1416,0,0.026561971753835678,,
1417,0,0.04818006232380867,,
1418,0,0.0054958416149020195,,
1419,0,0.03090967796742916,,
1420,0,0.0048284768126904964,,
1421,0,0.05580701678991318,,
1422,0,0.03236234188079834,,
1423,0,0.0012630551354959607,,
1424,0,0.01580926775932312,,
1425,0,0.02027025818824768,,
1426,0,0.03307109326124191,,
1427,0,0.005871734581887722,,
1428,0,0.032931916415691376,,
1429,0,0.005363270174711943,,
1430,0,0.06719980388879776,,
1431,0,0.020735541358590126,,
1432,0,0.02747821807861328,,
1433,0,0.03476022556424141,,
1434,0,0.029514795169234276,,
1435,0,0.06972287595272064,,
1436,0,0.08644303679466248,,
1437,0,0.08688698709011078,,
1438,0,0.07123416662216187,,
1439,0,0.010406983084976673,,
1440,0,0.005363303702324629,,
1441,0,0.04895935207605362,,
1442,0,0.005696540232747793,,
1443,0,0.0064385016448795795,,
1444,0,0.04643714800477028,,
1445,0,0.02423098310828209,,
1446,0,0.008598390966653824,,
1447,0,0.002200118964537978,,
1448,0,0.035383839160203934,,
1449,0,0.00868111103773117,,
1450,0,0.012454132549464703,,
1451,0,0.07356008142232895,,
1452,0,0.13529744744300842,,
1453,0,0.0033958142157644033,,
1454,0,0.8382895588874817,,
1455,0,0.13306017220020294,,
1456,0,0.014439812861382961,,
1457,0,0.11393950134515762,,
1458,0,0.030074412003159523,,
1459,0,0.34337958693504333,,
1460,0,0.02436578832566738,,
1461,0,0.17212897539138794,,
1462,0,0.13777805864810944,,
1463,0,0.13138510286808014,,
1464,0,0.3152570128440857,,
1465,0,0.02645834907889366,,
1466,0,0.18007302284240723,,
1467,0,0.05118937790393829,,
1468,0,0.02571810595691204,,
1469,0,0.327923983335495,,
1470,0,0.2052404284477234,,
1471,0,0.28916722536087036,,
1472,0,0.21015188097953796,,
1473,0,0.4840634763240814,,
1474,0,0.2546994984149933,,
1475,0,0.5755535364151001,,
1476,0,0.7536841630935669,,
1477,0,0.12747207283973694,,
1478,0,0.3798062205314636,,
1479,0,0.12872935831546783,,
1480,0,0.1054668128490448,,
1481,0,0.13378842175006866,,
1482,0,0.21139663457870483,,
1483,0,0.08761616796255112,,
1484,0,0.13092386722564697,,
1485,0,0.032433804124593735,,
1486,0,0.05193905159831047,,
1487,0,0.08063112199306488,,
1488,0,0.07269620150327682,,
1489,0,0.5320457220077515,,
1490,0,0.01859183982014656,,
1491,0,0.07901981472969055,,
1492,0,0.03063412569463253,,
1493,0,0.11827338486909866,,
1494,0,0.02472982369363308,,
1495,0,0.023451674729585648,,
1496,0,0.40542343258857727,,
1497,0,0.07247819006443024,,
1498,0,0.029980508610606194,,
1499,0,0.2543974220752716,,
1500,0,0.013684950768947601,,
1501,0,0.0667177364230156,,
1502,0,0.05873033404350281,,
1503,0,0.09891459345817566,,
1504,0,0.0832798182964325,,
1505,0,0.03502867743372917,,
1506,0,0.06243820860981941,,
1507,0,0.16021764278411865,,
1508,0,0.01743471249938011,,
1509,0,0.08274296671152115,,
1510,0,0.005724713206291199,,
1511,0,0.05064959079027176,,
1512,0,0.04909054562449455,,
1513,0,0.05428159981966019,,
1514,0,0.10937076807022095,,
1515,0,0.004292112775146961,,
1516,0,0.036139581352472305,,
1517,0,0.055365003645420074,,
1518,0,0.03181608393788338,,
1519,0,0.0427696593105793,,
1520,0,0.06544109433889389,,
1521,0,0.06434665620326996,,
1522,0,0.17917366325855255,,
1523,0,0.0521029569208622,,
1524,0,0.015412235632538795,,
1525,0,0.04068839177489281,,
1526,0,0.007415983825922012,,
1527,0,0.013024433515965939,,
1528,0,0.007595984730869532,,
1529,0,0.0038273020181804895,,
1530,0,0.0711178109049797,,
1531,0,0.014329633675515652,,
1532,0,0.010945761576294899,,
1533,0,0.020990656688809395,,
1534,0,0.07526247948408127,,
1535,0,0.022447824478149414,,
1536,0,0.011758522130548954,,
1537,0,0.008453586138784885,,
1538,0,0.005927495192736387,,
1539,0,0.019891079515218735,,
1540,0,0.008126504719257355,,
1541,0,0.039515186101198196,,
1542,0,0.06616710126399994,,
1543,0,0.02193629741668701,,
1544,0,0.041034698486328125,,
1545,0,0.06034385412931442,,
1546,0,0.02636665478348732,,
1547,0,0.034962642937898636,,
1548,0,0.04931117966771126,,
1549,0,0.0023967623710632324,,
1550,0,0.00347663601860404,,
1551,0,0.03563106432557106,,
1552,0,0.042755041271448135,,
1553,0,0.008843994699418545,,
1554,0,0.004896069876849651,,
1555,0,0.26851359009742737,,
1556,0,0.08357975631952286,,
1557,0,0.012525972910225391,,
1558,0,0.01486951857805252,,
1559,0,0.00734710181131959,,
1560,0,0.00911535881459713,,
1561,0,0.028278013691306114,,
1562,0,0.0041833678260445595,,
1563,0,0.04395902529358864,,
1564,0,0.0890420526266098,,
1565,0,0.042437080293893814,,
1566,0,0.004031807649880648,,
1567,0,0.050223033875226974,,
1568,0,0.007357544265687466,,
1569,0,0.020247820764780045,,
1570,0,0.0671767070889473,,
1571,0,0.0024824650026857853,,
1572,0,0.013874889351427555,,
1573,0,0.012200850062072277,,
1574,0,0.13609090447425842,,
1575,0,0.005602944642305374,,
1576,0,0.7037205696105957,,
1577,0,0.31262847781181335,,
1578,0,0.027851061895489693,,
1579,0,0.5586168169975281,,
1580,0,0.024844197556376457,,
1581,0,0.03562188521027565,,
1582,0,0.006099389400333166,,
1583,0,0.019650371745228767,,
1584,0,0.006605435162782669,,
1585,0,0.05014091357588768,,
1586,0,0.040870849043130875,,
1587,0,0.003971908241510391,,
1588,0,0.01057953666895628,,
1589,0,0.06062791869044304,,
1590,0,0.005839805118739605,,
1591,0,0.011184046044945717,,
1592,0,0.019878001883625984,,
1593,0,0.13457700610160828,,
1594,0,0.0015166208613663912,,
1595,0,0.013801516965031624,,
1596,0,0.111677385866642,,
1597,0,0.07591204345226288,,
1598,0,0.1147690936923027,,
1599,0,0.11230339109897614,,
1600,0,0.08544918149709702,,
1601,0,0.011192532256245613,,
1602,0,0.005063358694314957,,
1603,0,0.020534347742795944,,
1604,0,0.05296800658106804,,
1605,0,0.04841752350330353,,
1606,0,0.005669679958373308,,
1607,0,0.035421159118413925,,
1608,0,0.022052327170968056,,
1609,0,0.04399584233760834,,
1610,0,0.003518124809488654,,
1611,0,0.019212782382965088,,
1612,0,0.13207662105560303,,
1613,0,0.14211472868919373,,
1614,0,0.2050359547138214,,
1615,0,0.023786768317222595,,
1616,0,0.012605098076164722,,
1617,0,0.09598211199045181,,
1618,0,0.049121029675006866,,
1619,0,0.05984926596283913,,
1620,0,0.09607145190238953,,
1621,0,0.07211284339427948,,
1622,0,0.00744176609441638,,
1623,0,0.07972291111946106,,
1624,0,0.013086356222629547,,
1625,0,0.17571881413459778,,
1626,0,0.06827079504728317,,
1627,0,0.09003344923257828,,
1628,0,0.04890874773263931,,
1629,0,0.13034868240356445,,
1630,0,0.06659885495901108,,
1631,0,0.023832235485315323,,
1632,0,0.15900744497776031,,
1633,0,0.0526360385119915,,
1634,0,0.01375481765717268,,
1635,0,0.021747659891843796,,
1636,0,0.005635123699903488,,
1637,0,0.010452180169522762,,
1638,0,0.07774841785430908,,
1639,0,0.03827005624771118,,
1640,0,0.05940864235162735,,
1641,0,0.02874559350311756,,
1642,0,0.05594128742814064,,
1643,0,0.009109334088861942,,
1644,0,0.007053718436509371,,
1645,0,0.02087753266096115,,
1646,0,0.03791682794690132,,
1647,0,0.010170030407607555,,
1648,0,0.008564711548388004,,
1649,0,0.01849384978413582,,
1650,0,0.043050892651081085,,
1651,0,0.01936306245625019,,
1652,0,0.054742481559515,,
1653,0,0.007382815238088369,,
1654,0,0.03451431542634964,,
1655,0,0.01656978949904442,,
1656,0,0.005272828508168459,,
1657,0,0.06281343847513199,,
1658,0,0.03870505839586258,,
1659,0,0.012396157719194889,,
1660,0,0.04530741274356842,,
1661,0,0.05977027863264084,,
1662,0,0.014505874365568161,,
1663,0,0.004734246525913477,,
1664,0,0.016479257494211197,,
1665,0,0.008803711272776127,,
1666,0,0.0034408033825457096,,
1667,0,0.0026128224562853575,,
1668,0,0.02464170567691326,,
1669,0,0.0011761023197323084,,
1670,0,0.08550740778446198,,
1671,0,0.0036551917437464,,
1672,0,0.00945741031318903,,
1673,0,0.07592376321554184,,
1674,0,0.00181105628143996,,
1675,0,0.03053255006670952,,
1676,0,0.018457217141985893,,
1677,0,0.04549676924943924,,
1678,0,0.0007099596550688148,,
1679,0,0.006437672767788172,,
1680,0,0.07202555239200592,,
1681,0,0.03657149150967598,,
1682,0,0.027775852009654045,,
1683,0,0.009782904759049416,,
1684,0,0.03561093285679817,,
1685,0,0.012300106696784496,,
1686,0,0.05642339214682579,,
1687,0,0.1367952823638916,,
1688,0,0.006240821909159422,,
1689,0,0.00821186974644661,,
1690,0,0.05814595893025398,,
1691,0,0.11373578757047653,,
1692,0,0.01984318159520626,,
1693,0,0.05628790706396103,,
1694,0,0.29268306493759155,,
1695,0,0.33406320214271545,,
1696,0,0.023152131587266922,,
1697,0,0.021415216848254204,,
1698,0,0.19550348818302155,,
1699,0,0.056550875306129456,,
1700,0,0.10527250170707703,,
1701,0,0.1810339391231537,,
1702,0,0.007849403657019138,,
1703,0,0.061715852469205856,,
1704,0,0.002026217756792903,,
1705,0,0.24759916961193085,,
1706,0,0.03126413747668266,,
1707,0,0.06173720955848694,,
1708,0,0.017399217933416367,,
1709,0,0.038322944194078445,,
1710,0,0.04603688791394234,,
1711,0,0.051624100655317307,,
1712,0,0.007895386777818203,,
1713,0,0.021150294691324234,,
1714,0,0.03463774174451828,,
1715,0,0.13019534945487976,,
1716,0,0.004443703219294548,,
1717,0,0.006988248322159052,,
1718,0,0.2662983536720276,,
1719,0,0.1343536376953125,,
1720,0,0.02744418941438198,,
1721,0,0.20789089798927307,,
1722,0,0.021746613085269928,,
1723,0,0.04045834392309189,,
1724,0,0.02866179309785366,,
1725,0,0.009770034812390804,,
1726,0,0.09390635788440704,,
1727,0,0.04124194011092186,,
1728,0,0.17372138798236847,,
1729,0,0.07524669170379639,,
1730,0,0.04418247565627098,,
1731,0,0.011979897506535053,,
1732,0,0.03757740184664726,,
1733,0,0.040719348937273026,,
1734,0,0.10247568786144257,,
1735,0,0.0318957082927227,,
1736,0,0.01766373962163925,,
1737,0,0.01924378238618374,,
1738,0,0.011942664161324501,,
1739,0,0.007455913815647364,,
1740,0,0.03952154144644737,,
1741,0,0.020267989486455917,,
1742,0,0.06960397958755493,,
1743,0,0.06465202569961548,,
1744,0,0.028463192284107208,,
1745,0,0.005117480177432299,,
1746,0,0.03768940642476082,,
1747,0,0.0021819383837282658,,
1748,0,0.0029817125760018826,,
1749,0,0.0113819045946002,,
1750,0,0.049788422882556915,,
1751,0,0.029698772355914116,,
1752,0,0.0018740168306976557,,
1753,0,0.026032257825136185,,
1754,0,0.0052666268311440945,,
1755,0,0.0016138203209266067,,
1756,0,0.0011724161449819803,,
1757,0,0.014718778431415558,,
1758,0,0.00248331599868834,,
1759,0,0.06969916075468063,,
1760,0,0.001109632896259427,,
1761,0,0.06692663580179214,,
1762,0,0.04968027025461197,,
1763,0,0.01692776195704937,,
1764,0,0.021655037999153137,,
1765,0,0.03822450712323189,,
1766,0,0.003171416698023677,,
1767,0,0.011700957082211971,,
1768,0,0.03241041302680969,,
1769,0,0.0063187116757035255,,
1770,0,0.0029328945092856884,,
1771,0,0.0025919803883880377,,
1772,0,0.011321180500090122,,
1773,0,0.019165581092238426,,
1774,0,0.055449437350034714,,
1775,0,0.011124907992780209,,
1776,0,0.027839744463562965,,
1777,0,0.12420562654733658,,
1778,0,0.21530815958976746,,
1779,0,0.0010627731680870056,,
1780,0,0.038468364626169205,,
1781,0,0.002025584690272808,,
1782,0,0.043491970747709274,,
1783,0,0.024948466569185257,,
1784,0,0.01170737948268652,,
1785,0,0.04889886826276779,,
1786,0,0.007239942904561758,,
1787,0,0.005618294235318899,,
1788,0,0.03809388354420662,,
1789,0,0.0020186961628496647,,
1790,0,0.16870732605457306,,
1791,0,0.003874285612255335,,
1792,0,0.0028147869743406773,,
1793,0,0.04189096391201019,,
1794,0,0.004650217480957508,,
1795,0,0.11117176711559296,,
1796,0,0.0004697017138823867,,
1797,0,0.0608091801404953,,
1798,0,0.009394715540111065,,
1799,0,0.10259446501731873,,
1800,0,0.0021577298175543547,,
1801,0,0.03183703497052193,,
1802,0,0.07206963747739792,,
1803,0,0.005035801324993372,,
1804,0,0.09023402631282806,,
1805,0,0.0029785374645143747,,
1806,0,0.0014808932319283485,,
1807,0,0.027837438508868217,,
1808,0,0.01601099781692028,,
1809,0,0.003960385452955961,,
1810,0,0.25882601737976074,,
1811,0,0.005376077257096767,,
1812,0,0.02346133254468441,,
1813,0,0.0013238589745014906,,
1814,0,0.06780632585287094,,
1815,0,0.04776616767048836,,
1816,0,0.02175910398364067,,
1817,0,0.04453757032752037,,
1818,0,0.00395891722291708,,
1819,0,0.03912797570228577,,
1820,0,0.335591197013855,,
1821,0,0.05447384715080261,,
1822,0,0.09941654652357101,,
1823,0,0.05514863133430481,,
1824,0,0.02691034972667694,,
1825,0,0.006483190692961216,,
1826,0,0.002065077191218734,,
1827,0,0.0007009379332885146,,
1828,0,0.01669771410524845,,
1829,0,0.025659287348389626,,
1830,0,0.02651602402329445,,
1831,0,0.03170941397547722,,
1832,0,0.014922539703547955,,
1833,0,0.03390207886695862,,
1834,0,0.13530226051807404,,
1835,0,0.012906481511890888,,
1836,0,0.09972944855690002,,
1837,0,0.08081385493278503,,
1838,0,0.030223369598388672,,
1839,0,0.021763164550065994,,
1840,0,0.006132043432444334,,
1841,0,0.007829847745597363,,
1842,0,0.0015404417645186186,,
1843,0,0.0019995253533124924,,
1844,0,0.001063742907717824,,
1845,0,0.004909953568130732,,
1846,0,0.059250157326459885,,
1847,0,0.0365019254386425,,
1848,0,0.36265531182289124,,
1849,0,0.18969975411891937,,
1850,0,0.23074063658714294,,
1851,0,0.014607371762394905,,
1852,0,0.057633187621831894,,
1853,0,0.015449421480298042,,
1854,0,0.004328134469687939,,
1855,0,0.004525854717940092,,
1856,0,0.023850563913583755,,
1857,0,0.0022777325939387083,,
1858,0,0.028766419738531113,,
1859,0,0.1379440724849701,,
1860,0,0.003627526108175516,,
1861,0,0.07388124614953995,,
1862,0,0.029624536633491516,,
1863,0,0.065823033452034,,
1864,0,0.00579200079664588,,
1865,0,0.010001099668443203,,
1866,0,0.014985348097980022,,
1867,0,0.2904689908027649,,
1868,0,0.1803092509508133,,
1869,0,0.6234738230705261,,
1870,0,0.004132530651986599,,
1871,0,0.008500478230416775,,
1872,0,0.044508520513772964,,
1873,0,0.061827898025512695,,
1874,0,0.03580663353204727,,
1875,0,0.044348035007715225,,
1876,0,0.022132325917482376,,
1877,0,0.006474791560322046,,
1878,0,0.03156553581357002,,
1879,0,0.08631382882595062,,
1880,0,0.022487163543701172,,
1881,0,0.011557022109627724,,
1882,0,0.10161139816045761,,
1883,0,0.04079226404428482,,
1884,0,0.00944169145077467,,
1885,0,0.022333916276693344,,
1886,0,0.028755834326148033,,
1887,0,0.028322016820311546,,
1888,0,0.009860658086836338,,
1889,0,0.015768269076943398,,
1890,0,0.23657743632793427,,
1891,0,0.02463572286069393,,
1892,0,0.039567865431308746,,
1893,0,0.018882667645812035,,
1894,0,0.13459070026874542,,
1895,0,0.07564575970172882,,
1896,0,0.19966983795166016,,
1897,0,0.02043265476822853,,
1898,0,0.040086615830659866,,
1899,0,0.0033781800884753466,,
1900,0,0.06456275284290314,,
1901,0,0.02130161225795746,,
1902,0,0.011497094295918941,,
1903,0,0.003700957400724292,,
1904,0,0.03039935976266861,,
1905,0,0.06200571730732918,,
1906,0,0.002514767460525036,,
1907,0,0.005592988803982735,,
1908,0,0.1353394240140915,,
1909,0,0.010067564435303211,,
1910,0,0.1712096482515335,,
1911,0,0.0030561876483261585,,
1912,0,0.0008712669368833303,,
1913,0,0.007191144861280918,,
1914,0,0.034533146768808365,,
1915,0,0.0034277040977030993,,
1916,0,0.060863006860017776,,
1917,0,0.026374751701951027,,
1918,0,0.038762446492910385,,
1919,0,0.002640777500346303,,
1920,0,0.057641059160232544,,
1921,0,0.005376681685447693,,
1922,0,0.016769234091043472,,
1923,0,0.00038161501288414,,
1924,0,0.08758086711168289,,
1925,0,0.01051805354654789,,
1926,0,0.04335102066397667,,
1927,0,0.014731033705174923,,
1928,0,0.0037066773511469364,,
1929,0,0.034418344497680664,,
1930,0,0.012385145761072636,,
1931,0,0.022317513823509216,,
1932,0,0.13506941497325897,,
1933,0,0.01740628480911255,,
1934,0,0.05263253301382065,,
1935,0,0.07193990051746368,,
1936,0,0.0032504124101251364,,
1937,0,0.031381841748952866,,
1938,0,0.10486563295125961,,
1939,0,0.0018022101139649749,,
1940,0,0.006934751756489277,,
1941,0,0.02827346883714199,,
1942,0,0.06548180431127548,,
1943,0,0.0032967429142445326,,
1944,0,0.0708710327744484,,
1945,0,0.031539253890514374,,
1946,0,0.06780664622783661,,
1947,0,0.001861105440184474,,
1948,0,0.002375419018790126,,
1949,0,0.03973319008946419,,
1950,0,0.07713019102811813,,
1951,0,0.03111707605421543,,
1952,0,0.05909404158592224,,
1953,0,0.17443954944610596,,
1954,0,0.09060472249984741,,
1955,0,0.0004108009743504226,,
1956,0,0.009772914461791515,,
1957,0,0.26492634415626526,,
1958,0,0.003501049941405654,,
1959,0,0.02348506823182106,,
1960,0,0.09670242667198181,,
1961,0,0.0077184755355119705,,
1962,0,0.03834272548556328,,
1963,0,0.0051474315114319324,,
1964,0,0.03093183971941471,,
1965,0,0.09455802291631699,,
1966,0,0.006354848388582468,,
1967,0,0.026668818667531013,,
1968,0,0.012277712114155293,,
1969,0,0.004852832295000553,,
1970,0,0.15088434517383575,,
1971,0,0.0020693487022072077,,
1972,0,0.008971069939434528,,
1973,0,0.020172633230686188,,
1974,0,0.0027782763354480267,,
1975,0,0.0008972993236966431,,
1976,0,0.023804321885108948,,
1977,0,0.006637177430093288,,
1978,0,0.008016291074454784,,
1979,0,0.16757947206497192,,
1980,0,0.008099827915430069,,
1981,0,0.01541063841432333,,
1982,0,0.01692439615726471,,
1983,0,0.13004577159881592,,
1984,0,0.03795718029141426,,
1985,0,0.0763789713382721,,
1986,0,0.04359891265630722,,
1987,0,0.07598093152046204,,
1988,0,0.0009127204539254308,,
1989,0,0.03360569849610329,,
1990,0,0.16182756423950195,,
1991,0,0.006433576345443726,,
1992,0,0.001623874413780868,,
1993,0,0.0011667184298858047,,
1994,0,0.003509205998852849,,
1995,0,0.04778335988521576,,
1996,0,0.16249899566173553,,
1997,0,0.04124753922224045,,
1998,0,0.005157096777111292,,
1999,0,0.03351683169603348,,
2000,0,0.003604601603001356,,
2001,0,0.012143190950155258,,
2002,0,0.3810528814792633,,
2003,0,0.04437161982059479,,
2004,0,0.4546584486961365,,
2005,0,0.0553819015622139,,
2006,0,0.0028325228486210108,,
2007,0,0.03397076204419136,,
2008,0,0.047638099640607834,,
2009,0,0.036634281277656555,,
2010,0,0.003492085263133049,,
2011,0,0.006280642468482256,,
2012,0,0.002982064848765731,,
2013,0,0.06157814711332321,,
2014,0,0.0015004819724708796,,
2015,0,0.07327079027891159,,
2016,0,0.2589278221130371,,
2017,0,0.08045948296785355,,
2018,0,0.0594826266169548,,
2019,0,0.09215271472930908,,
2020,0,0.03369724377989769,,
2021,0,0.02794906124472618,,
2022,0,0.012940655462443829,,
2023,0,0.016636943444609642,,
2024,0,0.03491818532347679,,
2025,0,0.005888829939067364,,
2026,0,0.009995265863835812,,
2027,0,0.021843301132321358,,
2028,0,0.018978822976350784,,
2029,0,0.013309825211763382,,
2030,0,0.04020548611879349,,
2031,0,0.08131736516952515,,
2032,0,0.016513215377926826,,
2033,0,0.0034992743749171495,,
2034,0,0.014228684827685356,,
2035,0,0.006908566225320101,,
2036,0,0.016136527061462402,,
2037,0,0.005215271841734648,,
2038,0,0.0013277082471176982,,
2039,0,0.024920392781496048,,
2040,0,0.0013131245505064726,,
2041,0,0.007394882850348949,,
2042,0,0.0006573574501089752,,
2043,0,0.013301489874720573,,
2044,0,0.014930464327335358,,
2045,0,0.014919174835085869,,
2046,0,0.004039348103106022,,
2047,0,0.004563090857118368,,
2048,0,0.01595463976264,,
2049,0,0.07075140625238419,,
2050,0,0.0015707971761003137,,
2051,0,0.003138212487101555,,
2052,0,0.049291446805000305,,
2053,0,0.00406572176143527,,
2054,0,0.03392985835671425,,
2055,0,0.06442855298519135,,
2056,0,0.0013202544068917632,,
2057,0,0.04254813492298126,,
2058,0,0.27413472533226013,,
2059,0,0.011251922696828842,,
2060,0,0.15064670145511627,,
2061,0,0.03590104728937149,,
2062,0,0.012102176435291767,,
2063,0,0.006175271701067686,,
2064,0,0.0029284877236932516,,
2065,0,0.09208749979734421,,
2066,0,0.008705167099833488,,
2067,0,0.18987758457660675,,
2068,0,0.04830716550350189,,
2069,0,0.24395634233951569,,
2070,0,0.00485678156837821,,
2071,0,0.016190314665436745,,
2072,0,0.033070649951696396,,
2073,0,0.13672122359275818,,
2074,0,0.023531530052423477,,
2075,0,0.0019590649753808975,,
2076,0,0.0906035378575325,,
2077,0,0.03912992402911186,,
2078,0,0.059214189648628235,,
2079,0,0.2537803053855896,,
2080,0,0.021306956186890602,,
2081,0,0.05967922881245613,,
2082,0,0.17958423495292664,,
2083,0,0.01068187691271305,,
2084,0,0.0428587980568409,,
2085,0,0.054164011031389236,,
2086,0,0.03559935465455055,,
2087,0,0.007999432273209095,,
2088,0,0.05114171653985977,,
2089,0,0.016633454710245132,,
2090,0,0.014077919535338879,,
2091,0,0.005361895076930523,,
2092,0,0.030779847875237465,,
2093,0,0.005389436613768339,,
2094,0,0.010288587771356106,,
2095,0,0.1391010582447052,,
2096,0,0.032071180641651154,,
2097,0,0.021128414198756218,,
2098,0,0.015111592598259449,,
2099,0,0.006268105935305357,,
2100,0,0.0015390444314107299,,
2101,0,0.00489397719502449,,
2102,0,0.031674936413764954,,
2103,0,0.004033690318465233,,
2104,0,0.0877491906285286,,
2105,0,0.00423854636028409,,
2106,0,0.03887318819761276,,
2107,0,0.028207644820213318,,
2108,0,0.009469041600823402,,
2109,0,0.008862870745360851,,
2110,0,0.0086286049336195,,
2111,0,0.14291484653949738,,
2112,0,0.002624854911118746,,
2113,0,0.0033862644340842962,,
2114,0,0.06062164902687073,,
2115,0,0.1691504716873169,,
2116,0,0.0023977328091859818,,
2117,0,0.017904937267303467,,
2118,0,0.003956185188144445,,
2119,0,0.5046809315681458,,
2120,0,0.0027288852725178003,,
2121,0,0.01348564587533474,,
2122,0,0.34230881929397583,,
2123,0,0.09589693695306778,,
2124,0,0.22170069813728333,,
2125,0,0.005939866881817579,,
2126,0,0.009485852904617786,,
2127,0,0.0516219362616539,,
2128,0,0.008159113116562366,,
2129,0,0.005658116191625595,,
2130,0,0.01773303933441639,,
2131,0,0.04880162328481674,,
2132,0,0.04067966714501381,,
2133,0,0.03142332658171654,,
2134,0,0.024599745869636536,,
2135,0,0.054776765406131744,,
2136,0,0.01241041999310255,,
2137,0,0.029243048280477524,,
2138,0,0.022564848884940147,,
2139,0,0.04377341642975807,,
2140,0,0.015743572264909744,,
2141,0,0.0009881813311949372,,
2142,0,0.014313632622361183,,
2143,0,0.010746190324425697,,
2144,0,0.010933817364275455,,
2145,0,0.017987875267863274,,
2146,0,0.012496265582740307,,
2147,0,0.005950620863586664,,
2148,0,0.0027728646527975798,,
2149,0,0.0053559462539851665,,
2150,0,0.014250668697059155,,
2151,0,0.09092593938112259,,
2152,0,0.09376209229230881,,
2153,0,0.08614414930343628,,
2154,0,0.02856745943427086,,
2155,0,0.0032784088980406523,,
2156,0,0.002172302221879363,,
2157,0,0.00924732256680727,,
2158,0,0.0048757754266262054,,
2159,0,0.08656162023544312,,
2160,0,0.0653373971581459,,
2161,0,0.15300291776657104,,
2162,0,0.004800996743142605,,
2163,0,0.001247068983502686,,
2164,0,0.028829103335738182,,
2165,0,0.0005112889339216053,,
2166,0,0.002300107851624489,,
2167,0,0.062248554080724716,,
2168,0,0.0012495949631556869,,
2169,0,0.0806003212928772,,
2170,0,0.018667588010430336,,
2171,0,0.008590349927544594,,
2172,0,0.0003665855329018086,,
2173,0,0.001236417912878096,,
2174,0,0.0516555979847908,,
2175,0,0.01151406392455101,,
2176,0,0.013299399055540562,,
2177,0,0.03281943127512932,,
2178,0,0.001095805549994111,,
2179,0,0.03772040084004402,,
2180,0,0.055532876402139664,,
2181,0,0.0016754228854551911,,
2182,0,0.042022693902254105,,
2183,0,0.006582479923963547,,
2184,0,0.0005479183164425194,,
2185,0,0.04123007133603096,,
2186,0,0.05380450561642647,,
2187,0,0.003973586950451136,,
2188,0,0.0265992172062397,,
2189,0,0.029710309579968452,,
2190,0,0.0011221631430089474,,
2191,0,0.0014385889517143369,,
2192,0,0.05331360176205635,,
2193,0,0.019336381927132607,,
2194,0,0.004054292105138302,,
2195,0,0.002447953913360834,,
2196,0,0.003503300016745925,,
2197,0,0.0012345697032287717,,
2198,0,0.019382743164896965,,
2199,0,0.0028211751487106085,,
2200,0,0.034111812710762024,,
2201,0,0.0026421393267810345,,
2202,0,0.038705967366695404,,
2203,0,0.0025620784144848585,,
2204,0,0.004500936716794968,,
2205,0,0.05717208981513977,,
2206,0,0.01256395410746336,,
2207,0,0.0048451959155499935,,
2208,0,0.0021251668222248554,,
2209,0,0.02462237887084484,,
2210,0,0.04289267957210541,,
2211,0,0.004743041470646858,,
2212,0,0.007963492535054684,,
2213,0,0.012555845081806183,,
2214,0,0.001178837614133954,,
2215,0,0.05221028998494148,,
2216,0,0.00971526000648737,,
2217,0,0.0003330195031594485,,
2218,0,0.0003954829880967736,,
2219,0,0.0013613179326057434,,
2220,0,0.00735251372680068,,
2221,0,0.0356607511639595,,
2222,0,0.0034615271724760532,,
2223,0,0.02564026601612568,,
2224,0,0.00040679852827452123,,
2225,0,0.0005325354868546128,,
2226,0,0.005053069442510605,,
2227,0,0.0023667365312576294,,
2228,0,0.0012504312908276916,,
2229,0,0.006276419386267662,,
2230,0,0.024672480300068855,,
2231,0,0.06869679689407349,,
2232,0,0.0005907638114877045,,
2233,0,0.01795702800154686,,
2234,0,0.004917663522064686,,
2235,0,0.0008901135879568756,,
2236,0,0.0014048248995095491,,
2237,0,0.060175128281116486,,
2238,0,0.057951685041189194,,
2239,0,0.027126578614115715,,
2240,0,0.00013027843669988215,,
2241,0,0.02026362717151642,,
2242,0,0.03919806331396103,,
2243,0,0.2757827639579773,,
2244,0,0.16133400797843933,,
2245,0,0.10078025609254837,,
2246,0,0.013469044119119644,,
2247,0,0.007156692910939455,,
2248,0,0.0604919008910656,,
2249,0,0.006108746398240328,,
2250,0,0.23553504049777985,,
2251,0,0.0067617157474160194,,
2252,0,0.05836879089474678,,
2253,0,0.030409887433052063,,
2254,0,0.02429458312690258,,
2255,0,0.11190639436244965,,
2256,0,0.05790333077311516,,
2257,0,0.005399137269705534,,
2258,0,0.009467143565416336,,
2259,0,0.008310498669743538,,
2260,0,0.01805766485631466,,
2261,0,0.01700308918952942,,
2262,0,0.007517263293266296,,
2263,0,0.004260755144059658,,
2264,0,0.03265001252293587,,
2265,0,0.016924593597650528,,
2266,0,0.19723013043403625,,
2267,0,0.035054247826337814,,
2268,0,0.1798601746559143,,
2269,0,0.07450386136770248,,
2270,0,0.008144145831465721,,
2271,0,0.0016710279742255807,,
2272,0,0.03036298230290413,,
2273,0,0.0035871861036866903,,
2274,0,0.023054447025060654,,
2275,0,0.020905645564198494,,
2276,0,0.014352457597851753,,
2277,0,0.049732089042663574,,
2278,0,0.08047672361135483,,
2279,0,0.054925430566072464,,
2280,0,0.01266652625054121,,
2281,0,0.0054753851145505905,,
2282,0,0.04411270469427109,,
2283,0,0.042985301464796066,,
2284,0,0.049535032361745834,,
2285,0,0.001202689134515822,,
2286,0,0.024736721068620682,,
2287,0,0.01966286636888981,,
2288,0,0.04125787690281868,,
2289,0,0.02066333033144474,,
2290,0,0.00553849944844842,,
2291,0,0.0010198734235018492,,
2292,0,0.10999224334955215,,
2293,0,0.05346328765153885,,
2294,0,0.01801169104874134,,
2295,0,0.0021174473222345114,,
2296,0,0.04590151086449623,,
2297,0,0.060011640191078186,,
2298,0,0.025476569309830666,,
2299,0,0.012091018259525299,,
2300,0,0.0007616215734742582,,
2301,0,0.1251107156276703,,
2302,0,0.03365134447813034,,
2303,0,0.008230766281485558,,
2304,0,0.004420677199959755,,
2305,0,0.003497192868962884,,
2306,0,0.030321383848786354,,
2307,0,0.053194787353277206,,
2308,0,0.0213541928678751,,
2309,0,0.018486374989151955,,
2310,0,0.005129618104547262,,
2311,0,0.000948942091781646,,
2312,0,0.005948544945567846,,
2313,0,0.006959832273423672,,
2314,0,0.049442414194345474,,
2315,0,0.028865663334727287,,
2316,0,0.007772472687065601,,
2317,0,0.03885616362094879,,
2318,0,0.006321950815618038,,
2319,0,0.0003602080687414855,,
2320,0,0.0002851414028555155,,
2321,0,0.013890120200812817,,
2322,0,0.10282165557146072,,
2323,0,0.0011045667342841625,,
2324,0,0.2063879519701004,,
2325,0,0.0008069773321039975,,
2326,0,0.035304564982652664,,
2327,0,0.01087027508765459,,
2328,0,0.0012289670994505286,,
2329,0,0.0004597007355187088,,
2330,0,0.004792367108166218,,
2331,0,0.04440789669752121,,
2332,0,0.03300861269235611,,
2333,0,0.001477268524467945,,
2334,0,0.006800302769988775,,
2335,0,0.01036034058779478,,
2336,0,0.024159569293260574,,
2337,0,0.0020852857269346714,,
2338,0,0.00042073390795849264,,
2339,0,0.0021403527352958918,,
2340,0,0.03805794194340706,,
2341,0,0.03746786341071129,,
2342,0,0.020741550251841545,,
2343,0,0.013374708592891693,,
2344,0,0.07209154963493347,,
2345,0,1.0841654539108276,,
2346,0,0.003445270238444209,,
2347,0,0.04067860543727875,,
2348,0,0.003975295461714268,,
2349,0,0.026860788464546204,,
2350,0,0.01845734380185604,,
2351,0,0.01563611999154091,,
2352,0,0.010080316103994846,,
2353,0,0.006495409179478884,,
2354,0,0.02787449024617672,,
2355,0,0.03094918094575405,,
2356,0,0.011961077339947224,,
2357,0,0.003969227429479361,,
2358,0,0.0429910309612751,,
2359,0,0.056804098188877106,,
2360,0,0.008999242447316647,,
2361,0,0.06147078052163124,,
2362,0,0.06137514114379883,,
2363,0,0.01758679933845997,,
2364,0,0.012943392619490623,,
2365,0,0.049733616411685944,,
2366,0,0.003202212741598487,,
2367,0,0.08252955973148346,,
2368,0,0.006412841845303774,,
2369,0,0.0009624609956517816,,
2370,0,0.004999278578907251,,
2371,0,0.0004769612569361925,,
2372,0,0.0068707154132425785,,
2373,0,0.001535474555566907,,
2374,0,0.049682509154081345,,
2375,0,0.023111332207918167,,
2376,0,0.03296564519405365,,
2377,0,0.003683653427287936,,
2378,0,0.033525802195072174,,
2379,0,0.0414297841489315,,
2380,0,0.16355669498443604,,
2381,0,0.020239319652318954,,
2382,0,0.00036373280454427004,,
2383,0,0.015111343935132027,,
2384,0,0.01138328853994608,,
2385,0,0.043981339782476425,,
2386,0,0.0014186154585331678,,
2387,0,0.008734671398997307,,
2388,0,0.017481258139014244,,
2389,0,0.004579652100801468,,
2390,0,0.04098503291606903,,
2391,0,0.05102802440524101,,
2392,0,0.15557800233364105,,
2393,0,0.0054990374483168125,,
2394,0,0.03302723541855812,,
2395,0,0.13582909107208252,,
2396,0,0.03400725498795509,,
2397,0,0.0006495703128166497,,
2398,0,0.0021827095188200474,,
2399,0,0.053760379552841187,,
2400,0,0.01032280270010233,,
2401,0,0.039137233048677444,,
2402,0,0.023711131885647774,,
2403,0,0.04166457802057266,,
2404,0,0.008690069429576397,,
2405,0,0.023837236687541008,,
2406,0,0.008798697032034397,,
2407,0,0.012789785861968994,,
2408,0,0.022029150277376175,,
2409,0,0.00946159940212965,,
2410,0,0.010355890728533268,,
2411,0,0.03803573548793793,,
2412,0,0.00044553796760737896,,
2413,0,0.004530742298811674,,
2414,0,0.00014945842849556357,,
2415,0,0.047065481543540955,,
2416,0,0.08550553768873215,,
2417,0,0.01840978115797043,,
2418,0,0.031059304252266884,,
2419,0,0.05463756248354912,,
2420,0,0.002774428576231003,,
2421,0,0.08217009902000427,,
2422,0,0.002353113843128085,,
2423,0,0.006462533958256245,,
2424,0,0.0049097007140517235,,
2425,0,0.002308061346411705,,
2426,0,0.005194821394979954,,
2427,0,0.0017954269424080849,,
2428,0,0.0014852217864245176,,
2429,0,0.0015152936102822423,,
2430,0,0.0025736603420227766,,
2431,0,0.00554884597659111,,
2432,0,0.02267039567232132,,
2433,0,0.04626884683966637,,
2434,0,0.0014052360784262419,,
2435,0,0.006502433214336634,,
2436,0,0.001394627965055406,,
2437,0,0.010551560670137405,,
2438,0,0.01854485273361206,,
2439,0,0.0009674463653936982,,
2440,0,0.0025709171313792467,,
2441,0,0.0004145616840105504,,
2442,0,0.12967164814472198,,
2443,0,0.004186350852251053,,
2444,0,0.2621694505214691,,
2445,0,0.00687251053750515,,
2446,0,0.005936638452112675,,
2447,0,0.03231145814061165,,
2448,0,0.001771088456735015,,
2449,0,0.048827800899744034,,
2450,0,0.07868391275405884,,
2451,0,0.004476102534681559,,
2452,0,0.0020197401754558086,,
2453,0,0.005508617963641882,,
2454,0,0.00011360378266545013,,
2455,0,0.00458231195807457,,
2456,0,0.00023246485216077417,,
2457,0,0.00028671559994108975,,
2458,0,0.0008001664537005126,,
2459,0,0.04202151671051979,,
2460,0,0.004499537404626608,,
2461,0,0.07026134431362152,,
2462,0,0.07396069914102554,,
2463,0,0.002081796992570162,,
2464,0,0.04423544183373451,,
2465,0,0.010827222838997841,,
2466,0,0.01971670798957348,,
2467,0,0.002168026054278016,,
2468,0,0.001779598998837173,,
2469,0,7.07095314282924e-05,,
2470,0,0.0213383249938488,,
2471,0,0.0009103792253881693,,
2472,0,0.10895861685276031,,
2473,0,0.0011370166903361678,,
2474,0,0.04015453904867172,,
2475,0,0.06765510886907578,,
2476,0,0.002827337244525552,,
2477,0,0.04654692858457565,,
2478,0,0.0007098948117345572,,
2479,0,0.004621473606675863,,
2480,0,0.06045164167881012,,
2481,0,0.02326650731265545,,
2482,0,0.21379804611206055,,
2483,0,0.02685481868684292,,
2484,0,0.018215954303741455,,
2485,0,0.001992659643292427,,
2486,0,0.0008239162270911038,,
2487,0,0.031087787821888924,,
2488,0,0.009794709272682667,,
2489,0,0.0438937246799469,,
2490,0,0.40165188908576965,,
2491,0,0.022146174684166908,,
2492,0,0.02439376339316368,,
2493,0,0.004443776793777943,,
2494,0,0.03442571312189102,,
2495,0,0.051735490560531616,,
2496,0,0.015328086912631989,,
2497,0,0.01807534694671631,,
2498,0,0.004178051371127367,,
0,,,4.549044024315663e-05,
1,,,0.000559331732802093,
2,,,0.02431565523147583,
3,,,0.0007136652711778879,
4,,,0.000277403014479205,
5,,,0.01590665988624096,
6,,,0.007597259245812893,
7,,,0.00012297867215238512,
8,,,0.00011711355182342231,
9,,,0.0018133403500542045,
10,,,0.0009059109725058079,
11,,,0.0010987560963258147,
12,,,3.89974593417719e-05,
13,,,5.088276884634979e-05,
14,,,0.018425559625029564,
15,,,0.00012620550114661455,
16,,,0.0001747671776684001,
17,,,4.173906927462667e-05,
18,,,0.0015583258355036378,
19,,,0.017511140555143356,
20,,,4.836207881453447e-05,
21,,,3.846970503218472e-05,
22,,,0.013266204856336117,
23,,,0.003817445132881403,
24,,,4.2338408093200997e-05,
25,,,0.0020048331934958696,
26,,,0.0016398733714595437,
27,,,0.0006742984987795353,
28,,,6.014520113239996e-05,
29,,,0.00512648792937398,
30,,,5.121318099554628e-05,
31,,,0.015847336500883102,
32,,,0.019176959991455078,
33,,,0.0017343383515253663,
34,,,4.4455646275309846e-05,
35,,,0.002934102201834321,
36,,,0.0007541472441516817,
37,,,0.015073269605636597,
38,,,3.3813907066360116e-05,
39,,,0.013169444166123867,
40,,,0.0016864010831341147,
41,,,0.0009651771979406476,
42,,,0.00014734719297848642,
43,,,0.017152313143014908,
44,,,0.017787115648388863,
45,,,4.909211929771118e-05,
46,,,3.8902071537449956e-05,
47,,,0.0013536761980503798,
48,,,0.016920674592256546,
49,,,0.0006112753180786967,
50,,,0.02260863594710827,
51,,,0.0017551450291648507,
52,,,0.0018759813392534852,
53,,,0.022350717335939407,
54,,,0.00014182184531819075,
55,,,4.287775664124638e-05,
56,,,0.0005839146324433386,
57,,,0.014271540567278862,
58,,,0.002365392865613103,
59,,,7.928503328002989e-05,
60,,,0.023255841806530952,
61,,,0.00011456951324362308,
62,,,5.2283958211774006e-05,
63,,,0.0014609800418838859,
64,,,6.468065839726478e-05,
65,,,0.00678116362541914,
66,,,3.637713962234557e-05,
67,,,0.0204642154276371,
68,,,0.00014411959273274988,
69,,,4.307320705265738e-05,
70,,,0.00608098367229104,
71,,,0.017402542755007744,
72,,,7.144365372369066e-05,
73,,,3.961926631745882e-05,
74,,,0.012818310409784317,
75,,,0.025017255917191505,
76,,,7.972422463353723e-05,
77,,,0.0017114868387579918,
78,,,0.00168725720141083,
79,,,0.0004934542812407017,
80,,,6.352886703098193e-05,
81,,,0.017824675887823105,
82,,,0.015049746260046959,
83,,,6.781390402466059e-05,
84,,,0.00020401131769176573,
85,,,0.021074417978525162,
86,,,5.352148218662478e-05,
87,,,0.0007220905390568078,
88,,,0.017724117264151573,
89,,,0.0001103200193028897,
90,,,3.968661985709332e-05,
91,,,0.015522187575697899,
92,,,0.0004326702037360519,
93,,,0.7763610482215881,
94,,,0.0018781526014208794,
95,,,0.016163626685738564,
96,,,0.0005986258038319647,
97,,,5.22382470080629e-05,
98,,,0.01516824122518301,
99,,,0.015216581523418427,
100,,,0.019398918375372887,
101,,,8.313445869134739e-05,
102,,,0.0015961965546011925,
103,,,3.701437890413217e-05,
104,,,0.0001850804837886244,
105,,,0.017459280788898468,
106,,,3.422809095354751e-05,
107,,,0.016605613753199577,
108,,,0.013235586695373058,
109,,,9.573609713697806e-05,
110,,,0.6642012596130371,
111,,,0.024155156686902046,
112,,,0.001376056345179677,
113,,,0.00012119444727431983,
114,,,0.7291626334190369,
115,,,0.018009746447205544,
116,,,0.015199339017271996,
117,,,0.0012010959908366203,
118,,,0.00023193629749584943,
119,,,0.0017796612810343504,
120,,,0.0005351183353923261,
121,,,0.0005313369911164045,
122,,,6.783726712455973e-05,
123,,,4.032346259918995e-05,
124,,,0.02147120051085949,
125,,,0.01780548505485058,
126,,,4.1469560528639704e-05,
127,,,0.0018997096922248602,
128,,,0.0014591257786378264,
129,,,0.0007361402385868132,
130,,,4.1542811231920496e-05,
131,,,0.02001386135816574,
132,,,0.01128667313605547,
133,,,0.017038006335496902,
134,,,0.018608082085847855,
135,,,0.0018431957578286529,
136,,,0.0016073774313554168,
137,,,0.0005379316280595958,
138,,,0.027432557195425034,
139,,,0.0001692125661065802,
140,,,0.018992295488715172,
141,,,0.015085902065038681,
142,,,0.0021138617303222418,
143,,,0.00301837595179677,
144,,,0.002795382170006633,
145,,,0.003225157968699932,
146,,,5.8418165281182155e-05,
147,,,0.011976301670074463,
148,,,0.022482862696051598,
149,,,0.00021727808052673936,
150,,,5.8565819927025586e-05,
151,,,0.0019701365381479263,
152,,,0.0007137986249290407,
153,,,7.299643039004877e-05,
154,,,4.8781563236843795e-05,
155,,,0.019734207540750504,
156,,,5.003792102797888e-05,
157,,,0.00020264439808670431,
158,,,0.027895692735910416,
159,,,0.00020869626314379275,
160,,,7.747357449261472e-05,
161,,,0.002363144652917981,
162,,,5.974082523607649e-05,
163,,,0.00011764632654376328,
164,,,0.028592484071850777,
165,,,0.0003429625940043479,
166,,,0.00029770558467134833,
167,,,0.0019008571980521083,
168,,,0.020261971279978752,
169,,,0.0008875422645360231,
170,,,0.002134343609213829,
171,,,5.717042222386226e-05,
172,,,0.002500563394278288,
173,,,5.5209504353115335e-05,
174,,,0.00020797659817617387,
175,,,0.021426521241664886,
176,,,5.582839366979897e-05,
177,,,0.0001928064739331603,
178,,,0.0007361093885265291,
179,,,4.8946058086585253e-05,
180,,,0.0006770945037715137,
181,,,0.022734906524419785,
182,,,0.003541187848895788,
183,,,0.014405660331249237,
184,,,0.001534762792289257,
185,,,0.020694397389888763,
186,,,0.003493411233648658,
187,,,0.0016899394104257226,
188,,,0.017625536769628525,
189,,,0.00010825188655871898,
190,,,4.638767859432846e-05,
191,,,0.021988745778799057,
192,,,0.0014616975095123053,
193,,,0.0040103294886648655,
194,,,0.0007818280137144029,
195,,,0.019042348489165306,
196,,,7.254498632391915e-05,
197,,,0.003852422349154949,
198,,,8.799527131486684e-05,
199,,,0.00014746592205483466,
200,,,5.564155799220316e-05,
201,,,0.0022196562495082617,
202,,,0.0006981535698287189,
203,,,5.2980874897912145e-05,
204,,,3.314900823170319e-05,
205,,,0.0005493281641975045,
206,,,5.130990030011162e-05,
207,,,0.01830170676112175,
208,,,0.015597565099596977,
209,,,0.001154646510258317,
210,,,0.00013565181870944798,
211,,,0.017697658389806747,
212,,,3.827381078735925e-05,
213,,,0.0006147525273263454,
214,,,3.8704856706317514e-05,
215,,,0.01123869139701128,
216,,,0.016599614173173904,
217,,,0.00013576820492744446,
218,,,0.021016540005803108,
219,,,0.00022198466467671096,
220,,,0.004814428742974997,
221,,,0.00340704875998199,
222,,,0.016659505665302277,
223,,,9.649145795265213e-05,
224,,,0.022134365513920784,
225,,,0.0022177714854478836,
226,,,6.422386650228873e-05,
227,,,0.00251593766734004,
228,,,0.000665083178319037,
229,,,5.979201159789227e-05,
230,,,0.016168583184480667,
231,,,0.0172368586063385,
232,,,5.668545054504648e-05,
233,,,0.018139634281396866,
234,,,0.0019944696687161922,
235,,,0.0005015640635974705,
236,,,0.0016305254539474845,
237,,,5.547507316805422e-05,
238,,,0.017644306644797325,
239,,,4.5408381993183866e-05,
240,,,0.00010789297812152654,
241,,,0.01881977915763855,
242,,,0.0016439335886389017,
243,,,0.00017815780302044004,
244,,,0.0007349929073825479,
245,,,5.526881795958616e-05,
246,,,0.0009864149615168571,
247,,,0.016058046370744705,
248,,,0.013201850466430187,
249,,,0.019134076312184334,
250,,,0.00211994256824255,
251,,,0.01598275452852249,
252,,,0.001545489882119,
253,,,0.7631255984306335,
254,,,0.0008334207232110202,
255,,,0.016447264701128006,
256,,,4.6270029997685924e-05,
257,,,0.016634849831461906,
258,,,1.303450584411621,
259,,,0.0001644535514060408,
260,,,0.0009653366869315505,
261,,,0.01708853617310524,
262,,,0.0006572592537850142,
263,,,0.017263609915971756,
264,,,0.016850903630256653,
265,,,0.00010024895891547203,
266,,,3.8428905099863186e-05,
267,,,0.00011885846470249817,
268,,,0.0005509165348485112,
269,,,3.274894697824493e-05,
270,,,3.83577607863117e-05,
271,,,0.0006473733228631318,
272,,,0.017760252580046654,
273,,,0.00014856764755677432,
274,,,0.022558990865945816,
275,,,0.7305715084075928,
276,,,0.00014905589341651648,
277,,,0.017486335709691048,
278,,,5.7707577070686966e-05,
279,,,0.0007349391817115247,
280,,,0.022449057549238205,
281,,,0.018830453976988792,
282,,,0.00015632124268449843,
283,,,0.001992596546187997,
284,,,0.000152905224240385,
285,,,6.943573680473492e-05,
286,,,0.01689499244093895,
287,,,5.220991442911327e-05,
288,,,0.01596045307815075,
289,,,2.8479520551627502e-05,
290,,,0.021219149231910706,
291,,,0.007648966740816832,
292,,,3.1899453460937366e-05,
293,,,0.0005832261522300541,
294,,,0.0017404176760464907,
295,,,4.366065695649013e-05,
296,,,0.015480057336390018,
297,,,0.019955499097704887,
298,,,0.00015975619317032397,
299,,,8.011027966858819e-05,
300,,,0.0001890678540803492,
301,,,5.9331836382625625e-05,
302,,,0.0017077868105843663,
303,,,0.01539149135351181,
304,,,0.0006374125368893147,
305,,,0.017003942281007767,
306,,,0.0002701212069950998,
307,,,0.021609781309962273,
308,,,6.991456757532433e-05,
309,,,0.000205774704227224,
310,,,0.0016316294204443693,
311,,,8.791860454948619e-05,
312,,,5.298284668242559e-05,
313,,,0.015320167876780033,
314,,,0.003954178653657436,
315,,,3.356690285727382e-05,
316,,,0.0020657109562307596,
317,,,0.00012037999113090336,
318,,,0.0007040891796350479,
319,,,0.001444137073121965,
320,,,0.016604313626885414,
321,,,0.01620977185666561,
322,,,3.554428622010164e-05,
323,,,0.02066303975880146,
324,,,0.0017291887197643518,
325,,,0.0006475747213698924,
326,,,0.017778638750314713,
327,,,0.0009683546959422529,
328,,,6.783087883377448e-05,
329,,,0.0062240371480584145,
330,,,5.634014087263495e-05,
331,,,0.0001241939899045974,
332,,,5.095007145428099e-05,
333,,,0.0001631545601412654,
334,,,0.00020680461602751166,
335,,,0.0014590626815333962,
336,,,2.876629696402233e-05,
337,,,0.017676882445812225,
338,,,4.620529216481373e-05,
339,,,0.00013488811964634806,
340,,,0.021372679620981216,
341,,,0.00014027899305801839,
342,,,0.0014797416515648365,
343,,,0.0004178752133157104,
344,,,4.159496529609896e-05,
345,,,0.0005471116164699197,
346,,,4.2555981053737924e-05,
347,,,0.0034062217455357313,
348,,,3.9611371903447434e-05,
349,,,0.024571381509304047,
350,,,0.0018603381467983127,
351,,,8.212742977775633e-05,
352,,,0.000446028308942914,
353,,,0.0010102612432092428,
354,,,0.01415115687996149,
355,,,5.874611815670505e-05,
356,,,0.020026402547955513,
357,,,0.0017919682431966066,
358,,,0.0001756759302224964,
359,,,0.0006676054326817393,
360,,,0.0193027313798666,
361,,,0.0006297224899753928,
362,,,0.002812983002513647,
363,,,0.014398034662008286,
364,,,0.00014243941404856741,
365,,,0.017401400953531265,
366,,,0.018670842051506042,
367,,,0.0020449708681553602,
368,,,4.201867704978213e-05,
369,,,3.101046968367882e-05,
370,,,0.018560580909252167,
371,,,3.606675818446092e-05,
372,,,0.02019929513335228,
373,,,0.00010005025251302868,
374,,,0.0001536540949018672,
375,,,0.0015819525578990579,
376,,,0.00152953143697232,
377,,,0.0010099578648805618,
378,,,4.151093162363395e-05,
379,,,0.016914665699005127,
380,,,0.014714008197188377,
381,,,9.343426791019738e-05,
382,,,0.0001962276583071798,
383,,,0.0016424485947936773,
384,,,4.980020094080828e-05,
385,,,0.00047283730236813426,
386,,,0.0006754537462256849,
387,,,4.113302202313207e-05,
388,,,0.016663100570440292,
389,,,0.022614553570747375,
390,,,0.00010823764023371041,
391,,,0.011067112907767296,
392,,,0.01885274425148964,
393,,,0.0005912142805755138,
394,,,4.1702227463247254e-05,
395,,,0.033636003732681274,
396,,,0.019682303071022034,
397,,,0.014088694006204605,
398,,,0.00013836158905178308,
399,,,0.01732557639479637,
400,,,3.895853296853602e-05,
401,,,0.0008085299050435424,
402,,,0.0006659218342974782,
403,,,3.910881423507817e-05,
404,,,0.0016787524800747633,
405,,,0.013185305520892143,
406,,,0.018528180196881294,
407,,,0.11470751464366913,
408,,,0.0001236426323885098,
409,,,0.0154074402526021,
410,,,0.0010984742548316717,
411,,,3.26868612319231e-05,
412,,,2.7968291760771535e-05,
413,,,0.7872558832168579,
414,,,0.014853772707283497,
415,,,0.0001242879661731422,
416,,,0.01699783466756344,
417,,,0.001802263199351728,
418,,,0.0005116958054713905,
419,,,0.0006847269251011312,
420,,,2.7816347937914543e-05,
421,,,3.742378976312466e-05,
422,,,0.38092368841171265,
423,,,0.024031372740864754,
424,,,9.531444811727852e-05,
425,,,0.0001562263205414638,
426,,,0.0020160640124231577,
427,,,0.0006349715404212475,
428,,,3.898098293575458e-05,
429,,,0.02144511044025421,
430,,,0.658427894115448,
431,,,0.011575954966247082,
432,,,0.00013807621144223958,
433,,,0.019167399033904076,
434,,,0.0009381466079503298,
435,,,0.0018991760443896055,
436,,,3.1084357033250853e-05,
437,,,0.016344629228115082,
438,,,2.660440804902464e-05,
439,,,0.00018181341874878854,
440,,,0.020519239827990532,
441,,,0.017291462048888206,
442,,,4.008605537819676e-05,
443,,,0.001423890353180468,
444,,,2.6863799575949088e-05,
445,,,4.1990861063823104e-05,
446,,,0.021459907293319702,
447,,,0.014170964248478413,
448,,,3.808959081652574e-05,
449,,,0.0015325945569202304,
450,,,0.02066180482506752,
451,,,0.0014779978664591908,
452,,,2.5920409825630486e-05,
453,,,0.016551200300455093,
454,,,0.016641028225421906,
455,,,0.00014118090621195734,
456,,,3.728444062289782e-05,
457,,,0.022413769736886024,
458,,,0.0006898503634147346,
459,,,0.0005881637916900218,
460,,,0.00030978539143688977,
461,,,0.0017133988440036774,
462,,,0.0005984689341858029,
463,,,0.00012663681991398335,
464,,,0.003249537432566285,
465,,,0.001898929476737976,
466,,,0.017768993973731995,
467,,,0.01556648500263691,
468,,,3.3317173802061006e-05,
469,,,3.557558375177905e-05,
470,,,1.0810573101043701,
471,,,0.0004297416307963431,
472,,,0.0001302726595895365,
473,,,3.30849907186348e-05,
474,,,0.01917995512485504,
475,,,0.000570797361433506,
476,,,3.9787035348126665e-05,
477,,,3.199936691089533e-05,
478,,,0.021640067920088768,
479,,,0.0008713227580301464,
480,,,0.00014574329543393105,
481,,,0.017405271530151367,
482,,,0.001042994437739253,
483,,,4.489294224185869e-05,
484,,,0.022887874394655228,
485,,,0.00010517783084651455,
486,,,0.00206555612385273,
487,,,0.0035648616030812263,
488,,,0.0009011069196276367,
489,,,0.0025234478525817394,
490,,,3.6072386137675494e-05,
491,,,0.01907389611005783,
492,,,6.792267959099263e-05,
493,,,2.470305116730742e-05,
494,,,0.005719168111681938,
495,,,0.002046906389296055,
496,,,0.001710972050204873,
497,,,4.077540143043734e-05,
498,,,3.0836727091809735e-05,
499,,,0.005302967969328165,
500,,,2.770807441265788e-05,
501,,,0.013767441734671593,
502,,,0.019840601831674576,
503,,,0.0018982684705406427,
504,,,0.0019447853555902839,
505,,,0.02102118358016014,
506,,,0.0011048056185245514,
507,,,3.546177322277799e-05,
508,,,0.014541474170982838,
509,,,0.013995690271258354,
510,,,0.003601696575060487,
511,,,0.0005764649249613285,
512,,,0.01957152597606182,
513,,,0.0011010899906978011,
514,,,0.0006237891502678394,
515,,,4.124531551497057e-05,
516,,,0.0002199462178396061,
517,,,0.017796536907553673,
518,,,0.018138444051146507,
519,,,0.00013754659448750317,
520,,,2.4515960831195116e-05,
521,,,0.0025717895478010178,
522,,,0.0004558339132927358,
523,,,3.1758652767166495e-05,
524,,,5.127621261635795e-05,
525,,,0.015772316604852676,
526,,,2.9334903956623748e-05,
527,,,0.00013477136963047087,
528,,,0.01630496419966221,
529,,,0.001878336421214044,
530,,,0.0004476442700251937,
531,,,0.016247766092419624,
532,,,4.425405859365128e-05,
533,,,0.0024808181915432215,
534,,,0.014559127390384674,
535,,,0.00012664715177379549,
536,,,3.816668686340563e-05,
537,,,0.002694663591682911,
538,,,0.023320898413658142,
539,,,0.0003970990946982056,
540,,,6.690378359053284e-05,
541,,,5.93173572269734e-05,
542,,,0.013052213005721569,
543,,,4.0349554183194414e-05,
544,,,8.978074038168415e-05,
545,,,0.016670729964971542,
546,,,0.002026651054620743,
547,,,0.000479354610433802,
548,,,0.015605814754962921,
549,,,2.767136538750492e-05,
550,,,2.426776336506009e-05,
551,,,0.013456221669912338,
552,,,0.00019499813788570464,
553,,,3.717424624483101e-05,
554,,,0.001727449707686901,
555,,,0.018653210252523422,
556,,,0.0006258977809920907,
557,,,3.551389090716839e-05,
558,,,0.019559945911169052,
559,,,0.012046738527715206,
560,,,3.705735434778035e-05,
561,,,0.00015469291247427464,
562,,,0.018851300701498985,
563,,,0.0019718799740076065,
564,,,9.077236609300599e-05,
565,,,0.02015847899019718,
566,,,0.00038989828317426145,
567,,,1.515400767326355,
568,,,0.00016408319061156362,
569,,,0.0009896361734718084,
570,,,6.205570389283821e-05,
571,,,0.019816676154732704,
572,,,0.002624544082209468,
573,,,0.018480727449059486,
574,,,0.0019444498466327786,
575,,,8.26433242764324e-05,
576,,,8.289608376799151e-05,
577,,,4.719043863588013e-05,
578,,,0.014653285965323448,
579,,,0.0001321764721069485,
580,,,0.020180141553282738,
581,,,0.0019060237100347877,
582,,,0.00181462406180799,
583,,,0.00024169513199012727,
584,,,0.020673371851444244,
585,,,6.0958092944929376e-05,
586,,,1.3393373489379883,
587,,,0.02490275539457798,
588,,,0.0019442534539848566,
589,,,0.00013834158016834408,
590,,,0.019403062760829926,
591,,,0.002112519694492221,
592,,,0.00010161644604522735,
593,,,0.0013055739691480994,
594,,,0.02636682614684105,
595,,,0.0015734457410871983,
596,,,0.016119282692670822,
597,,,0.019758328795433044,
598,,,0.6559627056121826,
599,,,0.00015202547365333885,
600,,,0.01800156570971012,
601,,,0.00108066585380584,
602,,,6.197569746291265e-05,
603,,,0.7346903681755066,
604,,,0.01823575049638748,
605,,,0.0006947978399693966,
606,,,0.00021229284175205976,
607,,,0.018161097541451454,
608,,,0.014968570321798325,
609,,,0.12789300084114075,
610,,,0.017702627927064896,
611,,,0.020199967548251152,
612,,,0.0020020368974655867,
613,,,0.018099641427397728,
614,,,0.01985202729701996,
615,,,0.013101976364850998,
616,,,5.6767552450764924e-05,
617,,,0.016550883650779724,
618,,,0.0007160830427892506,
619,,,8.345198148163036e-05,
620,,,0.0015956213464960456,
621,,,0.020491112023591995,
622,,,0.0005181921878829598,
623,,,0.00019632811017800122,
624,,,0.018386438488960266,
625,,,0.01592588610947132,
626,,,5.263823186396621e-05,
627,,,0.00013508858683053404,
628,,,7.9521574662067e-05,
629,,,4.858454121858813e-05,
630,,,0.0009408221812918782,
631,,,0.0027755217161029577,
632,,,3.4886856155935675e-05,
633,,,0.002028002869337797,
634,,,0.020470883697271347,
635,,,0.0018324629636481404,
636,,,0.013868101872503757,
637,,,0.0019458149326965213,
638,,,0.01717439480125904,
639,,,4.662225546780974e-05,
640,,,6.373740325216204e-05,
641,,,0.0016184331616386771,
642,,,4.473182707442902e-05,
643,,,0.000591257878113538,
644,,,0.019200781360268593,
645,,,0.0017105157021433115,
646,,,0.01513985451310873,
647,,,0.02151363343000412,
648,,,0.00013678288087248802,
649,,,0.0002853398327715695,
650,,,0.018856503069400787,
651,,,0.0011937236413359642,
652,,,0.00013004793436266482,
653,,,0.0016695419326424599,
654,,,0.015281965024769306,
655,,,0.0008212503744289279,
656,,,3.8144502468639985e-05,
657,,,0.01860533095896244,
658,,,0.00178435817360878,
659,,,6.423892773455009e-05,
660,,,0.0009727263241074979,
661,,,0.01664731651544571,
662,,,0.0010242582065984607,
663,,,0.0195639468729496,
664,,,0.017928527668118477,
665,,,0.008519460447132587,
666,,,6.110603135311976e-05,
667,,,0.002150725107640028,
668,,,0.0005738232866860926,
669,,,4.237969551468268e-05,
670,,,5.3527906857198104e-05,
671,,,0.015488560311496258,
672,,,0.019020099192857742,
673,,,0.018726440146565437,
674,,,0.021930579096078873,
675,,,0.0032085180282592773,
676,,,7.191074109869078e-05,
677,,,0.0009433132945559919,
678,,,0.0006404492305591702,
679,,,7.654343062313274e-05,
680,,,4.021669155918062e-05,
681,,,0.012881554663181305,
682,,,0.0032869186252355576,
683,,,0.002108791144564748,
684,,,0.016309674829244614,
685,,,0.0008457594667561352,
686,,,0.002595062367618084,
687,,,6.601724453503266e-05,
688,,,7.857794844312593e-05,
689,,,7.785187335684896e-05,
690,,,0.00014965413720346987,
691,,,0.0002460658724885434,
692,,,4.024244117317721e-05,
693,,,0.0008934185607358813,
694,,,0.017624815925955772,
695,,,4.704733510152437e-05,
696,,,4.4048440031474456e-05,
697,,,0.0024946462363004684,
698,,,0.016796141862869263,
699,,,5.3292322263587266e-05,
700,,,0.0020549551118165255,
701,,,0.0017003717366605997,
702,,,7.084473327267915e-05,
703,,,0.0005649268859997392,
704,,,0.0020285912323743105,
705,,,0.01480712741613388,
706,,,0.01602620631456375,
707,,,0.01789838634431362,
708,,,0.002191626001149416,
709,,,3.369721525814384e-05,
710,,,0.0006438655545935035,
711,,,0.0006699216901324689,
712,,,4.410582914715633e-05,
713,,,0.015963450074195862,
714,,,0.015193571336567402,
715,,,0.00016698130639269948,
716,,,0.00017605774337425828,
717,,,0.02102585695683956,
718,,,0.0007484761881642044,
719,,,0.0006529200472868979,
720,,,0.0079076262190938,
721,,,0.014193110167980194,
722,,,3.4778040571836755e-05,
723,,,0.00011398400965845212,
724,,,0.00018640073540154845,
725,,,4.006107701570727e-05,
726,,,0.0016253237845376134,
727,,,0.020144715905189514,
728,,,3.761700645554811e-05,
729,,,4.1591232729842886e-05,
730,,,0.02140449546277523,
731,,,1.368269443511963,
732,,,7.603861013194546e-05,
733,,,0.0020852938760071993,
734,,,0.001968742348253727,
735,,,6.166791717987508e-05,
736,,,6.145728548290208e-05,
737,,,0.020453685894608498,
738,,,0.02045828476548195,
739,,,0.014905172400176525,
740,,,0.019053557887673378,
741,,,0.001857049181126058,
742,,,0.0001163127162726596,
743,,,0.0006154886214062572,
744,,,0.00046507338993251324,
745,,,3.983294664067216e-05,
746,,,0.0182820875197649,
747,,,0.021941645070910454,
748,,,0.0001235970266861841,
749,,,0.0016339888097718358,
750,,,0.01809048280119896,
751,,,0.0007606643484905362,
752,,,0.00046587057295255363,
753,,,0.021393055096268654,
754,,,0.016882598400115967,
755,,,6.983322236919776e-05,
756,,,0.015103072859346867,
757,,,0.019094154238700867,
758,,,0.002143598860129714,
759,,,6.512863183161244e-05,
760,,,0.000977520365267992,
761,,,0.0007434029248543084,
762,,,4.901792271994054e-05,
763,,,0.020762111991643906,
764,,,0.013067163527011871,
765,,,0.7297837138175964,
766,,,0.0011123142903670669,
767,,,0.01847095414996147,
768,,,0.0006519315065816045,
769,,,0.014394673518836498,
770,,,6.574662256753072e-05,
771,,,0.018341967836022377,
772,,,0.013724332675337791,
773,,,0.0001417110615875572,
774,,,0.01947127841413021,
775,,,0.0019162772223353386,
776,,,4.979121877113357e-05,
777,,,0.013817808590829372,
778,,,0.01752416603267193,
779,,,0.016127191483974457,
780,,,0.00013630586909130216,
781,,,0.005977829452604055,
782,,,0.02257903292775154,
783,,,0.0006997340824455023,
784,,,3.616115645854734e-05,
785,,,0.018227124586701393,
786,,,0.0011571821523830295,
787,,,6.933991244295612e-05,
788,,,6.735896022291854e-05,
789,,,0.0006254527252167463,
790,,,0.01573304459452629,
791,,,4.523288953350857e-05,
792,,,0.00019457725284155458,
793,,,0.01822914369404316,
794,,,0.002085388172417879,
795,,,5.02670845889952e-05,
796,,,0.0006571942940354347,
797,,,0.018340345472097397,
798,,,0.016292011365294456,
799,,,0.0001266805484192446,
800,,,0.0017224954208359122,
801,,,0.010313897393643856,
802,,,0.0007818522281013429,
803,,,0.0019862938206642866,
804,,,0.01968495175242424,
805,,,0.014517370611429214,
806,,,0.00013360049342736602,
807,,,0.0029751150868833065,
808,,,0.01757862977683544,
809,,,0.0013315326068550348,
810,,,0.00012845783203374594,
811,,,0.02152416482567787,
812,,,0.0017047515138983727,
813,,,0.0005072581116110086,
814,,,0.0007018103497102857,
815,,,0.01952778361737728,
816,,,8.734490984352306e-05,
817,,,0.017766643315553665,
818,,,0.016024764627218246,
819,,,0.00039216969162225723,
820,,,4.672518844017759e-05,
821,,,0.00012518060975708067,
822,,,0.0007319608121179044,
823,,,4.903085937257856e-05,
824,,,4.242241266183555e-05,
825,,,0.017071660608053207,
826,,,3.594873851398006e-05,
827,,,0.00017374043818563223,
828,,,0.02250465378165245,
829,,,0.00011420580267440528,
830,,,0.0006975031574256718,
831,,,0.0014759291661903262,
832,,,4.30789114034269e-05,
833,,,5.162824527360499e-05,
834,,,0.003499728860333562,
835,,,0.016542265191674232,
836,,,0.015891103073954582,
837,,,0.0018793548224493861,
838,,,0.023392202332615852,
839,,,0.0014490619068965316,
840,,,4.741115844808519e-05,
841,,,0.017312215641140938,
842,,,0.013692514039576054,
843,,,3.635208122432232e-05,
844,,,0.017598353326320648,
845,,,0.0017932039918377995,
846,,,0.0001538588694529608,
847,,,0.000492818420752883,
848,,,0.016465259715914726,
849,,,0.0004674321389757097,
850,,,0.015781084075570107,
851,,,0.016135815531015396,
852,,,0.0001330768718617037,
853,,,0.002695984672755003,
854,,,0.001653091749176383,
855,,,0.001600313582457602,
856,,,4.655192606151104e-05,
857,,,0.000464785989606753,
858,,,0.018942246213555336,
859,,,0.016242435202002525,
860,,,0.013635131530463696,
861,,,0.019441761076450348,
862,,,0.0017736242152750492,
863,,,0.002273480873554945,
864,,,0.000866623071487993,
865,,,0.000535856990609318,
866,,,3.8599318941123784e-05,
867,,,0.015805324539542198,
868,,,0.012702153995633125,
869,,,0.001320483279414475,
870,,,0.0001422833011019975,
871,,,0.017176304012537003,
872,,,0.0007052012369967997,
873,,,0.0005053195054642856,
874,,,3.742752596735954e-05,
875,,,0.002829509088769555,
876,,,0.014123717322945595,
877,,,0.00012148809764767066,
878,,,0.002015664242208004,
879,,,0.0013936827890574932,
880,,,4.012343561043963e-05,
881,,,3.5989512980449945e-05,
882,,,0.017938043922185898,
883,,,3.039111652469728e-05,
884,,,0.010315400548279285,
885,,,0.0026631418149918318,
886,,,0.0001272045774385333,
887,,,0.0007334615802392364,
888,,,0.0016200460959225893,
889,,,0.01981143094599247,
890,,,0.0008859671652317047,
891,,,0.00019251297635491937,
892,,,0.0016036737943068147,
893,,,0.023180393502116203,
894,,,0.0005699369357898831,
895,,,0.00011900224490091205,
896,,,0.019133543595671654,
897,,,0.0022188734728842974,
898,,,3.3055686799343675e-05,
899,,,0.00013614851923193783,
900,,,0.001700121909379959,
901,,,4.886887109023519e-05,
902,,,2.9785174774588086e-05,
903,,,6.900858716107905e-05,
904,,,0.018273521214723587,
905,,,0.014399005100131035,
906,,,3.356597517267801e-05,
907,,,0.0005442593828774989,
908,,,0.0022697369568049908,
909,,,3.546728112269193e-05,
910,,,0.7651335000991821,
911,,,6.44457177259028e-05,
912,,,0.019619733095169067,
913,,,4.8429508751723915e-05,
914,,,0.001750756404362619,
915,,,0.001720154075883329,
916,,,4.765769335790537e-05,
917,,,0.0006569192628376186,
918,,,0.01834864728152752,
919,,,4.23034762206953e-05,
920,,,0.016013607382774353,
921,,,0.025828761979937553,
922,,,0.00013193671475164592,
923,,,4.191361222183332e-05,
924,,,0.0013186143478378654,
925,,,5.032736589782871e-05,
926,,,3.593194196582772e-05,
927,,,3.857418414554559e-05,
928,,,0.014665762893855572,
929,,,2.4324554033228196e-05,
930,,,0.018638167530298233,
931,,,0.00015055012772791088,
932,,,0.0006979802856221795,
933,,,0.7202034592628479,
934,,,2.9531040127039887e-05,
935,,,6.782793207094073e-05,
936,,,0.016810452565550804,
937,,,0.020961599424481392,
938,,,0.022824624553322792,
939,,,0.001520361751317978,
940,,,0.0018880519783124328,
941,,,0.0005484466091729701,
942,,,3.621800715336576e-05,
943,,,4.1020473872777075e-05,
944,,,0.012506400234997272,
945,,,6.501015013782308e-05,
946,,,9.292307368014008e-05,
947,,,0.0014200168661773205,
948,,,4.191359403193928e-05,
949,,,0.0016607693396508694,
950,,,0.0004285727918613702,
951,,,0.0006002274458296597,
952,,,0.016473863273859024,
953,,,0.016611874103546143,
954,,,0.016370989382267,
955,,,0.00012504476762842387,
956,,,2.5339448257000186e-05,
957,,,0.015624680556356907,
958,,,3.342012132634409e-05,
959,,,0.0005228753434494138,
960,,,0.01880604587495327,
961,,,0.0022656056098639965,
962,,,0.00011721069313352928,
963,,,0.00019484094809740782,
964,,,0.017594996839761734,
965,,,0.0004410114779602736,
966,,,0.011919503100216389,
967,,,3.307674705865793e-05,
968,,,3.810268026427366e-05,
969,,,4.4566626456798986e-05,
970,,,0.002250395016744733,
971,,,0.017582174390554428,
972,,,4.350100425654091e-05,
973,,,0.0005825035041198134,
974,,,0.025677558034658432,
975,,,0.0005326715181581676,
976,,,0.018716290593147278,
977,,,0.000503457267768681,
978,,,0.01891591027379036,
979,,,3.820030178758316e-05,
980,,,0.018324201926589012,
981,,,0.00034654000774025917,
982,,,2.7681298888637684e-05,
983,,,2.62152316281572e-05,
984,,,0.0005140650318935513,
985,,,0.014128549955785275,
986,,,0.01674424484372139,
987,,,0.0183658916503191,
988,,,3.543283310136758e-05,
989,,,0.00019107558182440698,
990,,,0.01805952936410904,
991,,,3.53547147824429e-05,
992,,,0.0005473796045407653,
993,,,0.019368929788470268,
994,,,0.014912637881934643,
995,,,3.8936846976866946e-05,
996,,,0.00014121962885838002,
997,,,0.0016271208878606558,
998,,,0.0007873401045799255,
999,,,0.0036398537922650576,
1000,,,4.897729741060175e-05,
1001,,,0.014294265769422054,
1002,,,6.140374898677692e-05,
1003,,,0.008257332257926464,
1004,,,0.0027962352614849806,
1005,,,0.00014820088108535856,
1006,,,0.018232252448797226,
1007,,,0.0014454835327342153,
1008,,,5.4779233323642984e-05,
1009,,,0.019512124359607697,
1010,,,0.01834833435714245,
1011,,,0.018891578540205956,
1012,,,0.00019672192865982652,
1013,,,0.020477863028645515,
1014,,,0.002047350164502859,
1015,,,0.00011409899889258668,
1016,,,0.00041410571429878473,
1017,,,0.021231360733509064,
1018,,,0.016023539006710052,
1019,,,0.018178341910243034,
1020,,,0.0001545084232930094,
1021,,,5.6167442380683497e-05,
1022,,,0.0001654680963838473,
1023,,,0.0013703210279345512,
1024,,,0.0004516606277320534,
1025,,,6.321046384982765e-05,
1026,,,3.224340980523266e-05,
1027,,,0.027753250673413277,
1028,,,0.016416164115071297,
1029,,,9.457656415179372e-05,
1030,,,0.01889682747423649,
1031,,,0.00016559578943997622,
1032,,,0.003108417382463813,
1033,,,0.014412205666303635,
1034,,,5.0131035095546395e-05,
1035,,,0.02235969714820385,
1036,,,0.00023510064056608826,
1037,,,0.0026984594296664,
1038,,,0.00012422175495885313,
1039,,,0.017859362065792084,
1040,,,0.0007456065504811704,
1041,,,5.10016325279139e-05,
1042,,,0.0018789012683555484,
1043,,,0.02027401700615883,
1044,,,0.018221432343125343,
1045,,,0.0002091651695081964,
1046,,,0.0001981343375518918,
1047,,,0.01955261081457138,
1048,,,0.0005862773396074772,
1049,,,0.006741923280060291,
1050,,,0.0005229635862633586,
1051,,,4.706798426923342e-05,
1052,,,0.016064653173089027,
1053,,,0.026969870552420616,
1054,,,0.03310685232281685,
1055,,,6.171975110191852e-05,
1056,,,0.001872120308689773,
1057,,,0.0010622829431667924,
1058,,,6.703309190925211e-05,
1059,,,1.8499858379364014,
1060,,,0.013572541065514088,
1061,,,5.240064638201147e-05,
1062,,,0.00022290379274636507,
1063,,,0.0016816217685118318,
1064,,,5.30120923940558e-05,
1065,,,0.001600572606548667,
1066,,,4.6214765461627394e-05,
1067,,,0.01512871216982603,
1068,,,0.0001029243430821225,
1069,,,0.01930476538836956,
1070,,,0.00017487727745901793,
1071,,,0.0002015572099480778,
1072,,,3.401182038942352e-05,
1073,,,0.019630935043096542,
1074,,,0.0006423430750146508,
1075,,,3.45652770192828e-05,
1076,,,0.019728440791368484,
1077,,,0.016132930293679237,
1078,,,0.00014007229765411466,
1079,,,0.018272899091243744,
1080,,,0.020942000672221184,
1081,,,0.0006933907279744744,
1082,,,0.00014026793360244483,
1083,,,0.01804296113550663,
1084,,,0.0005536062526516616,
1085,,,0.020736347883939743,
1086,,,0.00022786938643548638,
1087,,,0.014206985011696815,
1088,,,0.0001375678402837366,
1089,,,0.0020623360760509968,
1090,,,0.016369223594665527,
1091,,,4.4960714149056e-05,
1092,,,0.0007249077898450196,
1093,,,0.01608862355351448,
1094,,,0.017725711688399315,
1095,,,0.0001953935861820355,
1096,,,0.020555902272462845,
1097,,,0.00015804347640369087,
1098,,,0.0017298025777563453,
1099,,,0.0006283550173975527,
1100,,,3.7457306461874396e-05,
1101,,,4.0855393308447674e-05,
1102,,,0.018728958442807198,
1103,,,0.01617560163140297,
1104,,,0.01317492127418518,
1105,,,5.740574124502018e-05,
1106,,,0.0018990213284268975,
1107,,,0.01863151788711548,
1108,,,5.6852564739529043e-05,
1109,,,0.008353072218596935,
1110,,,0.015394183807075024,
1111,,,0.013205749914050102,
1112,,,7.514780008932576e-05,
1113,,,0.01564643159508705,
1114,,,0.009451397694647312,
1115,,,0.0006502809701487422,
1116,,,0.0005369085120037198,
1117,,,5.3391620895126835e-05,
1118,,,4.292815356166102e-05,
1119,,,0.011810076422989368,
1120,,,0.017010966315865517,
1121,,,0.00022231526963878423,
1122,,,7.193953933892772e-05,
1123,,,0.0006769901956431568,
1124,,,0.0006141939666122198,
1125,,,9.15566852199845e-05,
1126,,,4.3596428440650925e-05,
1127,,,0.016193794086575508,
1128,,,3.4385371691314504e-05,
1129,,,0.00011264569184277207,
1130,,,0.01557553093880415,
1131,,,3.5152646887581795e-05,
1132,,,0.0020632888190448284,
1133,,,3.582058343454264e-05,
1134,,,0.00010899120388785377,
1135,,,4.961076774634421e-05,
1136,,,0.021796172484755516,
1137,,,0.00039814403862692416,
1138,,,4.071852163178846e-05,
1139,,,0.0019561988301575184,
1140,,,0.017474837601184845,
1141,,,3.9424812712240964e-05,
1142,,,4.203950447845273e-05,
1143,,,0.016276098787784576,
1144,,,0.013512760400772095,
1145,,,3.9513462979812175e-05,
1146,,,0.0015681611839681864,
1147,,,0.0015422909054905176,
1148,,,0.006649057846516371,
1149,,,0.00048426954890601337,
1150,,,0.020263582468032837,
1151,,,0.015843341127038002,
1152,,,0.018161330372095108,
1153,,,0.020483342930674553,
1154,,,0.004474665969610214,
1155,,,3.355593798914924e-05,
1156,,,0.0007509823190048337,
1157,,,0.000335366785293445,
1158,,,3.1245919672073796e-05,
1159,,,0.016316043213009834,
1160,,,0.020954836159944534,
1161,,,0.00011194190301466733,
1162,,,0.00013864361972082406,
1163,,,0.0186347384005785,
1164,,,0.0026132981292903423,
1165,,,6.998614844633266e-05,
1166,,,5.0617345550563186e-05,
1167,,,3.5682191082742065e-05,
1168,,,5.0687860493781045e-05,
1169,,,0.00015412336506415159,
1170,,,0.00012592320854309946,
1171,,,0.0012979175662621856,
1172,,,0.0020834077149629593,
1173,,,0.017959151417016983,
1174,,,5.0304548494750634e-05,
1175,,,3.5150456824339926e-05,
1176,,,0.016790345311164856,
1177,,,0.016545459628105164,
1178,,,3.9750997530063614e-05,
1179,,,0.0016827817307785153,
1180,,,0.0014459291705861688,
1181,,,4.80672788398806e-05,
1182,,,0.0023236055858433247,
1183,,,0.01755930855870247,
1184,,,0.015541219152510166,
1185,,,0.0168540608137846,
1186,,,0.002922241110354662,
1187,,,0.00012947716459166259,
1188,,,7.653624925296754e-05,
1189,,,0.0011027342407032847,
1190,,,0.0006720592500641942,
1191,,,6.182165088830516e-05,
1192,,,0.018953444436192513,
1193,,,0.015153191052377224,
1194,,,0.00023456025519408286,
1195,,,0.0001327917561866343,
1196,,,0.018102800473570824,
1197,,,0.0031539220362901688,
1198,,,7.738498243270442e-05,
1199,,,5.100372800370678e-05,
1200,,,3.683411341626197e-05,
1201,,,8.2631733675953e-05,
1202,,,0.00015452085062861443,
1203,,,0.00018579377501737326,
1204,,,0.0012954752892255783,
1205,,,0.0013996665365993977,
1206,,,0.01734296604990959,
1207,,,4.349263326730579e-05,
1208,,,2.8484897484304383e-05,
1209,,,0.014793463051319122,
1210,,,0.015939196571707726,
1211,,,4.981804886483587e-05,
1212,,,0.0016122250817716122,
1213,,,0.0013692518696188927,
1214,,,6.817051325924695e-05,
1215,,,0.0005531900678761303,
1216,,,0.01873580366373062,
1217,,,0.017184928059577942,
1218,,,0.015136226080358028,
1219,,,0.01854398287832737,
1220,,,1.5237349271774292,
1221,,,5.0050603022100404e-05,
1222,,,0.0007216429221443832,
1223,,,0.0007482939981855452,
1224,,,4.936193363391794e-05,
1225,,,0.01976756751537323,
1226,,,0.022201960906386375,
1227,,,0.00013967206177767366,
1228,,,0.00011647793144220486,
1229,,,0.01998206600546837,
1230,,,0.0007025520317256451,
1231,,,0.778175413608551,
1232,,,4.252023427397944e-05,
1233,,,2.3578402760904282e-05,
1234,,,3.987959280493669e-05,
1235,,,0.00013007059169467539,
1236,,,1.394303560256958,
1237,,,0.0018864598823711276,
1238,,,0.00140183768235147,
1239,,,0.021458204835653305,
1240,,,4.356403587735258e-05,
1241,,,3.3885811717482284e-05,
1242,,,0.011706431396305561,
1243,,,0.0001593335618963465,
1244,,,0.00010382868640590459,
1245,,,0.0020822661463171244,
1246,,,0.017413103953003883,
1247,,,0.6130771040916443,
1248,,,4.177024675300345e-05,
1249,,,0.017083730548620224,
1250,,,0.015293890610337257,
1251,,,5.73598881601356e-05,
1252,,,0.00012080524174962193,
1253,,,0.0014358946355059743,
1254,,,0.6790593266487122,
1255,,,0.00046827076585032046,
1256,,,0.0004948614514432847,
1257,,,2.46974996116478e-05,
1258,,,0.016728658229112625,
1259,,,0.013451570644974709,
1260,,,0.00013073904847260565,
1261,,,0.00014209009532351047,
1262,,,0.0018259031930938363,
1263,,,0.0003308776067569852,
1264,,,5.577693445957266e-05,
1265,,,2.9206199542386457e-05,
1266,,,4.4516302295960486e-05,
1267,,,0.012900621630251408,
1268,,,0.0030761444941163063,
1269,,,0.018916241824626923,
1270,,,0.0011764616938307881,
1271,,,0.00146613793913275,
1272,,,0.015305760316550732,
1273,,,4.660625199903734e-05,
1274,,,3.280398595961742e-05,
1275,,,0.014635002240538597,
1276,,,0.014454496093094349,
1277,,,3.36917546519544e-05,
1278,,,0.0021475516259670258,
1279,,,0.0013107942650094628,
1280,,,0.0005330249550752342,
1281,,,0.0025392521638423204,
1282,,,2.669155401235912e-05,
1283,,,2.976634459628258e-05,
1284,,,0.014604901894927025,
1285,,,0.0001334826520178467,
1286,,,0.00013091485016047955,
1287,,,0.001725430483929813,
1288,,,0.011910119093954563,
1289,,,0.0005454862839542329,
1290,,,2.810814112308435e-05,
1291,,,3.280215969425626e-05,
1292,,,0.014482934959232807,
1293,,,0.023628171533346176,
1294,,,3.3032069040928036e-05,
1295,,,0.002067297464236617,
1296,,,0.019046280533075333,
1297,,,0.0009079052251763642,
1298,,,0.0006697726785205305,
1299,,,3.030259904335253e-05,
1300,,,0.014994882047176361,
1301,,,0.01964898407459259,
1302,,,0.017262380570173264,
1303,,,0.0003436310216784477,
1304,,,0.004990151152014732,
1305,,,0.0025329056661576033,
1306,,,0.016734233126044273,
1307,,,3.27683228533715e-05,
1308,,,0.004664986860007048,
1309,,,0.013534486293792725,
1310,,,0.00021101662423461676,
1311,,,4.626601003110409e-05,
1312,,,0.01946554146707058,
1313,,,3.3011954656103626e-05,
1314,,,0.0009427549666725099,
1315,,,7.242806168505922e-05,
1316,,,0.0172614473849535,
1317,,,3.882039891323075e-05,
1318,,,0.00016392090765293688,
1319,,,0.0001416028244420886,
1320,,,0.0014640346635133028,
1321,,,3.9061851566657424e-05,
1322,,,0.0012179441982880235,
1323,,,4.3027204810641706e-05,
1324,,,0.00012911575322505087,
1325,,,0.02032942697405815,
1326,,,0.0025733644142746925,
1327,,,0.00011375638860045001,
1328,,,0.0026877550408244133,
1329,,,0.0014393603196367621,
1330,,,0.0012128927046433091,
1331,,,0.00055374123621732,
1332,,,3.2820804335642606e-05,
1333,,,0.014930477365851402,
1334,,,3.657324850792065e-05,
1335,,,0.0003816377429757267,
1336,,,0.0018837583484128118,
1337,,,0.0015430261846631765,
1338,,,0.0006521715549752116,
1339,,,0.0200619176030159,
1340,,,3.866850238409825e-05,
1341,,,0.001836392330005765,
1342,,,0.016141235828399658,
1343,,,0.13359637558460236,
1344,,,4.7747329517733306e-05,
1345,,,0.002122635720297694,
1346,,,0.001217441982589662,
1347,,,0.0005351818981580436,
1348,,,0.002385289641097188,
1349,,,0.0007281968137249351,
1350,,,0.017815308645367622,
1351,,,3.5186498280381784e-05,
1352,,,0.00010909887350862846,
1353,,,0.016796108335256577,
1354,,,0.001719151739962399,
1355,,,0.0019565513357520103,
1356,,,0.0006783113349229097,
1357,,,0.001390612917020917,
1358,,,2.4733746613492258e-05,
1359,,,0.01580275595188141,
1360,,,0.021517498418688774,
1361,,,3.5769153328146785e-05,
1362,,,0.0022447528317570686,
1363,,,0.0012445556931197643,
1364,,,4.155806891503744e-05,
1365,,,0.000582815264351666,
1366,,,0.021338261663913727,
1367,,,0.014523287303745747,
1368,,,4.457281102077104e-05,
1369,,,0.0001032385480357334,
1370,,,0.00617639347910881,
1371,,,5.171832162886858e-05,
1372,,,0.0006437296979129314,
1373,,,0.019156955182552338,
1374,,,3.7796864489791915e-05,
1375,,,0.01530066691339016,
1376,,,0.01806548796594143,
1377,,,0.00014325595111586154,
1378,,,0.00015870106290094554,
1379,,,0.01593218743801117,
1380,,,1.6040688753128052,
1381,,,2.617451718833763e-05,
1382,,,7.217605889309198e-05,
1383,,,2.7639895051834174e-05,
1384,,,0.0159450713545084,
1385,,,0.0003291701141279191,
1386,,,0.00015457205881830305,
1387,,,0.014593038707971573,
1388,,,0.001824701321311295,
1389,,,0.0003514477575663477,
1390,,,3.398644912522286e-05,
1391,,,3.326665682834573e-05,
1392,,,0.01422644592821598,
1393,,,0.021901164203882217,
1394,,,7.250576163642108e-05,
1395,,,0.001631269115023315,
1396,,,0.017557010054588318,
1397,,,4.586549039231613e-05,
1398,,,1.3194462060928345,
1399,,,4.139047450735234e-05,
1400,,,0.01852254569530487,
1401,,,0.016848376020789146,
1402,,,0.0005544006708078086,
1403,,,7.750911754556e-05,
1404,,,3.4849916119128466e-05,
1405,,,0.0008234952692873776,
1406,,,0.016320237889885902,
1407,,,3.7211353628663346e-05,
1408,,,0.34030652046203613,
1409,,,0.02022911235690117,
1410,,,0.6712521314620972,
1411,,,0.0014396877959370613,
1412,,,0.016680818051099777,
1413,,,0.001806543325074017,
1414,,,4.5526307076215744e-05,
1415,,,0.6962445974349976,
1416,,,0.018747564405202866,
1417,,,0.019039610400795937,
1418,,,0.0166836678981781,
1419,,,7.834714779164642e-05,
1420,,,0.015391181223094463,
1421,,,4.128930959268473e-05,
1422,,,0.0007011661073192954,
1423,,,0.016698762774467468,
1424,,,6.506470526801422e-05,
1425,,,0.01281269546598196,
1426,,,0.03471573442220688,
1427,,,0.0001594957138877362,
1428,,,0.00017173959349747747,
1429,,,0.004816988483071327,
1430,,,0.006765363272279501,
1431,,,0.0007783970795571804,
1432,,,5.753629011451267e-05,
1433,,,0.020230259746313095,
1434,,,0.019503114745020866,
1435,,,0.00013039114128332585,
1436,,,0.019875476136803627,
1437,,,5.948181205894798e-05,
1438,,,0.003147682873532176,
1439,,,0.017918076366186142,
1440,,,6.412316724890843e-05,
1441,,,7.287116750376299e-05,
1442,,,0.014494598843157291,
1443,,,0.0026414338499307632,
1444,,,0.00011222193279536441,
1445,,,0.0016580296214669943,
1446,,,0.027128268033266068,
1447,,,0.0004551624006126076,
1448,,,0.00013475361629389226,
1449,,,0.020190374925732613,
1450,,,0.01788371428847313,
1451,,,0.00012305882410146296,
1452,,,0.02459641359746456,
1453,,,0.0019312461372464895,
1454,,,0.00014180189464241266,
1455,,,0.0014535731170326471,
1456,,,0.01832297258079052,
1457,,,0.00019863822672050446,
1458,,,0.0006396723911166191,
1459,,,0.015593134798109531,
1460,,,0.00015472220547962934,
1461,,,7.090520375641063e-05,
1462,,,0.017912302166223526,
1463,,,0.0006349161267280579,
1464,,,7.108113641152158e-05,
1465,,,0.017091259360313416,
1466,,,5.901609983993694e-05,
1467,,,0.01896730251610279,
1468,,,0.0002135254180757329,
1469,,,0.019437208771705627,
1470,,,0.0014279172755777836,
1471,,,5.668932499247603e-05,
1472,,,0.0004415762086864561,
1473,,,0.0005713589489459991,
1474,,,8.067720773397014e-05,
1475,,,0.005057849455624819,
1476,,,0.021973595023155212,
1477,,,0.0002467365993652493,
1478,,,8.314301521750167e-05,
1479,,,0.0020357591565698385,
1480,,,0.0005360337672755122,
1481,,,0.001114641665481031,
1482,,,0.017635341733694077,
1483,,,0.000728241226170212,
1484,,,7.82034476287663e-05,
1485,,,0.00013757438864558935,
1486,,,0.018381167203187943,
1487,,,0.0014613807434216142,
1488,,,0.00201062741689384,
1489,,,0.017040817067027092,
1490,,,0.0012569415848702192,
1491,,,6.0438644140958786e-05,
1492,,,0.017287710681557655,
1493,,,0.01633116975426674,
1494,,,6.515630229841918e-05,
1495,,,0.0019688482861965895,
1496,,,0.020787570625543594,
1497,,,0.0007225354202091694,
1498,,,0.0020783941727131605,
1499,,,6.355946243274957e-05,
1500,,,0.013334513641893864,
1501,,,0.01884288713335991,
1502,,,0.0004035663732793182,
1503,,,0.0018656583270058036,
1504,,,0.001753946882672608,
1505,,,0.021618226543068886,
1506,,,0.0006872218218632042,
1507,,,5.014538692194037e-05,
1508,,,0.0019911678973585367,
1509,,,0.012845062650740147,
1510,,,0.00014738079335074872,
1511,,,0.00010069157724501565,
1512,,,0.002223929390311241,
1513,,,0.0006063716136850417,
1514,,,0.0010204652789980173,
1515,,,8.262902701972052e-05,
1516,,,7.818199082976207e-05,
1517,,,6.0855745687149465e-05,
1518,,,0.0001692065707175061,
1519,,,0.017920034006237984,
1520,,,0.001448903582058847,
1521,,,0.0017376416362822056,
1522,,,0.017174217849969864,
1523,,,6.946941721253097e-05,
1524,,,5.481715561472811e-05,
1525,,,0.0149213382974267,
1526,,,0.0016177201177924871,
1527,,,0.00010200144606642425,
1528,,,0.001709187519736588,
1529,,,0.017741918563842773,
1530,,,0.008325978182256222,
1531,,,7.53440399421379e-05,
1532,,,0.020944582298398018,
1533,,,0.016785264015197754,
1534,,,7.289960194611922e-05,
1535,,,0.0023547285236418247,
1536,,,0.018556814640760422,
1537,,,0.002064431319013238,
1538,,,0.0006615972961299121,
1539,,,0.0007572934264317155,
1540,,,5.3271807701094076e-05,
1541,,,0.01645592972636223,
1542,,,0.01689055748283863,
1543,,,0.00015369089669547975,
1544,,,0.002973254071548581,
1545,,,0.002275867620483041,
1546,,,0.0005643088952638209,
1547,,,0.0006150708650238812,
1548,,,0.022020645439624786,
1549,,,6.0097310779383406e-05,
1550,,,0.01577349379658699,
1551,,,0.017903998494148254,
1552,,,9.601820056559518e-05,
1553,,,0.001807497930712998,
1554,,,0.0015263635432347655,
1555,,,0.00086399627616629,
1556,,,5.5563232308486477e-05,
1557,,,5.3495219617616385e-05,
1558,,,0.02710994891822338,
1559,,,0.01583300530910492,
1560,,,0.00010429783287690952,
1561,,,0.0015381152043119073,
1562,,,0.01935197412967682,
1563,,,0.0008171456283889711,
1564,,,0.00017114888760261238,
1565,,,5.45306465937756e-05,
1566,,,0.015632491558790207,
1567,,,0.019153624773025513,
1568,,,0.00011252149124629796,
1569,,,0.6176304817199707,
1570,,,0.0019882626365870237,
1571,,,0.018052324652671814,
1572,,,0.0006318452069535851,
1573,,,5.102411159896292e-05,
1574,,,0.719105064868927,
1575,,,0.015423214063048363,
1576,,,0.0001523991668364033,
1577,,,5.460531610879116e-05,
1578,,,0.0016751945950090885,
1579,,,0.0007204015273600817,
1580,,,0.000521134992595762,
1581,,,0.01625737175345421,
1582,,,5.31243858858943e-05,
1583,,,0.011171681806445122,
1584,,,0.012509703636169434,
1585,,,0.021329570561647415,
1586,,,0.001985238865017891,
1587,,,7.559095683973283e-05,
1588,,,0.0007460902561433613,
1589,,,0.00010430738620925695,
1590,,,6.181695789564401e-05,
1591,,,0.013147078454494476,
1592,,,0.016663705930113792,
1593,,,0.00013979182404000312,
1594,,,0.0021252899896353483,
1595,,,0.017500650137662888,
1596,,,0.0013437910238280892,
1597,,,0.0006902811001054943,
1598,,,0.016212468966841698,
1599,,,0.01939774490892887,
1600,,,9.05754350242205e-05,
1601,,,0.00016843740013428032,
1602,,,0.0022379313595592976,
1603,,,0.0019918184261769056,
1604,,,0.0006153638241812587,
1605,,,0.018320178613066673,
1606,,,4.897935286862776e-05,
1607,,,0.009847067296504974,
1608,,,0.013635109178721905,
1609,,,0.00016267396858893335,
1610,,,0.00015674953465349972,
1611,,,0.02165335789322853,
1612,,,0.0008218748844228685,
1613,,,0.0007464448572136462,
1614,,,0.002287843031808734,
1615,,,0.01768568716943264,
1616,,,0.014550067484378815,
1617,,,0.015993088483810425,
1618,,,7.522547821281478e-05,
1619,,,0.0016727965557947755,
1620,,,5.284980943542905e-05,
1621,,,0.0007575778872705996,
1622,,,0.0007987794233486056,
1623,,,5.3226365707814693e-05,
1624,,,0.0005475579528138041,
1625,,,0.013794248923659325,
1626,,,7.929189450806007e-05,
1627,,,0.0018514117691665888,
1628,,,0.001764349639415741,
1629,,,5.6286306062247604e-05,
1630,,,0.007562660146504641,
1631,,,5.676972432411276e-05,
1632,,,0.016843756660819054,
1633,,,5.374809188651852e-05,
1634,,,0.00016612054605502635,
1635,,,0.005187473725527525,
1636,,,7.410746911773458e-05,
1637,,,0.021655846387147903,
1638,,,0.0006918887374922633,
1639,,,7.653076318092644e-05,
1640,,,0.018473858013749123,
1641,,,0.01288072019815445,
1642,,,0.0001636679080547765,
1643,,,0.00019568391144275665,
1644,,,0.0020100532565265894,
1645,,,0.006573720369488001,
1646,,,0.0005677571753039956,
1647,,,0.01695179007947445,
1648,,,5.934657383477315e-05,
1649,,,0.010390900075435638,
1650,,,0.00015846689348109066,
1651,,,0.0001803666673367843,
1652,,,0.0019040503539144993,
1653,,,7.98678447608836e-05,
1654,,,0.017854532226920128,
1655,,,5.986696851323359e-05,
1656,,,5.341954602045007e-05,
1657,,,0.462321400642395,
1658,,,0.0226789228618145,
1659,,,0.00015037348202895373,
1660,,,0.00013982575910631567,
1661,,,0.001959470333531499,
1662,,,5.7705226936377585e-05,
1663,,,0.0007040034397505224,
1664,,,0.023887071758508682,
1665,,,5.03689116158057e-05,
1666,,,6.637438491452485e-05,
1667,,,0.0022162843961268663,
1668,,,0.00011078127863584086,
1669,,,0.001978966174647212,
1670,,,0.0021034746896475554,
1671,,,0.016311416402459145,
1672,,,5.458236046251841e-05,
1673,,,5.58381034352351e-05,
1674,,,0.015521983616054058,
1675,,,0.002701370045542717,
1676,,,5.477503873407841e-05,
1677,,,0.0019352457020431757,
1678,,,0.01869400404393673,
1679,,,0.00040261633694171906,
1680,,,0.00024508978822268546,
1681,,,0.018329668790102005,
1682,,,0.018206922337412834,
1683,,,5.2045863412786275e-05,
1684,,,0.00014497934898827225,
1685,,,0.0019453407730907202,
1686,,,4.966545748175122e-05,
1687,,,0.48888278007507324,
1688,,,0.0007888215477578342,
1689,,,4.4097214413341135e-05,
1690,,,4.7963949327822775e-05,
1691,,,0.015274200588464737,
1692,,,0.007351980544626713,
1693,,,5.4877338698133826e-05,
1694,,,0.003115262370556593,
1695,,,0.001559216296300292,
1696,,,0.0007230129558593035,
1697,,,0.03449513018131256,
1698,,,5.883040284970775e-05,
1699,,,0.01400538720190525,
1700,,,4.66054116259329e-05,
1701,,,0.01901436410844326,
1702,,,1.6456975936889648,
1703,,,0.0025992165319621563,
1704,,,0.0007266031461767852,
1705,,,0.017419204115867615,
1706,,,5.181142478249967e-05,
1707,,,0.017756713554263115,
1708,,,0.014658354222774506,
1709,,,0.12774427235126495,
1710,,,5.90634263062384e-05,
1711,,,0.0018874438246712089,
1712,,,0.02145170047879219,
1713,,,0.0008041958208195865,
1714,,,0.6371750235557556,
1715,,,4.716486728284508e-05,
1716,,,0.015160514041781425,
1717,,,5.129163764650002e-05,
1718,,,9.413477528141811e-05,
1719,,,1.3527724742889404,
1720,,,0.002066470216959715,
1721,,,0.0006090971291996539,
1722,,,0.018584204837679863,
1723,,,5.77382197661791e-05,
1724,,,0.01803424209356308,
1725,,,0.01328964065760374,
1726,,,4.4853695726487786e-05,
1727,,,0.00013367197243496776,
1728,,,0.01812954619526863,
1729,,,0.6024796366691589,
1730,,,0.0005634810077026486,
1731,,,0.00032931758323684335,
1732,,,0.018016759306192398,
1733,,,5.1181941671529785e-05,
1734,,,0.0008445855928584933,
1735,,,0.02054542489349842,
1736,,,0.001659480738453567,
1737,,,5.8558329328661785e-05,
1738,,,0.0006201948272064328,
1739,,,7.714082312304527e-05,
1740,,,7.720179564785212e-05,
1741,,,0.01511467806994915,
1742,,,0.021475253626704216,
1743,,,8.1298167060595e-05,
1744,,,0.023072537034749985,
1745,,,0.0020058350637555122,
1746,,,0.0007529811118729413,
1747,,,0.011844666674733162,
1748,,,0.01877070963382721,
1749,,,0.01660105772316456,
1750,,,0.018009411171078682,
1751,,,0.0001276171678910032,
1752,,,0.019911710172891617,
1753,,,5.1909890316892415e-05,
1754,,,0.001997901126742363,
1755,,,0.01721648871898651,
1756,,,5.590444561676122e-05,
1757,,,0.022374261170625687,
1758,,,0.016498427838087082,
1759,,,0.00018546335923019797,
1760,,,5.795212564407848e-05,
1761,,,0.002556801773607731,
1762,,,0.0005558133125305176,
1763,,,6.399433186743408e-05,
1764,,,4.861874913331121e-05,
1765,,,6.016752740833908e-05,
1766,,,0.018640561029314995,
1767,,,0.00014905392890796065,
1768,,,0.00015894514217507094,
1769,,,0.0015975574497133493,
1770,,,5.725015580537729e-05,
1771,,,0.00061128317611292,
1772,,,3.288522202637978e-05,
1773,,,5.764329034718685e-05,
1774,,,0.01163159217685461,
1775,,,0.023305444046854973,
1776,,,0.00016190226597245783,
1777,,,0.002126232022419572,
1778,,,0.002008771291002631,
1779,,,0.0007890465785749257,
1780,,,0.0008892589248716831,
1781,,,5.0335231208009645e-05,
1782,,,0.01220773346722126,
1783,,,4.8225800128420815e-05,
1784,,,0.020277708768844604,
1785,,,0.000789251527749002,
1786,,,0.0016787624917924404,
1787,,,0.0011859405785799026,
1788,,,0.02082836627960205,
1789,,,5.549397974391468e-05,
1790,,,0.005629111547023058,
1791,,,0.027710070833563805,
1792,,,0.00014256910071708262,
1793,,,7.157331128837541e-05,
1794,,,0.02137334644794464,
1795,,,7.942310912767425e-05,
1796,,,0.0007515239412896335,
1797,,,5.071680061519146e-05,
1798,,,6.142436905065551e-05,
1799,,,0.01118618156760931,
1800,,,0.00013167511497158557,
1801,,,0.002243730006739497,
1802,,,0.0014831442385911942,
1803,,,6.681602098979056e-05,
1804,,,0.0005699213943444192,
1805,,,4.311542579671368e-05,
1806,,,6.575505540240556e-05,
1807,,,0.014172857627272606,
1808,,,0.016185496002435684,
1809,,,5.257728844298981e-05,
1810,,,0.003067602636292577,
1811,,,0.018846137449145317,
1812,,,0.000698916963301599,
1813,,,0.0005001953686587512,
1814,,,4.7142206312855706e-05,
1815,,,0.017603589221835136,
1816,,,4.637960228137672e-05,
1817,,,0.019583145156502724,
1818,,,0.008916042745113373,
1819,,,5.1692222768906504e-05,
1820,,,0.000928933615796268,
1821,,,0.017745453864336014,
1822,,,5.238413723418489e-05,
1823,,,0.0030101712327450514,
1824,,,0.016504749655723572,
1825,,,0.00013108408893458545,
1826,,,6.007825140841305e-05,
1827,,,0.0030130427330732346,
1828,,,0.001057978137396276,
1829,,,0.000929761677980423,
1830,,,3.232239396311343e-05,
1831,,,0.01880061626434326,
1832,,,0.01575768180191517,
1833,,,0.017931243404746056,
1834,,,9.548739762976766e-05,
1835,,,0.0019013367127627134,
1836,,,0.0016981689259409904,
1837,,,0.016559693962335587,
1838,,,5.543071165448055e-05,
1839,,,4.582060137181543e-05,
1840,,,0.017581060528755188,
1841,,,0.02515709400177002,
1842,,,0.00017321483755949885,
1843,,,0.0017787095857784152,
1844,,,0.022173086181282997,
1845,,,0.0008197897113859653,
1846,,,0.0017485182033851743,
1847,,,0.0186186321079731,
1848,,,7.349228690145537e-05,
1849,,,0.010398738086223602,
1850,,,9.034007234731689e-05,
1851,,,0.007631069049239159,
1852,,,0.001927780220285058,
1853,,,0.00283776200376451,
1854,,,0.01997319795191288,
1855,,,0.0010806008940562606,
1856,,,0.029414216056466103,
1857,,,0.016642404720187187,
1858,,,0.0009805524023249745,
1859,,,8.6309875769075e-05,
1860,,,0.018471479415893555,
1861,,,0.0017387322150170803,
1862,,,4.354692282504402e-05,
1863,,,6.55074545647949e-05,
1864,,,0.018845349550247192,
1865,,,6.857808330096304e-05,
1866,,,0.01779787801206112,
1867,,,0.00020385507377795875,
1868,,,0.0019114213064312935,
1869,,,0.0016217302763834596,
1870,,,0.025987999513745308,
1871,,,3.393028964637779e-05,
1872,,,6.325357389869168e-05,
1873,,,0.014963367953896523,
1874,,,0.02464989759027958,
1875,,,0.00013742638111580163,
1876,,,0.0019369958899915218,
1877,,,0.0013732111547142267,
1878,,,0.0008121246355585754,
1879,,,0.0006286645075306296,
1880,,,0.0002603558241389692,
1881,,,0.01669110357761383,
1882,,,0.02992366999387741,
1883,,,0.00011658794392133132,
1884,,,0.00012167004751972854,
1885,,,0.004426463972777128,
1886,,,0.001393380225636065,
1887,,,0.0164389219135046,
1888,,,5.66537601116579e-05,
1889,,,0.6530324220657349,
1890,,,0.022333921864628792,
1891,,,0.00015865886234678328,
1892,,,7.503502274630591e-05,
1893,,,0.0014259754680097103,
1894,,,0.0013099020579829812,
1895,,,0.0008141734870150685,
1896,,,3.203333471901715e-05,
1897,,,3.469758667051792e-05,
1898,,,6.722938996972516e-05,
1899,,,0.015238645486533642,
1900,,,0.00012597542081493884,
1901,,,0.0014410900184884667,
1902,,,7.059901690809056e-05,
1903,,,0.0009356971131637692,
1904,,,9.014570969156921e-05,
1905,,,9.570638212608173e-05,
1906,,,0.015531802549958229,
1907,,,0.012787028215825558,
1908,,,0.00013100852083880454,
1909,,,0.015727167949080467,
1910,,,0.0019883757922798395,
1911,,,0.0008521818672306836,
1912,,,0.009000897407531738,
1913,,,0.01658622734248638,
1914,,,0.01587923802435398,
1915,,,4.986870408174582e-05,
1916,,,0.00010648724855855107,
1917,,,0.013414655812084675,
1918,,,5.334039087756537e-05,
1919,,,0.21906912326812744,
1920,,,0.0008029849268496037,
1921,,,9.034795948537067e-05,
1922,,,4.918362174066715e-05,
1923,,,0.0136584946885705,
1924,,,0.02434461936354637,
1925,,,0.00017185024626087397,
1926,,,0.0019144348334521055,
1927,,,0.0014638995053246617,
1928,,,0.0007139084627851844,
1929,,,0.01001754216849804,
1930,,,4.011784039903432e-05,
1931,,,0.000607506837695837,
1932,,,0.013026761822402477,
1933,,,0.019601132720708847,
1934,,,0.0032781234476715326,
1935,,,0.004133319016546011,
1936,,,0.0011346692917868495,
1937,,,0.01666308380663395,
1938,,,4.680299753090367e-05,
1939,,,0.0010729493806138635,
1940,,,0.018573809415102005,
1941,,,7.224007276818156e-05,
1942,,,0.00181690719909966,
1943,,,0.0016528598498553038,
1944,,,0.00047909835120663047,
1945,,,0.0007823706837370992,
1946,,,5.9273381339153275e-05,
1947,,,0.016727963462471962,
1948,,,0.02101883478462696,
1949,,,0.024165673181414604,
1950,,,0.00010729437053669244,
1951,,,3.7015015550423414e-05,
1952,,,0.0018147515365853906,
1953,,,0.0005181223968975246,
1954,,,6.517452857224271e-05,
1955,,,7.595633360324427e-05,
1956,,,0.020703688263893127,
1957,,,0.01484363991767168,
1958,,,6.69784567435272e-05,
1959,,,0.01741132326424122,
1960,,,0.0022714752703905106,
1961,,,0.0007991670281626284,
1962,,,0.0037657241337001324,
1963,,,0.01664295792579651,
1964,,,0.01996776834130287,
1965,,,6.085743007133715e-05,
1966,,,0.01628298871219158,
1967,,,0.00016640929970890284,
1968,,,0.0024579258169978857,
1969,,,0.015709880739450455,
1970,,,0.0015064538456499577,
1971,,,4.828876262763515e-05,
1972,,,0.0032734002452343702,
1973,,,0.015870701521635056,
1974,,,0.00017696857685223222,
1975,,,0.00019453624554444104,
1976,,,0.00184327969327569,
1977,,,0.0005194125697016716,
1978,,,2.846595089067705e-05,
1979,,,4.7074721805984154e-05,
1980,,,5.2186427637934685e-05,
1981,,,0.014824545942246914,
1982,,,0.00017139562987722456,
1983,,,0.022344397380948067,
1984,,,0.0013948902487754822,
1985,,,0.001389737124554813,
1986,,,0.017897717654705048,
1987,,,4.3794447265099734e-05,
1988,,,4.610502946889028e-05,
1989,,,0.016836438328027725,
1990,,,0.011954386718571186,
1991,,,3.97198018617928e-05,
1992,,,0.001620708266273141,
1993,,,0.017567122355103493,
1994,,,0.0007158410153351724,
1995,,,0.0031929058022797108,
1996,,,4.14554524468258e-05,
1997,,,0.017068754881620407,
1998,,,4.905548848910257e-05,
1999,,,9.449086792301387e-05,
2000,,,0.00343708205036819,
2001,,,0.0018914318643510342,
2002,,,0.0005255066207610071,
2003,,,0.0005300435586832464,
2004,,,3.1360854336526245e-05,
2005,,,0.0024269872810691595,
2006,,,0.014078001491725445,
2007,,,3.449604628258385e-05,
2008,,,7.515594188589603e-05,
2009,,,0.0013398939045146108,
2010,,,0.0007540309452451766,
2011,,,0.0006808972684666514,
2012,,,0.0009740607929416001,
2013,,,4.8958878323901445e-05,
2014,,,0.01843314804136753,
2015,,,0.00014827602717559785,
2016,,,0.01559466402977705,
2017,,,0.0015750703169032931,
2018,,,0.0018442722503095865,
2019,,,0.0008343352819792926,
2020,,,6.31712973699905e-05,
2021,,,0.0008923622081056237,
2022,,,0.01732604205608368,
2023,,,0.012964463792741299,
2024,,,6.675830809399486e-05,
2025,,,0.0017440071096643806,
2026,,,0.017828870564699173,
2027,,,0.0008977013058029115,
2028,,,0.019560163840651512,
2029,,,0.018960824236273766,
2030,,,0.018000733107328415,
2031,,,4.238745532347821e-05,
2032,,,0.016848746687173843,
2033,,,0.7687568068504333,
2034,,,0.0013955531176179647,
2035,,,0.0007753829704597592,
2036,,,0.019509155303239822,
2037,,,0.00012586689263116568,
2038,,,0.02791464328765869,
2039,,,0.013089819811284542,
2040,,,0.0001296801638090983,
2041,,,0.00024301244411617517,
2042,,,0.017099110409617424,
2043,,,0.0008001315291039646,
2044,,,0.0002461605763528496,
2045,,,8.327636169269681e-05,
2046,,,0.01599324494600296,
2047,,,0.014015835709869862,
2048,,,0.0001587934821145609,
2049,,,0.017415421083569527,
2050,,,4.6530716645065695e-05,
2051,,,0.0019632515031844378,
2052,,,0.0005701900809071958,
2053,,,5.091962520964444e-05,
2054,,,5.748322291765362e-05,
2055,,,0.017455730587244034,
2056,,,0.011831874027848244,
2057,,,4.891687785857357e-05,
2058,,,0.001760602230206132,
2059,,,0.001337167457677424,
2060,,,5.9067195252282545e-05,
2061,,,0.0006799536640755832,
2062,,,4.440684278961271e-05,
2063,,,4.952122981194407e-05,
2064,,,0.011892233043909073,
2065,,,0.018630914390087128,
2066,,,0.012553161010146141,
2067,,,0.0018143998458981514,
2068,,,0.0008363599772565067,
2069,,,0.0007568997680209577,
2070,,,5.035424328525551e-05,
2071,,,0.008375321514904499,
2072,,,0.020871108397841454,
2073,,,0.002621569437906146,
2074,,,5.536222306545824e-05,
2075,,,0.018958721309900284,
2076,,,0.004884426947683096,
2077,,,7.564987754449248e-05,
2078,,,5.69106632610783e-05,
2079,,,3.337402449687943e-05,
2080,,,4.4200649426784366e-05,
2081,,,0.00012132580013712868,
2082,,,0.00012893577513750643,
2083,,,3.12160664179828e-05,
2084,,,0.0017387717962265015,
2085,,,0.015819083899259567,
2086,,,4.298088970244862e-05,
2087,,,3.364485382917337e-05,
2088,,,0.015711430460214615,
2089,,,0.014497267082333565,
2090,,,8.360786159755662e-05,
2091,,,0.017452042549848557,
2092,,,0.001765572582371533,
2093,,,5.203824184718542e-05,
2094,,,0.003911238629370928,
2095,,,0.01571950875222683,
2096,,,3.718097650562413e-05,
2097,,,0.016848737373948097,
2098,,,0.017351016402244568,
2099,,,0.0007254054071381688,
2100,,,0.0019174414919689298,
2101,,,0.0010217105736956,
2102,,,0.017155352979898453,
2103,,,4.150651511736214e-05,
2104,,,0.0004447473620530218,
2105,,,0.018502920866012573,
2106,,,0.00013185989519115537,
2107,,,4.241861461196095e-05,
2108,,,0.0014328492106869817,
2109,,,0.005131842568516731,
2110,,,0.0007850260590203106,
2111,,,3.543098137015477e-05,
2112,,,5.290893750498071e-05,
2113,,,4.4398682803148404e-05,
2114,,,0.027038611471652985,
2115,,,0.00010054177982965484,
2116,,,0.0014604066964238882,
2117,,,0.0015557858860120177,
2118,,,0.018529878929257393,
2119,,,4.6405311877606437e-05,
2120,,,3.849318090942688e-05,
2121,,,0.013328303582966328,
2122,,,0.018306808546185493,
2123,,,3.2062322134152055e-05,
2124,,,0.0020132046192884445,
2125,,,0.01722360961139202,
2126,,,0.0005517472745850682,
2127,,,3.394718805793673e-05,
2128,,,3.344913784530945e-05,
2129,,,0.013901603408157825,
2130,,,4.450477717909962e-05,
2131,,,0.0196690671145916,
2132,,,0.002763889729976654,
2133,,,0.0018011684296652675,
2134,,,0.0006034028483554721,
2135,,,0.0005893261404708028,
2136,,,4.8228703235508874e-05,
2137,,,0.0024146747309714556,
2138,,,0.01788834109902382,
2139,,,0.012624929659068584,
2140,,,4.494243330555037e-05,
2141,,,0.0017570900963619351,
2142,,,0.0013886805390939116,
2143,,,0.0007651281775906682,
2144,,,0.0022484110668301582,
2145,,,0.017984608188271523,
2146,,,0.016198066994547844,
2147,,,4.5047661842545494e-05,
2148,,,6.561773625435308e-05,
2149,,,0.0024526631459593773,
2150,,,2.8465628929552622e-05,
2151,,,0.0016850384417921305,
2152,,,0.015628349035978317,
2153,,,3.044337427127175e-05,
2154,,,0.0021260695066303015,
2155,,,0.015207664109766483,
2156,,,0.00019592244643718004,
2157,,,0.00016294073429889977,
2158,,,0.0016196187352761626,
2159,,,0.0010608774609863758,
2160,,,0.00045087654143571854,
2161,,,6.570636469405144e-05,
2162,,,0.01928533799946308,
2163,,,4.4383919885149226e-05,
2164,,,0.00010572154133114964,
2165,,,0.0002260424807900563,
2166,,,0.00045494537334889174,
2167,,,0.0017887984868139029,
2168,,,0.01992388628423214,
2169,,,7.408764940919355e-05,
2170,,,9.741957182995975e-05,
2171,,,0.013792971149086952,
2172,,,0.012046300806105137,
2173,,,0.00015736652130726725,
2174,,,0.0018612162675708532,
2175,,,0.01685858517885208,
2176,,,0.0006802162388339639,
2177,,,0.036687616258859634,
2178,,,0.016060927882790565,
2179,,,0.015178064815700054,
2180,,,0.014055057428777218,
2181,,,0.00015651695139240474,
2182,,,1.4273587465286255,
2183,,,0.0016813694965094328,
2184,,,0.0012691316660493612,
2185,,,0.000537071842700243,
2186,,,3.8847381802042946e-05,
2187,,,0.02045666053891182,
2188,,,0.02573559060692787,
2189,,,9.4931798230391e-05,
2190,,,4.07029983762186e-05,
2191,,,0.0015290958108380437,
2192,,,0.0008673456031829119,
2193,,,0.0006421852158382535,
2194,,,4.7040844947332516e-05,
2195,,,0.02464858442544937,
2196,,,0.015070060268044472,
2197,,,1.3236693143844604,
2198,,,0.0192987360060215,
2199,,,1.115748643875122,
2200,,,2.996089096996002e-05,
2201,,,0.0007568658911623061,
2202,,,0.01569320075213909,
2203,,,3.274715709267184e-05,
2204,,,0.017503153532743454,
2205,,,0.01292464416474104,
2206,,,4.019038533442654e-05,
2207,,,6.865791510790586e-05,
2208,,,0.0019885781221091747,
2209,,,0.619456946849823,
2210,,,3.544519859133288e-05,
2211,,,6.552210834342986e-05,
2212,,,0.01863587275147438,
2213,,,3.5455679608276114e-05,
2214,,,0.02575206197798252,
2215,,,0.00011561564315343276,
2216,,,0.0013819588348269463,
2217,,,0.0015089546795934439,
2218,,,0.017975185066461563,
2219,,,6.993376155151054e-05,
2220,,,3.5444994864519686e-05,
2221,,,0.021355174481868744,
2222,,,0.012804607860744,
2223,,,7.576873758807778e-05,
2224,,,0.0020138851832598448,
2225,,,0.01813642494380474,
2226,,,7.237368117785081e-05,
2227,,,0.011952357366681099,
2228,,,3.7233785405987874e-05,
2229,,,0.01851509138941765,
2230,,,0.01764337718486786,
2231,,,0.00017381338693667203,
2232,,,0.01661296747624874,
2233,,,4.215262379148044e-05,
2234,,,0.0028603728860616684,
2235,,,0.0005222663166932762,
2236,,,3.537361408234574e-05,
2237,,,0.00540934968739748,
2238,,,0.014287895523011684,
2239,,,0.00026442387024872005,
2240,,,3.977670712629333e-05,
2241,,,0.0020150288473814726,
2242,,,0.0005712715210393071,
2243,,,0.0028253677301108837,
2244,,,5.262215927359648e-05,
2245,,,0.017810983583331108,
2246,,,4.462635115487501e-05,
2247,,,0.00019301257270853966,
2248,,,0.0001569527230458334,
2249,,,0.00130830320995301,
2250,,,6.40571306576021e-05,
2251,,,0.017850151285529137,
2252,,,7.037086470518261e-05,
2253,,,6.326467701001093e-05,
2254,,,0.013399538584053516,
2255,,,0.02307056449353695,
2256,,,0.00017484296404290944,
2257,,,0.0019465970108285546,
2258,,,0.018050335347652435,
2259,,,0.0008373300661332905,
2260,,,0.0006156479939818382,
2261,,,3.39869293384254e-05,
2262,,,5.098137626191601e-05,
2263,,,0.01579618640244007,
2264,,,0.0001443462388124317,
2265,,,0.00023803289514034986,
2266,,,3.5516321077011526e-05,
2267,,,0.0016365202609449625,
2268,,,0.0005751574062742293,
2269,,,0.0005474532954394817,
2270,,,4.0706283471081406e-05,
2271,,,0.005723139736801386,
2272,,,0.022531947121024132,
2273,,,8.802105730865151e-05,
2274,,,0.00043352143256925046,
2275,,,0.027798637747764587,
2276,,,0.000851995893754065,
2277,,,0.00030664392397738993,
2278,,,4.573367186821997e-05,
2279,,,0.018890347331762314,
2280,,,0.019616352394223213,
2281,,,0.00012286510900594294,
2282,,,0.018980342894792557,
2283,,,0.0013682389399036765,
2284,,,0.003783074440434575,
2285,,,0.015495127066969872,
2286,,,0.0021071291994303465,
2287,,,6.084882625145838e-05,
2288,,,0.01404634676873684,
2289,,,0.01814337447285652,
2290,,,7.370540697593242e-05,
2291,,,0.0018870877102017403,
2292,,,0.020747670903801918,
2293,,,6.645170651609078e-05,
2294,,,0.000905875931493938,
2295,,,3.8000209315214306e-05,
2296,,,0.3941810727119446,
2297,,,0.00010615050996420905,
2298,,,0.0020965272560715675,
2299,,,0.01919090561568737,
2300,,,0.0016228227177634835,
2301,,,0.00010048341209767386,
2302,,,0.02211443893611431,
2303,,,5.260337275103666e-05,
2304,,,0.0003529244859237224,
2305,,,0.01373685710132122,
2306,,,0.012553418055176735,
2307,,,0.0003882194578181952,
2308,,,0.0018352767219766974,
2309,,,0.016231263056397438,
2310,,,5.563861122936942e-05,
2311,,,0.0012647497933357954,
2312,,,4.23622113885358e-05,
2313,,,0.015049775131046772,
2314,,,0.016166741028428078,
2315,,,0.00022405385971069336,
2316,,,0.002033309545367956,
2317,,,6.073684562579729e-05,
2318,,,0.0008257915615104139,
2319,,,0.0005461846594698727,
2320,,,5.7138480769935995e-05,
2321,,,0.002795024076476693,
2322,,,0.016594095155596733,
2323,,,0.011184550821781158,
2324,,,0.00015104777412489057,
2325,,,0.00174682994838804,
2326,,,0.0012563714990392327,
2327,,,0.00011385027028154582,
2328,,,0.0005751154385507107,
2329,,,4.773327964358032e-05,
2330,,,0.01878190226852894,
2331,,,0.0001453085133107379,
2332,,,0.018018925562500954,
2333,,,0.1818399280309677,
2334,,,0.0021135101560503244,
2335,,,0.0007804418564774096,
2336,,,0.013098458759486675,
2337,,,5.6364897318417206e-05,
2338,,,0.04062420874834061,
2339,,,0.015046061016619205,
2340,,,0.0016155210323631763,
2341,,,5.166968549019657e-05,
2342,,,0.0014547364553436637,
2343,,,2.0929481983184814,
2344,,,6.319006934063509e-05,
2345,,,6.573446444235742e-05,
2346,,,4.869637268711813e-05,
2347,,,0.019321443513035774,
2348,,,0.00012522665201686323,
2349,,,0.019070569425821304,
2350,,,0.001707178307697177,
2351,,,4.753419852931984e-05,
2352,,,0.015359518118202686,
2353,,,5.479815081343986e-05,
2354,,,4.9838159611681476e-05,
2355,,,0.015751149505376816,
2356,,,0.02571042627096176,
2357,,,0.00011009487207047641,
2358,,,0.001700912369415164,
2359,,,0.0020212852396070957,
2360,,,0.0017785436939448118,
2361,,,1.213639259338379,
2362,,,6.158307223813608e-05,
2363,,,0.015905626118183136,
2364,,,6.426605250453576e-05,
2365,,,0.00017235419363714755,
2366,,,0.01777317188680172,
2367,,,4.972731039742939e-05,
2368,,,0.01574774645268917,
2369,,,0.0008750495035201311,
2370,,,5.381041773944162e-05,
2371,,,0.6488969922065735,
2372,,,0.017758669331669807,
2373,,,0.00019723550940398127,
2374,,,8.37300976854749e-05,
2375,,,0.0017116392264142632,
2376,,,0.6851061582565308,
2377,,,0.0010126850102096796,
2378,,,4.7648532927269116e-05,
2379,,,0.015149317681789398,
2380,,,0.00010250647756038234,
2381,,,0.0001567768631502986,
2382,,,0.00018184057262260467,
2383,,,0.001579206669703126,
2384,,,7.484102388843894e-05,
2385,,,0.0012162397615611553,
2386,,,0.000802070542704314,
2387,,,8.150863141054288e-05,
2388,,,0.014596137218177319,
2389,,,0.01734945736825466,
2390,,,5.787189365946688e-05,
2391,,,0.0019512813305482268,
2392,,,0.001514775794930756,
2393,,,0.0008373350137844682,
2394,,,0.005595946218818426,
2395,,,4.743188401334919e-05,
2396,,,0.01644158735871315,
2397,,,7.254727825056762e-05,
2398,,,0.00021347450092434883,
2399,,,0.017690744251012802,
2400,,,0.0018280589720234275,
2401,,,0.0006001199362799525,
2402,,,0.01685391552746296,
2403,,,4.808956146007404e-05,
2404,,,0.0028516019228845835,
2405,,,0.01586928591132164,
2406,,,0.0001622284180484712,
2407,,,6.906266935402527e-05,
2408,,,0.0015910473885014653,
2409,,,0.00919844675809145,
2410,,,0.0005136120016686618,
2411,,,5.44195827387739e-05,
2412,,,0.017954565584659576,
2413,,,0.01756678894162178,
2414,,,0.000125238235341385,
2415,,,0.00014652730897068977,
2416,,,0.001393082202412188,
2417,,,4.4008913391735405e-05,
2418,,,0.01559689361602068,
2419,,,4.36812624684535e-05,
2420,,,0.009111369028687477,
2421,,,0.01861114427447319,
2422,,,0.014331089332699776,
2423,,,5.0467326218495145e-05,
2424,,,0.021174877882003784,
2425,,,0.0017858250066637993,
2426,,,0.0006824799929745495,
2427,,,0.0005499351536855102,
2428,,,3.937424480682239e-05,
2429,,,0.0199769027531147,
2430,,,0.016526272520422935,
2431,,,0.01740960404276848,
2432,,,8.173104288289323e-05,
2433,,,4.501455623540096e-05,
2434,,,0.0006918462458997965,
2435,,,0.0004899005289189517,
2436,,,4.392245318740606e-05,
2437,,,0.0057292780838906765,
2438,,,0.02066689357161522,
2439,,,0.00013316384865902364,
2440,,,7.46394507586956e-05,
2441,,,0.001937040127813816,
2442,,,0.000486592500237748,
2443,,,5.9040674386778846e-05,
2444,,,5.179510117159225e-05,
2445,,,6.149288674350828e-05,
2446,,,5.496144149219617e-05,
2447,,,0.00012993454583920538,
2448,,,0.017261821776628494,
2449,,,0.0015741633251309395,
2450,,,0.0015706866979599,
2451,,,0.0014285295037552714,
2452,,,4.363507105153985e-05,
2453,,,0.00011762697249650955,
2454,,,0.012824750505387783,
2455,,,0.04074769467115402,
2456,,,9.969456732505932e-05,
2457,,,0.0015354938805103302,
2458,,,0.017626451328396797,
2459,,,0.0009181873756460845,
2460,,,0.002527106087654829,
2461,,,4.831522164749913e-05,
2462,,,0.013919428922235966,
2463,,,0.018235811963677406,
2464,,,0.00024901892174966633,
2465,,,0.0173171479254961,
2466,,,5.2456871344475076e-05,
2467,,,0.0008429592126049101,
2468,,,0.014411796815693378,
2469,,,4.201642150292173e-05,
2470,,,0.01520533673465252,
2471,,,0.018258972093462944,
2472,,,0.001362358801998198,
2473,,,0.0004511591396294534,
2474,,,0.00166847906075418,
2475,,,0.001878070179373026,
2476,,,0.0012824905570596457,
2477,,,4.9736750952433795e-05,
2478,,,0.01690133661031723,
2479,,,0.014518223702907562,
2480,,,0.00014497601659968495,
2481,,,0.01789918914437294,
2482,,,0.0012283826945349574,
2483,,,5.073496140539646e-05,
2484,,,0.0007451347773894668,
2485,,,4.501178045757115e-05,
2486,,,5.389772923081182e-05,
2487,,,0.014531719498336315,
2488,,,0.021481269970536232,
2489,,,9.313650662079453e-05,
2490,,,0.0014720616163685918,
2491,,,0.01813812181353569,
2492,,,0.08588540554046631,
2493,,,6.680084334220737e-05,
2494,,,4.858149623032659e-05,
2495,,,0.2034323513507843,
2496,,,0.017262393608689308,
2497,,,0.00012652960140258074,
2498,,,0.017626160755753517,
2498,0,,,0.02430543676018715
