csv-train_loss_step,step,csv-epoch,csv-val_loss_step,csv-val_loss_epoch,csv-train_loss_epoch,csv-accuracy/validator,csv-accuracy/exact
5.524654388427734,0,0,,,,,
3.0349273681640625,1,0,,,,,
2.2797112464904785,2,0,,,,,
3.597017526626587,3,0,,,,,
2.603254556655884,4,0,,,,,
3.568903684616089,5,0,,,,,
3.6524133682250977,6,0,,,,,
2.198612928390503,7,0,,,,,
2.802639961242676,8,0,,,,,
2.3830673694610596,9,0,,,,,
2.8778014183044434,10,0,,,,,
2.1597042083740234,11,0,,,,,
2.4272377490997314,12,0,,,,,
2.3632848262786865,13,0,,,,,
2.605344772338867,14,0,,,,,
3.2936739921569824,15,0,,,,,
1.8650115728378296,16,0,,,,,
2.799527406692505,17,0,,,,,
2.012223482131958,18,0,,,,,
1.53132963180542,19,0,,,,,
2.267230272293091,20,0,,,,,
2.801398277282715,21,0,,,,,
2.026447057723999,22,0,,,,,
2.3021657466888428,23,0,,,,,
3.359462261199951,24,0,,,,,
2.200258255004883,25,0,,,,,
1.8072904348373413,26,0,,,,,
2.2861292362213135,27,0,,,,,
2.2397053241729736,28,0,,,,,
2.4141745567321777,29,0,,,,,
1.3486573696136475,30,0,,,,,
1.6447765827178955,31,0,,,,,
1.8303567171096802,32,0,,,,,
2.4576635360717773,33,0,,,,,
1.696497917175293,34,0,,,,,
2.3421006202697754,35,0,,,,,
2.072131633758545,36,0,,,,,
2.784675121307373,37,0,,,,,
1.9091436862945557,38,0,,,,,
1.6879684925079346,39,0,,,,,
1.8524739742279053,40,0,,,,,
1.8068788051605225,41,0,,,,,
1.736858606338501,42,0,,,,,
1.3797935247421265,43,0,,,,,
2.7799980640411377,44,0,,,,,
1.7373859882354736,45,0,,,,,
1.5166757106781006,46,0,,,,,
2.272426128387451,47,0,,,,,
1.6387317180633545,48,0,,,,,
1.4128555059432983,49,0,,,,,
1.4409986734390259,50,0,,,,,
2.041990280151367,51,0,,,,,
6.251762866973877,52,0,,,,,
1.2456623315811157,53,0,,,,,
1.4846041202545166,54,0,,,,,
1.43050217628479,55,0,,,,,
2.1217257976531982,56,0,,,,,
1.3173328638076782,57,0,,,,,
1.3318793773651123,58,0,,,,,
1.3946589231491089,59,0,,,,,
1.4790725708007812,60,0,,,,,
1.4436358213424683,61,0,,,,,
1.5091242790222168,62,0,,,,,
1.504722237586975,63,0,,,,,
1.7535765171051025,64,0,,,,,
1.2005128860473633,65,0,,,,,
1.5796364545822144,66,0,,,,,
1.370509386062622,67,0,,,,,
1.2424743175506592,68,0,,,,,
1.4817352294921875,69,0,,,,,
1.3609662055969238,70,0,,,,,
1.2792280912399292,71,0,,,,,
1.7090646028518677,72,0,,,,,
1.2677443027496338,73,0,,,,,
1.2693325281143188,74,0,,,,,
1.296579122543335,75,0,,,,,
1.1210452318191528,76,0,,,,,
1.608048915863037,77,0,,,,,
1.2850570678710938,78,0,,,,,
1.3950237035751343,79,0,,,,,
1.62022066116333,80,0,,,,,
1.301350474357605,81,0,,,,,
1.2082393169403076,82,0,,,,,
1.3182259798049927,83,0,,,,,
1.3347021341323853,84,0,,,,,
1.2096166610717773,85,0,,,,,
1.2826777696609497,86,0,,,,,
1.1294318437576294,87,0,,,,,
1.1645156145095825,88,0,,,,,
1.4445008039474487,89,0,,,,,
1.4289056062698364,90,0,,,,,
0.786340594291687,91,0,,,,,
1.3210185766220093,92,0,,,,,
1.1638569831848145,93,0,,,,,
1.452893614768982,94,0,,,,,
1.3330185413360596,95,0,,,,,
1.4708681106567383,96,0,,,,,
1.130621075630188,97,0,,,,,
1.377794861793518,98,0,,,,,
1.059099555015564,99,0,,,,,
1.132654070854187,100,0,,,,,
1.2483937740325928,101,0,,,,,
1.0134599208831787,102,0,,,,,
1.2061011791229248,103,0,,,,,
1.5493561029434204,104,0,,,,,
0.9699353575706482,105,0,,,,,
1.2125037908554077,106,0,,,,,
1.013296365737915,107,0,,,,,
1.3395830392837524,108,0,,,,,
1.079778790473938,109,0,,,,,
1.0144940614700317,110,0,,,,,
1.3819842338562012,111,0,,,,,
1.3662214279174805,112,0,,,,,
0.853270411491394,113,0,,,,,
0.9447516202926636,114,0,,,,,
0.9671300649642944,115,0,,,,,
0.8709496855735779,116,0,,,,,
1.1215832233428955,117,0,,,,,
0.935653030872345,118,0,,,,,
1.1844505071640015,119,0,,,,,
1.1459311246871948,120,0,,,,,
1.266460657119751,121,0,,,,,
1.1911195516586304,122,0,,,,,
1.2093373537063599,123,0,,,,,
1.0748382806777954,124,0,,,,,
0.8934537172317505,125,0,,,,,
0.9284852743148804,126,0,,,,,
1.0051538944244385,127,0,,,,,
0.9862218499183655,128,0,,,,,
0.81583172082901,129,0,,,,,
1.2064989805221558,130,0,,,,,
0.8765889406204224,131,0,,,,,
1.0224231481552124,132,0,,,,,
1.0547322034835815,133,0,,,,,
1.0143437385559082,134,0,,,,,
0.7354127168655396,135,0,,,,,
1.114751935005188,136,0,,,,,
1.0660994052886963,137,0,,,,,
0.902275800704956,138,0,,,,,
0.8719095587730408,139,0,,,,,
1.050674319267273,140,0,,,,,
0.874075174331665,141,0,,,,,
1.0688718557357788,142,0,,,,,
0.7942903637886047,143,0,,,,,
0.9812369346618652,144,0,,,,,
0.9870395064353943,145,0,,,,,
1.495702862739563,146,0,,,,,
0.712165892124176,147,0,,,,,
0.7838786840438843,148,0,,,,,
0.7585251927375793,149,0,,,,,
1.0501590967178345,150,0,,,,,
1.2954566478729248,151,0,,,,,
1.0349401235580444,152,0,,,,,
1.1401909589767456,153,0,,,,,
0.9007374048233032,154,0,,,,,
0.7410020232200623,155,0,,,,,
1.3729912042617798,156,0,,,,,
1.0836502313613892,157,0,,,,,
0.9059006571769714,158,0,,,,,
0.7331125140190125,159,0,,,,,
1.0648494958877563,160,0,,,,,
0.7469688653945923,161,0,,,,,
0.7377076745033264,162,0,,,,,
0.8576870560646057,163,0,,,,,
0.9192273616790771,164,0,,,,,
0.8557329773902893,165,0,,,,,
0.9205620884895325,166,0,,,,,
0.8008568286895752,167,0,,,,,
1.0488505363464355,168,0,,,,,
0.7693943977355957,169,0,,,,,
1.0267208814620972,170,0,,,,,
1.0222798585891724,171,0,,,,,
0.9368128776550293,172,0,,,,,
1.1567531824111938,173,0,,,,,
1.1332738399505615,174,0,,,,,
1.3580800294876099,175,0,,,,,
0.867927610874176,176,0,,,,,
0.8576743006706238,177,0,,,,,
1.2394821643829346,178,0,,,,,
0.8725820779800415,179,0,,,,,
0.8004081845283508,180,0,,,,,
0.8123529553413391,181,0,,,,,
1.1943212747573853,182,0,,,,,
0.6769987940788269,183,0,,,,,
0.679604709148407,184,0,,,,,
0.9520133137702942,185,0,,,,,
0.8915738463401794,186,0,,,,,
0.8005135655403137,187,0,,,,,
0.9410614967346191,188,0,,,,,
0.6594065427780151,189,0,,,,,
0.9069110155105591,190,0,,,,,
1.3632631301879883,191,0,,,,,
0.7357093095779419,192,0,,,,,
0.8154656291007996,193,0,,,,,
0.8828775882720947,194,0,,,,,
0.8586606383323669,195,0,,,,,
1.0928194522857666,196,0,,,,,
0.7157211303710938,197,0,,,,,
0.780119776725769,198,0,,,,,
0.6683343648910522,199,0,,,,,
0.7046239376068115,200,0,,,,,
0.9737721085548401,201,0,,,,,
0.6468443870544434,202,0,,,,,
0.9218913316726685,203,0,,,,,
0.6233528256416321,204,0,,,,,
0.9983802437782288,205,0,,,,,
0.8205810189247131,206,0,,,,,
0.8121709227561951,207,0,,,,,
0.8968464732170105,208,0,,,,,
0.772697925567627,209,0,,,,,
0.6967681646347046,210,0,,,,,
0.4947609603404999,211,0,,,,,
0.6054602861404419,212,0,,,,,
0.9395694136619568,213,0,,,,,
0.5256723761558533,214,0,,,,,
0.6721187829971313,215,0,,,,,
0.7663144469261169,216,0,,,,,
1.1501702070236206,217,0,,,,,
0.5681951642036438,218,0,,,,,
0.7082604765892029,219,0,,,,,
0.8210436105728149,220,0,,,,,
0.4733257591724396,221,0,,,,,
0.7545262575149536,222,0,,,,,
0.6655057072639465,223,0,,,,,
0.5433336496353149,224,0,,,,,
0.5699349045753479,225,0,,,,,
0.8473571538925171,226,0,,,,,
0.6054527163505554,227,0,,,,,
0.46052873134613037,228,0,,,,,
0.9539260864257812,229,0,,,,,
0.5491223335266113,230,0,,,,,
0.8493679761886597,231,0,,,,,
0.5010002851486206,232,0,,,,,
0.7769309282302856,233,0,,,,,
0.46312546730041504,234,0,,,,,
0.6296624541282654,235,0,,,,,
0.46319642663002014,236,0,,,,,
0.4699617326259613,237,0,,,,,
0.49513956904411316,238,0,,,,,
0.6960502862930298,239,0,,,,,
0.5977072715759277,240,0,,,,,
0.8248618245124817,241,0,,,,,
0.6283336281776428,242,0,,,,,
0.4624236226081848,243,0,,,,,
0.6310200691223145,244,0,,,,,
0.6182225346565247,245,0,,,,,
0.49391359090805054,246,0,,,,,
0.7336411476135254,247,0,,,,,
1.0482066869735718,248,0,,,,,
0.6436176300048828,249,0,,,,,
0.9932043552398682,250,0,,,,,
0.5722844004631042,251,0,,,,,
0.3950766623020172,252,0,,,,,
1.3313758373260498,253,0,,,,,
0.5825818181037903,254,0,,,,,
0.4409635663032532,255,0,,,,,
0.776044487953186,256,0,,,,,
0.6941301226615906,257,0,,,,,
0.5157975554466248,258,0,,,,,
0.7578798532485962,259,0,,,,,
0.466592013835907,260,0,,,,,
0.6866195797920227,261,0,,,,,
0.5976520776748657,262,0,,,,,
0.4805891513824463,263,0,,,,,
0.6107046008110046,264,0,,,,,
1.0411580801010132,265,0,,,,,
0.3550378084182739,266,0,,,,,
0.5928311944007874,267,0,,,,,
0.6994711756706238,268,0,,,,,
0.4743732810020447,269,0,,,,,
0.85209059715271,270,0,,,,,
0.3220215141773224,271,0,,,,,
0.6245557069778442,272,0,,,,,
0.599454939365387,273,0,,,,,
0.5966135859489441,274,0,,,,,
0.7216101884841919,275,0,,,,,
0.51917564868927,276,0,,,,,
0.7257192730903625,277,0,,,,,
0.7405556440353394,278,0,,,,,
0.5439062118530273,279,0,,,,,
0.4367409646511078,280,0,,,,,
0.843421459197998,281,0,,,,,
0.662706732749939,282,0,,,,,
0.4287993311882019,283,0,,,,,
0.45707735419273376,284,0,,,,,
0.3312734067440033,285,0,,,,,
0.5229577422142029,286,0,,,,,
0.7921186089515686,287,0,,,,,
1.7950246334075928,288,0,,,,,
0.3524914085865021,289,0,,,,,
0.48512089252471924,290,0,,,,,
0.3515612781047821,291,0,,,,,
0.5243662595748901,292,0,,,,,
0.42360419034957886,293,0,,,,,
0.5654196739196777,294,0,,,,,
0.6607314348220825,295,0,,,,,
0.826328694820404,296,0,,,,,
0.3826257884502411,297,0,,,,,
0.33211401104927063,298,0,,,,,
0.36478254199028015,299,0,,,,,
0.4250469207763672,300,0,,,,,
0.3462892472743988,301,0,,,,,
0.29435276985168457,302,0,,,,,
0.2752154767513275,303,0,,,,,
0.6341728568077087,304,0,,,,,
0.7784199714660645,305,0,,,,,
0.44281068444252014,306,0,,,,,
0.43432775139808655,307,0,,,,,
0.6215271353721619,308,0,,,,,
0.4761812686920166,309,0,,,,,
0.40104997158050537,310,0,,,,,
0.4786319136619568,311,0,,,,,
0.6983082890510559,312,0,,,,,
0.3811955153942108,313,0,,,,,
0.5849734544754028,314,0,,,,,
0.4448435306549072,315,0,,,,,
0.580308735370636,316,0,,,,,
0.5304213166236877,317,0,,,,,
0.8186572790145874,318,0,,,,,
0.5774573683738708,319,0,,,,,
1.0157618522644043,320,0,,,,,
0.6030281782150269,321,0,,,,,
0.5498052835464478,322,0,,,,,
0.41909340023994446,323,0,,,,,
0.45618736743927,324,0,,,,,
0.4821094274520874,325,0,,,,,
0.6785371899604797,326,0,,,,,
0.7143408060073853,327,0,,,,,
0.4018039405345917,328,0,,,,,
0.6000521779060364,329,0,,,,,
0.6086495518684387,330,0,,,,,
0.5068868398666382,331,0,,,,,
0.2640388309955597,332,0,,,,,
0.45563310384750366,333,0,,,,,
0.5177735686302185,334,0,,,,,
0.44669362902641296,335,0,,,,,
0.3748125433921814,336,0,,,,,
0.35797595977783203,337,0,,,,,
0.7715900540351868,338,0,,,,,
0.5245371460914612,339,0,,,,,
0.346131294965744,340,0,,,,,
0.3075302541255951,341,0,,,,,
0.5372147560119629,342,0,,,,,
0.3149416446685791,343,0,,,,,
0.30778154730796814,344,0,,,,,
0.3376629948616028,345,0,,,,,
0.49504461884498596,346,0,,,,,
0.4094199240207672,347,0,,,,,
0.42817211151123047,348,0,,,,,
0.6169973611831665,349,0,,,,,
0.45083704590797424,350,0,,,,,
0.29317447543144226,351,0,,,,,
0.30457639694213867,352,0,,,,,
0.3274952173233032,353,0,,,,,
0.26875799894332886,354,0,,,,,
0.28865647315979004,355,0,,,,,
0.17664320766925812,356,0,,,,,
0.4259503483772278,357,0,,,,,
0.3612974286079407,358,0,,,,,
0.4857550859451294,359,0,,,,,
0.3529365062713623,360,0,,,,,
0.3837065100669861,361,0,,,,,
0.38070011138916016,362,0,,,,,
0.5913761854171753,363,0,,,,,
0.18476612865924835,364,0,,,,,
0.23078425228595734,365,0,,,,,
0.5825285911560059,366,0,,,,,
0.6037875413894653,367,0,,,,,
0.32743969559669495,368,0,,,,,
0.32540297508239746,369,0,,,,,
0.4364134669303894,370,0,,,,,
0.24519646167755127,371,0,,,,,
0.21991479396820068,372,0,,,,,
0.17898380756378174,373,0,,,,,
0.2686569094657898,374,0,,,,,
0.26500147581100464,375,0,,,,,
0.6589762568473816,376,0,,,,,
0.2959490120410919,377,0,,,,,
0.4634183645248413,378,0,,,,,
0.5050135850906372,379,0,,,,,
0.3348393440246582,380,0,,,,,
0.562748372554779,381,0,,,,,
0.32441550493240356,382,0,,,,,
0.38830476999282837,383,0,,,,,
0.12759315967559814,384,0,,,,,
0.290920615196228,385,0,,,,,
0.2898034155368805,386,0,,,,,
0.7053118348121643,387,0,,,,,
0.6627385020256042,388,0,,,,,
0.4357116222381592,389,0,,,,,
0.31369104981422424,390,0,,,,,
0.17820659279823303,391,0,,,,,
0.5568770170211792,392,0,,,,,
0.13592179119586945,393,0,,,,,
0.6930589079856873,394,0,,,,,
0.18022359907627106,395,0,,,,,
0.4579346179962158,396,0,,,,,
0.44527173042297363,397,0,,,,,
0.4353950321674347,398,0,,,,,
,0,,0.07264164090156555,,,,
,1,,0.22868040204048157,,,,
,2,,0.08262922614812851,,,,
,3,,0.08262922614812851,,,,
,4,,0.05219193175435066,,,,
,5,,0.08222773671150208,,,,
,6,,0.08222773671150208,,,,
,7,,0.07793883234262466,,,,
,8,,0.08715938031673431,,,,
,9,,0.08715938031673431,,,,
,10,,0.05065252631902695,,,,
,11,,0.0724228248000145,,,,
,12,,0.0724228248000145,,,,
,13,,0.08397860080003738,,,,
,14,,0.07045302540063858,,,,
,15,,0.07045302540063858,,,,
,16,,0.05947652459144592,,,,
,17,,0.24810561537742615,,,,
,18,,0.08963418751955032,,,,
,19,,0.08963418751955032,,,,
,20,,0.08922427147626877,,,,
,21,,0.0954076498746872,,,,
,22,,0.0954076498746872,,,,
,23,,0.0706547424197197,,,,
,24,,0.10826310515403748,,,,
,25,,0.10826310515403748,,,,
,26,,0.09455020725727081,,,,
,27,,0.10329176485538483,,,,
,28,,0.10329176485538483,,,,
,29,,0.06230989843606949,,,,
,30,,0.06230989843606949,,,,
,31,,0.06230989843606949,,,,
,32,,0.09110930562019348,,,,
,33,,0.30145159363746643,,,,
,34,,0.09192286431789398,,,,
,35,,0.09192286431789398,,,,
,36,,0.059129223227500916,,,,
,37,,0.09129291772842407,,,,
,38,,0.09129291772842407,,,,
,39,,0.07858756929636002,,,,
,40,,0.09277301281690598,,,,
,41,,0.09277301281690598,,,,
,42,,0.05764665827155113,,,,
,43,,0.09310167282819748,,,,
,44,,0.3619946837425232,,,,
,45,,0.09310167282819748,,,,
,46,,0.06958983838558197,,,,
,47,,0.05486148223280907,,,,
,48,,0.05486148223280907,,,,
,49,,0.05078709498047829,,,,
,50,,0.08628108352422714,,,,
,51,,0.08628108352422714,,,,
,52,,0.0758250430226326,,,,
,53,,0.0914217084646225,,,,
,54,,0.0914217084646225,,,,
,55,,0.055505670607089996,,,,
,56,,0.08257288485765457,,,,
,57,,0.08257288485765457,,,,
,58,,0.07856538891792297,,,,
,59,,0.07752755284309387,,,,
,60,,0.2165871411561966,,,,
,61,,0.07752755284309387,,,,
,62,,0.05423394963145256,,,,
,63,,0.05423394963145256,,,,
,64,,0.05423394963145256,,,,
,65,,0.0799526497721672,,,,
,66,,0.0922505334019661,,,,
,67,,0.0922505334019661,,,,
,68,,0.06078163534402847,,,,
,69,,0.10353090614080429,,,,
,70,,0.10353090614080429,,,,
,71,,0.09043627232313156,,,,
,72,,0.09708382189273834,,,,
,73,,0.09708382189273834,,,,
,74,,0.06701622158288956,,,,
,75,,0.11321873962879181,,,,
,76,,0.11321873962879181,,,,
,77,,0.19342270493507385,,,,
,78,,0.09306830912828445,,,,
,79,,0.06083600968122482,,,,
,80,,0.06083600968122482,,,,
,81,,0.05677751824259758,,,,
,82,,0.08729777485132217,,,,
,83,,0.08729777485132217,,,,
,84,,0.0936332568526268,,,,
,85,,0.1427864134311676,,,,
,86,,0.09522371739149094,,,,
,87,,0.09522371739149094,,,,
,88,,0.0548013336956501,,,,
,89,,0.09819880872964859,,,,
,90,,0.09819880872964859,,,,
,91,,0.08147618174552917,,,,
,92,,0.09558580070734024,,,,
,93,,0.09558580070734024,,,,
,94,,0.05493764951825142,,,,
,95,,0.05493764951825142,,,,
,96,,0.05493764951825142,,,,
,97,,0.06753693521022797,,,,
,98,,0.08223835378885269,,,,
,99,,0.08223835378885269,,,,
,100,,0.046189043670892715,,,,
,101,,0.07590819150209427,,,,
,102,,0.07590819150209427,,,,
,103,,0.07818716019392014,,,,
,104,,0.12839296460151672,,,,
,105,,0.08954464644193649,,,,
,106,,0.08954464644193649,,,,
,107,,0.05203814059495926,,,,
,108,,0.07144461572170258,,,,
,109,,0.07144461572170258,,,,
,110,,0.08757780492305756,,,,
,111,,0.05992799252271652,,,,
,112,,0.05992799252271652,,,,
,113,,0.049626946449279785,,,,
,114,,0.08006998896598816,,,,
,115,,0.08006998896598816,,,,
,116,,0.09075711667537689,,,,
,117,,0.11307072639465332,,,,
,118,,0.11307072639465332,,,,
,119,,0.05668351799249649,,,,
,120,,0.20051610469818115,,,,
,121,,0.09732862561941147,,,,
,122,,0.09732862561941147,,,,
,123,,0.08210315555334091,,,,
,124,,0.08937768638134003,,,,
,125,,0.08937768638134003,,,,
,126,,0.06109333410859108,,,,
,127,,0.06109333410859108,,,,
,128,,0.06109333410859108,,,,
,129,,0.155927374958992,,,,
,130,,0.08378792554140091,,,,
,131,,0.0876743495464325,,,,
,132,,0.0876743495464325,,,,
,133,,0.05858025327324867,,,,
,134,,0.09343793988227844,,,,
,135,,0.09343793988227844,,,,
,136,,0.08335193991661072,,,,
,137,,0.09840480238199234,,,,
,138,,0.09840480238199234,,,,
,139,,0.05549159273505211,,,,
,140,,0.09428288787603378,,,,
,141,,0.09428288787603378,,,,
,142,,0.07552719116210938,,,,
,143,,0.055993132293224335,,,,
,144,,0.055993132293224335,,,,
,145,,0.05399223044514656,,,,
,146,,0.08177631348371506,,,,
,147,,0.08177631348371506,,,,
,148,,0.09723559767007828,,,,
,149,,0.0688682347536087,,,,
,150,,0.07751350104808807,,,,
,151,,0.07751350104808807,,,,
,152,,0.047276485711336136,,,,
,153,,0.0831388384103775,,,,
,154,,0.0831388384103775,,,,
,155,,0.07282208651304245,,,,
,156,,0.07754973322153091,,,,
,157,,0.07754973322153091,,,,
,158,,0.05400913208723068,,,,
,159,,0.05400913208723068,,,,
,160,,0.05400913208723068,,,,
,161,,0.08000264316797256,,,,
,162,,0.08914195746183395,,,,
,163,,0.11040426790714264,,,,
,164,,0.08914195746183395,,,,
,165,,0.051637422293424606,,,,
,166,,0.0873514860868454,,,,
,167,,0.0873514860868454,,,,
,168,,0.08852940052747726,,,,
,169,,0.1027136892080307,,,,
,170,,0.1027136892080307,,,,
,171,,0.05832645297050476,,,,
,172,,0.1073402538895607,,,,
,173,,0.1073402538895607,,,,
,174,,0.2354530394077301,,,,
,175,,0.09375873953104019,,,,
,176,,0.06402121484279633,,,,
,177,,0.06402121484279633,,,,
,178,,0.07027013599872589,,,,
,179,,0.09781639277935028,,,,
,180,,0.09781639277935028,,,,
,181,,0.10809028893709183,,,,
,182,,0.09773624688386917,,,,
,183,,0.09773624688386917,,,,
,184,,0.059247151017189026,,,,
,185,,0.10483891516923904,,,,
,186,,0.10483891516923904,,,,
,187,,0.0959065780043602,,,,
,188,,0.10574652999639511,,,,
,189,,0.10574652999639511,,,,
,190,,0.2721932828426361,,,,
,191,,0.05901425704360008,,,,
,192,,0.05901425704360008,,,,
,193,,0.05901425704360008,,,,
,194,,0.08078178763389587,,,,
,195,,0.08378048986196518,,,,
,196,,0.08378048986196518,,,,
,197,,0.05378594249486923,,,,
,198,,0.0882515162229538,,,,
,199,,0.0882515162229538,,,,
,200,,0.0737323984503746,,,,
,201,,0.08635661751031876,,,,
,202,,0.08635661751031876,,,,
,203,,0.04923144727945328,,,,
,204,,0.0758558064699173,,,,
,205,,0.0758558064699173,,,,
,206,,0.1868850439786911,,,,
,207,,0.08645796775817871,,,,
,208,,0.05547552555799484,,,,
,209,,0.05547552555799484,,,,
,210,,0.05607395991683006,,,,
,211,,0.08351699262857437,,,,
,212,,0.08351699262857437,,,,
,213,,0.0967443659901619,,,,
,214,,0.09539169818162918,,,,
,215,,0.1844426393508911,,,,
,216,,0.09539169818162918,,,,
,217,,0.05220208317041397,,,,
,218,,0.08130699396133423,,,,
,219,,0.08130699396133423,,,,
,220,,0.09768544882535934,,,,
,221,,0.12474872916936874,,,,
,222,,0.12474872916936874,,,,
,223,,0.048604726791381836,,,,
,224,,0.048604726791381836,,,,
,225,,0.048604726791381836,,,,
,226,,0.061105936765670776,,,,
,227,,0.09153924882411957,,,,
,228,,0.09153924882411957,,,,
,229,,0.04750287905335426,,,,
,230,,0.07984703779220581,,,,
,231,,0.07984703779220581,,,,
,232,,0.06586660444736481,,,,
,233,,0.19166915118694305,,,,
,234,,0.08409436047077179,,,,
,235,,0.08409436047077179,,,,
,236,,0.04937861114740372,,,,
,237,,0.07310555875301361,,,,
,238,,0.07310555875301361,,,,
,239,,0.06783422082662582,,,,
,240,,0.5471785664558411,,,,
,241,,0.05073564127087593,,,,
,242,,0.05073564127087593,,,,
,243,,0.048863109201192856,,,,
,244,,0.08656217902898788,,,,
,245,,0.08656217902898788,,,,
,246,,0.06708046048879623,,,,
,247,,0.08383778482675552,,,,
,248,,0.08383778482675552,,,,
,249,,0.04756924882531166,,,,
,250,,0.19532464444637299,,,,
,251,,0.08559010922908783,,,,
,252,,0.08559010922908783,,,,
,253,,0.06459971517324448,,,,
,254,,0.06714800745248795,,,,
,255,,0.06714800745248795,,,,
,256,,0.05259871110320091,,,,
,257,,0.05259871110320091,,,,
,258,,0.05259871110320091,,,,
,259,,0.06341010332107544,,,,
,260,,0.165373295545578,,,,
,261,,0.08340025693178177,,,,
,262,,0.08340025693178177,,,,
,263,,0.05815356224775314,,,,
,264,,0.08205047994852066,,,,
,265,,0.08205047994852066,,,,
,266,,0.06284622102975845,,,,
,267,,0.07986363768577576,,,,
,268,,0.07986363768577576,,,,
,269,,0.05665702000260353,,,,
,270,,0.06991139054298401,,,,
,271,,0.06991139054298401,,,,
,272,,0.11484796553850174,,,,
,273,,0.1051582470536232,,,,
,274,,0.1051582470536232,,,,
,275,,0.05854734033346176,,,,
,276,,0.3774279057979584,,,,
,277,,0.09316454827785492,,,,
,278,,0.09316454827785492,,,,
,279,,0.07377301901578903,,,,
,280,,0.10976851731538773,,,,
,281,,0.10976851731538773,,,,
,282,,0.05035008117556572,,,,
,283,,0.08068053424358368,,,,
,284,,0.08068053424358368,,,,
,285,,0.07168575376272202,,,,
,286,,0.0814361423254013,,,,
,287,,0.0814361423254013,,,,
,288,,0.056167084723711014,,,,
,289,,0.056167084723711014,,,,
,290,,0.056167084723711014,,,,
,291,,0.07251187413930893,,,,
,292,,0.09220536053180695,,,,
,293,,0.09220536053180695,,,,
,294,,0.1671525239944458,,,,
,295,,0.05581309646368027,,,,
,296,,0.08086550235748291,,,,
,297,,0.08086550235748291,,,,
,298,,0.07382343709468842,,,,
,299,,0.091236911714077,,,,
,300,,0.091236911714077,,,,
,301,,0.05754750221967697,,,,
,302,,0.12553976476192474,,,,
,303,,0.0824912041425705,,,,
,304,,0.0824912041425705,,,,
,305,,0.08053729683160782,,,,
,306,,0.06993108987808228,,,,
,307,,0.06993108987808228,,,,
,308,,0.06787752360105515,,,,
,309,,0.09240742027759552,,,,
,310,,0.09240742027759552,,,,
,311,,0.07456377893686295,,,,
,312,,0.08409856259822845,,,,
,313,,0.08409856259822845,,,,
,314,,0.07242928445339203,,,,
,315,,0.09097500890493393,,,,
,316,,0.09097500890493393,,,,
,317,,0.06669033318758011,,,,
,318,,0.16025863587856293,,,,
,319,,0.07673624157905579,,,,
,320,,0.07673624157905579,,,,
,321,,0.06902646273374557,,,,
,322,,0.06902646273374557,,,,
,323,,0.06902646273374557,,,,
,324,,0.10028459131717682,,,,
,325,,0.11826367676258087,,,,
,326,,0.11826367676258087,,,,
,327,,0.04702451452612877,,,,
,328,,0.07871848344802856,,,,
,329,,0.07871848344802856,,,,
,330,,0.06846994161605835,,,,
,331,,0.08858198672533035,,,,
,332,,0.08858198672533035,,,,
,333,,0.043953243643045425,,,,
,334,,0.07971983402967453,,,,
,335,,0.07971983402967453,,,,
,336,,0.06947825849056244,,,,
,337,,0.16091445088386536,,,,
,338,,0.04882526770234108,,,,
,339,,0.04882526770234108,,,,
,340,,0.047777462750673294,,,,
,341,,0.07981500029563904,,,,
,342,,0.07981500029563904,,,,
,343,,0.07321327924728394,,,,
,344,,0.1489875614643097,,,,
,345,,0.08372053503990173,,,,
,346,,0.08372053503990173,,,,
,347,,0.045737721025943756,,,,
,348,,0.09246090799570084,,,,
,349,,0.09246090799570084,,,,
,350,,0.07343409955501556,,,,
,351,,0.08524221926927567,,,,
,352,,0.08524221926927567,,,,
,353,,0.04691538214683533,,,,
,354,,0.04691538214683533,,,,
,355,,0.04691538214683533,,,,
,356,,0.0732625350356102,,,,
,357,,0.09122205525636673,,,,
,358,,0.09122205525636673,,,,
,359,,0.05344456061720848,,,,
,360,,0.0727880448102951,,,,
,361,,0.0727880448102951,,,,
,362,,0.07089430093765259,,,,
,363,,0.14563116431236267,,,,
,364,,0.08786830306053162,,,,
,365,,0.08786830306053162,,,,
,366,,0.05964455008506775,,,,
,367,,0.07715889066457748,,,,
,368,,0.07715889066457748,,,,
,369,,0.0687747523188591,,,,
,370,,0.050973325967788696,,,,
,371,,0.050973325967788696,,,,
,372,,0.06295156478881836,,,,
,373,,0.0785130113363266,,,,
,374,,0.0785130113363266,,,,
,375,,0.09484075754880905,,,,
,376,,0.1307954639196396,,,,
,377,,0.1307954639196396,,,,
,378,,0.051756858825683594,,,,
,379,,0.09767714887857437,,,,
,380,,0.08044744282960892,,,,
,381,,0.08044744282960892,,,,
,382,,0.06150788813829422,,,,
,383,,0.06259283423423767,,,,
,384,,0.06259283423423767,,,,
,385,,0.054908160120248795,,,,
,386,,0.054908160120248795,,,,
,387,,0.054908160120248795,,,,
,388,,0.06631983071565628,,,,
,389,,0.0843791738152504,,,,
,390,,0.0843791738152504,,,,
,391,,0.05068560689687729,,,,
,392,,0.07911209762096405,,,,
,393,,0.07911209762096405,,,,
,394,,0.06659681349992752,,,,
,395,,0.08151718229055405,,,,
,396,,0.08151718229055405,,,,
,397,,0.05163074657320976,,,,
,398,0,,0.08660219609737396,,,
,398,0,,,0.999544084072113,0.5768262147903442,0.26700252294540405
0.2937805652618408,399,1,,,,,
0.4937519133090973,400,1,,,,,
0.19287924468517303,401,1,,,,,
0.27646803855895996,402,1,,,,,
0.5251227021217346,403,1,,,,,
0.18784348666667938,404,1,,,,,
0.22358915209770203,405,1,,,,,
0.3661189675331116,406,1,,,,,
0.17907460033893585,407,1,,,,,
0.24430352449417114,408,1,,,,,
0.39831307530403137,409,1,,,,,
0.2655728757381439,410,1,,,,,
0.2548729181289673,411,1,,,,,
0.246133491396904,412,1,,,,,
0.35930097103118896,413,1,,,,,
0.29926639795303345,414,1,,,,,
0.39059871435165405,415,1,,,,,
0.3571380078792572,416,1,,,,,
0.19178354740142822,417,1,,,,,
0.2558038830757141,418,1,,,,,
0.3237352669239044,419,1,,,,,
0.4091799259185791,420,1,,,,,
0.21629932522773743,421,1,,,,,
0.1834714710712433,422,1,,,,,
0.21739566326141357,423,1,,,,,
0.5554192662239075,424,1,,,,,
0.33991506695747375,425,1,,,,,
0.13801608979701996,426,1,,,,,
0.39386001229286194,427,1,,,,,
0.5478278398513794,428,1,,,,,
0.24473069608211517,429,1,,,,,
0.18320071697235107,430,1,,,,,
0.4545224905014038,431,1,,,,,
0.4318305253982544,432,1,,,,,
0.36234965920448303,433,1,,,,,
0.1808546483516693,434,1,,,,,
0.3748683035373688,435,1,,,,,
0.5202799439430237,436,1,,,,,
0.37301596999168396,437,1,,,,,
0.40060052275657654,438,1,,,,,
0.17473366856575012,439,1,,,,,
0.2842380106449127,440,1,,,,,
0.584242045879364,441,1,,,,,
0.20226934552192688,442,1,,,,,
0.11146261543035507,443,1,,,,,
0.46272513270378113,444,1,,,,,
0.28523483872413635,445,1,,,,,
0.17758174240589142,446,1,,,,,
0.18865379691123962,447,1,,,,,
0.4740251898765564,448,1,,,,,
0.2788637578487396,449,1,,,,,
0.1327754259109497,450,1,,,,,
0.23652289807796478,451,1,,,,,
0.7674731612205505,452,1,,,,,
0.4148223102092743,453,1,,,,,
0.26656395196914673,454,1,,,,,
0.34151890873908997,455,1,,,,,
0.4255248010158539,456,1,,,,,
0.30675941705703735,457,1,,,,,
0.2288668304681778,458,1,,,,,
0.40461045503616333,459,1,,,,,
0.18752603232860565,460,1,,,,,
0.1940675675868988,461,1,,,,,
0.22717441618442535,462,1,,,,,
0.19120709598064423,463,1,,,,,
0.5094613432884216,464,1,,,,,
0.5502386093139648,465,1,,,,,
0.37060651183128357,466,1,,,,,
0.6000726819038391,467,1,,,,,
0.15223494172096252,468,1,,,,,
0.19215767085552216,469,1,,,,,
0.26057323813438416,470,1,,,,,
0.2585598826408386,471,1,,,,,
0.260855108499527,472,1,,,,,
0.10514665395021439,473,1,,,,,
0.4759523272514343,474,1,,,,,
0.19275203347206116,475,1,,,,,
0.17181968688964844,476,1,,,,,
0.11960376054048538,477,1,,,,,
0.2260752171278,478,1,,,,,
0.17277969419956207,479,1,,,,,
0.31122198700904846,480,1,,,,,
0.08779255300760269,481,1,,,,,
0.4530888497829437,482,1,,,,,
0.1368713527917862,483,1,,,,,
0.16629619896411896,484,1,,,,,
0.12773199379444122,485,1,,,,,
0.13118349015712738,486,1,,,,,
0.12650014460086823,487,1,,,,,
0.08727473765611649,488,1,,,,,
0.4617477059364319,489,1,,,,,
0.08644723147153854,490,1,,,,,
0.2984548509120941,491,1,,,,,
0.2009952813386917,492,1,,,,,
0.4290578067302704,493,1,,,,,
0.6355441212654114,494,1,,,,,
0.4608463943004608,495,1,,,,,
0.26208725571632385,496,1,,,,,
0.9061788320541382,497,1,,,,,
0.10260353237390518,498,1,,,,,
0.5341817736625671,499,1,,,,,
0.4608372449874878,500,1,,,,,
0.127627894282341,501,1,,,,,
0.12117595970630646,502,1,,,,,
0.07678087055683136,503,1,,,,,
0.1557961106300354,504,1,,,,,
0.19524362683296204,505,1,,,,,
0.38200506567955017,506,1,,,,,
0.5015349984169006,507,1,,,,,
0.15680091083049774,508,1,,,,,
0.12512324750423431,509,1,,,,,
0.09201887249946594,510,1,,,,,
0.12567634880542755,511,1,,,,,
0.15120230615139008,512,1,,,,,
0.07138917595148087,513,1,,,,,
0.18378384411334991,514,1,,,,,
0.13143879175186157,515,1,,,,,
0.2975289523601532,516,1,,,,,
0.12195663899183273,517,1,,,,,
0.056986253708601,518,1,,,,,
0.13025785982608795,519,1,,,,,
0.14472202956676483,520,1,,,,,
0.4183615744113922,521,1,,,,,
0.30275851488113403,522,1,,,,,
0.12638036906719208,523,1,,,,,
0.1517789512872696,524,1,,,,,
0.11119522154331207,525,1,,,,,
0.12152143567800522,526,1,,,,,
0.15717831254005432,527,1,,,,,
0.10300251841545105,528,1,,,,,
0.4915119707584381,529,1,,,,,
0.2594302296638489,530,1,,,,,
0.10383172333240509,531,1,,,,,
0.21467049419879913,532,1,,,,,
0.7298228144645691,533,1,,,,,
0.18184873461723328,534,1,,,,,
0.19360071420669556,535,1,,,,,
0.07378935813903809,536,1,,,,,
0.10954711586236954,537,1,,,,,
0.8727548718452454,538,1,,,,,
0.20345476269721985,539,1,,,,,
0.4244387745857239,540,1,,,,,
0.3892764747142792,541,1,,,,,
0.37996336817741394,542,1,,,,,
0.12050233036279678,543,1,,,,,
0.22346092760562897,544,1,,,,,
0.6258429884910583,545,1,,,,,
0.7129852175712585,546,1,,,,,
0.14418789744377136,547,1,,,,,
0.3199152648448944,548,1,,,,,
0.21283461153507233,549,1,,,,,
0.13927412033081055,550,1,,,,,
0.3139296770095825,551,1,,,,,
0.14250870048999786,552,1,,,,,
0.14572250843048096,553,1,,,,,
0.18741121888160706,554,1,,,,,
0.19326165318489075,555,1,,,,,
0.22879274189472198,556,1,,,,,
0.1109098494052887,557,1,,,,,
0.20670674741268158,558,1,,,,,
0.48699241876602173,559,1,,,,,
0.1384117305278778,560,1,,,,,
0.500434935092926,561,1,,,,,
0.08534988015890121,562,1,,,,,
0.09115391224622726,563,1,,,,,
0.22526724636554718,564,1,,,,,
0.2748689651489258,565,1,,,,,
0.35741952061653137,566,1,,,,,
0.1879950612783432,567,1,,,,,
0.49655503034591675,568,1,,,,,
0.08453427255153656,569,1,,,,,
0.3311147391796112,570,1,,,,,
0.2887343764305115,571,1,,,,,
0.19589976966381073,572,1,,,,,
0.20814594626426697,573,1,,,,,
0.22462788224220276,574,1,,,,,
0.058837201446294785,575,1,,,,,
0.17172841727733612,576,1,,,,,
0.42535093426704407,577,1,,,,,
0.5623714923858643,578,1,,,,,
0.11674414575099945,579,1,,,,,
0.22155024111270905,580,1,,,,,
0.954315721988678,581,1,,,,,
0.26174452900886536,582,1,,,,,
0.8116765022277832,583,1,,,,,
0.11136471480131149,584,1,,,,,
0.4720926880836487,585,1,,,,,
0.4803815186023712,586,1,,,,,
0.5916327834129333,587,1,,,,,
0.08415059000253677,588,1,,,,,
0.15359580516815186,589,1,,,,,
0.18293695151805878,590,1,,,,,
0.22570885717868805,591,1,,,,,
0.1646362692117691,592,1,,,,,
0.10173940658569336,593,1,,,,,
0.13107553124427795,594,1,,,,,
0.1495719701051712,595,1,,,,,
0.08921398967504501,596,1,,,,,
0.19872182607650757,597,1,,,,,
0.23281291127204895,598,1,,,,,
0.5733599662780762,599,1,,,,,
0.17659397423267365,600,1,,,,,
0.573887050151825,601,1,,,,,
0.2299739122390747,602,1,,,,,
0.21240583062171936,603,1,,,,,
0.2805729806423187,604,1,,,,,
0.2805384397506714,605,1,,,,,
0.09095646440982819,606,1,,,,,
0.09303562343120575,607,1,,,,,
0.09475357830524445,608,1,,,,,
0.16059459745883942,609,1,,,,,
0.12730245292186737,610,1,,,,,
0.16781370341777802,611,1,,,,,
0.10265664011240005,612,1,,,,,
0.12875176966190338,613,1,,,,,
0.09906096756458282,614,1,,,,,
0.3992008864879608,615,1,,,,,
0.3284139037132263,616,1,,,,,
0.1192258894443512,617,1,,,,,
0.2571777403354645,618,1,,,,,
0.181090846657753,619,1,,,,,
0.1019597202539444,620,1,,,,,
0.2872627377510071,621,1,,,,,
0.2101476937532425,622,1,,,,,
0.290131151676178,623,1,,,,,
0.2812464237213135,624,1,,,,,
0.031472474336624146,625,1,,,,,
0.13780426979064941,626,1,,,,,
0.44768452644348145,627,1,,,,,
0.14443083107471466,628,1,,,,,
0.18666808307170868,629,1,,,,,
0.20061206817626953,630,1,,,,,
0.10147877037525177,631,1,,,,,
0.12300875782966614,632,1,,,,,
0.6553764939308167,633,1,,,,,
0.1464749276638031,634,1,,,,,
0.14888648688793182,635,1,,,,,
0.1089651882648468,636,1,,,,,
0.24552176892757416,637,1,,,,,
0.1962345987558365,638,1,,,,,
0.23970967531204224,639,1,,,,,
0.3193323016166687,640,1,,,,,
0.14283040165901184,641,1,,,,,
0.5857768058776855,642,1,,,,,
0.10944505780935287,643,1,,,,,
0.08709880709648132,644,1,,,,,
0.18638212978839874,645,1,,,,,
0.13735681772232056,646,1,,,,,
0.20885559916496277,647,1,,,,,
0.1785067617893219,648,1,,,,,
0.33460578322410583,649,1,,,,,
0.03440949320793152,650,1,,,,,
0.17387418448925018,651,1,,,,,
0.2336917370557785,652,1,,,,,
0.1391623318195343,653,1,,,,,
0.09566621482372284,654,1,,,,,
0.09899388998746872,655,1,,,,,
0.16886354982852936,656,1,,,,,
0.1896226555109024,657,1,,,,,
0.13421183824539185,658,1,,,,,
0.5269028544425964,659,1,,,,,
0.2004602998495102,660,1,,,,,
0.14700883626937866,661,1,,,,,
0.33794093132019043,662,1,,,,,
0.08454744517803192,663,1,,,,,
0.19421494007110596,664,1,,,,,
0.06684254854917526,665,1,,,,,
0.13169902563095093,666,1,,,,,
0.10361175984144211,667,1,,,,,
0.23578956723213196,668,1,,,,,
0.08275048434734344,669,1,,,,,
0.40496549010276794,670,1,,,,,
0.5313673615455627,671,1,,,,,
0.0629054382443428,672,1,,,,,
0.08081801235675812,673,1,,,,,
0.13707630336284637,674,1,,,,,
0.11265817284584045,675,1,,,,,
0.2616073787212372,676,1,,,,,
0.3151152431964874,677,1,,,,,
0.20022030174732208,678,1,,,,,
0.24492570757865906,679,1,,,,,
0.2961767315864563,680,1,,,,,
0.195148304104805,681,1,,,,,
0.337393194437027,682,1,,,,,
0.11748423427343369,683,1,,,,,
0.11214886605739594,684,1,,,,,
0.11289595067501068,685,1,,,,,
0.27924418449401855,686,1,,,,,
0.4586687386035919,687,1,,,,,
0.12498887628316879,688,1,,,,,
0.1151249036192894,689,1,,,,,
0.14808881282806396,690,1,,,,,
0.14252182841300964,691,1,,,,,
0.49094995856285095,692,1,,,,,
0.2424347996711731,693,1,,,,,
0.08086097240447998,694,1,,,,,
1.7756476402282715,695,1,,,,,
0.12455445528030396,696,1,,,,,
0.05256102979183197,697,1,,,,,
0.15132927894592285,698,1,,,,,
0.27362287044525146,699,1,,,,,
0.23313210904598236,700,1,,,,,
0.05567455291748047,701,1,,,,,
0.18669871985912323,702,1,,,,,
0.1275857388973236,703,1,,,,,
0.1412990838289261,704,1,,,,,
0.08513795584440231,705,1,,,,,
0.2327975332736969,706,1,,,,,
0.12106617540121078,707,1,,,,,
0.07847913354635239,708,1,,,,,
0.2433471381664276,709,1,,,,,
0.09907222539186478,710,1,,,,,
0.09462694078683853,711,1,,,,,
0.18057459592819214,712,1,,,,,
0.2448766976594925,713,1,,,,,
0.19621165096759796,714,1,,,,,
0.2813214361667633,715,1,,,,,
0.15402647852897644,716,1,,,,,
0.1764640063047409,717,1,,,,,
0.13505104184150696,718,1,,,,,
0.10340142250061035,719,1,,,,,
0.348307728767395,720,1,,,,,
0.07283513247966766,721,1,,,,,
0.17773807048797607,722,1,,,,,
0.1347753405570984,723,1,,,,,
0.17875511944293976,724,1,,,,,
0.09694786369800568,725,1,,,,,
0.2274988889694214,726,1,,,,,
0.09222019463777542,727,1,,,,,
0.06783801317214966,728,1,,,,,
0.14148923754692078,729,1,,,,,
0.09466005116701126,730,1,,,,,
0.25778886675834656,731,1,,,,,
0.17316851019859314,732,1,,,,,
0.031911928206682205,733,1,,,,,
0.350188672542572,734,1,,,,,
0.10722672194242477,735,1,,,,,
0.17049185931682587,736,1,,,,,
0.20547352731227875,737,1,,,,,
0.20921869575977325,738,1,,,,,
0.160962775349617,739,1,,,,,
0.19883744418621063,740,1,,,,,
0.09049198776483536,741,1,,,,,
0.25529763102531433,742,1,,,,,
0.10430369526147842,743,1,,,,,
0.1441057026386261,744,1,,,,,
0.1287383735179901,745,1,,,,,
0.11939051002264023,746,1,,,,,
0.14249253273010254,747,1,,,,,
0.13725221157073975,748,1,,,,,
0.09319936484098434,749,1,,,,,
0.20447051525115967,750,1,,,,,
0.2211948037147522,751,1,,,,,
0.09928607940673828,752,1,,,,,
0.12350138276815414,753,1,,,,,
0.19994798302650452,754,1,,,,,
0.14458967745304108,755,1,,,,,
0.05930940434336662,756,1,,,,,
0.06955437362194061,757,1,,,,,
0.11478728801012039,758,1,,,,,
0.09329239279031754,759,1,,,,,
0.08909142762422562,760,1,,,,,
0.07609891146421432,761,1,,,,,
0.06478099524974823,762,1,,,,,
0.20738467574119568,763,1,,,,,
0.04877607151865959,764,1,,,,,
0.07478157430887222,765,1,,,,,
0.1136070042848587,766,1,,,,,
0.06842553615570068,767,1,,,,,
0.4002001881599426,768,1,,,,,
0.08914908021688461,769,1,,,,,
0.07031433284282684,770,1,,,,,
0.6209113597869873,771,1,,,,,
0.03767726570367813,772,1,,,,,
0.1257106512784958,773,1,,,,,
0.05429854243993759,774,1,,,,,
0.047455139458179474,775,1,,,,,
0.07845721393823624,776,1,,,,,
0.11750052124261856,777,1,,,,,
0.052283965051174164,778,1,,,,,
0.42710191011428833,779,1,,,,,
0.09022602438926697,780,1,,,,,
0.20370666682720184,781,1,,,,,
0.059590864926576614,782,1,,,,,
0.22731299698352814,783,1,,,,,
0.6194196343421936,784,1,,,,,
0.0542718805372715,785,1,,,,,
0.18489673733711243,786,1,,,,,
0.06539315730333328,787,1,,,,,
0.13655689358711243,788,1,,,,,
0.09283044189214706,789,1,,,,,
0.040696267038583755,790,1,,,,,
0.07229969650506973,791,1,,,,,
0.06917114555835724,792,1,,,,,
0.09621647000312805,793,1,,,,,
0.06157101318240166,794,1,,,,,
0.11103160679340363,795,1,,,,,
0.051379844546318054,796,1,,,,,
0.1173446774482727,797,1,,,,,
,398,,0.048126187175512314,,,,
,399,,0.1254899650812149,,,,
,400,,0.02773493528366089,,,,
,401,,0.02773493528366089,,,,
,402,,0.029554838314652443,,,,
,403,,0.008930874057114124,,,,
,404,,0.008930874057114124,,,,
,405,,0.04431534558534622,,,,
,406,,0.0424143522977829,,,,
,407,,0.0424143522977829,,,,
,408,,0.02869529090821743,,,,
,409,,0.011205872520804405,,,,
,410,,0.011205872520804405,,,,
,411,,0.106495201587677,,,,
,412,,0.1023617833852768,,,,
,413,,0.1023617833852768,,,,
,414,,0.03217969462275505,,,,
,415,,0.0877663865685463,,,,
,416,,0.03395857661962509,,,,
,417,,0.03395857661962509,,,,
,418,,0.03899602219462395,,,,
,419,,0.006829983089119196,,,,
,420,,0.006829983089119196,,,,
,421,,0.030907897278666496,,,,
,422,,0.037451524287462234,,,,
,423,,0.037451524287462234,,,,
,424,,0.04098498076200485,,,,
,425,,0.014741849154233932,,,,
,426,,0.014741849154233932,,,,
,427,,0.033768173307180405,,,,
,428,,0.033768173307180405,,,,
,429,,0.033768173307180405,,,,
,430,,0.039335642009973526,,,,
,431,,0.08149223774671555,,,,
,432,,0.034239038825035095,,,,
,433,,0.034239038825035095,,,,
,434,,0.031966112554073334,,,,
,435,,0.008368357084691525,,,,
,436,,0.008368357084691525,,,,
,437,,0.04082266613841057,,,,
,438,,0.04015689343214035,,,,
,439,,0.04015689343214035,,,,
,440,,0.03294285759329796,,,,
,441,,0.018640829250216484,,,,
,442,,0.1411179006099701,,,,
,443,,0.018640829250216484,,,,
,444,,0.04519740492105484,,,,
,445,,0.030849182978272438,,,,
,446,,0.030849182978272438,,,,
,447,,0.027835356071591377,,,,
,448,,0.028653427958488464,,,,
,449,,0.028653427958488464,,,,
,450,,0.0460231639444828,,,,
,451,,0.006906707771122456,,,,
,452,,0.006906707771122456,,,,
,453,,0.031088484451174736,,,,
,454,,0.043751318007707596,,,,
,455,,0.043751318007707596,,,,
,456,,0.046098075807094574,,,,
,457,,0.02059178613126278,,,,
,458,,0.1133231520652771,,,,
,459,,0.02059178613126278,,,,
,460,,0.030219461768865585,,,,
,461,,0.030219461768865585,,,,
,462,,0.030219461768865585,,,,
,463,,0.09036141633987427,,,,
,464,,0.09739208966493607,,,,
,465,,0.09739208966493607,,,,
,466,,0.030084390193223953,,,,
,467,,0.007515945937484503,,,,
,468,,0.007515945937484503,,,,
,469,,0.03992430493235588,,,,
,470,,0.04012598469853401,,,,
,471,,0.04012598469853401,,,,
,472,,0.029779667034745216,,,,
,473,,0.014808384701609612,,,,
,474,,0.014808384701609612,,,,
,475,,0.12347424775362015,,,,
,476,,0.042056385427713394,,,,
,477,,0.03093058057129383,,,,
,478,,0.03093058057129383,,,,
,479,,0.03237175941467285,,,,
,480,,0.03408435359597206,,,,
,481,,0.03408435359597206,,,,
,482,,0.039893899112939835,,,,
,483,,0.13372161984443665,,,,
,484,,0.0072617861442267895,,,,
,485,,0.0072617861442267895,,,,
,486,,0.03138633444905281,,,,
,487,,0.040625233203172684,,,,
,488,,0.040625233203172684,,,,
,489,,0.041912756860256195,,,,
,490,,0.018238170072436333,,,,
,491,,0.018238170072436333,,,,
,492,,0.03155023232102394,,,,
,493,,0.03155023232102394,,,,
,494,,0.03155023232102394,,,,
,495,,0.048594288527965546,,,,
,496,,0.03155827894806862,,,,
,497,,0.03155827894806862,,,,
,498,,0.027793996036052704,,,,
,499,,0.004486126359552145,,,,
,500,,0.004486126359552145,,,,
,501,,0.04870691895484924,,,,
,502,,0.11085681617259979,,,,
,503,,0.04545130208134651,,,,
,504,,0.04545130208134651,,,,
,505,,0.029109934344887733,,,,
,506,,0.01914161816239357,,,,
,507,,0.01914161816239357,,,,
,508,,0.051101941615343094,,,,
,509,,0.03493373468518257,,,,
,510,,0.03493373468518257,,,,
,511,,0.028392216190695763,,,,
,512,,0.030048012733459473,,,,
,513,,0.030048012733459473,,,,
,514,,0.10061050951480865,,,,
,515,,0.0929219201207161,,,,
,516,,0.0929219201207161,,,,
,517,,0.030624914914369583,,,,
,518,,0.13676008582115173,,,,
,519,,0.043425053358078,,,,
,520,,0.043425053358078,,,,
,521,,0.04030414670705795,,,,
,522,,0.016617918387055397,,,,
,523,,0.016617918387055397,,,,
,524,,0.02963472530245781,,,,
,525,,0.02963472530245781,,,,
,526,,0.02963472530245781,,,,
,527,,0.12602747976779938,,,,
,528,,0.04379289597272873,,,,
,529,,0.03185206651687622,,,,
,530,,0.03185206651687622,,,,
,531,,0.0313144214451313,,,,
,532,,0.007451083976775408,,,,
,533,,0.007451083976775408,,,,
,534,,0.04074327275156975,,,,
,535,,0.04041796177625656,,,,
,536,,0.04041796177625656,,,,
,537,,0.03083346225321293,,,,
,538,,0.019672201946377754,,,,
,539,,0.019672201946377754,,,,
,540,,0.04293403774499893,,,,
,541,,0.030875280499458313,,,,
,542,,0.030875280499458313,,,,
,543,,0.031427569687366486,,,,
,544,,0.03285517171025276,,,,
,545,,0.03285517171025276,,,,
,546,,0.1051354631781578,,,,
,547,,0.04813327267765999,,,,
,548,,0.006407078355550766,,,,
,549,,0.006407078355550766,,,,
,550,,0.02851174958050251,,,,
,551,,0.046415671706199646,,,,
,552,,0.046415671706199646,,,,
,553,,0.04709934443235397,,,,
,554,,0.016795186325907707,,,,
,555,,0.016795186325907707,,,,
,556,,0.03059523180127144,,,,
,557,,0.03059523180127144,,,,
,558,,0.03059523180127144,,,,
,559,,0.04971664398908615,,,,
,560,,0.03183312341570854,,,,
,561,,0.07497633993625641,,,,
,562,,0.03183312341570854,,,,
,563,,0.029511943459510803,,,,
,564,,0.0065683345310389996,,,,
,565,,0.0065683345310389996,,,,
,566,,0.11385885626077652,,,,
,567,,0.12580864131450653,,,,
,568,,0.12580864131450653,,,,
,569,,0.029904596507549286,,,,
,570,,0.019959285855293274,,,,
,571,,0.019959285855293274,,,,
,572,,0.13140051066875458,,,,
,573,,0.04072296619415283,,,,
,574,,0.029142506420612335,,,,
,575,,0.029142506420612335,,,,
,576,,0.029042575508356094,,,,
,577,,0.030865436419844627,,,,
,578,,0.030865436419844627,,,,
,579,,0.044775594025850296,,,,
,580,,0.007661136798560619,,,,
,581,,0.007661136798560619,,,,
,582,,0.031212547793984413,,,,
,583,,0.039517275989055634,,,,
,584,,0.039517275989055634,,,,
,585,,0.0404692143201828,,,,
,586,,0.017339130863547325,,,,
,587,,0.017339130863547325,,,,
,588,,0.061069685965776443,,,,
,589,,0.03018409200012684,,,,
,590,,0.03018409200012684,,,,
,591,,0.03018409200012684,,,,
,592,,0.04348665475845337,,,,
,593,,0.03268358111381531,,,,
,594,,0.03268358111381531,,,,
,595,,0.03347470611333847,,,,
,596,,0.013869990594685078,,,,
,597,,0.013869990594685078,,,,
,598,,0.04969549924135208,,,,
,599,,0.047439008951187134,,,,
,600,,0.047439008951187134,,,,
,601,,0.02830401435494423,,,,
,602,,0.019798478111624718,,,,
,603,,0.019798478111624718,,,,
,604,,0.06497703492641449,,,,
,605,,0.05192183330655098,,,,
,606,,0.029606139287352562,,,,
,607,,0.029606139287352562,,,,
,608,,0.02887231670320034,,,,
,609,,0.028791332617402077,,,,
,610,,0.028791332617402077,,,,
,611,,0.05451611801981926,,,,
,612,,0.009239879436790943,,,,
,613,,0.06538020074367523,,,,
,614,,0.009239879436790943,,,,
,615,,0.02834881842136383,,,,
,616,,0.04105803743004799,,,,
,617,,0.04105803743004799,,,,
,618,,0.11803649365901947,,,,
,619,,0.13110750913619995,,,,
,620,,0.13110750913619995,,,,
,621,,0.028261350467801094,,,,
,622,,0.028261350467801094,,,,
,623,,0.028261350467801094,,,,
,624,,0.04248791188001633,,,,
,625,,0.03228731080889702,,,,
,626,,0.03228731080889702,,,,
,627,,0.026763061061501503,,,,
,628,,0.0035294312983751297,,,,
,629,,0.0035294312983751297,,,,
,630,,0.04331611841917038,,,,
,631,,0.06790684163570404,,,,
,632,,0.04089943692088127,,,,
,633,,0.04089943692088127,,,,
,634,,0.029017401859164238,,,,
,635,,0.011319844983518124,,,,
,636,,0.011319844983518124,,,,
,637,,0.042259734123945236,,,,
,638,,0.27218735218048096,,,,
,639,,0.02940894477069378,,,,
,640,,0.02940894477069378,,,,
,641,,0.029616475105285645,,,,
,642,,0.03198440000414848,,,,
,643,,0.03198440000414848,,,,
,644,,0.04319911450147629,,,,
,645,,0.005566168110817671,,,,
,646,,0.005566168110817671,,,,
,647,,0.029091406613588333,,,,
,648,,0.06713937968015671,,,,
,649,,0.04153821989893913,,,,
,650,,0.04153821989893913,,,,
,651,,0.04777183383703232,,,,
,652,,0.013678387738764286,,,,
,653,,0.013678387738764286,,,,
,654,,0.02620398998260498,,,,
,655,,0.02620398998260498,,,,
,656,,0.02620398998260498,,,,
,657,,0.05176825821399689,,,,
,658,,0.07552731782197952,,,,
,659,,0.03956889733672142,,,,
,660,,0.03956889733672142,,,,
,661,,0.0380982868373394,,,,
,662,,0.025231201201677322,,,,
,663,,0.025231201201677322,,,,
,664,,0.04823686555027962,,,,
,665,,0.046545688062906265,,,,
,666,,0.046545688062906265,,,,
,667,,0.030623752623796463,,,,
,668,,0.019306674599647522,,,,
,669,,0.019306674599647522,,,,
,670,,0.10369738936424255,,,,
,671,,0.0871705561876297,,,,
,672,,0.0871705561876297,,,,
,673,,0.02689443901181221,,,,
,674,,0.0803896114230156,,,,
,675,,0.027608077973127365,,,,
,676,,0.027608077973127365,,,,
,677,,0.043131809681653976,,,,
,678,,0.005346090067178011,,,,
,679,,0.005346090067178011,,,,
,680,,0.025625646114349365,,,,
,681,,0.041134852916002274,,,,
,682,,0.041134852916002274,,,,
,683,,0.04451127350330353,,,,
,684,,0.011712462641298771,,,,
,685,,0.011712462641298771,,,,
,686,,0.027499303221702576,,,,
,687,,0.027499303221702576,,,,
,688,,0.027499303221702576,,,,
,689,,0.04406292364001274,,,,
,690,,0.029302729293704033,,,,
,691,,0.029302729293704033,,,,
,692,,0.07736235857009888,,,,
,693,,0.026883672922849655,,,,
,694,,0.00497013283893466,,,,
,695,,0.00497013283893466,,,,
,696,,0.04445190727710724,,,,
,697,,0.04177512973546982,,,,
,698,,0.04177512973546982,,,,
,699,,0.028756454586982727,,,,
,700,,0.062385812401771545,,,,
,701,,0.01547215972095728,,,,
,702,,0.01547215972095728,,,,
,703,,0.047243792563676834,,,,
,704,,0.029055126011371613,,,,
,705,,0.029055126011371613,,,,
,706,,0.025824664160609245,,,,
,707,,0.027995897457003593,,,,
,708,,0.027995897457003593,,,,
,709,,0.053889013826847076,,,,
,710,,0.02127682976424694,,,,
,711,,0.02127682976424694,,,,
,712,,0.04373203217983246,,,,
,713,,0.0637093111872673,,,,
,714,,0.0637093111872673,,,,
,715,,0.047036319971084595,,,,
,716,,0.051836464554071426,,,,
,717,,0.014894522726535797,,,,
,718,,0.014894522726535797,,,,
,719,,0.030557196587324142,,,,
,720,,0.030557196587324142,,,,
,721,,0.030557196587324142,,,,
,722,,0.13322961330413818,,,,
,723,,0.13411679863929749,,,,
,724,,0.13411679863929749,,,,
,725,,0.028241852298378944,,,,
,726,,0.006476331502199173,,,,
,727,,0.006476331502199173,,,,
,728,,0.04771965369582176,,,,
,729,,0.045622795820236206,,,,
,730,,0.045622795820236206,,,,
,731,,0.026202386245131493,,,,
,732,,0.01292123831808567,,,,
,733,,0.01292123831808567,,,,
,734,,0.04638046398758888,,,,
,735,,0.11850679665803909,,,,
,736,,0.02740231342613697,,,,
,737,,0.02740231342613697,,,,
,738,,0.0282007846981287,,,,
,739,,0.029206158593297005,,,,
,740,,0.029206158593297005,,,,
,741,,0.045749835669994354,,,,
,742,,0.07000970095396042,,,,
,743,,0.006425537634640932,,,,
,744,,0.006425537634640932,,,,
,745,,0.02841472066938877,,,,
,746,,0.04466395080089569,,,,
,747,,0.04466395080089569,,,,
,748,,0.046129122376441956,,,,
,749,,0.018012013286352158,,,,
,750,,0.018012013286352158,,,,
,751,,0.03069983795285225,,,,
,752,,0.03069983795285225,,,,
,753,,0.03069983795285225,,,,
,754,,0.05161361023783684,,,,
,755,,0.035316597670316696,,,,
,756,,0.035316597670316696,,,,
,757,,0.026525674387812614,,,,
,758,,0.007419504690915346,,,,
,759,,0.007419504690915346,,,,
,760,,0.053610410541296005,,,,
,761,,0.0649293065071106,,,,
,762,,0.052517350763082504,,,,
,763,,0.052517350763082504,,,,
,764,,0.03807996213436127,,,,
,765,,0.03033161722123623,,,,
,766,,0.03033161722123623,,,,
,767,,0.0486665740609169,,,,
,768,,0.030290039256215096,,,,
,769,,0.030290039256215096,,,,
,770,,0.03693532571196556,,,,
,771,,0.04215830937027931,,,,
,772,,0.04215830937027931,,,,
,773,,0.14640222489833832,,,,
,774,,0.17109577357769012,,,,
,775,,0.17109577357769012,,,,
,776,,0.02745300531387329,,,,
,777,,0.04530320689082146,,,,
,778,,0.04390786215662956,,,,
,779,,0.04390786215662956,,,,
,780,,0.04061921313405037,,,,
,781,,0.011557014659047127,,,,
,782,,0.011557014659047127,,,,
,783,,0.029308516532182693,,,,
,784,,0.029308516532182693,,,,
,785,,0.029308516532182693,,,,
,786,,0.0426473394036293,,,,
,787,,0.03225389122962952,,,,
,788,,0.03225389122962952,,,,
,789,,0.029147716239094734,,,,
,790,,0.004702061880379915,,,,
,791,,0.004702061880379915,,,,
,792,,0.040457624942064285,,,,
,793,,0.03953506797552109,,,,
,794,,0.03953506797552109,,,,
,795,,0.029582727700471878,,,,
,797,1,,0.039945606142282486,,,
,797,1,,,0.2334984391927719,0.8539043068885803,0.6020151376724243
0.17396122217178345,798,2,,,,,
0.20393380522727966,799,2,,,,,
0.053403664380311966,800,2,,,,,
0.22672799229621887,801,2,,,,,
0.1031293198466301,802,2,,,,,
0.24442942440509796,803,2,,,,,
0.04463030770421028,804,2,,,,,
0.1916978657245636,805,2,,,,,
0.05997505411505699,806,2,,,,,
0.09820938855409622,807,2,,,,,
0.04600053280591965,808,2,,,,,
0.053293295204639435,809,2,,,,,
0.14995169639587402,810,2,,,,,
0.07404817640781403,811,2,,,,,
0.22153884172439575,812,2,,,,,
0.45798259973526,813,2,,,,,
0.20164607465267181,814,2,,,,,
0.04867030307650566,815,2,,,,,
0.3377053439617157,816,2,,,,,
0.2728399634361267,817,2,,,,,
0.04448368772864342,818,2,,,,,
0.24183042347431183,819,2,,,,,
0.09462938457727432,820,2,,,,,
0.06502518802881241,821,2,,,,,
0.12205668538808823,822,2,,,,,
0.1624028980731964,823,2,,,,,
0.043928537517786026,824,2,,,,,
0.1324392706155777,825,2,,,,,
0.05855013430118561,826,2,,,,,
0.04284338280558586,827,2,,,,,
0.15450067818164825,828,2,,,,,
0.07781414687633514,829,2,,,,,
0.4682101011276245,830,2,,,,,
0.06270484626293182,831,2,,,,,
0.0450354740023613,832,2,,,,,
0.1728481948375702,833,2,,,,,
0.09565488249063492,834,2,,,,,
0.08224894851446152,835,2,,,,,
0.29098016023635864,836,2,,,,,
0.20873260498046875,837,2,,,,,
0.30901259183883667,838,2,,,,,
0.18512777984142303,839,2,,,,,
0.2763473689556122,840,2,,,,,
0.14194786548614502,841,2,,,,,
0.761864423751831,842,2,,,,,
0.06702681630849838,843,2,,,,,
0.2442876249551773,844,2,,,,,
0.3390559256076813,845,2,,,,,
0.06336110830307007,846,2,,,,,
0.08788999915122986,847,2,,,,,
0.07013942301273346,848,2,,,,,
0.1598663181066513,849,2,,,,,
0.029721185564994812,850,2,,,,,
0.15742167830467224,851,2,,,,,
0.13102111220359802,852,2,,,,,
0.13643096387386322,853,2,,,,,
0.20682314038276672,854,2,,,,,
0.14033806324005127,855,2,,,,,
0.08775793015956879,856,2,,,,,
0.058260392397642136,857,2,,,,,
0.1865125596523285,858,2,,,,,
0.15578125417232513,859,2,,,,,
0.07928377389907837,860,2,,,,,
0.11774493753910065,861,2,,,,,
0.10998447239398956,862,2,,,,,
0.10948159545660019,863,2,,,,,
0.1553015559911728,864,2,,,,,
0.20754273235797882,865,2,,,,,
0.09764571487903595,866,2,,,,,
0.06817915290594101,867,2,,,,,
0.04547389596700668,868,2,,,,,
0.06620655953884125,869,2,,,,,
0.12714850902557373,870,2,,,,,
0.101704441010952,871,2,,,,,
0.08585760742425919,872,2,,,,,
0.15218938887119293,873,2,,,,,
0.3532313406467438,874,2,,,,,
0.02923138439655304,875,2,,,,,
0.02757078967988491,876,2,,,,,
0.10340582579374313,877,2,,,,,
0.27846503257751465,878,2,,,,,
0.302397221326828,879,2,,,,,
0.2911771833896637,880,2,,,,,
0.16375331580638885,881,2,,,,,
0.07537943124771118,882,2,,,,,
0.12333319336175919,883,2,,,,,
0.11194739490747452,884,2,,,,,
0.06209016963839531,885,2,,,,,
0.15349523723125458,886,2,,,,,
0.0448305681347847,887,2,,,,,
0.09465322643518448,888,2,,,,,
0.051551830023527145,889,2,,,,,
0.1979912668466568,890,2,,,,,
0.04354824125766754,891,2,,,,,
0.19442905485630035,892,2,,,,,
0.09790195524692535,893,2,,,,,
0.18805350363254547,894,2,,,,,
0.1881217211484909,895,2,,,,,
0.11850382387638092,896,2,,,,,
0.0636330172419548,897,2,,,,,
0.10428186506032944,898,2,,,,,
0.5012161731719971,899,2,,,,,
0.07752510905265808,900,2,,,,,
0.09837616980075836,901,2,,,,,
0.07585157454013824,902,2,,,,,
0.13719066977500916,903,2,,,,,
0.2268986850976944,904,2,,,,,
0.17236678302288055,905,2,,,,,
0.09541723877191544,906,2,,,,,
0.12185041606426239,907,2,,,,,
0.1656585931777954,908,2,,,,,
0.06248398497700691,909,2,,,,,
0.08036007732152939,910,2,,,,,
0.11328671127557755,911,2,,,,,
0.06574112921953201,912,2,,,,,
0.04808159917593002,913,2,,,,,
0.11503187566995621,914,2,,,,,
0.050865158438682556,915,2,,,,,
0.10700055211782455,916,2,,,,,
0.14154095947742462,917,2,,,,,
0.10541348904371262,918,2,,,,,
0.07731267809867859,919,2,,,,,
0.07961441576480865,920,2,,,,,
0.18877840042114258,921,2,,,,,
0.07067357748746872,922,2,,,,,
0.06339674443006516,923,2,,,,,
0.05251223221421242,924,2,,,,,
0.08027717471122742,925,2,,,,,
0.15610161423683167,926,2,,,,,
0.08341412991285324,927,2,,,,,
0.0603964738547802,928,2,,,,,
0.05940086767077446,929,2,,,,,
0.07081318646669388,930,2,,,,,
0.05567353218793869,931,2,,,,,
0.08303556591272354,932,2,,,,,
0.05086277797818184,933,2,,,,,
0.029120031744241714,934,2,,,,,
0.048375729471445084,935,2,,,,,
0.24972093105316162,936,2,,,,,
0.05116492882370949,937,2,,,,,
0.10208724439144135,938,2,,,,,
0.06681621074676514,939,2,,,,,
0.18387995660305023,940,2,,,,,
0.12972380220890045,941,2,,,,,
0.10462840646505356,942,2,,,,,
0.1653759628534317,943,2,,,,,
0.02234899252653122,944,2,,,,,
0.10710282623767853,945,2,,,,,
0.08957026153802872,946,2,,,,,
0.08971229940652847,947,2,,,,,
0.18806111812591553,948,2,,,,,
0.1049775630235672,949,2,,,,,
0.06845896691083908,950,2,,,,,
0.04515352100133896,951,2,,,,,
0.5230262279510498,952,2,,,,,
0.09317360818386078,953,2,,,,,
0.07177574932575226,954,2,,,,,
0.10136173665523529,955,2,,,,,
0.07298341393470764,956,2,,,,,
0.28959155082702637,957,2,,,,,
0.30734869837760925,958,2,,,,,
0.19065430760383606,959,2,,,,,
0.04623451456427574,960,2,,,,,
0.13290828466415405,961,2,,,,,
0.43705523014068604,962,2,,,,,
0.29808253049850464,963,2,,,,,
0.08605990558862686,964,2,,,,,
0.046013735234737396,965,2,,,,,
0.10935849696397781,966,2,,,,,
0.6902278065681458,967,2,,,,,
0.1424449384212494,968,2,,,,,
0.06251581013202667,969,2,,,,,
0.25516945123672485,970,2,,,,,
0.1497991383075714,971,2,,,,,
0.05081604793667793,972,2,,,,,
0.4103047549724579,973,2,,,,,
0.04196169227361679,974,2,,,,,
0.17987018823623657,975,2,,,,,
0.1492873877286911,976,2,,,,,
0.17742601037025452,977,2,,,,,
0.09010866284370422,978,2,,,,,
0.07610851526260376,979,2,,,,,
0.07410059124231339,980,2,,,,,
0.036666471511125565,981,2,,,,,
0.08282584697008133,982,2,,,,,
0.06809145957231522,983,2,,,,,
0.05339132249355316,984,2,,,,,
0.1023954302072525,985,2,,,,,
0.12659528851509094,986,2,,,,,
0.6545527577400208,987,2,,,,,
0.06510701775550842,988,2,,,,,
0.18168887495994568,989,2,,,,,
0.09766008704900742,990,2,,,,,
0.08774843066930771,991,2,,,,,
0.12041234225034714,992,2,,,,,
0.13001073896884918,993,2,,,,,
0.17664213478565216,994,2,,,,,
0.3310508131980896,995,2,,,,,
0.1345633715391159,996,2,,,,,
0.08249390870332718,997,2,,,,,
0.1301315426826477,998,2,,,,,
0.08927011489868164,999,2,,,,,
0.15132774412631989,1000,2,,,,,
0.2582283616065979,1001,2,,,,,
0.13175925612449646,1002,2,,,,,
0.027367625385522842,1003,2,,,,,
0.2099122554063797,1004,2,,,,,
0.4378300607204437,1005,2,,,,,
0.0553593672811985,1006,2,,,,,
0.06496484577655792,1007,2,,,,,
0.22935545444488525,1008,2,,,,,
0.03898901864886284,1009,2,,,,,
0.023378029465675354,1010,2,,,,,
0.04158887267112732,1011,2,,,,,
0.35145139694213867,1012,2,,,,,
0.06922297924757004,1013,2,,,,,
0.02092527039349079,1014,2,,,,,
0.3251136839389801,1015,2,,,,,
0.13170769810676575,1016,2,,,,,
0.10590729862451553,1017,2,,,,,
0.07026452571153641,1018,2,,,,,
0.07222627103328705,1019,2,,,,,
0.22008323669433594,1020,2,,,,,
0.05273020267486572,1021,2,,,,,
0.06818423420190811,1022,2,,,,,
0.13319268822669983,1023,2,,,,,
0.07896028459072113,1024,2,,,,,
0.12158326804637909,1025,2,,,,,
0.10327417403459549,1026,2,,,,,
0.14557544887065887,1027,2,,,,,
0.08616574108600616,1028,2,,,,,
0.10643482208251953,1029,2,,,,,
0.11563476175069809,1030,2,,,,,
0.053089529275894165,1031,2,,,,,
0.14156442880630493,1032,2,,,,,
0.7847812175750732,1033,2,,,,,
0.059292688965797424,1034,2,,,,,
0.10753176361322403,1035,2,,,,,
0.20155870914459229,1036,2,,,,,
0.06525769084692001,1037,2,,,,,
0.04431557282805443,1038,2,,,,,
0.09047022461891174,1039,2,,,,,
0.023779526352882385,1040,2,,,,,
0.06383135914802551,1041,2,,,,,
0.369643896818161,1042,2,,,,,
0.06104396656155586,1043,2,,,,,
0.27362486720085144,1044,2,,,,,
0.0640445128083229,1045,2,,,,,
0.07105138152837753,1046,2,,,,,
0.05958561599254608,1047,2,,,,,
0.04730650782585144,1048,2,,,,,
0.059948671609163284,1049,2,,,,,
0.10066977143287659,1050,2,,,,,
0.014267575927078724,1051,2,,,,,
0.07458416372537613,1052,2,,,,,
0.10372485965490341,1053,2,,,,,
0.07628823071718216,1054,2,,,,,
0.12644119560718536,1055,2,,,,,
0.12983588874340057,1056,2,,,,,
0.10278800129890442,1057,2,,,,,
0.056462012231349945,1058,2,,,,,
0.06413031369447708,1059,2,,,,,
0.060061175376176834,1060,2,,,,,
0.04362596198916435,1061,2,,,,,
0.03731314465403557,1062,2,,,,,
0.018779221922159195,1063,2,,,,,
0.053176574409008026,1064,2,,,,,
0.08236975967884064,1065,2,,,,,
0.09812714159488678,1066,2,,,,,
0.04667148366570473,1067,2,,,,,
0.07242320477962494,1068,2,,,,,
0.0515020526945591,1069,2,,,,,
0.17962637543678284,1070,2,,,,,
0.17586301267147064,1071,2,,,,,
0.057339638471603394,1072,2,,,,,
0.07784412056207657,1073,2,,,,,
0.10448657721281052,1074,2,,,,,
0.0277085043489933,1075,2,,,,,
0.07556857913732529,1076,2,,,,,
0.044499076902866364,1077,2,,,,,
0.03661695122718811,1078,2,,,,,
0.15937183797359467,1079,2,,,,,
0.030619526281952858,1080,2,,,,,
0.3763887584209442,1081,2,,,,,
0.05724652484059334,1082,2,,,,,
0.08446101099252701,1083,2,,,,,
0.03847147151827812,1084,2,,,,,
0.11371631920337677,1085,2,,,,,
0.05689537525177002,1086,2,,,,,
0.14272859692573547,1087,2,,,,,
0.21817822754383087,1088,2,,,,,
0.044425446540117264,1089,2,,,,,
0.02008381299674511,1090,2,,,,,
0.15857891738414764,1091,2,,,,,
0.13654938340187073,1092,2,,,,,
0.036645591259002686,1093,2,,,,,
0.05914221704006195,1094,2,,,,,
0.07671250402927399,1095,2,,,,,
0.019206896424293518,1096,2,,,,,
0.22561247646808624,1097,2,,,,,
0.058790937066078186,1098,2,,,,,
0.06588400155305862,1099,2,,,,,
0.12724311649799347,1100,2,,,,,
0.08231079578399658,1101,2,,,,,
0.08607502281665802,1102,2,,,,,
0.12299603223800659,1103,2,,,,,
0.1305786669254303,1104,2,,,,,
0.11554159224033356,1105,2,,,,,
0.12896497547626495,1106,2,,,,,
0.3572169542312622,1107,2,,,,,
0.12860007584095,1108,2,,,,,
0.10271996259689331,1109,2,,,,,
0.02126527950167656,1110,2,,,,,
0.06309375911951065,1111,2,,,,,
0.09858313202857971,1112,2,,,,,
0.0692683532834053,1113,2,,,,,
0.14383025467395782,1114,2,,,,,
0.2380513995885849,1115,2,,,,,
0.08624342828989029,1116,2,,,,,
0.08821048587560654,1117,2,,,,,
0.10052265226840973,1118,2,,,,,
0.040759313851594925,1119,2,,,,,
0.1117730662226677,1120,2,,,,,
0.1474369317293167,1121,2,,,,,
0.14544415473937988,1122,2,,,,,
0.05735136196017265,1123,2,,,,,
0.12896928191184998,1124,2,,,,,
0.03958624228835106,1125,2,,,,,
0.22083625197410583,1126,2,,,,,
0.08067921549081802,1127,2,,,,,
0.12840090692043304,1128,2,,,,,
0.2071511149406433,1129,2,,,,,
0.05135659500956535,1130,2,,,,,
0.07551462948322296,1131,2,,,,,
0.016571559011936188,1132,2,,,,,
0.056331850588321686,1133,2,,,,,
0.18283049762248993,1134,2,,,,,
0.07098313421010971,1135,2,,,,,
0.10380036383867264,1136,2,,,,,
0.18938522040843964,1137,2,,,,,
0.05541244521737099,1138,2,,,,,
0.07080596685409546,1139,2,,,,,
0.13523882627487183,1140,2,,,,,
0.10419648140668869,1141,2,,,,,
0.08281096816062927,1142,2,,,,,
0.13619719445705414,1143,2,,,,,
0.019967539235949516,1144,2,,,,,
0.2487695962190628,1145,2,,,,,
0.03582534193992615,1146,2,,,,,
0.03646652400493622,1147,2,,,,,
0.08324398100376129,1148,2,,,,,
0.08439209312200546,1149,2,,,,,
0.22662289440631866,1150,2,,,,,
0.034958403557538986,1151,2,,,,,
0.03964507579803467,1152,2,,,,,
0.11100570112466812,1153,2,,,,,
0.10388888418674469,1154,2,,,,,
0.09169231355190277,1155,2,,,,,
0.10829287767410278,1156,2,,,,,
0.08184166997671127,1157,2,,,,,
0.08849696815013885,1158,2,,,,,
0.04776135832071304,1159,2,,,,,
0.037628836929798126,1160,2,,,,,
0.08159894496202469,1161,2,,,,,
0.029075875878334045,1162,2,,,,,
0.07209940999746323,1163,2,,,,,
0.04008946940302849,1164,2,,,,,
0.08778215199708939,1165,2,,,,,
0.11202654242515564,1166,2,,,,,
0.0721094086766243,1167,2,,,,,
0.12982523441314697,1168,2,,,,,
0.040585558861494064,1169,2,,,,,
0.05299431458115578,1170,2,,,,,
0.03019655868411064,1171,2,,,,,
0.2422647327184677,1172,2,,,,,
0.031025514006614685,1173,2,,,,,
0.21587736904621124,1174,2,,,,,
0.1667448878288269,1175,2,,,,,
0.05797185003757477,1176,2,,,,,
0.05312969908118248,1177,2,,,,,
0.03978758677840233,1178,2,,,,,
0.02549997717142105,1179,2,,,,,
0.06673040241003036,1180,2,,,,,
0.08190029114484787,1181,2,,,,,
0.0519876591861248,1182,2,,,,,
0.09817661345005035,1183,2,,,,,
0.011716462671756744,1184,2,,,,,
0.05191802233457565,1185,2,,,,,
0.07388351857662201,1186,2,,,,,
0.18909810483455658,1187,2,,,,,
0.23013637959957123,1188,2,,,,,
0.23203307390213013,1189,2,,,,,
0.012718389742076397,1190,2,,,,,
0.10740350186824799,1191,2,,,,,
0.11006136238574982,1192,2,,,,,
0.16232970356941223,1193,2,,,,,
0.08388623595237732,1194,2,,,,,
0.18616655468940735,1195,2,,,,,
0.1984265297651291,1196,2,,,,,
,796,,0.05304951220750809,,,,
,797,,0.04128195345401764,,,,
,798,,0.04110833629965782,,,,
,799,,0.04110833629965782,,,,
,800,,0.04120544344186783,,,,
,801,,0.051622696220874786,,,,
,802,,0.051622696220874786,,,,
,803,,0.04459292069077492,,,,
,804,,0.041798319667577744,,,,
,805,,0.041798319667577744,,,,
,806,,0.047508131712675095,,,,
,807,,0.040334586054086685,,,,
,808,,0.040334586054086685,,,,
,809,,0.17026226222515106,,,,
,810,,0.1670733094215393,,,,
,811,,0.1670733094215393,,,,
,812,,0.02573653683066368,,,,
,813,,0.07885519415140152,,,,
,814,,0.037391457706689835,,,,
,815,,0.037391457706689835,,,,
,816,,0.03920707851648331,,,,
,817,,0.017682254314422607,,,,
,818,,0.017682254314422607,,,,
,819,,0.014485293067991734,,,,
,820,,0.031589243561029434,,,,
,821,,0.031589243561029434,,,,
,822,,0.035913724452257156,,,,
,823,,0.008233986794948578,,,,
,824,,0.008233986794948578,,,,
,825,,0.026039863005280495,,,,
,826,,0.026039863005280495,,,,
,827,,0.026039863005280495,,,,
,828,,0.03619213029742241,,,,
,829,,0.03640337660908699,,,,
,830,,0.036459922790527344,,,,
,831,,0.036459922790527344,,,,
,832,,0.019142165780067444,,,,
,833,,0.010443238541483879,,,,
,834,,0.010443238541483879,,,,
,835,,0.03532201796770096,,,,
,836,,0.029435016214847565,,,,
,837,,0.029435016214847565,,,,
,838,,0.019181303679943085,,,,
,839,,0.013225184753537178,,,,
,840,,0.038847535848617554,,,,
,841,,0.013225184753537178,,,,
,842,,0.04268548637628555,,,,
,843,,0.02443588338792324,,,,
,844,,0.02443588338792324,,,,
,845,,0.030830087140202522,,,,
,846,,0.04398149996995926,,,,
,847,,0.04398149996995926,,,,
,848,,0.05051296576857567,,,,
,849,,0.03076275624334812,,,,
,850,,0.03076275624334812,,,,
,851,,0.03172910958528519,,,,
,852,,0.05203469470143318,,,,
,853,,0.05203469470143318,,,,
,854,,0.04089760780334473,,,,
,855,,0.018845882266759872,,,,
,856,,0.04617159068584442,,,,
,857,,0.018845882266759872,,,,
,858,,0.04103408753871918,,,,
,859,,0.04103408753871918,,,,
,860,,0.04103408753871918,,,,
,861,,0.18920671939849854,,,,
,862,,0.17780055105686188,,,,
,863,,0.17780055105686188,,,,
,864,,0.033260419964790344,,,,
,865,,0.027234138920903206,,,,
,866,,0.027234138920903206,,,,
,867,,0.04470687359571457,,,,
,868,,0.04304322600364685,,,,
,869,,0.04304322600364685,,,,
,870,,0.020126955583691597,,,,
,871,,0.016509991139173508,,,,
,872,,0.016509991139173508,,,,
,873,,0.047913357615470886,,,,
,874,,0.03673179820179939,,,,
,875,,0.01614934764802456,,,,
,876,,0.01614934764802456,,,,
,877,,0.04303598031401634,,,,
,878,,0.050050366669893265,,,,
,879,,0.050050366669893265,,,,
,880,,0.03708774223923683,,,,
,881,,0.05363256484270096,,,,
,882,,0.007701669819653034,,,,
,883,,0.007701669819653034,,,,
,884,,0.03177977353334427,,,,
,885,,0.04464167729020119,,,,
,886,,0.04464167729020119,,,,
,887,,0.03771444410085678,,,,
,888,,0.016136078163981438,,,,
,889,,0.016136078163981438,,,,
,890,,0.02855328842997551,,,,
,891,,0.02855328842997551,,,,
,892,,0.02855328842997551,,,,
,893,,0.05020459368824959,,,,
,894,,0.04604558274149895,,,,
,895,,0.04604558274149895,,,,
,896,,0.037146568298339844,,,,
,897,,0.04872927442193031,,,,
,898,,0.04872927442193031,,,,
,899,,0.05079619586467743,,,,
,900,,0.03578440845012665,,,,
,901,,0.05015454813838005,,,,
,902,,0.05015454813838005,,,,
,903,,0.039548035711050034,,,,
,904,,0.0414135716855526,,,,
,905,,0.0414135716855526,,,,
,906,,0.043470270931720734,,,,
,907,,0.023774471133947372,,,,
,908,,0.023774471133947372,,,,
,909,,0.04787931591272354,,,,
,910,,0.053105853497982025,,,,
,911,,0.053105853497982025,,,,
,912,,0.17864522337913513,,,,
,913,,0.1807089000940323,,,,
,914,,0.1807089000940323,,,,
,915,,0.03375988081097603,,,,
,916,,0.14075683057308197,,,,
,917,,0.04392184689640999,,,,
,918,,0.04392184689640999,,,,
,919,,0.04374200478196144,,,,
,920,,0.027729645371437073,,,,
,921,,0.027729645371437073,,,,
,922,,0.01595056615769863,,,,
,923,,0.01595056615769863,,,,
,924,,0.01595056615769863,,,,
,925,,0.07137074321508408,,,,
,926,,0.03634413331747055,,,,
,927,,0.03318837285041809,,,,
,928,,0.03318837285041809,,,,
,929,,0.035619691014289856,,,,
,930,,0.043057676404714584,,,,
,931,,0.043057676404714584,,,,
,932,,0.037032704800367355,,,,
,933,,0.030606769025325775,,,,
,934,,0.030606769025325775,,,,
,935,,0.021933231502771378,,,,
,936,,0.01667577400803566,,,,
,937,,0.01667577400803566,,,,
,938,,0.03711121529340744,,,,
,939,,0.020327884703874588,,,,
,940,,0.020327884703874588,,,,
,941,,0.024319902062416077,,,,
,942,,0.038047824054956436,,,,
,943,,0.038047824054956436,,,,
,944,,0.04517881199717522,,,,
,945,,0.041505761444568634,,,,
,946,,0.02230527065694332,,,,
,947,,0.02230527065694332,,,,
,948,,0.030506201088428497,,,,
,949,,0.04911563917994499,,,,
,950,,0.04911563917994499,,,,
,951,,0.04832211136817932,,,,
,952,,0.03146780654788017,,,,
,953,,0.03146780654788017,,,,
,954,,0.040197987109422684,,,,
,955,,0.040197987109422684,,,,
,956,,0.040197987109422684,,,,
,957,,0.039009254425764084,,,,
,958,,0.035469476133584976,,,,
,959,,0.06342727690935135,,,,
,960,,0.035469476133584976,,,,
,961,,0.04801708832383156,,,,
,962,,0.062019623816013336,,,,
,963,,0.062019623816013336,,,,
,964,,0.1856897920370102,,,,
,965,,0.20387427508831024,,,,
,966,,0.20387427508831024,,,,
,967,,0.03843953087925911,,,,
,968,,0.02609460987150669,,,,
,969,,0.02609460987150669,,,,
,970,,0.25540614128112793,,,,
,971,,0.04761659353971481,,,,
,972,,0.03678349032998085,,,,
,973,,0.03678349032998085,,,,
,974,,0.01865592785179615,,,,
,975,,0.03270012512803078,,,,
,976,,0.03270012512803078,,,,
,977,,0.036476027220487595,,,,
,978,,0.004157200921326876,,,,
,979,,0.004157200921326876,,,,
,980,,0.0453868992626667,,,,
,981,,0.05640685558319092,,,,
,982,,0.05640685558319092,,,,
,983,,0.03698398917913437,,,,
,984,,0.011580360122025013,,,,
,985,,0.011580360122025013,,,,
,986,,0.05390281230211258,,,,
,987,,0.02681093104183674,,,,
,988,,0.02681093104183674,,,,
,989,,0.02681093104183674,,,,
,990,,0.038798488676548004,,,,
,991,,0.03777932748198509,,,,
,992,,0.03777932748198509,,,,
,993,,0.04048922285437584,,,,
,994,,0.04995004087686539,,,,
,995,,0.04995004087686539,,,,
,996,,0.047787200659513474,,,,
,997,,0.0489172525703907,,,,
,998,,0.0489172525703907,,,,
,999,,0.0363033302128315,,,,
,1000,,0.04463722184300423,,,,
,1001,,0.04463722184300423,,,,
,1002,,0.07374092936515808,,,,
,1003,,0.04837998375296593,,,,
,1004,,0.027823131531476974,,,,
,1005,,0.027823131531476974,,,,
,1006,,0.03891067951917648,,,,
,1007,,0.04825926944613457,,,,
,1008,,0.04825926944613457,,,,
,1009,,0.042545732110738754,,,,
,1010,,0.02211705781519413,,,,
,1011,,0.04611503332853317,,,,
,1012,,0.02211705781519413,,,,
,1013,,0.0455533005297184,,,,
,1014,,0.06417249888181686,,,,
,1015,,0.06417249888181686,,,,
,1016,,0.2488456666469574,,,,
,1017,,0.21399801969528198,,,,
,1018,,0.21399801969528198,,,,
,1019,,0.055176135152578354,,,,
,1020,,0.055176135152578354,,,,
,1021,,0.055176135152578354,,,,
,1022,,0.0775969922542572,,,,
,1023,,0.07011932879686356,,,,
,1024,,0.07011932879686356,,,,
,1025,,0.025018764659762383,,,,
,1026,,0.029542971402406693,,,,
,1027,,0.029542971402406693,,,,
,1028,,0.041420210152864456,,,,
,1029,,0.03871333971619606,,,,
,1030,,0.03740641102194786,,,,
,1031,,0.03740641102194786,,,,
,1032,,0.06171484664082527,,,,
,1033,,0.057821664959192276,,,,
,1034,,0.057821664959192276,,,,
,1035,,0.04062919318675995,,,,
,1036,,0.4143797755241394,,,,
,1037,,0.018299525603652,,,,
,1038,,0.018299525603652,,,,
,1039,,0.03321117162704468,,,,
,1040,,0.043844543397426605,,,,
,1041,,0.043844543397426605,,,,
,1042,,0.042849816381931305,,,,
,1043,,0.02059873193502426,,,,
,1044,,0.02059873193502426,,,,
,1045,,0.0338008776307106,,,,
,1046,,0.06101648136973381,,,,
,1047,,0.05076101794838905,,,,
,1048,,0.05076101794838905,,,,
,1049,,0.0777425616979599,,,,
,1050,,0.07844019681215286,,,,
,1051,,0.07844019681215286,,,,
,1052,,0.06397264450788498,,,,
,1053,,0.06397264450788498,,,,
,1054,,0.06397264450788498,,,,
,1055,,0.09848283231258392,,,,
,1056,,0.0345308892428875,,,,
,1057,,0.0903523713350296,,,,
,1058,,0.0903523713350296,,,,
,1059,,0.09082384407520294,,,,
,1060,,0.10717115551233292,,,,
,1061,,0.10717115551233292,,,,
,1062,,0.06655395030975342,,,,
,1063,,0.07430531829595566,,,,
,1064,,0.07430531829595566,,,,
,1065,,0.10677339881658554,,,,
,1066,,0.09925967454910278,,,,
,1067,,0.09925967454910278,,,,
,1068,,0.22762629389762878,,,,
,1069,,0.2190813422203064,,,,
,1070,,0.2190813422203064,,,,
,1071,,0.05538507178425789,,,,
,1072,,0.0467122383415699,,,,
,1073,,0.054095979779958725,,,,
,1074,,0.054095979779958725,,,,
,1075,,0.09260713309049606,,,,
,1076,,0.10684118419885635,,,,
,1077,,0.10684118419885635,,,,
,1078,,0.02873656526207924,,,,
,1079,,0.05183776095509529,,,,
,1080,,0.05183776095509529,,,,
,1081,,0.044893309473991394,,,,
,1082,,0.024010950699448586,,,,
,1083,,0.024010950699448586,,,,
,1084,,0.058445677161216736,,,,
,1085,,0.058445677161216736,,,,
,1086,,0.058445677161216736,,,,
,1087,,0.04500231146812439,,,,
,1088,,0.03537106513977051,,,,
,1089,,0.03537106513977051,,,,
,1090,,0.03606884926557541,,,,
,1091,,0.0351005494594574,,,,
,1092,,0.04111861437559128,,,,
,1093,,0.04111861437559128,,,,
,1094,,0.04841819778084755,,,,
,1095,,0.046804264187812805,,,,
,1096,,0.046804264187812805,,,,
,1097,,0.04324128478765488,,,,
,1098,,0.029887806624174118,,,,
,1099,,0.04583177715539932,,,,
,1100,,0.04583177715539932,,,,
,1101,,0.09312628209590912,,,,
,1102,,0.08584099262952805,,,,
,1103,,0.08584099262952805,,,,
,1104,,0.07180576771497726,,,,
,1105,,0.07494334876537323,,,,
,1106,,0.07494334876537323,,,,
,1107,,0.10905016958713531,,,,
,1108,,0.1116410344839096,,,,
,1109,,0.1116410344839096,,,,
,1110,,0.09389913827180862,,,,
,1111,,0.11802174896001816,,,,
,1112,,0.11802174896001816,,,,
,1113,,0.07522189617156982,,,,
,1114,,0.0757812112569809,,,,
,1115,,0.06865204870700836,,,,
,1116,,0.06865204870700836,,,,
,1117,,0.08843390643596649,,,,
,1118,,0.08843390643596649,,,,
,1119,,0.08843390643596649,,,,
,1120,,0.2554316818714142,,,,
,1121,,0.2324356585741043,,,,
,1122,,0.2324356585741043,,,,
,1123,,0.045432478189468384,,,,
,1124,,0.04807903617620468,,,,
,1125,,0.04807903617620468,,,,
,1126,,0.0718991607427597,,,,
,1127,,0.07650536298751831,,,,
,1128,,0.07650536298751831,,,,
,1129,,0.02312750369310379,,,,
,1130,,0.02320091798901558,,,,
,1131,,0.02320091798901558,,,,
,1132,,0.04187026619911194,,,,
,1133,,0.138454407453537,,,,
,1134,,0.014143473468720913,,,,
,1135,,0.014143473468720913,,,,
,1136,,0.04987035691738129,,,,
,1137,,0.049680501222610474,,,,
,1138,,0.049680501222610474,,,,
,1139,,0.042944781482219696,,,,
,1140,,0.11857367306947708,,,,
,1141,,0.00788134429603815,,,,
,1142,,0.00788134429603815,,,,
,1143,,0.028071129694581032,,,,
,1144,,0.04690536856651306,,,,
,1145,,0.04690536856651306,,,,
,1146,,0.044252973049879074,,,,
,1147,,0.0225639957934618,,,,
,1148,,0.0225639957934618,,,,
,1149,,0.030090974643826485,,,,
,1150,,0.030090974643826485,,,,
,1151,,0.030090974643826485,,,,
,1152,,0.08264718949794769,,,,
,1153,,0.0759081244468689,,,,
,1154,,0.0759081244468689,,,,
,1155,,0.049767203629016876,,,,
,1156,,0.06296965479850769,,,,
,1157,,0.06296965479850769,,,,
,1158,,0.09464191645383835,,,,
,1159,,0.10414838045835495,,,,
,1160,,0.1088946983218193,,,,
,1161,,0.1088946983218193,,,,
,1162,,0.0743495300412178,,,,
,1163,,0.06867934763431549,,,,
,1164,,0.06867934763431549,,,,
,1165,,0.0692303329706192,,,,
,1166,,0.05356774479150772,,,,
,1167,,0.05356774479150772,,,,
,1168,,0.09168695658445358,,,,
,1169,,0.09085352718830109,,,,
,1170,,0.09085352718830109,,,,
,1171,,0.220718652009964,,,,
,1172,,0.22055783867835999,,,,
,1173,,0.22055783867835999,,,,
,1174,,0.022310877218842506,,,,
,1175,,0.03911692649126053,,,,
,1176,,0.041633445769548416,,,,
,1177,,0.041633445769548416,,,,
,1178,,0.05210768058896065,,,,
,1179,,0.032652970403432846,,,,
,1180,,0.032652970403432846,,,,
,1181,,0.013304277323186398,,,,
,1182,,0.013304277323186398,,,,
,1183,,0.013304277323186398,,,,
,1184,,0.038905270397663116,,,,
,1185,,0.030703529715538025,,,,
,1186,,0.030703529715538025,,,,
,1187,,0.03324335440993309,,,,
,1188,,0.038957662880420685,,,,
,1189,,0.038957662880420685,,,,
,1190,,0.03926387429237366,,,,
,1191,,0.03336498513817787,,,,
,1192,,0.03336498513817787,,,,
,1193,,0.01851680316030979,,,,
,1196,2,,0.05674644559621811,,,
,1196,2,,,0.12447363138198853,0.1586901694536209,0.125944584608078
0.04653080180287361,1197,3,,,,,
0.05002151429653168,1198,3,,,,,
0.10068687051534653,1199,3,,,,,
0.1439511626958847,1200,3,,,,,
0.3670055568218231,1201,3,,,,,
0.09380245953798294,1202,3,,,,,
0.037441253662109375,1203,3,,,,,
0.059199534356594086,1204,3,,,,,
0.21561917662620544,1205,3,,,,,
0.20876166224479675,1206,3,,,,,
0.027856091037392616,1207,3,,,,,
0.04763947054743767,1208,3,,,,,
0.1740407794713974,1209,3,,,,,
0.10484568029642105,1210,3,,,,,
0.05760839954018593,1211,3,,,,,
0.12249402701854706,1212,3,,,,,
0.04886552691459656,1213,3,,,,,
0.12272152304649353,1214,3,,,,,
0.06897012889385223,1215,3,,,,,
0.33607298135757446,1216,3,,,,,
0.07831782102584839,1217,3,,,,,
0.06029890850186348,1218,3,,,,,
0.13428530097007751,1219,3,,,,,
0.04457747936248779,1220,3,,,,,
0.05829057842493057,1221,3,,,,,
0.06960462033748627,1222,3,,,,,
0.2419121116399765,1223,3,,,,,
0.05675755813717842,1224,3,,,,,
0.017596501857042313,1225,3,,,,,
0.0711435005068779,1226,3,,,,,
0.0870799645781517,1227,3,,,,,
0.0636826902627945,1228,3,,,,,
0.06349819898605347,1229,3,,,,,
0.029363533481955528,1230,3,,,,,
0.06475279480218887,1231,3,,,,,
0.04542311280965805,1232,3,,,,,
0.08087920397520065,1233,3,,,,,
0.026639733463525772,1234,3,,,,,
0.04706287011504173,1235,3,,,,,
0.06136471778154373,1236,3,,,,,
0.05948691815137863,1237,3,,,,,
0.0725715234875679,1238,3,,,,,
0.3110019266605377,1239,3,,,,,
0.012314077466726303,1240,3,,,,,
0.12259303778409958,1241,3,,,,,
0.2201022356748581,1242,3,,,,,
0.03499944508075714,1243,3,,,,,
0.07002843916416168,1244,3,,,,,
0.028029294684529305,1245,3,,,,,
0.10365641862154007,1246,3,,,,,
0.013414239510893822,1247,3,,,,,
0.10037018358707428,1248,3,,,,,
0.1870548278093338,1249,3,,,,,
0.025907002389431,1250,3,,,,,
0.07602139562368393,1251,3,,,,,
0.21980507671833038,1252,3,,,,,
0.058931611478328705,1253,3,,,,,
0.02306709624826908,1254,3,,,,,
0.027241075411438942,1255,3,,,,,
0.15846697986125946,1256,3,,,,,
0.029445583000779152,1257,3,,,,,
0.010713635943830013,1258,3,,,,,
0.055843204259872437,1259,3,,,,,
0.03415026143193245,1260,3,,,,,
0.2215518206357956,1261,3,,,,,
0.06381621211767197,1262,3,,,,,
0.007736796047538519,1263,3,,,,,
0.026319654658436775,1264,3,,,,,
0.08236412703990936,1265,3,,,,,
0.016577040776610374,1266,3,,,,,
0.011419195681810379,1267,3,,,,,
0.036851201206445694,1268,3,,,,,
0.015592721290886402,1269,3,,,,,
0.11582498252391815,1270,3,,,,,
0.03843401372432709,1271,3,,,,,
0.06000978499650955,1272,3,,,,,
0.04517211765050888,1273,3,,,,,
0.2073846310377121,1274,3,,,,,
0.10240711271762848,1275,3,,,,,
0.4120783507823944,1276,3,,,,,
0.02729838714003563,1277,3,,,,,
0.05002080649137497,1278,3,,,,,
0.01936284266412258,1279,3,,,,,
0.07768029719591141,1280,3,,,,,
0.07152853161096573,1281,3,,,,,
0.01362659316509962,1282,3,,,,,
0.06553611904382706,1283,3,,,,,
0.08111535012722015,1284,3,,,,,
0.08558713644742966,1285,3,,,,,
1.1471126079559326,1286,3,,,,,
0.009831995703279972,1287,3,,,,,
0.2796321213245392,1288,3,,,,,
0.031591158360242844,1289,3,,,,,
0.07090847939252853,1290,3,,,,,
0.012395047582685947,1291,3,,,,,
0.07713308930397034,1292,3,,,,,
0.04617231711745262,1293,3,,,,,
0.13251128792762756,1294,3,,,,,
0.1735401153564453,1295,3,,,,,
0.13904431462287903,1296,3,,,,,
0.0067502586171031,1297,3,,,,,
0.08542294800281525,1298,3,,,,,
0.013429824262857437,1299,3,,,,,
0.027017837390303612,1300,3,,,,,
0.015381661243736744,1301,3,,,,,
0.04056987166404724,1302,3,,,,,
0.13076408207416534,1303,3,,,,,
0.10335888713598251,1304,3,,,,,
0.04519778862595558,1305,3,,,,,
0.04063278064131737,1306,3,,,,,
0.025046255439519882,1307,3,,,,,
0.06493113189935684,1308,3,,,,,
0.049679700285196304,1309,3,,,,,
0.07220743596553802,1310,3,,,,,
0.03654853254556656,1311,3,,,,,
0.2153536081314087,1312,3,,,,,
0.1010623425245285,1313,3,,,,,
0.04383125528693199,1314,3,,,,,
0.08405375480651855,1315,3,,,,,
0.07612426578998566,1316,3,,,,,
0.1013302356004715,1317,3,,,,,
0.06647952646017075,1318,3,,,,,
0.09820516407489777,1319,3,,,,,
0.141626238822937,1320,3,,,,,
0.10090234875679016,1321,3,,,,,
0.22751006484031677,1322,3,,,,,
0.0587487630546093,1323,3,,,,,
0.0318060927093029,1324,3,,,,,
0.024526074528694153,1325,3,,,,,
0.04783836007118225,1326,3,,,,,
0.007284760475158691,1327,3,,,,,
0.0287637822329998,1328,3,,,,,
0.0593637116253376,1329,3,,,,,
0.1736285388469696,1330,3,,,,,
0.10007799416780472,1331,3,,,,,
0.18016348779201508,1332,3,,,,,
0.03206869214773178,1333,3,,,,,
0.06487288326025009,1334,3,,,,,
0.024717597290873528,1335,3,,,,,
0.06541953980922699,1336,3,,,,,
0.13137085735797882,1337,3,,,,,
0.06361742317676544,1338,3,,,,,
0.21092717349529266,1339,3,,,,,
0.06998468935489655,1340,3,,,,,
0.07846492528915405,1341,3,,,,,
0.07636339962482452,1342,3,,,,,
0.03650973364710808,1343,3,,,,,
0.03251639008522034,1344,3,,,,,
0.04575198143720627,1345,3,,,,,
0.150384783744812,1346,3,,,,,
0.05309830605983734,1347,3,,,,,
0.03198755905032158,1348,3,,,,,
0.0528637059032917,1349,3,,,,,
0.043415457010269165,1350,3,,,,,
0.06225176900625229,1351,3,,,,,
0.0907168835401535,1352,3,,,,,
0.09434283524751663,1353,3,,,,,
0.0377449095249176,1354,3,,,,,
0.11961662024259567,1355,3,,,,,
0.0655062347650528,1356,3,,,,,
0.37012505531311035,1357,3,,,,,
0.04344883933663368,1358,3,,,,,
0.17525061964988708,1359,3,,,,,
0.04961260408163071,1360,3,,,,,
0.029857559129595757,1361,3,,,,,
0.061639778316020966,1362,3,,,,,
0.016323262825608253,1363,3,,,,,
0.03663989529013634,1364,3,,,,,
0.029220473021268845,1365,3,,,,,
0.08675780147314072,1366,3,,,,,
0.2029690444469452,1367,3,,,,,
0.048148322850465775,1368,3,,,,,
0.014511198736727238,1369,3,,,,,
0.04383358359336853,1370,3,,,,,
0.08538012206554413,1371,3,,,,,
0.11244995892047882,1372,3,,,,,
0.04221121966838837,1373,3,,,,,
0.08612694591283798,1374,3,,,,,
0.011340083554387093,1375,3,,,,,
0.05343873053789139,1376,3,,,,,
0.046365607529878616,1377,3,,,,,
0.0514201782643795,1378,3,,,,,
0.030929412692785263,1379,3,,,,,
0.27688008546829224,1380,3,,,,,
0.10378996282815933,1381,3,,,,,
0.14464077353477478,1382,3,,,,,
0.009180565364658833,1383,3,,,,,
0.04101233556866646,1384,3,,,,,
0.08952213823795319,1385,3,,,,,
0.041780661791563034,1386,3,,,,,
0.210290789604187,1387,3,,,,,
0.05716633424162865,1388,3,,,,,
0.04837210848927498,1389,3,,,,,
0.10954279452562332,1390,3,,,,,
0.19801822304725647,1391,3,,,,,
0.03029019758105278,1392,3,,,,,
0.05555444583296776,1393,3,,,,,
0.04146463796496391,1394,3,,,,,
0.07029446214437485,1395,3,,,,,
0.07832138240337372,1396,3,,,,,
0.03148040920495987,1397,3,,,,,
0.017278021201491356,1398,3,,,,,
0.03302453085780144,1399,3,,,,,
0.12358390539884567,1400,3,,,,,
0.046057671308517456,1401,3,,,,,
0.05639582499861717,1402,3,,,,,
0.060466960072517395,1403,3,,,,,
0.07573239505290985,1404,3,,,,,
0.04251392185688019,1405,3,,,,,
0.0677240639925003,1406,3,,,,,
0.9363713264465332,1407,3,,,,,
0.04201464354991913,1408,3,,,,,
0.036029476672410965,1409,3,,,,,
0.09557536989450455,1410,3,,,,,
0.15755945444107056,1411,3,,,,,
0.02002154290676117,1412,3,,,,,
0.02168811671435833,1413,3,,,,,
0.15173956751823425,1414,3,,,,,
0.016022250056266785,1415,3,,,,,
0.12050927430391312,1416,3,,,,,
0.06418303400278091,1417,3,,,,,
0.13549314439296722,1418,3,,,,,
0.06966497749090195,1419,3,,,,,
0.011760460212826729,1420,3,,,,,
0.025136135518550873,1421,3,,,,,
0.0346374437212944,1422,3,,,,,
0.2200247049331665,1423,3,,,,,
0.007798539008945227,1424,3,,,,,
0.03929753974080086,1425,3,,,,,
0.2613052427768707,1426,3,,,,,
0.16757221519947052,1427,3,,,,,
0.0736297070980072,1428,3,,,,,
0.03666519746184349,1429,3,,,,,
0.1263946145772934,1430,3,,,,,
0.009800880216062069,1431,3,,,,,
0.338532954454422,1432,3,,,,,
0.01543320994824171,1433,3,,,,,
0.0662112757563591,1434,3,,,,,
0.10624419152736664,1435,3,,,,,
0.1151801124215126,1436,3,,,,,
0.03154587373137474,1437,3,,,,,
0.017798837274312973,1438,3,,,,,
0.06800443679094315,1439,3,,,,,
0.1857595592737198,1440,3,,,,,
0.2321416288614273,1441,3,,,,,
0.06746473163366318,1442,3,,,,,
0.08298538625240326,1443,3,,,,,
0.024286024272441864,1444,3,,,,,
0.2223006933927536,1445,3,,,,,
0.07522129267454147,1446,3,,,,,
0.02791883796453476,1447,3,,,,,
0.030491922050714493,1448,3,,,,,
0.017359675839543343,1449,3,,,,,
0.038550958037376404,1450,3,,,,,
0.014461815357208252,1451,3,,,,,
0.17263247072696686,1452,3,,,,,
0.04742219299077988,1453,3,,,,,
0.040444403886795044,1454,3,,,,,
0.3406142592430115,1455,3,,,,,
0.062485404312610626,1456,3,,,,,
0.035155218094587326,1457,3,,,,,
0.0880236029624939,1458,3,,,,,
0.021899733692407608,1459,3,,,,,
0.050605036318302155,1460,3,,,,,
0.033308111131191254,1461,3,,,,,
0.10670295357704163,1462,3,,,,,
0.032452862709760666,1463,3,,,,,
0.07071692496538162,1464,3,,,,,
0.015062930062413216,1465,3,,,,,
0.3809968829154968,1466,3,,,,,
0.01847813092172146,1467,3,,,,,
0.15894815325737,1468,3,,,,,
0.0373525507748127,1469,3,,,,,
0.017885645851492882,1470,3,,,,,
0.030486956238746643,1471,3,,,,,
0.08376141637563705,1472,3,,,,,
0.01188999880105257,1473,3,,,,,
0.03965792804956436,1474,3,,,,,
0.014024373143911362,1475,3,,,,,
0.020351151004433632,1476,3,,,,,
0.0862850546836853,1477,3,,,,,
0.01132322009652853,1478,3,,,,,
0.018320126459002495,1479,3,,,,,
0.17372919619083405,1480,3,,,,,
0.027818484231829643,1481,3,,,,,
0.1632383167743683,1482,3,,,,,
0.12319953739643097,1483,3,,,,,
0.014819283969700336,1484,3,,,,,
0.03244340792298317,1485,3,,,,,
0.032941002398729324,1486,3,,,,,
0.013805927708745003,1487,3,,,,,
0.1257629245519638,1488,3,,,,,
0.10454879701137543,1489,3,,,,,
0.026949213817715645,1490,3,,,,,
0.02350745163857937,1491,3,,,,,
0.1645648032426834,1492,3,,,,,
0.021858299151062965,1493,3,,,,,
0.02063746191561222,1494,3,,,,,
0.06018059700727463,1495,3,,,,,
0.01570149138569832,1496,3,,,,,
0.31587642431259155,1497,3,,,,,
0.3201664984226227,1498,3,,,,,
0.10027040541172028,1499,3,,,,,
0.03553237020969391,1500,3,,,,,
0.022429080680012703,1501,3,,,,,
0.021330010145902634,1502,3,,,,,
0.10230361670255661,1503,3,,,,,
0.18189385533332825,1504,3,,,,,
0.06017657369375229,1505,3,,,,,
0.039053719490766525,1506,3,,,,,
0.0905982106924057,1507,3,,,,,
0.3604026138782501,1508,3,,,,,
0.055321935564279556,1509,3,,,,,
0.383314847946167,1510,3,,,,,
0.09134061634540558,1511,3,,,,,
0.11374493688344955,1512,3,,,,,
0.03545878082513809,1513,3,,,,,
0.06385596841573715,1514,3,,,,,
0.06645709276199341,1515,3,,,,,
0.07722718268632889,1516,3,,,,,
0.047010768204927444,1517,3,,,,,
0.04002346470952034,1518,3,,,,,
0.020632373169064522,1519,3,,,,,
0.3831791579723358,1520,3,,,,,
0.03540531173348427,1521,3,,,,,
0.07734266668558121,1522,3,,,,,
0.03126559033989906,1523,3,,,,,
0.04245287925004959,1524,3,,,,,
0.09568305313587189,1525,3,,,,,
0.064267598092556,1526,3,,,,,
0.04806429520249367,1527,3,,,,,
0.046089671552181244,1528,3,,,,,
0.11056866496801376,1529,3,,,,,
0.015509087592363358,1530,3,,,,,
0.11003611981868744,1531,3,,,,,
0.03666093572974205,1532,3,,,,,
0.0710265040397644,1533,3,,,,,
0.14866454899311066,1534,3,,,,,
0.06877469271421432,1535,3,,,,,
0.009620046243071556,1536,3,,,,,
0.1452614665031433,1537,3,,,,,
0.07298678904771805,1538,3,,,,,
0.13514603674411774,1539,3,,,,,
0.03038606606423855,1540,3,,,,,
0.3413926661014557,1541,3,,,,,
0.07231968641281128,1542,3,,,,,
0.22662676870822906,1543,3,,,,,
0.17365100979804993,1544,3,,,,,
0.08018530905246735,1545,3,,,,,
0.024718845263123512,1546,3,,,,,
0.15065357089042664,1547,3,,,,,
0.0487881600856781,1548,3,,,,,
0.01908036880195141,1549,3,,,,,
0.343776136636734,1550,3,,,,,
0.05307614803314209,1551,3,,,,,
0.10362140834331512,1552,3,,,,,
0.031628627330064774,1553,3,,,,,
0.008830646052956581,1554,3,,,,,
0.051820140331983566,1555,3,,,,,
0.08023608475923538,1556,3,,,,,
0.08023782819509506,1557,3,,,,,
0.26486197113990784,1558,3,,,,,
0.05440075322985649,1559,3,,,,,
0.08141130954027176,1560,3,,,,,
0.06629733741283417,1561,3,,,,,
0.11990553140640259,1562,3,,,,,
0.04391830787062645,1563,3,,,,,
0.09054482728242874,1564,3,,,,,
0.05631747841835022,1565,3,,,,,
0.11356804519891739,1566,3,,,,,
0.09382236003875732,1567,3,,,,,
0.07327337563037872,1568,3,,,,,
0.03916191682219505,1569,3,,,,,
0.039428770542144775,1570,3,,,,,
0.015182510949671268,1571,3,,,,,
0.017264477908611298,1572,3,,,,,
0.012371751479804516,1573,3,,,,,
0.016395142301917076,1574,3,,,,,
0.018839754164218903,1575,3,,,,,
0.020627154037356377,1576,3,,,,,
0.01597774401307106,1577,3,,,,,
0.22248481214046478,1578,3,,,,,
0.05257505923509598,1579,3,,,,,
0.1120348796248436,1580,3,,,,,
0.2735305428504944,1581,3,,,,,
0.03306058049201965,1582,3,,,,,
0.18872909247875214,1583,3,,,,,
0.012796825729310513,1584,3,,,,,
0.16062526404857635,1585,3,,,,,
0.02261367067694664,1586,3,,,,,
0.009315366856753826,1587,3,,,,,
0.04816347733139992,1588,3,,,,,
0.2147105485200882,1589,3,,,,,
0.022818950936198235,1590,3,,,,,
0.029999079182744026,1591,3,,,,,
0.041389208287000656,1592,3,,,,,
0.05402112752199173,1593,3,,,,,
0.056816231459379196,1594,3,,,,,
0.04621919244527817,1595,3,,,,,
,1194,,0.02671407163143158,,,,
,1195,,0.03531283885240555,,,,
,1196,,0.03926040977239609,,,,
,1197,,0.03926040977239609,,,,
,1198,,0.006808352191001177,,,,
,1199,,0.0042301565408706665,,,,
,1200,,0.0042301565408706665,,,,
,1201,,0.02308618277311325,,,,
,1202,,0.009707827121019363,,,,
,1203,,0.009707827121019363,,,,
,1204,,0.004606253933161497,,,,
,1205,,0.009025256149470806,,,,
,1206,,0.009025256149470806,,,,
,1207,,0.02346372976899147,,,,
,1208,,0.011729958467185497,,,,
,1209,,0.011729958467185497,,,,
,1210,,0.005946750286966562,,,,
,1211,,0.02681218646466732,,,,
,1212,,0.03961583226919174,,,,
,1213,,0.03961583226919174,,,,
,1214,,0.020861094817519188,,,,
,1215,,0.0031139394268393517,,,,
,1216,,0.0031139394268393517,,,,
,1217,,0.004457167349755764,,,,
,1218,,0.00907167699187994,,,,
,1219,,0.00907167699187994,,,,
,1220,,0.020016726106405258,,,,
,1221,,0.006673404015600681,,,,
,1222,,0.006673404015600681,,,,
,1223,,0.006133692339062691,,,,
,1224,,0.006133692339062691,,,,
,1225,,0.006133692339062691,,,,
,1226,,0.018616771325469017,,,,
,1227,,0.02357921563088894,,,,
,1228,,0.043882302939891815,,,,
,1229,,0.043882302939891815,,,,
,1230,,0.005264244042336941,,,,
,1231,,0.003161475993692875,,,,
,1232,,0.003161475993692875,,,,
,1233,,0.018859969452023506,,,,
,1234,,0.007946240715682507,,,,
,1235,,0.007946240715682507,,,,
,1236,,0.006011046934872866,,,,
,1237,,0.008186439983546734,,,,
,1238,,0.026975980028510094,,,,
,1239,,0.008186439983546734,,,,
,1240,,0.016566742211580276,,,,
,1241,,0.005402802489697933,,,,
,1242,,0.005402802489697933,,,,
,1243,,0.005121022462844849,,,,
,1244,,0.03904501348733902,,,,
,1245,,0.03904501348733902,,,,
,1246,,0.021973421797156334,,,,
,1247,,0.004959165118634701,,,,
,1248,,0.004959165118634701,,,,
,1249,,0.006352938245981932,,,,
,1250,,0.009341560304164886,,,,
,1251,,0.009341560304164886,,,,
,1252,,0.020792683586478233,,,,
,1253,,0.008702668361365795,,,,
,1254,,0.04339070990681648,,,,
,1255,,0.008702668361365795,,,,
,1256,,0.0044419472105801105,,,,
,1257,,0.0044419472105801105,,,,
,1258,,0.0044419472105801105,,,,
,1259,,0.03731429576873779,,,,
,1260,,0.05482787638902664,,,,
,1261,,0.05482787638902664,,,,
,1262,,0.006634958554059267,,,,
,1263,,0.0038484353572130203,,,,
,1264,,0.0038484353572130203,,,,
,1265,,0.023331064730882645,,,,
,1266,,0.010912962257862091,,,,
,1267,,0.010912962257862091,,,,
,1268,,0.004528009332716465,,,,
,1269,,0.009755605831742287,,,,
,1270,,0.009755605831742287,,,,
,1271,,0.022157836705446243,,,,
,1272,,0.021542266011238098,,,,
,1273,,0.005332683213055134,,,,
,1274,,0.005332683213055134,,,,
,1275,,0.006074055563658476,,,,
,1276,,0.035818420350551605,,,,
,1277,,0.035818420350551605,,,,
,1278,,0.020213808864355087,,,,
,1279,,0.009310238063335419,,,,
,1280,,0.0033724880777299404,,,,
,1281,,0.0033724880777299404,,,,
,1282,,0.0054255337454378605,,,,
,1283,,0.010192694142460823,,,,
,1284,,0.010192694142460823,,,,
,1285,,0.021321043372154236,,,,
,1286,,0.008484762161970139,,,,
,1287,,0.008484762161970139,,,,
,1288,,0.006336803548038006,,,,
,1289,,0.006336803548038006,,,,
,1290,,0.006336803548038006,,,,
,1291,,0.018393076956272125,,,,
,1292,,0.04173607379198074,,,,
,1293,,0.04173607379198074,,,,
,1294,,0.005320876836776733,,,,
,1295,,0.002823028014972806,,,,
,1296,,0.002823028014972806,,,,
,1297,,0.023318545892834663,,,,
,1298,,0.004945732653141022,,,,
,1299,,0.009391594678163528,,,,
,1300,,0.009391594678163528,,,,
,1301,,0.006723521277308464,,,,
,1302,,0.008895395323634148,,,,
,1303,,0.008895395323634148,,,,
,1304,,0.02177887223660946,,,,
,1305,,0.0056559061631560326,,,,
,1306,,0.0056559061631560326,,,,
,1307,,0.004810067359358072,,,,
,1308,,0.03734052553772926,,,,
,1309,,0.03734052553772926,,,,
,1310,,0.020980102941393852,,,,
,1311,,0.0066005392000079155,,,,
,1312,,0.0066005392000079155,,,,
,1313,,0.00690964050590992,,,,
,1314,,0.07818297296762466,,,,
,1315,,0.01185835711658001,,,,
,1316,,0.01185835711658001,,,,
,1317,,0.02231900952756405,,,,
,1318,,0.009909847751259804,,,,
,1319,,0.009909847751259804,,,,
,1320,,0.004932551644742489,,,,
,1321,,0.004932551644742489,,,,
,1322,,0.004932551644742489,,,,
,1323,,0.02828088216483593,,,,
,1324,,0.021095914766192436,,,,
,1325,,0.039678025990724564,,,,
,1326,,0.039678025990724564,,,,
,1327,,0.0064552114345133305,,,,
,1328,,0.0035523963160812855,,,,
,1329,,0.0035523963160812855,,,,
,1330,,0.019253304228186607,,,,
,1331,,0.008271335624158382,,,,
,1332,,0.008271335624158382,,,,
,1333,,0.00590610783547163,,,,
,1334,,0.00820646621286869,,,,
,1335,,0.00820646621286869,,,,
,1336,,0.020693855360150337,,,,
,1337,,0.006931798066943884,,,,
,1338,,0.006931798066943884,,,,
,1339,,0.006674731615930796,,,,
,1340,,0.03790202736854553,,,,
,1341,,0.03790202736854553,,,,
,1342,,0.027217740193009377,,,,
,1343,,0.01778235100209713,,,,
,1344,,0.003247664775699377,,,,
,1345,,0.003247664775699377,,,,
,1346,,0.006204175762832165,,,,
,1347,,0.008929707109928131,,,,
,1348,,0.008929707109928131,,,,
,1349,,0.023740222677588463,,,,
,1350,,0.01345615554600954,,,,
,1351,,0.01345615554600954,,,,
,1352,,0.006987604312598705,,,,
,1353,,0.006987604312598705,,,,
,1354,,0.006987604312598705,,,,
,1355,,0.02158578485250473,,,,
,1356,,0.0411854013800621,,,,
,1357,,0.03118908777832985,,,,
,1358,,0.0411854013800621,,,,
,1359,,0.004825288895517588,,,,
,1360,,0.002809397876262665,,,,
,1361,,0.002809397876262665,,,,
,1362,,0.026101697236299515,,,,
,1363,,0.019640931859612465,,,,
,1364,,0.019640931859612465,,,,
,1365,,0.0074683064594864845,,,,
,1366,,0.015544913709163666,,,,
,1367,,0.015544913709163666,,,,
,1368,,0.135679230093956,,,,
,1369,,0.025064000859856606,,,,
,1370,,0.004897348582744598,,,,
,1371,,0.004897348582744598,,,,
,1372,,0.005007895175367594,,,,
,1373,,0.03259771689772606,,,,
,1374,,0.03259771689772606,,,,
,1375,,0.023065906018018723,,,,
,1376,,0.003477263730019331,,,,
,1377,,0.003477263730019331,,,,
,1378,,0.006820641923695803,,,,
,1379,,0.0107511505484581,,,,
,1380,,0.0107511505484581,,,,
,1381,,0.020962383598089218,,,,
,1382,,0.008162624202668667,,,,
,1383,,0.008162624202668667,,,,
,1384,,0.025028064846992493,,,,
,1385,,0.005883483216166496,,,,
,1386,,0.005883483216166496,,,,
,1387,,0.005883483216166496,,,,
,1388,,0.02222173474729061,,,,
,1389,,0.03880573436617851,,,,
,1390,,0.03880573436617851,,,,
,1391,,0.006362339947372675,,,,
,1392,,0.0034500318579375744,,,,
,1393,,0.0034500318579375744,,,,
,1394,,0.018931886181235313,,,,
,1395,,0.008371473290026188,,,,
,1396,,0.008371473290026188,,,,
,1397,,0.005951652768999338,,,,
,1398,,0.008346919901669025,,,,
,1399,,0.008346919901669025,,,,
,1400,,0.016699880361557007,,,,
,1401,,0.024938682094216347,,,,
,1402,,0.009600547142326832,,,,
,1403,,0.009600547142326832,,,,
,1404,,0.007132782135158777,,,,
,1405,,0.03770815208554268,,,,
,1406,,0.03770815208554268,,,,
,1407,,0.02338588424026966,,,,
,1408,,0.003978969994932413,,,,
,1409,,0.01961156725883484,,,,
,1410,,0.003978969994932413,,,,
,1411,,0.005039704032242298,,,,
,1412,,0.009159673005342484,,,,
,1413,,0.009159673005342484,,,,
,1414,,0.09982098639011383,,,,
,1415,,0.0502309687435627,,,,
,1416,,0.0502309687435627,,,,
,1417,,0.004412197042256594,,,,
,1418,,0.004412197042256594,,,,
,1419,,0.004412197042256594,,,,
,1420,,0.01934843137860298,,,,
,1421,,0.038157351315021515,,,,
,1422,,0.038157351315021515,,,,
,1423,,0.003553764894604683,,,,
,1424,,0.0025475304573774338,,,,
,1425,,0.0025475304573774338,,,,
,1426,,0.01830098405480385,,,,
,1427,,0.019463280215859413,,,,
,1428,,0.007514508906751871,,,,
,1429,,0.007514508906751871,,,,
,1430,,0.004644925706088543,,,,
,1431,,0.007032402325421572,,,,
,1432,,0.007032402325421572,,,,
,1433,,0.016080068424344063,,,,
,1434,,0.3463215231895447,,,,
,1435,,0.00518014095723629,,,,
,1436,,0.00518014095723629,,,,
,1437,,0.004638857673853636,,,,
,1438,,0.04092567414045334,,,,
,1439,,0.04092567414045334,,,,
,1440,,0.017097247764468193,,,,
,1441,,0.0029279545415192842,,,,
,1442,,0.0029279545415192842,,,,
,1443,,0.004966627340763807,,,,
,1444,,0.02028416097164154,,,,
,1445,,0.008102993480861187,,,,
,1446,,0.008102993480861187,,,,
,1447,,0.016200849786400795,,,,
,1448,,0.005585741251707077,,,,
,1449,,0.005585741251707077,,,,
,1450,,0.004533792845904827,,,,
,1451,,0.004533792845904827,,,,
,1452,,0.004533792845904827,,,,
,1453,,0.01782720908522606,,,,
,1454,,0.0152072012424469,,,,
,1455,,0.043776985257864,,,,
,1456,,0.043776985257864,,,,
,1457,,0.005336409900337458,,,,
,1458,,0.0030056347604840994,,,,
,1459,,0.0030056347604840994,,,,
,1460,,0.018491122871637344,,,,
,1461,,0.008634848520159721,,,,
,1462,,0.008634848520159721,,,,
,1463,,0.0045446353033185005,,,,
,1464,,0.006512646097689867,,,,
,1465,,0.006512646097689867,,,,
,1466,,0.047395866364240646,,,,
,1467,,0.03242207318544388,,,,
,1468,,0.03242207318544388,,,,
,1469,,0.004168014973402023,,,,
,1470,,0.07410041242837906,,,,
,1471,,0.032437991350889206,,,,
,1472,,0.032437991350889206,,,,
,1473,,0.02125929854810238,,,,
,1474,,0.0020897991489619017,,,,
,1475,,0.0020897991489619017,,,,
,1476,,0.0032419669441878796,,,,
,1477,,0.009137938730418682,,,,
,1478,,0.009137938730418682,,,,
,1479,,0.020722970366477966,,,,
,1480,,0.0071401759050786495,,,,
,1481,,0.0071401759050786495,,,,
,1482,,0.00427863048389554,,,,
,1483,,0.00427863048389554,,,,
,1484,,0.00427863048389554,,,,
,1485,,0.019637566059827805,,,,
,1486,,0.0394553542137146,,,,
,1487,,0.0394553542137146,,,,
,1488,,0.017566226422786713,,,,
,1489,,0.004109008703380823,,,,
,1490,,0.0024205001536756754,,,,
,1491,,0.0024205001536756754,,,,
,1492,,0.01941191777586937,,,,
,1493,,0.00806951429694891,,,,
,1494,,0.00806951429694891,,,,
,1495,,0.004292223136872053,,,,
,1496,,0.006546915043145418,,,,
,1497,,0.0073915207758545876,,,,
,1498,,0.0073915207758545876,,,,
,1499,,0.01712634041905403,,,,
,1500,,0.0041161151602864265,,,,
,1501,,0.0041161151602864265,,,,
,1502,,0.004637695383280516,,,,
,1503,,0.03692154213786125,,,,
,1504,,0.03692154213786125,,,,
,1505,,0.020399287343025208,,,,
,1506,,0.0036982421297580004,,,,
,1507,,0.0036982421297580004,,,,
,1508,,0.004655464552342892,,,,
,1509,,0.00881882756948471,,,,
,1510,,0.00881882756948471,,,,
,1511,,0.020403752103447914,,,,
,1512,,0.04996694624423981,,,,
,1513,,0.007272173184901476,,,,
,1514,,0.007272173184901476,,,,
,1515,,0.00451323390007019,,,,
,1516,,0.00451323390007019,,,,
,1517,,0.00451323390007019,,,,
,1518,,0.03151629865169525,,,,
,1519,,0.051861248910427094,,,,
,1520,,0.051861248910427094,,,,
,1521,,0.005100484937429428,,,,
,1522,,0.004312531556934118,,,,
,1523,,0.004312531556934118,,,,
,1524,,0.023196188732981682,,,,
,1525,,0.009107628837227821,,,,
,1526,,0.009107628837227821,,,,
,1527,,0.0037499077152460814,,,,
,1528,,0.009885810315608978,,,,
,1529,,0.009885810315608978,,,,
,1530,,0.022197099402546883,,,,
,1531,,0.10842424631118774,,,,
,1532,,0.004661442246288061,,,,
,1533,,0.004661442246288061,,,,
,1534,,0.0051925303414464,,,,
,1535,,0.03626646474003792,,,,
,1536,,0.03626646474003792,,,,
,1537,,0.020191896706819534,,,,
,1538,,0.0966230034828186,,,,
,1539,,0.0036880727857351303,,,,
,1540,,0.0036880727857351303,,,,
,1541,,0.00475390674546361,,,,
,1542,,0.008381592109799385,,,,
,1543,,0.008381592109799385,,,,
,1544,,0.020327528938651085,,,,
,1545,,0.007145150098949671,,,,
,1546,,0.007145150098949671,,,,
,1547,,0.005144077353179455,,,,
,1548,,0.005144077353179455,,,,
,1549,,0.005144077353179455,,,,
,1550,,0.017974302172660828,,,,
,1551,,0.04312693327665329,,,,
,1552,,0.04312693327665329,,,,
,1553,,0.008500153198838234,,,,
,1554,,0.00892655923962593,,,,
,1555,,0.00892655923962593,,,,
,1556,,0.021165959537029266,,,,
,1557,,0.0031037882436066866,,,,
,1558,,0.00769379734992981,,,,
,1559,,0.00769379734992981,,,,
,1560,,0.006338282022625208,,,,
,1561,,0.009222934022545815,,,,
,1562,,0.009222934022545815,,,,
,1563,,0.02084340713918209,,,,
,1564,,0.005133968777954578,,,,
,1565,,0.005133968777954578,,,,
,1566,,0.0050464957021176815,,,,
,1567,,0.03770049661397934,,,,
,1568,,0.03770049661397934,,,,
,1569,,0.055766042321920395,,,,
,1570,,0.0346808061003685,,,,
,1571,,0.0346808061003685,,,,
,1572,,0.006538912188261747,,,,
,1573,,0.007271002512425184,,,,
,1574,,0.01311926357448101,,,,
,1575,,0.01311926357448101,,,,
,1576,,0.02276674471795559,,,,
,1577,,0.010877802968025208,,,,
,1578,,0.010877802968025208,,,,
,1579,,0.004489011596888304,,,,
,1580,,0.004489011596888304,,,,
,1581,,0.004489011596888304,,,,
,1582,,0.02047727257013321,,,,
,1583,,0.039215169847011566,,,,
,1584,,0.039215169847011566,,,,
,1585,,0.005786154419183731,,,,
,1586,,0.004323180299252272,,,,
,1587,,0.004323180299252272,,,,
,1588,,0.018189772963523865,,,,
,1589,,0.007729188539087772,,,,
,1590,,0.007729188539087772,,,,
,1591,,0.00570795638486743,,,,
,1595,3,,0.01675480045378208,,,
,1595,3,,,0.08856211602687836,0.9244332313537598,0.8085642457008362
0.09797386825084686,1596,4,,,,,
0.018881484866142273,1597,4,,,,,
0.03769884258508682,1598,4,,,,,
0.00967332161962986,1599,4,,,,,
0.16088923811912537,1600,4,,,,,
0.04104605317115784,1601,4,,,,,
0.019404618069529533,1602,4,,,,,
0.04671745374798775,1603,4,,,,,
0.0352957546710968,1604,4,,,,,
0.1666179746389389,1605,4,,,,,
0.046023253351449966,1606,4,,,,,
0.0054611098021268845,1607,4,,,,,
0.047605570405721664,1608,4,,,,,
0.04611152783036232,1609,4,,,,,
0.012912078760564327,1610,4,,,,,
0.1139032170176506,1611,4,,,,,
0.06707803159952164,1612,4,,,,,
0.039594173431396484,1613,4,,,,,
0.03314845636487007,1614,4,,,,,
0.02356850728392601,1615,4,,,,,
0.013670330867171288,1616,4,,,,,
0.18368446826934814,1617,4,,,,,
0.017688877880573273,1618,4,,,,,
0.04529092088341713,1619,4,,,,,
0.03396882116794586,1620,4,,,,,
0.014313321560621262,1621,4,,,,,
0.029077688232064247,1622,4,,,,,
0.01625436171889305,1623,4,,,,,
0.022366246208548546,1624,4,,,,,
0.10790716856718063,1625,4,,,,,
0.09375602006912231,1626,4,,,,,
0.017817754298448563,1627,4,,,,,
0.15348033607006073,1628,4,,,,,
0.02624947763979435,1629,4,,,,,
0.012848632410168648,1630,4,,,,,
0.012382336892187595,1631,4,,,,,
0.08659549057483673,1632,4,,,,,
0.07761973142623901,1633,4,,,,,
0.026444479823112488,1634,4,,,,,
0.015121218748390675,1635,4,,,,,
0.02040325105190277,1636,4,,,,,
0.047179922461509705,1637,4,,,,,
0.022788608446717262,1638,4,,,,,
0.0764249935746193,1639,4,,,,,
0.19930565357208252,1640,4,,,,,
0.10814698040485382,1641,4,,,,,
0.019850751385092735,1642,4,,,,,
0.04906678572297096,1643,4,,,,,
0.023498499765992165,1644,4,,,,,
0.008571933023631573,1645,4,,,,,
0.026113513857126236,1646,4,,,,,
0.07077936083078384,1647,4,,,,,
0.08597349375486374,1648,4,,,,,
0.024837760254740715,1649,4,,,,,
0.0398993119597435,1650,4,,,,,
0.047797463834285736,1651,4,,,,,
0.026326486840844154,1652,4,,,,,
0.0057629309594631195,1653,4,,,,,
0.006944306660443544,1654,4,,,,,
0.508868932723999,1655,4,,,,,
0.03475474566221237,1656,4,,,,,
0.048745300620794296,1657,4,,,,,
0.031354136765003204,1658,4,,,,,
0.1432492434978485,1659,4,,,,,
0.005201570689678192,1660,4,,,,,
0.10369523614645004,1661,4,,,,,
0.007824385538697243,1662,4,,,,,
0.11482173949480057,1663,4,,,,,
0.01941855438053608,1664,4,,,,,
0.02459574304521084,1665,4,,,,,
0.016876112669706345,1666,4,,,,,
0.05537010729312897,1667,4,,,,,
0.08708220720291138,1668,4,,,,,
0.1239486113190651,1669,4,,,,,
0.12384967505931854,1670,4,,,,,
0.07542973011732101,1671,4,,,,,
0.03283223137259483,1672,4,,,,,
0.009109887294471264,1673,4,,,,,
0.009937526658177376,1674,4,,,,,
0.06409195810556412,1675,4,,,,,
0.0051289694383740425,1676,4,,,,,
0.09031351655721664,1677,4,,,,,
0.07980239391326904,1678,4,,,,,
0.03810235857963562,1679,4,,,,,
0.014616550877690315,1680,4,,,,,
0.012606991454958916,1681,4,,,,,
0.5098384022712708,1682,4,,,,,
0.9291192889213562,1683,4,,,,,
0.0947701558470726,1684,4,,,,,
0.001125622307881713,1685,4,,,,,
0.09575841575860977,1686,4,,,,,
0.3233472406864166,1687,4,,,,,
0.04289301112294197,1688,4,,,,,
0.12989681959152222,1689,4,,,,,
0.007725725416094065,1690,4,,,,,
0.07710018008947372,1691,4,,,,,
0.15204961597919464,1692,4,,,,,
0.011338221840560436,1693,4,,,,,
0.003364996984601021,1694,4,,,,,
0.046690683811903,1695,4,,,,,
0.05574402958154678,1696,4,,,,,
0.6144123077392578,1697,4,,,,,
0.7689235210418701,1698,4,,,,,
0.13212138414382935,1699,4,,,,,
0.133544459939003,1700,4,,,,,
0.0801466777920723,1701,4,,,,,
0.007229740731418133,1702,4,,,,,
0.08226431906223297,1703,4,,,,,
0.04153258353471756,1704,4,,,,,
0.02213737927377224,1705,4,,,,,
0.23397423326969147,1706,4,,,,,
0.0448325052857399,1707,4,,,,,
0.12445466220378876,1708,4,,,,,
0.02240360900759697,1709,4,,,,,
0.18422260880470276,1710,4,,,,,
0.05644100159406662,1711,4,,,,,
0.1169162392616272,1712,4,,,,,
0.020209049805998802,1713,4,,,,,
0.0560726560652256,1714,4,,,,,
0.013440582901239395,1715,4,,,,,
0.18139812350273132,1716,4,,,,,
0.027284812182188034,1717,4,,,,,
0.10649218410253525,1718,4,,,,,
0.07605944573879242,1719,4,,,,,
0.10413997620344162,1720,4,,,,,
0.05145877227187157,1721,4,,,,,
0.11974260210990906,1722,4,,,,,
0.07644256949424744,1723,4,,,,,
0.21974115073680878,1724,4,,,,,
0.008381262421607971,1725,4,,,,,
0.022753383964300156,1726,4,,,,,
0.0549645759165287,1727,4,,,,,
0.019254740327596664,1728,4,,,,,
0.2102307826280594,1729,4,,,,,
0.020696837455034256,1730,4,,,,,
0.11078552901744843,1731,4,,,,,
0.1848200112581253,1732,4,,,,,
0.11257413774728775,1733,4,,,,,
0.0401025265455246,1734,4,,,,,
0.03262962028384209,1735,4,,,,,
0.04972821846604347,1736,4,,,,,
0.21513839066028595,1737,4,,,,,
0.09547708928585052,1738,4,,,,,
0.06115183234214783,1739,4,,,,,
0.03750719875097275,1740,4,,,,,
0.03863846883177757,1741,4,,,,,
0.0734829306602478,1742,4,,,,,
0.016104180365800858,1743,4,,,,,
0.16634848713874817,1744,4,,,,,
0.022227909415960312,1745,4,,,,,
0.04115286096930504,1746,4,,,,,
0.09115872532129288,1747,4,,,,,
0.18419887125492096,1748,4,,,,,
0.027012720704078674,1749,4,,,,,
0.13087248802185059,1750,4,,,,,
0.04147592559456825,1751,4,,,,,
0.15519054234027863,1752,4,,,,,
0.0242474265396595,1753,4,,,,,
0.15639545023441315,1754,4,,,,,
0.10896340012550354,1755,4,,,,,
0.20830631256103516,1756,4,,,,,
0.046122513711452484,1757,4,,,,,
0.1992703378200531,1758,4,,,,,
0.07731743156909943,1759,4,,,,,
0.006795684341341257,1760,4,,,,,
0.05814586579799652,1761,4,,,,,
0.05535437911748886,1762,4,,,,,
0.006202972028404474,1763,4,,,,,
0.1627592295408249,1764,4,,,,,
0.014171452261507511,1765,4,,,,,
0.13794279098510742,1766,4,,,,,
0.1198883056640625,1767,4,,,,,
0.1605447679758072,1768,4,,,,,
0.08527955412864685,1769,4,,,,,
0.02822020836174488,1770,4,,,,,
0.07535018771886826,1771,4,,,,,
0.0446171909570694,1772,4,,,,,
0.00398237956687808,1773,4,,,,,
0.10362769663333893,1774,4,,,,,
0.13322483003139496,1775,4,,,,,
0.09782970696687698,1776,4,,,,,
0.1402694135904312,1777,4,,,,,
0.04176061972975731,1778,4,,,,,
0.044428497552871704,1779,4,,,,,
0.023434624075889587,1780,4,,,,,
0.07275639474391937,1781,4,,,,,
0.055846765637397766,1782,4,,,,,
0.03249398246407509,1783,4,,,,,
0.013768695294857025,1784,4,,,,,
0.011731336824595928,1785,4,,,,,
0.01630276069045067,1786,4,,,,,
0.15843866765499115,1787,4,,,,,
0.21146628260612488,1788,4,,,,,
0.012836391106247902,1789,4,,,,,
0.036294035613536835,1790,4,,,,,
0.04377085715532303,1791,4,,,,,
0.11653167754411697,1792,4,,,,,
0.2092415690422058,1793,4,,,,,
0.010063817724585533,1794,4,,,,,
0.053643397986888885,1795,4,,,,,
0.05302288383245468,1796,4,,,,,
0.08056224137544632,1797,4,,,,,
0.028937460854649544,1798,4,,,,,
0.004650249145925045,1799,4,,,,,
0.23044279217720032,1800,4,,,,,
0.07770339399576187,1801,4,,,,,
0.04833041504025459,1802,4,,,,,
0.05365051329135895,1803,4,,,,,
0.010879666544497013,1804,4,,,,,
0.06873515248298645,1805,4,,,,,
0.004972466733306646,1806,4,,,,,
0.05208144336938858,1807,4,,,,,
0.11760226637125015,1808,4,,,,,
0.37363895773887634,1809,4,,,,,
0.046884432435035706,1810,4,,,,,
0.29415571689605713,1811,4,,,,,
0.026832714676856995,1812,4,,,,,
0.006873803213238716,1813,4,,,,,
0.024256309494376183,1814,4,,,,,
0.05928002670407295,1815,4,,,,,
0.042542554438114166,1816,4,,,,,
0.027514440938830376,1817,4,,,,,
0.23854832351207733,1818,4,,,,,
0.05706009268760681,1819,4,,,,,
0.008003456518054008,1820,4,,,,,
0.0297221802175045,1821,4,,,,,
0.015109150670468807,1822,4,,,,,
0.026665089651942253,1823,4,,,,,
0.026376493275165558,1824,4,,,,,
0.06280926614999771,1825,4,,,,,
0.029236262664198875,1826,4,,,,,
0.018236268311738968,1827,4,,,,,
0.015382915735244751,1828,4,,,,,
0.17566697299480438,1829,4,,,,,
0.004488219972699881,1830,4,,,,,
0.019808972254395485,1831,4,,,,,
0.04752659052610397,1832,4,,,,,
0.02552875503897667,1833,4,,,,,
0.10463179647922516,1834,4,,,,,
0.10478328913450241,1835,4,,,,,
0.041985683143138885,1836,4,,,,,
0.0057557872496545315,1837,4,,,,,
0.013878569938242435,1838,4,,,,,
0.0596969798207283,1839,4,,,,,
0.10096175223588943,1840,4,,,,,
0.01110389456152916,1841,4,,,,,
0.03352747857570648,1842,4,,,,,
0.015147017315030098,1843,4,,,,,
0.03780626505613327,1844,4,,,,,
0.008901726454496384,1845,4,,,,,
0.038528215140104294,1846,4,,,,,
0.11414925754070282,1847,4,,,,,
0.008939124643802643,1848,4,,,,,
0.0351748950779438,1849,4,,,,,
0.053548041731119156,1850,4,,,,,
0.053010664880275726,1851,4,,,,,
0.09965433925390244,1852,4,,,,,
0.03645513579249382,1853,4,,,,,
0.12652023136615753,1854,4,,,,,
0.044692061841487885,1855,4,,,,,
0.03278564661741257,1856,4,,,,,
0.05856156349182129,1857,4,,,,,
0.0038990124594420195,1858,4,,,,,
0.013380332849919796,1859,4,,,,,
0.10867160558700562,1860,4,,,,,
0.013013618066906929,1861,4,,,,,
0.09378503262996674,1862,4,,,,,
0.027678824961185455,1863,4,,,,,
0.0606946237385273,1864,4,,,,,
0.01719171181321144,1865,4,,,,,
0.04923870041966438,1866,4,,,,,
0.0141738411039114,1867,4,,,,,
0.05624735355377197,1868,4,,,,,
0.19034306704998016,1869,4,,,,,
0.012392491102218628,1870,4,,,,,
0.026954738423228264,1871,4,,,,,
0.06616425514221191,1872,4,,,,,
0.010504812002182007,1873,4,,,,,
0.23871615529060364,1874,4,,,,,
0.1046038493514061,1875,4,,,,,
0.027824152261018753,1876,4,,,,,
0.07229100912809372,1877,4,,,,,
0.01969807781279087,1878,4,,,,,
0.010732118971645832,1879,4,,,,,
0.021171774715185165,1880,4,,,,,
0.22872275114059448,1881,4,,,,,
0.05554141476750374,1882,4,,,,,
0.20752757787704468,1883,4,,,,,
0.006972841452807188,1884,4,,,,,
0.03499479219317436,1885,4,,,,,
0.20422983169555664,1886,4,,,,,
0.05062629655003548,1887,4,,,,,
0.03503121808171272,1888,4,,,,,
0.03088555485010147,1889,4,,,,,
0.040595050901174545,1890,4,,,,,
0.018397031351923943,1891,4,,,,,
0.02721083164215088,1892,4,,,,,
0.004607308655977249,1893,4,,,,,
0.17829753458499908,1894,4,,,,,
0.05496285483241081,1895,4,,,,,
0.19140402972698212,1896,4,,,,,
0.01172646414488554,1897,4,,,,,
0.07228860259056091,1898,4,,,,,
0.03162675350904465,1899,4,,,,,
0.06076674908399582,1900,4,,,,,
0.04018353670835495,1901,4,,,,,
0.08031478524208069,1902,4,,,,,
0.07848440855741501,1903,4,,,,,
0.033354394137859344,1904,4,,,,,
0.004137631505727768,1905,4,,,,,
0.06504341214895248,1906,4,,,,,
0.08085372298955917,1907,4,,,,,
0.0547897033393383,1908,4,,,,,
0.09944120049476624,1909,4,,,,,
0.018956834450364113,1910,4,,,,,
0.049583785235881805,1911,4,,,,,
0.11333591490983963,1912,4,,,,,
0.12222214788198471,1913,4,,,,,
0.050355684012174606,1914,4,,,,,
0.01088290847837925,1915,4,,,,,
0.022306708618998528,1916,4,,,,,
0.1014898493885994,1917,4,,,,,
0.07548404484987259,1918,4,,,,,
0.05113158002495766,1919,4,,,,,
0.04666127637028694,1920,4,,,,,
0.09278170764446259,1921,4,,,,,
0.06784533709287643,1922,4,,,,,
0.03962413966655731,1923,4,,,,,
0.0651293471455574,1924,4,,,,,
0.08244239538908005,1925,4,,,,,
0.034331806004047394,1926,4,,,,,
0.036082830280065536,1927,4,,,,,
0.008416344411671162,1928,4,,,,,
0.048235200345516205,1929,4,,,,,
0.0193952526897192,1930,4,,,,,
0.061552971601486206,1931,4,,,,,
0.03492816165089607,1932,4,,,,,
0.014466178603470325,1933,4,,,,,
0.020731359720230103,1934,4,,,,,
0.0025338097475469112,1935,4,,,,,
0.0461207777261734,1936,4,,,,,
0.0776493102312088,1937,4,,,,,
0.01179844606667757,1938,4,,,,,
0.048273127526044846,1939,4,,,,,
0.012760957702994347,1940,4,,,,,
0.09648443013429642,1941,4,,,,,
0.006432261783629656,1942,4,,,,,
0.005320663098245859,1943,4,,,,,
0.006017661187797785,1944,4,,,,,
0.024966135621070862,1945,4,,,,,
0.03180037438869476,1946,4,,,,,
0.0051958803087472916,1947,4,,,,,
0.018674153834581375,1948,4,,,,,
0.025080496445298195,1949,4,,,,,
0.012041514739394188,1950,4,,,,,
0.22354859113693237,1951,4,,,,,
0.054272424429655075,1952,4,,,,,
0.06609028577804565,1953,4,,,,,
0.1479979306459427,1954,4,,,,,
0.005333124194294214,1955,4,,,,,
0.0669177919626236,1956,4,,,,,
0.1346786767244339,1957,4,,,,,
0.03348929435014725,1958,4,,,,,
0.018206289038062096,1959,4,,,,,
0.05355776473879814,1960,4,,,,,
0.01195570919662714,1961,4,,,,,
0.17911657691001892,1962,4,,,,,
0.049305159598588943,1963,4,,,,,
0.005526082124561071,1964,4,,,,,
0.07617252320051193,1965,4,,,,,
0.045661479234695435,1966,4,,,,,
0.02822035364806652,1967,4,,,,,
0.014282437972724438,1968,4,,,,,
0.03201404958963394,1969,4,,,,,
0.06305249780416489,1970,4,,,,,
0.05666199326515198,1971,4,,,,,
0.03815828636288643,1972,4,,,,,
0.0014664179179817438,1973,4,,,,,
0.05670911818742752,1974,4,,,,,
0.008901678025722504,1975,4,,,,,
0.03356076404452324,1976,4,,,,,
0.002199276816099882,1977,4,,,,,
0.0579652264714241,1978,4,,,,,
0.08656072616577148,1979,4,,,,,
0.0049524768255651,1980,4,,,,,
0.009199043735861778,1981,4,,,,,
0.0007161885732784867,1982,4,,,,,
0.0018008565530180931,1983,4,,,,,
0.04457652568817139,1984,4,,,,,
0.09805645048618317,1985,4,,,,,
0.028307044878602028,1986,4,,,,,
0.02797178365290165,1987,4,,,,,
0.031087983399629593,1988,4,,,,,
0.03452008217573166,1989,4,,,,,
0.004175805952399969,1990,4,,,,,
0.1408085972070694,1991,4,,,,,
0.10389820486307144,1992,4,,,,,
0.011719726026058197,1993,4,,,,,
0.10022526234388351,1994,4,,,,,
,1592,,0.017659058794379234,,,,
,1593,,0.03486602380871773,,,,
,1594,,0.03551538661122322,,,,
,1595,,0.03551538661122322,,,,
,1596,,0.0012766955187544227,,,,
,1597,,0.002336240839213133,,,,
,1598,,0.002336240839213133,,,,
,1599,,0.017081502825021744,,,,
,1600,,0.0021878336556255817,,,,
,1601,,0.0021878336556255817,,,,
,1602,,0.0019011256517842412,,,,
,1603,,0.011946283280849457,,,,
,1604,,0.011946283280849457,,,,
,1605,,0.0096298111602664,,,,
,1606,,0.0006919478182680905,,,,
,1607,,0.0006919478182680905,,,,
,1608,,0.0006124532665126026,,,,
,1609,,0.02635878324508667,,,,
,1610,,0.04215763136744499,,,,
,1611,,0.04215763136744499,,,,
,1612,,0.012319727800786495,,,,
,1613,,0.001230047200806439,,,,
,1614,,0.001230047200806439,,,,
,1615,,0.0006613738951273263,,,,
,1616,,0.001356316963210702,,,,
,1617,,0.001356316963210702,,,,
,1618,,0.01513600628823042,,,,
,1619,,0.0035918166395276785,,,,
,1620,,0.0035918166395276785,,,,
,1621,,0.0007581570534966886,,,,
,1622,,0.0007581570534966886,,,,
,1623,,0.0007581570534966886,,,,
,1624,,0.012212283909320831,,,,
,1625,,0.015596593730151653,,,,
,1626,,0.04542248696088791,,,,
,1627,,0.04542248696088791,,,,
,1628,,0.0006614525336772203,,,,
,1629,,0.0012655137106776237,,,,
,1630,,0.0012655137106776237,,,,
,1631,,0.012179658748209476,,,,
,1632,,0.0011787433177232742,,,,
,1633,,0.0011787433177232742,,,,
,1634,,0.0008086530724540353,,,,
,1635,,0.0014530098997056484,,,,
,1636,,0.011891490779817104,,,,
,1637,,0.0014530098997056484,,,,
,1638,,0.010500769130885601,,,,
,1639,,0.0007247281610034406,,,,
,1640,,0.0007247281610034406,,,,
,1641,,0.00044836997403763235,,,,
,1642,,0.041417840868234634,,,,
,1643,,0.041417840868234634,,,,
,1644,,0.012913571670651436,,,,
,1645,,0.0013396881986409426,,,,
,1646,,0.0013396881986409426,,,,
,1647,,0.001037257956340909,,,,
,1648,,0.0016853481065481901,,,,
,1649,,0.0016853481065481901,,,,
,1650,,0.013530619442462921,,,,
,1651,,0.0034656741190701723,,,,
,1652,,0.051488131284713745,,,,
,1653,,0.0034656741190701723,,,,
,1654,,0.0009113781270571053,,,,
,1655,,0.0009113781270571053,,,,
,1656,,0.0009113781270571053,,,,
,1657,,0.012974172830581665,,,,
,1658,,0.041960395872592926,,,,
,1659,,0.041960395872592926,,,,
,1660,,0.0007161531830206513,,,,
,1661,,0.0009720649686641991,,,,
,1662,,0.0009720649686641991,,,,
,1663,,0.014562959782779217,,,,
,1664,,0.0015075992560014129,,,,
,1665,,0.0015075992560014129,,,,
,1666,,0.000630053284112364,,,,
,1667,,0.002573698526248336,,,,
,1668,,0.002573698526248336,,,,
,1669,,0.013076357543468475,,,,
,1670,,0.016214078292250633,,,,
,1671,,0.0011541943531483412,,,,
,1672,,0.0011541943531483412,,,,
,1673,,0.0007161837420426309,,,,
,1674,,0.03406389057636261,,,,
,1675,,0.03406389057636261,,,,
,1676,,0.013768277131021023,,,,
,1677,,0.0025980579666793346,,,,
,1678,,0.001484887907281518,,,,
,1679,,0.001484887907281518,,,,
,1680,,0.0007066288380883634,,,,
,1681,,0.001599196344614029,,,,
,1682,,0.001599196344614029,,,,
,1683,,0.014211500063538551,,,,
,1684,,0.0016308043850585818,,,,
,1685,,0.0016308043850585818,,,,
,1686,,0.0008963871514424682,,,,
,1687,,0.0008963871514424682,,,,
,1688,,0.0008963871514424682,,,,
,1689,,0.012218378484249115,,,,
,1690,,0.04410070925951004,,,,
,1691,,0.04410070925951004,,,,
,1692,,0.0004852715355809778,,,,
,1693,,0.000826178293209523,,,,
,1694,,0.000826178293209523,,,,
,1695,,0.014455188997089863,,,,
,1696,,0.0009135454893112183,,,,
,1697,,0.0013934944290667772,,,,
,1698,,0.0013934944290667772,,,,
,1699,,0.0012661528307944536,,,,
,1700,,0.002527799690142274,,,,
,1701,,0.002527799690142274,,,,
,1702,,0.01504874974489212,,,,
,1703,,0.0024299847427755594,,,,
,1704,,0.0024299847427755594,,,,
,1705,,0.001599387265741825,,,,
,1706,,0.037496257573366165,,,,
,1707,,0.037496257573366165,,,,
,1708,,0.012898464687168598,,,,
,1709,,0.0019053700380027294,,,,
,1710,,0.0019053700380027294,,,,
,1711,,0.0007287663174793124,,,,
,1712,,0.08261464536190033,,,,
,1713,,0.001869694679044187,,,,
,1714,,0.001869694679044187,,,,
,1715,,0.014235096052289009,,,,
,1716,,0.0016561662778258324,,,,
,1717,,0.0016561662778258324,,,,
,1718,,0.0006253336905501783,,,,
,1719,,0.0006253336905501783,,,,
,1720,,0.0006253336905501783,,,,
,1721,,0.02031453512609005,,,,
,1722,,0.015804985538125038,,,,
,1723,,0.04060448333621025,,,,
,1724,,0.04060448333621025,,,,
,1725,,0.000667650019749999,,,,
,1726,,0.0011430226732045412,,,,
,1727,,0.0011430226732045412,,,,
,1728,,0.012913842685520649,,,,
,1729,,0.0013427308294922113,,,,
,1730,,0.0013427308294922113,,,,
,1731,,0.0007220115512609482,,,,
,1732,,0.0015472035156562924,,,,
,1733,,0.0015472035156562924,,,,
,1734,,0.013650213368237019,,,,
,1735,,0.0007697688997723162,,,,
,1736,,0.0007697688997723162,,,,
,1737,,0.0008717942400835454,,,,
,1738,,0.040735822170972824,,,,
,1739,,0.040735822170972824,,,,
,1740,,0.019755713641643524,,,,
,1741,,0.011838757432997227,,,,
,1742,,0.00118925329297781,,,,
,1743,,0.00118925329297781,,,,
,1744,,0.0005246986984275281,,,,
,1745,,0.0013165933778509498,,,,
,1746,,0.0013165933778509498,,,,
,1747,,0.013713030144572258,,,,
,1748,,0.001531339599750936,,,,
,1749,,0.001531339599750936,,,,
,1750,,0.0010686935856938362,,,,
,1751,,0.0010686935856938362,,,,
,1752,,0.0010686935856938362,,,,
,1753,,0.014405155554413795,,,,
,1754,,0.04735241085290909,,,,
,1755,,0.035508256405591965,,,,
,1756,,0.04735241085290909,,,,
,1757,,0.0009860534919425845,,,,
,1758,,0.002171242143958807,,,,
,1759,,0.002171242143958807,,,,
,1760,,0.018934717401862144,,,,
,1761,,0.014787576161324978,,,,
,1762,,0.014787576161324978,,,,
,1763,,0.0008251224644482136,,,,
,1764,,0.0016454241704195738,,,,
,1765,,0.0016454241704195738,,,,
,1766,,0.022317370399832726,,,,
,1767,,0.013395016081631184,,,,
,1768,,0.0007014942821115255,,,,
,1769,,0.0007014942821115255,,,,
,1770,,0.0006069674273021519,,,,
,1771,,0.03497215732932091,,,,
,1772,,0.03497215732932091,,,,
,1773,,0.015338256023824215,,,,
,1774,,0.0017077488591894507,,,,
,1775,,0.0017077488591894507,,,,
,1776,,0.000755813205614686,,,,
,1777,,0.0014740541810169816,,,,
,1778,,0.0014740541810169816,,,,
,1779,,0.012641110457479954,,,,
,1780,,0.0014314026338979602,,,,
,1781,,0.0014314026338979602,,,,
,1782,,0.014128430746495724,,,,
,1783,,0.0007734313257969916,,,,
,1784,,0.0007734313257969916,,,,
,1785,,0.0007734313257969916,,,,
,1786,,0.01293991133570671,,,,
,1787,,0.04225454106926918,,,,
,1788,,0.04225454106926918,,,,
,1789,,0.0008980309357866645,,,,
,1790,,0.0013608335284516215,,,,
,1791,,0.0013608335284516215,,,,
,1792,,0.011444829404354095,,,,
,1793,,0.001312118605710566,,,,
,1794,,0.001312118605710566,,,,
,1795,,0.0005248411907814443,,,,
,1796,,0.0010151698952540755,,,,
,1797,,0.0010151698952540755,,,,
,1798,,0.01074413675814867,,,,
,1799,,0.013424630276858807,,,,
,1800,,0.0006895149708725512,,,,
,1801,,0.0006895149708725512,,,,
,1802,,0.001059688744135201,,,,
,1803,,0.039243560284376144,,,,
,1804,,0.039243560284376144,,,,
,1805,,0.01389261893928051,,,,
,1806,,0.0023933262564241886,,,,
,1807,,0.012458093464374542,,,,
,1808,,0.0023933262564241886,,,,
,1809,,0.0009872233495116234,,,,
,1810,,0.0019249708857387304,,,,
,1811,,0.0019249708857387304,,,,
,1812,,0.026704464107751846,,,,
,1813,,0.02325732260942459,,,,
,1814,,0.02325732260942459,,,,
,1815,,0.0005381861119531095,,,,
,1816,,0.0005381861119531095,,,,
,1817,,0.0005381861119531095,,,,
,1818,,0.01150556094944477,,,,
,1819,,0.04382187873125076,,,,
,1820,,0.04382187873125076,,,,
,1821,,0.0005832007736898959,,,,
,1822,,0.0019250184996053576,,,,
,1823,,0.0019250184996053576,,,,
,1824,,0.01131256204098463,,,,
,1825,,0.01439775712788105,,,,
,1826,,0.001113340025767684,,,,
,1827,,0.001113340025767684,,,,
,1828,,0.000539914530236274,,,,
,1829,,0.0014599919086322188,,,,
,1830,,0.0014599919086322188,,,,
,1831,,0.009454152546823025,,,,
,1832,,0.3693263828754425,,,,
,1833,,0.0007317709387280047,,,,
,1834,,0.0007317709387280047,,,,
,1835,,0.0006053383112885058,,,,
,1836,,0.046595532447099686,,,,
,1837,,0.046595532447099686,,,,
,1838,,0.009957443922758102,,,,
,1839,,0.0012224308447912335,,,,
,1840,,0.0012224308447912335,,,,
,1841,,0.0007598793017677963,,,,
,1842,,0.016412103548645973,,,,
,1843,,0.00113373389467597,,,,
,1844,,0.00113373389467597,,,,
,1845,,0.009927807375788689,,,,
,1846,,0.0011266855290159583,,,,
,1847,,0.0011266855290159583,,,,
,1848,,0.0005607909406535327,,,,
,1849,,0.0005607909406535327,,,,
,1850,,0.0005607909406535327,,,,
,1851,,0.010199100710451603,,,,
,1852,,0.008887648582458496,,,,
,1853,,0.04927008971571922,,,,
,1854,,0.04927008971571922,,,,
,1855,,0.0009117120644077659,,,,
,1856,,0.0014473253395408392,,,,
,1857,,0.0014473253395408392,,,,
,1858,,0.011404139921069145,,,,
,1859,,0.001619491958990693,,,,
,1860,,0.001619491958990693,,,,
,1861,,0.000769004225730896,,,,
,1862,,0.002115940907970071,,,,
,1863,,0.002115940907970071,,,,
,1864,,0.09132345020771027,,,,
,1865,,0.08654354512691498,,,,
,1866,,0.08654354512691498,,,,
,1867,,0.0004902815562672913,,,,
,1868,,0.01453859731554985,,,,
,1869,,0.034870315343141556,,,,
,1870,,0.034870315343141556,,,,
,1871,,0.013564370572566986,,,,
,1872,,0.0008372571901418269,,,,
,1873,,0.0008372571901418269,,,,
,1874,,0.0005375632317736745,,,,
,1875,,0.0013547306880354881,,,,
,1876,,0.0013547306880354881,,,,
,1877,,0.012329481542110443,,,,
,1878,,0.001816576928831637,,,,
,1879,,0.001816576928831637,,,,
,1880,,0.0004919855273328722,,,,
,1881,,0.0004919855273328722,,,,
,1882,,0.0004919855273328722,,,,
,1883,,0.011481750756502151,,,,
,1884,,0.045848775655031204,,,,
,1885,,0.045848775655031204,,,,
,1886,,0.00675205746665597,,,,
,1887,,0.0005336144240573049,,,,
,1888,,0.0009978505549952388,,,,
,1889,,0.0009978505549952388,,,,
,1890,,0.011490817181766033,,,,
,1891,,0.0011931562330573797,,,,
,1892,,0.0011931562330573797,,,,
,1893,,0.0006404233863577247,,,,
,1894,,0.0011799343628808856,,,,
,1895,,0.0010061016073450446,,,,
,1896,,0.0010061016073450446,,,,
,1897,,0.009746434167027473,,,,
,1898,,0.0005873281043022871,,,,
,1899,,0.0005873281043022871,,,,
,1900,,0.0005740214255638421,,,,
,1901,,0.04297289252281189,,,,
,1902,,0.04297289252281189,,,,
,1903,,0.011480726301670074,,,,
,1904,,0.0012063949834555387,,,,
,1905,,0.0012063949834555387,,,,
,1906,,0.0007340448210015893,,,,
,1907,,0.0016674367943778634,,,,
,1908,,0.0016674367943778634,,,,
,1909,,0.012073676101863384,,,,
,1910,,0.05463847517967224,,,,
,1911,,0.001444141031242907,,,,
,1912,,0.001444141031242907,,,,
,1913,,0.0011196322739124298,,,,
,1914,,0.0011196322739124298,,,,
,1915,,0.0011196322739124298,,,,
,1916,,0.0343797542154789,,,,
,1917,,0.062305811792612076,,,,
,1918,,0.062305811792612076,,,,
,1919,,0.0004515050968620926,,,,
,1920,,0.0008371004369109869,,,,
,1921,,0.0008371004369109869,,,,
,1922,,0.014492373913526535,,,,
,1923,,0.0012768043670803308,,,,
,1924,,0.0012768043670803308,,,,
,1925,,0.0005915125366300344,,,,
,1926,,0.0025073294527828693,,,,
,1927,,0.0025073294527828693,,,,
,1928,,0.014318044297397137,,,,
,1929,,0.17326147854328156,,,,
,1930,,0.0009940284071490169,,,,
,1931,,0.0009940284071490169,,,,
,1932,,0.0005391871673054993,,,,
,1933,,0.03761214017868042,,,,
,1934,,0.03761214017868042,,,,
,1935,,0.012000279501080513,,,,
,1936,,0.1702638566493988,,,,
,1937,,0.0016708403127267957,,,,
,1938,,0.0016708403127267957,,,,
,1939,,0.0005596303381025791,,,,
,1940,,0.001212850445881486,,,,
,1941,,0.001212850445881486,,,,
,1942,,0.01215397473424673,,,,
,1943,,0.0010910563869401813,,,,
,1944,,0.0010910563869401813,,,,
,1945,,0.0006638638442382216,,,,
,1946,,0.0006638638442382216,,,,
,1947,,0.0006638638442382216,,,,
,1948,,0.010187584906816483,,,,
,1949,,0.04954370856285095,,,,
,1950,,0.04954370856285095,,,,
,1951,,0.0005475649377331138,,,,
,1952,,0.0012754308991134167,,,,
,1953,,0.0012754308991134167,,,,
,1954,,0.010969202034175396,,,,
,1955,,0.0018290237057954073,,,,
,1956,,0.0008891021134331822,,,,
,1957,,0.0008891021134331822,,,,
,1958,,0.0010791657259687781,,,,
,1959,,0.0026566404849290848,,,,
,1960,,0.0026566404849290848,,,,
,1961,,0.012052696198225021,,,,
,1962,,0.00084951042663306,,,,
,1963,,0.00084951042663306,,,,
,1964,,0.0011357523035258055,,,,
,1965,,0.03905140608549118,,,,
,1966,,0.03905140608549118,,,,
,1967,,0.016628874465823174,,,,
,1968,,0.006456565111875534,,,,
,1969,,0.006456565111875534,,,,
,1970,,0.0009626612300053239,,,,
,1971,,0.00399791868403554,,,,
,1972,,0.0024875339586287737,,,,
,1973,,0.0024875339586287737,,,,
,1974,,0.014485587365925312,,,,
,1975,,0.002368025481700897,,,,
,1976,,0.002368025481700897,,,,
,1977,,0.0014505292056128383,,,,
,1978,,0.0014505292056128383,,,,
,1979,,0.0014505292056128383,,,,
,1980,,0.014371700584888458,,,,
,1981,,0.04772549122571945,,,,
,1982,,0.04772549122571945,,,,
,1983,,0.0009082176839001477,,,,
,1984,,0.0020238470751792192,,,,
,1985,,0.0020238470751792192,,,,
,1986,,0.012209894135594368,,,,
,1987,,0.0014594901585951447,,,,
,1988,,0.0014594901585951447,,,,
,1989,,0.0010347799398005009,,,,
,1994,4,,0.012220091186463833,,,
,1994,4,,,0.06987310945987701,0.982367753982544,0.8614609837532043
0.1426859349012375,1995,5,,,,,
0.001367212855257094,1996,5,,,,,
0.053232818841934204,1997,5,,,,,
0.010485425591468811,1998,5,,,,,
0.12616002559661865,1999,5,,,,,
0.39701923727989197,2000,5,,,,,
0.09023305773735046,2001,5,,,,,
0.06973538547754288,2002,5,,,,,
0.05731707066297531,2003,5,,,,,
0.003836687421426177,2004,5,,,,,
0.054164715111255646,2005,5,,,,,
0.10800089687108994,2006,5,,,,,
0.1963038444519043,2007,5,,,,,
0.01969846896827221,2008,5,,,,,
0.029484689235687256,2009,5,,,,,
0.009874300099909306,2010,5,,,,,
0.008932450786232948,2011,5,,,,,
0.04455265775322914,2012,5,,,,,
0.0051948875188827515,2013,5,,,,,
0.05426190420985222,2014,5,,,,,
0.013618336990475655,2015,5,,,,,
0.004067665431648493,2016,5,,,,,
0.03653915598988533,2017,5,,,,,
0.04440179467201233,2018,5,,,,,
0.014907440170645714,2019,5,,,,,
0.008607001043856144,2020,5,,,,,
0.006904636509716511,2021,5,,,,,
0.04522399976849556,2022,5,,,,,
0.00599166564643383,2023,5,,,,,
0.019934631884098053,2024,5,,,,,
0.07964964956045151,2025,5,,,,,
0.059767547994852066,2026,5,,,,,
0.01096391025930643,2027,5,,,,,
0.24514146149158478,2028,5,,,,,
0.02865457534790039,2029,5,,,,,
0.1253495067358017,2030,5,,,,,
0.09778361022472382,2031,5,,,,,
0.0023005735129117966,2032,5,,,,,
0.029819592833518982,2033,5,,,,,
0.019214071333408356,2034,5,,,,,
0.021777039393782616,2035,5,,,,,
0.051219966262578964,2036,5,,,,,
0.036443762481212616,2037,5,,,,,
0.09506979584693909,2038,5,,,,,
0.005465101450681686,2039,5,,,,,
0.059091921895742416,2040,5,,,,,
0.027388574555516243,2041,5,,,,,
0.2919327914714813,2042,5,,,,,
0.017753025516867638,2043,5,,,,,
0.12438618391752243,2044,5,,,,,
0.05189657583832741,2045,5,,,,,
0.06430673599243164,2046,5,,,,,
0.12656471133232117,2047,5,,,,,
0.08420231938362122,2048,5,,,,,
0.14536769688129425,2049,5,,,,,
0.013512271456420422,2050,5,,,,,
0.002021176740527153,2051,5,,,,,
0.26566630601882935,2052,5,,,,,
0.019402815029025078,2053,5,,,,,
0.0036244604270905256,2054,5,,,,,
0.024646177887916565,2055,5,,,,,
0.1788531243801117,2056,5,,,,,
0.012943071313202381,2057,5,,,,,
0.002287563867866993,2058,5,,,,,
0.30240029096603394,2059,5,,,,,
0.030730249360203743,2060,5,,,,,
0.2063618153333664,2061,5,,,,,
0.010757634416222572,2062,5,,,,,
0.16522406041622162,2063,5,,,,,
0.002409429056569934,2064,5,,,,,
0.04080438241362572,2065,5,,,,,
0.030084745958447456,2066,5,,,,,
0.00969174224883318,2067,5,,,,,
0.03847605735063553,2068,5,,,,,
0.07807677984237671,2069,5,,,,,
0.029517605900764465,2070,5,,,,,
0.06092359870672226,2071,5,,,,,
0.06421046704053879,2072,5,,,,,
0.24100448191165924,2073,5,,,,,
0.03550064191222191,2074,5,,,,,
0.020403943955898285,2075,5,,,,,
0.0387866273522377,2076,5,,,,,
0.010774003341794014,2077,5,,,,,
0.008790891617536545,2078,5,,,,,
0.004479312337934971,2079,5,,,,,
0.15616388618946075,2080,5,,,,,
0.22008180618286133,2081,5,,,,,
0.05576400086283684,2082,5,,,,,
0.0035917148925364017,2083,5,,,,,
0.011460451409220695,2084,5,,,,,
0.012265898287296295,2085,5,,,,,
0.24817517399787903,2086,5,,,,,
0.03613612800836563,2087,5,,,,,
0.038016919046640396,2088,5,,,,,
0.010210021398961544,2089,5,,,,,
0.05332428589463234,2090,5,,,,,
0.01541106216609478,2091,5,,,,,
0.060815390199422836,2092,5,,,,,
0.07398509979248047,2093,5,,,,,
0.027426231652498245,2094,5,,,,,
0.05300145596265793,2095,5,,,,,
0.04710227996110916,2096,5,,,,,
0.05220205336809158,2097,5,,,,,
0.011459381319582462,2098,5,,,,,
0.02783452346920967,2099,5,,,,,
0.04160013422369957,2100,5,,,,,
0.09965543448925018,2101,5,,,,,
0.08121773600578308,2102,5,,,,,
0.010564422234892845,2103,5,,,,,
0.01519877091050148,2104,5,,,,,
0.03365381062030792,2105,5,,,,,
0.12265008687973022,2106,5,,,,,
0.0030207198578864336,2107,5,,,,,
0.0036381070967763662,2108,5,,,,,
0.027261069044470787,2109,5,,,,,
0.004208685364574194,2110,5,,,,,
0.10043877363204956,2111,5,,,,,
0.01389344222843647,2112,5,,,,,
0.09839551150798798,2113,5,,,,,
0.02037200517952442,2114,5,,,,,
0.09371272474527359,2115,5,,,,,
0.028553307056427002,2116,5,,,,,
0.005543139763176441,2117,5,,,,,
0.011069581843912601,2118,5,,,,,
0.05034352466464043,2119,5,,,,,
0.04222668334841728,2120,5,,,,,
0.009472709149122238,2121,5,,,,,
0.2625456750392914,2122,5,,,,,
0.00925090629607439,2123,5,,,,,
0.017257289960980415,2124,5,,,,,
0.0045283762738108635,2125,5,,,,,
0.04418754205107689,2126,5,,,,,
0.014439900405704975,2127,5,,,,,
0.03870513290166855,2128,5,,,,,
0.010019509121775627,2129,5,,,,,
0.03119807131588459,2130,5,,,,,
0.018048789352178574,2131,5,,,,,
0.008475701324641705,2132,5,,,,,
0.1544085443019867,2133,5,,,,,
0.1752004772424698,2134,5,,,,,
0.016677578911185265,2135,5,,,,,
0.05437565594911575,2136,5,,,,,
0.007832435891032219,2137,5,,,,,
0.025338631123304367,2138,5,,,,,
0.01811298169195652,2139,5,,,,,
0.05483636260032654,2140,5,,,,,
0.01531890220940113,2141,5,,,,,
0.007121652830392122,2142,5,,,,,
0.08489737659692764,2143,5,,,,,
0.0910642221570015,2144,5,,,,,
0.007643984165042639,2145,5,,,,,
0.11945683509111404,2146,5,,,,,
0.20528069138526917,2147,5,,,,,
0.020068267360329628,2148,5,,,,,
0.06275705993175507,2149,5,,,,,
0.3602612018585205,2150,5,,,,,
0.024475617334246635,2151,5,,,,,
0.011222164146602154,2152,5,,,,,
0.010239428840577602,2153,5,,,,,
0.028767742216587067,2154,5,,,,,
0.02275480143725872,2155,5,,,,,
0.12101711332798004,2156,5,,,,,
0.057810138911008835,2157,5,,,,,
0.005976084154099226,2158,5,,,,,
0.09310085326433182,2159,5,,,,,
0.0018457371043041348,2160,5,,,,,
0.05663517862558365,2161,5,,,,,
0.024972563609480858,2162,5,,,,,
0.07721852511167526,2163,5,,,,,
0.010081400163471699,2164,5,,,,,
0.023703644052147865,2165,5,,,,,
0.019015800207853317,2166,5,,,,,
0.03789009526371956,2167,5,,,,,
0.015693075954914093,2168,5,,,,,
0.03486251458525658,2169,5,,,,,
0.021206185221672058,2170,5,,,,,
0.006032987497746944,2171,5,,,,,
0.010131084360182285,2172,5,,,,,
0.19790136814117432,2173,5,,,,,
0.0591847188770771,2174,5,,,,,
0.007526642642915249,2175,5,,,,,
0.09461259096860886,2176,5,,,,,
0.028821252286434174,2177,5,,,,,
0.011584890075027943,2178,5,,,,,
0.022973425686359406,2179,5,,,,,
0.291217178106308,2180,5,,,,,
0.022531859576702118,2181,5,,,,,
0.04653652757406235,2182,5,,,,,
0.019301138818264008,2183,5,,,,,
0.07473979145288467,2184,5,,,,,
0.05010537430644035,2185,5,,,,,
0.01979866437613964,2186,5,,,,,
0.07333160936832428,2187,5,,,,,
0.07838814705610275,2188,5,,,,,
0.04299464076757431,2189,5,,,,,
0.07007164508104324,2190,5,,,,,
0.010372952558100224,2191,5,,,,,
0.033113304525613785,2192,5,,,,,
0.0673561543226242,2193,5,,,,,
0.09090305119752884,2194,5,,,,,
0.0028995999600738287,2195,5,,,,,
0.012698663398623466,2196,5,,,,,
0.040059894323349,2197,5,,,,,
0.010623148642480373,2198,5,,,,,
0.03408440947532654,2199,5,,,,,
0.0051331608556210995,2200,5,,,,,
0.003121358575299382,2201,5,,,,,
0.03222370892763138,2202,5,,,,,
0.009100500494241714,2203,5,,,,,
0.028123630210757256,2204,5,,,,,
0.03835374116897583,2205,5,,,,,
0.014809466898441315,2206,5,,,,,
0.10010532289743423,2207,5,,,,,
0.020497139543294907,2208,5,,,,,
0.0018669202690944076,2209,5,,,,,
0.0033728370908647776,2210,5,,,,,
0.04832800477743149,2211,5,,,,,
0.0021575738210231066,2212,5,,,,,
0.26062044501304626,2213,5,,,,,
0.009184397757053375,2214,5,,,,,
0.08552698791027069,2215,5,,,,,
0.09134743362665176,2216,5,,,,,
0.030138427391648293,2217,5,,,,,
0.1367506980895996,2218,5,,,,,
0.0006222321535460651,2219,5,,,,,
0.03485824167728424,2220,5,,,,,
0.029997693374753,2221,5,,,,,
0.00153436791151762,2222,5,,,,,
0.015655769035220146,2223,5,,,,,
0.06565457582473755,2224,5,,,,,
0.004858268890529871,2225,5,,,,,
0.03681200370192528,2226,5,,,,,
0.014299660921096802,2227,5,,,,,
0.04517625272274017,2228,5,,,,,
0.5952633023262024,2229,5,,,,,
0.011428832076489925,2230,5,,,,,
0.06843724846839905,2231,5,,,,,
0.0025725362356752157,2232,5,,,,,
0.1410244256258011,2233,5,,,,,
0.007239867467433214,2234,5,,,,,
0.0090921176597476,2235,5,,,,,
0.061973731964826584,2236,5,,,,,
0.05033407360315323,2237,5,,,,,
0.08262009918689728,2238,5,,,,,
0.04283599928021431,2239,5,,,,,
0.14124269783496857,2240,5,,,,,
0.02633678913116455,2241,5,,,,,
0.05869421735405922,2242,5,,,,,
0.031587425619363785,2243,5,,,,,
0.010853912681341171,2244,5,,,,,
0.007443404756486416,2245,5,,,,,
0.0010663942666724324,2246,5,,,,,
0.016490835696458817,2247,5,,,,,
0.04532419517636299,2248,5,,,,,
0.0119716702029109,2249,5,,,,,
0.02880828082561493,2250,5,,,,,
0.030684325844049454,2251,5,,,,,
0.006635118275880814,2252,5,,,,,
0.025288501754403114,2253,5,,,,,
0.017928335815668106,2254,5,,,,,
0.09080778062343597,2255,5,,,,,
0.10636098682880402,2256,5,,,,,
0.03789953514933586,2257,5,,,,,
0.08466030657291412,2258,5,,,,,
0.0073521980084478855,2259,5,,,,,
0.026079917326569557,2260,5,,,,,
0.06731864809989929,2261,5,,,,,
0.007012284826487303,2262,5,,,,,
0.026847174391150475,2263,5,,,,,
0.053833894431591034,2264,5,,,,,
0.013111471198499203,2265,5,,,,,
0.30766525864601135,2266,5,,,,,
0.0009128997917287052,2267,5,,,,,
0.003570241155102849,2268,5,,,,,
0.017188172787427902,2269,5,,,,,
0.006976975128054619,2270,5,,,,,
0.003560852026566863,2271,5,,,,,
0.0785844475030899,2272,5,,,,,
0.018542813137173653,2273,5,,,,,
0.008563613519072533,2274,5,,,,,
0.003686846699565649,2275,5,,,,,
0.2633017897605896,2276,5,,,,,
0.005056803114712238,2277,5,,,,,
0.040851131081581116,2278,5,,,,,
0.05578932538628578,2279,5,,,,,
0.01200699619948864,2280,5,,,,,
0.12734520435333252,2281,5,,,,,
0.01179814338684082,2282,5,,,,,
0.0397600494325161,2283,5,,,,,
0.008231728337705135,2284,5,,,,,
0.021562300622463226,2285,5,,,,,
0.02713186666369438,2286,5,,,,,
0.007568273227661848,2287,5,,,,,
0.03490414097905159,2288,5,,,,,
0.03030163049697876,2289,5,,,,,
0.016042180359363556,2290,5,,,,,
0.07373914867639542,2291,5,,,,,
0.20259907841682434,2292,5,,,,,
0.1524718999862671,2293,5,,,,,
0.00812242180109024,2294,5,,,,,
0.0068106018006801605,2295,5,,,,,
0.008695034310221672,2296,5,,,,,
0.0481044165790081,2297,5,,,,,
0.01119897048920393,2298,5,,,,,
0.039858657866716385,2299,5,,,,,
0.023549668490886688,2300,5,,,,,
0.017004074528813362,2301,5,,,,,
0.005074516404420137,2302,5,,,,,
0.11056756973266602,2303,5,,,,,
0.12803208827972412,2304,5,,,,,
0.005368242971599102,2305,5,,,,,
0.09496227651834488,2306,5,,,,,
0.0043827542103827,2307,5,,,,,
0.0955805778503418,2308,5,,,,,
0.07131805270910263,2309,5,,,,,
0.009645720012485981,2310,5,,,,,
0.007399492897093296,2311,5,,,,,
0.03883131965994835,2312,5,,,,,
0.0038512293249368668,2313,5,,,,,
0.021692650392651558,2314,5,,,,,
0.00809443648904562,2315,5,,,,,
0.008415210992097855,2316,5,,,,,
0.0038439889904111624,2317,5,,,,,
0.014220820739865303,2318,5,,,,,
0.05653455853462219,2319,5,,,,,
0.09794432669878006,2320,5,,,,,
0.004322831518948078,2321,5,,,,,
0.0029549184255301952,2322,5,,,,,
0.00986312422901392,2323,5,,,,,
0.03565492108464241,2324,5,,,,,
0.1472729593515396,2325,5,,,,,
0.03942973166704178,2326,5,,,,,
0.028160886839032173,2327,5,,,,,
0.039906375110149384,2328,5,,,,,
0.007449200842529535,2329,5,,,,,
0.0061478991992771626,2330,5,,,,,
0.03014792688190937,2331,5,,,,,
0.024162042886018753,2332,5,,,,,
0.006779876537621021,2333,5,,,,,
0.006123765837401152,2334,5,,,,,
0.011350422166287899,2335,5,,,,,
0.1492404192686081,2336,5,,,,,
0.0741916298866272,2337,5,,,,,
0.04579290747642517,2338,5,,,,,
0.06903860718011856,2339,5,,,,,
0.007376127876341343,2340,5,,,,,
0.12051931768655777,2341,5,,,,,
0.010471914894878864,2342,5,,,,,
0.0581819973886013,2343,5,,,,,
0.003874551272019744,2344,5,,,,,
0.04381260275840759,2345,5,,,,,
0.7530813813209534,2346,5,,,,,
0.19038236141204834,2347,5,,,,,
0.05102868378162384,2348,5,,,,,
0.009703355841338634,2349,5,,,,,
0.02149406261742115,2350,5,,,,,
0.014211736619472504,2351,5,,,,,
0.05798223987221718,2352,5,,,,,
0.00910941045731306,2353,5,,,,,
0.06832904368638992,2354,5,,,,,
0.022822817787528038,2355,5,,,,,
0.3408510684967041,2356,5,,,,,
0.0021049261558800936,2357,5,,,,,
0.3172515034675598,2358,5,,,,,
0.0022142818197607994,2359,5,,,,,
0.04753259941935539,2360,5,,,,,
0.004047550726681948,2361,5,,,,,
0.005626532714813948,2362,5,,,,,
0.039993055164813995,2363,5,,,,,
0.003418241860345006,2364,5,,,,,
0.015373100526630878,2365,5,,,,,
0.011925285682082176,2366,5,,,,,
0.006505028810352087,2367,5,,,,,
0.020053254440426826,2368,5,,,,,
0.010926713235676289,2369,5,,,,,
0.009808188304305077,2370,5,,,,,
0.049982305616140366,2371,5,,,,,
0.004036163445562124,2372,5,,,,,
0.007252686657011509,2373,5,,,,,
0.18368181586265564,2374,5,,,,,
0.010779175907373428,2375,5,,,,,
0.011984982527792454,2376,5,,,,,
0.010343151167035103,2377,5,,,,,
0.008244983851909637,2378,5,,,,,
0.010311663150787354,2379,5,,,,,
0.0110482107847929,2380,5,,,,,
0.090992271900177,2381,5,,,,,
0.017622901126742363,2382,5,,,,,
0.004199597053229809,2383,5,,,,,
0.0008815138135105371,2384,5,,,,,
0.009652583859860897,2385,5,,,,,
0.05289466679096222,2386,5,,,,,
0.04495149850845337,2387,5,,,,,
0.009779971092939377,2388,5,,,,,
0.027250003069639206,2389,5,,,,,
0.07146512717008591,2390,5,,,,,
0.03065657615661621,2391,5,,,,,
0.06239035725593567,2392,5,,,,,
0.042101114988327026,2393,5,,,,,
,1990,,0.01659165881574154,,,,
,1991,,0.043234020471572876,,,,
,1992,,0.03018382005393505,,,,
,1993,,0.03018382005393505,,,,
,1994,,0.0007665418088436127,,,,
,1995,,0.0011284395586699247,,,,
,1996,,0.0011284395586699247,,,,
,1997,,0.014776723459362984,,,,
,1998,,0.00225553335621953,,,,
,1999,,0.00225553335621953,,,,
,2000,,0.000484877557028085,,,,
,2001,,0.0020605754107236862,,,,
,2002,,0.0020605754107236862,,,,
,2003,,0.08995997905731201,,,,
,2004,,0.0984768345952034,,,,
,2005,,0.0984768345952034,,,,
,2006,,0.0009400451090186834,,,,
,2007,,0.031122781336307526,,,,
,2008,,0.0366663783788681,,,,
,2009,,0.0366663783788681,,,,
,2010,,0.011883069761097431,,,,
,2011,,0.0012562848860397935,,,,
,2012,,0.0012562848860397935,,,,
,2013,,0.0007398480083793402,,,,
,2014,,0.0023588973563164473,,,,
,2015,,0.0023588973563164473,,,,
,2016,,0.012861545197665691,,,,
,2017,,0.0018412470817565918,,,,
,2018,,0.0018412470817565918,,,,
,2019,,0.0008989053312689066,,,,
,2020,,0.0008989053312689066,,,,
,2021,,0.0008989053312689066,,,,
,2022,,0.011357607319951057,,,,
,2023,,0.02253737859427929,,,,
,2024,,0.039255332201719284,,,,
,2025,,0.039255332201719284,,,,
,2026,,0.0008754007867537439,,,,
,2027,,0.001275822869502008,,,,
,2028,,0.001275822869502008,,,,
,2029,,0.012874389067292213,,,,
,2030,,0.002224826952442527,,,,
,2031,,0.002224826952442527,,,,
,2032,,0.000964820384979248,,,,
,2033,,0.0017061112448573112,,,,
,2034,,0.011847357265651226,,,,
,2035,,0.0017061112448573112,,,,
,2036,,0.010991517454385757,,,,
,2037,,0.0007620386895723641,,,,
,2038,,0.0007620386895723641,,,,
,2039,,0.0005481086554937065,,,,
,2040,,0.031419169157743454,,,,
,2041,,0.031419169157743454,,,,
,2042,,0.013517070561647415,,,,
,2043,,0.0011502013076096773,,,,
,2044,,0.0011502013076096773,,,,
,2045,,0.0008390305447392166,,,,
,2046,,0.0025621189270168543,,,,
,2047,,0.0025621189270168543,,,,
,2048,,0.01289165485650301,,,,
,2049,,0.001644660485908389,,,,
,2050,,0.054449524730443954,,,,
,2051,,0.001644660485908389,,,,
,2052,,0.0006257098284550011,,,,
,2053,,0.0006257098284550011,,,,
,2054,,0.0006257098284550011,,,,
,2055,,0.06543544679880142,,,,
,2056,,0.06761978566646576,,,,
,2057,,0.06761978566646576,,,,
,2058,,0.0010081154759973288,,,,
,2059,,0.001146002672612667,,,,
,2060,,0.001146002672612667,,,,
,2061,,0.01410340704023838,,,,
,2062,,0.002540135057643056,,,,
,2063,,0.002540135057643056,,,,
,2064,,0.0008151304209604859,,,,
,2065,,0.0022054545115679502,,,,
,2066,,0.0022054545115679502,,,,
,2067,,0.016592003405094147,,,,
,2068,,0.014546085149049759,,,,
,2069,,0.0009017133852466941,,,,
,2070,,0.0009017133852466941,,,,
,2071,,0.0009664735989645123,,,,
,2072,,0.03236614167690277,,,,
,2073,,0.03236614167690277,,,,
,2074,,0.012878445908427238,,,,
,2075,,0.003734108293429017,,,,
,2076,,0.0012784292921423912,,,,
,2077,,0.0012784292921423912,,,,
,2078,,0.0010286197066307068,,,,
,2079,,0.002723588375374675,,,,
,2080,,0.002723588375374675,,,,
,2081,,0.014765284955501556,,,,
,2082,,0.0021703061647713184,,,,
,2083,,0.0021703061647713184,,,,
,2084,,0.0011608123313635588,,,,
,2085,,0.0011608123313635588,,,,
,2086,,0.0011608123313635588,,,,
,2087,,0.012278346344828606,,,,
,2088,,0.03658022731542587,,,,
,2089,,0.03658022731542587,,,,
,2090,,0.00053387664956972,,,,
,2091,,0.0007663817959837615,,,,
,2092,,0.0007663817959837615,,,,
,2093,,0.014654509723186493,,,,
,2094,,0.0017958913231268525,,,,
,2095,,0.002303555840626359,,,,
,2096,,0.002303555840626359,,,,
,2097,,0.0008683572523295879,,,,
,2098,,0.0020908128935843706,,,,
,2099,,0.0020908128935843706,,,,
,2100,,0.013907684944570065,,,,
,2101,,0.0007075158646330237,,,,
,2102,,0.0007075158646330237,,,,
,2103,,0.0006034229882061481,,,,
,2104,,0.03104591555893421,,,,
,2105,,0.03104591555893421,,,,
,2106,,0.030864505097270012,,,,
,2107,,0.01917872577905655,,,,
,2108,,0.01917872577905655,,,,
,2109,,0.0009704857366159558,,,,
,2110,,0.09404797852039337,,,,
,2111,,0.0031778851989656687,,,,
,2112,,0.0031778851989656687,,,,
,2113,,0.014284339733421803,,,,
,2114,,0.002101367339491844,,,,
,2115,,0.002101367339491844,,,,
,2116,,0.0008041755063459277,,,,
,2117,,0.0008041755063459277,,,,
,2118,,0.0008041755063459277,,,,
,2119,,0.022398706525564194,,,,
,2120,,0.014771681278944016,,,,
,2121,,0.03423907980322838,,,,
,2122,,0.03423907980322838,,,,
,2123,,0.0009380430565215647,,,,
,2124,,0.0012140608159825206,,,,
,2125,,0.0012140608159825206,,,,
,2126,,0.01219568494707346,,,,
,2127,,0.0020943244453519583,,,,
,2128,,0.0020943244453519583,,,,
,2129,,0.0009485390037298203,,,,
,2130,,0.0019463015487417579,,,,
,2131,,0.0019463015487417579,,,,
,2132,,0.015257910825312138,,,,
,2133,,0.0010047749383375049,,,,
,2134,,0.0010047749383375049,,,,
,2135,,0.0010688125621527433,,,,
,2136,,0.03334834799170494,,,,
,2137,,0.03334834799170494,,,,
,2138,,0.0227182749658823,,,,
,2139,,0.01264980435371399,,,,
,2140,,0.0010152095928788185,,,,
,2141,,0.0010152095928788185,,,,
,2142,,0.0005786385154351592,,,,
,2143,,0.00248145149089396,,,,
,2144,,0.00248145149089396,,,,
,2145,,0.015248065814375877,,,,
,2146,,0.0018849162152037024,,,,
,2147,,0.0018849162152037024,,,,
,2148,,0.0009125135838985443,,,,
,2149,,0.0009125135838985443,,,,
,2150,,0.0009125135838985443,,,,
,2151,,0.014378273859620094,,,,
,2152,,0.03348350152373314,,,,
,2153,,0.024503633379936218,,,,
,2154,,0.03348350152373314,,,,
,2155,,0.0006149727269075811,,,,
,2156,,0.000882472493685782,,,,
,2157,,0.000882472493685782,,,,
,2158,,0.0681212991476059,,,,
,2159,,0.07772246748209,,,,
,2160,,0.07772246748209,,,,
,2161,,0.001171342097222805,,,,
,2162,,0.0024422286078333855,,,,
,2163,,0.0024422286078333855,,,,
,2164,,0.13083112239837646,,,,
,2165,,0.013948850333690643,,,,
,2166,,0.0009701377712190151,,,,
,2167,,0.0009701377712190151,,,,
,2168,,0.0009124773205257952,,,,
,2169,,0.032201286405324936,,,,
,2170,,0.032201286405324936,,,,
,2171,,0.014826308935880661,,,,
,2172,,0.0013584336265921593,,,,
,2173,,0.0013584336265921593,,,,
,2174,,0.001063144882209599,,,,
,2175,,0.002652360824868083,,,,
,2176,,0.002652360824868083,,,,
,2177,,0.012298538349568844,,,,
,2178,,0.0015887086046859622,,,,
,2179,,0.0015887086046859622,,,,
,2180,,0.014958323910832405,,,,
,2181,,0.0011019271332770586,,,,
,2182,,0.0011019271332770586,,,,
,2183,,0.0011019271332770586,,,,
,2184,,0.014956583268940449,,,,
,2185,,0.03390205651521683,,,,
,2186,,0.03390205651521683,,,,
,2187,,0.0012324686395004392,,,,
,2188,,0.001311114989221096,,,,
,2189,,0.001311114989221096,,,,
,2190,,0.012301693670451641,,,,
,2191,,0.002143068006262183,,,,
,2192,,0.002143068006262183,,,,
,2193,,0.0006040203152224422,,,,
,2194,,0.0019851711113005877,,,,
,2195,,0.0019851711113005877,,,,
,2196,,0.010869167745113373,,,,
,2197,,0.015346481464803219,,,,
,2198,,0.0007316463743336499,,,,
,2199,,0.0007316463743336499,,,,
,2200,,0.0009541800827719271,,,,
,2201,,0.03110106661915779,,,,
,2202,,0.03110106661915779,,,,
,2203,,0.014359314925968647,,,,
,2204,,0.0011063754791393876,,,,
,2205,,0.014680396765470505,,,,
,2206,,0.0011063754791393876,,,,
,2207,,0.0006623499211855233,,,,
,2208,,0.0025543435476720333,,,,
,2209,,0.0025543435476720333,,,,
,2210,,0.14225491881370544,,,,
,2211,,0.1654868870973587,,,,
,2212,,0.1654868870973587,,,,
,2213,,0.0007213906501419842,,,,
,2214,,0.0007213906501419842,,,,
,2215,,0.0007213906501419842,,,,
,2216,,0.010717720724642277,,,,
,2217,,0.037747498601675034,,,,
,2218,,0.037747498601675034,,,,
,2219,,0.0006513199768960476,,,,
,2220,,0.001172882504761219,,,,
,2221,,0.001172882504761219,,,,
,2222,,0.010769136250019073,,,,
,2223,,0.012614867649972439,,,,
,2224,,0.0016864696517586708,,,,
,2225,,0.0016864696517586708,,,,
,2226,,0.0007570884772576392,,,,
,2227,,0.0014869609149172902,,,,
,2228,,0.0014869609149172902,,,,
,2229,,0.009007868357002735,,,,
,2230,,0.175949364900589,,,,
,2231,,0.0008645812631584704,,,,
,2232,,0.0008645812631584704,,,,
,2233,,0.0008061439148150384,,,,
,2234,,0.038867704570293427,,,,
,2235,,0.038867704570293427,,,,
,2236,,0.010939796455204487,,,,
,2237,,0.0012373646022751927,,,,
,2238,,0.0012373646022751927,,,,
,2239,,0.0009161351481452584,,,,
,2240,,0.018618429079651833,,,,
,2241,,0.0021640988998115063,,,,
,2242,,0.0021640988998115063,,,,
,2243,,0.010518373921513557,,,,
,2244,,0.0014547021128237247,,,,
,2245,,0.0014547021128237247,,,,
,2246,,0.0006305024144239724,,,,
,2247,,0.0006305024144239724,,,,
,2248,,0.0006305024144239724,,,,
,2249,,0.011251132003962994,,,,
,2250,,0.008943004533648491,,,,
,2251,,0.0375809408724308,,,,
,2252,,0.0375809408724308,,,,
,2253,,0.0008445208077318966,,,,
,2254,,0.0011226206552237272,,,,
,2255,,0.0011226206552237272,,,,
,2256,,0.011842870153486729,,,,
,2257,,0.002107674954459071,,,,
,2258,,0.002107674954459071,,,,
,2259,,0.0006892467499710619,,,,
,2260,,0.0015729470178484917,,,,
,2261,,0.0015729470178484917,,,,
,2262,,0.09722350537776947,,,,
,2263,,0.11805238574743271,,,,
,2264,,0.11805238574743271,,,,
,2265,,0.0005595023394562304,,,,
,2266,,0.0035247337073087692,,,,
,2267,,0.029058799147605896,,,,
,2268,,0.029058799147605896,,,,
,2269,,0.013097016140818596,,,,
,2270,,0.0008772395667620003,,,,
,2271,,0.0008772395667620003,,,,
,2272,,0.0005343989469110966,,,,
,2273,,0.002230785321444273,,,,
,2274,,0.002230785321444273,,,,
,2275,,0.012719680555164814,,,,
,2276,,0.0018823801074177027,,,,
,2277,,0.0018823801074177027,,,,
,2278,,0.0006055747508071363,,,,
,2279,,0.0006055747508071363,,,,
,2280,,0.0006055747508071363,,,,
,2281,,0.011269564740359783,,,,
,2282,,0.036397553980350494,,,,
,2283,,0.036397553980350494,,,,
,2284,,0.004956463817507029,,,,
,2285,,0.0006403434090316296,,,,
,2286,,0.0009843120351433754,,,,
,2287,,0.0009843120351433754,,,,
,2288,,0.012947705574333668,,,,
,2289,,0.0021185127552598715,,,,
,2290,,0.0021185127552598715,,,,
,2291,,0.0007503006490878761,,,,
,2292,,0.0013322646263986826,,,,
,2293,,0.0019457010785117745,,,,
,2294,,0.0019457010785117745,,,,
,2295,,0.011087064631283283,,,,
,2296,,0.0006071286625228822,,,,
,2297,,0.0006071286625228822,,,,
,2298,,0.0005875802016817033,,,,
,2299,,0.031391557306051254,,,,
,2300,,0.031391557306051254,,,,
,2301,,0.012898318469524384,,,,
,2302,,0.0009660455398261547,,,,
,2303,,0.0009660455398261547,,,,
,2304,,0.0006684967665933073,,,,
,2305,,0.002403521677479148,,,,
,2306,,0.002403521677479148,,,,
,2307,,0.012766296043992043,,,,
,2308,,0.0420900322496891,,,,
,2309,,0.0017489175079390407,,,,
,2310,,0.0017489175079390407,,,,
,2311,,0.0005921379197388887,,,,
,2312,,0.0005921379197388887,,,,
,2313,,0.0005921379197388887,,,,
,2314,,0.09556881338357925,,,,
,2315,,0.09546490013599396,,,,
,2316,,0.09546490013599396,,,,
,2317,,0.0006103419582359493,,,,
,2318,,0.0009008720517158508,,,,
,2319,,0.0009008720517158508,,,,
,2320,,0.013498209416866302,,,,
,2321,,0.0020483979023993015,,,,
,2322,,0.0020483979023993015,,,,
,2323,,0.0005939271068200469,,,,
,2324,,0.002110701287165284,,,,
,2325,,0.002110701287165284,,,,
,2326,,0.013317148201167583,,,,
,2327,,0.1322181671857834,,,,
,2328,,0.0006805667071603239,,,,
,2329,,0.0006805667071603239,,,,
,2330,,0.0006603703950531781,,,,
,2331,,0.033791907131671906,,,,
,2332,,0.033791907131671906,,,,
,2333,,0.011211440898478031,,,,
,2334,,0.1220242902636528,,,,
,2335,,0.0011997621040791273,,,,
,2336,,0.0011997621040791273,,,,
,2337,,0.0006800504634156823,,,,
,2338,,0.001993126468732953,,,,
,2339,,0.001993126468732953,,,,
,2340,,0.013458420522511005,,,,
,2341,,0.0018665598472580314,,,,
,2342,,0.0018665598472580314,,,,
,2343,,0.0007920958450995386,,,,
,2344,,0.0007920958450995386,,,,
,2345,,0.0007920958450995386,,,,
,2346,,0.010878391563892365,,,,
,2347,,0.03888949379324913,,,,
,2348,,0.03888949379324913,,,,
,2349,,0.0005915680667385459,,,,
,2350,,0.0010486454702913761,,,,
,2351,,0.0010486454702913761,,,,
,2352,,0.012288136407732964,,,,
,2353,,0.001488600391894579,,,,
,2354,,0.001796381315216422,,,,
,2355,,0.001796381315216422,,,,
,2356,,0.0007219319231808186,,,,
,2357,,0.0017449849983677268,,,,
,2358,,0.0017449849983677268,,,,
,2359,,0.01285451091825962,,,,
,2360,,0.0006891149096190929,,,,
,2361,,0.0006891149096190929,,,,
,2362,,0.0006142522906884551,,,,
,2363,,0.033338434994220734,,,,
,2364,,0.033338434994220734,,,,
,2365,,0.0930606946349144,,,,
,2366,,0.07343381643295288,,,,
,2367,,0.07343381643295288,,,,
,2368,,0.0008598463027738035,,,,
,2369,,0.004457902163267136,,,,
,2370,,0.0030269960407167673,,,,
,2371,,0.0030269960407167673,,,,
,2372,,0.012858046218752861,,,,
,2373,,0.002009336370974779,,,,
,2374,,0.002009336370974779,,,,
,2375,,0.000682459503877908,,,,
,2376,,0.000682459503877908,,,,
,2377,,0.000682459503877908,,,,
,2378,,0.012598271481692791,,,,
,2379,,0.036735810339450836,,,,
,2380,,0.036735810339450836,,,,
,2381,,0.0008406419074162841,,,,
,2382,,0.0012740143574774265,,,,
,2383,,0.0012740143574774265,,,,
,2384,,0.010808111168444157,,,,
,2385,,0.001799748046323657,,,,
,2386,,0.001799748046323657,,,,
,2387,,0.0008526619640178978,,,,
,2393,5,,0.014500417746603489,,,
,2393,5,,,0.0535825714468956,0.9294710159301758,0.8085642457008362
0.012579230591654778,2394,6,,,,,
0.057034533470869064,2395,6,,,,,
0.017583660781383514,2396,6,,,,,
0.007541181053966284,2397,6,,,,,
0.02833261899650097,2398,6,,,,,
0.06725331395864487,2399,6,,,,,
0.042802128940820694,2400,6,,,,,
0.035601869225502014,2401,6,,,,,
0.044519174844026566,2402,6,,,,,
0.019394394010305405,2403,6,,,,,
0.029638154432177544,2404,6,,,,,
0.022368181496858597,2405,6,,,,,
0.012635594233870506,2406,6,,,,,
0.015202753245830536,2407,6,,,,,
0.017921991646289825,2408,6,,,,,
0.0017922474071383476,2409,6,,,,,
0.0374692901968956,2410,6,,,,,
0.038168516010046005,2411,6,,,,,
0.008429495617747307,2412,6,,,,,
0.03857992962002754,2413,6,,,,,
0.013767940923571587,2414,6,,,,,
0.15471065044403076,2415,6,,,,,
0.03459325432777405,2416,6,,,,,
0.006851236801594496,2417,6,,,,,
0.035262323915958405,2418,6,,,,,
0.00849294662475586,2419,6,,,,,
0.015443745069205761,2420,6,,,,,
0.0020261278841644526,2421,6,,,,,
0.02366316132247448,2422,6,,,,,
0.011228939518332481,2423,6,,,,,
0.04542680084705353,2424,6,,,,,
0.03189251571893692,2425,6,,,,,
0.0076127974316477776,2426,6,,,,,
0.056822147220373154,2427,6,,,,,
0.01570398174226284,2428,6,,,,,
0.13443133234977722,2429,6,,,,,
0.0003380116540938616,2430,6,,,,,
0.013304856605827808,2431,6,,,,,
0.013262586668133736,2432,6,,,,,
0.025679372251033783,2433,6,,,,,
0.2569825053215027,2434,6,,,,,
0.2210865467786789,2435,6,,,,,
0.0028546894900500774,2436,6,,,,,
0.0015396240632981062,2437,6,,,,,
0.006702717859297991,2438,6,,,,,
0.04339450225234032,2439,6,,,,,
0.029066896066069603,2440,6,,,,,
0.012494845315814018,2441,6,,,,,
0.005273414775729179,2442,6,,,,,
0.024124586954712868,2443,6,,,,,
0.003037526272237301,2444,6,,,,,
0.0024123939219862223,2445,6,,,,,
0.05305134132504463,2446,6,,,,,
0.0016529459971934557,2447,6,,,,,
0.06344032287597656,2448,6,,,,,
0.00933957751840353,2449,6,,,,,
0.0037783223669975996,2450,6,,,,,
0.04285663366317749,2451,6,,,,,
0.023311838507652283,2452,6,,,,,
0.056433334946632385,2453,6,,,,,
0.001788511173799634,2454,6,,,,,
0.04216080904006958,2455,6,,,,,
0.034085463732481,2456,6,,,,,
0.05790499597787857,2457,6,,,,,
0.023144491016864777,2458,6,,,,,
0.1075555756688118,2459,6,,,,,
0.007192832417786121,2460,6,,,,,
0.15367330610752106,2461,6,,,,,
0.5469006896018982,2462,6,,,,,
0.0031709473114460707,2463,6,,,,,
0.07752962410449982,2464,6,,,,,
0.1402350217103958,2465,6,,,,,
0.10502444952726364,2466,6,,,,,
0.12984870374202728,2467,6,,,,,
0.03577468916773796,2468,6,,,,,
0.008849868550896645,2469,6,,,,,
0.01126148458570242,2470,6,,,,,
0.004951802548021078,2471,6,,,,,
0.017462825402617455,2472,6,,,,,
0.0686640664935112,2473,6,,,,,
0.03485734388232231,2474,6,,,,,
0.0314396433532238,2475,6,,,,,
0.06163773685693741,2476,6,,,,,
0.04384716972708702,2477,6,,,,,
0.04257658123970032,2478,6,,,,,
0.06975709646940231,2479,6,,,,,
0.048197150230407715,2480,6,,,,,
0.024116000160574913,2481,6,,,,,
0.02707904577255249,2482,6,,,,,
0.11052674800157547,2483,6,,,,,
0.021110735833644867,2484,6,,,,,
0.016603294759988785,2485,6,,,,,
0.0172813031822443,2486,6,,,,,
0.03069719858467579,2487,6,,,,,
0.06923582404851913,2488,6,,,,,
0.04385673627257347,2489,6,,,,,
0.07566465437412262,2490,6,,,,,
0.019878186285495758,2491,6,,,,,
0.015425503253936768,2492,6,,,,,
0.09220169484615326,2493,6,,,,,
0.13111338019371033,2494,6,,,,,
0.08510223031044006,2495,6,,,,,
0.10495069622993469,2496,6,,,,,
0.014575134962797165,2497,6,,,,,
0.05371749401092529,2498,6,,,,,
0.055071763694286346,2499,6,,,,,
0.009584045968949795,2500,6,,,,,
0.09529341757297516,2501,6,,,,,
0.015452669002115726,2502,6,,,,,
0.022475281730294228,2503,6,,,,,
0.009433113038539886,2504,6,,,,,
0.0010374675039201975,2505,6,,,,,
0.015821440145373344,2506,6,,,,,
0.01096876710653305,2507,6,,,,,
0.022595003247261047,2508,6,,,,,
0.0316799059510231,2509,6,,,,,
0.015797242522239685,2510,6,,,,,
0.026636086404323578,2511,6,,,,,
0.04167696833610535,2512,6,,,,,
0.020234696567058563,2513,6,,,,,
0.015727808699011803,2514,6,,,,,
0.0032504466362297535,2515,6,,,,,
0.007823284715414047,2516,6,,,,,
0.045462466776371,2517,6,,,,,
0.057286836206912994,2518,6,,,,,
0.025427386164665222,2519,6,,,,,
0.0062817796133458614,2520,6,,,,,
0.10223349183797836,2521,6,,,,,
0.0021686460822820663,2522,6,,,,,
0.06159402057528496,2523,6,,,,,
0.04869873821735382,2524,6,,,,,
0.004297699313610792,2525,6,,,,,
0.1029309332370758,2526,6,,,,,
0.06448549032211304,2527,6,,,,,
0.0075115724466741085,2528,6,,,,,
0.19227942824363708,2529,6,,,,,
0.07968326658010483,2530,6,,,,,
0.0030731922015547752,2531,6,,,,,
0.007930015213787556,2532,6,,,,,
0.01214241236448288,2533,6,,,,,
0.02188069559633732,2534,6,,,,,
0.009087612852454185,2535,6,,,,,
0.0460982583463192,2536,6,,,,,
0.0009704187978059053,2537,6,,,,,
0.015727486461400986,2538,6,,,,,
0.00530614098533988,2539,6,,,,,
0.05695135146379471,2540,6,,,,,
0.0031755324453115463,2541,6,,,,,
0.005365574732422829,2542,6,,,,,
0.006363800261169672,2543,6,,,,,
0.021430421620607376,2544,6,,,,,
0.057158567011356354,2545,6,,,,,
0.018952861428260803,2546,6,,,,,
0.19646276533603668,2547,6,,,,,
0.07433278113603592,2548,6,,,,,
0.014395855367183685,2549,6,,,,,
0.012674697674810886,2550,6,,,,,
0.08888019621372223,2551,6,,,,,
0.004156953655183315,2552,6,,,,,
0.053606461733579636,2553,6,,,,,
0.13787081837654114,2554,6,,,,,
0.020396506413817406,2555,6,,,,,
0.11823216080665588,2556,6,,,,,
0.17611953616142273,2557,6,,,,,
0.05451645702123642,2558,6,,,,,
0.04779636487364769,2559,6,,,,,
0.013291125185787678,2560,6,,,,,
0.016317078843712807,2561,6,,,,,
0.07031688094139099,2562,6,,,,,
0.06383658945560455,2563,6,,,,,
0.07268493622541428,2564,6,,,,,
0.05589257553219795,2565,6,,,,,
0.04677637666463852,2566,6,,,,,
0.06348414719104767,2567,6,,,,,
0.03321453556418419,2568,6,,,,,
0.012551374733448029,2569,6,,,,,
0.013011333532631397,2570,6,,,,,
0.007139596156775951,2571,6,,,,,
0.009366029873490334,2572,6,,,,,
0.0010945945978164673,2573,6,,,,,
0.03653663769364357,2574,6,,,,,
0.019380787387490273,2575,6,,,,,
0.18495428562164307,2576,6,,,,,
0.05816151201725006,2577,6,,,,,
0.04495884105563164,2578,6,,,,,
0.10078136622905731,2579,6,,,,,
0.03247640281915665,2580,6,,,,,
0.017909273505210876,2581,6,,,,,
0.0038373968563973904,2582,6,,,,,
0.014084192924201488,2583,6,,,,,
0.0011263914639130235,2584,6,,,,,
0.01895892061293125,2585,6,,,,,
0.010226505808532238,2586,6,,,,,
0.011342904530465603,2587,6,,,,,
0.08271456509828568,2588,6,,,,,
0.002889223862439394,2589,6,,,,,
0.01591637171804905,2590,6,,,,,
0.0339934378862381,2591,6,,,,,
0.031949955970048904,2592,6,,,,,
0.005481853615492582,2593,6,,,,,
0.01166647206991911,2594,6,,,,,
0.004875605460256338,2595,6,,,,,
0.009605847299098969,2596,6,,,,,
0.0011186340125277638,2597,6,,,,,
0.08874405175447464,2598,6,,,,,
0.031414277851581573,2599,6,,,,,
0.021385272964835167,2600,6,,,,,
0.004730477463454008,2601,6,,,,,
0.0013996962225064635,2602,6,,,,,
0.020876483991742134,2603,6,,,,,
0.0029282511677592993,2604,6,,,,,
0.04733481630682945,2605,6,,,,,
0.052451107650995255,2606,6,,,,,
0.008611221797764301,2607,6,,,,,
0.027724245563149452,2608,6,,,,,
0.014122772961854935,2609,6,,,,,
0.043535392731428146,2610,6,,,,,
0.00928584672510624,2611,6,,,,,
0.05172864347696304,2612,6,,,,,
0.002506860066205263,2613,6,,,,,
0.08211535960435867,2614,6,,,,,
0.057281121611595154,2615,6,,,,,
0.023194512352347374,2616,6,,,,,
0.005182519555091858,2617,6,,,,,
0.07067059725522995,2618,6,,,,,
0.009295837953686714,2619,6,,,,,
0.09183330088853836,2620,6,,,,,
0.0009642279474064708,2621,6,,,,,
0.0027246910613030195,2622,6,,,,,
0.002373415045440197,2623,6,,,,,
0.006439202465116978,2624,6,,,,,
0.03661332651972771,2625,6,,,,,
0.002242678077891469,2626,6,,,,,
0.06403615325689316,2627,6,,,,,
0.011821191757917404,2628,6,,,,,
0.014661055989563465,2629,6,,,,,
0.002234287792816758,2630,6,,,,,
0.02137623354792595,2631,6,,,,,
0.01855337992310524,2632,6,,,,,
0.006219765171408653,2633,6,,,,,
0.014628039672970772,2634,6,,,,,
0.002540874993428588,2635,6,,,,,
0.0013593657640740275,2636,6,,,,,
0.001274289796128869,2637,6,,,,,
0.24105384945869446,2638,6,,,,,
0.012718047015368938,2639,6,,,,,
0.000810675963293761,2640,6,,,,,
0.0015401947312057018,2641,6,,,,,
0.005182057153433561,2642,6,,,,,
0.000517969427164644,2643,6,,,,,
0.013273642398416996,2644,6,,,,,
0.0012975456193089485,2645,6,,,,,
0.004325819201767445,2646,6,,,,,
0.019706569612026215,2647,6,,,,,
0.021416567265987396,2648,6,,,,,
0.0014020344242453575,2649,6,,,,,
0.002613095799461007,2650,6,,,,,
0.0006104118656367064,2651,6,,,,,
0.006010099314153194,2652,6,,,,,
0.03536597266793251,2653,6,,,,,
0.017404116690158844,2654,6,,,,,
0.007314112037420273,2655,6,,,,,
0.0019562591332942247,2656,6,,,,,
0.004147347062826157,2657,6,,,,,
0.001970240380614996,2658,6,,,,,
0.21256910264492035,2659,6,,,,,
0.0007412969716824591,2660,6,,,,,
0.09672495722770691,2661,6,,,,,
0.015633581206202507,2662,6,,,,,
0.015125066041946411,2663,6,,,,,
0.035074274986982346,2664,6,,,,,
0.013100985437631607,2665,6,,,,,
0.0058381762355566025,2666,6,,,,,
0.022223757579922676,2667,6,,,,,
0.09485817700624466,2668,6,,,,,
0.001231739646755159,2669,6,,,,,
0.0036759981885552406,2670,6,,,,,
0.049482833594083786,2671,6,,,,,
0.3031143844127655,2672,6,,,,,
0.11531225591897964,2673,6,,,,,
0.04100945219397545,2674,6,,,,,
0.005354879889637232,2675,6,,,,,
0.47575482726097107,2676,6,,,,,
0.003055633744224906,2677,6,,,,,
0.01609182357788086,2678,6,,,,,
0.37840449810028076,2679,6,,,,,
0.11179336160421371,2680,6,,,,,
0.10889827460050583,2681,6,,,,,
0.15619350969791412,2682,6,,,,,
0.06948818266391754,2683,6,,,,,
0.0015401276759803295,2684,6,,,,,
0.009164078161120415,2685,6,,,,,
0.038655005395412445,2686,6,,,,,
0.02003932185471058,2687,6,,,,,
0.24628251791000366,2688,6,,,,,
0.005965441465377808,2689,6,,,,,
0.20084267854690552,2690,6,,,,,
0.2986428141593933,2691,6,,,,,
0.13186953961849213,2692,6,,,,,
0.006715146824717522,2693,6,,,,,
0.09944313764572144,2694,6,,,,,
0.011254684999585152,2695,6,,,,,
0.021642183884978294,2696,6,,,,,
0.0040885587222874165,2697,6,,,,,
0.16067509353160858,2698,6,,,,,
0.012155082076787949,2699,6,,,,,
0.13071812689304352,2700,6,,,,,
0.06269001960754395,2701,6,,,,,
0.0321945920586586,2702,6,,,,,
0.1905827522277832,2703,6,,,,,
0.20644031465053558,2704,6,,,,,
0.30110281705856323,2705,6,,,,,
0.0033499612472951412,2706,6,,,,,
0.018370291218161583,2707,6,,,,,
0.06023725867271423,2708,6,,,,,
0.00207521696574986,2709,6,,,,,
0.044751185923814774,2710,6,,,,,
0.03395367041230202,2711,6,,,,,
0.10158775001764297,2712,6,,,,,
0.018474701792001724,2713,6,,,,,
0.1919039934873581,2714,6,,,,,
0.012370400130748749,2715,6,,,,,
0.18985594809055328,2716,6,,,,,
0.011108354665338993,2717,6,,,,,
0.04198514297604561,2718,6,,,,,
0.19232551753520966,2719,6,,,,,
0.004103050101548433,2720,6,,,,,
0.014179888181388378,2721,6,,,,,
0.19767722487449646,2722,6,,,,,
0.026259342208504677,2723,6,,,,,
0.014136343263089657,2724,6,,,,,
0.017787935212254524,2725,6,,,,,
0.02469484880566597,2726,6,,,,,
0.08554867655038834,2727,6,,,,,
0.05713284760713577,2728,6,,,,,
0.05337132140994072,2729,6,,,,,
0.044510193169116974,2730,6,,,,,
0.005440945271402597,2731,6,,,,,
0.028898637741804123,2732,6,,,,,
0.06576956063508987,2733,6,,,,,
0.0202883742749691,2734,6,,,,,
0.10487449914216995,2735,6,,,,,
0.3874070644378662,2736,6,,,,,
0.009694940410554409,2737,6,,,,,
0.62376868724823,2738,6,,,,,
0.11647867411375046,2739,6,,,,,
0.1229497566819191,2740,6,,,,,
0.0057570114731788635,2741,6,,,,,
0.05623924732208252,2742,6,,,,,
0.07042180001735687,2743,6,,,,,
0.004364165011793375,2744,6,,,,,
0.0803348571062088,2745,6,,,,,
0.02718004398047924,2746,6,,,,,
0.2933529317378998,2747,6,,,,,
0.028526507318019867,2748,6,,,,,
0.01601186953485012,2749,6,,,,,
0.06663446128368378,2750,6,,,,,
0.015942027792334557,2751,6,,,,,
0.017794989049434662,2752,6,,,,,
0.01536307018250227,2753,6,,,,,
0.07346750050783157,2754,6,,,,,
0.028011608868837357,2755,6,,,,,
0.05182169750332832,2756,6,,,,,
0.046917933970689774,2757,6,,,,,
0.002822655951604247,2758,6,,,,,
0.005080483853816986,2759,6,,,,,
0.3512546122074127,2760,6,,,,,
0.003378328401595354,2761,6,,,,,
0.00469850143417716,2762,6,,,,,
0.0032980076503008604,2763,6,,,,,
0.040266938507556915,2764,6,,,,,
0.011517682112753391,2765,6,,,,,
0.03699910640716553,2766,6,,,,,
0.021425394341349602,2767,6,,,,,
0.05904265493154526,2768,6,,,,,
0.06318028271198273,2769,6,,,,,
0.027671240270137787,2770,6,,,,,
0.005995514336973429,2771,6,,,,,
0.011952425353229046,2772,6,,,,,
0.005697544664144516,2773,6,,,,,
0.0792308822274208,2774,6,,,,,
0.00945303775370121,2775,6,,,,,
0.01570899598300457,2776,6,,,,,
0.020952913910150528,2777,6,,,,,
0.008721076883375645,2778,6,,,,,
0.12361667305231094,2779,6,,,,,
0.009113537147641182,2780,6,,,,,
0.025582974776625633,2781,6,,,,,
0.031229209154844284,2782,6,,,,,
0.05794711783528328,2783,6,,,,,
0.04600725322961807,2784,6,,,,,
0.0076388586312532425,2785,6,,,,,
0.016484534367918968,2786,6,,,,,
0.02426961436867714,2787,6,,,,,
0.016918791458010674,2788,6,,,,,
0.003833856899291277,2789,6,,,,,
0.018053770065307617,2790,6,,,,,
0.012779967859387398,2791,6,,,,,
0.004920335952192545,2792,6,,,,,
,2388,,0.016379650682210922,,,,
,2389,,0.06002207100391388,,,,
,2390,,0.008936303667724133,,,,
,2391,,0.008936303667724133,,,,
,2392,,0.0007723101880401373,,,,
,2393,,0.002271125093102455,,,,
,2394,,0.002271125093102455,,,,
,2395,,0.01776796765625477,,,,
,2396,,0.004691855050623417,,,,
,2397,,0.004691855050623417,,,,
,2398,,0.000749212980736047,,,,
,2399,,0.006514347158372402,,,,
,2400,,0.006514347158372402,,,,
,2401,,0.014277251437306404,,,,
,2402,,0.016905110329389572,,,,
,2403,,0.016905110329389572,,,,
,2404,,0.0005416236235760152,,,,
,2405,,0.03286827355623245,,,,
,2406,,0.009308039210736752,,,,
,2407,,0.009308039210736752,,,,
,2408,,0.01598529890179634,,,,
,2409,,0.0010643150890246034,,,,
,2410,,0.0010643150890246034,,,,
,2411,,0.0004803515621460974,,,,
,2412,,0.0044675953686237335,,,,
,2413,,0.0044675953686237335,,,,
,2414,,0.034604430198669434,,,,
,2415,,0.01612652838230133,,,,
,2416,,0.01612652838230133,,,,
,2417,,0.0008005886920727789,,,,
,2418,,0.0008005886920727789,,,,
,2419,,0.0008005886920727789,,,,
,2420,,0.013152604922652245,,,,
,2421,,0.02595743164420128,,,,
,2422,,0.011306318454444408,,,,
,2423,,0.011306318454444408,,,,
,2424,,0.0006514097913168371,,,,
,2425,,0.0013067290419712663,,,,
,2426,,0.0013067290419712663,,,,
,2427,,0.014437618665397167,,,,
,2428,,0.0038378320168703794,,,,
,2429,,0.0038378320168703794,,,,
,2430,,0.0006815735250711441,,,,
,2431,,0.0034854370169341564,,,,
,2432,,0.033316463232040405,,,,
,2433,,0.0034854370169341564,,,,
,2434,,0.012502792291343212,,,,
,2435,,0.00041873418376781046,,,,
,2436,,0.00041873418376781046,,,,
,2437,,0.00034002805477939546,,,,
,2438,,0.00687602162361145,,,,
,2439,,0.00687602162361145,,,,
,2440,,0.01345349382609129,,,,
,2441,,0.0006483154138550162,,,,
,2442,,0.0006483154138550162,,,,
,2443,,0.0005232427502050996,,,,
,2444,,0.004027346149086952,,,,
,2445,,0.004027346149086952,,,,
,2446,,0.01572994329035282,,,,
,2447,,0.00301872449927032,,,,
,2448,,0.05937555432319641,,,,
,2449,,0.00301872449927032,,,,
,2450,,0.0004157611110713333,,,,
,2451,,0.0004157611110713333,,,,
,2452,,0.0004157611110713333,,,,
,2453,,0.01827079989016056,,,,
,2454,,0.012947477400302887,,,,
,2455,,0.012947477400302887,,,,
,2456,,0.0005428149597719312,,,,
,2457,,0.001026520156301558,,,,
,2458,,0.001026520156301558,,,,
,2459,,0.020426206290721893,,,,
,2460,,0.005754535552114248,,,,
,2461,,0.005754535552114248,,,,
,2462,,0.00045725301606580615,,,,
,2463,,0.0041183726862072945,,,,
,2464,,0.0041183726862072945,,,,
,2465,,0.021544650197029114,,,,
,2466,,0.03619697317481041,,,,
,2467,,0.0036675557494163513,,,,
,2468,,0.0036675557494163513,,,,
,2469,,0.0008553614607080817,,,,
,2470,,0.011103279888629913,,,,
,2471,,0.011103279888629913,,,,
,2472,,0.01558452658355236,,,,
,2473,,0.004455691669136286,,,,
,2474,,0.001856210408732295,,,,
,2475,,0.001856210408732295,,,,
,2476,,0.0007027561659924686,,,,
,2477,,0.005679558962583542,,,,
,2478,,0.005679558962583542,,,,
,2479,,0.01739908941090107,,,,
,2480,,0.004001375287771225,,,,
,2481,,0.004001375287771225,,,,
,2482,,0.000705208454746753,,,,
,2483,,0.000705208454746753,,,,
,2484,,0.000705208454746753,,,,
,2485,,0.01458460371941328,,,,
,2486,,0.008066012524068356,,,,
,2487,,0.008066012524068356,,,,
,2488,,0.0002646976208779961,,,,
,2489,,0.00045042819692753255,,,,
,2490,,0.00045042819692753255,,,,
,2491,,0.01573704555630684,,,,
,2492,,0.0020926594734191895,,,,
,2493,,0.003553757444024086,,,,
,2494,,0.003553757444024086,,,,
,2495,,0.0007067904225550592,,,,
,2496,,0.0048086619935929775,,,,
,2497,,0.0048086619935929775,,,,
,2498,,0.017811350524425507,,,,
,2499,,0.0005986567703075707,,,,
,2500,,0.0005986567703075707,,,,
,2501,,0.0005651821848005056,,,,
,2502,,0.008505585603415966,,,,
,2503,,0.008505585603415966,,,,
,2504,,0.019061176106333733,,,,
,2505,,0.010262934491038322,,,,
,2506,,0.010262934491038322,,,,
,2507,,0.0005141858127899468,,,,
,2508,,0.11416371911764145,,,,
,2509,,0.006467254366725683,,,,
,2510,,0.006467254366725683,,,,
,2511,,0.0211764108389616,,,,
,2512,,0.004860932007431984,,,,
,2513,,0.004860932007431984,,,,
,2514,,0.0005348764243535697,,,,
,2515,,0.0005348764243535697,,,,
,2516,,0.0005348764243535697,,,,
,2517,,0.04914223030209541,,,,
,2518,,0.041758839040994644,,,,
,2519,,0.030737342312932014,,,,
,2520,,0.030737342312932014,,,,
,2521,,0.0008721600170247257,,,,
,2522,,0.0021438775584101677,,,,
,2523,,0.0021438775584101677,,,,
,2524,,0.016306396573781967,,,,
,2525,,0.005318487528711557,,,,
,2526,,0.005318487528711557,,,,
,2527,,0.0008894749917089939,,,,
,2528,,0.004626997280865908,,,,
,2529,,0.004626997280865908,,,,
,2530,,0.0172788817435503,,,,
,2531,,0.0006377429235726595,,,,
,2532,,0.0006377429235726595,,,,
,2533,,0.0007299381541088223,,,,
,2534,,0.010468597523868084,,,,
,2535,,0.010468597523868084,,,,
,2536,,0.0384574793279171,,,,
,2537,,0.014830386266112328,,,,
,2538,,0.0006969839450903237,,,,
,2539,,0.0006969839450903237,,,,
,2540,,0.0002683776547200978,,,,
,2541,,0.003147840965539217,,,,
,2542,,0.003147840965539217,,,,
,2543,,0.015572967007756233,,,,
,2544,,0.0028795453254133463,,,,
,2545,,0.0028795453254133463,,,,
,2546,,0.0008392542949877679,,,,
,2547,,0.0008392542949877679,,,,
,2548,,0.0008392542949877679,,,,
,2549,,0.018171707168221474,,,,
,2550,,0.01141433697193861,,,,
,2551,,0.042843420058488846,,,,
,2552,,0.01141433697193861,,,,
,2553,,0.0005964626907370985,,,,
,2554,,0.001450108946301043,,,,
,2555,,0.001450108946301043,,,,
,2556,,0.02455456182360649,,,,
,2557,,0.012574512511491776,,,,
,2558,,0.012574512511491776,,,,
,2559,,0.0006826174794696271,,,,
,2560,,0.004909029230475426,,,,
,2561,,0.004909029230475426,,,,
,2562,,0.035908523947000504,,,,
,2563,,0.020393291488289833,,,,
,2564,,0.0006750486791133881,,,,
,2565,,0.0006750486791133881,,,,
,2566,,0.0004929025308229029,,,,
,2567,,0.00859030894935131,,,,
,2568,,0.00859030894935131,,,,
,2569,,0.03514700010418892,,,,
,2570,,0.00997356977313757,,,,
,2571,,0.00997356977313757,,,,
,2572,,0.0007772750104777515,,,,
,2573,,0.006265181116759777,,,,
,2574,,0.006265181116759777,,,,
,2575,,0.01569330133497715,,,,
,2576,,0.0037004812620580196,,,,
,2577,,0.0037004812620580196,,,,
,2578,,0.025844991207122803,,,,
,2579,,0.0007913335575722158,,,,
,2580,,0.0007913335575722158,,,,
,2581,,0.0007913335575722158,,,,
,2582,,0.016996655613183975,,,,
,2583,,0.01040232926607132,,,,
,2584,,0.01040232926607132,,,,
,2585,,0.0006893500103615224,,,,
,2586,,0.0012090497184544802,,,,
,2587,,0.0012090497184544802,,,,
,2588,,0.014339100569486618,,,,
,2589,,0.003006248502060771,,,,
,2590,,0.003006248502060771,,,,
,2591,,0.0002744969096966088,,,,
,2592,,0.00259069399908185,,,,
,2593,,0.00259069399908185,,,,
,2594,,0.024757998064160347,,,,
,2595,,0.01550013292580843,,,,
,2596,,0.00039498272235505283,,,,
,2597,,0.00039498272235505283,,,,
,2598,,0.0006727779400534928,,,,
,2599,,0.009516230784356594,,,,
,2600,,0.009516230784356594,,,,
,2601,,0.01804986409842968,,,,
,2602,,0.0013342286692932248,,,,
,2603,,0.02656722068786621,,,,
,2604,,0.0013342286692932248,,,,
,2605,,0.000495713553391397,,,,
,2606,,0.005596180912107229,,,,
,2607,,0.005596180912107229,,,,
,2608,,0.04157549515366554,,,,
,2609,,0.039969202131032944,,,,
,2610,,0.039969202131032944,,,,
,2611,,0.0004101983504369855,,,,
,2612,,0.0004101983504369855,,,,
,2613,,0.0004101983504369855,,,,
,2614,,0.014576111920177937,,,,
,2615,,0.009373640641570091,,,,
,2616,,0.009373640641570091,,,,
,2617,,0.00028404363547451794,,,,
,2618,,0.0006056670681573451,,,,
,2619,,0.0006056670681573451,,,,
,2620,,0.022531410679221153,,,,
,2621,,0.08135963976383209,,,,
,2622,,0.009631653316318989,,,,
,2623,,0.009631653316318989,,,,
,2624,,0.0003491758252494037,,,,
,2625,,0.0028424670454114676,,,,
,2626,,0.0028424670454114676,,,,
,2627,,0.011554209515452385,,,,
,2628,,0.2126585990190506,,,,
,2629,,0.0005415132036432624,,,,
,2630,,0.0005415132036432624,,,,
,2631,,0.00047170455218292773,,,,
,2632,,0.010217280127108097,,,,
,2633,,0.010217280127108097,,,,
,2634,,0.01308752503246069,,,,
,2635,,0.0007592931506223977,,,,
,2636,,0.0007592931506223977,,,,
,2637,,0.0004079368954990059,,,,
,2638,,0.03275516629219055,,,,
,2639,,0.003512031165882945,,,,
,2640,,0.003512031165882945,,,,
,2641,,0.012525512836873531,,,,
,2642,,0.0022163274697959423,,,,
,2643,,0.0022163274697959423,,,,
,2644,,0.00024956086417660117,,,,
,2645,,0.00024956086417660117,,,,
,2646,,0.00024956086417660117,,,,
,2647,,0.011548249050974846,,,,
,2648,,0.028105057775974274,,,,
,2649,,0.008965158835053444,,,,
,2650,,0.008965158835053444,,,,
,2651,,0.0003377579268999398,,,,
,2652,,0.0005883814301341772,,,,
,2653,,0.0005883814301341772,,,,
,2654,,0.014882133342325687,,,,
,2655,,0.0036872525233775377,,,,
,2656,,0.0036872525233775377,,,,
,2657,,0.00030252739088609815,,,,
,2658,,0.002850470133125782,,,,
,2659,,0.002850470133125782,,,,
,2660,,0.057057030498981476,,,,
,2661,,0.1033063754439354,,,,
,2662,,0.1033063754439354,,,,
,2663,,0.0003934710402972996,,,,
,2664,,0.030497828498482704,,,,
,2665,,0.007309450302273035,,,,
,2666,,0.007309450302273035,,,,
,2667,,0.016491733491420746,,,,
,2668,,0.0012136517325416207,,,,
,2669,,0.0012136517325416207,,,,
,2670,,0.000244751397985965,,,,
,2671,,0.0034308359026908875,,,,
,2672,,0.0034308359026908875,,,,
,2673,,0.020487762987613678,,,,
,2674,,0.00864070188254118,,,,
,2675,,0.00864070188254118,,,,
,2676,,0.00027034766389988363,,,,
,2677,,0.00027034766389988363,,,,
,2678,,0.00027034766389988363,,,,
,2679,,0.012880043126642704,,,,
,2680,,0.009650949388742447,,,,
,2681,,0.009650949388742447,,,,
,2682,,0.030092477798461914,,,,
,2683,,0.0003411649086046964,,,,
,2684,,0.0007016747840680182,,,,
,2685,,0.0007016747840680182,,,,
,2686,,0.013968770392239094,,,,
,2687,,0.0029561109840869904,,,,
,2688,,0.0029561109840869904,,,,
,2689,,0.00029935510247014463,,,,
,2690,,0.0008601990994066,,,,
,2691,,0.002994037698954344,,,,
,2692,,0.002994037698954344,,,,
,2693,,0.01211258489638567,,,,
,2694,,0.00021832853963132948,,,,
,2695,,0.00021832853963132948,,,,
,2696,,0.00023668730864301324,,,,
,2697,,0.006524673197418451,,,,
,2698,,0.006524673197418451,,,,
,2699,,0.012072782032191753,,,,
,2700,,0.0003637158079072833,,,,
,2701,,0.0003637158079072833,,,,
,2702,,0.00025983431260101497,,,,
,2703,,0.003077766625210643,,,,
,2704,,0.003077766625210643,,,,
,2705,,0.014596253633499146,,,,
,2706,,0.010759850963950157,,,,
,2707,,0.0028157655615359545,,,,
,2708,,0.0028157655615359545,,,,
,2709,,0.00039496328099630773,,,,
,2710,,0.00039496328099630773,,,,
,2711,,0.00039496328099630773,,,,
,2712,,0.036796826869249344,,,,
,2713,,0.033664315938949585,,,,
,2714,,0.033664315938949585,,,,
,2715,,0.0003974586434196681,,,,
,2716,,0.0009593307040631771,,,,
,2717,,0.0009593307040631771,,,,
,2718,,0.016002902761101723,,,,
,2719,,0.0036923494189977646,,,,
,2720,,0.0036923494189977646,,,,
,2721,,0.0003337349626235664,,,,
,2722,,0.0033635571599006653,,,,
,2723,,0.0033635571599006653,,,,
,2724,,0.02976195514202118,,,,
,2725,,0.07306265085935593,,,,
,2726,,0.00208016624674201,,,,
,2727,,0.00208016624674201,,,,
,2728,,0.00036589259980246425,,,,
,2729,,0.008719268254935741,,,,
,2730,,0.008719268254935741,,,,
,2731,,0.012329721823334694,,,,
,2732,,0.06320676952600479,,,,
,2733,,0.001349353464320302,,,,
,2734,,0.001349353464320302,,,,
,2735,,0.0004298870044294745,,,,
,2736,,0.0029337096493691206,,,,
,2737,,0.0029337096493691206,,,,
,2738,,0.012708883732557297,,,,
,2739,,0.002624407410621643,,,,
,2740,,0.002624407410621643,,,,
,2741,,0.0003716703213285655,,,,
,2742,,0.0003716703213285655,,,,
,2743,,0.0003716703213285655,,,,
,2744,,0.011230628937482834,,,,
,2745,,0.008776513859629631,,,,
,2746,,0.008776513859629631,,,,
,2747,,0.0002558582054916769,,,,
,2748,,0.0005283666541799903,,,,
,2749,,0.0005283666541799903,,,,
,2750,,0.011382820084691048,,,,
,2751,,0.0007703811279498041,,,,
,2752,,0.0020994613878428936,,,,
,2753,,0.0020994613878428936,,,,
,2754,,0.00040352324140258133,,,,
,2755,,0.003287187311798334,,,,
,2756,,0.003287187311798334,,,,
,2757,,0.01266292855143547,,,,
,2758,,0.0003096377186011523,,,,
,2759,,0.0003096377186011523,,,,
,2760,,0.0004579354135785252,,,,
,2761,,0.00922485627233982,,,,
,2762,,0.00922485627233982,,,,
,2763,,0.03669958934187889,,,,
,2764,,0.040288932621479034,,,,
,2765,,0.040288932621479034,,,,
,2766,,0.0007209145114757121,,,,
,2767,,0.0027642720378935337,,,,
,2768,,0.007482763379812241,,,,
,2769,,0.007482763379812241,,,,
,2770,,0.020639333873987198,,,,
,2771,,0.006613452453166246,,,,
,2772,,0.006613452453166246,,,,
,2773,,0.00044803632772527635,,,,
,2774,,0.00044803632772527635,,,,
,2775,,0.00044803632772527635,,,,
,2776,,0.04428697004914284,,,,
,2777,,0.030124884098768234,,,,
,2778,,0.030124884098768234,,,,
,2779,,0.0006952155381441116,,,,
,2780,,0.0017837980994954705,,,,
,2781,,0.0017837980994954705,,,,
,2782,,0.015523230656981468,,,,
,2783,,0.004658939316868782,,,,
,2784,,0.004658939316868782,,,,
,2785,,0.0007602620753459632,,,,
,2792,6,,0.010002540424466133,,,
,2792,6,,,0.04920154809951782,0.9748110771179199,0.9370276927947998
0.010993072763085365,2793,7,,,,,
0.006320859305560589,2794,7,,,,,
0.017966201528906822,2795,7,,,,,
0.005167136900126934,2796,7,,,,,
0.11354213953018188,2797,7,,,,,
0.10147717595100403,2798,7,,,,,
0.02339562028646469,2799,7,,,,,
0.01483802031725645,2800,7,,,,,
0.003574164118617773,2801,7,,,,,
0.0011710566468536854,2802,7,,,,,
0.005441865883767605,2803,7,,,,,
0.04345292970538139,2804,7,,,,,
0.055472481995821,2805,7,,,,,
0.0014093625359237194,2806,7,,,,,
0.005767311900854111,2807,7,,,,,
0.017610367387533188,2808,7,,,,,
0.001475857337936759,2809,7,,,,,
0.01217605546116829,2810,7,,,,,
0.1047646552324295,2811,7,,,,,
0.00188233214430511,2812,7,,,,,
0.12201892584562302,2813,7,,,,,
0.01451130025088787,2814,7,,,,,
0.017037343233823776,2815,7,,,,,
0.018484946340322495,2816,7,,,,,
0.0015360837569460273,2817,7,,,,,
0.00025206574355252087,2818,7,,,,,
0.004438851494342089,2819,7,,,,,
0.07997146993875504,2820,7,,,,,
0.008661019615828991,2821,7,,,,,
0.06829160451889038,2822,7,,,,,
0.004553600680083036,2823,7,,,,,
0.001171699957922101,2824,7,,,,,
0.02924695797264576,2825,7,,,,,
0.022169502452015877,2826,7,,,,,
0.04451901465654373,2827,7,,,,,
0.03251958638429642,2828,7,,,,,
0.010633163154125214,2829,7,,,,,
0.020405609160661697,2830,7,,,,,
0.08212918043136597,2831,7,,,,,
0.03275170549750328,2832,7,,,,,
0.04145459085702896,2833,7,,,,,
0.0029439188074320555,2834,7,,,,,
0.009036077186465263,2835,7,,,,,
0.17314423620700836,2836,7,,,,,
0.0198704544454813,2837,7,,,,,
0.03441886976361275,2838,7,,,,,
0.0057587772607803345,2839,7,,,,,
0.033638522028923035,2840,7,,,,,
0.0036511339712888002,2841,7,,,,,
0.02066865935921669,2842,7,,,,,
0.007886279374361038,2843,7,,,,,
0.008931761607527733,2844,7,,,,,
0.0005211768439039588,2845,7,,,,,
0.002819166984409094,2846,7,,,,,
0.011597270146012306,2847,7,,,,,
0.035199783742427826,2848,7,,,,,
0.027246622368693352,2849,7,,,,,
0.009067961946129799,2850,7,,,,,
0.011688197031617165,2851,7,,,,,
0.09005939215421677,2852,7,,,,,
0.0010548654245212674,2853,7,,,,,
0.045374128967523575,2854,7,,,,,
0.013689306564629078,2855,7,,,,,
0.0032999475952237844,2856,7,,,,,
0.07918906956911087,2857,7,,,,,
0.01787390373647213,2858,7,,,,,
0.003581781405955553,2859,7,,,,,
0.004352213349193335,2860,7,,,,,
0.003577511291950941,2861,7,,,,,
0.0015991122927516699,2862,7,,,,,
0.01792233996093273,2863,7,,,,,
0.0009743017144501209,2864,7,,,,,
0.011692577041685581,2865,7,,,,,
0.0017071765614673495,2866,7,,,,,
0.018387772142887115,2867,7,,,,,
0.0017140080453827977,2868,7,,,,,
0.07869915664196014,2869,7,,,,,
0.03264511376619339,2870,7,,,,,
0.0029576572123914957,2871,7,,,,,
0.0030306687112897635,2872,7,,,,,
0.005308105610311031,2873,7,,,,,
0.008171776309609413,2874,7,,,,,
0.0029872911982238293,2875,7,,,,,
0.00515810027718544,2876,7,,,,,
0.010259528644382954,2877,7,,,,,
0.05283414572477341,2878,7,,,,,
0.030073467642068863,2879,7,,,,,
0.0015121385222300887,2880,7,,,,,
0.001485051354393363,2881,7,,,,,
0.0010302464943379164,2882,7,,,,,
0.04046095162630081,2883,7,,,,,
0.02574748545885086,2884,7,,,,,
0.008556698448956013,2885,7,,,,,
0.0003729413147084415,2886,7,,,,,
0.0002863768604584038,2887,7,,,,,
0.0037226832937449217,2888,7,,,,,
0.004298083949834108,2889,7,,,,,
0.0257272832095623,2890,7,,,,,
0.00040401023579761386,2891,7,,,,,
0.010070155374705791,2892,7,,,,,
0.0003616379399318248,2893,7,,,,,
0.009934913367033005,2894,7,,,,,
0.0011115826200693846,2895,7,,,,,
0.01825488917529583,2896,7,,,,,
0.04022703319787979,2897,7,,,,,
0.02027815766632557,2898,7,,,,,
0.14962133765220642,2899,7,,,,,
0.011556195095181465,2900,7,,,,,
0.0011447652941569686,2901,7,,,,,
0.0014372564619407058,2902,7,,,,,
0.40905842185020447,2903,7,,,,,
0.01645723544061184,2904,7,,,,,
0.0007490257848985493,2905,7,,,,,
0.006907782517373562,2906,7,,,,,
0.010871383361518383,2907,7,,,,,
0.7224240303039551,2908,7,,,,,
0.014557353220880032,2909,7,,,,,
0.00040355927194468677,2910,7,,,,,
0.05210895836353302,2911,7,,,,,
0.0976678878068924,2912,7,,,,,
0.08678833395242691,2913,7,,,,,
0.0005055201472714543,2914,7,,,,,
0.04790826886892319,2915,7,,,,,
0.070240318775177,2916,7,,,,,
0.021662093698978424,2917,7,,,,,
0.1360369473695755,2918,7,,,,,
0.22008107602596283,2919,7,,,,,
0.09056530892848969,2920,7,,,,,
0.0029763411730527878,2921,7,,,,,
0.0021266399417072535,2922,7,,,,,
0.0056929318234324455,2923,7,,,,,
0.016401758417487144,2924,7,,,,,
0.00025498014292679727,2925,7,,,,,
0.020789187401533127,2926,7,,,,,
0.0009113778360188007,2927,7,,,,,
0.015178303234279156,2928,7,,,,,
0.02112087421119213,2929,7,,,,,
0.028017830103635788,2930,7,,,,,
0.05081838741898537,2931,7,,,,,
0.001622780691832304,2932,7,,,,,
0.0010604474227875471,2933,7,,,,,
0.004982899874448776,2934,7,,,,,
0.09529224038124084,2935,7,,,,,
0.05049867928028107,2936,7,,,,,
0.019254550337791443,2937,7,,,,,
0.11059848964214325,2938,7,,,,,
0.008135437034070492,2939,7,,,,,
0.05774937570095062,2940,7,,,,,
0.5018683671951294,2941,7,,,,,
0.031022440642118454,2942,7,,,,,
0.037498556077480316,2943,7,,,,,
0.0017860151128843427,2944,7,,,,,
0.24167433381080627,2945,7,,,,,
0.005259490106254816,2946,7,,,,,
0.0015152787091210485,2947,7,,,,,
0.03587408736348152,2948,7,,,,,
0.00568586029112339,2949,7,,,,,
0.0056870183907449245,2950,7,,,,,
0.0314413346350193,2951,7,,,,,
0.026134870946407318,2952,7,,,,,
0.004983014892786741,2953,7,,,,,
0.009860568679869175,2954,7,,,,,
0.005809978116303682,2955,7,,,,,
0.01081003062427044,2956,7,,,,,
0.03999650850892067,2957,7,,,,,
0.0031770099885761738,2958,7,,,,,
0.037373680621385574,2959,7,,,,,
0.061289817094802856,2960,7,,,,,
0.009599595330655575,2961,7,,,,,
0.0021392095368355513,2962,7,,,,,
0.0009975198190659285,2963,7,,,,,
0.05363885685801506,2964,7,,,,,
0.05494551733136177,2965,7,,,,,
0.009497021324932575,2966,7,,,,,
0.14552617073059082,2967,7,,,,,
0.031512778252363205,2968,7,,,,,
0.00219072587788105,2969,7,,,,,
0.4738031327724457,2970,7,,,,,
0.013723965734243393,2971,7,,,,,
0.005591421853750944,2972,7,,,,,
0.011602344922721386,2973,7,,,,,
0.12728412449359894,2974,7,,,,,
0.003080015303567052,2975,7,,,,,
0.014277446083724499,2976,7,,,,,
0.014301926828920841,2977,7,,,,,
0.13001884520053864,2978,7,,,,,
0.12111245095729828,2979,7,,,,,
0.011182616464793682,2980,7,,,,,
0.011086002923548222,2981,7,,,,,
0.04710863530635834,2982,7,,,,,
0.0019430447136983275,2983,7,,,,,
0.0012739029480144382,2984,7,,,,,
0.020055701956152916,2985,7,,,,,
0.002707250416278839,2986,7,,,,,
0.012070630677044392,2987,7,,,,,
0.007549109868705273,2988,7,,,,,
0.20821958780288696,2989,7,,,,,
0.003996728919446468,2990,7,,,,,
0.06819812953472137,2991,7,,,,,
0.03585074841976166,2992,7,,,,,
0.023078281432390213,2993,7,,,,,
0.017249619588255882,2994,7,,,,,
0.055128876119852066,2995,7,,,,,
0.010199584998190403,2996,7,,,,,
0.004622589331120253,2997,7,,,,,
0.04201093316078186,2998,7,,,,,
0.01876968890428543,2999,7,,,,,
0.004074844066053629,3000,7,,,,,
0.005316184367984533,3001,7,,,,,
0.008581724017858505,3002,7,,,,,
0.0014531571650877595,3003,7,,,,,
0.23869390785694122,3004,7,,,,,
0.005910583771765232,3005,7,,,,,
0.0018140511820092797,3006,7,,,,,
0.04711589589715004,3007,7,,,,,
0.22606261074543,3008,7,,,,,
0.0022108745761215687,3009,7,,,,,
0.0035483723040670156,3010,7,,,,,
0.0013092869194224477,3011,7,,,,,
0.0999876856803894,3012,7,,,,,
0.01316188182681799,3013,7,,,,,
0.035768624395132065,3014,7,,,,,
0.008319850079715252,3015,7,,,,,
0.003478163853287697,3016,7,,,,,
0.0016391491517424583,3017,7,,,,,
0.0009989104000851512,3018,7,,,,,
0.05706319957971573,3019,7,,,,,
0.005475143436342478,3020,7,,,,,
0.008091647177934647,3021,7,,,,,
0.00510941818356514,3022,7,,,,,
0.00026710881502367556,3023,7,,,,,
0.0034545022062957287,3024,7,,,,,
0.000876234786119312,3025,7,,,,,
0.0018659040797501802,3026,7,,,,,
0.0018981820903718472,3027,7,,,,,
0.35951313376426697,3028,7,,,,,
0.026682760566473007,3029,7,,,,,
0.03654801473021507,3030,7,,,,,
0.0035469625145196915,3031,7,,,,,
0.02319168485701084,3032,7,,,,,
0.03394736349582672,3033,7,,,,,
0.0036384041886776686,3034,7,,,,,
0.0004921447834931314,3035,7,,,,,
0.0008755761082284153,3036,7,,,,,
0.013887287117540836,3037,7,,,,,
0.004730121232569218,3038,7,,,,,
0.07104622572660446,3039,7,,,,,
0.008442521095275879,3040,7,,,,,
0.00732642924413085,3041,7,,,,,
0.05420643836259842,3042,7,,,,,
0.013072105124592781,3043,7,,,,,
0.02313598245382309,3044,7,,,,,
0.05340922996401787,3045,7,,,,,
0.0465238019824028,3046,7,,,,,
0.01832503452897072,3047,7,,,,,
0.1051497682929039,3048,7,,,,,
0.0037649364676326513,3049,7,,,,,
0.003204611362889409,3050,7,,,,,
0.00461167749017477,3051,7,,,,,
0.0031308301258832216,3052,7,,,,,
0.06383850425481796,3053,7,,,,,
0.009905795566737652,3054,7,,,,,
0.10631120949983597,3055,7,,,,,
0.0017124054720625281,3056,7,,,,,
0.007293563336133957,3057,7,,,,,
0.0055889468640089035,3058,7,,,,,
0.04788076877593994,3059,7,,,,,
0.005967251490801573,3060,7,,,,,
0.009017761796712875,3061,7,,,,,
0.008730446919798851,3062,7,,,,,
0.051450133323669434,3063,7,,,,,
0.2715213894844055,3064,7,,,,,
0.004062287043780088,3065,7,,,,,
0.0019876544829458,3066,7,,,,,
0.0007275354000739753,3067,7,,,,,
0.021249769255518913,3068,7,,,,,
0.04386068135499954,3069,7,,,,,
0.007029124069958925,3070,7,,,,,
0.027447625994682312,3071,7,,,,,
0.02672967128455639,3072,7,,,,,
0.012002414092421532,3073,7,,,,,
0.04437191039323807,3074,7,,,,,
0.03407466039061546,3075,7,,,,,
0.009207001887261868,3076,7,,,,,
0.007306378800421953,3077,7,,,,,
0.015364431776106358,3078,7,,,,,
0.004589776508510113,3079,7,,,,,
0.007418370805680752,3080,7,,,,,
0.006424515042454004,3081,7,,,,,
0.05356224998831749,3082,7,,,,,
0.003008923726156354,3083,7,,,,,
0.023715145885944366,3084,7,,,,,
0.018863320350646973,3085,7,,,,,
0.0028918301686644554,3086,7,,,,,
0.09299028664827347,3087,7,,,,,
0.09409821778535843,3088,7,,,,,
0.1997424066066742,3089,7,,,,,
0.05396900698542595,3090,7,,,,,
0.055884480476379395,3091,7,,,,,
0.010947483591735363,3092,7,,,,,
0.008104942739009857,3093,7,,,,,
0.006927428301423788,3094,7,,,,,
0.0018510929076001048,3095,7,,,,,
0.024865953251719475,3096,7,,,,,
0.015944479033350945,3097,7,,,,,
0.034334007650613785,3098,7,,,,,
0.0038334953133016825,3099,7,,,,,
0.01767786219716072,3100,7,,,,,
0.021801520138978958,3101,7,,,,,
0.007305896375328302,3102,7,,,,,
0.016747253015637398,3103,7,,,,,
0.008237570524215698,3104,7,,,,,
0.02056477963924408,3105,7,,,,,
0.02779182605445385,3106,7,,,,,
0.003560667159035802,3107,7,,,,,
0.009908250533044338,3108,7,,,,,
0.003338232869282365,3109,7,,,,,
0.003472724463790655,3110,7,,,,,
0.0020914082415401936,3111,7,,,,,
0.012112836353480816,3112,7,,,,,
0.012780444696545601,3113,7,,,,,
0.013097199611365795,3114,7,,,,,
0.003256844589486718,3115,7,,,,,
0.002884537447243929,3116,7,,,,,
0.002812586957588792,3117,7,,,,,
0.06999820470809937,3118,7,,,,,
0.0026679974980652332,3119,7,,,,,
0.004865023773163557,3120,7,,,,,
0.013301707804203033,3121,7,,,,,
0.007891989313066006,3122,7,,,,,
0.05576280504465103,3123,7,,,,,
0.003546551801264286,3124,7,,,,,
0.007169061340391636,3125,7,,,,,
0.3346844017505646,3126,7,,,,,
0.0015010887291282415,3127,7,,,,,
0.0034290438052266836,3128,7,,,,,
0.0020344811491668224,3129,7,,,,,
0.0004101282393094152,3130,7,,,,,
0.017018333077430725,3131,7,,,,,
0.036713067442178726,3132,7,,,,,
0.0035254373215138912,3133,7,,,,,
0.009524651803076267,3134,7,,,,,
0.05501076579093933,3135,7,,,,,
0.006470796186476946,3136,7,,,,,
0.0005738955806009471,3137,7,,,,,
0.0029060039669275284,3138,7,,,,,
0.000772843777667731,3139,7,,,,,
0.043180499225854874,3140,7,,,,,
0.003879970172420144,3141,7,,,,,
0.0002615313569549471,3142,7,,,,,
0.020363520830869675,3143,7,,,,,
0.002235117368400097,3144,7,,,,,
0.005790510214865208,3145,7,,,,,
0.04500419273972511,3146,7,,,,,
0.017914853990077972,3147,7,,,,,
0.00934638548642397,3148,7,,,,,
0.007781555410474539,3149,7,,,,,
0.0024251078721135855,3150,7,,,,,
0.004167506005614996,3151,7,,,,,
0.0023193268571048975,3152,7,,,,,
0.008969498798251152,3153,7,,,,,
0.08432292193174362,3154,7,,,,,
0.009433808736503124,3155,7,,,,,
0.007629734929651022,3156,7,,,,,
0.002716768765822053,3157,7,,,,,
0.0012294409098103642,3158,7,,,,,
0.0037094762083142996,3159,7,,,,,
0.0023391502909362316,3160,7,,,,,
0.002137512434273958,3161,7,,,,,
0.0048839193768799305,3162,7,,,,,
0.004909253213554621,3163,7,,,,,
0.04892046004533768,3164,7,,,,,
0.04770217835903168,3165,7,,,,,
0.0015236943727359176,3166,7,,,,,
0.012644471600651741,3167,7,,,,,
0.010243691504001617,3168,7,,,,,
0.1481441706418991,3169,7,,,,,
0.14910434186458588,3170,7,,,,,
0.002772362669929862,3171,7,,,,,
0.0027449983172118664,3172,7,,,,,
0.0036965536419302225,3173,7,,,,,
0.0028075366280972958,3174,7,,,,,
0.15634867548942566,3175,7,,,,,
0.0005180874723009765,3176,7,,,,,
0.016544083133339882,3177,7,,,,,
0.0026750662364065647,3178,7,,,,,
0.0016683237627148628,3179,7,,,,,
0.00045012455666437745,3180,7,,,,,
0.06992767006158829,3181,7,,,,,
0.0009755956125445664,3182,7,,,,,
0.0001425713999196887,3183,7,,,,,
0.0035287742502987385,3184,7,,,,,
0.003107793629169464,3185,7,,,,,
0.0006966634537093341,3186,7,,,,,
0.0005506718880496919,3187,7,,,,,
0.0003324879507999867,3188,7,,,,,
0.0043557207100093365,3189,7,,,,,
0.08735033869743347,3190,7,,,,,
0.02577228844165802,3191,7,,,,,
,2786,,0.000462579628219828,,,,
,2787,,0.007932516746222973,,,,
,2788,,0.0009371472406201065,,,,
,2789,,0.0009371472406201065,,,,
,2790,,1.496283493906958e-05,,,,
,2791,,1.4890262718836311e-05,,,,
,2792,,1.4890262718836311e-05,,,,
,2793,,0.0002620950108394027,,,,
,2794,,3.4661730751395226e-05,,,,
,2795,,3.4661730751395226e-05,,,,
,2796,,8.313428224937525e-06,,,,
,2797,,0.00011390347935957834,,,,
,2798,,0.00011390347935957834,,,,
,2799,,0.001466871122829616,,,,
,2800,,0.003289553103968501,,,,
,2801,,0.003289553103968501,,,,
,2802,,0.00019175218767486513,,,,
,2803,,0.00248707621358335,,,,
,2804,,0.001053338055498898,,,,
,2805,,0.001053338055498898,,,,
,2806,,0.0004690160567406565,,,,
,2807,,0.00026288710068911314,,,,
,2808,,0.00026288710068911314,,,,
,2809,,0.00016572930326219648,,,,
,2810,,0.0001746859634295106,,,,
,2811,,0.0001746859634295106,,,,
,2812,,0.00041590191540308297,,,,
,2813,,0.0002858255465980619,,,,
,2814,,0.0002858255465980619,,,,
,2815,,0.0001484001404605806,,,,
,2816,,0.0001484001404605806,,,,
,2817,,0.0001484001404605806,,,,
,2818,,0.00035755051067098975,,,,
,2819,,0.0020645400509238243,,,,
,2820,,0.0014181580627337098,,,,
,2821,,0.0014181580627337098,,,,
,2822,,0.00011437154171289876,,,,
,2823,,0.0001390479737892747,,,,
,2824,,0.0001390479737892747,,,,
,2825,,0.00035214523086324334,,,,
,2826,,0.00014061159163247794,,,,
,2827,,0.00014061159163247794,,,,
,2828,,9.735798084875569e-05,,,,
,2829,,0.00020399168715812266,,,,
,2830,,0.002955072093755007,,,,
,2831,,0.00020399168715812266,,,,
,2832,,0.0003441022417973727,,,,
,2833,,0.0001958674838533625,,,,
,2834,,0.0001958674838533625,,,,
,2835,,0.00010644369467627257,,,,
,2836,,0.0007641015690751374,,,,
,2837,,0.0007641015690751374,,,,
,2838,,0.0004875732702203095,,,,
,2839,,0.00022841835743747652,,,,
,2840,,0.00022841835743747652,,,,
,2841,,0.00017160421703010798,,,,
,2842,,0.00021154593559913337,,,,
,2843,,0.00021154593559913337,,,,
,2844,,0.00036169614759273827,,,,
,2845,,0.00023166954633779824,,,,
,2846,,0.00287386286072433,,,,
,2847,,0.00023166954633779824,,,,
,2848,,0.00010721259604906663,,,,
,2849,,0.00010721259604906663,,,,
,2850,,0.00010721259604906663,,,,
,2851,,0.0006810096092522144,,,,
,2852,,0.001305404002778232,,,,
,2853,,0.001305404002778232,,,,
,2854,,2.391276939306408e-05,,,,
,2855,,2.9695907869609073e-05,,,,
,2856,,2.9695907869609073e-05,,,,
,2857,,0.00045550597133114934,,,,
,2858,,5.450408934848383e-05,,,,
,2859,,5.450408934848383e-05,,,,
,2860,,2.836972998920828e-05,,,,
,2861,,0.00028547909460030496,,,,
,2862,,0.00028547909460030496,,,,
,2863,,0.001164856250397861,,,,
,2864,,0.00041843685903586447,,,,
,2865,,2.0762015992659144e-05,,,,
,2866,,2.0762015992659144e-05,,,,
,2867,,1.7719672541716136e-05,,,,
,2868,,0.0009400414419360459,,,,
,2869,,0.0009400414419360459,,,,
,2870,,0.0003214261378161609,,,,
,2871,,0.0006168011459521949,,,,
,2872,,4.3080632167402655e-05,,,,
,2873,,4.3080632167402655e-05,,,,
,2874,,2.0067422155989334e-05,,,,
,2875,,5.80544256081339e-05,,,,
,2876,,5.80544256081339e-05,,,,
,2877,,0.0003918769070878625,,,,
,2878,,0.00016200178652070463,,,,
,2879,,0.00016200178652070463,,,,
,2880,,2.0248984583304264e-05,,,,
,2881,,2.0248984583304264e-05,,,,
,2882,,2.0248984583304264e-05,,,,
,2883,,0.00025550631107762456,,,,
,2884,,0.0009597764001227915,,,,
,2885,,0.0009597764001227915,,,,
,2886,,1.7191230654134415e-05,,,,
,2887,,6.132407725090161e-05,,,,
,2888,,6.132407725090161e-05,,,,
,2889,,0.0005583837628364563,,,,
,2890,,0.006226823665201664,,,,
,2891,,6.321745604509488e-05,,,,
,2892,,6.321745604509488e-05,,,,
,2893,,2.08605379157234e-05,,,,
,2894,,0.00015678427007514983,,,,
,2895,,0.00015678427007514983,,,,
,2896,,0.0003031741362065077,,,,
,2897,,1.7320920960628428e-05,,,,
,2898,,1.7320920960628428e-05,,,,
,2899,,1.211238941323245e-05,,,,
,2900,,0.0006333095370791852,,,,
,2901,,0.0006333095370791852,,,,
,2902,,0.0006410893402062356,,,,
,2903,,0.0003242148377466947,,,,
,2904,,0.0003242148377466947,,,,
,2905,,2.2052741769584827e-05,,,,
,2906,,0.01622883602976799,,,,
,2907,,6.692561146337539e-05,,,,
,2908,,6.692561146337539e-05,,,,
,2909,,0.0004959336365573108,,,,
,2910,,0.00017661502351984382,,,,
,2911,,0.00017661502351984382,,,,
,2912,,4.540507143246941e-05,,,,
,2913,,4.540507143246941e-05,,,,
,2914,,4.540507143246941e-05,,,,
,2915,,0.0023992322385311127,,,,
,2916,,0.0004276589024811983,,,,
,2917,,0.0018658317858353257,,,,
,2918,,0.0018658317858353257,,,,
,2919,,1.4485983228951227e-05,,,,
,2920,,2.1430074411910027e-05,,,,
,2921,,2.1430074411910027e-05,,,,
,2922,,0.00027786867576651275,,,,
,2923,,8.419997902819887e-05,,,,
,2924,,8.419997902819887e-05,,,,
,2925,,1.7341690181638114e-05,,,,
,2926,,0.00016262292047031224,,,,
,2927,,0.00016262292047031224,,,,
,2928,,0.0003900033771060407,,,,
,2929,,1.6481453712913208e-05,,,,
,2930,,1.6481453712913208e-05,,,,
,2931,,1.821241676225327e-05,,,,
,2932,,0.00109249132219702,,,,
,2933,,0.00109249132219702,,,,
,2934,,0.001747717964462936,,,,
,2935,,0.00024823323474265635,,,,
,2936,,2.099510129482951e-05,,,,
,2937,,2.099510129482951e-05,,,,
,2938,,1.880805575638078e-05,,,,
,2939,,4.986046042176895e-05,,,,
,2940,,4.986046042176895e-05,,,,
,2941,,0.0006155538139864802,,,,
,2942,,0.000532325531821698,,,,
,2943,,0.000532325531821698,,,,
,2944,,2.0072813640581444e-05,,,,
,2945,,2.0072813640581444e-05,,,,
,2946,,2.0072813640581444e-05,,,,
,2947,,0.0003112711710855365,,,,
,2948,,0.000974888214841485,,,,
,2949,,0.0014481955440714955,,,,
,2950,,0.000974888214841485,,,,
,2951,,1.2112386684748344e-05,,,,
,2952,,1.5190701560641173e-05,,,,
,2953,,1.5190701560641173e-05,,,,
,2954,,0.0016984989633783698,,,,
,2955,,0.0017845859983935952,,,,
,2956,,0.0017845859983935952,,,,
,2957,,5.2911400416633114e-05,,,,
,2958,,0.00024501094594597816,,,,
,2959,,0.00024501094594597816,,,,
,2960,,0.060034796595573425,,,,
,2961,,0.00046665279660373926,,,,
,2962,,4.38203860539943e-05,,,,
,2963,,4.38203860539943e-05,,,,
,2964,,4.099434590898454e-05,,,,
,2965,,0.0011906590079888701,,,,
,2966,,0.0011906590079888701,,,,
,2967,,0.00041211192728951573,,,,
,2968,,7.782274769851938e-05,,,,
,2969,,7.782274769851938e-05,,,,
,2970,,3.8006251998012885e-05,,,,
,2971,,6.354575452860445e-05,,,,
,2972,,6.354575452860445e-05,,,,
,2973,,0.0003200715291313827,,,,
,2974,,0.00015356249059550464,,,,
,2975,,0.00015356249059550464,,,,
,2976,,0.003413786180317402,,,,
,2977,,4.2559542634990066e-05,,,,
,2978,,4.2559542634990066e-05,,,,
,2979,,4.2559542634990066e-05,,,,
,2980,,0.00040776500827632844,,,,
,2981,,0.0011597524862736464,,,,
,2982,,0.0011597524862736464,,,,
,2983,,3.893004759447649e-05,,,,
,2984,,4.4179436372360215e-05,,,,
,2985,,4.4179436372360215e-05,,,,
,2986,,0.0002458397939335555,,,,
,2987,,6.181647768244147e-05,,,,
,2988,,6.181647768244147e-05,,,,
,2989,,2.7770462111220695e-05,,,,
,2990,,0.00020513992058113217,,,,
,2991,,0.00020513992058113217,,,,
,2992,,0.000902454077731818,,,,
,2993,,0.000438972027041018,,,,
,2994,,2.9300839742063545e-05,,,,
,2995,,2.9300839742063545e-05,,,,
,2996,,4.806448123417795e-05,,,,
,2997,,0.0006163964280858636,,,,
,2998,,0.0006163964280858636,,,,
,2999,,0.0003114400606136769,,,,
,3000,,3.412900332477875e-05,,,,
,3001,,0.0055220481008291245,,,,
,3002,,3.412900332477875e-05,,,,
,3003,,2.9268358048284426e-05,,,,
,3004,,4.912842996418476e-05,,,,
,3005,,4.912842996418476e-05,,,,
,3006,,0.16391737759113312,,,,
,3007,,0.12102621793746948,,,,
,3008,,0.12102621793746948,,,,
,3009,,7.740814908174798e-05,,,,
,3010,,7.740814908174798e-05,,,,
,3011,,7.740814908174798e-05,,,,
,3012,,0.000275199708994478,,,,
,3013,,0.0011913115158677101,,,,
,3014,,0.0011913115158677101,,,,
,3015,,3.4980836062459275e-05,,,,
,3016,,5.433669502963312e-05,,,,
,3017,,5.433669502963312e-05,,,,
,3018,,0.0002361759979976341,,,,
,3019,,0.0015100884484127164,,,,
,3020,,6.369446782628074e-05,,,,
,3021,,6.369446782628074e-05,,,,
,3022,,4.118947617826052e-05,,,,
,3023,,0.00012513482943177223,,,,
,3024,,0.00012513482943177223,,,,
,3025,,0.00019209083984605968,,,,
,3026,,0.14683349430561066,,,,
,3027,,4.77923167636618e-05,,,,
,3028,,4.77923167636618e-05,,,,
,3029,,3.5247452615294605e-05,,,,
,3030,,0.0010351104428991675,,,,
,3031,,0.0010351104428991675,,,,
,3032,,0.00024116190616041422,,,,
,3033,,3.866354381898418e-05,,,,
,3034,,3.866354381898418e-05,,,,
,3035,,3.9253613067558035e-05,,,,
,3036,,0.00113395182415843,,,,
,3037,,7.076500332914293e-05,,,,
,3038,,7.076500332914293e-05,,,,
,3039,,0.0002778129419311881,,,,
,3040,,0.00017714727437123656,,,,
,3041,,0.00017714727437123656,,,,
,3042,,4.8654321290086955e-05,,,,
,3043,,4.8654321290086955e-05,,,,
,3044,,4.8654321290086955e-05,,,,
,3045,,0.00029357936000451446,,,,
,3046,,0.0007559011573903263,,,,
,3047,,0.0010021894704550505,,,,
,3048,,0.0010021894704550505,,,,
,3049,,0.00013319480058271438,,,,
,3050,,0.00012546342622954398,,,,
,3051,,0.00012546342622954398,,,,
,3052,,0.00028474663849920034,,,,
,3053,,8.442715625278652e-05,,,,
,3054,,8.442715625278652e-05,,,,
,3055,,0.0001030656203511171,,,,
,3056,,0.00017463581752963364,,,,
,3057,,0.00017463581752963364,,,,
,3058,,0.0032924716360867023,,,,
,3059,,0.012737748213112354,,,,
,3060,,0.012737748213112354,,,,
,3061,,2.5208850274793804e-05,,,,
,3062,,0.004040341824293137,,,,
,3063,,0.0005219143931753933,,,,
,3064,,0.0005219143931753933,,,,
,3065,,0.00041335239075124264,,,,
,3066,,2.8869824745925143e-05,,,,
,3067,,2.8869824745925143e-05,,,,
,3068,,3.877972631016746e-05,,,,
,3069,,5.427213545772247e-05,,,,
,3070,,5.427213545772247e-05,,,,
,3071,,0.0004045761888846755,,,,
,3072,,0.00028009602101519704,,,,
,3073,,0.00028009602101519704,,,,
,3074,,5.285764200380072e-05,,,,
,3075,,5.285764200380072e-05,,,,
,3076,,5.285764200380072e-05,,,,
,3077,,0.0003405383904464543,,,,
,3078,,0.0007851758855395019,,,,
,3079,,0.0007851758855395019,,,,
,3080,,0.0011339797638356686,,,,
,3081,,1.4475737771135755e-05,,,,
,3082,,4.908362097921781e-05,,,,
,3083,,4.908362097921781e-05,,,,
,3084,,0.0003725827264133841,,,,
,3085,,4.576846185955219e-05,,,,
,3086,,4.576846185955219e-05,,,,
,3087,,1.3532529919757508e-05,,,,
,3088,,6.926000787643716e-05,,,,
,3089,,0.00015181174967437983,,,,
,3090,,0.00015181174967437983,,,,
,3091,,0.0002504881704226136,,,,
,3092,,2.601726009743288e-05,,,,
,3093,,2.601726009743288e-05,,,,
,3094,,1.4802240912104025e-05,,,,
,3095,,0.0006095014396123588,,,,
,3096,,0.0006095014396123588,,,,
,3097,,0.0003325964789837599,,,,
,3098,,2.4756598577369004e-05,,,,
,3099,,2.4756598577369004e-05,,,,
,3100,,2.4944014512584545e-05,,,,
,3101,,4.054970122524537e-05,,,,
,3102,,4.054970122524537e-05,,,,
,3103,,0.0003207692061550915,,,,
,3104,,0.0017887158319354057,,,,
,3105,,0.00013368243526201695,,,,
,3106,,0.00013368243526201695,,,,
,3107,,1.682861147855874e-05,,,,
,3108,,1.682861147855874e-05,,,,
,3109,,1.682861147855874e-05,,,,
,3110,,0.001023955293931067,,,,
,3111,,0.00192448275629431,,,,
,3112,,0.00192448275629431,,,,
,3113,,2.9555845685536042e-05,,,,
,3114,,4.5401353418128565e-05,,,,
,3115,,4.5401353418128565e-05,,,,
,3116,,0.00044159041135571897,,,,
,3117,,5.2223003876861185e-05,,,,
,3118,,5.2223003876861185e-05,,,,
,3119,,0.0012129369424656034,,,,
,3120,,0.002807341516017914,,,,
,3121,,0.002807341516017914,,,,
,3122,,0.0006281675305217505,,,,
,3123,,0.05155881121754646,,,,
,3124,,9.036586561705917e-05,,,,
,3125,,9.036586561705917e-05,,,,
,3126,,2.4627788661746308e-05,,,,
,3127,,0.0007657447713427246,,,,
,3128,,0.0007657447713427246,,,,
,3129,,0.00026749048265628517,,,,
,3130,,0.0711478739976883,,,,
,3131,,7.614716741954908e-05,,,,
,3132,,7.614716741954908e-05,,,,
,3133,,2.5882109184749424e-05,,,,
,3134,,6.195286550791934e-05,,,,
,3135,,6.195286550791934e-05,,,,
,3136,,0.000289162271656096,,,,
,3137,,0.00016315824177581817,,,,
,3138,,0.00016315824177581817,,,,
,3139,,2.3420490833814256e-05,,,,
,3140,,2.3420490833814256e-05,,,,
,3141,,2.3420490833814256e-05,,,,
,3142,,0.00021922301675658673,,,,
,3143,,0.0009460830478928983,,,,
,3144,,0.0009460830478928983,,,,
,3145,,6.797672540415078e-05,,,,
,3146,,0.0002589090436231345,,,,
,3147,,0.0002589090436231345,,,,
,3148,,0.00027274637250229716,,,,
,3149,,0.00012269645230844617,,,,
,3150,,4.8511807108297944e-05,,,,
,3151,,4.8511807108297944e-05,,,,
,3152,,2.8519099942059256e-05,,,,
,3153,,0.0001364914351142943,,,,
,3154,,0.0001364914351142943,,,,
,3155,,0.0002677925513125956,,,,
,3156,,2.752426007646136e-05,,,,
,3157,,2.752426007646136e-05,,,,
,3158,,2.1694326278520748e-05,,,,
,3159,,0.0006813764339312911,,,,
,3160,,0.0006813764339312911,,,,
,3161,,0.2437673807144165,,,,
,3162,,0.2065088301897049,,,,
,3163,,0.2065088301897049,,,,
,3164,,0.00030650905682705343,,,,
,3165,,0.000768807833082974,,,,
,3166,,0.00036846313741989434,,,,
,3167,,0.00036846313741989434,,,,
,3168,,0.0007238771650008857,,,,
,3169,,0.0004331760574132204,,,,
,3170,,0.0004331760574132204,,,,
,3171,,0.0001231584174092859,,,,
,3172,,0.0001231584174092859,,,,
,3173,,0.0001231584174092859,,,,
,3174,,0.0004280198772903532,,,,
,3175,,0.0012458752607926726,,,,
,3176,,0.0012458752607926726,,,,
,3177,,0.0001915889442898333,,,,
,3178,,0.0001879147021099925,,,,
,3179,,0.0001879147021099925,,,,
,3180,,0.0004548633878584951,,,,
,3181,,0.00027215428417548537,,,,
,3182,,0.00027215428417548537,,,,
,3183,,0.00011007151624653488,,,,
,3191,7,,0.00404074601829052,,,
,3191,7,,,0.03310494124889374,0.9546599388122559,0.9496221542358398
0.0005964747979305685,3192,8,,,,,
0.018480297178030014,3193,8,,,,,
0.0015909993089735508,3194,8,,,,,
0.000938398705329746,3195,8,,,,,
0.049463145434856415,3196,8,,,,,
0.2804681360721588,3197,8,,,,,
0.10411038249731064,3198,8,,,,,
0.004017834551632404,3199,8,,,,,
0.004146246705204248,3200,8,,,,,
0.00768184382468462,3201,8,,,,,
0.1679248809814453,3202,8,,,,,
0.000612874049693346,3203,8,,,,,
0.001631193095818162,3204,8,,,,,
0.0011788670672103763,3205,8,,,,,
0.03743705898523331,3206,8,,,,,
0.0050633735954761505,3207,8,,,,,
0.005952245090156794,3208,8,,,,,
0.002999444492161274,3209,8,,,,,
0.0004881354107055813,3210,8,,,,,
0.11527174711227417,3211,8,,,,,
0.004826678894460201,3212,8,,,,,
0.0065385522320866585,3213,8,,,,,
0.004219463095068932,3214,8,,,,,
0.006269569043070078,3215,8,,,,,
0.0012205675011500716,3216,8,,,,,
0.005327204242348671,3217,8,,,,,
0.006912709213793278,3218,8,,,,,
0.18966448307037354,3219,8,,,,,
0.0012793255737051368,3220,8,,,,,
0.002088509500026703,3221,8,,,,,
0.04896065592765808,3222,8,,,,,
0.01546286791563034,3223,8,,,,,
0.004847192205488682,3224,8,,,,,
0.0038910063449293375,3225,8,,,,,
0.007649288047105074,3226,8,,,,,
0.0007479275809600949,3227,8,,,,,
0.023341599851846695,3228,8,,,,,
0.0014232054818421602,3229,8,,,,,
0.0009373899083584547,3230,8,,,,,
0.023983614519238472,3231,8,,,,,
0.0007277760887518525,3232,8,,,,,
0.0002965137828141451,3233,8,,,,,
0.001608136692084372,3234,8,,,,,
0.0037604181561619043,3235,8,,,,,
0.014775826595723629,3236,8,,,,,
0.0013992470921948552,3237,8,,,,,
0.12759211659431458,3238,8,,,,,
0.004688443150371313,3239,8,,,,,
0.00998679455369711,3240,8,,,,,
0.019303150475025177,3241,8,,,,,
0.0023307327646762133,3242,8,,,,,
0.000427269289502874,3243,8,,,,,
0.01107028964906931,3244,8,,,,,
0.0014554877998307347,3245,8,,,,,
0.0015352524351328611,3246,8,,,,,
0.016400540247559547,3247,8,,,,,
0.0013515178579837084,3248,8,,,,,
0.005556683987379074,3249,8,,,,,
0.00016189049347303808,3250,8,,,,,
0.017249727621674538,3251,8,,,,,
0.0002660617174115032,3252,8,,,,,
0.0005850179004482925,3253,8,,,,,
0.045391228049993515,3254,8,,,,,
0.0002797202323563397,3255,8,,,,,
0.011250637471675873,3256,8,,,,,
0.0019712350331246853,3257,8,,,,,
0.07780345529317856,3258,8,,,,,
0.0026048149447888136,3259,8,,,,,
0.0005024374113418162,3260,8,,,,,
0.0036668777465820312,3261,8,,,,,
0.01818040758371353,3262,8,,,,,
0.00040217034984380007,3263,8,,,,,
0.0010271997889503837,3264,8,,,,,
0.003780491417273879,3265,8,,,,,
0.0012051460798829794,3266,8,,,,,
0.0021007568575441837,3267,8,,,,,
0.0022288665641099215,3268,8,,,,,
0.004786162171512842,3269,8,,,,,
0.014784246683120728,3270,8,,,,,
0.0024374141357839108,3271,8,,,,,
0.009778554551303387,3272,8,,,,,
0.006968681700527668,3273,8,,,,,
0.031425297260284424,3274,8,,,,,
0.030835917219519615,3275,8,,,,,
0.007937678135931492,3276,8,,,,,
0.0010895745363086462,3277,8,,,,,
0.17275594174861908,3278,8,,,,,
0.014958702027797699,3279,8,,,,,
0.03773971274495125,3280,8,,,,,
0.0031013446860015392,3281,8,,,,,
0.22557587921619415,3282,8,,,,,
0.05234527587890625,3283,8,,,,,
0.018475309014320374,3284,8,,,,,
0.005719228181988001,3285,8,,,,,
0.07942531257867813,3286,8,,,,,
0.000342543120495975,3287,8,,,,,
0.0005316330934874713,3288,8,,,,,
0.0005109554622322321,3289,8,,,,,
0.0011045908322557807,3290,8,,,,,
0.06311869621276855,3291,8,,,,,
0.29654669761657715,3292,8,,,,,
0.011652329936623573,3293,8,,,,,
0.021137502044439316,3294,8,,,,,
0.0022871755063533783,3295,8,,,,,
0.002343318425118923,3296,8,,,,,
0.003943892195820808,3297,8,,,,,
0.0003796507662627846,3298,8,,,,,
0.0012677579652518034,3299,8,,,,,
0.006374584045261145,3300,8,,,,,
0.10008981078863144,3301,8,,,,,
0.0062978556379675865,3302,8,,,,,
0.02131306752562523,3303,8,,,,,
0.001476597972214222,3304,8,,,,,
0.002254984574392438,3305,8,,,,,
0.0010593119077384472,3306,8,,,,,
0.009301906451582909,3307,8,,,,,
0.0006683156825602055,3308,8,,,,,
0.0022342472802847624,3309,8,,,,,
0.0022110911086201668,3310,8,,,,,
0.0009566826047375798,3311,8,,,,,
0.0002935504890047014,3312,8,,,,,
0.16589780151844025,3313,8,,,,,
0.04702933877706528,3314,8,,,,,
0.0020135033410042524,3315,8,,,,,
0.03830724209547043,3316,8,,,,,
0.11344196647405624,3317,8,,,,,
0.009741093032062054,3318,8,,,,,
0.009761949069797993,3319,8,,,,,
0.003499168436974287,3320,8,,,,,
0.004312545992434025,3321,8,,,,,
0.08723314851522446,3322,8,,,,,
0.005001522600650787,3323,8,,,,,
0.0045304312370717525,3324,8,,,,,
0.016326114535331726,3325,8,,,,,
0.000989676802419126,3326,8,,,,,
0.0273200161755085,3327,8,,,,,
0.002795251552015543,3328,8,,,,,
0.0013332985108718276,3329,8,,,,,
0.0008016292122192681,3330,8,,,,,
0.08458811044692993,3331,8,,,,,
0.026945026591420174,3332,8,,,,,
0.0018915168475359678,3333,8,,,,,
0.02822817862033844,3334,8,,,,,
0.0043397643603384495,3335,8,,,,,
0.0007351195672526956,3336,8,,,,,
0.09185280650854111,3337,8,,,,,
0.0006832887884229422,3338,8,,,,,
0.018636489287018776,3339,8,,,,,
0.007883470505475998,3340,8,,,,,
0.005606651771813631,3341,8,,,,,
0.0063667260110378265,3342,8,,,,,
0.009301938116550446,3343,8,,,,,
0.00016250925546046346,3344,8,,,,,
0.0012511595850810409,3345,8,,,,,
0.003636257955804467,3346,8,,,,,
0.0007884639198891819,3347,8,,,,,
0.0001793214469216764,3348,8,,,,,
0.027784373611211777,3349,8,,,,,
0.004110993351787329,3350,8,,,,,
0.0005517175304703414,3351,8,,,,,
0.0020905565470457077,3352,8,,,,,
0.005723319016396999,3353,8,,,,,
0.0009580940823070705,3354,8,,,,,
0.0100095821544528,3355,8,,,,,
0.0035180822014808655,3356,8,,,,,
0.0006786694284528494,3357,8,,,,,
0.016334181651473045,3358,8,,,,,
0.06637686491012573,3359,8,,,,,
0.04008721932768822,3360,8,,,,,
0.0017032446339726448,3361,8,,,,,
0.0023249902296811342,3362,8,,,,,
0.004089641384780407,3363,8,,,,,
0.00787731260061264,3364,8,,,,,
0.06471260637044907,3365,8,,,,,
0.10908202081918716,3366,8,,,,,
0.001575464615598321,3367,8,,,,,
0.08710543066263199,3368,8,,,,,
0.41002118587493896,3369,8,,,,,
0.0018366408767178655,3370,8,,,,,
0.00038881716318428516,3371,8,,,,,
0.004169889260083437,3372,8,,,,,
0.0031072008423507214,3373,8,,,,,
0.0018983433255925775,3374,8,,,,,
0.0017495851498097181,3375,8,,,,,
0.004688574001193047,3376,8,,,,,
0.0005142202717252076,3377,8,,,,,
0.019515054300427437,3378,8,,,,,
0.0010084218811243773,3379,8,,,,,
0.0020827618427574635,3380,8,,,,,
0.0009549907990731299,3381,8,,,,,
0.0003881727170664817,3382,8,,,,,
0.008334209211170673,3383,8,,,,,
0.0021484794560819864,3384,8,,,,,
0.00959775596857071,3385,8,,,,,
0.005167861469089985,3386,8,,,,,
0.0014573722146451473,3387,8,,,,,
0.00242128549143672,3388,8,,,,,
0.01336795836687088,3389,8,,,,,
0.0044019827619194984,3390,8,,,,,
0.009843658655881882,3391,8,,,,,
0.012308027595281601,3392,8,,,,,
0.02827688492834568,3393,8,,,,,
0.00020893059263471514,3394,8,,,,,
0.15927273035049438,3395,8,,,,,
0.00025608058786019683,3396,8,,,,,
0.0006186748505569994,3397,8,,,,,
0.0035858494229614735,3398,8,,,,,
0.028672263026237488,3399,8,,,,,
0.06438057869672775,3400,8,,,,,
0.0018538333242759109,3401,8,,,,,
0.026531675830483437,3402,8,,,,,
0.0058782692067325115,3403,8,,,,,
0.00033056706888601184,3404,8,,,,,
0.0060259997844696045,3405,8,,,,,
0.006729124579578638,3406,8,,,,,
0.07616442441940308,3407,8,,,,,
0.06397736072540283,3408,8,,,,,
0.0028933535795658827,3409,8,,,,,
0.001003104611299932,3410,8,,,,,
0.06607799232006073,3411,8,,,,,
0.0002977015683427453,3412,8,,,,,
0.0010269673075526953,3413,8,,,,,
0.0017324445070698857,3414,8,,,,,
0.011896620504558086,3415,8,,,,,
0.00010885288065765053,3416,8,,,,,
0.016450989991426468,3417,8,,,,,
0.00016991277516353875,3418,8,,,,,
0.07463385909795761,3419,8,,,,,
0.0005585928447544575,3420,8,,,,,
0.0095463702455163,3421,8,,,,,
0.00557585759088397,3422,8,,,,,
0.001123291440308094,3423,8,,,,,
0.0017909308662638068,3424,8,,,,,
0.002426799153909087,3425,8,,,,,
0.2098572701215744,3426,8,,,,,
0.0003329327155370265,3427,8,,,,,
0.07011280953884125,3428,8,,,,,
0.060357075184583664,3429,8,,,,,
0.001929266145452857,3430,8,,,,,
0.00047126042773015797,3431,8,,,,,
0.017798367887735367,3432,8,,,,,
0.01904577575623989,3433,8,,,,,
0.38813766837120056,3434,8,,,,,
0.05856889858841896,3435,8,,,,,
0.05506042763590813,3436,8,,,,,
0.06106823310256004,3437,8,,,,,
0.11239399015903473,3438,8,,,,,
0.5888028144836426,3439,8,,,,,
0.00805725809186697,3440,8,,,,,
0.06458839029073715,3441,8,,,,,
0.004892607685178518,3442,8,,,,,
0.0009346958249807358,3443,8,,,,,
0.10345517098903656,3444,8,,,,,
0.036921318620443344,3445,8,,,,,
0.006852779537439346,3446,8,,,,,
0.07224152982234955,3447,8,,,,,
0.05758356675505638,3448,8,,,,,
0.001494004623964429,3449,8,,,,,
0.002609770745038986,3450,8,,,,,
0.002073851181194186,3451,8,,,,,
0.006265644449740648,3452,8,,,,,
0.15097728371620178,3453,8,,,,,
0.05224131792783737,3454,8,,,,,
0.026973962783813477,3455,8,,,,,
0.039678215980529785,3456,8,,,,,
0.004703169222921133,3457,8,,,,,
0.009771768003702164,3458,8,,,,,
0.006115409545600414,3459,8,,,,,
0.010001877322793007,3460,8,,,,,
0.004936302080750465,3461,8,,,,,
0.11508993059396744,3462,8,,,,,
0.15536735951900482,3463,8,,,,,
0.07928235828876495,3464,8,,,,,
0.018985789269208908,3465,8,,,,,
0.2595506012439728,3466,8,,,,,
0.0994008406996727,3467,8,,,,,
0.0020377803593873978,3468,8,,,,,
0.01353460829705,3469,8,,,,,
0.0037646170239895582,3470,8,,,,,
0.00971502810716629,3471,8,,,,,
0.002053116215392947,3472,8,,,,,
0.021251490339636803,3473,8,,,,,
0.0215747132897377,3474,8,,,,,
0.017233077436685562,3475,8,,,,,
0.001368841389194131,3476,8,,,,,
0.03773072361946106,3477,8,,,,,
0.15612855553627014,3478,8,,,,,
0.005067790392786264,3479,8,,,,,
0.009691528975963593,3480,8,,,,,
0.04086341708898544,3481,8,,,,,
0.009858617559075356,3482,8,,,,,
0.0061363764107227325,3483,8,,,,,
0.00675823912024498,3484,8,,,,,
0.0036722414661198854,3485,8,,,,,
0.006161083001643419,3486,8,,,,,
0.0098439184948802,3487,8,,,,,
0.09511750936508179,3488,8,,,,,
0.0010866518132388592,3489,8,,,,,
0.05771687626838684,3490,8,,,,,
0.008932279422879219,3491,8,,,,,
0.043965838849544525,3492,8,,,,,
0.07159388810396194,3493,8,,,,,
0.002712508663535118,3494,8,,,,,
0.00818405020982027,3495,8,,,,,
0.003124710638076067,3496,8,,,,,
0.0032203879673033953,3497,8,,,,,
0.011953463777899742,3498,8,,,,,
0.003745167749002576,3499,8,,,,,
0.004358598031103611,3500,8,,,,,
0.04976435378193855,3501,8,,,,,
0.36666032671928406,3502,8,,,,,
0.04316192865371704,3503,8,,,,,
0.04898679628968239,3504,8,,,,,
0.009460978209972382,3505,8,,,,,
0.005078946705907583,3506,8,,,,,
0.045182403177022934,3507,8,,,,,
0.011979199945926666,3508,8,,,,,
0.25418171286582947,3509,8,,,,,
0.002770627150312066,3510,8,,,,,
0.05205903947353363,3511,8,,,,,
0.031410738825798035,3512,8,,,,,
0.016308387741446495,3513,8,,,,,
0.16102993488311768,3514,8,,,,,
0.008364714682102203,3515,8,,,,,
0.003388636279851198,3516,8,,,,,
0.16138069331645966,3517,8,,,,,
0.2785387635231018,3518,8,,,,,
0.005209329072386026,3519,8,,,,,
0.11767980456352234,3520,8,,,,,
0.0028311421629041433,3521,8,,,,,
0.025778597220778465,3522,8,,,,,
0.0077772075310349464,3523,8,,,,,
0.08818653970956802,3524,8,,,,,
0.08532675355672836,3525,8,,,,,
0.020610371604561806,3526,8,,,,,
0.013901568949222565,3527,8,,,,,
0.002829240169376135,3528,8,,,,,
0.0257718563079834,3529,8,,,,,
0.0049432748928666115,3530,8,,,,,
0.006968506146222353,3531,8,,,,,
0.03663777559995651,3532,8,,,,,
0.02119896002113819,3533,8,,,,,
0.10113634914159775,3534,8,,,,,
0.09738640487194061,3535,8,,,,,
0.01700158417224884,3536,8,,,,,
0.0009839654667302966,3537,8,,,,,
0.005490480922162533,3538,8,,,,,
0.015018544159829617,3539,8,,,,,
0.08661708235740662,3540,8,,,,,
0.014805324375629425,3541,8,,,,,
0.07186263799667358,3542,8,,,,,
0.0048071532510221004,3543,8,,,,,
0.037608224898576736,3544,8,,,,,
0.016660815104842186,3545,8,,,,,
0.019105101004242897,3546,8,,,,,
0.002938974415883422,3547,8,,,,,
0.010912938974797726,3548,8,,,,,
0.07161654531955719,3549,8,,,,,
0.05909895896911621,3550,8,,,,,
0.07847022265195847,3551,8,,,,,
0.02373563125729561,3552,8,,,,,
0.0017553683137521148,3553,8,,,,,
0.11465239524841309,3554,8,,,,,
0.12997356057167053,3555,8,,,,,
0.0037755307275801897,3556,8,,,,,
0.009077072143554688,3557,8,,,,,
0.02418716810643673,3558,8,,,,,
0.012000319547951221,3559,8,,,,,
0.004103652201592922,3560,8,,,,,
0.046121228486299515,3561,8,,,,,
0.009051871486008167,3562,8,,,,,
0.010237759910523891,3563,8,,,,,
0.01931656524538994,3564,8,,,,,
0.0026203948073089123,3565,8,,,,,
0.01685873232781887,3566,8,,,,,
0.0038503166288137436,3567,8,,,,,
0.04957878217101097,3568,8,,,,,
0.01952705718576908,3569,8,,,,,
0.0034917891025543213,3570,8,,,,,
0.002454745350405574,3571,8,,,,,
0.0071127465926110744,3572,8,,,,,
0.00303076789714396,3573,8,,,,,
0.022019336000084877,3574,8,,,,,
0.006390908267349005,3575,8,,,,,
0.0700950026512146,3576,8,,,,,
0.01259623933583498,3577,8,,,,,
0.0008605881594121456,3578,8,,,,,
0.3543683886528015,3579,8,,,,,
0.0031024585478007793,3580,8,,,,,
0.00032320135505869985,3581,8,,,,,
0.042713481932878494,3582,8,,,,,
0.002235453575849533,3583,8,,,,,
0.01563303917646408,3584,8,,,,,
0.001516819349490106,3585,8,,,,,
0.062202852219343185,3586,8,,,,,
0.0003257851058151573,3587,8,,,,,
0.0006169390981085598,3588,8,,,,,
0.003920991905033588,3589,8,,,,,
0.07714273780584335,3590,8,,,,,
,3184,,0.018038081005215645,,,,
,3185,,0.0801980048418045,,,,
,3186,,0.009002742357552052,,,,
,3187,,0.009002742357552052,,,,
,3188,,0.002355043077841401,,,,
,3189,,0.0013888366520404816,,,,
,3190,,0.0013888366520404816,,,,
,3191,,0.002082484308630228,,,,
,3192,,0.0008331630378961563,,,,
,3193,,0.0008331630378961563,,,,
,3194,,0.00031474948627874255,,,,
,3195,,0.0009205379756167531,,,,
,3196,,0.0009205379756167531,,,,
,3197,,0.004763591568917036,,,,
,3198,,0.008897285908460617,,,,
,3199,,0.008897285908460617,,,,
,3200,,0.00011133074440294877,,,,
,3201,,0.01782212406396866,,,,
,3202,,0.0015175796579569578,,,,
,3203,,0.0015175796579569578,,,,
,3204,,0.00046596353058703244,,,,
,3205,,8.84892069734633e-05,,,,
,3206,,8.84892069734633e-05,,,,
,3207,,0.00018094359256792814,,,,
,3208,,0.0002988398482557386,,,,
,3209,,0.0002988398482557386,,,,
,3210,,0.001724909758195281,,,,
,3211,,0.0007213919889181852,,,,
,3212,,0.0007213919889181852,,,,
,3213,,8.79249200806953e-05,,,,
,3214,,8.79249200806953e-05,,,,
,3215,,8.79249200806953e-05,,,,
,3216,,0.00023583759320899844,,,,
,3217,,0.010778411291539669,,,,
,3218,,0.00163906195666641,,,,
,3219,,0.00163906195666641,,,,
,3220,,0.00011306744272587821,,,,
,3221,,9.137389861280099e-05,,,,
,3222,,9.137389861280099e-05,,,,
,3223,,0.00031181672238744795,,,,
,3224,,0.00010021777416113764,,,,
,3225,,0.00010021777416113764,,,,
,3226,,0.00010129829752258956,,,,
,3227,,0.00015643530059605837,,,,
,3228,,0.0629713386297226,,,,
,3229,,0.00015643530059605837,,,,
,3230,,0.0006753225461579859,,,,
,3231,,0.00016542723460588604,,,,
,3232,,0.00016542723460588604,,,,
,3233,,0.00010473038128111511,,,,
,3234,,0.0010722946608439088,,,,
,3235,,0.0010722946608439088,,,,
,3236,,0.0015525823691859841,,,,
,3237,,0.00019775678811129183,,,,
,3238,,0.00019775678811129183,,,,
,3239,,0.0003561811172403395,,,,
,3240,,0.0005687921075150371,,,,
,3241,,0.0005687921075150371,,,,
,3242,,0.0012973368866369128,,,,
,3243,,0.0004917696351185441,,,,
,3244,,0.013166641816496849,,,,
,3245,,0.0004917696351185441,,,,
,3246,,9.581884660292417e-05,,,,
,3247,,9.581884660292417e-05,,,,
,3248,,9.581884660292417e-05,,,,
,3249,,0.0014271984109655023,,,,
,3250,,0.0031990583520382643,,,,
,3251,,0.0031990583520382643,,,,
,3252,,9.958448208635673e-05,,,,
,3253,,7.906991959316656e-05,,,,
,3254,,7.906991959316656e-05,,,,
,3255,,0.0006955568096600473,,,,
,3256,,0.00021283095702528954,,,,
,3257,,0.00021283095702528954,,,,
,3258,,0.00028111625579185784,,,,
,3259,,0.0005763586377725005,,,,
,3260,,0.0005763586377725005,,,,
,3261,,0.021692778915166855,,,,
,3262,,0.0023758402094244957,,,,
,3263,,0.0006148540414869785,,,,
,3264,,0.0006148540414869785,,,,
,3265,,0.00010718628618633375,,,,
,3266,,0.001396880834363401,,,,
,3267,,0.001396880834363401,,,,
,3268,,0.00028689936152659357,,,,
,3269,,0.027911873534321785,,,,
,3270,,5.5588363466085866e-05,,,,
,3271,,5.5588363466085866e-05,,,,
,3272,,0.00014694318815600127,,,,
,3273,,0.00019754990353249013,,,,
,3274,,0.00019754990353249013,,,,
,3275,,0.0004183331911917776,,,,
,3276,,0.0001730561489239335,,,,
,3277,,0.0001730561489239335,,,,
,3278,,0.00011352701403666288,,,,
,3279,,0.00011352701403666288,,,,
,3280,,0.00011352701403666288,,,,
,3281,,0.0009549578535370529,,,,
,3282,,0.001772065181285143,,,,
,3283,,0.001772065181285143,,,,
,3284,,0.0002386220876360312,,,,
,3285,,0.000127288032672368,,,,
,3286,,0.000127288032672368,,,,
,3287,,0.006014320068061352,,,,
,3288,,0.030228450894355774,,,,
,3289,,0.002301860833540559,,,,
,3290,,0.002301860833540559,,,,
,3291,,0.001173074240796268,,,,
,3292,,0.0017058787634596229,,,,
,3293,,0.0017058787634596229,,,,
,3294,,0.00271400879137218,,,,
,3295,,0.0007304082973860204,,,,
,3296,,0.0007304082973860204,,,,
,3297,,0.00022879194875713438,,,,
,3298,,0.0013378673465922475,,,,
,3299,,0.0013378673465922475,,,,
,3300,,0.0034026028588414192,,,,
,3301,,0.0060637579299509525,,,,
,3302,,0.0060637579299509525,,,,
,3303,,0.00012200082710478455,,,,
,3304,,0.06609950214624405,,,,
,3305,,0.00016460342158097774,,,,
,3306,,0.00016460342158097774,,,,
,3307,,0.0006763982819393277,,,,
,3308,,0.00022953555162530392,,,,
,3309,,0.00022953555162530392,,,,
,3310,,0.0002398923534201458,,,,
,3311,,0.0002398923534201458,,,,
,3312,,0.0002398923534201458,,,,
,3313,,0.055917590856552124,,,,
,3314,,0.002413557143881917,,,,
,3315,,0.0025142908561974764,,,,
,3316,,0.0025142908561974764,,,,
,3317,,0.00010684868175303563,,,,
,3318,,9.013700037030503e-05,,,,
,3319,,9.013700037030503e-05,,,,
,3320,,0.0002939326805062592,,,,
,3321,,9.708489960758016e-05,,,,
,3322,,9.708489960758016e-05,,,,
,3323,,0.00018469555652700365,,,,
,3324,,0.00031120370840653777,,,,
,3325,,0.00031120370840653777,,,,
,3326,,0.00041358271846547723,,,,
,3327,,0.00010683460277505219,,,,
,3328,,0.00010683460277505219,,,,
,3329,,0.00012604672519955784,,,,
,3330,,0.0014212727546691895,,,,
,3331,,0.0014212727546691895,,,,
,3332,,0.0467202365398407,,,,
,3333,,0.0017314699944108725,,,,
,3334,,0.00021847072639502585,,,,
,3335,,0.00021847072639502585,,,,
,3336,,0.00021407028543762863,,,,
,3337,,0.00034136450267396867,,,,
,3338,,0.00034136450267396867,,,,
,3339,,0.0047691576182842255,,,,
,3340,,0.0016067366814240813,,,,
,3341,,0.0016067366814240813,,,,
,3342,,0.0010816830908879638,,,,
,3343,,0.0010816830908879638,,,,
,3344,,0.0010816830908879638,,,,
,3345,,0.003806676249951124,,,,
,3346,,0.0032571726478636265,,,,
,3347,,0.05657997727394104,,,,
,3348,,0.0032571726478636265,,,,
,3349,,0.00018643314251676202,,,,
,3350,,0.00011636347335297614,,,,
,3351,,0.00011636347335297614,,,,
,3352,,0.001815353287383914,,,,
,3353,,0.0018088949145749211,,,,
,3354,,0.0018088949145749211,,,,
,3355,,0.0001437109604012221,,,,
,3356,,0.00023468273866456002,,,,
,3357,,0.00023468273866456002,,,,
,3358,,0.0042532929219305515,,,,
,3359,,0.0011403008829802275,,,,
,3360,,0.00025942179490812123,,,,
,3361,,0.00025942179490812123,,,,
,3362,,0.0006206962279975414,,,,
,3363,,0.002307957038283348,,,,
,3364,,0.002307957038283348,,,,
,3365,,0.005605475977063179,,,,
,3366,,0.0008144365856423974,,,,
,3367,,0.0008144365856423974,,,,
,3368,,0.00014375511091202497,,,,
,3369,,0.00024957305868156254,,,,
,3370,,0.00024957305868156254,,,,
,3371,,0.00034062485792674124,,,,
,3372,,0.00014381131040863693,,,,
,3373,,0.00014381131040863693,,,,
,3374,,0.009036300703883171,,,,
,3375,,0.00028257202939130366,,,,
,3376,,0.00028257202939130366,,,,
,3377,,0.00028257202939130366,,,,
,3378,,0.0004992767353542149,,,,
,3379,,0.0014886852586641908,,,,
,3380,,0.0014886852586641908,,,,
,3381,,0.0001614978682482615,,,,
,3382,,0.00011180641013197601,,,,
,3383,,0.00011180641013197601,,,,
,3384,,0.0011083451099693775,,,,
,3385,,0.0003913271939381957,,,,
,3386,,0.0003913271939381957,,,,
,3387,,0.00021177029702812433,,,,
,3388,,0.0003847267071250826,,,,
,3389,,0.0003847267071250826,,,,
,3390,,0.0183152686804533,,,,
,3391,,0.006646893452852964,,,,
,3392,,0.001723376801237464,,,,
,3393,,0.001723376801237464,,,,
,3394,,0.0015009999042376876,,,,
,3395,,0.003654223633930087,,,,
,3396,,0.003654223633930087,,,,
,3397,,0.005131784826517105,,,,
,3398,,0.0005470715695992112,,,,
,3399,,0.04365011677145958,,,,
,3400,,0.0005470715695992112,,,,
,3401,,0.00032100564567372203,,,,
,3402,,0.0006666352855972946,,,,
,3403,,0.0006666352855972946,,,,
,3404,,0.0042520323768258095,,,,
,3405,,0.0064562223851680756,,,,
,3406,,0.0064562223851680756,,,,
,3407,,9.099477028939873e-05,,,,
,3408,,9.099477028939873e-05,,,,
,3409,,9.099477028939873e-05,,,,
,3410,,0.0005646158242598176,,,,
,3411,,0.0014497836818918586,,,,
,3412,,0.0014497836818918586,,,,
,3413,,0.00013376701099332422,,,,
,3414,,0.00011117230314994231,,,,
,3415,,0.00011117230314994231,,,,
,3416,,0.002218476263806224,,,,
,3417,,0.06235570088028908,,,,
,3418,,0.0007966310949996114,,,,
,3419,,0.0007966310949996114,,,,
,3420,,7.148957956815138e-05,,,,
,3421,,0.00019863713532686234,,,,
,3422,,0.00019863713532686234,,,,
,3423,,0.00025019634631462395,,,,
,3424,,0.26519501209259033,,,,
,3425,,7.037536852294579e-05,,,,
,3426,,7.037536852294579e-05,,,,
,3427,,0.00014912767801433802,,,,
,3428,,0.0014954408397898078,,,,
,3429,,0.0014954408397898078,,,,
,3430,,0.0003675807674881071,,,,
,3431,,7.007653039181605e-05,,,,
,3432,,7.007653039181605e-05,,,,
,3433,,9.872180089587346e-05,,,,
,3434,,0.009432251565158367,,,,
,3435,,0.00015343338600359857,,,,
,3436,,0.00015343338600359857,,,,
,3437,,0.0007807158399373293,,,,
,3438,,0.0002917945384979248,,,,
,3439,,0.0002917945384979248,,,,
,3440,,9.852936636889353e-05,,,,
,3441,,9.852936636889353e-05,,,,
,3442,,9.852936636889353e-05,,,,
,3443,,0.0007211166666820645,,,,
,3444,,0.013924607075750828,,,,
,3445,,0.001527432701550424,,,,
,3446,,0.001527432701550424,,,,
,3447,,0.00024450640194118023,,,,
,3448,,0.00017282208136748523,,,,
,3449,,0.00017282208136748523,,,,
,3450,,0.001027823775075376,,,,
,3451,,0.00040786340832710266,,,,
,3452,,0.00040786340832710266,,,,
,3453,,9.612907160772011e-05,,,,
,3454,,0.00022553448798134923,,,,
,3455,,0.00022553448798134923,,,,
,3456,,0.0024816077202558517,,,,
,3457,,0.004656432196497917,,,,
,3458,,0.004656432196497917,,,,
,3459,,0.00012624003284145147,,,,
,3460,,0.0381278470158577,,,,
,3461,,0.0010877460008487105,,,,
,3462,,0.0010877460008487105,,,,
,3463,,0.0010122734820470214,,,,
,3464,,0.00013000705803278834,,,,
,3465,,0.00013000705803278834,,,,
,3466,,0.00032550207106396556,,,,
,3467,,0.0008112297509796917,,,,
,3468,,0.0008112297509796917,,,,
,3469,,0.005737117491662502,,,,
,3470,,0.00186978280544281,,,,
,3471,,0.00186978280544281,,,,
,3472,,0.00010438183380756527,,,,
,3473,,0.00010438183380756527,,,,
,3474,,0.00010438183380756527,,,,
,3475,,0.00037452729884535074,,,,
,3476,,0.001149093615822494,,,,
,3477,,0.001149093615822494,,,,
,3478,,0.008248028345406055,,,,
,3479,,0.0001845883234636858,,,,
,3480,,0.00013756776752416044,,,,
,3481,,0.00013756776752416044,,,,
,3482,,0.000449464307166636,,,,
,3483,,0.00012058101856382564,,,,
,3484,,0.00012058101856382564,,,,
,3485,,0.00011383802484488115,,,,
,3486,,0.003132826881483197,,,,
,3487,,0.0002729028929024935,,,,
,3488,,0.0002729028929024935,,,,
,3489,,0.0005700400797650218,,,,
,3490,,0.0001011637577903457,,,,
,3491,,0.0001011637577903457,,,,
,3492,,0.000163113116286695,,,,
,3493,,0.0011169884819537401,,,,
,3494,,0.0011169884819537401,,,,
,3495,,0.001401504036039114,,,,
,3496,,0.00017901022511068732,,,,
,3497,,0.00017901022511068732,,,,
,3498,,0.0007379676098935306,,,,
,3499,,0.0015178826870396733,,,,
,3500,,0.0015178826870396733,,,,
,3501,,0.001691657118499279,,,,
,3502,,0.01562416646629572,,,,
,3503,,0.0005923757562413812,,,,
,3504,,0.0005923757562413812,,,,
,3505,,0.00025224388809874654,,,,
,3506,,0.00025224388809874654,,,,
,3507,,0.00025224388809874654,,,,
,3508,,0.0015715635381639004,,,,
,3509,,0.0030229398980736732,,,,
,3510,,0.0030229398980736732,,,,
,3511,,0.0001644407893763855,,,,
,3512,,0.0001027540274662897,,,,
,3513,,0.0001027540274662897,,,,
,3514,,0.0014839336508885026,,,,
,3515,,0.0005840552039444447,,,,
,3516,,0.0005840552039444447,,,,
,3517,,0.000890477851498872,,,,
,3518,,0.00228667794726789,,,,
,3519,,0.00228667794726789,,,,
,3520,,0.016549954190850258,,,,
,3521,,0.029328471049666405,,,,
,3522,,0.003726083552464843,,,,
,3523,,0.003726083552464843,,,,
,3524,,0.00018931888916995376,,,,
,3525,,0.0014472620096057653,,,,
,3526,,0.0014472620096057653,,,,
,3527,,0.00042501953430473804,,,,
,3528,,0.01822422258555889,,,,
,3529,,8.300014451378956e-05,,,,
,3530,,8.300014451378956e-05,,,,
,3531,,0.00030880022677592933,,,,
,3532,,0.00043698985246010125,,,,
,3533,,0.00043698985246010125,,,,
,3534,,0.0005943714058957994,,,,
,3535,,0.00026296000578440726,,,,
,3536,,0.00026296000578440726,,,,
,3537,,0.00021117657888680696,,,,
,3538,,0.00021117657888680696,,,,
,3539,,0.00021117657888680696,,,,
,3540,,0.0007353741675615311,,,,
,3541,,0.0015579847386106849,,,,
,3542,,0.0015579847386106849,,,,
,3543,,0.0005274410941638052,,,,
,3544,,0.00031057436717674136,,,,
,3545,,0.00031057436717674136,,,,
,3546,,0.00158785714302212,,,,
,3547,,0.0016238109674304724,,,,
,3548,,0.0006271869060583413,,,,
,3549,,0.0006271869060583413,,,,
,3550,,0.0009530029492452741,,,,
,3551,,0.0018590616527944803,,,,
,3552,,0.0018590616527944803,,,,
,3553,,0.0009995006257668138,,,,
,3554,,0.00023222534218803048,,,,
,3555,,0.00023222534218803048,,,,
,3556,,0.0003143734356854111,,,,
,3557,,0.0014150593196973205,,,,
,3558,,0.0014150593196973205,,,,
,3559,,0.002413204638287425,,,,
,3560,,0.0033283946104347706,,,,
,3561,,0.0033283946104347706,,,,
,3562,,0.00020628976926673204,,,,
,3563,,0.014107207767665386,,,,
,3564,,0.00036572152748703957,,,,
,3565,,0.00036572152748703957,,,,
,3566,,0.001827975851483643,,,,
,3567,,0.0007627042941749096,,,,
,3568,,0.0007627042941749096,,,,
,3569,,0.0007147995638661087,,,,
,3570,,0.0007147995638661087,,,,
,3571,,0.0007147995638661087,,,,
,3572,,0.010426153428852558,,,,
,3573,,0.006736055016517639,,,,
,3574,,0.006736055016517639,,,,
,3575,,0.0002615970734041184,,,,
,3576,,0.00023787628742866218,,,,
,3577,,0.00023787628742866218,,,,
,3578,,0.0006405894528143108,,,,
,3579,,0.00021031228243373334,,,,
,3580,,0.00021031228243373334,,,,
,3581,,0.0006117196753621101,,,,
,3590,8,,0.003723741974681616,,,
,3590,8,,,0.03260793164372444,0.9571788311004639,0.9571788311004639
0.0021704051177948713,3591,9,,,,,
0.0004532997845672071,3592,9,,,,,
0.05578432232141495,3593,9,,,,,
0.012557259760797024,3594,9,,,,,
0.013007886707782745,3595,9,,,,,
0.003658893285319209,3596,9,,,,,
0.003688128897920251,3597,9,,,,,
0.02789066731929779,3598,9,,,,,
0.0007388609228655696,3599,9,,,,,
0.0006057189893908799,3600,9,,,,,
0.0035625374875962734,3601,9,,,,,
0.09601860493421555,3602,9,,,,,
0.1552111953496933,3603,9,,,,,
0.17254546284675598,3604,9,,,,,
0.01472682598978281,3605,9,,,,,
0.0011575489770621061,3606,9,,,,,
0.002420342294499278,3607,9,,,,,
0.03235028684139252,3608,9,,,,,
0.06532163918018341,3609,9,,,,,
0.00134971272200346,3610,9,,,,,
0.007778139319270849,3611,9,,,,,
0.002777291461825371,3612,9,,,,,
0.003339187940582633,3613,9,,,,,
0.00259701581671834,3614,9,,,,,
0.003948320634663105,3615,9,,,,,
0.01007106713950634,3616,9,,,,,
0.019155850633978844,3617,9,,,,,
0.002092458540573716,3618,9,,,,,
0.019064510241150856,3619,9,,,,,
0.006459727417677641,3620,9,,,,,
0.12475145608186722,3621,9,,,,,
0.00199870765209198,3622,9,,,,,
0.03113584965467453,3623,9,,,,,
0.022450022399425507,3624,9,,,,,
0.019244402647018433,3625,9,,,,,
0.04229316860437393,3626,9,,,,,
0.01979142613708973,3627,9,,,,,
0.021738413721323013,3628,9,,,,,
0.008118735626339912,3629,9,,,,,
0.0007773880497552454,3630,9,,,,,
0.005029157269746065,3631,9,,,,,
0.0015897920820862055,3632,9,,,,,
0.045377615839242935,3633,9,,,,,
0.011369490064680576,3634,9,,,,,
0.016938352957367897,3635,9,,,,,
0.004725795704871416,3636,9,,,,,
0.006397989112883806,3637,9,,,,,
0.0004716467810794711,3638,9,,,,,
0.002542585600167513,3639,9,,,,,
0.0011732648126780987,3640,9,,,,,
0.002078711288049817,3641,9,,,,,
0.004573808051645756,3642,9,,,,,
0.02044595405459404,3643,9,,,,,
0.0004614595673047006,3644,9,,,,,
0.009049074724316597,3645,9,,,,,
0.0015812732744961977,3646,9,,,,,
0.000259890133747831,3647,9,,,,,
0.004888023249804974,3648,9,,,,,
0.07883260399103165,3649,9,,,,,
0.004410470835864544,3650,9,,,,,
0.0037894363049417734,3651,9,,,,,
0.0005699208122678101,3652,9,,,,,
0.01896832510828972,3653,9,,,,,
0.0011035293573513627,3654,9,,,,,
0.006358704529702663,3655,9,,,,,
0.004994624760001898,3656,9,,,,,
0.0013186860596761107,3657,9,,,,,
0.006381288170814514,3658,9,,,,,
0.0002882119733840227,3659,9,,,,,
0.004753495566546917,3660,9,,,,,
0.0030709945131093264,3661,9,,,,,
0.00140473956707865,3662,9,,,,,
0.00029269306105561554,3663,9,,,,,
0.002427557948976755,3664,9,,,,,
0.0003305841819383204,3665,9,,,,,
0.027394093573093414,3666,9,,,,,
0.0016400028252974153,3667,9,,,,,
0.006696783937513828,3668,9,,,,,
0.02474444918334484,3669,9,,,,,
0.01418620441108942,3670,9,,,,,
0.0043687052093446255,3671,9,,,,,
0.020952701568603516,3672,9,,,,,
0.0003609425912145525,3673,9,,,,,
0.007491924799978733,3674,9,,,,,
0.0011929592583328485,3675,9,,,,,
0.0008362937951460481,3676,9,,,,,
0.00029039947548881173,3677,9,,,,,
0.0007745708571746945,3678,9,,,,,
0.00022485287627205253,3679,9,,,,,
0.0005768516566604376,3680,9,,,,,
0.0032606604509055614,3681,9,,,,,
0.06547428667545319,3682,9,,,,,
0.014978345483541489,3683,9,,,,,
0.01842861995100975,3684,9,,,,,
0.0009716252097859979,3685,9,,,,,
0.002510164398699999,3686,9,,,,,
0.020961523056030273,3687,9,,,,,
0.0009992867708206177,3688,9,,,,,
0.08389942348003387,3689,9,,,,,
0.00012298695219215006,3690,9,,,,,
0.005396990571171045,3691,9,,,,,
0.002487331395968795,3692,9,,,,,
6.0636524722212926e-05,3693,9,,,,,
0.005306710489094257,3694,9,,,,,
0.0053084795363247395,3695,9,,,,,
0.033620771020650864,3696,9,,,,,
0.14161796867847443,3697,9,,,,,
0.00011906759755220264,3698,9,,,,,
0.18683627247810364,3699,9,,,,,
0.00023527549637947232,3700,9,,,,,
0.0006397048127837479,3701,9,,,,,
0.0023185093887150288,3702,9,,,,,
0.00014268704399000853,3703,9,,,,,
0.11496621370315552,3704,9,,,,,
0.0019985351245850325,3705,9,,,,,
0.0026788951363414526,3706,9,,,,,
0.00016119013889692724,3707,9,,,,,
0.00026527076261118054,3708,9,,,,,
0.0034633621107786894,3709,9,,,,,
0.08125175535678864,3710,9,,,,,
0.00013044265506323427,3711,9,,,,,
0.0015321470564231277,3712,9,,,,,
0.0184304378926754,3713,9,,,,,
0.0017599229468032718,3714,9,,,,,
0.06388616561889648,3715,9,,,,,
0.02561778947710991,3716,9,,,,,
0.0028081636410206556,3717,9,,,,,
0.00063384446548298,3718,9,,,,,
0.003956273198127747,3719,9,,,,,
0.007340851239860058,3720,9,,,,,
0.00788858998566866,3721,9,,,,,
0.0017958293901756406,3722,9,,,,,
0.04378408566117287,3723,9,,,,,
8.18707630969584e-05,3724,9,,,,,
0.0016333855455741286,3725,9,,,,,
0.0012031914666295052,3726,9,,,,,
0.011362101882696152,3727,9,,,,,
0.011986001394689083,3728,9,,,,,
0.0006697457283735275,3729,9,,,,,
0.00012204291124362499,3730,9,,,,,
0.18357793986797333,3731,9,,,,,
0.005254250485450029,3732,9,,,,,
0.0023300168104469776,3733,9,,,,,
0.04029521718621254,3734,9,,,,,
0.00047539430670440197,3735,9,,,,,
8.246640936704352e-05,3736,9,,,,,
0.0018627796089276671,3737,9,,,,,
0.004086075350642204,3738,9,,,,,
0.0003836993419099599,3739,9,,,,,
0.0005247343797236681,3740,9,,,,,
0.00506617920473218,3741,9,,,,,
0.0232380498200655,3742,9,,,,,
0.0008294280269183218,3743,9,,,,,
0.13399627804756165,3744,9,,,,,
0.07918394356966019,3745,9,,,,,
0.000614633085206151,3746,9,,,,,
0.0210363008081913,3747,9,,,,,
0.06376443803310394,3748,9,,,,,
0.002835394348949194,3749,9,,,,,
0.05212719365954399,3750,9,,,,,
0.005790182389318943,3751,9,,,,,
0.012690768577158451,3752,9,,,,,
0.017664311453700066,3753,9,,,,,
0.0008067001472227275,3754,9,,,,,
0.018533360213041306,3755,9,,,,,
0.002519385889172554,3756,9,,,,,
0.00021323349210433662,3757,9,,,,,
0.008845317177474499,3758,9,,,,,
0.0035617416724562645,3759,9,,,,,
0.0008200107258744538,3760,9,,,,,
0.0031540165655314922,3761,9,,,,,
0.0024096465203911066,3762,9,,,,,
0.00131025945302099,3763,9,,,,,
0.0018605781951919198,3764,9,,,,,
0.00039810212911106646,3765,9,,,,,
0.0015589332906529307,3766,9,,,,,
0.02432720735669136,3767,9,,,,,
0.00029971025651320815,3768,9,,,,,
0.025980953127145767,3769,9,,,,,
0.010171182453632355,3770,9,,,,,
0.007258608937263489,3771,9,,,,,
0.04955090209841728,3772,9,,,,,
0.03539532795548439,3773,9,,,,,
0.018357284367084503,3774,9,,,,,
0.0047986782155931,3775,9,,,,,
0.0003922622709069401,3776,9,,,,,
0.014222394675016403,3777,9,,,,,
0.013781661167740822,3778,9,,,,,
4.752777022076771e-05,3779,9,,,,,
0.02101919613778591,3780,9,,,,,
9.72038324107416e-05,3781,9,,,,,
0.042588599026203156,3782,9,,,,,
0.00031584425596520305,3783,9,,,,,
0.000494452950078994,3784,9,,,,,
0.006177660543471575,3785,9,,,,,
0.004902880173176527,3786,9,,,,,
0.0004116067138966173,3787,9,,,,,
0.00017074290371965617,3788,9,,,,,
0.0006946716457605362,3789,9,,,,,
0.002361669670790434,3790,9,,,,,
0.01675141230225563,3791,9,,,,,
0.0012504308251664042,3792,9,,,,,
0.00017471160390414298,3793,9,,,,,
0.0006686652195639908,3794,9,,,,,
0.012323720380663872,3795,9,,,,,
0.00012615362356882542,3796,9,,,,,
0.00022175277990754694,3797,9,,,,,
0.0007318996940739453,3798,9,,,,,
0.029871901497244835,3799,9,,,,,
0.005185485817492008,3800,9,,,,,
0.0025079320184886456,3801,9,,,,,
0.000929338566493243,3802,9,,,,,
0.0030732236336916685,3803,9,,,,,
0.00022787947091273963,3804,9,,,,,
0.0008562400471419096,3805,9,,,,,
0.00038842507638037205,3806,9,,,,,
0.0005651922547258437,3807,9,,,,,
0.07621830701828003,3808,9,,,,,
0.0006857585394755006,3809,9,,,,,
0.0029474212788045406,3810,9,,,,,
0.0012695968616753817,3811,9,,,,,
5.3545980335911736e-05,3812,9,,,,,
0.02775578573346138,3813,9,,,,,
0.11942033469676971,3814,9,,,,,
0.005376616958528757,3815,9,,,,,
3.3688193070702255e-05,3816,9,,,,,
0.004265134688466787,3817,9,,,,,
0.00016763668099883944,3818,9,,,,,
0.0015870078932493925,3819,9,,,,,
0.002122378908097744,3820,9,,,,,
0.0010391342220827937,3821,9,,,,,
0.005771909840404987,3822,9,,,,,
0.000207776392926462,3823,9,,,,,
0.0006131566478870809,3824,9,,,,,
0.00856612529605627,3825,9,,,,,
0.0003132379788439721,3826,9,,,,,
0.12116313725709915,3827,9,,,,,
0.0008679985767230392,3828,9,,,,,
0.00039182501495815814,3829,9,,,,,
6.77589196129702e-05,3830,9,,,,,
0.014337163418531418,3831,9,,,,,
0.011605428531765938,3832,9,,,,,
0.00758362514898181,3833,9,,,,,
0.008645297028124332,3834,9,,,,,
0.00012670735304709524,3835,9,,,,,
0.008959290571510792,3836,9,,,,,
0.00022556526528205723,3837,9,,,,,
0.004202681593596935,3838,9,,,,,
0.7886442542076111,3839,9,,,,,
0.0009426504839211702,3840,9,,,,,
0.0017996884416788816,3841,9,,,,,
0.00034361056168563664,3842,9,,,,,
0.04062933474779129,3843,9,,,,,
0.02815665863454342,3844,9,,,,,
0.008680680766701698,3845,9,,,,,
0.00036222056951373816,3846,9,,,,,
0.004815015941858292,3847,9,,,,,
0.00046532819396816194,3848,9,,,,,
0.00035466262488625944,3849,9,,,,,
0.4111478924751282,3850,9,,,,,
0.0006586375529877841,3851,9,,,,,
0.0016087880358099937,3852,9,,,,,
0.01623380556702614,3853,9,,,,,
0.017171604558825493,3854,9,,,,,
0.013220714405179024,3855,9,,,,,
0.0007647888851352036,3856,9,,,,,
0.029853904619812965,3857,9,,,,,
0.00014919144450686872,3858,9,,,,,
0.0016116256592795253,3859,9,,,,,
0.010353160090744495,3860,9,,,,,
0.06465260684490204,3861,9,,,,,
0.04401383548974991,3862,9,,,,,
0.00025125808315351605,3863,9,,,,,
0.005339473951607943,3864,9,,,,,
0.004646197892725468,3865,9,,,,,
0.004246720112860203,3866,9,,,,,
0.07601487636566162,3867,9,,,,,
0.004873420111835003,3868,9,,,,,
0.06367307901382446,3869,9,,,,,
0.00022107585391495377,3870,9,,,,,
0.0005337577895261347,3871,9,,,,,
0.16770228743553162,3872,9,,,,,
0.09148212522268295,3873,9,,,,,
0.022769298404455185,3874,9,,,,,
0.04716266319155693,3875,9,,,,,
0.0004989563603885472,3876,9,,,,,
0.004156018607318401,3877,9,,,,,
0.0038751033134758472,3878,9,,,,,
0.08038480579853058,3879,9,,,,,
0.007122245617210865,3880,9,,,,,
0.0037871410604566336,3881,9,,,,,
0.0009861997095867991,3882,9,,,,,
0.005668875761330128,3883,9,,,,,
0.0014427900314331055,3884,9,,,,,
0.0049147396348416805,3885,9,,,,,
0.0017823241651058197,3886,9,,,,,
0.5413233041763306,3887,9,,,,,
0.0065497360192239285,3888,9,,,,,
0.000872319913469255,3889,9,,,,,
0.0028841078747063875,3890,9,,,,,
0.008460680022835732,3891,9,,,,,
0.0009868297493085265,3892,9,,,,,
0.0015953347319737077,3893,9,,,,,
0.01711142435669899,3894,9,,,,,
0.002317004604265094,3895,9,,,,,
0.008949371054768562,3896,9,,,,,
0.009398871101439,3897,9,,,,,
0.012262094765901566,3898,9,,,,,
0.011316290125250816,3899,9,,,,,
0.0009423670708201826,3900,9,,,,,
0.1007685735821724,3901,9,,,,,
0.0036960230208933353,3902,9,,,,,
0.0009073872352018952,3903,9,,,,,
0.0003957797307521105,3904,9,,,,,
0.0014084640424698591,3905,9,,,,,
0.000830243865493685,3906,9,,,,,
0.0018432051874697208,3907,9,,,,,
0.0005998705746605992,3908,9,,,,,
0.04985854774713516,3909,9,,,,,
0.002953875344246626,3910,9,,,,,
0.015757989138364792,3911,9,,,,,
0.002030997769907117,3912,9,,,,,
0.00036853470373898745,3913,9,,,,,
0.0006215914036147296,3914,9,,,,,
0.00148906116373837,3915,9,,,,,
0.007779470644891262,3916,9,,,,,
0.007967798970639706,3917,9,,,,,
6.5574400650803e-05,3918,9,,,,,
0.010944036766886711,3919,9,,,,,
0.0004457998147699982,3920,9,,,,,
0.03721645474433899,3921,9,,,,,
0.03348212689161301,3922,9,,,,,
0.00017793048755265772,3923,9,,,,,
0.0018959176959469914,3924,9,,,,,
0.0008638038416393101,3925,9,,,,,
0.003796201664954424,3926,9,,,,,
0.031153326854109764,3927,9,,,,,
0.03909222036600113,3928,9,,,,,
0.0011508059687912464,3929,9,,,,,
0.003683056915178895,3930,9,,,,,
0.003521011443808675,3931,9,,,,,
0.02273276075720787,3932,9,,,,,
0.01653885841369629,3933,9,,,,,
0.0033977231942117214,3934,9,,,,,
0.014648757874965668,3935,9,,,,,
0.016008708626031876,3936,9,,,,,
0.0026283925399184227,3937,9,,,,,
0.003874267917126417,3938,9,,,,,
0.06283821165561676,3939,9,,,,,
0.0007571331225335598,3940,9,,,,,
0.12322058528661728,3941,9,,,,,
0.000292349373921752,3942,9,,,,,
0.32538989186286926,3943,9,,,,,
0.005996525287628174,3944,9,,,,,
0.00121515360660851,3945,9,,,,,
0.01622404158115387,3946,9,,,,,
0.05397865176200867,3947,9,,,,,
0.11834967881441116,3948,9,,,,,
0.02459677681326866,3949,9,,,,,
0.05842878669500351,3950,9,,,,,
0.03422696515917778,3951,9,,,,,
0.08042491972446442,3952,9,,,,,
0.0020331647247076035,3953,9,,,,,
0.0010722572915256023,3954,9,,,,,
0.03254655376076698,3955,9,,,,,
0.00033115167752839625,3956,9,,,,,
0.012497802264988422,3957,9,,,,,
0.009690125472843647,3958,9,,,,,
0.012051977217197418,3959,9,,,,,
0.05199768766760826,3960,9,,,,,
0.002406133571639657,3961,9,,,,,
0.00423792889341712,3962,9,,,,,
0.003749303286895156,3963,9,,,,,
0.05797349661588669,3964,9,,,,,
0.0007990983431227505,3965,9,,,,,
0.0003920310700777918,3966,9,,,,,
0.019474057480692863,3967,9,,,,,
0.0020662404131144285,3968,9,,,,,
0.002363738836720586,3969,9,,,,,
0.0013773570535704494,3970,9,,,,,
0.005276336334645748,3971,9,,,,,
0.0016691022319719195,3972,9,,,,,
0.005400233902037144,3973,9,,,,,
0.002557222032919526,3974,9,,,,,
0.0013035747688263655,3975,9,,,,,
0.00012846030585933477,3976,9,,,,,
0.000886353780515492,3977,9,,,,,
0.0004994208575226367,3978,9,,,,,
0.002072968054562807,3979,9,,,,,
0.06849852949380875,3980,9,,,,,
0.003924146294593811,3981,9,,,,,
0.41313436627388,3982,9,,,,,
0.02558736875653267,3983,9,,,,,
0.016599208116531372,3984,9,,,,,
0.019736897200345993,3985,9,,,,,
0.001419933745637536,3986,9,,,,,
0.003062631469219923,3987,9,,,,,
0.0012463100720196962,3988,9,,,,,
0.008768376894295216,3989,9,,,,,
,3582,,0.0007638460374437273,,,,
,3583,,0.0010511381551623344,,,,
,3584,,0.0009397332323715091,,,,
,3585,,0.0009397332323715091,,,,
,3586,,0.001257198047824204,,,,
,3587,,0.0006632190197706223,,,,
,3588,,0.0006632190197706223,,,,
,3589,,0.0003083505725953728,,,,
,3590,,0.00020828827109653503,,,,
,3591,,0.00020828827109653503,,,,
,3592,,0.001295967260375619,,,,
,3593,,0.0004937628982588649,,,,
,3594,,0.0004937628982588649,,,,
,3595,,0.047978099435567856,,,,
,3596,,0.05628122389316559,,,,
,3597,,0.05628122389316559,,,,
,3598,,0.0014458224177360535,,,,
,3599,,0.0011477802181616426,,,,
,3600,,0.0012494649272412062,,,,
,3601,,0.0012494649272412062,,,,
,3602,,0.0004929117858409882,,,,
,3603,,0.00036536811967380345,,,,
,3604,,0.00036536811967380345,,,,
,3605,,0.000436380913015455,,,,
,3606,,0.0003257733187638223,,,,
,3607,,0.0003257733187638223,,,,
,3608,,0.0008920359541662037,,,,
,3609,,0.0005816111224703491,,,,
,3610,,0.0005816111224703491,,,,
,3611,,0.0024327286519110203,,,,
,3612,,0.0024327286519110203,,,,
,3613,,0.0024327286519110203,,,,
,3614,,0.0023212397936731577,,,,
,3615,,0.0010266215540468693,,,,
,3616,,0.0018303232500329614,,,,
,3617,,0.0018303232500329614,,,,
,3618,,0.0015236862236633897,,,,
,3619,,0.0008427776047028601,,,,
,3620,,0.0008427776047028601,,,,
,3621,,0.0012988344533368945,,,,
,3622,,0.0008713978459127247,,,,
,3623,,0.0008713978459127247,,,,
,3624,,0.0012894313549622893,,,,
,3625,,0.000884822104126215,,,,
,3626,,0.0006740890094079077,,,,
,3627,,0.000884822104126215,,,,
,3628,,0.0006123368511907756,,,,
,3629,,0.000816541607491672,,,,
,3630,,0.000816541607491672,,,,
,3631,,0.0006566935917362571,,,,
,3632,,0.0005315627786330879,,,,
,3633,,0.0005315627786330879,,,,
,3634,,0.001038147252984345,,,,
,3635,,0.0008007587748579681,,,,
,3636,,0.0008007587748579681,,,,
,3637,,0.0012278680223971605,,,,
,3638,,0.0006361320847645402,,,,
,3639,,0.0006361320847645402,,,,
,3640,,0.0003523525665514171,,,,
,3641,,0.00027636432787403464,,,,
,3642,,0.0007183699635788798,,,,
,3643,,0.00027636432787403464,,,,
,3644,,0.0013670159969478846,,,,
,3645,,0.0013670159969478846,,,,
,3646,,0.0013670159969478846,,,,
,3647,,0.03886227682232857,,,,
,3648,,0.029460012912750244,,,,
,3649,,0.029460012912750244,,,,
,3650,,0.0016193444607779384,,,,
,3651,,0.0008928908500820398,,,,
,3652,,0.0008928908500820398,,,,
,3653,,0.000464182929135859,,,,
,3654,,0.0002927678870037198,,,,
,3655,,0.0002927678870037198,,,,
,3656,,0.000420570548158139,,,,
,3657,,0.00036193375126458704,,,,
,3658,,0.00036193375126458704,,,,
,3659,,0.0005625783815048635,,,,
,3660,,0.0008365391404367983,,,,
,3661,,0.0008664826746098697,,,,
,3662,,0.0008664826746098697,,,,
,3663,,0.003151712939143181,,,,
,3664,,0.001851445296779275,,,,
,3665,,0.001851445296779275,,,,
,3666,,0.0024047866463661194,,,,
,3667,,0.00041269310167990625,,,,
,3668,,0.001425731461495161,,,,
,3669,,0.001425731461495161,,,,
,3670,,0.001976448344066739,,,,
,3671,,0.000996171496808529,,,,
,3672,,0.000996171496808529,,,,
,3673,,0.0013519292697310448,,,,
,3674,,0.0009611030109226704,,,,
,3675,,0.0009611030109226704,,,,
,3676,,0.0014014753978699446,,,,
,3677,,0.0014014753978699446,,,,
,3678,,0.0014014753978699446,,,,
,3679,,0.0005359751521609724,,,,
,3680,,0.0005614082328975201,,,,
,3681,,0.0005614082328975201,,,,
,3682,,0.0005169498035684228,,,,
,3683,,0.00029672522214241326,,,,
,3684,,0.00029672522214241326,,,,
,3685,,0.0007712026708759367,,,,
,3686,,0.00037040645838715136,,,,
,3687,,0.0005578164709731936,,,,
,3688,,0.0005578164709731936,,,,
,3689,,0.0012022145092487335,,,,
,3690,,0.0006374565418809652,,,,
,3691,,0.0006374565418809652,,,,
,3692,,0.00027769457665272057,,,,
,3693,,0.0003630486025940627,,,,
,3694,,0.0003630486025940627,,,,
,3695,,0.0011422151001170278,,,,
,3696,,0.0008296449086628854,,,,
,3697,,0.0008296449086628854,,,,
,3698,,0.017216086387634277,,,,
,3699,,0.011706000193953514,,,,
,3700,,0.011706000193953514,,,,
,3701,,0.0009727712604217231,,,,
,3702,,0.0005986810429021716,,,,
,3703,,0.0005210922099649906,,,,
,3704,,0.0005210922099649906,,,,
,3705,,0.0004117520002182573,,,,
,3706,,0.0002585275797173381,,,,
,3707,,0.0002585275797173381,,,,
,3708,,0.0002781814837362617,,,,
,3709,,0.0002781814837362617,,,,
,3710,,0.0002781814837362617,,,,
,3711,,0.0006859357235953212,,,,
,3712,,0.0005931747145950794,,,,
,3713,,0.0004911964642815292,,,,
,3714,,0.0004911964642815292,,,,
,3715,,0.0019100424833595753,,,,
,3716,,0.0008019811357371509,,,,
,3717,,0.0008019811357371509,,,,
,3718,,0.0011525346199050546,,,,
,3719,,0.0007686735480092466,,,,
,3720,,0.0007686735480092466,,,,
,3721,,0.0010927701368927956,,,,
,3722,,0.0006029151263646781,,,,
,3723,,0.0006029151263646781,,,,
,3724,,0.0009906505001708865,,,,
,3725,,0.0012220776407048106,,,,
,3726,,0.0012220776407048106,,,,
,3727,,0.0009987156372517347,,,,
,3728,,0.000782631803303957,,,,
,3729,,0.000782631803303957,,,,
,3730,,0.00041967802098952234,,,,
,3731,,0.0003952742263209075,,,,
,3732,,0.0002754481974989176,,,,
,3733,,0.0002754481974989176,,,,
,3734,,0.00038594938814640045,,,,
,3735,,0.00019238496315665543,,,,
,3736,,0.00019238496315665543,,,,
,3737,,0.000643827544990927,,,,
,3738,,0.00047609626199118793,,,,
,3739,,0.00047609626199118793,,,,
,3740,,0.0007812876137904823,,,,
,3741,,0.0007812876137904823,,,,
,3742,,0.0007812876137904823,,,,
,3743,,0.0002564574242569506,,,,
,3744,,0.00028433307306841016,,,,
,3745,,0.00044892431469634175,,,,
,3746,,0.00028433307306841016,,,,
,3747,,0.000738019123673439,,,,
,3748,,0.00042160029988735914,,,,
,3749,,0.00042160029988735914,,,,
,3750,,0.013723756186664104,,,,
,3751,,0.009765667840838432,,,,
,3752,,0.009765667840838432,,,,
,3753,,0.0007715810206718743,,,,
,3754,,0.00046601411304436624,,,,
,3755,,0.00046601411304436624,,,,
,3756,,0.06407071650028229,,,,
,3757,,0.0003463991160970181,,,,
,3758,,0.00022730791533831507,,,,
,3759,,0.00022730791533831507,,,,
,3760,,0.00021538505097851157,,,,
,3761,,0.0003038569411728531,,,,
,3762,,0.0003038569411728531,,,,
,3763,,0.00039912122883833945,,,,
,3764,,0.00021791581821162254,,,,
,3765,,0.00021791581821162254,,,,
,3766,,0.0014183929888531566,,,,
,3767,,0.0006043676985427737,,,,
,3768,,0.0006043676985427737,,,,
,3769,,0.0009623151272535324,,,,
,3770,,0.000714965455699712,,,,
,3771,,0.000714965455699712,,,,
,3772,,0.001173577387817204,,,,
,3773,,0.0008550471975468099,,,,
,3774,,0.0008550471975468099,,,,
,3775,,0.0008550471975468099,,,,
,3776,,0.0006910681840963662,,,,
,3777,,0.0006740245153196156,,,,
,3778,,0.0006740245153196156,,,,
,3779,,0.000770552724134177,,,,
,3780,,0.00043258711230009794,,,,
,3781,,0.00043258711230009794,,,,
,3782,,0.00040074961725622416,,,,
,3783,,0.0002708656247705221,,,,
,3784,,0.0002708656247705221,,,,
,3785,,0.00035948946606367826,,,,
,3786,,0.0001836982846725732,,,,
,3787,,0.0001836982846725732,,,,
,3788,,0.0006011136574670672,,,,
,3789,,0.0005949641345068812,,,,
,3790,,0.0009580568876117468,,,,
,3791,,0.0009580568876117468,,,,
,3792,,0.0007829628884792328,,,,
,3793,,0.0006327400915324688,,,,
,3794,,0.0006327400915324688,,,,
,3795,,0.00023493899789173156,,,,
,3796,,0.00016979822248686105,,,,
,3797,,0.0006257753120735288,,,,
,3798,,0.00016979822248686105,,,,
,3799,,0.0006884176400490105,,,,
,3800,,0.0002528804761823267,,,,
,3801,,0.0002528804761823267,,,,
,3802,,0.11463569104671478,,,,
,3803,,0.09363909065723419,,,,
,3804,,0.09363909065723419,,,,
,3805,,0.0017607506597414613,,,,
,3806,,0.0017607506597414613,,,,
,3807,,0.0017607506597414613,,,,
,3808,,0.0005045612342655659,,,,
,3809,,0.000507571327034384,,,,
,3810,,0.000507571327034384,,,,
,3811,,0.0006285589188337326,,,,
,3812,,0.00038955529453232884,,,,
,3813,,0.00038955529453232884,,,,
,3814,,0.0011368092382326722,,,,
,3815,,0.0008471115143038332,,,,
,3816,,0.0007536648772656918,,,,
,3817,,0.0007536648772656918,,,,
,3818,,0.004083903040736914,,,,
,3819,,0.0016217796364799142,,,,
,3820,,0.0016217796364799142,,,,
,3821,,0.00143639394082129,,,,
,3822,,0.0978752002120018,,,,
,3823,,0.002068486763164401,,,,
,3824,,0.002068486763164401,,,,
,3825,,0.0014776273164898157,,,,
,3826,,0.0009491859236732125,,,,
,3827,,0.0009491859236732125,,,,
,3828,,0.0013293289812281728,,,,
,3829,,0.0009755552164278924,,,,
,3830,,0.0009755552164278924,,,,
,3831,,0.0015773511258885264,,,,
,3832,,0.0015989614184945822,,,,
,3833,,0.0007862909114919603,,,,
,3834,,0.0007862909114919603,,,,
,3835,,0.000658121076412499,,,,
,3836,,0.000498047040309757,,,,
,3837,,0.000498047040309757,,,,
,3838,,0.0009443227318115532,,,,
,3839,,0.0009443227318115532,,,,
,3840,,0.0009443227318115532,,,,
,3841,,0.0014208959182724357,,,,
,3842,,0.0011046422878280282,,,,
,3843,,0.0014302904019132257,,,,
,3844,,0.0014302904019132257,,,,
,3845,,0.0018041610019281507,,,,
,3846,,0.0009915513219311833,,,,
,3847,,0.0009915513219311833,,,,
,3848,,0.00041577997035346925,,,,
,3849,,0.0002990731445606798,,,,
,3850,,0.0002990731445606798,,,,
,3851,,0.002044560154899955,,,,
,3852,,0.0008228427614085376,,,,
,3853,,0.0008228427614085376,,,,
,3854,,0.08514953404664993,,,,
,3855,,0.11198558658361435,,,,
,3856,,0.11198558658361435,,,,
,3857,,0.0016402072506025434,,,,
,3858,,0.0015964092453941703,,,,
,3859,,0.0013153637992218137,,,,
,3860,,0.0013153637992218137,,,,
,3861,,0.0003393869264982641,,,,
,3862,,0.0002511356142349541,,,,
,3863,,0.0002511356142349541,,,,
,3864,,0.0007270454661920667,,,,
,3865,,0.00036245977389626205,,,,
,3866,,0.00036245977389626205,,,,
,3867,,0.0007953211897984147,,,,
,3868,,0.0005837340140715241,,,,
,3869,,0.0005837340140715241,,,,
,3870,,0.00296314200386405,,,,
,3871,,0.00296314200386405,,,,
,3872,,0.00296314200386405,,,,
,3873,,0.001724909758195281,,,,
,3874,,0.0017352153081446886,,,,
,3875,,0.0017352153081446886,,,,
,3876,,0.0008406683336943388,,,,
,3877,,0.0017111037159338593,,,,
,3878,,0.0008700109319761395,,,,
,3879,,0.0008700109319761395,,,,
,3880,,0.001319603412412107,,,,
,3881,,0.0009616875904612243,,,,
,3882,,0.0009616875904612243,,,,
,3883,,0.0017692820401862264,,,,
,3884,,0.0009014387615025043,,,,
,3885,,0.0008585403556935489,,,,
,3886,,0.0008585403556935489,,,,
,3887,,0.0008242562180384994,,,,
,3888,,0.0013606589054688811,,,,
,3889,,0.0013606589054688811,,,,
,3890,,0.001224979874677956,,,,
,3891,,0.0008242424810305238,,,,
,3892,,0.0008242424810305238,,,,
,3893,,0.0016269765328615904,,,,
,3894,,0.0015644751256331801,,,,
,3895,,0.0015644751256331801,,,,
,3896,,0.0015199172776192427,,,,
,3897,,0.0005763091612607241,,,,
,3898,,0.0005763091612607241,,,,
,3899,,0.0004038933548144996,,,,
,3900,,0.0006830929778516293,,,,
,3901,,0.00031986137037165463,,,,
,3902,,0.00031986137037165463,,,,
,3903,,0.0016990797594189644,,,,
,3904,,0.0016990797594189644,,,,
,3905,,0.0016990797594189644,,,,
,3906,,0.19776685535907745,,,,
,3907,,0.16930162906646729,,,,
,3908,,0.16930162906646729,,,,
,3909,,0.0018866100581362844,,,,
,3910,,0.0009596976451575756,,,,
,3911,,0.0009596976451575756,,,,
,3912,,0.00037417153362184763,,,,
,3913,,0.00024080389994196594,,,,
,3914,,0.00024080389994196594,,,,
,3915,,0.0006550764082930982,,,,
,3916,,0.0004479880153667182,,,,
,3917,,0.0004479880153667182,,,,
,3918,,0.0008334400481544435,,,,
,3919,,0.022496720775961876,,,,
,3920,,0.0010593042243272066,,,,
,3921,,0.0010593042243272066,,,,
,3922,,0.004006217233836651,,,,
,3923,,0.002182092983275652,,,,
,3924,,0.002182092983275652,,,,
,3925,,0.0020105403382331133,,,,
,3926,,0.01248185895383358,,,,
,3927,,0.0015924029285088181,,,,
,3928,,0.0015924029285088181,,,,
,3929,,0.002050311304628849,,,,
,3930,,0.0009053698158822954,,,,
,3931,,0.0009053698158822954,,,,
,3932,,0.0017770417034626007,,,,
,3933,,0.0013507807161659002,,,,
,3934,,0.0013507807161659002,,,,
,3935,,0.0020683463662862778,,,,
,3936,,0.0020683463662862778,,,,
,3937,,0.0020683463662862778,,,,
,3938,,0.0008709552348591387,,,,
,3939,,0.0009318842203356326,,,,
,3940,,0.0009318842203356326,,,,
,3941,,0.0011624187463894486,,,,
,3942,,0.000641926540993154,,,,
,3943,,0.000641926540993154,,,,
,3944,,0.0031276994850486517,,,,
,3945,,0.001353162806481123,,,,
,3946,,0.0023622203152626753,,,,
,3947,,0.0023622203152626753,,,,
,3948,,0.0021011848002672195,,,,
,3949,,0.0008734522270970047,,,,
,3950,,0.0008734522270970047,,,,
,3951,,0.000554994388949126,,,,
,3952,,0.0009241905063390732,,,,
,3953,,0.0009241905063390732,,,,
,3954,,0.0019009271636605263,,,,
,3955,,0.0013329980429261923,,,,
,3956,,0.0013329980429261923,,,,
,3957,,0.15700626373291016,,,,
,3958,,0.1279817372560501,,,,
,3959,,0.1279817372560501,,,,
,3960,,0.0025289396289736032,,,,
,3961,,0.0007172470795921981,,,,
,3962,,0.0010571175953373313,,,,
,3963,,0.0010571175953373313,,,,
,3964,,0.0005226985667832196,,,,
,3965,,0.0003721427056007087,,,,
,3966,,0.0003721427056007087,,,,
,3967,,0.0004874930309597403,,,,
,3968,,0.0004874930309597403,,,,
,3969,,0.0004874930309597403,,,,
,3970,,0.0009652995504438877,,,,
,3971,,0.0008458792581222951,,,,
,3972,,0.0008458792581222951,,,,
,3973,,0.004071180708706379,,,,
,3974,,0.001787194050848484,,,,
,3975,,0.001787194050848484,,,,
,3976,,0.0017914877971634269,,,,
,3977,,0.0013214981881901622,,,,
,3978,,0.0013214981881901622,,,,
,3979,,0.0016665604198351502,,,,
,3989,9,,0.006144278217107058,,,
,3989,9,,,0.02205103449523449,0.8942065238952637,0.8942065238952637
0.02069125697016716,3990,10,,,,,
0.006654127035290003,3991,10,,,,,
0.008212818764150143,3992,10,,,,,
0.015492781065404415,3993,10,,,,,
0.054989561438560486,3994,10,,,,,
0.0273369662463665,3995,10,,,,,
0.0024749222211539745,3996,10,,,,,
0.12788033485412598,3997,10,,,,,
0.005163953639566898,3998,10,,,,,
0.0018201179336756468,3999,10,,,,,
0.003784147324040532,4000,10,,,,,
0.004654372576624155,4001,10,,,,,
0.011045398190617561,4002,10,,,,,
0.00713569950312376,4003,10,,,,,
0.005091032944619656,4004,10,,,,,
0.0019270346965640783,4005,10,,,,,
0.002495354041457176,4006,10,,,,,
0.002901283325627446,4007,10,,,,,
0.014468520879745483,4008,10,,,,,
0.04615067318081856,4009,10,,,,,
0.0018351241014897823,4010,10,,,,,
0.0015481902519240975,4011,10,,,,,
0.02336285635828972,4012,10,,,,,
0.12252603471279144,4013,10,,,,,
0.0022079250775277615,4014,10,,,,,
0.005752743687480688,4015,10,,,,,
0.0034528891555964947,4016,10,,,,,
0.02236301451921463,4017,10,,,,,
0.028140300884842873,4018,10,,,,,
0.033397939056158066,4019,10,,,,,
0.00640555564314127,4020,10,,,,,
0.0022330062929540873,4021,10,,,,,
0.04129239171743393,4022,10,,,,,
0.0017105983570218086,4023,10,,,,,
0.0010326358024030924,4024,10,,,,,
0.0023158560506999493,4025,10,,,,,
0.00024617373128421605,4026,10,,,,,
0.000893076416105032,4027,10,,,,,
0.000947534863371402,4028,10,,,,,
0.01320727076381445,4029,10,,,,,
0.00039385646232403815,4030,10,,,,,
0.0018839165568351746,4031,10,,,,,
0.001860876102000475,4032,10,,,,,
0.005032609682530165,4033,10,,,,,
0.003279765136539936,4034,10,,,,,
0.00033968337811529636,4035,10,,,,,
0.0007133632316254079,4036,10,,,,,
0.06612154841423035,4037,10,,,,,
0.0010831368854269385,4038,10,,,,,
0.0028643205296248198,4039,10,,,,,
0.0014228303916752338,4040,10,,,,,
0.0055951219983398914,4041,10,,,,,
0.03701646998524666,4042,10,,,,,
0.001960349502041936,4043,10,,,,,
0.0020822433289140463,4044,10,,,,,
0.00028159719659015536,4045,10,,,,,
0.02248094044625759,4046,10,,,,,
0.0038773866835981607,4047,10,,,,,
0.0013966565020382404,4048,10,,,,,
0.17698217928409576,4049,10,,,,,
0.06699467450380325,4050,10,,,,,
0.0005438708467409015,4051,10,,,,,
0.15800832211971283,4052,10,,,,,
0.00031458321609534323,4053,10,,,,,
0.10712645947933197,4054,10,,,,,
0.0005658215377479792,4055,10,,,,,
0.006832779850810766,4056,10,,,,,
0.005874233320355415,4057,10,,,,,
0.00017662499158177525,4058,10,,,,,
0.000319308543112129,4059,10,,,,,
0.001165542402304709,4060,10,,,,,
0.0024730332661420107,4061,10,,,,,
0.0049611423164606094,4062,10,,,,,
0.000740162911824882,4063,10,,,,,
0.0015412658685818315,4064,10,,,,,
0.003540770383551717,4065,10,,,,,
0.004883662797510624,4066,10,,,,,
0.001082459930330515,4067,10,,,,,
0.0005428239237517118,4068,10,,,,,
0.004722181241959333,4069,10,,,,,
0.00037218621582724154,4070,10,,,,,
0.00092232198221609,4071,10,,,,,
0.002058533951640129,4072,10,,,,,
0.012793747708201408,4073,10,,,,,
0.0014346780953928828,4074,10,,,,,
0.00020811888680327684,4075,10,,,,,
0.0004344676563050598,4076,10,,,,,
0.00018280766380485147,4077,10,,,,,
0.001686246832832694,4078,10,,,,,
0.0008531614439561963,4079,10,,,,,
0.0015590700786560774,4080,10,,,,,
0.036544319242239,4081,10,,,,,
0.0006694605108350515,4082,10,,,,,
0.0006424003513529897,4083,10,,,,,
0.0015079374425113201,4084,10,,,,,
0.09205237776041031,4085,10,,,,,
0.022903108969330788,4086,10,,,,,
0.0006403530132956803,4087,10,,,,,
0.0010156299686059356,4088,10,,,,,
0.027074459940195084,4089,10,,,,,
0.02724650129675865,4090,10,,,,,
0.00021200452465564013,4091,10,,,,,
0.038564763963222504,4092,10,,,,,
0.014403382316231728,4093,10,,,,,
0.0003672660968732089,4094,10,,,,,
0.003997773863375187,4095,10,,,,,
0.10075104981660843,4096,10,,,,,
0.006457197945564985,4097,10,,,,,
0.00046942621702328324,4098,10,,,,,
0.0021857682149857283,4099,10,,,,,
0.00042393722105771303,4100,10,,,,,
0.09921304136514664,4101,10,,,,,
0.00032809990807436407,4102,10,,,,,
0.00026537355734035373,4103,10,,,,,
8.431299647781998e-05,4104,10,,,,,
0.05816015228629112,4105,10,,,,,
0.0005895293434150517,4106,10,,,,,
0.37763339281082153,4107,10,,,,,
0.010027589276432991,4108,10,,,,,
0.13966506719589233,4109,10,,,,,
0.015636444091796875,4110,10,,,,,
0.0013952517183497548,4111,10,,,,,
0.000593413133174181,4112,10,,,,,
0.0015534873818978667,4113,10,,,,,
0.3498121201992035,4114,10,,,,,
0.010786212980747223,4115,10,,,,,
0.002546250354498625,4116,10,,,,,
0.006349833216518164,4117,10,,,,,
0.0004056867037434131,4118,10,,,,,
0.047896742820739746,4119,10,,,,,
0.0003017011913470924,4120,10,,,,,
0.004964779131114483,4121,10,,,,,
0.0005401941598393023,4122,10,,,,,
0.00037609582068398595,4123,10,,,,,
0.001976636704057455,4124,10,,,,,
0.3788700997829437,4125,10,,,,,
0.3938588500022888,4126,10,,,,,
0.024204259738326073,4127,10,,,,,
0.006373410578817129,4128,10,,,,,
0.184630885720253,4129,10,,,,,
0.001432227436453104,4130,10,,,,,
0.07259245961904526,4131,10,,,,,
0.0038621637504547834,4132,10,,,,,
0.002145766746252775,4133,10,,,,,
0.03928051516413689,4134,10,,,,,
0.0017411208245903254,4135,10,,,,,
0.002686883555725217,4136,10,,,,,
0.0008440536912530661,4137,10,,,,,
0.006625927519053221,4138,10,,,,,
0.01870964840054512,4139,10,,,,,
0.265385240316391,4140,10,,,,,
0.0019449385581538081,4141,10,,,,,
0.0018708305433392525,4142,10,,,,,
0.00923511665314436,4143,10,,,,,
0.025691263377666473,4144,10,,,,,
0.0017886970890685916,4145,10,,,,,
0.006806606892496347,4146,10,,,,,
0.00514758937060833,4147,10,,,,,
0.030916333198547363,4148,10,,,,,
0.15496903657913208,4149,10,,,,,
0.004090569447726011,4150,10,,,,,
0.002848279196768999,4151,10,,,,,
0.005169113632291555,4152,10,,,,,
0.028553124517202377,4153,10,,,,,
0.020731506869196892,4154,10,,,,,
0.04485194757580757,4155,10,,,,,
0.003915757406502962,4156,10,,,,,
0.006212181411683559,4157,10,,,,,
0.032880280166864395,4158,10,,,,,
0.006230327766388655,4159,10,,,,,
0.0028515050653368235,4160,10,,,,,
0.004405044950544834,4161,10,,,,,
0.006792070344090462,4162,10,,,,,
0.007413409184664488,4163,10,,,,,
0.013456913642585278,4164,10,,,,,
0.09774354845285416,4165,10,,,,,
0.0002530596684664488,4166,10,,,,,
0.003804874373599887,4167,10,,,,,
0.1348891407251358,4168,10,,,,,
0.046090275049209595,4169,10,,,,,
0.0004427058156579733,4170,10,,,,,
0.06683297455310822,4171,10,,,,,
0.02985219471156597,4172,10,,,,,
0.0023378562182188034,4173,10,,,,,
0.0009952696273103356,4174,10,,,,,
0.001461352570913732,4175,10,,,,,
0.017215557396411896,4176,10,,,,,
0.0003913248365279287,4177,10,,,,,
0.2198689728975296,4178,10,,,,,
0.06959327310323715,4179,10,,,,,
0.42563319206237793,4180,10,,,,,
0.062332797795534134,4181,10,,,,,
0.00013195440988056362,4182,10,,,,,
0.045908667147159576,4183,10,,,,,
0.018132375553250313,4184,10,,,,,
0.10688827186822891,4185,10,,,,,
0.003441879991441965,4186,10,,,,,
0.00312688946723938,4187,10,,,,,
0.00324649759568274,4188,10,,,,,
0.003230402246117592,4189,10,,,,,
0.032602280378341675,4190,10,,,,,
0.029670318588614464,4191,10,,,,,
0.0019359311554580927,4192,10,,,,,
0.009818291291594505,4193,10,,,,,
0.130184605717659,4194,10,,,,,
0.3800696134567261,4195,10,,,,,
0.0005221666651777923,4196,10,,,,,
0.01582893542945385,4197,10,,,,,
0.007222378626465797,4198,10,,,,,
0.014283591881394386,4199,10,,,,,
0.01363306026905775,4200,10,,,,,
0.003230549395084381,4201,10,,,,,
0.0010895652230829,4202,10,,,,,
0.010275524109601974,4203,10,,,,,
0.00135175755713135,4204,10,,,,,
0.0026186651084572077,4205,10,,,,,
0.0007474140147678554,4206,10,,,,,
0.054386258125305176,4207,10,,,,,
0.001601547934114933,4208,10,,,,,
0.010171480476856232,4209,10,,,,,
0.0016699506668373942,4210,10,,,,,
0.007278192788362503,4211,10,,,,,
0.06614039838314056,4212,10,,,,,
0.014292716979980469,4213,10,,,,,
0.05789569020271301,4214,10,,,,,
0.03011488914489746,4215,10,,,,,
0.03498651459813118,4216,10,,,,,
0.0053796726278960705,4217,10,,,,,
0.0004886822425760329,4218,10,,,,,
0.0011780643835663795,4219,10,,,,,
0.04311639443039894,4220,10,,,,,
0.12337654829025269,4221,10,,,,,
0.0013452238636091352,4222,10,,,,,
0.0017322732601314783,4223,10,,,,,
0.0041709779761731625,4224,10,,,,,
0.033509768545627594,4225,10,,,,,
0.10171055048704147,4226,10,,,,,
0.004056238103657961,4227,10,,,,,
0.0037317012902349234,4228,10,,,,,
0.000688688363879919,4229,10,,,,,
0.010128632187843323,4230,10,,,,,
0.005530507303774357,4231,10,,,,,
0.002089593792334199,4232,10,,,,,
0.00036000250838696957,4233,10,,,,,
0.01423742063343525,4234,10,,,,,
0.004196805879473686,4235,10,,,,,
0.021498363465070724,4236,10,,,,,
0.0310637466609478,4237,10,,,,,
0.0011495217913761735,4238,10,,,,,
0.047034844756126404,4239,10,,,,,
0.0029972523916512728,4240,10,,,,,
0.00890202447772026,4241,10,,,,,
0.0015940794255584478,4242,10,,,,,
0.05387381464242935,4243,10,,,,,
0.0005696435109712183,4244,10,,,,,
0.0026224052999168634,4245,10,,,,,
0.0001581472606630996,4246,10,,,,,
0.0004591106262523681,4247,10,,,,,
0.0007706123869866133,4248,10,,,,,
0.0006612949655391276,4249,10,,,,,
0.00035825217491947114,4250,10,,,,,
0.020985400304198265,4251,10,,,,,
0.04351573809981346,4252,10,,,,,
0.00023579331173095852,4253,10,,,,,
0.0007402011542581022,4254,10,,,,,
7.253883813973516e-05,4255,10,,,,,
0.014502174220979214,4256,10,,,,,
0.0019262682180851698,4257,10,,,,,
0.0002787509874906391,4258,10,,,,,
0.0006554099963977933,4259,10,,,,,
0.0008313767611980438,4260,10,,,,,
0.0014631400117650628,4261,10,,,,,
0.0013401100877672434,4262,10,,,,,
0.00018719237414188683,4263,10,,,,,
0.01549509447067976,4264,10,,,,,
0.00020823722297791392,4265,10,,,,,
0.003221315797418356,4266,10,,,,,
0.00023871361918281764,4267,10,,,,,
0.02991524711251259,4268,10,,,,,
0.00897353794425726,4269,10,,,,,
0.0002616276906337589,4270,10,,,,,
0.0076078735291957855,4271,10,,,,,
0.035593871027231216,4272,10,,,,,
0.031579941511154175,4273,10,,,,,
0.002553737023845315,4274,10,,,,,
0.013775215484201908,4275,10,,,,,
0.0024348790757358074,4276,10,,,,,
0.010137850418686867,4277,10,,,,,
0.00021016762184444815,4278,10,,,,,
0.1387270987033844,4279,10,,,,,
0.012682799249887466,4280,10,,,,,
0.002531261881813407,4281,10,,,,,
0.00012852830695919693,4282,10,,,,,
0.023115964606404305,4283,10,,,,,
0.008330894634127617,4284,10,,,,,
0.0007274836534634233,4285,10,,,,,
0.0017109261825680733,4286,10,,,,,
6.01535321038682e-05,4287,10,,,,,
0.089574433863163,4288,10,,,,,
0.009670624509453773,4289,10,,,,,
6.895406113471836e-05,4290,10,,,,,
0.01901162788271904,4291,10,,,,,
0.22601741552352905,4292,10,,,,,
0.021814614534378052,4293,10,,,,,
0.0004773284599650651,4294,10,,,,,
0.0731521025300026,4295,10,,,,,
6.11429859418422e-05,4296,10,,,,,
0.0003334819048177451,4297,10,,,,,
0.00177943694870919,4298,10,,,,,
0.0003229592111892998,4299,10,,,,,
0.005126533564180136,4300,10,,,,,
0.11168142408132553,4301,10,,,,,
0.0002672327100299299,4302,10,,,,,
0.006916966289281845,4303,10,,,,,
0.03599529713392258,4304,10,,,,,
0.07666318863630295,4305,10,,,,,
0.04660412669181824,4306,10,,,,,
0.0025169134605675936,4307,10,,,,,
0.0003429392818361521,4308,10,,,,,
0.0011380560463294387,4309,10,,,,,
0.0064437310211360455,4310,10,,,,,
0.006040146574378014,4311,10,,,,,
0.10420341789722443,4312,10,,,,,
0.0006579227629117668,4313,10,,,,,
0.03766442835330963,4314,10,,,,,
0.11752600222826004,4315,10,,,,,
0.02653750218451023,4316,10,,,,,
0.0004730217333417386,4317,10,,,,,
0.0012833119835704565,4318,10,,,,,
0.00031004362972453237,4319,10,,,,,
0.06880312412977219,4320,10,,,,,
0.04269792512059212,4321,10,,,,,
0.054211657494306564,4322,10,,,,,
0.06732650846242905,4323,10,,,,,
0.14921696484088898,4324,10,,,,,
0.004298993851989508,4325,10,,,,,
0.008291839621961117,4326,10,,,,,
0.20524761080741882,4327,10,,,,,
0.000586372334510088,4328,10,,,,,
0.0001942106755450368,4329,10,,,,,
0.00014631650992669165,4330,10,,,,,
0.0022700917907059193,4331,10,,,,,
0.011111005209386349,4332,10,,,,,
0.00061603490030393,4333,10,,,,,
0.06992268562316895,4334,10,,,,,
0.007775573525577784,4335,10,,,,,
0.0012078573927283287,4336,10,,,,,
0.09425724297761917,4337,10,,,,,
0.003411707002669573,4338,10,,,,,
0.040997717529535294,4339,10,,,,,
0.001958678476512432,4340,10,,,,,
0.0001277517294511199,4341,10,,,,,
0.0005968849873170257,4342,10,,,,,
0.00029731125687249005,4343,10,,,,,
0.0004117387579753995,4344,10,,,,,
0.022696714848279953,4345,10,,,,,
0.0038639958947896957,4346,10,,,,,
0.0011335272574797273,4347,10,,,,,
0.008564573712646961,4348,10,,,,,
0.0007487706025131047,4349,10,,,,,
4.8768379201646894e-05,4350,10,,,,,
0.02212803065776825,4351,10,,,,,
0.00799147505313158,4352,10,,,,,
0.023016605526208878,4353,10,,,,,
0.0006343605928122997,4354,10,,,,,
0.006635118275880814,4355,10,,,,,
0.0001893253211164847,4356,10,,,,,
0.11989543586969376,4357,10,,,,,
0.0033069343771785498,4358,10,,,,,
0.003541609738022089,4359,10,,,,,
0.001792473834939301,4360,10,,,,,
0.0007758475840091705,4361,10,,,,,
0.0004080364014953375,4362,10,,,,,
0.0034396378323435783,4363,10,,,,,
0.008041075430810452,4364,10,,,,,
0.0007370415842160583,4365,10,,,,,
0.03613309934735298,4366,10,,,,,
0.008954064920544624,4367,10,,,,,
0.008890005759894848,4368,10,,,,,
0.01895878277719021,4369,10,,,,,
0.034676361829042435,4370,10,,,,,
0.010458355769515038,4371,10,,,,,
0.000238718421314843,4372,10,,,,,
0.0004552462778519839,4373,10,,,,,
0.04044840857386589,4374,10,,,,,
0.0009286581771448255,4375,10,,,,,
0.0008096781675703824,4376,10,,,,,
0.0003220585931558162,4377,10,,,,,
0.0005409774603322148,4378,10,,,,,
0.022968724370002747,4379,10,,,,,
0.0010408175876364112,4380,10,,,,,
0.05441286042332649,4381,10,,,,,
0.03551623225212097,4382,10,,,,,
0.00028425976051948965,4383,10,,,,,
0.0008824352407827973,4384,10,,,,,
0.0005159665597602725,4385,10,,,,,
0.00021077640121802688,4386,10,,,,,
9.584796498529613e-05,4387,10,,,,,
0.0004202605632599443,4388,10,,,,,
,3980,,0.00011361270298948511,,,,
,3981,,9.102602780330926e-05,,,,
,3982,,5.8774021454155445e-06,,,,
,3983,,5.8774021454155445e-06,,,,
,3984,,0.015715105459094048,,,,
,3985,,0.04327351599931717,,,,
,3986,,0.04327351599931717,,,,
,3987,,4.03968442697078e-05,,,,
,3988,,2.7928904273721855e-06,,,,
,3989,,2.7928904273721855e-06,,,,
,3990,,3.762846290555899e-06,,,,
,3991,,3.1751373171573505e-05,,,,
,3992,,3.1751373171573505e-05,,,,
,3993,,0.0008585114264860749,,,,
,3994,,0.008249633014202118,,,,
,3995,,0.008249633014202118,,,,
,3996,,2.811999002005905e-05,,,,
,3997,,7.905653910711408e-05,,,,
,3998,,2.827489333867561e-05,,,,
,3999,,2.827489333867561e-05,,,,
,4000,,1.864055775513407e-05,,,,
,4001,,2.4189863324863836e-05,,,,
,4002,,2.4189863324863836e-05,,,,
,4003,,3.118779568467289e-05,,,,
,4004,,3.689182995003648e-05,,,,
,4005,,3.689182995003648e-05,,,,
,4006,,9.956496796803549e-06,,,,
,4007,,1.013236578728538e-05,,,,
,4008,,1.013236578728538e-05,,,,
,4009,,1.3091213077132124e-05,,,,
,4010,,1.3091213077132124e-05,,,,
,4011,,1.3091213077132124e-05,,,,
,4012,,1.2249678547959775e-05,,,,
,4013,,5.425193376140669e-05,,,,
,4014,,1.308090486418223e-05,,,,
,4015,,1.308090486418223e-05,,,,
,4016,,9.31351587496465e-06,,,,
,4017,,9.671005500422325e-06,,,,
,4018,,9.671005500422325e-06,,,,
,4019,,1.0399318853160366e-05,,,,
,4020,,7.498609647882404e-06,,,,
,4021,,7.498609647882404e-06,,,,
,4022,,1.4205787010723725e-05,,,,
,4023,,1.3515296814148314e-05,,,,
,4024,,3.350003680679947e-05,,,,
,4025,,1.3515296814148314e-05,,,,
,4026,,2.4962277166196145e-05,,,,
,4027,,1.0438186109240633e-05,,,,
,4028,,1.0438186109240633e-05,,,,
,4029,,6.525292519654613e-06,,,,
,4030,,5.519785190699622e-06,,,,
,4031,,5.519785190699622e-06,,,,
,4032,,1.7017096979543567e-05,,,,
,4033,,7.945207471493632e-06,,,,
,4034,,7.945207471493632e-06,,,,
,4035,,0.0012672070879489183,,,,
,4036,,0.006128744687885046,,,,
,4037,,0.006128744687885046,,,,
,4038,,1.890139901661314e-05,,,,
,4039,,8.719022844161373e-06,,,,
,4040,,4.112105307285674e-05,,,,
,4041,,8.719022844161373e-06,,,,
,4042,,7.167985131673049e-06,,,,
,4043,,7.167985131673049e-06,,,,
,4044,,7.167985131673049e-06,,,,
,4045,,0.00067242665681988,,,,
,4046,,0.0035945966374129057,,,,
,4047,,0.0035945966374129057,,,,
,4048,,2.4936231056926772e-05,,,,
,4049,,1.6827540093800053e-05,,,,
,4050,,1.6827540093800053e-05,,,,
,4051,,1.2312187209317926e-05,,,,
,4052,,6.766444585082354e-06,,,,
,4053,,6.766444585082354e-06,,,,
,4054,,4.550662197289057e-06,,,,
,4055,,5.477909326145891e-06,,,,
,4056,,5.477909326145891e-06,,,,
,4057,,3.424417081987485e-05,,,,
,4058,,7.844897481845692e-06,,,,
,4059,,3.835413281194633e-06,,,,
,4060,,3.835413281194633e-06,,,,
,4061,,4.1049283936445136e-06,,,,
,4062,,4.234499101585243e-06,,,,
,4063,,4.234499101585243e-06,,,,
,4064,,9.616009265300818e-06,,,,
,4065,,8.649268420413136e-05,,,,
,4066,,5.198512099013897e-06,,,,
,4067,,5.198512099013897e-06,,,,
,4068,,5.100048838357907e-06,,,,
,4069,,4.45045088781626e-06,,,,
,4070,,4.45045088781626e-06,,,,
,4071,,1.3197372027207166e-05,,,,
,4072,,6.0682755247398745e-06,,,,
,4073,,6.0682755247398745e-06,,,,
,4074,,6.8415183704928495e-06,,,,
,4075,,6.8415183704928495e-06,,,,
,4076,,6.8415183704928495e-06,,,,
,4077,,2.5618996005505323e-05,,,,
,4078,,4.18784611611045e-06,,,,
,4079,,4.18784611611045e-06,,,,
,4080,,3.913151431333972e-06,,,,
,4081,,2.218323743363726e-06,,,,
,4082,,2.218323743363726e-06,,,,
,4083,,2.4523757019778714e-05,,,,
,4084,,1.6308189515257254e-05,,,,
,4085,,2.8837193895014934e-06,,,,
,4086,,2.8837193895014934e-06,,,,
,4087,,0.0010335237020626664,,,,
,4088,,0.009156294167041779,,,,
,4089,,0.009156294167041779,,,,
,4090,,1.888348560896702e-05,,,,
,4091,,4.4988278204982635e-06,,,,
,4092,,4.4988278204982635e-06,,,,
,4093,,4.2915044105029665e-06,,,,
,4094,,3.1408901577378856e-06,,,,
,4095,,3.1408901577378856e-06,,,,
,4096,,0.0004079313366673887,,,,
,4097,,0.0012222608784213662,,,,
,4098,,0.0012222608784213662,,,,
,4099,,1.47087612276664e-05,,,,
,4100,,7.391481631202623e-05,,,,
,4101,,1.1443818038969766e-05,,,,
,4102,,1.1443818038969766e-05,,,,
,4103,,1.3169290468795225e-05,,,,
,4104,,7.107048531906912e-06,,,,
,4105,,7.107048531906912e-06,,,,
,4106,,5.177786988497246e-06,,,,
,4107,,5.177786988497246e-06,,,,
,4108,,5.177786988497246e-06,,,,
,4109,,0.07050265371799469,,,,
,4110,,8.826948032947257e-06,,,,
,4111,,4.700950739788823e-06,,,,
,4112,,4.700950739788823e-06,,,,
,4113,,4.3848003770108335e-06,,,,
,4114,,4.607656592270359e-06,,,,
,4115,,4.607656592270359e-06,,,,
,4116,,1.0268776350130793e-05,,,,
,4117,,5.6936019063869026e-06,,,,
,4118,,5.6936019063869026e-06,,,,
,4119,,5.385105851019034e-06,,,,
,4120,,6.7608029894472566e-06,,,,
,4121,,6.7608029894472566e-06,,,,
,4122,,1.3526480870496016e-05,,,,
,4123,,4.5973106352903415e-06,,,,
,4124,,4.5973106352903415e-06,,,,
,4125,,8.080213774519507e-06,,,,
,4126,,8.002462891454343e-06,,,,
,4127,,8.002462891454343e-06,,,,
,4128,,4.5809309085598215e-05,,,,
,4129,,0.00024415767984464765,,,,
,4130,,4.4533415348269045e-05,,,,
,4131,,4.4533415348269045e-05,,,,
,4132,,3.716201717907097e-06,,,,
,4133,,2.5601523248042213e-06,,,,
,4134,,2.5601523248042213e-06,,,,
,4135,,4.876326420344412e-05,,,,
,4136,,1.716969745757524e-05,,,,
,4137,,1.716969745757524e-05,,,,
,4138,,0.0060202679596841335,,,,
,4139,,0.0060202679596841335,,,,
,4140,,0.0060202679596841335,,,,
,4141,,3.892309541697614e-05,,,,
,4142,,4.286322564439615e-06,,,,
,4143,,7.121151429601014e-05,,,,
,4144,,4.286322564439615e-06,,,,
,4145,,4.1723019421624485e-06,,,,
,4146,,3.0579651593143353e-06,,,,
,4147,,3.0579651593143353e-06,,,,
,4148,,0.0005198444123379886,,,,
,4149,,0.0006892694509588182,,,,
,4150,,0.0006892694509588182,,,,
,4151,,1.833101487136446e-05,,,,
,4152,,1.5996147340047173e-05,,,,
,4153,,1.5996147340047173e-05,,,,
,4154,,0.0007358738221228123,,,,
,4155,,1.6398749721702188e-05,,,,
,4156,,8.411908311245497e-06,,,,
,4157,,8.411908311245497e-06,,,,
,4158,,4.908275968773523e-06,,,,
,4159,,4.628396709449589e-06,,,,
,4160,,4.628396709449589e-06,,,,
,4161,,9.94506262941286e-06,,,,
,4162,,3.6850940432486823e-06,,,,
,4163,,3.6850940432486823e-06,,,,
,4164,,4.892715878668241e-06,,,,
,4165,,5.080522896605544e-06,,,,
,4166,,5.080522896605544e-06,,,,
,4167,,1.326005622104276e-05,,,,
,4168,,8.293348400911782e-06,,,,
,4169,,8.293348400911782e-06,,,,
,4170,,5.911875996389426e-05,,,,
,4171,,8.05413492344087e-06,,,,
,4172,,8.05413492344087e-06,,,,
,4173,,8.05413492344087e-06,,,,
,4174,,1.770384915289469e-05,,,,
,4175,,6.478664090536768e-06,,,,
,4176,,6.478664090536768e-06,,,,
,4177,,7.587834716105135e-06,,,,
,4178,,6.540884896821808e-06,,,,
,4179,,6.540884896821808e-06,,,,
,4180,,7.779097359161824e-05,,,,
,4181,,6.476872385974275e-06,,,,
,4182,,6.476872385974275e-06,,,,
,4183,,4.260407877154648e-06,,,,
,4184,,6.005700925015844e-06,,,,
,4185,,6.005700925015844e-06,,,,
,4186,,2.0429408323252574e-05,,,,
,4187,,4.5581320591736585e-05,,,,
,4188,,5.1466959121171385e-06,,,,
,4189,,5.1466959121171385e-06,,,,
,4190,,0.005140060093253851,,,,
,4191,,0.00890561006963253,,,,
,4192,,0.00890561006963253,,,,
,4193,,4.365871791378595e-05,,,,
,4194,,3.0631474601250375e-06,,,,
,4195,,1.21137491078116e-05,,,,
,4196,,3.0631474601250375e-06,,,,
,4197,,4.4521775635075755e-06,,,,
,4198,,3.2470125006511807e-06,,,,
,4199,,3.2470125006511807e-06,,,,
,4200,,0.0003659229842014611,,,,
,4201,,0.0005573106463998556,,,,
,4202,,0.0005573106463998556,,,,
,4203,,9.919970580085646e-06,,,,
,4204,,9.919970580085646e-06,,,,
,4205,,9.919970580085646e-06,,,,
,4206,,8.96889378054766e-06,,,,
,4207,,6.04330580245005e-06,,,,
,4208,,6.04330580245005e-06,,,,
,4209,,3.970167654188117e-06,,,,
,4210,,3.234184305256349e-06,,,,
,4211,,3.234184305256349e-06,,,,
,4212,,5.018101546738762e-06,,,,
,4213,,2.5355027901241556e-05,,,,
,4214,,3.0994256121630315e-06,,,,
,4215,,3.0994256121630315e-06,,,,
,4216,,4.260411515133455e-06,,,,
,4217,,5.097570010548225e-06,,,,
,4218,,5.097570010548225e-06,,,,
,4219,,7.368179467448499e-06,,,,
,4220,,0.2851078510284424,,,,
,4221,,5.9811277424159925e-06,,,,
,4222,,5.9811277424159925e-06,,,,
,4223,,5.452474397316109e-06,,,,
,4224,,5.1570418690971565e-06,,,,
,4225,,5.1570418690971565e-06,,,,
,4226,,8.111759598250501e-06,,,,
,4227,,3.990892309957417e-06,,,,
,4228,,3.990892309957417e-06,,,,
,4229,,5.265907930152025e-06,,,,
,4230,,3.7963960494380444e-05,,,,
,4231,,4.212036401440855e-06,,,,
,4232,,4.212036401440855e-06,,,,
,4233,,5.026180951972492e-05,,,,
,4234,,1.7612657757126726e-05,,,,
,4235,,1.7612657757126726e-05,,,,
,4236,,4.871998498856556e-06,,,,
,4237,,4.871998498856556e-06,,,,
,4238,,4.871998498856556e-06,,,,
,4239,,1.6142719687195495e-05,,,,
,4240,,3.390253914403729e-05,,,,
,4241,,4.426270152180223e-06,,,,
,4242,,4.426270152180223e-06,,,,
,4243,,0.002204880118370056,,,,
,4244,,0.007434456143528223,,,,
,4245,,0.007434456143528223,,,,
,4246,,1.2748931112582795e-05,,,,
,4247,,3.984973773185629e-06,,,,
,4248,,3.984973773185629e-06,,,,
,4249,,5.8774744502443355e-06,,,,
,4250,,6.556405423907563e-06,,,,
,4251,,6.556405423907563e-06,,,,
,4252,,0.0023677884601056576,,,,
,4253,,0.03271988779306412,,,,
,4254,,0.03271988779306412,,,,
,4255,,1.7526794181321748e-05,,,,
,4256,,8.953145879786462e-05,,,,
,4257,,1.4303624993772246e-05,,,,
,4258,,1.4303624993772246e-05,,,,
,4259,,8.991486538434401e-06,,,,
,4260,,4.654275926441187e-06,,,,
,4261,,4.654275926441187e-06,,,,
,4262,,3.529612286001793e-06,,,,
,4263,,3.13347709379741e-06,,,,
,4264,,3.13347709379741e-06,,,,
,4265,,6.005710019962862e-06,,,,
,4266,,2.6793579763761954e-06,,,,
,4267,,2.6793579763761954e-06,,,,
,4268,,3.0424168926401762e-06,,,,
,4269,,3.0424168926401762e-06,,,,
,4270,,3.0424168926401762e-06,,,,
,4271,,5.9376579883974046e-06,,,,
,4272,,3.3585763503651833e-06,,,,
,4273,,3.3585763503651833e-06,,,,
,4274,,3.2829113479238003e-05,,,,
,4275,,3.8665039028273895e-06,,,,
,4276,,2.7055209557147464e-06,,,,
,4277,,2.7055209557147464e-06,,,,
,4278,,8.100261766230687e-06,,,,
,4279,,2.7588314424065175e-06,,,,
,4280,,2.7588314424065175e-06,,,,
,4281,,4.732050456368597e-06,,,,
,4282,,1.6439555110991932e-05,,,,
,4283,,3.598963985496084e-06,,,,
,4284,,3.598963985496084e-06,,,,
,4285,,1.3344645594770554e-05,,,,
,4286,,4.2604110603861045e-06,,,,
,4287,,4.2604110603861045e-06,,,,
,4288,,6.540809863508912e-06,,,,
,4289,,4.866761628363747e-06,,,,
,4290,,4.866761628363747e-06,,,,
,4291,,1.1897302101715468e-05,,,,
,4292,,2.7729013254429447e-06,,,,
,4293,,2.7729013254429447e-06,,,,
,4294,,6.90761225996539e-05,,,,
,4295,,0.000219772569835186,,,,
,4296,,0.000219772569835186,,,,
,4297,,1.5801950212335214e-05,,,,
,4298,,0.004912261385470629,,,,
,4299,,3.672753337014001e-06,,,,
,4300,,3.672753337014001e-06,,,,
,4301,,6.5148765315825585e-06,,,,
,4302,,6.5148765315825585e-06,,,,
,4303,,6.5148765315825585e-06,,,,
,4304,,0.0006490913219749928,,,,
,4305,,0.005325591657310724,,,,
,4306,,0.005325591657310724,,,,
,4307,,9.728139048092999e-06,,,,
,4308,,7.105703843990341e-06,,,,
,4309,,7.105703843990341e-06,,,,
,4310,,7.9640694821137e-06,,,,
,4311,,3.4513564060034696e-06,,,,
,4312,,3.4513564060034696e-06,,,,
,4313,,3.534800043780706e-06,,,,
,4314,,3.218638084945269e-06,,,,
,4315,,3.218638084945269e-06,,,,
,4316,,5.250785761745647e-06,,,,
,4317,,0.0014446956338360906,,,,
,4318,,2.8350971206236864e-06,,,,
,4319,,2.8350971206236864e-06,,,,
,4320,,3.3844949030026328e-06,,,,
,4321,,3.374127572897123e-06,,,,
,4322,,3.374127572897123e-06,,,,
,4323,,5.829834663018119e-06,,,,
,4324,,0.0004756938142236322,,,,
,4325,,3.348211293996428e-06,,,,
,4326,,3.348211293996428e-06,,,,
,4327,,3.799131036430481e-06,,,,
,4328,,2.747479811660014e-06,,,,
,4329,,2.747479811660014e-06,,,,
,4330,,7.657566129637416e-06,,,,
,4331,,3.797650151682319e-06,,,,
,4332,,3.797650151682319e-06,,,,
,4333,,4.721699042420369e-06,,,,
,4334,,4.721699042420369e-06,,,,
,4335,,4.721699042420369e-06,,,,
,4336,,1.7271897377213463e-05,,,,
,4337,,3.845777428068686e-06,,,,
,4338,,3.845777428068686e-06,,,,
,4339,,3.7317490750865545e-06,,,,
,4340,,2.4567398213548586e-06,,,,
,4341,,2.4567398213548586e-06,,,,
,4342,,1.4848538739897776e-05,,,,
,4343,,0.06795104593038559,,,,
,4344,,2.946162339867442e-06,,,,
,4345,,2.946162339867442e-06,,,,
,4346,,0.0009812806965783238,,,,
,4347,,0.011648274026811123,,,,
,4348,,0.011648274026811123,,,,
,4349,,1.2107410839234944e-05,,,,
,4350,,4.607671144185588e-06,,,,
,4351,,4.607671144185588e-06,,,,
,4352,,4.50399693363579e-06,,,,
,4353,,3.975331310357433e-06,,,,
,4354,,3.975331310357433e-06,,,,
,4355,,0.000848773866891861,,,,
,4356,,0.00017697653674986213,,,,
,4357,,0.00017697653674986213,,,,
,4358,,2.7011097699869424e-05,,,,
,4359,,2.319866143807303e-05,,,,
,4360,,6.198786286404356e-05,,,,
,4361,,6.198786286404356e-05,,,,
,4362,,4.1495954064885154e-05,,,,
,4363,,1.2743566912831739e-05,,,,
,4364,,1.2743566912831739e-05,,,,
,4365,,7.359729352174327e-06,,,,
,4366,,7.359729352174327e-06,,,,
,4367,,7.359729352174327e-06,,,,
,4368,,3.1968578696250916e-05,,,,
,4369,,5.970767688268097e-06,,,,
,4370,,5.970767688268097e-06,,,,
,4371,,5.197398058953695e-05,,,,
,4372,,0.00018460907449480146,,,,
,4373,,0.00018460907449480146,,,,
,4374,,3.1056886655278504e-05,,,,
,4375,,8.605570656072814e-06,,,,
,4376,,8.605570656072814e-06,,,,
,4377,,7.4686067819129676e-06,,,,
,4388,10,,0.0019239065004512668,,,
,4388,10,,,0.02609436959028244,0.9521410465240479,0.9521410465240479
0.0006478186696767807,4389,11,,,,,
0.0007345764897763729,4390,11,,,,,
0.0005344334058463573,4391,11,,,,,
5.961057831882499e-05,4392,11,,,,,
0.11391736567020416,4393,11,,,,,
0.0005492418422363698,4394,11,,,,,
0.0014774376759305596,4395,11,,,,,
0.1813686341047287,4396,11,,,,,
4.5394586777547374e-05,4397,11,,,,,
0.0008854787447489798,4398,11,,,,,
0.00018742747488431633,4399,11,,,,,
6.30654176347889e-05,4400,11,,,,,
0.00030068273190408945,4401,11,,,,,
0.07233647257089615,4402,11,,,,,
0.08361601084470749,4403,11,,,,,
0.021736057475209236,4404,11,,,,,
0.0012911033118143678,4405,11,,,,,
0.06576848775148392,4406,11,,,,,
0.0026856865733861923,4407,11,,,,,
0.004388183355331421,4408,11,,,,,
0.0009028511703945696,4409,11,,,,,
0.003692773636430502,4410,11,,,,,
0.00040543475188314915,4411,11,,,,,
0.000926206586882472,4412,11,,,,,
0.0021905952598899603,4413,11,,,,,
0.0005757793551310897,4414,11,,,,,
0.0001373692648485303,4415,11,,,,,
8.141477883327752e-05,4416,11,,,,,
0.0002860054955817759,4417,11,,,,,
0.0013920239871367812,4418,11,,,,,
0.002007451606914401,4419,11,,,,,
0.09640909731388092,4420,11,,,,,
0.000365919666364789,4421,11,,,,,
0.0009110558894462883,4422,11,,,,,
0.0005738423205912113,4423,11,,,,,
0.033920276910066605,4424,11,,,,,
0.0015480214497074485,4425,11,,,,,
0.016004106029868126,4426,11,,,,,
0.0007128802826628089,4427,11,,,,,
0.0004579506057780236,4428,11,,,,,
0.007053143810480833,4429,11,,,,,
0.0005926551530137658,4430,11,,,,,
0.002662156941369176,4431,11,,,,,
0.008692839182913303,4432,11,,,,,
0.0025373282842338085,4433,11,,,,,
0.0066938381642103195,4434,11,,,,,
0.0008586804615333676,4435,11,,,,,
0.00015807710587978363,4436,11,,,,,
0.15152885019779205,4437,11,,,,,
0.001199676189571619,4438,11,,,,,
0.0007929782732389867,4439,11,,,,,
6.01865176577121e-05,4440,11,,,,,
0.0001768242655089125,4441,11,,,,,
0.0060577392578125,4442,11,,,,,
0.0004316050326451659,4443,11,,,,,
0.00018658001499716192,4444,11,,,,,
0.009075561538338661,4445,11,,,,,
0.00021280178043525666,4446,11,,,,,
0.012468932196497917,4447,11,,,,,
0.00041767946095205843,4448,11,,,,,
0.019969604909420013,4449,11,,,,,
0.00011621998419286683,4450,11,,,,,
0.024046972393989563,4451,11,,,,,
0.037935446947813034,4452,11,,,,,
0.00016255665104836226,4453,11,,,,,
0.0001403294736519456,4454,11,,,,,
0.003828865708783269,4455,11,,,,,
0.00012813911598641425,4456,11,,,,,
0.00020534021314233541,4457,11,,,,,
0.00011940708645852283,4458,11,,,,,
0.0005999511922709644,4459,11,,,,,
0.001499558100476861,4460,11,,,,,
0.0013461837079375982,4461,11,,,,,
0.0006215739413164556,4462,11,,,,,
9.295260679209605e-05,4463,11,,,,,
0.38209596276283264,4464,11,,,,,
0.001156570273451507,4465,11,,,,,
0.0015017219120636582,4466,11,,,,,
0.0009006456821225584,4467,11,,,,,
0.000399378506699577,4468,11,,,,,
0.002850283170118928,4469,11,,,,,
0.007825298234820366,4470,11,,,,,
0.0007598482188768685,4471,11,,,,,
0.0026260456070303917,4472,11,,,,,
0.000160602547111921,4473,11,,,,,
0.014882494695484638,4474,11,,,,,
0.024920247495174408,4475,11,,,,,
0.001490283291786909,4476,11,,,,,
0.0016754469834268093,4477,11,,,,,
0.0003381959395483136,4478,11,,,,,
0.006663131527602673,4479,11,,,,,
0.00016885680088307709,4480,11,,,,,
0.0026896148920059204,4481,11,,,,,
0.0009475693805143237,4482,11,,,,,
0.0002667623048182577,4483,11,,,,,
0.006483476608991623,4484,11,,,,,
0.05134007707238197,4485,11,,,,,
0.0008988623158074915,4486,11,,,,,
0.00042554401443339884,4487,11,,,,,
0.03223394602537155,4488,11,,,,,
0.04187771677970886,4489,11,,,,,
0.002245065290480852,4490,11,,,,,
3.980788460467011e-05,4491,11,,,,,
0.0020339968614280224,4492,11,,,,,
0.0005198820726945996,4493,11,,,,,
0.04738731309771538,4494,11,,,,,
0.0035518326330929995,4495,11,,,,,
0.0011567602632567286,4496,11,,,,,
0.007751562632620335,4497,11,,,,,
0.20042003691196442,4498,11,,,,,
0.00218425365164876,4499,11,,,,,
0.0002487586170900613,4500,11,,,,,
0.01972324028611183,4501,11,,,,,
0.0006302710389718413,4502,11,,,,,
0.000296245125355199,4503,11,,,,,
0.0025575440376996994,4504,11,,,,,
0.0036175400018692017,4505,11,,,,,
0.005465445574373007,4506,11,,,,,
0.006424211896955967,4507,11,,,,,
0.0007709642522968352,4508,11,,,,,
0.0008319806074723601,4509,11,,,,,
0.027123793959617615,4510,11,,,,,
0.0012773049529641867,4511,11,,,,,
0.001526233390904963,4512,11,,,,,
0.020756790414452553,4513,11,,,,,
0.0021254580933600664,4514,11,,,,,
0.0030214886646717787,4515,11,,,,,
0.00015371950576081872,4516,11,,,,,
0.003910393454134464,4517,11,,,,,
0.004110116511583328,4518,11,,,,,
0.0006562724011018872,4519,11,,,,,
0.00026802701177075505,4520,11,,,,,
0.1830258071422577,4521,11,,,,,
0.0020686108618974686,4522,11,,,,,
0.0010101725347340107,4523,11,,,,,
0.001081130001693964,4524,11,,,,,
0.0005476989899761975,4525,11,,,,,
0.0031980026978999376,4526,11,,,,,
0.0002135318936780095,4527,11,,,,,
0.007350733503699303,4528,11,,,,,
0.0007545935804955661,4529,11,,,,,
6.28756097285077e-05,4530,11,,,,,
0.0023516728542745113,4531,11,,,,,
0.0002084843727061525,4532,11,,,,,
0.0011057322844862938,4533,11,,,,,
0.0007915017777122557,4534,11,,,,,
0.0001846444938564673,4535,11,,,,,
0.0006143097998574376,4536,11,,,,,
0.0005665092030540109,4537,11,,,,,
0.0002057551173493266,4538,11,,,,,
0.0002869170275516808,4539,11,,,,,
0.0010522869415581226,4540,11,,,,,
0.0007052008877508342,4541,11,,,,,
0.0005530068883672357,4542,11,,,,,
0.00011414715118007734,4543,11,,,,,
0.22422689199447632,4544,11,,,,,
0.008283126167953014,4545,11,,,,,
0.23687267303466797,4546,11,,,,,
0.0029314951971173286,4547,11,,,,,
0.0035809229593724012,4548,11,,,,,
0.0010213309433311224,4549,11,,,,,
0.0014178430428728461,4550,11,,,,,
0.1613835096359253,4551,11,,,,,
0.001143191591836512,4552,11,,,,,
0.004111186601221561,4553,11,,,,,
0.0058079250156879425,4554,11,,,,,
0.0004002091009169817,4555,11,,,,,
0.0023169026244431734,4556,11,,,,,
0.00035776093136519194,4557,11,,,,,
0.13546821475028992,4558,11,,,,,
0.002506868913769722,4559,11,,,,,
0.006361876614391804,4560,11,,,,,
0.014814086258411407,4561,11,,,,,
0.0001842094789026305,4562,11,,,,,
0.0002667935041245073,4563,11,,,,,
0.005341220647096634,4564,11,,,,,
0.0003497200086712837,4565,11,,,,,
0.0004533028695732355,4566,11,,,,,
0.001696644932962954,4567,11,,,,,
0.0011044861748814583,4568,11,,,,,
0.1868152916431427,4569,11,,,,,
0.008751984685659409,4570,11,,,,,
0.00041416974272578955,4571,11,,,,,
0.0009760486427694559,4572,11,,,,,
0.03311746567487717,4573,11,,,,,
0.0010981203522533178,4574,11,,,,,
0.003888741135597229,4575,11,,,,,
0.0009632383589632809,4576,11,,,,,
0.0015355730429291725,4577,11,,,,,
0.0015689260326325893,4578,11,,,,,
0.0007252755458466709,4579,11,,,,,
0.011141002178192139,4580,11,,,,,
0.05679713189601898,4581,11,,,,,
0.06814843416213989,4582,11,,,,,
0.0006450198125094175,4583,11,,,,,
0.0037194748874753714,4584,11,,,,,
0.0572994165122509,4585,11,,,,,
0.0019130493747070432,4586,11,,,,,
0.09874828904867172,4587,11,,,,,
0.0015804730355739594,4588,11,,,,,
0.03574340417981148,4589,11,,,,,
0.0017475711647421122,4590,11,,,,,
0.006167547311633825,4591,11,,,,,
7.180710963439196e-05,4592,11,,,,,
0.00041269022040069103,4593,11,,,,,
0.0014823152450844646,4594,11,,,,,
0.0006260440568439662,4595,11,,,,,
0.005343669559806585,4596,11,,,,,
0.00046014919644221663,4597,11,,,,,
0.0008670644019730389,4598,11,,,,,
0.0032147332094609737,4599,11,,,,,
0.016703499481081963,4600,11,,,,,
0.04958759620785713,4601,11,,,,,
0.0025263717398047447,4602,11,,,,,
0.015141503885388374,4603,11,,,,,
0.029687538743019104,4604,11,,,,,
0.00042863210546784103,4605,11,,,,,
0.004470294341444969,4606,11,,,,,
0.0029370030388236046,4607,11,,,,,
0.0040075709111988544,4608,11,,,,,
0.0005993527011014521,4609,11,,,,,
9.83813006314449e-05,4610,11,,,,,
4.189459650660865e-05,4611,11,,,,,
0.0002291556738782674,4612,11,,,,,
0.07503674179315567,4613,11,,,,,
0.061419010162353516,4614,11,,,,,
0.013284237124025822,4615,11,,,,,
0.0016395865241065621,4616,11,,,,,
0.0011297592427581549,4617,11,,,,,
0.0003815987438429147,4618,11,,,,,
0.014331015758216381,4619,11,,,,,
0.0005738416803069413,4620,11,,,,,
0.0005498013342730701,4621,11,,,,,
0.00027537342975847423,4622,11,,,,,
0.003133967285975814,4623,11,,,,,
0.0007224612054415047,4624,11,,,,,
0.014456561766564846,4625,11,,,,,
0.00018685907707549632,4626,11,,,,,
0.04806825518608093,4627,11,,,,,
0.0005322317010723054,4628,11,,,,,
4.472244836506434e-05,4629,11,,,,,
0.0005795720499008894,4630,11,,,,,
0.0006520834285765886,4631,11,,,,,
0.0015679766656830907,4632,11,,,,,
0.0028842610772699118,4633,11,,,,,
0.00033177476143464446,4634,11,,,,,
0.014718647114932537,4635,11,,,,,
0.0010076801991090178,4636,11,,,,,
5.498801692738198e-05,4637,11,,,,,
0.0003633798914961517,4638,11,,,,,
0.0001600912946742028,4639,11,,,,,
3.2000312785385177e-05,4640,11,,,,,
0.001035858178511262,4641,11,,,,,
0.0002130892826244235,4642,11,,,,,
0.0005522497231140733,4643,11,,,,,
0.0006922730826772749,4644,11,,,,,
0.0009965127101168036,4645,11,,,,,
0.0006311096367426217,4646,11,,,,,
0.000266709626885131,4647,11,,,,,
0.31574732065200806,4648,11,,,,,
0.0005150840734131634,4649,11,,,,,
0.0010867369128391147,4650,11,,,,,
0.0003371124039404094,4651,11,,,,,
0.0004379592719487846,4652,11,,,,,
5.624315235763788e-05,4653,11,,,,,
0.00132356071844697,4654,11,,,,,
0.04328670725226402,4655,11,,,,,
0.014455094002187252,4656,11,,,,,
0.004266250878572464,4657,11,,,,,
0.17380614578723907,4658,11,,,,,
0.0021453560329973698,4659,11,,,,,
0.06627247482538223,4660,11,,,,,
0.00011014017218258232,4661,11,,,,,
0.023710833862423897,4662,11,,,,,
0.3632747232913971,4663,11,,,,,
0.0012840222334489226,4664,11,,,,,
0.0005894358619116247,4665,11,,,,,
0.0042423466220498085,4666,11,,,,,
0.00016423339548055083,4667,11,,,,,
0.002982997801154852,4668,11,,,,,
0.006801508832722902,4669,11,,,,,
0.002922245766967535,4670,11,,,,,
0.0011041149264201522,4671,11,,,,,
0.0008722738712094724,4672,11,,,,,
0.0027049367781728506,4673,11,,,,,
0.003942518960684538,4674,11,,,,,
0.0026142813730984926,4675,11,,,,,
0.2679191827774048,4676,11,,,,,
0.009093858301639557,4677,11,,,,,
0.0011928156018257141,4678,11,,,,,
0.0011792375007644296,4679,11,,,,,
0.001441665692254901,4680,11,,,,,
0.5560876727104187,4681,11,,,,,
0.00044244862510822713,4682,11,,,,,
0.08034592121839523,4683,11,,,,,
0.0013836006401106715,4684,11,,,,,
0.0002638731966726482,4685,11,,,,,
0.0025108116678893566,4686,11,,,,,
0.00010780721640912816,4687,11,,,,,
0.0024997664149850607,4688,11,,,,,
0.0007096214103512466,4689,11,,,,,
0.0006291188765317202,4690,11,,,,,
0.009406523779034615,4691,11,,,,,
0.018614161759614944,4692,11,,,,,
0.0006421779980883002,4693,11,,,,,
0.05699234828352928,4694,11,,,,,
0.0003718261141330004,4695,11,,,,,
0.004816066008061171,4696,11,,,,,
0.0002901316329371184,4697,11,,,,,
0.003076806664466858,4698,11,,,,,
0.015801331028342247,4699,11,,,,,
0.0004860928456764668,4700,11,,,,,
0.05142602697014809,4701,11,,,,,
0.0002862300316337496,4702,11,,,,,
0.007620200049132109,4703,11,,,,,
0.000704345409758389,4704,11,,,,,
0.0006458709831349552,4705,11,,,,,
0.0012258330825716257,4706,11,,,,,
0.007581037934869528,4707,11,,,,,
0.001207956694997847,4708,11,,,,,
0.15058521926403046,4709,11,,,,,
0.0037357849068939686,4710,11,,,,,
0.006664026994258165,4711,11,,,,,
0.0003258661599829793,4712,11,,,,,
0.004757450427860022,4713,11,,,,,
0.00030095354304648936,4714,11,,,,,
0.04423432797193527,4715,11,,,,,
0.07985088229179382,4716,11,,,,,
0.0002555720857344568,4717,11,,,,,
0.008248738013207912,4718,11,,,,,
0.010714818723499775,4719,11,,,,,
0.000822319881990552,4720,11,,,,,
0.0002712291607167572,4721,11,,,,,
0.06670019775629044,4722,11,,,,,
0.027727263048291206,4723,11,,,,,
0.0027946641203016043,4724,11,,,,,
0.005515091586858034,4725,11,,,,,
0.00020496873185038567,4726,11,,,,,
0.006848143879324198,4727,11,,,,,
0.09008041769266129,4728,11,,,,,
0.00014798717165831476,4729,11,,,,,
0.0011757692554965615,4730,11,,,,,
0.015551849268376827,4731,11,,,,,
0.0037605962716042995,4732,11,,,,,
0.0642116516828537,4733,11,,,,,
0.00020794710144400597,4734,11,,,,,
0.00037297100061550736,4735,11,,,,,
0.007863634265959263,4736,11,,,,,
0.01509903185069561,4737,11,,,,,
0.00472201919183135,4738,11,,,,,
0.00345199229195714,4739,11,,,,,
0.0004802754265256226,4740,11,,,,,
0.003335566259920597,4741,11,,,,,
0.0028184130787849426,4742,11,,,,,
7.153829210437834e-05,4743,11,,,,,
0.0003417643893044442,4744,11,,,,,
0.03834131360054016,4745,11,,,,,
0.020492209121584892,4746,11,,,,,
0.0026156490202993155,4747,11,,,,,
0.034455958753824234,4748,11,,,,,
0.00023393039009533823,4749,11,,,,,
0.01209966093301773,4750,11,,,,,
0.0007653724169358611,4751,11,,,,,
0.005314310546964407,4752,11,,,,,
0.0002259318280266598,4753,11,,,,,
0.000767188670579344,4754,11,,,,,
0.0004909372655674815,4755,11,,,,,
0.009748904034495354,4756,11,,,,,
0.006213015876710415,4757,11,,,,,
0.00013007890083827078,4758,11,,,,,
0.0009456048719584942,4759,11,,,,,
0.00012054760009050369,4760,11,,,,,
0.0001828140375437215,4761,11,,,,,
0.00034694449277594686,4762,11,,,,,
0.0003566406958270818,4763,11,,,,,
0.0005292859277687967,4764,11,,,,,
0.04651523754000664,4765,11,,,,,
0.0001366908400086686,4766,11,,,,,
0.0002950269263237715,4767,11,,,,,
0.0014545043231919408,4768,11,,,,,
0.0005032977205701172,4769,11,,,,,
0.0054328651167452335,4770,11,,,,,
0.0010843767086043954,4771,11,,,,,
0.00010277708497596905,4772,11,,,,,
0.0018354430794715881,4773,11,,,,,
0.06808636337518692,4774,11,,,,,
0.00012357324885670096,4775,11,,,,,
0.053127046674489975,4776,11,,,,,
0.00030897787655703723,4777,11,,,,,
0.012223300524055958,4778,11,,,,,
0.012159449979662895,4779,11,,,,,
0.0007992897881194949,4780,11,,,,,
0.0002043704007519409,4781,11,,,,,
0.18702180683612823,4782,11,,,,,
0.018607333302497864,4783,11,,,,,
0.002934186952188611,4784,11,,,,,
0.000936619471758604,4785,11,,,,,
0.0001738022838253528,4786,11,,,,,
0.0014873378677293658,4787,11,,,,,
,4378,,0.0006915979902260005,,,,
,4379,,0.004230628255754709,,,,
,4380,,0.0023088217712938786,,,,
,4381,,0.0023088217712938786,,,,
,4382,,0.014459011144936085,,,,
,4383,,0.029767923057079315,,,,
,4384,,0.029767923057079315,,,,
,4385,,0.005223890766501427,,,,
,4386,,0.001788743189536035,,,,
,4387,,0.001788743189536035,,,,
,4388,,0.0009201313951052725,,,,
,4389,,0.000169736536918208,,,,
,4390,,0.000169736536918208,,,,
,4391,,0.0002690767287276685,,,,
,4392,,0.00043705434654839337,,,,
,4393,,0.00043705434654839337,,,,
,4394,,0.0002767130790743977,,,,
,4395,,0.016469577327370644,,,,
,4396,,0.000333132513333112,,,,
,4397,,0.000333132513333112,,,,
,4398,,7.12551482138224e-05,,,,
,4399,,9.279084770241752e-05,,,,
,4400,,9.279084770241752e-05,,,,
,4401,,0.005085371900349855,,,,
,4402,,0.00019501594942994416,,,,
,4403,,0.00019501594942994416,,,,
,4404,,0.0002830816083587706,,,,
,4405,,0.00010397942969575524,,,,
,4406,,0.00010397942969575524,,,,
,4407,,0.0022359946742653847,,,,
,4408,,0.0022359946742653847,,,,
,4409,,0.0022359946742653847,,,,
,4410,,0.0003518828598316759,,,,
,4411,,0.008011196739971638,,,,
,4412,,0.0017608382040634751,,,,
,4413,,0.0017608382040634751,,,,
,4414,,0.000198701090994291,,,,
,4415,,0.00018705743423197418,,,,
,4416,,0.00018705743423197418,,,,
,4417,,0.0017490406753495336,,,,
,4418,,0.00033147435169667006,,,,
,4419,,0.00033147435169667006,,,,
,4420,,0.002778735477477312,,,,
,4421,,0.00023724672792013735,,,,
,4422,,0.009396697394549847,,,,
,4423,,0.00023724672792013735,,,,
,4424,,0.00019066543609369546,,,,
,4425,,0.0006010401993989944,,,,
,4426,,0.0006010401993989944,,,,
,4427,,0.00019080410129390657,,,,
,4428,,0.00012036449334118515,,,,
,4429,,0.00012036449334118515,,,,
,4430,,0.00012715667253360152,,,,
,4431,,0.0004810747050214559,,,,
,4432,,0.0004810747050214559,,,,
,4433,,0.006008729338645935,,,,
,4434,,0.0011272807605564594,,,,
,4435,,0.0011272807605564594,,,,
,4436,,0.004867654759436846,,,,
,4437,,0.0015429366612806916,,,,
,4438,,0.032559387385845184,,,,
,4439,,0.0015429366612806916,,,,
,4440,,0.0003521401959005743,,,,
,4441,,0.0003521401959005743,,,,
,4442,,0.0003521401959005743,,,,
,4443,,0.000444471777882427,,,,
,4444,,0.0011287023080512881,,,,
,4445,,0.0011287023080512881,,,,
,4446,,0.00031635910272598267,,,,
,4447,,0.00020572128414642066,,,,
,4448,,0.00020572128414642066,,,,
,4449,,7.102490781107917e-05,,,,
,4450,,2.9731741960858926e-05,,,,
,4451,,2.9731741960858926e-05,,,,
,4452,,0.00638409610837698,,,,
,4453,,0.0002744145749602467,,,,
,4454,,0.0002744145749602467,,,,
,4455,,0.04800087958574295,,,,
,4456,,0.0002484510187059641,,,,
,4457,,0.0012185818050056696,,,,
,4458,,0.0012185818050056696,,,,
,4459,,0.0023457244969904423,,,,
,4460,,0.004761834163218737,,,,
,4461,,0.004761834163218737,,,,
,4462,,0.0003307978040538728,,,,
,4463,,0.0075156609527766705,,,,
,4464,,0.0011080628028139472,,,,
,4465,,0.0011080628028139472,,,,
,4466,,0.00036768437712453306,,,,
,4467,,2.8419757654774003e-05,,,,
,4468,,2.8419757654774003e-05,,,,
,4469,,0.0019035048317164183,,,,
,4470,,0.0004521115333773196,,,,
,4471,,0.0004521115333773196,,,,
,4472,,0.0029788408428430557,,,,
,4473,,0.0029788408428430557,,,,
,4474,,0.0029788408428430557,,,,
,4475,,0.00012212105502840132,,,,
,4476,,0.000495246727950871,,,,
,4477,,0.000495246727950871,,,,
,4478,,5.399935253080912e-05,,,,
,4479,,5.660714305122383e-05,,,,
,4480,,5.660714305122383e-05,,,,
,4481,,0.0002036501100519672,,,,
,4482,,0.00038056221092119813,,,,
,4483,,3.7835929106222466e-05,,,,
,4484,,3.7835929106222466e-05,,,,
,4485,,0.011765909381210804,,,,
,4486,,0.0024524095933884382,,,,
,4487,,0.0024524095933884382,,,,
,4488,,0.003467377508059144,,,,
,4489,,0.009373830631375313,,,,
,4490,,0.009373830631375313,,,,
,4491,,0.0005358663038350642,,,,
,4492,,0.0008691282127983868,,,,
,4493,,0.0008691282127983868,,,,
,4494,,0.000629907357506454,,,,
,4495,,0.0009112461702898145,,,,
,4496,,0.0009112461702898145,,,,
,4497,,0.0008883118280209601,,,,
,4498,,0.008283481001853943,,,,
,4499,,8.67961862240918e-05,,,,
,4500,,8.67961862240918e-05,,,,
,4501,,0.00010635032231220976,,,,
,4502,,5.239134043222293e-05,,,,
,4503,,5.239134043222293e-05,,,,
,4504,,0.008380642160773277,,,,
,4505,,0.008380642160773277,,,,
,4506,,0.008380642160773277,,,,
,4507,,0.09468203037977219,,,,
,4508,,0.0002646972134243697,,,,
,4509,,0.0025513500440865755,,,,
,4510,,0.0025513500440865755,,,,
,4511,,0.004330073483288288,,,,
,4512,,0.007109320256859064,,,,
,4513,,0.007109320256859064,,,,
,4514,,0.000578537117689848,,,,
,4515,,0.00013606886204797775,,,,
,4516,,0.00013606886204797775,,,,
,4517,,0.0008541784482076764,,,,
,4518,,7.379987800959498e-05,,,,
,4519,,7.379987800959498e-05,,,,
,4520,,0.00388550222851336,,,,
,4521,,0.009544258937239647,,,,
,4522,,0.009544258937239647,,,,
,4523,,0.007281105034053326,,,,
,4524,,0.014513900503516197,,,,
,4525,,0.014513900503516197,,,,
,4526,,0.07162555307149887,,,,
,4527,,0.0013608478475362062,,,,
,4528,,0.005657363682985306,,,,
,4529,,0.005657363682985306,,,,
,4530,,0.00018076776177622378,,,,
,4531,,1.504766260040924e-05,,,,
,4532,,1.504766260040924e-05,,,,
,4533,,0.0011500018881633878,,,,
,4534,,0.0002685419749468565,,,,
,4535,,0.0002685419749468565,,,,
,4536,,0.02921978011727333,,,,
,4537,,0.02921978011727333,,,,
,4538,,0.02921978011727333,,,,
,4539,,0.020531265065073967,,,,
,4540,,0.06086514890193939,,,,
,4541,,0.025584373623132706,,,,
,4542,,0.06086514890193939,,,,
,4543,,0.0016105867689475417,,,,
,4544,,0.0023472651373595,,,,
,4545,,0.0023472651373595,,,,
,4546,,0.0011108102044090629,,,,
,4547,,0.0002767378755379468,,,,
,4548,,0.0002767378755379468,,,,
,4549,,0.001749951858073473,,,,
,4550,,0.00016624669660814106,,,,
,4551,,0.00016624669660814106,,,,
,4552,,0.0008597973501309752,,,,
,4553,,0.00020653175306506455,,,,
,4554,,0.0005617126007564366,,,,
,4555,,0.0005617126007564366,,,,
,4556,,0.01613188348710537,,,,
,4557,,0.030378544703125954,,,,
,4558,,0.030378544703125954,,,,
,4559,,0.0007123216055333614,,,,
,4560,,0.005234932992607355,,,,
,4561,,0.005234932992607355,,,,
,4562,,0.007259804289788008,,,,
,4563,,0.0007955391192808747,,,,
,4564,,0.0007955391192808747,,,,
,4565,,0.0013890644768252969,,,,
,4566,,0.0003469841321930289,,,,
,4567,,0.0003469841321930289,,,,
,4568,,0.005922981537878513,,,,
,4569,,0.0010538192000240088,,,,
,4570,,0.0010538192000240088,,,,
,4571,,0.0010538192000240088,,,,
,4572,,0.006228103302419186,,,,
,4573,,0.027841005474328995,,,,
,4574,,0.027841005474328995,,,,
,4575,,0.015948692336678505,,,,
,4576,,0.026708902791142464,,,,
,4577,,0.026708902791142464,,,,
,4578,,0.0007926848484203219,,,,
,4579,,0.00013758875138591975,,,,
,4580,,0.00013758875138591975,,,,
,4581,,0.00014575303066521883,,,,
,4582,,2.0603221855708398e-05,,,,
,4583,,2.0603221855708398e-05,,,,
,4584,,0.00010166945867240429,,,,
,4585,,0.0010144818807020783,,,,
,4586,,0.002464203629642725,,,,
,4587,,0.002464203629642725,,,,
,4588,,0.043515220284461975,,,,
,4589,,0.06838623434305191,,,,
,4590,,0.06838623434305191,,,,
,4591,,0.01982099749147892,,,,
,4592,,0.07150501012802124,,,,
,4593,,0.0007981283706612885,,,,
,4594,,0.07150501012802124,,,,
,4595,,0.00332109653390944,,,,
,4596,,0.00045678470632992685,,,,
,4597,,0.00045678470632992685,,,,
,4598,,0.00022409154917113483,,,,
,4599,,0.00021179058239795268,,,,
,4600,,0.00021179058239795268,,,,
,4601,,0.0003935054410248995,,,,
,4602,,0.0003935054410248995,,,,
,4603,,0.0003935054410248995,,,,
,4604,,2.3669515940127894e-05,,,,
,4605,,8.789561252342537e-05,,,,
,4606,,8.789561252342537e-05,,,,
,4607,,0.0008510526968166232,,,,
,4608,,0.0012512573739513755,,,,
,4609,,0.0012512573739513755,,,,
,4610,,2.9194439775892533e-05,,,,
,4611,,0.00020397335174493492,,,,
,4612,,8.418292964051943e-06,,,,
,4613,,8.418292964051943e-06,,,,
,4614,,0.00021478175767697394,,,,
,4615,,3.104953793808818e-05,,,,
,4616,,3.104953793808818e-05,,,,
,4617,,6.441812729462981e-05,,,,
,4618,,0.4016149044036865,,,,
,4619,,0.0002213683765148744,,,,
,4620,,0.0002213683765148744,,,,
,4621,,0.00011213675315957516,,,,
,4622,,0.00018379325047135353,,,,
,4623,,0.00018379325047135353,,,,
,4624,,0.00017534398648422211,,,,
,4625,,0.0006194237503223121,,,,
,4626,,0.0006194237503223121,,,,
,4627,,0.0015631577698513865,,,,
,4628,,0.000478133064461872,,,,
,4629,,7.726276817265898e-05,,,,
,4630,,7.726276817265898e-05,,,,
,4631,,0.00030286956462077796,,,,
,4632,,7.05403508618474e-05,,,,
,4633,,7.05403508618474e-05,,,,
,4634,,5.2638402848970145e-05,,,,
,4635,,5.2638402848970145e-05,,,,
,4636,,5.2638402848970145e-05,,,,
,4637,,0.00010727745393523946,,,,
,4638,,0.0007149751763790846,,,,
,4639,,0.0004956723423674703,,,,
,4640,,0.0004956723423674703,,,,
,4641,,0.007371899671852589,,,,
,4642,,0.013338892720639706,,,,
,4643,,0.013338892720639706,,,,
,4644,,0.002872033743187785,,,,
,4645,,0.0009098962764255702,,,,
,4646,,0.0009098962764255702,,,,
,4647,,0.0002850701566785574,,,,
,4648,,4.136281131650321e-05,,,,
,4649,,4.136281131650321e-05,,,,
,4650,,0.0004348373622633517,,,,
,4651,,0.00041556640644557774,,,,
,4652,,0.00041556640644557774,,,,
,4653,,0.0009115588618442416,,,,
,4654,,0.04907704517245293,,,,
,4655,,0.0005011943285353482,,,,
,4656,,0.0005011943285353482,,,,
,4657,,2.9853355954401195e-05,,,,
,4658,,5.348710692487657e-05,,,,
,4659,,5.348710692487657e-05,,,,
,4660,,0.0033133660908788443,,,,
,4661,,8.780712232692167e-05,,,,
,4662,,8.780712232692167e-05,,,,
,4663,,7.204451685538515e-05,,,,
,4664,,2.694701834116131e-05,,,,
,4665,,2.694701834116131e-05,,,,
,4666,,0.0003926425997633487,,,,
,4667,,0.0003926425997633487,,,,
,4668,,0.0003926425997633487,,,,
,4669,,8.311282726936042e-05,,,,
,4670,,0.00030296065961010754,,,,
,4671,,0.00030296065961010754,,,,
,4672,,0.00016326431068591774,,,,
,4673,,0.00010806544014485553,,,,
,4674,,0.00012690159201156348,,,,
,4675,,0.00012690159201156348,,,,
,4676,,0.0001917137997224927,,,,
,4677,,2.7385221983422525e-05,,,,
,4678,,2.7385221983422525e-05,,,,
,4679,,0.000651385635137558,,,,
,4680,,0.01127010677009821,,,,
,4681,,5.2592607971746475e-05,,,,
,4682,,5.2592607971746475e-05,,,,
,4683,,7.438909960910678e-05,,,,
,4684,,0.0001493479940108955,,,,
,4685,,0.0001493479940108955,,,,
,4686,,2.8847643989138305e-05,,,,
,4687,,4.235998494550586e-05,,,,
,4688,,4.235998494550586e-05,,,,
,4689,,6.542063783854246e-05,,,,
,4690,,0.0001844545331550762,,,,
,4691,,0.0001844545331550762,,,,
,4692,,0.0027912259101867676,,,,
,4693,,0.00034127593971788883,,,,
,4694,,0.00034127593971788883,,,,
,4695,,0.0012417823309078813,,,,
,4696,,0.029040474444627762,,,,
,4697,,0.00028074407600797713,,,,
,4698,,0.00028074407600797713,,,,
,4699,,0.0003274467308074236,,,,
,4700,,0.0003274467308074236,,,,
,4701,,0.0003274467308074236,,,,
,4702,,0.000376806448912248,,,,
,4703,,0.00037730654003098607,,,,
,4704,,0.00037730654003098607,,,,
,4705,,0.0017341976054012775,,,,
,4706,,0.001001774100586772,,,,
,4707,,0.001001774100586772,,,,
,4708,,2.9841976356692612e-05,,,,
,4709,,9.298169061366934e-06,,,,
,4710,,9.298169061366934e-06,,,,
,4711,,0.00484810397028923,,,,
,4712,,8.28387783258222e-05,,,,
,4713,,8.28387783258222e-05,,,,
,4714,,7.961800292832777e-05,,,,
,4715,,0.029452646151185036,,,,
,4716,,0.0002580084546934813,,,,
,4717,,0.0002580084546934813,,,,
,4718,,0.0009367312304675579,,,,
,4719,,0.002398456446826458,,,,
,4720,,0.002398456446826458,,,,
,4721,,0.00010504607780603692,,,,
,4722,,0.014162842184305191,,,,
,4723,,0.00025545404059812427,,,,
,4724,,0.00025545404059812427,,,,
,4725,,0.00018226107931695879,,,,
,4726,,1.325426001130836e-05,,,,
,4727,,1.325426001130836e-05,,,,
,4728,,0.000380884506739676,,,,
,4729,,7.488959090551361e-05,,,,
,4730,,7.488959090551361e-05,,,,
,4731,,0.0017607850022614002,,,,
,4732,,0.0017607850022614002,,,,
,4733,,0.0017607850022614002,,,,
,4734,,9.358378156321123e-05,,,,
,4735,,0.00041785722714848816,,,,
,4736,,0.00041785722714848816,,,,
,4737,,6.222492811502889e-05,,,,
,4738,,7.636762893525884e-05,,,,
,4739,,7.636762893525884e-05,,,,
,4740,,0.00010311815276509151,,,,
,4741,,0.10810889303684235,,,,
,4742,,2.1864354494027793e-05,,,,
,4743,,2.1864354494027793e-05,,,,
,4744,,0.006265201140195131,,,,
,4745,,0.0009933860274031758,,,,
,4746,,0.0009933860274031758,,,,
,4747,,0.002062435494735837,,,,
,4748,,0.005568583961576223,,,,
,4749,,0.005568583961576223,,,,
,4750,,0.0006962466868571937,,,,
,4751,,0.0010369546944275498,,,,
,4752,,0.0010369546944275498,,,,
,4753,,0.0009349386673420668,,,,
,4754,,0.0005876109935343266,,,,
,4755,,0.0005876109935343266,,,,
,4756,,0.010553252883255482,,,,
,4757,,0.0024523730389773846,,,,
,4758,,0.0026659376453608274,,,,
,4759,,0.0026659376453608274,,,,
,4760,,0.0001654004881856963,,,,
,4761,,5.854372284375131e-05,,,,
,4762,,5.854372284375131e-05,,,,
,4763,,0.0225866436958313,,,,
,4764,,0.0225866436958313,,,,
,4765,,0.0225866436958313,,,,
,4766,,0.0004802529001608491,,,,
,4767,,0.0026855801697820425,,,,
,4768,,0.0026855801697820425,,,,
,4769,,0.004210134502500296,,,,
,4770,,0.012724882923066616,,,,
,4771,,0.012724882923066616,,,,
,4772,,0.0008302756468765438,,,,
,4773,,0.00016633349878247827,,,,
,4774,,0.00016633349878247827,,,,
,4775,,0.0009400888229720294,,,,
,4787,11,,0.006020491477102041,,,
,4787,11,,,0.018362848088145256,0.9748110771179199,0.9748110771179199
0.0028334667440503836,4788,12,,,,,
0.08517253398895264,4789,12,,,,,
0.0003456626436673105,4790,12,,,,,
0.20799757540225983,4791,12,,,,,
0.03217984363436699,4792,12,,,,,
0.0203830748796463,4793,12,,,,,
0.0005609784857369959,4794,12,,,,,
0.008029338903725147,4795,12,,,,,
0.014574715867638588,4796,12,,,,,
0.002922764979302883,4797,12,,,,,
0.0006004898459650576,4798,12,,,,,
0.006457126699388027,4799,12,,,,,
0.0025271482300013304,4800,12,,,,,
0.020982570946216583,4801,12,,,,,
0.06039269268512726,4802,12,,,,,
0.00016481611237395555,4803,12,,,,,
0.016642287373542786,4804,12,,,,,
0.05195390433073044,4805,12,,,,,
0.00016418829909525812,4806,12,,,,,
0.0005771859432570636,4807,12,,,,,
0.0026836369652301073,4808,12,,,,,
0.0009042337769642472,4809,12,,,,,
0.0015978883020579815,4810,12,,,,,
0.002946804976090789,4811,12,,,,,
0.0011773204896599054,4812,12,,,,,
0.07085953652858734,4813,12,,,,,
0.005329183768481016,4814,12,,,,,
0.006085761357098818,4815,12,,,,,
0.0066186049953103065,4816,12,,,,,
0.000102293211966753,4817,12,,,,,
0.0006332875927910209,4818,12,,,,,
0.0001269531639991328,4819,12,,,,,
0.02225193753838539,4820,12,,,,,
0.00042033271165564656,4821,12,,,,,
0.014671818353235722,4822,12,,,,,
0.0008495614165440202,4823,12,,,,,
0.0032591582275927067,4824,12,,,,,
0.0005573431262746453,4825,12,,,,,
0.055724628269672394,4826,12,,,,,
0.05385781452059746,4827,12,,,,,
0.0004545437986962497,4828,12,,,,,
0.004552368074655533,4829,12,,,,,
0.0028506724629551172,4830,12,,,,,
0.0028679908718913794,4831,12,,,,,
0.000161168267368339,4832,12,,,,,
0.002656488213688135,4833,12,,,,,
0.11554601043462753,4834,12,,,,,
0.041660986840724945,4835,12,,,,,
0.006534830201417208,4836,12,,,,,
0.0011701304465532303,4837,12,,,,,
0.0011063230922445655,4838,12,,,,,
0.002721757162362337,4839,12,,,,,
0.0003491911047603935,4840,12,,,,,
0.011832399293780327,4841,12,,,,,
0.017445465549826622,4842,12,,,,,
0.0006347252638079226,4843,12,,,,,
0.00029290863312780857,4844,12,,,,,
0.0011995647801086307,4845,12,,,,,
0.0029132950585335493,4846,12,,,,,
0.00021764609846286476,4847,12,,,,,
0.0004237158573232591,4848,12,,,,,
0.0024860945995897055,4849,12,,,,,
0.006784874014556408,4850,12,,,,,
0.07834955304861069,4851,12,,,,,
0.0005063764983788133,4852,12,,,,,
0.005972191691398621,4853,12,,,,,
0.0009386454476043582,4854,12,,,,,
0.00015738292131572962,4855,12,,,,,
0.0016089407727122307,4856,12,,,,,
0.010116580873727798,4857,12,,,,,
0.0007100740331225097,4858,12,,,,,
0.09149107336997986,4859,12,,,,,
0.009279727004468441,4860,12,,,,,
0.07841210067272186,4861,12,,,,,
0.0518014095723629,4862,12,,,,,
0.0005584802711382508,4863,12,,,,,
0.0001736771228024736,4864,12,,,,,
0.08357135206460953,4865,12,,,,,
0.0004328378417994827,4866,12,,,,,
0.02876630797982216,4867,12,,,,,
0.00031574227614328265,4868,12,,,,,
0.06003309413790703,4869,12,,,,,
0.0010066606337204576,4870,12,,,,,
0.001142712077125907,4871,12,,,,,
0.001803453080356121,4872,12,,,,,
0.0008897889056243002,4873,12,,,,,
0.0007150042802095413,4874,12,,,,,
0.00027754573966376483,4875,12,,,,,
0.016158590093255043,4876,12,,,,,
0.019856046885252,4877,12,,,,,
0.0006154533475637436,4878,12,,,,,
0.00040068908128887415,4879,12,,,,,
0.0012299068039283156,4880,12,,,,,
0.019025562331080437,4881,12,,,,,
0.0020607549231499434,4882,12,,,,,
0.001180774299427867,4883,12,,,,,
0.002564941765740514,4884,12,,,,,
0.09958013147115707,4885,12,,,,,
0.02171950414776802,4886,12,,,,,
0.0002977967669721693,4887,12,,,,,
0.0001988162548514083,4888,12,,,,,
0.00020867513376288116,4889,12,,,,,
0.0025913144927471876,4890,12,,,,,
0.002114149508997798,4891,12,,,,,
0.00024550213129259646,4892,12,,,,,
7.469369302270934e-05,4893,12,,,,,
0.026534149423241615,4894,12,,,,,
0.0015431761275976896,4895,12,,,,,
0.02889787219464779,4896,12,,,,,
0.00012752541806548834,4897,12,,,,,
0.0005070370971225202,4898,12,,,,,
0.0014442445244640112,4899,12,,,,,
0.01213292870670557,4900,12,,,,,
0.00020854658214375377,4901,12,,,,,
0.010778538882732391,4902,12,,,,,
0.00831433106213808,4903,12,,,,,
0.0006525075878016651,4904,12,,,,,
0.00011512020864756778,4905,12,,,,,
0.0009669166174717247,4906,12,,,,,
0.32382968068122864,4907,12,,,,,
3.1338226108346134e-05,4908,12,,,,,
0.00014677234867122024,4909,12,,,,,
0.10208465158939362,4910,12,,,,,
0.0005717460880987346,4911,12,,,,,
0.0016263367142528296,4912,12,,,,,
0.003478981787338853,4913,12,,,,,
0.15900401771068573,4914,12,,,,,
0.00011529434414114803,4915,12,,,,,
0.24837343394756317,4916,12,,,,,
0.0035740642342716455,4917,12,,,,,
0.0009047468774951994,4918,12,,,,,
0.0011679645394906402,4919,12,,,,,
0.00026596483075991273,4920,12,,,,,
0.000529253447894007,4921,12,,,,,
0.0025782508309930563,4922,12,,,,,
0.014774818904697895,4923,12,,,,,
0.01499964203685522,4924,12,,,,,
0.0034540346823632717,4925,12,,,,,
0.012325741350650787,4926,12,,,,,
0.0011697517475113273,4927,12,,,,,
0.010859268717467785,4928,12,,,,,
0.00530734658241272,4929,12,,,,,
0.00407464848831296,4930,12,,,,,
7.660083792870864e-05,4931,12,,,,,
0.00010446601663716137,4932,12,,,,,
0.000559941225219518,4933,12,,,,,
0.10725045949220657,4934,12,,,,,
0.001812308095395565,4935,12,,,,,
0.0023283858317881823,4936,12,,,,,
0.00016112915182020515,4937,12,,,,,
0.0002539857232477516,4938,12,,,,,
0.001669221674092114,4939,12,,,,,
0.0006764829740859568,4940,12,,,,,
8.324914961121976e-05,4941,12,,,,,
0.016334235668182373,4942,12,,,,,
0.00038632084033451974,4943,12,,,,,
0.0001724735921015963,4944,12,,,,,
0.27431586384773254,4945,12,,,,,
0.0006267940043471754,4946,12,,,,,
0.00013328548811841756,4947,12,,,,,
0.003102007322013378,4948,12,,,,,
0.0005349640850909054,4949,12,,,,,
0.0018913339590653777,4950,12,,,,,
0.0034478534944355488,4951,12,,,,,
0.0017408339772373438,4952,12,,,,,
0.7080809473991394,4953,12,,,,,
0.011301604099571705,4954,12,,,,,
0.00019661073747556657,4955,12,,,,,
0.0007098625646904111,4956,12,,,,,
0.004395490977913141,4957,12,,,,,
0.00032371035194955766,4958,12,,,,,
0.18128792941570282,4959,12,,,,,
0.005224874243140221,4960,12,,,,,
0.003458366496488452,4961,12,,,,,
0.0004004641668871045,4962,12,,,,,
0.031133538112044334,4963,12,,,,,
0.0020312031265348196,4964,12,,,,,
0.32298263907432556,4965,12,,,,,
0.09904634207487106,4966,12,,,,,
0.0034161105286329985,4967,12,,,,,
0.0021657287143170834,4968,12,,,,,
0.007959430105984211,4969,12,,,,,
0.042100340127944946,4970,12,,,,,
0.06156591698527336,4971,12,,,,,
0.028887677937746048,4972,12,,,,,
0.0033420324325561523,4973,12,,,,,
0.01562592200934887,4974,12,,,,,
0.0142705412581563,4975,12,,,,,
0.7255187630653381,4976,12,,,,,
0.0028374060057103634,4977,12,,,,,
0.01098750438541174,4978,12,,,,,
0.009141583926975727,4979,12,,,,,
0.007648164872080088,4980,12,,,,,
0.008509715087711811,4981,12,,,,,
0.011061497032642365,4982,12,,,,,
0.012348250485956669,4983,12,,,,,
0.0034353819210082293,4984,12,,,,,
0.0026745209470391273,4985,12,,,,,
0.08355306088924408,4986,12,,,,,
0.0038860493805259466,4987,12,,,,,
0.01705186441540718,4988,12,,,,,
0.17972522974014282,4989,12,,,,,
0.007942399941384792,4990,12,,,,,
0.003333654487505555,4991,12,,,,,
0.003834542352706194,4992,12,,,,,
0.10953701287508011,4993,12,,,,,
0.0009640415082685649,4994,12,,,,,
0.0009238152415491641,4995,12,,,,,
0.014646800234913826,4996,12,,,,,
0.006409946829080582,4997,12,,,,,
0.0125432712957263,4998,12,,,,,
0.0016533706802874804,4999,12,,,,,
0.006921821273863316,5000,12,,,,,
0.0009576762677170336,5001,12,,,,,
0.01090630330145359,5002,12,,,,,
0.03653480485081673,5003,12,,,,,
0.0005731857963837683,5004,12,,,,,
0.0004256031534168869,5005,12,,,,,
0.10384243726730347,5006,12,,,,,
0.004880712367594242,5007,12,,,,,
0.0017361961072310805,5008,12,,,,,
0.006038815248757601,5009,12,,,,,
0.0004138124641031027,5010,12,,,,,
0.0006836872198618948,5011,12,,,,,
0.0035975405480712652,5012,12,,,,,
0.029503729194402695,5013,12,,,,,
0.0008476694929413497,5014,12,,,,,
0.0028772535733878613,5015,12,,,,,
0.010599406436085701,5016,12,,,,,
0.0004176042857579887,5017,12,,,,,
0.001211190246976912,5018,12,,,,,
0.002055273624137044,5019,12,,,,,
0.01947803609073162,5020,12,,,,,
0.0023433284368366003,5021,12,,,,,
0.02473885752260685,5022,12,,,,,
0.000464700220618397,5023,12,,,,,
0.00103247060906142,5024,12,,,,,
0.00046841512084938586,5025,12,,,,,
0.019149823114275932,5026,12,,,,,
0.00018987753719557077,5027,12,,,,,
0.00035276240669190884,5028,12,,,,,
0.0005437940708361566,5029,12,,,,,
0.0002232269471278414,5030,12,,,,,
0.0012975985882803798,5031,12,,,,,
0.002385228406637907,5032,12,,,,,
0.0015712259337306023,5033,12,,,,,
0.0003580514166969806,5034,12,,,,,
0.11004425585269928,5035,12,,,,,
0.0001764548069331795,5036,12,,,,,
0.005837318487465382,5037,12,,,,,
0.18281717598438263,5038,12,,,,,
0.0011314649600535631,5039,12,,,,,
0.005463981535285711,5040,12,,,,,
0.00248475419357419,5041,12,,,,,
0.06673897802829742,5042,12,,,,,
0.0009531175019219518,5043,12,,,,,
0.0005603700410574675,5044,12,,,,,
0.000767111370805651,5045,12,,,,,
0.000808115815743804,5046,12,,,,,
0.006725860293954611,5047,12,,,,,
0.48710760474205017,5048,12,,,,,
0.007082040887326002,5049,12,,,,,
0.008659147657454014,5050,12,,,,,
0.00037769137998111546,5051,12,,,,,
0.016331687569618225,5052,12,,,,,
0.006399787496775389,5053,12,,,,,
0.04803270474076271,5054,12,,,,,
0.022669686004519463,5055,12,,,,,
0.010190124623477459,5056,12,,,,,
0.0697963684797287,5057,12,,,,,
0.0007929532439447939,5058,12,,,,,
0.04403487592935562,5059,12,,,,,
0.0006386783206835389,5060,12,,,,,
0.018415793776512146,5061,12,,,,,
0.0038726695347577333,5062,12,,,,,
0.007039471063762903,5063,12,,,,,
0.0050327470526099205,5064,12,,,,,
0.003596435533836484,5065,12,,,,,
0.0022823403123766184,5066,12,,,,,
0.0011706857476383448,5067,12,,,,,
0.0019064727239310741,5068,12,,,,,
0.02138718031346798,5069,12,,,,,
0.026479771360754967,5070,12,,,,,
0.011897530406713486,5071,12,,,,,
0.0032705445773899555,5072,12,,,,,
0.0008863601833581924,5073,12,,,,,
0.010399410501122475,5074,12,,,,,
0.01887999102473259,5075,12,,,,,
0.001764255459420383,5076,12,,,,,
0.006670529488474131,5077,12,,,,,
0.017371807247400284,5078,12,,,,,
0.0025671629700809717,5079,12,,,,,
0.06276470422744751,5080,12,,,,,
0.006992146838456392,5081,12,,,,,
0.0006678138161078095,5082,12,,,,,
0.0011231282260268927,5083,12,,,,,
0.0007377331494353712,5084,12,,,,,
0.00019194127526134253,5085,12,,,,,
0.01932494528591633,5086,12,,,,,
0.00020574308291543275,5087,12,,,,,
0.001524553052149713,5088,12,,,,,
0.023412862792611122,5089,12,,,,,
0.002039728220552206,5090,12,,,,,
0.003928736783564091,5091,12,,,,,
0.1027061864733696,5092,12,,,,,
0.0013260329142212868,5093,12,,,,,
0.08046311885118484,5094,12,,,,,
0.0017984571168199182,5095,12,,,,,
0.0027624054346233606,5096,12,,,,,
0.0035682315938174725,5097,12,,,,,
0.26257455348968506,5098,12,,,,,
0.002904394641518593,5099,12,,,,,
0.0004427522362675518,5100,12,,,,,
0.0003205229004379362,5101,12,,,,,
0.011198590509593487,5102,12,,,,,
0.025106851011514664,5103,12,,,,,
0.015194876119494438,5104,12,,,,,
0.004115705844014883,5105,12,,,,,
0.0008222225005738437,5106,12,,,,,
0.021893102675676346,5107,12,,,,,
0.005430422257632017,5108,12,,,,,
0.0003293303889222443,5109,12,,,,,
0.00025618437211960554,5110,12,,,,,
0.000441015261458233,5111,12,,,,,
0.0005019616219215095,5112,12,,,,,
0.0002501276903785765,5113,12,,,,,
0.001170439994893968,5114,12,,,,,
0.0010972627205774188,5115,12,,,,,
0.0013754667015746236,5116,12,,,,,
0.0004180370597168803,5117,12,,,,,
0.0017558401450514793,5118,12,,,,,
0.0034772695507854223,5119,12,,,,,
0.002251440193504095,5120,12,,,,,
0.0025111620780080557,5121,12,,,,,
8.986466127680615e-05,5122,12,,,,,
0.0009770287433639169,5123,12,,,,,
0.003449255833402276,5124,12,,,,,
0.0007019153563305736,5125,12,,,,,
0.0004551048914436251,5126,12,,,,,
0.00039010675391182303,5127,12,,,,,
0.005717512220144272,5128,12,,,,,
0.30281150341033936,5129,12,,,,,
0.0008295850711874664,5130,12,,,,,
0.00045905806473456323,5131,12,,,,,
0.0017952225171029568,5132,12,,,,,
0.000362790102371946,5133,12,,,,,
0.03544018790125847,5134,12,,,,,
0.0007153794867917895,5135,12,,,,,
0.004164629615843296,5136,12,,,,,
0.0030057651456445456,5137,12,,,,,
0.0076248664408922195,5138,12,,,,,
0.006170724052935839,5139,12,,,,,
0.010667700320482254,5140,12,,,,,
0.0022736741229891777,5141,12,,,,,
0.0016499609919264913,5142,12,,,,,
0.0006530169048346579,5143,12,,,,,
0.000895440112799406,5144,12,,,,,
0.37707045674324036,5145,12,,,,,
0.007628485560417175,5146,12,,,,,
0.00108330266084522,5147,12,,,,,
0.004778999835252762,5148,12,,,,,
0.0006118284654803574,5149,12,,,,,
0.018744610249996185,5150,12,,,,,
0.0002604838809929788,5151,12,,,,,
0.0007095230976119637,5152,12,,,,,
0.02547631412744522,5153,12,,,,,
0.002430463209748268,5154,12,,,,,
0.02351723238825798,5155,12,,,,,
0.00040739020914770663,5156,12,,,,,
0.038864217698574066,5157,12,,,,,
0.042083196341991425,5158,12,,,,,
0.008424685336649418,5159,12,,,,,
0.012653530575335026,5160,12,,,,,
0.039275795221328735,5161,12,,,,,
0.009567923843860626,5162,12,,,,,
0.010801084339618683,5163,12,,,,,
0.00010689142800401896,5164,12,,,,,
8.59170249896124e-05,5165,12,,,,,
0.005692765116691589,5166,12,,,,,
0.0007608315208926797,5167,12,,,,,
0.0010760024888440967,5168,12,,,,,
0.0031511157285422087,5169,12,,,,,
0.004567293915897608,5170,12,,,,,
0.002061960520222783,5171,12,,,,,
0.009508896619081497,5172,12,,,,,
0.007093231193721294,5173,12,,,,,
5.331149077392183e-05,5174,12,,,,,
0.0003104176721535623,5175,12,,,,,
0.0004339560982771218,5176,12,,,,,
0.0005049548926763237,5177,12,,,,,
0.0012363804271444678,5178,12,,,,,
0.0026513964403420687,5179,12,,,,,
0.009602652862668037,5180,12,,,,,
0.005328011699020863,5181,12,,,,,
7.806303619872779e-05,5182,12,,,,,
0.00016545259859412909,5183,12,,,,,
0.00030449614860117435,5184,12,,,,,
0.0006241791998036206,5185,12,,,,,
1.5041841834317893e-05,5186,12,,,,,
,4776,,1.1573763913474977e-05,,,,
,4777,,0.0003744808491319418,,,,
,4778,,2.4360047063964885e-06,,,,
,4779,,2.4360047063964885e-06,,,,
,4780,,3.4518427582952427e-06,,,,
,4781,,2.130210987161263e-06,,,,
,4782,,2.130210987161263e-06,,,,
,4783,,2.26113734242972e-05,,,,
,4784,,3.865744474751409e-06,,,,
,4785,,3.865744474751409e-06,,,,
,4786,,2.0731877157231793e-06,,,,
,4787,,1.0858406312763691e-05,,,,
,4788,,1.0858406312763691e-05,,,,
,4789,,0.010130377486348152,,,,
,4790,,0.06771747767925262,,,,
,4791,,0.06771747767925262,,,,
,4792,,3.832201400655322e-05,,,,
,4793,,0.00010102557280333713,,,,
,4794,,2.6346933736931533e-05,,,,
,4795,,2.6346933736931533e-05,,,,
,4796,,4.14571441069711e-05,,,,
,4797,,2.064241016341839e-05,,,,
,4798,,2.064241016341839e-05,,,,
,4799,,1.293635432375595e-05,,,,
,4800,,1.0807941180246416e-05,,,,
,4801,,1.0807941180246416e-05,,,,
,4802,,1.2664087989833206e-05,,,,
,4803,,1.2323482224019244e-05,,,,
,4804,,1.2323482224019244e-05,,,,
,4805,,1.508140212536091e-05,,,,
,4806,,1.508140212536091e-05,,,,
,4807,,1.508140212536091e-05,,,,
,4808,,2.1098810975672677e-05,,,,
,4809,,6.561443296959624e-05,,,,
,4810,,1.3672150998900179e-05,,,,
,4811,,1.3672150998900179e-05,,,,
,4812,,1.508694731455762e-05,,,,
,4813,,1.1562702638912015e-05,,,,
,4814,,1.1562702638912015e-05,,,,
,4815,,2.1501631636056118e-05,,,,
,4816,,1.764720400387887e-05,,,,
,4817,,1.764720400387887e-05,,,,
,4818,,1.3330030014913063e-05,,,,
,4819,,1.4230704437068198e-05,,,,
,4820,,5.606312333839014e-05,,,,
,4821,,1.4230704437068198e-05,,,,
,4822,,1.1165473551955074e-05,,,,
,4823,,7.603279755130643e-06,,,,
,4824,,7.603279755130643e-06,,,,
,4825,,5.03780938743148e-06,,,,
,4826,,3.182337422913406e-06,,,,
,4827,,3.182337422913406e-06,,,,
,4828,,1.1040554454666562e-05,,,,
,4829,,4.633553544408642e-06,,,,
,4830,,4.633553544408642e-06,,,,
,4831,,7.629174888279522e-06,,,,
,4832,,7.612155968672596e-06,,,,
,4833,,7.612155968672596e-06,,,,
,4834,,1.863989200501237e-05,,,,
,4835,,9.457011401536874e-06,,,,
,4836,,5.7567791373003274e-05,,,,
,4837,,9.457011401536874e-06,,,,
,4838,,6.038083029125119e-06,,,,
,4839,,6.038083029125119e-06,,,,
,4840,,6.038083029125119e-06,,,,
,4841,,0.003113741287961602,,,,
,4842,,0.007319610565900803,,,,
,4843,,0.007319610565900803,,,,
,4844,,3.536464282660745e-05,,,,
,4845,,3.085595017182641e-05,,,,
,4846,,3.085595017182641e-05,,,,
,4847,,3.890262814820744e-05,,,,
,4848,,3.1210194720188156e-05,,,,
,4849,,3.1210194720188156e-05,,,,
,4850,,1.7258244042750448e-05,,,,
,4851,,1.5842682842048816e-05,,,,
,4852,,1.5842682842048816e-05,,,,
,4853,,3.971156547777355e-05,,,,
,4854,,1.3674283763975836e-05,,,,
,4855,,9.033637070388068e-06,,,,
,4856,,9.033637070388068e-06,,,,
,4857,,1.5827554307179525e-05,,,,
,4858,,1.2707696441793814e-05,,,,
,4859,,1.2707696441793814e-05,,,,
,4860,,3.810804628301412e-05,,,,
,4861,,1.5553207049379125e-05,,,,
,4862,,3.0056542527745478e-05,,,,
,4863,,3.0056542527745478e-05,,,,
,4864,,2.661613871168811e-05,,,,
,4865,,2.3572190912091173e-05,,,,
,4866,,2.3572190912091173e-05,,,,
,4867,,4.3561703932937235e-05,,,,
,4868,,3.789131733356044e-05,,,,
,4869,,3.789131733356044e-05,,,,
,4870,,2.505063639546279e-05,,,,
,4871,,2.505063639546279e-05,,,,
,4872,,2.505063639546279e-05,,,,
,4873,,1.3997799214848783e-05,,,,
,4874,,6.618507086386671e-06,,,,
,4875,,6.618507086386671e-06,,,,
,4876,,5.514606527867727e-06,,,,
,4877,,3.7524296203628182e-06,,,,
,4878,,3.7524296203628182e-06,,,,
,4879,,1.2709193470072933e-05,,,,
,4880,,1.2794734175258782e-05,,,,
,4881,,5.460811735247262e-06,,,,
,4882,,5.460811735247262e-06,,,,
,4883,,8.100738341454417e-06,,,,
,4884,,1.0785187441797461e-05,,,,
,4885,,1.0785187441797461e-05,,,,
,4886,,2.2510224880534224e-05,,,,
,4887,,7.090187409630744e-06,,,,
,4888,,7.090187409630744e-06,,,,
,4889,,3.980499059252907e-06,,,,
,4890,,2.700326149351895e-06,,,,
,4891,,2.700326149351895e-06,,,,
,4892,,0.0073842755518853664,,,,
,4893,,0.020901016891002655,,,,
,4894,,0.020901016891002655,,,,
,4895,,4.9959362513618544e-05,,,,
,4896,,7.759726577205583e-05,,,,
,4897,,4.3061718315584585e-05,,,,
,4898,,4.3061718315584585e-05,,,,
,4899,,4.030421041534282e-05,,,,
,4900,,3.138091051368974e-05,,,,
,4901,,3.138091051368974e-05,,,,
,4902,,1.53718519868562e-05,,,,
,4903,,1.53718519868562e-05,,,,
,4904,,1.53718519868562e-05,,,,
,4905,,0.00013724145537707955,,,,
,4906,,1.6086522009572946e-05,,,,
,4907,,9.567213055561297e-06,,,,
,4908,,9.567213055561297e-06,,,,
,4909,,1.3117370144755114e-05,,,,
,4910,,8.846939635986928e-06,,,,
,4911,,8.846939635986928e-06,,,,
,4912,,3.044103505089879e-05,,,,
,4913,,2.765289718809072e-05,,,,
,4914,,2.765289718809072e-05,,,,
,4915,,1.6195779608096927e-05,,,,
,4916,,1.5541865650448017e-05,,,,
,4917,,1.5541865650448017e-05,,,,
,4918,,2.718300311244093e-05,,,,
,4919,,2.440372554701753e-05,,,,
,4920,,2.440372554701753e-05,,,,
,4921,,2.198370020778384e-05,,,,
,4922,,1.8729328076005913e-05,,,,
,4923,,1.8729328076005913e-05,,,,
,4924,,0.00010625676804920658,,,,
,4925,,1.733525459712837e-05,,,,
,4926,,7.178181931521976e-06,,,,
,4927,,7.178181931521976e-06,,,,
,4928,,6.1779933275829535e-06,,,,
,4929,,5.352948846848449e-06,,,,
,4930,,5.352948846848449e-06,,,,
,4931,,1.4184992323862389e-05,,,,
,4932,,7.487304628739366e-06,,,,
,4933,,7.487304628739366e-06,,,,
,4934,,9.494751793681644e-06,,,,
,4935,,9.494751793681644e-06,,,,
,4936,,9.494751793681644e-06,,,,
,4937,,2.680661236809101e-05,,,,
,4938,,8.245796379924286e-06,,,,
,4939,,0.00012275100743863732,,,,
,4940,,8.245796379924286e-06,,,,
,4941,,5.0584985729074106e-06,,,,
,4942,,3.254880311942543e-06,,,,
,4943,,3.254880311942543e-06,,,,
,4944,,0.004520927555859089,,,,
,4945,,0.009085701778531075,,,,
,4946,,0.009085701778531075,,,,
,4947,,4.5608627260662615e-05,,,,
,4948,,6.469553045462817e-05,,,,
,4949,,6.469553045462817e-05,,,,
,4950,,0.1686806082725525,,,,
,4951,,3.940748138120398e-05,,,,
,4952,,3.825072417384945e-05,,,,
,4953,,3.825072417384945e-05,,,,
,4954,,1.3526949260267429e-05,,,,
,4955,,1.1516082849993836e-05,,,,
,4956,,1.1516082849993836e-05,,,,
,4957,,1.4474557247012854e-05,,,,
,4958,,8.048736162891146e-06,,,,
,4959,,8.048736162891146e-06,,,,
,4960,,1.1733682185877115e-05,,,,
,4961,,1.0841808943951037e-05,,,,
,4962,,1.0841808943951037e-05,,,,
,4963,,4.053051452501677e-05,,,,
,4964,,3.643231320893392e-05,,,,
,4965,,3.643231320893392e-05,,,,
,4966,,0.00016476343444082886,,,,
,4967,,4.540102236205712e-05,,,,
,4968,,4.540102236205712e-05,,,,
,4969,,4.540102236205712e-05,,,,
,4970,,3.383973671589047e-05,,,,
,4971,,2.9102626285748556e-05,,,,
,4972,,2.9102626285748556e-05,,,,
,4973,,1.896275716717355e-05,,,,
,4974,,1.6894897271413356e-05,,,,
,4975,,1.6894897271413356e-05,,,,
,4976,,1.4468826520896982e-05,,,,
,4977,,6.7947244133392815e-06,,,,
,4978,,6.7947244133392815e-06,,,,
,4979,,4.535054813459283e-06,,,,
,4980,,4.961309059581254e-06,,,,
,4981,,4.961309059581254e-06,,,,
,4982,,5.590213186223991e-05,,,,
,4983,,1.2856749890488572e-05,,,,
,4984,,6.271268830460031e-06,,,,
,4985,,6.271268830460031e-06,,,,
,4986,,7.395866759907221e-06,,,,
,4987,,6.183094683365198e-06,,,,
,4988,,6.183094683365198e-06,,,,
,4989,,2.6028419597423635e-05,,,,
,4990,,5.613043867924716e-06,,,,
,4991,,5.443083864520304e-05,,,,
,4992,,5.613043867924716e-06,,,,
,4993,,3.788721414821339e-06,,,,
,4994,,4.632050604413962e-06,,,,
,4995,,4.632050604413962e-06,,,,
,4996,,0.14132201671600342,,,,
,4997,,0.21699458360671997,,,,
,4998,,0.21699458360671997,,,,
,4999,,1.959546898433473e-05,,,,
,5000,,1.959546898433473e-05,,,,
,5001,,1.959546898433473e-05,,,,
,5002,,1.385024643241195e-05,,,,
,5003,,5.88259126743651e-06,,,,
,5004,,5.88259126743651e-06,,,,
,5005,,4.8719548431108706e-06,,,,
,5006,,3.0423955195146846e-06,,,,
,5007,,3.0423955195146846e-06,,,,
,5008,,6.102230599935865e-06,,,,
,5009,,3.213184390915558e-05,,,,
,5010,,2.6282571070623817e-06,,,,
,5011,,2.6282571070623817e-06,,,,
,5012,,5.504256932908902e-06,,,,
,5013,,5.069170583738014e-06,,,,
,5014,,5.069170583738014e-06,,,,
,5015,,1.3799353837384842e-05,,,,
,5016,,0.027766963467001915,,,,
,5017,,1.3817067156196572e-05,,,,
,5018,,1.3817067156196572e-05,,,,
,5019,,9.489697731623892e-06,,,,
,5020,,8.427176908298861e-06,,,,
,5021,,8.427176908298861e-06,,,,
,5022,,1.6432999473181553e-05,,,,
,5023,,1.3314018360688351e-05,,,,
,5024,,1.3314018360688351e-05,,,,
,5025,,7.981612725416198e-06,,,,
,5026,,7.830825779819861e-05,,,,
,5027,,6.652859156019986e-06,,,,
,5028,,6.652859156019986e-06,,,,
,5029,,1.4400615327758715e-05,,,,
,5030,,6.323680281639099e-06,,,,
,5031,,6.323680281639099e-06,,,,
,5032,,4.877137143921573e-06,,,,
,5033,,4.877137143921573e-06,,,,
,5034,,4.877137143921573e-06,,,,
,5035,,8.208118742913939e-06,,,,
,5036,,4.527105556917377e-05,,,,
,5037,,3.052763759114896e-06,,,,
,5038,,3.052763759114896e-06,,,,
,5039,,4.623175300366711e-06,,,,
,5040,,3.457028697084752e-06,,,,
,5041,,3.457028697084752e-06,,,,
,5042,,1.8429953343002126e-05,,,,
,5043,,5.614114343188703e-06,,,,
,5044,,5.614114343188703e-06,,,,
,5045,,4.358829301054357e-06,,,,
,5046,,6.930983090569498e-06,,,,
,5047,,6.930983090569498e-06,,,,
,5048,,0.16646720468997955,,,,
,5049,,0.37045955657958984,,,,
,5050,,0.37045955657958984,,,,
,5051,,2.0750954718096182e-05,,,,
,5052,,6.384954758686945e-05,,,,
,5053,,1.1241432730457745e-05,,,,
,5054,,1.1241432730457745e-05,,,,
,5055,,1.3259577826829627e-05,,,,
,5056,,3.10458813146397e-06,,,,
,5057,,3.10458813146397e-06,,,,
,5058,,2.7314254111843184e-06,,,,
,5059,,2.3274119484995026e-06,,,,
,5060,,2.3274119484995026e-06,,,,
,5061,,6.675455551885534e-06,,,,
,5062,,2.4182354536606e-06,,,,
,5063,,2.4182354536606e-06,,,,
,5064,,3.918315542250639e-06,,,,
,5065,,3.918315542250639e-06,,,,
,5066,,3.918315542250639e-06,,,,
,5067,,1.2527756553026848e-05,,,,
,5068,,8.36495019029826e-06,,,,
,5069,,8.36495019029826e-06,,,,
,5070,,2.8903396014356986e-05,,,,
,5071,,4.234470452502137e-06,,,,
,5072,,2.570759306763648e-06,,,,
,5073,,2.570759306763648e-06,,,,
,5074,,1.235745003214106e-05,,,,
,5075,,7.31123282093904e-06,,,,
,5076,,7.31123282093904e-06,,,,
,5077,,5.696012067346601e-06,,,,
,5078,,1.7584457964403555e-05,,,,
,5079,,5.1997262744407635e-06,,,,
,5080,,5.1997262744407635e-06,,,,
,5081,,9.644083547755145e-06,,,,
,5082,,3.43112674272561e-06,,,,
,5083,,3.43112674272561e-06,,,,
,5084,,3.3637509204709204e-06,,,,
,5085,,2.1094804196764017e-06,,,,
,5086,,2.1094804196764017e-06,,,,
,5087,,8.866469215718098e-06,,,,
,5088,,2.2753342818759847e-06,,,,
,5089,,2.2753342818759847e-06,,,,
,5090,,2.8765473416569876e-06,,,,
,5091,,2.6963866730511654e-06,,,,
,5092,,2.6963866730511654e-06,,,,
,5093,,1.5449968486791477e-05,,,,
,5094,,9.085571036848705e-06,,,,
,5095,,5.205359229876194e-06,,,,
,5096,,5.205359229876194e-06,,,,
,5097,,2.306425813003443e-06,,,,
,5098,,2.306425813003443e-06,,,,
,5099,,2.306425813003443e-06,,,,
,5100,,0.21153418719768524,,,,
,5101,,0.37309157848358154,,,,
,5102,,0.37309157848358154,,,,
,5103,,1.7465063137933612e-05,,,,
,5104,,1.1904589882760774e-05,,,,
,5105,,1.1904589882760774e-05,,,,
,5106,,1.1942905075557064e-05,,,,
,5107,,4.881794211542001e-06,,,,
,5108,,4.881794211542001e-06,,,,
,5109,,3.2186223961616633e-06,,,,
,5110,,3.269722810728126e-06,,,,
,5111,,3.269722810728126e-06,,,,
,5112,,5.477772447193274e-06,,,,
,5113,,0.0011670909589156508,,,,
,5114,,2.5189219741150737e-06,,,,
,5115,,2.5189219741150737e-06,,,,
,5116,,4.053069915244123e-06,,,,
,5117,,2.8765555271093035e-06,,,,
,5118,,2.8765555271093035e-06,,,,
,5119,,1.725001129671e-05,,,,
,5120,,6.0202448366908357e-05,,,,
,5121,,1.8697108316700906e-05,,,,
,5122,,1.8697108316700906e-05,,,,
,5123,,7.131652182579273e-06,,,,
,5124,,5.6992294048541225e-06,,,,
,5125,,5.6992294048541225e-06,,,,
,5126,,1.4230556189431809e-05,,,,
,5127,,1.1199296750419308e-05,,,,
,5128,,1.1199296750419308e-05,,,,
,5129,,7.038310741336318e-06,,,,
,5130,,7.038310741336318e-06,,,,
,5131,,7.038310741336318e-06,,,,
,5132,,8.99144015420461e-06,,,,
,5133,,3.4985021102329483e-06,,,,
,5134,,3.4985021102329483e-06,,,,
,5135,,3.2808220566948876e-06,,,,
,5136,,2.161307520509581e-06,,,,
,5137,,2.161307520509581e-06,,,,
,5138,,9.865570973488502e-06,,,,
,5139,,1.052099196385825e-05,,,,
,5140,,4.427736712386832e-06,,,,
,5141,,4.427736712386832e-06,,,,
,5142,,3.192702934029512e-06,,,,
,5143,,5.046421847509919e-06,,,,
,5144,,5.046421847509919e-06,,,,
,5145,,1.3861264960723929e-05,,,,
,5146,,5.566460458794609e-06,,,,
,5147,,5.566460458794609e-06,,,,
,5148,,2.3634381705051055e-06,,,,
,5149,,1.7259383184864419e-06,,,,
,5150,,1.7259383184864419e-06,,,,
,5151,,0.07445386797189713,,,,
,5152,,0.181000754237175,,,,
,5153,,0.181000754237175,,,,
,5154,,2.8523532819235697e-05,,,,
,5155,,2.233654959127307e-05,,,,
,5156,,1.965687442861963e-05,,,,
,5157,,1.965687442861963e-05,,,,
,5158,,2.1920244762441143e-05,,,,
,5159,,9.06536661204882e-06,,,,
,5160,,9.06536661204882e-06,,,,
,5161,,4.213739430269925e-06,,,,
,5162,,4.213739430269925e-06,,,,
,5163,,4.213739430269925e-06,,,,
,5164,,9.252371455659159e-06,,,,
,5165,,2.482649733792641e-06,,,,
,5166,,2.482649733792641e-06,,,,
,5167,,6.027738436387153e-06,,,,
,5168,,3.856120656564599e-06,,,,
,5169,,3.856120656564599e-06,,,,
,5170,,1.9236582375015132e-05,,,,
,5171,,1.2538805094663985e-05,,,,
,5172,,1.2538805094663985e-05,,,,
,5173,,6.768875209672842e-06,,,,
,5186,12,,0.00833127647638321,,,
,5186,12,,,0.023185351863503456,0.6146095991134644,0.6146095991134644
0.0010454959701746702,5187,13,,,,,
0.14850376546382904,5188,13,,,,,
0.002257991349324584,5189,13,,,,,
6.154157017590478e-05,5190,13,,,,,
0.0006776902009733021,5191,13,,,,,
6.284847768256441e-05,5192,13,,,,,
0.47145697474479675,5193,13,,,,,
0.000823024834971875,5194,13,,,,,
0.00018165766960009933,5195,13,,,,,
0.0019995165057480335,5196,13,,,,,
0.021617431193590164,5197,13,,,,,
0.002382174599915743,5198,13,,,,,
0.13665349781513214,5199,13,,,,,
0.032372862100601196,5200,13,,,,,
0.12097577750682831,5201,13,,,,,
0.01369969267398119,5202,13,,,,,
0.0001675656094448641,5203,13,,,,,
0.0002478401584085077,5204,13,,,,,
0.04423672705888748,5205,13,,,,,
0.00014255609130486846,5206,13,,,,,
0.03446521610021591,5207,13,,,,,
0.0007749802898615599,5208,13,,,,,
0.0009193159639835358,5209,13,,,,,
0.14389444887638092,5210,13,,,,,
7.213322533061728e-05,5211,13,,,,,
0.0013243017019703984,5212,13,,,,,
0.0002859744126908481,5213,13,,,,,
0.1042688712477684,5214,13,,,,,
0.0009705413831397891,5215,13,,,,,
0.0020823772065341473,5216,13,,,,,
0.0037884556222707033,5217,13,,,,,
0.00461882958188653,5218,13,,,,,
0.020322289317846298,5219,13,,,,,
0.03308871388435364,5220,13,,,,,
0.0002235997817479074,5221,13,,,,,
0.0012022495502606034,5222,13,,,,,
0.0014353091828525066,5223,13,,,,,
0.001849934458732605,5224,13,,,,,
0.000489788712002337,5225,13,,,,,
0.35469672083854675,5226,13,,,,,
0.016761954873800278,5227,13,,,,,
0.0003630823048297316,5228,13,,,,,
0.010632825084030628,5229,13,,,,,
0.0014878975925967097,5230,13,,,,,
0.0017564102308824658,5231,13,,,,,
0.000897289311978966,5232,13,,,,,
0.00126639602240175,5233,13,,,,,
0.006621604319661856,5234,13,,,,,
0.004315567668527365,5235,13,,,,,
0.0047854771837592125,5236,13,,,,,
0.0014884640695527196,5237,13,,,,,
0.0024587747175246477,5238,13,,,,,
0.061688076704740524,5239,13,,,,,
0.024505237117409706,5240,13,,,,,
0.0010188204469159245,5241,13,,,,,
0.0006938477163203061,5242,13,,,,,
0.11555245518684387,5243,13,,,,,
0.0040745860897004604,5244,13,,,,,
0.02204228565096855,5245,13,,,,,
0.034425314515829086,5246,13,,,,,
0.03659782558679581,5247,13,,,,,
0.000898343394510448,5248,13,,,,,
0.00025671927141956985,5249,13,,,,,
0.0004667397297453135,5250,13,,,,,
0.0002545588940847665,5251,13,,,,,
0.002781445626169443,5252,13,,,,,
0.00014880493108648807,5253,13,,,,,
0.0019774145912379026,5254,13,,,,,
0.027166008949279785,5255,13,,,,,
0.0005472290213219821,5256,13,,,,,
0.0007561318343505263,5257,13,,,,,
0.030706709250807762,5258,13,,,,,
0.003464235458523035,5259,13,,,,,
0.00177822879049927,5260,13,,,,,
0.0003131837002001703,5261,13,,,,,
0.006459461059421301,5262,13,,,,,
0.004773272201418877,5263,13,,,,,
0.019481537863612175,5264,13,,,,,
0.0006868541240692139,5265,13,,,,,
0.0013498365879058838,5266,13,,,,,
0.012111246585845947,5267,13,,,,,
0.0007436819723807275,5268,13,,,,,
0.00038522607064805925,5269,13,,,,,
0.001383669557981193,5270,13,,,,,
0.0002706849481910467,5271,13,,,,,
0.0009605553932487965,5272,13,,,,,
0.00026892314781434834,5273,13,,,,,
0.0005221180035732687,5274,13,,,,,
0.0001801187318051234,5275,13,,,,,
0.20804725587368011,5276,13,,,,,
0.000495976593811065,5277,13,,,,,
0.0014442246174439788,5278,13,,,,,
0.0023448660504072905,5279,13,,,,,
0.001620712922886014,5280,13,,,,,
0.00016042082279454917,5281,13,,,,,
0.03954828903079033,5282,13,,,,,
0.05086534842848778,5283,13,,,,,
0.0012892097001895308,5284,13,,,,,
0.00016203432460315526,5285,13,,,,,
0.013824641704559326,5286,13,,,,,
0.06827924400568008,5287,13,,,,,
0.0012513963738456368,5288,13,,,,,
0.0005716490559279919,5289,13,,,,,
0.03708779066801071,5290,13,,,,,
0.4333367645740509,5291,13,,,,,
0.004361466504633427,5292,13,,,,,
0.0003034847613889724,5293,13,,,,,
0.01584475114941597,5294,13,,,,,
0.01937446929514408,5295,13,,,,,
0.013879114761948586,5296,13,,,,,
0.01032957248389721,5297,13,,,,,
0.1608789563179016,5298,13,,,,,
0.002163228113204241,5299,13,,,,,
0.0052423798479139805,5300,13,,,,,
0.06488937139511108,5301,13,,,,,
0.0020782696083188057,5302,13,,,,,
0.0003217436315026134,5303,13,,,,,
0.0025498883333057165,5304,13,,,,,
0.0010512829758226871,5305,13,,,,,
0.0670466497540474,5306,13,,,,,
0.0013507807161659002,5307,13,,,,,
0.0042926231399178505,5308,13,,,,,
0.009666918776929379,5309,13,,,,,
0.0019421357428655028,5310,13,,,,,
0.004076298791915178,5311,13,,,,,
0.0017970874905586243,5312,13,,,,,
0.023991910740733147,5313,13,,,,,
0.015629056841135025,5314,13,,,,,
0.0006828703335486352,5315,13,,,,,
0.004821988753974438,5316,13,,,,,
0.01513747125864029,5317,13,,,,,
0.0015124434139579535,5318,13,,,,,
0.0014911830658093095,5319,13,,,,,
0.0018006571335718036,5320,13,,,,,
0.00019093147420790046,5321,13,,,,,
0.00043054172419942915,5322,13,,,,,
0.02080403082072735,5323,13,,,,,
0.0006495439447462559,5324,13,,,,,
0.00216531939804554,5325,13,,,,,
0.0030268621630966663,5326,13,,,,,
0.0001120063170674257,5327,13,,,,,
0.003892923006787896,5328,13,,,,,
0.00037313145003281534,5329,13,,,,,
0.0314110666513443,5330,13,,,,,
0.00019371126836631447,5331,13,,,,,
0.0003376440436113626,5332,13,,,,,
0.00219121016561985,5333,13,,,,,
0.000953872106038034,5334,13,,,,,
0.005779400933533907,5335,13,,,,,
0.001029029837809503,5336,13,,,,,
0.01002548448741436,5337,13,,,,,
0.00027137945289723575,5338,13,,,,,
0.00014393117453437299,5339,13,,,,,
0.003439076244831085,5340,13,,,,,
0.0033039364498108625,5341,13,,,,,
0.0007785916095599532,5342,13,,,,,
0.003608178114518523,5343,13,,,,,
0.0011676093563437462,5344,13,,,,,
0.00012727169087156653,5345,13,,,,,
0.001501968246884644,5346,13,,,,,
0.0028382751625031233,5347,13,,,,,
0.051028184592723846,5348,13,,,,,
0.00024320765805896372,5349,13,,,,,
0.0003848965570796281,5350,13,,,,,
0.02267962507903576,5351,13,,,,,
0.001182818552479148,5352,13,,,,,
0.0011067116865888238,5353,13,,,,,
0.00012123028136556968,5354,13,,,,,
0.0005420903326012194,5355,13,,,,,
0.001479924889281392,5356,13,,,,,
0.008759421296417713,5357,13,,,,,
0.0034246593713760376,5358,13,,,,,
0.0003870080108754337,5359,13,,,,,
0.22834545373916626,5360,13,,,,,
0.0018078763969242573,5361,13,,,,,
0.0007182407425716519,5362,13,,,,,
0.0030221797060221434,5363,13,,,,,
0.0016875158762559295,5364,13,,,,,
0.0009365095174871385,5365,13,,,,,
0.0002858253428712487,5366,13,,,,,
0.00018390780314803123,5367,13,,,,,
0.006532776635140181,5368,13,,,,,
0.000922683160752058,5369,13,,,,,
0.0004475287569221109,5370,13,,,,,
0.0009139231406152248,5371,13,,,,,
0.15425342321395874,5372,13,,,,,
0.015463938005268574,5373,13,,,,,
0.027034780010581017,5374,13,,,,,
0.00021277935593388975,5375,13,,,,,
0.08968491107225418,5376,13,,,,,
0.00041239126585423946,5377,13,,,,,
0.02531714178621769,5378,13,,,,,
0.012907750904560089,5379,13,,,,,
0.004737370647490025,5380,13,,,,,
0.0001986207498703152,5381,13,,,,,
0.007880453951656818,5382,13,,,,,
0.009486001916229725,5383,13,,,,,
8.752988651394844e-05,5384,13,,,,,
0.002234027022495866,5385,13,,,,,
0.002170196734368801,5386,13,,,,,
0.001512591727077961,5387,13,,,,,
0.0024908240884542465,5388,13,,,,,
0.00810161978006363,5389,13,,,,,
0.0002022964326897636,5390,13,,,,,
0.0010412633419036865,5391,13,,,,,
0.013138078153133392,5392,13,,,,,
5.248547313385643e-05,5393,13,,,,,
0.0009598598699085414,5394,13,,,,,
0.0024959861766546965,5395,13,,,,,
0.004637463483959436,5396,13,,,,,
0.00022290270135272294,5397,13,,,,,
0.0008071822230704129,5398,13,,,,,
0.002407291904091835,5399,13,,,,,
0.0010328645585104823,5400,13,,,,,
0.030200492590665817,5401,13,,,,,
0.013691425323486328,5402,13,,,,,
9.758643136592582e-05,5403,13,,,,,
0.00019329023780301213,5404,13,,,,,
0.00014069672033656389,5405,13,,,,,
0.07172070443630219,5406,13,,,,,
0.0005199608276598155,5407,13,,,,,
0.0014322452479973435,5408,13,,,,,
0.00034817133564502,5409,13,,,,,
0.005091192666441202,5410,13,,,,,
0.0004464841040316969,5411,13,,,,,
0.004876342136412859,5412,13,,,,,
0.0008304697694256902,5413,13,,,,,
0.05348891392350197,5414,13,,,,,
0.00037290024920366704,5415,13,,,,,
0.004549297969788313,5416,13,,,,,
0.002121511846780777,5417,13,,,,,
0.012446559965610504,5418,13,,,,,
0.0035390607081353664,5419,13,,,,,
0.0063397386111319065,5420,13,,,,,
0.06807643175125122,5421,13,,,,,
0.0001639427209738642,5422,13,,,,,
0.0027081510052084923,5423,13,,,,,
0.0009830179624259472,5424,13,,,,,
0.01014932245016098,5425,13,,,,,
6.98036965331994e-05,5426,13,,,,,
0.033938564360141754,5427,13,,,,,
0.00016348967619705945,5428,13,,,,,
0.0006124378996901214,5429,13,,,,,
0.0008805981487967074,5430,13,,,,,
0.007516541518270969,5431,13,,,,,
0.0002343928354093805,5432,13,,,,,
0.00012990104733034968,5433,13,,,,,
0.00017171572835650295,5434,13,,,,,
0.00017944673891179264,5435,13,,,,,
0.00029309894307516515,5436,13,,,,,
0.00014981867570895702,5437,13,,,,,
0.00019885794608853757,5438,13,,,,,
0.06201685965061188,5439,13,,,,,
0.0001531302696093917,5440,13,,,,,
0.002697644056752324,5441,13,,,,,
0.002391960471868515,5442,13,,,,,
0.0004800937604159117,5443,13,,,,,
0.0011328508844599128,5444,13,,,,,
0.0003293963673058897,5445,13,,,,,
0.01861782744526863,5446,13,,,,,
0.0001464734523324296,5447,13,,,,,
0.000278899387922138,5448,13,,,,,
0.00012419509585015476,5449,13,,,,,
0.00017834448954090476,5450,13,,,,,
0.003202064661309123,5451,13,,,,,
0.001062864437699318,5452,13,,,,,
0.2652302086353302,5453,13,,,,,
0.000433187757153064,5454,13,,,,,
0.08484682440757751,5455,13,,,,,
8.62568776938133e-05,5456,13,,,,,
0.0017459323862567544,5457,13,,,,,
0.10246706753969193,5458,13,,,,,
0.00042489744373597205,5459,13,,,,,
8.154406532412395e-05,5460,13,,,,,
0.0003846730396617204,5461,13,,,,,
0.017561715096235275,5462,13,,,,,
0.0007151897880248725,5463,13,,,,,
0.00013610396126750857,5464,13,,,,,
0.003455225843936205,5465,13,,,,,
0.0029438973870128393,5466,13,,,,,
0.003076998982578516,5467,13,,,,,
0.0010283483425155282,5468,13,,,,,
0.00046314322389662266,5469,13,,,,,
0.0014038197696208954,5470,13,,,,,
0.002212581457570195,5471,13,,,,,
0.0015713879838585854,5472,13,,,,,
0.00030380196403712034,5473,13,,,,,
0.020452195778489113,5474,13,,,,,
0.005849051754921675,5475,13,,,,,
0.004264542832970619,5476,13,,,,,
0.01572512462735176,5477,13,,,,,
0.003652699524536729,5478,13,,,,,
0.000673344824463129,5479,13,,,,,
0.003096758620813489,5480,13,,,,,
0.01351550966501236,5481,13,,,,,
0.0042136176489293575,5482,13,,,,,
0.0008486646693199873,5483,13,,,,,
0.00015652735601179302,5484,13,,,,,
0.0034042769111692905,5485,13,,,,,
0.009520183317363262,5486,13,,,,,
0.00041737189167179167,5487,13,,,,,
7.908485713414848e-05,5488,13,,,,,
0.00017428712453693151,5489,13,,,,,
0.002411307767033577,5490,13,,,,,
0.07087349891662598,5491,13,,,,,
0.004607168957591057,5492,13,,,,,
0.00012791488552466035,5493,13,,,,,
0.04072362557053566,5494,13,,,,,
0.011938531883060932,5495,13,,,,,
0.00022490901756100357,5496,13,,,,,
0.0027022049762308598,5497,13,,,,,
0.0006400124402716756,5498,13,,,,,
0.00031841080635786057,5499,13,,,,,
0.0017060758545994759,5500,13,,,,,
0.0003695825580507517,5501,13,,,,,
0.0003808602050412446,5502,13,,,,,
0.052582476288080215,5503,13,,,,,
0.085026815533638,5504,13,,,,,
2.7038835469284095e-05,5505,13,,,,,
0.0002771560684777796,5506,13,,,,,
0.0005337832262739539,5507,13,,,,,
0.015305496752262115,5508,13,,,,,
0.09092202037572861,5509,13,,,,,
0.00040664957487024367,5510,13,,,,,
0.010092772543430328,5511,13,,,,,
0.003288556821644306,5512,13,,,,,
9.664125536801293e-05,5513,13,,,,,
0.00030652477289550006,5514,13,,,,,
0.0002984898164868355,5515,13,,,,,
0.000858919695019722,5516,13,,,,,
0.0005028304294683039,5517,13,,,,,
0.0008470845641568303,5518,13,,,,,
0.0001855495647760108,5519,13,,,,,
0.00019506746320985258,5520,13,,,,,
0.005299581680446863,5521,13,,,,,
0.0006239550421014428,5522,13,,,,,
0.0006097782752476633,5523,13,,,,,
0.001798515673726797,5524,13,,,,,
0.00036936107790097594,5525,13,,,,,
1.4662467037851457e-05,5526,13,,,,,
0.001869025407359004,5527,13,,,,,
0.0018183639040216804,5528,13,,,,,
0.0013466743985190988,5529,13,,,,,
7.074081077007577e-05,5530,13,,,,,
0.0008609609212726355,5531,13,,,,,
0.0006872685044072568,5532,13,,,,,
0.00026017878553830087,5533,13,,,,,
1.3720145943807438e-05,5534,13,,,,,
0.049009017646312714,5535,13,,,,,
7.719459244981408e-05,5536,13,,,,,
9.171459532808512e-05,5537,13,,,,,
0.004329821094870567,5538,13,,,,,
0.0010424762731418014,5539,13,,,,,
0.000209128949791193,5540,13,,,,,
0.0004921748768538237,5541,13,,,,,
0.0010243197903037071,5542,13,,,,,
0.005351217929273844,5543,13,,,,,
0.00013417979062069207,5544,13,,,,,
0.0002788274141494185,5545,13,,,,,
0.0006535252905450761,5546,13,,,,,
0.002460733987390995,5547,13,,,,,
0.00021242248476482928,5548,13,,,,,
0.002115196781232953,5549,13,,,,,
0.005476368125528097,5550,13,,,,,
0.005956247448921204,5551,13,,,,,
0.03868379443883896,5552,13,,,,,
0.0007218762184493244,5553,13,,,,,
0.10216721892356873,5554,13,,,,,
0.01723749376833439,5555,13,,,,,
4.702731530414894e-05,5556,13,,,,,
0.0002604313485790044,5557,13,,,,,
0.03110876865684986,5558,13,,,,,
0.4288308024406433,5559,13,,,,,
0.0016907444223761559,5560,13,,,,,
5.486928057507612e-05,5561,13,,,,,
0.0035649952478706837,5562,13,,,,,
0.0065909503027796745,5563,13,,,,,
0.0003194049349986017,5564,13,,,,,
0.024802885949611664,5565,13,,,,,
0.0005810813163407147,5566,13,,,,,
0.005347535014152527,5567,13,,,,,
0.0009515950223430991,5568,13,,,,,
0.004394582938402891,5569,13,,,,,
0.016502682119607925,5570,13,,,,,
0.0001579083618707955,5571,13,,,,,
0.0005595381371676922,5572,13,,,,,
0.021329544484615326,5573,13,,,,,
0.11857815086841583,5574,13,,,,,
0.12990517914295197,5575,13,,,,,
0.0012914106482639909,5576,13,,,,,
0.013128526508808136,5577,13,,,,,
0.009445066563785076,5578,13,,,,,
0.022708917036652565,5579,13,,,,,
0.0005984089220874012,5580,13,,,,,
0.0019366221968084574,5581,13,,,,,
0.00032327783992514014,5582,13,,,,,
0.01519466470927,5583,13,,,,,
0.00556892529129982,5584,13,,,,,
0.009860388934612274,5585,13,,,,,
,5174,,2.0898492948617786e-05,,,,
,5175,,4.195713336230256e-05,,,,
,5176,,0.0002550463832449168,,,,
,5177,,0.0002550463832449168,,,,
,5178,,0.0003338069363962859,,,,
,5179,,0.0008066553855314851,,,,
,5180,,0.0008066553855314851,,,,
,5181,,4.020502092316747e-05,,,,
,5182,,1.7851090888143517e-05,,,,
,5183,,1.7851090888143517e-05,,,,
,5184,,0.0009035342372953892,,,,
,5185,,6.716411007801071e-05,,,,
,5186,,6.716411007801071e-05,,,,
,5187,,0.004925038665533066,,,,
,5188,,0.0011663015466183424,,,,
,5189,,0.0011663015466183424,,,,
,5190,,0.002574547892436385,,,,
,5191,,6.341807602439076e-05,,,,
,5192,,0.0010814721463248134,,,,
,5193,,0.0010814721463248134,,,,
,5194,,1.9912857169401832e-05,,,,
,5195,,0.000346704589901492,,,,
,5196,,0.000346704589901492,,,,
,5197,,5.4964653827482834e-05,,,,
,5198,,3.952582846977748e-05,,,,
,5199,,3.952582846977748e-05,,,,
,5200,,1.321488798566861e-05,,,,
,5201,,2.3596343453391455e-05,,,,
,5202,,2.3596343453391455e-05,,,,
,5203,,0.00020632322411984205,,,,
,5204,,0.00020632322411984205,,,,
,5205,,0.00020632322411984205,,,,
,5206,,1.8800061297952197e-05,,,,
,5207,,3.1594598112860695e-05,,,,
,5208,,0.0001373465493088588,,,,
,5209,,0.0001373465493088588,,,,
,5210,,0.00019045255612581968,,,,
,5211,,0.0009894518880173564,,,,
,5212,,0.0009894518880173564,,,,
,5213,,2.08941401069751e-05,,,,
,5214,,1.1716312656062655e-05,,,,
,5215,,1.1716312656062655e-05,,,,
,5216,,0.0001971023011719808,,,,
,5217,,3.091646794928238e-05,,,,
,5218,,0.0001165170906460844,,,,
,5219,,3.091646794928238e-05,,,,
,5220,,1.1369927960913628e-05,,,,
,5221,,0.00010630931501509622,,,,
,5222,,0.00010630931501509622,,,,
,5223,,0.00011620049917837605,,,,
,5224,,0.00012109895033063367,,,,
,5225,,0.00012109895033063367,,,,
,5226,,1.612595224287361e-05,,,,
,5227,,0.0009329247986897826,,,,
,5228,,0.0009329247986897826,,,,
,5229,,0.0001997244544327259,,,,
,5230,,9.701152521301992e-06,,,,
,5231,,9.701152521301992e-06,,,,
,5232,,2.6572717615636066e-05,,,,
,5233,,3.59177756763529e-05,,,,
,5234,,5.915831570746377e-05,,,,
,5235,,3.59177756763529e-05,,,,
,5236,,0.00047963508404791355,,,,
,5237,,0.00047963508404791355,,,,
,5238,,0.00047963508404791355,,,,
,5239,,0.0043939691968262196,,,,
,5240,,0.002218804555013776,,,,
,5241,,0.002218804555013776,,,,
,5242,,0.0025151693262159824,,,,
,5243,,0.003044893965125084,,,,
,5244,,0.003044893965125084,,,,
,5245,,2.5577213818905875e-05,,,,
,5246,,2.5173500034725294e-05,,,,
,5247,,2.5173500034725294e-05,,,,
,5248,,7.024563092272729e-05,,,,
,5249,,0.00014003926480654627,,,,
,5250,,0.00014003926480654627,,,,
,5251,,5.051985499449074e-05,,,,
,5252,,1.2317937034822535e-05,,,,
,5253,,8.411703311139718e-05,,,,
,5254,,8.411703311139718e-05,,,,
,5255,,0.0003191155265085399,,,,
,5256,,0.00023424479877576232,,,,
,5257,,0.00023424479877576232,,,,
,5258,,1.9424493075348437e-05,,,,
,5259,,3.1877127184998244e-05,,,,
,5260,,0.0007809639209881425,,,,
,5261,,0.0007809639209881425,,,,
,5262,,0.00017679238226264715,,,,
,5263,,1.059805799741298e-05,,,,
,5264,,1.059805799741298e-05,,,,
,5265,,2.4912607841542922e-05,,,,
,5266,,3.3708784030750394e-05,,,,
,5267,,3.3708784030750394e-05,,,,
,5268,,0.00020273003610782325,,,,
,5269,,0.00020273003610782325,,,,
,5270,,0.00020273003610782325,,,,
,5271,,1.2062400855938904e-05,,,,
,5272,,0.000181669820449315,,,,
,5273,,0.000181669820449315,,,,
,5274,,0.00012367941963020712,,,,
,5275,,0.0006105491193011403,,,,
,5276,,0.0006105491193011403,,,,
,5277,,1.793065712263342e-05,,,,
,5278,,3.604803350754082e-05,,,,
,5279,,8.940512998378836e-06,,,,
,5280,,8.940512998378836e-06,,,,
,5281,,0.00027657748432829976,,,,
,5282,,3.38545287377201e-05,,,,
,5283,,3.38545287377201e-05,,,,
,5284,,2.6283345505362377e-05,,,,
,5285,,0.0008437674259766936,,,,
,5286,,0.0008437674259766936,,,,
,5287,,0.000638779194559902,,,,
,5288,,0.0005176690756343305,,,,
,5289,,0.0005176690756343305,,,,
,5290,,0.0034271241165697575,,,,
,5291,,0.002757859881967306,,,,
,5292,,0.002757859881967306,,,,
,5293,,0.004306552931666374,,,,
,5294,,7.634071516804397e-05,,,,
,5295,,4.0465085476171225e-05,,,,
,5296,,4.0465085476171225e-05,,,,
,5297,,2.2364745746017434e-05,,,,
,5298,,5.645758210448548e-05,,,,
,5299,,5.645758210448548e-05,,,,
,5300,,6.604807276744395e-05,,,,
,5301,,6.604807276744395e-05,,,,
,5302,,6.604807276744395e-05,,,,
,5303,,0.00010972435848088935,,,,
,5304,,9.780643267731648e-06,,,,
,5305,,9.570483234710991e-05,,,,
,5306,,9.570483234710991e-05,,,,
,5307,,0.0002538940170779824,,,,
,5308,,0.0010041040368378162,,,,
,5309,,0.0010041040368378162,,,,
,5310,,1.781243372533936e-05,,,,
,5311,,1.2720887752948329e-05,,,,
,5312,,1.2720887752948329e-05,,,,
,5313,,0.00021050425129942596,,,,
,5314,,2.3293810954783112e-05,,,,
,5315,,2.3293810954783112e-05,,,,
,5316,,1.8135671780328266e-05,,,,
,5317,,0.00018861435819417238,,,,
,5318,,0.00018861435819417238,,,,
,5319,,0.00020882311218883842,,,,
,5320,,0.00017519661923870444,,,,
,5321,,0.00017519661923870444,,,,
,5322,,5.6874814617913216e-05,,,,
,5323,,1.0580850357655436e-05,,,,
,5324,,0.0004000242333859205,,,,
,5325,,0.0004000242333859205,,,,
,5326,,0.0001666015014052391,,,,
,5327,,6.914044661243679e-06,,,,
,5328,,6.914044661243679e-06,,,,
,5329,,1.9525157767930068e-05,,,,
,5330,,2.1840449335286394e-05,,,,
,5331,,2.1840449335286394e-05,,,,
,5332,,0.00033459076075814664,,,,
,5333,,0.00033459076075814664,,,,
,5334,,0.00033459076075814664,,,,
,5335,,2.2237371013034135e-05,,,,
,5336,,0.0005461856490001082,,,,
,5337,,0.00015915562107693404,,,,
,5338,,0.0005461856490001082,,,,
,5339,,0.001076790620572865,,,,
,5340,,0.0023227825295180082,,,,
,5341,,0.0023227825295180082,,,,
,5342,,0.008057089522480965,,,,
,5343,,0.010321755893528461,,,,
,5344,,0.010321755893528461,,,,
,5345,,0.0018333730986341834,,,,
,5346,,7.447084499290213e-05,,,,
,5347,,7.447084499290213e-05,,,,
,5348,,0.031035559251904488,,,,
,5349,,3.504814958432689e-05,,,,
,5350,,0.00010476882016519085,,,,
,5351,,0.00010476882016519085,,,,
,5352,,7.506889960495755e-05,,,,
,5353,,0.00014041092072147876,,,,
,5354,,0.00014041092072147876,,,,
,5355,,1.160269312094897e-05,,,,
,5356,,0.0003273093607276678,,,,
,5357,,0.0003273093607276678,,,,
,5358,,0.000165498728165403,,,,
,5359,,1.1807003829744644e-05,,,,
,5360,,1.1807003829744644e-05,,,,
,5361,,1.5559120583930053e-05,,,,
,5362,,3.156997263431549e-05,,,,
,5363,,3.156997263431549e-05,,,,
,5364,,0.00045741270878352225,,,,
,5365,,0.0001365263742627576,,,,
,5366,,0.0001365263742627576,,,,
,5367,,0.0001365263742627576,,,,
,5368,,1.9435392459854484e-05,,,,
,5369,,0.00017287231457885355,,,,
,5370,,0.00017287231457885355,,,,
,5371,,0.0001817131560528651,,,,
,5372,,0.0005385504919104278,,,,
,5373,,0.0005385504919104278,,,,
,5374,,1.182961386803072e-05,,,,
,5375,,8.917781087802723e-06,,,,
,5376,,8.917781087802723e-06,,,,
,5377,,0.00012017045810353011,,,,
,5378,,2.515602136554662e-05,,,,
,5379,,2.515602136554662e-05,,,,
,5380,,6.65287152514793e-05,,,,
,5381,,1.5807998352102004e-05,,,,
,5382,,0.0002172526583308354,,,,
,5383,,0.0002172526583308354,,,,
,5384,,0.0002547883486840874,,,,
,5385,,0.0001778939476935193,,,,
,5386,,0.0001778939476935193,,,,
,5387,,2.2475707737612538e-05,,,,
,5388,,0.0008672591065987945,,,,
,5389,,0.00020999093248974532,,,,
,5390,,0.0008672591065987945,,,,
,5391,,0.0005915196961723268,,,,
,5392,,1.2419703125488013e-05,,,,
,5393,,1.2419703125488013e-05,,,,
,5394,,0.04098089039325714,,,,
,5395,,0.02674541249871254,,,,
,5396,,0.02674541249871254,,,,
,5397,,0.006587568670511246,,,,
,5398,,0.006587568670511246,,,,
,5399,,0.006587568670511246,,,,
,5400,,4.7866353270364925e-05,,,,
,5401,,0.0001839548203861341,,,,
,5402,,0.0001839548203861341,,,,
,5403,,4.862185596721247e-05,,,,
,5404,,0.0002978057600557804,,,,
,5405,,0.0002978057600557804,,,,
,5406,,9.525115274300333e-06,,,,
,5407,,3.2962230761768296e-05,,,,
,5408,,1.23344889289001e-05,,,,
,5409,,1.23344889289001e-05,,,,
,5410,,0.00010927032417384908,,,,
,5411,,3.310699321446009e-05,,,,
,5412,,3.310699321446009e-05,,,,
,5413,,1.1239518244110513e-05,,,,
,5414,,0.29518306255340576,,,,
,5415,,8.214131958084181e-05,,,,
,5416,,8.214131958084181e-05,,,,
,5417,,0.0002283878275193274,,,,
,5418,,0.00019761193834710866,,,,
,5419,,0.00019761193834710866,,,,
,5420,,1.1665222700685263e-05,,,,
,5421,,0.0005005361745133996,,,,
,5422,,0.0005005361745133996,,,,
,5423,,0.0001209965703310445,,,,
,5424,,4.523433017311618e-05,,,,
,5425,,1.1324505976517685e-05,,,,
,5426,,1.1324505976517685e-05,,,,
,5427,,2.5247023586416617e-05,,,,
,5428,,8.959973638411611e-05,,,,
,5429,,8.959973638411611e-05,,,,
,5430,,7.234686927404255e-05,,,,
,5431,,7.234686927404255e-05,,,,
,5432,,7.234686927404255e-05,,,,
,5433,,1.4020658454683144e-05,,,,
,5434,,3.8802136259619147e-05,,,,
,5435,,0.00024949037469923496,,,,
,5436,,0.00024949037469923496,,,,
,5437,,0.0003616583126131445,,,,
,5438,,0.000547469942830503,,,,
,5439,,0.000547469942830503,,,,
,5440,,1.6710891941329464e-05,,,,
,5441,,1.1250857824052218e-05,,,,
,5442,,1.1250857824052218e-05,,,,
,5443,,0.0005617118440568447,,,,
,5444,,4.8982707085087895e-05,,,,
,5445,,4.8982707085087895e-05,,,,
,5446,,0.05376705154776573,,,,
,5447,,0.0024232915602624416,,,,
,5448,,0.0024232915602624416,,,,
,5449,,0.0031958851031959057,,,,
,5450,,8.873880869941786e-05,,,,
,5451,,0.0012233370216563344,,,,
,5452,,0.0012233370216563344,,,,
,5453,,1.7363712686346844e-05,,,,
,5454,,0.00030052894726395607,,,,
,5455,,0.00030052894726395607,,,,
,5456,,4.593131961883046e-05,,,,
,5457,,0.00014328386168926954,,,,
,5458,,0.00014328386168926954,,,,
,5459,,8.565795724280179e-06,,,,
,5460,,2.0087769371457398e-05,,,,
,5461,,2.0087769371457398e-05,,,,
,5462,,0.00013578006473835558,,,,
,5463,,0.00013578006473835558,,,,
,5464,,0.00013578006473835558,,,,
,5465,,1.5626759704900905e-05,,,,
,5466,,0.0001333059772150591,,,,
,5467,,0.0001333059772150591,,,,
,5468,,2.925588887592312e-05,,,,
,5469,,0.00022923249343875796,,,,
,5470,,0.0012169508263468742,,,,
,5471,,0.0012169508263468742,,,,
,5472,,1.2896666703454684e-05,,,,
,5473,,8.93483684194507e-06,,,,
,5474,,8.93483684194507e-06,,,,
,5475,,0.0001420439366484061,,,,
,5476,,0.00025155392359010875,,,,
,5477,,2.9548758902819827e-05,,,,
,5478,,2.9548758902819827e-05,,,,
,5479,,1.8152819393435493e-05,,,,
,5480,,0.0001053011801559478,,,,
,5481,,0.0001053011801559478,,,,
,5482,,6.883228343212977e-05,,,,
,5483,,0.0001160785905085504,,,,
,5484,,0.0001160785905085504,,,,
,5485,,2.0087356460862793e-05,,,,
,5486,,0.0008645731722936034,,,,
,5487,,0.0008645731722936034,,,,
,5488,,0.00014621201262343675,,,,
,5489,,1.050146238412708e-05,,,,
,5490,,1.050146238412708e-05,,,,
,5491,,2.716858398343902e-05,,,,
,5492,,0.0002968597400467843,,,,
,5493,,3.601533535402268e-05,,,,
,5494,,3.601533535402268e-05,,,,
,5495,,0.000616495672147721,,,,
,5496,,0.000616495672147721,,,,
,5497,,0.000616495672147721,,,,
,5498,,0.02258368581533432,,,,
,5499,,0.00241775531321764,,,,
,5500,,0.00241775531321764,,,,
,5501,,0.0021283510141074657,,,,
,5502,,0.0023647041525691748,,,,
,5503,,0.0023647041525691748,,,,
,5504,,1.2567635167215485e-05,,,,
,5505,,1.2368846910248976e-05,,,,
,5506,,1.2368846910248976e-05,,,,
,5507,,4.777578578796238e-05,,,,
,5508,,0.00011405575787648559,,,,
,5509,,0.00011405575787648559,,,,
,5510,,7.027520496194484e-06,,,,
,5511,,0.012910015881061554,,,,
,5512,,6.041419692337513e-05,,,,
,5513,,6.041419692337513e-05,,,,
,5514,,0.00015351120964623988,,,,
,5515,,0.00011529785842867568,,,,
,5516,,0.00011529785842867568,,,,
,5517,,1.6733867596485652e-05,,,,
,5518,,0.0026450047735124826,,,,
,5519,,0.0009715374908410013,,,,
,5520,,0.0009715374908410013,,,,
,5521,,0.00022378072026185691,,,,
,5522,,7.265983185789082e-06,,,,
,5523,,7.265983185789082e-06,,,,
,5524,,1.3214483260526322e-05,,,,
,5525,,1.6790379959275015e-05,,,,
,5526,,1.6790379959275015e-05,,,,
,5527,,0.00017111563647631556,,,,
,5528,,0.00017111563647631556,,,,
,5529,,0.00017111563647631556,,,,
,5530,,1.532626811240334e-05,,,,
,5531,,0.000158135371748358,,,,
,5532,,0.000158135371748358,,,,
,5533,,0.00017227412899956107,,,,
,5534,,0.0006742207915522158,,,,
,5535,,0.0006742207915522158,,,,
,5536,,1.784589585440699e-05,,,,
,5537,,0.000816146086435765,,,,
,5538,,9.939632946043275e-06,,,,
,5539,,9.939632946043275e-06,,,,
,5540,,0.00015475793043151498,,,,
,5541,,2.4395618311245926e-05,,,,
,5542,,2.4395618311245926e-05,,,,
,5543,,1.9780794900725596e-05,,,,
,5544,,0.0007111903396435082,,,,
,5545,,0.0007111903396435082,,,,
,5546,,0.0005541482823900878,,,,
,5547,,0.0005304638762027025,,,,
,5548,,0.0005304638762027025,,,,
,5549,,0.07366801798343658,,,,
,5550,,0.01107574813067913,,,,
,5551,,0.01107574813067913,,,,
,5552,,0.002562984125688672,,,,
,5553,,4.9585352826397866e-05,,,,
,5554,,5.672498809872195e-05,,,,
,5555,,5.672498809872195e-05,,,,
,5556,,2.1893014491070062e-05,,,,
,5557,,9.913014946505427e-05,,,,
,5558,,9.913014946505427e-05,,,,
,5559,,5.375872933655046e-05,,,,
,5560,,5.375872933655046e-05,,,,
,5561,,5.375872933655046e-05,,,,
,5562,,9.411554856342264e-06,,,,
,5563,,8.250802056863904e-05,,,,
,5564,,8.250802056863904e-05,,,,
,5565,,0.00018537712458055466,,,,
,5566,,0.0011245682835578918,,,,
,5567,,0.0011245682835578918,,,,
,5568,,1.9196724679204635e-05,,,,
,5569,,1.1500549589982256e-05,,,,
,5570,,1.1500549589982256e-05,,,,
,5571,,0.00025681694387458265,,,,
,5585,13,,0.0020066173747181892,,,
,5585,13,,,0.017215676605701447,0.9420654773712158,0.9370276927947998
0.0028875358402729034,5586,14,,,,,
0.0012129424139857292,5587,14,,,,,
0.006650090217590332,5588,14,,,,,
0.001181338564492762,5589,14,,,,,
0.0034952645655721426,5590,14,,,,,
0.011741465888917446,5591,14,,,,,
0.06765420734882355,5592,14,,,,,
0.0022213230840861797,5593,14,,,,,
0.00321266520768404,5594,14,,,,,
0.00014465897402260453,5595,14,,,,,
0.00038917906931601465,5596,14,,,,,
0.00032427484984509647,5597,14,,,,,
0.002612778916954994,5598,14,,,,,
0.000237066691624932,5599,14,,,,,
0.015919987112283707,5600,14,,,,,
0.010404185391962528,5601,14,,,,,
0.011276984587311745,5602,14,,,,,
0.0004957708297297359,5603,14,,,,,
0.0021760803647339344,5604,14,,,,,
0.001538880867883563,5605,14,,,,,
0.0002706593368202448,5606,14,,,,,
0.0005797652411274612,5607,14,,,,,
0.0018421229906380177,5608,14,,,,,
0.001286576734855771,5609,14,,,,,
0.007126198150217533,5610,14,,,,,
0.0007572583854198456,5611,14,,,,,
0.006669985596090555,5612,14,,,,,
0.0010010995902121067,5613,14,,,,,
0.003018728457391262,5614,14,,,,,
0.0012864259770140052,5615,14,,,,,
0.00044831857667304575,5616,14,,,,,
0.027484236285090446,5617,14,,,,,
0.0013852993724867702,5618,14,,,,,
0.00013501990179065615,5619,14,,,,,
0.0005798611091449857,5620,14,,,,,
0.00018646343960426748,5621,14,,,,,
0.021992091089487076,5622,14,,,,,
0.0028430751990526915,5623,14,,,,,
0.016369521617889404,5624,14,,,,,
0.0012803561985492706,5625,14,,,,,
0.001998394262045622,5626,14,,,,,
0.002413171110674739,5627,14,,,,,
0.019580241292715073,5628,14,,,,,
0.0007655507070012391,5629,14,,,,,
0.01669308915734291,5630,14,,,,,
0.010190410539507866,5631,14,,,,,
0.010963731445372105,5632,14,,,,,
9.488206706009805e-05,5633,14,,,,,
6.358281098073348e-05,5634,14,,,,,
0.0003085432981606573,5635,14,,,,,
0.001532111898995936,5636,14,,,,,
0.001877353060990572,5637,14,,,,,
0.003694702172651887,5638,14,,,,,
0.00019109372806269675,5639,14,,,,,
0.0001309846993535757,5640,14,,,,,
0.00041912589222192764,5641,14,,,,,
0.005190005525946617,5642,14,,,,,
0.008339806459844112,5643,14,,,,,
1.522706588730216e-05,5644,14,,,,,
0.00012408460315782577,5645,14,,,,,
0.00014758743054699153,5646,14,,,,,
6.613866571569815e-05,5647,14,,,,,
0.0002611650270409882,5648,14,,,,,
0.14804641902446747,5649,14,,,,,
0.0004667040193453431,5650,14,,,,,
0.000134216999867931,5651,14,,,,,
0.0005653038388118148,5652,14,,,,,
0.001582822180353105,5653,14,,,,,
0.0010254691587761045,5654,14,,,,,
0.0005285621737129986,5655,14,,,,,
0.007697058841586113,5656,14,,,,,
0.08129657059907913,5657,14,,,,,
0.003036408219486475,5658,14,,,,,
0.04193422943353653,5659,14,,,,,
0.01526314951479435,5660,14,,,,,
0.0020390241406857967,5661,14,,,,,
0.007857142947614193,5662,14,,,,,
0.12193983793258667,5663,14,,,,,
0.008610024116933346,5664,14,,,,,
0.11611314862966537,5665,14,,,,,
0.5663586854934692,5666,14,,,,,
0.03352157399058342,5667,14,,,,,
0.15106788277626038,5668,14,,,,,
0.04687580466270447,5669,14,,,,,
0.02641054429113865,5670,14,,,,,
0.0008146160980686545,5671,14,,,,,
0.018223639577627182,5672,14,,,,,
0.009952125139534473,5673,14,,,,,
0.08187134563922882,5674,14,,,,,
0.0026091006584465504,5675,14,,,,,
0.0021175816655158997,5676,14,,,,,
0.02026923932135105,5677,14,,,,,
0.2717460095882416,5678,14,,,,,
0.0038555217906832695,5679,14,,,,,
0.0006571069243364036,5680,14,,,,,
0.04934149235486984,5681,14,,,,,
0.006771085783839226,5682,14,,,,,
0.00418824190273881,5683,14,,,,,
0.10796576738357544,5684,14,,,,,
0.05467185005545616,5685,14,,,,,
0.00834695529192686,5686,14,,,,,
0.011474790051579475,5687,14,,,,,
0.0013670105254277587,5688,14,,,,,
0.0009487072820775211,5689,14,,,,,
0.002302129054442048,5690,14,,,,,
0.002903279382735491,5691,14,,,,,
0.010318842716515064,5692,14,,,,,
0.0006578699685633183,5693,14,,,,,
0.004731676075607538,5694,14,,,,,
0.0005307623068802059,5695,14,,,,,
0.00425259955227375,5696,14,,,,,
0.0014614288229495287,5697,14,,,,,
0.007805895060300827,5698,14,,,,,
0.26199766993522644,5699,14,,,,,
0.0010089025599882007,5700,14,,,,,
0.004865108989179134,5701,14,,,,,
0.005102378316223621,5702,14,,,,,
0.029669588431715965,5703,14,,,,,
0.007157228421419859,5704,14,,,,,
0.002092532115057111,5705,14,,,,,
0.0008026168798096478,5706,14,,,,,
0.09029923379421234,5707,14,,,,,
0.08505398035049438,5708,14,,,,,
0.0007011000416241586,5709,14,,,,,
0.0030012279748916626,5710,14,,,,,
0.0016919985646381974,5711,14,,,,,
0.007246278692036867,5712,14,,,,,
0.0001082357921404764,5713,14,,,,,
0.0012731716269627213,5714,14,,,,,
0.0011082341661676764,5715,14,,,,,
0.0019982540979981422,5716,14,,,,,
0.12715047597885132,5717,14,,,,,
0.1966809332370758,5718,14,,,,,
0.024200523272156715,5719,14,,,,,
0.07142608612775803,5720,14,,,,,
0.0009078564471565187,5721,14,,,,,
0.0002876395301427692,5722,14,,,,,
0.0017629052745178342,5723,14,,,,,
0.0017634802497923374,5724,14,,,,,
0.023500753566622734,5725,14,,,,,
0.03422965854406357,5726,14,,,,,
0.0006611477001570165,5727,14,,,,,
0.0011278875172138214,5728,14,,,,,
0.0005690039834007621,5729,14,,,,,
0.00044367945520207286,5730,14,,,,,
0.0008166362531483173,5731,14,,,,,
0.012546928599476814,5732,14,,,,,
0.013265697285532951,5733,14,,,,,
0.0016824660124257207,5734,14,,,,,
0.0015988238155841827,5735,14,,,,,
0.001140219159424305,5736,14,,,,,
0.0027233536820858717,5737,14,,,,,
9.952185064321384e-05,5738,14,,,,,
0.00711856922134757,5739,14,,,,,
0.00013134171604178846,5740,14,,,,,
0.0028239511884748936,5741,14,,,,,
8.40551292640157e-05,5742,14,,,,,
0.0002441209799144417,5743,14,,,,,
0.00010309623758075759,5744,14,,,,,
8.933393837651238e-05,5745,14,,,,,
6.592256249859929e-05,5746,14,,,,,
0.05263366922736168,5747,14,,,,,
0.05776851251721382,5748,14,,,,,
0.0002779445785563439,5749,14,,,,,
0.0018406456802040339,5750,14,,,,,
0.004024447873234749,5751,14,,,,,
0.0004435948794707656,5752,14,,,,,
0.00020307477097958326,5753,14,,,,,
0.0037252975162118673,5754,14,,,,,
5.754961966886185e-05,5755,14,,,,,
0.008513891138136387,5756,14,,,,,
0.0035954024642705917,5757,14,,,,,
8.576606342103332e-05,5758,14,,,,,
0.033025968819856644,5759,14,,,,,
0.027988115325570107,5760,14,,,,,
0.00043523660860955715,5761,14,,,,,
0.18691836297512054,5762,14,,,,,
0.00034383186721242964,5763,14,,,,,
0.01631975546479225,5764,14,,,,,
0.004748138133436441,5765,14,,,,,
0.00776330754160881,5766,14,,,,,
0.00020130732445977628,5767,14,,,,,
0.00049606739776209,5768,14,,,,,
0.0003925597120542079,5769,14,,,,,
0.0006315624923445284,5770,14,,,,,
2.5934054065146483e-05,5771,14,,,,,
0.0023136406671255827,5772,14,,,,,
0.017448045313358307,5773,14,,,,,
9.749426681082696e-05,5774,14,,,,,
0.0008726861560717225,5775,14,,,,,
0.005110184196382761,5776,14,,,,,
0.23243987560272217,5777,14,,,,,
0.0005805960390716791,5778,14,,,,,
5.8803630963666365e-05,5779,14,,,,,
0.00011784803791670129,5780,14,,,,,
0.0015089594526216388,5781,14,,,,,
0.0010411851108074188,5782,14,,,,,
0.0011173657840117812,5783,14,,,,,
0.0007697382825426757,5784,14,,,,,
0.00253642862662673,5785,14,,,,,
0.0034272356424480677,5786,14,,,,,
0.002208141842857003,5787,14,,,,,
0.00015151500701904297,5788,14,,,,,
0.0002887244918383658,5789,14,,,,,
0.003519408404827118,5790,14,,,,,
0.0295991450548172,5791,14,,,,,
0.011225623078644276,5792,14,,,,,
0.0001797535369405523,5793,14,,,,,
0.00034780902205966413,5794,14,,,,,
0.0001481740764575079,5795,14,,,,,
0.005702904425561428,5796,14,,,,,
0.010520664043724537,5797,14,,,,,
4.59608381788712e-05,5798,14,,,,,
0.0003896809939760715,5799,14,,,,,
0.0006084811175242066,5800,14,,,,,
0.0004836743464693427,5801,14,,,,,
0.010910945944488049,5802,14,,,,,
0.0067816427908837795,5803,14,,,,,
0.0009038716088980436,5804,14,,,,,
0.0004371846735011786,5805,14,,,,,
0.0010457305470481515,5806,14,,,,,
0.009426344186067581,5807,14,,,,,
0.14616763591766357,5808,14,,,,,
0.00016335865075234324,5809,14,,,,,
0.013935903087258339,5810,14,,,,,
0.0008584573515690863,5811,14,,,,,
0.01181038562208414,5812,14,,,,,
0.0002576291444711387,5813,14,,,,,
0.004063181113451719,5814,14,,,,,
0.01912739872932434,5815,14,,,,,
0.0003476919373497367,5816,14,,,,,
0.010383005253970623,5817,14,,,,,
9.234477329300717e-05,5818,14,,,,,
0.10587158799171448,5819,14,,,,,
0.18328982591629028,5820,14,,,,,
0.00029368596733547747,5821,14,,,,,
0.051978230476379395,5822,14,,,,,
0.02099016308784485,5823,14,,,,,
0.0007584766135551035,5824,14,,,,,
0.008161716163158417,5825,14,,,,,
0.000647100736387074,5826,14,,,,,
0.0005857079522684216,5827,14,,,,,
0.04522806033492088,5828,14,,,,,
0.0009259426733478904,5829,14,,,,,
0.0001043665615725331,5830,14,,,,,
0.0001269821368623525,5831,14,,,,,
0.0006502448813989758,5832,14,,,,,
0.24703650176525116,5833,14,,,,,
0.0002252318663522601,5834,14,,,,,
0.022461730986833572,5835,14,,,,,
0.00012903570313937962,5836,14,,,,,
8.43539455672726e-05,5837,14,,,,,
0.0008944207220338285,5838,14,,,,,
4.5499145926442e-05,5839,14,,,,,
0.00013088875857647508,5840,14,,,,,
0.0018651715945452452,5841,14,,,,,
5.5887929192977026e-05,5842,14,,,,,
0.0003160474298056215,5843,14,,,,,
0.0038590042386204004,5844,14,,,,,
5.905854413867928e-05,5845,14,,,,,
0.00048349431017413735,5846,14,,,,,
0.002427436178550124,5847,14,,,,,
0.0001716131519060582,5848,14,,,,,
0.0004345980705693364,5849,14,,,,,
0.004005127586424351,5850,14,,,,,
0.0002417897485429421,5851,14,,,,,
0.013540612533688545,5852,14,,,,,
6.952906551305205e-05,5853,14,,,,,
0.00046736400690861046,5854,14,,,,,
0.0002144780446542427,5855,14,,,,,
0.0016825114144012332,5856,14,,,,,
0.015003886073827744,5857,14,,,,,
0.000374947558157146,5858,14,,,,,
0.09447580575942993,5859,14,,,,,
0.0014313140418380499,5860,14,,,,,
3.68841465387959e-05,5861,14,,,,,
6.976055010454729e-05,5862,14,,,,,
0.0027082818560302258,5863,14,,,,,
0.0004897435428574681,5864,14,,,,,
0.013448192737996578,5865,14,,,,,
1.6973748643067665e-05,5866,14,,,,,
0.00019214084022678435,5867,14,,,,,
8.131378126563504e-05,5868,14,,,,,
0.0005463521229103208,5869,14,,,,,
0.0002589499927125871,5870,14,,,,,
0.00034013253753073514,5871,14,,,,,
0.012074166908860207,5872,14,,,,,
0.0002673079143278301,5873,14,,,,,
0.0002646618813741952,5874,14,,,,,
0.0003424847964197397,5875,14,,,,,
3.517641016514972e-05,5876,14,,,,,
0.00027152610709890723,5877,14,,,,,
0.00017956570081878453,5878,14,,,,,
0.30714350938796997,5879,14,,,,,
0.0003041373274754733,5880,14,,,,,
0.0036600821185857058,5881,14,,,,,
0.02369762398302555,5882,14,,,,,
0.1627449095249176,5883,14,,,,,
0.00017732175183482468,5884,14,,,,,
0.01824590004980564,5885,14,,,,,
0.0025882346089929342,5886,14,,,,,
0.0004413420974742621,5887,14,,,,,
0.0011428844882175326,5888,14,,,,,
0.000985980499535799,5889,14,,,,,
0.0003395084058865905,5890,14,,,,,
0.00013073075388092548,5891,14,,,,,
2.5669101887615398e-05,5892,14,,,,,
0.0003006842453032732,5893,14,,,,,
0.0009860597783699632,5894,14,,,,,
0.04432716593146324,5895,14,,,,,
0.017194248735904694,5896,14,,,,,
0.0006727871368639171,5897,14,,,,,
0.08427757769823074,5898,14,,,,,
0.006120290607213974,5899,14,,,,,
0.023929817602038383,5900,14,,,,,
0.00011029434244846925,5901,14,,,,,
0.010650889948010445,5902,14,,,,,
0.0008733344729989767,5903,14,,,,,
0.0029737234581261873,5904,14,,,,,
0.00024590975954197347,5905,14,,,,,
0.16328254342079163,5906,14,,,,,
0.30265283584594727,5907,14,,,,,
0.006175978109240532,5908,14,,,,,
0.0003088155353907496,5909,14,,,,,
0.0007013672147877514,5910,14,,,,,
0.0006766341393813491,5911,14,,,,,
0.0006383038125932217,5912,14,,,,,
0.017302265390753746,5913,14,,,,,
0.005547558888792992,5914,14,,,,,
0.09620419889688492,5915,14,,,,,
0.013036984018981457,5916,14,,,,,
0.10682526975870132,5917,14,,,,,
0.007780161686241627,5918,14,,,,,
0.02162092924118042,5919,14,,,,,
0.0403408519923687,5920,14,,,,,
0.023083241656422615,5921,14,,,,,
0.0005758341867476702,5922,14,,,,,
0.0012119356542825699,5923,14,,,,,
0.027606504037976265,5924,14,,,,,
0.003640080103650689,5925,14,,,,,
0.06042107194662094,5926,14,,,,,
0.004900528118014336,5927,14,,,,,
0.003224204760044813,5928,14,,,,,
0.0023292899131774902,5929,14,,,,,
0.04359358921647072,5930,14,,,,,
0.002198390429839492,5931,14,,,,,
0.0020513201598078012,5932,14,,,,,
0.03438008949160576,5933,14,,,,,
0.002534210914745927,5934,14,,,,,
0.028341753408312798,5935,14,,,,,
0.0006631762371398509,5936,14,,,,,
0.009878952987492085,5937,14,,,,,
0.000311619252897799,5938,14,,,,,
0.00028778790147043765,5939,14,,,,,
0.009103345684707165,5940,14,,,,,
0.0023128692992031574,5941,14,,,,,
0.0007364666671492159,5942,14,,,,,
0.000502987764775753,5943,14,,,,,
0.00035566906444728374,5944,14,,,,,
0.015595899894833565,5945,14,,,,,
0.021077902987599373,5946,14,,,,,
0.0005016290815547109,5947,14,,,,,
4.19542811869178e-05,5948,14,,,,,
0.0044272723607718945,5949,14,,,,,
0.000930526468437165,5950,14,,,,,
0.29792290925979614,5951,14,,,,,
0.0008781247306615114,5952,14,,,,,
0.09791150689125061,5953,14,,,,,
0.00033824596903286874,5954,14,,,,,
0.003933534026145935,5955,14,,,,,
0.00179660867433995,5956,14,,,,,
0.05850159004330635,5957,14,,,,,
0.0013543682871386409,5958,14,,,,,
0.0365438386797905,5959,14,,,,,
0.007279048673808575,5960,14,,,,,
0.08274234086275101,5961,14,,,,,
0.16512243449687958,5962,14,,,,,
0.011276846751570702,5963,14,,,,,
0.0009233863092958927,5964,14,,,,,
0.014228463172912598,5965,14,,,,,
0.0023667451459914446,5966,14,,,,,
0.0003944501804653555,5967,14,,,,,
0.0001075159088941291,5968,14,,,,,
0.0018573575653135777,5969,14,,,,,
0.0030252181459218264,5970,14,,,,,
0.0009467910858802497,5971,14,,,,,
0.0013115762267261744,5972,14,,,,,
0.007616682443767786,5973,14,,,,,
0.0021888709161430597,5974,14,,,,,
0.00971391424536705,5975,14,,,,,
0.002722104312852025,5976,14,,,,,
0.00940758641809225,5977,14,,,,,
0.010187282226979733,5978,14,,,,,
0.00027632570709101856,5979,14,,,,,
0.1910915970802307,5980,14,,,,,
0.0018456151010468602,5981,14,,,,,
0.0001848941174102947,5982,14,,,,,
0.020641062408685684,5983,14,,,,,
0.00717678340151906,5984,14,,,,,
,5572,,0.003893537214025855,,,,
,5573,,0.00029714140691794455,,,,
,5574,,0.0008950466872192919,,,,
,5575,,0.0008950466872192919,,,,
,5576,,0.0008827003184705973,,,,
,5577,,0.0007365956553258002,,,,
,5578,,0.0007365956553258002,,,,
,5579,,0.0003989832475781441,,,,
,5580,,0.00027397420490160584,,,,
,5581,,0.00027397420490160584,,,,
,5582,,0.0015180449699983,,,,
,5583,,0.0027597497683018446,,,,
,5584,,0.0027597497683018446,,,,
,5585,,0.004194705281406641,,,,
,5586,,0.0069302720949053764,,,,
,5587,,0.0069302720949053764,,,,
,5588,,0.00021896226098760962,,,,
,5589,,0.0004586552968248725,,,,
,5590,,0.0004901502979919314,,,,
,5591,,0.0004901502979919314,,,,
,5592,,0.00017721863696351647,,,,
,5593,,0.00013851177936885506,,,,
,5594,,0.00013851177936885506,,,,
,5595,,8.307021926157176e-05,,,,
,5596,,6.355975347105414e-05,,,,
,5597,,6.355975347105414e-05,,,,
,5598,,0.0002321358333574608,,,,
,5599,,0.00019390525994822383,,,,
,5600,,0.00019390525994822383,,,,
,5601,,0.00035620565176941454,,,,
,5602,,0.00035620565176941454,,,,
,5603,,0.00035620565176941454,,,,
,5604,,0.00030965846963226795,,,,
,5605,,0.00023501459509134293,,,,
,5606,,0.00014240156451705843,,,,
,5607,,0.00014240156451705843,,,,
,5608,,0.00013357133138924837,,,,
,5609,,0.00017864567053038627,,,,
,5610,,0.00017864567053038627,,,,
,5611,,0.0004254564119037241,,,,
,5612,,0.0001942743983818218,,,,
,5613,,0.0001942743983818218,,,,
,5614,,0.00012479568249545991,,,,
,5615,,0.00014992753858678043,,,,
,5616,,0.0016061908099800348,,,,
,5617,,0.00014992753858678043,,,,
,5618,,0.00013015013246331364,,,,
,5619,,7.98372202552855e-05,,,,
,5620,,7.98372202552855e-05,,,,
,5621,,0.00017044029664248228,,,,
,5622,,0.00014140359417069703,,,,
,5623,,0.00014140359417069703,,,,
,5624,,0.0007927445112727582,,,,
,5625,,0.0004888041294179857,,,,
,5626,,0.0004888041294179857,,,,
,5627,,0.00020204200700391084,,,,
,5628,,0.00017940693942364305,,,,
,5629,,0.00017940693942364305,,,,
,5630,,0.00014437608479056507,,,,
,5631,,0.00010384378401795402,,,,
,5632,,0.0002208648802479729,,,,
,5633,,0.00010384378401795402,,,,
,5634,,0.0002785358519759029,,,,
,5635,,0.0002785358519759029,,,,
,5636,,0.0002785358519759029,,,,
,5637,,0.0051951175555586815,,,,
,5638,,0.017163652926683426,,,,
,5639,,0.017163652926683426,,,,
,5640,,0.0002932426577899605,,,,
,5641,,0.00031108493567444384,,,,
,5642,,0.00031108493567444384,,,,
,5643,,0.00020195527758914977,,,,
,5644,,0.00010834898421308026,,,,
,5645,,0.00010834898421308026,,,,
,5646,,9.477748244535178e-05,,,,
,5647,,0.00012294163752812892,,,,
,5648,,0.00012294163752812892,,,,
,5649,,0.0006004938040859997,,,,
,5650,,0.0002029136085184291,,,,
,5651,,0.00015872014046180993,,,,
,5652,,0.00015872014046180993,,,,
,5653,,0.0003588851832319051,,,,
,5654,,0.0003072170075029135,,,,
,5655,,0.0003072170075029135,,,,
,5656,,0.00022514745069202036,,,,
,5657,,0.0002975701936520636,,,,
,5658,,0.00019927576067857444,,,,
,5659,,0.00019927576067857444,,,,
,5660,,0.00013155931083019823,,,,
,5661,,0.00010010450205300003,,,,
,5662,,0.00010010450205300003,,,,
,5663,,0.0004138340591453016,,,,
,5664,,0.00032562861451879144,,,,
,5665,,0.00032562861451879144,,,,
,5666,,0.00013443549687508494,,,,
,5667,,0.00013443549687508494,,,,
,5668,,0.00013443549687508494,,,,
,5669,,0.00012877307017333806,,,,
,5670,,0.0005026457947678864,,,,
,5671,,0.0005026457947678864,,,,
,5672,,0.00014052522601559758,,,,
,5673,,0.0001693573867669329,,,,
,5674,,0.0001693573867669329,,,,
,5675,,0.0006947030778974295,,,,
,5676,,0.001107886084355414,,,,
,5677,,0.0003737585502676666,,,,
,5678,,0.0003737585502676666,,,,
,5679,,0.00022528004774358124,,,,
,5680,,0.00029343884671106935,,,,
,5681,,0.00029343884671106935,,,,
,5682,,0.0001499216305091977,,,,
,5683,,0.0001094925610232167,,,,
,5684,,0.0001094925610232167,,,,
,5685,,0.0003116302832495421,,,,
,5686,,0.0002079978003166616,,,,
,5687,,0.0002079978003166616,,,,
,5688,,0.0031260664109140635,,,,
,5689,,0.00444813072681427,,,,
,5690,,0.00444813072681427,,,,
,5691,,0.0003147459647152573,,,,
,5692,,0.0010048816911876202,,,,
,5693,,0.0002485305303707719,,,,
,5694,,0.0002485305303707719,,,,
,5695,,0.0002307020331500098,,,,
,5696,,0.00021594573627226055,,,,
,5697,,0.00021594573627226055,,,,
,5698,,9.960671013686806e-05,,,,
,5699,,9.960671013686806e-05,,,,
,5700,,9.960671013686806e-05,,,,
,5701,,0.002139077987521887,,,,
,5702,,0.00020825550018344074,,,,
,5703,,0.0001481143553974107,,,,
,5704,,0.0001481143553974107,,,,
,5705,,0.00035091975587420166,,,,
,5706,,0.0004994411137886345,,,,
,5707,,0.0004994411137886345,,,,
,5708,,0.00029209439526312053,,,,
,5709,,0.00015467347111552954,,,,
,5710,,0.00015467347111552954,,,,
,5711,,0.0001513906172476709,,,,
,5712,,0.0001855939335655421,,,,
,5713,,0.0001855939335655421,,,,
,5714,,0.00044468045234680176,,,,
,5715,,0.0003162259527016431,,,,
,5716,,0.0003162259527016431,,,,
,5717,,0.00014195518451742828,,,,
,5718,,0.00028263102285563946,,,,
,5719,,0.00028263102285563946,,,,
,5720,,0.00033574464032426476,,,,
,5721,,0.00017437568749301136,,,,
,5722,,0.00014123882283456624,,,,
,5723,,0.00014123882283456624,,,,
,5724,,0.00021542519971262664,,,,
,5725,,0.00021462899167090654,,,,
,5726,,0.00021462899167090654,,,,
,5727,,0.0012320417445152998,,,,
,5728,,0.0010630810866132379,,,,
,5729,,0.0010630810866132379,,,,
,5730,,0.00028502417262643576,,,,
,5731,,0.00028502417262643576,,,,
,5732,,0.00028502417262643576,,,,
,5733,,0.00018388584430795163,,,,
,5734,,0.00038848104304634035,,,,
,5735,,0.0021086453925818205,,,,
,5736,,0.00038848104304634035,,,,
,5737,,0.0004223874129820615,,,,
,5738,,0.0003977351589128375,,,,
,5739,,0.0003977351589128375,,,,
,5740,,0.03364543244242668,,,,
,5741,,0.0458698533475399,,,,
,5742,,0.0458698533475399,,,,
,5743,,0.00045772845624014735,,,,
,5744,,0.0006481067393906415,,,,
,5745,,0.0006481067393906415,,,,
,5746,,0.14772716164588928,,,,
,5747,,0.0001538579526823014,,,,
,5748,,0.00010700749407988042,,,,
,5749,,0.00010700749407988042,,,,
,5750,,0.00011803370580310002,,,,
,5751,,0.000885423447471112,,,,
,5752,,0.000885423447471112,,,,
,5753,,0.00011626982450252399,,,,
,5754,,0.00011646268103504553,,,,
,5755,,0.00011646268103504553,,,,
,5756,,0.00016855263675097376,,,,
,5757,,0.0001793277042452246,,,,
,5758,,0.0001793277042452246,,,,
,5759,,0.00013424703502096236,,,,
,5760,,0.00010834708518814296,,,,
,5761,,0.00010834708518814296,,,,
,5762,,0.0010807791259139776,,,,
,5763,,9.370030602440238e-05,,,,
,5764,,9.370030602440238e-05,,,,
,5765,,9.370030602440238e-05,,,,
,5766,,0.00022494721633847803,,,,
,5767,,0.0002255707368021831,,,,
,5768,,0.0002255707368021831,,,,
,5769,,0.00019183308177161962,,,,
,5770,,0.00027835165383294225,,,,
,5771,,0.00027835165383294225,,,,
,5772,,0.00014338231994770467,,,,
,5773,,0.00010758699500001967,,,,
,5774,,0.00010758699500001967,,,,
,5775,,9.08310612430796e-05,,,,
,5776,,0.0001353165425825864,,,,
,5777,,0.0001353165425825864,,,,
,5778,,0.00022928399266675115,,,,
,5779,,0.00043921053293161094,,,,
,5780,,0.00021845195442438126,,,,
,5781,,0.00021845195442438126,,,,
,5782,,0.00015728587459307164,,,,
,5783,,0.00035227101761847734,,,,
,5784,,0.00035227101761847734,,,,
,5785,,0.00017742742784321308,,,,
,5786,,0.0002330075076315552,,,,
,5787,,0.003543675411492586,,,,
,5788,,0.0002330075076315552,,,,
,5789,,0.00017597980331629515,,,,
,5790,,0.00018496873963158578,,,,
,5791,,0.00018496873963158578,,,,
,5792,,0.12053229659795761,,,,
,5793,,0.12508995831012726,,,,
,5794,,0.12508995831012726,,,,
,5795,,0.0005261899204924703,,,,
,5796,,0.0005261899204924703,,,,
,5797,,0.0005261899204924703,,,,
,5798,,0.00013126747217029333,,,,
,5799,,0.0004903242806904018,,,,
,5800,,0.0004903242806904018,,,,
,5801,,0.00010683434084057808,,,,
,5802,,0.00017279777966905385,,,,
,5803,,0.00017279777966905385,,,,
,5804,,7.44665230740793e-05,,,,
,5805,,0.00026494546909816563,,,,
,5806,,3.893660687026568e-05,,,,
,5807,,3.893660687026568e-05,,,,
,5808,,0.00010640428081387654,,,,
,5809,,0.000169081031344831,,,,
,5810,,0.000169081031344831,,,,
,5811,,9.677452908363193e-05,,,,
,5812,,0.048629969358444214,,,,
,5813,,5.961055285297334e-05,,,,
,5814,,5.961055285297334e-05,,,,
,5815,,6.800369737902656e-05,,,,
,5816,,0.00020672059326898307,,,,
,5817,,0.00020672059326898307,,,,
,5818,,0.00011331945279380307,,,,
,5819,,9.422394941793755e-05,,,,
,5820,,9.422394941793755e-05,,,,
,5821,,0.0001255897368537262,,,,
,5822,,0.00026406379765830934,,,,
,5823,,0.00011041925608878955,,,,
,5824,,0.00011041925608878955,,,,
,5825,,0.000328263733536005,,,,
,5826,,0.0007749501382932067,,,,
,5827,,0.0007749501382932067,,,,
,5828,,7.030605047475547e-05,,,,
,5829,,7.030605047475547e-05,,,,
,5830,,7.030605047475547e-05,,,,
,5831,,0.0002869410964194685,,,,
,5832,,0.00021413560898508877,,,,
,5833,,0.00023792384308762848,,,,
,5834,,0.00023792384308762848,,,,
,5835,,0.00018624406948219985,,,,
,5836,,0.0002088792680297047,,,,
,5837,,0.0002088792680297047,,,,
,5838,,0.0002510511258151382,,,,
,5839,,0.0002671873662620783,,,,
,5840,,0.0002671873662620783,,,,
,5841,,0.00012042671005474404,,,,
,5842,,0.0001999031810555607,,,,
,5843,,0.0001999031810555607,,,,
,5844,,0.038939304649829865,,,,
,5845,,0.06499379873275757,,,,
,5846,,0.06499379873275757,,,,
,5847,,0.0002316874306416139,,,,
,5848,,0.002203341107815504,,,,
,5849,,0.0009235337493009865,,,,
,5850,,0.0009235337493009865,,,,
,5851,,0.00016897359455469996,,,,
,5852,,9.38214870984666e-05,,,,
,5853,,9.38214870984666e-05,,,,
,5854,,7.670032937312499e-05,,,,
,5855,,7.02048055245541e-05,,,,
,5856,,7.02048055245541e-05,,,,
,5857,,0.00019030191469937563,,,,
,5858,,0.00015097246796358377,,,,
,5859,,0.00015097246796358377,,,,
,5860,,0.0002726154634729028,,,,
,5861,,0.0002726154634729028,,,,
,5862,,0.0002726154634729028,,,,
,5863,,0.0002993802190758288,,,,
,5864,,0.0001259198470506817,,,,
,5865,,0.0001259198470506817,,,,
,5866,,0.011416496708989143,,,,
,5867,,0.00012427051842678338,,,,
,5868,,0.00014500737597700208,,,,
,5869,,0.00014500737597700208,,,,
,5870,,0.0003671036974992603,,,,
,5871,,0.00015918153803795576,,,,
,5872,,0.00015918153803795576,,,,
,5873,,9.386882447870448e-05,,,,
,5874,,0.0001939920475706458,,,,
,5875,,0.00012616066669579595,,,,
,5876,,0.00012616066669579595,,,,
,5877,,0.00017896370263770223,,,,
,5878,,0.00017188728088513017,,,,
,5879,,0.00017188728088513017,,,,
,5880,,9.730246529215947e-05,,,,
,5881,,0.00012388182221911848,,,,
,5882,,0.00012388182221911848,,,,
,5883,,0.0007536538178101182,,,,
,5884,,0.0003812855575233698,,,,
,5885,,0.0003812855575233698,,,,
,5886,,0.00011271434050286189,,,,
,5887,,0.0001095146217267029,,,,
,5888,,0.0001095146217267029,,,,
,5889,,0.00018342045950703323,,,,
,5890,,0.001875619636848569,,,,
,5891,,0.00021980341989547014,,,,
,5892,,0.00021980341989547014,,,,
,5893,,0.0003040910232812166,,,,
,5894,,0.0003040910232812166,,,,
,5895,,0.0003040910232812166,,,,
,5896,,0.025821058079600334,,,,
,5897,,0.05550345778465271,,,,
,5898,,0.05550345778465271,,,,
,5899,,0.00020213703101035208,,,,
,5900,,0.00020709102682303637,,,,
,5901,,0.00020709102682303637,,,,
,5902,,0.00013948313426226377,,,,
,5903,,5.909782703383826e-05,,,,
,5904,,5.909782703383826e-05,,,,
,5905,,7.861058111302555e-05,,,,
,5906,,0.0001069968129741028,,,,
,5907,,0.0001069968129741028,,,,
,5908,,0.00015336013166233897,,,,
,5909,,0.0011098399991169572,,,,
,5910,,0.00010031908459495753,,,,
,5911,,0.00010031908459495753,,,,
,5912,,0.00029005834949202836,,,,
,5913,,0.00019907194655388594,,,,
,5914,,0.00019907194655388594,,,,
,5915,,0.00023038734798319638,,,,
,5916,,0.0006575033185072243,,,,
,5917,,0.0001652978389756754,,,,
,5918,,0.0001652978389756754,,,,
,5919,,0.00012125759531045333,,,,
,5920,,9.243780368706211e-05,,,,
,5921,,9.243780368706211e-05,,,,
,5922,,0.0002814377367030829,,,,
,5923,,0.00020533583301585168,,,,
,5924,,0.00020533583301585168,,,,
,5925,,9.228203998645768e-05,,,,
,5926,,9.228203998645768e-05,,,,
,5927,,9.228203998645768e-05,,,,
,5928,,0.00016278780822176486,,,,
,5929,,0.001466891961172223,,,,
,5930,,0.001466891961172223,,,,
,5931,,0.00020514859352260828,,,,
,5932,,0.00025228015147149563,,,,
,5933,,0.00025228015147149563,,,,
,5934,,0.0005195337580516934,,,,
,5935,,0.00041521023376844823,,,,
,5936,,0.0002691192494239658,,,,
,5937,,0.0002691192494239658,,,,
,5938,,0.0001278409326914698,,,,
,5939,,0.00021101995662320405,,,,
,5940,,0.00021101995662320405,,,,
,5941,,0.00016376361600123346,,,,
,5942,,0.0001401644985890016,,,,
,5943,,0.0001401644985890016,,,,
,5944,,0.00029212856316007674,,,,
,5945,,0.0002212774270446971,,,,
,5946,,0.0002212774270446971,,,,
,5947,,0.07853402942419052,,,,
,5948,,0.10422211140394211,,,,
,5949,,0.10422211140394211,,,,
,5950,,0.0004349806113168597,,,,
,5951,,0.0005195229314267635,,,,
,5952,,0.0003452406090218574,,,,
,5953,,0.0003452406090218574,,,,
,5954,,0.00015591665578540415,,,,
,5955,,0.00016017959569580853,,,,
,5956,,0.00016017959569580853,,,,
,5957,,7.796149293426424e-05,,,,
,5958,,7.796149293426424e-05,,,,
,5959,,7.796149293426424e-05,,,,
,5960,,0.0001412740530213341,,,,
,5961,,0.00013252087228465825,,,,
,5962,,0.00013252087228465825,,,,
,5963,,0.00023890819284133613,,,,
,5964,,0.00029255717527121305,,,,
,5965,,0.00029255717527121305,,,,
,5966,,0.0001768273359630257,,,,
,5967,,7.295022078324109e-05,,,,
,5968,,7.295022078324109e-05,,,,
,5969,,8.71896991156973e-05,,,,
,5984,14,,0.0037303976714611053,,,
,5984,14,,,0.020405538380146027,0.8992443084716797,0.8992443084716797
0.002836095867678523,5985,15,,,,,
0.03436609357595444,5986,15,,,,,
0.017294952645897865,5987,15,,,,,
0.0038713400717824697,5988,15,,,,,
0.046043358743190765,5989,15,,,,,
0.0001639131805859506,5990,15,,,,,
0.00028252811171114445,5991,15,,,,,
0.03506540507078171,5992,15,,,,,
0.007960530929267406,5993,15,,,,,
0.030886618420481682,5994,15,,,,,
0.0011145947501063347,5995,15,,,,,
0.00589359924197197,5996,15,,,,,
0.06210833415389061,5997,15,,,,,
0.0512726865708828,5998,15,,,,,
0.0004652807838283479,5999,15,,,,,
0.0004415264702402055,6000,15,,,,,
0.0046897996217012405,6001,15,,,,,
0.0024673030711710453,6002,15,,,,,
0.01603182591497898,6003,15,,,,,
0.023614851757884026,6004,15,,,,,
0.03643067926168442,6005,15,,,,,
0.0007457963656634092,6006,15,,,,,
0.004450266249477863,6007,15,,,,,
0.0034665756393224,6008,15,,,,,
0.0017733314307406545,6009,15,,,,,
0.21207283437252045,6010,15,,,,,
0.00021094066323712468,6011,15,,,,,
0.11228899657726288,6012,15,,,,,
0.08288668096065521,6013,15,,,,,
0.0003884334582835436,6014,15,,,,,
0.0004609011230058968,6015,15,,,,,
0.0010461924830451608,6016,15,,,,,
0.0005903146811760962,6017,15,,,,,
0.004215550608932972,6018,15,,,,,
0.038318607956171036,6019,15,,,,,
0.00832716841250658,6020,15,,,,,
0.00047851851559244096,6021,15,,,,,
0.004568162374198437,6022,15,,,,,
0.015183137729763985,6023,15,,,,,
0.000282182329101488,6024,15,,,,,
0.0003249717119615525,6025,15,,,,,
0.001746495021507144,6026,15,,,,,
0.0013282608706504107,6027,15,,,,,
0.47060370445251465,6028,15,,,,,
0.10227403044700623,6029,15,,,,,
0.004164664540439844,6030,15,,,,,
0.044741563498973846,6031,15,,,,,
0.049534089863300323,6032,15,,,,,
0.019443970173597336,6033,15,,,,,
0.00867237988859415,6034,15,,,,,
0.12758158147335052,6035,15,,,,,
0.059834860265254974,6036,15,,,,,
0.002762365620583296,6037,15,,,,,
0.01260609645396471,6038,15,,,,,
0.004728642292320728,6039,15,,,,,
0.008573322556912899,6040,15,,,,,
0.0018416614038869739,6041,15,,,,,
0.04554715007543564,6042,15,,,,,
0.003181854961439967,6043,15,,,,,
0.23766329884529114,6044,15,,,,,
0.00039905961602926254,6045,15,,,,,
0.033062394708395004,6046,15,,,,,
0.0003318031376693398,6047,15,,,,,
0.02912360057234764,6048,15,,,,,
0.00039252577698789537,6049,15,,,,,
0.000590669282246381,6050,15,,,,,
0.009354045614600182,6051,15,,,,,
0.00594356469810009,6052,15,,,,,
0.0007427436066791415,6053,15,,,,,
0.007066498510539532,6054,15,,,,,
0.0009060570155270398,6055,15,,,,,
0.035471972078084946,6056,15,,,,,
0.06922973692417145,6057,15,,,,,
0.0020613318774849176,6058,15,,,,,
0.0007966615376062691,6059,15,,,,,
0.0006670975126326084,6060,15,,,,,
0.00045006643631495535,6061,15,,,,,
0.0006439095595851541,6062,15,,,,,
0.0006924955523572862,6063,15,,,,,
0.001536631491035223,6064,15,,,,,
0.0011562325526028872,6065,15,,,,,
0.0007829975220374763,6066,15,,,,,
0.002280455082654953,6067,15,,,,,
0.00030001538107171655,6068,15,,,,,
0.0009325047140009701,6069,15,,,,,
0.0013428310630843043,6070,15,,,,,
0.006762833800166845,6071,15,,,,,
0.0018468538764864206,6072,15,,,,,
0.22123666107654572,6073,15,,,,,
0.00034877046709880233,6074,15,,,,,
0.0014545838348567486,6075,15,,,,,
0.006705340929329395,6076,15,,,,,
0.000727128644939512,6077,15,,,,,
0.0017050961032509804,6078,15,,,,,
0.01075746864080429,6079,15,,,,,
0.0011169802164658904,6080,15,,,,,
0.023843200877308846,6081,15,,,,,
0.03716440871357918,6082,15,,,,,
0.0008870406891219318,6083,15,,,,,
0.004397314507514238,6084,15,,,,,
0.0007999191875569522,6085,15,,,,,
0.01230830792337656,6086,15,,,,,
0.00044625229202210903,6087,15,,,,,
0.00040697676013223827,6088,15,,,,,
0.00024159874010365456,6089,15,,,,,
0.031880155205726624,6090,15,,,,,
0.008110967464745045,6091,15,,,,,
0.011142854578793049,6092,15,,,,,
0.0077606686390936375,6093,15,,,,,
0.0001895394962048158,6094,15,,,,,
0.0009224520181305707,6095,15,,,,,
0.00029035090119577944,6096,15,,,,,
0.00047609047032892704,6097,15,,,,,
0.0057566165924072266,6098,15,,,,,
0.0005592579836957157,6099,15,,,,,
0.015439736656844616,6100,15,,,,,
0.0011040427489206195,6101,15,,,,,
0.0003686473937705159,6102,15,,,,,
0.00129815808031708,6103,15,,,,,
0.00038181018317118287,6104,15,,,,,
0.000859357591252774,6105,15,,,,,
0.00019765290198847651,6106,15,,,,,
0.003391292179003358,6107,15,,,,,
0.0010076757753267884,6108,15,,,,,
0.06422512233257294,6109,15,,,,,
0.0004258227127138525,6110,15,,,,,
0.00017970571934711188,6111,15,,,,,
0.00016170529124792665,6112,15,,,,,
0.0009222986991517246,6113,15,,,,,
0.0008179442374967039,6114,15,,,,,
0.0014430632581934333,6115,15,,,,,
0.00030430342303588986,6116,15,,,,,
0.09086114168167114,6117,15,,,,,
0.0011966369347646832,6118,15,,,,,
0.05063197761774063,6119,15,,,,,
0.00038838907494209707,6120,15,,,,,
0.00012770533794537187,6121,15,,,,,
0.0003488190704956651,6122,15,,,,,
0.0007393464911729097,6123,15,,,,,
0.0001293130189878866,6124,15,,,,,
0.00024380491231568158,6125,15,,,,,
0.0003580966149456799,6126,15,,,,,
0.0013371198438107967,6127,15,,,,,
0.0021038346458226442,6128,15,,,,,
0.003233665134757757,6129,15,,,,,
0.009731018915772438,6130,15,,,,,
0.006914297118782997,6131,15,,,,,
0.0016565502155572176,6132,15,,,,,
0.0007118910434655845,6133,15,,,,,
0.000500258756801486,6134,15,,,,,
0.012898780405521393,6135,15,,,,,
0.0028535528108477592,6136,15,,,,,
0.000517904874868691,6137,15,,,,,
0.00027376264915801585,6138,15,,,,,
0.0002984769525937736,6139,15,,,,,
0.0008782253134995699,6140,15,,,,,
0.003350644139572978,6141,15,,,,,
0.0019128945423290133,6142,15,,,,,
0.0012356815859675407,6143,15,,,,,
0.00410728994756937,6144,15,,,,,
0.01023788657039404,6145,15,,,,,
0.00833003781735897,6146,15,,,,,
0.0003279692609794438,6147,15,,,,,
0.0070588355883955956,6148,15,,,,,
0.0001982805406441912,6149,15,,,,,
0.003450071671977639,6150,15,,,,,
0.00034444633638486266,6151,15,,,,,
0.00017784042574930936,6152,15,,,,,
0.008490525186061859,6153,15,,,,,
0.008846591226756573,6154,15,,,,,
0.00019898629398085177,6155,15,,,,,
0.00011734148574760184,6156,15,,,,,
0.0007339692674577236,6157,15,,,,,
0.0003609925042837858,6158,15,,,,,
0.23130828142166138,6159,15,,,,,
0.0004899263149127364,6160,15,,,,,
0.0027749952860176563,6161,15,,,,,
0.0018940117442980409,6162,15,,,,,
0.00046491107787005603,6163,15,,,,,
0.0007633507484570146,6164,15,,,,,
0.00025117743643932045,6165,15,,,,,
0.004544634837657213,6166,15,,,,,
0.004608838818967342,6167,15,,,,,
5.593879905063659e-05,6168,15,,,,,
0.0025637897197157145,6169,15,,,,,
0.004928370472043753,6170,15,,,,,
0.0015431788051500916,6171,15,,,,,
0.00041141078690998256,6172,15,,,,,
0.0007793232798576355,6173,15,,,,,
0.00040449772495776415,6174,15,,,,,
0.00010386413487140089,6175,15,,,,,
0.0015219185734167695,6176,15,,,,,
0.004902078304439783,6177,15,,,,,
0.0002634445845615119,6178,15,,,,,
0.0002467276353854686,6179,15,,,,,
4.466237805900164e-05,6180,15,,,,,
0.0003446664195507765,6181,15,,,,,
0.0003902421740349382,6182,15,,,,,
0.0001338217844022438,6183,15,,,,,
0.0007384374039247632,6184,15,,,,,
0.011124049313366413,6185,15,,,,,
2.1564475900959224e-05,6186,15,,,,,
0.00018466303299646825,6187,15,,,,,
0.00011129922495456412,6188,15,,,,,
0.008316151797771454,6189,15,,,,,
0.03760029375553131,6190,15,,,,,
0.003299737349152565,6191,15,,,,,
0.00010024482617154717,6192,15,,,,,
0.027363542467355728,6193,15,,,,,
0.001508914865553379,6194,15,,,,,
0.0013678078539669514,6195,15,,,,,
0.0022608826402574778,6196,15,,,,,
0.0034320931881666183,6197,15,,,,,
0.0029697937425225973,6198,15,,,,,
0.14418013393878937,6199,15,,,,,
0.0002531069330871105,6200,15,,,,,
0.0038521871902048588,6201,15,,,,,
0.0007577878423035145,6202,15,,,,,
0.009729520417749882,6203,15,,,,,
0.0002269137039547786,6204,15,,,,,
0.000481536058941856,6205,15,,,,,
0.0023294941056519747,6206,15,,,,,
0.033043134957551956,6207,15,,,,,
0.008350101299583912,6208,15,,,,,
0.0002532377257011831,6209,15,,,,,
0.00021728868887294084,6210,15,,,,,
0.00010499366180738434,6211,15,,,,,
0.00014252722030505538,6212,15,,,,,
0.023136937990784645,6213,15,,,,,
0.0008164900355041027,6214,15,,,,,
0.00019657544908113778,6215,15,,,,,
0.000235674437135458,6216,15,,,,,
0.00026490059099160135,6217,15,,,,,
0.0003220095532014966,6218,15,,,,,
0.00013183247938286513,6219,15,,,,,
0.0011423389660194516,6220,15,,,,,
1.8334720152779482e-05,6221,15,,,,,
6.584737275261432e-05,6222,15,,,,,
0.0003745216235984117,6223,15,,,,,
0.000398066797060892,6224,15,,,,,
3.257807475165464e-05,6225,15,,,,,
0.004446466453373432,6226,15,,,,,
0.00022036171867512167,6227,15,,,,,
5.195686753722839e-05,6228,15,,,,,
3.751429176190868e-05,6229,15,,,,,
1.335070646746317e-05,6230,15,,,,,
0.003267361083999276,6231,15,,,,,
0.11193446815013885,6232,15,,,,,
0.00018295847985427827,6233,15,,,,,
0.00015800174151081592,6234,15,,,,,
3.61330749001354e-05,6235,15,,,,,
0.007200239691883326,6236,15,,,,,
0.002147806342691183,6237,15,,,,,
0.00010766963532660156,6238,15,,,,,
0.009844211861491203,6239,15,,,,,
0.0014131031930446625,6240,15,,,,,
4.737242761621019e-06,6241,15,,,,,
0.00016131160373333842,6242,15,,,,,
0.00030335746123455465,6243,15,,,,,
5.760224667028524e-05,6244,15,,,,,
0.002257638843730092,6245,15,,,,,
0.00024602562189102173,6246,15,,,,,
0.00020856934133917093,6247,15,,,,,
0.013936598785221577,6248,15,,,,,
0.04111048951745033,6249,15,,,,,
1.0355512131354772e-05,6250,15,,,,,
0.00012157756282249466,6251,15,,,,,
4.6558510803151876e-05,6252,15,,,,,
0.0011183760361745954,6253,15,,,,,
0.003427863586694002,6254,15,,,,,
0.00017023904365487397,6255,15,,,,,
0.00026990464539267123,6256,15,,,,,
8.80058723851107e-05,6257,15,,,,,
0.0050999559462070465,6258,15,,,,,
0.00010049901902675629,6259,15,,,,,
2.3611813958268613e-05,6260,15,,,,,
0.00017820144421420991,6261,15,,,,,
1.874927147582639e-05,6262,15,,,,,
0.0008771966095082462,6263,15,,,,,
0.000489266007207334,6264,15,,,,,
0.009968002326786518,6265,15,,,,,
0.00019066559616476297,6266,15,,,,,
9.407021934748627e-06,6267,15,,,,,
0.0004111814487259835,6268,15,,,,,
0.002377317985519767,6269,15,,,,,
0.00010787261271616444,6270,15,,,,,
0.0015423907898366451,6271,15,,,,,
0.0003065058554057032,6272,15,,,,,
0.0009715231717564166,6273,15,,,,,
9.15623240871355e-06,6274,15,,,,,
0.00010086536349263042,6275,15,,,,,
0.003135852050036192,6276,15,,,,,
1.9003970010089688e-05,6277,15,,,,,
0.013913051225244999,6278,15,,,,,
0.00011764745431719348,6279,15,,,,,
6.0654601838905364e-05,6280,15,,,,,
3.6003646528115496e-05,6281,15,,,,,
4.954442192683928e-05,6282,15,,,,,
0.012681596912443638,6283,15,,,,,
0.00013762614980805665,6284,15,,,,,
0.0002954650844912976,6285,15,,,,,
0.002533719642087817,6286,15,,,,,
6.0383306845324114e-05,6287,15,,,,,
0.05548567324876785,6288,15,,,,,
0.00036274499143473804,6289,15,,,,,
1.996386345126666e-05,6290,15,,,,,
1.0989728252752684e-05,6291,15,,,,,
1.649580917728599e-05,6292,15,,,,,
0.0002793025632854551,6293,15,,,,,
1.8517555872676894e-05,6294,15,,,,,
7.735428516753018e-05,6295,15,,,,,
0.00013394057168625295,6296,15,,,,,
0.0002844487607944757,6297,15,,,,,
0.00026104284916073084,6298,15,,,,,
0.00023716522264294326,6299,15,,,,,
0.0009389814222231507,6300,15,,,,,
0.0007582031539641321,6301,15,,,,,
0.0013260884443297982,6302,15,,,,,
0.00012620569032151252,6303,15,,,,,
0.0001025585806928575,6304,15,,,,,
8.18536318547558e-06,6305,15,,,,,
0.0004913251614198089,6306,15,,,,,
0.0016097775660455227,6307,15,,,,,
9.921591117745265e-05,6308,15,,,,,
4.1281335143139586e-05,6309,15,,,,,
0.006017396226525307,6310,15,,,,,
3.2977655791910365e-05,6311,15,,,,,
3.0600895115640014e-05,6312,15,,,,,
0.0039039049297571182,6313,15,,,,,
8.395260374527425e-05,6314,15,,,,,
0.00017025251872837543,6315,15,,,,,
0.0001031652427627705,6316,15,,,,,
0.003311387961730361,6317,15,,,,,
6.970766844460741e-05,6318,15,,,,,
0.0009291610331274569,6319,15,,,,,
1.8385251678409986e-05,6320,15,,,,,
0.00011566802277229726,6321,15,,,,,
1.170785071735736e-05,6322,15,,,,,
0.034348711371421814,6323,15,,,,,
2.2137435735203326e-05,6324,15,,,,,
3.35867480316665e-05,6325,15,,,,,
0.0002167809579987079,6326,15,,,,,
0.00047804071800783277,6327,15,,,,,
0.012073123827576637,6328,15,,,,,
6.948602822376415e-05,6329,15,,,,,
1.9605988200055435e-05,6330,15,,,,,
8.430056186625734e-05,6331,15,,,,,
4.094613541383296e-05,6332,15,,,,,
0.00029324545175768435,6333,15,,,,,
0.00012803445861209184,6334,15,,,,,
0.00011393347813282162,6335,15,,,,,
4.12529734603595e-05,6336,15,,,,,
8.469181921100244e-06,6337,15,,,,,
1.642246570554562e-05,6338,15,,,,,
0.00011088744940934703,6339,15,,,,,
0.11871301382780075,6340,15,,,,,
0.00012184904335299507,6341,15,,,,,
6.071731695556082e-05,6342,15,,,,,
0.00023243257601279765,6343,15,,,,,
4.473677836358547e-05,6344,15,,,,,
0.00016892234270926565,6345,15,,,,,
0.0003261245437897742,6346,15,,,,,
4.61812196590472e-05,6347,15,,,,,
0.00812082551419735,6348,15,,,,,
0.0002598349819891155,6349,15,,,,,
0.006402203347533941,6350,15,,,,,
0.0004251816717442125,6351,15,,,,,
9.200001659337431e-05,6352,15,,,,,
0.0005052512278780341,6353,15,,,,,
0.0012909371871501207,6354,15,,,,,
6.652523734373972e-05,6355,15,,,,,
0.00016053234867285937,6356,15,,,,,
0.0027959824074059725,6357,15,,,,,
0.0009937904542312026,6358,15,,,,,
2.5439530872972682e-05,6359,15,,,,,
8.066574082477018e-05,6360,15,,,,,
0.00025019823806360364,6361,15,,,,,
6.48018904030323e-05,6362,15,,,,,
0.1248273029923439,6363,15,,,,,
0.00011187812924617901,6364,15,,,,,
2.1885956812184304e-05,6365,15,,,,,
0.00022981666552368551,6366,15,,,,,
1.1039484888897277e-05,6367,15,,,,,
4.076474942849018e-05,6368,15,,,,,
7.929489947855473e-05,6369,15,,,,,
1.4947074305382557e-05,6370,15,,,,,
5.829637302667834e-06,6371,15,,,,,
0.002159764990210533,6372,15,,,,,
1.0717218174249865e-05,6373,15,,,,,
0.0014470653841271996,6374,15,,,,,
0.0002537430846132338,6375,15,,,,,
6.530492100864649e-06,6376,15,,,,,
0.004852195270359516,6377,15,,,,,
5.7341141655342653e-05,6378,15,,,,,
0.00046717197983525693,6379,15,,,,,
7.940818613860756e-05,6380,15,,,,,
0.0022807358764111996,6381,15,,,,,
0.00991110224276781,6382,15,,,,,
9.674656030256301e-05,6383,15,,,,,
,5970,,2.440950765958405e-07,,,,
,5971,,1.6419939129264094e-05,,,,
,5972,,5.442157089419197e-07,,,,
,5973,,5.442157089419197e-07,,,,
,5974,,3.7835968669241993e-07,,,,
,5975,,5.649475838254148e-07,,,,
,5976,,5.649475838254148e-07,,,,
,5977,,7.379589987976942e-07,,,,
,5978,,5.67661572858924e-07,,,,
,5979,,5.67661572858924e-07,,,,
,5980,,3.057975561659987e-07,,,,
,5981,,2.1003532424401783e-07,,,,
,5982,,2.1003532424401783e-07,,,,
,5983,,0.010949543677270412,,,,
,5984,,0.00108260044362396,,,,
,5985,,0.00108260044362396,,,,
,5986,,6.737909075127391e-07,,,,
,5987,,1.8269951397087425e-05,,,,
,5988,,3.42587895829638e-06,,,,
,5989,,3.42587895829638e-06,,,,
,5990,,2.5544835580149083e-07,,,,
,5991,,3.42078635640064e-07,,,,
,5992,,3.42078635640064e-07,,,,
,5993,,2.5396747105332906e-07,,,,
,5994,,2.327418116010449e-07,,,,
,5995,,2.327418116010449e-07,,,,
,5996,,1.9868208767093165e-07,,,,
,5997,,2.61124995404316e-07,,,,
,5998,,2.61124995404316e-07,,,,
,5999,,3.213465902263124e-07,,,,
,6000,,3.213465902263124e-07,,,,
,6001,,3.213465902263124e-07,,,,
,6002,,2.668016634288506e-07,,,,
,6003,,2.5339815692859702e-05,,,,
,6004,,4.042747150379e-07,,,,
,6005,,4.042747150379e-07,,,,
,6006,,3.472616185717925e-07,,,,
,6007,,4.0945766954791907e-07,,,,
,6008,,4.0945766954791907e-07,,,,
,6009,,4.087169713784533e-07,,,,
,6010,,5.336022468327428e-07,,,,
,6011,,5.336022468327428e-07,,,,
,6012,,4.4055570924683707e-07,,,,
,6013,,3.519510300975526e-07,,,,
,6014,,4.484259261516854e-05,,,,
,6015,,3.519510300975526e-07,,,,
,6016,,3.178911924806016e-07,,,,
,6017,,4.3537258420656144e-07,,,,
,6018,,4.3537258420656144e-07,,,,
,6019,,2.695164482702239e-07,,,,
,6020,,3.1098051067601773e-07,,,,
,6021,,3.1098051067601773e-07,,,,
,6022,,1.6462230689739954e-07,,,,
,6023,,3.006144595474325e-07,,,,
,6024,,3.006144595474325e-07,,,,
,6025,,2.5396747105332906e-07,,,,
,6026,,1.5894565308371966e-07,,,,
,6027,,1.5894565308371966e-07,,,,
,6028,,2.6111877104995074e-06,,,,
,6029,,2.0946374661434675e-06,,,,
,6030,,1.8445643945597112e-05,,,,
,6031,,2.0946374661434675e-06,,,,
,6032,,2.1768640579011844e-07,,,,
,6033,,2.1768640579011844e-07,,,,
,6034,,2.1768640579011844e-07,,,,
,6035,,0.005037507973611355,,,,
,6036,,0.000690693617798388,,,,
,6037,,0.000690693617798388,,,,
,6038,,8.862937193043763e-07,,,,
,6039,,1.352762183159939e-06,,,,
,6040,,1.352762183159939e-06,,,,
,6041,,2.384184938364342e-07,,,,
,6042,,2.7815488579108205e-07,,,,
,6043,,2.7815488579108205e-07,,,,
,6044,,3.1616355045116507e-07,,,,
,6045,,3.1221463814290473e-07,,,,
,6046,,3.1221463814290473e-07,,,,
,6047,,2.580508225946687e-05,,,,
,6048,,2.3274185423360905e-07,,,,
,6049,,3.524446299252304e-07,,,,
,6050,,3.524446299252304e-07,,,,
,6051,,3.9390872075273364e-07,,,,
,6052,,5.131178681949677e-07,,,,
,6053,,5.131178681949677e-07,,,,
,6054,,2.724782461882569e-07,,,,
,6055,,1.4280421964940615e-05,,,,
,6056,,5.338495157047873e-07,,,,
,6057,,5.338495157047873e-07,,,,
,6058,,4.0427465819448116e-07,,,,
,6059,,3.1789122090231103e-07,,,,
,6060,,3.1789122090231103e-07,,,,
,6061,,5.619855301119969e-07,,,,
,6062,,7.322834676415368e-07,,,,
,6063,,7.322834676415368e-07,,,,
,6064,,6.167778110466315e-07,,,,
,6065,,6.167778110466315e-07,,,,
,6066,,6.167778110466315e-07,,,,
,6067,,3.3492105444565823e-07,,,,
,6068,,3.1615436455467716e-06,,,,
,6069,,3.1615436455467716e-06,,,,
,6070,,3.472614480415359e-07,,,,
,6071,,2.5396747105332906e-07,,,,
,6072,,2.5396747105332906e-07,,,,
,6073,,1.7597557189219515e-07,,,,
,6074,,8.366680958715733e-06,,,,
,6075,,1.7597555768134043e-07,,,,
,6076,,1.7597555768134043e-07,,,,
,6077,,3.006145448125608e-07,,,,
,6078,,1.816522114950203e-07,,,,
,6079,,1.816522114950203e-07,,,,
,6080,,1.4702295629831497e-06,,,,
,6081,,1.1350715567459702e-06,,,,
,6082,,1.1350715567459702e-06,,,,
,6083,,2.5396747105332906e-07,,,,
,6084,,3.3689556744320726e-07,,,,
,6085,,3.3689556744320726e-07,,,,
,6086,,0.003941869363188744,,,,
,6087,,0.00013942508667241782,,,,
,6088,,0.00013942508667241782,,,,
,6089,,1.5237986872307374e-06,,,,
,6090,,9.978569323720876e-06,,,,
,6091,,1.271559995075222e-06,,,,
,6092,,1.271559995075222e-06,,,,
,6093,,3.860107256059564e-07,,,,
,6094,,3.9168727994365327e-07,,,,
,6095,,3.9168727994365327e-07,,,,
,6096,,4.6647033968838514e-07,,,,
,6097,,4.6647033968838514e-07,,,,
,6098,,4.6647033968838514e-07,,,,
,6099,,7.952401574584655e-06,,,,
,6100,,4.4845316438113514e-07,,,,
,6101,,5.649475269819959e-07,,,,
,6102,,5.649475269819959e-07,,,,
,6103,,5.2866647592964e-07,,,,
,6104,,1.0884285757128964e-06,,,,
,6105,,1.0884285757128964e-06,,,,
,6106,,4.371001693925791e-07,,,,
,6107,,5.336027015800937e-07,,,,
,6108,,5.336027015800937e-07,,,,
,6109,,4.2500667518652335e-07,,,,
,6110,,3.576276412786683e-07,,,,
,6111,,3.576276412786683e-07,,,,
,6112,,3.5762749917012115e-07,,,,
,6113,,4.872024419455556e-07,,,,
,6114,,4.872024419455556e-07,,,,
,6115,,9.329396561952308e-07,,,,
,6116,,1.0573319286777405e-06,,,,
,6117,,1.0573319286777405e-06,,,,
,6118,,1.0676690180844162e-05,,,,
,6119,,4.768365897689364e-07,,,,
,6120,,5.442157089419197e-07,,,,
,6121,,5.442157089419197e-07,,,,
,6122,,4.716535215720796e-07,,,,
,6123,,4.0871699980016274e-07,,,,
,6124,,4.0871699980016274e-07,,,,
,6125,,3.576272717964457e-07,,,,
,6126,,3.8601041296715266e-07,,,,
,6127,,3.8601041296715266e-07,,,,
,6128,,5.079342599856318e-07,,,,
,6129,,5.079342599856318e-07,,,,
,6130,,5.079342599856318e-07,,,,
,6131,,1.7654112980380887e-06,,,,
,6132,,1.6637369526506518e-06,,,,
,6133,,6.005558589095017e-06,,,,
,6134,,1.6637369526506518e-06,,,,
,6135,,4.3018940232286695e-07,,,,
,6136,,4.612874988652038e-07,,,,
,6137,,4.612874988652038e-07,,,,
,6138,,0.06800954043865204,,,,
,6139,,0.036297012120485306,,,,
,6140,,0.036297012120485306,,,,
,6141,,1.6948384882198297e-06,,,,
,6142,,3.3888843518070644e-06,,,,
,6143,,3.3888843518070644e-06,,,,
,6144,,0.41086822748184204,,,,
,6145,,5.222494792178622e-07,,,,
,6146,,6.478756517935835e-07,,,,
,6147,,6.478756517935835e-07,,,,
,6148,,4.0427457292935287e-07,,,,
,6149,,2.35303969020606e-06,,,,
,6150,,2.35303969020606e-06,,,,
,6151,,4.0871699980016274e-07,,,,
,6152,,5.545815042751201e-07,,,,
,6153,,5.545815042751201e-07,,,,
,6154,,5.442155384116631e-07,,,,
,6155,,4.1439358255956904e-07,,,,
,6156,,4.1439358255956904e-07,,,,
,6157,,1.1750538533306099e-06,,,,
,6158,,1.016111355056637e-06,,,,
,6159,,1.016111355056637e-06,,,,
,6160,,5.474055069498718e-05,,,,
,6161,,1.777750412657042e-06,,,,
,6162,,1.777750412657042e-06,,,,
,6163,,1.777750412657042e-06,,,,
,6164,,7.039006391096336e-07,,,,
,6165,,1.0210508207819657e-06,,,,
,6166,,1.0210508207819657e-06,,,,
,6167,,2.01616921913228e-06,,,,
,6168,,2.34787626141042e-06,,,,
,6169,,2.34787626141042e-06,,,,
,6170,,9.423175697520492e-07,,,,
,6171,,7.152540320021217e-07,,,,
,6172,,7.152540320021217e-07,,,,
,6173,,4.768363339735515e-07,,,,
,6174,,3.349207702285639e-07,,,,
,6175,,3.349207702285639e-07,,,,
,6176,,3.407813346711919e-05,,,,
,6177,,2.1003532424401783e-07,,,,
,6178,,3.317125845114788e-07,,,,
,6179,,3.317125845114788e-07,,,,
,6180,,3.7835960142729164e-07,,,,
,6181,,7.463510200977908e-07,,,,
,6182,,7.463510200977908e-07,,,,
,6183,,3.025568048542482e-06,,,,
,6184,,1.378669480800454e-06,,,,
,6185,,1.9064793377765454e-05,,,,
,6186,,1.378669480800454e-06,,,,
,6187,,2.850655391739565e-07,,,,
,6188,,2.1003532424401783e-07,,,,
,6189,,2.1003532424401783e-07,,,,
,6190,,0.44301655888557434,,,,
,6191,,0.28983166813850403,,,,
,6192,,0.28983166813850403,,,,
,6193,,2.4981841306725983e-06,,,,
,6194,,2.4981841306725983e-06,,,,
,6195,,2.4981841306725983e-06,,,,
,6196,,2.0776190012838924e-06,,,,
,6197,,3.7368281482486054e-06,,,,
,6198,,3.7368281482486054e-06,,,,
,6199,,8.759256502344215e-07,,,,
,6200,,7.567173270217609e-07,,,,
,6201,,7.567173270217609e-07,,,,
,6202,,5.336025310498371e-07,,,,
,6203,,2.211783066741191e-05,,,,
,6204,,5.052193614574207e-07,,,,
,6205,,5.052193614574207e-07,,,,
,6206,,6.167772426124429e-07,,,,
,6207,,4.825130304197955e-07,,,,
,6208,,4.825130304197955e-07,,,,
,6209,,1.356700181531778e-06,,,,
,6210,,0.06609024107456207,,,,
,6211,,1.5497014373977436e-06,,,,
,6212,,1.5497014373977436e-06,,,,
,6213,,1.8865863466999144e-06,,,,
,6214,,1.9591541331465123e-06,,,,
,6215,,1.9591541331465123e-06,,,,
,6216,,1.498613187322917e-06,,,,
,6217,,1.4201299336491502e-06,,,,
,6218,,1.4201299336491502e-06,,,,
,6219,,8.551936616640887e-07,,,,
,6220,,1.8032107618637383e-05,,,,
,6221,,7.436358941959043e-07,,,,
,6222,,7.436358941959043e-07,,,,
,6223,,8.939967301557772e-06,,,,
,6224,,1.1414478649385273e-05,,,,
,6225,,1.1414478649385273e-05,,,,
,6226,,8.189134632630157e-07,,,,
,6227,,8.189134632630157e-07,,,,
,6228,,8.189134632630157e-07,,,,
,6229,,4.711598364792735e-07,,,,
,6230,,1.668727600190323e-05,,,,
,6231,,7.411694014081149e-07,,,,
,6232,,7.411694014081149e-07,,,,
,6233,,1.0728807637860882e-06,,,,
,6234,,1.3527599094231846e-06,,,,
,6235,,1.3527599094231846e-06,,,,
,6236,,1.1637055195024004e-06,,,,
,6237,,9.763771231519058e-07,,,,
,6238,,9.763771231519058e-07,,,,
,6239,,9.018415880746034e-07,,,,
,6240,,8.571693683734338e-07,,,,
,6241,,8.571693683734338e-07,,,,
,6242,,0.2940588593482971,,,,
,6243,,0.11978252977132797,,,,
,6244,,0.11978252977132797,,,,
,6245,,6.997059358582192e-07,,,,
,6246,,2.7772748580900952e-05,,,,
,6247,,3.835308234556578e-06,,,,
,6248,,3.835308234556578e-06,,,,
,6249,,1.930054480681065e-07,,,,
,6250,,2.850655391739565e-07,,,,
,6251,,2.850655391739565e-07,,,,
,6252,,2.4878445969989116e-07,,,,
,6253,,1.9300543385725177e-07,,,,
,6254,,1.9300543385725177e-07,,,,
,6255,,2.0435867043033795e-07,,,,
,6256,,2.15711963846843e-07,,,,
,6257,,2.15711963846843e-07,,,,
,6258,,3.3171255608976935e-07,,,,
,6259,,3.3171255608976935e-07,,,,
,6260,,3.3171255608976935e-07,,,,
,6261,,3.405974950965174e-07,,,,
,6262,,5.44215595255082e-07,,,,
,6263,,5.44215595255082e-07,,,,
,6264,,1.5285468180081807e-05,,,,
,6265,,4.6647042495351343e-07,,,,
,6266,,3.9909156157591497e-07,,,,
,6267,,3.9909156157591497e-07,,,,
,6268,,3.1221458129948587e-07,,,,
,6269,,3.519508879890054e-07,,,,
,6270,,3.519508879890054e-07,,,,
,6271,,4.0427465819448116e-07,,,,
,6272,,2.085220330627635e-05,,,,
,6273,,3.008613589372544e-07,,,,
,6274,,3.008613589372544e-07,,,,
,6275,,9.593466074875323e-07,,,,
,6276,,8.811099974082026e-07,,,,
,6277,,8.811099974082026e-07,,,,
,6278,,4.042747150379e-07,,,,
,6279,,4.0945772639133793e-07,,,,
,6280,,4.0945772639133793e-07,,,,
,6281,,2.4409513343925937e-07,,,,
,6282,,4.7165374894575507e-07,,,,
,6283,,4.7165374894575507e-07,,,,
,6284,,3.990917036844621e-07,,,,
,6285,,2.3841846541472478e-07,,,,
,6286,,2.3841846541472478e-07,,,,
,6287,,3.576276128569589e-07,,,,
,6288,,3.7672925827791914e-05,,,,
,6289,,3.1221466656461416e-07,,,,
,6290,,3.1221466656461416e-07,,,,
,6291,,3.9390872075273364e-07,,,,
,6292,,3.9390872075273364e-07,,,,
,6293,,3.9390872075273364e-07,,,,
,6294,,0.23573443293571472,,,,
,6295,,0.04712870717048645,,,,
,6296,,0.04712870717048645,,,,
,6297,,7.256209642036993e-07,,,,
,6298,,8.551956511837489e-07,,,,
,6299,,8.551956511837489e-07,,,,
,6300,,1.5326904190260393e-07,,,,
,6301,,1.8165216886245616e-07,,,,
,6302,,1.8165216886245616e-07,,,,
,6303,,2.643334937602049e-07,,,,
,6304,,2.4977171619866567e-07,,,,
,6305,,2.4977171619866567e-07,,,,
,6306,,1.4191579111866304e-07,,,,
,6307,,3.473544347798452e-05,,,,
,6308,,2.798825278205186e-07,,,,
,6309,,2.798825278205186e-07,,,,
,6310,,3.576276412786683e-07,,,,
,6311,,3.9909173210617155e-07,,,,
,6312,,3.9909173210617155e-07,,,,
,6313,,3.178911924806016e-07,,,,
,6314,,3.146626113448292e-05,,,,
,6315,,5.597646008936863e-07,,,,
,6316,,5.597646008936863e-07,,,,
,6317,,5.131172997607791e-07,,,,
,6318,,3.973636069076747e-07,,,,
,6319,,3.973636069076747e-07,,,,
,6320,,3.519509448324243e-07,,,,
,6321,,3.7465741797859664e-07,,,,
,6322,,3.7465741797859664e-07,,,,
,6323,,4.7165372052404564e-07,,,,
,6324,,4.7165372052404564e-07,,,,
,6325,,4.7165372052404564e-07,,,,
,6326,,7.493134717151406e-07,,,,
,6327,,5.581801360676764e-06,,,,
,6328,,5.581801360676764e-06,,,,
,6329,,3.7317661849556316e-07,,,,
,6330,,4.1464056721451925e-07,,,,
,6331,,4.1464056721451925e-07,,,,
,6332,,3.803340575814218e-07,,,,
,6333,,2.689886787266005e-05,,,,
,6334,,4.42776723730276e-07,,,,
,6335,,4.42776723730276e-07,,,,
,6336,,4.0945772639133793e-07,,,,
,6337,,2.838315253939072e-07,,,,
,6338,,2.838315253939072e-07,,,,
,6339,,3.5762769812208717e-07,,,,
,6340,,5.28666873833572e-07,,,,
,6341,,5.28666873833572e-07,,,,
,6342,,3.576276412786683e-07,,,,
,6343,,4.0945775481304736e-07,,,,
,6344,,4.0945775481304736e-07,,,,
,6345,,0.3619143068790436,,,,
,6346,,0.08950746804475784,,,,
,6347,,0.08950746804475784,,,,
,6348,,1.5289831480913563e-06,,,,
,6349,,4.109467045054771e-05,,,,
,6350,,1.2034423662043991e-06,,,,
,6351,,1.2034423662043991e-06,,,,
,6352,,3.8601041296715266e-07,,,,
,6353,,3.2924441484283307e-07,,,,
,6354,,3.2924441484283307e-07,,,,
,6355,,2.436014199247438e-07,,,,
,6356,,2.436014199247438e-07,,,,
,6357,,2.436014199247438e-07,,,,
,6358,,1.9868208767093165e-07,,,,
,6359,,4.042747150379e-07,,,,
,6360,,4.042747150379e-07,,,,
,6361,,4.301897149616707e-07,,,,
,6362,,5.804967031508568e-07,,,,
,6363,,5.804967031508568e-07,,,,
,6364,,2.668016634288506e-07,,,,
,6365,,3.4059775089190225e-07,,,,
,6366,,3.4059775089190225e-07,,,,
,6367,,4.768366750340647e-07,,,,
,6383,15,,0.007712144870311022,,,
,6383,15,,,0.01077964622527361,0.9269521236419678,0.9269521236419678
9.789671457838267e-05,6384,16,,,,,
0.0004050779389217496,6385,16,,,,,
0.0003874533576890826,6386,16,,,,,
0.0004262617148924619,6387,16,,,,,
0.045039959251880646,6388,16,,,,,
0.00027521117590367794,6389,16,,,,,
2.0298853996791877e-05,6390,16,,,,,
1.951551894308068e-05,6391,16,,,,,
0.00010305846808478236,6392,16,,,,,
7.5157613537157886e-06,6393,16,,,,,
4.6102457417873666e-05,6394,16,,,,,
3.0635270377388224e-05,6395,16,,,,,
1.6767993656685576e-05,6396,16,,,,,
0.0015879767015576363,6397,16,,,,,
0.000719773059245199,6398,16,,,,,
0.0028427159413695335,6399,16,,,,,
0.010862091556191444,6400,16,,,,,
0.05322624742984772,6401,16,,,,,
1.8351840481045656e-05,6402,16,,,,,
0.017573101446032524,6403,16,,,,,
2.0663484974647872e-05,6404,16,,,,,
0.00015175770386122167,6405,16,,,,,
3.763737186091021e-05,6406,16,,,,,
7.259455742314458e-05,6407,16,,,,,
0.00022884159989189357,6408,16,,,,,
5.390253591031069e-06,6409,16,,,,,
3.456952254055068e-05,6410,16,,,,,
0.00025368438218720257,6411,16,,,,,
0.009800689294934273,6412,16,,,,,
6.012204266880872e-06,6413,16,,,,,
1.1666254067677073e-05,6414,16,,,,,
0.02325957454741001,6415,16,,,,,
0.0003862267476506531,6416,16,,,,,
8.90231822268106e-05,6417,16,,,,,
4.61979434476234e-05,6418,16,,,,,
0.003677344648167491,6419,16,,,,,
3.154538353555836e-05,6420,16,,,,,
0.004342248197644949,6421,16,,,,,
0.002993144327774644,6422,16,,,,,
0.000251194229349494,6423,16,,,,,
0.0008614843245595694,6424,16,,,,,
0.00026472812169231474,6425,16,,,,,
0.005710855592042208,6426,16,,,,,
0.00011780447675846517,6427,16,,,,,
1.331482872046763e-05,6428,16,,,,,
0.0016719209961593151,6429,16,,,,,
1.1108963917649817e-05,6430,16,,,,,
6.570048572029918e-05,6431,16,,,,,
8.02766953711398e-05,6432,16,,,,,
0.005426899995654821,6433,16,,,,,
0.0029502096585929394,6434,16,,,,,
0.006109877489507198,6435,16,,,,,
0.005362781696021557,6436,16,,,,,
0.00016076354950200766,6437,16,,,,,
0.0002477957750670612,6438,16,,,,,
0.0005794170428998768,6439,16,,,,,
0.00013285491149872541,6440,16,,,,,
0.003801369573920965,6441,16,,,,,
1.7584623492439277e-05,6442,16,,,,,
0.00013496966857928783,6443,16,,,,,
2.6396232897241134e-06,6444,16,,,,,
0.003472033655270934,6445,16,,,,,
2.2252283997659106e-06,6446,16,,,,,
1.3850951745553175e-06,6447,16,,,,,
7.986782293301076e-06,6448,16,,,,,
6.352912896545604e-05,6449,16,,,,,
7.248929250636138e-06,6450,16,,,,,
0.00022444056230597198,6451,16,,,,,
2.0663470422732644e-05,6452,16,,,,,
0.00015144507051445544,6453,16,,,,,
1.860908741946332e-05,6454,16,,,,,
2.0524557839962654e-06,6455,16,,,,,
0.0001513892348157242,6456,16,,,,,
0.0003444533213041723,6457,16,,,,,
0.0005530042690224946,6458,16,,,,,
0.02616729959845543,6459,16,,,,,
0.00041155298822559416,6460,16,,,,,
0.0017149283085018396,6461,16,,,,,
5.156414408702403e-05,6462,16,,,,,
2.8415804990800098e-05,6463,16,,,,,
0.0016502095386385918,6464,16,,,,,
0.00014441485109273344,6465,16,,,,,
2.165318619518075e-05,6466,16,,,,,
1.9651290131150745e-05,6467,16,,,,,
0.0005464722053147852,6468,16,,,,,
0.006400134414434433,6469,16,,,,,
0.0008827756391838193,6470,16,,,,,
0.03278940171003342,6471,16,,,,,
1.3832545846526045e-05,6472,16,,,,,
0.1349324733018875,6473,16,,,,,
8.615934348199517e-05,6474,16,,,,,
0.009913058020174503,6475,16,,,,,
7.532780728070065e-06,6476,16,,,,,
0.2804983854293823,6477,16,,,,,
0.13118799030780792,6478,16,,,,,
0.0020554387010633945,6479,16,,,,,
0.016136569902300835,6480,16,,,,,
0.0003353114880155772,6481,16,,,,,
0.004647472407668829,6482,16,,,,,
0.004548470489680767,6483,16,,,,,
0.00020309854880906641,6484,16,,,,,
0.0284967590123415,6485,16,,,,,
0.0017230530502274632,6486,16,,,,,
0.00016682024579495192,6487,16,,,,,
0.00131449184846133,6488,16,,,,,
0.0005118263070471585,6489,16,,,,,
0.00038797545130364597,6490,16,,,,,
0.06682301312685013,6491,16,,,,,
0.0005969601916149259,6492,16,,,,,
0.025532498955726624,6493,16,,,,,
0.0004631659830920398,6494,16,,,,,
0.0007463989895768464,6495,16,,,,,
0.002622327534481883,6496,16,,,,,
0.0060059200040996075,6497,16,,,,,
0.008398166857659817,6498,16,,,,,
0.00011245212954236194,6499,16,,,,,
0.0011462295660749078,6500,16,,,,,
0.00021243214723654091,6501,16,,,,,
9.033422247739509e-05,6502,16,,,,,
0.0008503150893375278,6503,16,,,,,
6.518549344036728e-05,6504,16,,,,,
0.00015395843365695328,6505,16,,,,,
0.004244278650730848,6506,16,,,,,
0.009117529727518559,6507,16,,,,,
0.0001011039421427995,6508,16,,,,,
0.01700412482023239,6509,16,,,,,
6.671069422736764e-05,6510,16,,,,,
0.0003341287956573069,6511,16,,,,,
0.07392822206020355,6512,16,,,,,
1.723340028547682e-05,6513,16,,,,,
4.419320248416625e-05,6514,16,,,,,
0.002149798907339573,6515,16,,,,,
0.00020136659441050142,6516,16,,,,,
6.464879697887227e-05,6517,16,,,,,
0.20348085463047028,6518,16,,,,,
0.0003866481129080057,6519,16,,,,,
5.8668181736720726e-05,6520,16,,,,,
0.0011438794899731874,6521,16,,,,,
2.7992946343147196e-05,6522,16,,,,,
4.296633414924145e-05,6523,16,,,,,
0.04992423206567764,6524,16,,,,,
0.0037020049057900906,6525,16,,,,,
4.599400199367665e-05,6526,16,,,,,
0.000837610918097198,6527,16,,,,,
0.30016329884529114,6528,16,,,,,
0.0027371393516659737,6529,16,,,,,
0.134266659617424,6530,16,,,,,
0.0845784842967987,6531,16,,,,,
0.08325383812189102,6532,16,,,,,
0.004156521055847406,6533,16,,,,,
0.000976637238636613,6534,16,,,,,
0.00010185754217673093,6535,16,,,,,
9.608398977434263e-05,6536,16,,,,,
8.073162462096661e-05,6537,16,,,,,
0.00013274575758259743,6538,16,,,,,
0.0008834437467157841,6539,16,,,,,
0.008679999969899654,6540,16,,,,,
0.06168655678629875,6541,16,,,,,
0.00029818410985171795,6542,16,,,,,
0.0010094016324728727,6543,16,,,,,
0.0011959352996200323,6544,16,,,,,
0.0072151487693190575,6545,16,,,,,
0.0873030573129654,6546,16,,,,,
0.002002312336117029,6547,16,,,,,
0.008923465386033058,6548,16,,,,,
0.00041994103230535984,6549,16,,,,,
0.004747716709971428,6550,16,,,,,
0.004302949644625187,6551,16,,,,,
0.0002126183098880574,6552,16,,,,,
0.0002802118833642453,6553,16,,,,,
0.0444294810295105,6554,16,,,,,
0.004496488720178604,6555,16,,,,,
0.002664441941305995,6556,16,,,,,
0.010575501248240471,6557,16,,,,,
0.004570831544697285,6558,16,,,,,
0.001149218762293458,6559,16,,,,,
0.00012086185597581789,6560,16,,,,,
0.0022363762836903334,6561,16,,,,,
9.355535439681262e-05,6562,16,,,,,
0.0012933446560055017,6563,16,,,,,
0.0006008854834362864,6564,16,,,,,
0.0039505064487457275,6565,16,,,,,
0.00011527523020049557,6566,16,,,,,
0.00031681687687523663,6567,16,,,,,
0.00019155336485709995,6568,16,,,,,
0.00047039453056640923,6569,16,,,,,
0.00017622191808186471,6570,16,,,,,
0.0005553852533921599,6571,16,,,,,
0.0006338823004625738,6572,16,,,,,
0.16732481122016907,6573,16,,,,,
0.21110868453979492,6574,16,,,,,
0.05533737689256668,6575,16,,,,,
0.0002287687239004299,6576,16,,,,,
0.0005449305172078311,6577,16,,,,,
0.0011732595739886165,6578,16,,,,,
0.004753330256789923,6579,16,,,,,
0.03600867837667465,6580,16,,,,,
0.02593204751610756,6581,16,,,,,
0.025811830535531044,6582,16,,,,,
0.08544311672449112,6583,16,,,,,
0.0005875770002603531,6584,16,,,,,
0.0011240961030125618,6585,16,,,,,
0.0013283293228596449,6586,16,,,,,
0.002060803584754467,6587,16,,,,,
0.00019349415379110724,6588,16,,,,,
0.012778681702911854,6589,16,,,,,
0.001255090581253171,6590,16,,,,,
0.004569931421428919,6591,16,,,,,
7.737290434306487e-05,6592,16,,,,,
0.00414466904476285,6593,16,,,,,
0.0003629690909292549,6594,16,,,,,
0.006661633029580116,6595,16,,,,,
0.0006425398169085383,6596,16,,,,,
0.0006724194972775877,6597,16,,,,,
0.08524809777736664,6598,16,,,,,
0.0003261233796365559,6599,16,,,,,
0.001717148581519723,6600,16,,,,,
0.0005774852470494807,6601,16,,,,,
0.0012692783493548632,6602,16,,,,,
0.00010834938439074904,6603,16,,,,,
0.0008357380283996463,6604,16,,,,,
0.09780551493167877,6605,16,,,,,
0.007533094845712185,6606,16,,,,,
0.003550224704667926,6607,16,,,,,
0.001105705858208239,6608,16,,,,,
0.0003679554210975766,6609,16,,,,,
9.489757212577388e-05,6610,16,,,,,
0.00014491452020592988,6611,16,,,,,
0.007660776376724243,6612,16,,,,,
0.0025108151603490114,6613,16,,,,,
0.008631001226603985,6614,16,,,,,
0.00010071958968183026,6615,16,,,,,
9.315035276813433e-05,6616,16,,,,,
0.008642172440886497,6617,16,,,,,
0.0021941419690847397,6618,16,,,,,
0.004027516581118107,6619,16,,,,,
0.00012430752394720912,6620,16,,,,,
4.041956344735809e-05,6621,16,,,,,
0.0018104953924193978,6622,16,,,,,
0.0009481991291977465,6623,16,,,,,
0.0019534598104655743,6624,16,,,,,
0.006763707846403122,6625,16,,,,,
0.017592769116163254,6626,16,,,,,
0.0005016658687964082,6627,16,,,,,
0.0016780117293819785,6628,16,,,,,
0.006713482551276684,6629,16,,,,,
0.0003871467197313905,6630,16,,,,,
0.0016515000024810433,6631,16,,,,,
0.0013543579261749983,6632,16,,,,,
2.4440847482765093e-05,6633,16,,,,,
0.01858512870967388,6634,16,,,,,
0.00011192032980034128,6635,16,,,,,
0.0007590421009808779,6636,16,,,,,
0.00015034603711683303,6637,16,,,,,
9.139150643022731e-05,6638,16,,,,,
0.0008570049540139735,6639,16,,,,,
0.00010353014658903703,6640,16,,,,,
9.060113370651379e-05,6641,16,,,,,
0.0007728763157501817,6642,16,,,,,
0.058289024978876114,6643,16,,,,,
0.00021852875943295658,6644,16,,,,,
0.03277655318379402,6645,16,,,,,
0.0002065008011413738,6646,16,,,,,
0.0018470464274287224,6647,16,,,,,
0.09866751730442047,6648,16,,,,,
0.00011484209244372323,6649,16,,,,,
0.0001301409356528893,6650,16,,,,,
0.0007065721438266337,6651,16,,,,,
0.0012304079718887806,6652,16,,,,,
4.2189403757220134e-05,6653,16,,,,,
0.0005915660876780748,6654,16,,,,,
0.002438515890389681,6655,16,,,,,
0.01995779201388359,6656,16,,,,,
0.00014639976143371314,6657,16,,,,,
0.0007298907148651779,6658,16,,,,,
1.3957460396341048e-05,6659,16,,,,,
0.00020943701383657753,6660,16,,,,,
0.0002204125194111839,6661,16,,,,,
0.00022387606441043317,6662,16,,,,,
0.011472126469016075,6663,16,,,,,
8.964694279711694e-05,6664,16,,,,,
0.0001174098506453447,6665,16,,,,,
9.290489106206223e-05,6666,16,,,,,
8.513389911968261e-05,6667,16,,,,,
2.8395459594321437e-05,6668,16,,,,,
0.00013515839236788452,6669,16,,,,,
3.590956112020649e-05,6670,16,,,,,
0.0005480386898852885,6671,16,,,,,
5.995534957037307e-05,6672,16,,,,,
0.0003386208845768124,6673,16,,,,,
2.720363590924535e-05,6674,16,,,,,
0.00013737416884396225,6675,16,,,,,
0.04006168991327286,6676,16,,,,,
7.535965414717793e-05,6677,16,,,,,
0.00010205921716988087,6678,16,,,,,
0.00040880925371311605,6679,16,,,,,
0.06741233915090561,6680,16,,,,,
0.010221333242952824,6681,16,,,,,
1.6009307728381827e-05,6682,16,,,,,
0.001711406628601253,6683,16,,,,,
0.001211957074701786,6684,16,,,,,
0.00034723951830528677,6685,16,,,,,
0.002054889453575015,6686,16,,,,,
0.0029077623039484024,6687,16,,,,,
0.0002639727608766407,6688,16,,,,,
8.597546548116952e-05,6689,16,,,,,
0.0009934371337294579,6690,16,,,,,
0.0007184015121310949,6691,16,,,,,
5.990680438117124e-05,6692,16,,,,,
0.00022657829686067998,6693,16,,,,,
0.1491846740245819,6694,16,,,,,
3.632490916061215e-05,6695,16,,,,,
0.00812135636806488,6696,16,,,,,
0.0025692267809063196,6697,16,,,,,
0.00010463233047630638,6698,16,,,,,
0.00014241317694541067,6699,16,,,,,
0.0038472653832286596,6700,16,,,,,
0.001136098988354206,6701,16,,,,,
0.0295865461230278,6702,16,,,,,
2.1252208171063103e-05,6703,16,,,,,
0.0058901263400912285,6704,16,,,,,
0.01196155697107315,6705,16,,,,,
8.928852912504226e-05,6706,16,,,,,
4.426361556397751e-05,6707,16,,,,,
0.0005349984858185053,6708,16,,,,,
0.0037967399694025517,6709,16,,,,,
0.0001967260759556666,6710,16,,,,,
0.0023928324226289988,6711,16,,,,,
0.001192782656289637,6712,16,,,,,
0.02290395274758339,6713,16,,,,,
2.6591606001602486e-05,6714,16,,,,,
1.4879759874020237e-05,6715,16,,,,,
0.0006950451643206179,6716,16,,,,,
0.018666695803403854,6717,16,,,,,
0.0012842535506933928,6718,16,,,,,
0.05017312988638878,6719,16,,,,,
8.396439807256684e-05,6720,16,,,,,
6.435155228246003e-05,6721,16,,,,,
0.0004264771123416722,6722,16,,,,,
0.0001158817030955106,6723,16,,,,,
0.0010949717834591866,6724,16,,,,,
0.01797260344028473,6725,16,,,,,
3.0349023290909827e-05,6726,16,,,,,
0.00028319869306869805,6727,16,,,,,
0.0001243394799530506,6728,16,,,,,
0.09375866502523422,6729,16,,,,,
0.33171337842941284,6730,16,,,,,
5.084103759145364e-05,6731,16,,,,,
0.0014190400252118707,6732,16,,,,,
0.0030130119994282722,6733,16,,,,,
0.3835265636444092,6734,16,,,,,
0.00010405552166048437,6735,16,,,,,
0.00029437808552756906,6736,16,,,,,
0.0026045760605484247,6737,16,,,,,
3.3619231544435024e-05,6738,16,,,,,
0.03707078844308853,6739,16,,,,,
0.1119081899523735,6740,16,,,,,
0.3258602023124695,6741,16,,,,,
0.014802872203290462,6742,16,,,,,
0.0171783696860075,6743,16,,,,,
0.04486086219549179,6744,16,,,,,
0.004725325386971235,6745,16,,,,,
0.00034047671942971647,6746,16,,,,,
0.004246109165251255,6747,16,,,,,
0.004569074604660273,6748,16,,,,,
0.0264296792447567,6749,16,,,,,
0.006318105850368738,6750,16,,,,,
0.002830749610438943,6751,16,,,,,
0.021051404997706413,6752,16,,,,,
0.00035693764220923185,6753,16,,,,,
0.012314383871853352,6754,16,,,,,
0.006519390735775232,6755,16,,,,,
0.004570207092911005,6756,16,,,,,
0.0021827854216098785,6757,16,,,,,
0.0012341742403805256,6758,16,,,,,
0.013698875904083252,6759,16,,,,,
0.0009013870148919523,6760,16,,,,,
0.00045398250222206116,6761,16,,,,,
0.00034368541673757136,6762,16,,,,,
0.00015034993703011423,6763,16,,,,,
0.15135513246059418,6764,16,,,,,
0.037097781896591187,6765,16,,,,,
0.0005218537990003824,6766,16,,,,,
0.005144209135323763,6767,16,,,,,
0.008337864652276039,6768,16,,,,,
0.002683791797608137,6769,16,,,,,
0.3076251745223999,6770,16,,,,,
0.0011688880622386932,6771,16,,,,,
0.07675272226333618,6772,16,,,,,
0.008265657350420952,6773,16,,,,,
0.0780448392033577,6774,16,,,,,
0.0024367067962884903,6775,16,,,,,
0.000335264194291085,6776,16,,,,,
0.11897587031126022,6777,16,,,,,
0.006049114279448986,6778,16,,,,,
0.00039747689152136445,6779,16,,,,,
0.05333207920193672,6780,16,,,,,
0.18620465695858002,6781,16,,,,,
0.0015207268297672272,6782,16,,,,,
,6368,,2.6956280635204166e-05,,,,
,6369,,0.00014137334073893726,,,,
,6370,,7.63106145313941e-05,,,,
,6371,,7.63106145313941e-05,,,,
,6372,,0.00024323446268681437,,,,
,6373,,0.00019975034228991717,,,,
,6374,,0.00019975034228991717,,,,
,6375,,2.788117308227811e-05,,,,
,6376,,3.8261237932601944e-05,,,,
,6377,,3.8261237932601944e-05,,,,
,6378,,4.4589807657757774e-05,,,,
,6379,,0.00014976899547036737,,,,
,6380,,0.00014976899547036737,,,,
,6381,,0.10524309426546097,,,,
,6382,,0.21986569464206696,,,,
,6383,,0.21986569464206696,,,,
,6384,,0.07298325002193451,,,,
,6385,,0.0004101864469703287,,,,
,6386,,0.04743616655468941,,,,
,6387,,0.04743616655468941,,,,
,6388,,0.00021145127539057285,,,,
,6389,,0.0007809944800101221,,,,
,6390,,0.0007809944800101221,,,,
,6391,,0.023969849571585655,,,,
,6392,,0.0021338132210075855,,,,
,6393,,0.0021338132210075855,,,,
,6394,,8.172396337613463e-05,,,,
,6395,,8.07876349426806e-05,,,,
,6396,,8.07876349426806e-05,,,,
,6397,,0.010796341113746166,,,,
,6398,,0.010796341113746166,,,,
,6399,,0.010796341113746166,,,,
,6400,,0.0001168830567621626,,,,
,6401,,0.0001065168617060408,,,,
,6402,,0.0006603700458072126,,,,
,6403,,0.0006603700458072126,,,,
,6404,,0.0036885023582726717,,,,
,6405,,0.0010159080848097801,,,,
,6406,,0.0010159080848097801,,,,
,6407,,3.2351603294955567e-05,,,,
,6408,,4.268471820978448e-05,,,,
,6409,,4.268471820978448e-05,,,,
,6410,,0.0014637146377936006,,,,
,6411,,0.00012940050510223955,,,,
,6412,,0.0015468326164409518,,,,
,6413,,0.00012940050510223955,,,,
,6414,,3.40113474521786e-05,,,,
,6415,,0.00019309305935166776,,,,
,6416,,0.00019309305935166776,,,,
,6417,,4.449141488294117e-05,,,,
,6418,,3.5718403523787856e-05,,,,
,6419,,3.5718403523787856e-05,,,,
,6420,,2.741056596278213e-05,,,,
,6421,,9.560629405314103e-05,,,,
,6422,,9.560629405314103e-05,,,,
,6423,,0.00029781536431983113,,,,
,6424,,4.8246689402731135e-05,,,,
,6425,,4.8246689402731135e-05,,,,
,6426,,2.3505883291363716e-05,,,,
,6427,,2.71272256213706e-05,,,,
,6428,,0.0015493580140173435,,,,
,6429,,2.71272256213706e-05,,,,
,6430,,6.335591024253517e-05,,,,
,6431,,6.335591024253517e-05,,,,
,6432,,6.335591024253517e-05,,,,
,6433,,0.10248524695634842,,,,
,6434,,0.14315921068191528,,,,
,6435,,0.14315921068191528,,,,
,6436,,0.08590719848871231,,,,
,6437,,0.02309199795126915,,,,
,6438,,0.02309199795126915,,,,
,6439,,0.0004959751386195421,,,,
,6440,,0.0006725010462105274,,,,
,6441,,0.0006725010462105274,,,,
,6442,,0.03278285264968872,,,,
,6443,,0.003173840930685401,,,,
,6444,,0.003173840930685401,,,,
,6445,,0.0013754920801147819,,,,
,6446,,0.00017655231931712478,,,,
,6447,,0.0027559639420360327,,,,
,6448,,0.0027559639420360327,,,,
,6449,,0.031130140647292137,,,,
,6450,,0.012086613103747368,,,,
,6451,,0.012086613103747368,,,,
,6452,,0.00028072413988411427,,,,
,6453,,4.3552849092520773e-05,,,,
,6454,,0.0009396778186783195,,,,
,6455,,0.0009396778186783195,,,,
,6456,,0.01965113915503025,,,,
,6457,,0.0014946081209927797,,,,
,6458,,0.0014946081209927797,,,,
,6459,,7.131033635232598e-05,,,,
,6460,,6.671565643046051e-05,,,,
,6461,,6.671565643046051e-05,,,,
,6462,,0.005296881776303053,,,,
,6463,,0.005296881776303053,,,,
,6464,,0.005296881776303053,,,,
,6465,,4.72096617158968e-05,,,,
,6466,,0.0003478483413346112,,,,
,6467,,0.0003478483413346112,,,,
,6468,,7.653826469322667e-05,,,,
,6469,,6.769624451408163e-05,,,,
,6470,,6.769624451408163e-05,,,,
,6471,,2.8356604161672294e-05,,,,
,6472,,5.6604571000207216e-05,,,,
,6473,,4.2275165469618514e-05,,,,
,6474,,4.2275165469618514e-05,,,,
,6475,,0.0007389753009192646,,,,
,6476,,6.114875577623025e-05,,,,
,6477,,6.114875577623025e-05,,,,
,6478,,2.4748433133936487e-05,,,,
,6479,,0.00015263169188983738,,,,
,6480,,0.00015263169188983738,,,,
,6481,,0.0001227214524988085,,,,
,6482,,9.163913637166843e-05,,,,
,6483,,9.163913637166843e-05,,,,
,6484,,0.08209450542926788,,,,
,6485,,0.06549318134784698,,,,
,6486,,0.06549318134784698,,,,
,6487,,0.06487152725458145,,,,
,6488,,0.0003889820072799921,,,,
,6489,,0.006899918895214796,,,,
,6490,,0.006899918895214796,,,,
,6491,,0.0004346097121015191,,,,
,6492,,0.00028079308685846627,,,,
,6493,,0.00028079308685846627,,,,
,6494,,0.0285590011626482,,,,
,6495,,0.0285590011626482,,,,
,6496,,0.0285590011626482,,,,
,6497,,0.0005525648011825979,,,,
,6498,,0.00010649396426742896,,,,
,6499,,0.0006710189627483487,,,,
,6500,,0.0006710189627483487,,,,
,6501,,0.02038123644888401,,,,
,6502,,0.0034103007055819035,,,,
,6503,,0.0034103007055819035,,,,
,6504,,0.00012758836965076625,,,,
,6505,,0.00014948892930988222,,,,
,6506,,0.00014948892930988222,,,,
,6507,,0.010173074901103973,,,,
,6508,,0.0005588532658293843,,,,
,6509,,0.0005588532658293843,,,,
,6510,,4.978372453479096e-05,,,,
,6511,,0.0004242440336383879,,,,
,6512,,0.0004242440336383879,,,,
,6513,,0.0032525418791919947,,,,
,6514,,0.0018287403509020805,,,,
,6515,,0.0018287403509020805,,,,
,6516,,0.0001861355995060876,,,,
,6517,,3.668825593194924e-05,,,,
,6518,,0.00016523459635209292,,,,
,6519,,0.00016523459635209292,,,,
,6520,,6.0274614952504635e-05,,,,
,6521,,2.6382866053609177e-05,,,,
,6522,,2.6382866053609177e-05,,,,
,6523,,2.4390426915488206e-05,,,,
,6524,,2.9163815270294435e-05,,,,
,6525,,2.9163815270294435e-05,,,,
,6526,,0.0004455328453332186,,,,
,6527,,0.0004455328453332186,,,,
,6528,,0.0004455328453332186,,,,
,6529,,2.3295373466680758e-05,,,,
,6530,,8.918546518543735e-05,,,,
,6531,,0.0001880362833617255,,,,
,6532,,8.918546518543735e-05,,,,
,6533,,7.529963477281854e-05,,,,
,6534,,0.0001372137339785695,,,,
,6535,,0.0001372137339785695,,,,
,6536,,0.10909713804721832,,,,
,6537,,0.10923702269792557,,,,
,6538,,0.10923702269792557,,,,
,6539,,0.09159617871046066,,,,
,6540,,0.011377002112567425,,,,
,6541,,0.011377002112567425,,,,
,6542,,0.060659006237983704,,,,
,6543,,0.000559842970687896,,,,
,6544,,0.008943111635744572,,,,
,6545,,0.008943111635744572,,,,
,6546,,0.043014805763959885,,,,
,6547,,0.024087946861982346,,,,
,6548,,0.024087946861982346,,,,
,6549,,0.0002191990497522056,,,,
,6550,,0.00093252764781937,,,,
,6551,,0.00093252764781937,,,,
,6552,,0.049340397119522095,,,,
,6553,,0.004764541983604431,,,,
,6554,,0.004764541983604431,,,,
,6555,,0.0002059381949948147,,,,
,6556,,0.00019871743279509246,,,,
,6557,,0.00019871743279509246,,,,
,6558,,0.0012047543423250318,,,,
,6559,,0.02181190438568592,,,,
,6560,,0.02181190438568592,,,,
,6561,,0.02181190438568592,,,,
,6562,,0.00012268770660739392,,,,
,6563,,0.000977684510871768,,,,
,6564,,0.000977684510871768,,,,
,6565,,0.011409630998969078,,,,
,6566,,0.003206465160474181,,,,
,6567,,0.003206465160474181,,,,
,6568,,5.291847628541291e-05,,,,
,6569,,7.088176789693534e-05,,,,
,6570,,7.088176789693534e-05,,,,
,6571,,0.00010493840090930462,,,,
,6572,,2.756309368123766e-05,,,,
,6573,,2.756309368123766e-05,,,,
,6574,,0.0001676860119914636,,,,
,6575,,2.809582292684354e-05,,,,
,6576,,0.00025368353817611933,,,,
,6577,,0.00025368353817611933,,,,
,6578,,0.0007195211946964264,,,,
,6579,,0.0003814792144112289,,,,
,6580,,0.0003814792144112289,,,,
,6581,,3.075333734159358e-05,,,,
,6582,,0.00013611216854769737,,,,
,6583,,0.0004603035340551287,,,,
,6584,,0.00013611216854769737,,,,
,6585,,0.00015904888277873397,,,,
,6586,,5.149325079401024e-05,,,,
,6587,,5.149325079401024e-05,,,,
,6588,,0.12746936082839966,,,,
,6589,,0.1159447506070137,,,,
,6590,,0.1159447506070137,,,,
,6591,,0.07109680026769638,,,,
,6592,,0.07109680026769638,,,,
,6593,,0.07109680026769638,,,,
,6594,,0.0007210056064650416,,,,
,6595,,0.009397522546350956,,,,
,6596,,0.009397522546350956,,,,
,6597,,0.054884713143110275,,,,
,6598,,0.0136099923402071,,,,
,6599,,0.0136099923402071,,,,
,6600,,0.0004210546030662954,,,,
,6601,,0.00014725944492965937,,,,
,6602,,0.0005709482356905937,,,,
,6603,,0.0005709482356905937,,,,
,6604,,0.053877901285886765,,,,
,6605,,0.003035304369404912,,,,
,6606,,0.003035304369404912,,,,
,6607,,0.00010626784205669537,,,,
,6608,,0.04467025026679039,,,,
,6609,,0.001205103355459869,,,,
,6610,,0.001205103355459869,,,,
,6611,,0.008053896017372608,,,,
,6612,,0.004728743340820074,,,,
,6613,,0.004728743340820074,,,,
,6614,,0.00012520630843937397,,,,
,6615,,0.0006678416393697262,,,,
,6616,,0.0006678416393697262,,,,
,6617,,0.002883326727896929,,,,
,6618,,0.0006570812547579408,,,,
,6619,,0.0002444447309244424,,,,
,6620,,0.0002444447309244424,,,,
,6621,,0.00010608605953166261,,,,
,6622,,0.00011766117677325383,,,,
,6623,,0.00011766117677325383,,,,
,6624,,0.00018433103105053306,,,,
,6625,,0.00018433103105053306,,,,
,6626,,0.00018433103105053306,,,,
,6627,,5.153986785444431e-05,,,,
,6628,,0.00013394805137068033,,,,
,6629,,0.000380677985958755,,,,
,6630,,0.000380677985958755,,,,
,6631,,0.001053410000167787,,,,
,6632,,0.0004918331978842616,,,,
,6633,,0.0004918331978842616,,,,
,6634,,3.403926530154422e-05,,,,
,6635,,4.5643901103176177e-05,,,,
,6636,,4.5643901103176177e-05,,,,
,6637,,0.00018799961253535002,,,,
,6638,,6.595056765945628e-05,,,,
,6639,,6.595056765945628e-05,,,,
,6640,,0.11040706932544708,,,,
,6641,,0.23006615042686462,,,,
,6642,,0.23006615042686462,,,,
,6643,,0.023405199870467186,,,,
,6644,,0.0001391164114465937,,,,
,6645,,0.014333267696201801,,,,
,6646,,0.014333267696201801,,,,
,6647,,9.503128967480734e-05,,,,
,6648,,0.000462653290014714,,,,
,6649,,0.000462653290014714,,,,
,6650,,0.018105998635292053,,,,
,6651,,0.0014437836362048984,,,,
,6652,,0.0014437836362048984,,,,
,6653,,6.327473238343373e-05,,,,
,6654,,5.553548180614598e-05,,,,
,6655,,5.553548180614598e-05,,,,
,6656,,0.012049339711666107,,,,
,6657,,0.012049339711666107,,,,
,6658,,0.012049339711666107,,,,
,6659,,4.293170786695555e-05,,,,
,6660,,0.00016495985619258136,,,,
,6661,,0.00016495985619258136,,,,
,6662,,0.0007650940679013729,,,,
,6663,,0.0023823915980756283,,,,
,6664,,0.0009296373464167118,,,,
,6665,,0.0009296373464167118,,,,
,6666,,3.4615342883626e-05,,,,
,6667,,4.71480016130954e-05,,,,
,6668,,4.71480016130954e-05,,,,
,6669,,0.0009538530721329153,,,,
,6670,,0.0002010904427152127,,,,
,6671,,7.756106788292527e-05,,,,
,6672,,7.756106788292527e-05,,,,
,6673,,4.626223380910233e-05,,,,
,6674,,0.000327252404531464,,,,
,6675,,0.000327252404531464,,,,
,6676,,0.00011311613343423232,,,,
,6677,,8.053251076489687e-05,,,,
,6678,,8.053251076489687e-05,,,,
,6679,,2.9845659810234793e-05,,,,
,6680,,0.00011524035653565079,,,,
,6681,,0.00011524035653565079,,,,
,6682,,0.0002646693028509617,,,,
,6683,,4.345181514509022e-05,,,,
,6684,,4.345181514509022e-05,,,,
,6685,,2.4107010176521726e-05,,,,
,6686,,0.0003913054533768445,,,,
,6687,,3.0208288080757484e-05,,,,
,6688,,3.0208288080757484e-05,,,,
,6689,,6.567486707353964e-05,,,,
,6690,,6.567486707353964e-05,,,,
,6691,,6.567486707353964e-05,,,,
,6692,,0.11872462183237076,,,,
,6693,,0.18410997092723846,,,,
,6694,,0.18410997092723846,,,,
,6695,,0.03786852955818176,,,,
,6696,,0.010097332298755646,,,,
,6697,,0.010097332298755646,,,,
,6698,,0.0001685841998551041,,,,
,6699,,0.00023611368669662625,,,,
,6700,,0.00023611368669662625,,,,
,6701,,0.014965157024562359,,,,
,6702,,0.0010106348199769855,,,,
,6703,,0.0010106348199769855,,,,
,6704,,6.726964784320444e-05,,,,
,6705,,0.0014013772597536445,,,,
,6706,,0.0008878340013325214,,,,
,6707,,0.0008878340013325214,,,,
,6708,,0.014122771099209785,,,,
,6709,,0.004972199909389019,,,,
,6710,,0.004972199909389019,,,,
,6711,,5.9567591961240396e-05,,,,
,6712,,0.00039560318691655993,,,,
,6713,,0.00018438728875480592,,,,
,6714,,0.00018438728875480592,,,,
,6715,,0.002795636421069503,,,,
,6716,,0.00021758205548394471,,,,
,6717,,0.00021758205548394471,,,,
,6718,,3.660606671473943e-05,,,,
,6719,,3.4700369724305347e-05,,,,
,6720,,3.4700369724305347e-05,,,,
,6721,,0.0008649082737974823,,,,
,6722,,0.0008649082737974823,,,,
,6723,,0.0008649082737974823,,,,
,6724,,5.172703095013276e-05,,,,
,6725,,0.00029282542527653277,,,,
,6726,,0.00029282542527653277,,,,
,6727,,5.990464342175983e-05,,,,
,6728,,7.357486902037635e-05,,,,
,6729,,7.357486902037635e-05,,,,
,6730,,5.553975279326551e-05,,,,
,6731,,0.0003598381008487195,,,,
,6732,,7.864945655455813e-05,,,,
,6733,,7.864945655455813e-05,,,,
,6734,,0.0005842539831064641,,,,
,6735,,5.4373151215258986e-05,,,,
,6736,,5.4373151215258986e-05,,,,
,6737,,2.502064853615593e-05,,,,
,6738,,0.00012876951950602233,,,,
,6739,,0.00012876951950602233,,,,
,6740,,8.082187559921294e-05,,,,
,6741,,7.22305994713679e-05,,,,
,6742,,7.22305994713679e-05,,,,
,6743,,0.11598376929759979,,,,
,6744,,0.09742456674575806,,,,
,6745,,0.09742456674575806,,,,
,6746,,0.03827512264251709,,,,
,6747,,0.0001006204474833794,,,,
,6748,,0.0032882513478398323,,,,
,6749,,0.0032882513478398323,,,,
,6750,,0.00019268467440269887,,,,
,6751,,0.0002099139674101025,,,,
,6752,,0.0002099139674101025,,,,
,6753,,0.010868276469409466,,,,
,6754,,0.010868276469409466,,,,
,6755,,0.010868276469409466,,,,
,6756,,6.874567770864815e-05,,,,
,6757,,0.0004996826755814254,,,,
,6758,,0.0004996826755814254,,,,
,6759,,0.01285895798355341,,,,
,6760,,0.0025126037653535604,,,,
,6761,,0.0025126037653535604,,,,
,6762,,6.128080713097006e-05,,,,
,6763,,8.295539737446234e-05,,,,
,6764,,8.295539737446234e-05,,,,
,6765,,0.0032729986123740673,,,,
,6782,16,,0.0129757234826684,,,
,6782,16,,,0.016131019219756126,0.6901763081550598,0.6901763081550598
0.001024633296765387,6783,17,,,,,
0.0034818986896425486,6784,17,,,,,
0.00014507070591207594,6785,17,,,,,
0.005443377420306206,6786,17,,,,,
0.030613431707024574,6787,17,,,,,
0.0018327153520658612,6788,17,,,,,
0.0013387028593569994,6789,17,,,,,
0.01246006228029728,6790,17,,,,,
0.01288387831300497,6791,17,,,,,
0.00011829553841380402,6792,17,,,,,
0.0027296377811580896,6793,17,,,,,
0.017806684598326683,6794,17,,,,,
0.0431804284453392,6795,17,,,,,
0.014324215240776539,6796,17,,,,,
0.00179109419696033,6797,17,,,,,
0.022110963240265846,6798,17,,,,,
0.021379277110099792,6799,17,,,,,
0.0006787737947888672,6800,17,,,,,
0.008266284130513668,6801,17,,,,,
7.277070835698396e-05,6802,17,,,,,
0.001698710024356842,6803,17,,,,,
0.001083397539332509,6804,17,,,,,
0.0003751667682081461,6805,17,,,,,
0.0006098352023400366,6806,17,,,,,
0.0003030650841537863,6807,17,,,,,
0.003303501522168517,6808,17,,,,,
0.006501040421426296,6809,17,,,,,
0.00013249243784230202,6810,17,,,,,
0.0030387877486646175,6811,17,,,,,
0.00032366072991862893,6812,17,,,,,
0.0002943865256384015,6813,17,,,,,
0.009898188523948193,6814,17,,,,,
0.0018861653516069055,6815,17,,,,,
0.0002164710604120046,6816,17,,,,,
0.009181896224617958,6817,17,,,,,
0.0044633736833930016,6818,17,,,,,
0.00646576564759016,6819,17,,,,,
0.011154661886394024,6820,17,,,,,
0.0008694781572557986,6821,17,,,,,
0.0014333310537040234,6822,17,,,,,
0.0010662352433428168,6823,17,,,,,
0.00036388958687894046,6824,17,,,,,
0.00020716401922982186,6825,17,,,,,
0.0003610462590586394,6826,17,,,,,
0.0008239127928391099,6827,17,,,,,
0.015284541063010693,6828,17,,,,,
0.0033054642844945192,6829,17,,,,,
9.797159873414785e-05,6830,17,,,,,
0.0026240157894790173,6831,17,,,,,
0.0005191001109778881,6832,17,,,,,
0.023051220923662186,6833,17,,,,,
0.0067224809899926186,6834,17,,,,,
0.00027849635807797313,6835,17,,,,,
0.005173234269022942,6836,17,,,,,
0.009273547679185867,6837,17,,,,,
0.00031290820334106684,6838,17,,,,,
0.0003885800833813846,6839,17,,,,,
6.948780355742201e-05,6840,17,,,,,
0.0010745726758614182,6841,17,,,,,
0.0018618045141920447,6842,17,,,,,
0.0002530496858526021,6843,17,,,,,
6.797099922550842e-05,6844,17,,,,,
0.0003565783554222435,6845,17,,,,,
0.0005504874279722571,6846,17,,,,,
0.004741498734802008,6847,17,,,,,
0.0003350128827150911,6848,17,,,,,
4.0070251998258755e-05,6849,17,,,,,
0.00010446164378663525,6850,17,,,,,
7.346236816374585e-05,6851,17,,,,,
0.0005393417668528855,6852,17,,,,,
0.00018713815370574594,6853,17,,,,,
0.000932370952796191,6854,17,,,,,
0.0010835276916623116,6855,17,,,,,
7.013364665908739e-05,6856,17,,,,,
0.007096231449395418,6857,17,,,,,
0.002470260951668024,6858,17,,,,,
0.00037753782817162573,6859,17,,,,,
0.00022720824927091599,6860,17,,,,,
0.0011295442236587405,6861,17,,,,,
8.957482350524515e-06,6862,17,,,,,
0.0005843855906277895,6863,17,,,,,
0.0005139835993759334,6864,17,,,,,
0.0022617951035499573,6865,17,,,,,
0.001932579674758017,6866,17,,,,,
7.18737137503922e-05,6867,17,,,,,
0.00014430588635150343,6868,17,,,,,
0.00015156615700107068,6869,17,,,,,
0.025046568363904953,6870,17,,,,,
0.0001356808061245829,6871,17,,,,,
9.204162779496983e-05,6872,17,,,,,
0.0033322032541036606,6873,17,,,,,
9.199789928970858e-05,6874,17,,,,,
5.6726559705566615e-05,6875,17,,,,,
0.0059707630425691605,6876,17,,,,,
0.00035236962139606476,6877,17,,,,,
5.871835310244933e-05,6878,17,,,,,
0.0017919758101925254,6879,17,,,,,
0.0011504896683618426,6880,17,,,,,
0.0015904121100902557,6881,17,,,,,
3.478366124909371e-05,6882,17,,,,,
0.0007123929099179804,6883,17,,,,,
0.00012930990487802774,6884,17,,,,,
0.07728934288024902,6885,17,,,,,
0.00515905162319541,6886,17,,,,,
0.049066368490457535,6887,17,,,,,
0.031058892607688904,6888,17,,,,,
0.11867524683475494,6889,17,,,,,
0.005551973823457956,6890,17,,,,,
0.00024171452969312668,6891,17,,,,,
0.00020684288756456226,6892,17,,,,,
0.00011823616659967229,6893,17,,,,,
0.00011864010593853891,6894,17,,,,,
0.0001486531546106562,6895,17,,,,,
5.3793348342878744e-05,6896,17,,,,,
0.0033348079305142164,6897,17,,,,,
0.00021585967624559999,6898,17,,,,,
0.00041571297333575785,6899,17,,,,,
0.00040428867214359343,6900,17,,,,,
0.013626602478325367,6901,17,,,,,
0.0013387424405664206,6902,17,,,,,
7.128826109692454e-05,6903,17,,,,,
0.00011676530994009227,6904,17,,,,,
0.02150881662964821,6905,17,,,,,
0.25114020705223083,6906,17,,,,,
0.0009969709208235145,6907,17,,,,,
0.016049344092607498,6908,17,,,,,
2.4749278964009136e-05,6909,17,,,,,
0.000955220137257129,6910,17,,,,,
0.0003030572843272239,6911,17,,,,,
0.0006218983326107264,6912,17,,,,,
0.00041451764991506934,6913,17,,,,,
0.00025737241958267987,6914,17,,,,,
0.0001464756642235443,6915,17,,,,,
0.00021014480444137007,6916,17,,,,,
0.04410502314567566,6917,17,,,,,
0.0002608924114611,6918,17,,,,,
3.92125548387412e-05,6919,17,,,,,
0.09424952417612076,6920,17,,,,,
0.00036053929943591356,6921,17,,,,,
2.5317660401924513e-05,6922,17,,,,,
0.00023264449555426836,6923,17,,,,,
0.011911577545106411,6924,17,,,,,
0.0015281742671504617,6925,17,,,,,
0.019193312153220177,6926,17,,,,,
0.013192852959036827,6927,17,,,,,
0.0007846481166779995,6928,17,,,,,
8.790024003246799e-05,6929,17,,,,,
0.0063008470460772514,6930,17,,,,,
0.00020871176093351096,6931,17,,,,,
0.001551078981719911,6932,17,,,,,
6.107777153374627e-05,6933,17,,,,,
0.000147165686939843,6934,17,,,,,
0.00023565151786897331,6935,17,,,,,
4.7739100409671664e-05,6936,17,,,,,
0.00043676834320649505,6937,17,,,,,
0.0010190267348662019,6938,17,,,,,
0.007792491000145674,6939,17,,,,,
0.006459677591919899,6940,17,,,,,
3.404045128263533e-05,6941,17,,,,,
0.002724632853642106,6942,17,,,,,
0.00017530455079395324,6943,17,,,,,
3.484453554847278e-05,6944,17,,,,,
0.0003523585619404912,6945,17,,,,,
0.001300904550589621,6946,17,,,,,
0.0030747170094400644,6947,17,,,,,
6.683370156679302e-05,6948,17,,,,,
0.004491899628192186,6949,17,,,,,
9.371068881591782e-05,6950,17,,,,,
0.0019764418248087168,6951,17,,,,,
0.00018549854576122016,6952,17,,,,,
0.0019349897047504783,6953,17,,,,,
0.001468804432079196,6954,17,,,,,
0.002666384680196643,6955,17,,,,,
0.0002519202826078981,6956,17,,,,,
1.6616173525108024e-05,6957,17,,,,,
0.0010176097275689244,6958,17,,,,,
0.001096439315006137,6959,17,,,,,
2.2523900042870082e-05,6960,17,,,,,
3.963649942306802e-05,6961,17,,,,,
2.163823774026241e-05,6962,17,,,,,
8.707204870006535e-06,6963,17,,,,,
1.135053298639832e-05,6964,17,,,,,
0.003722220892086625,6965,17,,,,,
0.0016115468461066484,6966,17,,,,,
0.0011256553698331118,6967,17,,,,,
0.001877342234365642,6968,17,,,,,
0.00023783727374393493,6969,17,,,,,
1.1033737791876774e-05,6970,17,,,,,
2.1502311938093044e-05,6971,17,,,,,
0.0006428469787351787,6972,17,,,,,
0.44733914732933044,6973,17,,,,,
0.00012047727796016261,6974,17,,,,,
6.928826769581065e-05,6975,17,,,,,
0.000767087156418711,6976,17,,,,,
0.04599175974726677,6977,17,,,,,
0.00010959716746583581,6978,17,,,,,
0.0020665214397013187,6979,17,,,,,
0.04008660838007927,6980,17,,,,,
0.11729855090379715,6981,17,,,,,
0.00014452477626036853,6982,17,,,,,
0.005727667361497879,6983,17,,,,,
0.00033615619759075344,6984,17,,,,,
0.0020880389492958784,6985,17,,,,,
0.0001653230719966814,6986,17,,,,,
0.0015238303458318114,6987,17,,,,,
0.0013360856100916862,6988,17,,,,,
4.959174111718312e-05,6989,17,,,,,
0.00013927428517490625,6990,17,,,,,
9.913654503179714e-05,6991,17,,,,,
0.0001314238616032526,6992,17,,,,,
0.001190911396406591,6993,17,,,,,
0.002215336775407195,6994,17,,,,,
0.0029593955259770155,6995,17,,,,,
0.002695933450013399,6996,17,,,,,
0.000419063784647733,6997,17,,,,,
0.0007657059468328953,6998,17,,,,,
0.013259761966764927,6999,17,,,,,
0.00019272221834398806,7000,17,,,,,
0.0001063920499291271,7001,17,,,,,
0.00019189879822079092,7002,17,,,,,
0.1443474441766739,7003,17,,,,,
0.001390936435200274,7004,17,,,,,
0.00257694604806602,7005,17,,,,,
0.0011087920283898711,7006,17,,,,,
0.00029222480952739716,7007,17,,,,,
0.0007387997466139495,7008,17,,,,,
0.0001635197550058365,7009,17,,,,,
9.800032421480864e-05,7010,17,,,,,
0.005583915859460831,7011,17,,,,,
0.0065460531041026115,7012,17,,,,,
0.0011373749002814293,7013,17,,,,,
0.034280166029930115,7014,17,,,,,
2.1876512619201094e-05,7015,17,,,,,
0.0005568608758039773,7016,17,,,,,
0.00024363171542063355,7017,17,,,,,
0.0016283044824376702,7018,17,,,,,
0.05414527282118797,7019,17,,,,,
0.0038754730485379696,7020,17,,,,,
0.0017966422019526362,7021,17,,,,,
0.002305361209437251,7022,17,,,,,
0.0003608733823057264,7023,17,,,,,
0.001310955616645515,7024,17,,,,,
0.000397086696466431,7025,17,,,,,
0.0007289994973689318,7026,17,,,,,
4.16569018852897e-05,7027,17,,,,,
0.00035602733260020614,7028,17,,,,,
0.0009016162948682904,7029,17,,,,,
0.00043819023994728923,7030,17,,,,,
7.89771947893314e-05,7031,17,,,,,
0.000309596216538921,7032,17,,,,,
0.0020644054748117924,7033,17,,,,,
0.0009073737892322242,7034,17,,,,,
0.005059860646724701,7035,17,,,,,
0.019148249179124832,7036,17,,,,,
0.004889997188001871,7037,17,,,,,
0.00021926967019680887,7038,17,,,,,
0.0002401804376859218,7039,17,,,,,
3.635597386164591e-05,7040,17,,,,,
0.0025049038231372833,7041,17,,,,,
0.00012295387568883598,7042,17,,,,,
0.0031487029045820236,7043,17,,,,,
8.718454046174884e-05,7044,17,,,,,
0.002664910163730383,7045,17,,,,,
0.003936453256756067,7046,17,,,,,
6.675004988210276e-05,7047,17,,,,,
0.0014542231801897287,7048,17,,,,,
0.058956533670425415,7049,17,,,,,
4.657659519580193e-05,7050,17,,,,,
0.001103643444366753,7051,17,,,,,
5.2206367399776354e-05,7052,17,,,,,
0.0017362759681418538,7053,17,,,,,
0.0017101748380810022,7054,17,,,,,
6.498986476799473e-05,7055,17,,,,,
0.0001853479479905218,7056,17,,,,,
0.00010730516805779189,7057,17,,,,,
0.0018072890816256404,7058,17,,,,,
0.014626072719693184,7059,17,,,,,
0.00793454609811306,7060,17,,,,,
2.8016454962198623e-05,7061,17,,,,,
0.0005312456632964313,7062,17,,,,,
0.03263380005955696,7063,17,,,,,
8.713499482837506e-06,7064,17,,,,,
0.0007058226619847119,7065,17,,,,,
0.001217215321958065,7066,17,,,,,
0.00045541071449406445,7067,17,,,,,
0.00023301901819650084,7068,17,,,,,
0.0060601383447647095,7069,17,,,,,
0.003762979293242097,7070,17,,,,,
1.463943044655025e-05,7071,17,,,,,
3.145277514704503e-05,7072,17,,,,,
0.014710204675793648,7073,17,,,,,
0.000121339711768087,7074,17,,,,,
0.0023098825477063656,7075,17,,,,,
8.341283682966605e-05,7076,17,,,,,
5.762075670645572e-05,7077,17,,,,,
0.0005808858550153673,7078,17,,,,,
0.00043704998097382486,7079,17,,,,,
1.9552637240849435e-05,7080,17,,,,,
0.0017133376095443964,7081,17,,,,,
0.00022404725314117968,7082,17,,,,,
6.885750190122053e-05,7083,17,,,,,
6.380370177794248e-05,7084,17,,,,,
0.0029497435316443443,7085,17,,,,,
1.5211753634503111e-05,7086,17,,,,,
2.5880866814986803e-05,7087,17,,,,,
0.00014886910503264517,7088,17,,,,,
0.0009045629412867129,7089,17,,,,,
0.00012869221973232925,7090,17,,,,,
2.7208507162868045e-05,7091,17,,,,,
0.002243263181298971,7092,17,,,,,
0.032052941620349884,7093,17,,,,,
1.662037175265141e-05,7094,17,,,,,
4.101072408957407e-05,7095,17,,,,,
8.838341273076367e-06,7096,17,,,,,
9.06412024050951e-05,7097,17,,,,,
0.00011048760643461719,7098,17,,,,,
0.19678440690040588,7099,17,,,,,
0.016687599942088127,7100,17,,,,,
1.7051543181878515e-05,7101,17,,,,,
1.56876485561952e-05,7102,17,,,,,
7.918466144474223e-05,7103,17,,,,,
0.00018052135419566184,7104,17,,,,,
0.0005015635397285223,7105,17,,,,,
0.039178699254989624,7106,17,,,,,
0.0077683040872216225,7107,17,,,,,
0.00012660223001148552,7108,17,,,,,
6.993056740611792e-05,7109,17,,,,,
0.0006258789217099547,7110,17,,,,,
0.0002947516622953117,7111,17,,,,,
0.00033511396031826735,7112,17,,,,,
8.919286483433098e-05,7113,17,,,,,
0.00027062109438702464,7114,17,,,,,
2.5781982913031243e-05,7115,17,,,,,
9.753336780704558e-05,7116,17,,,,,
0.008878166787326336,7117,17,,,,,
0.005405398551374674,7118,17,,,,,
0.0007840909529477358,7119,17,,,,,
0.00032688750070519745,7120,17,,,,,
6.723117257934064e-05,7121,17,,,,,
0.11547080427408218,7122,17,,,,,
0.00027161440812051296,7123,17,,,,,
0.00016440283798146993,7124,17,,,,,
0.0001375167048536241,7125,17,,,,,
0.0016437971498817205,7126,17,,,,,
0.0004325013142079115,7127,17,,,,,
0.0006201749783940613,7128,17,,,,,
0.0001863682409748435,7129,17,,,,,
3.3937158150365576e-05,7130,17,,,,,
0.00043372457730583847,7131,17,,,,,
2.8285407097428106e-05,7132,17,,,,,
0.008726317435503006,7133,17,,,,,
0.0010344898328185081,7134,17,,,,,
0.024471912533044815,7135,17,,,,,
0.00022701543639414012,7136,17,,,,,
0.000622142048086971,7137,17,,,,,
0.0008081215783022344,7138,17,,,,,
0.0007570389425382018,7139,17,,,,,
0.00423194095492363,7140,17,,,,,
8.618926221970469e-05,7141,17,,,,,
5.408754441305064e-05,7142,17,,,,,
3.588887193473056e-05,7143,17,,,,,
0.0012132774572819471,7144,17,,,,,
0.0012275103945285082,7145,17,,,,,
1.4091363482293673e-05,7146,17,,,,,
0.0004610928881447762,7147,17,,,,,
3.9257542084669694e-05,7148,17,,,,,
3.394970190129243e-05,7149,17,,,,,
0.0006320056272670627,7150,17,,,,,
0.012431783601641655,7151,17,,,,,
7.553510658908635e-05,7152,17,,,,,
3.5776571166934446e-05,7153,17,,,,,
0.013530587777495384,7154,17,,,,,
0.2794908285140991,7155,17,,,,,
0.00019807220087386668,7156,17,,,,,
9.359978139400482e-05,7157,17,,,,,
0.07248856872320175,7158,17,,,,,
0.221200093626976,7159,17,,,,,
0.12008832395076752,7160,17,,,,,
0.0016651280457153916,7161,17,,,,,
0.0005783968954347074,7162,17,,,,,
0.0001879845221992582,7163,17,,,,,
0.0016047947574406862,7164,17,,,,,
0.006919340696185827,7165,17,,,,,
0.011332518421113491,7166,17,,,,,
0.00030042766593396664,7167,17,,,,,
0.0010392565745860338,7168,17,,,,,
0.0008099887636490166,7169,17,,,,,
6.169413973111659e-05,7170,17,,,,,
0.007673964835703373,7171,17,,,,,
0.00787881575524807,7172,17,,,,,
0.0002297595638083294,7173,17,,,,,
0.0346125029027462,7174,17,,,,,
0.0010307994671165943,7175,17,,,,,
0.019629953429102898,7176,17,,,,,
0.0003274681803304702,7177,17,,,,,
0.0005743986694142222,7178,17,,,,,
0.15866374969482422,7179,17,,,,,
0.001994489226490259,7180,17,,,,,
0.01918056793510914,7181,17,,,,,
,6766,,4.750066727865487e-05,,,,
,6767,,0.0009219470084644854,,,,
,6768,,0.00011427724530221894,,,,
,6769,,0.00011427724530221894,,,,
,6770,,0.0001084573013940826,,,,
,6771,,0.0005077431560494006,,,,
,6772,,0.0005077431560494006,,,,
,6773,,5.19851892022416e-05,,,,
,6774,,7.663021824555472e-05,,,,
,6775,,7.663021824555472e-05,,,,
,6776,,0.00037813984090462327,,,,
,6777,,8.34806269267574e-05,,,,
,6778,,8.34806269267574e-05,,,,
,6779,,0.0025775812100619078,,,,
,6780,,0.010377617552876472,,,,
,6781,,0.010377617552876472,,,,
,6782,,0.003807872300967574,,,,
,6783,,0.00073300238000229,,,,
,6784,,0.0022628610022366047,,,,
,6785,,0.0022628610022366047,,,,
,6786,,2.9597907996503636e-05,,,,
,6787,,0.00015927592176012695,,,,
,6788,,0.00015927592176012695,,,,
,6789,,0.0004671838250942528,,,,
,6790,,0.00014883642143104225,,,,
,6791,,0.00014883642143104225,,,,
,6792,,8.151390829880256e-06,,,,
,6793,,1.7635660697123967e-05,,,,
,6794,,1.7635660697123967e-05,,,,
,6795,,0.0006549019017256796,,,,
,6796,,0.0006549019017256796,,,,
,6797,,0.0006549019017256796,,,,
,6798,,9.281007805839181e-06,,,,
,6799,,0.00014665935304947197,,,,
,6800,,3.668029239634052e-05,,,,
,6801,,3.668029239634052e-05,,,,
,6802,,0.0006660519284196198,,,,
,6803,,0.00033527612686157227,,,,
,6804,,0.00033527612686157227,,,,
,6805,,1.305556816078024e-05,,,,
,6806,,2.0377026885398664e-05,,,,
,6807,,2.0377026885398664e-05,,,,
,6808,,0.00032536638900637627,,,,
,6809,,4.5303931983653456e-05,,,,
,6810,,0.0005270539550110698,,,,
,6811,,4.5303931983653456e-05,,,,
,6812,,1.873719520517625e-05,,,,
,6813,,7.155576167861e-05,,,,
,6814,,7.155576167861e-05,,,,
,6815,,3.808398832916282e-05,,,,
,6816,,2.8439944799174555e-05,,,,
,6817,,2.8439944799174555e-05,,,,
,6818,,3.3667489333311096e-05,,,,
,6819,,0.00023312435951083899,,,,
,6820,,0.00023312435951083899,,,,
,6821,,6.234119064174592e-05,,,,
,6822,,2.8827556889154948e-05,,,,
,6823,,2.8827556889154948e-05,,,,
,6824,,3.35934673785232e-05,,,,
,6825,,4.106802225578576e-05,,,,
,6826,,0.0004673982039093971,,,,
,6827,,4.106802225578576e-05,,,,
,6828,,0.0009052383247762918,,,,
,6829,,0.0009052383247762918,,,,
,6830,,0.0009052383247762918,,,,
,6831,,0.003721780376508832,,,,
,6832,,0.005492245312780142,,,,
,6833,,0.005492245312780142,,,,
,6834,,0.0039225174114108086,,,,
,6835,,0.00170396757312119,,,,
,6836,,0.00170396757312119,,,,
,6837,,4.8188485379796475e-05,,,,
,6838,,7.169389573391527e-05,,,,
,6839,,7.169389573391527e-05,,,,
,6840,,0.0005773275624960661,,,,
,6841,,0.00011815934703918174,,,,
,6842,,0.00011815934703918174,,,,
,6843,,0.001274674548767507,,,,
,6844,,1.3339280485524796e-05,,,,
,6845,,4.466215614229441e-05,,,,
,6846,,4.466215614229441e-05,,,,
,6847,,0.0010171872563660145,,,,
,6848,,0.0005112244398333132,,,,
,6849,,0.0005112244398333132,,,,
,6850,,1.5166847333603073e-05,,,,
,6851,,0.0008281010086648166,,,,
,6852,,0.000151798507431522,,,,
,6853,,0.000151798507431522,,,,
,6854,,0.0012169221881777048,,,,
,6855,,0.00028991809813305736,,,,
,6856,,0.00028991809813305736,,,,
,6857,,2.5104873202508315e-05,,,,
,6858,,4.054550299770199e-05,,,,
,6859,,4.054550299770199e-05,,,,
,6860,,0.0005315254093147814,,,,
,6861,,0.0005315254093147814,,,,
,6862,,0.0005315254093147814,,,,
,6863,,3.4497239539632574e-05,,,,
,6864,,0.0001193388452520594,,,,
,6865,,0.0001193388452520594,,,,
,6866,,5.687363227480091e-05,,,,
,6867,,0.0001895262103062123,,,,
,6868,,0.0001895262103062123,,,,
,6869,,4.771525345859118e-05,,,,
,6870,,0.0012935082195326686,,,,
,6871,,9.552612027619034e-05,,,,
,6872,,9.552612027619034e-05,,,,
,6873,,7.272273796843365e-05,,,,
,6874,,5.1388440624577925e-05,,,,
,6875,,5.1388440624577925e-05,,,,
,6876,,4.023841393063776e-05,,,,
,6877,,0.00026115920627489686,,,,
,6878,,0.00026115920627489686,,,,
,6879,,0.0010012068087235093,,,,
,6880,,0.000643307575955987,,,,
,6881,,0.000643307575955987,,,,
,6882,,0.003545430488884449,,,,
,6883,,0.006241879425942898,,,,
,6884,,0.006241879425942898,,,,
,6885,,0.004867343697696924,,,,
,6886,,0.0010417620651423931,,,,
,6887,,0.0011016061762347817,,,,
,6888,,0.0011016061762347817,,,,
,6889,,3.414292586967349e-05,,,,
,6890,,3.556333467713557e-05,,,,
,6891,,3.556333467713557e-05,,,,
,6892,,0.0005518699181266129,,,,
,6893,,0.0005518699181266129,,,,
,6894,,0.0005518699181266129,,,,
,6895,,0.004538847133517265,,,,
,6896,,9.871219845081214e-06,,,,
,6897,,2.3947473891894333e-05,,,,
,6898,,2.3947473891894333e-05,,,,
,6899,,0.0009859921410679817,,,,
,6900,,0.0004997962969355285,,,,
,6901,,0.0004997962969355285,,,,
,6902,,1.034237902786117e-05,,,,
,6903,,1.9905539375031367e-05,,,,
,6904,,1.9905539375031367e-05,,,,
,6905,,0.000992991728708148,,,,
,6906,,9.962927288142964e-05,,,,
,6907,,9.962927288142964e-05,,,,
,6908,,2.0507628505583853e-05,,,,
,6909,,9.551103721605614e-05,,,,
,6910,,9.551103721605614e-05,,,,
,6911,,0.0004949587746523321,,,,
,6912,,0.0002654299314599484,,,,
,6913,,0.0002654299314599484,,,,
,6914,,0.0011080997064709663,,,,
,6915,,2.373124152654782e-05,,,,
,6916,,0.00019071852148044854,,,,
,6917,,0.00019071852148044854,,,,
,6918,,4.1312170651508495e-05,,,,
,6919,,2.395797855569981e-05,,,,
,6920,,2.395797855569981e-05,,,,
,6921,,2.8373748136800714e-05,,,,
,6922,,4.1975748899858445e-05,,,,
,6923,,4.1975748899858445e-05,,,,
,6924,,8.034083293750882e-05,,,,
,6925,,8.034083293750882e-05,,,,
,6926,,8.034083293750882e-05,,,,
,6927,,3.129606193397194e-05,,,,
,6928,,0.00015610108675900847,,,,
,6929,,0.0014259429881349206,,,,
,6930,,0.00015610108675900847,,,,
,6931,,0.0007217946113087237,,,,
,6932,,0.0005259659374132752,,,,
,6933,,0.0005259659374132752,,,,
,6934,,0.004420334007591009,,,,
,6935,,0.004519533831626177,,,,
,6936,,0.004519533831626177,,,,
,6937,,0.004715795163065195,,,,
,6938,,0.000637022138107568,,,,
,6939,,0.000637022138107568,,,,
,6940,,0.08751805871725082,,,,
,6941,,4.5904165745014325e-05,,,,
,6942,,0.0002559213316999376,,,,
,6943,,0.0002559213316999376,,,,
,6944,,0.0007394380518235266,,,,
,6945,,0.0004640257975552231,,,,
,6946,,0.0004640257975552231,,,,
,6947,,1.3032684364588931e-05,,,,
,6948,,0.00014177418779581785,,,,
,6949,,0.00014177418779581785,,,,
,6950,,0.0013154379557818174,,,,
,6951,,0.0002802152594085783,,,,
,6952,,0.0002802152594085783,,,,
,6953,,1.240272649738472e-05,,,,
,6954,,1.9139941286994144e-05,,,,
,6955,,1.9139941286994144e-05,,,,
,6956,,0.010441330261528492,,,,
,6957,,0.0015544312773272395,,,,
,6958,,0.0015544312773272395,,,,
,6959,,0.0015544312773272395,,,,
,6960,,3.049607948923949e-05,,,,
,6961,,0.00012079944281140342,,,,
,6962,,0.00012079944281140342,,,,
,6963,,0.0006400295533239841,,,,
,6964,,0.0004540095978882164,,,,
,6965,,0.0004540095978882164,,,,
,6966,,4.3025578634114936e-05,,,,
,6967,,6.12041330896318e-05,,,,
,6968,,6.12041330896318e-05,,,,
,6969,,6.0402293456718326e-05,,,,
,6970,,4.7881338105071336e-05,,,,
,6971,,4.7881338105071336e-05,,,,
,6972,,0.0005705333314836025,,,,
,6973,,4.835695290239528e-05,,,,
,6974,,0.0003618090122472495,,,,
,6975,,0.0003618090122472495,,,,
,6976,,8.490097388857976e-05,,,,
,6977,,7.515326433349401e-05,,,,
,6978,,7.515326433349401e-05,,,,
,6979,,4.3859115976374596e-05,,,,
,6980,,0.0002803790266625583,,,,
,6981,,0.002292119897902012,,,,
,6982,,0.0002803790266625583,,,,
,6983,,0.0011811095755547285,,,,
,6984,,0.0002844156988430768,,,,
,6985,,0.0002844156988430768,,,,
,6986,,0.004834366496652365,,,,
,6987,,0.005676681641489267,,,,
,6988,,0.005676681641489267,,,,
,6989,,0.003817529184743762,,,,
,6990,,0.003817529184743762,,,,
,6991,,0.003817529184743762,,,,
,6992,,5.633310865960084e-05,,,,
,6993,,0.00015267774870153517,,,,
,6994,,0.00015267774870153517,,,,
,6995,,0.0005743545480072498,,,,
,6996,,0.00042185300844721496,,,,
,6997,,0.00042185300844721496,,,,
,6998,,1.4815146641922183e-05,,,,
,6999,,0.0005127635668031871,,,,
,7000,,1.811860056477599e-05,,,,
,7001,,1.811860056477599e-05,,,,
,7002,,0.0009542451007291675,,,,
,7003,,0.00010075900354422629,,,,
,7004,,0.00010075900354422629,,,,
,7005,,2.008225055760704e-05,,,,
,7006,,0.131967231631279,,,,
,7007,,8.193000394385308e-05,,,,
,7008,,8.193000394385308e-05,,,,
,7009,,0.000633187242783606,,,,
,7010,,0.00030909411725588143,,,,
,7011,,0.00030909411725588143,,,,
,7012,,3.467444548732601e-05,,,,
,7013,,0.0002305741363670677,,,,
,7014,,0.0002305741363670677,,,,
,7015,,0.0002813275787048042,,,,
,7016,,0.0006090080132707953,,,,
,7017,,7.678001566091552e-05,,,,
,7018,,7.678001566091552e-05,,,,
,7019,,6.606731767533347e-05,,,,
,7020,,0.00010113280586665496,,,,
,7021,,0.00010113280586665496,,,,
,7022,,7.821939652785659e-05,,,,
,7023,,7.821939652785659e-05,,,,
,7024,,7.821939652785659e-05,,,,
,7025,,6.156131712486967e-05,,,,
,7026,,0.00018438344704918563,,,,
,7027,,0.0001579087838763371,,,,
,7028,,0.0001579087838763371,,,,
,7029,,0.00013852260599378496,,,,
,7030,,0.0005255263531580567,,,,
,7031,,0.0005255263531580567,,,,
,7032,,5.643545955535956e-05,,,,
,7033,,8.351636643055826e-05,,,,
,7034,,8.351636643055826e-05,,,,
,7035,,0.0008276207954622805,,,,
,7036,,0.00012587368837557733,,,,
,7037,,0.00012587368837557733,,,,
,7038,,0.0032886089757084846,,,,
,7039,,0.00906393863260746,,,,
,7040,,0.00906393863260746,,,,
,7041,,0.0014659990556538105,,,,
,7042,,0.0008759183110669255,,,,
,7043,,0.0011938788229599595,,,,
,7044,,0.0011938788229599595,,,,
,7045,,2.349235728615895e-05,,,,
,7046,,0.000192536594113335,,,,
,7047,,0.000192536594113335,,,,
,7048,,0.0002615828416310251,,,,
,7049,,0.00011054641800001264,,,,
,7050,,0.00011054641800001264,,,,
,7051,,2.2963236915529706e-05,,,,
,7052,,5.598170173470862e-05,,,,
,7053,,5.598170173470862e-05,,,,
,7054,,0.0002860490349121392,,,,
,7055,,0.0002860490349121392,,,,
,7056,,0.0002860490349121392,,,,
,7057,,1.1943028766836505e-05,,,,
,7058,,2.8258993552299216e-05,,,,
,7059,,2.8258993552299216e-05,,,,
,7060,,0.0004116586351301521,,,,
,7061,,0.0002699661417864263,,,,
,7062,,0.00030795062775723636,,,,
,7063,,0.00030795062775723636,,,,
,7064,,2.872937147913035e-05,,,,
,7065,,3.112538979621604e-05,,,,
,7066,,3.112538979621604e-05,,,,
,7067,,0.00014795819879509509,,,,
,7068,,0.0003305680875200778,,,,
,7069,,6.0273578128544614e-05,,,,
,7070,,6.0273578128544614e-05,,,,
,7071,,0.0001280691212741658,,,,
,7072,,9.671027510194108e-05,,,,
,7073,,9.671027510194108e-05,,,,
,7074,,5.589748980128206e-05,,,,
,7075,,6.064308399800211e-05,,,,
,7076,,6.064308399800211e-05,,,,
,7077,,7.385096978396177e-05,,,,
,7078,,0.00041768368100747466,,,,
,7079,,0.00041768368100747466,,,,
,7080,,5.303035140968859e-05,,,,
,7081,,7.480577914975584e-05,,,,
,7082,,7.480577914975584e-05,,,,
,7083,,4.773493128595874e-05,,,,
,7084,,0.0006987837259657681,,,,
,7085,,7.716984691796824e-05,,,,
,7086,,7.716984691796824e-05,,,,
,7087,,0.0002390985464444384,,,,
,7088,,0.0002390985464444384,,,,
,7089,,0.0002390985464444384,,,,
,7090,,0.003942018374800682,,,,
,7091,,0.0072905332781374454,,,,
,7092,,0.0072905332781374454,,,,
,7093,,0.0033373169135302305,,,,
,7094,,0.002290943404659629,,,,
,7095,,0.002290943404659629,,,,
,7096,,2.318611223017797e-05,,,,
,7097,,4.07462939620018e-05,,,,
,7098,,4.07462939620018e-05,,,,
,7099,,0.0003487810608930886,,,,
,7100,,7.2571994678583e-05,,,,
,7101,,7.2571994678583e-05,,,,
,7102,,9.791670890990645e-06,,,,
,7103,,0.0022995618637651205,,,,
,7104,,2.4485581889166497e-05,,,,
,7105,,2.4485581889166497e-05,,,,
,7106,,0.0005507941241376102,,,,
,7107,,0.00028307008324190974,,,,
,7108,,0.00028307008324190974,,,,
,7109,,8.985897693492007e-06,,,,
,7110,,0.0026312104891985655,,,,
,7111,,0.00010432850831421092,,,,
,7112,,0.00010432850831421092,,,,
,7113,,0.0004806092183571309,,,,
,7114,,9.600089833838865e-05,,,,
,7115,,9.600089833838865e-05,,,,
,7116,,1.6869791579665616e-05,,,,
,7117,,2.7675372621160932e-05,,,,
,7118,,2.7675372621160932e-05,,,,
,7119,,0.00020584817684721202,,,,
,7120,,0.00020584817684721202,,,,
,7121,,0.00020584817684721202,,,,
,7122,,5.615236659650691e-05,,,,
,7123,,9.65134531725198e-05,,,,
,7124,,9.65134531725198e-05,,,,
,7125,,3.87565596611239e-05,,,,
,7126,,0.0002460084215272218,,,,
,7127,,0.0002460084215272218,,,,
,7128,,5.530261114472523e-05,,,,
,7129,,0.005984701681882143,,,,
,7130,,6.746823055436835e-05,,,,
,7131,,6.746823055436835e-05,,,,
,7132,,7.954253669595346e-05,,,,
,7133,,9.650752326706424e-05,,,,
,7134,,9.650752326706424e-05,,,,
,7135,,5.104698720970191e-05,,,,
,7136,,0.0001792184339137748,,,,
,7137,,0.0001792184339137748,,,,
,7138,,0.00046998666948638856,,,,
,7139,,0.00034202419919893146,,,,
,7140,,0.00034202419919893146,,,,
,7141,,0.004283297806978226,,,,
,7142,,0.00691134762018919,,,,
,7143,,0.00691134762018919,,,,
,7144,,0.0011729702819138765,,,,
,7145,,0.003577966708689928,,,,
,7146,,0.00033428630558773875,,,,
,7147,,0.00033428630558773875,,,,
,7148,,2.3907261493150145e-05,,,,
,7149,,3.971550177084282e-05,,,,
,7150,,3.971550177084282e-05,,,,
,7151,,0.0001971372839761898,,,,
,7152,,0.0001971372839761898,,,,
,7153,,0.0001971372839761898,,,,
,7154,,1.4309388461697381e-05,,,,
,7155,,2.4041137294261716e-05,,,,
,7156,,2.4041137294261716e-05,,,,
,7157,,0.0002132207155227661,,,,
,7158,,0.00037316602538339794,,,,
,7159,,0.00037316602538339794,,,,
,7160,,9.689623766462319e-06,,,,
,7161,,1.3095344911562279e-05,,,,
,7162,,1.3095344911562279e-05,,,,
,7163,,0.00023966882145032287,,,,
,7181,17,,0.0013292504008859396,,,
,7181,17,,,0.009731144644320011,0.9420654773712158,0.9420654773712158
0.0024152586702257395,7182,18,,,,,
0.0014403483364731073,7183,18,,,,,
0.009408090263605118,7184,18,,,,,
0.0036686970852315426,7185,18,,,,,
0.009615719318389893,7186,18,,,,,
1.2947786672157235e-05,7187,18,,,,,
0.00018692515732254833,7188,18,,,,,
0.0003273004258517176,7189,18,,,,,
0.0018575327703729272,7190,18,,,,,
0.0025992111768573523,7191,18,,,,,
0.000931156100705266,7192,18,,,,,
2.518292239983566e-05,7193,18,,,,,
0.0007135678897611797,7194,18,,,,,
0.0004141370009165257,7195,18,,,,,
2.5184603146044537e-05,7196,18,,,,,
0.006233762949705124,7197,18,,,,,
0.00014457838551606983,7198,18,,,,,
7.127010030671954e-05,7199,18,,,,,
0.001491138944402337,7200,18,,,,,
0.07661014795303345,7201,18,,,,,
0.0005712363636121154,7202,18,,,,,
0.000603123102337122,7203,18,,,,,
0.00017139890405815095,7204,18,,,,,
0.002673523733392358,7205,18,,,,,
0.015774281695485115,7206,18,,,,,
0.00044486584374681115,7207,18,,,,,
0.010559698566794395,7208,18,,,,,
0.0032710121013224125,7209,18,,,,,
0.0013338918797671795,7210,18,,,,,
0.0010357487481087446,7211,18,,,,,
1.564646663609892e-05,7212,18,,,,,
0.002868464682251215,7213,18,,,,,
0.00021698640193790197,7214,18,,,,,
0.014024995267391205,7215,18,,,,,
0.000844817899633199,7216,18,,,,,
9.68659296631813e-05,7217,18,,,,,
0.012275992892682552,7218,18,,,,,
0.0001705675822449848,7219,18,,,,,
0.001017069793306291,7220,18,,,,,
0.0007619783282279968,7221,18,,,,,
0.0002780916984193027,7222,18,,,,,
0.0026809938717633486,7223,18,,,,,
5.272690032143146e-05,7224,18,,,,,
0.007022240199148655,7225,18,,,,,
5.8330402680439875e-05,7226,18,,,,,
0.0001644493459025398,7227,18,,,,,
5.621495802188292e-05,7228,18,,,,,
4.472251021070406e-05,7229,18,,,,,
0.00026904477272182703,7230,18,,,,,
0.00047354341950267553,7231,18,,,,,
7.907592953415588e-05,7232,18,,,,,
3.196204488631338e-05,7233,18,,,,,
0.0016739153070375323,7234,18,,,,,
0.001685112016275525,7235,18,,,,,
0.0003077186120208353,7236,18,,,,,
0.0004160366370342672,7237,18,,,,,
0.0003660354996100068,7238,18,,,,,
0.00028724162257276475,7239,18,,,,,
1.540332414151635e-05,7240,18,,,,,
0.03756964951753616,7241,18,,,,,
0.0007561034290120006,7242,18,,,,,
0.0015118321171030402,7243,18,,,,,
2.0563391444738954e-05,7244,18,,,,,
0.0001257964613614604,7245,18,,,,,
0.00011599610297707841,7246,18,,,,,
8.898966189008206e-05,7247,18,,,,,
0.0006165937520563602,7248,18,,,,,
0.0001948102144524455,7249,18,,,,,
2.2914518922334537e-05,7250,18,,,,,
0.0005184013280086219,7251,18,,,,,
0.00047600065590813756,7252,18,,,,,
0.18387560546398163,7253,18,,,,,
0.00025993239250965416,7254,18,,,,,
0.00018635719607118517,7255,18,,,,,
0.0009495850536040962,7256,18,,,,,
0.0032845190726220608,7257,18,,,,,
0.0060439519584178925,7258,18,,,,,
0.03683077171444893,7259,18,,,,,
0.0005825177067890763,7260,18,,,,,
0.024851538240909576,7261,18,,,,,
0.0012102728942409158,7262,18,,,,,
9.25823551369831e-05,7263,18,,,,,
0.000456992449471727,7264,18,,,,,
0.04350595921278,7265,18,,,,,
0.0038334676064550877,7266,18,,,,,
0.008720437996089458,7267,18,,,,,
0.0003893307875841856,7268,18,,,,,
0.013384799472987652,7269,18,,,,,
0.05671161040663719,7270,18,,,,,
0.001179330050945282,7271,18,,,,,
0.04432839900255203,7272,18,,,,,
0.0009561637998558581,7273,18,,,,,
0.17019927501678467,7274,18,,,,,
6.224380194908008e-05,7275,18,,,,,
0.002641988219693303,7276,18,,,,,
0.0003072905819863081,7277,18,,,,,
0.0002521843707654625,7278,18,,,,,
0.0007806159555912018,7279,18,,,,,
0.035501133650541306,7280,18,,,,,
0.00026202929439023137,7281,18,,,,,
0.00013890267291571945,7282,18,,,,,
0.00044797250302508473,7283,18,,,,,
0.0009777664672583342,7284,18,,,,,
0.0005389978177845478,7285,18,,,,,
0.01028390508145094,7286,18,,,,,
0.02005728892982006,7287,18,,,,,
0.0006906136404722929,7288,18,,,,,
0.00451140571385622,7289,18,,,,,
0.006785121746361256,7290,18,,,,,
0.0001422253408236429,7291,18,,,,,
0.0006567033706232905,7292,18,,,,,
0.003075027372688055,7293,18,,,,,
0.012538912706077099,7294,18,,,,,
0.0010084804380312562,7295,18,,,,,
4.1299372242065147e-05,7296,18,,,,,
0.0022135868202894926,7297,18,,,,,
0.0004152726905886084,7298,18,,,,,
0.00016412870900239795,7299,18,,,,,
0.0002072805364150554,7300,18,,,,,
0.00012308753503020853,7301,18,,,,,
0.0005144952447153628,7302,18,,,,,
0.0017721987096592784,7303,18,,,,,
3.2551022741245106e-05,7304,18,,,,,
0.00016802358732093126,7305,18,,,,,
0.13481594622135162,7306,18,,,,,
0.0003811145725194365,7307,18,,,,,
0.0008421161328442395,7308,18,,,,,
0.0003141093475278467,7309,18,,,,,
8.01750720711425e-05,7310,18,,,,,
0.013741335831582546,7311,18,,,,,
2.378831777605228e-05,7312,18,,,,,
0.00010680421110009775,7313,18,,,,,
0.2173958420753479,7314,18,,,,,
0.00011488189920783043,7315,18,,,,,
0.0008951200870797038,7316,18,,,,,
0.00176055112387985,7317,18,,,,,
0.0007501905201934278,7318,18,,,,,
0.005634892266243696,7319,18,,,,,
6.630136340390891e-05,7320,18,,,,,
0.00010656546510290354,7321,18,,,,,
5.349833736545406e-05,7322,18,,,,,
0.0002488316094968468,7323,18,,,,,
0.00015046259795781225,7324,18,,,,,
0.00034438486909493804,7325,18,,,,,
3.866559927701019e-05,7326,18,,,,,
0.0002673859416972846,7327,18,,,,,
0.00015777132648508996,7328,18,,,,,
0.4045821726322174,7329,18,,,,,
9.445308387512341e-05,7330,18,,,,,
0.008825105614960194,7331,18,,,,,
0.0012502489844337106,7332,18,,,,,
0.00020684569608420134,7333,18,,,,,
1.5598883692291565e-05,7334,18,,,,,
0.0004645410808734596,7335,18,,,,,
0.003696548053994775,7336,18,,,,,
0.00019301974680274725,7337,18,,,,,
0.17648164927959442,7338,18,,,,,
0.00015573028940707445,7339,18,,,,,
0.0007290566572919488,7340,18,,,,,
0.0003204830863978714,7341,18,,,,,
9.101889736484736e-05,7342,18,,,,,
0.00019632586918305606,7343,18,,,,,
0.0004099310899619013,7344,18,,,,,
0.007582376711070538,7345,18,,,,,
0.0005352256703190506,7346,18,,,,,
0.0017503425478935242,7347,18,,,,,
7.408633973682299e-05,7348,18,,,,,
0.23938672244548798,7349,18,,,,,
0.00015655065362807363,7350,18,,,,,
2.9561613700934686e-05,7351,18,,,,,
0.00037589887506328523,7352,18,,,,,
0.0027834568172693253,7353,18,,,,,
0.0018010884523391724,7354,18,,,,,
0.00012622447684407234,7355,18,,,,,
0.04043813422322273,7356,18,,,,,
7.592728798044845e-05,7357,18,,,,,
0.0009097573347389698,7358,18,,,,,
0.00016844617493916303,7359,18,,,,,
4.2201649193884805e-05,7360,18,,,,,
0.005072429776191711,7361,18,,,,,
0.00357242114841938,7362,18,,,,,
0.007203187793493271,7363,18,,,,,
0.04829226806759834,7364,18,,,,,
0.0005580972647294402,7365,18,,,,,
0.032119590789079666,7366,18,,,,,
0.012076596729457378,7367,18,,,,,
0.029553577303886414,7368,18,,,,,
0.008891507051885128,7369,18,,,,,
5.5218963098013774e-05,7370,18,,,,,
0.015108756721019745,7371,18,,,,,
0.00010735096293501556,7372,18,,,,,
0.0003716170322149992,7373,18,,,,,
9.686724297353067e-06,7374,18,,,,,
0.00014897764776833355,7375,18,,,,,
0.015859901905059814,7376,18,,,,,
0.0020597223192453384,7377,18,,,,,
0.04539315775036812,7378,18,,,,,
0.00043765100417658687,7379,18,,,,,
0.00014838197967037559,7380,18,,,,,
3.798751640715636e-05,7381,18,,,,,
0.024815043434500694,7382,18,,,,,
0.00018971726240124553,7383,18,,,,,
0.042370475828647614,7384,18,,,,,
0.0012645270908251405,7385,18,,,,,
0.00039062468567863107,7386,18,,,,,
0.00037333471118472517,7387,18,,,,,
4.05159626097884e-05,7388,18,,,,,
0.002635341137647629,7389,18,,,,,
0.00018857105169445276,7390,18,,,,,
0.0004120192024856806,7391,18,,,,,
4.753743633045815e-05,7392,18,,,,,
0.0036392882466316223,7393,18,,,,,
6.47634660708718e-05,7394,18,,,,,
0.0006192963337525725,7395,18,,,,,
0.001337121706455946,7396,18,,,,,
0.008535776287317276,7397,18,,,,,
0.2770443558692932,7398,18,,,,,
0.00018413363432046026,7399,18,,,,,
0.0002470348554197699,7400,18,,,,,
0.0007501716609112918,7401,18,,,,,
0.00022390561935026199,7402,18,,,,,
0.00018031553190667182,7403,18,,,,,
3.6845118302153423e-05,7404,18,,,,,
0.0003761787083931267,7405,18,,,,,
0.03288266807794571,7406,18,,,,,
0.0009580489131622016,7407,18,,,,,
0.0011563022853806615,7408,18,,,,,
0.00010441444464959204,7409,18,,,,,
3.7474019336514175e-05,7410,18,,,,,
0.0002765368262771517,7411,18,,,,,
0.00040479167364537716,7412,18,,,,,
0.004297369625419378,7413,18,,,,,
0.00041349403909407556,7414,18,,,,,
0.0021823160350322723,7415,18,,,,,
0.00015243531379383057,7416,18,,,,,
0.0006868854397907853,7417,18,,,,,
0.0008016970241442323,7418,18,,,,,
0.00020118389511480927,7419,18,,,,,
0.0005913530476391315,7420,18,,,,,
0.0005048513412475586,7421,18,,,,,
0.004535225685685873,7422,18,,,,,
0.0019524358212947845,7423,18,,,,,
0.0002409643930150196,7424,18,,,,,
0.026284389197826385,7425,18,,,,,
0.06146877631545067,7426,18,,,,,
0.0010755638359114528,7427,18,,,,,
0.1116727739572525,7428,18,,,,,
8.954071381594986e-05,7429,18,,,,,
0.00029092904878780246,7430,18,,,,,
0.0020388634875416756,7431,18,,,,,
0.0014305077493190765,7432,18,,,,,
0.0005442507681436837,7433,18,,,,,
0.0005239020101726055,7434,18,,,,,
0.0056122904643416405,7435,18,,,,,
0.04414285719394684,7436,18,,,,,
0.0006933917757123709,7437,18,,,,,
0.00023261309252120554,7438,18,,,,,
0.0002611523086670786,7439,18,,,,,
0.002082552295178175,7440,18,,,,,
0.009602366015315056,7441,18,,,,,
0.004794024396687746,7442,18,,,,,
0.00011493988859001547,7443,18,,,,,
0.003765290603041649,7444,18,,,,,
0.04856244847178459,7445,18,,,,,
0.010153541341423988,7446,18,,,,,
0.005393953528255224,7447,18,,,,,
0.0029290644451975822,7448,18,,,,,
1.6955689716269262e-05,7449,18,,,,,
0.004054123070091009,7450,18,,,,,
0.0008402040111832321,7451,18,,,,,
0.05362050607800484,7452,18,,,,,
0.00026593790971674025,7453,18,,,,,
0.0013936461182311177,7454,18,,,,,
8.017262007342651e-05,7455,18,,,,,
0.0003184151719324291,7456,18,,,,,
0.00023867168056312948,7457,18,,,,,
0.0018123353365808725,7458,18,,,,,
0.00012771390902344137,7459,18,,,,,
0.00018823397113010287,7460,18,,,,,
0.001955997897312045,7461,18,,,,,
0.0009682123200036585,7462,18,,,,,
0.003563766134902835,7463,18,,,,,
0.0030397879891097546,7464,18,,,,,
3.8954534829827026e-05,7465,18,,,,,
0.00015911614173091948,7466,18,,,,,
0.5636706352233887,7467,18,,,,,
0.00015346672444138676,7468,18,,,,,
0.010691286064684391,7469,18,,,,,
0.00029584302683360875,7470,18,,,,,
0.009813101030886173,7471,18,,,,,
0.0005570411449298263,7472,18,,,,,
0.00013470019621308893,7473,18,,,,,
0.0001100336157833226,7474,18,,,,,
0.00016288890037685633,7475,18,,,,,
0.002345637185499072,7476,18,,,,,
0.0002509767946321517,7477,18,,,,,
0.00023509828315582126,7478,18,,,,,
0.0006538292509503663,7479,18,,,,,
0.00034971811692230403,7480,18,,,,,
0.09357471764087677,7481,18,,,,,
0.008365079760551453,7482,18,,,,,
0.001281652832403779,7483,18,,,,,
0.0011545548914000392,7484,18,,,,,
0.001289332052692771,7485,18,,,,,
0.0017981220735237002,7486,18,,,,,
0.03665664792060852,7487,18,,,,,
0.0006993915885686874,7488,18,,,,,
0.0010470907436683774,7489,18,,,,,
0.011333703063428402,7490,18,,,,,
0.3375470042228699,7491,18,,,,,
0.012501304037868977,7492,18,,,,,
0.001386176678352058,7493,18,,,,,
0.08399000018835068,7494,18,,,,,
0.00018877268303185701,7495,18,,,,,
0.012684620916843414,7496,18,,,,,
0.010894040577113628,7497,18,,,,,
0.0008701998740434647,7498,18,,,,,
0.007284227758646011,7499,18,,,,,
0.0009685438126325607,7500,18,,,,,
0.0008672158583067358,7501,18,,,,,
0.0007500389474444091,7502,18,,,,,
0.0022926025558263063,7503,18,,,,,
0.000327886373270303,7504,18,,,,,
0.01444190088659525,7505,18,,,,,
0.001204754924401641,7506,18,,,,,
0.0003460068255662918,7507,18,,,,,
0.0026366617530584335,7508,18,,,,,
0.05961710959672928,7509,18,,,,,
0.25963345170021057,7510,18,,,,,
0.04024841636419296,7511,18,,,,,
0.002219763118773699,7512,18,,,,,
0.0008643672917969525,7513,18,,,,,
0.00019165694538969547,7514,18,,,,,
0.0003188816481269896,7515,18,,,,,
0.015698498114943504,7516,18,,,,,
0.21932421624660492,7517,18,,,,,
0.0038412711583077908,7518,18,,,,,
0.11451589316129684,7519,18,,,,,
0.00025454413844272494,7520,18,,,,,
0.008800811134278774,7521,18,,,,,
5.8500674640526995e-05,7522,18,,,,,
0.003513884264975786,7523,18,,,,,
0.0004904836532659829,7524,18,,,,,
0.00603953143581748,7525,18,,,,,
0.0016669093165546656,7526,18,,,,,
0.000476748013170436,7527,18,,,,,
0.0031587572302669287,7528,18,,,,,
0.0013987133279442787,7529,18,,,,,
0.0013041505590081215,7530,18,,,,,
0.31531253457069397,7531,18,,,,,
0.0066388193517923355,7532,18,,,,,
0.0006277045467868447,7533,18,,,,,
0.0022508748807013035,7534,18,,,,,
0.027193710207939148,7535,18,,,,,
0.001973469741642475,7536,18,,,,,
0.0033210807014256716,7537,18,,,,,
0.0009032671805471182,7538,18,,,,,
0.04986085370182991,7539,18,,,,,
0.02145221084356308,7540,18,,,,,
0.001733493758365512,7541,18,,,,,
0.0013742283917963505,7542,18,,,,,
0.0001008062026812695,7543,18,,,,,
0.007332280278205872,7544,18,,,,,
0.000982684432528913,7545,18,,,,,
0.00030643472564406693,7546,18,,,,,
0.016786182299256325,7547,18,,,,,
0.0001078407367458567,7548,18,,,,,
0.00032109327730722725,7549,18,,,,,
0.0024215662851929665,7550,18,,,,,
0.0007474281010217965,7551,18,,,,,
0.0010205990402027965,7552,18,,,,,
0.0010582511313259602,7553,18,,,,,
0.007280095014721155,7554,18,,,,,
0.0005938747781328857,7555,18,,,,,
0.005846046842634678,7556,18,,,,,
0.0007132880273275077,7557,18,,,,,
0.0018395028309896588,7558,18,,,,,
0.00016445500659756362,7559,18,,,,,
0.0024967219214886427,7560,18,,,,,
0.027135349810123444,7561,18,,,,,
0.0004529340658336878,7562,18,,,,,
0.0003602054202929139,7563,18,,,,,
0.06178504601120949,7564,18,,,,,
0.0001268100895686075,7565,18,,,,,
0.004279785323888063,7566,18,,,,,
0.0007536031771451235,7567,18,,,,,
0.0010379974264651537,7568,18,,,,,
0.0007161303656175733,7569,18,,,,,
0.0024838459212332964,7570,18,,,,,
8.657393482280895e-05,7571,18,,,,,
0.000106874416815117,7572,18,,,,,
0.02481456845998764,7573,18,,,,,
0.002028831047937274,7574,18,,,,,
0.0003393562219571322,7575,18,,,,,
0.0004556382482405752,7576,18,,,,,
0.0001586095750099048,7577,18,,,,,
0.000737341120839119,7578,18,,,,,
0.00043690609163604677,7579,18,,,,,
0.0008627919596619904,7580,18,,,,,
,7164,,2.1636906240019016e-05,,,,
,7165,,0.00011861623352160677,,,,
,7166,,0.00013017779565416276,,,,
,7167,,0.00013017779565416276,,,,
,7168,,1.5884983440628275e-05,,,,
,7169,,1.3703037438972387e-05,,,,
,7170,,1.3703037438972387e-05,,,,
,7171,,9.122119990934152e-06,,,,
,7172,,9.905461411108263e-06,,,,
,7173,,9.905461411108263e-06,,,,
,7174,,1.2076046004949603e-05,,,,
,7175,,8.802179945632815e-05,,,,
,7176,,8.802179945632815e-05,,,,
,7177,,0.12017928063869476,,,,
,7178,,0.18372087180614471,,,,
,7179,,0.18372087180614471,,,,
,7180,,3.898296199622564e-05,,,,
,7181,,6.117188604548573e-05,,,,
,7182,,3.86982828786131e-05,,,,
,7183,,3.86982828786131e-05,,,,
,7184,,2.640350430738181e-05,,,,
,7185,,1.5460100257769227e-05,,,,
,7186,,1.5460100257769227e-05,,,,
,7187,,1.937821798492223e-05,,,,
,7188,,1.8374097635387443e-05,,,,
,7189,,1.8374097635387443e-05,,,,
,7190,,9.536542165733408e-06,,,,
,7191,,1.0370946256443858e-05,,,,
,7192,,1.0370946256443858e-05,,,,
,7193,,3.3114531106548384e-05,,,,
,7194,,3.3114531106548384e-05,,,,
,7195,,3.3114531106548384e-05,,,,
,7196,,8.543101102986839e-06,,,,
,7197,,4.968433131580241e-05,,,,
,7198,,1.3008936548430938e-05,,,,
,7199,,1.3008936548430938e-05,,,,
,7200,,1.3832798686053138e-05,,,,
,7201,,9.852518815023359e-06,,,,
,7202,,9.852518815023359e-06,,,,
,7203,,5.886600320081925e-06,,,,
,7204,,7.924436431494541e-06,,,,
,7205,,7.924436431494541e-06,,,,
,7206,,1.4382330846274272e-05,,,,
,7207,,5.670915015798528e-06,,,,
,7208,,0.00019220542162656784,,,,
,7209,,5.670915015798528e-06,,,,
,7210,,8.100451850623358e-06,,,,
,7211,,1.3511767065210734e-05,,,,
,7212,,1.3511767065210734e-05,,,,
,7213,,1.5205971067189239e-05,,,,
,7214,,1.6335654436261393e-05,,,,
,7215,,1.6335654436261393e-05,,,,
,7216,,2.1097290300531313e-05,,,,
,7217,,0.00010157989163417369,,,,
,7218,,0.00010157989163417369,,,,
,7219,,1.326277015323285e-05,,,,
,7220,,7.754165380902123e-06,,,,
,7221,,7.754165380902123e-06,,,,
,7222,,7.084343451424502e-06,,,,
,7223,,6.2839658312441316e-06,,,,
,7224,,2.2507130779558793e-05,,,,
,7225,,6.2839658312441316e-06,,,,
,7226,,7.852164344512857e-06,,,,
,7227,,7.852164344512857e-06,,,,
,7228,,7.852164344512857e-06,,,,
,7229,,0.10662011057138443,,,,
,7230,,0.14965032041072845,,,,
,7231,,0.14965032041072845,,,,
,7232,,6.175948510644957e-05,,,,
,7233,,4.1107159631792456e-05,,,,
,7234,,4.1107159631792456e-05,,,,
,7235,,1.009839525067946e-05,,,,
,7236,,1.059219994203886e-05,,,,
,7237,,1.059219994203886e-05,,,,
,7238,,9.241090083378367e-06,,,,
,7239,,5.68793211641605e-06,,,,
,7240,,5.68793211641605e-06,,,,
,7241,,5.486044392455369e-05,,,,
,7242,,5.534642696147785e-06,,,,
,7243,,8.380779945582617e-06,,,,
,7244,,8.380779945582617e-06,,,,
,7245,,4.540302688837983e-05,,,,
,7246,,4.319749496062286e-05,,,,
,7247,,4.319749496062286e-05,,,,
,7248,,5.171363227418624e-06,,,,
,7249,,3.44611398759298e-05,,,,
,7250,,6.15217777522048e-06,,,,
,7251,,6.15217777522048e-06,,,,
,7252,,1.9397861251491122e-05,,,,
,7253,,7.317038580367807e-06,,,,
,7254,,7.317038580367807e-06,,,,
,7255,,5.784384029539069e-06,,,,
,7256,,3.962270511692623e-06,,,,
,7257,,3.962270511692623e-06,,,,
,7258,,1.788532426871825e-05,,,,
,7259,,1.788532426871825e-05,,,,
,7260,,1.788532426871825e-05,,,,
,7261,,6.4258506426995154e-06,,,,
,7262,,1.2692623386101332e-05,,,,
,7263,,1.2692623386101332e-05,,,,
,7264,,2.070310802082531e-05,,,,
,7265,,1.5142846677917987e-05,,,,
,7266,,1.5142846677917987e-05,,,,
,7267,,3.565023507690057e-05,,,,
,7268,,2.590721851447597e-05,,,,
,7269,,5.557975237024948e-05,,,,
,7270,,5.557975237024948e-05,,,,
,7271,,1.685859569988679e-05,,,,
,7272,,5.080535629531369e-06,,,,
,7273,,5.080535629531369e-06,,,,
,7274,,6.300937002379214e-06,,,,
,7275,,9.966620382328983e-06,,,,
,7276,,9.966620382328983e-06,,,,
,7277,,6.385389042407041e-06,,,,
,7278,,7.49446780901053e-06,,,,
,7279,,7.49446780901053e-06,,,,
,7280,,0.08718559145927429,,,,
,7281,,0.08580894768238068,,,,
,7282,,0.08580894768238068,,,,
,7283,,4.850396726396866e-05,,,,
,7284,,0.00014012728934176266,,,,
,7285,,1.7017533537000418e-05,,,,
,7286,,1.7017533537000418e-05,,,,
,7287,,1.2675305697484873e-05,,,,
,7288,,9.150371624855325e-06,,,,
,7289,,9.150371624855325e-06,,,,
,7290,,8.090539267868735e-06,,,,
,7291,,8.090539267868735e-06,,,,
,7292,,8.090539267868735e-06,,,,
,7293,,4.281970177544281e-05,,,,
,7294,,5.693587354471674e-06,,,,
,7295,,9.800847692531534e-06,,,,
,7296,,9.800847692531534e-06,,,,
,7297,,3.5442957596387714e-05,,,,
,7298,,2.5609644580981694e-05,,,,
,7299,,2.5609644580981694e-05,,,,
,7300,,5.03511637361953e-06,,,,
,7301,,7.021863893896807e-06,,,,
,7302,,7.021863893896807e-06,,,,
,7303,,1.654785046412144e-05,,,,
,7304,,4.836446350964252e-06,,,,
,7305,,4.836446350964252e-06,,,,
,7306,,6.034139460098231e-06,,,,
,7307,,7.655176887055859e-06,,,,
,7308,,7.655176887055859e-06,,,,
,7309,,1.526307823951356e-05,,,,
,7310,,1.586419966770336e-05,,,,
,7311,,1.586419966770336e-05,,,,
,7312,,4.358786827651784e-05,,,,
,7313,,7.30002921045525e-06,,,,
,7314,,7.857291166146751e-06,,,,
,7315,,7.857291166146751e-06,,,,
,7316,,1.6216094081755728e-05,,,,
,7317,,6.238515652512433e-06,,,,
,7318,,6.238515652512433e-06,,,,
,7319,,2.1562316760537215e-05,,,,
,7320,,2.2906535377842374e-05,,,,
,7321,,2.2906535377842374e-05,,,,
,7322,,1.373909708490828e-05,,,,
,7323,,1.373909708490828e-05,,,,
,7324,,1.373909708490828e-05,,,,
,7325,,6.12496887697489e-06,,,,
,7326,,9.458746717427857e-06,,,,
,7327,,0.00030671729473397136,,,,
,7328,,9.458746717427857e-06,,,,
,7329,,6.800026312703267e-06,,,,
,7330,,1.3650738765136339e-05,,,,
,7331,,1.3650738765136339e-05,,,,
,7332,,0.15042996406555176,,,,
,7333,,0.14299091696739197,,,,
,7334,,0.14299091696739197,,,,
,7335,,7.69352336646989e-05,,,,
,7336,,1.4593901141779497e-05,,,,
,7337,,1.4593901141779497e-05,,,,
,7338,,0.16242697834968567,,,,
,7339,,8.605536095274147e-06,,,,
,7340,,7.499721959902672e-06,,,,
,7341,,7.499721959902672e-06,,,,
,7342,,9.852600669546518e-06,,,,
,7343,,7.525620276283007e-06,,,,
,7344,,7.525620276283007e-06,,,,
,7345,,4.932935098622693e-06,,,,
,7346,,6.3387269619852304e-06,,,,
,7347,,6.3387269619852304e-06,,,,
,7348,,6.379737897077575e-05,,,,
,7349,,1.840220829762984e-05,,,,
,7350,,1.840220829762984e-05,,,,
,7351,,4.3142104004800785e-06,,,,
,7352,,4.251772224961314e-06,,,,
,7353,,4.251772224961314e-06,,,,
,7354,,0.0003921711177099496,,,,
,7355,,2.4045328245847486e-05,,,,
,7356,,2.4045328245847486e-05,,,,
,7357,,2.4045328245847486e-05,,,,
,7358,,5.563002559938468e-06,,,,
,7359,,1.181156676466344e-05,,,,
,7360,,1.181156676466344e-05,,,,
,7361,,2.1642195861204527e-05,,,,
,7362,,1.8144366549677216e-05,,,,
,7363,,1.8144366549677216e-05,,,,
,7364,,6.823201601946494e-06,,,,
,7365,,7.237590580189135e-06,,,,
,7366,,7.237590580189135e-06,,,,
,7367,,2.956209755211603e-05,,,,
,7368,,5.614075234916527e-06,,,,
,7369,,5.614075234916527e-06,,,,
,7370,,0.0008750749402679503,,,,
,7371,,5.0742826715577394e-05,,,,
,7372,,0.0003901756426785141,,,,
,7373,,0.0003901756426785141,,,,
,7374,,1.8210901544080116e-05,,,,
,7375,,1.965659248526208e-05,,,,
,7376,,1.965659248526208e-05,,,,
,7377,,6.516635949083138e-06,,,,
,7378,,8.950715709943324e-06,,,,
,7379,,0.00013627497537527233,,,,
,7380,,8.950715709943324e-06,,,,
,7381,,6.613439836655743e-06,,,,
,7382,,3.450290023465641e-05,,,,
,7383,,3.450290023465641e-05,,,,
,7384,,0.30205848813056946,,,,
,7385,,0.27939924597740173,,,,
,7386,,0.27939924597740173,,,,
,7387,,9.147694072453305e-05,,,,
,7388,,9.147694072453305e-05,,,,
,7389,,9.147694072453305e-05,,,,
,7390,,3.929771628463641e-05,,,,
,7391,,2.1513353203772567e-05,,,,
,7392,,2.1513353203772567e-05,,,,
,7393,,1.8025752069661394e-05,,,,
,7394,,1.4781372556171846e-05,,,,
,7395,,1.4781372556171846e-05,,,,
,7396,,1.4128685506875627e-05,,,,
,7397,,0.00020643642346840352,,,,
,7398,,1.5672692825319245e-05,,,,
,7399,,1.5672692825319245e-05,,,,
,7400,,0.0001003548240987584,,,,
,7401,,2.867584589694161e-05,,,,
,7402,,2.867584589694161e-05,,,,
,7403,,1.8215072486782447e-05,,,,
,7404,,0.028410805389285088,,,,
,7405,,2.2321937649394386e-05,,,,
,7406,,2.2321937649394386e-05,,,,
,7407,,4.099386933376081e-05,,,,
,7408,,4.3315601942595094e-05,,,,
,7409,,4.3315601942595094e-05,,,,
,7410,,1.7391737856087275e-05,,,,
,7411,,2.253875027236063e-05,,,,
,7412,,2.253875027236063e-05,,,,
,7413,,3.762112100957893e-05,,,,
,7414,,0.00015978010196704417,,,,
,7415,,1.7579675841261633e-05,,,,
,7416,,1.7579675841261633e-05,,,,
,7417,,2.4300683435285464e-05,,,,
,7418,,2.2909933250048198e-05,,,,
,7419,,2.2909933250048198e-05,,,,
,7420,,9.007892367662862e-05,,,,
,7421,,9.007892367662862e-05,,,,
,7422,,9.007892367662862e-05,,,,
,7423,,0.0005095438682474196,,,,
,7424,,0.00016065839736256748,,,,
,7425,,0.0031331919599324465,,,,
,7426,,0.0031331919599324465,,,,
,7427,,7.281037687789649e-05,,,,
,7428,,6.150180706754327e-05,,,,
,7429,,6.150180706754327e-05,,,,
,7430,,1.7449234292143956e-05,,,,
,7431,,1.885697383841034e-05,,,,
,7432,,1.885697383841034e-05,,,,
,7433,,1.4688189367006999e-05,,,,
,7434,,1.8079204892273992e-05,,,,
,7435,,1.8079204892273992e-05,,,,
,7436,,0.2726971209049225,,,,
,7437,,0.3392518162727356,,,,
,7438,,0.3392518162727356,,,,
,7439,,0.00012041511217830703,,,,
,7440,,0.00038961516111157835,,,,
,7441,,0.00012154005526099354,,,,
,7442,,0.00012154005526099354,,,,
,7443,,9.843048246693797e-06,,,,
,7444,,6.644564109592466e-06,,,,
,7445,,6.644564109592466e-06,,,,
,7446,,1.2387010428938083e-05,,,,
,7447,,9.752165169629734e-06,,,,
,7448,,9.752165169629734e-06,,,,
,7449,,6.153411050036084e-06,,,,
,7450,,5.636853984469781e-06,,,,
,7451,,5.636853984469781e-06,,,,
,7452,,8.488008461426944e-05,,,,
,7453,,8.488008461426944e-05,,,,
,7454,,8.488008461426944e-05,,,,
,7455,,6.403165571100544e-06,,,,
,7456,,1.2848354344896507e-05,,,,
,7457,,1.2848354344896507e-05,,,,
,7458,,6.0721398767782375e-05,,,,
,7459,,3.6648940294981e-05,,,,
,7460,,2.6178888219874352e-05,,,,
,7461,,2.6178888219874352e-05,,,,
,7462,,5.795776814920828e-06,,,,
,7463,,7.078645921865245e-06,,,,
,7464,,7.078645921865245e-06,,,,
,7465,,3.1262785341823474e-05,,,,
,7466,,4.4341013563098386e-05,,,,
,7467,,6.142019174149027e-06,,,,
,7468,,6.142019174149027e-06,,,,
,7469,,1.5201624592009466e-05,,,,
,7470,,4.661199636757374e-05,,,,
,7471,,4.661199636757374e-05,,,,
,7472,,0.00021475847461260855,,,,
,7473,,0.00020964830764569342,,,,
,7474,,0.00020964830764569342,,,,
,7475,,0.00034736175439320505,,,,
,7476,,0.0022557370830327272,,,,
,7477,,0.0022557370830327272,,,,
,7478,,8.600831642979756e-05,,,,
,7479,,1.74601827893639e-05,,,,
,7480,,1.74601827893639e-05,,,,
,7481,,1.157994665845763e-05,,,,
,7482,,0.00023531085753347725,,,,
,7483,,7.992603059392422e-06,,,,
,7484,,7.992603059392422e-06,,,,
,7485,,1.0894518709392287e-05,,,,
,7486,,1.0894518709392287e-05,,,,
,7487,,1.0894518709392287e-05,,,,
,7488,,0.3935045003890991,,,,
,7489,,0.43204155564308167,,,,
,7490,,0.43204155564308167,,,,
,7491,,0.00030720955692231655,,,,
,7492,,0.00019724357116501778,,,,
,7493,,0.00019724357116501778,,,,
,7494,,1.0002021554100793e-05,,,,
,7495,,9.797678103495855e-06,,,,
,7496,,9.797678103495855e-06,,,,
,7497,,1.6185893400688656e-05,,,,
,7498,,9.002988917927723e-06,,,,
,7499,,9.002988917927723e-06,,,,
,7500,,7.1467839006800205e-06,,,,
,7501,,0.00039200991159304976,,,,
,7502,,2.3004113245406188e-05,,,,
,7503,,2.3004113245406188e-05,,,,
,7504,,0.00022298641852103174,,,,
,7505,,0.0002065511653199792,,,,
,7506,,0.0002065511653199792,,,,
,7507,,8.66236132424092e-06,,,,
,7508,,0.005938168615102768,,,,
,7509,,1.4807127627136651e-05,,,,
,7510,,1.4807127627136651e-05,,,,
,7511,,9.628352563595399e-05,,,,
,7512,,2.433825829939451e-05,,,,
,7513,,2.433825829939451e-05,,,,
,7514,,1.0450386980664916e-05,,,,
,7515,,1.0512781955185346e-05,,,,
,7516,,1.0512781955185346e-05,,,,
,7517,,5.395539847086184e-05,,,,
,7518,,5.395539847086184e-05,,,,
,7519,,5.395539847086184e-05,,,,
,7520,,1.8147238733945414e-05,,,,
,7521,,9.062162280315533e-05,,,,
,7522,,9.062162280315533e-05,,,,
,7523,,0.0003687558346427977,,,,
,7524,,0.00027177046285942197,,,,
,7525,,0.00027177046285942197,,,,
,7526,,0.005269333720207214,,,,
,7527,,0.0002694767899811268,,,,
,7528,,0.006377130746841431,,,,
,7529,,0.006377130746841431,,,,
,7530,,0.00020910568127874285,,,,
,7531,,2.7174955903319642e-05,,,,
,7532,,2.7174955903319642e-05,,,,
,7533,,1.3918676813773345e-05,,,,
,7534,,5.66909002372995e-05,,,,
,7535,,5.66909002372995e-05,,,,
,7536,,9.308548214903567e-06,,,,
,7537,,1.0298418601450976e-05,,,,
,7538,,1.0298418601450976e-05,,,,
,7539,,0.33339834213256836,,,,
,7540,,0.29447489976882935,,,,
,7541,,0.29447489976882935,,,,
,7542,,5.6795695854816586e-05,,,,
,7543,,9.775046783033758e-05,,,,
,7544,,2.0332427084213123e-05,,,,
,7545,,2.0332427084213123e-05,,,,
,7546,,8.59423653309932e-06,,,,
,7547,,6.811845196352806e-06,,,,
,7548,,6.811845196352806e-06,,,,
,7549,,1.1096465641458053e-05,,,,
,7550,,1.1096465641458053e-05,,,,
,7551,,1.1096465641458053e-05,,,,
,7552,,5.2281361604400445e-06,,,,
,7553,,1.2853363841713872e-05,,,,
,7554,,1.2853363841713872e-05,,,,
,7555,,4.6268502046586946e-05,,,,
,7556,,3.7674490158678964e-05,,,,
,7557,,3.7674490158678964e-05,,,,
,7558,,6.4031323745439295e-06,,,,
,7559,,8.423950930591673e-06,,,,
,7560,,8.423950930591673e-06,,,,
,7561,,2.5154124159598723e-05,,,,
,7580,18,,0.014630756340920925,,,
,7580,18,,,0.014740659855306149,0.9143576622009277,0.9143576622009277
0.07183893024921417,7581,19,,,,,
0.0004492084844969213,7582,19,,,,,
0.001167446025647223,7583,19,,,,,
0.0004390290123410523,7584,19,,,,,
0.00010579280933598056,7585,19,,,,,
0.00021655701857525855,7586,19,,,,,
0.0019760029390454292,7587,19,,,,,
6.305368879111484e-05,7588,19,,,,,
0.00051948765758425,7589,19,,,,,
0.0005021896213293076,7590,19,,,,,
0.0066541992127895355,7591,19,,,,,
0.00036705349339172244,7592,19,,,,,
0.00019184977281838655,7593,19,,,,,
0.0009960690513253212,7594,19,,,,,
0.023275626823306084,7595,19,,,,,
0.0019316242542117834,7596,19,,,,,
0.002775992965325713,7597,19,,,,,
0.00803094170987606,7598,19,,,,,
0.00022574780450668186,7599,19,,,,,
0.0012205819366499782,7600,19,,,,,
0.0007265876629389822,7601,19,,,,,
0.0009113620035350323,7602,19,,,,,
5.055514338891953e-05,7603,19,,,,,
0.0009325172868557274,7604,19,,,,,
0.00011042416736017913,7605,19,,,,,
0.00020310816762503237,7606,19,,,,,
0.0003189615090377629,7607,19,,,,,
0.00887020118534565,7608,19,,,,,
0.5708355903625488,7609,19,,,,,
0.00048355053877457976,7610,19,,,,,
0.0019186811987310648,7611,19,,,,,
0.006000335328280926,7612,19,,,,,
5.5571566917933524e-05,7613,19,,,,,
0.0001363599149044603,7614,19,,,,,
0.0001575993956066668,7615,19,,,,,
0.08302091062068939,7616,19,,,,,
0.5037314295768738,7617,19,,,,,
0.00020893311011604965,7618,19,,,,,
0.0009114795248024166,7619,19,,,,,
0.0752858966588974,7620,19,,,,,
0.002043138723820448,7621,19,,,,,
0.00010114382166648284,7622,19,,,,,
0.00022554663883056492,7623,19,,,,,
0.00027938190032728016,7624,19,,,,,
0.014610392041504383,7625,19,,,,,
0.003476384561508894,7626,19,,,,,
0.0010140052763745189,7627,19,,,,,
0.0015236797044053674,7628,19,,,,,
0.0015599459875375032,7629,19,,,,,
0.003998523112386465,7630,19,,,,,
0.020392147824168205,7631,19,,,,,
0.009218976832926273,7632,19,,,,,
0.04362413287162781,7633,19,,,,,
0.06168660521507263,7634,19,,,,,
0.006022853776812553,7635,19,,,,,
0.004546345677226782,7636,19,,,,,
0.0006273315520957112,7637,19,,,,,
0.00011221315071452409,7638,19,,,,,
0.0026895981281995773,7639,19,,,,,
0.0016724873567000031,7640,19,,,,,
0.016212021932005882,7641,19,,,,,
0.00042236564331687987,7642,19,,,,,
0.1158691793680191,7643,19,,,,,
0.0013341271551325917,7644,19,,,,,
0.08294893801212311,7645,19,,,,,
0.008502639830112457,7646,19,,,,,
0.002799816196784377,7647,19,,,,,
0.0003811292990576476,7648,19,,,,,
0.0018438049592077732,7649,19,,,,,
0.00020103823044337332,7650,19,,,,,
0.015820380300283432,7651,19,,,,,
0.0014889001613482833,7652,19,,,,,
0.0008712211856618524,7653,19,,,,,
0.004350476432591677,7654,19,,,,,
0.023932242766022682,7655,19,,,,,
0.0002640720922499895,7656,19,,,,,
0.0003090800601057708,7657,19,,,,,
0.0012105315690860152,7658,19,,,,,
8.158787386491895e-05,7659,19,,,,,
0.0003413388621993363,7660,19,,,,,
0.0006347019807435572,7661,19,,,,,
0.0009765013819560409,7662,19,,,,,
0.004042446613311768,7663,19,,,,,
0.0005424884730018675,7664,19,,,,,
0.0015405061421915889,7665,19,,,,,
0.01943187415599823,7666,19,,,,,
0.003927511163055897,7667,19,,,,,
0.00019744504243135452,7668,19,,,,,
0.0002395613119006157,7669,19,,,,,
0.0076732877641916275,7670,19,,,,,
6.385727465385571e-05,7671,19,,,,,
0.0004733608802780509,7672,19,,,,,
0.0006566841038875282,7673,19,,,,,
0.00033824206911958754,7674,19,,,,,
0.0003703050024341792,7675,19,,,,,
0.0007093643653206527,7676,19,,,,,
0.0009171979618258774,7677,19,,,,,
0.00014334096340462565,7678,19,,,,,
0.00022945190721657127,7679,19,,,,,
0.0018360967515036464,7680,19,,,,,
0.06602983176708221,7681,19,,,,,
0.00203499011695385,7682,19,,,,,
0.0001705420872895047,7683,19,,,,,
0.01722196862101555,7684,19,,,,,
0.0014034119667485356,7685,19,,,,,
0.00024603563360869884,7686,19,,,,,
0.00011889472079928964,7687,19,,,,,
0.030506659299135208,7688,19,,,,,
7.476544851670042e-05,7689,19,,,,,
0.0002459882234688848,7690,19,,,,,
0.001262358739040792,7691,19,,,,,
0.0004506708064582199,7692,19,,,,,
0.001979627413675189,7693,19,,,,,
0.0016096887411549687,7694,19,,,,,
0.00033961638109758496,7695,19,,,,,
0.00032578801619820297,7696,19,,,,,
0.0007413186249323189,7697,19,,,,,
9.269745351048186e-05,7698,19,,,,,
0.00026309778331778944,7699,19,,,,,
0.0021881284192204475,7700,19,,,,,
8.436699863523245e-05,7701,19,,,,,
0.0033402235712856054,7702,19,,,,,
0.001527746906504035,7703,19,,,,,
0.0013920776546001434,7704,19,,,,,
0.0001647863391553983,7705,19,,,,,
0.0002699759497772902,7706,19,,,,,
0.00532259838655591,7707,19,,,,,
0.004994131159037352,7708,19,,,,,
0.11116763949394226,7709,19,,,,,
0.0002750666462816298,7710,19,,,,,
0.00011247645306866616,7711,19,,,,,
0.0009349021129310131,7712,19,,,,,
0.0012222530785948038,7713,19,,,,,
7.356502464972436e-05,7714,19,,,,,
0.00018929927318822592,7715,19,,,,,
4.854724829783663e-05,7716,19,,,,,
0.00024374667555093765,7717,19,,,,,
0.00041901314398273826,7718,19,,,,,
0.0005062067066319287,7719,19,,,,,
0.0006501116440631449,7720,19,,,,,
0.0001917237095767632,7721,19,,,,,
0.00029141741106286645,7722,19,,,,,
0.0009134213323704898,7723,19,,,,,
0.0007520525250583887,7724,19,,,,,
0.00010213747736997902,7725,19,,,,,
7.432777783833444e-05,7726,19,,,,,
0.00017487668083049357,7727,19,,,,,
0.0017767268000170588,7728,19,,,,,
0.0005245812935754657,7729,19,,,,,
0.0008135979878716171,7730,19,,,,,
0.0002665421343408525,7731,19,,,,,
5.4210497182793915e-05,7732,19,,,,,
0.0001811133697628975,7733,19,,,,,
0.0013933226000517607,7734,19,,,,,
0.00038288853829726577,7735,19,,,,,
0.0008128078188747168,7736,19,,,,,
0.0003239753423258662,7737,19,,,,,
0.0003367486351635307,7738,19,,,,,
7.145741255953908e-05,7739,19,,,,,
0.0006513589760288596,7740,19,,,,,
0.0002968095359392464,7741,19,,,,,
0.12754204869270325,7742,19,,,,,
7.543821266153827e-05,7743,19,,,,,
0.0007596979849040508,7744,19,,,,,
0.000842094246763736,7745,19,,,,,
0.0001270748907700181,7746,19,,,,,
0.000341697596013546,7747,19,,,,,
0.00012378266546875238,7748,19,,,,,
0.002074622083455324,7749,19,,,,,
0.015336519107222557,7750,19,,,,,
0.0007369212689809501,7751,19,,,,,
2.0669180230470374e-05,7752,19,,,,,
0.017083337530493736,7753,19,,,,,
0.18258598446846008,7754,19,,,,,
0.002156660193577409,7755,19,,,,,
0.0001723370369290933,7756,19,,,,,
0.00014415368787012994,7757,19,,,,,
0.021872181445360184,7758,19,,,,,
0.47946274280548096,7759,19,,,,,
0.015115620568394661,7760,19,,,,,
0.000361578946467489,7761,19,,,,,
0.0006440536817535758,7762,19,,,,,
0.3128401041030884,7763,19,,,,,
0.0004974848125129938,7764,19,,,,,
0.00017712338012643158,7765,19,,,,,
0.053145844489336014,7766,19,,,,,
0.04417369142174721,7767,19,,,,,
0.01504278089851141,7768,19,,,,,
0.00046681915409862995,7769,19,,,,,
0.02059001848101616,7770,19,,,,,
0.00036354665644466877,7771,19,,,,,
0.02737720124423504,7772,19,,,,,
0.0012562766205519438,7773,19,,,,,
0.0004708683118224144,7774,19,,,,,
0.04491431266069412,7775,19,,,,,
0.004425945226103067,7776,19,,,,,
0.008072634227573872,7777,19,,,,,
0.0006075934506952763,7778,19,,,,,
0.07241795212030411,7779,19,,,,,
0.0011466266587376595,7780,19,,,,,
0.0008326639072038233,7781,19,,,,,
0.0003791977360378951,7782,19,,,,,
0.0017438012873753905,7783,19,,,,,
0.004901622422039509,7784,19,,,,,
0.0035992288030683994,7785,19,,,,,
0.0856257900595665,7786,19,,,,,
0.09884236752986908,7787,19,,,,,
0.11982396245002747,7788,19,,,,,
0.0017724836943671107,7789,19,,,,,
0.056681547313928604,7790,19,,,,,
0.003575808834284544,7791,19,,,,,
0.00026424400857649744,7792,19,,,,,
0.021941667422652245,7793,19,,,,,
0.0013183786068111658,7794,19,,,,,
0.0006943846237845719,7795,19,,,,,
0.0005415062187239528,7796,19,,,,,
0.00022670390899293125,7797,19,,,,,
0.22293758392333984,7798,19,,,,,
0.00037284239078871906,7799,19,,,,,
0.00015363933925982565,7800,19,,,,,
0.11415711045265198,7801,19,,,,,
0.044898200780153275,7802,19,,,,,
0.003223229432478547,7803,19,,,,,
0.009577195160090923,7804,19,,,,,
0.09503296762704849,7805,19,,,,,
0.0035606150049716234,7806,19,,,,,
0.01660177856683731,7807,19,,,,,
0.0017960703698918223,7808,19,,,,,
0.019172582775354385,7809,19,,,,,
0.0027295281179249287,7810,19,,,,,
0.0006631910218857229,7811,19,,,,,
0.0031304594594985247,7812,19,,,,,
0.002135920338332653,7813,19,,,,,
0.000980874989181757,7814,19,,,,,
0.001288421917706728,7815,19,,,,,
0.023845860734581947,7816,19,,,,,
0.01104559563100338,7817,19,,,,,
0.03957569971680641,7818,19,,,,,
0.001338717876933515,7819,19,,,,,
0.0026066803839057684,7820,19,,,,,
0.00038324674824252725,7821,19,,,,,
0.027923401445150375,7822,19,,,,,
0.0011969691840931773,7823,19,,,,,
0.00011344393715262413,7824,19,,,,,
0.00041445085662417114,7825,19,,,,,
0.00379285030066967,7826,19,,,,,
0.00013030352420173585,7827,19,,,,,
0.006469431333243847,7828,19,,,,,
0.003375464817509055,7829,19,,,,,
0.00043245559209026396,7830,19,,,,,
0.0027033318765461445,7831,19,,,,,
0.0002370835718465969,7832,19,,,,,
0.00022632598120253533,7833,19,,,,,
0.0040097967721521854,7834,19,,,,,
0.002532682614400983,7835,19,,,,,
0.0009667589911259711,7836,19,,,,,
0.0026238930877298117,7837,19,,,,,
0.001846615574322641,7838,19,,,,,
7.028530671959743e-05,7839,19,,,,,
0.002686130814254284,7840,19,,,,,
0.009213844314217567,7841,19,,,,,
0.00024018148542381823,7842,19,,,,,
0.006552339997142553,7843,19,,,,,
0.008736743591725826,7844,19,,,,,
0.0020666911732405424,7845,19,,,,,
0.004638982005417347,7846,19,,,,,
0.0002395136107224971,7847,19,,,,,
0.0026405062526464462,7848,19,,,,,
0.00023595901438966393,7849,19,,,,,
0.03296426683664322,7850,19,,,,,
0.007843604311347008,7851,19,,,,,
0.00011915035429410636,7852,19,,,,,
0.0005960589041933417,7853,19,,,,,
0.00010720393765950575,7854,19,,,,,
0.00046083764755167067,7855,19,,,,,
0.00016069781850092113,7856,19,,,,,
0.16898885369300842,7857,19,,,,,
0.0007445146911777556,7858,19,,,,,
0.007186227012425661,7859,19,,,,,
0.007474798709154129,7860,19,,,,,
0.09386767446994781,7861,19,,,,,
0.0003379824629519135,7862,19,,,,,
0.00025059067411348224,7863,19,,,,,
0.00021287640265654773,7864,19,,,,,
0.001030554878525436,7865,19,,,,,
0.0007579963421449065,7866,19,,,,,
0.00014181459846440703,7867,19,,,,,
2.451974432915449e-05,7868,19,,,,,
0.00016926975513342768,7869,19,,,,,
0.0014386188704520464,7870,19,,,,,
0.02232557348906994,7871,19,,,,,
0.00037585466634482145,7872,19,,,,,
0.00022034300491213799,7873,19,,,,,
0.00768545176833868,7874,19,,,,,
0.0006643727538175881,7875,19,,,,,
0.00037033826811239123,7876,19,,,,,
0.0005405543488450348,7877,19,,,,,
0.0002471852640155703,7878,19,,,,,
0.00037465261993929744,7879,19,,,,,
0.07229740917682648,7880,19,,,,,
0.00045178720029070973,7881,19,,,,,
8.530027844244614e-05,7882,19,,,,,
0.00020699217566289008,7883,19,,,,,
0.0007855958538129926,7884,19,,,,,
5.259882163954899e-05,7885,19,,,,,
0.003362866584211588,7886,19,,,,,
0.2547036409378052,7887,19,,,,,
0.11548614501953125,7888,19,,,,,
0.00016735198732931167,7889,19,,,,,
0.002544062677770853,7890,19,,,,,
0.0011638524010777473,7891,19,,,,,
0.2935844957828522,7892,19,,,,,
0.37865394353866577,7893,19,,,,,
0.10657278448343277,7894,19,,,,,
0.006575699895620346,7895,19,,,,,
0.005159453954547644,7896,19,,,,,
0.010365159250795841,7897,19,,,,,
0.09285695105791092,7898,19,,,,,
0.0025211849715560675,7899,19,,,,,
0.005763087421655655,7900,19,,,,,
0.09289143234491348,7901,19,,,,,
0.0060476395301520824,7902,19,,,,,
0.015828918665647507,7903,19,,,,,
0.036338359117507935,7904,19,,,,,
0.0033237298484891653,7905,19,,,,,
0.00512553658336401,7906,19,,,,,
0.019579455256462097,7907,19,,,,,
0.013309861533343792,7908,19,,,,,
0.09011618047952652,7909,19,,,,,
0.0401720367372036,7910,19,,,,,
0.0055339098908007145,7911,19,,,,,
0.027046198025345802,7912,19,,,,,
0.010003423318266869,7913,19,,,,,
0.014720534905791283,7914,19,,,,,
0.004125642124563456,7915,19,,,,,
0.014162592589855194,7916,19,,,,,
0.03158850595355034,7917,19,,,,,
0.0043687112629413605,7918,19,,,,,
0.00507627846673131,7919,19,,,,,
0.01816738210618496,7920,19,,,,,
0.004640741739422083,7921,19,,,,,
0.005324933212250471,7922,19,,,,,
0.021090036258101463,7923,19,,,,,
0.030223403126001358,7924,19,,,,,
0.01285784412175417,7925,19,,,,,
0.0007966115372255445,7926,19,,,,,
0.07068011164665222,7927,19,,,,,
0.0027528684586286545,7928,19,,,,,
0.0031761769205331802,7929,19,,,,,
0.008949900045990944,7930,19,,,,,
0.006633445620536804,7931,19,,,,,
0.003074148204177618,7932,19,,,,,
0.007362987846136093,7933,19,,,,,
0.0004388421366456896,7934,19,,,,,
0.00114150857552886,7935,19,,,,,
0.000804136274382472,7936,19,,,,,
0.0049129389226436615,7937,19,,,,,
0.0014321095077320933,7938,19,,,,,
0.001508511952124536,7939,19,,,,,
0.0036068700719624758,7940,19,,,,,
0.0047025554813444614,7941,19,,,,,
0.005366189405322075,7942,19,,,,,
0.0019274995429441333,7943,19,,,,,
0.0037949043326079845,7944,19,,,,,
0.00026255202828906476,7945,19,,,,,
0.00035965381539426744,7946,19,,,,,
0.0011863214895129204,7947,19,,,,,
0.0023005041293799877,7948,19,,,,,
0.0114906569942832,7949,19,,,,,
0.03205005079507828,7950,19,,,,,
0.00023200269788503647,7951,19,,,,,
0.00044077870552428067,7952,19,,,,,
0.0014992988435551524,7953,19,,,,,
0.0006971562397666276,7954,19,,,,,
0.023669779300689697,7955,19,,,,,
0.0004040375060867518,7956,19,,,,,
0.00358171877451241,7957,19,,,,,
0.0005763985100202262,7958,19,,,,,
8.430655725533143e-05,7959,19,,,,,
0.010407231748104095,7960,19,,,,,
0.0003394117229618132,7961,19,,,,,
0.000307591661112383,7962,19,,,,,
0.0009081893949769437,7963,19,,,,,
0.00035177054814994335,7964,19,,,,,
0.00040059039019979537,7965,19,,,,,
0.020322676748037338,7966,19,,,,,
0.0010243251454085112,7967,19,,,,,
0.00039486694731749594,7968,19,,,,,
0.002455074107274413,7969,19,,,,,
0.10978163778781891,7970,19,,,,,
0.0006924751796759665,7971,19,,,,,
0.021845590323209763,7972,19,,,,,
0.007487333379685879,7973,19,,,,,
0.0002088627516059205,7974,19,,,,,
0.00042785308323800564,7975,19,,,,,
0.011387906968593597,7976,19,,,,,
0.0009130494436249137,7977,19,,,,,
0.0005292450659908354,7978,19,,,,,
0.0011737541062757373,7979,19,,,,,
,7562,,1.9361496015335433e-05,,,,
,7563,,0.0001233602233696729,,,,
,7564,,3.857772389892489e-05,,,,
,7565,,3.857772389892489e-05,,,,
,7566,,8.758064359426498e-05,,,,
,7567,,8.260554022854194e-05,,,,
,7568,,8.260554022854194e-05,,,,
,7569,,3.4966175007866696e-05,,,,
,7570,,8.609052747488022e-05,,,,
,7571,,8.609052747488022e-05,,,,
,7572,,5.9735226386692375e-05,,,,
,7573,,2.600675907160621e-05,,,,
,7574,,2.600675907160621e-05,,,,
,7575,,0.08844207972288132,,,,
,7576,,0.11228654533624649,,,,
,7577,,0.11228654533624649,,,,
,7578,,0.0005989570636302233,,,,
,7579,,0.00012893264647573233,,,,
,7580,,0.0003437176637817174,,,,
,7581,,0.0003437176637817174,,,,
,7582,,7.826653018128127e-05,,,,
,7583,,0.00015057581185828894,,,,
,7584,,0.00015057581185828894,,,,
,7585,,0.0002156677219318226,,,,
,7586,,0.00021830329205840826,,,,
,7587,,0.00021830329205840826,,,,
,7588,,5.3760973969474435e-05,,,,
,7589,,6.0201524320291355e-05,,,,
,7590,,6.0201524320291355e-05,,,,
,7591,,0.0002862657711375505,,,,
,7592,,0.0002862657711375505,,,,
,7593,,0.0002862657711375505,,,,
,7594,,0.00019941304344683886,,,,
,7595,,0.00014475906209554523,,,,
,7596,,0.00025148020358756185,,,,
,7597,,0.00025148020358756185,,,,
,7598,,0.0004993492038920522,,,,
,7599,,0.00045273994328454137,,,,
,7600,,0.00045273994328454137,,,,
,7601,,0.00017369474517181516,,,,
,7602,,0.000312951480736956,,,,
,7603,,0.000312951480736956,,,,
,7604,,0.00046858954010531306,,,,
,7605,,0.0002867410075850785,,,,
,7606,,0.0004514713946264237,,,,
,7607,,0.0002867410075850785,,,,
,7608,,9.714205225463957e-05,,,,
,7609,,0.00018389707838650793,,,,
,7610,,0.00018389707838650793,,,,
,7611,,0.00013156775094103068,,,,
,7612,,0.00011380336945876479,,,,
,7613,,0.00011380336945876479,,,,
,7614,,8.586112380726263e-05,,,,
,7615,,0.00018100645684171468,,,,
,7616,,0.00018100645684171468,,,,
,7617,,0.0002369080757489428,,,,
,7618,,0.0001770142698660493,,,,
,7619,,0.0001770142698660493,,,,
,7620,,0.00011933819041587412,,,,
,7621,,0.00015441350114997476,,,,
,7622,,0.00013053313887212425,,,,
,7623,,0.00015441350114997476,,,,
,7624,,0.00018645578529685736,,,,
,7625,,0.00018645578529685736,,,,
,7626,,0.00018645578529685736,,,,
,7627,,0.055609896779060364,,,,
,7628,,0.040768831968307495,,,,
,7629,,0.040768831968307495,,,,
,7630,,0.0004980353405699134,,,,
,7631,,0.0003920301969628781,,,,
,7632,,0.0003920301969628781,,,,
,7633,,3.708506119437516e-05,,,,
,7634,,7.843979255994782e-05,,,,
,7635,,7.843979255994782e-05,,,,
,7636,,0.00015896859986241907,,,,
,7637,,0.00011368821287760511,,,,
,7638,,0.00011368821287760511,,,,
,7639,,0.00017975163063965738,,,,
,7640,,2.6886784326052293e-05,,,,
,7641,,5.1244023779872805e-05,,,,
,7642,,5.1244023779872805e-05,,,,
,7643,,0.00031820335425436497,,,,
,7644,,0.00018713955068960786,,,,
,7645,,0.00018713955068960786,,,,
,7646,,0.0002319304912816733,,,,
,7647,,7.288339838851243e-05,,,,
,7648,,0.00041368845268152654,,,,
,7649,,0.00041368845268152654,,,,
,7650,,0.0005713728605769575,,,,
,7651,,0.00046839792048558593,,,,
,7652,,0.00046839792048558593,,,,
,7653,,0.00016015561413951218,,,,
,7654,,0.0001853129215305671,,,,
,7655,,0.0001853129215305671,,,,
,7656,,0.000490863632876426,,,,
,7657,,0.000490863632876426,,,,
,7658,,0.000490863632876426,,,,
,7659,,4.5390457671601325e-05,,,,
,7660,,7.620903488714248e-05,,,,
,7661,,7.620903488714248e-05,,,,
,7662,,6.67147251078859e-05,,,,
,7663,,6.359376857290044e-05,,,,
,7664,,6.359376857290044e-05,,,,
,7665,,3.985820148955099e-05,,,,
,7666,,3.7195804907241836e-05,,,,
,7667,,8.237634028773755e-05,,,,
,7668,,8.237634028773755e-05,,,,
,7669,,0.00016078786575235426,,,,
,7670,,6.666028639301658e-05,,,,
,7671,,6.666028639301658e-05,,,,
,7672,,5.834992043673992e-05,,,,
,7673,,0.00018016144167631865,,,,
,7674,,0.00018016144167631865,,,,
,7675,,0.00010903735528700054,,,,
,7676,,7.746193296043202e-05,,,,
,7677,,7.746193296043202e-05,,,,
,7678,,0.04160387068986893,,,,
,7679,,0.034997016191482544,,,,
,7680,,0.034997016191482544,,,,
,7681,,0.00037165419780649245,,,,
,7682,,0.00012340089597273618,,,,
,7683,,0.00027421177946962416,,,,
,7684,,0.00027421177946962416,,,,
,7685,,3.0818813684163615e-05,,,,
,7686,,3.6868259485345334e-05,,,,
,7687,,3.6868259485345334e-05,,,,
,7688,,0.00013142339594196528,,,,
,7689,,0.00013142339594196528,,,,
,7690,,0.00013142339594196528,,,,
,7691,,0.0002414885238977149,,,,
,7692,,1.7091117115342058e-05,,,,
,7693,,2.6646977858035825e-05,,,,
,7694,,2.6646977858035825e-05,,,,
,7695,,0.00023696049174759537,,,,
,7696,,0.00019228011660743505,,,,
,7697,,0.00019228011660743505,,,,
,7698,,0.00014864301192574203,,,,
,7699,,0.0002866115828510374,,,,
,7700,,0.0002866115828510374,,,,
,7701,,0.00046779989497736096,,,,
,7702,,0.0002488549507688731,,,,
,7703,,0.0002488549507688731,,,,
,7704,,0.00011335715680615976,,,,
,7705,,0.00025155680486932397,,,,
,7706,,0.00025155680486932397,,,,
,7707,,0.0003631968575064093,,,,
,7708,,0.00021096071577630937,,,,
,7709,,0.00021096071577630937,,,,
,7710,,0.00014306080993264914,,,,
,7711,,3.115356230409816e-05,,,,
,7712,,7.283149898285046e-05,,,,
,7713,,7.283149898285046e-05,,,,
,7714,,5.364154276321642e-05,,,,
,7715,,4.2065978050231934e-05,,,,
,7716,,4.2065978050231934e-05,,,,
,7717,,2.763419433904346e-05,,,,
,7718,,3.710980308824219e-05,,,,
,7719,,3.710980308824219e-05,,,,
,7720,,0.0001462294749217108,,,,
,7721,,0.0001462294749217108,,,,
,7722,,0.0001462294749217108,,,,
,7723,,4.626433292287402e-05,,,,
,7724,,9.814888471737504e-05,,,,
,7725,,0.00013047065294813365,,,,
,7726,,9.814888471737504e-05,,,,
,7727,,0.00010153702169191092,,,,
,7728,,0.0001060943613993004,,,,
,7729,,0.0001060943613993004,,,,
,7730,,0.10422515869140625,,,,
,7731,,0.09444031119346619,,,,
,7732,,0.09444031119346619,,,,
,7733,,0.0009422249859198928,,,,
,7734,,0.0004376676515676081,,,,
,7735,,0.0004376676515676081,,,,
,7736,,0.07947754859924316,,,,
,7737,,5.1716415327973664e-05,,,,
,7738,,0.00011656632705125958,,,,
,7739,,0.00011656632705125958,,,,
,7740,,0.0002811653248500079,,,,
,7741,,0.00019989721477031708,,,,
,7742,,0.00019989721477031708,,,,
,7743,,3.3651042031124234e-05,,,,
,7744,,6.668685091426596e-05,,,,
,7745,,6.668685091426596e-05,,,,
,7746,,0.0006557058659382164,,,,
,7747,,0.0004946441040374339,,,,
,7748,,0.0004946441040374339,,,,
,7749,,0.000475257053039968,,,,
,7750,,0.0005664423806592822,,,,
,7751,,0.0005664423806592822,,,,
,7752,,0.000275999162113294,,,,
,7753,,0.0013651511399075389,,,,
,7754,,0.0013651511399075389,,,,
,7755,,0.0013651511399075389,,,,
,7756,,0.00034191194572485983,,,,
,7757,,0.0004182006814517081,,,,
,7758,,0.0004182006814517081,,,,
,7759,,0.0010417785961180925,,,,
,7760,,0.0007493193843401968,,,,
,7761,,0.0007493193843401968,,,,
,7762,,6.836868851678446e-05,,,,
,7763,,0.00012914705439470708,,,,
,7764,,0.00012914705439470708,,,,
,7765,,9.324504208052531e-05,,,,
,7766,,4.307462222641334e-05,,,,
,7767,,4.307462222641334e-05,,,,
,7768,,0.00017858856881503016,,,,
,7769,,5.793600212200545e-05,,,,
,7770,,0.00014941164408810437,,,,
,7771,,0.00014941164408810437,,,,
,7772,,0.00020667692297138274,,,,
,7773,,0.0001302266027778387,,,,
,7774,,0.0001302266027778387,,,,
,7775,,9.131934348260984e-05,,,,
,7776,,0.00023390307615045458,,,,
,7777,,0.0001701167057035491,,,,
,7778,,0.00023390307615045458,,,,
,7779,,0.00016482503269799054,,,,
,7780,,0.00010662948625395074,,,,
,7781,,0.00010662948625395074,,,,
,7782,,0.19827750325202942,,,,
,7783,,0.17330780625343323,,,,
,7784,,0.17330780625343323,,,,
,7785,,0.0005180527805350721,,,,
,7786,,0.0005180527805350721,,,,
,7787,,0.0005180527805350721,,,,
,7788,,5.8838941185968e-05,,,,
,7789,,8.284752402687445e-05,,,,
,7790,,8.284752402687445e-05,,,,
,7791,,0.00018581213953439146,,,,
,7792,,0.00020677829161286354,,,,
,7793,,0.00020677829161286354,,,,
,7794,,4.534243271336891e-05,,,,
,7795,,0.00012835224333684891,,,,
,7796,,7.969792204676196e-05,,,,
,7797,,7.969792204676196e-05,,,,
,7798,,0.00047177865053527057,,,,
,7799,,0.0002537723630666733,,,,
,7800,,0.0002537723630666733,,,,
,7801,,0.0002834710758179426,,,,
,7802,,0.029924552887678146,,,,
,7803,,0.0006274496554397047,,,,
,7804,,0.0006274496554397047,,,,
,7805,,0.0006643736269325018,,,,
,7806,,0.0004169074527453631,,,,
,7807,,0.0004169074527453631,,,,
,7808,,0.00028873176779598,,,,
,7809,,0.0004893442965112627,,,,
,7810,,0.0004893442965112627,,,,
,7811,,0.0005877809599041939,,,,
,7812,,0.0002154606336262077,,,,
,7813,,0.00044549902668222785,,,,
,7814,,0.00044549902668222785,,,,
,7815,,8.361526124645025e-05,,,,
,7816,,9.354863868793473e-05,,,,
,7817,,9.354863868793473e-05,,,,
,7818,,0.0001218529578181915,,,,
,7819,,0.0001218529578181915,,,,
,7820,,0.0001218529578181915,,,,
,7821,,9.118801972363144e-05,,,,
,7822,,0.00024297773779835552,,,,
,7823,,0.0001442130742361769,,,,
,7824,,0.0001442130742361769,,,,
,7825,,0.0003058928996324539,,,,
,7826,,0.0002945040469057858,,,,
,7827,,0.0002945040469057858,,,,
,7828,,0.00010014864528784528,,,,
,7829,,0.00019198631343897432,,,,
,7830,,0.00019198631343897432,,,,
,7831,,0.0001640186965232715,,,,
,7832,,7.232361531350762e-05,,,,
,7833,,7.232361531350762e-05,,,,
,7834,,0.15166279673576355,,,,
,7835,,0.19533373415470123,,,,
,7836,,0.19533373415470123,,,,
,7837,,0.00037308657192625105,,,,
,7838,,0.0007177085499279201,,,,
,7839,,0.00022966673714108765,,,,
,7840,,0.00022966673714108765,,,,
,7841,,2.5661996915005147e-05,,,,
,7842,,4.823951894650236e-05,,,,
,7843,,4.823951894650236e-05,,,,
,7844,,0.0001506518601672724,,,,
,7845,,0.00011844023538287729,,,,
,7846,,0.00011844023538287729,,,,
,7847,,2.0559335098369047e-05,,,,
,7848,,2.1779744201921858e-05,,,,
,7849,,2.1779744201921858e-05,,,,
,7850,,0.0002663099148776382,,,,
,7851,,0.0002663099148776382,,,,
,7852,,0.0002663099148776382,,,,
,7853,,0.0001434606674592942,,,,
,7854,,0.00022173790785018355,,,,
,7855,,0.00022173790785018355,,,,
,7856,,0.0003049297083634883,,,,
,7857,,0.00047478475607931614,,,,
,7858,,0.0004087960987817496,,,,
,7859,,0.0004087960987817496,,,,
,7860,,0.00013761207810603082,,,,
,7861,,0.00024896435206755996,,,,
,7862,,0.00024896435206755996,,,,
,7863,,0.00041164064896292984,,,,
,7864,,0.00024700441281311214,,,,
,7865,,0.00017813846352510154,,,,
,7866,,0.00017813846352510154,,,,
,7867,,5.700363908545114e-05,,,,
,7868,,0.00014227780047804117,,,,
,7869,,0.00014227780047804117,,,,
,7870,,0.0001167028967756778,,,,
,7871,,7.31572654331103e-05,,,,
,7872,,7.31572654331103e-05,,,,
,7873,,7.355956768151373e-05,,,,
,7874,,0.00019446817168500274,,,,
,7875,,0.00019446817168500274,,,,
,7876,,0.00014633304090239108,,,,
,7877,,9.394533844897524e-05,,,,
,7878,,9.394533844897524e-05,,,,
,7879,,5.538038021768443e-05,,,,
,7880,,0.00012572517152875662,,,,
,7881,,7.124893454601988e-05,,,,
,7882,,7.124893454601988e-05,,,,
,7883,,9.094901179196313e-05,,,,
,7884,,9.094901179196313e-05,,,,
,7885,,9.094901179196313e-05,,,,
,7886,,0.21093298494815826,,,,
,7887,,0.21027660369873047,,,,
,7888,,0.21027660369873047,,,,
,7889,,0.0002769577840808779,,,,
,7890,,0.00026686626370064914,,,,
,7891,,0.00026686626370064914,,,,
,7892,,3.067815850954503e-05,,,,
,7893,,5.6899483752204105e-05,,,,
,7894,,5.6899483752204105e-05,,,,
,7895,,0.00012286897981539369,,,,
,7896,,7.144139090087265e-05,,,,
,7897,,7.144139090087265e-05,,,,
,7898,,1.874860390671529e-05,,,,
,7899,,0.0013913533184677362,,,,
,7900,,3.69243643945083e-05,,,,
,7901,,3.69243643945083e-05,,,,
,7902,,0.0002943628351204097,,,,
,7903,,0.00018459337297827005,,,,
,7904,,0.00018459337297827005,,,,
,7905,,0.00021260180801618844,,,,
,7906,,0.0008569131605327129,,,,
,7907,,0.0004425872175488621,,,,
,7908,,0.0004425872175488621,,,,
,7909,,0.0005611111992038786,,,,
,7910,,0.00043644977267831564,,,,
,7911,,0.00043644977267831564,,,,
,7912,,0.00020360853523015976,,,,
,7913,,0.00023689815134275705,,,,
,7914,,0.00023689815134275705,,,,
,7915,,0.00047766248462721705,,,,
,7916,,0.00047766248462721705,,,,
,7917,,0.00047766248462721705,,,,
,7918,,4.818135130335577e-05,,,,
,7919,,7.745086622890085e-05,,,,
,7920,,7.745086622890085e-05,,,,
,7921,,7.918199844425544e-05,,,,
,7922,,8.13358201412484e-05,,,,
,7923,,8.13358201412484e-05,,,,
,7924,,0.0001232142822118476,,,,
,7925,,0.0002817520289681852,,,,
,7926,,0.00023551893536932766,,,,
,7927,,0.00023551893536932766,,,,
,7928,,0.00015635136514902115,,,,
,7929,,6.360803672578186e-05,,,,
,7930,,6.360803672578186e-05,,,,
,7931,,6.98520234436728e-05,,,,
,7932,,0.00020048534497618675,,,,
,7933,,0.00020048534497618675,,,,
,7934,,9.234878234565258e-05,,,,
,7935,,6.693405157420784e-05,,,,
,7936,,6.693405157420784e-05,,,,
,7937,,0.2369440793991089,,,,
,7938,,0.20713673532009125,,,,
,7939,,0.20713673532009125,,,,
,7940,,0.0004466110549401492,,,,
,7941,,0.00014269506209529936,,,,
,7942,,0.0002999195421580225,,,,
,7943,,0.0002999195421580225,,,,
,7944,,3.088649100391194e-05,,,,
,7945,,3.5619232221506536e-05,,,,
,7946,,3.5619232221506536e-05,,,,
,7947,,0.00014309390098787844,,,,
,7948,,0.00014309390098787844,,,,
,7949,,0.00014309390098787844,,,,
,7950,,2.0115772713324986e-05,,,,
,7951,,3.3339518267894164e-05,,,,
,7952,,3.3339518267894164e-05,,,,
,7953,,0.00025279299006797373,,,,
,7954,,0.00021689360437449068,,,,
,7955,,0.00021689360437449068,,,,
,7956,,0.000182299452717416,,,,
,7957,,0.0003563834761735052,,,,
,7958,,0.0003563834761735052,,,,
,7959,,0.0005998929846100509,,,,
,7979,19,,0.008582459762692451,,,
,7979,19,,,0.018530873581767082,0.8967254161834717,0.8967254161834717
0.03029409982264042,7980,20,,,,,
0.0040723178535699844,7981,20,,,,,
0.0003532828122843057,7982,20,,,,,
0.00747371930629015,7983,20,,,,,
0.0019551198929548264,7984,20,,,,,
0.0007760123116895556,7985,20,,,,,
0.045027974992990494,7986,20,,,,,
0.0009184302180074155,7987,20,,,,,
0.13815486431121826,7988,20,,,,,
0.000581827131099999,7989,20,,,,,
0.0004877164610661566,7990,20,,,,,
0.03936183080077171,7991,20,,,,,
0.0003460550506133586,7992,20,,,,,
0.0002153872774215415,7993,20,,,,,
0.00021376099903136492,7994,20,,,,,
0.05169220641255379,7995,20,,,,,
0.00033402247936464846,7996,20,,,,,
0.0011147168697789311,7997,20,,,,,
0.0008280199253931642,7998,20,,,,,
0.0007097641355358064,7999,20,,,,,
0.0667685866355896,8000,20,,,,,
0.0012062806636095047,8001,20,,,,,
0.00020086135191377252,8002,20,,,,,
0.0003709044249262661,8003,20,,,,,
0.00045491880155168474,8004,20,,,,,
0.0013833671109750867,8005,20,,,,,
0.058050114661455154,8006,20,,,,,
0.0242401622235775,8007,20,,,,,
5.29719254700467e-05,8008,20,,,,,
0.00037347828038036823,8009,20,,,,,
0.0024015898816287518,8010,20,,,,,
0.0012291462626308203,8011,20,,,,,
0.0003245599800720811,8012,20,,,,,
0.0002234248531749472,8013,20,,,,,
0.001984295668080449,8014,20,,,,,
0.0004403486964292824,8015,20,,,,,
0.0001912438456201926,8016,20,,,,,
0.0002632591931615025,8017,20,,,,,
0.00019226477888878435,8018,20,,,,,
7.520221697632223e-05,8019,20,,,,,
0.000329740927554667,8020,20,,,,,
0.034758780151605606,8021,20,,,,,
0.0015497596468776464,8022,20,,,,,
0.0056920466013252735,8023,20,,,,,
4.008565520052798e-05,8024,20,,,,,
1.8045704564428888e-05,8025,20,,,,,
0.0002666032814886421,8026,20,,,,,
0.0007693014922551811,8027,20,,,,,
0.001106122974306345,8028,20,,,,,
0.00020217415294609964,8029,20,,,,,
0.0004028439288958907,8030,20,,,,,
0.00010117344208993018,8031,20,,,,,
7.730004290351644e-05,8032,20,,,,,
7.006762461969629e-05,8033,20,,,,,
0.0018101983005180955,8034,20,,,,,
0.0034802546724677086,8035,20,,,,,
6.216765177669004e-05,8036,20,,,,,
0.00037094566505402327,8037,20,,,,,
0.0025291130878031254,8038,20,,,,,
0.00014690474199596792,8039,20,,,,,
0.00037319542025215924,8040,20,,,,,
0.008022747933864594,8041,20,,,,,
2.145180587831419e-05,8042,20,,,,,
0.003055162727832794,8043,20,,,,,
0.0018612219719216228,8044,20,,,,,
6.057927384972572e-05,8045,20,,,,,
0.000652790127787739,8046,20,,,,,
9.877724369289353e-05,8047,20,,,,,
7.10146123310551e-05,8048,20,,,,,
6.910328374942765e-05,8049,20,,,,,
0.0001993182668229565,8050,20,,,,,
0.012661002576351166,8051,20,,,,,
0.0005926824524067342,8052,20,,,,,
0.00016402735491283238,8053,20,,,,,
0.26121675968170166,8054,20,,,,,
7.744807953713462e-05,8055,20,,,,,
0.031042948365211487,8056,20,,,,,
0.00010237388050882146,8057,20,,,,,
0.00019626860739663243,8058,20,,,,,
0.15235933661460876,8059,20,,,,,
5.9134756156709045e-05,8060,20,,,,,
0.3024420738220215,8061,20,,,,,
0.002304677851498127,8062,20,,,,,
0.0010442027123644948,8063,20,,,,,
0.002867676317691803,8064,20,,,,,
0.013770808465778828,8065,20,,,,,
7.409082900267094e-05,8066,20,,,,,
0.0009354227222502232,8067,20,,,,,
0.0071348887868225574,8068,20,,,,,
0.006109058856964111,8069,20,,,,,
0.0054467786103487015,8070,20,,,,,
0.045605842024087906,8071,20,,,,,
0.011955642141401768,8072,20,,,,,
0.0006914222030900419,8073,20,,,,,
0.08854103088378906,8074,20,,,,,
0.0056282468140125275,8075,20,,,,,
0.0032277547288686037,8076,20,,,,,
0.005000084638595581,8077,20,,,,,
0.001872048364020884,8078,20,,,,,
0.009345583617687225,8079,20,,,,,
0.004534619394689798,8080,20,,,,,
0.0020318825263530016,8081,20,,,,,
0.0008619227446615696,8082,20,,,,,
0.0002558225824031979,8083,20,,,,,
0.00011455288768047467,8084,20,,,,,
0.006538675166666508,8085,20,,,,,
0.0011340563651174307,8086,20,,,,,
0.00029786015511490405,8087,20,,,,,
0.1815875619649887,8088,20,,,,,
0.15413567423820496,8089,20,,,,,
0.023671798408031464,8090,20,,,,,
0.000179826223757118,8091,20,,,,,
0.00019234546925872564,8092,20,,,,,
0.003226987086236477,8093,20,,,,,
0.0001350735838059336,8094,20,,,,,
0.0010768001666292548,8095,20,,,,,
0.02549479901790619,8096,20,,,,,
8.378476923098788e-05,8097,20,,,,,
0.000408987223636359,8098,20,,,,,
0.0005514320218935609,8099,20,,,,,
0.000274939025985077,8100,20,,,,,
0.0006955332355573773,8101,20,,,,,
0.00059369025984779,8102,20,,,,,
0.004325904883444309,8103,20,,,,,
0.0030521999578922987,8104,20,,,,,
0.000182979172677733,8105,20,,,,,
0.0060645476914942265,8106,20,,,,,
0.0007177699008025229,8107,20,,,,,
0.004238741006702185,8108,20,,,,,
0.00011203630856471136,8109,20,,,,,
0.00024749687872827053,8110,20,,,,,
0.000295949459541589,8111,20,,,,,
0.040082018822431564,8112,20,,,,,
0.002339271130040288,8113,20,,,,,
0.0004229852929711342,8114,20,,,,,
0.0014907466247677803,8115,20,,,,,
0.012998699210584164,8116,20,,,,,
0.001198448590002954,8117,20,,,,,
0.00028260546969249845,8118,20,,,,,
0.00011882346734637395,8119,20,,,,,
0.00022725239978171885,8120,20,,,,,
0.00013375729031395167,8121,20,,,,,
0.0006182101205922663,8122,20,,,,,
5.470727410283871e-05,8123,20,,,,,
8.377407357329503e-05,8124,20,,,,,
0.0007453273283317685,8125,20,,,,,
4.50933730462566e-05,8126,20,,,,,
0.0004424274084158242,8127,20,,,,,
0.00012345772120170295,8128,20,,,,,
0.001085088588297367,8129,20,,,,,
0.00038786427467130125,8130,20,,,,,
0.00010008072422351688,8131,20,,,,,
0.00023865539696998894,8132,20,,,,,
0.003039999632164836,8133,20,,,,,
0.00022992042067926377,8134,20,,,,,
8.068345778156072e-05,8135,20,,,,,
0.0011567899491637945,8136,20,,,,,
0.0002225169591838494,8137,20,,,,,
3.678054781630635e-05,8138,20,,,,,
0.024904409423470497,8139,20,,,,,
6.988396489759907e-05,8140,20,,,,,
5.7600853324402124e-05,8141,20,,,,,
0.00012223387602716684,8142,20,,,,,
0.003050790401175618,8143,20,,,,,
3.85795756301377e-05,8144,20,,,,,
9.293229959439486e-05,8145,20,,,,,
0.00013706923346035182,8146,20,,,,,
0.013043724000453949,8147,20,,,,,
0.000246803363552317,8148,20,,,,,
3.878587085637264e-05,8149,20,,,,,
0.0002624566259328276,8150,20,,,,,
0.0005469265161082149,8151,20,,,,,
0.0026832125149667263,8152,20,,,,,
0.0006556087173521519,8153,20,,,,,
8.169765351340175e-05,8154,20,,,,,
2.011180913541466e-05,8155,20,,,,,
0.0010108478600159287,8156,20,,,,,
0.0006172072608023882,8157,20,,,,,
0.00019268762844149023,8158,20,,,,,
0.07931865006685257,8159,20,,,,,
0.0004639801918528974,8160,20,,,,,
0.000357002136297524,8161,20,,,,,
0.01642722263932228,8162,20,,,,,
4.462287688511424e-05,8163,20,,,,,
0.00010824228229466826,8164,20,,,,,
1.5236861145240255e-05,8165,20,,,,,
0.0008265356300398707,8166,20,,,,,
0.00019178306683897972,8167,20,,,,,
0.0008757305331528187,8168,20,,,,,
2.528130789869465e-05,8169,20,,,,,
0.0025158883072435856,8170,20,,,,,
0.0001527345011709258,8171,20,,,,,
0.00027457906980998814,8172,20,,,,,
0.007135083433240652,8173,20,,,,,
0.002752183470875025,8174,20,,,,,
0.08864844590425491,8175,20,,,,,
0.0016062066424638033,8176,20,,,,,
0.00012164851796114817,8177,20,,,,,
0.0003980451438110322,8178,20,,,,,
0.00021082686726003885,8179,20,,,,,
4.4865118979942054e-05,8180,20,,,,,
9.858833800535649e-05,8181,20,,,,,
0.0007875101873651147,8182,20,,,,,
0.002767631784081459,8183,20,,,,,
0.0020297865848988295,8184,20,,,,,
0.00022599381918553263,8185,20,,,,,
0.0005364726530387998,8186,20,,,,,
0.0003750601317733526,8187,20,,,,,
6.784355355193838e-05,8188,20,,,,,
0.00014219596050679684,8189,20,,,,,
0.0005274228169582784,8190,20,,,,,
0.00013449820107780397,8191,20,,,,,
0.002453677589073777,8192,20,,,,,
0.00010836349974852055,8193,20,,,,,
9.010954818222672e-05,8194,20,,,,,
0.0001989862648770213,8195,20,,,,,
0.002211598679423332,8196,20,,,,,
0.023546697571873665,8197,20,,,,,
0.0002201266906922683,8198,20,,,,,
6.59427823848091e-05,8199,20,,,,,
1.7543936337460764e-05,8200,20,,,,,
0.0030886423774063587,8201,20,,,,,
0.00020281004253774881,8202,20,,,,,
2.6371897547505796e-05,8203,20,,,,,
9.245389082934707e-05,8204,20,,,,,
0.0003895012487191707,8205,20,,,,,
0.0001048501071636565,8206,20,,,,,
0.0004970508744008839,8207,20,,,,,
3.622723670559935e-05,8208,20,,,,,
0.00010812648542923853,8209,20,,,,,
0.00036934082163497806,8210,20,,,,,
2.9715773052885197e-05,8211,20,,,,,
5.8472505770623684e-05,8212,20,,,,,
0.00011807335977209732,8213,20,,,,,
0.0016812823014333844,8214,20,,,,,
0.00013924653467256576,8215,20,,,,,
0.00018048698257189244,8216,20,,,,,
0.0009781646076589823,8217,20,,,,,
0.0002908680762629956,8218,20,,,,,
0.00012891831283923239,8219,20,,,,,
3.1256080546882004e-05,8220,20,,,,,
5.4160613217391074e-05,8221,20,,,,,
2.603745997475926e-05,8222,20,,,,,
0.0007924198289401829,8223,20,,,,,
0.0026455733459442854,8224,20,,,,,
0.002626723377034068,8225,20,,,,,
0.17843490839004517,8226,20,,,,,
0.00013116774789523333,8227,20,,,,,
5.52877681911923e-05,8228,20,,,,,
2.15237323573092e-05,8229,20,,,,,
0.5617106556892395,8230,20,,,,,
6.282375397859141e-05,8231,20,,,,,
0.004166552796959877,8232,20,,,,,
0.10608591139316559,8233,20,,,,,
0.0023394569288939238,8234,20,,,,,
0.00014731362171005458,8235,20,,,,,
0.005527595058083534,8236,20,,,,,
0.000800384150352329,8237,20,,,,,
0.007068150211125612,8238,20,,,,,
0.039685942232608795,8239,20,,,,,
0.0028404199983924627,8240,20,,,,,
0.02963474951684475,8241,20,,,,,
0.0007136595086194575,8242,20,,,,,
0.0003336966037750244,8243,20,,,,,
0.0007998169749043882,8244,20,,,,,
0.00028089690022170544,8245,20,,,,,
0.0021937997080385685,8246,20,,,,,
0.00041106512071564794,8247,20,,,,,
0.0002621056919451803,8248,20,,,,,
6.647354894084856e-05,8249,20,,,,,
0.0011723636416718364,8250,20,,,,,
0.0021827039308845997,8251,20,,,,,
0.0028896185103803873,8252,20,,,,,
0.007340847048908472,8253,20,,,,,
0.008564644493162632,8254,20,,,,,
0.00013563163520302624,8255,20,,,,,
0.020496651530265808,8256,20,,,,,
0.00048694293946027756,8257,20,,,,,
0.0029629371128976345,8258,20,,,,,
0.00042600714368745685,8259,20,,,,,
0.004137786105275154,8260,20,,,,,
0.00012705741391982883,8261,20,,,,,
0.00025234126951545477,8262,20,,,,,
0.09615952521562576,8263,20,,,,,
0.07290232926607132,8264,20,,,,,
0.008779482915997505,8265,20,,,,,
0.00020903244148939848,8266,20,,,,,
0.0030600663740187883,8267,20,,,,,
0.0009136318112723529,8268,20,,,,,
0.008534051477909088,8269,20,,,,,
0.03022407367825508,8270,20,,,,,
0.00238838791847229,8271,20,,,,,
0.0002403137186774984,8272,20,,,,,
0.014733992516994476,8273,20,,,,,
0.0018599550239741802,8274,20,,,,,
0.0008432428003288805,8275,20,,,,,
0.0003759571409318596,8276,20,,,,,
0.005654801148921251,8277,20,,,,,
0.000863810011651367,8278,20,,,,,
0.002101792488247156,8279,20,,,,,
0.02463972568511963,8280,20,,,,,
0.00039190560346469283,8281,20,,,,,
0.009389977902173996,8282,20,,,,,
0.000388299667974934,8283,20,,,,,
0.0013135910267010331,8284,20,,,,,
0.0009604966035112739,8285,20,,,,,
0.05897679179906845,8286,20,,,,,
0.005421423353254795,8287,20,,,,,
0.00041146684088744223,8288,20,,,,,
0.00022788300702814013,8289,20,,,,,
0.00015331426402553916,8290,20,,,,,
0.002199642825871706,8291,20,,,,,
0.0017310760449618101,8292,20,,,,,
0.0005769885610789061,8293,20,,,,,
0.0006634152377955616,8294,20,,,,,
0.012808970175683498,8295,20,,,,,
0.0001257544499821961,8296,20,,,,,
0.000567371491342783,8297,20,,,,,
0.0680849552154541,8298,20,,,,,
0.03337525948882103,8299,20,,,,,
0.2897510230541229,8300,20,,,,,
0.0003511565737426281,8301,20,,,,,
0.000868577160872519,8302,20,,,,,
0.0009833060903474689,8303,20,,,,,
0.0010252473875880241,8304,20,,,,,
0.0001134522317443043,8305,20,,,,,
0.000624840147793293,8306,20,,,,,
0.0038117552176117897,8307,20,,,,,
0.0001388287782901898,8308,20,,,,,
3.740402098628692e-05,8309,20,,,,,
4.9445941840531304e-05,8310,20,,,,,
0.009530482813715935,8311,20,,,,,
0.0007013842114247382,8312,20,,,,,
0.0005148820928297937,8313,20,,,,,
0.00267669721506536,8314,20,,,,,
0.0004086970875505358,8315,20,,,,,
0.0052466061897575855,8316,20,,,,,
0.003233795752748847,8317,20,,,,,
0.005753123201429844,8318,20,,,,,
0.0010849426034837961,8319,20,,,,,
0.009779267013072968,8320,20,,,,,
5.301993223838508e-05,8321,20,,,,,
0.0008214135887101293,8322,20,,,,,
4.0999093471327797e-05,8323,20,,,,,
0.0008035879582166672,8324,20,,,,,
0.00014334161824081093,8325,20,,,,,
0.00024067310732789338,8326,20,,,,,
0.00016223147395066917,8327,20,,,,,
0.00010638982348609716,8328,20,,,,,
1.7051277609425597e-05,8329,20,,,,,
0.000615580182056874,8330,20,,,,,
8.954793156590313e-05,8331,20,,,,,
0.0002642713370732963,8332,20,,,,,
0.09125342965126038,8333,20,,,,,
0.01118928287178278,8334,20,,,,,
0.00021645273955073208,8335,20,,,,,
0.08623377233743668,8336,20,,,,,
0.0001067773555405438,8337,20,,,,,
0.0037178073544055223,8338,20,,,,,
0.0020140288397669792,8339,20,,,,,
0.1182425245642662,8340,20,,,,,
0.0306019876152277,8341,20,,,,,
0.002030196599662304,8342,20,,,,,
0.00022807877394370735,8343,20,,,,,
0.06561964750289917,8344,20,,,,,
0.19849726557731628,8345,20,,,,,
0.0009300503879785538,8346,20,,,,,
0.004469900857657194,8347,20,,,,,
0.00023711197718512267,8348,20,,,,,
0.002546172821894288,8349,20,,,,,
0.23067225515842438,8350,20,,,,,
0.08308416604995728,8351,20,,,,,
0.0041643246077001095,8352,20,,,,,
0.07342689484357834,8353,20,,,,,
0.0025906788650900126,8354,20,,,,,
0.00031027072691358626,8355,20,,,,,
0.009616470895707607,8356,20,,,,,
0.00047835122677497566,8357,20,,,,,
0.0005349130369722843,8358,20,,,,,
0.019255967810750008,8359,20,,,,,
0.0009203226072713733,8360,20,,,,,
0.0016642177943140268,8361,20,,,,,
0.00056536088231951,8362,20,,,,,
0.0005182357272133231,8363,20,,,,,
0.2299746572971344,8364,20,,,,,
0.0010735548567026854,8365,20,,,,,
0.010868403129279613,8366,20,,,,,
0.01112459134310484,8367,20,,,,,
0.00046544149518013,8368,20,,,,,
0.008901441469788551,8369,20,,,,,
0.003395411651581526,8370,20,,,,,
0.009806337766349316,8371,20,,,,,
0.0003693740873131901,8372,20,,,,,
0.001876816968433559,8373,20,,,,,
0.007530801463872194,8374,20,,,,,
0.007096771150827408,8375,20,,,,,
0.03307700902223587,8376,20,,,,,
0.0011445655254647136,8377,20,,,,,
0.0022142534144222736,8378,20,,,,,
,7960,,0.0001791874528862536,,,,
,7961,,0.0015289655420929193,,,,
,7962,,0.00017534391372464597,,,,
,7963,,0.00017534391372464597,,,,
,7964,,0.00017139629926532507,,,,
,7965,,0.00012057639105478302,,,,
,7966,,0.00012057639105478302,,,,
,7967,,0.00030293059535324574,,,,
,7968,,0.00020607227634172887,,,,
,7969,,0.00020607227634172887,,,,
,7970,,0.00012301551760174334,,,,
,7971,,0.00010980121442116797,,,,
,7972,,0.00010980121442116797,,,,
,7973,,0.008633233606815338,,,,
,7974,,0.06643068045377731,,,,
,7975,,0.06643068045377731,,,,
,7976,,0.003016158239915967,,,,
,7977,,0.0013678906252607703,,,,
,7978,,0.0016104913083836436,,,,
,7979,,0.0016104913083836436,,,,
,7980,,0.00019130014698021114,,,,
,7981,,0.0002665335778146982,,,,
,7982,,0.0002665335778146982,,,,
,7983,,0.0006059813895262778,,,,
,7984,,0.00028464215574786067,,,,
,7985,,0.00028464215574786067,,,,
,7986,,0.0002959522826131433,,,,
,7987,,0.0002510407066438347,,,,
,7988,,0.0002510407066438347,,,,
,7989,,0.0020454495679587126,,,,
,7990,,0.0020454495679587126,,,,
,7991,,0.0020454495679587126,,,,
,7992,,0.00020635944383684546,,,,
,7993,,0.0011196257546544075,,,,
,7994,,0.0006804629229009151,,,,
,7995,,0.0006804629229009151,,,,
,7996,,0.0010659483959898353,,,,
,7997,,0.0007154972990974784,,,,
,7998,,0.0007154972990974784,,,,
,7999,,0.00018675073806662112,,,,
,8000,,0.00024236124590970576,,,,
,8001,,0.00024236124590970576,,,,
,8002,,0.00036102355807088315,,,,
,8003,,0.0001858213363448158,,,,
,8004,,0.006189089268445969,,,,
,8005,,0.0001858213363448158,,,,
,8006,,0.0002842188405338675,,,,
,8007,,0.0018069943180307746,,,,
,8008,,0.0018069943180307746,,,,
,8009,,0.0004064234090037644,,,,
,8010,,0.0002575334219727665,,,,
,8011,,0.0002575334219727665,,,,
,8012,,0.00018958828877657652,,,,
,8013,,0.000370894034858793,,,,
,8014,,0.000370894034858793,,,,
,8015,,0.0002589366340544075,,,,
,8016,,0.00020656311244238168,,,,
,8017,,0.00020656311244238168,,,,
,8018,,0.0003258850774727762,,,,
,8019,,0.0002321170031791553,,,,
,8020,,0.0007074841414578259,,,,
,8021,,0.0002321170031791553,,,,
,8022,,0.0002314520679647103,,,,
,8023,,0.0002314520679647103,,,,
,8024,,0.0002314520679647103,,,,
,8025,,0.005974218249320984,,,,
,8026,,0.03390379995107651,,,,
,8027,,0.03390379995107651,,,,
,8028,,0.002941984450444579,,,,
,8029,,0.0013006336521357298,,,,
,8030,,0.0013006336521357298,,,,
,8031,,0.00017433904577046633,,,,
,8032,,0.00018404482398182154,,,,
,8033,,0.00018404482398182154,,,,
,8034,,0.0005204384797252715,,,,
,8035,,0.0001559162192279473,,,,
,8036,,0.0001559162192279473,,,,
,8037,,0.0023968745954334736,,,,
,8038,,0.00024889191263355315,,,,
,8039,,0.0012644078815355897,,,,
,8040,,0.0012644078815355897,,,,
,8041,,0.002453030552715063,,,,
,8042,,0.0014228567015379667,,,,
,8043,,0.0014228567015379667,,,,
,8044,,0.00021648670372087508,,,,
,8045,,0.0006212239386513829,,,,
,8046,,0.0010586390271782875,,,,
,8047,,0.0010586390271782875,,,,
,8048,,0.001388779142871499,,,,
,8049,,0.00031935956212691963,,,,
,8050,,0.00031935956212691963,,,,
,8051,,0.000213243329199031,,,,
,8052,,0.00016427409718744457,,,,
,8053,,0.00016427409718744457,,,,
,8054,,0.00026592815993353724,,,,
,8055,,0.00026592815993353724,,,,
,8056,,0.00026592815993353724,,,,
,8057,,0.00027975739794783294,,,,
,8058,,0.0014662337489426136,,,,
,8059,,0.0014662337489426136,,,,
,8060,,0.0004388528468552977,,,,
,8061,,0.0002835499180946499,,,,
,8062,,0.0002835499180946499,,,,
,8063,,0.00015464531315956265,,,,
,8064,,0.0008418370271101594,,,,
,8065,,0.00014748396642971784,,,,
,8066,,0.00014748396642971784,,,,
,8067,,0.00021792603365611285,,,,
,8068,,9.02679021237418e-05,,,,
,8069,,9.02679021237418e-05,,,,
,8070,,0.00024672719882801175,,,,
,8071,,0.00026835937751457095,,,,
,8072,,0.00026835937751457095,,,,
,8073,,0.0001735858095344156,,,,
,8074,,0.00011812990851467475,,,,
,8075,,0.00011812990851467475,,,,
,8076,,0.008454580791294575,,,,
,8077,,0.03312206268310547,,,,
,8078,,0.03312206268310547,,,,
,8079,,0.004712199326604605,,,,
,8080,,0.0012471063528209925,,,,
,8081,,0.0007267823093570769,,,,
,8082,,0.0007267823093570769,,,,
,8083,,0.00016877164307516068,,,,
,8084,,0.00011889607412740588,,,,
,8085,,0.00011889607412740588,,,,
,8086,,0.0006997361779212952,,,,
,8087,,0.0006997361779212952,,,,
,8088,,0.0006997361779212952,,,,
,8089,,0.0028022013138979673,,,,
,8090,,0.0002866389404516667,,,,
,8091,,0.001150375697761774,,,,
,8092,,0.001150375697761774,,,,
,8093,,0.003932286519557238,,,,
,8094,,0.002143383724614978,,,,
,8095,,0.002143383724614978,,,,
,8096,,0.00022292759967967868,,,,
,8097,,0.00037580373464152217,,,,
,8098,,0.00037580373464152217,,,,
,8099,,0.0021937801502645016,,,,
,8100,,0.00024128561199177057,,,,
,8101,,0.00024128561199177057,,,,
,8102,,0.00023428679560311139,,,,
,8103,,0.0012393180513754487,,,,
,8104,,0.0012393180513754487,,,,
,8105,,0.0004594057099893689,,,,
,8106,,0.00028092690627090633,,,,
,8107,,0.00028092690627090633,,,,
,8108,,0.0011067972518503666,,,,
,8109,,0.00029734225245192647,,,,
,8110,,0.0016547151608392596,,,,
,8111,,0.0016547151608392596,,,,
,8112,,0.0005668569938279688,,,,
,8113,,0.00015186468954198062,,,,
,8114,,0.00015186468954198062,,,,
,8115,,0.0001500024227425456,,,,
,8116,,9.608775144442916e-05,,,,
,8117,,9.608775144442916e-05,,,,
,8118,,0.0002998651470988989,,,,
,8119,,0.0002998651470988989,,,,
,8120,,0.0002998651470988989,,,,
,8121,,0.00024542538449168205,,,,
,8122,,0.0001179040627903305,,,,
,8123,,0.002661696635186672,,,,
,8124,,0.0001179040627903305,,,,
,8125,,0.00017921056132763624,,,,
,8126,,0.00015471139340661466,,,,
,8127,,0.00015471139340661466,,,,
,8128,,0.0051390063017606735,,,,
,8129,,0.006061680149286985,,,,
,8130,,0.006061680149286985,,,,
,8131,,0.0029216331895440817,,,,
,8132,,0.0003702137037180364,,,,
,8133,,0.0003702137037180364,,,,
,8134,,0.05296888202428818,,,,
,8135,,0.0001811694964999333,,,,
,8136,,0.00028997863410040736,,,,
,8137,,0.00028997863410040736,,,,
,8138,,0.0005598462885245681,,,,
,8139,,0.00037640301161445677,,,,
,8140,,0.00037640301161445677,,,,
,8141,,0.00025321432622149587,,,,
,8142,,0.0007245352608151734,,,,
,8143,,0.0007245352608151734,,,,
,8144,,0.002859590109437704,,,,
,8145,,0.0004977838252671063,,,,
,8146,,0.0004977838252671063,,,,
,8147,,0.0002046973240794614,,,,
,8148,,0.00019123319361824542,,,,
,8149,,0.00019123319361824542,,,,
,8150,,0.004986527841538191,,,,
,8151,,0.001473553478717804,,,,
,8152,,0.001473553478717804,,,,
,8153,,0.001473553478717804,,,,
,8154,,0.00023310526739805937,,,,
,8155,,0.0006498050061054528,,,,
,8156,,0.0006498050061054528,,,,
,8157,,0.00038792029954493046,,,,
,8158,,0.00027497747214511037,,,,
,8159,,0.00027497747214511037,,,,
,8160,,0.0003158139588776976,,,,
,8161,,0.000464266340713948,,,,
,8162,,0.000464266340713948,,,,
,8163,,0.0004865174414590001,,,,
,8164,,9.660284558776766e-05,,,,
,8165,,9.660284558776766e-05,,,,
,8166,,0.0007978774374350905,,,,
,8167,,0.00016597571084275842,,,,
,8168,,0.000577902770601213,,,,
,8169,,0.000577902770601213,,,,
,8170,,0.00020314297580625862,,,,
,8171,,0.00012373567733448,,,,
,8172,,0.00012373567733448,,,,
,8173,,0.00030673143919557333,,,,
,8174,,0.00020198799029458314,,,,
,8175,,0.0024058029521256685,,,,
,8176,,0.00020198799029458314,,,,
,8177,,0.00017376708274241537,,,,
,8178,,0.0001737320562824607,,,,
,8179,,0.0001737320562824607,,,,
,8180,,0.08417855203151703,,,,
,8181,,0.08758865296840668,,,,
,8182,,0.08758865296840668,,,,
,8183,,0.02121756598353386,,,,
,8184,,0.02121756598353386,,,,
,8185,,0.02121756598353386,,,,
,8186,,0.00027764413971453905,,,,
,8187,,0.0010854067513719201,,,,
,8188,,0.0010854067513719201,,,,
,8189,,0.0024287570267915726,,,,
,8190,,0.0015969660598784685,,,,
,8191,,0.0015969660598784685,,,,
,8192,,0.0007406084332615137,,,,
,8193,,0.006272127851843834,,,,
,8194,,0.0012374473735690117,,,,
,8195,,0.0012374473735690117,,,,
,8196,,0.01704767532646656,,,,
,8197,,0.0012156364973634481,,,,
,8198,,0.0012156364973634481,,,,
,8199,,0.0004415620642248541,,,,
,8200,,0.09026721119880676,,,,
,8201,,0.004772099666297436,,,,
,8202,,0.004772099666297436,,,,
,8203,,0.005066556856036186,,,,
,8204,,0.003117451909929514,,,,
,8205,,0.003117451909929514,,,,
,8206,,0.0003665646945592016,,,,
,8207,,0.0019084927625954151,,,,
,8208,,0.0019084927625954151,,,,
,8209,,0.0010091032600030303,,,,
,8210,,0.0009434435050934553,,,,
,8211,,0.0002839887165464461,,,,
,8212,,0.0002839887165464461,,,,
,8213,,0.0018869374180212617,,,,
,8214,,0.0018738185754045844,,,,
,8215,,0.0018738185754045844,,,,
,8216,,0.006906938273459673,,,,
,8217,,0.006906938273459673,,,,
,8218,,0.006906938273459673,,,,
,8219,,0.0006914376281201839,,,,
,8220,,0.0007045894162729383,,,,
,8221,,0.006393591407686472,,,,
,8222,,0.006393591407686472,,,,
,8223,,0.0026499570813030005,,,,
,8224,,0.0014433644246309996,,,,
,8225,,0.0014433644246309996,,,,
,8226,,0.0003858392301481217,,,,
,8227,,0.0005269763059914112,,,,
,8228,,0.0005269763059914112,,,,
,8229,,0.0014138363767415285,,,,
,8230,,0.00019613948825281113,,,,
,8231,,0.00019613948825281113,,,,
,8232,,0.03368541598320007,,,,
,8233,,0.15316319465637207,,,,
,8234,,0.15316319465637207,,,,
,8235,,0.012437770143151283,,,,
,8236,,0.00337790884077549,,,,
,8237,,0.0069572217762470245,,,,
,8238,,0.0069572217762470245,,,,
,8239,,0.00017418127390556037,,,,
,8240,,0.00034149273415096104,,,,
,8241,,0.00034149273415096104,,,,
,8242,,0.0009499448933638632,,,,
,8243,,0.00024483766173943877,,,,
,8244,,0.00024483766173943877,,,,
,8245,,0.00028134597232565284,,,,
,8246,,0.00022107426775619388,,,,
,8247,,0.00022107426775619388,,,,
,8248,,0.004334844183176756,,,,
,8249,,0.004334844183176756,,,,
,8250,,0.004334844183176756,,,,
,8251,,0.00018649881531018764,,,,
,8252,,0.0008655491983518004,,,,
,8253,,0.0008655491983518004,,,,
,8254,,0.0004658218240365386,,,,
,8255,,0.001810255111195147,,,,
,8256,,0.0012238876661285758,,,,
,8257,,0.0012238876661285758,,,,
,8258,,0.0002243223279947415,,,,
,8259,,0.00028677197406068444,,,,
,8260,,0.00028677197406068444,,,,
,8261,,0.0005215272540226579,,,,
,8262,,0.0003093040140811354,,,,
,8263,,0.00012815557420253754,,,,
,8264,,0.00012815557420253754,,,,
,8265,,0.0008213858818635345,,,,
,8266,,0.011959211900830269,,,,
,8267,,0.011959211900830269,,,,
,8268,,0.003862818004563451,,,,
,8269,,0.002202763454988599,,,,
,8270,,0.002202763454988599,,,,
,8271,,0.0002852680627256632,,,,
,8272,,0.0019977446645498276,,,,
,8273,,0.0019977446645498276,,,,
,8274,,0.0011717871529981494,,,,
,8275,,0.0002206444914918393,,,,
,8276,,0.0002206444914918393,,,,
,8277,,0.00023453547328244895,,,,
,8278,,0.003437130246311426,,,,
,8279,,0.00013614146155305207,,,,
,8280,,0.00013614146155305207,,,,
,8281,,0.00033417550730518997,,,,
,8282,,0.00033417550730518997,,,,
,8283,,0.00033417550730518997,,,,
,8284,,0.03714306652545929,,,,
,8285,,0.13397979736328125,,,,
,8286,,0.13397979736328125,,,,
,8287,,0.004405644256621599,,,,
,8288,,0.0022101320791989565,,,,
,8289,,0.0022101320791989565,,,,
,8290,,0.00015931313100736588,,,,
,8291,,0.0001426910312147811,,,,
,8292,,0.0001426910312147811,,,,
,8293,,0.0005874343914911151,,,,
,8294,,0.0001146744834841229,,,,
,8295,,0.0001146744834841229,,,,
,8296,,0.00021313235629349947,,,,
,8297,,0.0015935964183881879,,,,
,8298,,0.001315912464633584,,,,
,8299,,0.001315912464633584,,,,
,8300,,0.003619544440880418,,,,
,8301,,0.0020141478162258863,,,,
,8302,,0.0020141478162258863,,,,
,8303,,0.00018266384722664952,,,,
,8304,,0.00184555200394243,,,,
,8305,,0.0009072716347873211,,,,
,8306,,0.0009072716347873211,,,,
,8307,,0.0014097810490056872,,,,
,8308,,0.00025256385561078787,,,,
,8309,,0.00025256385561078787,,,,
,8310,,0.00021047962945885956,,,,
,8311,,0.0001452460273867473,,,,
,8312,,0.0001452460273867473,,,,
,8313,,0.00033540857839398086,,,,
,8314,,0.00033540857839398086,,,,
,8315,,0.00033540857839398086,,,,
,8316,,0.0005635811830870807,,,,
,8317,,0.004269932862371206,,,,
,8318,,0.004269932862371206,,,,
,8319,,0.0015335924690589309,,,,
,8320,,0.0009139514877460897,,,,
,8321,,0.0009139514877460897,,,,
,8322,,0.0003529794339556247,,,,
,8323,,0.0006908929790370166,,,,
,8324,,0.0005358054768294096,,,,
,8325,,0.0005358054768294096,,,,
,8326,,0.0007037740433588624,,,,
,8327,,0.00011221523163840175,,,,
,8328,,0.00011221523163840175,,,,
,8329,,0.0002360871876589954,,,,
,8330,,0.001137642771936953,,,,
,8331,,0.001137642771936953,,,,
,8332,,0.00031173299066722393,,,,
,8333,,0.00020757295715156943,,,,
,8334,,0.00020757295715156943,,,,
,8335,,0.016535621136426926,,,,
,8336,,0.06442208588123322,,,,
,8337,,0.06442208588123322,,,,
,8338,,0.0021917088888585567,,,,
,8339,,0.0009694870095700026,,,,
,8340,,0.00046935846330597997,,,,
,8341,,0.00046935846330597997,,,,
,8342,,0.00015528251242358238,,,,
,8343,,8.10296114650555e-05,,,,
,8344,,8.10296114650555e-05,,,,
,8345,,0.00025194691261276603,,,,
,8346,,0.00025194691261276603,,,,
,8347,,0.00025194691261276603,,,,
,8348,,0.00019371387315914035,,,,
,8349,,0.00045957454130984843,,,,
,8350,,0.00045957454130984843,,,,
,8351,,0.0009172415593639016,,,,
,8352,,0.0005832924507558346,,,,
,8353,,0.0005832924507558346,,,,
,8354,,0.00014100135012995452,,,,
,8355,,0.00015864316083025187,,,,
,8356,,0.00015864316083025187,,,,
,8357,,0.0006013882230035961,,,,
,8378,20,,0.004973637405782938,,,
,8378,20,,,0.013797427527606487,0.8866498470306396,0.8866498470306396
0.000277641142020002,8379,21,,,,,
0.006733078509569168,8380,21,,,,,
0.010805262252688408,8381,21,,,,,
0.13816526532173157,8382,21,,,,,
0.0012644381495192647,8383,21,,,,,
0.004202741663902998,8384,21,,,,,
0.0026665811892598867,8385,21,,,,,
0.018442807719111443,8386,21,,,,,
0.03593903407454491,8387,21,,,,,
0.0026096778456121683,8388,21,,,,,
0.0018008589977398515,8389,21,,,,,
0.030175061896443367,8390,21,,,,,
0.002432035282254219,8391,21,,,,,
0.0003501968749333173,8392,21,,,,,
0.0005345758399926126,8393,21,,,,,
0.010301348753273487,8394,21,,,,,
0.0005226561916060746,8395,21,,,,,
0.001069425605237484,8396,21,,,,,
0.00126258481759578,8397,21,,,,,
0.03988003730773926,8398,21,,,,,
0.0008921880507841706,8399,21,,,,,
0.00029438993078656495,8400,21,,,,,
0.0002010568859986961,8401,21,,,,,
0.01000125426799059,8402,21,,,,,
0.0004999098018743098,8403,21,,,,,
0.0003134602739010006,8404,21,,,,,
0.0036253896541893482,8405,21,,,,,
0.000617755635175854,8406,21,,,,,
0.0005657988367602229,8407,21,,,,,
0.0003631596337072551,8408,21,,,,,
0.0006981329061090946,8409,21,,,,,
0.002526163589209318,8410,21,,,,,
0.001520114135928452,8411,21,,,,,
0.0011964328587055206,8412,21,,,,,
0.002160995500162244,8413,21,,,,,
0.0001773750118445605,8414,21,,,,,
9.794437210075557e-05,8415,21,,,,,
0.01343697588890791,8416,21,,,,,
0.00013394991401582956,8417,21,,,,,
0.0006229155696928501,8418,21,,,,,
0.001458091544918716,8419,21,,,,,
0.006558364722877741,8420,21,,,,,
0.000504201278090477,8421,21,,,,,
0.04325781762599945,8422,21,,,,,
0.00014513469068333507,8423,21,,,,,
0.005416308995336294,8424,21,,,,,
0.0008033954654820263,8425,21,,,,,
0.008085413835942745,8426,21,,,,,
0.0001658296532696113,8427,21,,,,,
0.0003745333233382553,8428,21,,,,,
0.0020316727459430695,8429,21,,,,,
6.731959729222581e-05,8430,21,,,,,
0.001750162336975336,8431,21,,,,,
0.000459160131867975,8432,21,,,,,
0.0004152356123086065,8433,21,,,,,
9.027247142512351e-05,8434,21,,,,,
0.00018923926108982414,8435,21,,,,,
0.0007966990815475583,8436,21,,,,,
0.0002236721193185076,8437,21,,,,,
0.0001608698657946661,8438,21,,,,,
0.00493769021704793,8439,21,,,,,
0.0002069013862637803,8440,21,,,,,
4.5403790863929316e-05,8441,21,,,,,
0.0015575520228594542,8442,21,,,,,
1.4812695553700905e-05,8443,21,,,,,
0.0005828699213452637,8444,21,,,,,
0.010706034488976002,8445,21,,,,,
0.0004957935307174921,8446,21,,,,,
8.620567678008229e-05,8447,21,,,,,
0.0010877653257921338,8448,21,,,,,
0.00011640791490208358,8449,21,,,,,
0.0007468421827070415,8450,21,,,,,
0.001480755629017949,8451,21,,,,,
6.30022695986554e-05,8452,21,,,,,
5.592429079115391e-05,8453,21,,,,,
0.0006061953608877957,8454,21,,,,,
0.00014504553109873086,8455,21,,,,,
0.00023340352345257998,8456,21,,,,,
0.0006919517763890326,8457,21,,,,,
0.00015061124577187002,8458,21,,,,,
0.0002644388878252357,8459,21,,,,,
0.00011975620873272419,8460,21,,,,,
0.00013436214067041874,8461,21,,,,,
0.0001095828993129544,8462,21,,,,,
0.000163745426107198,8463,21,,,,,
0.00044196302769705653,8464,21,,,,,
0.0470520555973053,8465,21,,,,,
1.716547558316961e-05,8466,21,,,,,
0.0047052898444235325,8467,21,,,,,
8.231319225160405e-05,8468,21,,,,,
9.986788791138679e-05,8469,21,,,,,
4.385872307466343e-05,8470,21,,,,,
0.010920736938714981,8471,21,,,,,
0.03254321217536926,8472,21,,,,,
0.00025517510948702693,8473,21,,,,,
9.338791278423741e-05,8474,21,,,,,
0.00024942687014117837,8475,21,,,,,
1.8579141396912746e-05,8476,21,,,,,
0.0004266949836164713,8477,21,,,,,
7.05444545019418e-05,8478,21,,,,,
0.0002438080991851166,8479,21,,,,,
1.699903077678755e-05,8480,21,,,,,
0.00013997251517139375,8481,21,,,,,
0.00036344077670946717,8482,21,,,,,
1.5178806279436685e-05,8483,21,,,,,
0.0010115193435922265,8484,21,,,,,
0.0005710825207643211,8485,21,,,,,
0.00020391863654367626,8486,21,,,,,
0.054705504328012466,8487,21,,,,,
0.0002701213234104216,8488,21,,,,,
4.497339978115633e-05,8489,21,,,,,
0.00028678489616140723,8490,21,,,,,
0.0003195906465407461,8491,21,,,,,
0.00029764394275844097,8492,21,,,,,
0.00010312590165995061,8493,21,,,,,
0.00019702718418557197,8494,21,,,,,
4.867869574809447e-05,8495,21,,,,,
9.7132935479749e-05,8496,21,,,,,
0.00011541843559825793,8497,21,,,,,
0.2050987035036087,8498,21,,,,,
0.003408003831282258,8499,21,,,,,
0.002922461135312915,8500,21,,,,,
0.0006317560910247266,8501,21,,,,,
0.001598767121322453,8502,21,,,,,
0.0003820340207312256,8503,21,,,,,
0.0003308075829409063,8504,21,,,,,
0.2750697731971741,8505,21,,,,,
0.052999336272478104,8506,21,,,,,
0.013424554839730263,8507,21,,,,,
0.0005196850397624075,8508,21,,,,,
0.00018125493079423904,8509,21,,,,,
0.007858069613575935,8510,21,,,,,
0.007381605915725231,8511,21,,,,,
0.13292457163333893,8512,21,,,,,
0.0022596148774027824,8513,21,,,,,
0.04447384923696518,8514,21,,,,,
0.0001106716226786375,8515,21,,,,,
0.00035796614247374237,8516,21,,,,,
0.2626902461051941,8517,21,,,,,
7.478346378775313e-05,8518,21,,,,,
0.0017610357608646154,8519,21,,,,,
0.0004316708364058286,8520,21,,,,,
0.016257690265774727,8521,21,,,,,
0.023555980995297432,8522,21,,,,,
0.2985778748989105,8523,21,,,,,
0.0033591308165341616,8524,21,,,,,
0.007237502373754978,8525,21,,,,,
0.0009169396944344044,8526,21,,,,,
0.0003118351742159575,8527,21,,,,,
0.002561775268986821,8528,21,,,,,
0.29736781120300293,8529,21,,,,,
0.000490800419356674,8530,21,,,,,
0.0021086069755256176,8531,21,,,,,
0.0017170527717098594,8532,21,,,,,
0.020985450595617294,8533,21,,,,,
0.001480831648223102,8534,21,,,,,
0.031202347949147224,8535,21,,,,,
0.005935078952461481,8536,21,,,,,
0.03991010785102844,8537,21,,,,,
0.001391154364682734,8538,21,,,,,
0.0002403020771453157,8539,21,,,,,
0.0017487566219642758,8540,21,,,,,
0.0194088164716959,8541,21,,,,,
0.019858770072460175,8542,21,,,,,
0.07117393612861633,8543,21,,,,,
0.0009610212291590869,8544,21,,,,,
0.04636724293231964,8545,21,,,,,
0.005070237908512354,8546,21,,,,,
0.00024314076290465891,8547,21,,,,,
0.0009009337518364191,8548,21,,,,,
0.019175386056303978,8549,21,,,,,
0.008440067060291767,8550,21,,,,,
0.04671868309378624,8551,21,,,,,
0.0003819855919573456,8552,21,,,,,
0.0014224996557459235,8553,21,,,,,
0.0004840018227696419,8554,21,,,,,
0.0008198785944841802,8555,21,,,,,
0.0024144717026501894,8556,21,,,,,
0.012946889735758305,8557,21,,,,,
0.003986851777881384,8558,21,,,,,
0.0012469837674871087,8559,21,,,,,
0.001078241621144116,8560,21,,,,,
0.0003375319065526128,8561,21,,,,,
0.0017811015713959932,8562,21,,,,,
0.0004087298584636301,8563,21,,,,,
0.0005013272748328745,8564,21,,,,,
0.000129754698718898,8565,21,,,,,
0.0044360230676829815,8566,21,,,,,
0.000545716262422502,8567,21,,,,,
0.00023461534874513745,8568,21,,,,,
0.001925729913637042,8569,21,,,,,
0.00036486954195424914,8570,21,,,,,
0.00023705467174295336,8571,21,,,,,
0.0005972238723188639,8572,21,,,,,
0.0007492605946026742,8573,21,,,,,
0.0004584833513945341,8574,21,,,,,
0.0002494413929525763,8575,21,,,,,
9.914599650073797e-05,8576,21,,,,,
5.211344614508562e-05,8577,21,,,,,
0.0006684389081783593,8578,21,,,,,
0.00048245524521917105,8579,21,,,,,
0.002824200317263603,8580,21,,,,,
0.000166425495990552,8581,21,,,,,
0.00019095859897788614,8582,21,,,,,
0.0006720467936247587,8583,21,,,,,
0.0014726528897881508,8584,21,,,,,
0.0007197444210760295,8585,21,,,,,
0.00022217661899048835,8586,21,,,,,
6.567871605511755e-05,8587,21,,,,,
0.0006177576724439859,8588,21,,,,,
0.010246704332530499,8589,21,,,,,
0.00022518585319630802,8590,21,,,,,
0.0005753408768214285,8591,21,,,,,
0.0001648409233894199,8592,21,,,,,
0.0007730574579909444,8593,21,,,,,
0.1445358544588089,8594,21,,,,,
0.0002129105996573344,8595,21,,,,,
0.00021675939206033945,8596,21,,,,,
0.00032624666346237063,8597,21,,,,,
0.1059698536992073,8598,21,,,,,
0.12295567244291306,8599,21,,,,,
0.0012910631485283375,8600,21,,,,,
0.007617492228746414,8601,21,,,,,
0.0006264501134864986,8602,21,,,,,
0.0062151383608579636,8603,21,,,,,
0.0011948745232075453,8604,21,,,,,
0.00031034284620545805,8605,21,,,,,
0.0004209906910546124,8606,21,,,,,
0.000599353457801044,8607,21,,,,,
0.0007711125654168427,8608,21,,,,,
0.004037522245198488,8609,21,,,,,
0.04252432659268379,8610,21,,,,,
0.0013909147819504142,8611,21,,,,,
0.005423859693109989,8612,21,,,,,
0.014638598076999187,8613,21,,,,,
0.00021255221508909017,8614,21,,,,,
0.0015910309739410877,8615,21,,,,,
0.0050813364796340466,8616,21,,,,,
0.0016765103209763765,8617,21,,,,,
0.006153635215014219,8618,21,,,,,
0.0010190665489062667,8619,21,,,,,
0.036858730018138885,8620,21,,,,,
0.015323196537792683,8621,21,,,,,
0.0038500516675412655,8622,21,,,,,
0.0006632990553043783,8623,21,,,,,
0.001464325119741261,8624,21,,,,,
0.0004687906475737691,8625,21,,,,,
0.0004358928999863565,8626,21,,,,,
0.0018688885029405355,8627,21,,,,,
0.0007945392280817032,8628,21,,,,,
0.054218508303165436,8629,21,,,,,
0.0014702349435538054,8630,21,,,,,
0.00010361632303101942,8631,21,,,,,
0.0082551883533597,8632,21,,,,,
0.00017250969540327787,8633,21,,,,,
8.149958011927083e-05,8634,21,,,,,
0.00013351345842238516,8635,21,,,,,
7.882151112426072e-05,8636,21,,,,,
0.00017722597112879157,8637,21,,,,,
0.0006325900903902948,8638,21,,,,,
0.002457198454067111,8639,21,,,,,
0.00027463267906568944,8640,21,,,,,
0.0002193049294874072,8641,21,,,,,
0.22701396048069,8642,21,,,,,
0.00039583470788784325,8643,21,,,,,
0.0005082954303361475,8644,21,,,,,
0.000990358297713101,8645,21,,,,,
0.00020119952387176454,8646,21,,,,,
0.0015458982670679688,8647,21,,,,,
0.0003897654532920569,8648,21,,,,,
0.002046611625701189,8649,21,,,,,
0.0013960694195702672,8650,21,,,,,
0.0008954436634667218,8651,21,,,,,
0.00029761274345219135,8652,21,,,,,
0.0001182585401693359,8653,21,,,,,
0.0005913183558732271,8654,21,,,,,
0.0004117020289413631,8655,21,,,,,
0.000890041992533952,8656,21,,,,,
0.00022208449081517756,8657,21,,,,,
0.0007255616947077215,8658,21,,,,,
0.00020357822359073907,8659,21,,,,,
0.0009451070218347013,8660,21,,,,,
0.028626134619116783,8661,21,,,,,
0.000816549058072269,8662,21,,,,,
0.09497566521167755,8663,21,,,,,
0.008462566882371902,8664,21,,,,,
0.020397214218974113,8665,21,,,,,
0.09540580213069916,8666,21,,,,,
0.0026332028210163116,8667,21,,,,,
0.0007716580294072628,8668,21,,,,,
0.0012084445916116238,8669,21,,,,,
0.03362409770488739,8670,21,,,,,
0.0015201868955045938,8671,21,,,,,
0.002454593079164624,8672,21,,,,,
0.03232390433549881,8673,21,,,,,
0.0008362230146303773,8674,21,,,,,
0.0032239060383290052,8675,21,,,,,
0.0007175622158683836,8676,21,,,,,
0.001480488688685,8677,21,,,,,
5.366338154999539e-05,8678,21,,,,,
0.0028704614378511906,8679,21,,,,,
0.0003534317947924137,8680,21,,,,,
0.000989472959190607,8681,21,,,,,
0.0013896875316277146,8682,21,,,,,
0.0011696283472701907,8683,21,,,,,
0.003218692960217595,8684,21,,,,,
0.002295661484822631,8685,21,,,,,
0.001422209432348609,8686,21,,,,,
0.0006449533393606544,8687,21,,,,,
0.0006686755805276334,8688,21,,,,,
0.0003047717036679387,8689,21,,,,,
5.3901523642707616e-05,8690,21,,,,,
0.00039387564174830914,8691,21,,,,,
0.05922667309641838,8692,21,,,,,
0.001860828953795135,8693,21,,,,,
0.001024108030833304,8694,21,,,,,
0.0005068221362307668,8695,21,,,,,
0.043667618185281754,8696,21,,,,,
0.0036600008606910706,8697,21,,,,,
0.00068592035677284,8698,21,,,,,
0.15273335576057434,8699,21,,,,,
0.000793838407844305,8700,21,,,,,
0.00044399889884516597,8701,21,,,,,
0.00035423776716925204,8702,21,,,,,
5.7096636737696826e-05,8703,21,,,,,
0.00019700228585861623,8704,21,,,,,
0.26139986515045166,8705,21,,,,,
0.00014668396033812314,8706,21,,,,,
0.1484951227903366,8707,21,,,,,
0.0003163031651638448,8708,21,,,,,
0.011689589358866215,8709,21,,,,,
0.0006128700915724039,8710,21,,,,,
0.0007879980257712305,8711,21,,,,,
0.0005079461843706667,8712,21,,,,,
0.026564691215753555,8713,21,,,,,
0.004206537269055843,8714,21,,,,,
0.06673966348171234,8715,21,,,,,
0.009697936475276947,8716,21,,,,,
0.011250738985836506,8717,21,,,,,
0.00010600678797345608,8718,21,,,,,
0.0014029077719897032,8719,21,,,,,
0.0006830852944403887,8720,21,,,,,
0.0009581671911291778,8721,21,,,,,
8.666033681947738e-05,8722,21,,,,,
0.014380509965121746,8723,21,,,,,
0.037969764322042465,8724,21,,,,,
0.0004903055378235877,8725,21,,,,,
0.0032114607747644186,8726,21,,,,,
0.0023782646749168634,8727,21,,,,,
0.00026711609098128974,8728,21,,,,,
0.00036601844476535916,8729,21,,,,,
0.0016462852945551276,8730,21,,,,,
0.0019064508378505707,8731,21,,,,,
0.000808102369774133,8732,21,,,,,
0.002054020995274186,8733,21,,,,,
0.008705287240445614,8734,21,,,,,
0.002098308876156807,8735,21,,,,,
0.006768754683434963,8736,21,,,,,
0.00038101611426100135,8737,21,,,,,
0.0010986420093104243,8738,21,,,,,
0.00057665427448228,8739,21,,,,,
0.0021019410341978073,8740,21,,,,,
0.0029428359121084213,8741,21,,,,,
0.0005851497990079224,8742,21,,,,,
0.004752900451421738,8743,21,,,,,
0.0009089621598832309,8744,21,,,,,
0.005467589944601059,8745,21,,,,,
0.007258529309183359,8746,21,,,,,
0.04101935774087906,8747,21,,,,,
0.02467513084411621,8748,21,,,,,
0.001056472072377801,8749,21,,,,,
0.002760661765933037,8750,21,,,,,
0.024999424815177917,8751,21,,,,,
0.021706169471144676,8752,21,,,,,
0.0006215581088326871,8753,21,,,,,
0.06954972445964813,8754,21,,,,,
0.007053898181766272,8755,21,,,,,
0.0015010812785476446,8756,21,,,,,
0.016200868412852287,8757,21,,,,,
7.947045378386974e-05,8758,21,,,,,
0.0001134716731030494,8759,21,,,,,
0.002676731441169977,8760,21,,,,,
0.00021488235506694764,8761,21,,,,,
0.06790459156036377,8762,21,,,,,
0.0009542042971588671,8763,21,,,,,
0.0010414624121040106,8764,21,,,,,
0.009917263872921467,8765,21,,,,,
0.0034111535642296076,8766,21,,,,,
0.0002822185924742371,8767,21,,,,,
0.0007366928621195257,8768,21,,,,,
0.011947321705520153,8769,21,,,,,
0.002366687636822462,8770,21,,,,,
0.0006876728730276227,8771,21,,,,,
0.0060652876272797585,8772,21,,,,,
0.00014051664038561285,8773,21,,,,,
0.028995970264077187,8774,21,,,,,
0.0009933458641171455,8775,21,,,,,
0.00021296065824571997,8776,21,,,,,
0.007216477766633034,8777,21,,,,,
,8358,,2.4409330308117205e-06,,,,
,8359,,5.3004554501967505e-05,,,,
,8360,,9.079897608899046e-06,,,,
,8361,,9.079897608899046e-06,,,,
,8362,,3.788694357353961e-06,,,,
,8363,,2.7625096663541626e-06,,,,
,8364,,2.7625096663541626e-06,,,,
,8365,,2.9347897907427978e-06,,,,
,8366,,1.0954968274745625e-05,,,,
,8367,,1.0954968274745625e-05,,,,
,8368,,2.917983920269762e-06,,,,
,8369,,3.167745308019221e-05,,,,
,8370,,3.167745308019221e-05,,,,
,8371,,0.0001239703269675374,,,,
,8372,,0.012425564229488373,,,,
,8373,,0.012425564229488373,,,,
,8374,,5.5247732234420255e-05,,,,
,8375,,4.491520667215809e-05,,,,
,8376,,4.0970688132802024e-05,,,,
,8377,,4.0970688132802024e-05,,,,
,8378,,1.1051486580981873e-05,,,,
,8379,,1.4215836927178316e-05,,,,
,8380,,1.4215836927178316e-05,,,,
,8381,,1.9247383534093387e-05,,,,
,8382,,1.1698723028530367e-05,,,,
,8383,,1.1698723028530367e-05,,,,
,8384,,2.5164385078824125e-05,,,,
,8385,,2.0052873878739774e-05,,,,
,8386,,2.0052873878739774e-05,,,,
,8387,,3.5573426430346444e-05,,,,
,8388,,3.5573426430346444e-05,,,,
,8389,,3.5573426430346444e-05,,,,
,8390,,5.432390480564209e-06,,,,
,8391,,2.456561560393311e-05,,,,
,8392,,4.313511090003885e-05,,,,
,8393,,4.313511090003885e-05,,,,
,8394,,1.674429586273618e-05,,,,
,8395,,8.852139217196964e-06,,,,
,8396,,8.852139217196964e-06,,,,
,8397,,5.96026302446262e-06,,,,
,8398,,7.69722737459233e-06,,,,
,8399,,7.69722737459233e-06,,,,
,8400,,4.379899110062979e-05,,,,
,8401,,1.370824065816123e-05,,,,
,8402,,5.071061968919821e-05,,,,
,8403,,1.370824065816123e-05,,,,
,8404,,1.2447576409613248e-05,,,,
,8405,,3.5614706575870514e-05,,,,
,8406,,3.5614706575870514e-05,,,,
,8407,,4.645055014407262e-05,,,,
,8408,,5.089713158668019e-05,,,,
,8409,,5.089713158668019e-05,,,,
,8410,,9.297647920902818e-06,,,,
,8411,,1.5651290595997125e-05,,,,
,8412,,1.5651290595997125e-05,,,,
,8413,,1.5086464372870978e-05,,,,
,8414,,1.1255963727307972e-05,,,,
,8415,,1.1255963727307972e-05,,,,
,8416,,2.3898832296254113e-05,,,,
,8417,,2.2804688342148438e-05,,,,
,8418,,9.002806109492667e-06,,,,
,8419,,2.2804688342148438e-05,,,,
,8420,,1.1795752470789012e-05,,,,
,8421,,1.1795752470789012e-05,,,,
,8422,,1.1795752470789012e-05,,,,
,8423,,0.00013194714847486466,,,,
,8424,,0.0012106932699680328,,,,
,8425,,0.0012106932699680328,,,,
,8426,,5.17763510288205e-06,,,,
,8427,,5.400604095484596e-06,,,,
,8428,,5.400604095484596e-06,,,,
,8429,,2.2309036467049737e-06,,,,
,8430,,4.989643002772937e-06,,,,
,8431,,4.989643002772937e-06,,,,
,8432,,7.763670510030352e-06,,,,
,8433,,9.570362635713536e-06,,,,
,8434,,9.570362635713536e-06,,,,
,8435,,5.5965923820622265e-05,,,,
,8436,,2.23090182771557e-06,,,,
,8437,,9.737886102811899e-06,,,,
,8438,,9.737886102811899e-06,,,,
,8439,,8.597956366429571e-06,,,,
,8440,,1.0608592674543615e-05,,,,
,8441,,1.0608592674543615e-05,,,,
,8442,,2.906402642111061e-06,,,,
,8443,,1.0206147635472007e-05,,,,
,8444,,1.2339306522335391e-05,,,,
,8445,,1.2339306522335391e-05,,,,
,8446,,8.711868758837227e-06,,,,
,8447,,6.141881840449059e-06,,,,
,8448,,6.141881840449059e-06,,,,
,8449,,2.7872019927599467e-06,,,,
,8450,,9.984636562876403e-06,,,,
,8451,,9.984636562876403e-06,,,,
,8452,,2.1841486159246415e-05,,,,
,8453,,2.1841486159246415e-05,,,,
,8454,,2.1841486159246415e-05,,,,
,8455,,2.2876647562952712e-06,,,,
,8456,,1.9846789655275643e-05,,,,
,8457,,1.9846789655275643e-05,,,,
,8458,,2.65809940174222e-05,,,,
,8459,,1.0478903277544305e-05,,,,
,8460,,1.0478903277544305e-05,,,,
,8461,,1.9924857497244375e-06,,,,
,8462,,8.287711352750193e-06,,,,
,8463,,3.865721737383865e-06,,,,
,8464,,3.865721737383865e-06,,,,
,8465,,5.374507509259274e-06,,,,
,8466,,1.031930423778249e-05,,,,
,8467,,1.031930423778249e-05,,,,
,8468,,2.4693172235856764e-06,,,,
,8469,,5.260530087980442e-06,,,,
,8470,,5.260530087980442e-06,,,,
,8471,,3.094170324402512e-06,,,,
,8472,,4.19807020080043e-06,,,,
,8473,,4.19807020080043e-06,,,,
,8474,,0.00013821556058246642,,,,
,8475,,0.0011413592146709561,,,,
,8476,,0.0011413592146709561,,,,
,8477,,1.5919480574666522e-05,,,,
,8478,,1.2748913832183462e-05,,,,
,8479,,4.494518361752853e-05,,,,
,8480,,4.494518361752853e-05,,,,
,8481,,2.174123437725939e-06,,,,
,8482,,4.2687543100328185e-06,,,,
,8483,,4.2687543100328185e-06,,,,
,8484,,1.5810621334821917e-05,,,,
,8485,,1.5810621334821917e-05,,,,
,8486,,1.5810621334821917e-05,,,,
,8487,,0.0001427830138709396,,,,
,8488,,2.327391030121362e-06,,,,
,8489,,2.9289918529684655e-05,,,,
,8490,,2.9289918529684655e-05,,,,
,8491,,2.522892646084074e-05,,,,
,8492,,1.1059250937250908e-05,,,,
,8493,,1.1059250937250908e-05,,,,
,8494,,2.9234038265713025e-06,,,,
,8495,,3.286715582362376e-06,,,,
,8496,,3.286715582362376e-06,,,,
,8497,,2.3913149561849423e-05,,,,
,8498,,6.647129339398816e-06,,,,
,8499,,6.647129339398816e-06,,,,
,8500,,2.724737441894831e-06,,,,
,8501,,4.038299812236801e-05,,,,
,8502,,4.038299812236801e-05,,,,
,8503,,5.189796138438396e-05,,,,
,8504,,5.998879350954667e-05,,,,
,8505,,5.998879350954667e-05,,,,
,8506,,1.362861439702101e-05,,,,
,8507,,2.10600660466298e-06,,,,
,8508,,1.263964077224955e-05,,,,
,8509,,1.263964077224955e-05,,,,
,8510,,6.173275323817506e-05,,,,
,8511,,3.718129391927505e-06,,,,
,8512,,3.718129391927505e-06,,,,
,8513,,1.8846219518309226e-06,,,,
,8514,,4.478771643334767e-06,,,,
,8515,,4.478771643334767e-06,,,,
,8516,,1.43442812259309e-05,,,,
,8517,,1.43442812259309e-05,,,,
,8518,,1.43442812259309e-05,,,,
,8519,,1.6235086377491825e-06,,,,
,8520,,7.5717839536082465e-06,,,,
,8521,,0.0002000427048187703,,,,
,8522,,7.5717839536082465e-06,,,,
,8523,,5.0583507800183725e-06,,,,
,8524,,2.7832047635456547e-06,,,,
,8525,,2.7832047635456547e-06,,,,
,8526,,0.00022581961820833385,,,,
,8527,,0.0005470803589560091,,,,
,8528,,0.0005470803589560091,,,,
,8529,,1.9195820641471073e-05,,,,
,8530,,7.26534563000314e-05,,,,
,8531,,7.26534563000314e-05,,,,
,8532,,0.003480390878394246,,,,
,8533,,4.4958078433410265e-06,,,,
,8534,,1.6288151527987793e-05,,,,
,8535,,1.6288151527987793e-05,,,,
,8536,,1.934544343384914e-05,,,,
,8537,,2.2562977392226458e-05,,,,
,8538,,2.2562977392226458e-05,,,,
,8539,,5.614043402601965e-06,,,,
,8540,,1.154702840722166e-05,,,,
,8541,,1.154702840722166e-05,,,,
,8542,,2.7532074454938993e-05,,,,
,8543,,1.6114852769533172e-05,,,,
,8544,,1.6114852769533172e-05,,,,
,8545,,1.064860862243222e-05,,,,
,8546,,1.3787495845463127e-05,,,,
,8547,,1.3787495845463127e-05,,,,
,8548,,0.0001586591824889183,,,,
,8549,,3.47399472957477e-05,,,,
,8550,,3.47399472957477e-05,,,,
,8551,,3.47399472957477e-05,,,,
,8552,,6.851458238088526e-06,,,,
,8553,,4.981188976671547e-05,,,,
,8554,,4.981188976671547e-05,,,,
,8555,,4.5385655539575964e-05,,,,
,8556,,2.1838479369762354e-05,,,,
,8557,,2.1838479369762354e-05,,,,
,8558,,7.47579997550929e-06,,,,
,8559,,8.940287443692796e-06,,,,
,8560,,8.940287443692796e-06,,,,
,8561,,0.000106298022728879,,,,
,8562,,8.03789407655131e-06,,,,
,8563,,8.03789407655131e-06,,,,
,8564,,1.3816672435496002e-05,,,,
,8565,,5.02369721289142e-06,,,,
,8566,,3.6884819564875215e-05,,,,
,8567,,3.6884819564875215e-05,,,,
,8568,,1.4474592717306223e-05,,,,
,8569,,1.645393240323756e-05,,,,
,8570,,1.645393240323756e-05,,,,
,8571,,8.417970093432814e-06,,,,
,8572,,1.086801421479322e-05,,,,
,8573,,1.2828899343730882e-05,,,,
,8574,,1.086801421479322e-05,,,,
,8575,,7.110761089279549e-06,,,,
,8576,,1.564869671710767e-05,,,,
,8577,,1.564869671710767e-05,,,,
,8578,,0.00045615722774527967,,,,
,8579,,0.0005314722657203674,,,,
,8580,,0.0005314722657203674,,,,
,8581,,2.2781172447139397e-05,,,,
,8582,,2.2781172447139397e-05,,,,
,8583,,2.2781172447139397e-05,,,,
,8584,,8.389640242967289e-06,,,,
,8585,,2.6935769710689783e-05,,,,
,8586,,2.6935769710689783e-05,,,,
,8587,,2.462602060404606e-05,,,,
,8588,,1.4962087334424723e-05,,,,
,8589,,1.4962087334424723e-05,,,,
,8590,,8.696125405549537e-06,,,,
,8591,,1.4543223187502008e-05,,,,
,8592,,1.0064203706861008e-05,,,,
,8593,,1.0064203706861008e-05,,,,
,8594,,3.6270888813305646e-05,,,,
,8595,,1.4145417480904143e-05,,,,
,8596,,1.4145417480904143e-05,,,,
,8597,,1.681774483586196e-05,,,,
,8598,,0.2764313519001007,,,,
,8599,,7.741042645648122e-05,,,,
,8600,,7.741042645648122e-05,,,,
,8601,,3.267262945882976e-05,,,,
,8602,,4.009624171885662e-05,,,,
,8603,,4.009624171885662e-05,,,,
,8604,,2.3116441298043355e-05,,,,
,8605,,3.309768362669274e-05,,,,
,8606,,3.309768362669274e-05,,,,
,8607,,6.928474613232538e-05,,,,
,8608,,1.0064451998914592e-05,,,,
,8609,,1.2430979040800594e-05,,,,
,8610,,1.2430979040800594e-05,,,,
,8611,,1.308358241658425e-05,,,,
,8612,,1.3838718587066978e-05,,,,
,8613,,1.3838718587066978e-05,,,,
,8614,,0.00035945302806794643,,,,
,8615,,0.00035945302806794643,,,,
,8616,,0.00035945302806794643,,,,
,8617,,1.3100589058012702e-05,,,,
,8618,,1.0541317351453472e-05,,,,
,8619,,0.00012067784700775519,,,,
,8620,,0.00012067784700775519,,,,
,8621,,2.8641103199333884e-05,,,,
,8622,,1.6615189451840706e-05,,,,
,8623,,1.6615189451840706e-05,,,,
,8624,,1.210711616295157e-05,,,,
,8625,,1.3770471923635341e-05,,,,
,8626,,1.3770471923635341e-05,,,,
,8627,,1.910252649395261e-05,,,,
,8628,,1.5507377611356787e-05,,,,
,8629,,1.5507377611356787e-05,,,,
,8630,,0.0011336390161886811,,,,
,8631,,0.09129222482442856,,,,
,8632,,0.09129222482442856,,,,
,8633,,4.1591971239540726e-05,,,,
,8634,,3.19915016007144e-05,,,,
,8635,,4.203250864520669e-05,,,,
,8636,,4.203250864520669e-05,,,,
,8637,,5.6424300964863505e-06,,,,
,8638,,1.6417421647929586e-05,,,,
,8639,,1.6417421647929586e-05,,,,
,8640,,3.7987039831932634e-05,,,,
,8641,,7.260242909978842e-06,,,,
,8642,,7.260242909978842e-06,,,,
,8643,,4.825038104172563e-06,,,,
,8644,,7.050217391224578e-06,,,,
,8645,,7.050217391224578e-06,,,,
,8646,,6.0814603784820065e-05,,,,
,8647,,6.0814603784820065e-05,,,,
,8648,,6.0814603784820065e-05,,,,
,8649,,9.689498256193474e-06,,,,
,8650,,0.00012421738938428462,,,,
,8651,,0.00012421738938428462,,,,
,8652,,9.746519026521128e-06,,,,
,8653,,4.1572795453248546e-05,,,,
,8654,,1.6951673387666233e-05,,,,
,8655,,1.6951673387666233e-05,,,,
,8656,,9.133254934567958e-06,,,,
,8657,,1.0194758033321705e-05,,,,
,8658,,1.0194758033321705e-05,,,,
,8659,,9.398077236255631e-05,,,,
,8660,,1.9775090549956076e-05,,,,
,8661,,1.050707942340523e-05,,,,
,8662,,1.050707942340523e-05,,,,
,8663,,9.729300472827163e-06,,,,
,8664,,0.00023420895740855485,,,,
,8665,,0.00023420895740855485,,,,
,8666,,0.0021310641895979643,,,,
,8667,,0.0019789221696555614,,,,
,8668,,0.0019789221696555614,,,,
,8669,,9.695227163319942e-06,,,,
,8670,,0.00010065913375001401,,,,
,8671,,0.00010065913375001401,,,,
,8672,,9.514549310551956e-05,,,,
,8673,,8.50901324156439e-06,,,,
,8674,,8.50901324156439e-06,,,,
,8675,,6.874139216961339e-06,,,,
,8676,,6.223865784704685e-05,,,,
,8677,,7.924345482024364e-06,,,,
,8678,,7.924345482024364e-06,,,,
,8679,,1.3184351701056585e-05,,,,
,8680,,1.3184351701056585e-05,,,,
,8681,,1.3184351701056585e-05,,,,
,8682,,0.0003480345767457038,,,,
,8683,,0.026136208325624466,,,,
,8684,,0.026136208325624466,,,,
,8685,,2.2614491172134876e-05,,,,
,8686,,1.1759424523916095e-05,,,,
,8687,,1.1759424523916095e-05,,,,
,8688,,5.347247224563034e-06,,,,
,8689,,6.22142624706612e-06,,,,
,8690,,6.22142624706612e-06,,,,
,8691,,2.337111800443381e-05,,,,
,8692,,8.361394975509029e-06,,,,
,8693,,8.361394975509029e-06,,,,
,8694,,3.434316113271052e-06,,,,
,8695,,0.00031474948627874255,,,,
,8696,,2.952910290332511e-05,,,,
,8697,,2.952910290332511e-05,,,,
,8698,,3.639761416707188e-05,,,,
,8699,,4.52739441243466e-05,,,,
,8700,,4.52739441243466e-05,,,,
,8701,,7.844771062082145e-06,,,,
,8702,,8.067766611929983e-05,,,,
,8703,,3.654410465969704e-05,,,,
,8704,,3.654410465969704e-05,,,,
,8705,,3.189892231603153e-05,,,,
,8706,,1.047269870468881e-05,,,,
,8707,,1.047269870468881e-05,,,,
,8708,,8.968607289716601e-06,,,,
,8709,,1.1261940926488023e-05,,,,
,8710,,1.1261940926488023e-05,,,,
,8711,,7.661587733309716e-05,,,,
,8712,,7.661587733309716e-05,,,,
,8713,,7.661587733309716e-05,,,,
,8714,,8.480543328914791e-06,,,,
,8715,,0.00011637108400464058,,,,
,8716,,0.00011637108400464058,,,,
,8717,,0.00045468215830624104,,,,
,8718,,0.00021364643180277199,,,,
,8719,,0.00021364643180277199,,,,
,8720,,1.2113196135032922e-05,,,,
,8721,,1.0173777809541207e-05,,,,
,8722,,1.3208707969170064e-05,,,,
,8723,,1.3208707969170064e-05,,,,
,8724,,5.0266971811652184e-05,,,,
,8725,,1.0836256478796713e-05,,,,
,8726,,1.0836256478796713e-05,,,,
,8727,,8.009308658074588e-06,,,,
,8728,,2.0957080778316595e-05,,,,
,8729,,2.0957080778316595e-05,,,,
,8730,,1.2775070899806451e-05,,,,
,8731,,1.6718462575227022e-05,,,,
,8732,,1.6718462575227022e-05,,,,
,8733,,0.0001650560152484104,,,,
,8734,,0.003119345288723707,,,,
,8735,,0.003119345288723707,,,,
,8736,,6.0743154790543485e-06,,,,
,8737,,1.5349001841968857e-05,,,,
,8738,,0.0005317917675711215,,,,
,8739,,0.0005317917675711215,,,,
,8740,,5.716149189538555e-06,,,,
,8741,,8.310297744174022e-06,,,,
,8742,,8.310297744174022e-06,,,,
,8743,,7.784547051414847e-06,,,,
,8744,,7.784547051414847e-06,,,,
,8745,,7.784547051414847e-06,,,,
,8746,,3.394577333892812e-06,,,,
,8747,,1.1583052582864184e-05,,,,
,8748,,1.1583052582864184e-05,,,,
,8749,,7.79491620050976e-06,,,,
,8750,,6.390443104464794e-06,,,,
,8751,,6.390443104464794e-06,,,,
,8752,,5.642357336910209e-06,,,,
,8753,,6.862775535410037e-06,,,,
,8754,,6.862775535410037e-06,,,,
,8755,,1.058308407664299e-05,,,,
,8777,21,,0.0014409312279894948,,,
,8777,21,,,0.01288962084800005,0.9672544002532959,0.9672544002532959
0.0003953087725676596,8778,22,,,,,
9.069222141988575e-05,8779,22,,,,,
1.8356786313233897e-05,8780,22,,,,,
3.5342447517905384e-05,8781,22,,,,,
0.0005448224255815148,8782,22,,,,,
0.019455477595329285,8783,22,,,,,
0.0012510627275332808,8784,22,,,,,
2.0479841623455286e-05,8785,22,,,,,
0.0009915536502376199,8786,22,,,,,
0.01155372429639101,8787,22,,,,,
0.01319919154047966,8788,22,,,,,
2.0701712855952792e-05,8789,22,,,,,
1.2879908354079816e-05,8790,22,,,,,
5.9717101976275444e-05,8791,22,,,,,
0.0036184373311698437,8792,22,,,,,
0.01777166686952114,8793,22,,,,,
7.4945014603144955e-06,8794,22,,,,,
1.7613616364542395e-05,8795,22,,,,,
0.0006913020624779165,8796,22,,,,,
3.888509309035726e-05,8797,22,,,,,
0.0009965881472453475,8798,22,,,,,
0.0003490016970317811,8799,22,,,,,
8.412604984187055e-06,8800,22,,,,,
0.004238689783960581,8801,22,,,,,
0.0002005598071264103,8802,22,,,,,
0.001310889725573361,8803,22,,,,,
0.00324626499786973,8804,22,,,,,
4.039268605993129e-05,8805,22,,,,,
9.483257599640638e-05,8806,22,,,,,
6.105544889578596e-05,8807,22,,,,,
0.00020090681209694594,8808,22,,,,,
5.4763910156907514e-05,8809,22,,,,,
3.053193722735159e-05,8810,22,,,,,
0.029890496283769608,8811,22,,,,,
1.4640772860730067e-05,8812,22,,,,,
0.0017600069986656308,8813,22,,,,,
4.502722367760725e-05,8814,22,,,,,
0.003755207173526287,8815,22,,,,,
0.00013329557259567082,8816,22,,,,,
0.00015271437587216496,8817,22,,,,,
0.000933256815187633,8818,22,,,,,
4.883606743533164e-05,8819,22,,,,,
5.132424121256918e-05,8820,22,,,,,
4.1721541492734104e-05,8821,22,,,,,
0.0115932896733284,8822,22,,,,,
0.00024377119552809745,8823,22,,,,,
1.3014110663789324e-05,8824,22,,,,,
2.2903530407347716e-05,8825,22,,,,,
7.877836651459802e-06,8826,22,,,,,
0.00151392025873065,8827,22,,,,,
0.0016974363243207335,8828,22,,,,,
0.0004378417506814003,8829,22,,,,,
0.001300022704526782,8830,22,,,,,
2.42644855461549e-05,8831,22,,,,,
0.00020235127885825932,8832,22,,,,,
1.6035355656640604e-05,8833,22,,,,,
3.3482170692877844e-05,8834,22,,,,,
2.2108164557721466e-05,8835,22,,,,,
6.799752100050682e-06,8836,22,,,,,
3.302622280898504e-05,8837,22,,,,,
5.970704478386324e-06,8838,22,,,,,
8.76602134667337e-05,8839,22,,,,,
0.0003409509954508394,8840,22,,,,,
0.00013235885126050562,8841,22,,,,,
0.000419442803831771,8842,22,,,,,
0.002809355966746807,8843,22,,,,,
7.271632057381794e-06,8844,22,,,,,
5.625873745884746e-05,8845,22,,,,,
4.757889655593317e-06,8846,22,,,,,
2.0070767277502455e-05,8847,22,,,,,
0.000262418354395777,8848,22,,,,,
2.300403139088303e-05,8849,22,,,,,
0.00015982006152626127,8850,22,,,,,
3.541159094311297e-05,8851,22,,,,,
0.08469455689191818,8852,22,,,,,
6.2186001741793e-05,8853,22,,,,,
0.00016866646183189005,8854,22,,,,,
4.037516646349104e-06,8855,22,,,,,
0.0007820897735655308,8856,22,,,,,
0.00010313094389857724,8857,22,,,,,
5.580003744398709e-06,8858,22,,,,,
5.323368895915337e-05,8859,22,,,,,
0.016505209729075432,8860,22,,,,,
1.9450668332865462e-05,8861,22,,,,,
0.03560825437307358,8862,22,,,,,
0.0008027649018913507,8863,22,,,,,
0.00012386671733111143,8864,22,,,,,
0.0004354188858997077,8865,22,,,,,
0.18639801442623138,8866,22,,,,,
0.00014057678345125169,8867,22,,,,,
2.3424972823704593e-05,8868,22,,,,,
0.0026759132742881775,8869,22,,,,,
2.005132228077855e-05,8870,22,,,,,
5.100020644022152e-06,8871,22,,,,,
0.0004160409444011748,8872,22,,,,,
0.002186443889513612,8873,22,,,,,
0.00010012399434344843,8874,22,,,,,
0.001888367347419262,8875,22,,,,,
3.4296779631404206e-05,8876,22,,,,,
0.021297365427017212,8877,22,,,,,
0.00796501524746418,8878,22,,,,,
5.874312046216801e-05,8879,22,,,,,
0.000793642655480653,8880,22,,,,,
0.0013767728814855218,8881,22,,,,,
0.01802876777946949,8882,22,,,,,
0.0005348004633560777,8883,22,,,,,
7.050257408991456e-05,8884,22,,,,,
1.7358177501591854e-05,8885,22,,,,,
0.0011647765059024096,8886,22,,,,,
4.849652759730816e-05,8887,22,,,,,
0.0001242432335857302,8888,22,,,,,
0.000389651715522632,8889,22,,,,,
0.0002655616553965956,8890,22,,,,,
0.2038148194551468,8891,22,,,,,
3.819855919573456e-06,8892,22,,,,,
0.004199612885713577,8893,22,,,,,
0.03935560956597328,8894,22,,,,,
0.07214456796646118,8895,22,,,,,
0.00012429691560100764,8896,22,,,,,
4.4321175664663315e-05,8897,22,,,,,
2.7123151085106656e-05,8898,22,,,,,
0.08123861253261566,8899,22,,,,,
0.0038737787399441004,8900,22,,,,,
0.00017074991774279624,8901,22,,,,,
1.8124184862244874e-05,8902,22,,,,,
0.007883388549089432,8903,22,,,,,
7.09577725501731e-05,8904,22,,,,,
2.7516736736288294e-05,8905,22,,,,,
0.00011522971180966124,8906,22,,,,,
3.158412073389627e-05,8907,22,,,,,
0.00019028612587135285,8908,22,,,,,
2.3896975108073093e-05,8909,22,,,,,
2.0082077753613703e-05,8910,22,,,,,
7.77573004597798e-05,8911,22,,,,,
2.4819120881147683e-05,8912,22,,,,,
2.0580966520356014e-05,8913,22,,,,,
1.1903447557415348e-05,8914,22,,,,,
0.00014639263099525124,8915,22,,,,,
0.0033287853002548218,8916,22,,,,,
0.0009914482943713665,8917,22,,,,,
0.00016035123553592712,8918,22,,,,,
0.0006507430807687342,8919,22,,,,,
0.002523628296330571,8920,22,,,,,
4.43710305262357e-05,8921,22,,,,,
0.0006734802154824138,8922,22,,,,,
6.999722245382145e-05,8923,22,,,,,
8.9470406237524e-05,8924,22,,,,,
0.0038938329089432955,8925,22,,,,,
0.010751878842711449,8926,22,,,,,
0.0001885628153104335,8927,22,,,,,
0.06337393820285797,8928,22,,,,,
2.2179270672495477e-05,8929,22,,,,,
9.774861609912477e-06,8930,22,,,,,
0.009770527482032776,8931,22,,,,,
3.140182525385171e-05,8932,22,,,,,
2.4555998606956564e-05,8933,22,,,,,
2.0979287000955082e-05,8934,22,,,,,
0.0009579567122273147,8935,22,,,,,
1.3185150237404741e-05,8936,22,,,,,
0.00016939023043960333,8937,22,,,,,
0.3630121946334839,8938,22,,,,,
3.2096671930048615e-05,8939,22,,,,,
0.04917117953300476,8940,22,,,,,
6.417219992727041e-05,8941,22,,,,,
0.18807832896709442,8942,22,,,,,
0.0020519918762147427,8943,22,,,,,
0.06357727199792862,8944,22,,,,,
0.000238901557167992,8945,22,,,,,
0.020806701853871346,8946,22,,,,,
0.009723194874823093,8947,22,,,,,
0.0013514157617464662,8948,22,,,,,
0.0023859720677137375,8949,22,,,,,
0.006390403024852276,8950,22,,,,,
0.14061248302459717,8951,22,,,,,
0.06964940577745438,8952,22,,,,,
0.012654543854296207,8953,22,,,,,
0.00011257300502620637,8954,22,,,,,
0.0002671076508704573,8955,22,,,,,
0.0001682173606241122,8956,22,,,,,
0.0035692062228918076,8957,22,,,,,
0.00028804110479541123,8958,22,,,,,
0.0004967480781488121,8959,22,,,,,
0.0006449585780501366,8960,22,,,,,
0.00022497768804896623,8961,22,,,,,
0.004549928475171328,8962,22,,,,,
0.002789925318211317,8963,22,,,,,
0.0017808744451031089,8964,22,,,,,
0.0004008581454399973,8965,22,,,,,
0.01769351400434971,8966,22,,,,,
0.0064690313301980495,8967,22,,,,,
0.003730382304638624,8968,22,,,,,
0.0002970512432511896,8969,22,,,,,
0.015894364565610886,8970,22,,,,,
0.0008172377711161971,8971,22,,,,,
0.0017309384420514107,8972,22,,,,,
0.00021408926113508642,8973,22,,,,,
0.0032501814421266317,8974,22,,,,,
0.0007298366399481893,8975,22,,,,,
0.00014159690181259066,8976,22,,,,,
0.0008667590445838869,8977,22,,,,,
0.015055823139846325,8978,22,,,,,
0.002729672472923994,8979,22,,,,,
0.04518403857946396,8980,22,,,,,
0.00022216021898202598,8981,22,,,,,
0.30057403445243835,8982,22,,,,,
0.03523523360490799,8983,22,,,,,
7.321075827348977e-05,8984,22,,,,,
0.0037137698382139206,8985,22,,,,,
8.1656027759891e-05,8986,22,,,,,
0.003950918093323708,8987,22,,,,,
0.0003606315003708005,8988,22,,,,,
0.0030985716730356216,8989,22,,,,,
0.0011363397352397442,8990,22,,,,,
0.0007917651673778892,8991,22,,,,,
0.00100837298668921,8992,22,,,,,
0.0016291638603433967,8993,22,,,,,
0.000896177371032536,8994,22,,,,,
0.005730400327593088,8995,22,,,,,
0.016017194837331772,8996,22,,,,,
0.0006057266145944595,8997,22,,,,,
0.010087830945849419,8998,22,,,,,
0.00017859145009424537,8999,22,,,,,
4.0054364944808185e-05,9000,22,,,,,
0.00046998754260130227,9001,22,,,,,
0.00017304041830357164,9002,22,,,,,
0.0003854879760183394,9003,22,,,,,
0.00022153291502036154,9004,22,,,,,
0.00010174282942898571,9005,22,,,,,
0.07975747436285019,9006,22,,,,,
0.00018923623429145664,9007,22,,,,,
0.00024803969427011907,9008,22,,,,,
4.2705560190370306e-05,9009,22,,,,,
0.04528872296214104,9010,22,,,,,
7.338968771364307e-06,9011,22,,,,,
8.906525181373581e-05,9012,22,,,,,
2.2075364540796727e-05,9013,22,,,,,
0.0011878223158419132,9014,22,,,,,
0.1339482069015503,9015,22,,,,,
0.0064965784549713135,9016,22,,,,,
0.0004565635754261166,9017,22,,,,,
0.00012383107969071716,9018,22,,,,,
1.9677467207657173e-05,9019,22,,,,,
5.484842404257506e-05,9020,22,,,,,
2.9508330044336617e-05,9021,22,,,,,
0.001937067019753158,9022,22,,,,,
0.0029648374766111374,9023,22,,,,,
6.672195013379678e-05,9024,22,,,,,
0.0015115190763026476,9025,22,,,,,
0.00013063994992990047,9026,22,,,,,
8.486982551403344e-05,9027,22,,,,,
0.0001751772069837898,9028,22,,,,,
9.657916962169111e-05,9029,22,,,,,
5.430737655842677e-05,9030,22,,,,,
0.00018288107821717858,9031,22,,,,,
0.2961728870868683,9032,22,,,,,
9.204754860547837e-06,9033,22,,,,,
0.0035738456062972546,9034,22,,,,,
0.00021219222981017083,9035,22,,,,,
0.0022726827301084995,9036,22,,,,,
3.6629411624744534e-05,9037,22,,,,,
0.0003172248543705791,9038,22,,,,,
0.000435467780334875,9039,22,,,,,
0.0002623035106807947,9040,22,,,,,
0.0001498100027674809,9041,22,,,,,
0.00017038032819982618,9042,22,,,,,
0.004164700396358967,9043,22,,,,,
0.0011633196845650673,9044,22,,,,,
4.6982855565147474e-05,9045,22,,,,,
0.011530136689543724,9046,22,,,,,
0.07677110284566879,9047,22,,,,,
0.0021556024439632893,9048,22,,,,,
0.0006361105479300022,9049,22,,,,,
0.0002568144991528243,9050,22,,,,,
0.00033460164559073746,9051,22,,,,,
1.5957402865751646e-05,9052,22,,,,,
4.388490560813807e-05,9053,22,,,,,
0.006716752890497446,9054,22,,,,,
6.042145105311647e-05,9055,22,,,,,
8.578297274652869e-05,9056,22,,,,,
5.3636122174793854e-05,9057,22,,,,,
0.0006565491203218699,9058,22,,,,,
2.3600627173436806e-05,9059,22,,,,,
1.5155926121224184e-05,9060,22,,,,,
0.05281566455960274,9061,22,,,,,
9.388565376866609e-05,9062,22,,,,,
8.950437040766701e-05,9063,22,,,,,
0.0004947970737703145,9064,22,,,,,
4.2844774725381285e-05,9065,22,,,,,
0.000493861734867096,9066,22,,,,,
2.462996963004116e-05,9067,22,,,,,
1.1609718967520166e-05,9068,22,,,,,
0.0050947461277246475,9069,22,,,,,
0.0025116552133113146,9070,22,,,,,
6.680280057480559e-05,9071,22,,,,,
5.971483915345743e-05,9072,22,,,,,
0.00025462903431616724,9073,22,,,,,
0.0002515501109883189,9074,22,,,,,
8.731527486816049e-05,9075,22,,,,,
3.687557182274759e-05,9076,22,,,,,
0.05138067901134491,9077,22,,,,,
0.00203478685580194,9078,22,,,,,
0.0003632322477642447,9079,22,,,,,
0.0009463826427236199,9080,22,,,,,
0.00046167688560672104,9081,22,,,,,
4.205544973956421e-05,9082,22,,,,,
0.00022148640709929168,9083,22,,,,,
5.403142858995125e-05,9084,22,,,,,
4.970540612703189e-05,9085,22,,,,,
0.0025429974775761366,9086,22,,,,,
3.6112462112214416e-05,9087,22,,,,,
4.8106125177582726e-05,9088,22,,,,,
7.475339225493371e-05,9089,22,,,,,
0.007625161204487085,9090,22,,,,,
0.00022022033226676285,9091,22,,,,,
0.08482805639505386,9092,22,,,,,
0.00014710050891153514,9093,22,,,,,
0.00027453730581328273,9094,22,,,,,
2.74911926680943e-05,9095,22,,,,,
0.0005196823040023446,9096,22,,,,,
0.014279833063483238,9097,22,,,,,
0.0004544285184238106,9098,22,,,,,
0.0002567358606029302,9099,22,,,,,
3.357649620738812e-05,9100,22,,,,,
0.001931160455569625,9101,22,,,,,
0.00050541409291327,9102,22,,,,,
0.0024024557787925005,9103,22,,,,,
0.08696768432855606,9104,22,,,,,
0.0009416354005225003,9105,22,,,,,
0.003358681919053197,9106,22,,,,,
6.333774217637256e-05,9107,22,,,,,
0.03177022188901901,9108,22,,,,,
8.30568460514769e-05,9109,22,,,,,
0.009905528277158737,9110,22,,,,,
0.009708561934530735,9111,22,,,,,
4.86325407109689e-05,9112,22,,,,,
0.03938841074705124,9113,22,,,,,
0.0048445467837154865,9114,22,,,,,
0.0032091985922306776,9115,22,,,,,
0.00017805382958613336,9116,22,,,,,
0.0001746979251038283,9117,22,,,,,
0.00015503093891311437,9118,22,,,,,
8.914468708098866e-06,9119,22,,,,,
2.246957774332259e-05,9120,22,,,,,
0.0002432448964100331,9121,22,,,,,
0.00013582427345681936,9122,22,,,,,
3.506611756165512e-05,9123,22,,,,,
0.037642382085323334,9124,22,,,,,
0.00019534460443537682,9125,22,,,,,
9.46372892940417e-06,9126,22,,,,,
1.275448448723182e-05,9127,22,,,,,
0.1175624281167984,9128,22,,,,,
0.0004585497372318059,9129,22,,,,,
0.00020522531121969223,9130,22,,,,,
1.7744920114637353e-05,9131,22,,,,,
0.001816046074964106,9132,22,,,,,
0.0001423930370947346,9133,22,,,,,
7.954865577630699e-05,9134,22,,,,,
3.525440479279496e-05,9135,22,,,,,
0.020474407821893692,9136,22,,,,,
3.1070117984199896e-05,9137,22,,,,,
0.0005253218114376068,9138,22,,,,,
8.9605528046377e-05,9139,22,,,,,
8.414413605351001e-05,9140,22,,,,,
0.00021268265845719725,9141,22,,,,,
0.014460395090281963,9142,22,,,,,
0.00024090537044685334,9143,22,,,,,
0.00015075967530719936,9144,22,,,,,
0.0001428609830327332,9145,22,,,,,
0.06563392281532288,9146,22,,,,,
5.987282929709181e-05,9147,22,,,,,
1.600715950189624e-05,9148,22,,,,,
4.7805133362999186e-05,9149,22,,,,,
0.0001616468798602,9150,22,,,,,
1.7750035112840123e-05,9151,22,,,,,
0.10608626157045364,9152,22,,,,,
0.00011545413144631311,9153,22,,,,,
0.0015335880452767015,9154,22,,,,,
7.236038072733209e-05,9155,22,,,,,
3.364860458532348e-05,9156,22,,,,,
0.00015039861318655312,9157,22,,,,,
0.00037650702870450914,9158,22,,,,,
0.00021059061691630632,9159,22,,,,,
0.005892632529139519,9160,22,,,,,
0.002835633233189583,9161,22,,,,,
0.1707952916622162,9162,22,,,,,
3.651503720902838e-05,9163,22,,,,,
0.05662110447883606,9164,22,,,,,
7.690704660490155e-05,9165,22,,,,,
0.00011811887816293165,9166,22,,,,,
0.08214882761240005,9167,22,,,,,
0.003816362004727125,9168,22,,,,,
0.001088142627850175,9169,22,,,,,
9.892618982121348e-05,9170,22,,,,,
0.04804649204015732,9171,22,,,,,
0.00012141894694650546,9172,22,,,,,
0.0016724630258977413,9173,22,,,,,
0.00013679932453669608,9174,22,,,,,
0.0006493237451650202,9175,22,,,,,
3.451898373896256e-05,9176,22,,,,,
,8756,,2.724763589867507e-06,,,,
,8757,,0.00017092043708544225,,,,
,8758,,1.269833774131257e-06,,,,
,8759,,1.269833774131257e-06,,,,
,8760,,3.5088353342871414e-06,,,,
,8761,,2.3292062905966304e-05,,,,
,8762,,2.3292062905966304e-05,,,,
,8763,,6.340543677652022e-06,,,,
,8764,,9.133698040386662e-05,,,,
,8765,,9.133698040386662e-05,,,,
,8766,,1.2505085578595754e-05,,,,
,8767,,0.00018066090706270188,,,,
,8768,,0.00018066090706270188,,,,
,8769,,0.0005441156099550426,,,,
,8770,,0.0007251968490891159,,,,
,8771,,0.0007251968490891159,,,,
,8772,,1.431969940313138e-05,,,,
,8773,,0.0001765588385751471,,,,
,8774,,1.73202406585915e-05,,,,
,8775,,1.73202406585915e-05,,,,
,8776,,6.7607738856168e-06,,,,
,8777,,3.7265560877131065e-06,,,,
,8778,,3.7265560877131065e-06,,,,
,8779,,4.643854026653571e-06,,,,
,8780,,1.7374641174683347e-05,,,,
,8781,,1.7374641174683347e-05,,,,
,8782,,8.690719369042199e-06,,,,
,8783,,2.3913433324196376e-05,,,,
,8784,,2.3913433324196376e-05,,,,
,8785,,5.156979568710085e-06,,,,
,8786,,5.156979568710085e-06,,,,
,8787,,5.156979568710085e-06,,,,
,8788,,3.894147994287778e-06,,,,
,8789,,0.00010893271246459335,,,,
,8790,,2.000636413868051e-06,,,,
,8791,,2.000636413868051e-06,,,,
,8792,,1.922887122418615e-06,,,,
,8793,,2.860999302356504e-06,,,,
,8794,,2.860999302356504e-06,,,,
,8795,,4.081462066096719e-06,,,,
,8796,,2.2753163648303598e-05,,,,
,8797,,2.2753163648303598e-05,,,,
,8798,,3.5555087833927246e-06,,,,
,8799,,2.9054004698991776e-05,,,,
,8800,,0.000232662569032982,,,,
,8801,,2.9054004698991776e-05,,,,
,8802,,4.234719654050423e-06,,,,
,8803,,2.9231885037006577e-06,,,,
,8804,,2.9231885037006577e-06,,,,
,8805,,1.6119095107569592e-06,,,,
,8806,,1.4823357332716114e-06,,,,
,8807,,1.4823357332716114e-06,,,,
,8808,,3.451359589234926e-06,,,,
,8809,,2.0369111553009134e-06,,,,
,8810,,2.0369111553009134e-06,,,,
,8811,,2.337519617867656e-06,,,,
,8812,,3.0759285436943173e-05,,,,
,8813,,3.0759285436943173e-05,,,,
,8814,,6.068173661333276e-06,,,,
,8815,,2.194888293161057e-05,,,,
,8816,,4.486748730414547e-05,,,,
,8817,,2.194888293161057e-05,,,,
,8818,,1.7725826637615683e-06,,,,
,8819,,1.7725826637615683e-06,,,,
,8820,,1.7725826637615683e-06,,,,
,8821,,0.001178492559120059,,,,
,8822,,0.004030292853713036,,,,
,8823,,0.004030292853713036,,,,
,8824,,5.556102769332938e-05,,,,
,8825,,0.00018007979087997228,,,,
,8826,,0.00018007979087997228,,,,
,8827,,7.79934271122329e-06,,,,
,8828,,9.24256892176345e-05,,,,
,8829,,9.24256892176345e-05,,,,
,8830,,1.3890414720663102e-06,,,,
,8831,,2.470052095304709e-05,,,,
,8832,,2.470052095304709e-05,,,,
,8833,,0.00018169672694057226,,,,
,8834,,6.442827270802809e-06,,,,
,8835,,2.4204530291171977e-06,,,,
,8836,,2.4204530291171977e-06,,,,
,8837,,5.934332421020372e-06,,,,
,8838,,1.3235871847427916e-05,,,,
,8839,,1.3235871847427916e-05,,,,
,8840,,4.177958544460125e-06,,,,
,8841,,0.00010912062862189487,,,,
,8842,,3.7887211874476634e-06,,,,
,8843,,3.7887211874476634e-06,,,,
,8844,,2.7780697564594448e-06,,,,
,8845,,7.804933557054028e-05,,,,
,8846,,7.804933557054028e-05,,,,
,8847,,6.482539902208373e-06,,,,
,8848,,3.841421494144015e-05,,,,
,8849,,3.841421494144015e-05,,,,
,8850,,6.084676442696946e-06,,,,
,8851,,6.084676442696946e-06,,,,
,8852,,6.084676442696946e-06,,,,
,8853,,3.3605333555897232e-06,,,,
,8854,,1.4305062450148398e-06,,,,
,8855,,1.4305062450148398e-06,,,,
,8856,,1.0780632919704658e-06,,,,
,8857,,2.622568217702792e-06,,,,
,8858,,2.622568217702792e-06,,,,
,8859,,2.39552537095733e-06,,,,
,8860,,6.485838821390644e-05,,,,
,8861,,1.8224629457108676e-05,,,,
,8862,,1.8224629457108676e-05,,,,
,8863,,1.71556860095734e-06,,,,
,8864,,4.0001388697419316e-05,,,,
,8865,,4.0001388697419316e-05,,,,
,8866,,4.779602477356093e-06,,,,
,8867,,1.3579448250311543e-06,,,,
,8868,,1.3579448250311543e-06,,,,
,8869,,4.389873083709972e-06,,,,
,8870,,4.804482614417793e-06,,,,
,8871,,4.804482614417793e-06,,,,
,8872,,0.0012376533122733235,,,,
,8873,,0.0030918545089662075,,,,
,8874,,0.0030918545089662075,,,,
,8875,,1.6676838640705682e-05,,,,
,8876,,3.609309715102427e-05,,,,
,8877,,0.00023135326046030968,,,,
,8878,,0.00023135326046030968,,,,
,8879,,4.808014637092128e-06,,,,
,8880,,2.2277343305177055e-05,,,,
,8881,,2.2277343305177055e-05,,,,
,8882,,1.6222721797021222e-06,,,,
,8883,,1.6222721797021222e-06,,,,
,8884,,1.6222721797021222e-06,,,,
,8885,,0.0003457695129327476,,,,
,8886,,4.995369181415299e-06,,,,
,8887,,2.2649624042969663e-06,,,,
,8888,,2.2649624042969663e-06,,,,
,8889,,2.2131325749796815e-06,,,,
,8890,,7.836267286620568e-06,,,,
,8891,,7.836267286620568e-06,,,,
,8892,,3.218628307877225e-06,,,,
,8893,,2.2821044694865122e-05,,,,
,8894,,2.2821044694865122e-05,,,,
,8895,,1.7622138557271683e-06,,,,
,8896,,2.642585059220437e-05,,,,
,8897,,2.642585059220437e-05,,,,
,8898,,6.124961601017276e-06,,,,
,8899,,3.026837248398806e-06,,,,
,8900,,3.026837248398806e-06,,,,
,8901,,3.047581003556843e-06,,,,
,8902,,3.1875224522082135e-06,,,,
,8903,,3.1875224522082135e-06,,,,
,8904,,9.278901416109875e-05,,,,
,8905,,3.371889761183411e-06,,,,
,8906,,2.4826435947034042e-06,,,,
,8907,,2.4826435947034042e-06,,,,
,8908,,1.2750145970130689e-06,,,,
,8909,,3.428668060223572e-05,,,,
,8910,,3.428668060223572e-05,,,,
,8911,,2.6225873170915293e-06,,,,
,8912,,1.1307230124657508e-05,,,,
,8913,,1.1307230124657508e-05,,,,
,8914,,1.42532132940687e-06,,,,
,8915,,1.42532132940687e-06,,,,
,8916,,1.42532132940687e-06,,,,
,8917,,4.467407052288763e-06,,,,
,8918,,1.3579451660916675e-06,,,,
,8919,,0.0008518699323758483,,,,
,8920,,1.3579451660916675e-06,,,,
,8921,,2.0161746761004906e-06,,,,
,8922,,8.924415851652157e-06,,,,
,8923,,8.924415851652157e-06,,,,
,8924,,0.0017858573701232672,,,,
,8925,,0.006750845350325108,,,,
,8926,,0.006750845350325108,,,,
,8927,,2.2480404368252493e-05,,,,
,8928,,0.00015986540529411286,,,,
,8929,,0.00015986540529411286,,,,
,8930,,0.006696544121950865,,,,
,8931,,6.448469775932608e-06,,,,
,8932,,2.068013145617442e-06,,,,
,8933,,2.068013145617442e-06,,,,
,8934,,2.0680088255176088e-06,,,,
,8935,,2.3167908693721984e-06,,,,
,8936,,2.3167908693721984e-06,,,,
,8937,,6.573436166945612e-06,,,,
,8938,,4.825319138035411e-06,,,,
,8939,,4.825319138035411e-06,,,,
,8940,,4.094534233445302e-06,,,,
,8941,,7.988877041498199e-05,,,,
,8942,,7.988877041498199e-05,,,,
,8943,,6.965064130781684e-06,,,,
,8944,,2.2704167349729687e-05,,,,
,8945,,2.2704167349729687e-05,,,,
,8946,,0.001530467881821096,,,,
,8947,,5.61304068469326e-06,,,,
,8948,,5.61304068469326e-06,,,,
,8949,,5.61304068469326e-06,,,,
,8950,,6.828850928286556e-06,,,,
,8951,,3.85611610909109e-06,,,,
,8952,,3.85611610909109e-06,,,,
,8953,,6.970992671995191e-06,,,,
,8954,,2.0635465261875652e-05,,,,
,8955,,2.0635465261875652e-05,,,,
,8956,,3.808990868492401e-06,,,,
,8957,,2.376883821852971e-05,,,,
,8958,,2.376883821852971e-05,,,,
,8959,,1.5445305052708136e-06,,,,
,8960,,1.754438017087523e-05,,,,
,8961,,1.754438017087523e-05,,,,
,8962,,0.0001245469320565462,,,,
,8963,,3.2640396057104226e-06,,,,
,8964,,2.0369081994431326e-06,,,,
,8965,,2.0369081994431326e-06,,,,
,8966,,2.135388740498456e-06,,,,
,8967,,2.2183166947797872e-06,,,,
,8968,,2.2183166947797872e-06,,,,
,8969,,4.8307360884791706e-06,,,,
,8970,,3.2859961720532738e-06,,,,
,8971,,4.510596045292914e-05,,,,
,8972,,3.2859961720532738e-06,,,,
,8973,,2.0731929453177145e-06,,,,
,8974,,0.00012508897634688765,,,,
,8975,,0.00012508897634688765,,,,
,8976,,0.0016634771600365639,,,,
,8977,,0.0018874433590099216,,,,
,8978,,0.0018874433590099216,,,,
,8979,,2.228392258984968e-05,,,,
,8980,,2.228392258984968e-05,,,,
,8981,,2.228392258984968e-05,,,,
,8982,,7.617897608724888e-06,,,,
,8983,,4.540228474070318e-06,,,,
,8984,,4.540228474070318e-06,,,,
,8985,,6.214152563188691e-06,,,,
,8986,,6.07943593422533e-06,,,,
,8987,,6.07943593422533e-06,,,,
,8988,,8.157155207300093e-06,,,,
,8989,,5.404562398325652e-05,,,,
,8990,,2.466137448209338e-05,,,,
,8991,,2.466137448209338e-05,,,,
,8992,,6.172771918500075e-06,,,,
,8993,,3.6288791307015345e-05,,,,
,8994,,3.6288791307015345e-05,,,,
,8995,,1.1074393114540726e-05,,,,
,8996,,0.19455097615718842,,,,
,8997,,8.556608008802868e-06,,,,
,8998,,8.556608008802868e-06,,,,
,8999,,9.99199619400315e-06,,,,
,9000,,1.0904022019531112e-05,,,,
,9001,,1.0904022019531112e-05,,,,
,9002,,1.2198262083984446e-05,,,,
,9003,,9.603556463844143e-06,,,,
,9004,,9.603556463844143e-06,,,,
,9005,,5.88773127674358e-06,,,,
,9006,,3.986854790127836e-05,,,,
,9007,,3.616204048739746e-05,,,,
,9008,,3.616204048739746e-05,,,,
,9009,,1.0007534001488239e-05,,,,
,9010,,1.981012428586837e-05,,,,
,9011,,1.981012428586837e-05,,,,
,9012,,5.965431682852795e-06,,,,
,9013,,5.965431682852795e-06,,,,
,9014,,5.965431682852795e-06,,,,
,9015,,8.435165909759235e-06,,,,
,9016,,3.692822065204382e-05,,,,
,9017,,7.07450863046688e-06,,,,
,9018,,7.07450863046688e-06,,,,
,9019,,7.35952062314027e-06,,,,
,9020,,8.463550329906866e-06,,,,
,9021,,8.463550329906866e-06,,,,
,9022,,1.0563671821728349e-05,,,,
,9023,,3.985597868449986e-05,,,,
,9024,,3.985597868449986e-05,,,,
,9025,,6.690969257761026e-06,,,,
,9026,,4.550754965748638e-05,,,,
,9027,,4.550754965748638e-05,,,,
,9028,,0.0023289278615266085,,,,
,9029,,0.00131321104709059,,,,
,9030,,0.00131321104709059,,,,
,9031,,2.8183882022858597e-05,,,,
,9032,,0.00023346194939222187,,,,
,9033,,4.029353294754401e-05,,,,
,9034,,4.029353294754401e-05,,,,
,9035,,4.529903890215792e-06,,,,
,9036,,2.648503368618549e-06,,,,
,9037,,2.648503368618549e-06,,,,
,9038,,2.0731924905703636e-06,,,,
,9039,,1.751573472574819e-05,,,,
,9040,,1.751573472574819e-05,,,,
,9041,,6.107985427661333e-06,,,,
,9042,,2.7038877306040376e-05,,,,
,9043,,2.7038877306040376e-05,,,,
,9044,,3.291187795184669e-06,,,,
,9045,,3.291187795184669e-06,,,,
,9046,,3.291187795184669e-06,,,,
,9047,,5.631148269458208e-06,,,,
,9048,,3.964946245105239e-06,,,,
,9049,,3.964946245105239e-06,,,,
,9050,,4.6413231757469475e-05,,,,
,9051,,3.1253161978384014e-06,,,,
,9052,,5.136275376571575e-06,,,,
,9053,,5.136275376571575e-06,,,,
,9054,,5.421115929493681e-06,,,,
,9055,,3.15762881655246e-05,,,,
,9056,,3.15762881655246e-05,,,,
,9057,,3.4363108625257155e-06,,,,
,9058,,1.4164061212795787e-05,,,,
,9059,,4.3860181904165074e-05,,,,
,9060,,4.3860181904165074e-05,,,,
,9061,,5.131621492182603e-06,,,,
,9062,,3.379287136340281e-06,,,,
,9063,,3.379287136340281e-06,,,,
,9064,,5.203654836805072e-06,,,,
,9065,,5.2917607717972714e-06,,,,
,9066,,5.2917607717972714e-06,,,,
,9067,,5.926302037551068e-06,,,,
,9068,,3.565874067135155e-06,,,,
,9069,,3.565874067135155e-06,,,,
,9070,,3.213436457372154e-06,,,,
,9071,,5.375924229156226e-05,,,,
,9072,,5.375924229156226e-05,,,,
,9073,,5.778711511084111e-06,,,,
,9074,,9.023510756378528e-06,,,,
,9075,,2.544412564020604e-05,,,,
,9076,,2.544412564020604e-05,,,,
,9077,,4.410683231981238e-06,,,,
,9078,,4.410683231981238e-06,,,,
,9079,,4.410683231981238e-06,,,,
,9080,,0.004364180378615856,,,,
,9081,,0.0013840101892128587,,,,
,9082,,0.0013840101892128587,,,,
,9083,,5.623459855996771e-06,,,,
,9084,,1.549541048007086e-05,,,,
,9085,,1.549541048007086e-05,,,,
,9086,,3.1959252737578936e-06,,,,
,9087,,2.2775770048610866e-05,,,,
,9088,,2.2775770048610866e-05,,,,
,9089,,2.233860186606762e-06,,,,
,9090,,1.2584339856402948e-05,,,,
,9091,,1.2584339856402948e-05,,,,
,9092,,3.440021146161598e-06,,,,
,9093,,5.197401696932502e-05,,,,
,9094,,1.9799031178990845e-06,,,,
,9095,,1.9799031178990845e-06,,,,
,9096,,2.1302082586771576e-06,,,,
,9097,,2.3116122065403033e-06,,,,
,9098,,2.3116122065403033e-06,,,,
,9099,,3.4911090551759116e-06,,,,
,9100,,1.0184308848693036e-05,,,,
,9101,,2.8091758395021316e-06,,,,
,9102,,2.8091758395021316e-06,,,,
,9103,,3.0112914828350767e-06,,,,
,9104,,2.0069757738383487e-05,,,,
,9105,,2.0069757738383487e-05,,,,
,9106,,4.143906153331045e-06,,,,
,9107,,1.6114676327561028e-05,,,,
,9108,,1.6114676327561028e-05,,,,
,9109,,2.4359994768019533e-06,,,,
,9110,,2.4359994768019533e-06,,,,
,9111,,2.4359994768019533e-06,,,,
,9112,,3.871436547342455e-06,,,,
,9113,,3.07349569084181e-06,,,,
,9114,,3.07349569084181e-06,,,,
,9115,,2.3841648726374842e-06,,,,
,9116,,2.114658627760946e-06,,,,
,9117,,2.114658627760946e-06,,,,
,9118,,9.638415576773696e-06,,,,
,9119,,4.585709757520817e-05,,,,
,9120,,1.2890927791886497e-05,,,,
,9121,,1.2890927791886497e-05,,,,
,9122,,2.3582524590892717e-06,,,,
,9123,,1.6500489437021315e-05,,,,
,9124,,1.6500489437021315e-05,,,,
,9125,,3.996318355348194e-06,,,,
,9126,,2.280509534102748e-06,,,,
,9127,,2.280509534102748e-06,,,,
,9128,,1.632641897231224e-06,,,,
,9129,,1.7466670669818996e-06,,,,
,9130,,1.7466670669818996e-06,,,,
,9131,,0.001525987172499299,,,,
,9132,,0.002494649961590767,,,,
,9133,,0.002494649961590767,,,,
,9134,,0.0003972677804995328,,,,
,9135,,7.648986502317712e-05,,,,
,9136,,0.0014139502309262753,,,,
,9137,,0.0014139502309262753,,,,
,9138,,9.717953616927844e-06,,,,
,9139,,7.112428284017369e-05,,,,
,9140,,7.112428284017369e-05,,,,
,9141,,1.8606916682983865e-06,,,,
,9142,,1.8606916682983865e-06,,,,
,9143,,1.8606916682983865e-06,,,,
,9144,,7.00482405591174e-06,,,,
,9145,,3.2289988212141907e-06,,,,
,9146,,3.2289988212141907e-06,,,,
,9147,,1.4391514014278073e-05,,,,
,9148,,0.00010789165389724076,,,,
,9149,,0.00010789165389724076,,,,
,9150,,5.438139851321466e-06,,,,
,9151,,5.7631761592347175e-05,,,,
,9152,,5.7631761592347175e-05,,,,
,9153,,3.2030789043346886e-06,,,,
,9176,22,,0.0006870167562738061,,,
,9176,22,,,0.010863961651921272,0.992443323135376,0.992443323135376
0.04904155060648918,9177,23,,,,,
0.0003344557189848274,9178,23,,,,,
0.00010073155863210559,9179,23,,,,,
0.001607404905371368,9180,23,,,,,
3.817969627561979e-05,9181,23,,,,,
8.311960118589923e-05,9182,23,,,,,
0.0010954689932987094,9183,23,,,,,
0.001643199473619461,9184,23,,,,,
0.0005123020382598042,9185,23,,,,,
9.521622996544465e-05,9186,23,,,,,
0.0008178016287274659,9187,23,,,,,
5.9255369706079364e-05,9188,23,,,,,
0.0018125937785953283,9189,23,,,,,
9.040969598572701e-05,9190,23,,,,,
0.0006631116848438978,9191,23,,,,,
0.00018233786977361888,9192,23,,,,,
0.018232015892863274,9193,23,,,,,
8.474679634673521e-05,9194,23,,,,,
4.3534146243473515e-05,9195,23,,,,,
0.002203566487878561,9196,23,,,,,
0.006427610293030739,9197,23,,,,,
0.03151717036962509,9198,23,,,,,
0.0007275622920133173,9199,23,,,,,
0.01834695413708687,9200,23,,,,,
0.001315004308708012,9201,23,,,,,
0.0007382118492387235,9202,23,,,,,
0.0001697882398730144,9203,23,,,,,
0.0002718802716117352,9204,23,,,,,
0.00025729776825755835,9205,23,,,,,
7.072975222399691e-06,9206,23,,,,,
3.8766749639762565e-05,9207,23,,,,,
5.027459337725304e-05,9208,23,,,,,
0.001707429182715714,9209,23,,,,,
0.0004082555533386767,9210,23,,,,,
8.857535249262583e-06,9211,23,,,,,
2.0995421436964534e-05,9212,23,,,,,
9.126940130954608e-05,9213,23,,,,,
0.00010050835408037528,9214,23,,,,,
3.124100112472661e-05,9215,23,,,,,
0.001476999488659203,9216,23,,,,,
7.848645327612758e-05,9217,23,,,,,
5.1035709475399926e-05,9218,23,,,,,
0.00032054816256277263,9219,23,,,,,
0.00046718164230696857,9220,23,,,,,
3.983366332249716e-05,9221,23,,,,,
2.10829202842433e-05,9222,23,,,,,
0.002722598845139146,9223,23,,,,,
7.473704044969054e-06,9224,23,,,,,
0.00019702721328940243,9225,23,,,,,
0.0001171964468085207,9226,23,,,,,
0.000661783735267818,9227,23,,,,,
0.00015640527999494225,9228,23,,,,,
0.0014545657904818654,9229,23,,,,,
4.302395973354578e-05,9230,23,,,,,
0.008108963258564472,9231,23,,,,,
0.00041117146611213684,9232,23,,,,,
0.001026331097818911,9233,23,,,,,
0.001366534037515521,9234,23,,,,,
1.5542973414994776e-05,9235,23,,,,,
0.0002025395806413144,9236,23,,,,,
0.00040770231862552464,9237,23,,,,,
0.00010754455433925614,9238,23,,,,,
0.0053384616039693356,9239,23,,,,,
7.3078817877103575e-06,9240,23,,,,,
0.0008130554342642426,9241,23,,,,,
2.1293642930686474e-05,9242,23,,,,,
0.0003204837557859719,9243,23,,,,,
0.0008859238587319851,9244,23,,,,,
0.0027118748985230923,9245,23,,,,,
1.6963052985374816e-05,9246,23,,,,,
0.0011390367290005088,9247,23,,,,,
0.0003025998594239354,9248,23,,,,,
0.0002789683057926595,9249,23,,,,,
0.0036006998270750046,9250,23,,,,,
0.0040210033766925335,9251,23,,,,,
0.0002583632303867489,9252,23,,,,,
3.1771544399816776e-06,9253,23,,,,,
0.0008447748841717839,9254,23,,,,,
4.417030868353322e-05,9255,23,,,,,
0.00045023340499028563,9256,23,,,,,
8.26707691885531e-05,9257,23,,,,,
5.530154339794535e-06,9258,23,,,,,
1.9044264263357036e-05,9259,23,,,,,
1.912521156555158e-06,9260,23,,,,,
0.00033225634251721203,9261,23,,,,,
0.0004185090947430581,9262,23,,,,,
8.655654528411105e-05,9263,23,,,,,
8.355373574886471e-05,9264,23,,,,,
4.327739134168951e-06,9265,23,,,,,
4.875783997704275e-05,9266,23,,,,,
3.327605008962564e-05,9267,23,,,,,
2.358119309064932e-05,9268,23,,,,,
3.826239117188379e-05,9269,23,,,,,
6.484615005319938e-05,9270,23,,,,,
4.025203816127032e-05,9271,23,,,,,
0.00029379702755250037,9272,23,,,,,
0.0001201237173518166,9273,23,,,,,
0.00014438993821386248,9274,23,,,,,
0.0001835923467297107,9275,23,,,,,
0.0001291444932576269,9276,23,,,,,
0.00016677241364959627,9277,23,,,,,
1.588778104633093e-05,9278,23,,,,,
0.0002988172636833042,9279,23,,,,,
0.00013110364670865238,9280,23,,,,,
2.3117379896575585e-05,9281,23,,,,,
1.1604499377426691e-05,9282,23,,,,,
2.6227517082588747e-05,9283,23,,,,,
5.108708865009248e-05,9284,23,,,,,
4.5963959564687684e-05,9285,23,,,,,
3.645135439001024e-05,9286,23,,,,,
2.0966524971299805e-05,9287,23,,,,,
4.754640758619644e-05,9288,23,,,,,
4.073899981449358e-05,9289,23,,,,,
4.623173936124658e-06,9290,23,,,,,
0.0001120474626077339,9291,23,,,,,
0.0006445695762522519,9292,23,,,,,
2.128468440787401e-05,9293,23,,,,,
1.3625206520373467e-05,9294,23,,,,,
3.0947354389354587e-05,9295,23,,,,,
1.2146907465648837e-05,9296,23,,,,,
8.104339940473437e-05,9297,23,,,,,
0.0015594889409840107,9298,23,,,,,
7.029820699244738e-05,9299,23,,,,,
0.014566637575626373,9300,23,,,,,
1.131903991336003e-05,9301,23,,,,,
0.00012804751168005168,9302,23,,,,,
0.0010752802481874824,9303,23,,,,,
0.008766446262598038,9304,23,,,,,
1.6574605979258195e-05,9305,23,,,,,
2.7366138510842575e-06,9306,23,,,,,
0.00026461895322427154,9307,23,,,,,
0.03409493342041969,9308,23,,,,,
4.954886662744684e-06,9309,23,,,,,
6.189545820234343e-05,9310,23,,,,,
0.0662623718380928,9311,23,,,,,
9.598387805453967e-06,9312,23,,,,,
1.4878265574225225e-05,9313,23,,,,,
1.6642001355648972e-05,9314,23,,,,,
0.0077735623344779015,9315,23,,,,,
2.746972995737451e-06,9316,23,,,,,
0.0004658182442653924,9317,23,,,,,
0.00044510088628157973,9318,23,,,,,
0.0007167402072809637,9319,23,,,,,
0.0005346130346879363,9320,23,,,,,
0.008390707895159721,9321,23,,,,,
0.0018426614115014672,9322,23,,,,,
1.9730412532226183e-05,9323,23,,,,,
3.344857759657316e-05,9324,23,,,,,
4.072342562722042e-05,9325,23,,,,,
0.00014806271065026522,9326,23,,,,,
0.0004763715551234782,9327,23,,,,,
0.3953996002674103,9328,23,,,,,
5.032629815104883e-06,9329,23,,,,,
0.0002651594113558531,9330,23,,,,,
4.878981417277828e-05,9331,23,,,,,
4.92027320433408e-05,9332,23,,,,,
0.00019395185518078506,9333,23,,,,,
0.00013740549911744893,9334,23,,,,,
1.2130524737585802e-05,9335,23,,,,,
0.0005332749569788575,9336,23,,,,,
8.028440061025321e-05,9337,23,,,,,
0.08543044328689575,9338,23,,,,,
2.9250100851641037e-05,9339,23,,,,,
0.00550893833860755,9340,23,,,,,
2.6911147870123386e-05,9341,23,,,,,
0.00011723987699951977,9342,23,,,,,
0.0005394084146246314,9343,23,,,,,
0.00021112163085490465,9344,23,,,,,
0.0008987580076791346,9345,23,,,,,
0.03894564509391785,9346,23,,,,,
0.00016398610023315996,9347,23,,,,,
4.930955037707463e-05,9348,23,,,,,
0.07121847569942474,9349,23,,,,,
0.0002576468396000564,9350,23,,,,,
0.014567160978913307,9351,23,,,,,
0.0024903786834329367,9352,23,,,,,
0.002232358558103442,9353,23,,,,,
0.0007563653052784503,9354,23,,,,,
1.4815264876233414e-05,9355,23,,,,,
0.004835363011807203,9356,23,,,,,
4.083020758116618e-05,9357,23,,,,,
2.9223905585240573e-05,9358,23,,,,,
0.331405371427536,9359,23,,,,,
4.5072378270560876e-05,9360,23,,,,,
0.00012828552280552685,9361,23,,,,,
0.0002208057849202305,9362,23,,,,,
0.0001806933869374916,9363,23,,,,,
0.08692047744989395,9364,23,,,,,
7.887239189585671e-05,9365,23,,,,,
0.0003079911693930626,9366,23,,,,,
0.00031103374203667045,9367,23,,,,,
0.0007014374132268131,9368,23,,,,,
0.0003247710410505533,9369,23,,,,,
0.0005655653076246381,9370,23,,,,,
0.04078973829746246,9371,23,,,,,
0.0065475888550281525,9372,23,,,,,
0.05895451456308365,9373,23,,,,,
0.0023615513928234577,9374,23,,,,,
0.0005321732605807483,9375,23,,,,,
0.0003678244538605213,9376,23,,,,,
0.0006367706228047609,9377,23,,,,,
0.0010767263593152165,9378,23,,,,,
0.00037839278229512274,9379,23,,,,,
0.0014044786803424358,9380,23,,,,,
0.0006945768836885691,9381,23,,,,,
0.11527334153652191,9382,23,,,,,
5.9445716033224016e-05,9383,23,,,,,
0.00063079729443416,9384,23,,,,,
0.0020047156140208244,9385,23,,,,,
0.05061385780572891,9386,23,,,,,
0.0027076394762843847,9387,23,,,,,
0.5470226407051086,9388,23,,,,,
0.11471853405237198,9389,23,,,,,
0.004546117037534714,9390,23,,,,,
0.012187046930193901,9391,23,,,,,
0.0014423427637666464,9392,23,,,,,
0.0012308753794059157,9393,23,,,,,
5.0105078116757795e-05,9394,23,,,,,
0.004470228683203459,9395,23,,,,,
0.007443482056260109,9396,23,,,,,
0.05238563194870949,9397,23,,,,,
0.07459645718336105,9398,23,,,,,
0.001339539303444326,9399,23,,,,,
0.005918494425714016,9400,23,,,,,
0.005193089600652456,9401,23,,,,,
0.0006971955299377441,9402,23,,,,,
0.0016802846221253276,9403,23,,,,,
0.0007435613078996539,9404,23,,,,,
0.004808580968528986,9405,23,,,,,
0.0015080033335834742,9406,23,,,,,
0.010069962590932846,9407,23,,,,,
0.0021021035499870777,9408,23,,,,,
0.0020144423469901085,9409,23,,,,,
0.004621417261660099,9410,23,,,,,
0.025659285485744476,9411,23,,,,,
0.04087674617767334,9412,23,,,,,
0.015691716223955154,9413,23,,,,,
0.0007434334838762879,9414,23,,,,,
0.002237554406747222,9415,23,,,,,
0.00594493979588151,9416,23,,,,,
0.0008791490690782666,9417,23,,,,,
0.00014698055747430772,9418,23,,,,,
0.04922301694750786,9419,23,,,,,
0.0009891657391563058,9420,23,,,,,
0.012143625877797604,9421,23,,,,,
0.03403220325708389,9422,23,,,,,
0.00035173105425201356,9423,23,,,,,
0.0013381213648244739,9424,23,,,,,
0.0006074655102565885,9425,23,,,,,
0.0008917739032767713,9426,23,,,,,
0.0020022813696414232,9427,23,,,,,
0.00040872031240724027,9428,23,,,,,
0.0004304139583837241,9429,23,,,,,
0.0007503508822992444,9430,23,,,,,
0.000294934754492715,9431,23,,,,,
0.0002935233642347157,9432,23,,,,,
0.0003324432182125747,9433,23,,,,,
0.10408085584640503,9434,23,,,,,
4.078105848748237e-05,9435,23,,,,,
0.0006542273913510144,9436,23,,,,,
0.00017464780830778182,9437,23,,,,,
0.0001634129584999755,9438,23,,,,,
0.0008588223718106747,9439,23,,,,,
0.0002162429445888847,9440,23,,,,,
0.0008612714591436088,9441,23,,,,,
0.00017433284665457904,9442,23,,,,,
3.0228906325646676e-05,9443,23,,,,,
0.00022725117742083967,9444,23,,,,,
0.0001921208022395149,9445,23,,,,,
4.757631540996954e-05,9446,23,,,,,
0.001375658204779029,9447,23,,,,,
4.353654003352858e-05,9448,23,,,,,
0.0011077607050538063,9449,23,,,,,
6.532961560878903e-05,9450,23,,,,,
9.55350769800134e-05,9451,23,,,,,
2.5629578885855153e-05,9452,23,,,,,
3.3467134926468134e-05,9453,23,,,,,
0.00024081656010821462,9454,23,,,,,
0.00010422806371934712,9455,23,,,,,
0.08403841406106949,9456,23,,,,,
0.0003135853912681341,9457,23,,,,,
0.0007174901547841728,9458,23,,,,,
5.6551081797806546e-05,9459,23,,,,,
0.0011558302212506533,9460,23,,,,,
0.00017230751109309494,9461,23,,,,,
5.7151326473103836e-05,9462,23,,,,,
0.005470030941069126,9463,23,,,,,
3.094619023613632e-05,9464,23,,,,,
0.00011297105811536312,9465,23,,,,,
5.7734821893973276e-05,9466,23,,,,,
4.125725172343664e-05,9467,23,,,,,
0.00017430947627872229,9468,23,,,,,
0.006091800052672625,9469,23,,,,,
9.97428287519142e-05,9470,23,,,,,
0.00012133177369832993,9471,23,,,,,
0.00038963471888564527,9472,23,,,,,
0.06191073730587959,9473,23,,,,,
0.0042286827228963375,9474,23,,,,,
4.334437835495919e-05,9475,23,,,,,
0.003053082153201103,9476,23,,,,,
0.0007366336649283767,9477,23,,,,,
0.005802956409752369,9478,23,,,,,
0.09626586735248566,9479,23,,,,,
0.049193624407052994,9480,23,,,,,
5.9216839872533455e-05,9481,23,,,,,
0.0008450683089904487,9482,23,,,,,
0.00014231924433261156,9483,23,,,,,
0.0008061668486334383,9484,23,,,,,
0.0011596595868468285,9485,23,,,,,
0.00019566123955883086,9486,23,,,,,
0.005968546494841576,9487,23,,,,,
7.250169437611476e-05,9488,23,,,,,
0.0009959065355360508,9489,23,,,,,
0.00019094115123152733,9490,23,,,,,
0.02445564605295658,9491,23,,,,,
0.0015401693526655436,9492,23,,,,,
7.027213723631576e-05,9493,23,,,,,
0.00011165735486429185,9494,23,,,,,
5.7194658438675106e-05,9495,23,,,,,
0.00016478539328090847,9496,23,,,,,
0.006435769144445658,9497,23,,,,,
0.00021209214173723012,9498,23,,,,,
0.002451615408062935,9499,23,,,,,
6.811522325733677e-05,9500,23,,,,,
5.478972161654383e-05,9501,23,,,,,
0.0006306956638582051,9502,23,,,,,
0.0013729457277804613,9503,23,,,,,
5.2830589993391186e-05,9504,23,,,,,
5.751647404395044e-05,9505,23,,,,,
0.00038189702900126576,9506,23,,,,,
8.368165435967967e-05,9507,23,,,,,
0.006612987257540226,9508,23,,,,,
1.0640233995218296e-05,9509,23,,,,,
0.0005353399319574237,9510,23,,,,,
0.0029624297749251127,9511,23,,,,,
0.00012399909610394388,9512,23,,,,,
0.0009591210400685668,9513,23,,,,,
3.54853218595963e-05,9514,23,,,,,
0.06782358884811401,9515,23,,,,,
0.04228126257658005,9516,23,,,,,
0.0001279307180084288,9517,23,,,,,
0.0006132778362371027,9518,23,,,,,
2.9804878067807294e-05,9519,23,,,,,
0.00039639294845983386,9520,23,,,,,
4.3177951738471165e-05,9521,23,,,,,
0.0008195211994461715,9522,23,,,,,
0.0003709522425197065,9523,23,,,,,
0.0008023757254704833,9524,23,,,,,
0.002357699442654848,9525,23,,,,,
0.00015984232595656067,9526,23,,,,,
3.269418084528297e-05,9527,23,,,,,
4.751795495394617e-05,9528,23,,,,,
0.003961339592933655,9529,23,,,,,
3.1208117434289306e-05,9530,23,,,,,
2.082701939798426e-05,9531,23,,,,,
2.6410090868012048e-05,9532,23,,,,,
0.000155276371515356,9533,23,,,,,
5.413780309027061e-05,9534,23,,,,,
0.000202286581043154,9535,23,,,,,
0.07518178224563599,9536,23,,,,,
0.01730133779346943,9537,23,,,,,
0.00020694267004728317,9538,23,,,,,
0.00028742715949192643,9539,23,,,,,
0.00014028215082362294,9540,23,,,,,
6.787022721255198e-05,9541,23,,,,,
0.00019435376452747732,9542,23,,,,,
0.011501760222017765,9543,23,,,,,
0.0008335057646036148,9544,23,,,,,
0.00022775281104259193,9545,23,,,,,
0.0006690009031444788,9546,23,,,,,
0.10456889867782593,9547,23,,,,,
0.0005148414638824761,9548,23,,,,,
2.9150778573239222e-05,9549,23,,,,,
0.00015139301831368357,9550,23,,,,,
0.000863885332364589,9551,23,,,,,
0.0008439133525826037,9552,23,,,,,
0.05104437842965126,9553,23,,,,,
0.0005554113304242492,9554,23,,,,,
8.900972898118198e-05,9555,23,,,,,
0.014700187370181084,9556,23,,,,,
0.0006991118425503373,9557,23,,,,,
0.26766398549079895,9558,23,,,,,
0.00010548813588684425,9559,23,,,,,
0.002204855205491185,9560,23,,,,,
0.0010177084477618337,9561,23,,,,,
0.015318711288273335,9562,23,,,,,
0.0016001892508938909,9563,23,,,,,
0.000627183704636991,9564,23,,,,,
2.581493572506588e-05,9565,23,,,,,
0.0006303864065557718,9566,23,,,,,
0.00017255861894227564,9567,23,,,,,
0.0008066054433584213,9568,23,,,,,
0.12837116420269012,9569,23,,,,,
0.0020112902857363224,9570,23,,,,,
0.0002269508840981871,9571,23,,,,,
0.0001509181020082906,9572,23,,,,,
0.0003045075573027134,9573,23,,,,,
0.002005992690101266,9574,23,,,,,
0.026409771293401718,9575,23,,,,,
,9154,,4.26225051342044e-05,,,,
,9155,,0.00022371213708538562,,,,
,9156,,3.8755904824938625e-05,,,,
,9157,,3.8755904824938625e-05,,,,
,9158,,4.912522490485571e-05,,,,
,9159,,4.5261615014169365e-05,,,,
,9160,,4.5261615014169365e-05,,,,
,9161,,5.0254158850293607e-05,,,,
,9162,,0.00011114483640994877,,,,
,9163,,0.00011114483640994877,,,,
,9164,,4.118464858038351e-05,,,,
,9165,,0.00014240649761632085,,,,
,9166,,0.00014240649761632085,,,,
,9167,,0.0004574385820887983,,,,
,9168,,0.0005512339994311333,,,,
,9169,,0.0005512339994311333,,,,
,9170,,0.00011670255480566993,,,,
,9171,,0.0003132735437247902,,,,
,9172,,8.537468238500878e-05,,,,
,9173,,8.537468238500878e-05,,,,
,9174,,6.70420122332871e-05,,,,
,9175,,4.2224040953442454e-05,,,,
,9176,,4.2224040953442454e-05,,,,
,9177,,3.9333157474175096e-05,,,,
,9178,,4.679112680605613e-05,,,,
,9179,,4.679112680605613e-05,,,,
,9180,,5.0460010243114084e-05,,,,
,9181,,6.16459728917107e-05,,,,
,9182,,6.16459728917107e-05,,,,
,9183,,6.28558118478395e-05,,,,
,9184,,6.28558118478395e-05,,,,
,9185,,6.28558118478395e-05,,,,
,9186,,1.554675691295415e-05,,,,
,9187,,0.0002984051825478673,,,,
,9188,,1.6526944818906486e-05,,,,
,9189,,1.6526944818906486e-05,,,,
,9190,,2.4210330593632534e-05,,,,
,9191,,2.112183028657455e-05,,,,
,9192,,2.112183028657455e-05,,,,
,9193,,2.1642112187691964e-05,,,,
,9194,,2.732926805038005e-05,,,,
,9195,,2.732926805038005e-05,,,,
,9196,,3.6054785596206784e-05,,,,
,9197,,7.261777500389144e-05,,,,
,9198,,0.0003108695091214031,,,,
,9199,,7.261777500389144e-05,,,,
,9200,,6.258251960389316e-05,,,,
,9201,,7.086811092449352e-05,,,,
,9202,,7.086811092449352e-05,,,,
,9203,,6.297034269664437e-05,,,,
,9204,,6.141571066109464e-05,,,,
,9205,,6.141571066109464e-05,,,,
,9206,,5.709295510314405e-05,,,,
,9207,,4.2736221075756475e-05,,,,
,9208,,4.2736221075756475e-05,,,,
,9209,,0.00010332785313948989,,,,
,9210,,7.644581637578085e-05,,,,
,9211,,7.644581637578085e-05,,,,
,9212,,6.616186874452978e-05,,,,
,9213,,0.00014128888142295182,,,,
,9214,,0.0001733212557155639,,,,
,9215,,0.00014128888142295182,,,,
,9216,,5.949984188191593e-05,,,,
,9217,,5.949984188191593e-05,,,,
,9218,,5.949984188191593e-05,,,,
,9219,,0.002518988447263837,,,,
,9220,,0.00245290226303041,,,,
,9221,,0.00245290226303041,,,,
,9222,,0.00012991040421184152,,,,
,9223,,0.0002684282371774316,,,,
,9224,,0.0002684282371774316,,,,
,9225,,2.7482705263537355e-05,,,,
,9226,,4.264586095814593e-05,,,,
,9227,,4.264586095814593e-05,,,,
,9228,,2.2403559341910295e-05,,,,
,9229,,9.496333950664848e-05,,,,
,9230,,9.496333950664848e-05,,,,
,9231,,0.0009727405267767608,,,,
,9232,,1.780611819413025e-05,,,,
,9233,,1.722729575703852e-05,,,,
,9234,,1.722729575703852e-05,,,,
,9235,,2.86689664790174e-05,,,,
,9236,,3.097939406870864e-05,,,,
,9237,,3.097939406870864e-05,,,,
,9238,,2.638622754602693e-05,,,,
,9239,,0.000131822976982221,,,,
,9240,,2.1532256141654216e-05,,,,
,9241,,2.1532256141654216e-05,,,,
,9242,,1.5651463399990462e-05,,,,
,9243,,3.0246557798818685e-05,,,,
,9244,,3.0246557798818685e-05,,,,
,9245,,2.49746681220131e-05,,,,
,9246,,8.347419498022646e-05,,,,
,9247,,8.347419498022646e-05,,,,
,9248,,2.4378585294471122e-05,,,,
,9249,,2.4378585294471122e-05,,,,
,9250,,2.4378585294471122e-05,,,,
,9251,,3.475596531643532e-05,,,,
,9252,,3.0376186259672977e-05,,,,
,9253,,3.0376186259672977e-05,,,,
,9254,,2.571402546891477e-05,,,,
,9255,,2.630987364682369e-05,,,,
,9256,,2.630987364682369e-05,,,,
,9257,,3.072146500926465e-05,,,,
,9258,,7.321679731830955e-05,,,,
,9259,,3.472905154922046e-05,,,,
,9260,,3.472905154922046e-05,,,,
,9261,,3.2646603358443826e-05,,,,
,9262,,8.15018720459193e-05,,,,
,9263,,8.15018720459193e-05,,,,
,9264,,3.550774999894202e-05,,,,
,9265,,2.7057067200075835e-05,,,,
,9266,,2.7057067200075835e-05,,,,
,9267,,1.7050477254088037e-05,,,,
,9268,,1.8672239093575627e-05,,,,
,9269,,1.8672239093575627e-05,,,,
,9270,,0.0023828581906855106,,,,
,9271,,0.0027647719252854586,,,,
,9272,,0.0027647719252854586,,,,
,9273,,9.424093877896667e-05,,,,
,9274,,9.08623551367782e-05,,,,
,9275,,0.00031124852830544114,,,,
,9276,,0.00031124852830544114,,,,
,9277,,3.845478204311803e-05,,,,
,9278,,0.00010103368549607694,,,,
,9279,,0.00010103368549607694,,,,
,9280,,5.293884896673262e-05,,,,
,9281,,5.293884896673262e-05,,,,
,9282,,5.293884896673262e-05,,,,
,9283,,0.012970568612217903,,,,
,9284,,3.805702363024466e-05,,,,
,9285,,3.7525394873227924e-05,,,,
,9286,,3.7525394873227924e-05,,,,
,9287,,4.144014746998437e-05,,,,
,9288,,3.125912189716473e-05,,,,
,9289,,3.125912189716473e-05,,,,
,9290,,3.6728582927025855e-05,,,,
,9291,,3.867626219289377e-05,,,,
,9292,,3.867626219289377e-05,,,,
,9293,,2.3568545657326467e-05,,,,
,9294,,6.0759124608011916e-05,,,,
,9295,,6.0759124608011916e-05,,,,
,9296,,1.9804469047812745e-05,,,,
,9297,,1.7626502085477114e-05,,,,
,9298,,1.7626502085477114e-05,,,,
,9299,,2.5626497517805547e-05,,,,
,9300,,2.8822527383454144e-05,,,,
,9301,,2.8822527383454144e-05,,,,
,9302,,0.00048332271398976445,,,,
,9303,,5.662879630108364e-05,,,,
,9304,,4.561027162708342e-05,,,,
,9305,,4.561027162708342e-05,,,,
,9306,,4.0228529542218894e-05,,,,
,9307,,5.2492472605081275e-05,,,,
,9308,,5.2492472605081275e-05,,,,
,9309,,4.33328932558652e-05,,,,
,9310,,8.322472422150895e-05,,,,
,9311,,8.322472422150895e-05,,,,
,9312,,4.753542452817783e-05,,,,
,9313,,4.753542452817783e-05,,,,
,9314,,4.753542452817783e-05,,,,
,9315,,4.885129601461813e-05,,,,
,9316,,4.583253394230269e-05,,,,
,9317,,0.0002368236455367878,,,,
,9318,,4.583253394230269e-05,,,,
,9319,,3.281024328316562e-05,,,,
,9320,,2.927218156401068e-05,,,,
,9321,,2.927218156401068e-05,,,,
,9322,,0.006133488845080137,,,,
,9323,,0.009706218726933002,,,,
,9324,,0.009706218726933002,,,,
,9325,,0.0004317441489547491,,,,
,9326,,0.001293326262384653,,,,
,9327,,0.001293326262384653,,,,
,9328,,0.008030029013752937,,,,
,9329,,0.00021246359392534941,,,,
,9330,,0.00017880323866847903,,,,
,9331,,0.00017880323866847903,,,,
,9332,,0.00018427506438456476,,,,
,9333,,0.00019526090181898326,,,,
,9334,,0.00019526090181898326,,,,
,9335,,0.0002343814994674176,,,,
,9336,,0.00018683815142139792,,,,
,9337,,0.00018683815142139792,,,,
,9338,,0.00023655552649870515,,,,
,9339,,0.0002634664124343544,,,,
,9340,,0.0002634664124343544,,,,
,9341,,0.0003252532333135605,,,,
,9342,,0.0003799757978413254,,,,
,9343,,0.0003799757978413254,,,,
,9344,,0.0016546242404729128,,,,
,9345,,0.0003602670331019908,,,,
,9346,,0.0003602670331019908,,,,
,9347,,0.0003602670331019908,,,,
,9348,,0.00021684978855773807,,,,
,9349,,0.0002239728346467018,,,,
,9350,,0.0002239728346467018,,,,
,9351,,0.00018578508752398193,,,,
,9352,,0.00020102225244045258,,,,
,9353,,0.00020102225244045258,,,,
,9354,,0.0003424059832468629,,,,
,9355,,0.0003399911802262068,,,,
,9356,,0.0003399911802262068,,,,
,9357,,0.00027501556905917823,,,,
,9358,,0.00041066118865273893,,,,
,9359,,0.00041066118865273893,,,,
,9360,,0.00010153593757422641,,,,
,9361,,0.00034256852813996375,,,,
,9362,,0.0002822630340233445,,,,
,9363,,0.0002822630340233445,,,,
,9364,,0.00036934507079422474,,,,
,9365,,0.00043185410322621465,,,,
,9366,,0.00043185410322621465,,,,
,9367,,0.0003092315455432981,,,,
,9368,,0.0002693359856493771,,,,
,9369,,0.0004519366193562746,,,,
,9370,,0.0002693359856493771,,,,
,9371,,0.0002171747328247875,,,,
,9372,,0.00025996300973929465,,,,
,9373,,0.00025996300973929465,,,,
,9374,,0.0003029283252544701,,,,
,9375,,0.0006545055657625198,,,,
,9376,,0.0006545055657625198,,,,
,9377,,4.288484342396259e-05,,,,
,9378,,4.288484342396259e-05,,,,
,9379,,4.288484342396259e-05,,,,
,9380,,2.7358140869182535e-05,,,,
,9381,,2.4932642190833576e-05,,,,
,9382,,2.4932642190833576e-05,,,,
,9383,,3.5986122384201735e-05,,,,
,9384,,3.018135976162739e-05,,,,
,9385,,3.018135976162739e-05,,,,
,9386,,2.954863157356158e-05,,,,
,9387,,3.471493982942775e-05,,,,
,9388,,3.006552651640959e-05,,,,
,9389,,3.006552651640959e-05,,,,
,9390,,3.737440420081839e-05,,,,
,9391,,5.5907908972585574e-05,,,,
,9392,,5.5907908972585574e-05,,,,
,9393,,2.4814740754663944e-05,,,,
,9394,,0.15780217945575714,,,,
,9395,,2.4232911528088152e-05,,,,
,9396,,2.4232911528088152e-05,,,,
,9397,,3.001434561156202e-05,,,,
,9398,,3.169802585034631e-05,,,,
,9399,,3.169802585034631e-05,,,,
,9400,,3.274329719715752e-05,,,,
,9401,,3.0284374588518403e-05,,,,
,9402,,3.0284374588518403e-05,,,,
,9403,,2.3709993911325e-05,,,,
,9404,,4.4427564716897905e-05,,,,
,9405,,3.0043351216590963e-05,,,,
,9406,,3.0043351216590963e-05,,,,
,9407,,3.600131822167896e-05,,,,
,9408,,6.860188295831904e-05,,,,
,9409,,6.860188295831904e-05,,,,
,9410,,3.1409726943820715e-05,,,,
,9411,,3.1409726943820715e-05,,,,
,9412,,3.1409726943820715e-05,,,,
,9413,,2.5496347006992437e-05,,,,
,9414,,5.423139737104066e-05,,,,
,9415,,2.710907756409142e-05,,,,
,9416,,2.710907756409142e-05,,,,
,9417,,3.404662857064977e-05,,,,
,9418,,3.228951391065493e-05,,,,
,9419,,3.228951391065493e-05,,,,
,9420,,3.333907079650089e-05,,,,
,9421,,4.409453322296031e-05,,,,
,9422,,4.409453322296031e-05,,,,
,9423,,3.060085145989433e-05,,,,
,9424,,5.648236401611939e-05,,,,
,9425,,5.648236401611939e-05,,,,
,9426,,0.00043513221316970885,,,,
,9427,,0.0019470166880637407,,,,
,9428,,0.0019470166880637407,,,,
,9429,,4.8755318857729435e-05,,,,
,9430,,0.00013873676653020084,,,,
,9431,,4.845465809921734e-05,,,,
,9432,,4.845465809921734e-05,,,,
,9433,,2.5910405383910984e-05,,,,
,9434,,2.041376501438208e-05,,,,
,9435,,2.041376501438208e-05,,,,
,9436,,3.005273174494505e-05,,,,
,9437,,4.646676461561583e-05,,,,
,9438,,4.646676461561583e-05,,,,
,9439,,2.4661721909069456e-05,,,,
,9440,,3.9310853026108816e-05,,,,
,9441,,3.9310853026108816e-05,,,,
,9442,,3.090261452598497e-05,,,,
,9443,,3.090261452598497e-05,,,,
,9444,,3.090261452598497e-05,,,,
,9445,,2.1251280486467294e-05,,,,
,9446,,2.230036807304714e-05,,,,
,9447,,2.230036807304714e-05,,,,
,9448,,0.0004726337792817503,,,,
,9449,,2.1922045561950654e-05,,,,
,9450,,1.9781729861279018e-05,,,,
,9451,,1.9781729861279018e-05,,,,
,9452,,2.7914104066439904e-05,,,,
,9453,,3.427155388635583e-05,,,,
,9454,,3.427155388635583e-05,,,,
,9455,,2.2388427169062197e-05,,,,
,9456,,2.4654011212987825e-05,,,,
,9457,,9.487745410297066e-05,,,,
,9458,,9.487745410297066e-05,,,,
,9459,,2.9678825740120374e-05,,,,
,9460,,3.0990726372692734e-05,,,,
,9461,,3.0990726372692734e-05,,,,
,9462,,2.7378782760933973e-05,,,,
,9463,,2.9161132260924205e-05,,,,
,9464,,2.9161132260924205e-05,,,,
,9465,,2.2948068362893537e-05,,,,
,9466,,1.8776625438476913e-05,,,,
,9467,,1.8776625438476913e-05,,,,
,9468,,2.5565259420545772e-05,,,,
,9469,,3.3397809602320194e-05,,,,
,9470,,3.3397809602320194e-05,,,,
,9471,,2.4719443899812177e-05,,,,
,9472,,2.0802710423595272e-05,,,,
,9473,,0.00015569796960335225,,,,
,9474,,0.00015569796960335225,,,,
,9475,,2.2409167286241427e-05,,,,
,9476,,2.2409167286241427e-05,,,,
,9477,,2.2409167286241427e-05,,,,
,9478,,0.0002879936364479363,,,,
,9479,,0.0013545642141252756,,,,
,9480,,0.0013545642141252756,,,,
,9481,,2.7447389584267512e-05,,,,
,9482,,3.1395629775943235e-05,,,,
,9483,,3.1395629775943235e-05,,,,
,9484,,1.7318043319392018e-05,,,,
,9485,,1.8879167328123003e-05,,,,
,9486,,1.8879167328123003e-05,,,,
,9487,,2.3109183530323207e-05,,,,
,9488,,4.0695613279240206e-05,,,,
,9489,,4.0695613279240206e-05,,,,
,9490,,1.5632303984602913e-05,,,,
,9491,,0.00013460182526614517,,,,
,9492,,1.839345713960938e-05,,,,
,9493,,1.839345713960938e-05,,,,
,9494,,2.895846228057053e-05,,,,
,9495,,3.1584728276357055e-05,,,,
,9496,,3.1584728276357055e-05,,,,
,9497,,1.2919308574055322e-05,,,,
,9498,,4.6654618927277625e-05,,,,
,9499,,1.0671326890587807e-05,,,,
,9500,,1.0671326890587807e-05,,,,
,9501,,1.5775902284076437e-05,,,,
,9502,,1.8106959032593295e-05,,,,
,9503,,1.8106959032593295e-05,,,,
,9504,,1.9395583876757883e-05,,,,
,9505,,4.139879820286296e-05,,,,
,9506,,4.139879820286296e-05,,,,
,9507,,1.418001738784369e-05,,,,
,9508,,1.418001738784369e-05,,,,
,9509,,1.418001738784369e-05,,,,
,9510,,1.880526360764634e-05,,,,
,9511,,1.7641779777477495e-05,,,,
,9512,,1.7641779777477495e-05,,,,
,9513,,1.532534406578634e-05,,,,
,9514,,1.259926830243785e-05,,,,
,9515,,1.259926830243785e-05,,,,
,9516,,1.7692842448013835e-05,,,,
,9517,,2.7570007659960538e-05,,,,
,9518,,1.9991770386695862e-05,,,,
,9519,,1.9991770386695862e-05,,,,
,9520,,2.0139714251854457e-05,,,,
,9521,,4.271989382687025e-05,,,,
,9522,,4.271989382687025e-05,,,,
,9523,,1.6341966329491697e-05,,,,
,9524,,1.506605349277379e-05,,,,
,9525,,1.506605349277379e-05,,,,
,9526,,1.570863969391212e-05,,,,
,9527,,1.629936923563946e-05,,,,
,9528,,1.629936923563946e-05,,,,
,9529,,0.0004243918228894472,,,,
,9530,,0.0007844326901249588,,,,
,9531,,0.0007844326901249588,,,,
,9532,,0.0001967462885659188,,,,
,9533,,9.689170838100836e-05,,,,
,9534,,0.0010625006398186088,,,,
,9535,,0.0010625006398186088,,,,
,9536,,2.755650166363921e-05,,,,
,9537,,8.793118468020111e-05,,,,
,9538,,8.793118468020111e-05,,,,
,9539,,2.472538653819356e-05,,,,
,9540,,2.472538653819356e-05,,,,
,9541,,2.472538653819356e-05,,,,
,9542,,2.4945331460912712e-05,,,,
,9543,,2.1564226699410938e-05,,,,
,9544,,2.1564226699410938e-05,,,,
,9545,,2.4689683414180763e-05,,,,
,9546,,1.9979228454758413e-05,,,,
,9547,,1.9979228454758413e-05,,,,
,9548,,1.6421370673924685e-05,,,,
,9549,,1.9770421204157174e-05,,,,
,9550,,1.9770421204157174e-05,,,,
,9551,,1.7574258890817873e-05,,,,
,9575,23,,0.00067566754296422,,,
,9575,23,,,0.010183928534388542,0.989924430847168,0.989924430847168
0.01534858625382185,9576,24,,,,,
0.00533054955303669,9577,24,,,,,
0.00032647766056470573,9578,24,,,,,
0.006242488976567984,9579,24,,,,,
0.00011098371760454029,9580,24,,,,,
0.0019298598635941744,9581,24,,,,,
0.0005616823327727616,9582,24,,,,,
0.006244356743991375,9583,24,,,,,
0.0010625472059473395,9584,24,,,,,
0.0006894259713590145,9585,24,,,,,
0.00020853092428296804,9586,24,,,,,
0.0003266858111601323,9587,24,,,,,
0.00020912014588247985,9588,24,,,,,
9.396723908139393e-05,9589,24,,,,,
0.0003927291836589575,9590,24,,,,,
0.00019346164481248707,9591,24,,,,,
0.002496814588084817,9592,24,,,,,
0.009722215123474598,9593,24,,,,,
0.00042090631905011833,9594,24,,,,,
0.0033455395605415106,9595,24,,,,,
0.00017099718388635665,9596,24,,,,,
0.0008670808165334165,9597,24,,,,,
0.00018757011275738478,9598,24,,,,,
0.028570393100380898,9599,24,,,,,
0.0012068209471181035,9600,24,,,,,
0.0001934079045895487,9601,24,,,,,
0.00021542952163144946,9602,24,,,,,
0.006391618400812149,9603,24,,,,,
0.00040048841037787497,9604,24,,,,,
8.5043917351868e-05,9605,24,,,,,
0.0023159936536103487,9606,24,,,,,
5.288188549457118e-05,9607,24,,,,,
0.0065105874091386795,9608,24,,,,,
0.00021670594287570566,9609,24,,,,,
0.0003849012136925012,9610,24,,,,,
0.042816873639822006,9611,24,,,,,
0.00012226871331222355,9612,24,,,,,
0.0005201957537792623,9613,24,,,,,
0.0002636628632899374,9614,24,,,,,
0.00040771171916276217,9615,24,,,,,
6.524009950226173e-05,9616,24,,,,,
0.15377528965473175,9617,24,,,,,
0.00020389922428876162,9618,24,,,,,
0.0071618445217609406,9619,24,,,,,
0.0007840105681680143,9620,24,,,,,
7.188406743807718e-05,9621,24,,,,,
0.0010058629559352994,9622,24,,,,,
6.339432729873806e-05,9623,24,,,,,
0.00017249594384338707,9624,24,,,,,
0.0799821987748146,9625,24,,,,,
5.576137118623592e-05,9626,24,,,,,
0.00036014843499287963,9627,24,,,,,
0.0011652495013549924,9628,24,,,,,
0.024613477289676666,9629,24,,,,,
0.021055027842521667,9630,24,,,,,
0.008013189770281315,9631,24,,,,,
0.3654341995716095,9632,24,,,,,
0.00027921635773964226,9633,24,,,,,
0.013923430815339088,9634,24,,,,,
0.3030144274234772,9635,24,,,,,
0.07377459853887558,9636,24,,,,,
8.34663151181303e-05,9637,24,,,,,
9.445757314097136e-05,9638,24,,,,,
0.0007727611809968948,9639,24,,,,,
0.00011789332347689196,9640,24,,,,,
0.050106439739465714,9641,24,,,,,
0.39399632811546326,9642,24,,,,,
0.018256112933158875,9643,24,,,,,
0.005448861978948116,9644,24,,,,,
0.0002989210479427129,9645,24,,,,,
0.0021471031941473484,9646,24,,,,,
0.0010701450519263744,9647,24,,,,,
0.0022795891854912043,9648,24,,,,,
0.0006367582245729864,9649,24,,,,,
0.004559681285172701,9650,24,,,,,
0.002493810374289751,9651,24,,,,,
0.002085633110255003,9652,24,,,,,
0.001198951038531959,9653,24,,,,,
0.00030143666663207114,9654,24,,,,,
0.004434550181031227,9655,24,,,,,
0.005944549571722746,9656,24,,,,,
0.0011292892741039395,9657,24,,,,,
0.012669681571424007,9658,24,,,,,
0.004006374627351761,9659,24,,,,,
0.009882188402116299,9660,24,,,,,
0.019915448501706123,9661,24,,,,,
0.0004659953119698912,9662,24,,,,,
0.00010912262223428115,9663,24,,,,,
0.000151977947098203,9664,24,,,,,
0.15241150557994843,9665,24,,,,,
0.00041892428998835385,9666,24,,,,,
0.0024423461873084307,9667,24,,,,,
0.001726315706036985,9668,24,,,,,
0.15350084006786346,9669,24,,,,,
0.00019333211821503937,9670,24,,,,,
0.0007086230907589197,9671,24,,,,,
0.00037118681939318776,9672,24,,,,,
0.00171334866899997,9673,24,,,,,
0.000572388933505863,9674,24,,,,,
0.001265897648409009,9675,24,,,,,
0.0018315375782549381,9676,24,,,,,
0.0022341213189065456,9677,24,,,,,
0.0010767969070002437,9678,24,,,,,
0.10893086344003677,9679,24,,,,,
0.001786878565326333,9680,24,,,,,
0.007927830331027508,9681,24,,,,,
0.00036064672167412937,9682,24,,,,,
0.0006732406327500939,9683,24,,,,,
0.004815094172954559,9684,24,,,,,
0.0006250194855965674,9685,24,,,,,
0.0011408868012949824,9686,24,,,,,
0.0025669015012681484,9687,24,,,,,
0.0021836417727172375,9688,24,,,,,
0.0002320416970178485,9689,24,,,,,
0.00048339489148929715,9690,24,,,,,
0.002419600496068597,9691,24,,,,,
0.001510672620497644,9692,24,,,,,
0.0005110116908326745,9693,24,,,,,
0.002388616092503071,9694,24,,,,,
0.07164450734853745,9695,24,,,,,
0.005729431286454201,9696,24,,,,,
0.004359668120741844,9697,24,,,,,
0.004477296955883503,9698,24,,,,,
0.014745829626917839,9699,24,,,,,
0.002147890627384186,9700,24,,,,,
0.3147285282611847,9701,24,,,,,
0.004742216318845749,9702,24,,,,,
0.00021622143685817719,9703,24,,,,,
0.00016861614130903035,9704,24,,,,,
0.0004510651051532477,9705,24,,,,,
0.002167241647839546,9706,24,,,,,
0.00022408457880374044,9707,24,,,,,
0.2925764322280884,9708,24,,,,,
0.005016838200390339,9709,24,,,,,
0.0003761125262826681,9710,24,,,,,
0.041601210832595825,9711,24,,,,,
0.0026224052999168634,9712,24,,,,,
0.901220977306366,9713,24,,,,,
0.0005941135459579527,9714,24,,,,,
0.0038511313032358885,9715,24,,,,,
0.0009716615895740688,9716,24,,,,,
0.0011190797667950392,9717,24,,,,,
0.0005740897031500936,9718,24,,,,,
0.009619118645787239,9719,24,,,,,
0.0010657201055437326,9720,24,,,,,
0.014114989899098873,9721,24,,,,,
0.00037597701884806156,9722,24,,,,,
0.0026612021028995514,9723,24,,,,,
0.00045446163858287036,9724,24,,,,,
0.0007029023254290223,9725,24,,,,,
0.0038122001569718122,9726,24,,,,,
0.009515499696135521,9727,24,,,,,
0.0029027729760855436,9728,24,,,,,
0.0007904238882474601,9729,24,,,,,
0.0029647592455148697,9730,24,,,,,
0.0027079398278146982,9731,24,,,,,
0.004807009361684322,9732,24,,,,,
0.0022585815750062466,9733,24,,,,,
0.00867108441889286,9734,24,,,,,
0.0009668635902926326,9735,24,,,,,
0.0031954492442309856,9736,24,,,,,
0.01263655349612236,9737,24,,,,,
0.004323391243815422,9738,24,,,,,
0.012861299328505993,9739,24,,,,,
0.000817325315438211,9740,24,,,,,
0.012576080858707428,9741,24,,,,,
0.00049530592514202,9742,24,,,,,
0.0028255314100533724,9743,24,,,,,
0.0013071141438558698,9744,24,,,,,
0.0035938031505793333,9745,24,,,,,
0.001772199640981853,9746,24,,,,,
0.015443204902112484,9747,24,,,,,
0.0012509358348324895,9748,24,,,,,
0.00040936452569440007,9749,24,,,,,
0.0013074876042082906,9750,24,,,,,
0.0009582516504451632,9751,24,,,,,
0.0007443617796525359,9752,24,,,,,
0.004304370377212763,9753,24,,,,,
0.002110012574121356,9754,24,,,,,
0.0008790931315161288,9755,24,,,,,
0.00018021449795924127,9756,24,,,,,
0.01721620187163353,9757,24,,,,,
0.0015608514659106731,9758,24,,,,,
0.0036609868984669447,9759,24,,,,,
0.038744471967220306,9760,24,,,,,
0.0007404028438031673,9761,24,,,,,
0.0013290465576574206,9762,24,,,,,
0.0019968594424426556,9763,24,,,,,
0.006575377192348242,9764,24,,,,,
0.0012992436531931162,9765,24,,,,,
0.00019019836327061057,9766,24,,,,,
0.0027720523066818714,9767,24,,,,,
0.0011462013935670257,9768,24,,,,,
0.003278567921370268,9769,24,,,,,
0.0009172192658297718,9770,24,,,,,
0.002711406908929348,9771,24,,,,,
0.00025068799732252955,9772,24,,,,,
0.00034743151627480984,9773,24,,,,,
0.0009340996039099991,9774,24,,,,,
0.003295253263786435,9775,24,,,,,
0.009830228053033352,9776,24,,,,,
0.010988793335855007,9777,24,,,,,
0.0013882062630727887,9778,24,,,,,
0.001238216646015644,9779,24,,,,,
0.00017426391423214227,9780,24,,,,,
0.0008300044573843479,9781,24,,,,,
0.0012243393575772643,9782,24,,,,,
0.013002683408558369,9783,24,,,,,
0.0003868799249175936,9784,24,,,,,
0.0010481097269803286,9785,24,,,,,
0.011336388997733593,9786,24,,,,,
0.0028473578859120607,9787,24,,,,,
0.0023748204112052917,9788,24,,,,,
0.006020327098667622,9789,24,,,,,
0.00013959658099338412,9790,24,,,,,
0.00010673193901311606,9791,24,,,,,
0.00432465597987175,9792,24,,,,,
0.04284471645951271,9793,24,,,,,
0.00041681539732962847,9794,24,,,,,
0.0003204809036105871,9795,24,,,,,
0.0009431177168153226,9796,24,,,,,
0.0004478624614421278,9797,24,,,,,
0.00014758181350771338,9798,24,,,,,
0.0002496969827916473,9799,24,,,,,
0.0005015791393816471,9800,24,,,,,
0.00023114308714866638,9801,24,,,,,
0.002682544756680727,9802,24,,,,,
0.0025873156264424324,9803,24,,,,,
0.006216506008058786,9804,24,,,,,
0.00208172551356256,9805,24,,,,,
0.0006565762450918555,9806,24,,,,,
0.0008958359831012785,9807,24,,,,,
0.0002169876534026116,9808,24,,,,,
7.417511369567364e-05,9809,24,,,,,
0.0005970149650238454,9810,24,,,,,
0.017010265961289406,9811,24,,,,,
2.6374857043265365e-05,9812,24,,,,,
0.00011364019883330911,9813,24,,,,,
0.00013726166798733175,9814,24,,,,,
0.0003941448812838644,9815,24,,,,,
0.0005475911311805248,9816,24,,,,,
4.306482514948584e-05,9817,24,,,,,
0.0001757377467583865,9818,24,,,,,
0.0006617744220420718,9819,24,,,,,
0.0006034512771293521,9820,24,,,,,
0.0051959059201180935,9821,24,,,,,
0.00021312689932528883,9822,24,,,,,
0.002410191111266613,9823,24,,,,,
0.0028814442921429873,9824,24,,,,,
0.0005181489395909011,9825,24,,,,,
0.00024359996314160526,9826,24,,,,,
8.691340190125629e-05,9827,24,,,,,
0.00014976036618463695,9828,24,,,,,
0.0033183207269757986,9829,24,,,,,
0.00010452097922097892,9830,24,,,,,
0.0012439665151759982,9831,24,,,,,
8.730217814445496e-05,9832,24,,,,,
0.00013285409659147263,9833,24,,,,,
5.89115297771059e-05,9834,24,,,,,
0.004349329974502325,9835,24,,,,,
0.12350156158208847,9836,24,,,,,
5.040192627348006e-05,9837,24,,,,,
0.0004013401048723608,9838,24,,,,,
0.0009220301872119308,9839,24,,,,,
0.0007838084129616618,9840,24,,,,,
5.078148024040274e-05,9841,24,,,,,
0.00014358133194036782,9842,24,,,,,
1.0263099284202326e-05,9843,24,,,,,
0.00012746528955176473,9844,24,,,,,
0.00015804648865014315,9845,24,,,,,
0.025565754622220993,9846,24,,,,,
7.141732203308493e-05,9847,24,,,,,
5.1410093874437734e-05,9848,24,,,,,
0.003613802371546626,9849,24,,,,,
8.948156028054655e-05,9850,24,,,,,
0.007031894288957119,9851,24,,,,,
0.00048609875375404954,9852,24,,,,,
0.0005339141353033483,9853,24,,,,,
0.0002379024081164971,9854,24,,,,,
0.00015125189383979887,9855,24,,,,,
0.0019070046255365014,9856,24,,,,,
0.000341047125402838,9857,24,,,,,
0.0007461493951268494,9858,24,,,,,
0.00012460205471143126,9859,24,,,,,
0.0011306048836559057,9860,24,,,,,
0.027639223262667656,9861,24,,,,,
1.467924903408857e-05,9862,24,,,,,
0.00037423870526254177,9863,24,,,,,
0.001192759838886559,9864,24,,,,,
0.0005977714317850769,9865,24,,,,,
0.006456711329519749,9866,24,,,,,
4.84099036839325e-05,9867,24,,,,,
5.198090002522804e-05,9868,24,,,,,
7.247495523188263e-05,9869,24,,,,,
0.00021089884103275836,9870,24,,,,,
0.00015790089673828334,9871,24,,,,,
0.00021917409321758896,9872,24,,,,,
4.577944855554961e-05,9873,24,,,,,
0.0027482477016747,9874,24,,,,,
0.002896496094763279,9875,24,,,,,
8.22789515950717e-05,9876,24,,,,,
0.00016190616588573903,9877,24,,,,,
2.7671023417497054e-05,9878,24,,,,,
0.0008353819139301777,9879,24,,,,,
0.00038029439747333527,9880,24,,,,,
7.414614083245397e-05,9881,24,,,,,
0.00016965453687589616,9882,24,,,,,
5.5518765293527395e-05,9883,24,,,,,
0.00010352850949857384,9884,24,,,,,
0.000995738198980689,9885,24,,,,,
0.00016237546515185386,9886,24,,,,,
6.065647176001221e-05,9887,24,,,,,
7.221276609925553e-05,9888,24,,,,,
2.845478775270749e-05,9889,24,,,,,
0.00013920810306444764,9890,24,,,,,
0.000279321480775252,9891,24,,,,,
0.003316052258014679,9892,24,,,,,
0.00015620490012224764,9893,24,,,,,
0.00023889300064183772,9894,24,,,,,
0.06254523247480392,9895,24,,,,,
0.013130102306604385,9896,24,,,,,
0.00021820126858074218,9897,24,,,,,
0.0002370234578847885,9898,24,,,,,
0.00013204840070102364,9899,24,,,,,
9.712728569866158e-06,9900,24,,,,,
0.008034544065594673,9901,24,,,,,
0.001547862309962511,9902,24,,,,,
0.003242159727960825,9903,24,,,,,
0.00373652926646173,9904,24,,,,,
0.00028306173044256866,9905,24,,,,,
0.00040503329364582896,9906,24,,,,,
0.004492664709687233,9907,24,,,,,
0.00035860660136677325,9908,24,,,,,
0.00010422257037134841,9909,24,,,,,
0.00039552038651891053,9910,24,,,,,
0.010719621554017067,9911,24,,,,,
8.037833140406292e-06,9912,24,,,,,
0.00015468112542293966,9913,24,,,,,
7.44720600778237e-05,9914,24,,,,,
2.5960156563087367e-05,9915,24,,,,,
0.1456754356622696,9916,24,,,,,
8.970697672339156e-05,9917,24,,,,,
6.194388697622344e-05,9918,24,,,,,
3.8706108171027154e-05,9919,24,,,,,
0.0002144963073078543,9920,24,,,,,
0.0002688476233743131,9921,24,,,,,
0.00019245062139816582,9922,24,,,,,
1.0412518349767197e-05,9923,24,,,,,
0.00014268739323597401,9924,24,,,,,
0.033628858625888824,9925,24,,,,,
0.0018209215486422181,9926,24,,,,,
0.00022941836505196989,9927,24,,,,,
0.006352972239255905,9928,24,,,,,
4.6094701247056946e-05,9929,24,,,,,
2.6950518076773733e-05,9930,24,,,,,
0.00017887921421788633,9931,24,,,,,
0.0007668714970350266,9932,24,,,,,
5.997153130010702e-05,9933,24,,,,,
0.0001800387690309435,9934,24,,,,,
0.00019378891738597304,9935,24,,,,,
8.500667900079861e-05,9936,24,,,,,
0.0003149623516947031,9937,24,,,,,
0.0015782518312335014,9938,24,,,,,
0.0017606383189558983,9939,24,,,,,
0.00010689425107557327,9940,24,,,,,
0.016961393877863884,9941,24,,,,,
0.0017331226263195276,9942,24,,,,,
2.576848419266753e-05,9943,24,,,,,
0.00010944765381282195,9944,24,,,,,
0.00011630246444838122,9945,24,,,,,
8.686036744620651e-05,9946,24,,,,,
0.004251599777489901,9947,24,,,,,
0.0002376713528065011,9948,24,,,,,
3.4709541068878025e-05,9949,24,,,,,
0.0022508525289595127,9950,24,,,,,
0.001138848951086402,9951,24,,,,,
0.00030792204779572785,9952,24,,,,,
0.004351847339421511,9953,24,,,,,
0.0031789576169103384,9954,24,,,,,
0.00012245841207914054,9955,24,,,,,
0.0009075079578906298,9956,24,,,,,
1.8208787878393196e-05,9957,24,,,,,
0.0011915384093299508,9958,24,,,,,
0.00011781421198975295,9959,24,,,,,
0.0021579887252300978,9960,24,,,,,
0.00014768286200705916,9961,24,,,,,
0.00011491314216982573,9962,24,,,,,
0.04123581945896149,9963,24,,,,,
0.0002922863932326436,9964,24,,,,,
0.00013232971832621843,9965,24,,,,,
6.808812031522393e-05,9966,24,,,,,
0.0012146556982770562,9967,24,,,,,
7.789876690367237e-06,9968,24,,,,,
0.0130845932289958,9969,24,,,,,
9.221932850778103e-05,9970,24,,,,,
2.926647175627295e-05,9971,24,,,,,
0.0548638217151165,9972,24,,,,,
0.00023829564452171326,9973,24,,,,,
2.13834809983382e-05,9974,24,,,,,
,9552,,3.80888513973332e-06,,,,
,9553,,3.698464934132062e-05,,,,
,9554,,5.778877948614536e-06,,,,
,9555,,5.778877948614536e-06,,,,
,9556,,5.270899237075355e-06,,,,
,9557,,2.4650742489029653e-05,,,,
,9558,,2.4650742489029653e-05,,,,
,9559,,5.080448318039998e-06,,,,
,9560,,2.697001036722213e-05,,,,
,9561,,2.697001036722213e-05,,,,
,9562,,0.00026661212905310094,,,,
,9563,,0.0019293492659926414,,,,
,9564,,0.0019293492659926414,,,,
,9565,,9.456888801651075e-05,,,,
,9566,,0.00038653911906294525,,,,
,9567,,0.00038653911906294525,,,,
,9568,,0.00013321566802915186,,,,
,9569,,6.4959327573888e-05,,,,
,9570,,0.00012726927525363863,,,,
,9571,,0.00012726927525363863,,,,
,9572,,5.642718679155223e-05,,,,
,9573,,4.0338207327295095e-05,,,,
,9574,,4.0338207327295095e-05,,,,
,9575,,2.9243514291010797e-05,,,,
,9576,,4.3707394070224836e-05,,,,
,9577,,4.3707394070224836e-05,,,,
,9578,,0.0001081934169633314,,,,
,9579,,8.61373555380851e-05,,,,
,9580,,8.61373555380851e-05,,,,
,9581,,8.812151645543054e-05,,,,
,9582,,8.812151645543054e-05,,,,
,9583,,8.812151645543054e-05,,,,
,9584,,1.9682613128679805e-05,,,,
,9585,,4.494720997172408e-05,,,,
,9586,,1.6935138773988e-05,,,,
,9587,,1.6935138773988e-05,,,,
,9588,,2.4643670258228667e-05,,,,
,9589,,1.942215567396488e-05,,,,
,9590,,1.942215567396488e-05,,,,
,9591,,9.728784789331257e-06,,,,
,9592,,1.3917144315200858e-05,,,,
,9593,,1.3917144315200858e-05,,,,
,9594,,3.309688690933399e-05,,,,
,9595,,3.330079198349267e-05,,,,
,9596,,6.693812611047179e-05,,,,
,9597,,3.330079198349267e-05,,,,
,9598,,5.394313484430313e-05,,,,
,9599,,6.165563536342233e-05,,,,
,9600,,6.165563536342233e-05,,,,
,9601,,3.2345775252906606e-05,,,,
,9602,,3.03725046251202e-05,,,,
,9603,,3.03725046251202e-05,,,,
,9604,,3.997514068032615e-05,,,,
,9605,,3.382308568689041e-05,,,,
,9606,,3.382308568689041e-05,,,,
,9607,,4.63739488623105e-05,,,,
,9608,,5.735104423365556e-05,,,,
,9609,,5.735104423365556e-05,,,,
,9610,,5.1760296628344804e-05,,,,
,9611,,6.416601536329836e-05,,,,
,9612,,7.941348485474009e-06,,,,
,9613,,6.416601536329836e-05,,,,
,9614,,4.4498527131509036e-05,,,,
,9615,,4.4498527131509036e-05,,,,
,9616,,4.4498527131509036e-05,,,,
,9617,,4.7286572225857526e-05,,,,
,9618,,0.000598235463257879,,,,
,9619,,0.000598235463257879,,,,
,9620,,4.493592314247508e-06,,,,
,9621,,1.6143429093062878e-05,,,,
,9622,,1.6143429093062878e-05,,,,
,9623,,2.367117076573777e-06,,,,
,9624,,3.088035555265378e-06,,,,
,9625,,3.088035555265378e-06,,,,
,9626,,3.0423648240684997e-06,,,,
,9627,,4.57522583019454e-06,,,,
,9628,,4.57522583019454e-06,,,,
,9629,,0.00010525337711442262,,,,
,9630,,1.651877482800046e-06,,,,
,9631,,1.948791123140836e-06,,,,
,9632,,1.948791123140836e-06,,,,
,9633,,2.5448171072639525e-06,,,,
,9634,,3.0527430681104306e-06,,,,
,9635,,3.0527430681104306e-06,,,,
,9636,,2.293321813340299e-06,,,,
,9637,,1.5479254216188565e-05,,,,
,9638,,4.944489774061367e-06,,,,
,9639,,4.944489774061367e-06,,,,
,9640,,1.694827346909733e-06,,,,
,9641,,1.975443865376292e-06,,,,
,9642,,1.975443865376292e-06,,,,
,9643,,1.2318186008997145e-06,,,,
,9644,,3.2186030693992507e-06,,,,
,9645,,3.2186030693992507e-06,,,,
,9646,,2.498174808351905e-06,,,,
,9647,,2.498174808351905e-06,,,,
,9648,,2.498174808351905e-06,,,,
,9649,,2.281964725625585e-06,,,,
,9650,,2.7676805984810926e-06,,,,
,9651,,2.7676805984810926e-06,,,,
,9652,,1.7881167195810121e-06,,,,
,9653,,2.472266714903526e-06,,,,
,9654,,2.472266714903526e-06,,,,
,9655,,1.8391961020824965e-06,,,,
,9656,,7.157986146921758e-06,,,,
,9657,,2.7020255402021576e-06,,,,
,9658,,2.7020255402021576e-06,,,,
,9659,,2.3789571059751324e-06,,,,
,9660,,8.593968232162297e-06,,,,
,9661,,8.593968232162297e-06,,,,
,9662,,3.4059214613080258e-06,,,,
,9663,,3.591769200284034e-06,,,,
,9664,,3.591769200284034e-06,,,,
,9665,,5.540427991945762e-06,,,,
,9666,,9.344244062958751e-06,,,,
,9667,,9.344244062958751e-06,,,,
,9668,,8.938620885601267e-05,,,,
,9669,,0.00038242843584157526,,,,
,9670,,0.00038242843584157526,,,,
,9671,,4.519451522355666e-06,,,,
,9672,,1.4355250641528983e-05,,,,
,9673,,5.4891306717763655e-06,,,,
,9674,,5.4891306717763655e-06,,,,
,9675,,2.435233454889385e-06,,,,
,9676,,3.269685748819029e-06,,,,
,9677,,3.269685748819029e-06,,,,
,9678,,3.757575314011774e-06,,,,
,9679,,3.757575314011774e-06,,,,
,9680,,3.757575314011774e-06,,,,
,9681,,4.949566937284544e-05,,,,
,9682,,2.2819604055257514e-06,,,,
,9683,,2.7728601708076894e-06,,,,
,9684,,2.7728601708076894e-06,,,,
,9685,,2.161284328394686e-06,,,,
,9686,,3.534762754497933e-06,,,,
,9687,,3.534762754497933e-06,,,,
,9688,,2.185461653425591e-06,,,,
,9689,,2.696341880437103e-06,,,,
,9690,,2.696341880437103e-06,,,,
,9691,,2.140550350304693e-06,,,,
,9692,,2.9745087886112742e-06,,,,
,9693,,2.9745087886112742e-06,,,,
,9694,,5.903678470531304e-07,,,,
,9695,,9.070244573194941e-07,,,,
,9696,,9.070244573194941e-07,,,,
,9697,,1.959154587893863e-06,,,,
,9698,,2.2545816591446055e-06,,,,
,9699,,2.2545816591446055e-06,,,,
,9700,,3.213651871192269e-05,,,,
,9701,,2.287639517817297e-06,,,,
,9702,,2.9076272767269984e-06,,,,
,9703,,2.9076272767269984e-06,,,,
,9704,,1.7518364074931014e-06,,,,
,9705,,1.8846122884497163e-06,,,,
,9706,,1.8846122884497163e-06,,,,
,9707,,1.5496972309847479e-06,,,,
,9708,,3.95085498894332e-06,,,,
,9709,,3.95085498894332e-06,,,,
,9710,,2.358225401621894e-06,,,,
,9711,,2.358225401621894e-06,,,,
,9712,,2.358225401621894e-06,,,,
,9713,,2.2649435322819045e-06,,,,
,9714,,2.7521425636223285e-06,,,,
,9715,,0.016572531312704086,,,,
,9716,,2.7521425636223285e-06,,,,
,9717,,2.9179993816796923e-06,,,,
,9718,,3.460978768998757e-05,,,,
,9719,,3.460978768998757e-05,,,,
,9720,,9.884101746138185e-05,,,,
,9721,,0.00034925894578918815,,,,
,9722,,0.00034925894578918815,,,,
,9723,,3.879499854519963e-05,,,,
,9724,,5.1548919145716354e-05,,,,
,9725,,5.1548919145716354e-05,,,,
,9726,,0.0023977081291377544,,,,
,9727,,2.0329574908828363e-05,,,,
,9728,,2.011617470998317e-05,,,,
,9729,,2.011617470998317e-05,,,,
,9730,,2.0841456716880202e-05,,,,
,9731,,2.1483963791979477e-05,,,,
,9732,,2.1483963791979477e-05,,,,
,9733,,2.3450193111784756e-05,,,,
,9734,,2.0883237084490247e-05,,,,
,9735,,2.0883237084490247e-05,,,,
,9736,,2.7409902031649835e-05,,,,
,9737,,3.255065166740678e-05,,,,
,9738,,3.255065166740678e-05,,,,
,9739,,3.503487096168101e-05,,,,
,9740,,3.78559525415767e-05,,,,
,9741,,3.78559525415767e-05,,,,
,9742,,4.0825871110428125e-05,,,,
,9743,,4.869356416747905e-05,,,,
,9744,,4.869356416747905e-05,,,,
,9745,,4.869356416747905e-05,,,,
,9746,,2.322889667993877e-05,,,,
,9747,,2.2742677174392156e-05,,,,
,9748,,2.2742677174392156e-05,,,,
,9749,,2.5783425371628255e-05,,,,
,9750,,2.4619697796879336e-05,,,,
,9751,,2.4619697796879336e-05,,,,
,9752,,2.625310116854962e-05,,,,
,9753,,3.090529207838699e-05,,,,
,9754,,3.090529207838699e-05,,,,
,9755,,2.230735481134616e-05,,,,
,9756,,2.528908953536302e-05,,,,
,9757,,2.528908953536302e-05,,,,
,9758,,0.00020959528046660125,,,,
,9759,,2.709258478716947e-05,,,,
,9760,,2.61199693341041e-05,,,,
,9761,,2.61199693341041e-05,,,,
,9762,,3.15378638333641e-05,,,,
,9763,,3.162078428431414e-05,,,,
,9764,,3.162078428431414e-05,,,,
,9765,,2.7615353246801533e-05,,,,
,9766,,2.5485074729658663e-05,,,,
,9767,,2.5677805751911364e-05,,,,
,9768,,2.5485074729658663e-05,,,,
,9769,,2.2557265765499324e-05,,,,
,9770,,4.596396320266649e-05,,,,
,9771,,4.596396320266649e-05,,,,
,9772,,0.0007490935968235135,,,,
,9773,,0.00028533305157907307,,,,
,9774,,0.00028533305157907307,,,,
,9775,,1.977439569600392e-05,,,,
,9776,,1.977439569600392e-05,,,,
,9777,,1.977439569600392e-05,,,,
,9778,,1.8411679775454104e-05,,,,
,9779,,1.7266702343476936e-05,,,,
,9780,,1.7266702343476936e-05,,,,
,9781,,1.8779473975882865e-05,,,,
,9782,,1.7691452740109526e-05,,,,
,9783,,1.7691452740109526e-05,,,,
,9784,,1.7458185538998805e-05,,,,
,9785,,2.0621338990167715e-05,,,,
,9786,,1.7259577361983247e-05,,,,
,9787,,1.7259577361983247e-05,,,,
,9788,,1.6935018720687367e-05,,,,
,9789,,1.839495962485671e-05,,,,
,9790,,1.839495962485671e-05,,,,
,9791,,2.2321022697724402e-05,,,,
,9792,,0.267137348651886,,,,
,9793,,2.0084942661924288e-05,,,,
,9794,,2.0084942661924288e-05,,,,
,9795,,2.2721756977261975e-05,,,,
,9796,,2.4198177925427444e-05,,,,
,9797,,2.4198177925427444e-05,,,,
,9798,,2.7841497285407968e-05,,,,
,9799,,2.3561020498163998e-05,,,,
,9800,,2.3561020498163998e-05,,,,
,9801,,1.5608657122356817e-05,,,,
,9802,,2.5897381419781595e-05,,,,
,9803,,1.716318365652114e-05,,,,
,9804,,1.716318365652114e-05,,,,
,9805,,3.0564831831725314e-05,,,,
,9806,,3.041216950805392e-05,,,,
,9807,,3.041216950805392e-05,,,,
,9808,,2.465921534167137e-05,,,,
,9809,,2.465921534167137e-05,,,,
,9810,,2.465921534167137e-05,,,,
,9811,,2.4477069018757902e-05,,,,
,9812,,3.208579801139422e-05,,,,
,9813,,2.2509431801154278e-05,,,,
,9814,,2.2509431801154278e-05,,,,
,9815,,3.2003979868022725e-05,,,,
,9816,,2.9010399885009974e-05,,,,
,9817,,2.9010399885009974e-05,,,,
,9818,,2.756391404545866e-05,,,,
,9819,,2.6764104404719546e-05,,,,
,9820,,2.6764104404719546e-05,,,,
,9821,,2.4731754820095375e-05,,,,
,9822,,4.565175186144188e-05,,,,
,9823,,4.565175186144188e-05,,,,
,9824,,0.0009114054264500737,,,,
,9825,,0.0005813532043248415,,,,
,9826,,0.0005813532043248415,,,,
,9827,,8.395861186727416e-06,,,,
,9828,,8.42848457978107e-05,,,,
,9829,,8.530618288205005e-06,,,,
,9830,,8.530618288205005e-06,,,,
,9831,,7.520968210883439e-06,,,,
,9832,,6.2710687416256405e-06,,,,
,9833,,6.2710687416256405e-06,,,,
,9834,,7.748019015707541e-06,,,,
,9835,,9.013681847136468e-06,,,,
,9836,,9.013681847136468e-06,,,,
,9837,,6.050925549061503e-06,,,,
,9838,,5.806917670270195e-06,,,,
,9839,,5.806917670270195e-06,,,,
,9840,,6.949942871870007e-06,,,,
,9841,,6.949942871870007e-06,,,,
,9842,,6.949942871870007e-06,,,,
,9843,,1.2543738193926401e-05,,,,
,9844,,1.1308022294542752e-05,,,,
,9845,,1.1308022294542752e-05,,,,
,9846,,7.020881457719952e-05,,,,
,9847,,1.2551557119877543e-05,,,,
,9848,,1.1240617823204957e-05,,,,
,9849,,1.1240617823204957e-05,,,,
,9850,,9.751479410624597e-06,,,,
,9851,,9.92175773717463e-06,,,,
,9852,,9.92175773717463e-06,,,,
,9853,,5.6077242334140465e-06,,,,
,9854,,2.2686370357405394e-05,,,,
,9855,,7.254392585309688e-06,,,,
,9856,,7.254392585309688e-06,,,,
,9857,,9.32583770918427e-06,,,,
,9858,,8.24549078970449e-06,,,,
,9859,,8.24549078970449e-06,,,,
,9860,,9.110881364904344e-06,,,,
,9861,,8.960615559772123e-06,,,,
,9862,,8.960615559772123e-06,,,,
,9863,,9.620935998100322e-06,,,,
,9864,,7.364543307630811e-06,,,,
,9865,,7.364543307630811e-06,,,,
,9866,,8.432009963144083e-06,,,,
,9867,,9.910439985105768e-06,,,,
,9868,,9.910439985105768e-06,,,,
,9869,,1.028502174449386e-05,,,,
,9870,,2.2764046661905013e-05,,,,
,9871,,1.2124369277444202e-05,,,,
,9872,,1.2124369277444202e-05,,,,
,9873,,8.810427971184254e-06,,,,
,9874,,8.810427971184254e-06,,,,
,9875,,8.810427971184254e-06,,,,
,9876,,0.00028710413607768714,,,,
,9877,,0.00012658371997531503,,,,
,9878,,0.00012658371997531503,,,,
,9879,,1.3567232599598356e-05,,,,
,9880,,1.3111443877278361e-05,,,,
,9881,,1.3111443877278361e-05,,,,
,9882,,1.2504019650805276e-05,,,,
,9883,,1.2742406397592276e-05,,,,
,9884,,1.2742406397592276e-05,,,,
,9885,,1.1769177945097908e-05,,,,
,9886,,1.2572168998303823e-05,,,,
,9887,,1.2572168998303823e-05,,,,
,9888,,5.608198989648372e-06,,,,
,9889,,9.139473695540801e-05,,,,
,9890,,5.322690867615165e-06,,,,
,9891,,5.322690867615165e-06,,,,
,9892,,8.737782081880141e-06,,,,
,9893,,8.893260201148223e-06,,,,
,9894,,8.893260201148223e-06,,,,
,9895,,1.3054504051979166e-05,,,,
,9896,,0.0001037067559082061,,,,
,9897,,1.0660349289537407e-05,,,,
,9898,,1.0660349289537407e-05,,,,
,9899,,1.4852118511043955e-05,,,,
,9900,,1.737304228299763e-05,,,,
,9901,,1.737304228299763e-05,,,,
,9902,,1.3519853382604197e-05,,,,
,9903,,1.2833284017688129e-05,,,,
,9904,,1.2833284017688129e-05,,,,
,9905,,9.369982763018925e-06,,,,
,9906,,9.369982763018925e-06,,,,
,9907,,9.369982763018925e-06,,,,
,9908,,1.3866105291526765e-05,,,,
,9909,,1.269158656214131e-05,,,,
,9910,,1.269158656214131e-05,,,,
,9911,,1.0525523975957185e-05,,,,
,9912,,9.406250683241524e-06,,,,
,9913,,9.406250683241524e-06,,,,
,9914,,2.0760648112627678e-05,,,,
,9915,,3.217702396796085e-05,,,,
,9916,,2.032944576058071e-05,,,,
,9917,,2.032944576058071e-05,,,,
,9918,,1.6903837604331784e-05,,,,
,9919,,1.7906830180436373e-05,,,,
,9920,,1.7906830180436373e-05,,,,
,9921,,1.7884094631881453e-05,,,,
,9922,,1.5779898603796028e-05,,,,
,9923,,1.5779898603796028e-05,,,,
,9924,,1.2593094652402215e-05,,,,
,9925,,1.2598343346326146e-05,,,,
,9926,,1.2598343346326146e-05,,,,
,9927,,0.0005713890423066914,,,,
,9928,,0.00022888823878020048,,,,
,9929,,0.00022888823878020048,,,,
,9930,,1.6567515558563173e-05,,,,
,9931,,3.6210098187439144e-05,,,,
,9932,,1.823634738684632e-05,,,,
,9933,,1.823634738684632e-05,,,,
,9934,,2.1441559511004016e-05,,,,
,9935,,2.110154673573561e-05,,,,
,9936,,2.110154673573561e-05,,,,
,9937,,1.391952082485659e-05,,,,
,9938,,1.391952082485659e-05,,,,
,9939,,1.391952082485659e-05,,,,
,9940,,7.520970484620193e-06,,,,
,9941,,7.773927791276947e-06,,,,
,9942,,7.773927791276947e-06,,,,
,9943,,1.302313194173621e-05,,,,
,9944,,1.2868003068433609e-05,,,,
,9945,,1.2868003068433609e-05,,,,
,9946,,1.3395019777817652e-05,,,,
,9947,,1.3423450582195073e-05,,,,
,9948,,1.3423450582195073e-05,,,,
,9949,,1.1717319466697518e-05,,,,
,9974,24,,0.0007705173338763416,,,
,9974,24,,,0.012447615154087543,0.9672544002532959,0.9672544002532959
1.7512151316623203e-05,9975,25,,,,,
0.07460327446460724,9976,25,,,,,
3.7757148675154895e-05,9977,25,,,,,
5.66544767934829e-05,9978,25,,,,,
0.05005837604403496,9979,25,,,,,
9.26654611248523e-05,9980,25,,,,,
0.00012800189142581075,9981,25,,,,,
4.0941402403404936e-05,9982,25,,,,,
0.0003215431934222579,9983,25,,,,,
4.616991645889357e-05,9984,25,,,,,
3.858618583763018e-05,9985,25,,,,,
0.00010039825428975746,9986,25,,,,,
0.0004636254452634603,9987,25,,,,,
1.269807580683846e-05,9988,25,,,,,
0.00030020734993740916,9989,25,,,,,
0.012637575156986713,9990,25,,,,,
0.0003173901350237429,9991,25,,,,,
6.607356772292405e-05,9992,25,,,,,
0.0007551642484031618,9993,25,,,,,
0.0034900063183158636,9994,25,,,,,
0.00024948088685050607,9995,25,,,,,
7.634575013071299e-05,9996,25,,,,,
4.50650550192222e-05,9997,25,,,,,
0.0004063959640916437,9998,25,,,,,
0.001230093534104526,9999,25,,,,,
0.0016953374724835157,10000,25,,,,,
0.01710635982453823,10001,25,,,,,
0.005376346409320831,10002,25,,,,,
0.07497134059667587,10003,25,,,,,
0.0008895316277630627,10004,25,,,,,
0.0005285910447128117,10005,25,,,,,
7.140620436985046e-05,10006,25,,,,,
0.0011627274798229337,10007,25,,,,,
0.002650811104103923,10008,25,,,,,
5.926345693296753e-06,10009,25,,,,,
0.002379991114139557,10010,25,,,,,
9.712547762319446e-05,10011,25,,,,,
3.069776721531525e-05,10012,25,,,,,
0.07910488545894623,10013,25,,,,,
0.00035560649121180177,10014,25,,,,,
0.0001053838204825297,10015,25,,,,,
0.002480143681168556,10016,25,,,,,
0.0010923038935288787,10017,25,,,,,
0.0034086094237864017,10018,25,,,,,
0.0011804653331637383,10019,25,,,,,
3.875611218973063e-05,10020,25,,,,,
2.6648747734725475e-05,10021,25,,,,,
7.853072747820988e-05,10022,25,,,,,
0.0007262977305799723,10023,25,,,,,
0.00021142902551218867,10024,25,,,,,
8.092996722552925e-05,10025,25,,,,,
2.91606684186263e-05,10026,25,,,,,
8.951888958108611e-06,10027,25,,,,,
0.009436489082872868,10028,25,,,,,
0.006282534450292587,10029,25,,,,,
2.414564005448483e-05,10030,25,,,,,
1.887548751255963e-05,10031,25,,,,,
0.12907227873802185,10032,25,,,,,
0.44002822041511536,10033,25,,,,,
1.4973199540690985e-05,10034,25,,,,,
0.19283217191696167,10035,25,,,,,
0.0012222444638609886,10036,25,,,,,
0.002268237993121147,10037,25,,,,,
0.01319002266973257,10038,25,,,,,
0.007643768098205328,10039,25,,,,,
0.23154185712337494,10040,25,,,,,
0.015654848888516426,10041,25,,,,,
0.0001405319053446874,10042,25,,,,,
0.01084175705909729,10043,25,,,,,
0.018463684245944023,10044,25,,,,,
0.05332661420106888,10045,25,,,,,
0.17428557574748993,10046,25,,,,,
0.015575719997286797,10047,25,,,,,
0.4296393096446991,10048,25,,,,,
0.0009521491010673344,10049,25,,,,,
0.013002054765820503,10050,25,,,,,
0.012240883894264698,10051,25,,,,,
0.03196849301457405,10052,25,,,,,
0.005966566037386656,10053,25,,,,,
0.00015984316996764392,10054,25,,,,,
0.00251106102950871,10055,25,,,,,
0.3083760738372803,10056,25,,,,,
0.013409281149506569,10057,25,,,,,
0.08153697103261948,10058,25,,,,,
0.000825837894808501,10059,25,,,,,
0.0018600908806547523,10060,25,,,,,
0.02600952424108982,10061,25,,,,,
0.00040587782859802246,10062,25,,,,,
0.0005134897073730826,10063,25,,,,,
0.0015756404027342796,10064,25,,,,,
0.0007940156501717865,10065,25,,,,,
0.0005971292848698795,10066,25,,,,,
0.0005675131105817854,10067,25,,,,,
0.010076136328279972,10068,25,,,,,
0.0019487282261252403,10069,25,,,,,
0.0017691607354208827,10070,25,,,,,
0.0038038191851228476,10071,25,,,,,
0.0016333276871591806,10072,25,,,,,
0.0016059631016105413,10073,25,,,,,
0.0009016222902573645,10074,25,,,,,
0.005837639328092337,10075,25,,,,,
0.0025976202450692654,10076,25,,,,,
0.022314276546239853,10077,25,,,,,
0.0004739600117318332,10078,25,,,,,
0.00017514335922896862,10079,25,,,,,
0.00029493990587070584,10080,25,,,,,
0.00040136929601430893,10081,25,,,,,
0.0033351366873830557,10082,25,,,,,
0.0014782837824895978,10083,25,,,,,
0.00014621812442783266,10084,25,,,,,
0.0005089000333100557,10085,25,,,,,
0.000555167265702039,10086,25,,,,,
0.0029131995979696512,10087,25,,,,,
0.00026972053456120193,10088,25,,,,,
0.004784302320331335,10089,25,,,,,
0.09006785601377487,10090,25,,,,,
0.00299079273827374,10091,25,,,,,
0.02178625948727131,10092,25,,,,,
0.002389785135164857,10093,25,,,,,
6.498498987639323e-05,10094,25,,,,,
0.00014580971037503332,10095,25,,,,,
0.00022097914188634604,10096,25,,,,,
0.00013362240861169994,10097,25,,,,,
3.500216917018406e-05,10098,25,,,,,
0.004192058928310871,10099,25,,,,,
0.0014992484357208014,10100,25,,,,,
0.02484232746064663,10101,25,,,,,
0.00018147037189919502,10102,25,,,,,
0.005508488975465298,10103,25,,,,,
0.00014830130385234952,10104,25,,,,,
0.0003028001810889691,10105,25,,,,,
0.00043957732850685716,10106,25,,,,,
0.00022193396580405533,10107,25,,,,,
0.000670438224915415,10108,25,,,,,
0.0001810974208638072,10109,25,,,,,
0.006123750004917383,10110,25,,,,,
0.01511847972869873,10111,25,,,,,
0.0011322342325001955,10112,25,,,,,
0.006083018612116575,10113,25,,,,,
0.0019434475107118487,10114,25,,,,,
0.00017451478925067931,10115,25,,,,,
5.969326230115257e-05,10116,25,,,,,
0.00014769336848985404,10117,25,,,,,
0.016379063948988914,10118,25,,,,,
0.00022319894924294204,10119,25,,,,,
0.005783329252153635,10120,25,,,,,
0.00023113407951314002,10121,25,,,,,
0.00011937876115553081,10122,25,,,,,
0.013171340338885784,10123,25,,,,,
7.327042112592608e-05,10124,25,,,,,
0.0007907713879831135,10125,25,,,,,
0.00012497960415203124,10126,25,,,,,
0.00019114396127406508,10127,25,,,,,
0.00023041991516947746,10128,25,,,,,
0.00015235075261443853,10129,25,,,,,
0.00021833233768120408,10130,25,,,,,
4.480739153223112e-05,10131,25,,,,,
0.004419218748807907,10132,25,,,,,
0.0024325998965650797,10133,25,,,,,
0.0015532998368144035,10134,25,,,,,
0.001420466462150216,10135,25,,,,,
6.85665727360174e-05,10136,25,,,,,
0.0003183970111422241,10137,25,,,,,
0.0006608163821510971,10138,25,,,,,
0.0011567719047889113,10139,25,,,,,
0.001899927039630711,10140,25,,,,,
4.6884630137356e-05,10141,25,,,,,
0.00010623600974213332,10142,25,,,,,
0.01110840868204832,10143,25,,,,,
0.18774054944515228,10144,25,,,,,
4.243929288350046e-05,10145,25,,,,,
0.00036240191548131406,10146,25,,,,,
0.0015395318623632193,10147,25,,,,,
0.001586264232173562,10148,25,,,,,
0.0010845484212040901,10149,25,,,,,
0.0008385364781133831,10150,25,,,,,
0.0014891538303345442,10151,25,,,,,
0.00012904845061711967,10152,25,,,,,
0.0008670788374729455,10153,25,,,,,
0.0035849211271852255,10154,25,,,,,
0.0001186318404506892,10155,25,,,,,
0.0006716687348671257,10156,25,,,,,
0.005088240839540958,10157,25,,,,,
0.0012092295801267028,10158,25,,,,,
0.024887481704354286,10159,25,,,,,
0.00017471343744546175,10160,25,,,,,
0.00022146731498651206,10161,25,,,,,
0.0008446407155133784,10162,25,,,,,
0.020529266446828842,10163,25,,,,,
0.0002752920554485172,10164,25,,,,,
0.00024790139286778867,10165,25,,,,,
0.002194324741140008,10166,25,,,,,
0.0023470104206353426,10167,25,,,,,
0.0004997349460609257,10168,25,,,,,
9.937246068147942e-05,10169,25,,,,,
0.00022730462660547346,10170,25,,,,,
0.00012456963304430246,10171,25,,,,,
0.0012792219640687108,10172,25,,,,,
0.0054376148618757725,10173,25,,,,,
0.00011370992433512583,10174,25,,,,,
0.0002572760859038681,10175,25,,,,,
0.001010022358968854,10176,25,,,,,
0.00047086377162486315,10177,25,,,,,
0.0006792741478420794,10178,25,,,,,
0.003248232649639249,10179,25,,,,,
4.634725701180287e-05,10180,25,,,,,
0.0002315272722626105,10181,25,,,,,
0.00044923604582436383,10182,25,,,,,
0.00030359753873199224,10183,25,,,,,
8.659373270347714e-05,10184,25,,,,,
0.05663248524069786,10185,25,,,,,
0.0009854113450273871,10186,25,,,,,
0.00018329182057641447,10187,25,,,,,
0.0045334165915846825,10188,25,,,,,
0.0006017059204168618,10189,25,,,,,
0.0010847607627511024,10190,25,,,,,
4.439104304765351e-05,10191,25,,,,,
0.0004730361979454756,10192,25,,,,,
0.0025802578311413527,10193,25,,,,,
0.00023436422634404153,10194,25,,,,,
0.001582143479026854,10195,25,,,,,
3.973676939494908e-05,10196,25,,,,,
0.00034709065221250057,10197,25,,,,,
0.001833970658481121,10198,25,,,,,
0.0006418122793547809,10199,25,,,,,
0.00014696238213218749,10200,25,,,,,
0.0004780566960107535,10201,25,,,,,
0.0015067793428897858,10202,25,,,,,
0.0001790514652384445,10203,25,,,,,
0.0003749643510673195,10204,25,,,,,
0.002020664280280471,10205,25,,,,,
0.0013876269804313779,10206,25,,,,,
0.00025337975239381194,10207,25,,,,,
0.011157440021634102,10208,25,,,,,
0.003360945964232087,10209,25,,,,,
0.00030564487678930163,10210,25,,,,,
6.665099499514326e-05,10211,25,,,,,
0.0004294771351851523,10212,25,,,,,
0.0017963958671316504,10213,25,,,,,
0.0021529849618673325,10214,25,,,,,
0.0015406247694045305,10215,25,,,,,
0.0007299521821551025,10216,25,,,,,
0.0001125788185163401,10217,25,,,,,
0.00047489357530139387,10218,25,,,,,
0.00046627045958302915,10219,25,,,,,
0.005637809168547392,10220,25,,,,,
0.00026755602448247373,10221,25,,,,,
0.00019815894484054297,10222,25,,,,,
0.0003343519929330796,10223,25,,,,,
0.008401717059314251,10224,25,,,,,
0.0001306397607550025,10225,25,,,,,
0.0001071990336640738,10226,25,,,,,
5.388695717556402e-05,10227,25,,,,,
0.00015749289013911039,10228,25,,,,,
4.283786256564781e-05,10229,25,,,,,
8.938091923482716e-05,10230,25,,,,,
1.3799414773529861e-05,10231,25,,,,,
8.879130473360419e-05,10232,25,,,,,
0.00012249796418473125,10233,25,,,,,
0.0004968548892065883,10234,25,,,,,
9.007641347125173e-05,10235,25,,,,,
1.0444536201248411e-05,10236,25,,,,,
0.0016614535124972463,10237,25,,,,,
4.4705175241688266e-05,10238,25,,,,,
0.016895998269319534,10239,25,,,,,
0.0002476760419085622,10240,25,,,,,
0.0002510992926545441,10241,25,,,,,
0.00014773386646993458,10242,25,,,,,
2.5269795514759608e-05,10243,25,,,,,
3.2130621548276395e-05,10244,25,,,,,
0.008920152671635151,10245,25,,,,,
0.0013295682147145271,10246,25,,,,,
0.0002492610365152359,10247,25,,,,,
0.0002281914494233206,10248,25,,,,,
0.0064479028806090355,10249,25,,,,,
0.00013053257134743035,10250,25,,,,,
0.0005355337634682655,10251,25,,,,,
0.005005264189094305,10252,25,,,,,
2.7528423743206076e-05,10253,25,,,,,
0.00060651934472844,10254,25,,,,,
1.5581677871523425e-05,10255,25,,,,,
2.0843894162680954e-05,10256,25,,,,,
0.0005194009281694889,10257,25,,,,,
0.0012510587694123387,10258,25,,,,,
0.0005435218336060643,10259,25,,,,,
0.0028666313737630844,10260,25,,,,,
0.00019358325516805053,10261,25,,,,,
2.3570104531245306e-05,10262,25,,,,,
8.213792170863599e-05,10263,25,,,,,
2.872207733162213e-05,10264,25,,,,,
0.0009352715569548309,10265,25,,,,,
2.567065166658722e-05,10266,25,,,,,
0.0003873755631502718,10267,25,,,,,
0.0001314283290412277,10268,25,,,,,
8.73465760378167e-05,10269,25,,,,,
1.7755995941115543e-05,10270,25,,,,,
0.0016559514915570617,10271,25,,,,,
0.001110889483243227,10272,25,,,,,
0.00014969876792747527,10273,25,,,,,
2.641666833369527e-05,10274,25,,,,,
0.00015772238839417696,10275,25,,,,,
3.420492066652514e-05,10276,25,,,,,
0.00021533069957513362,10277,25,,,,,
0.0009300651145167649,10278,25,,,,,
6.678753561573103e-05,10279,25,,,,,
0.0031350862700492144,10280,25,,,,,
3.057066714973189e-05,10281,25,,,,,
1.5056007214298006e-05,10282,25,,,,,
0.05185403302311897,10283,25,,,,,
0.00013016912271268666,10284,25,,,,,
0.00041309380321763456,10285,25,,,,,
3.974717765231617e-05,10286,25,,,,,
0.00010417715384392068,10287,25,,,,,
0.0008381824009120464,10288,25,,,,,
0.0006967200897634029,10289,25,,,,,
0.00025151227600872517,10290,25,,,,,
4.257930049789138e-05,10291,25,,,,,
0.004960312973707914,10292,25,,,,,
0.006505607161670923,10293,25,,,,,
0.00018521268793847412,10294,25,,,,,
0.08292560279369354,10295,25,,,,,
2.8728123652399518e-05,10296,25,,,,,
0.014922511763870716,10297,25,,,,,
7.345447102125036e-06,10298,25,,,,,
3.676396590890363e-05,10299,25,,,,,
0.0024893167428672314,10300,25,,,,,
0.0007148112636059523,10301,25,,,,,
0.00020046134886797518,10302,25,,,,,
2.8102480428060517e-05,10303,25,,,,,
0.005075578112155199,10304,25,,,,,
1.653803701628931e-05,10305,25,,,,,
0.0005093826912343502,10306,25,,,,,
0.08354438841342926,10307,25,,,,,
0.00022952930885367095,10308,25,,,,,
9.354752364743035e-06,10309,25,,,,,
7.232844654936343e-05,10310,25,,,,,
1.5926643754937686e-05,10311,25,,,,,
0.00016237272939179093,10312,25,,,,,
7.845238724257797e-05,10313,25,,,,,
0.08425062149763107,10314,25,,,,,
7.947978883748874e-05,10315,25,,,,,
4.2594270780682564e-05,10316,25,,,,,
0.0002380160876782611,10317,25,,,,,
0.00016588189464528114,10318,25,,,,,
4.4751021050615236e-05,10319,25,,,,,
3.740711690625176e-05,10320,25,,,,,
0.00541921891272068,10321,25,,,,,
0.0007115082698874176,10322,25,,,,,
0.01650291681289673,10323,25,,,,,
0.17998942732810974,10324,25,,,,,
0.0008888407610356808,10325,25,,,,,
0.010898604057729244,10326,25,,,,,
0.0001942624367075041,10327,25,,,,,
0.00016693859652150422,10328,25,,,,,
8.311916462844238e-05,10329,25,,,,,
5.565618630498648e-05,10330,25,,,,,
1.9704722944879904e-05,10331,25,,,,,
0.0013271697098389268,10332,25,,,,,
0.0410778783261776,10333,25,,,,,
0.0024748360738158226,10334,25,,,,,
0.03293081000447273,10335,25,,,,,
0.0011630934895947576,10336,25,,,,,
5.4631727834930643e-05,10337,25,,,,,
0.03374769166111946,10338,25,,,,,
2.405875056865625e-05,10339,25,,,,,
0.004336889833211899,10340,25,,,,,
2.269028300361242e-05,10341,25,,,,,
0.0005565097671933472,10342,25,,,,,
0.0002585372712928802,10343,25,,,,,
0.0006152945570647717,10344,25,,,,,
0.0017145146848633885,10345,25,,,,,
0.0027145077474415302,10346,25,,,,,
0.003225860418751836,10347,25,,,,,
0.00017842190572991967,10348,25,,,,,
6.699808000121266e-05,10349,25,,,,,
0.00033844661084003747,10350,25,,,,,
0.00030848709866404533,10351,25,,,,,
0.05409521237015724,10352,25,,,,,
0.0064384592697024345,10353,25,,,,,
2.6706105927587487e-05,10354,25,,,,,
0.001576302805915475,10355,25,,,,,
0.00018512723909225315,10356,25,,,,,
0.0011201223824173212,10357,25,,,,,
2.9949853342259303e-05,10358,25,,,,,
1.4276210094976705e-05,10359,25,,,,,
1.5973033441696316e-05,10360,25,,,,,
0.4092610776424408,10361,25,,,,,
0.00045375170884653926,10362,25,,,,,
4.855575753026642e-05,10363,25,,,,,
0.00024801454856060445,10364,25,,,,,
0.025238899514079094,10365,25,,,,,
0.00012999656610190868,10366,25,,,,,
0.00048551533836871386,10367,25,,,,,
6.721276440657675e-05,10368,25,,,,,
0.02540341205894947,10369,25,,,,,
0.13225270807743073,10370,25,,,,,
0.010036165826022625,10371,25,,,,,
3.657666457002051e-05,10372,25,,,,,
0.422173410654068,10373,25,,,,,
,9950,,7.140837624319829e-06,,,,
,9951,,6.09061389695853e-05,,,,
,9952,,7.877782081777696e-06,,,,
,9953,,7.877782081777696e-06,,,,
,9954,,9.35974640015047e-06,,,,
,9955,,1.0722879778768402e-05,,,,
,9956,,1.0722879778768402e-05,,,,
,9957,,8.497513590555172e-06,,,,
,9958,,1.305550176766701e-05,,,,
,9959,,1.305550176766701e-05,,,,
,9960,,5.675170541508123e-06,,,,
,9961,,7.844831088732462e-06,,,,
,9962,,7.844831088732462e-06,,,,
,9963,,0.0010474247392266989,,,,
,9964,,0.0005354760214686394,,,,
,9965,,0.0005354760214686394,,,,
,9966,,0.00020915332424920052,,,,
,9967,,3.448047209531069e-05,,,,
,9968,,0.00022394444386009127,,,,
,9969,,0.00022394444386009127,,,,
,9970,,0.0001808006054488942,,,,
,9971,,0.00020971742924302816,,,,
,9972,,0.00020971742924302816,,,,
,9973,,0.00020814139861613512,,,,
,9974,,0.0002289867406943813,,,,
,9975,,0.0002289867406943813,,,,
,9976,,0.0002128875203197822,,,,
,9977,,0.00021476566325873137,,,,
,9978,,0.00021476566325873137,,,,
,9979,,0.00022602753597311676,,,,
,9980,,0.00022602753597311676,,,,
,9981,,0.00022602753597311676,,,,
,9982,,5.8115685533266515e-05,,,,
,9983,,4.0741408156463876e-05,,,,
,9984,,6.613676669076085e-05,,,,
,9985,,6.613676669076085e-05,,,,
,9986,,0.00014313042629510164,,,,
,9987,,0.000143793600727804,,,,
,9988,,0.000143793600727804,,,,
,9989,,0.00010050570563180372,,,,
,9990,,0.00014100453699938953,,,,
,9991,,0.00014100453699938953,,,,
,9992,,0.0001583290140843019,,,,
,9993,,0.00015738880028948188,,,,
,9994,,0.00019894985598511994,,,,
,9995,,0.00015738880028948188,,,,
,9996,,0.0001763584150467068,,,,
,9997,,0.00021357543300837278,,,,
,9998,,0.00021357543300837278,,,,
,9999,,0.0001651791826589033,,,,
,10000,,0.0001810829999158159,,,,
,10001,,0.0001810829999158159,,,,
,10002,,0.00014110926713328809,,,,
,10003,,0.00016586300625931472,,,,
,10004,,0.00016586300625931472,,,,
,10005,,0.00019721055286936462,,,,
,10006,,0.0002180341398343444,,,,
,10007,,0.0002180341398343444,,,,
,10008,,0.00014654931146651506,,,,
,10009,,0.00017983888392336667,,,,
,10010,,3.29456634062808e-05,,,,
,10011,,0.00017983888392336667,,,,
,10012,,0.00015525337948929518,,,,
,10013,,0.00015525337948929518,,,,
,10014,,0.00015525337948929518,,,,
,10015,,0.001125566428527236,,,,
,10016,,0.0004215859225951135,,,,
,10017,,0.0004215859225951135,,,,
,10018,,1.3143016076355707e-05,,,,
,10019,,1.6848482118803076e-05,,,,
,10020,,1.6848482118803076e-05,,,,
,10021,,1.4423647371586412e-05,,,,
,10022,,1.690396311460063e-05,,,,
,10023,,1.690396311460063e-05,,,,
,10024,,1.0836970432137605e-05,,,,
,10025,,1.3804669833916705e-05,,,,
,10026,,1.3804669833916705e-05,,,,
,10027,,2.2430574972531758e-05,,,,
,10028,,8.088964023045264e-06,,,,
,10029,,6.685845164611237e-06,,,,
,10030,,6.685845164611237e-06,,,,
,10031,,8.603238711657468e-06,,,,
,10032,,1.0059530723083299e-05,,,,
,10033,,1.0059530723083299e-05,,,,
,10034,,1.1999855814792681e-05,,,,
,10035,,2.843937363650184e-05,,,,
,10036,,1.1754370461858343e-05,,,,
,10037,,1.1754370461858343e-05,,,,
,10038,,5.359103397495346e-06,,,,
,10039,,7.7427139331121e-06,,,,
,10040,,7.7427139331121e-06,,,,
,10041,,9.780464097275399e-06,,,,
,10042,,1.1301697668386623e-05,,,,
,10043,,1.1301697668386623e-05,,,,
,10044,,1.1365279533492867e-05,,,,
,10045,,1.1365279533492867e-05,,,,
,10046,,1.1365279533492867e-05,,,,
,10047,,9.995770597015508e-06,,,,
,10048,,1.2365434486127924e-05,,,,
,10049,,1.2365434486127924e-05,,,,
,10050,,8.5513402154902e-06,,,,
,10051,,9.929849511536304e-06,,,,
,10052,,9.929849511536304e-06,,,,
,10053,,8.264654752565548e-06,,,,
,10054,,2.0954352294211276e-05,,,,
,10055,,1.0665491572581232e-05,,,,
,10056,,1.0665491572581232e-05,,,,
,10057,,1.001264899969101e-05,,,,
,10058,,1.1034498129447456e-05,,,,
,10059,,1.1034498129447456e-05,,,,
,10060,,9.144517207460012e-06,,,,
,10061,,9.867718290479388e-06,,,,
,10062,,9.867718290479388e-06,,,,
,10063,,5.426409188657999e-06,,,,
,10064,,6.478517661889782e-06,,,,
,10065,,6.478517661889782e-06,,,,
,10066,,0.00105175725184381,,,,
,10067,,0.0008733402355574071,,,,
,10068,,0.0008733402355574071,,,,
,10069,,1.4681840184493922e-05,,,,
,10070,,2.7117421268485487e-05,,,,
,10071,,2.0024952391395345e-05,,,,
,10072,,2.0024952391395345e-05,,,,
,10073,,1.6500765923410654e-05,,,,
,10074,,1.3583175132225733e-05,,,,
,10075,,1.3583175132225733e-05,,,,
,10076,,1.4546910279022995e-05,,,,
,10077,,1.4546910279022995e-05,,,,
,10078,,1.4546910279022995e-05,,,,
,10079,,3.0915169190848246e-05,,,,
,10080,,1.2084712579962797e-05,,,,
,10081,,1.190441344078863e-05,,,,
,10082,,1.190441344078863e-05,,,,
,10083,,8.805302968539763e-06,,,,
,10084,,9.556930308463052e-06,,,,
,10085,,9.556930308463052e-06,,,,
,10086,,1.2045045878039673e-05,,,,
,10087,,1.513280403742101e-05,,,,
,10088,,1.513280403742101e-05,,,,
,10089,,7.10549829818774e-06,,,,
,10090,,8.979935955721885e-06,,,,
,10091,,8.979935955721885e-06,,,,
,10092,,5.614106157736387e-06,,,,
,10093,,5.229579528531758e-06,,,,
,10094,,5.229579528531758e-06,,,,
,10095,,6.214155746420147e-06,,,,
,10096,,7.157427262427518e-06,,,,
,10097,,7.157427262427518e-06,,,,
,10098,,2.390736153756734e-05,,,,
,10099,,1.0875453881453723e-05,,,,
,10100,,1.1391265616111923e-05,,,,
,10101,,1.1391265616111923e-05,,,,
,10102,,7.380151146207936e-06,,,,
,10103,,8.877639629645273e-06,,,,
,10104,,8.877639629645273e-06,,,,
,10105,,8.292992788483389e-06,,,,
,10106,,9.161505658994429e-06,,,,
,10107,,9.161505658994429e-06,,,,
,10108,,8.945113222580403e-06,,,,
,10109,,8.945113222580403e-06,,,,
,10110,,8.945113222580403e-06,,,,
,10111,,7.986597665876616e-06,,,,
,10112,,9.302918442699593e-06,,,,
,10113,,2.6828936825040728e-05,,,,
,10114,,9.302918442699593e-06,,,,
,10115,,6.16748047832516e-06,,,,
,10116,,6.77907246426912e-06,,,,
,10117,,6.77907246426912e-06,,,,
,10118,,0.0011067937593907118,,,,
,10119,,0.0010716842953115702,,,,
,10120,,0.0010716842953115702,,,,
,10121,,2.9431961593218148e-05,,,,
,10122,,3.5447948903311044e-05,,,,
,10123,,3.5447948903311044e-05,,,,
,10124,,0.15151599049568176,,,,
,10125,,2.2033143977751024e-05,,,,
,10126,,2.160893563996069e-05,,,,
,10127,,2.160893563996069e-05,,,,
,10128,,1.4427936548599973e-05,,,,
,10129,,1.6329797290381975e-05,,,,
,10130,,1.6329797290381975e-05,,,,
,10131,,1.800382415240165e-05,,,,
,10132,,1.898774462461006e-05,,,,
,10133,,1.898774462461006e-05,,,,
,10134,,1.9955899915657938e-05,,,,
,10135,,2.45860264840303e-05,,,,
,10136,,2.45860264840303e-05,,,,
,10137,,2.5675637516542338e-05,,,,
,10138,,2.6992009225068614e-05,,,,
,10139,,2.6992009225068614e-05,,,,
,10140,,0.0005224363412708044,,,,
,10141,,2.7130532544106245e-05,,,,
,10142,,2.7130532544106245e-05,,,,
,10143,,2.7130532544106245e-05,,,,
,10144,,1.5143720702326391e-05,,,,
,10145,,1.6174346455954947e-05,,,,
,10146,,1.6174346455954947e-05,,,,
,10147,,1.5868039554334246e-05,,,,
,10148,,1.7599133570911363e-05,,,,
,10149,,1.7599133570911363e-05,,,,
,10150,,1.8928272766061127e-05,,,,
,10151,,2.2520227503264323e-05,,,,
,10152,,2.2520227503264323e-05,,,,
,10153,,1.662945760472212e-05,,,,
,10154,,1.868439903773833e-05,,,,
,10155,,1.868439903773833e-05,,,,
,10156,,0.00014632570673711598,,,,
,10157,,1.7725167708704248e-05,,,,
,10158,,1.697659354249481e-05,,,,
,10159,,1.697659354249481e-05,,,,
,10160,,2.0851819499512203e-05,,,,
,10161,,2.3773911379976198e-05,,,,
,10162,,2.3773911379976198e-05,,,,
,10163,,1.5603043721057475e-05,,,,
,10164,,1.774951488187071e-05,,,,
,10165,,3.7649257137672976e-05,,,,
,10166,,1.774951488187071e-05,,,,
,10167,,1.2753816008626018e-05,,,,
,10168,,1.517739838163834e-05,,,,
,10169,,1.517739838163834e-05,,,,
,10170,,0.015212273225188255,,,,
,10171,,0.01055565383285284,,,,
,10172,,0.01055565383285284,,,,
,10173,,1.753175638441462e-05,,,,
,10174,,1.753175638441462e-05,,,,
,10175,,1.753175638441462e-05,,,,
,10176,,3.432762605370954e-05,,,,
,10177,,1.884825360320974e-05,,,,
,10178,,1.884825360320974e-05,,,,
,10179,,2.0392059013829567e-05,,,,
,10180,,1.876514761534054e-05,,,,
,10181,,1.876514761534054e-05,,,,
,10182,,2.0938978195772506e-05,,,,
,10183,,8.152908412739635e-05,,,,
,10184,,2.45261089730775e-05,,,,
,10185,,2.45261089730775e-05,,,,
,10186,,1.5748901205370203e-05,,,,
,10187,,1.714128302410245e-05,,,,
,10188,,1.714128302410245e-05,,,,
,10189,,2.227200093329884e-05,,,,
,10190,,0.4161455035209656,,,,
,10191,,1.885778874566313e-05,,,,
,10192,,1.885778874566313e-05,,,,
,10193,,2.1256111722323112e-05,,,,
,10194,,2.222017792519182e-05,,,,
,10195,,2.222017792519182e-05,,,,
,10196,,2.1704219761886634e-05,,,,
,10197,,1.8402442947262898e-05,,,,
,10198,,1.8402442947262898e-05,,,,
,10199,,1.5468887795577757e-05,,,,
,10200,,3.342455602250993e-05,,,,
,10201,,1.69705854204949e-05,,,,
,10202,,1.69705854204949e-05,,,,
,10203,,2.046117151621729e-05,,,,
,10204,,2.1244302843115292e-05,,,,
,10205,,2.1244302843115292e-05,,,,
,10206,,1.6893885913304985e-05,,,,
,10207,,1.6893885913304985e-05,,,,
,10208,,1.6893885913304985e-05,,,,
,10209,,1.5529200027231127e-05,,,,
,10210,,6.631125143030658e-05,,,,
,10211,,1.5749019439681433e-05,,,,
,10212,,1.5749019439681433e-05,,,,
,10213,,2.044803295575548e-05,,,,
,10214,,1.8930229998659343e-05,,,,
,10215,,1.8930229998659343e-05,,,,
,10216,,1.832712587201968e-05,,,,
,10217,,2.0387375116115436e-05,,,,
,10218,,2.0387375116115436e-05,,,,
,10219,,1.9795383195742033e-05,,,,
,10220,,2.201017014158424e-05,,,,
,10221,,2.201017014158424e-05,,,,
,10222,,0.02730366215109825,,,,
,10223,,0.023279700428247452,,,,
,10224,,0.023279700428247452,,,,
,10225,,1.3361354831431527e-05,,,,
,10226,,0.00033016822999343276,,,,
,10227,,1.1806557267846074e-05,,,,
,10228,,1.1806557267846074e-05,,,,
,10229,,1.0291375474480446e-05,,,,
,10230,,7.292255759239197e-06,,,,
,10231,,7.292255759239197e-06,,,,
,10232,,9.427564691577572e-06,,,,
,10233,,1.2346225048531778e-05,,,,
,10234,,1.2346225048531778e-05,,,,
,10235,,1.0569567166385241e-05,,,,
,10236,,9.133444109465927e-06,,,,
,10237,,9.133444109465927e-06,,,,
,10238,,6.924219633219764e-06,,,,
,10239,,6.924219633219764e-06,,,,
,10240,,6.924219633219764e-06,,,,
,10241,,1.2749039342452306e-05,,,,
,10242,,1.1531647942319978e-05,,,,
,10243,,1.1531647942319978e-05,,,,
,10244,,4.4824875658378005e-05,,,,
,10245,,1.0660553016350605e-05,,,,
,10246,,9.815930752665736e-06,,,,
,10247,,9.815930752665736e-06,,,,
,10248,,1.1403897588024847e-05,,,,
,10249,,1.3992290405440144e-05,,,,
,10250,,1.3992290405440144e-05,,,,
,10251,,5.7011038734344766e-06,,,,
,10252,,2.378557837801054e-05,,,,
,10253,,6.210031187947607e-06,,,,
,10254,,6.210031187947607e-06,,,,
,10255,,8.083220564003568e-06,,,,
,10256,,7.556518085038988e-06,,,,
,10257,,7.556518085038988e-06,,,,
,10258,,7.655039553355891e-06,,,,
,10259,,7.629167612321908e-06,,,,
,10260,,7.629167612321908e-06,,,,
,10261,,6.68681104798452e-06,,,,
,10262,,6.157226835057372e-06,,,,
,10263,,6.157226835057372e-06,,,,
,10264,,6.830951406300301e-06,,,,
,10265,,8.395424629270565e-06,,,,
,10266,,8.395424629270565e-06,,,,
,10267,,6.613070127059473e-06,,,,
,10268,,3.196290344931185e-05,,,,
,10269,,7.782440661685541e-06,,,,
,10270,,7.782440661685541e-06,,,,
,10271,,7.857193850213662e-06,,,,
,10272,,7.857193850213662e-06,,,,
,10273,,7.857193850213662e-06,,,,
,10274,,0.01359512284398079,,,,
,10275,,0.0022808024659752846,,,,
,10276,,0.0022808024659752846,,,,
,10277,,1.3137748283043038e-05,,,,
,10278,,1.325713765254477e-05,,,,
,10279,,1.325713765254477e-05,,,,
,10280,,1.1710066246450879e-05,,,,
,10281,,1.3594401025329717e-05,,,,
,10282,,1.3594401025329717e-05,,,,
,10283,,1.05155286291847e-05,,,,
,10284,,1.2447928384062834e-05,,,,
,10285,,1.2447928384062834e-05,,,,
,10286,,7.3339961090823635e-06,,,,
,10287,,3.82669604732655e-05,,,,
,10288,,6.602946086786687e-06,,,,
,10289,,6.602946086786687e-06,,,,
,10290,,8.121278369799256e-06,,,,
,10291,,8.893528502085246e-06,,,,
,10292,,8.893528502085246e-06,,,,
,10293,,1.1976911082456354e-05,,,,
,10294,,4.7336445277323946e-05,,,,
,10295,,1.0147722605324816e-05,,,,
,10296,,1.0147722605324816e-05,,,,
,10297,,1.5080321645655204e-05,,,,
,10298,,1.7010412193485536e-05,,,,
,10299,,1.7010412193485536e-05,,,,
,10300,,1.3702244359592441e-05,,,,
,10301,,1.482045445300173e-05,,,,
,10302,,1.482045445300173e-05,,,,
,10303,,9.297565156884957e-06,,,,
,10304,,9.297565156884957e-06,,,,
,10305,,9.297565156884957e-06,,,,
,10306,,9.382889402331784e-06,,,,
,10307,,9.4946781246108e-06,,,,
,10308,,9.4946781246108e-06,,,,
,10309,,7.613373327330919e-06,,,,
,10310,,7.3024862103920896e-06,,,,
,10311,,7.3024862103920896e-06,,,,
,10312,,1.2050371879013255e-05,,,,
,10313,,3.162157372571528e-05,,,,
,10314,,1.304927900491748e-05,,,,
,10315,,1.304927900491748e-05,,,,
,10316,,1.1334032933518756e-05,,,,
,10317,,1.2493071153585333e-05,,,,
,10318,,1.2493071153585333e-05,,,,
,10319,,1.1312721653666813e-05,,,,
,10320,,1.0427424967929255e-05,,,,
,10321,,1.0427424967929255e-05,,,,
,10322,,8.805292964098044e-06,,,,
,10323,,9.256238627131097e-06,,,,
,10324,,9.256238627131097e-06,,,,
,10325,,0.021842364221811295,,,,
,10326,,0.004306526388972998,,,,
,10327,,0.004306526388972998,,,,
,10328,,1.879614865174517e-05,,,,
,10329,,2.937877070507966e-05,,,,
,10330,,2.3861401132307947e-05,,,,
,10331,,2.3861401132307947e-05,,,,
,10332,,2.3649916329304688e-05,,,,
,10333,,2.4677096007508226e-05,,,,
,10334,,2.4677096007508226e-05,,,,
,10335,,1.717396662570536e-05,,,,
,10336,,1.717396662570536e-05,,,,
,10337,,1.717396662570536e-05,,,,
,10338,,1.2362716915959027e-05,,,,
,10339,,1.1904488019354176e-05,,,,
,10340,,1.1904488019354176e-05,,,,
,10341,,1.623076241230592e-05,,,,
,10342,,1.5220566638163291e-05,,,,
,10343,,1.5220566638163291e-05,,,,
,10344,,2.1936721168458462e-05,,,,
,10345,,2.4887929612305015e-05,,,,
,10346,,2.4887929612305015e-05,,,,
,10347,,1.8494713003747165e-05,,,,
,10373,25,,0.0018861022545024753,,,
,10373,25,,,0.012867766432464123,0.9370276927947998,0.9370276927947998
0.00045008125016465783,10374,26,,,,,
2.4249447960755788e-05,10375,26,,,,,
0.00023719431192148477,10376,26,,,,,
0.0003378538822289556,10377,26,,,,,
0.00016624463023617864,10378,26,,,,,
0.0002138874988304451,10379,26,,,,,
0.0018369117751717567,10380,26,,,,,
0.00042119063436985016,10381,26,,,,,
0.0002333156589884311,10382,26,,,,,
0.06490480154752731,10383,26,,,,,
0.0016967176925390959,10384,26,,,,,
0.27601081132888794,10385,26,,,,,
0.009618599899113178,10386,26,,,,,
0.012868220917880535,10387,26,,,,,
0.0009151348494924605,10388,26,,,,,
0.005911906249821186,10389,26,,,,,
0.00013360721641220152,10390,26,,,,,
0.003446703078225255,10391,26,,,,,
0.005771283060312271,10392,26,,,,,
0.02118891291320324,10393,26,,,,,
0.046250782907009125,10394,26,,,,,
0.0004565143317449838,10395,26,,,,,
0.00470029516145587,10396,26,,,,,
0.000598794489633292,10397,26,,,,,
0.10639086365699768,10398,26,,,,,
0.0026378598995506763,10399,26,,,,,
0.0027487564366310835,10400,26,,,,,
0.007595194038003683,10401,26,,,,,
0.003117697313427925,10402,26,,,,,
0.08199585974216461,10403,26,,,,,
0.0041831182315945625,10404,26,,,,,
0.004399572499096394,10405,26,,,,,
0.0008233948610723019,10406,26,,,,,
0.000321330560836941,10407,26,,,,,
0.004341318737715483,10408,26,,,,,
0.0018212569411844015,10409,26,,,,,
0.0008955606608651578,10410,26,,,,,
0.00015387599705718458,10411,26,,,,,
0.018594983965158463,10412,26,,,,,
0.0006322020781226456,10413,26,,,,,
0.026215288788080215,10414,26,,,,,
0.0026060298550873995,10415,26,,,,,
0.00048285123193636537,10416,26,,,,,
0.01567305251955986,10417,26,,,,,
0.0013655635993927717,10418,26,,,,,
0.005146946758031845,10419,26,,,,,
0.0003278703079558909,10420,26,,,,,
0.00019820660236291587,10421,26,,,,,
0.0012554955901578069,10422,26,,,,,
3.1229457817971706e-05,10423,26,,,,,
0.0002633395488373935,10424,26,,,,,
0.0005022712866775692,10425,26,,,,,
0.005568400491029024,10426,26,,,,,
0.001722774701192975,10427,26,,,,,
0.011974206194281578,10428,26,,,,,
0.00019784510368481278,10429,26,,,,,
6.514427514048293e-05,10430,26,,,,,
0.00010140898666577414,10431,26,,,,,
0.010940156877040863,10432,26,,,,,
0.0001858482719399035,10433,26,,,,,
0.002018950181081891,10434,26,,,,,
8.491265907650813e-05,10435,26,,,,,
9.401251008966938e-05,10436,26,,,,,
0.037038654088974,10437,26,,,,,
0.0007662439020350575,10438,26,,,,,
0.0006904698093421757,10439,26,,,,,
0.00040100800106301904,10440,26,,,,,
0.011117731221020222,10441,26,,,,,
9.584980580257252e-05,10442,26,,,,,
1.9599314327933826e-05,10443,26,,,,,
7.659102993784472e-05,10444,26,,,,,
0.0006095406715758145,10445,26,,,,,
0.014489645138382912,10446,26,,,,,
0.004219170194119215,10447,26,,,,,
0.00020589907944668084,10448,26,,,,,
1.2851442079409026e-05,10449,26,,,,,
7.400846516247839e-05,10450,26,,,,,
0.00012900211731903255,10451,26,,,,,
6.623833178309724e-05,10452,26,,,,,
0.004660692065954208,10453,26,,,,,
4.997057840228081e-05,10454,26,,,,,
3.555417788447812e-05,10455,26,,,,,
0.016513215377926826,10456,26,,,,,
0.0037823435850441456,10457,26,,,,,
2.042898086074274e-05,10458,26,,,,,
1.4485715837508906e-05,10459,26,,,,,
0.0002749393170233816,10460,26,,,,,
0.0007645590812899172,10461,26,,,,,
0.0002186065976275131,10462,26,,,,,
0.0005536035168915987,10463,26,,,,,
2.0227074855938554e-05,10464,26,,,,,
0.00043513087439350784,10465,26,,,,,
3.653216117527336e-05,10466,26,,,,,
0.0012893755920231342,10467,26,,,,,
9.239728387910873e-05,10468,26,,,,,
0.0001565582351759076,10469,26,,,,,
5.7714070862857625e-05,10470,26,,,,,
0.00042289504199288785,10471,26,,,,,
0.001381215755827725,10472,26,,,,,
0.00022274094226304442,10473,26,,,,,
3.0354331101989374e-05,10474,26,,,,,
4.730755608761683e-05,10475,26,,,,,
0.00010345135524403304,10476,26,,,,,
0.0007119168876670301,10477,26,,,,,
6.880022556288168e-05,10478,26,,,,,
0.003124535083770752,10479,26,,,,,
1.5350555258919485e-05,10480,26,,,,,
0.0005737895262427628,10481,26,,,,,
0.00012204425729578361,10482,26,,,,,
2.8347345505608246e-05,10483,26,,,,,
0.00011164299212396145,10484,26,,,,,
8.32436271593906e-05,10485,26,,,,,
5.517625140782911e-06,10486,26,,,,,
0.0005416176281869411,10487,26,,,,,
9.433099330635741e-05,10488,26,,,,,
0.000767609104514122,10489,26,,,,,
0.005395499523729086,10490,26,,,,,
6.958537414902821e-05,10491,26,,,,,
4.053429438499734e-05,10492,26,,,,,
0.00011991921928711236,10493,26,,,,,
0.004780625458806753,10494,26,,,,,
0.00010108297283295542,10495,26,,,,,
4.550505036604591e-05,10496,26,,,,,
0.000573899713344872,10497,26,,,,,
0.00015137971786316484,10498,26,,,,,
2.509778096282389e-05,10499,26,,,,,
7.833202107576653e-05,10500,26,,,,,
9.691264858702198e-05,10501,26,,,,,
0.00014743799692951143,10502,26,,,,,
1.3407872756943107e-05,10503,26,,,,,
3.087728691753e-05,10504,26,,,,,
0.00024934179964475334,10505,26,,,,,
0.000738802831619978,10506,26,,,,,
5.057797898189165e-05,10507,26,,,,,
2.574190693849232e-05,10508,26,,,,,
2.9867862394894473e-05,10509,26,,,,,
0.001332107582129538,10510,26,,,,,
0.00023497521760873497,10511,26,,,,,
0.00029242559685371816,10512,26,,,,,
0.00026439709472469985,10513,26,,,,,
3.288555672043003e-05,10514,26,,,,,
4.72110477858223e-05,10515,26,,,,,
0.00012113883713027462,10516,26,,,,,
0.00017344593652524054,10517,26,,,,,
0.00021893835219088942,10518,26,,,,,
0.00016885182412806898,10519,26,,,,,
0.008600777946412563,10520,26,,,,,
7.71156046539545e-05,10521,26,,,,,
0.0002976920222863555,10522,26,,,,,
0.2338678538799286,10523,26,,,,,
6.71072120894678e-05,10524,26,,,,,
0.00017824753012973815,10525,26,,,,,
0.0003099215682595968,10526,26,,,,,
0.00016760996368248016,10527,26,,,,,
0.00301172467879951,10528,26,,,,,
0.0034148204140365124,10529,26,,,,,
0.13438217341899872,10530,26,,,,,
0.15041689574718475,10531,26,,,,,
0.00023871331359259784,10532,26,,,,,
0.0006388247711583972,10533,26,,,,,
0.0011836873600259423,10534,26,,,,,
0.00022503484797198325,10535,26,,,,,
8.949649054557085e-05,10536,26,,,,,
0.0037130515556782484,10537,26,,,,,
6.0021633544238284e-05,10538,26,,,,,
0.002329601440578699,10539,26,,,,,
0.002171701518818736,10540,26,,,,,
0.0007761049782857299,10541,26,,,,,
0.00010415164433652535,10542,26,,,,,
0.0002032526972470805,10543,26,,,,,
6.419949932023883e-05,10544,26,,,,,
0.00012443508603610098,10545,26,,,,,
0.0002148693602066487,10546,26,,,,,
0.0008203746983781457,10547,26,,,,,
6.027724884916097e-05,10548,26,,,,,
7.652374915778637e-05,10549,26,,,,,
0.0016000437317416072,10550,26,,,,,
0.00012380993575789034,10551,26,,,,,
0.0023200877476483583,10552,26,,,,,
0.00015839756815694273,10553,26,,,,,
0.0006356384255923331,10554,26,,,,,
0.0006851524813100696,10555,26,,,,,
0.0019193484913557768,10556,26,,,,,
7.503767119487748e-05,10557,26,,,,,
0.007015842944383621,10558,26,,,,,
0.002008739858865738,10559,26,,,,,
3.394720988580957e-05,10560,26,,,,,
0.00024114469124469906,10561,26,,,,,
0.0004506086988840252,10562,26,,,,,
0.00018666665710043162,10563,26,,,,,
0.0017501069232821465,10564,26,,,,,
0.00039667324745096266,10565,26,,,,,
0.009737452492117882,10566,26,,,,,
0.0010838686721399426,10567,26,,,,,
0.00033845327561721206,10568,26,,,,,
0.0003089277888648212,10569,26,,,,,
0.0011269099777564406,10570,26,,,,,
0.006712250877171755,10571,26,,,,,
0.0004367200017441064,10572,26,,,,,
0.004773401189595461,10573,26,,,,,
0.0004890922573395073,10574,26,,,,,
0.00017026560090016574,10575,26,,,,,
0.00019842629262711853,10576,26,,,,,
4.570922101265751e-05,10577,26,,,,,
0.0021395781077444553,10578,26,,,,,
0.0024449187330901623,10579,26,,,,,
0.0016274253139272332,10580,26,,,,,
0.0002019883831962943,10581,26,,,,,
0.00055709108710289,10582,26,,,,,
6.097323421272449e-05,10583,26,,,,,
0.0002526417374610901,10584,26,,,,,
0.00012586661614477634,10585,26,,,,,
0.000839739223010838,10586,26,,,,,
0.0008667871588841081,10587,26,,,,,
0.0006621372886002064,10588,26,,,,,
0.004599316045641899,10589,26,,,,,
0.0001023024960886687,10590,26,,,,,
0.17900210618972778,10591,26,,,,,
0.00013683352153748274,10592,26,,,,,
0.00034618008066900074,10593,26,,,,,
6.0111171478638425e-05,10594,26,,,,,
0.00012785608123522252,10595,26,,,,,
7.267106411745772e-05,10596,26,,,,,
0.0007054295274429023,10597,26,,,,,
4.502043157117441e-05,10598,26,,,,,
0.0005030687316320837,10599,26,,,,,
4.371453542262316e-05,10600,26,,,,,
9.128569945460185e-05,10601,26,,,,,
0.0001700987049844116,10602,26,,,,,
0.009905633516609669,10603,26,,,,,
0.00018950935918837786,10604,26,,,,,
3.596504029701464e-05,10605,26,,,,,
0.0005221869214437902,10606,26,,,,,
0.014149756170809269,10607,26,,,,,
4.5356922782957554e-05,10608,26,,,,,
0.026304516941308975,10609,26,,,,,
0.0016784514300525188,10610,26,,,,,
4.002513742307201e-05,10611,26,,,,,
0.0004078613710589707,10612,26,,,,,
0.0008501625270582736,10613,26,,,,,
0.0007019740296527743,10614,26,,,,,
0.00014265590289141983,10615,26,,,,,
0.00011157710832776502,10616,26,,,,,
0.0003360061382409185,10617,26,,,,,
0.00044767098734155297,10618,26,,,,,
0.01103000994771719,10619,26,,,,,
0.000652598449960351,10620,26,,,,,
0.0003699839289765805,10621,26,,,,,
0.0018957328284159303,10622,26,,,,,
3.96329014620278e-05,10623,26,,,,,
5.239894744590856e-05,10624,26,,,,,
9.419733396498486e-05,10625,26,,,,,
0.0012688649585470557,10626,26,,,,,
0.001287827268242836,10627,26,,,,,
6.749056046828628e-05,10628,26,,,,,
0.00011189519136678427,10629,26,,,,,
4.1641957068350166e-05,10630,26,,,,,
0.008823496289551258,10631,26,,,,,
0.10064606368541718,10632,26,,,,,
1.6734264136175625e-05,10633,26,,,,,
2.9504779377020895e-05,10634,26,,,,,
0.003051001811400056,10635,26,,,,,
6.934602424735203e-05,10636,26,,,,,
7.762113818898797e-05,10637,26,,,,,
0.00013649884203914553,10638,26,,,,,
0.00044296824489720166,10639,26,,,,,
0.00022151655866764486,10640,26,,,,,
0.002013258868828416,10641,26,,,,,
0.00011486898438306525,10642,26,,,,,
0.0002811444574035704,10643,26,,,,,
0.00044237938709557056,10644,26,,,,,
0.000158549242769368,10645,26,,,,,
0.0008273355197161436,10646,26,,,,,
0.036795295774936676,10647,26,,,,,
0.003378077642992139,10648,26,,,,,
0.0003196147736161947,10649,26,,,,,
0.0005924658034928143,10650,26,,,,,
0.00026871898444369435,10651,26,,,,,
6.11201103311032e-05,10652,26,,,,,
0.000543464906513691,10653,26,,,,,
4.449916377780028e-05,10654,26,,,,,
0.00029263057513162494,10655,26,,,,,
0.0001809008390409872,10656,26,,,,,
0.0006986494408920407,10657,26,,,,,
0.00014012200699653476,10658,26,,,,,
3.495277633192018e-05,10659,26,,,,,
7.64828291721642e-05,10660,26,,,,,
3.320940231787972e-05,10661,26,,,,,
0.0002617795253172517,10662,26,,,,,
0.00025982866645790637,10663,26,,,,,
0.000163669406902045,10664,26,,,,,
9.999674512073398e-05,10665,26,,,,,
0.005007021129131317,10666,26,,,,,
0.003611121792346239,10667,26,,,,,
0.0005590944201685488,10668,26,,,,,
0.00018959309090860188,10669,26,,,,,
5.061760384705849e-05,10670,26,,,,,
0.0005446606082841754,10671,26,,,,,
0.0002663134946487844,10672,26,,,,,
0.0010370848467573524,10673,26,,,,,
0.00010176016803598031,10674,26,,,,,
2.838532964233309e-05,10675,26,,,,,
2.9983646527398378e-05,10676,26,,,,,
0.020194832235574722,10677,26,,,,,
4.133136462769471e-05,10678,26,,,,,
0.0001927452249219641,10679,26,,,,,
5.133552258484997e-05,10680,26,,,,,
4.8275262088282034e-05,10681,26,,,,,
3.6210785765433684e-05,10682,26,,,,,
0.00027715027681551874,10683,26,,,,,
2.5146686311927624e-05,10684,26,,,,,
0.00018314678163733333,10685,26,,,,,
0.0005470369942486286,10686,26,,,,,
0.00013091029541101307,10687,26,,,,,
0.0006083509069867432,10688,26,,,,,
7.68360187066719e-05,10689,26,,,,,
0.00012396695092320442,10690,26,,,,,
1.9118922864436172e-05,10691,26,,,,,
1.100101690099109e-05,10692,26,,,,,
1.0562721399764996e-05,10693,26,,,,,
0.00012009788042632863,10694,26,,,,,
5.898651579627767e-05,10695,26,,,,,
0.00024548452347517014,10696,26,,,,,
7.339502917602658e-05,10697,26,,,,,
7.003826613072306e-05,10698,26,,,,,
3.2262039894703776e-05,10699,26,,,,,
7.620432006660849e-05,10700,26,,,,,
1.629501457500737e-05,10701,26,,,,,
0.1073056161403656,10702,26,,,,,
0.0005518324906006455,10703,26,,,,,
0.0062759192660450935,10704,26,,,,,
0.0077646831050515175,10705,26,,,,,
0.00028609673609025776,10706,26,,,,,
6.866071635158733e-05,10707,26,,,,,
0.0005348733393475413,10708,26,,,,,
0.0002733162837103009,10709,26,,,,,
0.0002016997168539092,10710,26,,,,,
4.005409573437646e-05,10711,26,,,,,
4.62059979327023e-05,10712,26,,,,,
2.7140129532199353e-05,10713,26,,,,,
1.4159602869767696e-05,10714,26,,,,,
1.7755741282599047e-05,10715,26,,,,,
4.141571844229475e-05,10716,26,,,,,
0.00041098843212239444,10717,26,,,,,
7.871460547903553e-05,10718,26,,,,,
0.002461385680362582,10719,26,,,,,
0.002448128070682287,10720,26,,,,,
4.266734322300181e-05,10721,26,,,,,
0.00034825524198822677,10722,26,,,,,
6.753383058821782e-05,10723,26,,,,,
9.684093674877658e-05,10724,26,,,,,
1.5833318684599362e-05,10725,26,,,,,
0.0001835011935327202,10726,26,,,,,
4.36963455285877e-05,10727,26,,,,,
0.00011079162504756823,10728,26,,,,,
0.00035363741335459054,10729,26,,,,,
0.00098379363771528,10730,26,,,,,
3.052936153835617e-05,10731,26,,,,,
0.00020165109890513122,10732,26,,,,,
7.841608749004081e-05,10733,26,,,,,
0.0011519471881911159,10734,26,,,,,
1.6734924429329112e-05,10735,26,,,,,
0.00043782737338915467,10736,26,,,,,
2.9898516004323028e-05,10737,26,,,,,
2.2852955225971527e-05,10738,26,,,,,
0.00013593988842330873,10739,26,,,,,
4.6618293708888814e-05,10740,26,,,,,
1.8460445062373765e-05,10741,26,,,,,
5.9320715081412345e-05,10742,26,,,,,
0.0001519401848781854,10743,26,,,,,
0.00011537718819454312,10744,26,,,,,
0.0004135661292821169,10745,26,,,,,
0.0018618765752762556,10746,26,,,,,
6.478310388047248e-05,10747,26,,,,,
9.044625039678067e-05,10748,26,,,,,
0.0001991604221984744,10749,26,,,,,
3.268859290983528e-05,10750,26,,,,,
2.3859249267843552e-05,10751,26,,,,,
0.0005132446531206369,10752,26,,,,,
0.00016030990809667856,10753,26,,,,,
0.0008981825085356832,10754,26,,,,,
7.770922820782289e-05,10755,26,,,,,
9.795580808713567e-06,10756,26,,,,,
0.00010914196172961965,10757,26,,,,,
0.000245613104198128,10758,26,,,,,
0.0001125299240811728,10759,26,,,,,
0.00010518376802792773,10760,26,,,,,
3.73913899238687e-05,10761,26,,,,,
0.00010587097494862974,10762,26,,,,,
2.4599998141638935e-05,10763,26,,,,,
2.499560287105851e-05,10764,26,,,,,
1.1375463145668618e-05,10765,26,,,,,
6.499399205495138e-06,10766,26,,,,,
8.540390263078734e-05,10767,26,,,,,
0.00022076455934438854,10768,26,,,,,
0.002545332070440054,10769,26,,,,,
1.252787023986457e-05,10770,26,,,,,
0.00647479435428977,10771,26,,,,,
0.00011478940723463893,10772,26,,,,,
,10348,,3.1221429708239157e-07,,,,
,10349,,5.648192654916784e-06,,,,
,10350,,9.070244573194941e-07,,,,
,10351,,9.070244573194941e-07,,,,
,10352,,6.997046284595854e-07,,,,
,10353,,1.0158673831028864e-06,,,,
,10354,,1.0158673831028864e-06,,,,
,10355,,3.349209123371111e-07,,,,
,10356,,4.825129735763767e-07,,,,
,10357,,4.825129735763767e-07,,,,
,10358,,6.426917593671533e-07,,,,
,10359,,5.790152499685064e-07,,,,
,10360,,5.790152499685064e-07,,,,
,10361,,7.892830763012171e-05,,,,
,10362,,6.813363870605826e-05,,,,
,10363,,6.813363870605826e-05,,,,
,10364,,9.525738278171048e-06,,,,
,10365,,6.66426512907492e-06,,,,
,10366,,1.1536474630702287e-05,,,,
,10367,,1.1536474630702287e-05,,,,
,10368,,6.42564782538102e-06,,,,
,10369,,1.2831584172090515e-05,,,,
,10370,,1.2831584172090515e-05,,,,
,10371,,1.5059526958793867e-05,,,,
,10372,,1.7952075722860172e-05,,,,
,10373,,1.7952075722860172e-05,,,,
,10374,,5.454995516629424e-06,,,,
,10375,,6.488031885965029e-06,,,,
,10376,,6.488031885965029e-06,,,,
,10377,,8.649663868709467e-06,,,,
,10378,,8.649663868709467e-06,,,,
,10379,,8.649663868709467e-06,,,,
,10380,,9.139340022557008e-07,,,,
,10381,,6.431528163375333e-06,,,,
,10382,,1.9021506432181923e-06,,,,
,10383,,1.9021506432181923e-06,,,,
,10384,,8.540831004211213e-06,,,,
,10385,,1.1815842299256474e-05,,,,
,10386,,1.1815842299256474e-05,,,,
,10387,,4.3708337216230575e-06,,,,
,10388,,8.241839168476872e-06,,,,
,10389,,8.241839168476872e-06,,,,
,10390,,9.981424227589741e-06,,,,
,10391,,9.320200661022682e-06,,,,
,10392,,1.0433373972773552e-05,,,,
,10393,,9.320200661022682e-06,,,,
,10394,,5.4152164921106305e-06,,,,
,10395,,8.188465471903328e-06,,,,
,10396,,8.188465471903328e-06,,,,
,10397,,5.77355012865155e-06,,,,
,10398,,7.727335287199821e-06,,,,
,10399,,7.727335287199821e-06,,,,
,10400,,4.4616340346692596e-06,,,,
,10401,,9.473655154579319e-06,,,,
,10402,,9.473655154579319e-06,,,,
,10403,,8.841388989822008e-06,,,,
,10404,,9.51879337662831e-06,,,,
,10405,,9.51879337662831e-06,,,,
,10406,,3.859965090668993e-06,,,,
,10407,,5.239274287305307e-06,,,,
,10408,,3.508113422867609e-06,,,,
,10409,,5.239274287305307e-06,,,,
,10410,,4.866622475674376e-06,,,,
,10411,,4.866622475674376e-06,,,,
,10412,,4.866622475674376e-06,,,,
,10413,,9.446299372939393e-05,,,,
,10414,,5.342632721294649e-05,,,,
,10415,,5.342632721294649e-05,,,,
,10416,,3.2807856769068167e-06,,,,
,10417,,4.892628567176871e-06,,,,
,10418,,4.892628567176871e-06,,,,
,10419,,8.231104402511846e-07,,,,
,10420,,1.2375027154121199e-06,,,,
,10421,,1.2375027154121199e-06,,,,
,10422,,1.1817229506050353e-06,,,,
,10423,,1.3680639767699176e-06,,,,
,10424,,1.3680639767699176e-06,,,,
,10425,,3.6954438655811828e-06,,,,
,10426,,5.33602985797188e-07,,,,
,10427,,6.841564186288451e-07,,,,
,10428,,6.841564186288451e-07,,,,
,10429,,8.396456792070239e-07,,,,
,10430,,1.2335525525486446e-06,,,,
,10431,,1.2335525525486446e-06,,,,
,10432,,5.392795401348849e-07,,,,
,10433,,3.059668642890756e-06,,,,
,10434,,1.363128149023396e-06,,,,
,10435,,1.363128149023396e-06,,,,
,10436,,5.39032441793097e-07,,,,
,10437,,5.619858711725101e-07,,,,
,10438,,5.619858711725101e-07,,,,
,10439,,7.947264180074853e-07,,,,
,10440,,1.3510336884792196e-06,,,,
,10441,,1.3510336884792196e-06,,,,
,10442,,1.777753709575336e-06,,,,
,10443,,1.777753709575336e-06,,,,
,10444,,1.777753709575336e-06,,,,
,10445,,5.44955582881812e-07,,,,
,10446,,1.4719691989739658e-06,,,,
,10447,,1.4719691989739658e-06,,,,
,10448,,8.707429515197873e-07,,,,
,10449,,1.430505790267489e-06,,,,
,10450,,1.430505790267489e-06,,,,
,10451,,3.9168688203972124e-07,,,,
,10452,,3.076696884818375e-06,,,,
,10453,,7.039002980491205e-07,,,,
,10454,,7.039002980491205e-07,,,,
,10455,,9.640360758567112e-07,,,,
,10456,,8.571686862524075e-07,,,,
,10457,,8.571686862524075e-07,,,,
,10458,,4.938661390951893e-07,,,,
,10459,,9.744031785885454e-07,,,,
,10460,,9.744031785885454e-07,,,,
,10461,,7.308026397367939e-07,,,,
,10462,,1.2024538591504097e-06,,,,
,10463,,1.2024538591504097e-06,,,,
,10464,,3.313484194222838e-05,,,,
,10465,,2.6179710403084755e-05,,,,
,10466,,2.6179710403084755e-05,,,,
,10467,,3.1304871299653314e-06,,,,
,10468,,2.6679856546252267e-06,,,,
,10469,,2.9801860819134163e-06,,,,
,10470,,2.9801860819134163e-06,,,,
,10471,,7.663437600058387e-07,,,,
,10472,,1.1126170420538983e-06,,,,
,10473,,1.1126170420538983e-06,,,,
,10474,,1.4305030617833836e-06,,,,
,10475,,1.4305030617833836e-06,,,,
,10476,,1.4305030617833836e-06,,,,
,10477,,4.3709296733140945e-06,,,,
,10478,,6.073985900911794e-07,,,,
,10479,,1.2024547686451115e-06,,,,
,10480,,1.2024547686451115e-06,,,,
,10481,,6.997050263635174e-07,,,,
,10482,,1.254285052709747e-06,,,,
,10483,,1.254285052709747e-06,,,,
,10484,,5.108960294819553e-07,,,,
,10485,,7.72020143813279e-07,,,,
,10486,,7.72020143813279e-07,,,,
,10487,,6.6860695824289e-07,,,,
,10488,,8.004029723451822e-07,,,,
,10489,,8.004029723451822e-07,,,,
,10490,,3.235679457702645e-07,,,,
,10491,,5.493985781868105e-07,,,,
,10492,,5.493985781868105e-07,,,,
,10493,,7.048881229820836e-07,,,,
,10494,,9.899525821310817e-07,,,,
,10495,,9.899525821310817e-07,,,,
,10496,,2.8780216325685615e-06,,,,
,10497,,5.449556397252309e-07,,,,
,10498,,1.4045916714167106e-06,,,,
,10499,,1.4045916714167106e-06,,,,
,10500,,6.997048558332608e-07,,,,
,10501,,5.279258630253025e-07,,,,
,10502,,5.279258630253025e-07,,,,
,10503,,3.1221429708239157e-07,,,,
,10504,,5.733386387873907e-07,,,,
,10505,,5.733386387873907e-07,,,,
,10506,,6.997047421464231e-07,,,,
,10507,,6.997047421464231e-07,,,,
,10508,,6.997047421464231e-07,,,,
,10509,,3.6330408192952746e-07,,,,
,10510,,1.0936117860183003e-06,,,,
,10511,,3.025612841156544e-06,,,,
,10512,,1.0936117860183003e-06,,,,
,10513,,6.530579526042857e-07,,,,
,10514,,1.0987954510710551e-06,,,,
,10515,,1.0987954510710551e-06,,,,
,10516,,8.044669812079519e-05,,,,
,10517,,6.221306830411777e-05,,,,
,10518,,6.221306830411777e-05,,,,
,10519,,9.463712558499537e-06,,,,
,10520,,1.08474841908901e-05,,,,
,10521,,1.08474841908901e-05,,,,
,10522,,0.0008382647065445781,,,,
,10523,,1.9016466694665723e-06,,,,
,10524,,2.2804927084507653e-06,,,,
,10525,,2.2804927084507653e-06,,,,
,10526,,2.5344556888740044e-06,,,,
,10527,,3.400001105546835e-06,,,,
,10528,,3.400001105546835e-06,,,,
,10529,,1.8619086858961964e-06,,,,
,10530,,2.788422079902375e-06,,,,
,10531,,2.788422079902375e-06,,,,
,10532,,2.9386969799816143e-06,,,,
,10533,,3.4229099128424423e-06,,,,
,10534,,3.4229099128424423e-06,,,,
,10535,,3.360459913892555e-06,,,,
,10536,,4.2005594877991825e-06,,,,
,10537,,4.2005594877991825e-06,,,,
,10538,,1.3907260836276691e-05,,,,
,10539,,5.3434014262165874e-06,,,,
,10540,,5.3434014262165874e-06,,,,
,10541,,5.3434014262165874e-06,,,,
,10542,,2.0322015643614577e-06,,,,
,10543,,2.9128027563274372e-06,,,,
,10544,,2.9128027563274372e-06,,,,
,10545,,2.6018199150712462e-06,,,,
,10546,,2.9179816465330077e-06,,,,
,10547,,2.9179816465330077e-06,,,,
,10548,,2.1514065338124055e-06,,,,
,10549,,2.8382551136019174e-06,,,,
,10550,,2.8382551136019174e-06,,,,
,10551,,2.1871971966902493e-06,,,,
,10552,,2.2819717742095236e-06,,,,
,10553,,2.2819717742095236e-06,,,,
,10554,,4.117330172448419e-05,,,,
,10555,,2.707682597247185e-06,,,,
,10556,,2.8661345368163893e-06,,,,
,10557,,2.8661345368163893e-06,,,,
,10558,,3.555431476343074e-06,,,,
,10559,,4.524603355093859e-06,,,,
,10560,,4.524603355093859e-06,,,,
,10561,,2.4465773549309233e-06,,,,
,10562,,3.3688822895783233e-06,,,,
,10563,,4.72292049380485e-06,,,,
,10564,,3.3688822895783233e-06,,,,
,10565,,2.0161648990324466e-06,,,,
,10566,,2.0038198726979317e-06,,,,
,10567,,2.0038198726979317e-06,,,,
,10568,,0.0012756490614265203,,,,
,10569,,0.0012746870052069426,,,,
,10570,,0.0012746870052069426,,,,
,10571,,3.534751385814161e-06,,,,
,10572,,3.534751385814161e-06,,,,
,10573,,3.534751385814161e-06,,,,
,10574,,3.224277861590963e-06,,,,
,10575,,3.514022409945028e-06,,,,
,10576,,3.514022409945028e-06,,,,
,10577,,3.379246663826052e-06,,,,
,10578,,3.97011262975866e-06,,,,
,10579,,3.97011262975866e-06,,,,
,10580,,2.6395864551886916e-06,,,,
,10581,,6.493913588201394e-06,,,,
,10582,,3.2923808248597197e-06,,,,
,10583,,3.2923808248597197e-06,,,,
,10584,,2.8920519525854615e-06,,,,
,10585,,2.5601202651159838e-06,,,,
,10586,,2.5601202651159838e-06,,,,
,10587,,3.973501407017466e-06,,,,
,10588,,0.1170157641172409,,,,
,10589,,4.084063675691141e-06,,,,
,10590,,4.084063675691141e-06,,,,
,10591,,4.4520133997139055e-06,,,,
,10592,,4.275836545275524e-06,,,,
,10593,,4.275836545275524e-06,,,,
,10594,,4.370828719402198e-06,,,,
,10595,,4.61270974483341e-06,,,,
,10596,,4.61270974483341e-06,,,,
,10597,,3.260022594986367e-06,,,,
,10598,,4.450424512469908e-06,,,,
,10599,,3.706724555740948e-06,,,,
,10600,,3.706724555740948e-06,,,,
,10601,,3.7237546166579705e-06,,,,
,10602,,3.667027840492665e-06,,,,
,10603,,3.667027840492665e-06,,,,
,10604,,3.146009930787841e-06,,,,
,10605,,3.146009930787841e-06,,,,
,10606,,3.146009930787841e-06,,,,
,10607,,2.2762842490919866e-06,,,,
,10608,,6.442852281907108e-06,,,,
,10609,,2.72622446573223e-06,,,,
,10610,,2.72622446573223e-06,,,,
,10611,,3.451783868513303e-06,,,,
,10612,,3.6902122246829094e-06,,,,
,10613,,3.6902122246829094e-06,,,,
,10614,,4.115407591598341e-06,,,,
,10615,,4.484371856960934e-06,,,,
,10616,,4.484371856960934e-06,,,,
,10617,,3.5347086395631777e-06,,,,
,10618,,2.9234090561658377e-06,,,,
,10619,,2.9234090561658377e-06,,,,
,10620,,0.009323028847575188,,,,
,10621,,0.009641333483159542,,,,
,10622,,0.009641333483159542,,,,
,10623,,2.6795951271196827e-06,,,,
,10624,,1.660899943090044e-05,,,,
,10625,,2.959477114927722e-06,,,,
,10626,,2.959477114927722e-06,,,,
,10627,,9.082574479180039e-07,,,,
,10628,,1.4875187162033399e-06,,,,
,10629,,1.4875187162033399e-06,,,,
,10630,,1.368308062410506e-06,,,,
,10631,,1.299941345678235e-06,,,,
,10632,,1.299941345678235e-06,,,,
,10633,,8.628442742519837e-07,,,,
,10634,,9.3664112910119e-07,,,,
,10635,,9.3664112910119e-07,,,,
,10636,,1.1609884040808538e-06,,,,
,10637,,1.1609884040808538e-06,,,,
,10638,,1.1609884040808538e-06,,,,
,10639,,1.3453491192194633e-06,,,,
,10640,,1.7725780026012217e-06,,,,
,10641,,1.7725780026012217e-06,,,,
,10642,,6.669777576462366e-06,,,,
,10643,,1.7259213791476213e-06,,,,
,10644,,1.969523964362452e-06,,,,
,10645,,1.969523964362452e-06,,,,
,10646,,1.0615231076371856e-06,,,,
,10647,,1.3510284588846844e-06,,,,
,10648,,1.3510284588846844e-06,,,,
,10649,,1.20763525046641e-06,,,,
,10650,,2.783228410407901e-06,,,,
,10651,,1.0955855032079853e-06,,,,
,10652,,1.0955855032079853e-06,,,,
,10653,,9.877287538984092e-07,,,,
,10654,,1.2594647387231817e-06,,,,
,10655,,1.2594647387231817e-06,,,,
,10656,,1.186902977678983e-06,,,,
,10657,,1.5082490563145257e-06,,,,
,10658,,1.5082490563145257e-06,,,,
,10659,,1.033139596984256e-06,,,,
,10660,,1.674103600635135e-06,,,,
,10661,,1.674103600635135e-06,,,,
,10662,,1.2594638292284799e-06,,,,
,10663,,1.2147897905379068e-06,,,,
,10664,,1.2147897905379068e-06,,,,
,10665,,1.0615235623845365e-06,,,,
,10666,,4.021980657853419e-06,,,,
,10667,,1.1920868701054133e-06,,,,
,10668,,1.1920868701054133e-06,,,,
,10669,,1.4045868965695263e-06,,,,
,10670,,1.4045868965695263e-06,,,,
,10671,,1.4045868965695263e-06,,,,
,10672,,0.0019116573967039585,,,,
,10673,,0.0012497871648520231,,,,
,10674,,0.0012497871648520231,,,,
,10675,,2.503363702999195e-06,,,,
,10676,,2.8920878776261816e-06,,,,
,10677,,2.8920878776261816e-06,,,,
,10678,,1.788115923773148e-06,,,,
,10679,,2.2422366328100907e-06,,,,
,10680,,2.2422366328100907e-06,,,,
,10681,,2.3375071123155067e-06,,,,
,10682,,2.2876536149851745e-06,,,,
,10683,,2.2876536149851745e-06,,,,
,10684,,1.0161114687434747e-06,,,,
,10685,,2.6150291887461208e-05,,,,
,10686,,1.2283670685064862e-06,,,,
,10687,,1.2283670685064862e-06,,,,
,10688,,1.5808028592800838e-06,,,,
,10689,,1.9228787095926236e-06,,,,
,10690,,1.9228787095926236e-06,,,,
,10691,,1.9981450805062195e-06,,,,
,10692,,1.110673383664107e-05,,,,
,10693,,2.3737909486953868e-06,,,,
,10694,,2.3737909486953868e-06,,,,
,10695,,3.332574806336197e-06,,,,
,10696,,3.7748370687040733e-06,,,,
,10697,,3.7748370687040733e-06,,,,
,10698,,2.7701300950866425e-06,,,,
,10699,,2.821234375005588e-06,,,,
,10700,,2.821234375005588e-06,,,,
,10701,,2.2286567400442436e-06,,,,
,10702,,2.2286567400442436e-06,,,,
,10703,,2.2286567400442436e-06,,,,
,10704,,1.4815847180216224e-06,,,,
,10705,,2.2027604700269876e-06,,,,
,10706,,2.2027604700269876e-06,,,,
,10707,,1.5134259001570172e-06,,,,
,10708,,1.8088584283759701e-06,,,,
,10709,,1.8088584283759701e-06,,,,
,10710,,2.565782324381871e-06,,,,
,10711,,3.021661768798367e-06,,,,
,10712,,3.1334295726992423e-06,,,,
,10713,,3.1334295726992423e-06,,,,
,10714,,2.0783552372449776e-06,,,,
,10715,,2.0889729057671502e-06,,,,
,10716,,2.0889729057671502e-06,,,,
,10717,,2.0038187358295545e-06,,,,
,10718,,2.2493936739920173e-06,,,,
,10719,,2.2493936739920173e-06,,,,
,10720,,1.8140341353500844e-06,,,,
,10721,,2.1146497601876035e-06,,,,
,10722,,2.1146497601876035e-06,,,,
,10723,,0.027958134189248085,,,,
,10724,,0.012055005878210068,,,,
,10725,,0.012055005878210068,,,,
,10726,,1.6792874930615653e-06,,,,
,10727,,4.217703008180251e-06,,,,
,10728,,1.578095634613419e-06,,,,
,10729,,1.578095634613419e-06,,,,
,10730,,5.165725269762333e-07,,,,
,10731,,8.514928708791558e-07,,,,
,10732,,8.514928708791558e-07,,,,
,10733,,1.8192198467659182e-06,,,,
,10734,,1.8192198467659182e-06,,,,
,10735,,1.8192198467659182e-06,,,,
,10736,,7.663419410164352e-07,,,,
,10737,,1.3786751651423401e-06,,,,
,10738,,1.3786751651423401e-06,,,,
,10739,,1.4097672647039872e-06,,,,
,10740,,1.8347716377320467e-06,,,,
,10741,,1.8347716377320467e-06,,,,
,10742,,1.0104334933203063e-06,,,,
,10743,,1.2715557886622264e-06,,,,
,10744,,1.2715557886622264e-06,,,,
,10745,,1.6429956986030447e-06,,,,
,10772,26,,0.0005242935148999095,,,
,10772,26,,,0.005301026161760092,0.9345088005065918,0.9345088005065918
2.9261858799145557e-05,10773,27,,,,,
1.0450447916809935e-05,10774,27,,,,,
4.626383997674566e-06,10775,27,,,,,
3.898291470250115e-05,10776,27,,,,,
4.370982878754148e-06,10777,27,,,,,
0.00014471577014774084,10778,27,,,,,
2.4648856197018176e-05,10779,27,,,,,
1.0700198799895588e-05,10780,27,,,,,
3.3548660667293007e-06,10781,27,,,,,
0.00018738443031907082,10782,27,,,,,
5.079398397356272e-05,10783,27,,,,,
7.624020327057224e-06,10784,27,,,,,
0.009721861220896244,10785,27,,,,,
1.2249900464667007e-05,10786,27,,,,,
0.0002060174592770636,10787,27,,,,,
0.00022218227968551219,10788,27,,,,,
0.0009534917771816254,10789,27,,,,,
0.001209654612466693,10790,27,,,,,
2.469569335517008e-05,10791,27,,,,,
1.84393793460913e-05,10792,27,,,,,
0.00037035183049738407,10793,27,,,,,
0.0005207794019952416,10794,27,,,,,
1.271367091248976e-05,10795,27,,,,,
8.322804933413863e-05,10796,27,,,,,
1.726199479890056e-05,10797,27,,,,,
3.5550219763536006e-05,10798,27,,,,,
0.00039156313869170845,10799,27,,,,,
1.6823225450934842e-05,10800,27,,,,,
0.03582989051938057,10801,27,,,,,
2.1652895156876184e-05,10802,27,,,,,
0.00037891289684921503,10803,27,,,,,
6.786760786781088e-05,10804,27,,,,,
2.123412377841305e-05,10805,27,,,,,
5.653860625898233e-06,10806,27,,,,,
0.00033494437229819596,10807,27,,,,,
0.08114276826381683,10808,27,,,,,
4.794238975591725e-06,10809,27,,,,,
3.2142579584615305e-05,10810,27,,,,,
0.11324956268072128,10811,27,,,,,
4.910055940854363e-05,10812,27,,,,,
4.299853026168421e-05,10813,27,,,,,
1.1500421351229306e-05,10814,27,,,,,
0.0004702681035269052,10815,27,,,,,
3.107195516349748e-05,10816,27,,,,,
1.4745032785867807e-05,10817,27,,,,,
0.00013970787404105067,10818,27,,,,,
0.0007683752337470651,10819,27,,,,,
6.518111331388354e-05,10820,27,,,,,
0.002267740201205015,10821,27,,,,,
9.104992932407185e-05,10822,27,,,,,
0.0001429846597602591,10823,27,,,,,
0.0003138155152555555,10824,27,,,,,
0.11997036635875702,10825,27,,,,,
0.000121334582217969,10826,27,,,,,
0.00018071405065711588,10827,27,,,,,
0.010625452734529972,10828,27,,,,,
3.6202978662913665e-05,10829,27,,,,,
0.001298688817769289,10830,27,,,,,
0.0013831648975610733,10831,27,,,,,
0.00013634291826747358,10832,27,,,,,
0.0003204311360605061,10833,27,,,,,
3.464290057308972e-05,10834,27,,,,,
0.0010953639866784215,10835,27,,,,,
6.161037890706211e-05,10836,27,,,,,
2.180683623009827e-05,10837,27,,,,,
0.02405623532831669,10838,27,,,,,
0.08589980751276016,10839,27,,,,,
0.13667863607406616,10840,27,,,,,
0.006060753017663956,10841,27,,,,,
0.00015872564108576626,10842,27,,,,,
5.6888664403231815e-05,10843,27,,,,,
1.2329329365456942e-05,10844,27,,,,,
0.0033159535378217697,10845,27,,,,,
0.060869112610816956,10846,27,,,,,
0.01101505383849144,10847,27,,,,,
0.006699595134705305,10848,27,,,,,
8.157882803061511e-06,10849,27,,,,,
1.6620902897557244e-05,10850,27,,,,,
0.0008321600616909564,10851,27,,,,,
0.00023142430291045457,10852,27,,,,,
1.6066205716924742e-05,10853,27,,,,,
0.0004106209089513868,10854,27,,,,,
5.994093953631818e-05,10855,27,,,,,
0.005598987452685833,10856,27,,,,,
0.0006557024316862226,10857,27,,,,,
0.0004704757302533835,10858,27,,,,,
9.632191358832642e-05,10859,27,,,,,
0.010501100681722164,10860,27,,,,,
0.013656007125973701,10861,27,,,,,
0.0004199568647891283,10862,27,,,,,
1.214757048728643e-05,10863,27,,,,,
0.00010541040683165193,10864,27,,,,,
0.0004217067616991699,10865,27,,,,,
0.0071813371032476425,10866,27,,,,,
0.003319040173664689,10867,27,,,,,
5.4215590353123844e-05,10868,27,,,,,
0.000236683088587597,10869,27,,,,,
0.018267756327986717,10870,27,,,,,
0.010940689593553543,10871,27,,,,,
4.128095679334365e-05,10872,27,,,,,
3.713387195602991e-05,10873,27,,,,,
0.0005592143861576915,10874,27,,,,,
0.00015444129530806094,10875,27,,,,,
0.00031940071494318545,10876,27,,,,,
1.4656798157375306e-05,10877,27,,,,,
0.0001138456427725032,10878,27,,,,,
5.267856613500044e-05,10879,27,,,,,
6.490783562185243e-05,10880,27,,,,,
1.703509406070225e-05,10881,27,,,,,
0.0001693350204732269,10882,27,,,,,
5.794558455818333e-05,10883,27,,,,,
2.507653880456928e-05,10884,27,,,,,
6.730243330821395e-05,10885,27,,,,,
1.4967987226555124e-05,10886,27,,,,,
0.0008867289288900793,10887,27,,,,,
0.20020286738872528,10888,27,,,,,
1.7884567569126375e-05,10889,27,,,,,
0.0009328820742666721,10890,27,,,,,
1.601470648893155e-05,10891,27,,,,,
0.010903229005634785,10892,27,,,,,
8.982004146673717e-06,10893,27,,,,,
0.0002017198858084157,10894,27,,,,,
2.6244038963341154e-05,10895,27,,,,,
0.0004177092923782766,10896,27,,,,,
3.488428774289787e-05,10897,27,,,,,
0.026632728055119514,10898,27,,,,,
0.003645955817773938,10899,27,,,,,
6.777545058866963e-05,10900,27,,,,,
0.16330936551094055,10901,27,,,,,
4.8276397137669846e-05,10902,27,,,,,
0.017364617437124252,10903,27,,,,,
2.2949150661588646e-05,10904,27,,,,,
0.00416391808539629,10905,27,,,,,
9.952564869308844e-05,10906,27,,,,,
0.00047038806951604784,10907,27,,,,,
2.252875128760934e-05,10908,27,,,,,
0.010088625364005566,10909,27,,,,,
0.0004207634483464062,10910,27,,,,,
0.020845504477620125,10911,27,,,,,
4.70746927021537e-05,10912,27,,,,,
4.2188839870505035e-05,10913,27,,,,,
0.0010552165331318974,10914,27,,,,,
4.4577896915143356e-05,10915,27,,,,,
0.0008666981593705714,10916,27,,,,,
3.2461244700243697e-05,10917,27,,,,,
5.858503936906345e-05,10918,27,,,,,
0.05931383743882179,10919,27,,,,,
0.1611970216035843,10920,27,,,,,
1.0484171070856974e-05,10921,27,,,,,
0.00044668163172900677,10922,27,,,,,
1.5177753994066734e-05,10923,27,,,,,
0.002101118443533778,10924,27,,,,,
0.00021894733072258532,10925,27,,,,,
1.1288246241747402e-05,10926,27,,,,,
0.0019483075011521578,10927,27,,,,,
0.0002515581145416945,10928,27,,,,,
5.168453208170831e-05,10929,27,,,,,
0.20444613695144653,10930,27,,,,,
0.0012635255698114634,10931,27,,,,,
0.0005059826071374118,10932,27,,,,,
5.15225219714921e-05,10933,27,,,,,
0.001037759124301374,10934,27,,,,,
0.09513695538043976,10935,27,,,,,
0.0012666318798437715,10936,27,,,,,
0.0008981127757579088,10937,27,,,,,
0.0005932187777943909,10938,27,,,,,
0.002735948422923684,10939,27,,,,,
0.001332608750090003,10940,27,,,,,
0.001046456047333777,10941,27,,,,,
0.0005996571853756905,10942,27,,,,,
0.002042278414592147,10943,27,,,,,
0.002365343039855361,10944,27,,,,,
0.0003611526044551283,10945,27,,,,,
0.001689793774858117,10946,27,,,,,
0.0028728567995131016,10947,27,,,,,
0.0009207873954437673,10948,27,,,,,
0.006576080806553364,10949,27,,,,,
0.11272867023944855,10950,27,,,,,
0.001986438874155283,10951,27,,,,,
0.0014873523032292724,10952,27,,,,,
0.1539335995912552,10953,27,,,,,
0.0006236372864805162,10954,27,,,,,
0.0030979723669588566,10955,27,,,,,
0.0009835648816078901,10956,27,,,,,
0.006329904776066542,10957,27,,,,,
0.004642156884074211,10958,27,,,,,
0.007049355655908585,10959,27,,,,,
0.008044196292757988,10960,27,,,,,
0.0025157819036394358,10961,27,,,,,
0.012895798310637474,10962,27,,,,,
0.0010593816405162215,10963,27,,,,,
0.0016460376791656017,10964,27,,,,,
0.004714782349765301,10965,27,,,,,
0.006118167657405138,10966,27,,,,,
0.012550946325063705,10967,27,,,,,
0.000538419873919338,10968,27,,,,,
0.0006837182445451617,10969,27,,,,,
0.00028416686109267175,10970,27,,,,,
0.0006680810474790633,10971,27,,,,,
0.0014409756986424327,10972,27,,,,,
0.007606095634400845,10973,27,,,,,
0.0015672838781028986,10974,27,,,,,
0.021924573928117752,10975,27,,,,,
0.0018078796565532684,10976,27,,,,,
0.00014933579950593412,10977,27,,,,,
0.00022471325064543635,10978,27,,,,,
0.0026444552931934595,10979,27,,,,,
0.0011915297945961356,10980,27,,,,,
0.00011121502029709518,10981,27,,,,,
0.005656805820763111,10982,27,,,,,
0.0004961967351846397,10983,27,,,,,
0.020793138071894646,10984,27,,,,,
0.0003068872611038387,10985,27,,,,,
0.00015322011313401163,10986,27,,,,,
0.00022410279780160636,10987,27,,,,,
6.012145240674727e-05,10988,27,,,,,
0.0003577648021746427,10989,27,,,,,
0.005536366254091263,10990,27,,,,,
0.000359189638402313,10991,27,,,,,
0.00012083198816981167,10992,27,,,,,
0.00018061303126160055,10993,27,,,,,
0.0002005936548812315,10994,27,,,,,
9.34884519665502e-05,10995,27,,,,,
0.0914478451013565,10996,27,,,,,
0.00017553831276018173,10997,27,,,,,
0.00019564491230994463,10998,27,,,,,
4.00025601265952e-05,10999,27,,,,,
0.0006774457287974656,11000,27,,,,,
0.001173010328784585,11001,27,,,,,
0.0010406756773591042,11002,27,,,,,
1.482811330788536e-05,11003,27,,,,,
0.00021336300414986908,11004,27,,,,,
0.00018542518955655396,11005,27,,,,,
0.0019862023182213306,11006,27,,,,,
0.0005474442150443792,11007,27,,,,,
0.0004562231188174337,11008,27,,,,,
5.087495446787216e-05,11009,27,,,,,
0.00013691750064026564,11010,27,,,,,
9.659031638875604e-05,11011,27,,,,,
0.012104560621082783,11012,27,,,,,
0.0001230745401699096,11013,27,,,,,
0.000649530382361263,11014,27,,,,,
0.00615280494093895,11015,27,,,,,
0.00011823257227661088,11016,27,,,,,
0.00031904623028822243,11017,27,,,,,
4.150458698859438e-05,11018,27,,,,,
0.0003885210899170488,11019,27,,,,,
4.299751526559703e-05,11020,27,,,,,
3.654089232441038e-05,11021,27,,,,,
0.00011025415733456612,11022,27,,,,,
0.00017183313320856541,11023,27,,,,,
0.0005547895561903715,11024,27,,,,,
0.00012943461479153484,11025,27,,,,,
3.223003659513779e-05,11026,27,,,,,
0.00039039936382323503,11027,27,,,,,
1.5956155039020814e-05,11028,27,,,,,
9.048728679772466e-05,11029,27,,,,,
0.023330701515078545,11030,27,,,,,
0.001400202396325767,11031,27,,,,,
0.001879958901554346,11032,27,,,,,
0.00010907993419095874,11033,27,,,,,
0.0003620563365984708,11034,27,,,,,
0.15773582458496094,11035,27,,,,,
1.7589458366273902e-05,11036,27,,,,,
6.323135312413797e-05,11037,27,,,,,
0.0002669979876372963,11038,27,,,,,
1.8833625290426426e-05,11039,27,,,,,
0.00016157954814843833,11040,27,,,,,
3.0356708521139808e-05,11041,27,,,,,
4.2756550101330504e-05,11042,27,,,,,
3.872172237606719e-05,11043,27,,,,,
0.0010648170718923211,11044,27,,,,,
7.13259432814084e-05,11045,27,,,,,
0.00026518688537180424,11046,27,,,,,
0.00012702622916549444,11047,27,,,,,
3.0033195798750967e-05,11048,27,,,,,
0.00010697745165089145,11049,27,,,,,
0.00016272460925392807,11050,27,,,,,
0.00022708035248797387,11051,27,,,,,
0.00043398741399869323,11052,27,,,,,
0.0006324250716716051,11053,27,,,,,
0.0013097766786813736,11054,27,,,,,
4.716741750598885e-05,11055,27,,,,,
8.369722490897402e-05,11056,27,,,,,
0.0020867972634732723,11057,27,,,,,
0.001956106163561344,11058,27,,,,,
0.00435580825433135,11059,27,,,,,
0.0010176580399274826,11060,27,,,,,
4.250657366355881e-05,11061,27,,,,,
2.171077358070761e-05,11062,27,,,,,
0.0003401171416044235,11063,27,,,,,
0.0009538484155200422,11064,27,,,,,
0.006276585627347231,11065,27,,,,,
0.00039488813490606844,11066,27,,,,,
0.013751264661550522,11067,27,,,,,
0.00017520430264994502,11068,27,,,,,
4.885726957581937e-05,11069,27,,,,,
0.00028687570011243224,11070,27,,,,,
0.0026234076358377934,11071,27,,,,,
0.02767270803451538,11072,27,,,,,
4.146039646002464e-05,11073,27,,,,,
0.00025795013061724603,11074,27,,,,,
4.8911082558333874e-05,11075,27,,,,,
8.901540422812104e-05,11076,27,,,,,
0.00018899291171692312,11077,27,,,,,
0.0004353536060079932,11078,27,,,,,
8.438757504336536e-05,11079,27,,,,,
0.002197521971538663,11080,27,,,,,
0.00011365390673745424,11081,27,,,,,
0.0009785854490473866,11082,27,,,,,
4.324026303947903e-05,11083,27,,,,,
0.011712061241269112,11084,27,,,,,
3.30147631757427e-05,11085,27,,,,,
4.585066199069843e-05,11086,27,,,,,
5.231976683717221e-05,11087,27,,,,,
7.893664587754756e-06,11088,27,,,,,
0.0009080005693249404,11089,27,,,,,
4.883724977844395e-05,11090,27,,,,,
3.171911885146983e-05,11091,27,,,,,
3.1032632250571623e-05,11092,27,,,,,
0.0009710985468700528,11093,27,,,,,
1.985463131859433e-05,11094,27,,,,,
0.00020628623315133154,11095,27,,,,,
2.9315464416868053e-05,11096,27,,,,,
4.2222462070640177e-05,11097,27,,,,,
0.0001122661487897858,11098,27,,,,,
5.7723351346794516e-05,11099,27,,,,,
0.00015933180111460388,11100,27,,,,,
4.8170797526836395e-05,11101,27,,,,,
0.00010873372957576066,11102,27,,,,,
0.05768710747361183,11103,27,,,,,
0.00011863202234962955,11104,27,,,,,
0.0004944501561112702,11105,27,,,,,
2.4280663637910038e-05,11106,27,,,,,
4.238802648615092e-05,11107,27,,,,,
0.0006156336748972535,11108,27,,,,,
4.3575801100814715e-05,11109,27,,,,,
2.1907528207520954e-05,11110,27,,,,,
4.132557933189673e-06,11111,27,,,,,
0.012015007436275482,11112,27,,,,,
7.207067392300814e-05,11113,27,,,,,
2.1382857084972784e-05,11114,27,,,,,
7.62886629672721e-05,11115,27,,,,,
3.5710611427930417e-06,11116,27,,,,,
0.00024974782718345523,11117,27,,,,,
2.3022825189400464e-05,11118,27,,,,,
0.00827666837722063,11119,27,,,,,
2.8239432140253484e-05,11120,27,,,,,
0.0006173659930936992,11121,27,,,,,
1.3848492926626932e-05,11122,27,,,,,
0.001131830969825387,11123,27,,,,,
0.0006174094160087407,11124,27,,,,,
6.658757047262043e-05,11125,27,,,,,
7.433444261550903e-05,11126,27,,,,,
7.96093518147245e-05,11127,27,,,,,
5.343843440641649e-05,11128,27,,,,,
0.00040786279714666307,11129,27,,,,,
1.774527299858164e-05,11130,27,,,,,
2.8619702789001167e-05,11131,27,,,,,
0.0011752040591090918,11132,27,,,,,
0.00022490732953883708,11133,27,,,,,
1.1345406164764427e-05,11134,27,,,,,
3.5397686588112265e-05,11135,27,,,,,
6.746216240571812e-05,11136,27,,,,,
5.903341389057459e-06,11137,27,,,,,
1.1937639101233799e-05,11138,27,,,,,
2.303193286934402e-05,11139,27,,,,,
4.903688750346191e-05,11140,27,,,,,
0.0006400845013558865,11141,27,,,,,
7.000090408837423e-05,11142,27,,,,,
6.095363642089069e-05,11143,27,,,,,
4.464997255126946e-05,11144,27,,,,,
0.00023626913025509566,11145,27,,,,,
3.0923965823603794e-05,11146,27,,,,,
6.226681580301374e-05,11147,27,,,,,
0.0001517736673122272,11148,27,,,,,
1.0671606105461251e-05,11149,27,,,,,
1.7537904568598606e-05,11150,27,,,,,
0.013618246652185917,11151,27,,,,,
2.5334591555292718e-05,11152,27,,,,,
0.003674593986943364,11153,27,,,,,
5.4321313655236736e-05,11154,27,,,,,
0.00019352389790583402,11155,27,,,,,
9.417180990567431e-06,11156,27,,,,,
0.004660334438085556,11157,27,,,,,
0.00026092492043972015,11158,27,,,,,
0.6214629411697388,11159,27,,,,,
5.839098594151437e-05,11160,27,,,,,
5.6927292462205514e-05,11161,27,,,,,
3.871193257509731e-05,11162,27,,,,,
2.722897806961555e-05,11163,27,,,,,
0.01913321018218994,11164,27,,,,,
0.0010760020231828094,11165,27,,,,,
1.3339560609892942e-05,11166,27,,,,,
0.0001282667217310518,11167,27,,,,,
0.00035780921461991966,11168,27,,,,,
6.755548383807763e-05,11169,27,,,,,
7.487247785320505e-05,11170,27,,,,,
0.0031684476416558027,11171,27,,,,,
,10746,,3.3150877243315335e-06,,,,
,10747,,3.08792878058739e-05,,,,
,10748,,3.296342811154318e-06,,,,
,10749,,3.296342811154318e-06,,,,
,10750,,3.3118647024821257e-06,,,,
,10751,,3.508814643282676e-06,,,,
,10752,,3.508814643282676e-06,,,,
,10753,,3.7692204841732746e-06,,,,
,10754,,4.132516096433392e-06,,,,
,10755,,4.132516096433392e-06,,,,
,10756,,2.441167225697427e-06,,,,
,10757,,3.4513539048930397e-06,,,,
,10758,,3.4513539048930397e-06,,,,
,10759,,0.00038370690890587866,,,,
,10760,,0.00023704972409177572,,,,
,10761,,0.00023704972409177572,,,,
,10762,,0.0005155783728696406,,,,
,10763,,3.6257119063520804e-05,,,,
,10764,,0.0005133976810611784,,,,
,10765,,0.0005133976810611784,,,,
,10766,,0.0003657735651358962,,,,
,10767,,0.0005217276629991829,,,,
,10768,,0.0005217276629991829,,,,
,10769,,0.00041360410978086293,,,,
,10770,,0.000484958611195907,,,,
,10771,,0.000484958611195907,,,,
,10772,,0.000636212935205549,,,,
,10773,,0.0005866065039299428,,,,
,10774,,0.0005866065039299428,,,,
,10775,,0.000600024068262428,,,,
,10776,,0.000600024068262428,,,,
,10777,,0.000600024068262428,,,,
,10778,,0.00021649373229593039,,,,
,10779,,0.0001138223015004769,,,,
,10780,,0.00023050644085742533,,,,
,10781,,0.00023050644085742533,,,,
,10782,,0.00023176067043095827,,,,
,10783,,0.0003061074821744114,,,,
,10784,,0.0003061074821744114,,,,
,10785,,0.0001916607579914853,,,,
,10786,,0.00023394454910885543,,,,
,10787,,0.00023394454910885543,,,,
,10788,,0.0003227765846531838,,,,
,10789,,0.00034051717375405133,,,,
,10790,,7.886043022153899e-05,,,,
,10791,,0.00034051717375405133,,,,
,10792,,0.00027956251869909465,,,,
,10793,,0.0003046040947083384,,,,
,10794,,0.0003046040947083384,,,,
,10795,,0.00020279889577068388,,,,
,10796,,0.00023549194156657904,,,,
,10797,,0.00023549194156657904,,,,
,10798,,0.00020423556270543486,,,,
,10799,,0.0002858458028640598,,,,
,10800,,0.0002858458028640598,,,,
,10801,,0.0002692962880246341,,,,
,10802,,0.0003072013787459582,,,,
,10803,,0.0003072013787459582,,,,
,10804,,0.0002255389845231548,,,,
,10805,,0.00024626668891869485,,,,
,10806,,1.8629609257914126e-05,,,,
,10807,,0.00024626668891869485,,,,
,10808,,0.00023370396229438484,,,,
,10809,,0.00023370396229438484,,,,
,10810,,0.00023370396229438484,,,,
,10811,,0.00022519120830111206,,,,
,10812,,6.0710877733072266e-05,,,,
,10813,,6.0710877733072266e-05,,,,
,10814,,1.4510953405988403e-05,,,,
,10815,,1.8355738575337455e-05,,,,
,10816,,1.8355738575337455e-05,,,,
,10817,,1.458772112528095e-05,,,,
,10818,,2.337263686058577e-05,,,,
,10819,,2.337263686058577e-05,,,,
,10820,,4.7579114834661596e-06,,,,
,10821,,6.249847956496524e-06,,,,
,10822,,6.249847956496524e-06,,,,
,10823,,1.8572814951767214e-05,,,,
,10824,,1.0870161531784106e-05,,,,
,10825,,1.178525053546764e-05,,,,
,10826,,1.178525053546764e-05,,,,
,10827,,8.074821380432695e-06,,,,
,10828,,8.805601282801945e-06,,,,
,10829,,8.805601282801945e-06,,,,
,10830,,6.611516437260434e-05,,,,
,10831,,9.667038284533191e-06,,,,
,10832,,8.029652963159606e-05,,,,
,10833,,8.029652963159606e-05,,,,
,10834,,2.4670878246979555e-06,,,,
,10835,,2.9915504455857445e-06,,,,
,10836,,2.9915504455857445e-06,,,,
,10837,,1.30382086354075e-05,,,,
,10838,,1.7521879271953367e-05,,,,
,10839,,1.7521879271953367e-05,,,,
,10840,,1.050541231961688e-05,,,,
,10841,,1.050541231961688e-05,,,,
,10842,,1.050541231961688e-05,,,,
,10843,,4.626366262527881e-06,,,,
,10844,,5.504231467057252e-06,,,,
,10845,,5.504231467057252e-06,,,,
,10846,,2.6381208044767845e-06,,,,
,10847,,3.260063067500596e-06,,,,
,10848,,3.260063067500596e-06,,,,
,10849,,2.6168927433900535e-06,,,,
,10850,,8.264953976322431e-06,,,,
,10851,,3.12209635922045e-06,,,,
,10852,,3.12209635922045e-06,,,,
,10853,,2.6847537810681388e-06,,,,
,10854,,3.4002532629529014e-06,,,,
,10855,,3.4002532629529014e-06,,,,
,10856,,3.9622314034204464e-06,,,,
,10857,,3.835370080196299e-06,,,,
,10858,,3.835370080196299e-06,,,,
,10859,,1.8969710708915954e-06,,,,
,10860,,2.4826451863191323e-06,,,,
,10861,,2.4826451863191323e-06,,,,
,10862,,0.00030613411217927933,,,,
,10863,,7.963712414493784e-05,,,,
,10864,,7.963712414493784e-05,,,,
,10865,,1.7977645256905816e-05,,,,
,10866,,9.383252290717792e-06,,,,
,10867,,2.1982923499308527e-05,,,,
,10868,,2.1982923499308527e-05,,,,
,10869,,1.7397087503923103e-05,,,,
,10870,,2.745262099779211e-05,,,,
,10871,,2.745262099779211e-05,,,,
,10872,,5.908433649892686e-06,,,,
,10873,,5.908433649892686e-06,,,,
,10874,,5.908433649892686e-06,,,,
,10875,,2.029811184911523e-05,,,,
,10876,,1.205086664413102e-05,,,,
,10877,,1.3568157555710059e-05,,,,
,10878,,1.3568157555710059e-05,,,,
,10879,,7.649851795576978e-06,,,,
,10880,,9.546642104396597e-06,,,,
,10881,,9.546642104396597e-06,,,,
,10882,,5.735592276323587e-05,,,,
,10883,,7.145667768782005e-05,,,,
,10884,,7.145667768782005e-05,,,,
,10885,,3.171937578372308e-06,,,,
,10886,,4.07006382374675e-06,,,,
,10887,,4.07006382374675e-06,,,,
,10888,,8.582546797697432e-06,,,,
,10889,,8.06943262432469e-06,,,,
,10890,,8.06943262432469e-06,,,,
,10891,,8.188752872229088e-06,,,,
,10892,,8.235455425165128e-06,,,,
,10893,,8.235455425165128e-06,,,,
,10894,,8.736139534448739e-06,,,,
,10895,,5.239410256763222e-06,,,,
,10896,,5.695978416042635e-06,,,,
,10897,,5.695978416042635e-06,,,,
,10898,,3.171957132508396e-06,,,,
,10899,,3.933845164283412e-06,,,,
,10900,,3.933845164283412e-06,,,,
,10901,,2.9404438919300446e-06,,,,
,10902,,3.4910710837721126e-06,,,,
,10903,,3.4910710837721126e-06,,,,
,10904,,2.7469466203910997e-06,,,,
,10905,,2.7469466203910997e-06,,,,
,10906,,2.7469466203910997e-06,,,,
,10907,,3.797610133915441e-06,,,,
,10908,,4.3951176849077456e-06,,,,
,10909,,8.299095497932285e-06,,,,
,10910,,4.3951176849077456e-06,,,,
,10911,,2.472271944498061e-06,,,,
,10912,,2.850625605788082e-06,,,,
,10913,,2.850625605788082e-06,,,,
,10914,,0.0005178933497518301,,,,
,10915,,0.0004620183608494699,,,,
,10916,,0.0004620183608494699,,,,
,10917,,2.9688460926990956e-05,,,,
,10918,,4.054067176184617e-05,,,,
,10919,,4.054067176184617e-05,,,,
,10920,,0.016534646973013878,,,,
,10921,,1.8152319171349518e-05,,,,
,10922,,1.9092263755737804e-05,,,,
,10923,,1.9092263755737804e-05,,,,
,10924,,8.136901669786312e-06,,,,
,10925,,9.02314241102431e-06,,,,
,10926,,9.02314241102431e-06,,,,
,10927,,1.8515560441301204e-05,,,,
,10928,,2.651209433679469e-05,,,,
,10929,,2.651209433679469e-05,,,,
,10930,,1.5013717529654969e-05,,,,
,10931,,2.035425313806627e-05,,,,
,10932,,2.035425313806627e-05,,,,
,10933,,5.6546603445895016e-05,,,,
,10934,,7.240201375680044e-05,,,,
,10935,,7.240201375680044e-05,,,,
,10936,,8.915564103517681e-05,,,,
,10937,,1.4603548152081203e-05,,,,
,10938,,1.4603548152081203e-05,,,,
,10939,,1.4603548152081203e-05,,,,
,10940,,1.6302006770274602e-05,,,,
,10941,,1.663606053625699e-05,,,,
,10942,,1.663606053625699e-05,,,,
,10943,,1.6708470866433345e-05,,,,
,10944,,1.8890139472205192e-05,,,,
,10945,,1.8890139472205192e-05,,,,
,10946,,1.0126446795766242e-05,,,,
,10947,,1.0694009688450024e-05,,,,
,10948,,1.0694009688450024e-05,,,,
,10949,,6.7427154135657474e-06,,,,
,10950,,7.867399290262256e-06,,,,
,10951,,7.867399290262256e-06,,,,
,10952,,7.468889816664159e-05,,,,
,10953,,7.396181445074035e-06,,,,
,10954,,6.7375040089245886e-06,,,,
,10955,,6.7375040089245886e-06,,,,
,10956,,7.198707407951588e-06,,,,
,10957,,8.36475555843208e-06,,,,
,10958,,8.36475555843208e-06,,,,
,10959,,8.803938726487104e-06,,,,
,10960,,8.64993671712e-06,,,,
,10961,,1.8431363059789874e-05,,,,
,10962,,8.64993671712e-06,,,,
,10963,,5.628492999676382e-06,,,,
,10964,,6.607264367630705e-06,,,,
,10965,,6.607264367630705e-06,,,,
,10966,,0.0018292759777978063,,,,
,10967,,0.001816184027120471,,,,
,10968,,0.001816184027120471,,,,
,10969,,1.5340499885496683e-05,,,,
,10970,,1.5340499885496683e-05,,,,
,10971,,1.5340499885496683e-05,,,,
,10972,,1.5075837836775463e-05,,,,
,10973,,1.3231099728727713e-05,,,,
,10974,,1.3231099728727713e-05,,,,
,10975,,1.0095643119711895e-05,,,,
,10976,,9.644843885325827e-06,,,,
,10977,,9.644843885325827e-06,,,,
,10978,,1.4025998098077253e-05,,,,
,10979,,3.060117160202935e-05,,,,
,10980,,1.5297513527912088e-05,,,,
,10981,,1.5297513527912088e-05,,,,
,10982,,1.0168361768592149e-05,,,,
,10983,,1.338467154710088e-05,,,,
,10984,,1.338467154710088e-05,,,,
,10985,,2.6443998649483547e-05,,,,
,10986,,0.18407276272773743,,,,
,10987,,2.6009756766143255e-05,,,,
,10988,,2.6009756766143255e-05,,,,
,10989,,1.0375300007581245e-05,,,,
,10990,,1.0732916052802466e-05,,,,
,10991,,1.0732916052802466e-05,,,,
,10992,,1.552423054818064e-05,,,,
,10993,,1.3464451512845699e-05,,,,
,10994,,1.3464451512845699e-05,,,,
,10995,,9.499822226644028e-06,,,,
,10996,,2.5389608708792366e-05,,,,
,10997,,1.0943786946882028e-05,,,,
,10998,,1.0943786946882028e-05,,,,
,10999,,1.3940387361799367e-05,,,,
,11000,,1.3838389349984936e-05,,,,
,11001,,1.3838389349984936e-05,,,,
,11002,,8.116019671433605e-06,,,,
,11003,,8.116019671433605e-06,,,,
,11004,,8.116019671433605e-06,,,,
,11005,,9.115940883930307e-06,,,,
,11006,,4.888637340627611e-05,,,,
,11007,,8.390696166316047e-06,,,,
,11008,,8.390696166316047e-06,,,,
,11009,,1.0147321518161334e-05,,,,
,11010,,9.395958841196261e-06,,,,
,11011,,9.395958841196261e-06,,,,
,11012,,1.176095520349918e-05,,,,
,11013,,1.1732608982129022e-05,,,,
,11014,,1.1732608982129022e-05,,,,
,11015,,8.74305533216102e-06,,,,
,11016,,1.0115058103110641e-05,,,,
,11017,,1.0115058103110641e-05,,,,
,11018,,0.0020601097494363785,,,,
,11019,,0.0007646249141544104,,,,
,11020,,0.0007646249141544104,,,,
,11021,,1.1588487723201979e-05,,,,
,11022,,9.93286375887692e-05,,,,
,11023,,1.1868357432831544e-05,,,,
,11024,,1.1868357432831544e-05,,,,
,11025,,1.596698712091893e-05,,,,
,11026,,2.8857217330369167e-05,,,,
,11027,,2.8857217330369167e-05,,,,
,11028,,4.358816568128532e-06,,,,
,11029,,5.114528903504834e-06,,,,
,11030,,5.114528903504834e-06,,,,
,11031,,7.765423106320668e-06,,,,
,11032,,1.1069082574977074e-05,,,,
,11033,,1.1069082574977074e-05,,,,
,11034,,4.773454747919459e-06,,,,
,11035,,4.773454747919459e-06,,,,
,11036,,4.773454747919459e-06,,,,
,11037,,2.5693570933071896e-05,,,,
,11038,,2.3039845473249443e-05,,,,
,11039,,2.3039845473249443e-05,,,,
,11040,,2.0979488908778876e-05,,,,
,11041,,4.954750693286769e-06,,,,
,11042,,4.4261350922170095e-06,,,,
,11043,,4.4261350922170095e-06,,,,
,11044,,1.1857696335937362e-05,,,,
,11045,,1.4201751582731958e-05,,,,
,11046,,1.4201751582731958e-05,,,,
,11047,,4.908206847176189e-06,,,,
,11048,,1.1490155884530395e-05,,,,
,11049,,6.0511611081892624e-06,,,,
,11050,,6.0511611081892624e-06,,,,
,11051,,5.415377017925493e-06,,,,
,11052,,4.866732979280641e-06,,,,
,11053,,4.866732979280641e-06,,,,
,11054,,4.348447419033619e-06,,,,
,11055,,4.509131031227298e-06,,,,
,11056,,4.509131031227298e-06,,,,
,11057,,4.38224924437236e-06,,,,
,11058,,3.845716946671018e-06,,,,
,11059,,3.845716946671018e-06,,,,
,11060,,3.643565378297353e-06,,,,
,11061,,4.410625933815027e-06,,,,
,11062,,4.410625933815027e-06,,,,
,11063,,4.881794211542001e-06,,,,
,11064,,1.2925896044180263e-05,,,,
,11065,,5.182670975045767e-06,,,,
,11066,,5.182670975045767e-06,,,,
,11067,,3.8042592223064275e-06,,,,
,11068,,3.8042592223064275e-06,,,,
,11069,,3.8042592223064275e-06,,,,
,11070,,0.014761258848011494,,,,
,11071,,0.004015956539660692,,,,
,11072,,0.004015956539660692,,,,
,11073,,1.2029040590277873e-05,,,,
,11074,,1.3987895727041177e-05,,,,
,11075,,1.3987895727041177e-05,,,,
,11076,,1.4769609151699115e-05,,,,
,11077,,2.446873259032145e-05,,,,
,11078,,2.446873259032145e-05,,,,
,11079,,5.841035545017803e-06,,,,
,11080,,6.448431122407783e-06,,,,
,11081,,6.448431122407783e-06,,,,
,11082,,7.640513103979174e-06,,,,
,11083,,3.0385577701963484e-05,,,,
,11084,,7.541012564615812e-06,,,,
,11085,,7.541012564615812e-06,,,,
,11086,,5.1776928557956126e-06,,,,
,11087,,5.587146461039083e-06,,,,
,11088,,5.587146461039083e-06,,,,
,11089,,2.1823916540597565e-05,,,,
,11090,,1.211747894558357e-05,,,,
,11091,,2.4324768673977815e-05,,,,
,11092,,2.4324768673977815e-05,,,,
,11093,,7.229817128973082e-06,,,,
,11094,,8.327026080223732e-06,,,,
,11095,,8.327026080223732e-06,,,,
,11096,,1.082478956959676e-05,,,,
,11097,,1.2136014447605703e-05,,,,
,11098,,1.2136014447605703e-05,,,,
,11099,,5.8617843023967e-06,,,,
,11100,,5.8617843023967e-06,,,,
,11101,,5.8617843023967e-06,,,,
,11102,,6.096482138673309e-06,,,,
,11103,,5.809969024994643e-06,,,,
,11104,,5.809969024994643e-06,,,,
,11105,,4.322500444686739e-06,,,,
,11106,,4.198127044219291e-06,,,,
,11107,,4.198127044219291e-06,,,,
,11108,,7.821932740625925e-06,,,,
,11109,,1.0831943654920906e-05,,,,
,11110,,8.11141035228502e-06,,,,
,11111,,8.11141035228502e-06,,,,
,11112,,6.089697308198083e-06,,,,
,11113,,6.868383479741169e-06,,,,
,11114,,6.868383479741169e-06,,,,
,11115,,6.1929854382469784e-06,,,,
,11116,,5.4160736908670515e-06,,,,
,11117,,5.4160736908670515e-06,,,,
,11118,,4.192932465230115e-06,,,,
,11119,,4.45209252575296e-06,,,,
,11120,,4.45209252575296e-06,,,,
,11121,,0.005011185072362423,,,,
,11122,,0.001448984257876873,,,,
,11123,,0.001448984257876873,,,,
,11124,,1.0049299817183055e-05,,,,
,11125,,1.3651887456944678e-05,,,,
,11126,,1.7931297406903468e-05,,,,
,11127,,1.7931297406903468e-05,,,,
,11128,,7.385076969512738e-06,,,,
,11129,,1.0416212717245799e-05,,,,
,11130,,1.0416212717245799e-05,,,,
,11131,,4.218854883220047e-06,,,,
,11132,,4.218854883220047e-06,,,,
,11133,,4.218854883220047e-06,,,,
,11134,,6.141975973150693e-06,,,,
,11135,,6.421579200832639e-06,,,,
,11136,,6.421579200832639e-06,,,,
,11137,,5.151785899215611e-06,,,,
,11138,,5.960302587482147e-06,,,,
,11139,,5.960302587482147e-06,,,,
,11140,,1.5438959962921217e-05,,,,
,11141,,1.9241324480390176e-05,,,,
,11142,,1.9241324480390176e-05,,,,
,11143,,3.897498118021758e-06,,,,
,11171,27,,0.0006623680819757283,,,
,11171,27,,,0.008456931449472904,0.9697732925415039,0.9697732925415039
0.0002578497806098312,11172,28,,,,,
0.004943411331623793,11173,28,,,,,
0.0011171394726261497,11174,28,,,,,
0.00022043799981474876,11175,28,,,,,
0.0019999106880277395,11176,28,,,,,
0.00015305003034882247,11177,28,,,,,
9.106878860620782e-05,11178,28,,,,,
0.07564258575439453,11179,28,,,,,
7.638857641723007e-05,11180,28,,,,,
0.0007941741496324539,11181,28,,,,,
0.00010142229439225048,11182,28,,,,,
5.184275869396515e-05,11183,28,,,,,
0.0009151852573268116,11184,28,,,,,
0.0006858701817691326,11185,28,,,,,
0.0017707246588543057,11186,28,,,,,
4.349659138824791e-05,11187,28,,,,,
0.00135520298499614,11188,28,,,,,
0.000417499803006649,11189,28,,,,,
0.0012114109704270959,11190,28,,,,,
0.008645848371088505,11191,28,,,,,
0.000718340219464153,11192,28,,,,,
4.113544127903879e-05,11193,28,,,,,
0.0004146656137891114,11194,28,,,,,
3.232384187867865e-05,11195,28,,,,,
0.00013966052210889757,11196,28,,,,,
0.00023475154011975974,11197,28,,,,,
0.0012397204991430044,11198,28,,,,,
0.0002906478475779295,11199,28,,,,,
1.852859895734582e-05,11200,28,,,,,
0.00022260031255427748,11201,28,,,,,
0.015122570097446442,11202,28,,,,,
0.0005465179565362632,11203,28,,,,,
0.0002713346329983324,11204,28,,,,,
2.4379858587053604e-05,11205,28,,,,,
0.0001777576981112361,11206,28,,,,,
2.0668427168857306e-05,11207,28,,,,,
0.0006117077427916229,11208,28,,,,,
1.262561090698e-05,11209,28,,,,,
5.263620550977066e-05,11210,28,,,,,
0.014761662110686302,11211,28,,,,,
3.91647954529617e-05,11212,28,,,,,
8.196331327781081e-05,11213,28,,,,,
5.9494748711586e-05,11214,28,,,,,
0.00011117017129436135,11215,28,,,,,
4.440777047420852e-05,11216,28,,,,,
4.678499681176618e-05,11217,28,,,,,
0.00018177542369812727,11218,28,,,,,
0.00020002297242172062,11219,28,,,,,
7.077513873809949e-05,11220,28,,,,,
0.001230692956596613,11221,28,,,,,
0.0002645227941684425,11222,28,,,,,
4.728535350295715e-05,11223,28,,,,,
0.017017319798469543,11224,28,,,,,
7.18045121175237e-05,11225,28,,,,,
3.001537152158562e-05,11226,28,,,,,
0.0001111658348236233,11227,28,,,,,
0.004183006472885609,11228,28,,,,,
2.1736763301305473e-05,11229,28,,,,,
0.03834879770874977,11230,28,,,,,
0.0001863814250100404,11231,28,,,,,
7.389627717202529e-05,11232,28,,,,,
2.862302426365204e-05,11233,28,,,,,
0.0014258179580792785,11234,28,,,,,
0.0008709852118045092,11235,28,,,,,
0.0001138367151725106,11236,28,,,,,
0.00023487824364565313,11237,28,,,,,
0.0018649731064215302,11238,28,,,,,
9.541051258565858e-05,11239,28,,,,,
0.00020251295063644648,11240,28,,,,,
3.575338996597566e-05,11241,28,,,,,
7.125722186174244e-05,11242,28,,,,,
3.7727601011283696e-05,11243,28,,,,,
0.01560715027153492,11244,28,,,,,
0.00012023964518448338,11245,28,,,,,
6.217634654603899e-05,11246,28,,,,,
0.00011135810927953571,11247,28,,,,,
0.0001846393570303917,11248,28,,,,,
8.85598492459394e-05,11249,28,,,,,
0.11592842638492584,11250,28,,,,,
0.007243706379085779,11251,28,,,,,
6.765341095160693e-05,11252,28,,,,,
0.0011208701180294156,11253,28,,,,,
0.0005129852797836065,11254,28,,,,,
0.0003833093214780092,11255,28,,,,,
0.01392376609146595,11256,28,,,,,
0.0002834989281836897,11257,28,,,,,
1.4713364180352073e-05,11258,28,,,,,
0.0005762488581240177,11259,28,,,,,
0.0006055068806745112,11260,28,,,,,
2.9134687792975456e-05,11261,28,,,,,
0.002126297214999795,11262,28,,,,,
0.00043230995652265847,11263,28,,,,,
0.0012815493391826749,11264,28,,,,,
4.410028486745432e-05,11265,28,,,,,
9.180359484162182e-05,11266,28,,,,,
0.0001186279914691113,11267,28,,,,,
0.0016530186403542757,11268,28,,,,,
9.152963684755377e-06,11269,28,,,,,
1.9414361304370686e-05,11270,28,,,,,
2.4467939510941505e-05,11271,28,,,,,
0.00042489366023801267,11272,28,,,,,
0.008380995132029057,11273,28,,,,,
0.0004707870539277792,11274,28,,,,,
0.00021482532611116767,11275,28,,,,,
0.0003854508977383375,11276,28,,,,,
4.9970007239608094e-05,11277,28,,,,,
7.489131530746818e-05,11278,28,,,,,
0.0006039702566340566,11279,28,,,,,
0.0010838811285793781,11280,28,,,,,
0.17895422875881195,11281,28,,,,,
0.0025182997342199087,11282,28,,,,,
5.262303602648899e-05,11283,28,,,,,
2.9402659492916428e-05,11284,28,,,,,
9.777645755093545e-05,11285,28,,,,,
0.00021326843125279993,11286,28,,,,,
3.7754332879558206e-05,11287,28,,,,,
8.087522292044014e-05,11288,28,,,,,
0.0003898847207892686,11289,28,,,,,
0.009605780243873596,11290,28,,,,,
0.005029282532632351,11291,28,,,,,
8.51688819238916e-05,11292,28,,,,,
0.0021067853085696697,11293,28,,,,,
4.59383700217586e-05,11294,28,,,,,
0.0013165416894480586,11295,28,,,,,
1.838302159740124e-05,11296,28,,,,,
0.0003680664231069386,11297,28,,,,,
0.05979733169078827,11298,28,,,,,
0.0001109871591324918,11299,28,,,,,
0.00018805087893269956,11300,28,,,,,
0.0007997150532901287,11301,28,,,,,
0.0004946630215272307,11302,28,,,,,
1.6123662135214545e-05,11303,28,,,,,
0.0020146300084888935,11304,28,,,,,
7.626230944879353e-05,11305,28,,,,,
0.00031822308665141463,11306,28,,,,,
4.620467370841652e-05,11307,28,,,,,
0.0018757963553071022,11308,28,,,,,
6.107299122959375e-05,11309,28,,,,,
2.8964415832888335e-05,11310,28,,,,,
0.00018042184819933027,11311,28,,,,,
4.968014400219545e-05,11312,28,,,,,
8.443141268799081e-05,11313,28,,,,,
0.00035630090860649943,11314,28,,,,,
8.826733392197639e-05,11315,28,,,,,
1.2076010534656234e-05,11316,28,,,,,
0.007290195673704147,11317,28,,,,,
2.8676053261733614e-05,11318,28,,,,,
7.61889896239154e-06,11319,28,,,,,
0.00016139278886839747,11320,28,,,,,
4.8263726057484746e-05,11321,28,,,,,
0.0023606764152646065,11322,28,,,,,
2.4192851924453862e-05,11323,28,,,,,
0.00010903707152465358,11324,28,,,,,
7.336678390856832e-05,11325,28,,,,,
6.896704144310206e-05,11326,28,,,,,
4.453152359928936e-05,11327,28,,,,,
0.0007254992378875613,11328,28,,,,,
0.0002407401625532657,11329,28,,,,,
0.0011180114233866334,11330,28,,,,,
4.323475150158629e-05,11331,28,,,,,
0.0015449259663000703,11332,28,,,,,
8.775919923209585e-06,11333,28,,,,,
0.003161047352477908,11334,28,,,,,
0.0009371067280881107,11335,28,,,,,
1.378108026983682e-05,11336,28,,,,,
0.000533043232280761,11337,28,,,,,
0.00014260948228184134,11338,28,,,,,
0.001993156736716628,11339,28,,,,,
6.02998879912775e-05,11340,28,,,,,
8.950859410106204e-06,11341,28,,,,,
1.555343078507576e-05,11342,28,,,,,
3.166212991345674e-05,11343,28,,,,,
4.6647473936900496e-05,11344,28,,,,,
0.0011822549859061837,11345,28,,,,,
2.815578682202613e-06,11346,28,,,,,
1.6404423149651848e-05,11347,28,,,,,
8.458968659397215e-05,11348,28,,,,,
1.5076986528583802e-05,11349,28,,,,,
0.001448445487767458,11350,28,,,,,
0.000112428970169276,11351,28,,,,,
0.006162217818200588,11352,28,,,,,
1.3366273378778715e-05,11353,28,,,,,
0.00015631975838914514,11354,28,,,,,
1.5234861166391056e-05,11355,28,,,,,
1.0370578820584342e-05,11356,28,,,,,
0.00012174720177426934,11357,28,,,,,
3.525998181430623e-05,11358,28,,,,,
1.6952975784079172e-05,11359,28,,,,,
1.6558946299483068e-05,11360,28,,,,,
0.00014228079817257822,11361,28,,,,,
4.573673868435435e-05,11362,28,,,,,
7.241896673804149e-05,11363,28,,,,,
2.7571841201279312e-05,11364,28,,,,,
1.5893894669716246e-05,11365,28,,,,,
0.005373610183596611,11366,28,,,,,
3.9637488953303546e-05,11367,28,,,,,
0.0005259229219518602,11368,28,,,,,
5.102317300043069e-05,11369,28,,,,,
6.568131357198581e-05,11370,28,,,,,
0.007487279362976551,11371,28,,,,,
0.00020944754942320287,11372,28,,,,,
0.0010992024326696992,11373,28,,,,,
0.00013001718616578728,11374,28,,,,,
6.354712240863591e-05,11375,28,,,,,
1.3874589058104903e-05,11376,28,,,,,
1.4522394849336706e-05,11377,28,,,,,
7.4426566243346315e-06,11378,28,,,,,
2.242768277938012e-05,11379,28,,,,,
0.0007253821822814643,11380,28,,,,,
0.0005396226770244539,11381,28,,,,,
7.789931260049343e-05,11382,28,,,,,
4.761333912028931e-05,11383,28,,,,,
0.0002078038960462436,11384,28,,,,,
9.066671191249043e-05,11385,28,,,,,
0.002689233748242259,11386,28,,,,,
1.629917460377328e-05,11387,28,,,,,
0.0002898224047385156,11388,28,,,,,
0.002936141798272729,11389,28,,,,,
1.4991213902249001e-05,11390,28,,,,,
1.936091030074749e-05,11391,28,,,,,
0.0014436879428103566,11392,28,,,,,
4.9617516197031364e-05,11393,28,,,,,
1.322002299275482e-05,11394,28,,,,,
1.1171006008225959e-05,11395,28,,,,,
0.0006857820553705096,11396,28,,,,,
4.416367573867319e-06,11397,28,,,,,
2.390147710684687e-05,11398,28,,,,,
0.0016223605489358306,11399,28,,,,,
9.4336319307331e-05,11400,28,,,,,
7.5415606261231e-05,11401,28,,,,,
0.0002957353135570884,11402,28,,,,,
0.00011715922300936654,11403,28,,,,,
0.050383977591991425,11404,28,,,,,
0.00013975227193441242,11405,28,,,,,
0.0001226674357894808,11406,28,,,,,
1.6166297427844256e-05,11407,28,,,,,
3.9999787986744195e-05,11408,28,,,,,
0.0003230019938200712,11409,28,,,,,
1.6750822396716103e-05,11410,28,,,,,
0.0002618797589093447,11411,28,,,,,
0.018648210912942886,11412,28,,,,,
0.00013403197226580232,11413,28,,,,,
3.1040333851706237e-05,11414,28,,,,,
4.547672506305389e-05,11415,28,,,,,
2.619699989736546e-05,11416,28,,,,,
0.0004446433449629694,11417,28,,,,,
9.967679943656549e-06,11418,28,,,,,
2.4774667508609127e-06,11419,28,,,,,
2.229017627541907e-05,11420,28,,,,,
4.968725988874212e-05,11421,28,,,,,
2.5367831767653115e-05,11422,28,,,,,
3.694218321470544e-05,11423,28,,,,,
1.4650666344095953e-05,11424,28,,,,,
0.00046489067608490586,11425,28,,,,,
1.113279358833097e-05,11426,28,,,,,
9.375758054375183e-06,11427,28,,,,,
0.00010000656038755551,11428,28,,,,,
2.147058148693759e-05,11429,28,,,,,
0.00017066198051907122,11430,28,,,,,
0.030714282765984535,11431,28,,,,,
4.199543036520481e-05,11432,28,,,,,
6.113032577559352e-05,11433,28,,,,,
0.006275821942836046,11434,28,,,,,
0.0001508864079369232,11435,28,,,,,
1.2289430742384866e-05,11436,28,,,,,
0.0016963538946583867,11437,28,,,,,
0.0033081895671784878,11438,28,,,,,
0.00010163652041228488,11439,28,,,,,
0.005024008918553591,11440,28,,,,,
3.148830001009628e-05,11441,28,,,,,
3.850778375635855e-05,11442,28,,,,,
3.5867273254552856e-05,11443,28,,,,,
8.639596489956602e-05,11444,28,,,,,
8.514639375789557e-06,11445,28,,,,,
1.343890016869409e-05,11446,28,,,,,
1.3884574400435667e-05,11447,28,,,,,
2.0008612409583293e-05,11448,28,,,,,
0.004598971921950579,11449,28,,,,,
1.834653266996611e-05,11450,28,,,,,
0.0003064777993131429,11451,28,,,,,
1.6761536244302988e-05,11452,28,,,,,
0.019990717992186546,11453,28,,,,,
9.401658644492272e-06,11454,28,,,,,
4.11552491641487e-06,11455,28,,,,,
0.013378492556512356,11456,28,,,,,
0.001004619407467544,11457,28,,,,,
5.9399433666840196e-05,11458,28,,,,,
5.833551404066384e-05,11459,28,,,,,
7.549700512754498e-06,11460,28,,,,,
1.72442669281736e-05,11461,28,,,,,
2.6953151973430067e-05,11462,28,,,,,
0.0006821808055974543,11463,28,,,,,
3.9203463529702276e-05,11464,28,,,,,
5.989387500449084e-05,11465,28,,,,,
3.9908654798637144e-06,11466,28,,,,,
9.479394975642208e-06,11467,28,,,,,
2.375454641878605e-05,11468,28,,,,,
0.0039372630417346954,11469,28,,,,,
7.530572474934161e-06,11470,28,,,,,
3.371570346644148e-05,11471,28,,,,,
0.0002541160210967064,11472,28,,,,,
8.718999197299127e-06,11473,28,,,,,
0.00013352777750696987,11474,28,,,,,
0.00016757778939791024,11475,28,,,,,
0.00012478772259783,11476,28,,,,,
4.15155727750971e-06,11477,28,,,,,
0.018114248290657997,11478,28,,,,,
4.203381649858784e-06,11479,28,,,,,
3.996030500275083e-06,11480,28,,,,,
4.7909475142660085e-06,11481,28,,,,,
2.0678820874309167e-05,11482,28,,,,,
7.732848644081969e-06,11483,28,,,,,
8.582848749938421e-06,11484,28,,,,,
6.594773003598675e-05,11485,28,,,,,
1.010090363706695e-05,11486,28,,,,,
1.872419670689851e-05,11487,28,,,,,
1.1256061952735763e-05,11488,28,,,,,
5.142908776178956e-06,11489,28,,,,,
1.6931338905123994e-05,11490,28,,,,,
1.328826601820765e-05,11491,28,,,,,
4.493428423302248e-05,11492,28,,,,,
0.00047041551442816854,11493,28,,,,,
0.007701784837990999,11494,28,,,,,
0.0028149180579930544,11495,28,,,,,
0.0031703331042081118,11496,28,,,,,
0.2807284891605377,11497,28,,,,,
1.6795869669294916e-05,11498,28,,,,,
0.0003589841944631189,11499,28,,,,,
0.00014474384079221636,11500,28,,,,,
4.739924861496547e-06,11501,28,,,,,
0.0014352676225826144,11502,28,,,,,
9.307618893217295e-05,11503,28,,,,,
0.007835890166461468,11504,28,,,,,
0.0796494409441948,11505,28,,,,,
0.0007831397815607488,11506,28,,,,,
0.010655458085238934,11507,28,,,,,
0.004784698598086834,11508,28,,,,,
1.0620236025715712e-05,11509,28,,,,,
1.1412196727178525e-05,11510,28,,,,,
4.4847940444014966e-05,11511,28,,,,,
1.1761751920857932e-05,11512,28,,,,,
0.036555275321006775,11513,28,,,,,
5.878937372472137e-05,11514,28,,,,,
1.102346050174674e-05,11515,28,,,,,
0.0012521109310910106,11516,28,,,,,
0.0017985721351578832,11517,28,,,,,
0.0022238914389163256,11518,28,,,,,
1.6667441741446964e-05,11519,28,,,,,
0.13469451665878296,11520,28,,,,,
6.551143997057807e-06,11521,28,,,,,
0.00016122657689265907,11522,28,,,,,
2.117528856615536e-05,11523,28,,,,,
6.283920356509043e-06,11524,28,,,,,
1.2801025150110945e-05,11525,28,,,,,
0.014737091027200222,11526,28,,,,,
6.212320295162499e-05,11527,28,,,,,
6.862296868348494e-05,11528,28,,,,,
0.0005835425690747797,11529,28,,,,,
0.024071862921118736,11530,28,,,,,
0.0010479771299287677,11531,28,,,,,
0.001092057558707893,11532,28,,,,,
2.0103279894101433e-05,11533,28,,,,,
1.5920993973850273e-05,11534,28,,,,,
2.7229925763094798e-05,11535,28,,,,,
0.001667491625994444,11536,28,,,,,
3.2403368095401675e-05,11537,28,,,,,
3.281237150076777e-05,11538,28,,,,,
0.01768876053392887,11539,28,,,,,
0.00012891189544461668,11540,28,,,,,
3.992151323473081e-05,11541,28,,,,,
7.48469028621912e-05,11542,28,,,,,
0.0004500701033975929,11543,28,,,,,
4.7217949031619355e-05,11544,28,,,,,
1.326217534369789e-05,11545,28,,,,,
2.0181036234134808e-05,11546,28,,,,,
0.003051039995625615,11547,28,,,,,
2.254583478134009e-06,11548,28,,,,,
8.635025733383372e-05,11549,28,,,,,
9.605181548977271e-05,11550,28,,,,,
8.329840784426779e-05,11551,28,,,,,
0.0015421727439388633,11552,28,,,,,
0.007968452759087086,11553,28,,,,,
2.3569225959363393e-05,11554,28,,,,,
6.4320424826291855e-06,11555,28,,,,,
0.005656021181493998,11556,28,,,,,
2.0138093532295898e-05,11557,28,,,,,
0.00021523023315239698,11558,28,,,,,
4.881823315372458e-06,11559,28,,,,,
0.08685353398323059,11560,28,,,,,
0.00010105263208970428,11561,28,,,,,
1.4190293768479023e-05,11562,28,,,,,
5.5363689170917496e-05,11563,28,,,,,
3.524191561155021e-05,11564,28,,,,,
1.3583854524767958e-05,11565,28,,,,,
7.004453800618649e-05,11566,28,,,,,
0.004554439336061478,11567,28,,,,,
1.6163812688319013e-05,11568,28,,,,,
2.7086873160442337e-05,11569,28,,,,,
6.374740223691333e-06,11570,28,,,,,
,11144,,1.702988470242417e-07,,,,
,11145,,1.1637051784418873e-06,,,,
,11146,,2.2286934608928277e-07,,,,
,11147,,2.2286934608928277e-07,,,,
,11148,,1.2957524120338348e-07,,,,
,11149,,1.4512424684198777e-07,,,,
,11150,,1.4512424684198777e-07,,,,
,11151,,7.038980811557849e-07,,,,
,11152,,7.720174721725925e-07,,,,
,11153,,7.720174721725925e-07,,,,
,11154,,1.6067323826973734e-07,,,,
,11155,,1.8732873741100775e-07,,,,
,11156,,1.8732873741100775e-07,,,,
,11157,,1.616482222743798e-05,,,,
,11158,,0.000700406963005662,,,,
,11159,,0.000700406963005662,,,,
,11160,,5.856541065440979e-06,,,,
,11161,,1.6518937400178402e-06,,,,
,11162,,6.4992477746272925e-06,,,,
,11163,,6.4992477746272925e-06,,,,
,11164,,2.7076853257312905e-06,,,,
,11165,,2.86095109913731e-06,,,,
,11166,,2.86095109913731e-06,,,,
,11167,,1.8347519699091208e-06,,,,
,11168,,1.941374648595229e-06,,,,
,11169,,1.941374648595229e-06,,,,
,11170,,2.100317033182364e-06,,,,
,11171,,2.264937620566343e-06,,,,
,11172,,2.264937620566343e-06,,,,
,11173,,3.0216097002266906e-06,,,,
,11174,,3.0216097002266906e-06,,,,
,11175,,3.0216097002266906e-06,,,,
,11176,,7.37959510388464e-07,,,,
,11177,,1.5270086350938072e-06,,,,
,11178,,9.484871270615258e-07,,,,
,11179,,9.484871270615258e-07,,,,
,11180,,1.2750050473187002e-06,,,,
,11181,,1.6274400422844337e-06,,,,
,11182,,1.6274400422844337e-06,,,,
,11183,,1.1800325410149526e-05,,,,
,11184,,1.3985266377858352e-05,,,,
,11185,,1.3985266377858352e-05,,,,
,11186,,9.188728654407896e-06,,,,
,11187,,8.559615707781631e-06,,,,
,11188,,2.7944155590375885e-05,,,,
,11189,,8.559615707781631e-06,,,,
,11190,,1.4304995374914142e-06,,,,
,11191,,1.6067177739387262e-06,,,,
,11192,,1.6067177739387262e-06,,,,
,11193,,1.7259118294532527e-06,,,,
,11194,,1.5289656403183471e-06,,,,
,11195,,1.5289656403183471e-06,,,,
,11196,,1.5383442359961919e-06,,,,
,11197,,1.534149305371102e-06,,,,
,11198,,1.534149305371102e-06,,,,
,11199,,3.3066403375414666e-06,,,,
,11200,,3.718054585988284e-06,,,,
,11201,,3.718054585988284e-06,,,,
,11202,,2.111676167260157e-06,,,,
,11203,,2.3841464553697733e-06,,,,
,11204,,6.868710329399619e-07,,,,
,11205,,2.3841464553697733e-06,,,,
,11206,,1.2439068086678162e-06,,,,
,11207,,1.2439068086678162e-06,,,,
,11208,,1.2439068086678162e-06,,,,
,11209,,2.629945447552018e-05,,,,
,11210,,0.0013660507975146174,,,,
,11211,,0.0013660507975146174,,,,
,11212,,5.4989036470942665e-06,,,,
,11213,,7.302368885575561e-06,,,,
,11214,,7.302368885575561e-06,,,,
,11215,,4.2007019374068477e-07,,,,
,11216,,4.88189357383817e-07,,,,
,11217,,4.88189357383817e-07,,,,
,11218,,4.198233511942817e-07,,,,
,11219,,4.314232171509502e-07,,,,
,11220,,4.314232171509502e-07,,,,
,11221,,2.440931211822317e-06,,,,
,11222,,3.12214325504101e-07,,,,
,11223,,3.783590045713936e-07,,,,
,11224,,3.783590045713936e-07,,,,
,11225,,5.131170155436848e-07,,,,
,11226,,5.960450266684347e-07,,,,
,11227,,5.960450266684347e-07,,,,
,11228,,6.301038411038462e-07,,,,
,11229,,1.0274666237819474e-06,,,,
,11230,,9.173880357593589e-07,,,,
,11231,,9.173880357593589e-07,,,,
,11232,,3.1098025488063286e-07,,,,
,11233,,1.9868201661665807e-07,,,,
,11234,,1.9868201661665807e-07,,,,
,11235,,8.798744488558441e-07,,,,
,11236,,1.0615252676871023e-06,,,,
,11237,,1.0615252676871023e-06,,,,
,11238,,6.260749159991974e-06,,,,
,11239,,6.260749159991974e-06,,,,
,11240,,6.260749159991974e-06,,,,
,11241,,7.776946517878969e-07,,,,
,11242,,1.0003157058235956e-06,,,,
,11243,,1.0003157058235956e-06,,,,
,11244,,2.0213727225382172e-07,,,,
,11245,,2.3323526932017558e-07,,,,
,11246,,2.3323526932017558e-07,,,,
,11247,,2.1003522476803482e-07,,,,
,11248,,9.820521427172935e-07,,,,
,11249,,3.178910787937639e-07,,,,
,11250,,3.178910787937639e-07,,,,
,11251,,3.628100841979176e-07,,,,
,11252,,3.1789068088983186e-07,,,,
,11253,,3.1789068088983186e-07,,,,
,11254,,8.969028613137198e-07,,,,
,11255,,1.3579410733655095e-06,,,,
,11256,,1.3579410733655095e-06,,,,
,11257,,2.2286934608928277e-07,,,,
,11258,,2.746994312019524e-07,,,,
,11259,,2.746994312019524e-07,,,,
,11260,,3.4153665183112025e-05,,,,
,11261,,0.0005568365450017154,,,,
,11262,,0.0005568365450017154,,,,
,11263,,2.752126874838723e-06,,,,
,11264,,5.430664532468654e-05,,,,
,11265,,9.707006256576278e-07,,,,
,11266,,9.707006256576278e-07,,,,
,11267,,3.0086121682870726e-07,,,,
,11268,,3.746571906049212e-07,,,,
,11269,,3.746571906049212e-07,,,,
,11270,,2.0732034045067849e-07,,,,
,11271,,2.0732034045067849e-07,,,,
,11272,,2.0732034045067849e-07,,,,
,11273,,1.2084423360647634e-05,,,,
,11274,,4.370995725366811e-07,,,,
,11275,,6.115931796557561e-07,,,,
,11276,,6.115931796557561e-07,,,,
,11277,,3.8872508412168827e-07,,,,
,11278,,4.40554913438973e-07,,,,
,11279,,4.40554913438973e-07,,,,
,11280,,7.77694197040546e-07,,,,
,11281,,1.0558450185271795e-06,,,,
,11282,,1.0558450185271795e-06,,,,
,11283,,2.48784317591344e-07,,,,
,11284,,1.1920923270736239e-07,,,,
,11285,,1.1920923270736239e-07,,,,
,11286,,3.122141549738444e-07,,,,
,11287,,9.07022069895902e-07,,,,
,11288,,9.07022069895902e-07,,,,
,11289,,6.141459380160086e-06,,,,
,11290,,2.139549542334862e-05,,,,
,11291,,2.139549542334862e-05,,,,
,11292,,1.6745960920161451e-06,,,,
,11293,,9.366368090013566e-07,,,,
,11294,,1.3268343082017964e-06,,,,
,11295,,1.3268343082017964e-06,,,,
,11296,,1.503072724062804e-07,,,,
,11297,,2.2138850397368515e-07,,,,
,11298,,2.2138850397368515e-07,,,,
,11299,,1.646222642648354e-07,,,,
,11300,,1.8732875162186247e-07,,,,
,11301,,1.8732875162186247e-07,,,,
,11302,,1.8140534052690782e-07,,,,
,11303,,1.8140534052690782e-07,,,,
,11304,,1.8140534052690782e-07,,,,
,11305,,5.903671080886852e-07,,,,
,11306,,1.1350736031090491e-06,,,,
,11307,,2.032221800618572e-06,,,,
,11308,,1.1350736031090491e-06,,,,
,11309,,3.576268738925137e-07,,,,
,11310,,5.338479240890592e-07,,,,
,11311,,5.338479240890592e-07,,,,
,11312,,0.0007359970477409661,,,,
,11313,,0.001329668564721942,,,,
,11314,,0.001329668564721942,,,,
,11315,,6.835476960986853e-05,,,,
,11316,,1.1380806427041534e-05,,,,
,11317,,1.1380806427041534e-05,,,,
,11318,,0.00033764453837648034,,,,
,11319,,9.536709626445372e-07,,,,
,11320,,5.6440203479724005e-06,,,,
,11321,,5.6440203479724005e-06,,,,
,11322,,7.100701395756914e-07,,,,
,11323,,1.3320228617885732e-06,,,,
,11324,,1.3320228617885732e-06,,,,
,11325,,7.4931250537702e-07,,,,
,11326,,8.914740305954183e-07,,,,
,11327,,8.914740305954183e-07,,,,
,11328,,1.0625125241858768e-06,,,,
,11329,,8.571671514800983e-07,,,,
,11330,,8.571671514800983e-07,,,,
,11331,,1.6518794154762872e-06,,,,
,11332,,1.8165000028602662e-06,,,,
,11333,,1.8165000028602662e-06,,,,
,11334,,7.63473963161232e-06,,,,
,11335,,2.529274297558004e-06,,,,
,11336,,2.529274297558004e-06,,,,
,11337,,2.529274297558004e-06,,,,
,11338,,6.01721808379807e-07,,,,
,11339,,1.5080123375810217e-05,,,,
,11340,,1.5080123375810217e-05,,,,
,11341,,6.156755262054503e-05,,,,
,11342,,7.291644578799605e-05,,,,
,11343,,7.291644578799605e-05,,,,
,11344,,1.1977624581049895e-06,,,,
,11345,,1.3340001032702276e-06,,,,
,11346,,1.3340001032702276e-06,,,,
,11347,,6.582388891729352e-07,,,,
,11348,,8.174290542228846e-07,,,,
,11349,,8.174290542228846e-07,,,,
,11350,,9.04251828615088e-06,,,,
,11351,,1.1126097660962841e-06,,,,
,11352,,1.7466587678427459e-06,,,,
,11353,,1.7466587678427459e-06,,,,
,11354,,1.6222647900576703e-06,,,,
,11355,,2.4981738988572033e-06,,,,
,11356,,2.4981738988572033e-06,,,,
,11357,,1.7881271787700825e-06,,,,
,11358,,9.385707016917877e-06,,,,
,11359,,4.268732482159976e-06,,,,
,11360,,9.385707016917877e-06,,,,
,11361,,5.649465606438753e-07,,,,
,11362,,6.130741212473367e-07,,,,
,11363,,6.130741212473367e-07,,,,
,11364,,5.3726009355159476e-05,,,,
,11365,,0.0001268144405912608,,,,
,11366,,0.0001268144405912608,,,,
,11367,,2.6536540644883644e-06,,,,
,11368,,2.6536540644883644e-06,,,,
,11369,,2.6536540644883644e-06,,,,
,11370,,2.7360638341633603e-06,,,,
,11371,,2.270112645419431e-06,,,,
,11372,,2.270112645419431e-06,,,,
,11373,,2.5758847641554894e-06,,,,
,11374,,2.285652271893923e-06,,,,
,11375,,2.285652271893923e-06,,,,
,11376,,2.401159008513787e-06,,,,
,11377,,4.104058916709619e-06,,,,
,11378,,2.543068603699794e-06,,,,
,11379,,2.543068603699794e-06,,,,
,11380,,2.456685706420103e-06,,,,
,11381,,2.4352223135792883e-06,,,,
,11382,,2.4352223135792883e-06,,,,
,11383,,4.393521521706134e-06,,,,
,11384,,0.1805855929851532,,,,
,11385,,4.084038209839491e-06,,,,
,11386,,4.084038209839491e-06,,,,
,11387,,4.068480848218314e-06,,,,
,11388,,3.944106538256165e-06,,,,
,11389,,3.944106538256165e-06,,,,
,11390,,5.330081421561772e-06,,,,
,11391,,4.794082997250371e-06,,,,
,11392,,4.794082997250371e-06,,,,
,11393,,6.9708703449578024e-06,,,,
,11394,,7.487058610422537e-06,,,,
,11395,,3.394514806132065e-06,,,,
,11396,,3.394514806132065e-06,,,,
,11397,,3.036931275346433e-06,,,,
,11398,,2.8382589789544e-06,,,,
,11399,,2.8382589789544e-06,,,,
,11400,,2.12498730434163e-06,,,,
,11401,,2.12498730434163e-06,,,,
,11402,,2.12498730434163e-06,,,,
,11403,,2.185457105952082e-06,,,,
,11404,,4.444641945156036e-06,,,,
,11405,,2.8506094622571254e-06,,,,
,11406,,2.8506094622571254e-06,,,,
,11407,,3.6590759009413887e-06,,,,
,11408,,3.5191576444049133e-06,,,,
,11409,,3.5191576444049133e-06,,,,
,11410,,3.3093899673986016e-06,,,,
,11411,,3.2639811706758337e-06,,,,
,11412,,3.2639811706758337e-06,,,,
,11413,,2.5499737148493296e-06,,,,
,11414,,2.429540700177313e-06,,,,
,11415,,2.429540700177313e-06,,,,
,11416,,5.0727001507766545e-05,,,,
,11417,,0.003849668661132455,,,,
,11418,,0.003849668661132455,,,,
,11419,,6.281439709709957e-06,,,,
,11420,,1.0875923180719838e-05,,,,
,11421,,1.2665612302953377e-05,,,,
,11422,,1.2665612302953377e-05,,,,
,11423,,6.357795427902602e-07,,,,
,11424,,7.515333209084929e-07,,,,
,11425,,7.515333209084929e-07,,,,
,11426,,5.9604326452245e-07,,,,
,11427,,6.187495955600752e-07,,,,
,11428,,6.187495955600752e-07,,,,
,11429,,4.541290365978057e-07,,,,
,11430,,4.2006962530649616e-07,,,,
,11431,,4.2006962530649616e-07,,,,
,11432,,5.027500833421072e-07,,,,
,11433,,5.027500833421072e-07,,,,
,11434,,5.027500833421072e-07,,,,
,11435,,1.91299159268965e-06,,,,
,11436,,1.8088435354002286e-06,,,,
,11437,,1.8088435354002286e-06,,,,
,11438,,1.4013713553140406e-05,,,,
,11439,,1.933223302330589e-06,,,,
,11440,,1.6844497849888285e-06,,,,
,11441,,1.6844497849888285e-06,,,,
,11442,,1.163699153039488e-06,,,,
,11443,,1.2488477523220354e-06,,,,
,11444,,1.2488477523220354e-06,,,,
,11445,,5.949779733782634e-06,,,,
,11446,,7.90866124589229e-06,,,,
,11447,,9.820518016567803e-07,,,,
,11448,,9.820518016567803e-07,,,,
,11449,,8.401380000577774e-07,,,,
,11450,,9.173893431579927e-07,,,,
,11451,,9.173893431579927e-07,,,,
,11452,,5.390317028286518e-07,,,,
,11453,,6.737896569575241e-07,,,,
,11454,,6.737896569575241e-07,,,,
,11455,,4.7115895540628117e-07,,,,
,11456,,8.862910476636898e-07,,,,
,11457,,8.862910476636898e-07,,,,
,11458,,7.722657073827577e-07,,,,
,11459,,5.279246124700876e-07,,,,
,11460,,5.279246124700876e-07,,,,
,11461,,1.0558483154454734e-06,,,,
,11462,,2.5499973617115756e-06,,,,
,11463,,1.0274657142872456e-06,,,,
,11464,,1.0274657142872456e-06,,,,
,11465,,5.338484925232478e-07,,,,
,11466,,5.338484925232478e-07,,,,
,11467,,5.338484925232478e-07,,,,
,11468,,0.004328252747654915,,,,
,11469,,0.13540637493133545,,,,
,11470,,0.13540637493133545,,,,
,11471,,6.390333965100581e-06,,,,
,11472,,7.400886261166306e-06,,,,
,11473,,7.400886261166306e-06,,,,
,11474,,1.4248167872210615e-06,,,,
,11475,,1.6234934037129278e-06,,,,
,11476,,1.6234934037129278e-06,,,,
,11477,,1.3890288528273231e-06,,,,
,11478,,1.243167730535788e-06,,,,
,11479,,1.243167730535788e-06,,,,
,11480,,5.56307782062504e-07,,,,
,11481,,2.9386960704869125e-06,,,,
,11482,,5.960440034868952e-07,,,,
,11483,,5.960440034868952e-07,,,,
,11484,,8.344593425135827e-07,,,,
,11485,,9.225706207871553e-07,,,,
,11486,,9.225706207871553e-07,,,,
,11487,,2.2933122636459302e-06,,,,
,11488,,2.1664566247636685e-06,,,,
,11489,,2.202740233769873e-06,,,,
,11490,,2.202740233769873e-06,,,,
,11491,,3.7160791634960333e-06,,,,
,11492,,4.052954864164349e-06,,,,
,11493,,4.052954864164349e-06,,,,
,11494,,3.4910208341898397e-06,,,,
,11495,,3.604556923164637e-06,,,,
,11496,,3.604556923164637e-06,,,,
,11497,,2.1396250303951092e-05,,,,
,11498,,2.1396250303951092e-05,,,,
,11499,,2.1396250303951092e-05,,,,
,11500,,1.1693783790178713e-06,,,,
,11501,,1.9591625459725037e-06,,,,
,11502,,1.9591625459725037e-06,,,,
,11503,,8.551913310839154e-07,,,,
,11504,,8.914730074138788e-07,,,,
,11505,,8.914730074138788e-07,,,,
,11506,,1.7427070133635425e-06,,,,
,11507,,5.566238996834727e-06,,,,
,11508,,1.7483840792920091e-06,,,,
,11509,,1.7483840792920091e-06,,,,
,11510,,2.4929938717832556e-06,,,,
,11511,,1.2204640142954304e-06,,,,
,11512,,1.2204640142954304e-06,,,,
,11513,,1.975451141333906e-06,,,,
,11514,,7.675610504520591e-06,,,,
,11515,,7.675610504520591e-06,,,,
,11516,,7.56715223815263e-07,,,,
,11517,,8.13728945558978e-07,,,,
,11518,,8.13728945558978e-07,,,,
,11519,,0.003390665166079998,,,,
,11520,,0.06812144815921783,,,,
,11521,,0.06812144815921783,,,,
,11522,,1.5237859543049126e-06,,,,
,11523,,6.5733529481804e-06,,,,
,11524,,4.0304050230588473e-07,,,,
,11525,,4.0304050230588473e-07,,,,
,11526,,1.8165208359732787e-07,,,,
,11527,,1.589455962403008e-07,,,,
,11528,,1.589455962403008e-07,,,,
,11529,,2.02137258042967e-07,,,,
,11530,,2.02137258042967e-07,,,,
,11531,,2.02137258042967e-07,,,,
,11532,,1.3623912309412844e-07,,,,
,11533,,2.0732036887238792e-07,,,,
,11534,,2.0732036887238792e-07,,,,
,11535,,2.4360136308132496e-07,,,,
,11536,,2.3841833751703234e-07,,,,
,11537,,2.3841833751703234e-07,,,,
,11538,,2.5544810000610596e-07,,,,
,11539,,3.292442443125765e-07,,,,
,11540,,3.292442443125765e-07,,,,
,11541,,2.2286920398073562e-07,,,,
,11570,28,,0.001542097539640963,,,
,11570,28,,,0.004097804427146912,0.9647355079650879,0.9647355079650879
0.0004485767858568579,11571,29,,,,,
0.00011307415115879849,11572,29,,,,,
9.94080473901704e-05,11573,29,,,,,
2.911551018769387e-05,11574,29,,,,,
8.798751309768704e-07,11575,29,,,,,
6.153847061796114e-05,11576,29,,,,,
2.5701274353195913e-05,11577,29,,,,,
0.0008895256905816495,11578,29,,,,,
1.6904301446629688e-05,11579,29,,,,,
5.903632427362027e-06,11580,29,,,,,
1.6274575500574429e-06,11581,29,,,,,
1.7880032828543335e-05,11582,29,,,,,
1.7143350987680606e-06,11583,29,,,,,
0.00013903315993957222,11584,29,,,,,
4.144152990193106e-05,11585,29,,,,,
0.0005203763139434159,11586,29,,,,,
0.00012190000416012481,11587,29,,,,,
9.927155042532831e-05,11588,29,,,,,
5.988712473481428e-06,11589,29,,,,,
1.1417284440540243e-05,11590,29,,,,,
0.0016477714525535703,11591,29,,,,,
0.0005069366306997836,11592,29,,,,,
9.064805453817826e-06,11593,29,,,,,
0.04540736600756645,11594,29,,,,,
1.2516618880908936e-05,11595,29,,,,,
0.0004300694272387773,11596,29,,,,,
1.5614188669133e-05,11597,29,,,,,
0.00021687522530555725,11598,29,,,,,
3.156403181492351e-05,11599,29,,,,,
0.02350497432053089,11600,29,,,,,
0.0002518549154046923,11601,29,,,,,
2.415755261608865e-05,11602,29,,,,,
3.850925622828072e-06,11603,29,,,,,
2.4910095817176625e-05,11604,29,,,,,
5.819060970679857e-05,11605,29,,,,,
6.045522695785621e-06,11606,29,,,,,
0.00015983523917384446,11607,29,,,,,
0.0009143160423263907,11608,29,,,,,
6.768787898181472e-06,11609,29,,,,,
5.8908743085339665e-05,11610,29,,,,,
2.7399237296776846e-05,11611,29,,,,,
0.28605613112449646,11612,29,,,,,
4.1255962059949525e-06,11613,29,,,,,
0.0007604908314533532,11614,29,,,,,
0.00040840127621777356,11615,29,,,,,
1.9436179172771517e-06,11616,29,,,,,
0.0009405980235897005,11617,29,,,,,
9.401757779414766e-06,11618,29,,,,,
0.004434298723936081,11619,29,,,,,
0.06594876199960709,11620,29,,,,,
0.002240612870082259,11621,29,,,,,
0.06280206888914108,11622,29,,,,,
0.0032624679151922464,11623,29,,,,,
8.894815255189314e-05,11624,29,,,,,
0.0006036998820491135,11625,29,,,,,
0.002973750699311495,11626,29,,,,,
0.018931671977043152,11627,29,,,,,
9.838351252255961e-05,11628,29,,,,,
0.0015395429218187928,11629,29,,,,,
0.0016648243181407452,11630,29,,,,,
0.032443758100271225,11631,29,,,,,
0.01729688048362732,11632,29,,,,,
0.001452589756809175,11633,29,,,,,
2.7404257707530633e-05,11634,29,,,,,
2.965341991512105e-05,11635,29,,,,,
0.0008870700257830322,11636,29,,,,,
0.00040222209645435214,11637,29,,,,,
3.41310296789743e-05,11638,29,,,,,
0.001446667592972517,11639,29,,,,,
9.227471309714019e-05,11640,29,,,,,
0.00014605771866627038,11641,29,,,,,
0.003029142040759325,11642,29,,,,,
0.015053976327180862,11643,29,,,,,
0.0001680591085460037,11644,29,,,,,
7.593390910187736e-05,11645,29,,,,,
0.0004973611794412136,11646,29,,,,,
2.0452045646379702e-05,11647,29,,,,,
9.883881284622476e-05,11648,29,,,,,
0.00034263203269802034,11649,29,,,,,
0.00010350575030315667,11650,29,,,,,
6.461595330620185e-05,11651,29,,,,,
0.0006020652363076806,11652,29,,,,,
0.0003556856536306441,11653,29,,,,,
0.0005074317450635135,11654,29,,,,,
0.004452159162610769,11655,29,,,,,
0.014560461044311523,11656,29,,,,,
0.0010475098388269544,11657,29,,,,,
0.0004247083270456642,11658,29,,,,,
0.0001848279352998361,11659,29,,,,,
8.224009798141196e-05,11660,29,,,,,
0.01001028437167406,11661,29,,,,,
5.9190435422351584e-05,11662,29,,,,,
1.3958406270830892e-05,11663,29,,,,,
4.785853889188729e-05,11664,29,,,,,
0.0023925716523081064,11665,29,,,,,
0.00016349309589713812,11666,29,,,,,
2.562835652497597e-05,11667,29,,,,,
0.001040036790072918,11668,29,,,,,
3.474553159321658e-05,11669,29,,,,,
0.0002130174689227715,11670,29,,,,,
0.00012698123464360833,11671,29,,,,,
0.26827096939086914,11672,29,,,,,
0.0032210289500653744,11673,29,,,,,
3.680594818433747e-05,11674,29,,,,,
0.23058126866817474,11675,29,,,,,
0.00023608664923813194,11676,29,,,,,
0.0017846779664978385,11677,29,,,,,
0.0001259440032299608,11678,29,,,,,
0.00015747446741443127,11679,29,,,,,
0.09537765383720398,11680,29,,,,,
0.030468834564089775,11681,29,,,,,
0.0010496967006474733,11682,29,,,,,
0.00044847180834040046,11683,29,,,,,
0.0004939223290421069,11684,29,,,,,
0.0005154678365215659,11685,29,,,,,
0.0005795717006549239,11686,29,,,,,
0.002347009489312768,11687,29,,,,,
7.097743218764663e-05,11688,29,,,,,
0.006809016689658165,11689,29,,,,,
0.32319939136505127,11690,29,,,,,
0.0013782853493466973,11691,29,,,,,
0.00867390725761652,11692,29,,,,,
0.0009712694445624948,11693,29,,,,,
0.02230440080165863,11694,29,,,,,
0.030436614528298378,11695,29,,,,,
0.009533999487757683,11696,29,,,,,
0.0004482068179640919,11697,29,,,,,
0.002669160719960928,11698,29,,,,,
0.0007944128010421991,11699,29,,,,,
0.0015579793835058808,11700,29,,,,,
7.909592386567965e-05,11701,29,,,,,
0.0005070855841040611,11702,29,,,,,
0.0002976770047098398,11703,29,,,,,
0.00011258892482146621,11704,29,,,,,
0.009764259681105614,11705,29,,,,,
0.001453869161196053,11706,29,,,,,
0.005425992887467146,11707,29,,,,,
0.0009063646430149674,11708,29,,,,,
0.000315049197524786,11709,29,,,,,
0.000269546260824427,11710,29,,,,,
0.0005035847425460815,11711,29,,,,,
0.0010417017620056868,11712,29,,,,,
0.0005742631619796157,11713,29,,,,,
0.002466399921104312,11714,29,,,,,
0.01303191389888525,11715,29,,,,,
0.00012227024126332253,11716,29,,,,,
0.001977714244276285,11717,29,,,,,
0.0002620565937831998,11718,29,,,,,
0.0006908774957992136,11719,29,,,,,
0.00048460729885846376,11720,29,,,,,
0.00028567868866957724,11721,29,,,,,
0.004008423537015915,11722,29,,,,,
0.006961169186979532,11723,29,,,,,
0.06316725164651871,11724,29,,,,,
0.0005257949233055115,11725,29,,,,,
1.6297206457238644e-05,11726,29,,,,,
0.0004578211810439825,11727,29,,,,,
0.0003202474908903241,11728,29,,,,,
0.0025193856563419104,11729,29,,,,,
0.00012947310460731387,11730,29,,,,,
0.0004458590119611472,11731,29,,,,,
0.002811587881296873,11732,29,,,,,
0.009809779934585094,11733,29,,,,,
0.0016457337187603116,11734,29,,,,,
0.0015335932839661837,11735,29,,,,,
7.153173646656796e-05,11736,29,,,,,
0.00021235915482975543,11737,29,,,,,
0.0012089130468666553,11738,29,,,,,
0.0002622688771225512,11739,29,,,,,
0.0005322942743077874,11740,29,,,,,
0.00028845571796409786,11741,29,,,,,
0.0001235579838976264,11742,29,,,,,
9.35823773033917e-05,11743,29,,,,,
0.0007663379656150937,11744,29,,,,,
0.046277400106191635,11745,29,,,,,
0.00047783314948901534,11746,29,,,,,
0.026944270357489586,11747,29,,,,,
5.034770947531797e-05,11748,29,,,,,
0.00035561679396778345,11749,29,,,,,
5.10108657181263e-05,11750,29,,,,,
9.219823550665751e-05,11751,29,,,,,
0.0003257652570027858,11752,29,,,,,
8.954583609011024e-05,11753,29,,,,,
0.0013972728047519922,11754,29,,,,,
0.00020461757958400995,11755,29,,,,,
0.0003848895139526576,11756,29,,,,,
0.0002641855098772794,11757,29,,,,,
4.6602632210124284e-05,11758,29,,,,,
0.16793112456798553,11759,29,,,,,
0.00012175978918094188,11760,29,,,,,
0.0009561083279550076,11761,29,,,,,
0.00011185065523022786,11762,29,,,,,
0.000498353794682771,11763,29,,,,,
0.00027730839792639017,11764,29,,,,,
8.792812877800316e-05,11765,29,,,,,
0.0013421733165159822,11766,29,,,,,
0.0037599969655275345,11767,29,,,,,
0.0010546337580308318,11768,29,,,,,
6.12621515756473e-05,11769,29,,,,,
0.009860488586127758,11770,29,,,,,
0.0012730960734188557,11771,29,,,,,
3.840063436655328e-05,11772,29,,,,,
0.001437923638150096,11773,29,,,,,
3.671987360576168e-05,11774,29,,,,,
0.00010693575313780457,11775,29,,,,,
0.002458798000589013,11776,29,,,,,
5.9540925576584414e-05,11777,29,,,,,
0.020783355459570885,11778,29,,,,,
0.006162813864648342,11779,29,,,,,
0.00033602365874685347,11780,29,,,,,
0.00046467012725770473,11781,29,,,,,
9.836531535256654e-05,11782,29,,,,,
0.00010890924750128761,11783,29,,,,,
0.00019836818682961166,11784,29,,,,,
0.025615887716412544,11785,29,,,,,
0.007229757495224476,11786,29,,,,,
0.0011874402407556772,11787,29,,,,,
4.264778908691369e-05,11788,29,,,,,
6.467093044193462e-05,11789,29,,,,,
1.642467759666033e-05,11790,29,,,,,
8.370489376829937e-05,11791,29,,,,,
0.00012638316547963768,11792,29,,,,,
0.00010521880176384002,11793,29,,,,,
4.2996409320039675e-05,11794,29,,,,,
1.6830537788337097e-05,11795,29,,,,,
0.0006196069880388677,11796,29,,,,,
0.0033420780673623085,11797,29,,,,,
0.0011538005201146007,11798,29,,,,,
6.165467493701726e-05,11799,29,,,,,
6.920352461747825e-05,11800,29,,,,,
0.0016819245647639036,11801,29,,,,,
0.0001753767137415707,11802,29,,,,,
0.00012974200944881886,11803,29,,,,,
0.0013442381750792265,11804,29,,,,,
0.0008976129465736449,11805,29,,,,,
0.00029195434763096273,11806,29,,,,,
0.0007142956601455808,11807,29,,,,,
0.07286787033081055,11808,29,,,,,
0.00025370166986249387,11809,29,,,,,
1.4565897799911909e-05,11810,29,,,,,
0.002500116126611829,11811,29,,,,,
1.4122713764663786e-05,11812,29,,,,,
0.00011645767517620698,11813,29,,,,,
9.7863130577025e-06,11814,29,,,,,
0.0013541551306843758,11815,29,,,,,
0.0889410674571991,11816,29,,,,,
0.03007011115550995,11817,29,,,,,
0.00031177469645626843,11818,29,,,,,
1.1474919119791593e-05,11819,29,,,,,
1.699476342764683e-05,11820,29,,,,,
7.301761797862127e-05,11821,29,,,,,
0.001667145173996687,11822,29,,,,,
0.0001148549490608275,11823,29,,,,,
0.005040106363594532,11824,29,,,,,
0.13574793934822083,11825,29,,,,,
0.00011215716222068295,11826,29,,,,,
5.8585759688867256e-05,11827,29,,,,,
0.00010361938620917499,11828,29,,,,,
0.001982180867344141,11829,29,,,,,
2.4391099941567518e-05,11830,29,,,,,
0.006890024524182081,11831,29,,,,,
2.0491686882451177e-05,11832,29,,,,,
0.0005255459109321237,11833,29,,,,,
0.00010597603250062093,11834,29,,,,,
7.806407666066661e-05,11835,29,,,,,
0.0008701984770596027,11836,29,,,,,
3.0980205337982625e-05,11837,29,,,,,
0.013516522943973541,11838,29,,,,,
0.07078013569116592,11839,29,,,,,
0.00025536169414408505,11840,29,,,,,
0.00018185137014370412,11841,29,,,,,
3.643232776084915e-05,11842,29,,,,,
0.0008632225217297673,11843,29,,,,,
1.589554813108407e-05,11844,29,,,,,
0.004300655331462622,11845,29,,,,,
0.00010989735892508179,11846,29,,,,,
0.00048101102584041655,11847,29,,,,,
0.0023498795926570892,11848,29,,,,,
0.0006048896466381848,11849,29,,,,,
0.0005076174857094884,11850,29,,,,,
1.862684075604193e-05,11851,29,,,,,
0.21829740703105927,11852,29,,,,,
8.292955317301676e-05,11853,29,,,,,
6.746569852111861e-05,11854,29,,,,,
0.03730751946568489,11855,29,,,,,
0.0003832197980955243,11856,29,,,,,
1.8884995370171964e-05,11857,29,,,,,
0.00043959604226984084,11858,29,,,,,
0.0003357061941642314,11859,29,,,,,
0.00037796382093802094,11860,29,,,,,
0.0010427450761198997,11861,29,,,,,
0.002779870992526412,11862,29,,,,,
0.0001367385993944481,11863,29,,,,,
1.9725581296370365e-05,11864,29,,,,,
0.00011754049046430737,11865,29,,,,,
5.016954310121946e-05,11866,29,,,,,
0.0003032066742889583,11867,29,,,,,
0.0006879707798361778,11868,29,,,,,
0.00034759248956106603,11869,29,,,,,
0.00034848370705731213,11870,29,,,,,
0.010344129055738449,11871,29,,,,,
8.2824204582721e-05,11872,29,,,,,
0.004023092333227396,11873,29,,,,,
0.16600219905376434,11874,29,,,,,
0.5506062507629395,11875,29,,,,,
0.0006718361983075738,11876,29,,,,,
0.25186410546302795,11877,29,,,,,
0.028020430356264114,11878,29,,,,,
0.004719810094684362,11879,29,,,,,
0.00020691168901976198,11880,29,,,,,
0.00011504378926474601,11881,29,,,,,
0.00030617075390182436,11882,29,,,,,
0.0027637206949293613,11883,29,,,,,
2.6037303541670553e-05,11884,29,,,,,
0.0003102728514932096,11885,29,,,,,
0.00012183226499473676,11886,29,,,,,
0.0005428491858765483,11887,29,,,,,
0.0002134748501703143,11888,29,,,,,
0.003300116630271077,11889,29,,,,,
0.007657549809664488,11890,29,,,,,
0.011192808859050274,11891,29,,,,,
0.003925531171262264,11892,29,,,,,
0.0014297259040176868,11893,29,,,,,
0.0006250985898077488,11894,29,,,,,
0.0005855245399288833,11895,29,,,,,
0.019193274900317192,11896,29,,,,,
0.0008281859918497503,11897,29,,,,,
0.0040926095098257065,11898,29,,,,,
0.0004039831110276282,11899,29,,,,,
0.031753212213516235,11900,29,,,,,
0.0005150745855644345,11901,29,,,,,
0.012390951626002789,11902,29,,,,,
0.0002808285935316235,11903,29,,,,,
0.0003494264674372971,11904,29,,,,,
0.00030206062365323305,11905,29,,,,,
0.0007421491900458932,11906,29,,,,,
0.00016556719492655247,11907,29,,,,,
0.008919984102249146,11908,29,,,,,
5.260235775494948e-05,11909,29,,,,,
0.000880005827639252,11910,29,,,,,
0.002520326990634203,11911,29,,,,,
0.00091220234753564,11912,29,,,,,
0.021021369844675064,11913,29,,,,,
0.008183746598660946,11914,29,,,,,
4.313802128308453e-05,11915,29,,,,,
0.0014829870779067278,11916,29,,,,,
0.0010287833865731955,11917,29,,,,,
0.008254487998783588,11918,29,,,,,
0.0013391755055636168,11919,29,,,,,
0.0028205488342791796,11920,29,,,,,
0.0032885042019188404,11921,29,,,,,
7.089069549692795e-05,11922,29,,,,,
0.007151911035180092,11923,29,,,,,
0.00015589952818118036,11924,29,,,,,
0.0016716361278668046,11925,29,,,,,
0.00011439968511695042,11926,29,,,,,
7.213555363705382e-05,11927,29,,,,,
0.003225963329896331,11928,29,,,,,
2.271455741720274e-05,11929,29,,,,,
0.0005019515519961715,11930,29,,,,,
0.00015272069140337408,11931,29,,,,,
0.000390967121347785,11932,29,,,,,
3.9749309507897124e-05,11933,29,,,,,
0.0012039453722536564,11934,29,,,,,
6.762157863704488e-05,11935,29,,,,,
0.00015697038907092065,11936,29,,,,,
0.09617559611797333,11937,29,,,,,
0.00046681714593432844,11938,29,,,,,
0.002382106613367796,11939,29,,,,,
0.011542941443622112,11940,29,,,,,
8.201952732633799e-05,11941,29,,,,,
0.0006077977013774216,11942,29,,,,,
8.397704368690029e-05,11943,29,,,,,
0.00026860047364607453,11944,29,,,,,
8.67661292431876e-05,11945,29,,,,,
0.08684984594583511,11946,29,,,,,
0.0024836186785250902,11947,29,,,,,
0.0011260372120887041,11948,29,,,,,
0.0002844491973519325,11949,29,,,,,
0.002417931566014886,11950,29,,,,,
0.004244137555360794,11951,29,,,,,
0.00017821286746766418,11952,29,,,,,
0.00010689409828046337,11953,29,,,,,
4.528562931227498e-05,11954,29,,,,,
0.0001810613612178713,11955,29,,,,,
2.0899435185128823e-05,11956,29,,,,,
0.006236945744603872,11957,29,,,,,
0.0005578890559263527,11958,29,,,,,
0.001626901444979012,11959,29,,,,,
0.00010653416393324733,11960,29,,,,,
0.00010889949044212699,11961,29,,,,,
0.00010304477473255247,11962,29,,,,,
0.0005512660136446357,11963,29,,,,,
0.0008900265675038099,11964,29,,,,,
5.375398905016482e-05,11965,29,,,,,
0.00016875090659596026,11966,29,,,,,
1.6387548384955153e-05,11967,29,,,,,
0.0003505183558445424,11968,29,,,,,
3.402770380489528e-05,11969,29,,,,,
,11542,,2.543100890761707e-06,,,,
,11543,,3.663374445750378e-05,,,,
,11544,,6.027723884471925e-06,,,,
,11545,,6.027723884471925e-06,,,,
,11546,,1.1454435480118264e-06,,,,
,11547,,6.405935437214794e-06,,,,
,11548,,6.405935437214794e-06,,,,
,11549,,1.6805821360321715e-05,,,,
,11550,,1.4887817997077946e-05,,,,
,11551,,1.4887817997077946e-05,,,,
,11552,,4.157966759521514e-05,,,,
,11553,,4.684468876803294e-05,,,,
,11554,,4.684468876803294e-05,,,,
,11555,,0.00015372976486105472,,,,
,11556,,0.00024395911896135658,,,,
,11557,,0.00024395911896135658,,,,
,11558,,4.24700956500601e-05,,,,
,11559,,3.894998735631816e-05,,,,
,11560,,4.6663273678859696e-05,,,,
,11561,,4.6663273678859696e-05,,,,
,11562,,1.7698479496175423e-05,,,,
,11563,,1.7299307728535496e-05,,,,
,11564,,1.7299307728535496e-05,,,,
,11565,,2.233920713479165e-05,,,,
,11566,,3.2341846235794947e-05,,,,
,11567,,3.2341846235794947e-05,,,,
,11568,,1.687517396931071e-05,,,,
,11569,,1.9338667698320933e-05,,,,
,11570,,1.9338667698320933e-05,,,,
,11571,,3.900431329384446e-05,,,,
,11572,,3.900431329384446e-05,,,,
,11573,,3.900431329384446e-05,,,,
,11574,,6.545715586980805e-05,,,,
,11575,,6.97065843269229e-05,,,,
,11576,,6.566337833646685e-05,,,,
,11577,,6.566337833646685e-05,,,,
,11578,,1.1572430594242178e-05,,,,
,11579,,1.4376274521055166e-05,,,,
,11580,,1.4376274521055166e-05,,,,
,11581,,1.405438069923548e-05,,,,
,11582,,1.5013579286460299e-05,,,,
,11583,,1.5013579286460299e-05,,,,
,11584,,1.617355883354321e-05,,,,
,11585,,1.5705081750638783e-05,,,,
,11586,,0.0011954926885664463,,,,
,11587,,1.5705081750638783e-05,,,,
,11588,,1.0989349902956747e-05,,,,
,11589,,1.1774937775044236e-05,,,,
,11590,,1.1774937775044236e-05,,,,
,11591,,6.950015176698798e-06,,,,
,11592,,1.150050047726836e-05,,,,
,11593,,1.150050047726836e-05,,,,
,11594,,7.555191587016452e-06,,,,
,11595,,1.0018206921813544e-05,,,,
,11596,,1.0018206921813544e-05,,,,
,11597,,1.288855946768308e-05,,,,
,11598,,1.2844742741435766e-05,,,,
,11599,,1.2844742741435766e-05,,,,
,11600,,1.5092989997356199e-05,,,,
,11601,,1.7170259525300935e-05,,,,
,11602,,2.0712872355943546e-05,,,,
,11603,,1.7170259525300935e-05,,,,
,11604,,1.534562761662528e-05,,,,
,11605,,1.534562761662528e-05,,,,
,11606,,1.534562761662528e-05,,,,
,11607,,0.00019378613797016442,,,,
,11608,,0.00022330545471049845,,,,
,11609,,0.00022330545471049845,,,,
,11610,,0.00011631412053247914,,,,
,11611,,8.85165500221774e-05,,,,
,11612,,8.85165500221774e-05,,,,
,11613,,1.5081132005434483e-05,,,,
,11614,,1.1959567927988246e-05,,,,
,11615,,1.1959567927988246e-05,,,,
,11616,,4.296583483665017e-06,,,,
,11617,,5.142908321431605e-06,,,,
,11618,,5.142908321431605e-06,,,,
,11619,,0.00028283262508921325,,,,
,11620,,1.0546222256380133e-05,,,,
,11621,,1.0582614777376875e-05,,,,
,11622,,1.0582614777376875e-05,,,,
,11623,,6.913471588632092e-05,,,,
,11624,,4.927305781166069e-05,,,,
,11625,,4.927305781166069e-05,,,,
,11626,,0.0001690257340669632,,,,
,11627,,8.446665560768452e-06,,,,
,11628,,0.00013993820175528526,,,,
,11629,,0.00013993820175528526,,,,
,11630,,3.1460215268452885e-06,,,,
,11631,,3.51375683749211e-06,,,,
,11632,,3.51375683749211e-06,,,,
,11633,,2.1061623556306586e-05,,,,
,11634,,2.407485226285644e-05,,,,
,11635,,2.407485226285644e-05,,,,
,11636,,1.8244085140395327e-06,,,,
,11637,,1.8244085140395327e-06,,,,
,11638,,1.8244085140395327e-06,,,,
,11639,,9.433732884644996e-06,,,,
,11640,,1.1008068213413935e-05,,,,
,11641,,1.1008068213413935e-05,,,,
,11642,,1.114344627239916e-06,,,,
,11643,,3.7783379411848728e-06,,,,
,11644,,3.7783379411848728e-06,,,,
,11645,,2.55444456342957e-06,,,,
,11646,,6.573439804924419e-06,,,,
,11647,,2.3160307591751916e-06,,,,
,11648,,2.3160307591751916e-06,,,,
,11649,,1.7829457874540822e-06,,,,
,11650,,2.344433141843183e-06,,,,
,11651,,2.344433141843183e-06,,,,
,11652,,3.0258601327659562e-05,,,,
,11653,,2.6783154680742882e-05,,,,
,11654,,2.6783154680742882e-05,,,,
,11655,,2.531209793232847e-05,,,,
,11656,,2.5589000870240852e-05,,,,
,11657,,2.5589000870240852e-05,,,,
,11658,,0.0002274039143230766,,,,
,11659,,0.0004455246089491993,,,,
,11660,,0.0004455246089491993,,,,
,11661,,3.188017217325978e-05,,,,
,11662,,3.507455767248757e-05,,,,
,11663,,3.326687146909535e-05,,,,
,11664,,3.326687146909535e-05,,,,
,11665,,1.0325005860067904e-05,,,,
,11666,,1.0682526408345439e-05,,,,
,11667,,1.0682526408345439e-05,,,,
,11668,,2.6018401513283607e-06,,,,
,11669,,2.6018401513283607e-06,,,,
,11670,,2.6018401513283607e-06,,,,
,11671,,7.827145600458607e-05,,,,
,11672,,1.1295386684651021e-05,,,,
,11673,,1.5692767192376778e-05,,,,
,11674,,1.5692767192376778e-05,,,,
,11675,,4.210829138173722e-05,,,,
,11676,,5.571489964495413e-05,,,,
,11677,,5.571489964495413e-05,,,,
,11678,,0.00019039688049815595,,,,
,11679,,0.00019606159185059369,,,,
,11680,,0.00019606159185059369,,,,
,11681,,2.026538368227193e-06,,,,
,11682,,2.4579605906183133e-06,,,,
,11683,,2.4579605906183133e-06,,,,
,11684,,1.1953630746575072e-05,,,,
,11685,,1.0888302313105669e-05,,,,
,11686,,1.0888302313105669e-05,,,,
,11687,,2.1250166355457623e-06,,,,
,11688,,7.2871257543738466e-06,,,,
,11689,,7.2871257543738466e-06,,,,
,11690,,1.8175565855926834e-05,,,,
,11691,,9.80264667305164e-06,,,,
,11692,,1.2329453966231085e-05,,,,
,11693,,1.2329453966231085e-05,,,,
,11694,,1.2283701380511047e-06,,,,
,11695,,1.1353232594046858e-06,,,,
,11696,,1.1353232594046858e-06,,,,
,11697,,3.0823430279269814e-06,,,,
,11698,,4.603594334184891e-06,,,,
,11699,,4.603594334184891e-06,,,,
,11700,,1.6326415561707108e-06,,,,
,11701,,1.6326415561707108e-06,,,,
,11702,,1.6326415561707108e-06,,,,
,11703,,1.959190376510378e-05,,,,
,11704,,2.2215788703761064e-05,,,,
,11705,,2.0678629880421795e-05,,,,
,11706,,2.2215788703761064e-05,,,,
,11707,,0.00013884592044632882,,,,
,11708,,0.0003348470781929791,,,,
,11709,,0.0003348470781929791,,,,
,11710,,0.00027853678329847753,,,,
,11711,,0.0003035120607819408,,,,
,11712,,0.0003035120607819408,,,,
,11713,,0.0007574117626063526,,,,
,11714,,0.0008899745298549533,,,,
,11715,,0.0008899745298549533,,,,
,11716,,0.004107881803065538,,,,
,11717,,5.772661461378448e-05,,,,
,11718,,3.495669807307422e-05,,,,
,11719,,3.495669807307422e-05,,,,
,11720,,5.8772420743480325e-06,,,,
,11721,,9.20470029086573e-06,,,,
,11722,,9.20470029086573e-06,,,,
,11723,,2.532294274715241e-05,,,,
,11724,,2.7624260837910697e-05,,,,
,11725,,2.7624260837910697e-05,,,,
,11726,,0.0001672244688961655,,,,
,11727,,0.000166925965459086,,,,
,11728,,0.000166925965459086,,,,
,11729,,0.00035491184098646045,,,,
,11730,,0.00046892580576241016,,,,
,11731,,0.00046892580576241016,,,,
,11732,,0.00014063020353205502,,,,
,11733,,7.297334377653897e-06,,,,
,11734,,7.297334377653897e-06,,,,
,11735,,7.297334377653897e-06,,,,
,11736,,2.3677468561800197e-05,,,,
,11737,,2.4102180759655312e-05,,,,
,11738,,2.4102180759655312e-05,,,,
,11739,,3.871621629514266e-06,,,,
,11740,,7.0487135417351965e-06,,,,
,11741,,7.0487135417351965e-06,,,,
,11742,,1.6255353330052458e-05,,,,
,11743,,1.2765226529154461e-05,,,,
,11744,,1.2765226529154461e-05,,,,
,11745,,1.254285507457098e-06,,,,
,11746,,1.6405422229581745e-06,,,,
,11747,,1.6405422229581745e-06,,,,
,11748,,7.057854963932186e-05,,,,
,11749,,3.7748673094029073e-06,,,,
,11750,,3.7627632991643623e-06,,,,
,11751,,3.7627632991643623e-06,,,,
,11752,,2.10947450796084e-06,,,,
,11753,,8.935199730331078e-06,,,,
,11754,,8.935199730331078e-06,,,,
,11755,,6.286803545663133e-05,,,,
,11756,,5.7088931498583406e-05,,,,
,11757,,2.9022758099017665e-05,,,,
,11758,,5.7088931498583406e-05,,,,
,11759,,3.041425225092098e-05,,,,
,11760,,2.6190913558821194e-05,,,,
,11761,,2.6190913558821194e-05,,,,
,11762,,0.0003764393040910363,,,,
,11763,,0.0005733681027777493,,,,
,11764,,0.0005733681027777493,,,,
,11765,,3.4261342079844326e-05,,,,
,11766,,3.4261342079844326e-05,,,,
,11767,,3.4261342079844326e-05,,,,
,11768,,1.3651617337018251e-05,,,,
,11769,,1.3713615771848708e-05,,,,
,11770,,1.3713615771848708e-05,,,,
,11771,,7.836168151698075e-06,,,,
,11772,,1.1184197319380473e-05,,,,
,11773,,1.1184197319380473e-05,,,,
,11774,,8.33293506730115e-06,,,,
,11775,,1.5598930986016057e-05,,,,
,11776,,9.03670570551185e-06,,,,
,11777,,9.03670570551185e-06,,,,
,11778,,1.2257056368980557e-05,,,,
,11779,,1.4412040400202386e-05,,,,
,11780,,1.4412040400202386e-05,,,,
,11781,,3.406475661904551e-05,,,,
,11782,,0.21586692333221436,,,,
,11783,,3.287944127805531e-05,,,,
,11784,,3.287944127805531e-05,,,,
,11785,,1.2727806279144716e-05,,,,
,11786,,1.8050288417725824e-05,,,,
,11787,,1.8050288417725824e-05,,,,
,11788,,1.5722634998383e-05,,,,
,11789,,1.835118564486038e-05,,,,
,11790,,1.835118564486038e-05,,,,
,11791,,7.784336048644036e-06,,,,
,11792,,3.762635969906114e-05,,,,
,11793,,8.321342647832353e-06,,,,
,11794,,8.321342647832353e-06,,,,
,11795,,1.578536284796428e-05,,,,
,11796,,1.664244155108463e-05,,,,
,11797,,1.664244155108463e-05,,,,
,11798,,6.784159268136136e-06,,,,
,11799,,6.784159268136136e-06,,,,
,11800,,6.784159268136136e-06,,,,
,11801,,6.465341812145198e-06,,,,
,11802,,4.377150253276341e-05,,,,
,11803,,1.0007905075326562e-05,,,,
,11804,,1.0007905075326562e-05,,,,
,11805,,9.810555638978258e-06,,,,
,11806,,1.5516696294071153e-05,,,,
,11807,,1.5516696294071153e-05,,,,
,11808,,1.7868496797746047e-05,,,,
,11809,,1.8748150978353806e-05,,,,
,11810,,1.8748150978353806e-05,,,,
,11811,,9.51013407757273e-06,,,,
,11812,,1.0075348654936533e-05,,,,
,11813,,1.0075348654936533e-05,,,,
,11814,,0.002951867412775755,,,,
,11815,,0.005317570175975561,,,,
,11816,,0.005317570175975561,,,,
,11817,,1.4262180229707155e-05,,,,
,11818,,0.00012822553981095552,,,,
,11819,,1.9460663679637946e-05,,,,
,11820,,1.9460663679637946e-05,,,,
,11821,,7.351119620579993e-06,,,,
,11822,,7.986889613675885e-06,,,,
,11823,,7.986889613675885e-06,,,,
,11824,,2.2131366677058395e-06,,,,
,11825,,2.5544727577653248e-06,,,,
,11826,,2.5544727577653248e-06,,,,
,11827,,3.6103128877584822e-06,,,,
,11828,,4.541265298030339e-06,,,,
,11829,,4.541265298030339e-06,,,,
,11830,,4.104905656276969e-06,,,,
,11831,,4.104905656276969e-06,,,,
,11832,,4.104905656276969e-06,,,,
,11833,,1.6244810467469506e-05,,,,
,11834,,2.253823731734883e-05,,,,
,11835,,2.253823731734883e-05,,,,
,11836,,3.436615952523425e-05,,,,
,11837,,3.56064651896304e-06,,,,
,11838,,6.789550297980895e-06,,,,
,11839,,6.789550297980895e-06,,,,
,11840,,5.267786491458537e-06,,,,
,11841,,5.835423507960513e-06,,,,
,11842,,5.835423507960513e-06,,,,
,11843,,2.731425183810643e-06,,,,
,11844,,1.1396611625968944e-05,,,,
,11845,,3.337828275107313e-06,,,,
,11846,,3.337828275107313e-06,,,,
,11847,,4.019003881694516e-06,,,,
,11848,,4.063424512423808e-06,,,,
,11849,,4.063424512423808e-06,,,,
,11850,,3.1616159503755625e-06,,,,
,11851,,8.779813470027875e-06,,,,
,11852,,8.779813470027875e-06,,,,
,11853,,2.384169420110993e-06,,,,
,11854,,4.882316261500819e-06,,,,
,11855,,4.882316261500819e-06,,,,
,11856,,2.9853838441340486e-06,,,,
,11857,,2.951817123175715e-06,,,,
,11858,,2.951817123175715e-06,,,,
,11859,,5.948944362899056e-06,,,,
,11860,,1.6823361875140108e-05,,,,
,11861,,6.783363005524734e-06,,,,
,11862,,6.783363005524734e-06,,,,
,11863,,3.5866139569407096e-06,,,,
,11864,,3.5866139569407096e-06,,,,
,11865,,3.5866139569407096e-06,,,,
,11866,,0.002346725668758154,,,,
,11867,,0.0043435185216367245,,,,
,11868,,0.0043435185216367245,,,,
,11869,,6.519117596326396e-05,,,,
,11870,,5.8652098232414573e-05,,,,
,11871,,5.8652098232414573e-05,,,,
,11872,,1.0172161637456156e-05,,,,
,11873,,1.0370769814471714e-05,,,,
,11874,,1.0370769814471714e-05,,,,
,11875,,5.224308551987633e-06,,,,
,11876,,5.51186849406804e-06,,,,
,11877,,5.51186849406804e-06,,,,
,11878,,8.491954758937936e-06,,,,
,11879,,0.0006115999422036111,,,,
,11880,,8.390992661588825e-06,,,,
,11881,,8.390992661588825e-06,,,,
,11882,,1.2967089787707664e-05,,,,
,11883,,1.470874030928826e-05,,,,
,11884,,1.470874030928826e-05,,,,
,11885,,4.2051251512020826e-05,,,,
,11886,,0.03509150817990303,,,,
,11887,,4.245702439220622e-05,,,,
,11888,,4.245702439220622e-05,,,,
,11889,,1.2075069207639899e-05,,,,
,11890,,1.3735775610257406e-05,,,,
,11891,,1.3735775610257406e-05,,,,
,11892,,1.0756616575235967e-05,,,,
,11893,,1.2345901268417947e-05,,,,
,11894,,1.2345901268417947e-05,,,,
,11895,,6.882699835841777e-06,,,,
,11896,,6.882699835841777e-06,,,,
,11897,,6.882699835841777e-06,,,,
,11898,,1.201108989334898e-05,,,,
,11899,,1.4190417459758464e-05,,,,
,11900,,1.4190417459758464e-05,,,,
,11901,,4.270701083441963e-06,,,,
,11902,,6.836221018602373e-06,,,,
,11903,,6.836221018602373e-06,,,,
,11904,,1.0370687050453853e-05,,,,
,11905,,2.007251896429807e-05,,,,
,11906,,1.1295798685750924e-05,,,,
,11907,,1.1295798685750924e-05,,,,
,11908,,7.9761248343857e-06,,,,
,11909,,8.247674486483447e-06,,,,
,11910,,8.247674486483447e-06,,,,
,11911,,2.9847358746337704e-05,,,,
,11912,,2.9630040444317274e-05,,,,
,11913,,2.9630040444317274e-05,,,,
,11914,,6.659971859335201e-06,,,,
,11915,,1.0417566045362037e-05,,,,
,11916,,1.0417566045362037e-05,,,,
,11917,,0.008934085257351398,,,,
,11918,,0.011551206931471825,,,,
,11919,,0.011551206931471825,,,,
,11920,,1.7246960851480253e-05,,,,
,11921,,2.099684570566751e-05,,,,
,11922,,1.9219096429878846e-05,,,,
,11923,,1.9219096429878846e-05,,,,
,11924,,4.507147878030082e-06,,,,
,11925,,4.87043598695891e-06,,,,
,11926,,4.87043598695891e-06,,,,
,11927,,2.6381080715509597e-06,,,,
,11928,,2.6381080715509597e-06,,,,
,11929,,2.6381080715509597e-06,,,,
,11930,,3.0823759971099207e-06,,,,
,11931,,7.178321084211348e-06,,,,
,11932,,7.178321084211348e-06,,,,
,11933,,5.467944902193267e-06,,,,
,11934,,1.0873540304601192e-05,,,,
,11935,,1.0873540304601192e-05,,,,
,11936,,1.00471679616021e-05,,,,
,11937,,1.1046133295167238e-05,,,,
,11938,,1.1046133295167238e-05,,,,
,11939,,4.97547580380342e-06,,,,
,11969,29,,0.0008312701247632504,,,
,11969,29,,,0.010745324194431305,0.9798488616943359,0.9798488616943359
