step,csv-train_loss_step,csv-epoch,csv-val_loss_step,csv-val_loss_epoch,csv-accuracy/exact,csv-train_loss_epoch,csv-accuracy/validator
0,2.710862398147583,0,,,,,
1,2.4582977294921875,0,,,,,
2,2.1901912689208984,0,,,,,
3,2.348989248275757,0,,,,,
4,2.1270740032196045,0,,,,,
5,2.202345132827759,0,,,,,
6,1.9371975660324097,0,,,,,
7,1.8746012449264526,0,,,,,
8,1.9401819705963135,0,,,,,
9,1.8641562461853027,0,,,,,
10,1.8458236455917358,0,,,,,
11,1.7484127283096313,0,,,,,
12,1.7247060537338257,0,,,,,
13,1.689639687538147,0,,,,,
14,1.528093934059143,0,,,,,
15,1.7295379638671875,0,,,,,
16,1.5815435647964478,0,,,,,
17,1.5678750276565552,0,,,,,
18,1.5226401090621948,0,,,,,
19,1.4680776596069336,0,,,,,
20,1.423831582069397,0,,,,,
21,1.5380064249038696,0,,,,,
22,1.4212368726730347,0,,,,,
23,1.3831121921539307,0,,,,,
24,1.366290807723999,0,,,,,
25,1.4252275228500366,0,,,,,
26,1.412273645401001,0,,,,,
27,1.2723910808563232,0,,,,,
28,1.2718193531036377,0,,,,,
29,1.252418041229248,0,,,,,
30,1.3033392429351807,0,,,,,
31,1.1761696338653564,0,,,,,
32,1.200737714767456,0,,,,,
33,1.160835862159729,0,,,,,
34,1.0820376873016357,0,,,,,
35,1.1186140775680542,0,,,,,
36,1.0634921789169312,0,,,,,
37,0.9813340902328491,0,,,,,
38,1.0821731090545654,0,,,,,
39,1.0105606317520142,0,,,,,
40,1.078447699546814,0,,,,,
41,0.8979684710502625,0,,,,,
42,0.9029322266578674,0,,,,,
43,1.037091612815857,0,,,,,
44,0.8113602995872498,0,,,,,
45,0.8840766549110413,0,,,,,
46,0.8718212246894836,0,,,,,
47,0.8400921821594238,0,,,,,
48,0.7985450625419617,0,,,,,
49,0.763109564781189,0,,,,,
50,0.7701500058174133,0,,,,,
51,0.7141430974006653,0,,,,,
52,0.7909767031669617,0,,,,,
53,0.7700850963592529,0,,,,,
54,0.6593295931816101,0,,,,,
55,0.8151915073394775,0,,,,,
56,0.7053248882293701,0,,,,,
57,0.7445902824401855,0,,,,,
58,0.7695364952087402,0,,,,,
59,0.6575090885162354,0,,,,,
60,0.6459260582923889,0,,,,,
61,0.7268639206886292,0,,,,,
62,0.6053656935691833,0,,,,,
63,0.595899760723114,0,,,,,
64,0.6032892465591431,0,,,,,
65,0.6871163845062256,0,,,,,
66,0.7019761204719543,0,,,,,
67,0.6487938165664673,0,,,,,
68,0.5825102925300598,0,,,,,
69,0.5710809826850891,0,,,,,
70,0.5975948572158813,0,,,,,
71,0.4668973386287689,0,,,,,
72,0.546059787273407,0,,,,,
73,0.5607121586799622,0,,,,,
74,0.4523017108440399,0,,,,,
75,0.5255385637283325,0,,,,,
76,0.4649048149585724,0,,,,,
77,0.5043332576751709,0,,,,,
78,0.37525755167007446,0,,,,,
79,0.4406055212020874,0,,,,,
80,0.39327675104141235,0,,,,,
81,0.5643645524978638,0,,,,,
82,0.49507659673690796,0,,,,,
83,0.5122532844543457,0,,,,,
84,0.35797354578971863,0,,,,,
85,0.4012353718280792,0,,,,,
86,0.44910484552383423,0,,,,,
87,0.3945661783218384,0,,,,,
88,0.3387880027294159,0,,,,,
89,0.3623790740966797,0,,,,,
90,0.39334580302238464,0,,,,,
91,0.5380682945251465,0,,,,,
92,0.3509500324726105,0,,,,,
93,0.34683945775032043,0,,,,,
94,0.32709404826164246,0,,,,,
95,0.2442481368780136,0,,,,,
96,0.22927510738372803,0,,,,,
97,0.2924391031265259,0,,,,,
98,0.42889103293418884,0,,,,,
99,0.21096058189868927,0,,,,,
100,0.4987718462944031,0,,,,,
101,0.3485049903392792,0,,,,,
102,0.21859414875507355,0,,,,,
103,0.29468637704849243,0,,,,,
104,0.33504441380500793,0,,,,,
105,0.47318586707115173,0,,,,,
106,0.2512645125389099,0,,,,,
107,0.3652387857437134,0,,,,,
108,0.2081538587808609,0,,,,,
109,0.1800999790430069,0,,,,,
110,0.4106735289096832,0,,,,,
111,0.6156969666481018,0,,,,,
112,0.303402841091156,0,,,,,
113,0.13349084556102753,0,,,,,
114,0.1403617411851883,0,,,,,
115,0.19158802926540375,0,,,,,
116,0.18771488964557648,0,,,,,
117,0.2152099758386612,0,,,,,
118,0.30359092354774475,0,,,,,
119,0.29495739936828613,0,,,,,
120,0.20563137531280518,0,,,,,
121,0.22597907483577728,0,,,,,
122,0.17208124697208405,0,,,,,
123,0.30405858159065247,0,,,,,
124,0.26053014397621155,0,,,,,
125,0.5790351033210754,0,,,,,
126,0.29849639534950256,0,,,,,
127,0.24055887758731842,0,,,,,
128,0.275429368019104,0,,,,,
129,0.1397237777709961,0,,,,,
130,0.16257011890411377,0,,,,,
131,0.14027178287506104,0,,,,,
132,0.15286538004875183,0,,,,,
133,0.263028085231781,0,,,,,
134,0.21656692028045654,0,,,,,
135,0.35362866520881653,0,,,,,
136,0.24677984416484833,0,,,,,
137,0.15558555722236633,0,,,,,
138,0.29205867648124695,0,,,,,
139,0.13344500958919525,0,,,,,
140,0.22840246558189392,0,,,,,
141,0.15530063211917877,0,,,,,
142,0.298198938369751,0,,,,,
143,0.18951329588890076,0,,,,,
144,0.12091927230358124,0,,,,,
145,0.21094910800457,0,,,,,
146,0.23534786701202393,0,,,,,
147,0.27004700899124146,0,,,,,
148,0.24807490408420563,0,,,,,
149,0.29277756810188293,0,,,,,
150,0.10508003830909729,0,,,,,
151,0.30591824650764465,0,,,,,
152,0.12960389256477356,0,,,,,
153,0.13654354214668274,0,,,,,
154,0.14802053570747375,0,,,,,
155,0.22824743390083313,0,,,,,
156,0.10908456146717072,0,,,,,
157,0.17588253319263458,0,,,,,
158,0.24568884074687958,0,,,,,
159,0.11140399426221848,0,,,,,
160,0.0998862162232399,0,,,,,
161,0.08222489804029465,0,,,,,
162,0.11370735615491867,0,,,,,
163,0.18328726291656494,0,,,,,
164,0.22960343956947327,0,,,,,
165,0.35230785608291626,0,,,,,
166,0.14842407405376434,0,,,,,
167,0.11617087572813034,0,,,,,
168,0.3150351047515869,0,,,,,
169,0.28051263093948364,0,,,,,
170,0.12347179651260376,0,,,,,
171,0.2707168459892273,0,,,,,
172,0.163460373878479,0,,,,,
173,0.16302724182605743,0,,,,,
174,0.09679711610078812,0,,,,,
175,0.16654258966445923,0,,,,,
176,0.1726529747247696,0,,,,,
177,0.10555169731378555,0,,,,,
178,0.15986759960651398,0,,,,,
179,0.16581343114376068,0,,,,,
180,0.14531143009662628,0,,,,,
181,0.08708802610635757,0,,,,,
182,0.07554344832897186,0,,,,,
183,0.16480551660060883,0,,,,,
184,0.1613832712173462,0,,,,,
185,0.12253382056951523,0,,,,,
186,0.16114646196365356,0,,,,,
187,0.15035191178321838,0,,,,,
188,0.10435308516025543,0,,,,,
189,0.19527390599250793,0,,,,,
190,0.15960662066936493,0,,,,,
191,0.08665712922811508,0,,,,,
192,0.12062105536460876,0,,,,,
193,0.08272816240787506,0,,,,,
194,0.1386898159980774,0,,,,,
195,0.08462619036436081,0,,,,,
196,0.22469301521778107,0,,,,,
197,0.07538892328739166,0,,,,,
198,0.06333577632904053,0,,,,,
199,0.052602071315050125,0,,,,,
200,0.1671300232410431,0,,,,,
201,0.07940615713596344,0,,,,,
202,0.06899374723434448,0,,,,,
203,0.17361044883728027,0,,,,,
204,0.10881032049655914,0,,,,,
205,0.08861476927995682,0,,,,,
206,0.08201713114976883,0,,,,,
207,0.061200544238090515,0,,,,,
208,0.16544209420681,0,,,,,
209,0.11409825831651688,0,,,,,
210,0.1781030148267746,0,,,,,
211,0.17266394197940826,0,,,,,
212,0.16861854493618011,0,,,,,
213,0.09538889676332474,0,,,,,
214,0.16084708273410797,0,,,,,
215,0.09205946326255798,0,,,,,
216,0.24699898064136505,0,,,,,
217,0.19133885204792023,0,,,,,
218,0.06992565840482712,0,,,,,
219,0.04063357040286064,0,,,,,
220,0.15650323033332825,0,,,,,
221,0.06970951706171036,0,,,,,
222,0.13351184129714966,0,,,,,
223,0.1843235194683075,0,,,,,
224,0.08221697807312012,0,,,,,
225,0.05917320400476456,0,,,,,
226,0.08182963728904724,0,,,,,
227,0.04563981294631958,0,,,,,
228,0.12647253274917603,0,,,,,
229,0.0675811842083931,0,,,,,
230,0.06207399070262909,0,,,,,
231,0.1490234136581421,0,,,,,
232,0.1755562275648117,0,,,,,
233,0.13909021019935608,0,,,,,
234,0.039756543934345245,0,,,,,
235,0.14184929430484772,0,,,,,
236,0.14248238503932953,0,,,,,
237,0.1197480708360672,0,,,,,
238,0.029174309223890305,0,,,,,
239,0.03559446334838867,0,,,,,
240,0.033648595213890076,0,,,,,
241,0.17880551517009735,0,,,,,
242,0.06290768831968307,0,,,,,
243,0.06796427071094513,0,,,,,
244,0.2184658646583557,0,,,,,
245,0.06336435675621033,0,,,,,
246,0.08706542104482651,0,,,,,
247,0.06467041373252869,0,,,,,
248,0.12303590029478073,0,,,,,
249,0.14516858756542206,0,,,,,
250,0.10985693335533142,0,,,,,
251,0.06950291991233826,0,,,,,
252,0.138943612575531,0,,,,,
253,0.07232602685689926,0,,,,,
254,0.08982552587985992,0,,,,,
255,0.037759315222501755,0,,,,,
256,0.05749933421611786,0,,,,,
257,0.04353363439440727,0,,,,,
258,0.09834418445825577,0,,,,,
259,0.04934920370578766,0,,,,,
260,0.04147931560873985,0,,,,,
261,0.10344253480434418,0,,,,,
262,0.033434588462114334,0,,,,,
263,0.11600890755653381,0,,,,,
264,0.08495823293924332,0,,,,,
265,0.1689024567604065,0,,,,,
266,0.13229821622371674,0,,,,,
267,0.06810052692890167,0,,,,,
268,0.07036943733692169,0,,,,,
269,0.070307157933712,0,,,,,
270,0.06338149309158325,0,,,,,
271,0.11997292190790176,0,,,,,
272,0.04471932351589203,0,,,,,
273,0.16522563993930817,0,,,,,
274,0.03635683283209801,0,,,,,
275,0.020347176119685173,0,,,,,
276,0.03633508086204529,0,,,,,
277,0.1140294149518013,0,,,,,
278,0.08685652911663055,0,,,,,
279,0.05585737153887749,0,,,,,
280,0.049837689846754074,0,,,,,
281,0.1552879363298416,0,,,,,
282,0.06020822003483772,0,,,,,
283,0.061190709471702576,0,,,,,
284,0.0788150280714035,0,,,,,
285,0.19389936327934265,0,,,,,
286,0.07119058817625046,0,,,,,
287,0.10481786727905273,0,,,,,
288,0.03563213348388672,0,,,,,
289,0.0403422936797142,0,,,,,
290,0.047796908766031265,0,,,,,
291,0.055806584656238556,0,,,,,
292,0.08758346736431122,0,,,,,
293,0.11240449547767639,0,,,,,
294,0.22264844179153442,0,,,,,
295,0.13647010922431946,0,,,,,
296,0.16300739347934723,0,,,,,
297,0.07340827584266663,0,,,,,
298,0.058244869112968445,0,,,,,
299,0.06509870290756226,0,,,,,
300,0.03378750756382942,0,,,,,
301,0.09567409008741379,0,,,,,
302,0.05279886722564697,0,,,,,
303,0.06556259095668793,0,,,,,
304,0.171869695186615,0,,,,,
305,0.06229467689990997,0,,,,,
306,0.06971914321184158,0,,,,,
307,0.13586103916168213,0,,,,,
308,0.08847390115261078,0,,,,,
309,0.0956152081489563,0,,,,,
310,0.16093653440475464,0,,,,,
311,0.027611132711172104,0,,,,,
312,0.04144929349422455,0,,,,,
313,0.03454411402344704,0,,,,,
314,0.05737350508570671,0,,,,,
315,0.11487521976232529,0,,,,,
316,0.04409302398562431,0,,,,,
317,0.06427307426929474,0,,,,,
318,0.022021139040589333,0,,,,,
319,0.07996577024459839,0,,,,,
320,0.032965365797281265,0,,,,,
321,0.061436399817466736,0,,,,,
322,0.06578028947114944,0,,,,,
323,0.1294340044260025,0,,,,,
324,0.017575973644852638,0,,,,,
325,0.02405325137078762,0,,,,,
326,0.029075754806399345,0,,,,,
327,0.0568067692220211,0,,,,,
328,0.028346296399831772,0,,,,,
329,0.16869674623012543,0,,,,,
330,0.17761023342609406,0,,,,,
331,0.11964800208806992,0,,,,,
332,0.1624523252248764,0,,,,,
333,0.06974400579929352,0,,,,,
334,0.10839710384607315,0,,,,,
335,0.036611221730709076,0,,,,,
336,0.01837097480893135,0,,,,,
337,0.07669409364461899,0,,,,,
338,0.10934215784072876,0,,,,,
339,0.037824008613824844,0,,,,,
340,0.06348644942045212,0,,,,,
341,0.06292684376239777,0,,,,,
342,0.052789296954870224,0,,,,,
343,0.041010260581970215,0,,,,,
344,0.10346107184886932,0,,,,,
345,0.03747124597430229,0,,,,,
346,0.028450604528188705,0,,,,,
347,0.1902318149805069,0,,,,,
348,0.04498351737856865,0,,,,,
349,0.07972866296768188,0,,,,,
350,0.0590616911649704,0,,,,,
351,0.05146390572190285,0,,,,,
352,0.162545308470726,0,,,,,
353,0.01926303468644619,0,,,,,
354,0.13586612045764923,0,,,,,
355,0.03472542390227318,0,,,,,
356,0.06712072342634201,0,,,,,
357,0.026737427338957787,0,,,,,
358,0.050763778388500214,0,,,,,
359,0.06790889799594879,0,,,,,
360,0.1590246856212616,0,,,,,
361,0.06443047523498535,0,,,,,
362,0.15489564836025238,0,,,,,
363,0.07009901106357574,0,,,,,
364,0.04168585687875748,0,,,,,
365,0.07517705112695694,0,,,,,
366,0.1673080325126648,0,,,,,
367,0.025097377598285675,0,,,,,
368,0.030755745247006416,0,,,,,
369,0.12618829309940338,0,,,,,
370,0.037092071026563644,0,,,,,
371,0.04272078350186348,0,,,,,
372,0.070940300822258,0,,,,,
373,0.08437221497297287,0,,,,,
374,0.04243059083819389,0,,,,,
375,0.028779249638319016,0,,,,,
376,0.1006617471575737,0,,,,,
377,0.08147655427455902,0,,,,,
378,0.06745278835296631,0,,,,,
379,0.05082722753286362,0,,,,,
380,0.04355908930301666,0,,,,,
381,0.042780108749866486,0,,,,,
382,0.02111668884754181,0,,,,,
383,0.02646648697555065,0,,,,,
384,0.036051370203495026,0,,,,,
385,0.03217591717839241,0,,,,,
386,0.10652408748865128,0,,,,,
387,0.057023417204618454,0,,,,,
388,0.07123913615942001,0,,,,,
389,0.08632887899875641,0,,,,,
390,0.06252551823854446,0,,,,,
391,0.01684090867638588,0,,,,,
392,0.11457429081201553,0,,,,,
393,0.02090371586382389,0,,,,,
394,0.07627764344215393,0,,,,,
395,0.021408356726169586,0,,,,,
396,0.11316055804491043,0,,,,,
397,0.009798897430300713,0,,,,,
398,0.009993056766688824,0,,,,,
399,0.05478024482727051,0,,,,,
400,0.0992346853017807,0,,,,,
401,0.03272603452205658,0,,,,,
402,0.06214888393878937,0,,,,,
403,0.022858478128910065,0,,,,,
404,0.02575800195336342,0,,,,,
405,0.027105122804641724,0,,,,,
406,0.05862364172935486,0,,,,,
407,0.034439753741025925,0,,,,,
408,0.04413985088467598,0,,,,,
409,0.04238590598106384,0,,,,,
410,0.15199008584022522,0,,,,,
411,0.011096796952188015,0,,,,,
412,0.016563942655920982,0,,,,,
413,0.1292760968208313,0,,,,,
414,0.08019928634166718,0,,,,,
415,0.03186183050274849,0,,,,,
416,0.07570189982652664,0,,,,,
417,0.06282808631658554,0,,,,,
418,0.037293460220098495,0,,,,,
419,0.2213701754808426,0,,,,,
420,0.15103809535503387,0,,,,,
421,0.029222287237644196,0,,,,,
422,0.03441203385591507,0,,,,,
423,0.021258218213915825,0,,,,,
424,0.033498089760541916,0,,,,,
425,0.051645416766405106,0,,,,,
426,0.05104849487543106,0,,,,,
427,0.17741143703460693,0,,,,,
428,0.11992361396551132,0,,,,,
429,0.02230040542781353,0,,,,,
430,0.031557973474264145,0,,,,,
431,0.11930809170007706,0,,,,,
432,0.03025958687067032,0,,,,,
433,0.05886302515864372,0,,,,,
434,0.03645448014140129,0,,,,,
435,0.023830896243453026,0,,,,,
436,0.03098277375102043,0,,,,,
437,0.1383456289768219,0,,,,,
438,0.029268015176057816,0,,,,,
439,0.02514450065791607,0,,,,,
440,0.06368140876293182,0,,,,,
441,0.07879088073968887,0,,,,,
442,0.04638697952032089,0,,,,,
443,0.02717682346701622,0,,,,,
444,0.03470106050372124,0,,,,,
445,0.022962933406233788,0,,,,,
446,0.024725668132305145,0,,,,,
447,0.04576120898127556,0,,,,,
448,0.13332749903202057,0,,,,,
449,0.01565508544445038,0,,,,,
450,0.06137558072805405,0,,,,,
451,0.1426628977060318,0,,,,,
452,0.0820721685886383,0,,,,,
453,0.01233520358800888,0,,,,,
454,0.062418416142463684,0,,,,,
455,0.04190951585769653,0,,,,,
456,0.05715054273605347,0,,,,,
457,0.023231657221913338,0,,,,,
458,0.006822627503424883,0,,,,,
459,0.040168922394514084,0,,,,,
460,0.027707574889063835,0,,,,,
461,0.029850086197257042,0,,,,,
462,0.12714047729969025,0,,,,,
463,0.03317785635590553,0,,,,,
464,0.021567337214946747,0,,,,,
465,0.11196871846914291,0,,,,,
466,0.02173730917274952,0,,,,,
467,0.027545461431145668,0,,,,,
468,0.10818285495042801,0,,,,,
469,0.034131504595279694,0,,,,,
470,0.042414456605911255,0,,,,,
471,0.08153104782104492,0,,,,,
472,0.014417917467653751,0,,,,,
473,0.055400729179382324,0,,,,,
474,0.025499114766716957,0,,,,,
475,0.10174103826284409,0,,,,,
476,0.018057018518447876,0,,,,,
477,0.07890252768993378,0,,,,,
478,0.1363758146762848,0,,,,,
479,0.02134690433740616,0,,,,,
480,0.06859594583511353,0,,,,,
481,0.029853343963623047,0,,,,,
482,0.023877665400505066,0,,,,,
483,0.02305431105196476,0,,,,,
484,0.13457173109054565,0,,,,,
485,0.059479475021362305,0,,,,,
486,0.0411527045071125,0,,,,,
487,0.03811648488044739,0,,,,,
488,0.026713266968727112,0,,,,,
489,0.0692584216594696,0,,,,,
490,0.014323964715003967,0,,,,,
491,0.01541478093713522,0,,,,,
492,0.015566316433250904,0,,,,,
493,0.04038136452436447,0,,,,,
494,0.10682530701160431,0,,,,,
495,0.03541644290089607,0,,,,,
496,0.012065057642757893,0,,,,,
497,0.014766848646104336,0,,,,,
498,0.06651107221841812,0,,,,,
499,0.011925923638045788,0,,,,,
500,0.05465129017829895,0,,,,,
501,0.06716601550579071,0,,,,,
502,0.1738240271806717,0,,,,,
503,0.011759567074477673,0,,,,,
504,0.12028828263282776,0,,,,,
505,0.02030389942228794,0,,,,,
506,0.016947699710726738,0,,,,,
507,0.03810686618089676,0,,,,,
508,0.0651775598526001,0,,,,,
509,0.020628275349736214,0,,,,,
510,0.06459629535675049,0,,,,,
511,0.030869247391819954,0,,,,,
512,0.02845367044210434,0,,,,,
513,0.08302412927150726,0,,,,,
514,0.007855642586946487,0,,,,,
515,0.151455819606781,0,,,,,
516,0.020572520792484283,0,,,,,
517,0.012703826650977135,0,,,,,
518,0.11821094155311584,0,,,,,
519,0.036174748092889786,0,,,,,
520,0.04675417020916939,0,,,,,
521,0.013357606716454029,0,,,,,
522,0.020062049850821495,0,,,,,
523,0.010873735882341862,0,,,,,
524,0.1563582420349121,0,,,,,
525,0.02246338501572609,0,,,,,
526,0.03227623924612999,0,,,,,
527,0.008199077099561691,0,,,,,
528,0.009246747940778732,0,,,,,
529,0.1104242205619812,0,,,,,
530,0.0818631649017334,0,,,,,
531,0.09393401443958282,0,,,,,
532,0.014711527153849602,0,,,,,
533,0.010904052294790745,0,,,,,
534,0.049686577171087265,0,,,,,
535,0.012219758704304695,0,,,,,
536,0.05404487997293472,0,,,,,
537,0.10346326977014542,0,,,,,
538,0.06052350625395775,0,,,,,
539,0.10168662667274475,0,,,,,
540,0.029602887108922005,0,,,,,
541,0.016579700633883476,0,,,,,
542,0.07629349082708359,0,,,,,
543,0.06102590635418892,0,,,,,
544,0.014148414134979248,0,,,,,
545,0.05747602880001068,0,,,,,
546,0.022839652374386787,0,,,,,
547,0.017669860273599625,0,,,,,
548,0.0850280299782753,0,,,,,
549,0.04101046919822693,0,,,,,
550,0.12276599556207657,0,,,,,
551,0.013594030402600765,0,,,,,
552,0.07290703803300858,0,,,,,
553,0.03369709849357605,0,,,,,
554,0.01515017356723547,0,,,,,
555,0.13205112516880035,0,,,,,
556,0.08421295881271362,0,,,,,
557,0.04535748437047005,0,,,,,
558,0.13682696223258972,0,,,,,
559,0.03077702783048153,0,,,,,
560,0.08950795978307724,0,,,,,
561,0.11528411507606506,0,,,,,
562,0.12360039353370667,0,,,,,
563,0.08897081762552261,0,,,,,
564,0.01922663487493992,0,,,,,
565,0.06257922947406769,0,,,,,
566,0.05110130086541176,0,,,,,
567,0.047391314059495926,0,,,,,
568,0.054435648024082184,0,,,,,
569,0.07157599180936813,0,,,,,
570,0.1158115491271019,0,,,,,
571,0.019121045246720314,0,,,,,
572,0.04030999168753624,0,,,,,
573,0.04752470180392265,0,,,,,
574,0.08297130465507507,0,,,,,
575,0.02820839360356331,0,,,,,
576,0.04347797855734825,0,,,,,
577,0.07488743960857391,0,,,,,
578,0.05015327408909798,0,,,,,
579,0.0522589348256588,0,,,,,
580,0.01672915369272232,0,,,,,
581,0.04488680884242058,0,,,,,
582,0.035488106310367584,0,,,,,
583,0.07896043360233307,0,,,,,
584,0.041113100945949554,0,,,,,
585,0.07469363510608673,0,,,,,
586,0.06348916888237,0,,,,,
587,0.10688481479883194,0,,,,,
588,0.12168893963098526,0,,,,,
589,0.013747390359640121,0,,,,,
590,0.010765123181045055,0,,,,,
591,0.04479282349348068,0,,,,,
592,0.0357125885784626,0,,,,,
593,0.10743924230337143,0,,,,,
594,0.042475972324609756,0,,,,,
595,0.0824950635433197,0,,,,,
596,0.036041032522916794,0,,,,,
597,0.0292290560901165,0,,,,,
598,0.08536551147699356,0,,,,,
599,0.016368582844734192,0,,,,,
600,0.02824305184185505,0,,,,,
601,0.024514148011803627,0,,,,,
602,0.034712303429841995,0,,,,,
603,0.027395831421017647,0,,,,,
604,0.022938819602131844,0,,,,,
605,0.01603369228541851,0,,,,,
606,0.053148284554481506,0,,,,,
607,0.010044167749583721,0,,,,,
608,0.07888734340667725,0,,,,,
609,0.04969220608472824,0,,,,,
610,0.06242706999182701,0,,,,,
611,0.018040575087070465,0,,,,,
612,0.023769376799464226,0,,,,,
613,0.0508447103202343,0,,,,,
614,0.022848596796393394,0,,,,,
615,0.03107849508523941,0,,,,,
616,0.012462235987186432,0,,,,,
617,0.037960778921842575,0,,,,,
618,0.015784675255417824,0,,,,,
619,0.05022739991545677,0,,,,,
620,0.07668998092412949,0,,,,,
621,0.06928767263889313,0,,,,,
622,0.03348327428102493,0,,,,,
623,0.02640959806740284,0,,,,,
624,0.009243902750313282,0,,,,,
625,0.07653020322322845,0,,,,,
626,0.12390989810228348,0,,,,,
0,,,0.06112898513674736,,,,
1,,,0.02526041865348816,,,,
2,,,0.002523502567782998,,,,
3,,,0.07306095957756042,,,,
4,,,0.003663277253508568,,,,
5,,,0.05502128601074219,,,,
6,,,0.02433628775179386,,,,
7,,,0.004896373953670263,,,,
8,,,0.05903545767068863,,,,
9,,,0.005792598240077496,,,,
10,,,0.003973131533712149,,,,
11,,,0.07052882760763168,,,,
12,,,0.0030306687112897635,,,,
13,,,0.023784903809428215,,,,
14,,,0.07055429369211197,,,,
15,,,0.003602726850658655,,,,
16,,,0.048024050891399384,,,,
17,,,0.02047182433307171,,,,
18,,,0.00208492879755795,,,,
19,,,0.07058646529912949,,,,
20,,,0.02136397920548916,,,,
21,,,0.0011034808121621609,,,,
22,,,0.004964292515069246,,,,
23,,,0.06191703677177429,,,,
24,,,0.0020114537328481674,,,,
25,,,0.023484820500016212,,,,
26,,,0.024838024750351906,,,,
27,,,0.002055346267297864,,,,
28,,,0.005195891950279474,,,,
29,,,0.006791672203689814,,,,
30,,,0.024379540234804153,,,,
31,,,0.03468366712331772,,,,
32,,,0.005847382824867964,,,,
33,,,0.07635462284088135,,,,
34,,,0.005061274394392967,,,,
35,,,0.003088932251557708,,,,
36,,,0.034498244524002075,,,,
37,,,0.07422196865081787,,,,
38,,,0.004018099047243595,,,,
39,,,0.05239562317728996,,,,
40,,,0.002544436836615205,,,,
41,,,0.10015181452035904,,,,
42,,,0.019938746467232704,,,,
43,,,0.14656293392181396,,,,
44,,,0.05097160115838051,,,,
45,,,0.05349604785442352,,,,
46,,,0.02192334271967411,,,,
47,,,0.004930576775223017,,,,
48,,,0.0019057198660448194,,,,
49,,,0.11352188140153885,,,,
50,,,0.0019966899417340755,,,,
51,,,0.021298950538039207,,,,
52,,,0.004145530518144369,,,,
53,,,0.022154754027724266,,,,
54,,,0.0063898805528879166,,,,
55,,,0.10429359972476959,,,,
56,,,0.022638848051428795,,,,
57,,,0.0044327666983008385,,,,
58,,,0.03818324953317642,,,,
59,,,0.051407285034656525,,,,
60,,,0.05781333148479462,,,,
61,,,0.0020003116223961115,,,,
62,,,0.0023491608444601297,,,,
63,,,0.0918736383318901,,,,
64,,,0.023411698639392853,,,,
65,,,0.02358807437121868,,,,
66,,,0.0030309318099170923,,,,
67,,,0.055977653712034225,,,,
68,,,0.002677247393876314,,,,
69,,,0.005539409816265106,,,,
70,,,0.0038341120816767216,,,,
71,,,0.02175000309944153,,,,
72,,,0.08392735570669174,,,,
73,,,0.054664600640535355,,,,
74,,,0.0604860745370388,,,,
75,,,0.17795731127262115,,,,
76,,,0.002377566182985902,,,,
77,,,0.0026212360244244337,,,,
78,,,0.00038125240826047957,,,,
626,,0,,0.03282427415251732,,,
626,,0,,,0.8771096467971802,0.2361367791891098,0.9952531456947327
627,0.06640064716339111,1,,,,,
628,0.02133966237306595,1,,,,,
629,0.03663410246372223,1,,,,,
630,0.029500724747776985,1,,,,,
631,0.022529957816004753,1,,,,,
632,0.10170965641736984,1,,,,,
633,0.0420154444873333,1,,,,,
634,0.021435443311929703,1,,,,,
635,0.043053653091192245,1,,,,,
636,0.019712405279278755,1,,,,,
637,0.05392792075872421,1,,,,,
638,0.09144388139247894,1,,,,,
639,0.01608179695904255,1,,,,,
640,0.01641932688653469,1,,,,,
641,0.029979100450873375,1,,,,,
642,0.0354686863720417,1,,,,,
643,0.01635804958641529,1,,,,,
644,0.00776241160929203,1,,,,,
645,0.18654796481132507,1,,,,,
646,0.06224944815039635,1,,,,,
647,0.023164808750152588,1,,,,,
648,0.08309510350227356,1,,,,,
649,0.05723123997449875,1,,,,,
650,0.013609628193080425,1,,,,,
651,0.03260039538145065,1,,,,,
652,0.03361550718545914,1,,,,,
653,0.028806421905755997,1,,,,,
654,0.019874485209584236,1,,,,,
655,0.029171695932745934,1,,,,,
656,0.016595687717199326,1,,,,,
657,0.017339346930384636,1,,,,,
658,0.006772245280444622,1,,,,,
659,0.10092335939407349,1,,,,,
660,0.011873689480125904,1,,,,,
661,0.02121010422706604,1,,,,,
662,0.10647452622652054,1,,,,,
663,0.042954813688993454,1,,,,,
664,0.09269808232784271,1,,,,,
665,0.012378023006021976,1,,,,,
666,0.06708993762731552,1,,,,,
667,0.02199326641857624,1,,,,,
668,0.06424567848443985,1,,,,,
669,0.09296666085720062,1,,,,,
670,0.04164854437112808,1,,,,,
671,0.01300851907581091,1,,,,,
672,0.04364749416708946,1,,,,,
673,0.017216108739376068,1,,,,,
674,0.03167007490992546,1,,,,,
675,0.00952409952878952,1,,,,,
676,0.12638787925243378,1,,,,,
677,0.04617995768785477,1,,,,,
678,0.02534731663763523,1,,,,,
679,0.025674697011709213,1,,,,,
680,0.008358156308531761,1,,,,,
681,0.04032021760940552,1,,,,,
682,0.02544138766825199,1,,,,,
683,0.019620157778263092,1,,,,,
684,0.050020981580019,1,,,,,
685,0.011386632919311523,1,,,,,
686,0.06317330151796341,1,,,,,
687,0.03998657315969467,1,,,,,
688,0.056663256138563156,1,,,,,
689,0.014906419441103935,1,,,,,
690,0.03442807495594025,1,,,,,
691,0.004313668701797724,1,,,,,
692,0.1176634132862091,1,,,,,
693,0.057179030030965805,1,,,,,
694,0.03841288760304451,1,,,,,
695,0.056213658303022385,1,,,,,
696,0.01985727809369564,1,,,,,
697,0.006674022413790226,1,,,,,
698,0.1560209095478058,1,,,,,
699,0.05309669300913811,1,,,,,
700,0.012982129119336605,1,,,,,
701,0.03597947955131531,1,,,,,
702,0.013007218018174171,1,,,,,
703,0.08861776441335678,1,,,,,
704,0.08086658269166946,1,,,,,
705,0.11739151924848557,1,,,,,
706,0.02962576411664486,1,,,,,
707,0.005602648481726646,1,,,,,
708,0.019100701436400414,1,,,,,
709,0.030821075662970543,1,,,,,
710,0.01704694889485836,1,,,,,
711,0.08591175824403763,1,,,,,
712,0.06058303639292717,1,,,,,
713,0.02132994309067726,1,,,,,
714,0.016905592754483223,1,,,,,
715,0.05586031824350357,1,,,,,
716,0.03361750766634941,1,,,,,
717,0.017477571964263916,1,,,,,
718,0.009514734148979187,1,,,,,
719,0.07687823474407196,1,,,,,
720,0.027751842513680458,1,,,,,
721,0.037558723241090775,1,,,,,
722,0.006103480700403452,1,,,,,
723,0.1282741129398346,1,,,,,
724,0.06590661406517029,1,,,,,
725,0.003960796166211367,1,,,,,
726,0.03682555630803108,1,,,,,
727,0.08768265694379807,1,,,,,
728,0.031510718166828156,1,,,,,
729,0.0779142677783966,1,,,,,
730,0.13161009550094604,1,,,,,
731,0.04443466290831566,1,,,,,
732,0.010934674181044102,1,,,,,
733,0.014730609953403473,1,,,,,
734,0.09217394888401031,1,,,,,
735,0.010721180588006973,1,,,,,
736,0.020251478999853134,1,,,,,
737,0.01267018262296915,1,,,,,
738,0.02481948211789131,1,,,,,
739,0.026691054925322533,1,,,,,
740,0.008362981490790844,1,,,,,
741,0.017282886430621147,1,,,,,
742,0.00998681504279375,1,,,,,
743,0.08771543204784393,1,,,,,
744,0.012298766523599625,1,,,,,
745,0.06780467927455902,1,,,,,
746,0.0632842481136322,1,,,,,
747,0.019457034766674042,1,,,,,
748,0.010032030753791332,1,,,,,
749,0.0064850375056266785,1,,,,,
750,0.005335612688213587,1,,,,,
751,0.005972542334347963,1,,,,,
752,0.05525526776909828,1,,,,,
753,0.08293168246746063,1,,,,,
754,0.031748611479997635,1,,,,,
755,0.03661727160215378,1,,,,,
756,0.006328558083623648,1,,,,,
757,0.10271892696619034,1,,,,,
758,0.10886150598526001,1,,,,,
759,0.009513267315924168,1,,,,,
760,0.010055837221443653,1,,,,,
761,0.03037136048078537,1,,,,,
762,0.10015349090099335,1,,,,,
763,0.005900719668716192,1,,,,,
764,0.00259141786955297,1,,,,,
765,0.013754988089203835,1,,,,,
766,0.003675379790365696,1,,,,,
767,0.04035061225295067,1,,,,,
768,0.008001920767128468,1,,,,,
769,0.01560574397444725,1,,,,,
770,0.06659769266843796,1,,,,,
771,0.028637699782848358,1,,,,,
772,0.008982384577393532,1,,,,,
773,0.036765728145837784,1,,,,,
774,0.06623545289039612,1,,,,,
775,0.0049400911666452885,1,,,,,
776,0.006704097148030996,1,,,,,
777,0.05178609490394592,1,,,,,
778,0.10327240079641342,1,,,,,
779,0.0030044694431126118,1,,,,,
780,0.026803242042660713,1,,,,,
781,0.054427385330200195,1,,,,,
782,0.011314255185425282,1,,,,,
783,0.012536014430224895,1,,,,,
784,0.013285750523209572,1,,,,,
785,0.004383563529700041,1,,,,,
786,0.05505065247416496,1,,,,,
787,0.009126337245106697,1,,,,,
788,0.0391903892159462,1,,,,,
789,0.008225683122873306,1,,,,,
790,0.004626910202205181,1,,,,,
791,0.028235800564289093,1,,,,,
792,0.03727146238088608,1,,,,,
793,0.009968875907361507,1,,,,,
794,0.07912668585777283,1,,,,,
795,0.012876863591372967,1,,,,,
796,0.013452380895614624,1,,,,,
797,0.03460773825645447,1,,,,,
798,0.03094135969877243,1,,,,,
799,0.04193241149187088,1,,,,,
800,0.08047149330377579,1,,,,,
801,0.05518895387649536,1,,,,,
802,0.007902329787611961,1,,,,,
803,0.03458648920059204,1,,,,,
804,0.07093875110149384,1,,,,,
805,0.04764747992157936,1,,,,,
806,0.06976988166570663,1,,,,,
807,0.08206824213266373,1,,,,,
808,0.10074447840452194,1,,,,,
809,0.04878819361329079,1,,,,,
810,0.022229202091693878,1,,,,,
811,0.026933999732136726,1,,,,,
812,0.018219241872429848,1,,,,,
813,0.05014529079198837,1,,,,,
814,0.012361844070255756,1,,,,,
815,0.027587056159973145,1,,,,,
816,0.016502100974321365,1,,,,,
817,0.06639469414949417,1,,,,,
818,0.02488243766129017,1,,,,,
819,0.03554913029074669,1,,,,,
820,0.034832678735256195,1,,,,,
821,0.03272216022014618,1,,,,,
822,0.08147776871919632,1,,,,,
823,0.10039015114307404,1,,,,,
824,0.06831243634223938,1,,,,,
825,0.011623738333582878,1,,,,,
826,0.03242563456296921,1,,,,,
827,0.08651747554540634,1,,,,,
828,0.03687508404254913,1,,,,,
829,0.07166901975870132,1,,,,,
830,0.011507151648402214,1,,,,,
831,0.03364838659763336,1,,,,,
832,0.07010208815336227,1,,,,,
833,0.03745406121015549,1,,,,,
834,0.020818723365664482,1,,,,,
835,0.02283194474875927,1,,,,,
836,0.03508011996746063,1,,,,,
837,0.015226228162646294,1,,,,,
838,0.0682876780629158,1,,,,,
839,0.01784687675535679,1,,,,,
840,0.0425221249461174,1,,,,,
841,0.05272788926959038,1,,,,,
842,0.01820736564695835,1,,,,,
843,0.09326604753732681,1,,,,,
844,0.014052280224859715,1,,,,,
845,0.025525253266096115,1,,,,,
846,0.014948442578315735,1,,,,,
847,0.050150446593761444,1,,,,,
848,0.01876203715801239,1,,,,,
849,0.028448358178138733,1,,,,,
850,0.02821231074631214,1,,,,,
851,0.004252001643180847,1,,,,,
852,0.01505892165005207,1,,,,,
853,0.07356826215982437,1,,,,,
854,0.006292662117630243,1,,,,,
855,0.04177597537636757,1,,,,,
856,0.044645946472883224,1,,,,,
857,0.007730478886514902,1,,,,,
858,0.0416778139770031,1,,,,,
859,0.015704000368714333,1,,,,,
860,0.07900192588567734,1,,,,,
861,0.0385272391140461,1,,,,,
862,0.01076057180762291,1,,,,,
863,0.011328657157719135,1,,,,,
864,0.008700892329216003,1,,,,,
865,0.03240685909986496,1,,,,,
866,0.012540812604129314,1,,,,,
867,0.03093828447163105,1,,,,,
868,0.015417302958667278,1,,,,,
869,0.0107530253008008,1,,,,,
870,0.07197345048189163,1,,,,,
871,0.012861604802310467,1,,,,,
872,0.05767681077122688,1,,,,,
873,0.018173256888985634,1,,,,,
874,0.06108831614255905,1,,,,,
875,0.04260314628481865,1,,,,,
876,0.07811212539672852,1,,,,,
877,0.014719675295054913,1,,,,,
878,0.02593305893242359,1,,,,,
879,0.020196573808789253,1,,,,,
880,0.009417912922799587,1,,,,,
881,0.0854400172829628,1,,,,,
882,0.036322589963674545,1,,,,,
883,0.004845543764531612,1,,,,,
884,0.06466349959373474,1,,,,,
885,0.0928553119301796,1,,,,,
886,0.031064791604876518,1,,,,,
887,0.11675479263067245,1,,,,,
888,0.016788974404335022,1,,,,,
889,0.09702811390161514,1,,,,,
890,0.05630328878760338,1,,,,,
891,0.05599497631192207,1,,,,,
892,0.04517260566353798,1,,,,,
893,0.019243238493800163,1,,,,,
894,0.012460957281291485,1,,,,,
895,0.011947588063776493,1,,,,,
896,0.19942159950733185,1,,,,,
897,0.07630596309900284,1,,,,,
898,0.019060589373111725,1,,,,,
899,0.007434069644659758,1,,,,,
900,0.08635172992944717,1,,,,,
901,0.03352019935846329,1,,,,,
902,0.02665087953209877,1,,,,,
903,0.030871106311678886,1,,,,,
904,0.06136756017804146,1,,,,,
905,0.04197411239147186,1,,,,,
906,0.017543507739901543,1,,,,,
907,0.009371872060000896,1,,,,,
908,0.0769473984837532,1,,,,,
909,0.060723260045051575,1,,,,,
910,0.020796816796064377,1,,,,,
911,0.005444676615297794,1,,,,,
912,0.05141933634877205,1,,,,,
913,0.013247315771877766,1,,,,,
914,0.026455460116267204,1,,,,,
915,0.07876317948102951,1,,,,,
916,0.05096152424812317,1,,,,,
917,0.006199952680617571,1,,,,,
918,0.039130136370658875,1,,,,,
919,0.15182463824748993,1,,,,,
920,0.05754850432276726,1,,,,,
921,0.032690439373254776,1,,,,,
922,0.009174318984150887,1,,,,,
923,0.04997783526778221,1,,,,,
924,0.009870141744613647,1,,,,,
925,0.04501040652394295,1,,,,,
926,0.014068374410271645,1,,,,,
927,0.057602658867836,1,,,,,
928,0.006246768403798342,1,,,,,
929,0.026365112513303757,1,,,,,
930,0.01376867014914751,1,,,,,
931,0.09826285392045975,1,,,,,
932,0.03873547539114952,1,,,,,
933,0.0063225338235497475,1,,,,,
934,0.007992783561348915,1,,,,,
935,0.06055242940783501,1,,,,,
936,0.12092678993940353,1,,,,,
937,0.050229404121637344,1,,,,,
938,0.009512573480606079,1,,,,,
939,0.10480307787656784,1,,,,,
940,0.05328082665801048,1,,,,,
941,0.007604036945849657,1,,,,,
942,0.0937068983912468,1,,,,,
943,0.016128910705447197,1,,,,,
944,0.009211710654199123,1,,,,,
945,0.05515298992395401,1,,,,,
946,0.07623729109764099,1,,,,,
947,0.1413315385580063,1,,,,,
948,0.010652316734194756,1,,,,,
949,0.03486541286110878,1,,,,,
950,0.011589954607188702,1,,,,,
951,0.03911539539694786,1,,,,,
952,0.028483806177973747,1,,,,,
953,0.030488166958093643,1,,,,,
954,0.007875580340623856,1,,,,,
955,0.009469962678849697,1,,,,,
956,0.011663403362035751,1,,,,,
957,0.08088395744562149,1,,,,,
958,0.02674565277993679,1,,,,,
959,0.012045594863593578,1,,,,,
960,0.007996220141649246,1,,,,,
961,0.012517537921667099,1,,,,,
962,0.011496558785438538,1,,,,,
963,0.027589906007051468,1,,,,,
964,0.05966693535447121,1,,,,,
965,0.06079212948679924,1,,,,,
966,0.009999568574130535,1,,,,,
967,0.0798480287194252,1,,,,,
968,0.0035725526977330446,1,,,,,
969,0.11825944483280182,1,,,,,
970,0.06732676178216934,1,,,,,
971,0.005009223707020283,1,,,,,
972,0.05723349004983902,1,,,,,
973,0.05767231062054634,1,,,,,
974,0.02463388629257679,1,,,,,
975,0.01359260268509388,1,,,,,
976,0.04298728331923485,1,,,,,
977,0.01437043771147728,1,,,,,
978,0.15956947207450867,1,,,,,
979,0.07373648881912231,1,,,,,
980,0.04193096607923508,1,,,,,
981,0.01987665705382824,1,,,,,
982,0.003269243985414505,1,,,,,
983,0.007285647559911013,1,,,,,
984,0.060418203473091125,1,,,,,
985,0.06577149033546448,1,,,,,
986,0.02285514399409294,1,,,,,
987,0.08446220308542252,1,,,,,
988,0.07147341221570969,1,,,,,
989,0.01507052406668663,1,,,,,
990,0.08713507652282715,1,,,,,
991,0.025114931166172028,1,,,,,
992,0.0578555092215538,1,,,,,
993,0.017486486583948135,1,,,,,
994,0.013072989881038666,1,,,,,
995,0.024409083649516106,1,,,,,
996,0.07118755578994751,1,,,,,
997,0.011287355795502663,1,,,,,
998,0.02666538953781128,1,,,,,
999,0.010285808704793453,1,,,,,
1000,0.031112875789403915,1,,,,,
1001,0.0633610263466835,1,,,,,
1002,0.044039200991392136,1,,,,,
1003,0.011975004337728024,1,,,,,
1004,0.016645541414618492,1,,,,,
1005,0.07512746006250381,1,,,,,
1006,0.07031426578760147,1,,,,,
1007,0.03082745522260666,1,,,,,
1008,0.031525321304798126,1,,,,,
1009,0.03629407659173012,1,,,,,
1010,0.055061280727386475,1,,,,,
1011,0.00908796675503254,1,,,,,
1012,0.007867047563195229,1,,,,,
1013,0.02167114056646824,1,,,,,
1014,0.002379581332206726,1,,,,,
1015,0.004290624987334013,1,,,,,
1016,0.010824363678693771,1,,,,,
1017,0.04272601380944252,1,,,,,
1018,0.007971643470227718,1,,,,,
1019,0.0235533956438303,1,,,,,
1020,0.049402423202991486,1,,,,,
1021,0.006527978461235762,1,,,,,
1022,0.06227388605475426,1,,,,,
1023,0.01441167388111353,1,,,,,
1024,0.0393306165933609,1,,,,,
1025,0.011678735725581646,1,,,,,
1026,0.0732552781701088,1,,,,,
1027,0.05217304825782776,1,,,,,
1028,0.006174585781991482,1,,,,,
1029,0.03345085680484772,1,,,,,
1030,0.03477400541305542,1,,,,,
1031,0.00562489777803421,1,,,,,
1032,0.009406578727066517,1,,,,,
1033,0.01023322157561779,1,,,,,
1034,0.005810561124235392,1,,,,,
1035,0.014069033786654472,1,,,,,
1036,0.014767530374228954,1,,,,,
1037,0.08590330928564072,1,,,,,
1038,0.058855216950178146,1,,,,,
1039,0.04961124062538147,1,,,,,
1040,0.02832440473139286,1,,,,,
1041,0.03344076871871948,1,,,,,
1042,0.02381196990609169,1,,,,,
1043,0.15311920642852783,1,,,,,
1044,0.06734989583492279,1,,,,,
1045,0.06472998112440109,1,,,,,
1046,0.010254614986479282,1,,,,,
1047,0.008559632115066051,1,,,,,
1048,0.07646587491035461,1,,,,,
1049,0.02865031361579895,1,,,,,
1050,0.042972225695848465,1,,,,,
1051,0.03810511901974678,1,,,,,
1052,0.06139490008354187,1,,,,,
1053,0.02312339097261429,1,,,,,
1054,0.009497215040028095,1,,,,,
1055,0.06667972356081009,1,,,,,
1056,0.07951020449399948,1,,,,,
1057,0.011776763014495373,1,,,,,
1058,0.00792570412158966,1,,,,,
1059,0.00706803472712636,1,,,,,
1060,0.07355595380067825,1,,,,,
1061,0.009679866023361683,1,,,,,
1062,0.06123117730021477,1,,,,,
1063,0.06148020550608635,1,,,,,
1064,0.09771512448787689,1,,,,,
1065,0.05216892436146736,1,,,,,
1066,0.10228203982114792,1,,,,,
1067,0.0065545993857085705,1,,,,,
1068,0.06525063514709473,1,,,,,
1069,0.03682993724942207,1,,,,,
1070,0.019308654591441154,1,,,,,
1071,0.01282214093953371,1,,,,,
1072,0.026513488963246346,1,,,,,
1073,0.007102624513208866,1,,,,,
1074,0.012810736894607544,1,,,,,
1075,0.015883011743426323,1,,,,,
1076,0.010991941206157207,1,,,,,
1077,0.03856387734413147,1,,,,,
1078,0.01325142290443182,1,,,,,
1079,0.04817301034927368,1,,,,,
1080,0.006402419414371252,1,,,,,
1081,0.012730985879898071,1,,,,,
1082,0.008824855089187622,1,,,,,
1083,0.010714123956859112,1,,,,,
1084,0.06158396229147911,1,,,,,
1085,0.0984555184841156,1,,,,,
1086,0.006780577357858419,1,,,,,
1087,0.004142581019550562,1,,,,,
1088,0.05445769429206848,1,,,,,
1089,0.09451443701982498,1,,,,,
1090,0.008351398631930351,1,,,,,
1091,0.011347964406013489,1,,,,,
1092,0.012690517120063305,1,,,,,
1093,0.08126585930585861,1,,,,,
1094,0.058564431965351105,1,,,,,
1095,0.004310627933591604,1,,,,,
1096,0.07079558074474335,1,,,,,
1097,0.005417165346443653,1,,,,,
1098,0.01570768468081951,1,,,,,
1099,0.016410773620009422,1,,,,,
1100,0.008602282032370567,1,,,,,
1101,0.04657041281461716,1,,,,,
1102,0.006652360782027245,1,,,,,
1103,0.01026145275682211,1,,,,,
1104,0.04430606961250305,1,,,,,
1105,0.018602820113301277,1,,,,,
1106,0.006840933114290237,1,,,,,
1107,0.09127949178218842,1,,,,,
1108,0.00711413798853755,1,,,,,
1109,0.008962161839008331,1,,,,,
1110,0.04255696386098862,1,,,,,
1111,0.0162914227694273,1,,,,,
1112,0.02217854931950569,1,,,,,
1113,0.00444276537746191,1,,,,,
1114,0.02995343506336212,1,,,,,
1115,0.009211715310811996,1,,,,,
1116,0.004405955784022808,1,,,,,
1117,0.04721369221806526,1,,,,,
1118,0.007980714552104473,1,,,,,
1119,0.06970071792602539,1,,,,,
1120,0.005765779409557581,1,,,,,
1121,0.017482049763202667,1,,,,,
1122,0.007368187885731459,1,,,,,
1123,0.054089225828647614,1,,,,,
1124,0.03765435889363289,1,,,,,
1125,0.004970352631062269,1,,,,,
1126,0.03039740025997162,1,,,,,
1127,0.06454374641180038,1,,,,,
1128,0.006586860865354538,1,,,,,
1129,0.012396750040352345,1,,,,,
1130,0.02635481394827366,1,,,,,
1131,0.11263328045606613,1,,,,,
1132,0.014916852116584778,1,,,,,
1133,0.09378687292337418,1,,,,,
1134,0.09866450726985931,1,,,,,
1135,0.07713775336742401,1,,,,,
1136,0.04265469312667847,1,,,,,
1137,0.03190004825592041,1,,,,,
1138,0.031113911420106888,1,,,,,
1139,0.01182901207357645,1,,,,,
1140,0.010102598927915096,1,,,,,
1141,0.02368040196597576,1,,,,,
1142,0.0872400626540184,1,,,,,
1143,0.06587786227464676,1,,,,,
1144,0.03511457517743111,1,,,,,
1145,0.07441580295562744,1,,,,,
1146,0.013556442223489285,1,,,,,
1147,0.09374158829450607,1,,,,,
1148,0.005625227931886911,1,,,,,
1149,0.03782454505562782,1,,,,,
1150,0.07314016669988632,1,,,,,
1151,0.08299951255321503,1,,,,,
1152,0.030942486599087715,1,,,,,
1153,0.018198538571596146,1,,,,,
1154,0.007450414355844259,1,,,,,
1155,0.04144837707281113,1,,,,,
1156,0.09736396372318268,1,,,,,
1157,0.09625411778688431,1,,,,,
1158,0.006618483457714319,1,,,,,
1159,0.014501670375466347,1,,,,,
1160,0.042974527925252914,1,,,,,
1161,0.09549406915903091,1,,,,,
1162,0.009457526728510857,1,,,,,
1163,0.03982755169272423,1,,,,,
1164,0.0155299361795187,1,,,,,
1165,0.013523941859602928,1,,,,,
1166,0.04023877903819084,1,,,,,
1167,0.07880284637212753,1,,,,,
1168,0.008199370466172695,1,,,,,
1169,0.025904053822159767,1,,,,,
1170,0.04578770697116852,1,,,,,
1171,0.014799538999795914,1,,,,,
1172,0.004176265560090542,1,,,,,
1173,0.02377067320048809,1,,,,,
1174,0.027836749330163002,1,,,,,
1175,0.04532400518655777,1,,,,,
1176,0.002703707432374358,1,,,,,
1177,0.005996835883706808,1,,,,,
1178,0.03462008759379387,1,,,,,
1179,0.05252688378095627,1,,,,,
1180,0.03426660969853401,1,,,,,
1181,0.04435868188738823,1,,,,,
1182,0.03177623078227043,1,,,,,
1183,0.08753689378499985,1,,,,,
1184,0.0421132892370224,1,,,,,
1185,0.06249816715717316,1,,,,,
1186,0.07748819887638092,1,,,,,
1187,0.007876458577811718,1,,,,,
1188,0.03335241600871086,1,,,,,
1189,0.014041049405932426,1,,,,,
1190,0.04161367937922478,1,,,,,
1191,0.02665325626730919,1,,,,,
1192,0.05850699543952942,1,,,,,
1193,0.010930747725069523,1,,,,,
1194,0.020068015903234482,1,,,,,
1195,0.08063101023435593,1,,,,,
1196,0.008686421439051628,1,,,,,
1197,0.07238437235355377,1,,,,,
1198,0.011350185610353947,1,,,,,
1199,0.010482761077582836,1,,,,,
1200,0.025293312966823578,1,,,,,
1201,0.01686755008995533,1,,,,,
1202,0.014260434545576572,1,,,,,
1203,0.061711933463811874,1,,,,,
1204,0.00929552223533392,1,,,,,
1205,0.013317731209099293,1,,,,,
1206,0.026851577684283257,1,,,,,
1207,0.020323496311903,1,,,,,
1208,0.00901571661233902,1,,,,,
1209,0.038272924721241,1,,,,,
1210,0.0660708025097847,1,,,,,
1211,0.010128229856491089,1,,,,,
1212,0.015964854508638382,1,,,,,
1213,0.04283084720373154,1,,,,,
1214,0.033252377063035965,1,,,,,
1215,0.03785255178809166,1,,,,,
1216,0.05523388087749481,1,,,,,
1217,0.07319346815347672,1,,,,,
1218,0.09187539666891098,1,,,,,
1219,0.05400017276406288,1,,,,,
1220,0.03186587616801262,1,,,,,
1221,0.023129496723413467,1,,,,,
1222,0.011617316864430904,1,,,,,
1223,0.008175112307071686,1,,,,,
1224,0.02521040290594101,1,,,,,
1225,0.0792136937379837,1,,,,,
1226,0.04586024954915047,1,,,,,
1227,0.0155596062541008,1,,,,,
1228,0.03920220956206322,1,,,,,
1229,0.005422229878604412,1,,,,,
1230,0.03260199725627899,1,,,,,
1231,0.006727451924234629,1,,,,,
1232,0.07716472446918488,1,,,,,
1233,0.022670459002256393,1,,,,,
1234,0.02965374104678631,1,,,,,
1235,0.007963343523442745,1,,,,,
1236,0.030796801671385765,1,,,,,
1237,0.005257620941847563,1,,,,,
1238,0.010456709191203117,1,,,,,
1239,0.0328446626663208,1,,,,,
1240,0.03662481531500816,1,,,,,
1241,0.023465504869818687,1,,,,,
1242,0.06981849670410156,1,,,,,
1243,0.012386921793222427,1,,,,,
1244,0.02557084523141384,1,,,,,
1245,0.03139248862862587,1,,,,,
1246,0.08851123601198196,1,,,,,
1247,0.015068179927766323,1,,,,,
1248,0.007406187709420919,1,,,,,
1249,0.02755720540881157,1,,,,,
1250,0.014513950794935226,1,,,,,
1251,0.0043064686469733715,1,,,,,
1252,0.03606744110584259,1,,,,,
1253,0.004098005127161741,1,,,,,
79,,,0.04768165200948715,,,,
80,,,0.01997297815978527,,,,
81,,,0.003087184391915798,,,,
82,,,0.058637235313653946,,,,
83,,,0.003859920660033822,,,,
84,,,0.04882965609431267,,,,
85,,,0.01685415767133236,,,,
86,,,0.004357058089226484,,,,
87,,,0.04348580539226532,,,,
88,,,0.006294723134487867,,,,
89,,,0.0033497759141027927,,,,
90,,,0.052430398762226105,,,,
91,,,0.0033971185330301523,,,,
92,,,0.01848522573709488,,,,
93,,,0.05757033824920654,,,,
94,,,0.004633023403584957,,,,
95,,,0.038681916892528534,,,,
96,,,0.016646159812808037,,,,
97,,,0.004537371452897787,,,,
98,,,0.061207499355077744,,,,
99,,,0.017745183780789375,,,,
100,,,0.0013390093808993697,,,,
101,,,0.005239215679466724,,,,
102,,,0.06005723774433136,,,,
103,,,0.003117752494290471,,,,
104,,,0.01702970638871193,,,,
105,,,0.02267238311469555,,,,
106,,,0.0031169054564088583,,,,
107,,,0.006028190720826387,,,,
108,,,0.005742482375353575,,,,
109,,,0.01650284230709076,,,,
110,,,0.028650730848312378,,,,
111,,,0.005482084583491087,,,,
112,,,0.05844539403915405,,,,
113,,,0.004644905216991901,,,,
114,,,0.0037648750003427267,,,,
115,,,0.029101058840751648,,,,
116,,,0.07608295232057571,,,,
117,,,0.005057255271822214,,,,
118,,,0.05254131555557251,,,,
119,,,0.003689324948936701,,,,
120,,,0.0872807428240776,,,,
121,,,0.017557602375745773,,,,
122,,,0.1194232776761055,,,,
123,,,0.040255408734083176,,,,
124,,,0.04602956026792526,,,,
125,,,0.01423089113086462,,,,
126,,,0.006495871115475893,,,,
127,,,0.0020792032591998577,,,,
128,,,0.11433633416891098,,,,
129,,,0.0034581210929900408,,,,
130,,,0.018618853762745857,,,,
131,,,0.003035255242139101,,,,
132,,,0.014605173841118813,,,,
133,,,0.006906833499670029,,,,
134,,,0.08951088786125183,,,,
135,,,0.014664524234831333,,,,
136,,,0.006352611817419529,,,,
137,,,0.032619498670101166,,,,
138,,,0.04832402244210243,,,,
139,,,0.04782954230904579,,,,
140,,,0.00175993493758142,,,,
141,,,0.0026462548412382603,,,,
142,,,0.0727902352809906,,,,
143,,,0.020636046305298805,,,,
144,,,0.02046145685017109,,,,
145,,,0.0027800712268799543,,,,
146,,,0.04520667344331741,,,,
147,,,0.004692086949944496,,,,
148,,,0.0062567852437496185,,,,
149,,,0.004189829807728529,,,,
150,,,0.01506417989730835,,,,
151,,,0.06771641224622726,,,,
152,,,0.05001111701130867,,,,
153,,,0.052945345640182495,,,,
154,,,0.20348350703716278,,,,
155,,,0.003375193802639842,,,,
156,,,0.003182394430041313,,,,
157,,,0.0007254279335029423,,,,
1253,,1,,0.028767330572009087,,,
1253,,1,,,0.8786919713020325,0.037961963564157486,0.9984177350997925
1254,0.040848199278116226,2,,,,,
1255,0.0037324309814721346,2,,,,,
1256,0.04912484809756279,2,,,,,
1257,0.005742939189076424,2,,,,,
1258,0.05799456685781479,2,,,,,
1259,0.029145877808332443,2,,,,,
1260,0.10223791003227234,2,,,,,
1261,0.03414401784539223,2,,,,,
1262,0.05870974063873291,2,,,,,
1263,0.005166087299585342,2,,,,,
1264,0.006533386185765266,2,,,,,
1265,0.025985021144151688,2,,,,,
1266,0.06333263218402863,2,,,,,
1267,0.048204001039266586,2,,,,,
1268,0.027842927724123,2,,,,,
1269,0.0042070504277944565,2,,,,,
1270,0.015355926938354969,2,,,,,
1271,0.0757494568824768,2,,,,,
1272,0.016053548082709312,2,,,,,
1273,0.018641924485564232,2,,,,,
1274,0.06605031341314316,2,,,,,
1275,0.05565246567130089,2,,,,,
1276,0.006392866838723421,2,,,,,
1277,0.03402182459831238,2,,,,,
1278,0.011606409214437008,2,,,,,
1279,0.007299978751689196,2,,,,,
1280,0.009696117602288723,2,,,,,
1281,0.010494774207472801,2,,,,,
1282,0.05582135543227196,2,,,,,
1283,0.031623903661966324,2,,,,,
1284,0.025511929765343666,2,,,,,
1285,0.0053296517580747604,2,,,,,
1286,0.006629154086112976,2,,,,,
1287,0.0034914955031126738,2,,,,,
1288,0.04380619153380394,2,,,,,
1289,0.01711221970617771,2,,,,,
1290,0.0025587345007807016,2,,,,,
1291,0.016717448830604553,2,,,,,
1292,0.034491851925849915,2,,,,,
1293,0.07322461903095245,2,,,,,
1294,0.005255240481346846,2,,,,,
1295,0.009272649884223938,2,,,,,
1296,0.04813198745250702,2,,,,,
1297,0.022776616737246513,2,,,,,
1298,0.007354797329753637,2,,,,,
1299,0.001722118817269802,2,,,,,
1300,0.06480158865451813,2,,,,,
1301,0.010897628962993622,2,,,,,
1302,0.008695964701473713,2,,,,,
1303,0.038544680923223495,2,,,,,
1304,0.053013719618320465,2,,,,,
1305,0.01739809848368168,2,,,,,
1306,0.05117359012365341,2,,,,,
1307,0.006220072507858276,2,,,,,
1308,0.05844949930906296,2,,,,,
1309,0.009301270358264446,2,,,,,
1310,0.19367238879203796,2,,,,,
1311,0.003551468951627612,2,,,,,
1312,0.005238870624452829,2,,,,,
1313,0.08724091947078705,2,,,,,
1314,0.0038601355627179146,2,,,,,
1315,0.010487090796232224,2,,,,,
1316,0.012297086417675018,2,,,,,
1317,0.004247081000357866,2,,,,,
1318,0.007337205111980438,2,,,,,
1319,0.048543885350227356,2,,,,,
1320,0.05194907635450363,2,,,,,
1321,0.013795090839266777,2,,,,,
1322,0.02622917853295803,2,,,,,
1323,0.009211275726556778,2,,,,,
1324,0.0680929496884346,2,,,,,
1325,0.12435310333967209,2,,,,,
1326,0.08773206174373627,2,,,,,
1327,0.009087015874683857,2,,,,,
1328,0.019109465181827545,2,,,,,
1329,0.009539109654724598,2,,,,,
1330,0.007518440950661898,2,,,,,
1331,0.03461211547255516,2,,,,,
1332,0.012537975795567036,2,,,,,
1333,0.061124738305807114,2,,,,,
1334,0.02866516262292862,2,,,,,
1335,0.006837601773440838,2,,,,,
1336,0.048254627734422684,2,,,,,
1337,0.02169259637594223,2,,,,,
1338,0.048851028084754944,2,,,,,
1339,0.03558235988020897,2,,,,,
1340,0.002314628567546606,2,,,,,
1341,0.005492998752743006,2,,,,,
1342,0.044230151921510696,2,,,,,
1343,0.003741959109902382,2,,,,,
1344,0.05828863009810448,2,,,,,
1345,0.009707210585474968,2,,,,,
1346,0.010858090594410896,2,,,,,
1347,0.026861902326345444,2,,,,,
1348,0.0057062008418142796,2,,,,,
1349,0.01622689887881279,2,,,,,
1350,0.015041188336908817,2,,,,,
1351,0.023104343563318253,2,,,,,
1352,0.013684682548046112,2,,,,,
1353,0.005473203491419554,2,,,,,
1354,0.03097705729305744,2,,,,,
1355,0.043110739439725876,2,,,,,
1356,0.06848764419555664,2,,,,,
1357,0.015539796091616154,2,,,,,
1358,0.025768714025616646,2,,,,,
1359,0.07145783305168152,2,,,,,
1360,0.06988976150751114,2,,,,,
1361,0.07780378311872482,2,,,,,
1362,0.028314348310232162,2,,,,,
1363,0.004349992610514164,2,,,,,
1364,0.10330120474100113,2,,,,,
1365,0.00867321714758873,2,,,,,
1366,0.03394189104437828,2,,,,,
1367,0.015749944373965263,2,,,,,
1368,0.021156182512640953,2,,,,,
1369,0.02509474940598011,2,,,,,
1370,0.05354642868041992,2,,,,,
1371,0.047481004148721695,2,,,,,
1372,0.07530810683965683,2,,,,,
1373,0.07812626659870148,2,,,,,
1374,0.0040616984479129314,2,,,,,
1375,0.047985099256038666,2,,,,,
1376,0.053118109703063965,2,,,,,
1377,0.021402031183242798,2,,,,,
1378,0.006204128731042147,2,,,,,
1379,0.014258495531976223,2,,,,,
1380,0.03397337347269058,2,,,,,
1381,0.00597101217135787,2,,,,,
1382,0.007310777436941862,2,,,,,
1383,0.022642966359853745,2,,,,,
1384,0.012161435559391975,2,,,,,
1385,0.015849176794290543,2,,,,,
1386,0.024241557344794273,2,,,,,
1387,0.10777903348207474,2,,,,,
1388,0.024426547810435295,2,,,,,
1389,0.0026129214093089104,2,,,,,
1390,0.006873088423162699,2,,,,,
1391,0.05220138654112816,2,,,,,
1392,0.005590911488980055,2,,,,,
1393,0.02201109193265438,2,,,,,
1394,0.008746558800339699,2,,,,,
1395,0.026501230895519257,2,,,,,
1396,0.005000580567866564,2,,,,,
1397,0.036616142839193344,2,,,,,
1398,0.0036328043788671494,2,,,,,
1399,0.015476703643798828,2,,,,,
1400,0.009804219007492065,2,,,,,
1401,0.012675394304096699,2,,,,,
1402,0.056189652532339096,2,,,,,
1403,0.011601227335631847,2,,,,,
1404,0.00920820888131857,2,,,,,
1405,0.0098308976739645,2,,,,,
1406,0.03967908397316933,2,,,,,
1407,0.0014508945168927312,2,,,,,
1408,0.10894022136926651,2,,,,,
1409,0.005905740428715944,2,,,,,
1410,0.03545405715703964,2,,,,,
1411,0.0030430639162659645,2,,,,,
1412,0.0027684438973665237,2,,,,,
1413,0.002553591737523675,2,,,,,
1414,0.00958920270204544,2,,,,,
1415,0.003039867850020528,2,,,,,
1416,0.005765235051512718,2,,,,,
1417,0.002829556120559573,2,,,,,
1418,0.037290059030056,2,,,,,
1419,0.034339483827352524,2,,,,,
1420,0.03755302354693413,2,,,,,
1421,0.044635359197854996,2,,,,,
1422,0.004454404581338167,2,,,,,
1423,0.006440978031605482,2,,,,,
1424,0.015031473711133003,2,,,,,
1425,0.026972997933626175,2,,,,,
1426,0.03177932649850845,2,,,,,
1427,0.0033947275951504707,2,,,,,
1428,0.09963979572057724,2,,,,,
1429,0.02834295481443405,2,,,,,
1430,0.09623484313488007,2,,,,,
1431,0.008371041156351566,2,,,,,
1432,0.0028635761700570583,2,,,,,
1433,0.013410219922661781,2,,,,,
1434,0.02860948070883751,2,,,,,
1435,0.006257222034037113,2,,,,,
1436,0.005631508771330118,2,,,,,
1437,0.004856945015490055,2,,,,,
1438,0.010458375327289104,2,,,,,
1439,0.022757800295948982,2,,,,,
1440,0.005637872498482466,2,,,,,
1441,0.0361776128411293,2,,,,,
1442,0.02118409052491188,2,,,,,
1443,0.0038926387205719948,2,,,,,
1444,0.07286809384822845,2,,,,,
1445,0.010574624873697758,2,,,,,
1446,0.02679399959743023,2,,,,,
1447,0.027160631492733955,2,,,,,
1448,0.06323050707578659,2,,,,,
1449,0.0682365745306015,2,,,,,
1450,0.01626587100327015,2,,,,,
1451,0.06726869195699692,2,,,,,
1452,0.006293170619755983,2,,,,,
1453,0.03493630886077881,2,,,,,
1454,0.029631106182932854,2,,,,,
1455,0.010720615275204182,2,,,,,
1456,0.011836517602205276,2,,,,,
1457,0.04872308298945427,2,,,,,
1458,0.008394268341362476,2,,,,,
1459,0.09969033300876617,2,,,,,
1460,0.04754134640097618,2,,,,,
1461,0.06755057722330093,2,,,,,
1462,0.0057535176165401936,2,,,,,
1463,0.011524590663611889,2,,,,,
1464,0.006886855233460665,2,,,,,
1465,0.015358679927885532,2,,,,,
1466,0.059808310121297836,2,,,,,
1467,0.018854044377803802,2,,,,,
1468,0.042195096611976624,2,,,,,
1469,0.006992438342422247,2,,,,,
1470,0.012983673252165318,2,,,,,
1471,0.06143315136432648,2,,,,,
1472,0.08153156191110611,2,,,,,
1473,0.07254733145236969,2,,,,,
1474,0.010199734009802341,2,,,,,
1475,0.0795811265707016,2,,,,,
1476,0.015281138010323048,2,,,,,
1477,0.07340692728757858,2,,,,,
1478,0.06106379255652428,2,,,,,
1479,0.02456628903746605,2,,,,,
1480,0.06443752348423004,2,,,,,
1481,0.061746031045913696,2,,,,,
1482,0.030477672815322876,2,,,,,
1483,0.06611577421426773,2,,,,,
1484,0.041536297649145126,2,,,,,
1485,0.008566506206989288,2,,,,,
1486,0.007697062101215124,2,,,,,
1487,0.007386508863419294,2,,,,,
1488,0.007237070705741644,2,,,,,
1489,0.03268210217356682,2,,,,,
1490,0.01231796108186245,2,,,,,
1491,0.04213329777121544,2,,,,,
1492,0.039197955280542374,2,,,,,
1493,0.03557699918746948,2,,,,,
1494,0.07052136212587357,2,,,,,
1495,0.07429385930299759,2,,,,,
1496,0.00643590372055769,2,,,,,
1497,0.051829542964696884,2,,,,,
1498,0.06949976831674576,2,,,,,
1499,0.008417882025241852,2,,,,,
1500,0.015292136929929256,2,,,,,
1501,0.032471537590026855,2,,,,,
1502,0.016343150287866592,2,,,,,
1503,0.03496268019080162,2,,,,,
1504,0.006841308902949095,2,,,,,
1505,0.005767797585576773,2,,,,,
1506,0.03583475947380066,2,,,,,
1507,0.023980313912034035,2,,,,,
1508,0.006914698053151369,2,,,,,
1509,0.09736684709787369,2,,,,,
1510,0.046634577214717865,2,,,,,
1511,0.09952663630247116,2,,,,,
1512,0.0255860798060894,2,,,,,
1513,0.008818707428872585,2,,,,,
1514,0.0034895034041255713,2,,,,,
1515,0.02246602438390255,2,,,,,
1516,0.010931198485195637,2,,,,,
1517,0.014933441765606403,2,,,,,
1518,0.04101712256669998,2,,,,,
1519,0.039003532379865646,2,,,,,
1520,0.026962362229824066,2,,,,,
1521,0.02402307838201523,2,,,,,
1522,0.0032354937866330147,2,,,,,
1523,0.07239843904972076,2,,,,,
1524,0.028259333223104477,2,,,,,
1525,0.05693141371011734,2,,,,,
1526,0.00686194421723485,2,,,,,
1527,0.032971207052469254,2,,,,,
1528,0.03195826709270477,2,,,,,
1529,0.08359228819608688,2,,,,,
1530,0.01595860905945301,2,,,,,
1531,0.010674163699150085,2,,,,,
1532,0.01060416828840971,2,,,,,
1533,0.016297494992613792,2,,,,,
1534,0.061679717153310776,2,,,,,
1535,0.07028555124998093,2,,,,,
1536,0.03041304461658001,2,,,,,
1537,0.001729512121528387,2,,,,,
1538,0.0026607089675962925,2,,,,,
1539,0.011305822990834713,2,,,,,
1540,0.04636244848370552,2,,,,,
1541,0.007425940595567226,2,,,,,
1542,0.04238015413284302,2,,,,,
1543,0.049482446163892746,2,,,,,
1544,0.03282695636153221,2,,,,,
1545,0.012513981200754642,2,,,,,
1546,0.03208169713616371,2,,,,,
1547,0.012319604866206646,2,,,,,
1548,0.05614866316318512,2,,,,,
1549,0.07243918627500534,2,,,,,
1550,0.006876785773783922,2,,,,,
1551,0.062407832592725754,2,,,,,
1552,0.01542116142809391,2,,,,,
1553,0.018359651789069176,2,,,,,
1554,0.03490891307592392,2,,,,,
1555,0.0037609704304486513,2,,,,,
1556,0.018170375376939774,2,,,,,
1557,0.06230558827519417,2,,,,,
1558,0.013681367971003056,2,,,,,
1559,0.012275801040232182,2,,,,,
1560,0.005933362990617752,2,,,,,
1561,0.008327731862664223,2,,,,,
1562,0.012994629330933094,2,,,,,
1563,0.024332867935299873,2,,,,,
1564,0.023321600630879402,2,,,,,
1565,0.004004001151770353,2,,,,,
1566,0.001837541232816875,2,,,,,
1567,0.027149731293320656,2,,,,,
1568,0.02336687035858631,2,,,,,
1569,0.005656486842781305,2,,,,,
1570,0.009264100342988968,2,,,,,
1571,0.025590956211090088,2,,,,,
1572,0.003170055104419589,2,,,,,
1573,0.014853687025606632,2,,,,,
1574,0.0017470639431849122,2,,,,,
1575,0.002515924395993352,2,,,,,
1576,0.09125428646802902,2,,,,,
1577,0.010289906524121761,2,,,,,
1578,0.0035029829014092684,2,,,,,
1579,0.052089426666498184,2,,,,,
1580,0.016985561698675156,2,,,,,
1581,0.07432273030281067,2,,,,,
1582,0.021320683881640434,2,,,,,
1583,0.0024412297643721104,2,,,,,
1584,0.018484152853488922,2,,,,,
1585,0.003428979543969035,2,,,,,
1586,0.05567368119955063,2,,,,,
1587,0.01271945983171463,2,,,,,
1588,0.014551697298884392,2,,,,,
1589,0.006613255012780428,2,,,,,
1590,0.019187046214938164,2,,,,,
1591,0.06109131500124931,2,,,,,
1592,0.013685566373169422,2,,,,,
1593,0.017451539635658264,2,,,,,
1594,0.02869541011750698,2,,,,,
1595,0.06410318613052368,2,,,,,
1596,0.026066629216074944,2,,,,,
1597,0.0077352263033390045,2,,,,,
1598,0.07504032552242279,2,,,,,
1599,0.004784493241459131,2,,,,,
1600,0.01180750597268343,2,,,,,
1601,0.00540484394878149,2,,,,,
1602,0.017093103379011154,2,,,,,
1603,0.03399284556508064,2,,,,,
1604,0.03826075792312622,2,,,,,
1605,0.0676724836230278,2,,,,,
1606,0.009913662448525429,2,,,,,
1607,0.024469545111060143,2,,,,,
1608,0.011076340451836586,2,,,,,
1609,0.07812515646219254,2,,,,,
1610,0.007638893555849791,2,,,,,
1611,0.012651359662413597,2,,,,,
1612,0.0028183048125356436,2,,,,,
1613,0.009176401421427727,2,,,,,
1614,0.018748436123132706,2,,,,,
1615,0.002416941337287426,2,,,,,
1616,0.03524990379810333,2,,,,,
1617,0.05073998495936394,2,,,,,
1618,0.011682399548590183,2,,,,,
1619,0.006118729244917631,2,,,,,
1620,0.005217915866523981,2,,,,,
1621,0.002339679282158613,2,,,,,
1622,0.004345625173300505,2,,,,,
1623,0.007027567829936743,2,,,,,
1624,0.005282358266413212,2,,,,,
1625,0.008094269782304764,2,,,,,
1626,0.030832750722765923,2,,,,,
1627,0.018286680802702904,2,,,,,
1628,0.13664506375789642,2,,,,,
1629,0.0033514928072690964,2,,,,,
1630,0.0021436482202261686,2,,,,,
1631,0.0023501033429056406,2,,,,,
1632,0.12701767683029175,2,,,,,
1633,0.02538464404642582,2,,,,,
1634,0.030490918084979057,2,,,,,
1635,0.021514281630516052,2,,,,,
1636,0.017844878137111664,2,,,,,
1637,0.04506384953856468,2,,,,,
1638,0.0021566455252468586,2,,,,,
1639,0.010238097049295902,2,,,,,
1640,0.07353165000677109,2,,,,,
1641,0.0037818022537976503,2,,,,,
1642,0.021259993314743042,2,,,,,
1643,0.006961212959140539,2,,,,,
1644,0.03278374299407005,2,,,,,
1645,0.09900014102458954,2,,,,,
1646,0.05274761840701103,2,,,,,
1647,0.023922566324472427,2,,,,,
1648,0.07960374653339386,2,,,,,
1649,0.015009969472885132,2,,,,,
1650,0.014524982310831547,2,,,,,
1651,0.02453249879181385,2,,,,,
1652,0.03362386301159859,2,,,,,
1653,0.004594072233885527,2,,,,,
1654,0.01599300093948841,2,,,,,
1655,0.003706498770043254,2,,,,,
1656,0.06543415784835815,2,,,,,
1657,0.003163732588291168,2,,,,,
1658,0.03779277205467224,2,,,,,
1659,0.006438145879656076,2,,,,,
1660,0.04001966863870621,2,,,,,
1661,0.014739641919732094,2,,,,,
1662,0.03833630681037903,2,,,,,
1663,0.004151976201683283,2,,,,,
1664,0.010151072405278683,2,,,,,
1665,0.06647820770740509,2,,,,,
1666,0.015435964800417423,2,,,,,
1667,0.02994602359831333,2,,,,,
1668,0.07317925244569778,2,,,,,
1669,0.02213864028453827,2,,,,,
1670,0.014264627359807491,2,,,,,
1671,0.03874950855970383,2,,,,,
1672,0.0958683118224144,2,,,,,
1673,0.005161378066986799,2,,,,,
1674,0.04418303444981575,2,,,,,
1675,0.011586337350308895,2,,,,,
1676,0.018579550087451935,2,,,,,
1677,0.043393585830926895,2,,,,,
1678,0.022390160709619522,2,,,,,
1679,0.026065630838274956,2,,,,,
1680,0.06109200790524483,2,,,,,
1681,0.03924987465143204,2,,,,,
1682,0.02346998080611229,2,,,,,
1683,0.012614435516297817,2,,,,,
1684,0.08036496490240097,2,,,,,
1685,0.012146116234362125,2,,,,,
1686,0.00811000820249319,2,,,,,
1687,0.08375351876020432,2,,,,,
1688,0.06953317672014236,2,,,,,
1689,0.00920721422880888,2,,,,,
1690,0.027636300772428513,2,,,,,
1691,0.009464309550821781,2,,,,,
1692,0.06400036811828613,2,,,,,
1693,0.007223723456263542,2,,,,,
1694,0.015243951231241226,2,,,,,
1695,0.003969669807702303,2,,,,,
1696,0.031531188637018204,2,,,,,
1697,0.004562032409012318,2,,,,,
1698,0.03975358232855797,2,,,,,
1699,0.023936927318572998,2,,,,,
1700,0.0037464527413249016,2,,,,,
1701,0.009021786972880363,2,,,,,
1702,0.04771244898438454,2,,,,,
1703,0.022664250805974007,2,,,,,
1704,0.020023364573717117,2,,,,,
1705,0.013069513253867626,2,,,,,
1706,0.02140403725206852,2,,,,,
1707,0.0040726265870034695,2,,,,,
1708,0.004201484844088554,2,,,,,
1709,0.017745770514011383,2,,,,,
1710,0.09774773567914963,2,,,,,
1711,0.024112092331051826,2,,,,,
1712,0.02996649406850338,2,,,,,
1713,0.024577025324106216,2,,,,,
1714,0.04964699596166611,2,,,,,
1715,0.004051095340400934,2,,,,,
1716,0.007189773954451084,2,,,,,
1717,0.005001502577215433,2,,,,,
1718,0.009256376884877682,2,,,,,
1719,0.017201444134116173,2,,,,,
1720,0.004343695007264614,2,,,,,
1721,0.022308986634016037,2,,,,,
1722,0.01587013527750969,2,,,,,
1723,0.025399118661880493,2,,,,,
1724,0.004698064643889666,2,,,,,
1725,0.01226620003581047,2,,,,,
1726,0.0321599580347538,2,,,,,
1727,0.052522026002407074,2,,,,,
1728,0.033341825008392334,2,,,,,
1729,0.007629558444023132,2,,,,,
1730,0.039022188633680344,2,,,,,
1731,0.05127843841910362,2,,,,,
1732,0.07807507365942001,2,,,,,
1733,0.008819499984383583,2,,,,,
1734,0.08940901607275009,2,,,,,
1735,0.01126264687627554,2,,,,,
1736,0.03339207544922829,2,,,,,
1737,0.004579121246933937,2,,,,,
1738,0.006795869674533606,2,,,,,
1739,0.06243427097797394,2,,,,,
1740,0.08034434914588928,2,,,,,
1741,0.007231593132019043,2,,,,,
1742,0.023027226328849792,2,,,,,
1743,0.006813238374888897,2,,,,,
1744,0.0054113962687551975,2,,,,,
1745,0.004636071156710386,2,,,,,
1746,0.031065072864294052,2,,,,,
1747,0.005779260769486427,2,,,,,
1748,0.0561743788421154,2,,,,,
1749,0.010366609320044518,2,,,,,
1750,0.004150873981416225,2,,,,,
1751,0.005560397636145353,2,,,,,
1752,0.03474730625748634,2,,,,,
1753,0.013126813806593418,2,,,,,
1754,0.07188140600919724,2,,,,,
1755,0.009674778208136559,2,,,,,
1756,0.004897737875580788,2,,,,,
1757,0.006483003031462431,2,,,,,
1758,0.022159378975629807,2,,,,,
1759,0.05960680916905403,2,,,,,
1760,0.044516097754240036,2,,,,,
1761,0.022138891741633415,2,,,,,
1762,0.005448836833238602,2,,,,,
1763,0.004632196389138699,2,,,,,
1764,0.008137570694088936,2,,,,,
1765,0.005789441522210836,2,,,,,
1766,0.002156407805159688,2,,,,,
1767,0.015487122349441051,2,,,,,
1768,0.08165312558412552,2,,,,,
1769,0.05308309942483902,2,,,,,
1770,0.0635550394654274,2,,,,,
1771,0.06697872281074524,2,,,,,
1772,0.011850868351757526,2,,,,,
1773,0.004713460803031921,2,,,,,
1774,0.002740753348916769,2,,,,,
1775,0.006051540840417147,2,,,,,
1776,0.0018156272126361728,2,,,,,
1777,0.006232521031051874,2,,,,,
1778,0.044459134340286255,2,,,,,
1779,0.058026473969221115,2,,,,,
1780,0.02337380312383175,2,,,,,
1781,0.059884048998355865,2,,,,,
1782,0.057223424315452576,2,,,,,
1783,0.028461797162890434,2,,,,,
1784,0.005553846713155508,2,,,,,
1785,0.004271314013749361,2,,,,,
1786,0.024137329310178757,2,,,,,
1787,0.002738475799560547,2,,,,,
1788,0.008005909621715546,2,,,,,
1789,0.016598990187048912,2,,,,,
1790,0.004761035554111004,2,,,,,
1791,0.0031960569322109222,2,,,,,
1792,0.034811340272426605,2,,,,,
1793,0.02547387033700943,2,,,,,
1794,0.012359533458948135,2,,,,,
1795,0.0025397143326699734,2,,,,,
1796,0.003840765915811062,2,,,,,
1797,0.004736543633043766,2,,,,,
1798,0.03210270404815674,2,,,,,
1799,0.04081234708428383,2,,,,,
1800,0.10379576683044434,2,,,,,
1801,0.009349431842565536,2,,,,,
1802,0.08259787410497665,2,,,,,
1803,0.006270987913012505,2,,,,,
1804,0.006886729039251804,2,,,,,
1805,0.006322296801954508,2,,,,,
1806,0.003306656377390027,2,,,,,
1807,0.021674616262316704,2,,,,,
1808,0.006911990698426962,2,,,,,
1809,0.01055044773966074,2,,,,,
1810,0.024109242483973503,2,,,,,
1811,0.0015900154830887914,2,,,,,
1812,0.048332832753658295,2,,,,,
1813,0.0015091701643541455,2,,,,,
1814,0.001071485923603177,2,,,,,
1815,0.023631244897842407,2,,,,,
1816,0.03999937325716019,2,,,,,
1817,0.018268683925271034,2,,,,,
1818,0.02346024289727211,2,,,,,
1819,0.05545870587229729,2,,,,,
1820,0.004293548874557018,2,,,,,
1821,0.0507819801568985,2,,,,,
1822,0.005597678013145924,2,,,,,
1823,0.053706347942352295,2,,,,,
1824,0.04110421612858772,2,,,,,
1825,0.0016343394527211785,2,,,,,
1826,0.018131744116544724,2,,,,,
1827,0.009154320694506168,2,,,,,
1828,0.007674202788621187,2,,,,,
1829,0.023578129708766937,2,,,,,
1830,0.011899285018444061,2,,,,,
1831,0.004742180462926626,2,,,,,
1832,0.003871126798912883,2,,,,,
1833,0.06384540349245071,2,,,,,
1834,0.0019909427501261234,2,,,,,
1835,0.021386679261922836,2,,,,,
1836,0.05532367154955864,2,,,,,
1837,0.022589482367038727,2,,,,,
1838,0.003081764094531536,2,,,,,
1839,0.036996081471443176,2,,,,,
1840,0.025789769366383553,2,,,,,
1841,0.0649450272321701,2,,,,,
1842,0.02210954949259758,2,,,,,
1843,0.024124663323163986,2,,,,,
1844,0.023615233600139618,2,,,,,
1845,0.010728460736572742,2,,,,,
1846,0.013935915194451809,2,,,,,
1847,0.004933497402817011,2,,,,,
1848,0.043748799711465836,2,,,,,
1849,0.0682503804564476,2,,,,,
1850,0.022191807627677917,2,,,,,
1851,0.0025391532108187675,2,,,,,
1852,0.024746280163526535,2,,,,,
1853,0.0037649134173989296,2,,,,,
1854,0.025791848078370094,2,,,,,
1855,0.028409389778971672,2,,,,,
1856,0.0038858375046402216,2,,,,,
1857,0.0066018011420965195,2,,,,,
1858,0.003556315554305911,2,,,,,
1859,0.019870739430189133,2,,,,,
1860,0.005463504698127508,2,,,,,
1861,0.08060310781002045,2,,,,,
1862,0.04776792600750923,2,,,,,
1863,0.007374163717031479,2,,,,,
1864,0.006732395850121975,2,,,,,
1865,0.0037043550983071327,2,,,,,
1866,0.03526252135634422,2,,,,,
1867,0.017237171530723572,2,,,,,
1868,0.005804277490824461,2,,,,,
1869,0.0028991829603910446,2,,,,,
1870,0.01050142664462328,2,,,,,
1871,0.010757842101156712,2,,,,,
1872,0.0007352381362579763,2,,,,,
1873,0.0553305521607399,2,,,,,
1874,0.07042699307203293,2,,,,,
1875,0.025676285848021507,2,,,,,
1876,0.0054685198701918125,2,,,,,
1877,0.008057725615799427,2,,,,,
1878,0.061996620148420334,2,,,,,
1879,0.0005380664370022714,2,,,,,
1880,0.0031201697420328856,2,,,,,
158,,,0.03406688943505287,,,,
159,,,0.011166629381477833,,,,
160,,,0.0014227355131879449,,,,
161,,,0.03316676616668701,,,,
162,,,0.000957569747697562,,,,
163,,,0.037941694259643555,,,,
164,,,0.005981510505080223,,,,
165,,,0.002532729646191001,,,,
166,,,0.032118119299411774,,,,
167,,,0.0006387093453668058,,,,
168,,,0.0005488254246301949,,,,
169,,,0.03728661686182022,,,,
170,,,0.0005674231797456741,,,,
171,,,0.010191754437983036,,,,
172,,,0.04094570502638817,,,,
173,,,0.0006804656586609781,,,,
174,,,0.028841016814112663,,,,
175,,,0.00981742050498724,,,,
176,,,0.005495073273777962,,,,
177,,,0.046074606478214264,,,,
178,,,0.010030310600996017,,,,
179,,,0.0003205064276698977,,,,
180,,,0.0005302703357301652,,,,
181,,,0.05197105184197426,,,,
182,,,0.0005275466246530414,,,,
183,,,0.009063854813575745,,,,
184,,,0.013128374703228474,,,,
185,,,0.0009473610552959144,,,,
186,,,0.0053093647584319115,,,,
187,,,0.002078054239973426,,,,
188,,,0.006768045946955681,,,,
189,,,0.024961352348327637,,,,
190,,,0.0018070708028972149,,,,
191,,,0.04864383488893509,,,,
192,,,0.0011836348567157984,,,,
193,,,0.0007376181893050671,,,,
194,,,0.023819325491786003,,,,
195,,,0.04925800859928131,,,,
196,,,0.00039572082459926605,,,,
197,,,0.0314427986741066,,,,
198,,,0.0007699625566601753,,,,
199,,,0.0632806271314621,,,,
200,,,0.010591886006295681,,,,
201,,,0.09854169189929962,,,,
202,,,0.027288995683193207,,,,
203,,,0.03143451362848282,,,,
204,,,0.005061822943389416,,,,
205,,,0.0022930975537747145,,,,
206,,,0.0006474295514635742,,,,
207,,,0.07586771994829178,,,,
208,,,0.0016534539172425866,,,,
209,,,0.01571042276918888,,,,
210,,,0.0011595144169405103,,,,
211,,,0.005606825463473797,,,,
212,,,0.000798382330685854,,,,
213,,,0.05879029259085655,,,,
214,,,0.005108533892780542,,,,
215,,,0.040257252752780914,,,,
216,,,0.021891983225941658,,,,
217,,,0.03426907956600189,,,,
218,,,0.033155132085084915,,,,
219,,,0.0002360947401029989,,,,
220,,,0.0004257219552528113,,,,
221,,,0.055055469274520874,,,,
222,,,0.01109021995216608,,,,
223,,,0.011183185502886772,,,,
224,,,0.0004556637431960553,,,,
225,,,0.032186511904001236,,,,
226,,,0.001150669646449387,,,,
227,,,0.00082699756603688,,,,
228,,,0.0013835529098287225,,,,
229,,,0.00509349862113595,,,,
230,,,0.04545634984970093,,,,
231,,,0.03707359731197357,,,,
232,,,0.03761674091219902,,,,
233,,,0.16754424571990967,,,,
234,,,0.0004061393265146762,,,,
235,,,0.0006584804505109787,,,,
236,,,7.904734957264736e-05,,,,
1880,,2,,0.020005211234092712,,,
1880,,2,,,0.9082278609275818,0.027628714218735695,0.9952531456947327
1881,0.03793395683169365,3,,,,,
1882,0.04041855409741402,3,,,,,
1883,0.03920598328113556,3,,,,,
1884,0.04960349574685097,3,,,,,
1885,0.049296483397483826,3,,,,,
1886,0.06921013444662094,3,,,,,
1887,0.003127924632281065,3,,,,,
1888,0.0025273726787418127,3,,,,,
1889,0.058405615389347076,3,,,,,
1890,0.03964054584503174,3,,,,,
1891,0.07770752161741257,3,,,,,
1892,0.049915436655282974,3,,,,,
1893,0.01869037188589573,3,,,,,
1894,0.0865369439125061,3,,,,,
1895,0.020384786650538445,3,,,,,
1896,0.00877046212553978,3,,,,,
1897,0.01863708719611168,3,,,,,
1898,0.0029126477893441916,3,,,,,
1899,0.04604903608560562,3,,,,,
1900,0.0528949536383152,3,,,,,
1901,0.027934910729527473,3,,,,,
1902,0.011150617152452469,3,,,,,
1903,0.010053635574877262,3,,,,,
1904,0.011101695708930492,3,,,,,
1905,0.0699562355875969,3,,,,,
1906,0.028386197984218597,3,,,,,
1907,0.02582780085504055,3,,,,,
1908,0.05857668071985245,3,,,,,
1909,0.002495931461453438,3,,,,,
1910,0.006810924503952265,3,,,,,
1911,0.004146237391978502,3,,,,,
1912,0.01558705698698759,3,,,,,
1913,0.028624674305319786,3,,,,,
1914,0.05180647224187851,3,,,,,
1915,0.0015492317033931613,3,,,,,
1916,0.0072177923284471035,3,,,,,
1917,0.00412485096603632,3,,,,,
1918,0.0248098187148571,3,,,,,
1919,0.028511859476566315,3,,,,,
1920,0.013090680353343487,3,,,,,
1921,0.0036111425142735243,3,,,,,
1922,0.0046141487546265125,3,,,,,
1923,0.025336185470223427,3,,,,,
1924,0.01436498761177063,3,,,,,
1925,0.0034241194371134043,3,,,,,
1926,0.017429126426577568,3,,,,,
1927,0.0018816753290593624,3,,,,,
1928,0.03858640789985657,3,,,,,
1929,0.005199877079576254,3,,,,,
1930,0.004241039045155048,3,,,,,
1931,0.05370965972542763,3,,,,,
1932,0.004160523880273104,3,,,,,
1933,0.04761236160993576,3,,,,,
1934,0.07199835777282715,3,,,,,
1935,0.009704675525426865,3,,,,,
1936,0.0025192946195602417,3,,,,,
1937,0.002742040902376175,3,,,,,
1938,0.014623237773776054,3,,,,,
1939,0.023984992876648903,3,,,,,
1940,0.011732805520296097,3,,,,,
1941,0.0015242533991113305,3,,,,,
1942,0.0030436685774475336,3,,,,,
1943,0.045004505664110184,3,,,,,
1944,0.05701792240142822,3,,,,,
1945,0.014150431379675865,3,,,,,
1946,0.024880018085241318,3,,,,,
1947,0.006485631223767996,3,,,,,
1948,0.013331141322851181,3,,,,,
1949,0.025216184556484222,3,,,,,
1950,0.0099263871088624,3,,,,,
1951,0.040552958846092224,3,,,,,
1952,0.015407713130116463,3,,,,,
1953,0.0016895855078473687,3,,,,,
1954,0.0006148202810436487,3,,,,,
1955,0.0037267759907990694,3,,,,,
1956,0.05923384800553322,3,,,,,
1957,0.0021472640801221132,3,,,,,
1958,0.00395313510671258,3,,,,,
1959,0.03579995036125183,3,,,,,
1960,0.03817656263709068,3,,,,,
1961,0.005663249175995588,3,,,,,
1962,0.046830594539642334,3,,,,,
1963,0.0013713514199480414,3,,,,,
1964,0.020118312910199165,3,,,,,
1965,0.014643298462033272,3,,,,,
1966,0.01579165644943714,3,,,,,
1967,0.0024089645594358444,3,,,,,
1968,0.011567214503884315,3,,,,,
1969,0.04050546884536743,3,,,,,
1970,0.00018736925267148763,3,,,,,
1971,0.020399754866957664,3,,,,,
1972,0.10074973106384277,3,,,,,
1973,0.04937213286757469,3,,,,,
1974,0.042843472212553024,3,,,,,
1975,0.031780991703271866,3,,,,,
1976,0.0037426555063575506,3,,,,,
1977,0.013858964666724205,3,,,,,
1978,0.00998776126652956,3,,,,,
1979,0.021586257964372635,3,,,,,
1980,0.07869203388690948,3,,,,,
1981,0.027351491153240204,3,,,,,
1982,0.03886590152978897,3,,,,,
1983,0.0021283722016960382,3,,,,,
1984,0.00943636242300272,3,,,,,
1985,0.0015982671175152063,3,,,,,
1986,0.03044939786195755,3,,,,,
1987,0.036279089748859406,3,,,,,
1988,0.08498599380254745,3,,,,,
1989,0.0162869431078434,3,,,,,
1990,0.006956793833523989,3,,,,,
1991,0.01767212152481079,3,,,,,
1992,0.0035797867458313704,3,,,,,
1993,0.003473843215033412,3,,,,,
1994,0.03814275190234184,3,,,,,
1995,0.011042860336601734,3,,,,,
1996,0.009872364811599255,3,,,,,
1997,0.027112826704978943,3,,,,,
1998,0.002761441981419921,3,,,,,
1999,0.02991260401904583,3,,,,,
2000,0.0033968056086450815,3,,,,,
2001,0.0008216061978600919,3,,,,,
2002,0.006354155018925667,3,,,,,
2003,0.009990228340029716,3,,,,,
2004,0.006289497017860413,3,,,,,
2005,0.006782215088605881,3,,,,,
2006,0.06736880540847778,3,,,,,
2007,0.03975367173552513,3,,,,,
2008,0.0073061720468103886,3,,,,,
2009,0.0038822500500828028,3,,,,,
2010,0.005074967164546251,3,,,,,
2011,0.03800016641616821,3,,,,,
2012,0.046329546719789505,3,,,,,
2013,0.001886859885416925,3,,,,,
2014,0.023010313510894775,3,,,,,
2015,0.004156826063990593,3,,,,,
2016,0.1099650040268898,3,,,,,
2017,0.0007988812867552042,3,,,,,
2018,0.0478585883975029,3,,,,,
2019,0.02039913646876812,3,,,,,
2020,0.02451195940375328,3,,,,,
2021,0.03640235587954521,3,,,,,
2022,0.041571084409952164,3,,,,,
2023,0.014983044005930424,3,,,,,
2024,0.005349935498088598,3,,,,,
2025,0.0018406349699944258,3,,,,,
2026,0.006068277172744274,3,,,,,
2027,0.02011333964765072,3,,,,,
2028,0.01250131893903017,3,,,,,
2029,0.01826498657464981,3,,,,,
2030,0.005696240346878767,3,,,,,
2031,0.05585768446326256,3,,,,,
2032,0.017561210319399834,3,,,,,
2033,0.05477612838149071,3,,,,,
2034,0.02312897890806198,3,,,,,
2035,0.016101345419883728,3,,,,,
2036,0.07877802103757858,3,,,,,
2037,0.06926222145557404,3,,,,,
2038,0.009447789750993252,3,,,,,
2039,0.014223109930753708,3,,,,,
2040,0.006099637132138014,3,,,,,
2041,0.08871165663003922,3,,,,,
2042,0.0018909827340394258,3,,,,,
2043,0.0888899713754654,3,,,,,
2044,0.06414620578289032,3,,,,,
2045,0.025844478979706764,3,,,,,
2046,0.027792824432253838,3,,,,,
2047,0.0037111302372068167,3,,,,,
2048,0.003360174596309662,3,,,,,
2049,0.01950649544596672,3,,,,,
2050,0.005831079091876745,3,,,,,
2051,0.016207702457904816,3,,,,,
2052,0.001575868809595704,3,,,,,
2053,0.014927676878869534,3,,,,,
2054,0.007509559392929077,3,,,,,
2055,0.004346049856394529,3,,,,,
2056,0.034983325749635696,3,,,,,
2057,0.0023302577901631594,3,,,,,
2058,0.0054221670143306255,3,,,,,
2059,0.004625681787729263,3,,,,,
2060,0.005709909368306398,3,,,,,
2061,0.04364199936389923,3,,,,,
2062,0.009184429422020912,3,,,,,
2063,0.05198926106095314,3,,,,,
2064,0.01099449023604393,3,,,,,
2065,0.0035626881290227175,3,,,,,
2066,0.014371518976986408,3,,,,,
2067,0.005099213682115078,3,,,,,
2068,0.03459594398736954,3,,,,,
2069,0.013387459330260754,3,,,,,
2070,0.02000385895371437,3,,,,,
2071,0.02050398848950863,3,,,,,
2072,0.09449036419391632,3,,,,,
2073,0.08070709556341171,3,,,,,
2074,0.07931617647409439,3,,,,,
2075,0.007322091143578291,3,,,,,
2076,0.08172811567783356,3,,,,,
2077,0.025443509221076965,3,,,,,
2078,0.0034306622110307217,3,,,,,
2079,0.03165901079773903,3,,,,,
2080,0.08159561455249786,3,,,,,
2081,0.05065947026014328,3,,,,,
2082,0.050779975950717926,3,,,,,
2083,0.010933130979537964,3,,,,,
2084,0.05611841380596161,3,,,,,
2085,0.004580737091600895,3,,,,,
2086,0.04624740779399872,3,,,,,
2087,0.013202803209424019,3,,,,,
2088,0.013236289843916893,3,,,,,
2089,0.0033495554234832525,3,,,,,
2090,0.011507357470691204,3,,,,,
2091,0.010682840831577778,3,,,,,
2092,0.010253447107970715,3,,,,,
2093,0.00862452108412981,3,,,,,
2094,0.005321964155882597,3,,,,,
2095,0.013201446272432804,3,,,,,
2096,0.033303871750831604,3,,,,,
2097,0.06984852999448776,3,,,,,
2098,0.03926752880215645,3,,,,,
2099,0.0069036646746098995,3,,,,,
2100,0.0492197647690773,3,,,,,
2101,0.0435626357793808,3,,,,,
2102,0.003744359128177166,3,,,,,
2103,0.00770946079865098,3,,,,,
2104,0.02513786405324936,3,,,,,
2105,0.01746024750173092,3,,,,,
2106,0.03848501667380333,3,,,,,
2107,0.028503593057394028,3,,,,,
2108,0.018957167863845825,3,,,,,
2109,0.013780975714325905,3,,,,,
2110,0.017878420650959015,3,,,,,
2111,0.039081357419490814,3,,,,,
2112,0.0022172380704432726,3,,,,,
2113,0.025438018143177032,3,,,,,
2114,0.06680086255073547,3,,,,,
2115,0.0013590783346444368,3,,,,,
2116,0.020052997395396233,3,,,,,
2117,0.019132593646645546,3,,,,,
2118,0.04053201526403427,3,,,,,
2119,0.01589430868625641,3,,,,,
2120,0.028605682775378227,3,,,,,
2121,0.008834191597998142,3,,,,,
2122,0.004128303378820419,3,,,,,
2123,0.003096848027780652,3,,,,,
2124,0.003096856875345111,3,,,,,
2125,0.00912025012075901,3,,,,,
2126,0.017158234491944313,3,,,,,
2127,0.007784899789839983,3,,,,,
2128,0.011718085035681725,3,,,,,
2129,0.001167114358395338,3,,,,,
2130,0.04575790837407112,3,,,,,
2131,0.07951128482818604,3,,,,,
2132,0.05470314621925354,3,,,,,
2133,0.02121778018772602,3,,,,,
2134,0.035833243280649185,3,,,,,
2135,0.010567879304289818,3,,,,,
2136,0.001677462481893599,3,,,,,
2137,0.020572764798998833,3,,,,,
2138,0.017991337925195694,3,,,,,
2139,0.017360050231218338,3,,,,,
2140,0.025984030216932297,3,,,,,
2141,0.015446208417415619,3,,,,,
2142,0.009280350990593433,3,,,,,
2143,0.0060145617462694645,3,,,,,
2144,0.030378978699445724,3,,,,,
2145,0.0068893106654286385,3,,,,,
2146,0.031207138672471046,3,,,,,
2147,0.003657193621620536,3,,,,,
2148,0.057649239897727966,3,,,,,
2149,0.012897818349301815,3,,,,,
2150,0.009244467131793499,3,,,,,
2151,0.002006669295951724,3,,,,,
2152,0.058085765689611435,3,,,,,
2153,0.0009676242480054498,3,,,,,
2154,0.02435271069407463,3,,,,,
2155,0.010850759223103523,3,,,,,
2156,0.060869913548231125,3,,,,,
2157,0.02543322741985321,3,,,,,
2158,0.023574478924274445,3,,,,,
2159,0.05403918772935867,3,,,,,
2160,0.00165295519400388,3,,,,,
2161,0.026146162301301956,3,,,,,
2162,0.007474049460142851,3,,,,,
2163,0.0031909802928566933,3,,,,,
2164,0.002041305648162961,3,,,,,
2165,0.0009071548702195287,3,,,,,
2166,0.005596606992185116,3,,,,,
2167,0.003729453543201089,3,,,,,
2168,0.0009678702335804701,3,,,,,
2169,0.004277046304196119,3,,,,,
2170,0.0018936378182843328,3,,,,,
2171,0.09424436837434769,3,,,,,
2172,0.0020778870675712824,3,,,,,
2173,0.004378951620310545,3,,,,,
2174,0.0026543012354522943,3,,,,,
2175,0.008565240539610386,3,,,,,
2176,0.025822622701525688,3,,,,,
2177,0.001202437444590032,3,,,,,
2178,0.0008356525795534253,3,,,,,
2179,0.0012292760657146573,3,,,,,
2180,0.00895142462104559,3,,,,,
2181,0.02810465730726719,3,,,,,
2182,0.0023925446439534426,3,,,,,
2183,0.01223672367632389,3,,,,,
2184,0.0005199156003072858,3,,,,,
2185,0.008909031748771667,3,,,,,
2186,0.0009069513762369752,3,,,,,
2187,0.008395683951675892,3,,,,,
2188,0.023327384144067764,3,,,,,
2189,0.015028206631541252,3,,,,,
2190,0.000859371735714376,3,,,,,
2191,0.02064255066215992,3,,,,,
2192,0.024275029078125954,3,,,,,
2193,0.049832846969366074,3,,,,,
2194,0.00010804279008880258,3,,,,,
2195,0.011942726559937,3,,,,,
2196,0.016837401315569878,3,,,,,
2197,0.02560768835246563,3,,,,,
2198,0.0004283979651518166,3,,,,,
2199,0.02223479561507702,3,,,,,
2200,0.00109476235229522,3,,,,,
2201,0.0021842962596565485,3,,,,,
2202,0.01729852519929409,3,,,,,
2203,0.002501598559319973,3,,,,,
2204,0.007267817854881287,3,,,,,
2205,0.08725051581859589,3,,,,,
2206,0.06608612090349197,3,,,,,
2207,0.01889677159488201,3,,,,,
2208,0.009315041825175285,3,,,,,
2209,0.03021729364991188,3,,,,,
2210,0.024434225633740425,3,,,,,
2211,0.04345669969916344,3,,,,,
2212,0.019765950739383698,3,,,,,
2213,0.0063440389931201935,3,,,,,
2214,0.015976039692759514,3,,,,,
2215,0.004034632816910744,3,,,,,
2216,0.007023748010396957,3,,,,,
2217,0.025961248204112053,3,,,,,
2218,0.0032850163988769054,3,,,,,
2219,0.030211934819817543,3,,,,,
2220,0.03330208361148834,3,,,,,
2221,0.042754776775836945,3,,,,,
2222,0.008456488139927387,3,,,,,
2223,0.001719253952614963,3,,,,,
2224,0.031365830451250076,3,,,,,
2225,0.009688626043498516,3,,,,,
2226,0.0015371703775599599,3,,,,,
2227,0.017075734212994576,3,,,,,
2228,0.030818166211247444,3,,,,,
2229,0.001107855117879808,3,,,,,
2230,0.005909376312047243,3,,,,,
2231,0.029432937502861023,3,,,,,
2232,0.0019262817222625017,3,,,,,
2233,0.003546425374224782,3,,,,,
2234,0.06838218867778778,3,,,,,
2235,0.03715068846940994,3,,,,,
2236,0.024887876585125923,3,,,,,
2237,0.017917662858963013,3,,,,,
2238,0.00812454242259264,3,,,,,
2239,0.0277261883020401,3,,,,,
2240,0.03587501123547554,3,,,,,
2241,0.015079628676176071,3,,,,,
2242,0.007217148784548044,3,,,,,
2243,0.05660082772374153,3,,,,,
2244,0.02718048356473446,3,,,,,
2245,0.011764133349061012,3,,,,,
2246,0.002696955343708396,3,,,,,
2247,0.07448118925094604,3,,,,,
2248,0.09499901533126831,3,,,,,
2249,0.0626881793141365,3,,,,,
2250,0.00432260986417532,3,,,,,
2251,0.004846522584557533,3,,,,,
2252,0.023925120010972023,3,,,,,
2253,0.05054447799921036,3,,,,,
2254,0.005686481017619371,3,,,,,
2255,0.00955504272133112,3,,,,,
2256,0.003992315381765366,3,,,,,
2257,0.04800323396921158,3,,,,,
2258,0.004870858509093523,3,,,,,
2259,0.0039794654585421085,3,,,,,
2260,0.0042538889683783054,3,,,,,
2261,0.013750809244811535,3,,,,,
2262,0.026166711002588272,3,,,,,
2263,0.007508428767323494,3,,,,,
2264,0.0026615867391228676,3,,,,,
2265,0.004850462544709444,3,,,,,
2266,0.01188744232058525,3,,,,,
2267,0.0022828259970992804,3,,,,,
2268,0.028614122420549393,3,,,,,
2269,0.0005308521213009953,3,,,,,
2270,0.013064171187579632,3,,,,,
2271,0.013190776109695435,3,,,,,
2272,0.004745709244161844,3,,,,,
2273,0.0033669336698949337,3,,,,,
2274,0.09027448296546936,3,,,,,
2275,0.00296744960360229,3,,,,,
2276,0.000632161449175328,3,,,,,
2277,0.010786808095872402,3,,,,,
2278,0.03799184411764145,3,,,,,
2279,0.01006738655269146,3,,,,,
2280,0.04186180979013443,3,,,,,
2281,0.00837362464517355,3,,,,,
2282,0.017650669440627098,3,,,,,
2283,0.0258929580450058,3,,,,,
2284,0.030313944444060326,3,,,,,
2285,0.0006060116575099528,3,,,,,
2286,0.0012532534310594201,3,,,,,
2287,0.004786571022123098,3,,,,,
2288,0.0023528551682829857,3,,,,,
2289,0.04846769571304321,3,,,,,
2290,0.023328466340899467,3,,,,,
2291,0.01990697905421257,3,,,,,
2292,0.0010068989358842373,3,,,,,
2293,0.04490559175610542,3,,,,,
2294,0.015616683289408684,3,,,,,
2295,0.011196843348443508,3,,,,,
2296,0.05345918610692024,3,,,,,
2297,0.00401785084977746,3,,,,,
2298,0.024694254621863365,3,,,,,
2299,0.0011046365834772587,3,,,,,
2300,0.0036001952830702066,3,,,,,
2301,0.005301867611706257,3,,,,,
2302,0.0038951437454670668,3,,,,,
2303,0.07013192772865295,3,,,,,
2304,0.06949398666620255,3,,,,,
2305,0.007242202293127775,3,,,,,
2306,0.058929432183504105,3,,,,,
2307,0.010807614773511887,3,,,,,
2308,0.012442296370863914,3,,,,,
2309,0.06943952292203903,3,,,,,
2310,0.0033154364209622145,3,,,,,
2311,0.001485263928771019,3,,,,,
2312,0.014477367512881756,3,,,,,
2313,0.012738621793687344,3,,,,,
2314,0.016466423869132996,3,,,,,
2315,0.0029907869175076485,3,,,,,
2316,0.008352506905794144,3,,,,,
2317,0.014093493111431599,3,,,,,
2318,0.0016242866404354572,3,,,,,
2319,0.0543753020465374,3,,,,,
2320,0.004842109978199005,3,,,,,
2321,0.008141017518937588,3,,,,,
2322,0.0015190899139270186,3,,,,,
2323,0.012652057223021984,3,,,,,
2324,0.04102300480008125,3,,,,,
2325,0.0661054253578186,3,,,,,
2326,0.026230279356241226,3,,,,,
2327,0.031775448471307755,3,,,,,
2328,0.00530125992372632,3,,,,,
2329,0.03589629754424095,3,,,,,
2330,0.03517847880721092,3,,,,,
2331,0.0009724250412546098,3,,,,,
2332,0.0009341935510747135,3,,,,,
2333,0.046662837266922,3,,,,,
2334,0.062057435512542725,3,,,,,
2335,0.02141614258289337,3,,,,,
2336,0.024482568725943565,3,,,,,
2337,0.05836549028754234,3,,,,,
2338,0.006978822872042656,3,,,,,
2339,0.0019691705238074064,3,,,,,
2340,0.024209460243582726,3,,,,,
2341,0.013489913195371628,3,,,,,
2342,0.020173534750938416,3,,,,,
2343,0.02618229389190674,3,,,,,
2344,0.007883318699896336,3,,,,,
2345,0.051696669310331345,3,,,,,
2346,0.003405799390748143,3,,,,,
2347,0.005113169085234404,3,,,,,
2348,0.006660378072410822,3,,,,,
2349,0.017018696293234825,3,,,,,
2350,0.018176645040512085,3,,,,,
2351,0.012902980670332909,3,,,,,
2352,0.006341752130538225,3,,,,,
2353,0.03989046812057495,3,,,,,
2354,0.019661597907543182,3,,,,,
2355,0.011731031350791454,3,,,,,
2356,0.058590732514858246,3,,,,,
2357,0.0017859446816146374,3,,,,,
2358,0.00786075834184885,3,,,,,
2359,0.003056115237995982,3,,,,,
2360,0.042976003140211105,3,,,,,
2361,0.02620271034538746,3,,,,,
2362,0.02191474288702011,3,,,,,
2363,0.011886141262948513,3,,,,,
2364,0.012848332524299622,3,,,,,
2365,0.0008507531019859016,3,,,,,
2366,0.004738891497254372,3,,,,,
2367,0.00365082616917789,3,,,,,
2368,0.004627797286957502,3,,,,,
2369,0.0721997320652008,3,,,,,
2370,0.0035313197877258062,3,,,,,
2371,0.009673618711531162,3,,,,,
2372,0.03417526185512543,3,,,,,
2373,0.002925826469436288,3,,,,,
2374,0.0031933195423334837,3,,,,,
2375,0.0065252576023340225,3,,,,,
2376,0.0009412653162144125,3,,,,,
2377,0.0042568654753267765,3,,,,,
2378,0.05504245683550835,3,,,,,
2379,0.022171707823872566,3,,,,,
2380,0.017029838636517525,3,,,,,
2381,0.0005599074647761881,3,,,,,
2382,0.00780858239158988,3,,,,,
2383,0.03299140930175781,3,,,,,
2384,0.008714504539966583,3,,,,,
2385,0.06665217876434326,3,,,,,
2386,0.0004587189760059118,3,,,,,
2387,0.0010419008322060108,3,,,,,
2388,0.0010821511968970299,3,,,,,
2389,0.0012716916389763355,3,,,,,
2390,0.002808189019560814,3,,,,,
2391,0.04660818353295326,3,,,,,
2392,0.004508818965405226,3,,,,,
2393,0.0019089743727818131,3,,,,,
2394,0.03081836737692356,3,,,,,
2395,0.00030239124316722155,3,,,,,
2396,0.026728875935077667,3,,,,,
2397,0.0031098269391804934,3,,,,,
2398,0.042621515691280365,3,,,,,
2399,0.021922864019870758,3,,,,,
2400,0.0010191347682848573,3,,,,,
2401,0.011163647286593914,3,,,,,
2402,0.008742389269173145,3,,,,,
2403,0.000615043449215591,3,,,,,
2404,0.002078703371807933,3,,,,,
2405,0.01763182319700718,3,,,,,
2406,0.04731312394142151,3,,,,,
2407,0.0010992127936333418,3,,,,,
2408,0.0031566766556352377,3,,,,,
2409,0.04003217816352844,3,,,,,
2410,0.0025852525141090155,3,,,,,
2411,0.015528465621173382,3,,,,,
2412,0.0027681521605700254,3,,,,,
2413,0.0019889590330421925,3,,,,,
2414,0.0013210930628702044,3,,,,,
2415,0.000592583732213825,3,,,,,
2416,0.02392304502427578,3,,,,,
2417,0.0010859181638807058,3,,,,,
2418,0.012676152400672436,3,,,,,
2419,0.011163811199367046,3,,,,,
2420,0.04263583570718765,3,,,,,
2421,0.00026740870089270175,3,,,,,
2422,0.008188688196241856,3,,,,,
2423,0.005079234950244427,3,,,,,
2424,0.04994926601648331,3,,,,,
2425,0.0001233342190971598,3,,,,,
2426,0.00040536304004490376,3,,,,,
2427,0.0006127044907771051,3,,,,,
2428,0.018918806686997414,3,,,,,
2429,0.042256083339452744,3,,,,,
2430,0.023847535252571106,3,,,,,
2431,0.07262527197599411,3,,,,,
2432,0.001366133219562471,3,,,,,
2433,0.0001518828357802704,3,,,,,
2434,0.01044547464698553,3,,,,,
2435,0.02598773129284382,3,,,,,
2436,0.0003854958340525627,3,,,,,
2437,0.012083537876605988,3,,,,,
2438,0.005412507336586714,3,,,,,
2439,0.0037172199226915836,3,,,,,
2440,0.008006163872778416,3,,,,,
2441,0.000395269162254408,3,,,,,
2442,0.07519260048866272,3,,,,,
2443,0.014867336489260197,3,,,,,
2444,0.007715148385614157,3,,,,,
2445,0.005602566991001368,3,,,,,
2446,0.008504830300807953,3,,,,,
2447,0.019063426181674004,3,,,,,
2448,0.0005800704238936305,3,,,,,
2449,0.00075486273271963,3,,,,,
2450,0.00199984572827816,3,,,,,
2451,0.016857005655765533,3,,,,,
2452,0.0002517823304515332,3,,,,,
2453,0.018224751576781273,3,,,,,
2454,0.00043990532867610455,3,,,,,
2455,0.023753153160214424,3,,,,,
2456,0.0166969932615757,3,,,,,
2457,0.002086068270727992,3,,,,,
2458,0.007772041950374842,3,,,,,
2459,0.0023992659989744425,3,,,,,
2460,0.022401733323931694,3,,,,,
2461,0.005895397625863552,3,,,,,
2462,0.0002938580291811377,3,,,,,
2463,0.0009796834783628583,3,,,,,
2464,0.00029006018303334713,3,,,,,
2465,0.00116732029709965,3,,,,,
2466,0.0012749036541208625,3,,,,,
2467,0.006629586685448885,3,,,,,
2468,0.08531469851732254,3,,,,,
2469,0.008489394560456276,3,,,,,
2470,0.007087875157594681,3,,,,,
2471,0.0039198799058794975,3,,,,,
2472,0.0010339745786041021,3,,,,,
2473,0.0032476841006428003,3,,,,,
2474,0.029120754450559616,3,,,,,
2475,0.05475597828626633,3,,,,,
2476,0.04797733947634697,3,,,,,
2477,0.0010191547917202115,3,,,,,
2478,0.017449231818318367,3,,,,,
2479,0.001394482096657157,3,,,,,
2480,0.03794260323047638,3,,,,,
2481,0.04658803343772888,3,,,,,
2482,0.04188204184174538,3,,,,,
2483,0.022237949073314667,3,,,,,
2484,0.04128110036253929,3,,,,,
2485,0.048273682594299316,3,,,,,
2486,0.01096904743462801,3,,,,,
2487,0.0003062400210183114,3,,,,,
2488,0.0018229662673547864,3,,,,,
2489,0.015406119637191296,3,,,,,
2490,0.012868429534137249,3,,,,,
2491,0.038692425936460495,3,,,,,
2492,0.006712824106216431,3,,,,,
2493,0.02908341959118843,3,,,,,
2494,0.061760202050209045,3,,,,,
2495,0.00878145918250084,3,,,,,
2496,0.023026153445243835,3,,,,,
2497,0.0001842020428739488,3,,,,,
2498,0.013880922459065914,3,,,,,
2499,0.00037685118149966,3,,,,,
2500,0.0124758780002594,3,,,,,
2501,0.0017867349088191986,3,,,,,
2502,0.0052941967733204365,3,,,,,
2503,0.005039650946855545,3,,,,,
2504,0.03045063465833664,3,,,,,
2505,0.0006603067158721387,3,,,,,
2506,0.03710008040070534,3,,,,,
2507,0.04004979506134987,3,,,,,
237,,,0.03370044380426407,,,,
238,,,0.0036838704254478216,,,,
239,,,0.0017736415611580014,,,,
240,,,0.034057117998600006,,,,
241,,,7.554315379820764e-05,,,,
242,,,0.029849307611584663,,,,
243,,,0.0033102629240602255,,,,
244,,,0.00030246676760725677,,,,
245,,,0.0259662214666605,,,,
246,,,1.7549371023051208e-06,,,,
247,,,8.390601578867063e-06,,,,
248,,,0.026321720331907272,,,,
249,,,1.2415342098393012e-05,,,,
250,,,0.004776065703481436,,,,
251,,,0.03417332470417023,,,,
252,,,0.000393624824937433,,,,
253,,,0.0112461531534791,,,,
254,,,0.0041257538832724094,,,,
255,,,0.006907016038894653,,,,
256,,,0.03802977502346039,,,,
257,,,0.003273474983870983,,,,
258,,,1.0162028956983704e-05,,,,
259,,,1.8054565771308262e-06,,,,
260,,,0.03656499832868576,,,,
261,,,0.00010796327114803717,,,,
262,,,0.004883314482867718,,,,
263,,,0.005137648433446884,,,,
264,,,0.00737896841019392,,,,
265,,,0.004446176812052727,,,,
266,,,0.00022372840612661093,,,,
267,,,0.004038381855934858,,,,
268,,,0.010698257014155388,,,,
269,,,5.4774140153313056e-05,,,,
270,,,0.020474748685956,,,,
271,,,2.2444617570727132e-05,,,,
272,,,1.866595630417578e-05,,,,
273,,,0.018967529758810997,,,,
274,,,0.05350842699408531,,,,
275,,,1.4187196484272135e-06,,,,
276,,,0.02671653963625431,,,,
277,,,2.157312337658368e-05,,,,
278,,,0.03804321959614754,,,,
279,,,0.007125806994736195,,,,
280,,,0.0752960667014122,,,,
281,,,0.021422309800982475,,,,
282,,,0.021953407675027847,,,,
283,,,0.004166669212281704,,,,
284,,,0.00035006311372853816,,,,
285,,,5.1635641284519807e-05,,,,
286,,,0.0731436237692833,,,,
287,,,0.000952413072809577,,,,
288,,,0.004374712705612183,,,,
289,,,7.049745181575418e-05,,,,
290,,,0.0032873796299099922,,,,
291,,,1.556963979965076e-05,,,,
292,,,0.04222223162651062,,,,
293,,,0.0029536436777561903,,,,
294,,,3.144329457427375e-05,,,,
295,,,0.00821139570325613,,,,
296,,,0.02688109315931797,,,,
297,,,0.024433884769678116,,,,
298,,,1.0535936780797783e-06,,,,
299,,,1.687534495431464e-05,,,,
300,,,0.030695803463459015,,,,
301,,,0.004334697965532541,,,,
302,,,0.0032255116384476423,,,,
303,,,1.3371100067161024e-05,,,,
304,,,0.031016208231449127,,,,
305,,,4.659121259464882e-05,,,,
306,,,0.0002861422544810921,,,,
307,,,0.0006403544102795422,,,,
308,,,0.00400218041613698,,,,
309,,,0.03625648841261864,,,,
310,,,0.027173783630132675,,,,
311,,,0.031030338257551193,,,,
312,,,0.17202505469322205,,,,
313,,,1.5015074268376338e-06,,,,
314,,,0.00013323982420843095,,,,
315,,,1.5602812482029549e-06,,,,
2507,,3,,0.014711215160787106,,,
2507,,3,,,0.9287974834442139,0.02067091315984726,1.0
2508,0.04496621713042259,4,,,,,
2509,0.002399768214672804,4,,,,,
2510,0.04068341106176376,4,,,,,
2511,0.003581426804885268,4,,,,,
2512,0.016009988263249397,4,,,,,
2513,0.010601646266877651,4,,,,,
2514,0.007460486143827438,4,,,,,
2515,0.014476966112852097,4,,,,,
2516,0.031362228095531464,4,,,,,
2517,0.00014743299107067287,4,,,,,
2518,0.03793603181838989,4,,,,,
2519,0.022914249449968338,4,,,,,
2520,0.005934647750109434,4,,,,,
2521,0.0010945294052362442,4,,,,,
2522,0.00016445774235762656,4,,,,,
2523,0.01100754365324974,4,,,,,
2524,0.006195764988660812,4,,,,,
2525,0.037271566689014435,4,,,,,
2526,0.042393818497657776,4,,,,,
2527,0.025255916640162468,4,,,,,
2528,0.00024788244627416134,4,,,,,
2529,0.0103087667375803,4,,,,,
2530,0.0012683094246312976,4,,,,,
2531,0.00025618544896133244,4,,,,,
2532,0.009885648265480995,4,,,,,
2533,0.05353393778204918,4,,,,,
2534,0.0467192679643631,4,,,,,
2535,0.02879735268652439,4,,,,,
2536,0.00036823516711592674,4,,,,,
2537,0.014047229662537575,4,,,,,
2538,0.020105037838220596,4,,,,,
2539,0.020604556426405907,4,,,,,
2540,0.008492857217788696,4,,,,,
2541,0.0006444102618843317,4,,,,,
2542,0.015613310970366001,4,,,,,
2543,0.02713724598288536,4,,,,,
2544,0.010251789353787899,4,,,,,
2545,0.0010739590507000685,4,,,,,
2546,0.03837087005376816,4,,,,,
2547,0.0059629036113619804,4,,,,,
2548,0.0065022422932088375,4,,,,,
2549,0.006098042242228985,4,,,,,
2550,0.008326567709445953,4,,,,,
2551,0.013828922994434834,4,,,,,
2552,0.0037616214249283075,4,,,,,
2553,0.01800805702805519,4,,,,,
2554,0.017841843888163567,4,,,,,
2555,0.0010416231816634536,4,,,,,
2556,0.05528907850384712,4,,,,,
2557,0.0636647567152977,4,,,,,
2558,0.004297787789255381,4,,,,,
2559,0.000445952289737761,4,,,,,
2560,0.02820514142513275,4,,,,,
2561,0.00795106403529644,4,,,,,
2562,0.005528820678591728,4,,,,,
2563,0.05099001154303551,4,,,,,
2564,0.009136413224041462,4,,,,,
2565,0.000758850947022438,4,,,,,
2566,0.0038506495766341686,4,,,,,
2567,0.04743907228112221,4,,,,,
2568,0.009421939961612225,4,,,,,
2569,0.0656379908323288,4,,,,,
2570,0.05327615514397621,4,,,,,
2571,0.010149103589355946,4,,,,,
2572,0.05512179806828499,4,,,,,
2573,0.0016267759492620826,4,,,,,
2574,0.0007778799626976252,4,,,,,
2575,0.04609775170683861,4,,,,,
2576,0.011854545213282108,4,,,,,
2577,0.015218935906887054,4,,,,,
2578,0.004783709067851305,4,,,,,
2579,0.034509334713220596,4,,,,,
2580,0.012731743976473808,4,,,,,
2581,0.042329248040914536,4,,,,,
2582,0.00027938117273151875,4,,,,,
2583,0.00790618360042572,4,,,,,
2584,0.028302468359470367,4,,,,,
2585,0.025063030421733856,4,,,,,
2586,0.011540787294507027,4,,,,,
2587,0.0225678700953722,4,,,,,
2588,0.008034731261432171,4,,,,,
2589,0.009775501675903797,4,,,,,
2590,0.008132805116474628,4,,,,,
2591,0.0014748491812497377,4,,,,,
2592,0.0015549225499853492,4,,,,,
2593,0.00045538748963736,4,,,,,
2594,0.03559934347867966,4,,,,,
2595,0.00035219735582359135,4,,,,,
2596,0.0001973972684936598,4,,,,,
2597,0.0012131385738030076,4,,,,,
2598,0.005796383135020733,4,,,,,
2599,0.0008689483511261642,4,,,,,
2600,3.554678914952092e-05,4,,,,,
2601,0.03718143329024315,4,,,,,
2602,0.0003259177028667182,4,,,,,
2603,0.028160298243165016,4,,,,,
2604,0.01623225398361683,4,,,,,
2605,0.04725971445441246,4,,,,,
2606,0.010016877204179764,4,,,,,
2607,0.0034503256902098656,4,,,,,
2608,0.0002655359567143023,4,,,,,
2609,0.0013690395280718803,4,,,,,
2610,0.04038967564702034,4,,,,,
2611,0.00510342326015234,4,,,,,
2612,0.0011553835356608033,4,,,,,
2613,0.0001686719333520159,4,,,,,
2614,0.00028314616065472364,4,,,,,
2615,0.039567165076732635,4,,,,,
2616,0.05519813671708107,4,,,,,
2617,0.0015480972360819578,4,,,,,
2618,0.004316552076488733,4,,,,,
2619,5.980775677016936e-05,4,,,,,
2620,0.01030354667454958,4,,,,,
2621,0.003135751700028777,4,,,,,
2622,0.02073524333536625,4,,,,,
2623,0.053171176463365555,4,,,,,
2624,0.003386864671483636,4,,,,,
2625,0.023557724431157112,4,,,,,
2626,0.05078813061118126,4,,,,,
2627,0.004794916603714228,4,,,,,
2628,0.030130958184599876,4,,,,,
2629,0.0007968590944074094,4,,,,,
2630,0.009415458887815475,4,,,,,
2631,0.007868528366088867,4,,,,,
2632,0.0001842944766394794,4,,,,,
2633,0.04807757958769798,4,,,,,
2634,0.024129584431648254,4,,,,,
2635,0.00012624093506019562,4,,,,,
2636,0.05741042271256447,4,,,,,
2637,0.03466147929430008,4,,,,,
2638,0.0012238494819030166,4,,,,,
2639,0.002166194375604391,4,,,,,
2640,0.017088402062654495,4,,,,,
2641,0.004103975836187601,4,,,,,
2642,0.00030106407939456403,4,,,,,
2643,0.0073585775680840015,4,,,,,
2644,0.01935543119907379,4,,,,,
2645,0.04095296189188957,4,,,,,
2646,0.04571427032351494,4,,,,,
2647,0.0006397024262696505,4,,,,,
2648,0.022277526557445526,4,,,,,
2649,0.00022625918791163713,4,,,,,
2650,0.056987445801496506,4,,,,,
2651,0.0002178135036956519,4,,,,,
2652,0.009769616648554802,4,,,,,
2653,0.017640510573983192,4,,,,,
2654,0.06350899487733841,4,,,,,
2655,0.011563103646039963,4,,,,,
2656,0.016976352781057358,4,,,,,
2657,0.00390227441675961,4,,,,,
2658,0.0017432066379114985,4,,,,,
2659,0.0010909339180216193,4,,,,,
2660,0.03432020917534828,4,,,,,
2661,0.001030701445415616,4,,,,,
2662,0.004035480786114931,4,,,,,
2663,0.022354884073138237,4,,,,,
2664,0.0014408222632482648,4,,,,,
2665,0.003262934274971485,4,,,,,
2666,0.0014469900634139776,4,,,,,
2667,0.001174677861854434,4,,,,,
2668,0.0012981792679056525,4,,,,,
2669,0.006896504666656256,4,,,,,
2670,0.002804564544931054,4,,,,,
2671,0.04968265816569328,4,,,,,
2672,0.02535642497241497,4,,,,,
2673,0.0014041245449334383,4,,,,,
2674,0.025805681943893433,4,,,,,
2675,0.010515550151467323,4,,,,,
2676,0.02195851504802704,4,,,,,
2677,0.004374837037175894,4,,,,,
2678,0.028644992038607597,4,,,,,
2679,0.026670249179005623,4,,,,,
2680,0.0005029155290685594,4,,,,,
2681,0.02628980576992035,4,,,,,
2682,0.045493025332689285,4,,,,,
2683,0.03906849026679993,4,,,,,
2684,0.05804090574383736,4,,,,,
2685,0.01416747272014618,4,,,,,
2686,0.051677312701940536,4,,,,,
2687,0.000697256182320416,4,,,,,
2688,0.001427497947588563,4,,,,,
2689,0.011835982091724873,4,,,,,
2690,0.017942605540156364,4,,,,,
2691,0.003786543384194374,4,,,,,
2692,0.01155571173876524,4,,,,,
2693,0.04983441159129143,4,,,,,
2694,0.02560543455183506,4,,,,,
2695,0.012279711663722992,4,,,,,
2696,0.009695759043097496,4,,,,,
2697,0.0601099357008934,4,,,,,
2698,0.0008017272339202464,4,,,,,
2699,0.003988923970609903,4,,,,,
2700,0.0061233374290168285,4,,,,,
2701,0.0003750074247363955,4,,,,,
2702,0.06363148242235184,4,,,,,
2703,0.003790594171732664,4,,,,,
2704,0.0004230470512993634,4,,,,,
2705,0.001774038770236075,4,,,,,
2706,0.0009578108438290656,4,,,,,
2707,0.04831218346953392,4,,,,,
2708,0.0006976251606829464,4,,,,,
2709,0.0008333711884915829,4,,,,,
2710,0.014634990133345127,4,,,,,
2711,0.0009390851482748985,4,,,,,
2712,0.0010470885317772627,4,,,,,
2713,0.0700455754995346,4,,,,,
2714,0.004097937140613794,4,,,,,
2715,0.008174799382686615,4,,,,,
2716,0.014626448042690754,4,,,,,
2717,0.021602759137749672,4,,,,,
2718,0.003264558734372258,4,,,,,
2719,0.003361472859978676,4,,,,,
2720,0.011244591325521469,4,,,,,
2721,0.00041683533345349133,4,,,,,
2722,0.03703600540757179,4,,,,,
2723,0.0010798366274684668,4,,,,,
2724,0.012060326524078846,4,,,,,
2725,0.03490499407052994,4,,,,,
2726,0.017487872391939163,4,,,,,
2727,0.02961820922791958,4,,,,,
2728,0.013229929842054844,4,,,,,
2729,0.06256228685379028,4,,,,,
2730,0.026569750159978867,4,,,,,
2731,0.0004770115774590522,4,,,,,
2732,0.013622402213513851,4,,,,,
2733,0.0018241589423269033,4,,,,,
2734,0.00020565922022797167,4,,,,,
2735,0.010563287883996964,4,,,,,
2736,0.01969054900109768,4,,,,,
2737,0.00039757040212862194,4,,,,,
2738,0.001478135702200234,4,,,,,
2739,0.009611826390028,4,,,,,
2740,0.06804302334785461,4,,,,,
2741,0.0006446687621064484,4,,,,,
2742,0.05644351989030838,4,,,,,
2743,0.0022078892216086388,4,,,,,
2744,0.0021468373015522957,4,,,,,
2745,0.03349890187382698,4,,,,,
2746,0.014133894816040993,4,,,,,
2747,0.0002966505126096308,4,,,,,
2748,0.00018078304128721356,4,,,,,
2749,0.0470033660531044,4,,,,,
2750,0.05011816322803497,4,,,,,
2751,0.002386195585131645,4,,,,,
2752,0.015230446122586727,4,,,,,
2753,0.030923690646886826,4,,,,,
2754,0.03560560196638107,4,,,,,
2755,0.00895676203072071,4,,,,,
2756,0.03641844168305397,4,,,,,
2757,0.0002128077030647546,4,,,,,
2758,0.03502609208226204,4,,,,,
2759,0.05461766943335533,4,,,,,
2760,0.015660474076867104,4,,,,,
2761,0.07012148946523666,4,,,,,
2762,0.03820838779211044,4,,,,,
2763,0.006836334243416786,4,,,,,
2764,0.0005224602646194398,4,,,,,
2765,0.010202368721365929,4,,,,,
2766,0.0006568099488504231,4,,,,,
2767,0.044775497168302536,4,,,,,
2768,0.05305657908320427,4,,,,,
2769,0.029814887791872025,4,,,,,
2770,0.04424809664487839,4,,,,,
2771,0.01181748230010271,4,,,,,
2772,0.011583296582102776,4,,,,,
2773,0.008883131667971611,4,,,,,
2774,0.017103468999266624,4,,,,,
2775,0.0008350019925273955,4,,,,,
2776,0.007038394920527935,4,,,,,
2777,0.013313750736415386,4,,,,,
2778,0.007755090948194265,4,,,,,
2779,0.06027895212173462,4,,,,,
2780,0.001351931132376194,4,,,,,
2781,0.04358877241611481,4,,,,,
2782,0.02747132070362568,4,,,,,
2783,0.005067812278866768,4,,,,,
2784,0.009782648645341396,4,,,,,
2785,0.029891131445765495,4,,,,,
2786,0.0010384515626356006,4,,,,,
2787,0.0074872905388474464,4,,,,,
2788,0.034237466752529144,4,,,,,
2789,0.011676426976919174,4,,,,,
2790,0.028300616890192032,4,,,,,
2791,0.0020707384683191776,4,,,,,
2792,0.00014565208402927965,4,,,,,
2793,0.0028931666165590286,4,,,,,
2794,0.011822247877717018,4,,,,,
2795,0.012736194767057896,4,,,,,
2796,0.02460683323442936,4,,,,,
2797,0.0213607307523489,4,,,,,
2798,0.012239483185112476,4,,,,,
2799,0.001278194598853588,4,,,,,
2800,0.010304432362318039,4,,,,,
2801,0.006921680644154549,4,,,,,
2802,0.015605030581355095,4,,,,,
2803,0.03988425061106682,4,,,,,
2804,0.06494593620300293,4,,,,,
2805,0.010919426567852497,4,,,,,
2806,0.0007474480080418289,4,,,,,
2807,0.0007887521060183644,4,,,,,
2808,0.0011254396522417665,4,,,,,
2809,0.0013683793367817998,4,,,,,
2810,0.009583018720149994,4,,,,,
2811,0.02432253398001194,4,,,,,
2812,0.02111790142953396,4,,,,,
2813,0.00023433267779182643,4,,,,,
2814,0.003198346821591258,4,,,,,
2815,0.001392790349200368,4,,,,,
2816,0.0010934355668723583,4,,,,,
2817,0.013979482464492321,4,,,,,
2818,0.016306743025779724,4,,,,,
2819,0.00907579343765974,4,,,,,
2820,0.012167898938059807,4,,,,,
2821,0.0009404683951288462,4,,,,,
2822,0.0008914046920835972,4,,,,,
2823,0.014896197244524956,4,,,,,
2824,0.046661633998155594,4,,,,,
2825,0.008504546247422695,4,,,,,
2826,0.009651286527514458,4,,,,,
2827,0.0011299005709588528,4,,,,,
2828,0.0004890147829428315,4,,,,,
2829,0.0002709687687456608,4,,,,,
2830,0.00010176720388699323,4,,,,,
2831,0.035248950123786926,4,,,,,
2832,0.0017203058814629912,4,,,,,
2833,0.015554489567875862,4,,,,,
2834,0.0012377165257930756,4,,,,,
2835,0.012833090499043465,4,,,,,
2836,0.07049643993377686,4,,,,,
2837,0.0491020604968071,4,,,,,
2838,0.0003213446179870516,4,,,,,
2839,0.005065217148512602,4,,,,,
2840,0.043125249445438385,4,,,,,
2841,0.0002562407171353698,4,,,,,
2842,0.003302031196653843,4,,,,,
2843,0.010775567032396793,4,,,,,
2844,0.05265602841973305,4,,,,,
2845,0.04431954026222229,4,,,,,
2846,0.005566931329667568,4,,,,,
2847,0.0013236314989626408,4,,,,,
2848,0.040382832288742065,4,,,,,
2849,0.007780724670737982,4,,,,,
2850,0.015919040888547897,4,,,,,
2851,0.0016965551767498255,4,,,,,
2852,0.024666517972946167,4,,,,,
2853,0.02129266783595085,4,,,,,
2854,0.0009866293985396624,4,,,,,
2855,0.031471479684114456,4,,,,,
2856,0.061939653009176254,4,,,,,
2857,0.016424546018242836,4,,,,,
2858,0.0026160692796111107,4,,,,,
2859,0.0027669896371662617,4,,,,,
2860,0.008468188345432281,4,,,,,
2861,0.00015688160783611238,4,,,,,
2862,0.002391053130850196,4,,,,,
2863,0.01182533148676157,4,,,,,
2864,0.009560870006680489,4,,,,,
2865,0.011268943548202515,4,,,,,
2866,0.0003115679428447038,4,,,,,
2867,0.046781398355960846,4,,,,,
2868,0.009866171516478062,4,,,,,
2869,0.034678373485803604,4,,,,,
2870,0.02983047440648079,4,,,,,
2871,0.030521662905812263,4,,,,,
2872,0.005843922030180693,4,,,,,
2873,0.0003399699926376343,4,,,,,
2874,0.011416137218475342,4,,,,,
2875,0.014818066731095314,4,,,,,
2876,0.00035153364297002554,4,,,,,
2877,0.00014544847363140434,4,,,,,
2878,0.01012884359806776,4,,,,,
2879,0.007301865145564079,4,,,,,
2880,0.05231044813990593,4,,,,,
2881,0.00037912800326012075,4,,,,,
2882,0.032593969255685806,4,,,,,
2883,9.073218097910285e-05,4,,,,,
2884,0.05350058898329735,4,,,,,
2885,0.0011274160351604223,4,,,,,
2886,0.00011007618013536558,4,,,,,
2887,0.00010419973114039749,4,,,,,
2888,0.0693238154053688,4,,,,,
2889,0.007955650798976421,4,,,,,
2890,0.0006025481270626187,4,,,,,
2891,0.0018817229429259896,4,,,,,
2892,0.001243593986146152,4,,,,,
2893,0.0006579227047041059,4,,,,,
2894,0.004598915111273527,4,,,,,
2895,0.039352934807538986,4,,,,,
2896,0.0005765308160334826,4,,,,,
2897,0.000725065590813756,4,,,,,
2898,0.00027578326989896595,4,,,,,
2899,0.03144511580467224,4,,,,,
2900,0.0002803326351568103,4,,,,,
2901,0.000899496313650161,4,,,,,
2902,0.006515325978398323,4,,,,,
2903,0.0015795653453096747,4,,,,,
2904,0.027593424543738365,4,,,,,
2905,0.000598394253756851,4,,,,,
2906,0.012473337352275848,4,,,,,
2907,0.02195715345442295,4,,,,,
2908,0.00018710539734456688,4,,,,,
2909,0.004423921462148428,4,,,,,
2910,0.007911412045359612,4,,,,,
2911,0.012943456880748272,4,,,,,
2912,0.00487819779664278,4,,,,,
2913,0.007428324315696955,4,,,,,
2914,0.0012259293580427766,4,,,,,
2915,0.007809313479810953,4,,,,,
2916,0.000296683341730386,4,,,,,
2917,0.00048315577441826463,4,,,,,
2918,0.0028959361370652914,4,,,,,
2919,0.004650480579584837,4,,,,,
2920,0.0009704251424409449,4,,,,,
2921,0.046123046427965164,4,,,,,
2922,0.04270946606993675,4,,,,,
2923,0.011329550296068192,4,,,,,
2924,0.03134579584002495,4,,,,,
2925,0.020623167976737022,4,,,,,
2926,0.0012990467948839068,4,,,,,
2927,0.04070586338639259,4,,,,,
2928,0.0007442436763085425,4,,,,,
2929,0.013755974359810352,4,,,,,
2930,0.0023051900789141655,4,,,,,
2931,0.0018013011431321502,4,,,,,
2932,0.00017055118223652244,4,,,,,
2933,0.004606505390256643,4,,,,,
2934,0.00019698773394338787,4,,,,,
2935,0.011223147623240948,4,,,,,
2936,0.03503379225730896,4,,,,,
2937,0.047181691974401474,4,,,,,
2938,0.027770360931754112,4,,,,,
2939,7.397885929094627e-05,4,,,,,
2940,0.03794890269637108,4,,,,,
2941,0.011970399878919125,4,,,,,
2942,0.006301689427345991,4,,,,,
2943,0.0008675201679579914,4,,,,,
2944,0.012079862877726555,4,,,,,
2945,0.0019588640425354242,4,,,,,
2946,0.03864126279950142,4,,,,,
2947,0.03472115099430084,4,,,,,
2948,0.040635500103235245,4,,,,,
2949,0.015122255310416222,4,,,,,
2950,0.006606374867260456,4,,,,,
2951,0.00677487114444375,4,,,,,
2952,0.00020667072385549545,4,,,,,
2953,0.00654952134937048,4,,,,,
2954,0.027900278568267822,4,,,,,
2955,0.004757541231811047,4,,,,,
2956,0.004259532317519188,4,,,,,
2957,0.005143380723893642,4,,,,,
2958,0.00042314783786423504,4,,,,,
2959,0.03548609837889671,4,,,,,
2960,0.0038374466821551323,4,,,,,
2961,0.004477949347347021,4,,,,,
2962,0.006569560617208481,4,,,,,
2963,0.0005578450509347022,4,,,,,
2964,0.0034031281247735023,4,,,,,
2965,0.009077577851712704,4,,,,,
2966,0.002989851636812091,4,,,,,
2967,0.008875799365341663,4,,,,,
2968,0.00016068665718194097,4,,,,,
2969,0.0051862928085029125,4,,,,,
2970,0.004628179594874382,4,,,,,
2971,0.007869405671954155,4,,,,,
2972,0.007848656736314297,4,,,,,
2973,0.01303793117403984,4,,,,,
2974,0.007819906808435917,4,,,,,
2975,0.003801371669396758,4,,,,,
2976,0.0009270157897844911,4,,,,,
2977,0.004082548897713423,4,,,,,
2978,9.319350647274405e-05,4,,,,,
2979,0.011298084631562233,4,,,,,
2980,0.006707143038511276,4,,,,,
2981,0.013980123214423656,4,,,,,
2982,0.0010720806894823909,4,,,,,
2983,0.00667649507522583,4,,,,,
2984,0.03176029771566391,4,,,,,
2985,0.005353180691599846,4,,,,,
2986,0.00026645755860954523,4,,,,,
2987,7.324253965634853e-05,4,,,,,
2988,0.004915562923997641,4,,,,,
2989,0.0054544745944440365,4,,,,,
2990,6.352543277898803e-05,4,,,,,
2991,0.04772898554801941,4,,,,,
2992,0.015804901719093323,4,,,,,
2993,0.007044850382953882,4,,,,,
2994,3.072887193411589e-05,4,,,,,
2995,0.00842732097953558,4,,,,,
2996,0.0009897113777697086,4,,,,,
2997,0.005628957878798246,4,,,,,
2998,0.020797939971089363,4,,,,,
2999,0.0033844420686364174,4,,,,,
3000,0.0027839287649840117,4,,,,,
3001,0.007246118970215321,4,,,,,
3002,0.00042884264257736504,4,,,,,
3003,0.018717024475336075,4,,,,,
3004,0.007817519828677177,4,,,,,
3005,0.004777522291988134,4,,,,,
3006,0.015425632707774639,4,,,,,
3007,8.244878699770197e-05,4,,,,,
3008,6.331405893433839e-05,4,,,,,
3009,0.033889733254909515,4,,,,,
3010,0.03111724555492401,4,,,,,
3011,9.30211681406945e-05,4,,,,,
3012,0.0002516750537324697,4,,,,,
3013,0.00012014765525236726,4,,,,,
3014,7.978190114954486e-05,4,,,,,
3015,0.00030826995498500764,4,,,,,
3016,0.00439324788749218,4,,,,,
3017,7.050210115266964e-05,4,,,,,
3018,0.003316533286124468,4,,,,,
3019,0.014792411588132381,4,,,,,
3020,6.165104423416778e-05,4,,,,,
3021,0.07975012063980103,4,,,,,
3022,0.008115175180137157,4,,,,,
3023,0.015979250892996788,4,,,,,
3024,0.0010275591630488634,4,,,,,
3025,0.005591079592704773,4,,,,,
3026,0.0010285855969414115,4,,,,,
3027,0.05076169595122337,4,,,,,
3028,0.008022205904126167,4,,,,,
3029,0.0006744552520103753,4,,,,,
3030,0.0005494533106684685,4,,,,,
3031,0.029343634843826294,4,,,,,
3032,0.00028198648942634463,4,,,,,
3033,0.037613801658153534,4,,,,,
3034,0.03144743666052818,4,,,,,
3035,0.006978376768529415,4,,,,,
3036,0.005883445497602224,4,,,,,
3037,0.0002448949380777776,4,,,,,
3038,0.015454672276973724,4,,,,,
3039,0.0009232923039235175,4,,,,,
3040,0.004899489693343639,4,,,,,
3041,0.04633752629160881,4,,,,,
3042,0.0001423180801793933,4,,,,,
3043,0.019667241722345352,4,,,,,
3044,0.0007018607575446367,4,,,,,
3045,0.02642902359366417,4,,,,,
3046,0.007576123345643282,4,,,,,
3047,0.004783301148563623,4,,,,,
3048,0.0008285457151941955,4,,,,,
3049,3.18543279718142e-05,4,,,,,
3050,0.008839295245707035,4,,,,,
3051,0.005138333886861801,4,,,,,
3052,0.05209857597947121,4,,,,,
3053,0.0027309877332299948,4,,,,,
3054,0.010557671077549458,4,,,,,
3055,0.0024812044575810432,4,,,,,
3056,0.0045918673276901245,4,,,,,
3057,0.053400617092847824,4,,,,,
3058,0.011767284013330936,4,,,,,
3059,0.0005604722537100315,4,,,,,
3060,0.003369237994775176,4,,,,,
3061,0.00026629542117007077,4,,,,,
3062,2.3231857994687743e-05,4,,,,,
3063,9.285564738092944e-05,4,,,,,
3064,0.015396556816995144,4,,,,,
3065,0.006066101137548685,4,,,,,
3066,0.010165579617023468,4,,,,,
3067,0.005754446145147085,4,,,,,
3068,0.003314515110105276,4,,,,,
3069,0.00018421848653815687,4,,,,,
3070,0.0028866624925285578,4,,,,,
3071,0.0012171572307124734,4,,,,,
3072,0.035302501171827316,4,,,,,
3073,0.006461404263973236,4,,,,,
3074,0.00016408291412517428,4,,,,,
3075,0.0012282198294997215,4,,,,,
3076,0.04734289273619652,4,,,,,
3077,7.026831735856831e-05,4,,,,,
3078,8.717703894944862e-05,4,,,,,
3079,0.000574834703002125,4,,,,,
3080,0.0002441487740725279,4,,,,,
3081,0.034437429159879684,4,,,,,
3082,0.008409365080296993,4,,,,,
3083,0.00015252303273882717,4,,,,,
3084,0.004702323582023382,4,,,,,
3085,0.0006473339162766933,4,,,,,
3086,0.008716096170246601,4,,,,,
3087,0.0014381412183865905,4,,,,,
3088,0.005544999614357948,4,,,,,
3089,0.045396484434604645,4,,,,,
3090,0.052263855934143066,4,,,,,
3091,8.296967280330136e-05,4,,,,,
3092,0.03537993133068085,4,,,,,
3093,0.011933047324419022,4,,,,,
3094,0.0051864623092114925,4,,,,,
3095,0.011811599135398865,4,,,,,
3096,0.006240224931389093,4,,,,,
3097,0.002788776997476816,4,,,,,
3098,0.00024269534333143383,4,,,,,
3099,0.004025592934340239,4,,,,,
3100,0.009126068092882633,4,,,,,
3101,8.943730063037947e-05,4,,,,,
3102,0.008994055911898613,4,,,,,
3103,0.0002681580954231322,4,,,,,
3104,0.0003252729366067797,4,,,,,
3105,0.005201329942792654,4,,,,,
3106,6.313685298664495e-05,4,,,,,
3107,0.04101703688502312,4,,,,,
3108,0.00029574238578788936,4,,,,,
3109,0.007275326643139124,4,,,,,
3110,0.00028678186936303973,4,,,,,
3111,0.03879937157034874,4,,,,,
3112,0.0070533789694309235,4,,,,,
3113,0.00039865646976977587,4,,,,,
3114,0.0008311885758303106,4,,,,,
3115,3.225745240342803e-05,4,,,,,
3116,0.0437043271958828,4,,,,,
3117,0.025231212377548218,4,,,,,
3118,0.03805628418922424,4,,,,,
3119,0.029021410271525383,4,,,,,
3120,0.006995584350079298,4,,,,,
3121,0.012036636471748352,4,,,,,
3122,0.023986253887414932,4,,,,,
3123,0.00026903869002126157,4,,,,,
3124,0.012579601258039474,4,,,,,
3125,0.0077160936780273914,4,,,,,
3126,0.004408006090670824,4,,,,,
3127,0.03336433693766594,4,,,,,
3128,0.006203779950737953,4,,,,,
3129,0.06970687955617905,4,,,,,
3130,0.0061220140196383,4,,,,,
3131,0.09777094423770905,4,,,,,
3132,0.007937411777675152,4,,,,,
3133,0.009191383607685566,4,,,,,
3134,0.00010483577352715656,4,,,,,
316,,,0.03259757533669472,,,,
317,,,0.0033494385425001383,,,,
318,,,7.041742355795577e-05,,,,
319,,,0.03245297074317932,,,,
320,,,4.4555981730809435e-05,,,,
321,,,0.02897145412862301,,,,
322,,,0.002951584057882428,,,,
323,,,0.00014390501019079238,,,,
324,,,0.028888804838061333,,,,
325,,,2.6018400603788905e-05,,,,
326,,,3.249439032515511e-05,,,,
327,,,0.010607434436678886,,,,
328,,,1.4628490134782623e-05,,,,
329,,,0.003643583506345749,,,,
330,,,0.031130351126194,,,,
331,,,3.198506237822585e-05,,,,
332,,,0.005453862249851227,,,,
333,,,0.0034817128907889128,,,,
334,,,0.0015417844988405704,,,,
335,,,0.03685690090060234,,,,
336,,,0.0030695833265781403,,,,
337,,,4.509700374910608e-05,,,,
338,,,7.800020830472931e-05,,,,
339,,,0.034975532442331314,,,,
340,,,4.1040624637389556e-05,,,,
341,,,0.0035442120861262083,,,,
342,,,0.003046415513381362,,,,
343,,,0.005872469861060381,,,,
344,,,0.0011478725355118513,,,,
345,,,0.00025870674289762974,,,,
346,,,0.0035947435535490513,,,,
347,,,0.0018866518512368202,,,,
348,,,0.0001934369938680902,,,,
349,,,0.009988282807171345,,,,
350,,,3.770727926166728e-05,,,,
351,,,3.949539313907735e-05,,,,
352,,,0.00348189496435225,,,,
353,,,0.054978515952825546,,,,
354,,,1.6024856449803337e-05,,,,
355,,,0.023143921047449112,,,,
356,,,2.552637306507677e-05,,,,
357,,,0.030540984123945236,,,,
358,,,0.004190926440060139,,,,
359,,,0.06841569393873215,,,,
360,,,0.021704113110899925,,,,
361,,,0.023658130317926407,,,,
362,,,0.003695461433380842,,,,
363,,,6.41602382529527e-05,,,,
364,,,6.748329724359792e-06,,,,
365,,,0.06703982502222061,,,,
366,,,0.0005246107466518879,,,,
367,,,0.0030525384936481714,,,,
368,,,1.0102396117872559e-05,,,,
369,,,0.002967804204672575,,,,
370,,,5.30826309841359e-06,,,,
371,,,0.03925805538892746,,,,
372,,,0.002883339300751686,,,,
373,,,0.00025242770789191127,,,,
374,,,0.007144012022763491,,,,
375,,,0.0306966844946146,,,,
376,,,0.009005286730825901,,,,
377,,,9.229986972059123e-06,,,,
378,,,1.0621980436553713e-05,,,,
379,,,0.02717813476920128,,,,
380,,,0.00344669702462852,,,,
381,,,0.0030954298563301563,,,,
382,,,1.5842108041397296e-05,,,,
383,,,0.03159896656870842,,,,
384,,,1.078026707546087e-05,,,,
385,,,4.9688864237396047e-05,,,,
386,,,2.3775095542077906e-05,,,,
387,,,0.003475320292636752,,,,
388,,,0.035182397812604904,,,,
389,,,0.02828582189977169,,,,
390,,,0.029434457421302795,,,,
391,,,0.15577033162117004,,,,
392,,,4.577628351398744e-05,,,,
393,,,2.6795227313414216e-05,,,,
394,,,3.752113570953952e-06,,,,
3134,,4,,0.012837493792176247,,,
3134,,4,,,0.8987341523170471,0.014824941754341125,0.996835470199585
3135,0.007573260460048914,5,,,,,
3136,0.009063580073416233,5,,,,,
3137,0.003255183342844248,5,,,,,
3138,0.04894174635410309,5,,,,,
3139,0.017409473657608032,5,,,,,
3140,0.011398114264011383,5,,,,,
3141,0.0075707812793552876,5,,,,,
3142,0.011377634480595589,5,,,,,
3143,0.007773510180413723,5,,,,,
3144,0.0004994742339476943,5,,,,,
3145,0.013412242755293846,5,,,,,
3146,0.0004928242997266352,5,,,,,
3147,0.028967266902327538,5,,,,,
3148,0.01138405129313469,5,,,,,
3149,0.01020724792033434,5,,,,,
3150,0.009979248978197575,5,,,,,
3151,0.0002106391330016777,5,,,,,
3152,0.03619563207030296,5,,,,,
3153,0.001803246675990522,5,,,,,
3154,0.05252726003527641,5,,,,,
3155,0.0003356411762069911,5,,,,,
3156,7.900967466412112e-05,5,,,,,
3157,0.0005808358546346426,5,,,,,
3158,0.0284743569791317,5,,,,,
3159,0.0002983091399073601,5,,,,,
3160,0.004712010268121958,5,,,,,
3161,0.0135148661211133,5,,,,,
3162,0.00012224576494190842,5,,,,,
3163,0.04783707112073898,5,,,,,
3164,0.0011217111023142934,5,,,,,
3165,0.0025238264352083206,5,,,,,
3166,0.01120280846953392,5,,,,,
3167,0.0014414972392842174,5,,,,,
3168,0.0062607405707240105,5,,,,,
3169,0.034493476152420044,5,,,,,
3170,0.07447394728660583,5,,,,,
3171,0.025229619815945625,5,,,,,
3172,0.010633120313286781,5,,,,,
3173,0.016262000426650047,5,,,,,
3174,0.00010774268594104797,5,,,,,
3175,0.0004204892029520124,5,,,,,
3176,0.03484193980693817,5,,,,,
3177,0.0003990971017628908,5,,,,,
3178,0.03599756211042404,5,,,,,
3179,0.04180087149143219,5,,,,,
3180,0.0003618206246756017,5,,,,,
3181,0.0024924539029598236,5,,,,,
3182,0.0441945344209671,5,,,,,
3183,0.054026149213314056,5,,,,,
3184,0.018711373209953308,5,,,,,
3185,0.0004175754729658365,5,,,,,
3186,0.011595501564443111,5,,,,,
3187,0.0005378532805480063,5,,,,,
3188,0.005201127380132675,5,,,,,
3189,0.006328586954623461,5,,,,,
3190,0.0339997299015522,5,,,,,
3191,0.009853420779109001,5,,,,,
3192,0.01456573698669672,5,,,,,
3193,0.041158027946949005,5,,,,,
3194,0.0015183043433353305,5,,,,,
3195,0.06726232171058655,5,,,,,
3196,0.0037116811145097017,5,,,,,
3197,0.038571372628211975,5,,,,,
3198,0.020779894664883614,5,,,,,
3199,0.05098307877779007,5,,,,,
3200,0.07569178193807602,5,,,,,
3201,0.0006374575896188617,5,,,,,
3202,0.00014436381752602756,5,,,,,
3203,0.0034324731677770615,5,,,,,
3204,0.00013793511607218534,5,,,,,
3205,0.009259123355150223,5,,,,,
3206,0.024939727038145065,5,,,,,
3207,0.0021167141385376453,5,,,,,
3208,5.5131324188550934e-05,5,,,,,
3209,0.03923419862985611,5,,,,,
3210,0.00026560400146991014,5,,,,,
3211,0.02588469162583351,5,,,,,
3212,0.009394370950758457,5,,,,,
3213,0.022057591006159782,5,,,,,
3214,0.002864096313714981,5,,,,,
3215,0.0004605168360285461,5,,,,,
3216,0.045897189527750015,5,,,,,
3217,0.0363282635807991,5,,,,,
3218,0.0004905799287371337,5,,,,,
3219,0.03578009828925133,5,,,,,
3220,0.00020590609346982092,5,,,,,
3221,0.0003252706374041736,5,,,,,
3222,0.03401792794466019,5,,,,,
3223,0.01206321083009243,5,,,,,
3224,0.02711072564125061,5,,,,,
3225,0.0019060944905504584,5,,,,,
3226,0.0006812986102886498,5,,,,,
3227,0.0379004180431366,5,,,,,
3228,0.005116173066198826,5,,,,,
3229,0.0009600655757822096,5,,,,,
3230,0.0002630117814987898,5,,,,,
3231,0.03627963364124298,5,,,,,
3232,0.025975840166211128,5,,,,,
3233,0.00010232852946501225,5,,,,,
3234,0.007579560857266188,5,,,,,
3235,0.021327592432498932,5,,,,,
3236,0.00012072439858457074,5,,,,,
3237,4.737954805023037e-05,5,,,,,
3238,0.003460547886788845,5,,,,,
3239,0.00017875724006444216,5,,,,,
3240,0.005639307200908661,5,,,,,
3241,0.0004088310233782977,5,,,,,
3242,0.01319298055022955,5,,,,,
3243,0.02913600765168667,5,,,,,
3244,0.00715729221701622,5,,,,,
3245,0.03654647618532181,5,,,,,
3246,0.004088147077709436,5,,,,,
3247,0.0010146764107048512,5,,,,,
3248,0.07451105117797852,5,,,,,
3249,0.004156007431447506,5,,,,,
3250,0.02807842567563057,5,,,,,
3251,0.02145661972463131,5,,,,,
3252,0.0054756286554038525,5,,,,,
3253,0.002533750142902136,5,,,,,
3254,0.0156929399818182,5,,,,,
3255,0.0035498791839927435,5,,,,,
3256,0.0006684453692287207,5,,,,,
3257,0.0037154534365981817,5,,,,,
3258,0.008149155415594578,5,,,,,
3259,0.0032927037682384253,5,,,,,
3260,0.0004619274695869535,5,,,,,
3261,0.04145686700940132,5,,,,,
3262,0.018851839005947113,5,,,,,
3263,0.0039033268112689257,5,,,,,
3264,0.0031890077516436577,5,,,,,
3265,0.0002265281364088878,5,,,,,
3266,0.0029929610900580883,5,,,,,
3267,0.00041193762444891036,5,,,,,
3268,0.008596785366535187,5,,,,,
3269,0.0004302578454371542,5,,,,,
3270,0.0031296771485358477,5,,,,,
3271,0.0039351885206997395,5,,,,,
3272,0.0782964900135994,5,,,,,
3273,0.032052915543317795,5,,,,,
3274,0.00648196367546916,5,,,,,
3275,0.008140218444168568,5,,,,,
3276,0.015056673437356949,5,,,,,
3277,0.00023008458083495498,5,,,,,
3278,0.00021470623323693871,5,,,,,
3279,0.03742071986198425,5,,,,,
3280,0.0004332360113039613,5,,,,,
3281,0.0035532067995518446,5,,,,,
3282,0.0004312598903197795,5,,,,,
3283,0.0008823273237794638,5,,,,,
3284,0.02896413765847683,5,,,,,
3285,0.0005615755217149854,5,,,,,
3286,0.00895143672823906,5,,,,,
3287,0.0002930095652118325,5,,,,,
3288,0.016318591311573982,5,,,,,
3289,0.047484081238508224,5,,,,,
3290,0.028331924229860306,5,,,,,
3291,0.01832214556634426,5,,,,,
3292,0.004726471845060587,5,,,,,
3293,0.002344260923564434,5,,,,,
3294,0.0005942637799307704,5,,,,,
3295,0.00016058467736002058,5,,,,,
3296,0.011360090225934982,5,,,,,
3297,0.0002880261745303869,5,,,,,
3298,0.0027475396636873484,5,,,,,
3299,0.006604572758078575,5,,,,,
3300,0.029979903250932693,5,,,,,
3301,0.036272093653678894,5,,,,,
3302,0.015477711334824562,5,,,,,
3303,0.003580123418942094,5,,,,,
3304,0.00030663920915685594,5,,,,,
3305,0.004875706974416971,5,,,,,
3306,0.005490961018949747,5,,,,,
3307,0.03470645472407341,5,,,,,
3308,0.0106456084176898,5,,,,,
3309,0.004713696893304586,5,,,,,
3310,0.005086811725050211,5,,,,,
3311,8.201471791835502e-05,5,,,,,
3312,7.903708319645375e-05,5,,,,,
3313,0.02489379420876503,5,,,,,
3314,0.027225296944379807,5,,,,,
3315,0.00041879661148414016,5,,,,,
3316,0.000416015915106982,5,,,,,
3317,0.003617070149630308,5,,,,,
3318,6.426972686313093e-05,5,,,,,
3319,0.009046617895364761,5,,,,,
3320,0.001850608387030661,5,,,,,
3321,0.009359362535178661,5,,,,,
3322,0.003736167913302779,5,,,,,
3323,0.008701740764081478,5,,,,,
3324,0.0001107172793126665,5,,,,,
3325,0.00015689108113292605,5,,,,,
3326,0.004270453471690416,5,,,,,
3327,0.0024477841798216105,5,,,,,
3328,0.0003170012787450105,5,,,,,
3329,0.02475542016327381,5,,,,,
3330,0.00034050026442855597,5,,,,,
3331,0.017767420038580894,5,,,,,
3332,0.01821497641503811,5,,,,,
3333,3.876628397847526e-05,5,,,,,
3334,0.005471538286656141,5,,,,,
3335,0.0288692694157362,5,,,,,
3336,0.00742596760392189,5,,,,,
3337,0.04804922640323639,5,,,,,
3338,0.03290485590696335,5,,,,,
3339,0.0003957891894970089,5,,,,,
3340,0.00019226534641347826,5,,,,,
3341,9.135660366155207e-05,5,,,,,
3342,0.00013758640852756798,5,,,,,
3343,0.004507274832576513,5,,,,,
3344,0.0031800121068954468,5,,,,,
3345,0.0001460308558307588,5,,,,,
3346,0.011533832177519798,5,,,,,
3347,0.01100915763527155,5,,,,,
3348,0.03553524613380432,5,,,,,
3349,0.004271476063877344,5,,,,,
3350,0.007455311715602875,5,,,,,
3351,0.008822423405945301,5,,,,,
3352,0.001040552742779255,5,,,,,
3353,0.00011952098429901525,5,,,,,
3354,0.00025879338500089943,5,,,,,
3355,0.0048376088961958885,5,,,,,
3356,0.01168872881680727,5,,,,,
3357,0.05236732214689255,5,,,,,
3358,0.0202045738697052,5,,,,,
3359,0.008107680827379227,5,,,,,
3360,0.007263870444148779,5,,,,,
3361,0.0001442067150492221,5,,,,,
3362,5.320715717971325e-05,5,,,,,
3363,0.008346876129508018,5,,,,,
3364,2.0099843823118135e-05,5,,,,,
3365,0.0204129870980978,5,,,,,
3366,0.000597987964283675,5,,,,,
3367,0.0032069089356809855,5,,,,,
3368,0.012469198554754257,5,,,,,
3369,0.0055274078622460365,5,,,,,
3370,0.000340477708959952,5,,,,,
3371,0.0023381535429507494,5,,,,,
3372,0.0011571608483791351,5,,,,,
3373,0.029467659071087837,5,,,,,
3374,0.003370735328644514,5,,,,,
3375,0.0025025259237736464,5,,,,,
3376,0.00285029923543334,5,,,,,
3377,0.012174530886113644,5,,,,,
3378,0.0006296023493632674,5,,,,,
3379,0.00642052385956049,5,,,,,
3380,0.0004191418702248484,5,,,,,
3381,0.032894134521484375,5,,,,,
3382,0.06422922015190125,5,,,,,
3383,0.003907516598701477,5,,,,,
3384,0.004356174264103174,5,,,,,
3385,0.0120926508679986,5,,,,,
3386,0.0066347550600767136,5,,,,,
3387,0.004339285660535097,5,,,,,
3388,0.03441481292247772,5,,,,,
3389,0.006896163336932659,5,,,,,
3390,0.0044621373526751995,5,,,,,
3391,0.04234759137034416,5,,,,,
3392,0.03071238100528717,5,,,,,
3393,0.021045252680778503,5,,,,,
3394,0.009432254359126091,5,,,,,
3395,0.01955365389585495,5,,,,,
3396,0.03651650995016098,5,,,,,
3397,0.0243760384619236,5,,,,,
3398,0.05328180268406868,5,,,,,
3399,0.043970510363578796,5,,,,,
3400,0.0002707189414650202,5,,,,,
3401,0.009204658679664135,5,,,,,
3402,0.019232232123613358,5,,,,,
3403,0.0030376031063497066,5,,,,,
3404,0.0004976236377842724,5,,,,,
3405,0.0014127132017165422,5,,,,,
3406,0.02996480092406273,5,,,,,
3407,0.03063795529305935,5,,,,,
3408,0.005260939244180918,5,,,,,
3409,0.0007494156016036868,5,,,,,
3410,0.002824079478159547,5,,,,,
3411,0.0403895266354084,5,,,,,
3412,0.009953337721526623,5,,,,,
3413,0.0036636304575949907,5,,,,,
3414,0.001220646663568914,5,,,,,
3415,0.0018039112910628319,5,,,,,
3416,0.0001456839090678841,5,,,,,
3417,0.005918325390666723,5,,,,,
3418,0.04346195235848427,5,,,,,
3419,0.0026401178911328316,5,,,,,
3420,0.012047404423356056,5,,,,,
3421,3.046023084607441e-05,5,,,,,
3422,0.01047599222511053,5,,,,,
3423,0.0018621212802827358,5,,,,,
3424,0.004671987611800432,5,,,,,
3425,0.001445123110897839,5,,,,,
3426,0.0030360703822225332,5,,,,,
3427,0.033341869711875916,5,,,,,
3428,0.01018298789858818,5,,,,,
3429,0.013170544989407063,5,,,,,
3430,0.01655559428036213,5,,,,,
3431,0.0090758316218853,5,,,,,
3432,0.00866187084466219,5,,,,,
3433,0.07772960513830185,5,,,,,
3434,0.0014531356282532215,5,,,,,
3435,0.027541207149624825,5,,,,,
3436,0.07777062058448792,5,,,,,
3437,0.001800293568521738,5,,,,,
3438,0.002322062151506543,5,,,,,
3439,0.0005132570513524115,5,,,,,
3440,0.010609875433146954,5,,,,,
3441,0.0001756512647261843,5,,,,,
3442,0.007170545402914286,5,,,,,
3443,0.0006249294383451343,5,,,,,
3444,0.05386662483215332,5,,,,,
3445,0.0008410785812884569,5,,,,,
3446,0.0046389466151595116,5,,,,,
3447,0.0003767377929762006,5,,,,,
3448,0.00042376670171506703,5,,,,,
3449,0.014288507401943207,5,,,,,
3450,0.015787238255143166,5,,,,,
3451,0.01357929315418005,5,,,,,
3452,0.006058933679014444,5,,,,,
3453,0.0002520273847039789,5,,,,,
3454,0.05076057091355324,5,,,,,
3455,0.031182771548628807,5,,,,,
3456,0.00024209285038523376,5,,,,,
3457,0.016136791557073593,5,,,,,
3458,0.010799399577081203,5,,,,,
3459,0.0006275949417613447,5,,,,,
3460,0.03739441931247711,5,,,,,
3461,0.000625536369625479,5,,,,,
3462,0.00095105089712888,5,,,,,
3463,0.0009299656376242638,5,,,,,
3464,0.03977372124791145,5,,,,,
3465,0.014292974025011063,5,,,,,
3466,0.0005909434985369444,5,,,,,
3467,0.0001325319753959775,5,,,,,
3468,0.0005848419386893511,5,,,,,
3469,0.011666275560855865,5,,,,,
3470,0.0004281801520846784,5,,,,,
3471,0.0153158875182271,5,,,,,
3472,0.000772306346334517,5,,,,,
3473,0.0009259215439669788,5,,,,,
3474,0.009072204120457172,5,,,,,
3475,0.00892111286520958,5,,,,,
3476,0.0029427981935441494,5,,,,,
3477,0.007814262062311172,5,,,,,
3478,0.01001280639320612,5,,,,,
3479,0.0055322349071502686,5,,,,,
3480,0.003632895415648818,5,,,,,
3481,0.0029928761068731546,5,,,,,
3482,0.0061514596454799175,5,,,,,
3483,0.004471696447581053,5,,,,,
3484,0.014852508902549744,5,,,,,
3485,0.00022208051814232022,5,,,,,
3486,0.011121587827801704,5,,,,,
3487,0.0006700324593111873,5,,,,,
3488,0.07095687836408615,5,,,,,
3489,0.036897022277116776,5,,,,,
3490,0.00013867115194443613,5,,,,,
3491,0.004221510142087936,5,,,,,
3492,0.0004017481696791947,5,,,,,
3493,0.0037955837324261665,5,,,,,
3494,0.0035828095860779285,5,,,,,
3495,0.0004964166437275708,5,,,,,
3496,0.0057661146856844425,5,,,,,
3497,5.451585093396716e-05,5,,,,,
3498,0.01533075887709856,5,,,,,
3499,0.0025672968477010727,5,,,,,
3500,8.511580381309614e-05,5,,,,,
3501,0.03435353934764862,5,,,,,
3502,0.0034704431891441345,5,,,,,
3503,0.004450289998203516,5,,,,,
3504,5.001768658985384e-05,5,,,,,
3505,0.018045272678136826,5,,,,,
3506,0.004055620636790991,5,,,,,
3507,0.00013524464156944305,5,,,,,
3508,7.79808106017299e-05,5,,,,,
3509,0.003127788193523884,5,,,,,
3510,0.009064024314284325,5,,,,,
3511,0.0009741600952111185,5,,,,,
3512,0.02855188585817814,5,,,,,
3513,0.014222001656889915,5,,,,,
3514,0.0008510593906976283,5,,,,,
3515,0.045112185180187225,5,,,,,
3516,0.0032105145510286093,5,,,,,
3517,0.010067581199109554,5,,,,,
3518,0.00029827177058905363,5,,,,,
3519,0.0019115019822493196,5,,,,,
3520,7.912440196378157e-05,5,,,,,
3521,0.02792912721633911,5,,,,,
3522,8.44204769236967e-05,5,,,,,
3523,0.025718560442328453,5,,,,,
3524,0.05323607102036476,5,,,,,
3525,0.0023320605978369713,5,,,,,
3526,0.006588076241314411,5,,,,,
3527,0.042403846979141235,5,,,,,
3528,0.00416514091193676,5,,,,,
3529,0.0038619181141257286,5,,,,,
3530,0.05484820902347565,5,,,,,
3531,0.00046855423715896904,5,,,,,
3532,0.03258080035448074,5,,,,,
3533,0.03511201962828636,5,,,,,
3534,0.00012491100642364472,5,,,,,
3535,0.0001958150533027947,5,,,,,
3536,0.003802831284701824,5,,,,,
3537,0.021113429218530655,5,,,,,
3538,0.0003407730255275965,5,,,,,
3539,0.008188176900148392,5,,,,,
3540,0.0023505189456045628,5,,,,,
3541,0.000940756406635046,5,,,,,
3542,0.005450113210827112,5,,,,,
3543,8.934989455156028e-05,5,,,,,
3544,0.0016256337985396385,5,,,,,
3545,0.014586547389626503,5,,,,,
3546,0.005457343067973852,5,,,,,
3547,0.00214451365172863,5,,,,,
3548,0.0036526645999401808,5,,,,,
3549,0.002187588484957814,5,,,,,
3550,0.029670536518096924,5,,,,,
3551,0.02847796119749546,5,,,,,
3552,0.00631475867703557,5,,,,,
3553,8.679633174324408e-05,5,,,,,
3554,0.04376688972115517,5,,,,,
3555,0.011783460155129433,5,,,,,
3556,0.00023975998919922858,5,,,,,
3557,0.01201658509671688,5,,,,,
3558,0.005408125463873148,5,,,,,
3559,0.008235367015004158,5,,,,,
3560,0.0036649545654654503,5,,,,,
3561,0.008655868470668793,5,,,,,
3562,3.524295243551023e-05,5,,,,,
3563,0.0003502999898046255,5,,,,,
3564,0.0004972763708792627,5,,,,,
3565,0.003472249023616314,5,,,,,
3566,0.0005216783611103892,5,,,,,
3567,0.00020216507255099714,5,,,,,
3568,4.060935680172406e-05,5,,,,,
3569,0.000793459708802402,5,,,,,
3570,0.00042812290485017,5,,,,,
3571,0.013465844094753265,5,,,,,
3572,0.00010238993127131835,5,,,,,
3573,0.029423445463180542,5,,,,,
3574,0.04313505068421364,5,,,,,
3575,0.003657593159005046,5,,,,,
3576,0.009173494763672352,5,,,,,
3577,0.020794834941625595,5,,,,,
3578,0.00022826733766123652,5,,,,,
3579,0.014239692129194736,5,,,,,
3580,0.011403040960431099,5,,,,,
3581,0.003514581359922886,5,,,,,
3582,0.00042807351564988494,5,,,,,
3583,0.0036031086929142475,5,,,,,
3584,0.0010919681517407298,5,,,,,
3585,0.00697812857106328,5,,,,,
3586,0.0011156038381159306,5,,,,,
3587,0.03434012830257416,5,,,,,
3588,0.019672492519021034,5,,,,,
3589,0.035106245428323746,5,,,,,
3590,0.00023005070397630334,5,,,,,
3591,0.0648055225610733,5,,,,,
3592,0.02711012214422226,5,,,,,
3593,0.0037920393515378237,5,,,,,
3594,0.00046903773909434676,5,,,,,
3595,0.0023430429864674807,5,,,,,
3596,0.028769245371222496,5,,,,,
3597,0.028706200420856476,5,,,,,
3598,0.04340626671910286,5,,,,,
3599,0.00017488517914898694,5,,,,,
3600,0.0006400271668098867,5,,,,,
3601,0.044378601014614105,5,,,,,
3602,0.00507686473429203,5,,,,,
3603,0.006654404569417238,5,,,,,
3604,0.00440175412222743,5,,,,,
3605,0.0007294896640814841,5,,,,,
3606,0.027493782341480255,5,,,,,
3607,0.008252689614892006,5,,,,,
3608,0.025417635217308998,5,,,,,
3609,0.00043615882168523967,5,,,,,
3610,0.0046049146912992,5,,,,,
3611,0.0006406281609088182,5,,,,,
3612,0.0057466961443424225,5,,,,,
3613,0.0003719804808497429,5,,,,,
3614,0.0005415540654212236,5,,,,,
3615,0.02352963387966156,5,,,,,
3616,0.0001956921478267759,5,,,,,
3617,0.009344065561890602,5,,,,,
3618,0.023602154105901718,5,,,,,
3619,0.03027004562318325,5,,,,,
3620,0.01782241463661194,5,,,,,
3621,0.0007530691800639033,5,,,,,
3622,0.00029011417063884437,5,,,,,
3623,0.004982396494597197,5,,,,,
3624,0.03325819969177246,5,,,,,
3625,0.0029180077835917473,5,,,,,
3626,0.009283262304961681,5,,,,,
3627,0.04010380059480667,5,,,,,
3628,2.9420520149869844e-05,5,,,,,
3629,0.0011947107268497348,5,,,,,
3630,0.001828158157877624,5,,,,,
3631,0.0033564281184226274,5,,,,,
3632,0.004329954739660025,5,,,,,
3633,0.02278708666563034,5,,,,,
3634,0.00027744355611503124,5,,,,,
3635,0.030767973512411118,5,,,,,
3636,0.03384394943714142,5,,,,,
3637,0.00174304423853755,5,,,,,
3638,8.652026008348912e-05,5,,,,,
3639,0.004665810149163008,5,,,,,
3640,0.007734937127679586,5,,,,,
3641,0.026950426399707794,5,,,,,
3642,0.020900461822748184,5,,,,,
3643,0.006020350847393274,5,,,,,
3644,7.598843512823805e-05,5,,,,,
3645,0.0019983246456831694,5,,,,,
3646,0.0025632374454289675,5,,,,,
3647,0.00043160904897376895,5,,,,,
3648,9.991075785364956e-05,5,,,,,
3649,0.0009923387551680207,5,,,,,
3650,0.008045502007007599,5,,,,,
3651,0.005090606398880482,5,,,,,
3652,0.00013275950914248824,5,,,,,
3653,0.001045291661284864,5,,,,,
3654,9.099569433601573e-05,5,,,,,
3655,0.0006391650531440973,5,,,,,
3656,0.00018213328439742327,5,,,,,
3657,0.04191775247454643,5,,,,,
3658,0.0005705608637072146,5,,,,,
3659,6.950942770345137e-05,5,,,,,
3660,0.0004375472490210086,5,,,,,
3661,0.04839375987648964,5,,,,,
3662,0.0049000028520822525,5,,,,,
3663,0.006958095356822014,5,,,,,
3664,0.03306833282113075,5,,,,,
3665,0.0026529121678322554,5,,,,,
3666,0.008715563453733921,5,,,,,
3667,7.897786417743191e-05,5,,,,,
3668,0.008278746157884598,5,,,,,
3669,0.0011756069725379348,5,,,,,
3670,0.040707092732191086,5,,,,,
3671,0.004971626680344343,5,,,,,
3672,0.004079963080585003,5,,,,,
3673,0.02686319686472416,5,,,,,
3674,0.003917078487575054,5,,,,,
3675,0.009600762277841568,5,,,,,
3676,0.026211943477392197,5,,,,,
3677,0.01147031132131815,5,,,,,
3678,0.00048496198724024,5,,,,,
3679,0.03866565227508545,5,,,,,
3680,0.0051040067337453365,5,,,,,
3681,0.004432544112205505,5,,,,,
3682,0.00039790780283510685,5,,,,,
3683,0.006784556899219751,5,,,,,
3684,0.018098266795277596,5,,,,,
3685,0.0006265326519496739,5,,,,,
3686,0.010448695160448551,5,,,,,
3687,5.878628871869296e-05,5,,,,,
3688,0.008584817871451378,5,,,,,
3689,0.030929582193493843,5,,,,,
3690,0.03258926421403885,5,,,,,
3691,0.00046705143176950514,5,,,,,
3692,0.005612112581729889,5,,,,,
3693,0.0008580688154324889,5,,,,,
3694,0.00019819990848191082,5,,,,,
3695,0.03624746575951576,5,,,,,
3696,0.0006577578606083989,5,,,,,
3697,0.00042897259118035436,5,,,,,
3698,0.00015698687639087439,5,,,,,
3699,0.0015381863340735435,5,,,,,
3700,0.0119461789727211,5,,,,,
3701,0.023390820249915123,5,,,,,
3702,0.011175849474966526,5,,,,,
3703,0.0780826285481453,5,,,,,
3704,0.005607172846794128,5,,,,,
3705,0.013883528299629688,5,,,,,
3706,0.03177998214960098,5,,,,,
3707,0.0010640042601153255,5,,,,,
3708,0.00015526764036621898,5,,,,,
3709,0.011058574542403221,5,,,,,
3710,0.00042655583820305765,5,,,,,
3711,0.006491534877568483,5,,,,,
3712,0.01178848184645176,5,,,,,
3713,0.008956452831625938,5,,,,,
3714,0.0042100148275494576,5,,,,,
3715,0.003838316770270467,5,,,,,
3716,0.003392284968867898,5,,,,,
3717,0.00012037279520882294,5,,,,,
3718,0.003739729756489396,5,,,,,
3719,0.0011161873117089272,5,,,,,
3720,0.03345448151230812,5,,,,,
3721,0.0003894586116075516,5,,,,,
3722,0.003043234348297119,5,,,,,
3723,0.003917787689715624,5,,,,,
3724,0.0067838579416275024,5,,,,,
3725,0.03707856312394142,5,,,,,
3726,0.008516542613506317,5,,,,,
3727,9.837454126682132e-05,5,,,,,
3728,0.01034079771488905,5,,,,,
3729,0.02751782163977623,5,,,,,
3730,0.00013097596820443869,5,,,,,
3731,6.491901876870543e-05,5,,,,,
3732,0.02447204291820526,5,,,,,
3733,0.0015499801374971867,5,,,,,
3734,0.004139171913266182,5,,,,,
3735,0.00014479369565378875,5,,,,,
3736,0.01964644342660904,5,,,,,
3737,0.013136409223079681,5,,,,,
3738,0.04288584738969803,5,,,,,
3739,3.596220994950272e-05,5,,,,,
3740,0.00010413840936962515,5,,,,,
3741,0.0035795019939541817,5,,,,,
3742,0.0027825285214930773,5,,,,,
3743,0.044180743396282196,5,,,,,
3744,0.0037123197689652443,5,,,,,
3745,0.00035082516842521727,5,,,,,
3746,0.00030831864569336176,5,,,,,
3747,0.014110282063484192,5,,,,,
3748,0.04015473276376724,5,,,,,
3749,6.983799539739266e-05,5,,,,,
3750,0.004565173760056496,5,,,,,
3751,0.005646408069878817,5,,,,,
3752,0.007962077856063843,5,,,,,
3753,0.0010690874187275767,5,,,,,
3754,0.00655783386901021,5,,,,,
3755,0.00011246612120885402,5,,,,,
3756,0.044201355427503586,5,,,,,
3757,5.3011535783298314e-05,5,,,,,
3758,0.0050519234500825405,5,,,,,
3759,0.0011546909809112549,5,,,,,
3760,0.040396492928266525,5,,,,,
3761,0.0005997450207360089,5,,,,,
395,,,0.02800833061337471,,,,
396,,,0.002833371050655842,,,,
397,,,2.5416551579837687e-05,,,,
398,,,0.03242071345448494,,,,
399,,,7.229852485579613e-07,,,,
400,,,0.02908036857843399,,,,
401,,,0.002812802791595459,,,,
402,,,3.384220008229022e-06,,,,
403,,,0.02503983862698078,,,,
404,,,5.648078627018549e-07,,,,
405,,,1.3907711604588258e-07,,,,
406,,,0.016760651022195816,,,,
407,,,8.381888960684591e-08,,,,
408,,,0.0025963650550693274,,,,
409,,,0.03128791227936745,,,,
410,,,0.00021552923135459423,,,,
411,,,0.0032683485187590122,,,,
412,,,0.002437592251226306,,,,
413,,,0.009861350059509277,,,,
414,,,0.03692120686173439,,,,
415,,,0.002911375602707267,,,,
416,,,1.3394986808634712e-07,,,,
417,,,2.4728186076572456e-07,,,,
418,,,0.032250165939331055,,,,
419,,,3.8605202234975877e-07,,,,
420,,,0.0023177936673164368,,,,
421,,,0.002658295910805464,,,,
422,,,0.05017971247434616,,,,
423,,,7.405618816846982e-05,,,,
424,,,6.098802032283857e-07,,,,
425,,,0.0024421748239547014,,,,
426,,,0.0018210476264357567,,,,
427,,,9.444961506233085e-07,,,,
428,,,0.007136587053537369,,,,
429,,,1.589449283301292e-07,,,,
430,,,1.0355537938266934e-07,,,,
431,,,0.0020744220819324255,,,,
432,,,0.056833747774362564,,,,
433,,,1.2141624949890684e-07,,,,
434,,,0.023043688386678696,,,,
435,,,9.663157385375598e-08,,,,
436,,,0.026783732697367668,,,,
437,,,0.002523773582652211,,,,
438,,,0.0635373443365097,,,,
439,,,0.017945421859622,,,,
440,,,0.01928720250725746,,,,
441,,,0.002415527356788516,,,,
442,,,0.00032904231920838356,,,,
443,,,2.1886948786686844e-07,,,,
444,,,0.05906335264444351,,,,
445,,,5.8386267483001575e-06,,,,
446,,,0.0030898661352694035,,,,
447,,,8.363869596905715e-08,,,,
448,,,0.0029538567177951336,,,,
449,,,2.3585293718042522e-07,,,,
450,,,0.0355989970266819,,,,
451,,,0.0027363405097275972,,,,
452,,,1.882881690562499e-07,,,,
453,,,0.00472303107380867,,,,
454,,,0.02356070652604103,,,,
455,,,0.008114608004689217,,,,
456,,,9.80590755261801e-08,,,,
457,,,1.293004174840462e-07,,,,
458,,,0.026474090293049812,,,,
459,,,0.002406017854809761,,,,
460,,,0.00277861044742167,,,,
461,,,1.5335702130414575e-07,,,,
462,,,0.02984093874692917,,,,
463,,,1.5597774449815915e-07,,,,
464,,,1.5863909652580332e-07,,,,
465,,,2.9616148822242394e-05,,,,
466,,,0.002456712070852518,,,,
467,,,0.031582292169332504,,,,
468,,,0.025844614952802658,,,,
469,,,0.02978135645389557,,,,
470,,,0.23077267408370972,,,,
471,,,7.227519063235377e-07,,,,
472,,,3.892868789989734e-06,,,,
473,,,1.0556433380770613e-06,,,,
3761,,5,,0.013571405783295631,,,
3761,,5,,,0.9382911324501038,0.012064449489116669,0.9905063509941101
3762,0.004961629863828421,6,,,,,
3763,0.00015515110862907022,6,,,,,
3764,0.004621559288352728,6,,,,,
3765,0.006408276967704296,6,,,,,
3766,0.026685351505875587,6,,,,,
3767,0.0013940073549747467,6,,,,,
3768,0.029541250318288803,6,,,,,
3769,0.012448614463210106,6,,,,,
3770,0.02559928596019745,6,,,,,
3771,0.00027784646954387426,6,,,,,
3772,0.006444069556891918,6,,,,,
3773,0.030988268554210663,6,,,,,
3774,0.00787694938480854,6,,,,,
3775,0.0030603669583797455,6,,,,,
3776,0.006485069636255503,6,,,,,
3777,0.040109775960445404,6,,,,,
3778,0.018747150897979736,6,,,,,
3779,0.0015257657505571842,6,,,,,
3780,0.00034582047373987734,6,,,,,
3781,0.0019178480142727494,6,,,,,
3782,0.0003563435166142881,6,,,,,
3783,0.0669064149260521,6,,,,,
3784,0.022346442565321922,6,,,,,
3785,0.009363241493701935,6,,,,,
3786,0.00013079636846669018,6,,,,,
3787,0.0027338231448084116,6,,,,,
3788,0.002890616422519088,6,,,,,
3789,0.037973012775182724,6,,,,,
3790,0.07330986857414246,6,,,,,
3791,0.00010649766045389697,6,,,,,
3792,0.00011533245560713112,6,,,,,
3793,0.05148956924676895,6,,,,,
3794,0.00047194029320962727,6,,,,,
3795,0.002867497503757477,6,,,,,
3796,0.00011553101649042219,6,,,,,
3797,0.02610279992222786,6,,,,,
3798,0.012245365418493748,6,,,,,
3799,0.00975574366748333,6,,,,,
3800,0.005678250454366207,6,,,,,
3801,0.018140120431780815,6,,,,,
3802,0.0002547767653595656,6,,,,,
3803,0.0005256662843748927,6,,,,,
3804,6.524825585074723e-05,6,,,,,
3805,0.03044869937002659,6,,,,,
3806,0.0007750579970888793,6,,,,,
3807,0.03283673897385597,6,,,,,
3808,0.0015798478852957487,6,,,,,
3809,0.0025411993265151978,6,,,,,
3810,0.00011138740228489041,6,,,,,
3811,0.04531491920351982,6,,,,,
3812,0.0034967544488608837,6,,,,,
3813,0.0001171080075437203,6,,,,,
3814,0.001962026348337531,6,,,,,
3815,7.096909394022077e-05,6,,,,,
3816,0.00988179910928011,6,,,,,
3817,0.04299679771065712,6,,,,,
3818,0.021040985360741615,6,,,,,
3819,0.00021598734019789845,6,,,,,
3820,5.0889691920019686e-05,6,,,,,
3821,0.0055404347367584705,6,,,,,
3822,0.0004308350326027721,6,,,,,
3823,2.6782377972267568e-05,6,,,,,
3824,0.0024573947302997112,6,,,,,
3825,0.00018216215539723635,6,,,,,
3826,0.004487284459173679,6,,,,,
3827,0.0001607404265087098,6,,,,,
3828,0.046150755137205124,6,,,,,
3829,0.02610873430967331,6,,,,,
3830,0.007323771715164185,6,,,,,
3831,0.026961486786603928,6,,,,,
3832,0.035981517285108566,6,,,,,
3833,0.002561488887295127,6,,,,,
3834,0.0005099054542370141,6,,,,,
3835,0.016649354249238968,6,,,,,
3836,0.003202404361218214,6,,,,,
3837,0.022710882127285004,6,,,,,
3838,0.02747923508286476,6,,,,,
3839,0.0001638279645703733,6,,,,,
3840,0.000247794232564047,6,,,,,
3841,0.0023734131827950478,6,,,,,
3842,0.0030823315028101206,6,,,,,
3843,0.0014766446547582746,6,,,,,
3844,0.0005568862543441355,6,,,,,
3845,0.00038920610677450895,6,,,,,
3846,0.006095999851822853,6,,,,,
3847,0.0020653214305639267,6,,,,,
3848,0.001583284349180758,6,,,,,
3849,0.003798413323238492,6,,,,,
3850,6.161162309581414e-05,6,,,,,
3851,0.002837610663846135,6,,,,,
3852,0.0043253228068351746,6,,,,,
3853,0.04414950683712959,6,,,,,
3854,0.005483866203576326,6,,,,,
3855,0.0030413346830755472,6,,,,,
3856,0.05832290276885033,6,,,,,
3857,7.930783613119274e-05,6,,,,,
3858,0.04077726602554321,6,,,,,
3859,0.009759759530425072,6,,,,,
3860,0.030479267239570618,6,,,,,
3861,0.03771848604083061,6,,,,,
3862,0.005539776291698217,6,,,,,
3863,0.0025102258659899235,6,,,,,
3864,0.0027855702210217714,6,,,,,
3865,0.003383900737389922,6,,,,,
3866,0.006017229054123163,6,,,,,
3867,0.02111322432756424,6,,,,,
3868,0.009258580394089222,6,,,,,
3869,0.0015663888771086931,6,,,,,
3870,0.00016968902491498739,6,,,,,
3871,0.02739064209163189,6,,,,,
3872,0.0005701609770767391,6,,,,,
3873,0.015058559365570545,6,,,,,
3874,0.003383129835128784,6,,,,,
3875,0.044869475066661835,6,,,,,
3876,0.0005203098407946527,6,,,,,
3877,0.008729292079806328,6,,,,,
3878,0.013220083899796009,6,,,,,
3879,8.782866643741727e-05,6,,,,,
3880,0.00015261607768479735,6,,,,,
3881,0.002396171912550926,6,,,,,
3882,0.0007552099996246397,6,,,,,
3883,0.00016819452866911888,6,,,,,
3884,0.00017721779295243323,6,,,,,
3885,0.029417723417282104,6,,,,,
3886,8.988563058665022e-05,6,,,,,
3887,0.0043348148465156555,6,,,,,
3888,0.042723286896944046,6,,,,,
3889,0.023433392867445946,6,,,,,
3890,0.060589395463466644,6,,,,,
3891,0.0063246688805520535,6,,,,,
3892,0.0036739574279636145,6,,,,,
3893,0.0036559700965881348,6,,,,,
3894,0.00015065485786180943,6,,,,,
3895,0.0175275020301342,6,,,,,
3896,0.03359738364815712,6,,,,,
3897,0.01841280236840248,6,,,,,
3898,0.0004720501892734319,6,,,,,
3899,0.01023049559444189,6,,,,,
3900,0.008227857761085033,6,,,,,
3901,0.001109965960495174,6,,,,,
3902,0.011000871658325195,6,,,,,
3903,0.007734848652034998,6,,,,,
3904,0.005676096770912409,6,,,,,
3905,0.009811893105506897,6,,,,,
3906,0.00044107131543569267,6,,,,,
3907,0.003299999749287963,6,,,,,
3908,0.0032173926010727882,6,,,,,
3909,0.028490876778960228,6,,,,,
3910,0.0010375480633229017,6,,,,,
3911,0.006985779386013746,6,,,,,
3912,0.0007706343894824386,6,,,,,
3913,0.00161804910749197,6,,,,,
3914,0.0005346962134353817,6,,,,,
3915,0.00013159029185771942,6,,,,,
3916,0.0003348625323269516,6,,,,,
3917,9.021133882924914e-05,6,,,,,
3918,0.0001024606972350739,6,,,,,
3919,0.004699858371168375,6,,,,,
3920,0.0035603479482233524,6,,,,,
3921,0.004691429436206818,6,,,,,
3922,0.003562716767191887,6,,,,,
3923,0.001725386711768806,6,,,,,
3924,0.003161319065839052,6,,,,,
3925,0.00012151779810665175,6,,,,,
3926,0.03495514392852783,6,,,,,
3927,0.03537779301404953,6,,,,,
3928,0.0002839642111212015,6,,,,,
3929,0.003279981203377247,6,,,,,
3930,0.026481755077838898,6,,,,,
3931,4.29471765528433e-05,6,,,,,
3932,0.002020529704168439,6,,,,,
3933,0.0023426907137036324,6,,,,,
3934,0.012235048227012157,6,,,,,
3935,0.014224348589777946,6,,,,,
3936,0.002152342814952135,6,,,,,
3937,0.0002479882969055325,6,,,,,
3938,6.018800922902301e-05,6,,,,,
3939,2.8147274861112237e-05,6,,,,,
3940,0.007709256839007139,6,,,,,
3941,0.0022052142303436995,6,,,,,
3942,0.01678045280277729,6,,,,,
3943,0.02773541770875454,6,,,,,
3944,0.039039719849824905,6,,,,,
3945,0.03113173507153988,6,,,,,
3946,0.03819712623953819,6,,,,,
3947,0.025663606822490692,6,,,,,
3948,0.00375205185264349,6,,,,,
3949,0.005933443550020456,6,,,,,
3950,0.008587535470724106,6,,,,,
3951,0.001782539882697165,6,,,,,
3952,0.007730692159384489,6,,,,,
3953,0.00013878576282877475,6,,,,,
3954,0.0007738200365565717,6,,,,,
3955,0.03488607332110405,6,,,,,
3956,0.0001980992528842762,6,,,,,
3957,0.008803753182291985,6,,,,,
3958,0.0001209234687848948,6,,,,,
3959,0.014668014831840992,6,,,,,
3960,0.001015295390971005,6,,,,,
3961,0.004657940939068794,6,,,,,
3962,0.0002523476432543248,6,,,,,
3963,0.029775245115160942,6,,,,,
3964,0.04623084515333176,6,,,,,
3965,4.007263851235621e-05,6,,,,,
3966,0.005820460617542267,6,,,,,
3967,0.013684234581887722,6,,,,,
3968,0.0001581585529493168,6,,,,,
3969,0.005632130429148674,6,,,,,
3970,0.0029667082708328962,6,,,,,
3971,0.0001273537054657936,6,,,,,
3972,0.03669661656022072,6,,,,,
3973,0.004838371649384499,6,,,,,
3974,0.02526911348104477,6,,,,,
3975,0.01056358776986599,6,,,,,
3976,0.00026850085123442113,6,,,,,
3977,0.00016183892148546875,6,,,,,
3978,0.0007974465843290091,6,,,,,
3979,0.00012181755300844088,6,,,,,
3980,0.005814874544739723,6,,,,,
3981,2.126540675817523e-05,6,,,,,
3982,0.004187446087598801,6,,,,,
3983,0.0038390490226447582,6,,,,,
3984,0.0001807108783395961,6,,,,,
3985,0.00609495909884572,6,,,,,
3986,0.0038545681163668633,6,,,,,
3987,6.995435251155868e-05,6,,,,,
3988,0.0004220188711769879,6,,,,,
3989,0.010845526121556759,6,,,,,
3990,0.026957601308822632,6,,,,,
3991,0.03085513785481453,6,,,,,
3992,0.0015923933824524283,6,,,,,
3993,0.003858852433040738,6,,,,,
3994,0.0020730956457555294,6,,,,,
3995,0.00010175045463256538,6,,,,,
3996,0.005744272377341986,6,,,,,
3997,0.0003431231889408082,6,,,,,
3998,0.0032928730361163616,6,,,,,
3999,0.02481071837246418,6,,,,,
4000,0.009020719677209854,6,,,,,
4001,2.0139970729360357e-05,6,,,,,
4002,2.8822591048083268e-05,6,,,,,
4003,0.043832920491695404,6,,,,,
4004,0.011178712360560894,6,,,,,
4005,0.0005575430695898831,6,,,,,
4006,0.0037565326783806086,6,,,,,
4007,0.006294627208262682,6,,,,,
4008,0.004257752560079098,6,,,,,
4009,1.861257442214992e-05,6,,,,,
4010,0.0005008226144127548,6,,,,,
4011,4.064656241098419e-05,6,,,,,
4012,0.004726508166640997,6,,,,,
4013,0.002607642440125346,6,,,,,
4014,0.005226176232099533,6,,,,,
4015,5.269769826554693e-05,6,,,,,
4016,5.552253696805565e-06,6,,,,,
4017,0.001558779738843441,6,,,,,
4018,0.0028217672370374203,6,,,,,
4019,0.03493411839008331,6,,,,,
4020,0.0051950616762042046,6,,,,,
4021,0.029852384701371193,6,,,,,
4022,0.0002656848810147494,6,,,,,
4023,0.029765363782644272,6,,,,,
4024,0.005738794803619385,6,,,,,
4025,0.004637095611542463,6,,,,,
4026,0.001417989144101739,6,,,,,
4027,0.006036962848156691,6,,,,,
4028,0.007462283130735159,6,,,,,
4029,0.0037268998567014933,6,,,,,
4030,9.312329348176718e-05,6,,,,,
4031,0.028950467705726624,6,,,,,
4032,0.0003820912097580731,6,,,,,
4033,0.001378362998366356,6,,,,,
4034,0.0004279622226022184,6,,,,,
4035,0.004540217574685812,6,,,,,
4036,0.0009996460285037756,6,,,,,
4037,0.0030612016562372446,6,,,,,
4038,0.0002074626536341384,6,,,,,
4039,0.00485647888854146,6,,,,,
4040,0.008631301112473011,6,,,,,
4041,0.01561613567173481,6,,,,,
4042,0.009136412292718887,6,,,,,
4043,0.009886358864605427,6,,,,,
4044,0.0023082864936441183,6,,,,,
4045,0.0012386705493554473,6,,,,,
4046,0.00032997276866808534,6,,,,,
4047,0.00676928972825408,6,,,,,
4048,0.00043551658745855093,6,,,,,
4049,0.0012867095647379756,6,,,,,
4050,0.00902628619223833,6,,,,,
4051,0.0003287140280008316,6,,,,,
4052,0.03391014784574509,6,,,,,
4053,0.004702203907072544,6,,,,,
4054,0.030138153582811356,6,,,,,
4055,0.004808402620255947,6,,,,,
4056,0.04957139492034912,6,,,,,
4057,0.00036781400558538735,6,,,,,
4058,0.0015159769682213664,6,,,,,
4059,0.0036753914318978786,6,,,,,
4060,0.012417531572282314,6,,,,,
4061,0.0030137021094560623,6,,,,,
4062,0.0005717657040804625,6,,,,,
4063,0.00012129635433666408,6,,,,,
4064,0.00047751690726727247,6,,,,,
4065,0.009009294211864471,6,,,,,
4066,0.0030794888734817505,6,,,,,
4067,0.006842451635748148,6,,,,,
4068,0.00016217847587540746,6,,,,,
4069,0.007568204775452614,6,,,,,
4070,2.6778094252222218e-05,6,,,,,
4071,0.00015786962467245758,6,,,,,
4072,0.0018458490958437324,6,,,,,
4073,0.00011144040763610974,6,,,,,
4074,0.002720771124586463,6,,,,,
4075,0.006032739765942097,6,,,,,
4076,0.014806915074586868,6,,,,,
4077,0.0022614586632698774,6,,,,,
4078,0.03522856906056404,6,,,,,
4079,0.0008077470120042562,6,,,,,
4080,1.851300839916803e-05,6,,,,,
4081,0.014276511035859585,6,,,,,
4082,0.024164125323295593,6,,,,,
4083,0.0037697250954806805,6,,,,,
4084,0.0002819650690071285,6,,,,,
4085,0.0032305014319717884,6,,,,,
4086,0.018241561949253082,6,,,,,
4087,0.04192240163683891,6,,,,,
4088,0.03585858270525932,6,,,,,
4089,0.00019813449762295932,6,,,,,
4090,3.477189602563158e-05,6,,,,,
4091,0.001226972439326346,6,,,,,
4092,0.0014279637252911925,6,,,,,
4093,0.0001077700944733806,6,,,,,
4094,0.007826762273907661,6,,,,,
4095,0.025472266599535942,6,,,,,
4096,0.005137760657817125,6,,,,,
4097,0.007883518934249878,6,,,,,
4098,0.0024562058970332146,6,,,,,
4099,0.006325557362288237,6,,,,,
4100,0.03609652444720268,6,,,,,
4101,0.006319427862763405,6,,,,,
4102,0.00020529191533569247,6,,,,,
4103,0.003750489791855216,6,,,,,
4104,0.03767959773540497,6,,,,,
4105,0.0006426236359402537,6,,,,,
4106,0.03160472586750984,6,,,,,
4107,0.00016374124970752746,6,,,,,
4108,0.06329905241727829,6,,,,,
4109,0.00044053990859538317,6,,,,,
4110,0.010738246142864227,6,,,,,
4111,0.03885801136493683,6,,,,,
4112,0.05399689823389053,6,,,,,
4113,0.04157553240656853,6,,,,,
4114,0.0001731685915729031,6,,,,,
4115,0.016871560364961624,6,,,,,
4116,0.00017695961287245154,6,,,,,
4117,0.004661559592932463,6,,,,,
4118,5.99662380409427e-05,6,,,,,
4119,0.0001744302426232025,6,,,,,
4120,0.04024925082921982,6,,,,,
4121,0.004468914121389389,6,,,,,
4122,0.05767263099551201,6,,,,,
4123,0.00011226307833567262,6,,,,,
4124,0.0006735308561474085,6,,,,,
4125,0.011479301378130913,6,,,,,
4126,0.00024126637435983866,6,,,,,
4127,0.0016776202246546745,6,,,,,
4128,0.0021208871621638536,6,,,,,
4129,0.00012378460087347776,6,,,,,
4130,0.0015763848787173629,6,,,,,
4131,0.009459087625145912,6,,,,,
4132,0.006258759647607803,6,,,,,
4133,0.003119158325716853,6,,,,,
4134,0.00021495705004781485,6,,,,,
4135,0.011964146047830582,6,,,,,
4136,9.755061910254881e-05,6,,,,,
4137,0.032584503293037415,6,,,,,
4138,9.114400745602325e-05,6,,,,,
4139,0.007192359305918217,6,,,,,
4140,0.0001706205221125856,6,,,,,
4141,0.013475070707499981,6,,,,,
4142,0.013866600580513477,6,,,,,
4143,0.00020822655642405152,6,,,,,
4144,0.014945706352591515,6,,,,,
4145,0.037650883197784424,6,,,,,
4146,0.04084382578730583,6,,,,,
4147,0.0005100711132399738,6,,,,,
4148,0.044451966881752014,6,,,,,
4149,0.004813822917640209,6,,,,,
4150,0.00978382769972086,6,,,,,
4151,0.0005267057567834854,6,,,,,
4152,0.04780033975839615,6,,,,,
4153,0.0001307503116549924,6,,,,,
4154,0.007619448937475681,6,,,,,
4155,0.004174298141151667,6,,,,,
4156,0.004198802635073662,6,,,,,
4157,0.027308965101838112,6,,,,,
4158,0.033037200570106506,6,,,,,
4159,0.00023733476700726897,6,,,,,
4160,0.0013154911575838923,6,,,,,
4161,0.002259558532387018,6,,,,,
4162,0.003086929675191641,6,,,,,
4163,0.004719918128103018,6,,,,,
4164,1.9289856936666183e-05,6,,,,,
4165,8.582387090427801e-05,6,,,,,
4166,0.0014554866356775165,6,,,,,
4167,0.03481239825487137,6,,,,,
4168,0.051783692091703415,6,,,,,
4169,0.0044689173810184,6,,,,,
4170,0.0018765899585559964,6,,,,,
4171,0.004915283061563969,6,,,,,
4172,0.008037587627768517,6,,,,,
4173,0.0029897093772888184,6,,,,,
4174,0.00034198860521428287,6,,,,,
4175,0.014432231895625591,6,,,,,
4176,0.006046585272997618,6,,,,,
4177,0.03342049941420555,6,,,,,
4178,0.0022683008573949337,6,,,,,
4179,0.005140567664057016,6,,,,,
4180,0.00031335666426457465,6,,,,,
4181,0.0013925429666414857,6,,,,,
4182,0.004449265543371439,6,,,,,
4183,0.004310720134526491,6,,,,,
4184,0.0011781413340941072,6,,,,,
4185,0.01865769922733307,6,,,,,
4186,0.0037615420296788216,6,,,,,
4187,0.000287263304926455,6,,,,,
4188,4.783237091032788e-05,6,,,,,
4189,0.002490558661520481,6,,,,,
4190,0.0028008907102048397,6,,,,,
4191,0.025027155876159668,6,,,,,
4192,0.0001356233551632613,6,,,,,
4193,0.03768464922904968,6,,,,,
4194,0.00029163697035983205,6,,,,,
4195,0.004848622716963291,6,,,,,
4196,0.030043266713619232,6,,,,,
4197,0.00010342489986214787,6,,,,,
4198,0.00046322777052409947,6,,,,,
4199,0.00012161132326582447,6,,,,,
4200,0.0075816563330590725,6,,,,,
4201,0.035818200558423996,6,,,,,
4202,0.0003112828708253801,6,,,,,
4203,0.029714005067944527,6,,,,,
4204,0.0038721642922610044,6,,,,,
4205,0.00011346439714543521,6,,,,,
4206,0.0004206241574138403,6,,,,,
4207,0.000991760054603219,6,,,,,
4208,0.0024247600231319666,6,,,,,
4209,0.0066720424219965935,6,,,,,
4210,0.0026176951359957457,6,,,,,
4211,5.619643707177602e-05,6,,,,,
4212,0.005976617801934481,6,,,,,
4213,0.004091356880962849,6,,,,,
4214,0.0015396187081933022,6,,,,,
4215,3.63274484698195e-05,6,,,,,
4216,0.0027415247168391943,6,,,,,
4217,3.116735024377704e-05,6,,,,,
4218,2.2939500922802836e-05,6,,,,,
4219,0.0009919473668560386,6,,,,,
4220,0.03607049956917763,6,,,,,
4221,0.06435620039701462,6,,,,,
4222,0.0076430803164839745,6,,,,,
4223,0.0007945921970531344,6,,,,,
4224,0.0016172825125977397,6,,,,,
4225,0.00010748673230409622,6,,,,,
4226,0.02843811735510826,6,,,,,
4227,0.0018678468186408281,6,,,,,
4228,0.0005149435019120574,6,,,,,
4229,0.027319733053445816,6,,,,,
4230,7.593540067318827e-05,6,,,,,
4231,0.00012774804781656712,6,,,,,
4232,0.030134500935673714,6,,,,,
4233,1.5646228348487057e-05,6,,,,,
4234,1.4080485016165767e-05,6,,,,,
4235,0.015826629474759102,6,,,,,
4236,0.0003565329243429005,6,,,,,
4237,0.018309174105525017,6,,,,,
4238,0.04823090508580208,6,,,,,
4239,0.035193540155887604,6,,,,,
4240,0.0061661251820623875,6,,,,,
4241,0.006376826670020819,6,,,,,
4242,0.027360793203115463,6,,,,,
4243,0.0037900819443166256,6,,,,,
4244,0.00671919621527195,6,,,,,
4245,0.0037947234231978655,6,,,,,
4246,0.0631573498249054,6,,,,,
4247,0.044661521911621094,6,,,,,
4248,0.0025045599322766066,6,,,,,
4249,3.9267546526389197e-05,6,,,,,
4250,7.452260433638003e-06,6,,,,,
4251,0.024932999163866043,6,,,,,
4252,0.0032978772651404142,6,,,,,
4253,0.004350897390395403,6,,,,,
4254,0.006158110685646534,6,,,,,
4255,0.020686911419034004,6,,,,,
4256,0.01589859463274479,6,,,,,
4257,0.011884081177413464,6,,,,,
4258,0.002803727751597762,6,,,,,
4259,0.011592402122914791,6,,,,,
4260,0.03648660331964493,6,,,,,
4261,0.00020919329836033285,6,,,,,
4262,0.0031522344797849655,6,,,,,
4263,0.021975254639983177,6,,,,,
4264,0.00580377783626318,6,,,,,
4265,0.04091556742787361,6,,,,,
4266,0.0006009274511598051,6,,,,,
4267,0.027186349034309387,6,,,,,
4268,0.00027330705779604614,6,,,,,
4269,4.2314517486374825e-05,6,,,,,
4270,6.72929672873579e-06,6,,,,,
4271,0.005341323092579842,6,,,,,
4272,0.02631116844713688,6,,,,,
4273,0.00020562802092172205,6,,,,,
4274,0.0009098281734623015,6,,,,,
4275,0.01884646899998188,6,,,,,
4276,0.0008340140338987112,6,,,,,
4277,0.0001930426515173167,6,,,,,
4278,0.007414651103317738,6,,,,,
4279,0.002399618038907647,6,,,,,
4280,0.003967172931879759,6,,,,,
4281,0.006999530363827944,6,,,,,
4282,0.0009515930432826281,6,,,,,
4283,0.04841182753443718,6,,,,,
4284,0.0005004844861105084,6,,,,,
4285,0.004000905901193619,6,,,,,
4286,0.0053163813427090645,6,,,,,
4287,0.02211766503751278,6,,,,,
4288,0.007117427885532379,6,,,,,
4289,0.0005475716316141188,6,,,,,
4290,0.009388849139213562,6,,,,,
4291,0.00014254506095312536,6,,,,,
4292,0.0006266779382713139,6,,,,,
4293,0.06765586882829666,6,,,,,
4294,0.0026646226178854704,6,,,,,
4295,0.00034460140159353614,6,,,,,
4296,0.022538963705301285,6,,,,,
4297,0.0003859221760649234,6,,,,,
4298,0.003424350405111909,6,,,,,
4299,0.006571975536644459,6,,,,,
4300,0.0002807214332278818,6,,,,,
4301,0.011777852661907673,6,,,,,
4302,0.03793952241539955,6,,,,,
4303,0.0009582658531144261,6,,,,,
4304,0.01962241344153881,6,,,,,
4305,0.027972722426056862,6,,,,,
4306,0.0007628274615854025,6,,,,,
4307,8.052485645748675e-05,6,,,,,
4308,0.005236597266048193,6,,,,,
4309,0.015036006458103657,6,,,,,
4310,0.008135166950523853,6,,,,,
4311,0.00032895684125833213,6,,,,,
4312,0.04551104083657265,6,,,,,
4313,0.00015604204963892698,6,,,,,
4314,0.006017001811414957,6,,,,,
4315,0.030486373230814934,6,,,,,
4316,0.0002998188429046422,6,,,,,
4317,0.00021401821868494153,6,,,,,
4318,0.0017578022088855505,6,,,,,
4319,0.00010913933510892093,6,,,,,
4320,0.007013293448835611,6,,,,,
4321,0.0006057869759388268,6,,,,,
4322,2.7256985049461946e-05,6,,,,,
4323,0.002071148483082652,6,,,,,
4324,0.028860781341791153,6,,,,,
4325,0.00027461082208901644,6,,,,,
4326,0.00015573389828205109,6,,,,,
4327,0.03341285511851311,6,,,,,
4328,0.018399471417069435,6,,,,,
4329,0.01106317900121212,6,,,,,
4330,0.03125424683094025,6,,,,,
4331,0.031878843903541565,6,,,,,
4332,0.005326324608176947,6,,,,,
4333,0.028436554595828056,6,,,,,
4334,0.0035632543731480837,6,,,,,
4335,0.02995138242840767,6,,,,,
4336,7.441012712661177e-05,6,,,,,
4337,0.00749022513628006,6,,,,,
4338,0.0331183597445488,6,,,,,
4339,0.00013937524636276066,6,,,,,
4340,0.004891622811555862,6,,,,,
4341,0.013082671910524368,6,,,,,
4342,0.038127925246953964,6,,,,,
4343,0.0014465207932516932,6,,,,,
4344,0.027326559647917747,6,,,,,
4345,0.00010095914331031963,6,,,,,
4346,0.022912822663784027,6,,,,,
4347,0.0011913258349522948,6,,,,,
4348,0.012566713616251945,6,,,,,
4349,0.0063565075397491455,6,,,,,
4350,5.538212280953303e-05,6,,,,,
4351,0.010870298370718956,6,,,,,
4352,0.004187564831227064,6,,,,,
4353,0.0011891572503373027,6,,,,,
4354,0.019811933860182762,6,,,,,
4355,0.03940076008439064,6,,,,,
4356,0.0001136797945946455,6,,,,,
4357,0.003921465948224068,6,,,,,
4358,0.001828337786719203,6,,,,,
4359,0.01919122412800789,6,,,,,
4360,7.94603765825741e-05,6,,,,,
4361,0.00031411266536451876,6,,,,,
4362,0.004514582920819521,6,,,,,
4363,0.049336884170770645,6,,,,,
4364,0.02151675522327423,6,,,,,
4365,0.0003831901412922889,6,,,,,
4366,0.0001345159107586369,6,,,,,
4367,0.00012123492342652753,6,,,,,
4368,0.04100823774933815,6,,,,,
4369,0.0006516363355331123,6,,,,,
4370,0.029260501265525818,6,,,,,
4371,0.00013923313235864043,6,,,,,
4372,0.04098846763372421,6,,,,,
4373,0.0054580410942435265,6,,,,,
4374,0.025283092632889748,6,,,,,
4375,0.00024180694890674204,6,,,,,
4376,0.00020825627143494785,6,,,,,
4377,5.1273058488732204e-05,6,,,,,
4378,0.006912506651133299,6,,,,,
4379,0.005737315863370895,6,,,,,
4380,0.004439262207597494,6,,,,,
4381,0.00016275346570182592,6,,,,,
4382,0.03443074971437454,6,,,,,
4383,0.00028475356521084905,6,,,,,
4384,0.0007342485478147864,6,,,,,
4385,0.006658519152551889,6,,,,,
4386,0.03869865462183952,6,,,,,
4387,7.47971935197711e-05,6,,,,,
4388,2.6018242351710796e-05,6,,,,,
474,,,0.026892611756920815,,,,
475,,,0.00273943692445755,,,,
476,,,1.22677363378898e-06,,,,
477,,,0.031327053904533386,,,,
478,,,4.411285317473812e-06,,,,
479,,,0.027248714119195938,,,,
480,,,0.0027957409620285034,,,,
481,,,0.00018327411089558154,,,,
482,,,0.023100249469280243,,,,
483,,,7.338347813856672e-07,,,,
484,,,1.5772265271607466e-07,,,,
485,,,0.007117023225873709,,,,
486,,,1.2759096534864511e-07,,,,
487,,,0.00279366341419518,,,,
488,,,0.028204508125782013,,,,
489,,,4.844711725127127e-07,,,,
490,,,0.003190947463735938,,,,
491,,,0.0026823633816093206,,,,
492,,,7.17678062756022e-07,,,,
493,,,0.03598807007074356,,,,
494,,,0.002848536241799593,,,,
495,,,1.4420450611396518e-07,,,,
496,,,4.322055247030221e-07,,,,
497,,,0.03082229569554329,,,,
498,,,1.2867643590652733e-06,,,,
499,,,0.002746591344475746,,,,
500,,,0.0026166532188653946,,,,
501,,,0.013819620013237,,,,
502,,,0.001962721347808838,,,,
503,,,3.720316453836858e-05,,,,
504,,,0.0026448213029652834,,,,
505,,,0.002177018905058503,,,,
506,,,0.010372353717684746,,,,
507,,,0.007583198137581348,,,,
508,,,1.558317853778135e-05,,,,
509,,,8.54934327776391e-08,,,,
510,,,0.002214627107605338,,,,
511,,,0.05030690133571625,,,,
512,,,1.2299334173349052e-07,,,,
513,,,0.01939426362514496,,,,
514,,,9.482544527372738e-08,,,,
515,,,0.027620365843176842,,,,
516,,,0.0029239945579320192,,,,
517,,,0.05911794304847717,,,,
518,,,0.014782466925680637,,,,
519,,,0.020695392042398453,,,,
520,,,0.002728567458689213,,,,
521,,,0.00010154774645343423,,,,
522,,,4.973600425728364e-06,,,,
523,,,0.056043874472379684,,,,
524,,,8.707015513209626e-05,,,,
525,,,0.0027443300932645798,,,,
526,,,1.515749659120047e-07,,,,
527,,,0.0028128731064498425,,,,
528,,,4.2940612843267445e-07,,,,
529,,,0.03463286906480789,,,,
530,,,0.0026766660157591105,,,,
531,,,6.351355636979861e-07,,,,
532,,,0.005182725843042135,,,,
533,,,0.024650299921631813,,,,
534,,,0.004807908087968826,,,,
535,,,1.5542038056537422e-07,,,,
536,,,1.2551646477731992e-07,,,,
537,,,0.023546157404780388,,,,
538,,,0.0027870151679962873,,,,
539,,,0.0027865536976605654,,,,
540,,,2.0457984817312536e-07,,,,
541,,,0.028867920860648155,,,,
542,,,1.8385371447493526e-07,,,,
543,,,6.39709867300553e-07,,,,
544,,,9.926974371410324e-07,,,,
545,,,0.0025836301501840353,,,,
546,,,0.03226405754685402,,,,
547,,,0.025501299649477005,,,,
548,,,0.032781410962343216,,,,
549,,,0.2500542402267456,,,,
550,,,0.018422622233629227,,,,
551,,,3.805952530910872e-07,,,,
552,,,4.6579712034144904e-06,,,,
4388,,6,,0.013099679723381996,,,
4388,,6,,,0.5485231876373291,0.010534042492508888,0.5975738167762756
4389,0.011591238901019096,7,,,,,
4390,0.03692023083567619,7,,,,,
4391,0.004573304206132889,7,,,,,
4392,0.003090938786044717,7,,,,,
4393,0.00015635250019840896,7,,,,,
4394,0.004562076646834612,7,,,,,
4395,6.83269026922062e-05,7,,,,,
4396,0.018844379112124443,7,,,,,
4397,0.00012364891881588846,7,,,,,
4398,0.0181665550917387,7,,,,,
4399,0.01606285572052002,7,,,,,
4400,9.100955503527075e-05,7,,,,,
4401,0.0023901339154690504,7,,,,,
4402,0.00020038257935084403,7,,,,,
4403,0.012455307878553867,7,,,,,
4404,0.0001530927693238482,7,,,,,
4405,0.0022200813982635736,7,,,,,
4406,0.0033512155059725046,7,,,,,
4407,0.00010236937669105828,7,,,,,
4408,0.0008289578254334629,7,,,,,
4409,0.0001173436758108437,7,,,,,
4410,0.001076379558071494,7,,,,,
4411,0.002889625495299697,7,,,,,
4412,0.048412613570690155,7,,,,,
4413,0.0037378703709691763,7,,,,,
4414,0.004125574138015509,7,,,,,
4415,0.0002056015800917521,7,,,,,
4416,0.041525889188051224,7,,,,,
4417,0.0035341838374733925,7,,,,,
4418,0.046852752566337585,7,,,,,
4419,0.01572388783097267,7,,,,,
4420,0.01833239756524563,7,,,,,
4421,7.147516589611769e-05,7,,,,,
4422,0.004427342675626278,7,,,,,
4423,0.00012504275946412235,7,,,,,
4424,8.804446406429633e-05,7,,,,,
4425,0.0008228674996644258,7,,,,,
4426,0.00504476809874177,7,,,,,
4427,0.0005659132730215788,7,,,,,
4428,0.018391158431768417,7,,,,,
4429,0.019569452852010727,7,,,,,
4430,0.000967581698205322,7,,,,,
4431,0.0037005313206464052,7,,,,,
4432,0.00013529071293305606,7,,,,,
4433,0.00022641675604972988,7,,,,,
4434,0.009939940646290779,7,,,,,
4435,7.585412095068023e-05,7,,,,,
4436,0.0009548559319227934,7,,,,,
4437,0.00010751310037449002,7,,,,,
4438,0.02594480663537979,7,,,,,
4439,0.029329216107726097,7,,,,,
4440,0.02529638074338436,7,,,,,
4441,0.004728713072836399,7,,,,,
4442,0.029001334682106972,7,,,,,
4443,0.0010865788208320737,7,,,,,
4444,0.0011461651884019375,7,,,,,
4445,0.002658167155459523,7,,,,,
4446,0.0018528045620769262,7,,,,,
4447,0.003785762470215559,7,,,,,
4448,0.0280894935131073,7,,,,,
4449,0.04250207170844078,7,,,,,
4450,0.0544845275580883,7,,,,,
4451,0.0006838598637841642,7,,,,,
4452,0.0031547495163977146,7,,,,,
4453,0.01093052513897419,7,,,,,
4454,0.0564480684697628,7,,,,,
4455,0.0013155953492969275,7,,,,,
4456,0.007628386374562979,7,,,,,
4457,0.017820704728364944,7,,,,,
4458,0.026676876470446587,7,,,,,
4459,0.0028886476065963507,7,,,,,
4460,0.024399710819125175,7,,,,,
4461,0.00014870964514557272,7,,,,,
4462,0.02294529788196087,7,,,,,
4463,0.0048362985253334045,7,,,,,
4464,0.0008263547788374126,7,,,,,
4465,0.002074172254651785,7,,,,,
4466,0.0038244209717959166,7,,,,,
4467,0.05703176185488701,7,,,,,
4468,0.019170641899108887,7,,,,,
4469,0.010256342589855194,7,,,,,
4470,0.0012034907704219222,7,,,,,
4471,0.005338750313967466,7,,,,,
4472,0.002243902999907732,7,,,,,
4473,0.0022103548981249332,7,,,,,
4474,0.013974185101687908,7,,,,,
4475,0.006238911766558886,7,,,,,
4476,0.004025152884423733,7,,,,,
4477,0.03994841128587723,7,,,,,
4478,0.005504676140844822,7,,,,,
4479,0.03995997831225395,7,,,,,
4480,0.00882081687450409,7,,,,,
4481,0.03409001603722572,7,,,,,
4482,0.005814975127577782,7,,,,,
4483,0.035460613667964935,7,,,,,
4484,0.03656240180134773,7,,,,,
4485,0.0024448453914374113,7,,,,,
4486,0.005843242164701223,7,,,,,
4487,0.0005164648755453527,7,,,,,
4488,0.001357190660201013,7,,,,,
4489,0.021015506237745285,7,,,,,
4490,0.004214308690279722,7,,,,,
4491,0.004883670248091221,7,,,,,
4492,0.0005945455632172525,7,,,,,
4493,0.004804601892828941,7,,,,,
4494,0.008740169927477837,7,,,,,
4495,0.00350204692222178,7,,,,,
4496,0.00595491100102663,7,,,,,
4497,0.007340472191572189,7,,,,,
4498,0.00018929148791357875,7,,,,,
4499,0.00028564257081598043,7,,,,,
4500,0.005121284630149603,7,,,,,
4501,0.00011142281437059864,7,,,,,
4502,0.00016628576850052923,7,,,,,
4503,0.000747582467738539,7,,,,,
4504,0.017889205366373062,7,,,,,
4505,0.030905166640877724,7,,,,,
4506,0.025696121156215668,7,,,,,
4507,0.007176736835390329,7,,,,,
4508,0.0009220695355907083,7,,,,,
4509,0.00010741745063569397,7,,,,,
4510,0.013724187389016151,7,,,,,
4511,0.0020754379220306873,7,,,,,
4512,0.012278874404728413,7,,,,,
4513,0.00013067800318822265,7,,,,,
4514,0.0001308598293690011,7,,,,,
4515,0.00017008661234285682,7,,,,,
4516,0.00012258974311407655,7,,,,,
4517,0.0013065378880128264,7,,,,,
4518,0.00013060674245934933,7,,,,,
4519,6.591899000341073e-05,7,,,,,
4520,0.01633250154554844,7,,,,,
4521,0.009329135529696941,7,,,,,
4522,0.0028307060711085796,7,,,,,
4523,0.005369271617382765,7,,,,,
4524,0.03892165422439575,7,,,,,
4525,8.610731310909614e-05,7,,,,,
4526,0.010543135926127434,7,,,,,
4527,0.0001155304053099826,7,,,,,
4528,0.0015027583576738834,7,,,,,
4529,0.03623664006590843,7,,,,,
4530,0.001504535786807537,7,,,,,
4531,0.0483335442841053,7,,,,,
4532,0.0027553148102015257,7,,,,,
4533,9.911366942105815e-05,7,,,,,
4534,0.0010719622951000929,7,,,,,
4535,0.0010192174231633544,7,,,,,
4536,6.071247116778977e-05,7,,,,,
4537,0.00015026982873678207,7,,,,,
4538,0.019152456894516945,7,,,,,
4539,0.004135455470532179,7,,,,,
4540,0.028128955513238907,7,,,,,
4541,0.010725678876042366,7,,,,,
4542,0.0074155256152153015,7,,,,,
4543,0.03772750124335289,7,,,,,
4544,0.00048339611385017633,7,,,,,
4545,0.000383190083084628,7,,,,,
4546,0.04173552989959717,7,,,,,
4547,0.00014831330918241292,7,,,,,
4548,0.01061157789081335,7,,,,,
4549,0.002749264007434249,7,,,,,
4550,0.00038884204695932567,7,,,,,
4551,0.0036931487265974283,7,,,,,
4552,0.036610137671232224,7,,,,,
4553,0.0032241372391581535,7,,,,,
4554,0.04285876080393791,7,,,,,
4555,0.008154915645718575,7,,,,,
4556,6.890004442539066e-05,7,,,,,
4557,0.0001482995430706069,7,,,,,
4558,0.027040403336286545,7,,,,,
4559,0.0032733629923313856,7,,,,,
4560,0.011533920653164387,7,,,,,
4561,0.015179297886788845,7,,,,,
4562,0.0033364377450197935,7,,,,,
4563,0.0031501310877501965,7,,,,,
4564,0.009005655534565449,7,,,,,
4565,0.004136134870350361,7,,,,,
4566,0.007505117449909449,7,,,,,
4567,0.007944665849208832,7,,,,,
4568,0.0002328952687093988,7,,,,,
4569,0.00039569640648551285,7,,,,,
4570,0.0010410433169454336,7,,,,,
4571,0.027865786105394363,7,,,,,
4572,0.0002746445534285158,7,,,,,
4573,0.0005620261654257774,7,,,,,
4574,0.02859351970255375,7,,,,,
4575,0.002291504992172122,7,,,,,
4576,0.028622182086110115,7,,,,,
4577,0.004603315144777298,7,,,,,
4578,0.004271375015377998,7,,,,,
4579,0.0002553007216192782,7,,,,,
4580,0.010909265838563442,7,,,,,
4581,0.003744204994291067,7,,,,,
4582,0.0004076933255419135,7,,,,,
4583,0.0018534252885729074,7,,,,,
4584,0.00011214058031328022,7,,,,,
4585,0.0010050010168924928,7,,,,,
4586,0.00011165806063218042,7,,,,,
4587,0.00043128736433573067,7,,,,,
4588,0.055539995431900024,7,,,,,
4589,0.00011573207302717492,7,,,,,
4590,0.006735899951308966,7,,,,,
4591,0.0007454417063854635,7,,,,,
4592,0.009060746990144253,7,,,,,
4593,0.0026391877327114344,7,,,,,
4594,0.0002223541960120201,7,,,,,
4595,0.00815634522587061,7,,,,,
4596,0.025208821520209312,7,,,,,
4597,0.0002734627341851592,7,,,,,
4598,0.014463447965681553,7,,,,,
4599,0.007375821005553007,7,,,,,
4600,0.0003303065022919327,7,,,,,
4601,0.002019797218963504,7,,,,,
4602,0.020520372316241264,7,,,,,
4603,0.038366831839084625,7,,,,,
4604,0.013101719319820404,7,,,,,
4605,0.0006016641273163259,7,,,,,
4606,0.02238728292286396,7,,,,,
4607,0.005724670365452766,7,,,,,
4608,0.0005172512610442936,7,,,,,
4609,0.030625784769654274,7,,,,,
4610,0.029885929077863693,7,,,,,
4611,0.010933520272374153,7,,,,,
4612,0.003966390620917082,7,,,,,
4613,0.013920028693974018,7,,,,,
4614,0.03773825243115425,7,,,,,
4615,0.0004660370759665966,7,,,,,
4616,0.053145721554756165,7,,,,,
4617,0.007174511440098286,7,,,,,
4618,0.007519649341702461,7,,,,,
4619,0.041150957345962524,7,,,,,
4620,0.03081490285694599,7,,,,,
4621,0.03156690299510956,7,,,,,
4622,0.0010360956657677889,7,,,,,
4623,0.004260278306901455,7,,,,,
4624,0.013797461986541748,7,,,,,
4625,0.03324468806385994,7,,,,,
4626,8.483356941724196e-05,7,,,,,
4627,0.004463749937713146,7,,,,,
4628,0.010674113407731056,7,,,,,
4629,0.001301647163927555,7,,,,,
4630,0.0010346773779019713,7,,,,,
4631,0.0029491507448256016,7,,,,,
4632,0.0005010810564272106,7,,,,,
4633,3.2260013540508226e-05,7,,,,,
4634,0.0042172763496637344,7,,,,,
4635,0.0005057882517576218,7,,,,,
4636,8.778643677942455e-05,7,,,,,
4637,0.005215804558247328,7,,,,,
4638,0.010315386578440666,7,,,,,
4639,0.030350927263498306,7,,,,,
4640,0.07070332020521164,7,,,,,
4641,0.034079063683748245,7,,,,,
4642,0.003384831827133894,7,,,,,
4643,0.03070765547454357,7,,,,,
4644,0.027657408267259598,7,,,,,
4645,0.0036407802253961563,7,,,,,
4646,0.0007407756056636572,7,,,,,
4647,0.00687946705147624,7,,,,,
4648,0.022675439715385437,7,,,,,
4649,0.010835179127752781,7,,,,,
4650,0.005061988718807697,7,,,,,
4651,0.04256651550531387,7,,,,,
4652,0.0006490165833383799,7,,,,,
4653,0.006236708723008633,7,,,,,
4654,0.00033758400240913033,7,,,,,
4655,0.0018074895488098264,7,,,,,
4656,0.023008575662970543,7,,,,,
4657,0.035376738756895065,7,,,,,
4658,0.0010308760683983564,7,,,,,
4659,0.000475052889669314,7,,,,,
4660,0.031179293990135193,7,,,,,
4661,0.013775722123682499,7,,,,,
4662,0.0507243350148201,7,,,,,
4663,0.004717495292425156,7,,,,,
4664,0.0071034664288163185,7,,,,,
4665,0.004505428485572338,7,,,,,
4666,0.03145694360136986,7,,,,,
4667,0.00039375017513521016,7,,,,,
4668,0.001512964372523129,7,,,,,
4669,0.0051312558352947235,7,,,,,
4670,0.03364401310682297,7,,,,,
4671,0.00022544569219462574,7,,,,,
4672,0.00015768155572004616,7,,,,,
4673,0.00015877453552093357,7,,,,,
4674,0.004763343371450901,7,,,,,
4675,0.0001051431754603982,7,,,,,
4676,0.030899163335561752,7,,,,,
4677,0.0003085499629378319,7,,,,,
4678,0.02197863534092903,7,,,,,
4679,0.007481140084564686,7,,,,,
4680,0.00949967373162508,7,,,,,
4681,0.0062348064966499805,7,,,,,
4682,0.0008949214243330061,7,,,,,
4683,0.0019630366005003452,7,,,,,
4684,0.005501915235072374,7,,,,,
4685,0.005012433044612408,7,,,,,
4686,0.00010227911843685433,7,,,,,
4687,0.027390550822019577,7,,,,,
4688,0.0011946529848501086,7,,,,,
4689,0.00017948984168469906,7,,,,,
4690,5.594351387117058e-05,7,,,,,
4691,4.708181586465798e-05,7,,,,,
4692,5.191312811803073e-05,7,,,,,
4693,3.748048402485438e-05,7,,,,,
4694,0.0006892242236062884,7,,,,,
4695,0.029613159596920013,7,,,,,
4696,0.00013638324162457138,7,,,,,
4697,0.023118767887353897,7,,,,,
4698,0.022633621469140053,7,,,,,
4699,0.00013596414646599442,7,,,,,
4700,0.008647505193948746,7,,,,,
4701,0.008913089521229267,7,,,,,
4702,0.013271602801978588,7,,,,,
4703,0.0032246599439531565,7,,,,,
4704,0.005995438899844885,7,,,,,
4705,0.0004117961216252297,7,,,,,
4706,0.0003161931235808879,7,,,,,
4707,8.483655983582139e-05,7,,,,,
4708,3.549265238689259e-05,7,,,,,
4709,5.770848656538874e-05,7,,,,,
4710,1.9905332010239363e-05,7,,,,,
4711,0.0024237704928964376,7,,,,,
4712,0.00013932105503045022,7,,,,,
4713,0.002657076111063361,7,,,,,
4714,0.003980468027293682,7,,,,,
4715,0.00011041520338039845,7,,,,,
4716,0.009481241926550865,7,,,,,
4717,0.03569142147898674,7,,,,,
4718,0.00046728088636882603,7,,,,,
4719,2.665011015778873e-05,7,,,,,
4720,0.03113829344511032,7,,,,,
4721,0.0032240108121186495,7,,,,,
4722,9.926781058311462e-05,7,,,,,
4723,0.010797113180160522,7,,,,,
4724,3.919922892237082e-05,7,,,,,
4725,0.0028070847038179636,7,,,,,
4726,0.002937699668109417,7,,,,,
4727,4.8256184527417645e-05,7,,,,,
4728,0.0001331982930423692,7,,,,,
4729,0.0006011872901581228,7,,,,,
4730,0.004205178003758192,7,,,,,
4731,0.00096111063612625,7,,,,,
4732,0.01380305178463459,7,,,,,
4733,0.03345518931746483,7,,,,,
4734,0.00014080376422498375,7,,,,,
4735,0.028579160571098328,7,,,,,
4736,0.0176171213388443,7,,,,,
4737,0.0038981540128588676,7,,,,,
4738,0.007579043973237276,7,,,,,
4739,0.00015883651212789118,7,,,,,
4740,2.3073038391885348e-05,7,,,,,
4741,4.9442063755122945e-05,7,,,,,
4742,0.008158344775438309,7,,,,,
4743,0.00013775860134046525,7,,,,,
4744,0.025780392810702324,7,,,,,
4745,0.003406818490475416,7,,,,,
4746,0.002950829453766346,7,,,,,
4747,0.0020990888588130474,7,,,,,
4748,0.00624909857288003,7,,,,,
4749,0.0034934363793581724,7,,,,,
4750,0.013810116797685623,7,,,,,
4751,0.045086633414030075,7,,,,,
4752,0.005119179375469685,7,,,,,
4753,0.005758687853813171,7,,,,,
4754,0.004248354118317366,7,,,,,
4755,2.0134813894401304e-05,7,,,,,
4756,0.02763212099671364,7,,,,,
4757,0.04261663183569908,7,,,,,
4758,0.028975846245884895,7,,,,,
4759,0.03426270931959152,7,,,,,
4760,0.0030928661581128836,7,,,,,
4761,0.00018923696188721806,7,,,,,
4762,2.69151041720761e-05,7,,,,,
4763,0.03570869565010071,7,,,,,
4764,3.081867180299014e-05,7,,,,,
4765,6.973512063268572e-05,7,,,,,
4766,0.013324964791536331,7,,,,,
4767,2.5041401386260986e-05,7,,,,,
4768,0.06403718888759613,7,,,,,
4769,0.004650691524147987,7,,,,,
4770,0.004732619039714336,7,,,,,
4771,5.406986747402698e-05,7,,,,,
4772,0.0002668907109182328,7,,,,,
4773,2.835173836501781e-05,7,,,,,
4774,0.008165692910552025,7,,,,,
4775,0.0034857229329645634,7,,,,,
4776,0.0030448136385530233,7,,,,,
4777,0.01970120519399643,7,,,,,
4778,3.4719760151347145e-05,7,,,,,
4779,2.423123260086868e-05,7,,,,,
4780,0.00016900233458727598,7,,,,,
4781,0.0040872301906347275,7,,,,,
4782,0.026118524372577667,7,,,,,
4783,6.236895569600165e-05,7,,,,,
4784,0.003701400011777878,7,,,,,
4785,0.0033507586922496557,7,,,,,
4786,0.0010819551534950733,7,,,,,
4787,0.04735398665070534,7,,,,,
4788,0.0291538517922163,7,,,,,
4789,0.0009007092448882759,7,,,,,
4790,0.0015457146801054478,7,,,,,
4791,0.026661762967705727,7,,,,,
4792,0.0002249322278657928,7,,,,,
4793,8.045369759202003e-05,7,,,,,
4794,0.00431069964542985,7,,,,,
4795,0.0001265780592802912,7,,,,,
4796,0.001673836843110621,7,,,,,
4797,0.00012260703078936785,7,,,,,
4798,0.002096249721944332,7,,,,,
4799,0.038194071501493454,7,,,,,
4800,0.027711449190974236,7,,,,,
4801,0.00016436098667327315,7,,,,,
4802,0.001345801050774753,7,,,,,
4803,8.329366391990334e-05,7,,,,,
4804,0.005956085864454508,7,,,,,
4805,0.036653582006692886,7,,,,,
4806,0.0169537216424942,7,,,,,
4807,0.027444342151284218,7,,,,,
4808,0.01653742417693138,7,,,,,
4809,3.900776573573239e-05,7,,,,,
4810,0.03435957431793213,7,,,,,
4811,0.04351199418306351,7,,,,,
4812,4.101800368516706e-05,7,,,,,
4813,0.021436413750052452,7,,,,,
4814,0.0031636725179851055,7,,,,,
4815,0.0019133081659674644,7,,,,,
4816,0.0009648729464970529,7,,,,,
4817,0.004010199569165707,7,,,,,
4818,3.014477806573268e-05,7,,,,,
4819,0.00012496415001805872,7,,,,,
4820,0.0014051941689103842,7,,,,,
4821,0.004879884887486696,7,,,,,
4822,0.01838896982371807,7,,,,,
4823,9.572535054758191e-05,7,,,,,
4824,0.0053386809304356575,7,,,,,
4825,1.7304919310845435e-05,7,,,,,
4826,1.961483394552488e-05,7,,,,,
4827,0.031166881322860718,7,,,,,
4828,0.0021352400071918964,7,,,,,
4829,0.031255390495061874,7,,,,,
4830,0.00016759787104092538,7,,,,,
4831,0.03438799828290939,7,,,,,
4832,0.003968008328229189,7,,,,,
4833,0.013237759470939636,7,,,,,
4834,0.027319423854351044,7,,,,,
4835,8.081702253548428e-05,7,,,,,
4836,0.00014585496683139354,7,,,,,
4837,0.0001390933321090415,7,,,,,
4838,8.054465433815494e-05,7,,,,,
4839,0.005274948198348284,7,,,,,
4840,0.03645850718021393,7,,,,,
4841,0.003738654777407646,7,,,,,
4842,0.052023209631443024,7,,,,,
4843,0.007142448332160711,7,,,,,
4844,0.029114913195371628,7,,,,,
4845,0.000152700231410563,7,,,,,
4846,1.2689912182395346e-05,7,,,,,
4847,1.5844478184590116e-05,7,,,,,
4848,2.0423254682100378e-05,7,,,,,
4849,0.050777535885572433,7,,,,,
4850,0.02925724722445011,7,,,,,
4851,4.558755608741194e-05,7,,,,,
4852,0.009885109029710293,7,,,,,
4853,0.0009495706181041896,7,,,,,
4854,3.43702886311803e-05,7,,,,,
4855,0.021897057071328163,7,,,,,
4856,0.0035553774796426296,7,,,,,
4857,0.005994778126478195,7,,,,,
4858,2.2927582904230803e-05,7,,,,,
4859,3.794923031819053e-05,7,,,,,
4860,0.004654917400330305,7,,,,,
4861,0.00042817904613912106,7,,,,,
4862,0.0007908839615993202,7,,,,,
4863,1.5092234207259025e-05,7,,,,,
4864,0.03723396360874176,7,,,,,
4865,0.00594454538077116,7,,,,,
4866,0.02396039105951786,7,,,,,
4867,4.1998817323474213e-05,7,,,,,
4868,5.0789858505595475e-05,7,,,,,
4869,0.007914699614048004,7,,,,,
4870,0.00042014839709736407,7,,,,,
4871,0.0338650643825531,7,,,,,
4872,0.0020875774789601564,7,,,,,
4873,2.3445130864274688e-05,7,,,,,
4874,0.004087775945663452,7,,,,,
4875,0.005328504368662834,7,,,,,
4876,0.0002357756602577865,7,,,,,
4877,0.005565638653934002,7,,,,,
4878,3.658681089291349e-05,7,,,,,
4879,3.2773470593383536e-05,7,,,,,
4880,4.218794492771849e-05,7,,,,,
4881,0.008822877891361713,7,,,,,
4882,3.1852072424953803e-05,7,,,,,
4883,2.188840699091088e-05,7,,,,,
4884,0.0017116558738052845,7,,,,,
4885,0.0001133154655690305,7,,,,,
4886,0.030381537973880768,7,,,,,
4887,0.03635745495557785,7,,,,,
4888,2.1233629013295285e-05,7,,,,,
4889,0.00018268921121489257,7,,,,,
4890,0.001566210645250976,7,,,,,
4891,8.546678873244673e-05,7,,,,,
4892,0.0005855172639712691,7,,,,,
4893,0.004414424300193787,7,,,,,
4894,3.755603756872006e-05,7,,,,,
4895,0.031078428030014038,7,,,,,
4896,0.0037098198663443327,7,,,,,
4897,0.006266810465604067,7,,,,,
4898,4.920535138808191e-05,7,,,,,
4899,0.048889148980379105,7,,,,,
4900,0.036541543900966644,7,,,,,
4901,8.424782572546974e-05,7,,,,,
4902,0.02662981115281582,7,,,,,
4903,1.5746081771794707e-05,7,,,,,
4904,0.0038630894850939512,7,,,,,
4905,2.0462630345718935e-05,7,,,,,
4906,0.0073056393302977085,7,,,,,
4907,0.0018840200500562787,7,,,,,
4908,1.4553603250533342e-05,7,,,,,
4909,0.035516753792762756,7,,,,,
4910,0.0015902433078736067,7,,,,,
4911,0.0036916714161634445,7,,,,,
4912,0.0032095289789140224,7,,,,,
4913,0.00035493765608407557,7,,,,,
4914,0.002135631162673235,7,,,,,
4915,4.0459595766151324e-05,7,,,,,
4916,1.3920446690462995e-05,7,,,,,
4917,0.002986330073326826,7,,,,,
4918,2.317481630598195e-05,7,,,,,
4919,0.00011204049224033952,7,,,,,
4920,0.05382569134235382,7,,,,,
4921,1.1814254321507178e-05,7,,,,,
4922,0.003664643969386816,7,,,,,
4923,4.194898792775348e-05,7,,,,,
4924,0.004111920017749071,7,,,,,
4925,1.4557692338712513e-05,7,,,,,
4926,0.03559307008981705,7,,,,,
4927,0.006803056225180626,7,,,,,
4928,0.004358683247119188,7,,,,,
4929,0.01876150630414486,7,,,,,
4930,8.76749891176587e-06,7,,,,,
4931,0.0004007967363577336,7,,,,,
4932,0.0006134868017397821,7,,,,,
4933,0.003232483984902501,7,,,,,
4934,0.0030851683113723993,7,,,,,
4935,1.1655482921923976e-05,7,,,,,
4936,0.03317708522081375,7,,,,,
4937,0.03912479802966118,7,,,,,
4938,0.00018121750326827168,7,,,,,
4939,0.02816353365778923,7,,,,,
4940,1.0355292033636943e-05,7,,,,,
4941,4.368450026959181e-05,7,,,,,
4942,7.658716640435159e-05,7,,,,,
4943,0.038471534848213196,7,,,,,
4944,0.02477106638252735,7,,,,,
4945,0.05869675800204277,7,,,,,
4946,0.010964697226881981,7,,,,,
4947,0.020904913544654846,7,,,,,
4948,0.03167589008808136,7,,,,,
4949,0.003156768623739481,7,,,,,
4950,3.270112938480452e-05,7,,,,,
4951,1.0720093996496871e-05,7,,,,,
4952,4.0189210267271847e-05,7,,,,,
4953,4.422798883751966e-05,7,,,,,
4954,4.25994185206946e-05,7,,,,,
4955,5.917259841226041e-05,7,,,,,
4956,0.0026771072298288345,7,,,,,
4957,0.024099335074424744,7,,,,,
4958,0.00229296600446105,7,,,,,
4959,0.003631140571087599,7,,,,,
4960,0.016603322699666023,7,,,,,
4961,0.014959856867790222,7,,,,,
4962,4.5336069888435304e-05,7,,,,,
4963,6.40649304841645e-05,7,,,,,
4964,0.00010878698958549649,7,,,,,
4965,8.11980789876543e-05,7,,,,,
4966,0.000788436213042587,7,,,,,
4967,0.010488424450159073,7,,,,,
4968,0.04965835064649582,7,,,,,
4969,0.007304081693291664,7,,,,,
4970,0.005678679794073105,7,,,,,
4971,0.01145983673632145,7,,,,,
4972,0.006676442455500364,7,,,,,
4973,0.0007444515358656645,7,,,,,
4974,0.010041322559118271,7,,,,,
4975,8.45586764626205e-05,7,,,,,
4976,0.029907377436757088,7,,,,,
4977,0.00022234227799344808,7,,,,,
4978,0.0012303650146350265,7,,,,,
4979,0.0021979305893182755,7,,,,,
4980,0.00039779479266144335,7,,,,,
4981,2.4211602067225613e-05,7,,,,,
4982,0.005067717749625444,7,,,,,
4983,0.005212320946156979,7,,,,,
4984,0.024988511577248573,7,,,,,
4985,0.0032846350222826004,7,,,,,
4986,0.0045580086298286915,7,,,,,
4987,0.0010950184660032392,7,,,,,
4988,8.928702300181612e-05,7,,,,,
4989,0.0116604408249259,7,,,,,
4990,0.0024883761070668697,7,,,,,
4991,0.005506508983671665,7,,,,,
4992,0.0009573537390679121,7,,,,,
4993,0.0014519309625029564,7,,,,,
4994,0.000233854865655303,7,,,,,
4995,3.711972385644913e-05,7,,,,,
4996,0.02630857191979885,7,,,,,
4997,0.003372972132638097,7,,,,,
4998,0.00024138846492860466,7,,,,,
4999,0.0001372681581415236,7,,,,,
5000,0.0001267063053091988,7,,,,,
5001,0.007512682117521763,7,,,,,
5002,0.00011722054478013888,7,,,,,
5003,0.028761819005012512,7,,,,,
5004,0.006270542275160551,7,,,,,
5005,0.0013303655432537198,7,,,,,
5006,7.909158011898398e-05,7,,,,,
5007,0.00474464101716876,7,,,,,
5008,0.0037287045270204544,7,,,,,
5009,8.207799692172557e-05,7,,,,,
5010,0.004448569379746914,7,,,,,
5011,0.0001746187190292403,7,,,,,
5012,6.587177631445229e-05,7,,,,,
5013,0.029406270012259483,7,,,,,
5014,1.8226264728582464e-05,7,,,,,
5015,1.0939289495581761e-05,7,,,,,
553,,,0.02754724584519863,,,,
554,,,0.002448389306664467,,,,
555,,,6.059433508198708e-05,,,,
556,,,0.03441103175282478,,,,
557,,,3.4706442875176435e-07,,,,
558,,,0.0318046510219574,,,,
559,,,0.0024172801058739424,,,,
560,,,3.1147811796472524e-07,,,,
561,,,0.026786578819155693,,,,
562,,,1.1598222954489756e-05,,,,
563,,,3.811412625509547e-07,,,,
564,,,0.006693569011986256,,,,
565,,,2.6573201239443733e-07,,,,
566,,,0.002465300029143691,,,,
567,,,0.025388240814208984,,,,
568,,,3.273616755450348e-07,,,,
569,,,0.0019860961474478245,,,,
570,,,0.0024307286366820335,,,,
571,,,1.8737101470378548e-07,,,,
572,,,0.0352853462100029,,,,
573,,,0.002416776493191719,,,,
574,,,6.956835818527907e-07,,,,
575,,,7.623090141350986e-07,,,,
576,,,0.03127283230423927,,,,
577,,,9.591470870873309e-07,,,,
578,,,0.002415201161056757,,,,
579,,,0.0022431930992752314,,,,
580,,,0.004619936924427748,,,,
581,,,1.1206840326849488e-06,,,,
582,,,3.926234057871625e-07,,,,
583,,,0.0022391658276319504,,,,
584,,,0.0025883063208311796,,,,
585,,,6.31579096079804e-05,,,,
586,,,0.007215356919914484,,,,
587,,,2.14729720937612e-06,,,,
588,,,9.843756743066479e-08,,,,
589,,,0.0026355304289609194,,,,
590,,,0.07733510434627533,,,,
591,,,4.572839173988541e-08,,,,
592,,,0.02456178143620491,,,,
593,,,8.097788395389216e-08,,,,
594,,,0.02483724057674408,,,,
595,,,0.0024226433597505093,,,,
596,,,0.060387857258319855,,,,
597,,,0.017866022884845734,,,,
598,,,0.021632811054587364,,,,
599,,,0.002414027228951454,,,,
600,,,4.1703315218910575e-05,,,,
601,,,8.863210041454295e-07,,,,
602,,,0.05278941988945007,,,,
603,,,3.858158743241802e-05,,,,
604,,,0.002273115562275052,,,,
605,,,4.8709104305544315e-08,,,,
606,,,0.002303588669747114,,,,
607,,,2.662943643372273e-07,,,,
608,,,0.03503361716866493,,,,
609,,,0.0021526513155549765,,,,
610,,,4.914855367132986e-07,,,,
611,,,0.004666303750127554,,,,
612,,,0.018462367355823517,,,,
613,,,0.004642010200768709,,,,
614,,,2.557150367010763e-07,,,,
615,,,3.651757651823573e-07,,,,
616,,,0.022847123444080353,,,,
617,,,0.0025167190469801426,,,,
618,,,0.0023983295541256666,,,,
619,,,6.667894467682345e-07,,,,
620,,,0.031590163707733154,,,,
621,,,1.0319575949324644e-07,,,,
622,,,2.1640916259002552e-07,,,,
623,,,9.829146620177198e-06,,,,
624,,,0.002309106756001711,,,,
625,,,0.03130078315734863,,,,
626,,,0.025270948186516762,,,,
627,,,0.03612252324819565,,,,
628,,,0.2342228889465332,,,,
629,,,2.1364216081565246e-05,,,,
630,,,3.132319363885472e-07,,,,
631,,,1.5112597111510695e-06,,,,
5015,,7,,0.012778641656041145,,,
5015,,7,,,0.9272152185440063,0.009807715192437172,0.9841772317886353
5016,0.05071572959423065,8,,,,,
5017,0.005074865184724331,8,,,,,
5018,0.002217628061771393,8,,,,,
5019,0.008308147080242634,8,,,,,
5020,0.030273880809545517,8,,,,,
5021,0.00023612893710378557,8,,,,,
5022,0.00010755488619906828,8,,,,,
5023,5.8988312957808375e-05,8,,,,,
5024,0.003992326091974974,8,,,,,
5025,0.0025014348793774843,8,,,,,
5026,0.003380869049578905,8,,,,,
5027,0.004640757571905851,8,,,,,
5028,0.005743440240621567,8,,,,,
5029,0.0004247011092957109,8,,,,,
5030,1.4092648598307278e-05,8,,,,,
5031,3.908289363607764e-05,8,,,,,
5032,0.004361786879599094,8,,,,,
5033,9.338408563053235e-05,8,,,,,
5034,0.001046652439981699,8,,,,,
5035,0.02919495850801468,8,,,,,
5036,0.021074209362268448,8,,,,,
5037,0.032537635415792465,8,,,,,
5038,2.989062159031164e-05,8,,,,,
5039,0.0003331019834149629,8,,,,,
5040,5.766849426436238e-05,8,,,,,
5041,0.02140691876411438,8,,,,,
5042,0.003125776071101427,8,,,,,
5043,0.03782124072313309,8,,,,,
5044,0.002436965936794877,8,,,,,
5045,0.019926076754927635,8,,,,,
5046,8.28024567454122e-05,8,,,,,
5047,0.00010156423377338797,8,,,,,
5048,2.64964019152103e-05,8,,,,,
5049,0.00027955815312452614,8,,,,,
5050,0.002836971776559949,8,,,,,
5051,0.0008875378989614546,8,,,,,
5052,0.007684371899813414,8,,,,,
5053,0.004875147249549627,8,,,,,
5054,1.6579340808675624e-05,8,,,,,
5055,6.79733493598178e-05,8,,,,,
5056,0.003058802103623748,8,,,,,
5057,1.1342951438564342e-05,8,,,,,
5058,2.8816028134315275e-05,8,,,,,
5059,5.568377309828065e-05,8,,,,,
5060,1.1508075658639427e-05,8,,,,,
5061,0.004520691931247711,8,,,,,
5062,0.007863664999604225,8,,,,,
5063,3.086665310547687e-05,8,,,,,
5064,0.0039025137666612864,8,,,,,
5065,0.007250277325510979,8,,,,,
5066,0.0008330404525622725,8,,,,,
5067,1.0859609574254137e-05,8,,,,,
5068,0.00010231623309664428,8,,,,,
5069,0.003767379093915224,8,,,,,
5070,0.028894027695059776,8,,,,,
5071,0.012033733539283276,8,,,,,
5072,0.003741126274690032,8,,,,,
5073,0.012432903982698917,8,,,,,
5074,0.02516038343310356,8,,,,,
5075,0.002885438036173582,8,,,,,
5076,0.032386474311351776,8,,,,,
5077,0.005624971818178892,8,,,,,
5078,0.028292568400502205,8,,,,,
5079,0.01186673529446125,8,,,,,
5080,0.003940269351005554,8,,,,,
5081,2.659918573044706e-05,8,,,,,
5082,0.0001130128075601533,8,,,,,
5083,0.0002573542296886444,8,,,,,
5084,1.8477347111911513e-05,8,,,,,
5085,0.00044105108827352524,8,,,,,
5086,0.005430178716778755,8,,,,,
5087,0.00042012782068923116,8,,,,,
5088,6.419349665520713e-05,8,,,,,
5089,0.035473041236400604,8,,,,,
5090,0.003397416789084673,8,,,,,
5091,0.0016809289809316397,8,,,,,
5092,0.0003143125504720956,8,,,,,
5093,0.007770792581140995,8,,,,,
5094,0.015946270897984505,8,,,,,
5095,0.002158424351364374,8,,,,,
5096,0.00011903994891326874,8,,,,,
5097,2.3886983399279416e-05,8,,,,,
5098,0.0048452033661305904,8,,,,,
5099,7.850586553104222e-05,8,,,,,
5100,0.049423206597566605,8,,,,,
5101,0.00015117051952984184,8,,,,,
5102,0.036631014198064804,8,,,,,
5103,0.00024038941774051636,8,,,,,
5104,2.331344148842618e-05,8,,,,,
5105,0.0024459955748170614,8,,,,,
5106,0.0011041249381378293,8,,,,,
5107,3.636113251559436e-05,8,,,,,
5108,0.00045541327563114464,8,,,,,
5109,0.00011321633792249486,8,,,,,
5110,0.017931800335645676,8,,,,,
5111,0.02360200323164463,8,,,,,
5112,4.1753814002731815e-05,8,,,,,
5113,4.040380008518696e-05,8,,,,,
5114,5.422232425189577e-05,8,,,,,
5115,0.0003637344343587756,8,,,,,
5116,3.2458232453791425e-05,8,,,,,
5117,4.621243351721205e-05,8,,,,,
5118,0.02466713823378086,8,,,,,
5119,0.057255566120147705,8,,,,,
5120,8.055297803366557e-05,8,,,,,
5121,0.019137099385261536,8,,,,,
5122,0.0013503017835319042,8,,,,,
5123,0.004701855592429638,8,,,,,
5124,0.003331737592816353,8,,,,,
5125,5.932803833275102e-05,8,,,,,
5126,5.321074786479585e-05,8,,,,,
5127,0.0006310989265330136,8,,,,,
5128,0.00022674325737170875,8,,,,,
5129,0.026184575632214546,8,,,,,
5130,0.003964981529861689,8,,,,,
5131,5.582992162089795e-05,8,,,,,
5132,3.5780576581601053e-05,8,,,,,
5133,0.004236188717186451,8,,,,,
5134,8.24357193778269e-05,8,,,,,
5135,2.16655735130189e-05,8,,,,,
5136,1.0246501915389672e-05,8,,,,,
5137,0.027315618470311165,8,,,,,
5138,0.003154271747916937,8,,,,,
5139,0.025808949023485184,8,,,,,
5140,3.0091274311416782e-05,8,,,,,
5141,1.1194681974302512e-05,8,,,,,
5142,0.009106568992137909,8,,,,,
5143,0.011312493123114109,8,,,,,
5144,0.005352464970201254,8,,,,,
5145,0.02044910378754139,8,,,,,
5146,0.00016188123845495284,8,,,,,
5147,0.029366476461291313,8,,,,,
5148,0.030773557722568512,8,,,,,
5149,0.004052337724715471,8,,,,,
5150,0.0030822413973510265,8,,,,,
5151,5.103565126773901e-05,8,,,,,
5152,0.03310201317071915,8,,,,,
5153,0.02453998290002346,8,,,,,
5154,0.008851678110659122,8,,,,,
5155,1.898985283332877e-05,8,,,,,
5156,0.00766250304877758,8,,,,,
5157,0.002963136648759246,8,,,,,
5158,6.685308471787721e-05,8,,,,,
5159,0.004932913463562727,8,,,,,
5160,0.0522664375603199,8,,,,,
5161,0.0037575066089630127,8,,,,,
5162,2.070508162432816e-05,8,,,,,
5163,4.999532029614784e-05,8,,,,,
5164,1.7786596799851395e-05,8,,,,,
5165,0.007570991292595863,8,,,,,
5166,0.000457738118711859,8,,,,,
5167,7.628068851772696e-05,8,,,,,
5168,0.05975019931793213,8,,,,,
5169,0.004520816262811422,8,,,,,
5170,0.0004350248782429844,8,,,,,
5171,0.00011633465328486636,8,,,,,
5172,0.0021805046126246452,8,,,,,
5173,5.624893310596235e-05,8,,,,,
5174,0.005120927467942238,8,,,,,
5175,3.3879656257340685e-05,8,,,,,
5176,0.00015631690621376038,8,,,,,
5177,0.025771448388695717,8,,,,,
5178,6.512021354865283e-05,8,,,,,
5179,0.0036478941328823566,8,,,,,
5180,0.002398895798251033,8,,,,,
5181,8.453711416223086e-06,8,,,,,
5182,0.04534174129366875,8,,,,,
5183,0.004286305047571659,8,,,,,
5184,0.019693834707140923,8,,,,,
5185,1.6182502804440446e-05,8,,,,,
5186,0.006458042189478874,8,,,,,
5187,0.011235645972192287,8,,,,,
5188,0.029525337740778923,8,,,,,
5189,0.00017605206812731922,8,,,,,
5190,8.895093196770176e-05,8,,,,,
5191,0.002464200835675001,8,,,,,
5192,0.00015914111281745136,8,,,,,
5193,1.7527499949210323e-05,8,,,,,
5194,0.00012425480235833675,8,,,,,
5195,7.443486538249999e-06,8,,,,,
5196,2.5270584956160747e-05,8,,,,,
5197,0.004767353646457195,8,,,,,
5198,0.021609704941511154,8,,,,,
5199,1.723283094179351e-05,8,,,,,
5200,0.0033985667396336794,8,,,,,
5201,0.003976516891270876,8,,,,,
5202,0.018205741420388222,8,,,,,
5203,0.0067422897554934025,8,,,,,
5204,0.004062609281390905,8,,,,,
5205,0.02823537401854992,8,,,,,
5206,0.00399720249697566,8,,,,,
5207,1.978678301384207e-05,8,,,,,
5208,0.004976741038262844,8,,,,,
5209,0.0045925891026854515,8,,,,,
5210,0.023297837004065514,8,,,,,
5211,0.02316145971417427,8,,,,,
5212,9.319002128904685e-05,8,,,,,
5213,8.097300451481715e-05,8,,,,,
5214,6.038963874743786e-06,8,,,,,
5215,0.0039016527589410543,8,,,,,
5216,0.023141279816627502,8,,,,,
5217,0.035834986716508865,8,,,,,
5218,0.0019806555937975645,8,,,,,
5219,0.0027883490547537804,8,,,,,
5220,6.03156877332367e-06,8,,,,,
5221,0.0050733862444758415,8,,,,,
5222,0.025668859481811523,8,,,,,
5223,0.03323689103126526,8,,,,,
5224,0.006384877022355795,8,,,,,
5225,0.00270175957120955,8,,,,,
5226,0.03355523571372032,8,,,,,
5227,2.6864650862989947e-05,8,,,,,
5228,0.0043394118547439575,8,,,,,
5229,9.236847108695656e-05,8,,,,,
5230,0.005002277437597513,8,,,,,
5231,0.0047713955864310265,8,,,,,
5232,1.910726678033825e-05,8,,,,,
5233,9.590669833414722e-06,8,,,,,
5234,9.477763524046168e-05,8,,,,,
5235,0.004674371797591448,8,,,,,
5236,1.5928957509458996e-05,8,,,,,
5237,8.110623639367986e-06,8,,,,,
5238,0.01307953055948019,8,,,,,
5239,0.003731830744072795,8,,,,,
5240,1.019243700284278e-05,8,,,,,
5241,1.2136635632487014e-05,8,,,,,
5242,2.866535032808315e-05,8,,,,,
5243,1.3815729289490264e-05,8,,,,,
5244,0.002840123837813735,8,,,,,
5245,1.3251729797048029e-05,8,,,,,
5246,7.098040896380553e-06,8,,,,,
5247,0.004304320085793734,8,,,,,
5248,0.03342321142554283,8,,,,,
5249,0.003004992613568902,8,,,,,
5250,0.0032681238371878862,8,,,,,
5251,2.193335058109369e-05,8,,,,,
5252,0.0007256340468302369,8,,,,,
5253,7.03334626450669e-06,8,,,,,
5254,6.62882812321186e-05,8,,,,,
5255,2.1226143871899694e-05,8,,,,,
5256,5.488900114869466e-06,8,,,,,
5257,0.004563004244118929,8,,,,,
5258,4.259508841641946e-06,8,,,,,
5259,2.079131627397146e-05,8,,,,,
5260,0.010530357249081135,8,,,,,
5261,0.024895966053009033,8,,,,,
5262,4.546483978629112e-06,8,,,,,
5263,0.026266204193234444,8,,,,,
5264,4.712714599008905e-06,8,,,,,
5265,0.0034036103170365095,8,,,,,
5266,2.4678438421688043e-05,8,,,,,
5267,0.0033608751837164164,8,,,,,
5268,0.0031241574324667454,8,,,,,
5269,0.0318787507712841,8,,,,,
5270,0.002521736780181527,8,,,,,
5271,0.035151269286870956,8,,,,,
5272,0.03243206441402435,8,,,,,
5273,0.0055376579985022545,8,,,,,
5274,0.0017367125255987048,8,,,,,
5275,0.008840012364089489,8,,,,,
5276,0.0037109015975147486,8,,,,,
5277,0.0006841112626716495,8,,,,,
5278,0.0001046492689056322,8,,,,,
5279,0.003441189182922244,8,,,,,
5280,5.9311496443115175e-05,8,,,,,
5281,0.055906012654304504,8,,,,,
5282,0.0005311923450790346,8,,,,,
5283,0.0003555353032425046,8,,,,,
5284,0.004719799384474754,8,,,,,
5285,0.00015211946447379887,8,,,,,
5286,0.003439918626099825,8,,,,,
5287,0.00020059877715539187,8,,,,,
5288,0.005841965787112713,8,,,,,
5289,0.0204062070697546,8,,,,,
5290,1.8477045159670524e-05,8,,,,,
5291,0.00140672258567065,8,,,,,
5292,0.07679430395364761,8,,,,,
5293,0.0023321351036429405,8,,,,,
5294,0.0001334074477199465,8,,,,,
5295,0.00014198636927176267,8,,,,,
5296,0.023687217384576797,8,,,,,
5297,0.008879457600414753,8,,,,,
5298,0.00018922424351330847,8,,,,,
5299,6.57787750242278e-05,8,,,,,
5300,0.028490057215094566,8,,,,,
5301,0.006783471908420324,8,,,,,
5302,0.03085838258266449,8,,,,,
5303,7.6140800047141965e-06,8,,,,,
5304,2.0679362933151424e-05,8,,,,,
5305,0.003425766248255968,8,,,,,
5306,0.01017684768885374,8,,,,,
5307,0.001227471511811018,8,,,,,
5308,6.429601398849627e-06,8,,,,,
5309,0.00023743977362755686,8,,,,,
5310,7.356217975029722e-05,8,,,,,
5311,0.0046305120922625065,8,,,,,
5312,0.00034035698627121747,8,,,,,
5313,2.2226728106033988e-05,8,,,,,
5314,0.00046346228918991983,8,,,,,
5315,3.736064536496997e-05,8,,,,,
5316,0.0071041458286345005,8,,,,,
5317,0.003919198643416166,8,,,,,
5318,0.006290656514465809,8,,,,,
5319,0.018838349729776382,8,,,,,
5320,0.02431953325867653,8,,,,,
5321,0.026127256453037262,8,,,,,
5322,0.00954372901469469,8,,,,,
5323,0.004269447643309832,8,,,,,
5324,6.669536378467456e-05,8,,,,,
5325,2.923279862443451e-05,8,,,,,
5326,0.0005496820667758584,8,,,,,
5327,0.0578254833817482,8,,,,,
5328,0.002452986780554056,8,,,,,
5329,0.00025529140839353204,8,,,,,
5330,0.041616007685661316,8,,,,,
5331,0.001054306048899889,8,,,,,
5332,0.00014985050074756145,8,,,,,
5333,0.006880688481032848,8,,,,,
5334,0.005567805841565132,8,,,,,
5335,0.011834115721285343,8,,,,,
5336,0.002654803916811943,8,,,,,
5337,8.824848191579804e-05,8,,,,,
5338,0.018535930663347244,8,,,,,
5339,0.027529191225767136,8,,,,,
5340,5.508487447514199e-05,8,,,,,
5341,9.531436808174476e-05,8,,,,,
5342,0.008187241852283478,8,,,,,
5343,0.004110777750611305,8,,,,,
5344,0.029232537373900414,8,,,,,
5345,6.392125214915723e-05,8,,,,,
5346,5.680483809555881e-05,8,,,,,
5347,0.02900009974837303,8,,,,,
5348,7.900362106738612e-05,8,,,,,
5349,0.00041689458885230124,8,,,,,
5350,0.0003136158629786223,8,,,,,
5351,8.09876510174945e-05,8,,,,,
5352,2.5145769541268237e-05,8,,,,,
5353,0.030250556766986847,8,,,,,
5354,0.0013996729394420981,8,,,,,
5355,9.488600335316733e-05,8,,,,,
5356,0.005921786185353994,8,,,,,
5357,0.00010264162119710818,8,,,,,
5358,5.486756708705798e-05,8,,,,,
5359,0.000106461564428173,8,,,,,
5360,0.00010624850256135687,8,,,,,
5361,0.0014076102524995804,8,,,,,
5362,0.00028736828244291246,8,,,,,
5363,0.00041848429827950895,8,,,,,
5364,0.023898594081401825,8,,,,,
5365,3.081541581195779e-05,8,,,,,
5366,0.0031907465308904648,8,,,,,
5367,0.013055768795311451,8,,,,,
5368,0.034173138439655304,8,,,,,
5369,0.012798592448234558,8,,,,,
5370,0.0026196513790637255,8,,,,,
5371,0.007311373949050903,8,,,,,
5372,9.936827154888306e-06,8,,,,,
5373,0.0397162064909935,8,,,,,
5374,0.007858147844672203,8,,,,,
5375,0.02494613267481327,8,,,,,
5376,0.0043685175478458405,8,,,,,
5377,0.0002896590740419924,8,,,,,
5378,7.096516492310911e-05,8,,,,,
5379,0.002475094748660922,8,,,,,
5380,3.444027606747113e-05,8,,,,,
5381,0.03449756279587746,8,,,,,
5382,0.0008683427586220205,8,,,,,
5383,0.030306341126561165,8,,,,,
5384,0.018154768273234367,8,,,,,
5385,0.03014678880572319,8,,,,,
5386,0.004893621429800987,8,,,,,
5387,0.0029962784610688686,8,,,,,
5388,0.0010514457244426012,8,,,,,
5389,0.0053083635866642,8,,,,,
5390,0.00014045128773432225,8,,,,,
5391,2.315764140803367e-05,8,,,,,
5392,0.019853120669722557,8,,,,,
5393,0.0007995876367203891,8,,,,,
5394,0.006247174926102161,8,,,,,
5395,0.028908073902130127,8,,,,,
5396,0.010090680792927742,8,,,,,
5397,0.004473669920116663,8,,,,,
5398,9.717570355860516e-05,8,,,,,
5399,1.8586506485007703e-05,8,,,,,
5400,0.00032174456282518804,8,,,,,
5401,6.135056173661724e-05,8,,,,,
5402,0.012048527598381042,8,,,,,
5403,0.0061351824551820755,8,,,,,
5404,0.0004273562808521092,8,,,,,
5405,5.576816693064757e-05,8,,,,,
5406,0.00013482100621331483,8,,,,,
5407,0.017478695139288902,8,,,,,
5408,0.00031952501740306616,8,,,,,
5409,0.025714794173836708,8,,,,,
5410,0.006175014656037092,8,,,,,
5411,0.025728672742843628,8,,,,,
5412,0.003672010265290737,8,,,,,
5413,0.025668373331427574,8,,,,,
5414,5.003256592317484e-05,8,,,,,
5415,5.856868301634677e-05,8,,,,,
5416,0.020757406949996948,8,,,,,
5417,0.027666890993714333,8,,,,,
5418,0.00011370707215974107,8,,,,,
5419,0.004612288437783718,8,,,,,
5420,4.06869912694674e-05,8,,,,,
5421,0.04082275927066803,8,,,,,
5422,7.214560901047662e-05,8,,,,,
5423,0.0001275378599530086,8,,,,,
5424,0.0001184770735562779,8,,,,,
5425,9.337471419712529e-05,8,,,,,
5426,8.837459608912468e-05,8,,,,,
5427,0.050561949610710144,8,,,,,
5428,0.003419296583160758,8,,,,,
5429,0.022972596809267998,8,,,,,
5430,0.027496011927723885,8,,,,,
5431,0.004494072403758764,8,,,,,
5432,0.0010844144271686673,8,,,,,
5433,1.7337997633148916e-05,8,,,,,
5434,0.0002487518358975649,8,,,,,
5435,0.008965935558080673,8,,,,,
5436,0.00598986865952611,8,,,,,
5437,0.003391144797205925,8,,,,,
5438,0.005352979991585016,8,,,,,
5439,0.005448582582175732,8,,,,,
5440,0.001490329741500318,8,,,,,
5441,9.536557627143338e-05,8,,,,,
5442,0.005837899167090654,8,,,,,
5443,6.478954310296103e-05,8,,,,,
5444,0.0036881621927022934,8,,,,,
5445,0.006799140013754368,8,,,,,
5446,0.00016175639757420868,8,,,,,
5447,0.00012839191185776144,8,,,,,
5448,0.0016868222737684846,8,,,,,
5449,0.010712295770645142,8,,,,,
5450,0.032138578593730927,8,,,,,
5451,0.00017612263036426157,8,,,,,
5452,6.986512016737834e-05,8,,,,,
5453,0.01005872618407011,8,,,,,
5454,0.029345707967877388,8,,,,,
5455,0.0003589976404327899,8,,,,,
5456,0.003648883430287242,8,,,,,
5457,0.0006723940605297685,8,,,,,
5458,0.0001516695920145139,8,,,,,
5459,3.167947579640895e-05,8,,,,,
5460,8.183370664482936e-05,8,,,,,
5461,0.003782744286581874,8,,,,,
5462,3.6458801332628354e-05,8,,,,,
5463,0.0006840709247626364,8,,,,,
5464,0.03229290619492531,8,,,,,
5465,0.03983202204108238,8,,,,,
5466,0.00011935476504731923,8,,,,,
5467,0.010030897334218025,8,,,,,
5468,0.0005350817227736115,8,,,,,
5469,0.0011449287412688136,8,,,,,
5470,0.04588789865374565,8,,,,,
5471,0.0066023580729961395,8,,,,,
5472,0.0007849600515328348,8,,,,,
5473,0.004853313323110342,8,,,,,
5474,0.009643116034567356,8,,,,,
5475,0.00013611761096399277,8,,,,,
5476,0.020907051861286163,8,,,,,
5477,0.025781605392694473,8,,,,,
5478,0.00038372448761947453,8,,,,,
5479,4.4235788664082065e-05,8,,,,,
5480,0.004295223858207464,8,,,,,
5481,0.024477997794747353,8,,,,,
5482,4.7514375182799995e-05,8,,,,,
5483,0.003855014219880104,8,,,,,
5484,0.0004157106450293213,8,,,,,
5485,9.512208634987473e-05,8,,,,,
5486,0.00012919689470436424,8,,,,,
5487,0.003760789055377245,8,,,,,
5488,4.319872459745966e-05,8,,,,,
5489,0.00011296682350803167,8,,,,,
5490,0.004724832251667976,8,,,,,
5491,5.4873849876457825e-05,8,,,,,
5492,0.004675481468439102,8,,,,,
5493,1.8880578863900155e-05,8,,,,,
5494,0.00014867140271235257,8,,,,,
5495,4.009957046946511e-05,8,,,,,
5496,0.029426967725157738,8,,,,,
5497,0.0016732861986383796,8,,,,,
5498,1.6435324141639285e-05,8,,,,,
5499,9.727210272103548e-05,8,,,,,
5500,0.0052610901184380054,8,,,,,
5501,0.007222979329526424,8,,,,,
5502,0.003852077294141054,8,,,,,
5503,0.01558549702167511,8,,,,,
5504,0.0025774361565709114,8,,,,,
5505,0.003333617700263858,8,,,,,
5506,0.06190088763833046,8,,,,,
5507,0.03134746477007866,8,,,,,
5508,2.0509905880317092e-05,8,,,,,
5509,5.6103876886481885e-06,8,,,,,
5510,0.0023774222936481237,8,,,,,
5511,0.002066323533654213,8,,,,,
5512,0.03507683798670769,8,,,,,
5513,0.005383004434406757,8,,,,,
5514,0.007834062911570072,8,,,,,
5515,0.02896753139793873,8,,,,,
5516,0.004958100151270628,8,,,,,
5517,0.030644429847598076,8,,,,,
5518,0.0360177680850029,8,,,,,
5519,0.02165282517671585,8,,,,,
5520,0.0003642374067567289,8,,,,,
5521,0.00550722936168313,8,,,,,
5522,0.005687891971319914,8,,,,,
5523,0.002741100499406457,8,,,,,
5524,1.3625558494823053e-05,8,,,,,
5525,0.0008188982610590756,8,,,,,
5526,1.71282281371532e-05,8,,,,,
5527,0.033947303891181946,8,,,,,
5528,0.00259154150262475,8,,,,,
5529,1.1837435522465967e-05,8,,,,,
5530,1.3232689525466412e-05,8,,,,,
5531,0.004144404083490372,8,,,,,
5532,0.0037182059604674578,8,,,,,
5533,0.00019447838712949306,8,,,,,
5534,0.003789966693148017,8,,,,,
5535,0.00022575487673748285,8,,,,,
5536,0.03362654522061348,8,,,,,
5537,4.352934774942696e-05,8,,,,,
5538,0.0001527911372249946,8,,,,,
5539,0.05246346443891525,8,,,,,
5540,0.0024989391677081585,8,,,,,
5541,0.00890124961733818,8,,,,,
5542,0.003380861831828952,8,,,,,
5543,0.003944535739719868,8,,,,,
5544,0.006262615323066711,8,,,,,
5545,7.884173101047054e-06,8,,,,,
5546,0.00023677281569689512,8,,,,,
5547,0.031735364347696304,8,,,,,
5548,0.002396774711087346,8,,,,,
5549,3.01375039271079e-05,8,,,,,
5550,3.75317431462463e-05,8,,,,,
5551,0.0034973518922924995,8,,,,,
5552,0.0016503001097589731,8,,,,,
5553,0.03598063439130783,8,,,,,
5554,0.001876898924820125,8,,,,,
5555,0.0008363682427443564,8,,,,,
5556,2.8708984245895408e-05,8,,,,,
5557,0.00010325870243832469,8,,,,,
5558,0.039081111550331116,8,,,,,
5559,0.028094198554754257,8,,,,,
5560,0.02882835827767849,8,,,,,
5561,0.034382082521915436,8,,,,,
5562,0.014298122376203537,8,,,,,
5563,1.7735337678459473e-05,8,,,,,
5564,0.003143675858154893,8,,,,,
5565,0.00313681666739285,8,,,,,
5566,7.181793080235366e-06,8,,,,,
5567,0.0018627899698913097,8,,,,,
5568,0.000434624933404848,8,,,,,
5569,0.06603214889764786,8,,,,,
5570,0.0020013649482280016,8,,,,,
5571,0.022458814084529877,8,,,,,
5572,1.0607371223159134e-05,8,,,,,
5573,0.007267644163221121,8,,,,,
5574,0.0033497961703687906,8,,,,,
5575,4.301146691432223e-05,8,,,,,
5576,3.362503775861114e-05,8,,,,,
5577,6.588012183783576e-05,8,,,,,
5578,3.1370185752166435e-05,8,,,,,
5579,0.001073485123924911,8,,,,,
5580,2.3694514311500825e-05,8,,,,,
5581,0.012523574754595757,8,,,,,
5582,0.010205009020864964,8,,,,,
5583,0.00630923779681325,8,,,,,
5584,0.0003246595151722431,8,,,,,
5585,0.022725488990545273,8,,,,,
5586,0.034300390630960464,8,,,,,
5587,0.019216518849134445,8,,,,,
5588,0.01045695599168539,8,,,,,
5589,0.00041721356683410704,8,,,,,
5590,0.0017074079951271415,8,,,,,
5591,0.003837094409391284,8,,,,,
5592,8.93087144504534e-06,8,,,,,
5593,0.00026080888346768916,8,,,,,
5594,0.00020253333786968142,8,,,,,
5595,0.023830153048038483,8,,,,,
5596,0.04130680114030838,8,,,,,
5597,1.413245263393037e-05,8,,,,,
5598,0.004720218945294619,8,,,,,
5599,0.04237596318125725,8,,,,,
5600,5.712759593734518e-05,8,,,,,
5601,0.0039312453009188175,8,,,,,
5602,0.005516348406672478,8,,,,,
5603,0.045312218368053436,8,,,,,
5604,0.005092399660497904,8,,,,,
5605,0.020552290603518486,8,,,,,
5606,4.572213947540149e-05,8,,,,,
5607,0.009263754822313786,8,,,,,
5608,0.004231876228004694,8,,,,,
5609,0.017185067757964134,8,,,,,
5610,2.530758865759708e-05,8,,,,,
5611,0.006701074540615082,8,,,,,
5612,0.05690542235970497,8,,,,,
5613,0.003909830469638109,8,,,,,
5614,3.449187715887092e-05,8,,,,,
5615,8.068115857895464e-05,8,,,,,
5616,9.157235763268545e-05,8,,,,,
5617,2.651051909197122e-05,8,,,,,
5618,0.001705989707261324,8,,,,,
5619,0.038319170475006104,8,,,,,
5620,0.010750500485301018,8,,,,,
5621,1.3317589946382213e-05,8,,,,,
5622,0.020750509575009346,8,,,,,
5623,0.023972803726792336,8,,,,,
5624,0.0032897924538701773,8,,,,,
5625,0.026255985721945763,8,,,,,
5626,4.670742782764137e-05,8,,,,,
5627,0.034012872725725174,8,,,,,
5628,0.003810813184827566,8,,,,,
5629,0.0033623354975134134,8,,,,,
5630,8.158751734299585e-05,8,,,,,
5631,0.021003950387239456,8,,,,,
5632,0.0001260296703549102,8,,,,,
5633,0.00515047088265419,8,,,,,
5634,0.007915305905044079,8,,,,,
5635,0.0028583777602761984,8,,,,,
5636,0.042096007615327835,8,,,,,
5637,0.002101048594340682,8,,,,,
5638,0.0026464920956641436,8,,,,,
5639,0.0001907681580632925,8,,,,,
5640,0.007188903633505106,8,,,,,
5641,0.00010381676838733256,8,,,,,
5642,0.20170502364635468,8,,,,,
632,,,0.02604707144200802,,,,
633,,,0.00493495911359787,,,,
634,,,1.3949576214145054e-06,,,,
635,,,0.030300097540020943,,,,
636,,,2.7411815040068177e-07,,,,
637,,,0.029732896015048027,,,,
638,,,0.004605183377861977,,,,
639,,,3.6307343975749973e-07,,,,
640,,,0.02782428450882435,,,,
641,,,2.4630097072986246e-07,,,,
642,,,1.4855251606604725e-07,,,,
643,,,0.010045606642961502,,,,
644,,,5.656008283949632e-07,,,,
645,,,0.004051590338349342,,,,
646,,,0.02436605468392372,,,,
647,,,1.7697915666303743e-07,,,,
648,,,0.004942168015986681,,,,
649,,,0.0034864149056375027,,,,
650,,,3.288925825017941e-07,,,,
651,,,0.03213164582848549,,,,
652,,,0.004664099775254726,,,,
653,,,3.3615398820074915e-07,,,,
654,,,6.094867330830311e-07,,,,
655,,,0.02889677695930004,,,,
656,,,5.48050309134851e-07,,,,
657,,,0.0028928755782544613,,,,
658,,,0.004201213829219341,,,,
659,,,4.722443804894283e-07,,,,
660,,,4.783991016665823e-07,,,,
661,,,2.0593513738731417e-07,,,,
662,,,0.0044258045963943005,,,,
663,,,0.001980758039280772,,,,
664,,,2.4055791527644033e-06,,,,
665,,,0.009264307096600533,,,,
666,,,2.674303516414511e-07,,,,
667,,,2.0139079026648687e-07,,,,
668,,,0.001964408904314041,,,,
669,,,0.08066152036190033,,,,
670,,,1.1920912612595203e-07,,,,
671,,,0.0199491735547781,,,,
672,,,1.6767511112902866e-07,,,,
673,,,0.02440573275089264,,,,
674,,,0.0032252303790301085,,,,
675,,,0.06135404109954834,,,,
676,,,0.017381764948368073,,,,
677,,,0.021636826917529106,,,,
678,,,0.0025553754530847073,,,,
679,,,2.17174374483875e-06,,,,
680,,,5.037446157984959e-07,,,,
681,,,0.05332845449447632,,,,
682,,,1.7335928532702383e-06,,,,
683,,,0.004983453080058098,,,,
684,,,1.204908670615623e-07,,,,
685,,,0.004310846794396639,,,,
686,,,3.8454174955404596e-07,,,,
687,,,0.03616242855787277,,,,
688,,,0.004074610769748688,,,,
689,,,2.405572274710721e-07,,,,
690,,,0.005687693599611521,,,,
691,,,0.019918670877814293,,,,
692,,,0.006236901041120291,,,,
693,,,1.906700504150649e-07,,,,
694,,,1.9111222115952842e-07,,,,
695,,,0.028792981058359146,,,,
696,,,0.0028351929504424334,,,,
697,,,0.0046271150931715965,,,,
698,,,2.8187761813569523e-07,,,,
699,,,0.027710605412721634,,,,
700,,,2.055014221014062e-07,,,,
701,,,5.981748927297303e-07,,,,
702,,,1.1535711337273824e-06,,,,
703,,,0.0028624972328543663,,,,
704,,,0.032623011618852615,,,,
705,,,0.028231017291545868,,,,
706,,,0.030818123370409012,,,,
707,,,0.24652738869190216,,,,
708,,,4.750232619699091e-06,,,,
709,,,3.461374262769823e-07,,,,
710,,,7.390908081106318e-07,,,,
5642,,8,,0.01318442728370428,,,
5642,,8,,,0.9098101258277893,0.00855423603206873,0.9572784900665283
5643,0.00026673005777411163,9,,,,,
5644,4.882617940893397e-05,9,,,,,
5645,0.00022855884162709117,9,,,,,
5646,0.0037551969289779663,9,,,,,
5647,0.00020321666670497507,9,,,,,
5648,0.03048127517104149,9,,,,,
5649,0.00013470748672261834,9,,,,,
5650,8.705995423952118e-05,9,,,,,
5651,9.914840484270826e-05,9,,,,,
5652,0.018000908195972443,9,,,,,
5653,0.016893597319722176,9,,,,,
5654,6.992664566496387e-05,9,,,,,
5655,0.020346639677882195,9,,,,,
5656,0.010338529013097286,9,,,,,
5657,0.03752174973487854,9,,,,,
5658,0.0013757289852946997,9,,,,,
5659,0.00013251541531644762,9,,,,,
5660,7.239165279315785e-05,9,,,,,
5661,0.003929221536964178,9,,,,,
5662,0.009661504998803139,9,,,,,
5663,0.005023906473070383,9,,,,,
5664,0.005556663032621145,9,,,,,
5665,5.164195681572892e-05,9,,,,,
5666,3.626802936196327e-05,9,,,,,
5667,6.901131564518437e-05,9,,,,,
5668,0.007981081493198872,9,,,,,
5669,0.012798476964235306,9,,,,,
5670,0.0060785869136452675,9,,,,,
5671,0.03423192724585533,9,,,,,
5672,0.007001855410635471,9,,,,,
5673,0.001259437296539545,9,,,,,
5674,2.7653237339109182e-05,9,,,,,
5675,0.0010061736684292555,9,,,,,
5676,0.0011477695079520345,9,,,,,
5677,7.431561243720353e-05,9,,,,,
5678,0.00109279144089669,9,,,,,
5679,0.0014570766361430287,9,,,,,
5680,0.008937416598200798,9,,,,,
5681,0.007809050846844912,9,,,,,
5682,5.9503257944015786e-05,9,,,,,
5683,0.004759369883686304,9,,,,,
5684,2.41637844737852e-05,9,,,,,
5685,0.00010220917465630919,9,,,,,
5686,4.061135041411035e-05,9,,,,,
5687,5.283582504489459e-05,9,,,,,
5688,8.491668995702639e-05,9,,,,,
5689,0.0032826829701662064,9,,,,,
5690,0.0022605310659855604,9,,,,,
5691,0.02862389199435711,9,,,,,
5692,0.010106989182531834,9,,,,,
5693,0.016907809302210808,9,,,,,
5694,0.02456909976899624,9,,,,,
5695,0.0002775081666186452,9,,,,,
5696,0.0012627727119252086,9,,,,,
5697,0.0001137803919846192,9,,,,,
5698,0.004278840962797403,9,,,,,
5699,0.010064725764095783,9,,,,,
5700,8.337859071616549e-06,9,,,,,
5701,4.660748163587414e-05,9,,,,,
5702,0.0463978536427021,9,,,,,
5703,6.973026756895706e-05,9,,,,,
5704,0.004460970871150494,9,,,,,
5705,0.0011675369460135698,9,,,,,
5706,0.0029634202364832163,9,,,,,
5707,0.0017597507685422897,9,,,,,
5708,1.0628448762872722e-05,9,,,,,
5709,2.169176150346175e-05,9,,,,,
5710,3.8069038055255078e-06,9,,,,,
5711,0.01769315078854561,9,,,,,
5712,0.0023880694061517715,9,,,,,
5713,0.03538360446691513,9,,,,,
5714,0.02884855307638645,9,,,,,
5715,0.0005363412783481181,9,,,,,
5716,1.5785022696945816e-05,9,,,,,
5717,0.0053149135783314705,9,,,,,
5718,7.950353392516263e-06,9,,,,,
5719,0.0026937653310596943,9,,,,,
5720,0.0011906668078154325,9,,,,,
5721,0.020606761798262596,9,,,,,
5722,0.0335695818066597,9,,,,,
5723,0.0028334492817521095,9,,,,,
5724,0.0007613514317199588,9,,,,,
5725,0.006686572916805744,9,,,,,
5726,0.03570598363876343,9,,,,,
5727,0.0029442105442285538,9,,,,,
5728,0.000556152081117034,9,,,,,
5729,0.011454926803708076,9,,,,,
5730,0.002298643346875906,9,,,,,
5731,0.01651286892592907,9,,,,,
5732,0.03337487205862999,9,,,,,
5733,5.572584632318467e-05,9,,,,,
5734,0.0001936002227012068,9,,,,,
5735,0.017427310347557068,9,,,,,
5736,0.0010312943486496806,9,,,,,
5737,3.824376835837029e-05,9,,,,,
5738,0.0073587060905992985,9,,,,,
5739,9.437122207600623e-05,9,,,,,
5740,0.009313907474279404,9,,,,,
5741,0.0002287503011757508,9,,,,,
5742,0.0042306529358029366,9,,,,,
5743,0.0005052796332165599,9,,,,,
5744,0.0037114194128662348,9,,,,,
5745,0.0003537353768479079,9,,,,,
5746,0.013000489212572575,9,,,,,
5747,0.0048397621139883995,9,,,,,
5748,0.005187125410884619,9,,,,,
5749,0.0001863878424046561,9,,,,,
5750,0.005141413304954767,9,,,,,
5751,0.0012816762318834662,9,,,,,
5752,0.01355522871017456,9,,,,,
5753,0.0002406158164376393,9,,,,,
5754,0.02175268717110157,9,,,,,
5755,0.0001566804712638259,9,,,,,
5756,0.0036292108707129955,9,,,,,
5757,0.0004148186126258224,9,,,,,
5758,0.0030097877606749535,9,,,,,
5759,0.0001842681085690856,9,,,,,
5760,0.007089708000421524,9,,,,,
5761,0.0025566171389073133,9,,,,,
5762,0.03389425575733185,9,,,,,
5763,0.03897326812148094,9,,,,,
5764,0.00607070280238986,9,,,,,
5765,1.6910342310438864e-05,9,,,,,
5766,0.0342709943652153,9,,,,,
5767,0.0007349211955443025,9,,,,,
5768,0.003664206014946103,9,,,,,
5769,2.5961771825677715e-05,9,,,,,
5770,3.0344996048370376e-05,9,,,,,
5771,0.0002507816534489393,9,,,,,
5772,0.044020164757966995,9,,,,,
5773,0.01919710822403431,9,,,,,
5774,0.00145769736263901,9,,,,,
5775,4.822216214961372e-05,9,,,,,
5776,0.00826300960034132,9,,,,,
5777,0.04676355794072151,9,,,,,
5778,0.0028972525615245104,9,,,,,
5779,0.006824703421443701,9,,,,,
5780,0.030826982110738754,9,,,,,
5781,0.020643293857574463,9,,,,,
5782,5.6108150602085516e-05,9,,,,,
5783,0.004382234998047352,9,,,,,
5784,0.06458176672458649,9,,,,,
5785,1.4648898286395706e-05,9,,,,,
5786,0.002852941397577524,9,,,,,
5787,0.03747839108109474,9,,,,,
5788,0.003953090403228998,9,,,,,
5789,0.004264413844794035,9,,,,,
5790,0.0002823866961989552,9,,,,,
5791,0.020355360582470894,9,,,,,
5792,0.0023160348646342754,9,,,,,
5793,0.00451648561283946,9,,,,,
5794,0.0349930077791214,9,,,,,
5795,4.664427979150787e-05,9,,,,,
5796,0.0025428449735045433,9,,,,,
5797,0.00034617746132425964,9,,,,,
5798,1.4238146832212806e-05,9,,,,,
5799,1.4019282389199361e-05,9,,,,,
5800,4.3496707803569734e-05,9,,,,,
5801,0.001830977969802916,9,,,,,
5802,0.00016591220628470182,9,,,,,
5803,0.006721058860421181,9,,,,,
5804,4.0263592381961644e-05,9,,,,,
5805,0.005706220865249634,9,,,,,
5806,0.011415231972932816,9,,,,,
5807,2.1494945031008683e-05,9,,,,,
5808,7.841994374757633e-05,9,,,,,
5809,8.377291669603437e-05,9,,,,,
5810,0.05092684179544449,9,,,,,
5811,0.004394213669002056,9,,,,,
5812,1.056620658346219e-05,9,,,,,
5813,0.03279273957014084,9,,,,,
5814,0.00033489722409285605,9,,,,,
5815,0.0005254832794889808,9,,,,,
5816,0.003692302154377103,9,,,,,
5817,0.0001923258969327435,9,,,,,
5818,0.009733814746141434,9,,,,,
5819,0.02891102246940136,9,,,,,
5820,0.016604779288172722,9,,,,,
5821,0.006130308378487825,9,,,,,
5822,5.330354906618595e-05,9,,,,,
5823,0.024350056424736977,9,,,,,
5824,0.036876045167446136,9,,,,,
5825,0.004277592059224844,9,,,,,
5826,6.84937258483842e-05,9,,,,,
5827,0.03403448313474655,9,,,,,
5828,0.00875680148601532,9,,,,,
5829,0.0009506028727628291,9,,,,,
5830,0.0030652082059532404,9,,,,,
5831,0.031259551644325256,9,,,,,
5832,8.113156218314543e-05,9,,,,,
5833,0.006119407247751951,9,,,,,
5834,0.016944756731390953,9,,,,,
5835,3.2247156923403963e-05,9,,,,,
5836,0.00993665587157011,9,,,,,
5837,0.03782733902335167,9,,,,,
5838,7.880265911808237e-05,9,,,,,
5839,0.02609480731189251,9,,,,,
5840,0.0005704383947886527,9,,,,,
5841,0.00047764612827450037,9,,,,,
5842,0.026143062859773636,9,,,,,
5843,0.0021064328029751778,9,,,,,
5844,0.00011675602581817657,9,,,,,
5845,0.00012864565360359848,9,,,,,
5846,0.00011908434680663049,9,,,,,
5847,0.00013985222904011607,9,,,,,
5848,0.00010258313704980537,9,,,,,
5849,0.0001278670970350504,9,,,,,
5850,0.00652292650192976,9,,,,,
5851,0.003156263381242752,9,,,,,
5852,0.03177279978990555,9,,,,,
5853,0.00026469436124898493,9,,,,,
5854,0.02501540258526802,9,,,,,
5855,6.344936991808936e-05,9,,,,,
5856,8.063085988396779e-05,9,,,,,
5857,2.826613672368694e-05,9,,,,,
5858,0.0001267407787963748,9,,,,,
5859,0.029073307290673256,9,,,,,
5860,1.950591104105115e-05,9,,,,,
5861,0.0013391270767897367,9,,,,,
5862,0.004734468180686235,9,,,,,
5863,0.003611307591199875,9,,,,,
5864,1.8034555978374556e-05,9,,,,,
5865,8.959251135820523e-05,9,,,,,
5866,0.015174880623817444,9,,,,,
5867,0.00027188396779820323,9,,,,,
5868,0.025037895888090134,9,,,,,
5869,0.02599630504846573,9,,,,,
5870,0.004416355863213539,9,,,,,
5871,0.004410081077367067,9,,,,,
5872,0.000252504920354113,9,,,,,
5873,0.0031460199970752,9,,,,,
5874,0.0215778686106205,9,,,,,
5875,6.0881775425514206e-05,9,,,,,
5876,0.022307075560092926,9,,,,,
5877,0.003589688567444682,9,,,,,
5878,1.7726300939102657e-05,9,,,,,
5879,0.00023819135094527155,9,,,,,
5880,0.005174713674932718,9,,,,,
5881,0.0007400785689242184,9,,,,,
5882,2.8607246349565685e-05,9,,,,,
5883,0.002759779803454876,9,,,,,
5884,0.03754818066954613,9,,,,,
5885,0.004437962546944618,9,,,,,
5886,0.00015260506188496947,9,,,,,
5887,0.036383774131536484,9,,,,,
5888,9.423622395843267e-05,9,,,,,
5889,0.02256705053150654,9,,,,,
5890,0.02682693675160408,9,,,,,
5891,1.2027297088934574e-05,9,,,,,
5892,0.0027613213751465082,9,,,,,
5893,0.004426495172083378,9,,,,,
5894,0.00467935623601079,9,,,,,
5895,0.019627638161182404,9,,,,,
5896,0.00022924049699213356,9,,,,,
5897,0.012442857958376408,9,,,,,
5898,4.458583134692162e-05,9,,,,,
5899,0.004493984393775463,9,,,,,
5900,0.0059769595973193645,9,,,,,
5901,0.00011663139594020322,9,,,,,
5902,0.03831908106803894,9,,,,,
5903,0.00011889891902683303,9,,,,,
5904,0.003939951304346323,9,,,,,
5905,0.003154642879962921,9,,,,,
5906,0.0011848030844703317,9,,,,,
5907,0.027680743485689163,9,,,,,
5908,0.019501369446516037,9,,,,,
5909,1.850439002737403e-05,9,,,,,
5910,0.001784074236638844,9,,,,,
5911,8.860553498379886e-05,9,,,,,
5912,4.22189332311973e-05,9,,,,,
5913,0.01802726835012436,9,,,,,
5914,4.817922672373243e-05,9,,,,,
5915,0.009054607711732388,9,,,,,
5916,0.02605687826871872,9,,,,,
5917,0.011995726265013218,9,,,,,
5918,0.014386307448148727,9,,,,,
5919,0.03429060056805611,9,,,,,
5920,0.0003016017144545913,9,,,,,
5921,0.009466104209423065,9,,,,,
5922,0.036023106426000595,9,,,,,
5923,2.862810652004555e-05,9,,,,,
5924,0.005960911046713591,9,,,,,
5925,0.0032551477197557688,9,,,,,
5926,0.004656733479350805,9,,,,,
5927,8.416591299464926e-05,9,,,,,
5928,0.04289722070097923,9,,,,,
5929,0.004496054723858833,9,,,,,
5930,0.023334592580795288,9,,,,,
5931,4.565226117847487e-05,9,,,,,
5932,7.309185457415879e-05,9,,,,,
5933,0.0024787550792098045,9,,,,,
5934,0.002227665390819311,9,,,,,
5935,0.005390515085309744,9,,,,,
5936,0.005080172326415777,9,,,,,
5937,0.008061532862484455,9,,,,,
5938,0.007944725453853607,9,,,,,
5939,0.02175789326429367,9,,,,,
5940,0.00011006097338395193,9,,,,,
5941,0.003122190944850445,9,,,,,
5942,0.030402937904000282,9,,,,,
5943,3.7514484574785456e-05,9,,,,,
5944,0.005729415453970432,9,,,,,
5945,0.005030252039432526,9,,,,,
5946,0.004428085871040821,9,,,,,
5947,6.074531120248139e-05,9,,,,,
5948,0.0013755509862676263,9,,,,,
5949,0.0036807330325245857,9,,,,,
5950,0.00028394698165357113,9,,,,,
5951,0.005577237345278263,9,,,,,
5952,0.0030312829185277224,9,,,,,
5953,0.00010255329107167199,9,,,,,
5954,0.011118910275399685,9,,,,,
5955,0.024254372343420982,9,,,,,
5956,0.008905948139727116,9,,,,,
5957,0.0011244959896430373,9,,,,,
5958,0.0003234260075259954,9,,,,,
5959,0.0003023656609002501,9,,,,,
5960,0.00010568162542767823,9,,,,,
5961,9.73345449892804e-05,9,,,,,
5962,0.04453185945749283,9,,,,,
5963,0.0051246630027890205,9,,,,,
5964,0.002242512535303831,9,,,,,
5965,0.011402119882404804,9,,,,,
5966,0.00022279306722339243,9,,,,,
5967,0.032120224088430405,9,,,,,
5968,4.702607111539692e-05,9,,,,,
5969,0.018180137500166893,9,,,,,
5970,0.023490160703659058,9,,,,,
5971,0.02713283710181713,9,,,,,
5972,0.000235447398154065,9,,,,,
5973,0.0001100737281376496,9,,,,,
5974,0.016156837344169617,9,,,,,
5975,0.0003063396143261343,9,,,,,
5976,0.003622436663135886,9,,,,,
5977,0.0001040332717821002,9,,,,,
5978,7.771914533805102e-05,9,,,,,
5979,8.762838115217164e-05,9,,,,,
5980,0.006214451976120472,9,,,,,
5981,5.451044853543863e-05,9,,,,,
5982,0.0052836076356470585,9,,,,,
5983,8.820667426334694e-05,9,,,,,
5984,0.0002419649827061221,9,,,,,
5985,4.8169698857236654e-05,9,,,,,
5986,0.00012241024523973465,9,,,,,
5987,0.004573545418679714,9,,,,,
5988,0.0005584892933256924,9,,,,,
5989,0.002225937321782112,9,,,,,
5990,0.04056236892938614,9,,,,,
5991,0.00809458177536726,9,,,,,
5992,2.654083255038131e-05,9,,,,,
5993,0.0018113224068656564,9,,,,,
5994,1.2127099580538925e-05,9,,,,,
5995,1.236055868503172e-05,9,,,,,
5996,3.105245195911266e-05,9,,,,,
5997,0.002519207075238228,9,,,,,
5998,0.02730068378150463,9,,,,,
5999,0.029907358810305595,9,,,,,
6000,0.0009256948251277208,9,,,,,
6001,0.0023499398957937956,9,,,,,
6002,0.004223683848977089,9,,,,,
6003,4.121645542909391e-05,9,,,,,
6004,0.00019242963753640652,9,,,,,
6005,0.021814541891217232,9,,,,,
6006,0.004428299609571695,9,,,,,
6007,9.450097422813997e-06,9,,,,,
6008,0.0263071171939373,9,,,,,
6009,4.821109541808255e-05,9,,,,,
6010,0.0002284466609125957,9,,,,,
6011,0.012277904897928238,9,,,,,
6012,9.264326763513964e-06,9,,,,,
6013,1.6779140423750505e-05,9,,,,,
6014,4.5456919906428084e-05,9,,,,,
6015,1.5226830328174401e-05,9,,,,,
6016,7.41020412533544e-05,9,,,,,
6017,3.348719474161044e-05,9,,,,,
6018,0.00011820940562756732,9,,,,,
6019,0.0036492315120995045,9,,,,,
6020,9.038807547767647e-06,9,,,,,
6021,1.2354911632428411e-05,9,,,,,
6022,1.0798386938404292e-05,9,,,,,
6023,2.660573045432102e-05,9,,,,,
6024,0.0006944430060684681,9,,,,,
6025,0.0029794645961374044,9,,,,,
6026,4.997321593691595e-05,9,,,,,
6027,2.658350240380969e-05,9,,,,,
6028,0.032022882252931595,9,,,,,
6029,0.03079366497695446,9,,,,,
6030,0.0005773344892077148,9,,,,,
6031,8.716146112419665e-05,9,,,,,
6032,0.010160720907151699,9,,,,,
6033,0.0005006639985367656,9,,,,,
6034,1.096672349376604e-05,9,,,,,
6035,7.945593097247183e-06,9,,,,,
6036,0.004029868636280298,9,,,,,
6037,5.346525722416118e-05,9,,,,,
6038,0.026273367926478386,9,,,,,
6039,2.4386332370340824e-05,9,,,,,
6040,0.02266029268503189,9,,,,,
6041,2.30729619943304e-05,9,,,,,
6042,0.029179519042372704,9,,,,,
6043,0.006519661284983158,9,,,,,
6044,0.02294844575226307,9,,,,,
6045,0.018369294703006744,9,,,,,
6046,3.3789980079745874e-05,9,,,,,
6047,2.624644730531145e-05,9,,,,,
6048,0.007849829271435738,9,,,,,
6049,0.021944718435406685,9,,,,,
6050,1.0406874025647994e-05,9,,,,,
6051,0.010882548056542873,9,,,,,
6052,0.003825706196948886,9,,,,,
6053,0.02618947997689247,9,,,,,
6054,0.00016084290109574795,9,,,,,
6055,0.004955122712999582,9,,,,,
6056,0.0024523891042917967,9,,,,,
6057,0.04918266832828522,9,,,,,
6058,0.020009009167551994,9,,,,,
6059,2.575707003416028e-05,9,,,,,
6060,0.00030688257538713515,9,,,,,
6061,0.0070524499751627445,9,,,,,
6062,0.03430686518549919,9,,,,,
6063,0.00022094164160080254,9,,,,,
6064,0.0033278786577284336,9,,,,,
6065,9.032667730934918e-05,9,,,,,
6066,0.00010819346061907709,9,,,,,
6067,0.02209041453897953,9,,,,,
6068,0.0008506056619808078,9,,,,,
6069,0.006560123059898615,9,,,,,
6070,0.0002084544103126973,9,,,,,
6071,0.0009979483438655734,9,,,,,
6072,0.014424447901546955,9,,,,,
6073,7.537518831668422e-05,9,,,,,
6074,0.004672660492360592,9,,,,,
6075,0.00016046517703216523,9,,,,,
6076,0.003760323394089937,9,,,,,
6077,0.006568479351699352,9,,,,,
6078,3.0336434065247886e-05,9,,,,,
6079,0.00012449263886082917,9,,,,,
6080,8.121658902382478e-05,9,,,,,
6081,0.02869095653295517,9,,,,,
6082,0.01752956584095955,9,,,,,
6083,4.694235394708812e-05,9,,,,,
6084,0.0009288834407925606,9,,,,,
6085,1.0487459803698584e-05,9,,,,,
6086,0.009328648447990417,9,,,,,
6087,0.011214486323297024,9,,,,,
6088,0.002690916648134589,9,,,,,
6089,4.884802547167055e-05,9,,,,,
6090,0.00018330792954657227,9,,,,,
6091,0.028403783217072487,9,,,,,
6092,0.00020566288731060922,9,,,,,
6093,0.005583676043897867,9,,,,,
6094,0.02242523618042469,9,,,,,
6095,0.004569185897707939,9,,,,,
6096,0.0007290517096407712,9,,,,,
6097,0.0007254697266034782,9,,,,,
6098,0.004939094185829163,9,,,,,
6099,0.028149673715233803,9,,,,,
6100,0.020883584395051003,9,,,,,
6101,2.6327294108341448e-05,9,,,,,
6102,0.004775811452418566,9,,,,,
6103,0.011336120776832104,9,,,,,
6104,0.008273731917142868,9,,,,,
6105,0.010989494621753693,9,,,,,
6106,0.0025024758651852608,9,,,,,
6107,0.0003984380455221981,9,,,,,
6108,1.6270327250822447e-05,9,,,,,
6109,0.024662669748067856,9,,,,,
6110,0.00429602712392807,9,,,,,
6111,0.023667633533477783,9,,,,,
6112,0.007763267029076815,9,,,,,
6113,0.008827963843941689,9,,,,,
6114,0.00012896544649265707,9,,,,,
6115,0.00019541403162293136,9,,,,,
6116,0.0066003380343317986,9,,,,,
6117,0.0001795378775568679,9,,,,,
6118,0.008749821223318577,9,,,,,
6119,0.05699864774942398,9,,,,,
6120,6.675266195088625e-05,9,,,,,
6121,0.025199733674526215,9,,,,,
6122,0.00014072291378397495,9,,,,,
6123,0.01679036021232605,9,,,,,
6124,3.9700160414213315e-05,9,,,,,
6125,0.0026282069738954306,9,,,,,
6126,8.503412391291931e-05,9,,,,,
6127,0.005736434366554022,9,,,,,
6128,0.04244622960686684,9,,,,,
6129,0.07124197483062744,9,,,,,
6130,0.0017790431156754494,9,,,,,
6131,0.00010370990639785305,9,,,,,
6132,0.010148991830646992,9,,,,,
6133,0.003907678183168173,9,,,,,
6134,0.026303507387638092,9,,,,,
6135,0.0025372926611453295,9,,,,,
6136,0.01959710568189621,9,,,,,
6137,0.0012418456608429551,9,,,,,
6138,9.447116462979466e-05,9,,,,,
6139,0.004195431247353554,9,,,,,
6140,0.000702600518707186,9,,,,,
6141,0.00015270484436769038,9,,,,,
6142,0.005125745199620724,9,,,,,
6143,0.0038932524621486664,9,,,,,
6144,0.0074501377530395985,9,,,,,
6145,0.029916701838374138,9,,,,,
6146,0.0042832824401557446,9,,,,,
6147,0.002692605135962367,9,,,,,
6148,0.021376559510827065,9,,,,,
6149,0.008920314721763134,9,,,,,
6150,0.00037283170968294144,9,,,,,
6151,0.006582637317478657,9,,,,,
6152,5.9039313782704994e-05,9,,,,,
6153,0.02827124111354351,9,,,,,
6154,0.006216946057975292,9,,,,,
6155,0.00041050915024243295,9,,,,,
6156,0.007608798798173666,9,,,,,
6157,0.007895609363913536,9,,,,,
6158,0.002801429247483611,9,,,,,
6159,0.00013503864465747029,9,,,,,
6160,0.056619103997945786,9,,,,,
6161,3.144559741485864e-05,9,,,,,
6162,0.010586290620267391,9,,,,,
6163,0.002176038222387433,9,,,,,
6164,0.005127634387463331,9,,,,,
6165,7.605477730976418e-05,9,,,,,
6166,0.004479978699237108,9,,,,,
6167,2.3277243599295616e-05,9,,,,,
6168,1.9023154891328886e-05,9,,,,,
6169,2.1989464585203677e-05,9,,,,,
6170,0.026314208284020424,9,,,,,
6171,8.435008203377947e-05,9,,,,,
6172,0.009423652663826942,9,,,,,
6173,0.05358559265732765,9,,,,,
6174,0.0024733450263738632,9,,,,,
6175,0.003164304420351982,9,,,,,
6176,0.009038264863193035,9,,,,,
6177,3.770455441554077e-05,9,,,,,
6178,0.0003265939885750413,9,,,,,
6179,8.430136949755251e-05,9,,,,,
6180,0.0016814536647871137,9,,,,,
6181,0.0030261643696576357,9,,,,,
6182,3.1252362532541156e-05,9,,,,,
6183,0.0033816597424447536,9,,,,,
6184,0.026411646977066994,9,,,,,
6185,0.03045901097357273,9,,,,,
6186,0.032628078013658524,9,,,,,
6187,0.001435540383681655,9,,,,,
6188,2.4806067813187838e-05,9,,,,,
6189,0.031672362238168716,9,,,,,
6190,0.003193408017978072,9,,,,,
6191,0.027885591611266136,9,,,,,
6192,2.5412173272343352e-05,9,,,,,
6193,0.0004216564993839711,9,,,,,
6194,0.00020819102064706385,9,,,,,
6195,0.003473729593679309,9,,,,,
6196,0.01711403578519821,9,,,,,
6197,0.023464716970920563,9,,,,,
6198,3.183132503181696e-05,9,,,,,
6199,0.00504452595487237,9,,,,,
6200,0.0021578636951744556,9,,,,,
6201,0.003343145363032818,9,,,,,
6202,0.002966763451695442,9,,,,,
6203,0.03302164003252983,9,,,,,
6204,2.8725880838464946e-05,9,,,,,
6205,0.00010228824976366013,9,,,,,
6206,0.000990508939139545,9,,,,,
6207,0.00016302998119499534,9,,,,,
6208,0.010127983056008816,9,,,,,
6209,9.827003668760881e-05,9,,,,,
6210,5.5563785281265154e-05,9,,,,,
6211,0.02536744251847267,9,,,,,
6212,0.0014733679126948118,9,,,,,
6213,0.005446915980428457,9,,,,,
6214,8.948414324549958e-05,9,,,,,
6215,0.005748682655394077,9,,,,,
6216,0.008614138700067997,9,,,,,
6217,0.00018377725791651756,9,,,,,
6218,0.02762802690267563,9,,,,,
6219,0.009080769494175911,9,,,,,
6220,0.02560560032725334,9,,,,,
6221,0.07491475343704224,9,,,,,
6222,0.007289682514965534,9,,,,,
6223,0.02705358900129795,9,,,,,
6224,2.1802979972562753e-05,9,,,,,
6225,0.0066301776096224785,9,,,,,
6226,4.285301474737935e-05,9,,,,,
6227,0.008126050233840942,9,,,,,
6228,1.687935582594946e-05,9,,,,,
6229,0.02763935551047325,9,,,,,
6230,0.010712946765124798,9,,,,,
6231,0.004481844138354063,9,,,,,
6232,0.025291807949543,9,,,,,
6233,0.0004945644759573042,9,,,,,
6234,0.029233621433377266,9,,,,,
6235,0.000451362895546481,9,,,,,
6236,0.003640594193711877,9,,,,,
6237,4.6855962864356115e-05,9,,,,,
6238,0.00028411290259100497,9,,,,,
6239,0.03641250357031822,9,,,,,
6240,0.02112218551337719,9,,,,,
6241,0.0030850046314299107,9,,,,,
6242,0.023554127663373947,9,,,,,
6243,3.399269189685583e-05,9,,,,,
6244,0.020258016884326935,9,,,,,
6245,0.029204944148659706,9,,,,,
6246,0.00242583523504436,9,,,,,
6247,1.2291984603507444e-05,9,,,,,
6248,0.0006098125013522804,9,,,,,
6249,0.029652992263436317,9,,,,,
6250,2.0676958229159936e-05,9,,,,,
6251,0.005924435798078775,9,,,,,
6252,0.00042866324656642973,9,,,,,
6253,3.273536276537925e-05,9,,,,,
6254,0.016763780266046524,9,,,,,
6255,0.019982900470495224,9,,,,,
6256,6.442759331548586e-05,9,,,,,
6257,0.008818640373647213,9,,,,,
6258,1.5834955775062554e-05,9,,,,,
6259,0.03165921941399574,9,,,,,
6260,0.004691365174949169,9,,,,,
6261,0.0037238621152937412,9,,,,,
6262,8.155261457432061e-05,9,,,,,
6263,7.12589971954003e-05,9,,,,,
6264,0.006591640878468752,9,,,,,
6265,0.02139339968562126,9,,,,,
6266,0.02389884553849697,9,,,,,
6267,0.031091295182704926,9,,,,,
6268,0.050241317600011826,9,,,,,
6269,0.011266411282122135,9,,,,,
711,,,0.02405776083469391,,,,
712,,,0.003384764539077878,,,,
713,,,1.9433473141816648e-07,,,,
714,,,0.0246849674731493,,,,
715,,,2.818779876179178e-07,,,,
716,,,0.028835143893957138,,,,
717,,,0.0031915989238768816,,,,
718,,,3.658995410660282e-05,,,,
719,,,0.02395886369049549,,,,
720,,,1.5516093299083877e-07,,,,
721,,,1.399936166990301e-07,,,,
722,,,0.007237582467496395,,,,
723,,,5.568931555899326e-07,,,,
724,,,0.0028861563187092543,,,,
725,,,0.020698172971606255,,,,
726,,,2.414713549114822e-07,,,,
727,,,0.003736915299668908,,,,
728,,,0.0028382246382534504,,,,
729,,,1.629736630093248e-06,,,,
730,,,0.03244316205382347,,,,
731,,,0.003163910936564207,,,,
732,,,2.541196977290383e-07,,,,
733,,,7.014836000962532e-07,,,,
734,,,0.04121869429945946,,,,
735,,,1.3526868087865296e-06,,,,
736,,,0.0026159752160310745,,,,
737,,,0.0030145274940878153,,,,
738,,,1.3632599404900247e-07,,,,
739,,,3.7581526157737244e-06,,,,
740,,,1.4617288798035588e-05,,,,
741,,,0.002653251402080059,,,,
742,,,0.0018480006838217378,,,,
743,,,0.008743194863200188,,,,
744,,,0.007643920835107565,,,,
745,,,2.6333043479098706e-07,,,,
746,,,2.3118721514947538e-07,,,,
747,,,0.004983191378414631,,,,
748,,,0.07655204087495804,,,,
749,,,1.0943230677185056e-07,,,,
750,,,0.018152767792344093,,,,
751,,,8.368721182705485e-08,,,,
752,,,0.022604795172810555,,,,
753,,,0.00272782682441175,,,,
754,,,0.05885514244437218,,,,
755,,,0.017108768224716187,,,,
756,,,0.02062123268842697,,,,
757,,,0.0026801005005836487,,,,
758,,,1.9116853309242288e-06,,,,
759,,,3.111575210823503e-07,,,,
760,,,0.04272608086466789,,,,
761,,,2.3665254502702737e-06,,,,
762,,,0.003216532524675131,,,,
763,,,6.05659664643099e-08,,,,
764,,,0.0032248017378151417,,,,
765,,,2.9834052384103416e-07,,,,
766,,,0.03467078506946564,,,,
767,,,0.00314289890229702,,,,
768,,,3.28585713305074e-07,,,,
769,,,0.005712562240660191,,,,
770,,,0.015256071463227272,,,,
771,,,0.0047658695839345455,,,,
772,,,1.6471334163270512e-07,,,,
773,,,1.4443800466779066e-07,,,,
774,,,0.02465997450053692,,,,
775,,,0.002768903272226453,,,,
776,,,0.003234035102650523,,,,
777,,,3.520375173593493e-07,,,,
778,,,0.03136651962995529,,,,
779,,,1.2691822348642745e-07,,,,
780,,,2.0693424573892116e-07,,,,
781,,,2.1594350130271778e-07,,,,
782,,,0.0025619682855904102,,,,
783,,,0.03048359602689743,,,,
784,,,0.025364592671394348,,,,
785,,,0.029412779957056046,,,,
786,,,0.19139161705970764,,,,
787,,,0.004483633674681187,,,,
788,,,2.561116616561776e-07,,,,
789,,,1.6357655567844631e-06,,,,
6269,,9,,0.011906099505722523,,,
6269,,9,,,0.8939873576164246,0.008695408701896667,0.9477847814559937
6270,0.002252870472148061,10,,,,,
6271,0.0016707595204934478,10,,,,,
6272,0.022926462814211845,10,,,,,
6273,0.00028521654894575477,10,,,,,
6274,6.373642099788412e-05,10,,,,,
6275,0.0011526952730491757,10,,,,,
6276,0.010263708420097828,10,,,,,
6277,0.00026418972993269563,10,,,,,
6278,0.00013367981591727585,10,,,,,
6279,5.2939805755158886e-05,10,,,,,
6280,0.03055531345307827,10,,,,,
6281,2.7277428671368398e-05,10,,,,,
6282,0.006175776943564415,10,,,,,
6283,0.0035486628767102957,10,,,,,
6284,3.224347165087238e-05,10,,,,,
6285,2.100113852065988e-05,10,,,,,
6286,0.0023179026320576668,10,,,,,
6287,0.007880070246756077,10,,,,,
6288,0.008784374222159386,10,,,,,
6289,0.0005344426608644426,10,,,,,
6290,0.061377398669719696,10,,,,,
6291,2.444796155032236e-05,10,,,,,
6292,0.01916712149977684,10,,,,,
6293,0.03585601970553398,10,,,,,
6294,0.019188137724995613,10,,,,,
6295,3.089785241172649e-05,10,,,,,
6296,1.547877945995424e-05,10,,,,,
6297,5.822596722282469e-05,10,,,,,
6298,0.04666196182370186,10,,,,,
6299,0.006808252539485693,10,,,,,
6300,4.3938813178101555e-05,10,,,,,
6301,0.00013966958795208484,10,,,,,
6302,0.003476941492408514,10,,,,,
6303,0.0017086584120988846,10,,,,,
6304,0.0006208822596818209,10,,,,,
6305,7.165249553509057e-05,10,,,,,
6306,0.010588428936898708,10,,,,,
6307,0.0001085379917640239,10,,,,,
6308,0.0008259261958301067,10,,,,,
6309,0.02807724103331566,10,,,,,
6310,0.0020332587882876396,10,,,,,
6311,0.007672713603824377,10,,,,,
6312,0.027032511308789253,10,,,,,
6313,0.01583232171833515,10,,,,,
6314,0.004851720295846462,10,,,,,
6315,0.05544281005859375,10,,,,,
6316,0.0035979491658508778,10,,,,,
6317,0.0058395047672092915,10,,,,,
6318,0.0008605032926425338,10,,,,,
6319,0.00011735285079339519,10,,,,,
6320,0.002762757707387209,10,,,,,
6321,0.006742393597960472,10,,,,,
6322,0.0001300846051890403,10,,,,,
6323,0.004619150422513485,10,,,,,
6324,0.0024294229224324226,10,,,,,
6325,0.00027939846040681005,10,,,,,
6326,0.02721395343542099,10,,,,,
6327,0.009533698670566082,10,,,,,
6328,0.0007730738143436611,10,,,,,
6329,0.026951225474476814,10,,,,,
6330,0.00017316873709205538,10,,,,,
6331,0.0002472088090144098,10,,,,,
6332,0.01285110879689455,10,,,,,
6333,0.022697458043694496,10,,,,,
6334,0.0027166486252099276,10,,,,,
6335,0.018957357853651047,10,,,,,
6336,0.006477555260062218,10,,,,,
6337,0.00012181959755253047,10,,,,,
6338,0.0037757104728370905,10,,,,,
6339,0.0005657410365529358,10,,,,,
6340,0.00012063116446370259,10,,,,,
6341,0.0005386089906096458,10,,,,,
6342,0.014184551313519478,10,,,,,
6343,0.0001699469139566645,10,,,,,
6344,0.0044476683251559734,10,,,,,
6345,6.728471635142341e-05,10,,,,,
6346,0.003401371883228421,10,,,,,
6347,0.025944488123059273,10,,,,,
6348,0.0034004857297986746,10,,,,,
6349,0.004401169717311859,10,,,,,
6350,0.004995828960090876,10,,,,,
6351,3.4352084185229614e-05,10,,,,,
6352,0.04035666584968567,10,,,,,
6353,0.017789600417017937,10,,,,,
6354,1.447430895495927e-05,10,,,,,
6355,3.199780258000828e-05,10,,,,,
6356,0.028337715193629265,10,,,,,
6357,0.0009026340558193624,10,,,,,
6358,1.3693097571376711e-05,10,,,,,
6359,0.0028309186454862356,10,,,,,
6360,0.021739711984992027,10,,,,,
6361,0.03017643839120865,10,,,,,
6362,5.293049252941273e-05,10,,,,,
6363,9.270771261071786e-05,10,,,,,
6364,0.02227531373500824,10,,,,,
6365,0.023721586912870407,10,,,,,
6366,6.897506864333991e-06,10,,,,,
6367,0.00014836963964626193,10,,,,,
6368,0.03365866094827652,10,,,,,
6369,0.006251870654523373,10,,,,,
6370,8.617463754490018e-05,10,,,,,
6371,5.09929122927133e-05,10,,,,,
6372,0.0034538893960416317,10,,,,,
6373,0.0007302973535843194,10,,,,,
6374,0.007583982776850462,10,,,,,
6375,0.006357841193675995,10,,,,,
6376,2.638479600136634e-05,10,,,,,
6377,0.002150581916794181,10,,,,,
6378,0.030446959659457207,10,,,,,
6379,0.005344092380255461,10,,,,,
6380,4.252147118677385e-05,10,,,,,
6381,0.009943773970007896,10,,,,,
6382,0.003370583988726139,10,,,,,
6383,0.028143474832177162,10,,,,,
6384,0.0033173204865306616,10,,,,,
6385,0.004251039586961269,10,,,,,
6386,0.004049887415021658,10,,,,,
6387,0.02105332538485527,10,,,,,
6388,2.03784820769215e-05,10,,,,,
6389,0.00349964271299541,10,,,,,
6390,3.7707322917412966e-05,10,,,,,
6391,0.029570631682872772,10,,,,,
6392,0.002167720813304186,10,,,,,
6393,0.00016178506484720856,10,,,,,
6394,0.019952381029725075,10,,,,,
6395,4.7430050472030416e-05,10,,,,,
6396,0.006101038306951523,10,,,,,
6397,0.004344040993601084,10,,,,,
6398,0.005443219095468521,10,,,,,
6399,0.0030186844523996115,10,,,,,
6400,0.012138678692281246,10,,,,,
6401,0.00016662188863847405,10,,,,,
6402,0.002228276804089546,10,,,,,
6403,3.2187475881073624e-05,10,,,,,
6404,3.911076419171877e-05,10,,,,,
6405,0.005696421023458242,10,,,,,
6406,0.033828623592853546,10,,,,,
6407,0.00011063816782552749,10,,,,,
6408,0.029827656224370003,10,,,,,
6409,0.0002369125431869179,10,,,,,
6410,0.01412127260118723,10,,,,,
6411,0.02002893015742302,10,,,,,
6412,0.031009307131171227,10,,,,,
6413,0.0024238992482423782,10,,,,,
6414,0.002495816443115473,10,,,,,
6415,0.0014442041283473372,10,,,,,
6416,1.735860678309109e-05,10,,,,,
6417,0.0001303364842897281,10,,,,,
6418,4.0560578781878576e-05,10,,,,,
6419,0.010591484606266022,10,,,,,
6420,5.235107528278604e-05,10,,,,,
6421,0.0010512432781979442,10,,,,,
6422,7.532265590270981e-05,10,,,,,
6423,3.749969255295582e-05,10,,,,,
6424,0.002106078900396824,10,,,,,
6425,0.0035285253543406725,10,,,,,
6426,0.002512200502678752,10,,,,,
6427,0.001724645378999412,10,,,,,
6428,0.007836688309907913,10,,,,,
6429,8.417331264354289e-05,10,,,,,
6430,0.027599064633250237,10,,,,,
6431,5.8560730394674465e-05,10,,,,,
6432,0.005591883789747953,10,,,,,
6433,0.0205230712890625,10,,,,,
6434,0.00033148564398288727,10,,,,,
6435,0.006725856568664312,10,,,,,
6436,0.0010414054850116372,10,,,,,
6437,0.006711183115839958,10,,,,,
6438,0.006280539557337761,10,,,,,
6439,0.002399903954938054,10,,,,,
6440,0.00114531721919775,10,,,,,
6441,0.0007066889083944261,10,,,,,
6442,0.0029152471106499434,10,,,,,
6443,0.0034781498834490776,10,,,,,
6444,0.0042481254786252975,10,,,,,
6445,0.03138035908341408,10,,,,,
6446,6.523293995996937e-05,10,,,,,
6447,0.013104544952511787,10,,,,,
6448,9.66072257142514e-05,10,,,,,
6449,0.0034671614412218332,10,,,,,
6450,0.0065638283267617226,10,,,,,
6451,0.006837031804025173,10,,,,,
6452,0.0001805332285584882,10,,,,,
6453,0.00047365587670356035,10,,,,,
6454,0.044872596859931946,10,,,,,
6455,0.00027967753703705966,10,,,,,
6456,0.021877573803067207,10,,,,,
6457,0.00020963115093763918,10,,,,,
6458,0.009761068038642406,10,,,,,
6459,2.19680841837544e-05,10,,,,,
6460,0.028682710602879524,10,,,,,
6461,0.0010755333350971341,10,,,,,
6462,0.004857923835515976,10,,,,,
6463,0.003412093734368682,10,,,,,
6464,0.015920180827379227,10,,,,,
6465,0.013763432390987873,10,,,,,
6466,1.5865540262893774e-05,10,,,,,
6467,0.0032589572947472334,10,,,,,
6468,0.0005657574511133134,10,,,,,
6469,0.025260519236326218,10,,,,,
6470,0.00011398239439586177,10,,,,,
6471,0.005060463212430477,10,,,,,
6472,0.04084573686122894,10,,,,,
6473,0.000502056791447103,10,,,,,
6474,0.0006908802897669375,10,,,,,
6475,0.01642652414739132,10,,,,,
6476,0.0001648616889724508,10,,,,,
6477,0.025058066472411156,10,,,,,
6478,0.0001467871479690075,10,,,,,
6479,0.06050388142466545,10,,,,,
6480,0.00016436654550489038,10,,,,,
6481,0.001086598727852106,10,,,,,
6482,0.007047662511467934,10,,,,,
6483,0.004018079489469528,10,,,,,
6484,0.00013111265434417874,10,,,,,
6485,0.0025727583561092615,10,,,,,
6486,0.0011047269217669964,10,,,,,
6487,0.0006789552280679345,10,,,,,
6488,0.00041814849828369915,10,,,,,
6489,0.0021666118409484625,10,,,,,
6490,0.02627710998058319,10,,,,,
6491,0.01932450756430626,10,,,,,
6492,0.0050223409198224545,10,,,,,
6493,0.0033331464510411024,10,,,,,
6494,0.02279457077383995,10,,,,,
6495,8.569812780478969e-05,10,,,,,
6496,0.023151472210884094,10,,,,,
6497,0.0014585955068469048,10,,,,,
6498,0.000660651596263051,10,,,,,
6499,4.742748205899261e-05,10,,,,,
6500,0.05661211907863617,10,,,,,
6501,0.027031762525439262,10,,,,,
6502,0.004087949637323618,10,,,,,
6503,0.003300375770777464,10,,,,,
6504,0.0004355110286269337,10,,,,,
6505,0.0005053278873674572,10,,,,,
6506,0.006333230063319206,10,,,,,
6507,0.023839056491851807,10,,,,,
6508,0.05645047873258591,10,,,,,
6509,0.005417965818196535,10,,,,,
6510,0.008794309571385384,10,,,,,
6511,0.004666429944336414,10,,,,,
6512,9.772053454071283e-05,10,,,,,
6513,0.04105193912982941,10,,,,,
6514,0.011660076677799225,10,,,,,
6515,0.013787626288831234,10,,,,,
6516,0.00012488900392781943,10,,,,,
6517,0.0006229038699530065,10,,,,,
6518,0.0066105457954108715,10,,,,,
6519,0.0006027009221725166,10,,,,,
6520,0.0035466135013848543,10,,,,,
6521,0.001779001671820879,10,,,,,
6522,0.02668975293636322,10,,,,,
6523,0.004165042657405138,10,,,,,
6524,0.0005871659959666431,10,,,,,
6525,0.04494898021221161,10,,,,,
6526,0.0043173497542738914,10,,,,,
6527,0.03800279647111893,10,,,,,
6528,3.292525798315182e-05,10,,,,,
6529,0.02914329618215561,10,,,,,
6530,5.885339851374738e-05,10,,,,,
6531,0.013486593961715698,10,,,,,
6532,0.011923876591026783,10,,,,,
6533,0.0038792183622717857,10,,,,,
6534,0.003541701240465045,10,,,,,
6535,0.01827741414308548,10,,,,,
6536,5.401376620284282e-05,10,,,,,
6537,0.0036992488894611597,10,,,,,
6538,4.752705717692152e-05,10,,,,,
6539,4.414677096065134e-05,10,,,,,
6540,0.002858242252841592,10,,,,,
6541,0.0036070554051548243,10,,,,,
6542,6.972379196668044e-05,10,,,,,
6543,0.004975324496626854,10,,,,,
6544,0.0032779762987047434,10,,,,,
6545,0.0001175999132101424,10,,,,,
6546,3.676547930808738e-05,10,,,,,
6547,0.007037024479359388,10,,,,,
6548,0.00024257130280602723,10,,,,,
6549,0.002872169017791748,10,,,,,
6550,0.00012711764429695904,10,,,,,
6551,0.03669331967830658,10,,,,,
6552,0.03494291380047798,10,,,,,
6553,3.8171270716702566e-05,10,,,,,
6554,0.00012695985788013786,10,,,,,
6555,1.89623206097167e-05,10,,,,,
6556,0.002980985911563039,10,,,,,
6557,0.000163207805599086,10,,,,,
6558,0.0017657558200880885,10,,,,,
6559,0.014603080227971077,10,,,,,
6560,0.0032646094914525747,10,,,,,
6561,0.0002470514737069607,10,,,,,
6562,1.1379768693586811e-05,10,,,,,
6563,0.00010474630835233256,10,,,,,
6564,0.03925168141722679,10,,,,,
6565,0.007367510814219713,10,,,,,
6566,5.301276905811392e-05,10,,,,,
6567,0.0034476728178560734,10,,,,,
6568,3.329475657665171e-05,10,,,,,
6569,0.02153552509844303,10,,,,,
6570,0.02311631850898266,10,,,,,
6571,0.025444313883781433,10,,,,,
6572,8.01624537416501e-06,10,,,,,
6573,0.0023275346029549837,10,,,,,
6574,5.8969013480236754e-05,10,,,,,
6575,2.0909670638502575e-05,10,,,,,
6576,0.0008138652774505317,10,,,,,
6577,5.396719279815443e-05,10,,,,,
6578,2.5388930225744843e-05,10,,,,,
6579,0.0005339787458069623,10,,,,,
6580,0.0018893334781751037,10,,,,,
6581,0.003438541665673256,10,,,,,
6582,0.009704132564365864,10,,,,,
6583,5.1956700190203264e-05,10,,,,,
6584,0.04789828136563301,10,,,,,
6585,3.118533277302049e-05,10,,,,,
6586,0.023248134180903435,10,,,,,
6587,0.0027573697734624147,10,,,,,
6588,0.016195829957723618,10,,,,,
6589,0.010304652154445648,10,,,,,
6590,9.423694791621529e-06,10,,,,,
6591,2.4371085601160303e-05,10,,,,,
6592,0.004686582367867231,10,,,,,
6593,0.0035935158375650644,10,,,,,
6594,0.021451028063893318,10,,,,,
6595,0.01601102203130722,10,,,,,
6596,0.0019317622063681483,10,,,,,
6597,0.004002726636826992,10,,,,,
6598,0.003879350144416094,10,,,,,
6599,0.0045286547392606735,10,,,,,
6600,1.1557045581866987e-05,10,,,,,
6601,0.009785329923033714,10,,,,,
6602,1.861007149273064e-05,10,,,,,
6603,7.14607085683383e-05,10,,,,,
6604,0.0036048286128789186,10,,,,,
6605,0.02148618921637535,10,,,,,
6606,0.0022784657776355743,10,,,,,
6607,0.0001841066259657964,10,,,,,
6608,5.663512638420798e-05,10,,,,,
6609,0.0030550071969628334,10,,,,,
6610,0.023624826222658157,10,,,,,
6611,0.007906400598585606,10,,,,,
6612,0.0034729051403701305,10,,,,,
6613,0.0005031778127886355,10,,,,,
6614,0.0030939076095819473,10,,,,,
6615,0.005107829812914133,10,,,,,
6616,0.004642976447939873,10,,,,,
6617,2.986350591527298e-05,10,,,,,
6618,0.026555687189102173,10,,,,,
6619,0.017908072099089622,10,,,,,
6620,0.0037531910929828882,10,,,,,
6621,0.018966279923915863,10,,,,,
6622,6.1477352574002e-05,10,,,,,
6623,0.00023027288261801004,10,,,,,
6624,0.000244620896410197,10,,,,,
6625,0.0036735001485794783,10,,,,,
6626,0.0045140828005969524,10,,,,,
6627,0.028151877224445343,10,,,,,
6628,0.04517601802945137,10,,,,,
6629,0.03636780008673668,10,,,,,
6630,0.009931867942214012,10,,,,,
6631,3.131925404886715e-05,10,,,,,
6632,0.009741730988025665,10,,,,,
6633,1.719653300824575e-05,10,,,,,
6634,0.0024544112384319305,10,,,,,
6635,0.0031507976818829775,10,,,,,
6636,5.1152495871065184e-05,10,,,,,
6637,2.22000071516959e-05,10,,,,,
6638,9.41011167014949e-05,10,,,,,
6639,0.003854647744446993,10,,,,,
6640,5.882006007595919e-05,10,,,,,
6641,0.013643297366797924,10,,,,,
6642,0.003055679379031062,10,,,,,
6643,0.0039963857270777225,10,,,,,
6644,0.04491441324353218,10,,,,,
6645,5.956469613010995e-05,10,,,,,
6646,0.0007306215702556074,10,,,,,
6647,0.0009410156635567546,10,,,,,
6648,0.004208119586110115,10,,,,,
6649,0.023841382935643196,10,,,,,
6650,0.029564904049038887,10,,,,,
6651,0.019009869545698166,10,,,,,
6652,0.007429187651723623,10,,,,,
6653,0.07494229078292847,10,,,,,
6654,0.035367876291275024,10,,,,,
6655,0.013151377439498901,10,,,,,
6656,0.022387823089957237,10,,,,,
6657,0.0019459468312561512,10,,,,,
6658,0.014564982615411282,10,,,,,
6659,0.025209320709109306,10,,,,,
6660,0.000844633555971086,10,,,,,
6661,0.0021681380458176136,10,,,,,
6662,0.0010650083422660828,10,,,,,
6663,0.0220049936324358,10,,,,,
6664,0.0022499493788927794,10,,,,,
6665,0.0032975932117551565,10,,,,,
6666,0.0004742384480778128,10,,,,,
6667,0.02130015566945076,10,,,,,
6668,0.021616343408823013,10,,,,,
6669,6.7373453930486e-05,10,,,,,
6670,0.00015622435603290796,10,,,,,
6671,0.0070322975516319275,10,,,,,
6672,7.121480302885175e-05,10,,,,,
6673,0.021860726177692413,10,,,,,
6674,2.567899355199188e-05,10,,,,,
6675,0.005451463162899017,10,,,,,
6676,5.766372487414628e-05,10,,,,,
6677,1.851172601163853e-05,10,,,,,
6678,0.01795012317597866,10,,,,,
6679,0.00012082009197911248,10,,,,,
6680,0.006591195240616798,10,,,,,
6681,0.0027017861139029264,10,,,,,
6682,0.028068067505955696,10,,,,,
6683,9.007313201436773e-05,10,,,,,
6684,0.00013706975732930005,10,,,,,
6685,1.0051349818240851e-05,10,,,,,
6686,0.019749514758586884,10,,,,,
6687,0.004814246669411659,10,,,,,
6688,9.950080857379362e-05,10,,,,,
6689,7.391317194560543e-05,10,,,,,
6690,0.0014347187243402004,10,,,,,
6691,0.01589505933225155,10,,,,,
6692,0.027281614020466805,10,,,,,
6693,0.0075136879459023476,10,,,,,
6694,8.885586430551484e-05,10,,,,,
6695,1.5589219401590526e-05,10,,,,,
6696,0.0020787862595170736,10,,,,,
6697,0.004195866174995899,10,,,,,
6698,4.016498860437423e-05,10,,,,,
6699,0.003935487940907478,10,,,,,
6700,0.02451321855187416,10,,,,,
6701,0.00377662037499249,10,,,,,
6702,0.0004919064231216908,10,,,,,
6703,0.004759133793413639,10,,,,,
6704,0.0015116420108824968,10,,,,,
6705,0.002865879563614726,10,,,,,
6706,2.4504321118001826e-05,10,,,,,
6707,3.427177944104187e-05,10,,,,,
6708,0.001544945640489459,10,,,,,
6709,0.0018253462621942163,10,,,,,
6710,0.002268634270876646,10,,,,,
6711,3.471444142633118e-05,10,,,,,
6712,0.005104518961161375,10,,,,,
6713,0.0027773412875831127,10,,,,,
6714,0.005095382686704397,10,,,,,
6715,0.05296878516674042,10,,,,,
6716,0.029854658991098404,10,,,,,
6717,7.787200047459919e-06,10,,,,,
6718,0.031333569437265396,10,,,,,
6719,3.965663563576527e-05,10,,,,,
6720,0.004677556920796633,10,,,,,
6721,0.0033573859836906195,10,,,,,
6722,4.066836481797509e-05,10,,,,,
6723,4.142809848417528e-05,10,,,,,
6724,0.017445800825953484,10,,,,,
6725,1.4285737051977776e-05,10,,,,,
6726,0.0024765473790466785,10,,,,,
6727,0.019823098555207253,10,,,,,
6728,9.720763773657382e-05,10,,,,,
6729,0.06828773021697998,10,,,,,
6730,4.429263572092168e-05,10,,,,,
6731,0.00023426795087289065,10,,,,,
6732,0.0005409555742517114,10,,,,,
6733,3.502402614685707e-05,10,,,,,
6734,0.022004956379532814,10,,,,,
6735,0.0038868719711899757,10,,,,,
6736,0.0058594560250639915,10,,,,,
6737,0.001804877771064639,10,,,,,
6738,2.3629407223779708e-05,10,,,,,
6739,3.487592039164156e-05,10,,,,,
6740,5.366781624616124e-05,10,,,,,
6741,3.679043220472522e-05,10,,,,,
6742,0.005163374822586775,10,,,,,
6743,2.6290943424100988e-05,10,,,,,
6744,0.013465779833495617,10,,,,,
6745,5.441890607471578e-05,10,,,,,
6746,0.021657416597008705,10,,,,,
6747,0.002253865357488394,10,,,,,
6748,0.0036743308883160353,10,,,,,
6749,6.987530014157528e-06,10,,,,,
6750,0.001917944522574544,10,,,,,
6751,0.004364820662885904,10,,,,,
6752,2.8603284590644762e-05,10,,,,,
6753,0.0002597220882307738,10,,,,,
6754,0.0023531585466116667,10,,,,,
6755,0.0016898486064746976,10,,,,,
6756,3.82772705052048e-05,10,,,,,
6757,0.029614275321364403,10,,,,,
6758,0.002865587128326297,10,,,,,
6759,0.006433237809687853,10,,,,,
6760,3.5645465686684474e-05,10,,,,,
6761,0.0021938958670943975,10,,,,,
6762,0.0056870318949222565,10,,,,,
6763,0.012725209817290306,10,,,,,
6764,0.0018024217570200562,10,,,,,
6765,3.9559196011396125e-05,10,,,,,
6766,0.0006888798670843244,10,,,,,
6767,0.007539802696555853,10,,,,,
6768,7.864656072342768e-05,10,,,,,
6769,1.9484559743432328e-05,10,,,,,
6770,0.00013799729640595615,10,,,,,
6771,8.122796862153336e-05,10,,,,,
6772,0.0003970960678998381,10,,,,,
6773,9.793278150027618e-05,10,,,,,
6774,0.00012458070705179125,10,,,,,
6775,0.0028931356500834227,10,,,,,
6776,0.005941456183791161,10,,,,,
6777,2.5551040380378254e-05,10,,,,,
6778,0.0051537081599235535,10,,,,,
6779,0.00403616763651371,10,,,,,
6780,0.004364826716482639,10,,,,,
6781,2.941230013675522e-05,10,,,,,
6782,1.539856930321548e-05,10,,,,,
6783,6.339110314002028e-06,10,,,,,
6784,0.0005843790131621063,10,,,,,
6785,7.594151156808948e-06,10,,,,,
6786,0.0023075779899954796,10,,,,,
6787,0.0010122325038537383,10,,,,,
6788,2.917086567322258e-05,10,,,,,
6789,1.913521009555552e-05,10,,,,,
6790,3.64323022949975e-06,10,,,,,
6791,0.016263606026768684,10,,,,,
6792,2.8485868824645877e-05,10,,,,,
6793,0.0024869900662451982,10,,,,,
6794,2.6845698812394403e-05,10,,,,,
6795,0.02542274072766304,10,,,,,
6796,0.04010636359453201,10,,,,,
6797,0.002314405981451273,10,,,,,
6798,0.027896935120224953,10,,,,,
6799,0.024769306182861328,10,,,,,
6800,0.01381236594170332,10,,,,,
6801,0.01673141121864319,10,,,,,
6802,2.796318949549459e-05,10,,,,,
6803,7.89595433161594e-05,10,,,,,
6804,8.344541129190475e-06,10,,,,,
6805,0.00838136300444603,10,,,,,
6806,0.03287757560610771,10,,,,,
6807,0.0034968096297234297,10,,,,,
6808,7.325625483645126e-05,10,,,,,
6809,0.010491058230400085,10,,,,,
6810,1.4458318219112698e-05,10,,,,,
6811,0.004070022609084845,10,,,,,
6812,0.030337518081068993,10,,,,,
6813,0.00021139932505320758,10,,,,,
6814,8.285321382572874e-05,10,,,,,
6815,9.06383793335408e-05,10,,,,,
6816,4.815802094526589e-05,10,,,,,
6817,0.002699572592973709,10,,,,,
6818,0.007223890163004398,10,,,,,
6819,0.006952831055969,10,,,,,
6820,0.0041400897316634655,10,,,,,
6821,0.000398320727981627,10,,,,,
6822,0.004983500577509403,10,,,,,
6823,0.022013315930962563,10,,,,,
6824,3.6251261917641386e-05,10,,,,,
6825,0.0040883757174015045,10,,,,,
6826,0.0033791707828640938,10,,,,,
6827,5.390154183260165e-05,10,,,,,
6828,0.004466898739337921,10,,,,,
6829,0.03227890655398369,10,,,,,
6830,3.7820205761818215e-05,10,,,,,
6831,0.0008414616459049284,10,,,,,
6832,0.008497660048305988,10,,,,,
6833,2.936628516181372e-05,10,,,,,
6834,0.0188162662088871,10,,,,,
6835,0.0031909325625747442,10,,,,,
6836,0.014466732740402222,10,,,,,
6837,0.0005865859566256404,10,,,,,
6838,0.0051279193721711636,10,,,,,
6839,0.001538780052214861,10,,,,,
6840,0.0036282744258642197,10,,,,,
6841,0.0003452338569331914,10,,,,,
6842,0.0005098218680359423,10,,,,,
6843,0.00011905688734259456,10,,,,,
6844,8.303178037749603e-05,10,,,,,
6845,1.5014638847787865e-05,10,,,,,
6846,0.004475210327655077,10,,,,,
6847,0.003935236018151045,10,,,,,
6848,0.0019570619333535433,10,,,,,
6849,0.001167814596556127,10,,,,,
6850,0.029608003795146942,10,,,,,
6851,0.0019536190666258335,10,,,,,
6852,0.005943033378571272,10,,,,,
6853,1.420375792804407e-05,10,,,,,
6854,0.0013208246091380715,10,,,,,
6855,0.0025561032816767693,10,,,,,
6856,2.1951425878796726e-05,10,,,,,
6857,0.03008350543677807,10,,,,,
6858,0.011861800216138363,10,,,,,
6859,0.026734139770269394,10,,,,,
6860,1.031157353281742e-05,10,,,,,
6861,0.0001159753228421323,10,,,,,
6862,0.010752908885478973,10,,,,,
6863,7.591964731545886e-06,10,,,,,
6864,0.0011754906736314297,10,,,,,
6865,2.9720358725171536e-05,10,,,,,
6866,0.004727005492895842,10,,,,,
6867,0.003021624404937029,10,,,,,
6868,0.02307954989373684,10,,,,,
6869,0.00595577247440815,10,,,,,
6870,6.547918474097969e-06,10,,,,,
6871,0.0015583069762215018,10,,,,,
6872,0.005605597514659166,10,,,,,
6873,9.169266559183598e-05,10,,,,,
6874,9.819152182899415e-06,10,,,,,
6875,0.022032804787158966,10,,,,,
6876,0.010517820715904236,10,,,,,
6877,0.0007545312982983887,10,,,,,
6878,0.001762345083989203,10,,,,,
6879,0.00015746838471386582,10,,,,,
6880,8.831275044940412e-05,10,,,,,
6881,0.00011655892012640834,10,,,,,
6882,3.8661211874568835e-05,10,,,,,
6883,1.4331855709315278e-05,10,,,,,
6884,6.997633317951113e-05,10,,,,,
6885,0.016505951061844826,10,,,,,
6886,0.002877881284803152,10,,,,,
6887,0.019812341779470444,10,,,,,
6888,0.016209224238991737,10,,,,,
6889,5.758841507486068e-05,10,,,,,
6890,2.3956401491886936e-05,10,,,,,
6891,0.011048877611756325,10,,,,,
6892,8.145056926878169e-05,10,,,,,
6893,0.00010160111560253426,10,,,,,
6894,0.026996856555342674,10,,,,,
6895,7.89506702858489e-06,10,,,,,
6896,1.2227039405843243e-05,10,,,,,
790,,,0.021498246118426323,,,,
791,,,0.004311307333409786,,,,
792,,,1.639107978235188e-07,,,,
793,,,0.017680764198303223,,,,
794,,,4.221992355724069e-08,,,,
795,,,0.02538394369184971,,,,
796,,,0.004086477216333151,,,,
797,,,7.33841076794306e-08,,,,
798,,,0.0243394635617733,,,,
799,,,2.7121680901132095e-08,,,,
800,,,2.842679514003521e-08,,,,
801,,,0.007023023907095194,,,,
802,,,1.213807792055377e-07,,,,
803,,,0.0018141421023756266,,,,
804,,,0.02121402509510517,,,,
805,,,1.424383100356863e-07,,,,
806,,,0.004583149217069149,,,,
807,,,0.0016271324129775167,,,,
808,,,1.1335232557030395e-06,,,,
809,,,0.03587285056710243,,,,
810,,,0.0041966685093939304,,,,
811,,,5.479774856098629e-08,,,,
812,,,1.2043142305628862e-07,,,,
813,,,0.025715358555316925,,,,
814,,,1.0637111103051211e-07,,,,
815,,,0.0016804966144263744,,,,
816,,,0.003976999782025814,,,,
817,,,5.0740272428129174e-08,,,,
818,,,5.361251709246062e-08,,,,
819,,,7.884167274596621e-08,,,,
820,,,0.0016023865900933743,,,,
821,,,0.001609413418918848,,,,
822,,,1.409258857165696e-06,,,,
823,,,0.007365265861153603,,,,
824,,,5.9604527535839225e-08,,,,
825,,,2.3781629110430913e-08,,,,
826,,,0.0015587554080411792,,,,
827,,,0.09335342794656754,,,,
828,,,1.135326233026035e-08,,,,
829,,,0.015546388924121857,,,,
830,,,2.2276473998772417e-08,,,,
831,,,0.025784138590097427,,,,
832,,,0.001791343791410327,,,,
833,,,0.0569319948554039,,,,
834,,,0.01645437628030777,,,,
835,,,0.025026051327586174,,,,
836,,,0.0016277109971269965,,,,
837,,,8.555002182220051e-07,,,,
838,,,7.722942285681711e-08,,,,
839,,,0.03540154919028282,,,,
840,,,1.4161097396936384e-06,,,,
841,,,0.004049553070217371,,,,
842,,,1.3459111158908854e-08,,,,
843,,,0.004103273153305054,,,,
844,,,4.005685028118933e-08,,,,
845,,,0.04059727117419243,,,,
846,,,0.003959506284445524,,,,
847,,,5.0128978301700045e-08,,,,
848,,,0.003121161600574851,,,,
849,,,0.019274765625596046,,,,
850,,,0.005642568226903677,,,,
851,,,4.454320645663756e-08,,,,
852,,,2.6175555944973894e-08,,,,
853,,,0.023667529225349426,,,,
854,,,0.0015682667726650834,,,,
855,,,0.004079835023730993,,,,
856,,,5.5879258553659383e-08,,,,
857,,,0.0329543799161911,,,,
858,,,1.4827019612084769e-08,,,,
859,,,7.305364846388329e-08,,,,
860,,,8.663789685670054e-08,,,,
861,,,0.0015934818657115102,,,,
862,,,0.030998272821307182,,,,
863,,,0.030369799584150314,,,,
864,,,0.02810773439705372,,,,
865,,,0.2698533535003662,,,,
866,,,1.7045606455212692e-06,,,,
867,,,8.102492898842684e-08,,,,
868,,,2.1457616128373047e-07,,,,
6896,,10,,0.012690171599388123,,,
6896,,10,,,0.8607594966888428,0.00778202572837472,0.905063271522522
6897,1.1290111615380738e-05,11,,,,,
6898,4.524869382294128e-06,11,,,,,
6899,0.006290013901889324,11,,,,,
6900,0.0017553383950144053,11,,,,,
6901,0.002351912669837475,11,,,,,
6902,0.00028391051455400884,11,,,,,
6903,5.424910705187358e-05,11,,,,,
6904,0.0026391204446554184,11,,,,,
6905,0.014401495456695557,11,,,,,
6906,3.545372965163551e-05,11,,,,,
6907,0.00023618682462256402,11,,,,,
6908,1.465996047045337e-05,11,,,,,
6909,0.00040576831088401377,11,,,,,
6910,0.03014480322599411,11,,,,,
6911,0.004725676029920578,11,,,,,
6912,0.006149164400994778,11,,,,,
6913,0.004731915425509214,11,,,,,
6914,0.0063902223482728004,11,,,,,
6915,0.013940254226326942,11,,,,,
6916,0.001979810418561101,11,,,,,
6917,5.126723772264086e-05,11,,,,,
6918,4.565602648654021e-05,11,,,,,
6919,0.005275869742035866,11,,,,,
6920,0.030152419582009315,11,,,,,
6921,0.0159853957593441,11,,,,,
6922,1.4811552318860777e-05,11,,,,,
6923,9.181282621284481e-06,11,,,,,
6924,0.0014945677248761058,11,,,,,
6925,0.0035675414837896824,11,,,,,
6926,0.004621703643351793,11,,,,,
6927,0.00019210517348255962,11,,,,,
6928,0.00409355666488409,11,,,,,
6929,4.546681520878337e-05,11,,,,,
6930,9.548461093800142e-05,11,,,,,
6931,0.008738252334296703,11,,,,,
6932,0.02857908606529236,11,,,,,
6933,6.860565463284729e-06,11,,,,,
6934,0.008589106611907482,11,,,,,
6935,0.0001470083079766482,11,,,,,
6936,0.028286486864089966,11,,,,,
6937,0.0002188861690228805,11,,,,,
6938,1.613604763406329e-05,11,,,,,
6939,9.468603821005672e-06,11,,,,,
6940,0.028584057465195656,11,,,,,
6941,0.00019062070350628346,11,,,,,
6942,0.009965796023607254,11,,,,,
6943,2.3357593818218447e-05,11,,,,,
6944,3.027870479854755e-05,11,,,,,
6945,3.171384378219955e-05,11,,,,,
6946,0.009184093214571476,11,,,,,
6947,0.00025076288147829473,11,,,,,
6948,0.0027658394537866116,11,,,,,
6949,0.0033185125794261694,11,,,,,
6950,0.002748578554019332,11,,,,,
6951,9.900991244649049e-06,11,,,,,
6952,0.00010347224451834336,11,,,,,
6953,0.002861849032342434,11,,,,,
6954,0.0034529888071119785,11,,,,,
6955,2.1676052710972726e-05,11,,,,,
6956,7.293915405170992e-05,11,,,,,
6957,3.662208882815321e-06,11,,,,,
6958,0.0001462250220356509,11,,,,,
6959,0.0026691260281950235,11,,,,,
6960,0.00023876293562352657,11,,,,,
6961,0.0032303729094564915,11,,,,,
6962,0.0021582338958978653,11,,,,,
6963,1.604631142981816e-05,11,,,,,
6964,0.001965415896847844,11,,,,,
6965,6.20382570559741e-06,11,,,,,
6966,3.3295411867584335e-06,11,,,,,
6967,0.04194064065814018,11,,,,,
6968,0.007586964871734381,11,,,,,
6969,1.570109998283442e-05,11,,,,,
6970,0.028464587405323982,11,,,,,
6971,0.00183730514254421,11,,,,,
6972,1.9711385903065093e-05,11,,,,,
6973,0.00027224174118600786,11,,,,,
6974,0.007809558883309364,11,,,,,
6975,0.013030736707150936,11,,,,,
6976,7.513415766879916e-05,11,,,,,
6977,0.0017994913505390286,11,,,,,
6978,0.000294522411422804,11,,,,,
6979,0.0011603344464674592,11,,,,,
6980,0.003653568448498845,11,,,,,
6981,0.0023300836328417063,11,,,,,
6982,0.013287872076034546,11,,,,,
6983,0.0015435963869094849,11,,,,,
6984,0.009156636893749237,11,,,,,
6985,2.527452124923002e-05,11,,,,,
6986,0.00411536218598485,11,,,,,
6987,0.005141423083841801,11,,,,,
6988,0.032317135483026505,11,,,,,
6989,0.00013074568414594978,11,,,,,
6990,0.00027646339731290936,11,,,,,
6991,0.00989056657999754,11,,,,,
6992,4.459260708244983e-06,11,,,,,
6993,0.005949878133833408,11,,,,,
6994,0.0012035544496029615,11,,,,,
6995,0.004185687750577927,11,,,,,
6996,2.136252987838816e-05,11,,,,,
6997,1.5101812095963396e-05,11,,,,,
6998,1.9544644601410255e-05,11,,,,,
6999,7.488933533750242e-06,11,,,,,
7000,4.678646655520424e-05,11,,,,,
7001,0.022048259153962135,11,,,,,
7002,0.006388335023075342,11,,,,,
7003,7.76887172833085e-05,11,,,,,
7004,0.029603926464915276,11,,,,,
7005,0.03247331827878952,11,,,,,
7006,0.041660699993371964,11,,,,,
7007,0.018139736726880074,11,,,,,
7008,1.918909401865676e-05,11,,,,,
7009,0.0024685433600097895,11,,,,,
7010,0.008143401704728603,11,,,,,
7011,9.349166066385806e-05,11,,,,,
7012,0.03969631344079971,11,,,,,
7013,7.508578710258007e-05,11,,,,,
7014,0.005191546864807606,11,,,,,
7015,0.010368885472416878,11,,,,,
7016,0.003003625897690654,11,,,,,
7017,0.0027249937411397696,11,,,,,
7018,0.01901702769100666,11,,,,,
7019,9.593900904292241e-05,11,,,,,
7020,7.600442768307403e-05,11,,,,,
7021,0.00014345212548505515,11,,,,,
7022,0.053818702697753906,11,,,,,
7023,0.0019474411383271217,11,,,,,
7024,0.005277091637253761,11,,,,,
7025,0.00020251423120498657,11,,,,,
7026,0.008210031315684319,11,,,,,
7027,0.03936067596077919,11,,,,,
7028,0.006028436124324799,11,,,,,
7029,0.0020646804478019476,11,,,,,
7030,0.00019973797316197306,11,,,,,
7031,0.0005220898892730474,11,,,,,
7032,0.004316461738198996,11,,,,,
7033,1.2943419278599322e-05,11,,,,,
7034,0.004923410248011351,11,,,,,
7035,0.0005426317802630365,11,,,,,
7036,0.02454831451177597,11,,,,,
7037,8.83129469002597e-05,11,,,,,
7038,6.054939512978308e-05,11,,,,,
7039,0.0002042205596808344,11,,,,,
7040,4.7155128413578495e-05,11,,,,,
7041,2.6618559786584228e-05,11,,,,,
7042,4.0412851376459e-05,11,,,,,
7043,0.03009655512869358,11,,,,,
7044,4.8081095883389935e-05,11,,,,,
7045,0.03439510986208916,11,,,,,
7046,0.022730834782123566,11,,,,,
7047,3.6038261896464974e-05,11,,,,,
7048,1.0789883162942715e-05,11,,,,,
7049,0.0028958029579371214,11,,,,,
7050,0.0026281222235411406,11,,,,,
7051,0.00024864141596481204,11,,,,,
7052,0.00028703181305900216,11,,,,,
7053,0.030188240110874176,11,,,,,
7054,0.008669320493936539,11,,,,,
7055,0.00017493401537649333,11,,,,,
7056,0.0014324906514957547,11,,,,,
7057,1.1073529094574042e-05,11,,,,,
7058,0.0001873893925221637,11,,,,,
7059,6.758861854905263e-05,11,,,,,
7060,0.015612168237566948,11,,,,,
7061,2.5488337996648625e-05,11,,,,,
7062,0.006150657311081886,11,,,,,
7063,0.003990347497165203,11,,,,,
7064,0.0032743734773248434,11,,,,,
7065,9.694339678389952e-05,11,,,,,
7066,1.469118069508113e-05,11,,,,,
7067,0.004507448058575392,11,,,,,
7068,0.03600462153553963,11,,,,,
7069,0.00018685530812945217,11,,,,,
7070,0.0025572399608790874,11,,,,,
7071,0.03608769178390503,11,,,,,
7072,9.147432865574956e-05,11,,,,,
7073,0.005494376178830862,11,,,,,
7074,4.112838360015303e-05,11,,,,,
7075,0.01480888295918703,11,,,,,
7076,0.004155932459980249,11,,,,,
7077,0.011066589504480362,11,,,,,
7078,0.0003287419385742396,11,,,,,
7079,7.347720384132117e-05,11,,,,,
7080,0.006648256443440914,11,,,,,
7081,0.013483794406056404,11,,,,,
7082,0.00030892816721461713,11,,,,,
7083,0.025186598300933838,11,,,,,
7084,0.00010332289093639702,11,,,,,
7085,0.014974319376051426,11,,,,,
7086,0.02340886928141117,11,,,,,
7087,0.0005805857945233583,11,,,,,
7088,0.007227715570479631,11,,,,,
7089,0.00215041171759367,11,,,,,
7090,0.021010372787714005,11,,,,,
7091,0.02989494986832142,11,,,,,
7092,0.004860296845436096,11,,,,,
7093,0.001905356883071363,11,,,,,
7094,0.007402573246508837,11,,,,,
7095,0.012194224633276463,11,,,,,
7096,0.04885187745094299,11,,,,,
7097,0.0038221331778913736,11,,,,,
7098,0.0006125706131570041,11,,,,,
7099,0.026948731392621994,11,,,,,
7100,0.0043910169042646885,11,,,,,
7101,0.04334843158721924,11,,,,,
7102,2.040109393419698e-05,11,,,,,
7103,0.021710310131311417,11,,,,,
7104,0.007762437220662832,11,,,,,
7105,0.006779714021831751,11,,,,,
7106,0.009853338822722435,11,,,,,
7107,0.014727253466844559,11,,,,,
7108,0.0007500095525756478,11,,,,,
7109,0.003855610964819789,11,,,,,
7110,0.0007890663691796362,11,,,,,
7111,3.6648489185608923e-05,11,,,,,
7112,0.019122019410133362,11,,,,,
7113,0.01057522464543581,11,,,,,
7114,0.0004804891941603273,11,,,,,
7115,0.00558402668684721,11,,,,,
7116,0.006728302221745253,11,,,,,
7117,0.0002696637820918113,11,,,,,
7118,0.005645300727337599,11,,,,,
7119,0.037900928407907486,11,,,,,
7120,0.00010697242396418005,11,,,,,
7121,0.0187173243612051,11,,,,,
7122,0.0015675899339839816,11,,,,,
7123,0.00824959110468626,11,,,,,
7124,0.000270689808530733,11,,,,,
7125,0.009480797685682774,11,,,,,
7126,1.6566034901188686e-05,11,,,,,
7127,0.01288426760584116,11,,,,,
7128,5.213029362494126e-05,11,,,,,
7129,0.02182113379240036,11,,,,,
7130,8.972370414994657e-05,11,,,,,
7131,7.503786036977544e-05,11,,,,,
7132,0.00012792259803973138,11,,,,,
7133,8.997509576147422e-05,11,,,,,
7134,0.008731544017791748,11,,,,,
7135,0.0023036969359964132,11,,,,,
7136,0.011017278768122196,11,,,,,
7137,0.0008452169131487608,11,,,,,
7138,6.578118336619809e-05,11,,,,,
7139,0.004870377480983734,11,,,,,
7140,0.021344345062971115,11,,,,,
7141,0.006340287625789642,11,,,,,
7142,0.042905550450086594,11,,,,,
7143,0.014041180722415447,11,,,,,
7144,0.04040703922510147,11,,,,,
7145,0.04365690052509308,11,,,,,
7146,1.4453680705628358e-05,11,,,,,
7147,0.025196775794029236,11,,,,,
7148,0.016788393259048462,11,,,,,
7149,0.026636440306901932,11,,,,,
7150,0.004529258236289024,11,,,,,
7151,5.1869963499484584e-05,11,,,,,
7152,0.00801807176321745,11,,,,,
7153,0.014100593514740467,11,,,,,
7154,0.00035832964931614697,11,,,,,
7155,0.0005904528661631048,11,,,,,
7156,5.52077435713727e-05,11,,,,,
7157,7.16058857506141e-05,11,,,,,
7158,0.02024063840508461,11,,,,,
7159,0.00012616640015039593,11,,,,,
7160,0.003964005969464779,11,,,,,
7161,0.027085117995738983,11,,,,,
7162,4.133972470299341e-05,11,,,,,
7163,2.5295807063230313e-05,11,,,,,
7164,0.006549383047968149,11,,,,,
7165,0.0002298193285241723,11,,,,,
7166,0.004341467749327421,11,,,,,
7167,0.005144409369677305,11,,,,,
7168,0.023022757843136787,11,,,,,
7169,0.00382474297657609,11,,,,,
7170,6.602121720789e-05,11,,,,,
7171,0.00040674713090993464,11,,,,,
7172,0.00264747510664165,11,,,,,
7173,0.0042812637984752655,11,,,,,
7174,0.0018160567851737142,11,,,,,
7175,4.1655632230686024e-05,11,,,,,
7176,0.005883061792701483,11,,,,,
7177,2.3906506612547673e-05,11,,,,,
7178,0.015997130423784256,11,,,,,
7179,3.2754931453382596e-05,11,,,,,
7180,0.005640731658786535,11,,,,,
7181,0.009083641692996025,11,,,,,
7182,0.015423436649143696,11,,,,,
7183,8.251772669609636e-06,11,,,,,
7184,0.007528841961175203,11,,,,,
7185,0.0035820044577121735,11,,,,,
7186,4.6639583160867915e-05,11,,,,,
7187,0.002483310177922249,11,,,,,
7188,0.004557648673653603,11,,,,,
7189,3.7417717976495624e-05,11,,,,,
7190,0.005760800093412399,11,,,,,
7191,0.007277048658579588,11,,,,,
7192,0.0030555250123143196,11,,,,,
7193,0.00037586159305647016,11,,,,,
7194,7.956587796797976e-05,11,,,,,
7195,0.01745242066681385,11,,,,,
7196,0.006294146180152893,11,,,,,
7197,1.4006199307914358e-05,11,,,,,
7198,0.005360198672860861,11,,,,,
7199,0.014335001818835735,11,,,,,
7200,0.006992361042648554,11,,,,,
7201,0.0029654689133167267,11,,,,,
7202,2.7805786885437556e-05,11,,,,,
7203,0.00523611344397068,11,,,,,
7204,0.0027860004920512438,11,,,,,
7205,4.2761977965710685e-05,11,,,,,
7206,0.02146725542843342,11,,,,,
7207,0.00588991679251194,11,,,,,
7208,0.01712709479033947,11,,,,,
7209,0.0034243634436279535,11,,,,,
7210,0.007204456254839897,11,,,,,
7211,0.00011912934860447422,11,,,,,
7212,0.02611311338841915,11,,,,,
7213,0.0452866293489933,11,,,,,
7214,0.015510162338614464,11,,,,,
7215,0.03282364830374718,11,,,,,
7216,0.04339427873492241,11,,,,,
7217,0.005730512551963329,11,,,,,
7218,0.04581458494067192,11,,,,,
7219,0.020466765388846397,11,,,,,
7220,0.00320291705429554,11,,,,,
7221,1.1264301974733826e-05,11,,,,,
7222,1.694547972874716e-05,11,,,,,
7223,0.004231990780681372,11,,,,,
7224,0.046404413878917694,11,,,,,
7225,0.0003051089297514409,11,,,,,
7226,0.0008761149947531521,11,,,,,
7227,0.023105204105377197,11,,,,,
7228,0.014691033400595188,11,,,,,
7229,8.845372940413654e-05,11,,,,,
7230,4.88395344291348e-05,11,,,,,
7231,0.030962921679019928,11,,,,,
7232,7.063902739901096e-05,11,,,,,
7233,0.00022039981558918953,11,,,,,
7234,0.006796043366193771,11,,,,,
7235,2.2901713236933574e-05,11,,,,,
7236,0.00936201773583889,11,,,,,
7237,0.01167303416877985,11,,,,,
7238,0.0001335529814241454,11,,,,,
7239,0.0010236965026706457,11,,,,,
7240,0.03623637557029724,11,,,,,
7241,0.028475144878029823,11,,,,,
7242,0.009359561838209629,11,,,,,
7243,0.00575542775914073,11,,,,,
7244,4.386740693007596e-05,11,,,,,
7245,7.310646469704807e-05,11,,,,,
7246,0.005754152312874794,11,,,,,
7247,0.0016871705884113908,11,,,,,
7248,1.6561001757509075e-05,11,,,,,
7249,3.9358514186460525e-05,11,,,,,
7250,0.03647806495428085,11,,,,,
7251,2.4054346795310266e-05,11,,,,,
7252,2.9604936571558937e-05,11,,,,,
7253,0.0021494347602128983,11,,,,,
7254,1.0508386367291678e-05,11,,,,,
7255,0.014070024713873863,11,,,,,
7256,3.006949737027753e-05,11,,,,,
7257,1.6549982319702394e-05,11,,,,,
7258,0.03216833621263504,11,,,,,
7259,3.705950075527653e-05,11,,,,,
7260,0.004284403752535582,11,,,,,
7261,0.0026222446467727423,11,,,,,
7262,2.7754616894526407e-05,11,,,,,
7263,6.823019703006139e-06,11,,,,,
7264,2.062060229945928e-05,11,,,,,
7265,0.006235950626432896,11,,,,,
7266,4.8440702812513337e-05,11,,,,,
7267,7.049039140838431e-06,11,,,,,
7268,0.021752452477812767,11,,,,,
7269,0.002906209323555231,11,,,,,
7270,0.031862273812294006,11,,,,,
7271,2.4073553504422307e-05,11,,,,,
7272,0.002980049466714263,11,,,,,
7273,8.424378029303625e-05,11,,,,,
7274,0.013064906001091003,11,,,,,
7275,0.0044974819757044315,11,,,,,
7276,0.029797589406371117,11,,,,,
7277,0.004759069997817278,11,,,,,
7278,0.0048290700651705265,11,,,,,
7279,6.06382054684218e-05,11,,,,,
7280,5.406446507549845e-05,11,,,,,
7281,0.03476886451244354,11,,,,,
7282,0.0005893271882086992,11,,,,,
7283,0.00011785196693381295,11,,,,,
7284,0.0351465567946434,11,,,,,
7285,0.0026229938957840204,11,,,,,
7286,0.006060147192329168,11,,,,,
7287,2.1167479644645937e-05,11,,,,,
7288,4.645052831619978e-05,11,,,,,
7289,0.002220656257122755,11,,,,,
7290,0.026210526004433632,11,,,,,
7291,1.1157276276207995e-05,11,,,,,
7292,3.87240361305885e-05,11,,,,,
7293,0.01909380592405796,11,,,,,
7294,0.006480847951024771,11,,,,,
7295,0.0024133699480444193,11,,,,,
7296,4.8034085921244696e-05,11,,,,,
7297,0.00015444525342900306,11,,,,,
7298,0.0007094854372553527,11,,,,,
7299,0.023378809913992882,11,,,,,
7300,0.0049551441334187984,11,,,,,
7301,2.5653798729763366e-05,11,,,,,
7302,4.537035056273453e-05,11,,,,,
7303,0.030929766595363617,11,,,,,
7304,3.8673057133564726e-05,11,,,,,
7305,0.008404298685491085,11,,,,,
7306,1.0288459634466562e-05,11,,,,,
7307,2.272839265060611e-05,11,,,,,
7308,4.47539277956821e-05,11,,,,,
7309,1.307334332523169e-05,11,,,,,
7310,1.134553076553857e-05,11,,,,,
7311,0.003185239154845476,11,,,,,
7312,0.014048953540623188,11,,,,,
7313,0.0028906704392284155,11,,,,,
7314,0.00514666922390461,11,,,,,
7315,0.020369309931993484,11,,,,,
7316,0.0039184559136629105,11,,,,,
7317,0.00024251140712294728,11,,,,,
7318,0.002501570852473378,11,,,,,
7319,0.015243171714246273,11,,,,,
7320,0.0027903064619749784,11,,,,,
7321,3.651284714578651e-05,11,,,,,
7322,0.004358850885182619,11,,,,,
7323,0.00038317538565024734,11,,,,,
7324,0.0002127984625985846,11,,,,,
7325,0.013575050979852676,11,,,,,
7326,0.006097540725022554,11,,,,,
7327,0.0033941701985895634,11,,,,,
7328,0.0005029981839470565,11,,,,,
7329,0.004359102807939053,11,,,,,
7330,0.014352310448884964,11,,,,,
7331,6.165781087474898e-05,11,,,,,
7332,0.005032614804804325,11,,,,,
7333,0.003670486155897379,11,,,,,
7334,0.0015327812870964408,11,,,,,
7335,0.005555108189582825,11,,,,,
7336,0.0005040751420892775,11,,,,,
7337,0.00013273386866785586,11,,,,,
7338,0.029945960268378258,11,,,,,
7339,0.004289309028536081,11,,,,,
7340,0.00047865661326795816,11,,,,,
7341,0.004942053463310003,11,,,,,
7342,0.008326666429638863,11,,,,,
7343,0.0022579936776310205,11,,,,,
7344,0.0010472078574821353,11,,,,,
7345,0.0003087675431743264,11,,,,,
7346,0.003149582538753748,11,,,,,
7347,0.005754608660936356,11,,,,,
7348,0.002326167421415448,11,,,,,
7349,0.04789351299405098,11,,,,,
7350,9.219820640282705e-05,11,,,,,
7351,0.02352289855480194,11,,,,,
7352,0.023376472294330597,11,,,,,
7353,0.0031954406294971704,11,,,,,
7354,0.021071456372737885,11,,,,,
7355,0.00020243556355126202,11,,,,,
7356,4.29968313255813e-05,11,,,,,
7357,0.00014682517212349921,11,,,,,
7358,0.0057584564201533794,11,,,,,
7359,0.00014048026059754193,11,,,,,
7360,0.0005024733254685998,11,,,,,
7361,0.010240666568279266,11,,,,,
7362,0.0007412722916342318,11,,,,,
7363,0.0021746524143964052,11,,,,,
7364,0.021514855325222015,11,,,,,
7365,3.632266816566698e-05,11,,,,,
7366,8.618324500275776e-05,11,,,,,
7367,0.001895219087600708,11,,,,,
7368,1.1254584933340084e-05,11,,,,,
7369,5.1002723921556026e-05,11,,,,,
7370,0.00010517035843804479,11,,,,,
7371,1.3989939361636061e-05,11,,,,,
7372,0.02884512208402157,11,,,,,
7373,0.00815050583332777,11,,,,,
7374,0.02946329116821289,11,,,,,
7375,0.0048692296259105206,11,,,,,
7376,0.029366333037614822,11,,,,,
7377,1.912633888423443e-05,11,,,,,
7378,0.003126449417322874,11,,,,,
7379,0.012016897089779377,11,,,,,
7380,0.03248508274555206,11,,,,,
7381,4.6983030188130215e-05,11,,,,,
7382,0.0004781604802701622,11,,,,,
7383,2.4148150259861723e-05,11,,,,,
7384,0.003968199715018272,11,,,,,
7385,6.19039055891335e-05,11,,,,,
7386,2.1963032850180753e-05,11,,,,,
7387,4.917359910905361e-05,11,,,,,
7388,2.0725154172396287e-05,11,,,,,
7389,0.005370167084038258,11,,,,,
7390,0.004059324972331524,11,,,,,
7391,0.031851835548877716,11,,,,,
7392,2.206021235906519e-05,11,,,,,
7393,1.5319463273044676e-05,11,,,,,
7394,0.004188085440546274,11,,,,,
7395,0.026019226759672165,11,,,,,
7396,0.004208830650895834,11,,,,,
7397,0.00016872648848220706,11,,,,,
7398,0.02683112397789955,11,,,,,
7399,0.0002745496458373964,11,,,,,
7400,0.011582636274397373,11,,,,,
7401,0.007971414364874363,11,,,,,
7402,0.006471232511103153,11,,,,,
7403,0.013979575596749783,11,,,,,
7404,0.027590572834014893,11,,,,,
7405,0.03215397521853447,11,,,,,
7406,0.005382980685681105,11,,,,,
7407,0.015035896562039852,11,,,,,
7408,0.007369887549430132,11,,,,,
7409,0.004557595122605562,11,,,,,
7410,0.0009890549117699265,11,,,,,
7411,0.001171301701106131,11,,,,,
7412,0.02645977772772312,11,,,,,
7413,0.06577751785516739,11,,,,,
7414,0.02530559152364731,11,,,,,
7415,0.029056739062070847,11,,,,,
7416,0.03586288541555405,11,,,,,
7417,0.0037548549007624388,11,,,,,
7418,0.012178338132798672,11,,,,,
7419,0.056541357189416885,11,,,,,
7420,0.0003216264012735337,11,,,,,
7421,0.012878434732556343,11,,,,,
7422,0.003304660553112626,11,,,,,
7423,0.01157600898295641,11,,,,,
7424,0.004063344094902277,11,,,,,
7425,0.0003913107793778181,11,,,,,
7426,0.0032297158613801003,11,,,,,
7427,0.016203397884964943,11,,,,,
7428,0.02136586420238018,11,,,,,
7429,0.0053487238474190235,11,,,,,
7430,0.016128618270158768,11,,,,,
7431,0.045102160423994064,11,,,,,
7432,0.015233964659273624,11,,,,,
7433,0.0021871633362025023,11,,,,,
7434,0.029657253995537758,11,,,,,
7435,0.003887548577040434,11,,,,,
7436,0.010725029744207859,11,,,,,
7437,0.0002851229510270059,11,,,,,
7438,0.04181089997291565,11,,,,,
7439,0.005750058218836784,11,,,,,
7440,0.0017870551673695445,11,,,,,
7441,0.0006169725675135851,11,,,,,
7442,0.0003713556216098368,11,,,,,
7443,0.004776285029947758,11,,,,,
7444,0.009100189432501793,11,,,,,
7445,0.00014977324462961406,11,,,,,
7446,0.010736615397036076,11,,,,,
7447,0.022415941581130028,11,,,,,
7448,0.003183591878041625,11,,,,,
7449,0.00011761495261453092,11,,,,,
7450,0.005754793994128704,11,,,,,
7451,0.0039297048933804035,11,,,,,
7452,0.0042316969484090805,11,,,,,
7453,0.00015912190428934991,11,,,,,
7454,0.007567557040601969,11,,,,,
7455,0.017423763871192932,11,,,,,
7456,5.002399120712653e-05,11,,,,,
7457,0.00017184724856633693,11,,,,,
7458,0.02374980039894581,11,,,,,
7459,0.011194486171007156,11,,,,,
7460,0.0023839997593313456,11,,,,,
7461,0.007252452429383993,11,,,,,
7462,0.007186884060502052,11,,,,,
7463,0.0003414105449337512,11,,,,,
7464,0.022468790411949158,11,,,,,
7465,0.003676183521747589,11,,,,,
7466,0.020541278645396233,11,,,,,
7467,0.0031346369069069624,11,,,,,
7468,0.01952841319143772,11,,,,,
7469,0.06109094247221947,11,,,,,
7470,0.005266031716018915,11,,,,,
7471,0.0018494725227355957,11,,,,,
7472,0.005880757700651884,11,,,,,
7473,0.003604991128668189,11,,,,,
7474,0.00034997030161321163,11,,,,,
7475,0.00027601508190855384,11,,,,,
7476,0.0032153648789972067,11,,,,,
7477,0.033779289573431015,11,,,,,
7478,4.52012027380988e-05,11,,,,,
7479,0.009346461854875088,11,,,,,
7480,0.002890700241550803,11,,,,,
7481,0.02955593355000019,11,,,,,
7482,0.0016366326017305255,11,,,,,
7483,0.0017589681083336473,11,,,,,
7484,0.0002314814628334716,11,,,,,
7485,0.0033979297149926424,11,,,,,
7486,0.0026738783344626427,11,,,,,
7487,0.00014664845366496593,11,,,,,
7488,0.02435654029250145,11,,,,,
7489,0.006280070636421442,11,,,,,
7490,0.00013005845539737493,11,,,,,
7491,0.02860182896256447,11,,,,,
7492,0.003121534828096628,11,,,,,
7493,0.00013423807104118168,11,,,,,
7494,0.0026259329169988632,11,,,,,
7495,0.026072651147842407,11,,,,,
7496,0.0007787593058310449,11,,,,,
7497,6.260631926124915e-05,11,,,,,
7498,0.0027265860699117184,11,,,,,
7499,0.00020715442951768637,11,,,,,
7500,9.10486196517013e-05,11,,,,,
7501,0.0001354483829345554,11,,,,,
7502,0.0038548908196389675,11,,,,,
7503,0.016303883865475655,11,,,,,
7504,0.0009020341676659882,11,,,,,
7505,0.00013870082329958677,11,,,,,
7506,4.823891504202038e-05,11,,,,,
7507,0.06095612049102783,11,,,,,
7508,2.7500271244207397e-05,11,,,,,
7509,0.00012165353837190196,11,,,,,
7510,0.024770930409431458,11,,,,,
7511,0.032845668494701385,11,,,,,
7512,0.00010629410826368257,11,,,,,
7513,0.0001380999747198075,11,,,,,
7514,0.004191498272120953,11,,,,,
7515,0.0026874367613345385,11,,,,,
7516,4.5699707698076963e-05,11,,,,,
7517,0.000320306746289134,11,,,,,
7518,0.0003765010624192655,11,,,,,
7519,0.006761226337403059,11,,,,,
7520,5.705753937945701e-05,11,,,,,
7521,0.000941895938012749,11,,,,,
7522,0.00014058477245271206,11,,,,,
7523,4.606551101460354e-06,11,,,,,
869,,,0.021850401535630226,,,,
870,,,0.0037554996088147163,,,,
871,,,1.54909685079474e-07,,,,
872,,,0.01795503869652748,,,,
873,,,3.389983476154157e-07,,,,
874,,,0.026303254067897797,,,,
875,,,0.0034711493644863367,,,,
876,,,5.00865894537128e-07,,,,
877,,,0.0383598767220974,,,,
878,,,2.1476542144682753e-07,,,,
879,,,3.2644345537846675e-07,,,,
880,,,0.007784422021359205,,,,
881,,,4.895447318631341e-07,,,,
882,,,0.002933777403086424,,,,
883,,,0.017535753548145294,,,,
884,,,3.13609973545681e-07,,,,
885,,,0.004099049139767885,,,,
886,,,0.002930033951997757,,,,
887,,,2.9526952971536957e-07,,,,
888,,,0.03486327826976776,,,,
889,,,0.003556428709998727,,,,
890,,,4.838803420170734e-07,,,,
891,,,1.3305117363415775e-06,,,,
892,,,0.023338332772254944,,,,
893,,,6.993486181272601e-07,,,,
894,,,0.0028064921498298645,,,,
895,,,0.0033272751607000828,,,,
896,,,2.3169275209511397e-07,,,,
897,,,2.2327996873627853e-07,,,,
898,,,2.463016812725982e-07,,,,
899,,,0.0028794435784220695,,,,
900,,,0.0019058235920965672,,,,
901,,,9.293746552430093e-05,,,,
902,,,0.00813308171927929,,,,
903,,,3.251417979299731e-07,,,,
904,,,1.6496596799697727e-07,,,,
905,,,0.0018997348379343748,,,,
906,,,0.07816548645496368,,,,
907,,,1.1920876374915679e-07,,,,
908,,,0.015191745944321156,,,,
909,,,1.6285859771869582e-07,,,,
910,,,0.022006826475262642,,,,
911,,,0.00299209076911211,,,,
912,,,0.059034544974565506,,,,
913,,,0.015610398724675179,,,,
914,,,0.02144690603017807,,,,
915,,,0.002850897144526243,,,,
916,,,6.755713457096135e-06,,,,
917,,,5.075929720987915e-07,,,,
918,,,0.03570646792650223,,,,
919,,,8.421592610829975e-06,,,,
920,,,0.0034278775565326214,,,,
921,,,1.2722051678792923e-07,,,,
922,,,0.0034996054600924253,,,,
923,,,9.170421435555909e-07,,,,
924,,,0.035169441252946854,,,,
925,,,0.0034192560706287622,,,,
926,,,8.087699256975611e-07,,,,
927,,,0.005341554991900921,,,,
928,,,0.013346802443265915,,,,
929,,,0.005185333080589771,,,,
930,,,4.310054180223233e-07,,,,
931,,,3.0621799851360265e-07,,,,
932,,,0.021919438615441322,,,,
933,,,0.0028520605992525816,,,,
934,,,0.0034769801422953606,,,,
935,,,5.063204184807546e-07,,,,
936,,,0.029575705528259277,,,,
937,,,1.5805568409632542e-07,,,,
938,,,2.931308245024411e-07,,,,
939,,,2.547027406762936e-07,,,,
940,,,0.002921795705333352,,,,
941,,,0.0269215889275074,,,,
942,,,0.026133710518479347,,,,
943,,,0.029456419870257378,,,,
944,,,0.2517978549003601,,,,
945,,,6.680953811155632e-05,,,,
946,,,3.073347727422515e-07,,,,
947,,,3.5825935356115224e-06,,,,
7523,,11,,0.012106402777135372,,,
7523,,11,,,0.8465189933776855,0.00812587607651949,0.8955696225166321
7524,0.021588662639260292,12,,,,,
7525,0.0009024082100950181,12,,,,,
7526,0.016798587515950203,12,,,,,
7527,0.0029135330114513636,12,,,,,
7528,0.0002145106700481847,12,,,,,
7529,0.019628969952464104,12,,,,,
7530,2.1549574739765376e-05,12,,,,,
7531,0.019227344542741776,12,,,,,
7532,7.464943337254226e-05,12,,,,,
7533,0.0036463553551584482,12,,,,,
7534,3.7373058148659766e-05,12,,,,,
7535,0.0033759153448045254,12,,,,,
7536,3.9999562432058156e-05,12,,,,,
7537,0.000567560491617769,12,,,,,
7538,0.0003379432891961187,12,,,,,
7539,0.0019200085662305355,12,,,,,
7540,0.004636355675756931,12,,,,,
7541,0.02404063008725643,12,,,,,
7542,0.005014525726437569,12,,,,,
7543,2.6557969249552116e-05,12,,,,,
7544,0.0001830981345847249,12,,,,,
7545,0.00266628572717309,12,,,,,
7546,0.011998067609965801,12,,,,,
7547,0.00021059477876406163,12,,,,,
7548,0.00011245763744227588,12,,,,,
7549,0.0024447531905025244,12,,,,,
7550,0.00685114273801446,12,,,,,
7551,4.636788071366027e-05,12,,,,,
7552,0.00029089866438880563,12,,,,,
7553,9.378459253639448e-06,12,,,,,
7554,0.00020502416009549052,12,,,,,
7555,0.020309019833803177,12,,,,,
7556,1.9541301298886538e-05,12,,,,,
7557,0.0026469852309674025,12,,,,,
7558,0.008173034526407719,12,,,,,
7559,0.0004940255312249064,12,,,,,
7560,0.000933059782255441,12,,,,,
7561,0.0003058517468161881,12,,,,,
7562,0.02993852086365223,12,,,,,
7563,0.0065906476229429245,12,,,,,
7564,0.01845502108335495,12,,,,,
7565,0.0038042108062654734,12,,,,,
7566,0.0028466377407312393,12,,,,,
7567,0.0032739934977144003,12,,,,,
7568,0.014523410238325596,12,,,,,
7569,0.003479126375168562,12,,,,,
7570,0.023447301238775253,12,,,,,
7571,0.0008514514192938805,12,,,,,
7572,2.245632822450716e-05,12,,,,,
7573,0.0008782059303484857,12,,,,,
7574,0.00011176950647495687,12,,,,,
7575,0.0005240340251475573,12,,,,,
7576,9.757661609910429e-05,12,,,,,
7577,0.019528400152921677,12,,,,,
7578,0.00013505431707017124,12,,,,,
7579,0.02402315102517605,12,,,,,
7580,0.012949860654771328,12,,,,,
7581,0.008375409059226513,12,,,,,
7582,0.005840527359396219,12,,,,,
7583,7.086715049808845e-05,12,,,,,
7584,7.661747986276168e-06,12,,,,,
7585,0.0042739734053611755,12,,,,,
7586,0.023988110944628716,12,,,,,
7587,0.06128764897584915,12,,,,,
7588,0.004773215390741825,12,,,,,
7589,0.00499718775972724,12,,,,,
7590,0.0016881328774616122,12,,,,,
7591,0.013279573060572147,12,,,,,
7592,0.00013011408736929297,12,,,,,
7593,0.0019002397311851382,12,,,,,
7594,0.0007695103413425386,12,,,,,
7595,0.039186447858810425,12,,,,,
7596,0.025800282135605812,12,,,,,
7597,2.22183207370108e-05,12,,,,,
7598,0.022946933284401894,12,,,,,
7599,0.02262304723262787,12,,,,,
7600,0.00013937204494141042,12,,,,,
7601,0.0018562652403488755,12,,,,,
7602,0.00046637043124064803,12,,,,,
7603,0.004595114383846521,12,,,,,
7604,9.775834041647613e-05,12,,,,,
7605,0.0008099545375443995,12,,,,,
7606,5.503731517819688e-05,12,,,,,
7607,5.010234599467367e-05,12,,,,,
7608,0.04044164717197418,12,,,,,
7609,0.013453441672027111,12,,,,,
7610,0.00014584999007638544,12,,,,,
7611,0.006098547950387001,12,,,,,
7612,9.036556002683938e-05,12,,,,,
7613,0.003631454659625888,12,,,,,
7614,0.0021935368422418833,12,,,,,
7615,0.02058037929236889,12,,,,,
7616,0.00037540169432759285,12,,,,,
7617,0.039742738008499146,12,,,,,
7618,0.0035246964544057846,12,,,,,
7619,0.006565621122717857,12,,,,,
7620,0.010959058068692684,12,,,,,
7621,0.000624269072432071,12,,,,,
7622,0.020682519301772118,12,,,,,
7623,0.008481279015541077,12,,,,,
7624,8.827284909784794e-05,12,,,,,
7625,0.013858565129339695,12,,,,,
7626,0.00017810057033784688,12,,,,,
7627,0.003923873882740736,12,,,,,
7628,0.02471354603767395,12,,,,,
7629,0.038353048264980316,12,,,,,
7630,0.00854219775646925,12,,,,,
7631,0.0002701315679587424,12,,,,,
7632,0.019079647958278656,12,,,,,
7633,0.005082750227302313,12,,,,,
7634,0.004701234400272369,12,,,,,
7635,0.0001656239473959431,12,,,,,
7636,0.004566915333271027,12,,,,,
7637,0.002053879201412201,12,,,,,
7638,0.0037699579261243343,12,,,,,
7639,0.002346357796341181,12,,,,,
7640,0.008100457489490509,12,,,,,
7641,0.0006188935367390513,12,,,,,
7642,0.0036373226903378963,12,,,,,
7643,2.276396844536066e-05,12,,,,,
7644,0.02774839848279953,12,,,,,
7645,0.0023466781713068485,12,,,,,
7646,1.7997977920458652e-05,12,,,,,
7647,0.006386189255863428,12,,,,,
7648,0.002401484875008464,12,,,,,
7649,0.0021797597873955965,12,,,,,
7650,1.719715328363236e-05,12,,,,,
7651,0.0019623085390776396,12,,,,,
7652,0.027870798483490944,12,,,,,
7653,0.0018330513266846538,12,,,,,
7654,2.08737219509203e-05,12,,,,,
7655,0.0034638429060578346,12,,,,,
7656,0.006432239431887865,12,,,,,
7657,1.3763080460194033e-05,12,,,,,
7658,0.0030333842150866985,12,,,,,
7659,0.0015496962005272508,12,,,,,
7660,0.0004080210055690259,12,,,,,
7661,0.026592670008540154,12,,,,,
7662,0.006176012102514505,12,,,,,
7663,3.526881118887104e-05,12,,,,,
7664,1.5942971003823914e-05,12,,,,,
7665,0.0037714429199695587,12,,,,,
7666,0.0025073224678635597,12,,,,,
7667,0.0031835446134209633,12,,,,,
7668,0.017484137788414955,12,,,,,
7669,7.385394383163657e-06,12,,,,,
7670,1.122249068430392e-05,12,,,,,
7671,0.014863230288028717,12,,,,,
7672,0.004931488074362278,12,,,,,
7673,0.032078567892313004,12,,,,,
7674,1.2154709111200646e-05,12,,,,,
7675,0.006210653576999903,12,,,,,
7676,0.0029629021883010864,12,,,,,
7677,0.0040840576402843,12,,,,,
7678,1.8553122572484426e-05,12,,,,,
7679,3.14337776217144e-05,12,,,,,
7680,0.0013248373288661242,12,,,,,
7681,0.024725891649723053,12,,,,,
7682,0.00023579038679599762,12,,,,,
7683,0.018600791692733765,12,,,,,
7684,0.005527959205210209,12,,,,,
7685,0.002778188092634082,12,,,,,
7686,0.01909293793141842,12,,,,,
7687,0.023434361442923546,12,,,,,
7688,0.004745594225823879,12,,,,,
7689,1.5396928574773483e-05,12,,,,,
7690,0.018328608945012093,12,,,,,
7691,0.0014587795594707131,12,,,,,
7692,0.00023951425100676715,12,,,,,
7693,3.857491537928581e-05,12,,,,,
7694,0.03532285615801811,12,,,,,
7695,2.8172251404612325e-05,12,,,,,
7696,0.0014852077001705766,12,,,,,
7697,1.410601817042334e-05,12,,,,,
7698,1.1313919458189048e-05,12,,,,,
7699,8.336455357493833e-05,12,,,,,
7700,0.0050529055297374725,12,,,,,
7701,0.0033445118460804224,12,,,,,
7702,0.03234967961907387,12,,,,,
7703,6.893829413456842e-05,12,,,,,
7704,5.508720278157853e-06,12,,,,,
7705,1.5761670510983095e-05,12,,,,,
7706,0.0500628761947155,12,,,,,
7707,1.157748465629993e-05,12,,,,,
7708,0.02016996033489704,12,,,,,
7709,9.18330351851182e-06,12,,,,,
7710,0.0035564093850553036,12,,,,,
7711,0.021963169798254967,12,,,,,
7712,0.02035519853234291,12,,,,,
7713,0.0004809224046766758,12,,,,,
7714,2.018319719354622e-05,12,,,,,
7715,0.0001453318982385099,12,,,,,
7716,0.014534206129610538,12,,,,,
7717,0.002016388811171055,12,,,,,
7718,0.025492239743471146,12,,,,,
7719,8.737772441236302e-05,12,,,,,
7720,0.005349049810320139,12,,,,,
7721,0.016412464901804924,12,,,,,
7722,1.7056636352208443e-05,12,,,,,
7723,0.027032768353819847,12,,,,,
7724,0.0038299821317195892,12,,,,,
7725,0.006230219267308712,12,,,,,
7726,4.264243398210965e-05,12,,,,,
7727,0.0003751838521566242,12,,,,,
7728,4.188008460914716e-06,12,,,,,
7729,0.0028514335863292217,12,,,,,
7730,8.263884410553146e-06,12,,,,,
7731,0.0036454752553254366,12,,,,,
7732,2.1688372726202942e-05,12,,,,,
7733,0.01573946885764599,12,,,,,
7734,7.927935075713322e-05,12,,,,,
7735,0.0017724845092743635,12,,,,,
7736,2.7220839911024086e-06,12,,,,,
7737,0.024564681574702263,12,,,,,
7738,2.8624847345781745e-06,12,,,,,
7739,9.753852282301523e-06,12,,,,,
7740,0.03301171958446503,12,,,,,
7741,1.3981923984829336e-05,12,,,,,
7742,0.0041130841709673405,12,,,,,
7743,0.01715925708413124,12,,,,,
7744,8.80599873198662e-06,12,,,,,
7745,0.004231599625200033,12,,,,,
7746,7.722593727521598e-05,12,,,,,
7747,0.00010737351840361953,12,,,,,
7748,0.0028878359589725733,12,,,,,
7749,0.00048519455594941974,12,,,,,
7750,4.753441317006946e-06,12,,,,,
7751,0.04893873631954193,12,,,,,
7752,4.1529714508214965e-05,12,,,,,
7753,0.0013062800280749798,12,,,,,
7754,9.565043910697568e-06,12,,,,,
7755,0.0002060363913187757,12,,,,,
7756,0.0007199351093731821,12,,,,,
7757,0.00345217389985919,12,,,,,
7758,0.003019334515556693,12,,,,,
7759,1.0197382835031021e-05,12,,,,,
7760,0.004628283903002739,12,,,,,
7761,7.528255537181394e-06,12,,,,,
7762,7.157244544941932e-05,12,,,,,
7763,0.004392298404127359,12,,,,,
7764,0.0031997901387512684,12,,,,,
7765,4.61566969534033e-06,12,,,,,
7766,0.0027957968413829803,12,,,,,
7767,6.378829857567325e-05,12,,,,,
7768,1.0324144568585325e-05,12,,,,,
7769,0.016638725996017456,12,,,,,
7770,0.00016926090756896883,12,,,,,
7771,5.532825889531523e-05,12,,,,,
7772,0.058013007044792175,12,,,,,
7773,0.025706468150019646,12,,,,,
7774,0.024177420884370804,12,,,,,
7775,0.026001501828432083,12,,,,,
7776,0.02430683560669422,12,,,,,
7777,0.02723131701350212,12,,,,,
7778,1.0494400157767814e-05,12,,,,,
7779,6.792583917558659e-06,12,,,,,
7780,9.571610280545428e-05,12,,,,,
7781,0.0031529092229902744,12,,,,,
7782,0.006163787096738815,12,,,,,
7783,0.00016052347200457007,12,,,,,
7784,0.005470805335789919,12,,,,,
7785,1.4720637409482151e-05,12,,,,,
7786,0.003040662733837962,12,,,,,
7787,3.6002722481498495e-05,12,,,,,
7788,0.0111039774492383,12,,,,,
7789,0.013041951693594456,12,,,,,
7790,7.086849564075237e-06,12,,,,,
7791,0.004852054640650749,12,,,,,
7792,7.494814326491905e-06,12,,,,,
7793,2.5460334654781036e-05,12,,,,,
7794,0.0027386914007365704,12,,,,,
7795,0.003262175712734461,12,,,,,
7796,0.021301422268152237,12,,,,,
7797,2.2396634449250996e-05,12,,,,,
7798,0.03863939270377159,12,,,,,
7799,0.0469677671790123,12,,,,,
7800,0.0026545305736362934,12,,,,,
7801,0.02427045628428459,12,,,,,
7802,0.022999314591288567,12,,,,,
7803,0.0031672415789216757,12,,,,,
7804,0.004197145812213421,12,,,,,
7805,0.0023390285205096006,12,,,,,
7806,1.5480936781386845e-05,12,,,,,
7807,0.008734607137739658,12,,,,,
7808,0.019004017114639282,12,,,,,
7809,9.594882612873334e-06,12,,,,,
7810,4.113838258490432e-06,12,,,,,
7811,0.002393479458987713,12,,,,,
7812,0.0002926210581790656,12,,,,,
7813,7.186774837464327e-06,12,,,,,
7814,0.004772665910422802,12,,,,,
7815,4.346790319686988e-06,12,,,,,
7816,5.27566771779675e-06,12,,,,,
7817,5.5295677157118917e-05,12,,,,,
7818,1.0680591003620066e-05,12,,,,,
7819,9.44330713537056e-06,12,,,,,
7820,7.255297077790601e-06,12,,,,,
7821,0.00680765975266695,12,,,,,
7822,1.2600083209690638e-05,12,,,,,
7823,0.00318339467048645,12,,,,,
7824,2.1233370716799982e-05,12,,,,,
7825,0.003658882575109601,12,,,,,
7826,4.473170065466547e-06,12,,,,,
7827,3.250287045375444e-05,12,,,,,
7828,2.9414435630314983e-05,12,,,,,
7829,0.014030092395842075,12,,,,,
7830,0.00019344028260093182,12,,,,,
7831,0.015368739143013954,12,,,,,
7832,0.019008470699191093,12,,,,,
7833,6.4781320361362305e-06,12,,,,,
7834,0.0038755410350859165,12,,,,,
7835,0.005104820244014263,12,,,,,
7836,1.4474213458015583e-05,12,,,,,
7837,7.687683137191925e-06,12,,,,,
7838,0.003640048671513796,12,,,,,
7839,7.150523015297949e-05,12,,,,,
7840,0.010815790854394436,12,,,,,
7841,1.0600606401567347e-05,12,,,,,
7842,0.04093717411160469,12,,,,,
7843,0.028987962752580643,12,,,,,
7844,6.093790034356061e-06,12,,,,,
7845,5.157523446541745e-06,12,,,,,
7846,0.00037185929249972105,12,,,,,
7847,7.728335731371772e-06,12,,,,,
7848,0.0032708095386624336,12,,,,,
7849,0.04316192492842674,12,,,,,
7850,3.8120572298794286e-06,12,,,,,
7851,0.013503306545317173,12,,,,,
7852,0.021207071840763092,12,,,,,
7853,0.003870380111038685,12,,,,,
7854,0.00839082058519125,12,,,,,
7855,4.284529950382421e-06,12,,,,,
7856,0.00541134737432003,12,,,,,
7857,0.015119687654078007,12,,,,,
7858,4.7003350118757226e-06,12,,,,,
7859,0.00020239673904143274,12,,,,,
7860,1.9199162125005387e-05,12,,,,,
7861,0.003700720611959696,12,,,,,
7862,0.008426401764154434,12,,,,,
7863,4.531773447524756e-05,12,,,,,
7864,9.695829248812515e-06,12,,,,,
7865,2.7393783966545016e-05,12,,,,,
7866,0.002914488548412919,12,,,,,
7867,0.034690409898757935,12,,,,,
7868,0.02076409012079239,12,,,,,
7869,1.0693726835597772e-05,12,,,,,
7870,2.462574775563553e-05,12,,,,,
7871,4.28707389801275e-05,12,,,,,
7872,0.006104147527366877,12,,,,,
7873,0.0036055452656000853,12,,,,,
7874,0.005713154561817646,12,,,,,
7875,0.00022588639694731683,12,,,,,
7876,0.0236988365650177,12,,,,,
7877,6.498429866041988e-05,12,,,,,
7878,0.005055200774222612,12,,,,,
7879,0.017681356519460678,12,,,,,
7880,4.949263529852033e-05,12,,,,,
7881,0.0001335635024588555,12,,,,,
7882,0.002704502083361149,12,,,,,
7883,6.0060687246732414e-05,12,,,,,
7884,0.00912521593272686,12,,,,,
7885,0.0008453186019323766,12,,,,,
7886,0.0031651435419917107,12,,,,,
7887,1.5265804904629476e-05,12,,,,,
7888,0.0009351426269859076,12,,,,,
7889,0.009825428016483784,12,,,,,
7890,2.4047139959293418e-05,12,,,,,
7891,0.002033692318946123,12,,,,,
7892,0.018393144011497498,12,,,,,
7893,0.00010805478086695075,12,,,,,
7894,0.026969177648425102,12,,,,,
7895,2.3726408471702598e-05,12,,,,,
7896,0.06397198140621185,12,,,,,
7897,0.028989417478442192,12,,,,,
7898,0.010397758334875107,12,,,,,
7899,0.0034061286132782698,12,,,,,
7900,1.6057016182458028e-05,12,,,,,
7901,0.0027362145483493805,12,,,,,
7902,0.0163838192820549,12,,,,,
7903,0.023612134158611298,12,,,,,
7904,0.00015393868670798838,12,,,,,
7905,1.2228681953274645e-05,12,,,,,
7906,0.0006537799490615726,12,,,,,
7907,0.014981716871261597,12,,,,,
7908,0.0019140641670674086,12,,,,,
7909,0.003581044729799032,12,,,,,
7910,0.01908242143690586,12,,,,,
7911,0.0035402888897806406,12,,,,,
7912,3.92364599974826e-05,12,,,,,
7913,6.651592229900416e-06,12,,,,,
7914,9.838337064138614e-06,12,,,,,
7915,1.1151191756653134e-05,12,,,,,
7916,2.8363692763377912e-05,12,,,,,
7917,9.606695675756782e-05,12,,,,,
7918,2.649626912898384e-05,12,,,,,
7919,0.0025543870870023966,12,,,,,
7920,0.00016386738570872694,12,,,,,
7921,7.419753092108294e-05,12,,,,,
7922,0.0036307096015661955,12,,,,,
7923,1.0300197573087644e-05,12,,,,,
7924,0.024869684129953384,12,,,,,
7925,2.09170702873962e-05,12,,,,,
7926,0.0005149300559423864,12,,,,,
7927,1.37611141326488e-05,12,,,,,
7928,0.006584529299288988,12,,,,,
7929,0.008242934010922909,12,,,,,
7930,0.00027326945564709604,12,,,,,
7931,0.0033609590027481318,12,,,,,
7932,0.010541228577494621,12,,,,,
7933,0.003924950957298279,12,,,,,
7934,1.1756806998164393e-05,12,,,,,
7935,0.005776081699877977,12,,,,,
7936,0.019162198528647423,12,,,,,
7937,0.0377180390059948,12,,,,,
7938,0.027515949681401253,12,,,,,
7939,4.002671630587429e-05,12,,,,,
7940,0.022206837311387062,12,,,,,
7941,0.0027520048897713423,12,,,,,
7942,1.2183701983303763e-05,12,,,,,
7943,0.02521258220076561,12,,,,,
7944,0.0015185638330876827,12,,,,,
7945,1.1667451872199308e-05,12,,,,,
7946,0.006635884288698435,12,,,,,
7947,0.0046478514559566975,12,,,,,
7948,0.004060359206050634,12,,,,,
7949,0.004567196127027273,12,,,,,
7950,0.005154491402208805,12,,,,,
7951,0.00591818755492568,12,,,,,
7952,0.0041646151803433895,12,,,,,
7953,0.0027530924417078495,12,,,,,
7954,0.0037094992585480213,12,,,,,
7955,0.0018217600882053375,12,,,,,
7956,0.0008073951466940343,12,,,,,
7957,0.00011288130190223455,12,,,,,
7958,0.0033004931174218655,12,,,,,
7959,7.028060645097867e-05,12,,,,,
7960,0.0027142330072820187,12,,,,,
7961,0.0035930434241890907,12,,,,,
7962,0.004960436373949051,12,,,,,
7963,0.003077868605032563,12,,,,,
7964,0.008997824974358082,12,,,,,
7965,2.4347873477381654e-05,12,,,,,
7966,0.00249564740806818,12,,,,,
7967,0.021891944110393524,12,,,,,
7968,0.025424789637327194,12,,,,,
7969,0.001929108053445816,12,,,,,
7970,2.60801625699969e-05,12,,,,,
7971,0.0003975566942244768,12,,,,,
7972,0.0021599289029836655,12,,,,,
7973,5.7537443353794515e-05,12,,,,,
7974,0.0058179451152682304,12,,,,,
7975,0.002826235257089138,12,,,,,
7976,0.00010609529272187501,12,,,,,
7977,0.013487651012837887,12,,,,,
7978,5.51593147974927e-05,12,,,,,
7979,0.013296100310981274,12,,,,,
7980,1.051931940310169e-05,12,,,,,
7981,0.00363197922706604,12,,,,,
7982,0.015222555957734585,12,,,,,
7983,0.0003214961616322398,12,,,,,
7984,0.005748267751187086,12,,,,,
7985,0.021267931908369064,12,,,,,
7986,0.007439023815095425,12,,,,,
7987,0.0017893591430038214,12,,,,,
7988,0.0033494275994598866,12,,,,,
7989,0.0023117742966860533,12,,,,,
7990,0.03040419891476631,12,,,,,
7991,0.0035817676689475775,12,,,,,
7992,0.0002483416174072772,12,,,,,
7993,0.004384386818856001,12,,,,,
7994,6.35302858427167e-05,12,,,,,
7995,0.0008318971958942711,12,,,,,
7996,0.0023803729563951492,12,,,,,
7997,0.00318160280585289,12,,,,,
7998,0.00010260761337121949,12,,,,,
7999,8.266875738627277e-06,12,,,,,
8000,0.00020694911654572934,12,,,,,
8001,6.801917334087193e-05,12,,,,,
8002,0.026751013472676277,12,,,,,
8003,6.419426881620893e-06,12,,,,,
8004,4.58167378383223e-05,12,,,,,
8005,0.004407986998558044,12,,,,,
8006,9.725864401843864e-06,12,,,,,
8007,0.016836145892739296,12,,,,,
8008,4.6221917727962136e-05,12,,,,,
8009,0.028747860342264175,12,,,,,
8010,0.0044173444621264935,12,,,,,
8011,2.141788718290627e-05,12,,,,,
8012,9.363559911435004e-06,12,,,,,
8013,0.018627993762493134,12,,,,,
8014,0.0018353769555687904,12,,,,,
8015,0.0010159563971683383,12,,,,,
8016,0.02712184563279152,12,,,,,
8017,0.02734411135315895,12,,,,,
8018,0.004079892300069332,12,,,,,
8019,0.0035320287570357323,12,,,,,
8020,0.02642582170665264,12,,,,,
8021,0.014730066061019897,12,,,,,
8022,6.715100880683167e-06,12,,,,,
8023,8.896832150639966e-05,12,,,,,
8024,3.702907997649163e-05,12,,,,,
8025,2.968513399537187e-05,12,,,,,
8026,2.9746090149274096e-05,12,,,,,
8027,0.027975337579846382,12,,,,,
8028,0.04799294099211693,12,,,,,
8029,4.9465932534076273e-05,12,,,,,
8030,0.02091311663389206,12,,,,,
8031,2.960246092698071e-06,12,,,,,
8032,0.0002810324658639729,12,,,,,
8033,0.002733758883550763,12,,,,,
8034,1.1743481081794016e-05,12,,,,,
8035,0.028052691370248795,12,,,,,
8036,1.6864598364918493e-05,12,,,,,
8037,3.6235178413335234e-05,12,,,,,
8038,4.3231928430031985e-05,12,,,,,
8039,3.9978698623599485e-05,12,,,,,
8040,0.0039026178419589996,12,,,,,
8041,1.4921325600880664e-05,12,,,,,
8042,1.1594077477639075e-05,12,,,,,
8043,0.002019157400354743,12,,,,,
8044,0.0002596347185317427,12,,,,,
8045,0.001510106259956956,12,,,,,
8046,0.0022182506509125233,12,,,,,
8047,2.1010924683650956e-05,12,,,,,
8048,2.76858718279982e-05,12,,,,,
8049,0.023979416117072105,12,,,,,
8050,1.0692772775655612e-05,12,,,,,
8051,2.87821330857696e-06,12,,,,,
8052,8.894830898498185e-06,12,,,,,
8053,0.003351307474076748,12,,,,,
8054,1.0267027391819283e-05,12,,,,,
8055,2.4314776965184137e-06,12,,,,,
8056,0.005410913843661547,12,,,,,
8057,0.0022282402496784925,12,,,,,
8058,0.0008965253364294767,12,,,,,
8059,8.658404112793505e-06,12,,,,,
8060,0.02384229004383087,12,,,,,
8061,1.1339856428094208e-05,12,,,,,
8062,0.002739420859143138,12,,,,,
8063,0.023581046611070633,12,,,,,
8064,0.0027343137189745903,12,,,,,
8065,2.8925265723955818e-05,12,,,,,
8066,0.006293400190770626,12,,,,,
8067,9.38042467168998e-06,12,,,,,
8068,5.280183813738404e-06,12,,,,,
8069,0.006498880218714476,12,,,,,
8070,0.0026230753865092993,12,,,,,
8071,0.022817756980657578,12,,,,,
8072,2.257544474559836e-05,12,,,,,
8073,0.003198782214894891,12,,,,,
8074,0.019243719056248665,12,,,,,
8075,7.70989845477743e-06,12,,,,,
8076,4.654557415051386e-06,12,,,,,
8077,4.436922972672619e-05,12,,,,,
8078,0.008719167672097683,12,,,,,
8079,6.079504601075314e-06,12,,,,,
8080,8.114739102893509e-06,12,,,,,
8081,0.02240024320781231,12,,,,,
8082,0.016852915287017822,12,,,,,
8083,0.005305381957441568,12,,,,,
8084,0.002856230130419135,12,,,,,
8085,2.474198663549032e-05,12,,,,,
8086,1.713596429908648e-05,12,,,,,
8087,0.0031176062766462564,12,,,,,
8088,0.015037634409964085,12,,,,,
8089,1.6656422303640284e-05,12,,,,,
8090,0.021309923380613327,12,,,,,
8091,0.0029392659198492765,12,,,,,
8092,0.0040728687308728695,12,,,,,
8093,1.5246919247147162e-05,12,,,,,
8094,0.026307538151741028,12,,,,,
8095,0.002271492499858141,12,,,,,
8096,2.3277605578186922e-05,12,,,,,
8097,0.0025125432293862104,12,,,,,
8098,5.935421086178394e-06,12,,,,,
8099,1.3806398783344775e-05,12,,,,,
8100,8.489698302582838e-06,12,,,,,
8101,0.0004937052726745605,12,,,,,
8102,0.004005084279924631,12,,,,,
8103,3.275831477367319e-05,12,,,,,
8104,1.824946048145648e-05,12,,,,,
8105,0.02425576187670231,12,,,,,
8106,7.537294550274964e-06,12,,,,,
8107,4.982560858479701e-05,12,,,,,
8108,7.4270319601055235e-06,12,,,,,
8109,0.0031583330128341913,12,,,,,
8110,3.4537063129391754e-06,12,,,,,
8111,0.00525463093072176,12,,,,,
8112,0.002863321453332901,12,,,,,
8113,0.0033919233828783035,12,,,,,
8114,0.004655925091356039,12,,,,,
8115,0.00047889683628454804,12,,,,,
8116,1.702337044662272e-06,12,,,,,
8117,5.690708803740563e-06,12,,,,,
8118,4.045548848807812e-05,12,,,,,
8119,1.2177678399893921e-05,12,,,,,
8120,0.00640543457120657,12,,,,,
8121,0.003004363738000393,12,,,,,
8122,0.003393493127077818,12,,,,,
8123,1.0895232662733179e-05,12,,,,,
8124,1.189074191643158e-05,12,,,,,
8125,0.023814061656594276,12,,,,,
8126,0.002036520978435874,12,,,,,
8127,3.1173813113127835e-06,12,,,,,
8128,0.001089367549866438,12,,,,,
8129,0.0034053765702992678,12,,,,,
8130,0.026334118098020554,12,,,,,
8131,0.06502648442983627,12,,,,,
8132,0.02340005338191986,12,,,,,
8133,0.002962056314572692,12,,,,,
8134,1.3332038179214578e-05,12,,,,,
8135,4.598426130542066e-06,12,,,,,
8136,0.002663540421053767,12,,,,,
8137,0.005828456021845341,12,,,,,
8138,2.9966151942062424e-06,12,,,,,
8139,0.024752166122198105,12,,,,,
8140,0.02445090562105179,12,,,,,
8141,0.0009860120480880141,12,,,,,
8142,7.529588856414193e-06,12,,,,,
8143,1.0809445484483149e-05,12,,,,,
8144,6.760761607438326e-06,12,,,,,
8145,1.36743165057851e-05,12,,,,,
8146,4.320042717154138e-05,12,,,,,
8147,1.6264171790680848e-05,12,,,,,
8148,0.013845137320458889,12,,,,,
8149,0.004092033952474594,12,,,,,
8150,1.3881094673706684e-06,12,,,,,
948,,,0.02056971564888954,,,,
949,,,0.0035241965670138597,,,,
950,,,3.259627590068703e-08,,,,
951,,,0.020486783236265182,,,,
952,,,1.2107150837437075e-07,,,,
953,,,0.024589795619249344,,,,
954,,,0.00322171812877059,,,,
955,,,1.0510905923410974e-07,,,,
956,,,0.015034235082566738,,,,
957,,,1.4002274895119626e-07,,,,
958,,,1.537471518986422e-07,,,,
959,,,0.006305328104645014,,,,
960,,,2.924276429894235e-07,,,,
961,,,0.0019005024805665016,,,,
962,,,0.015905598178505898,,,,
963,,,8.069535084587187e-08,,,,
964,,,0.004195994231849909,,,,
965,,,0.001880369964055717,,,,
966,,,1.0637108971423004e-07,,,,
967,,,0.039919186383485794,,,,
968,,,0.003396462183445692,,,,
969,,,1.948354224623472e-07,,,,
970,,,3.91858293369296e-07,,,,
971,,,0.019382942467927933,,,,
972,,,2.9282443847478135e-07,,,,
973,,,0.001823379541747272,,,,
974,,,0.0031494186259806156,,,,
975,,,1.0698216357241108e-07,,,,
976,,,7.663435042104538e-08,,,,
977,,,1.0501745606461554e-07,,,,
978,,,0.0018575339345261455,,,,
979,,,0.0016591543098911643,,,,
980,,,4.120864105061628e-06,,,,
981,,,0.0066918577067554,,,,
982,,,1.4033832940185675e-07,,,,
983,,,7.405409263583351e-08,,,,
984,,,0.001629236969165504,,,,
985,,,0.11579206585884094,,,,
986,,,3.469051534921164e-08,,,,
987,,,0.015882477164268494,,,,
988,,,6.803347218919953e-08,,,,
989,,,0.022804435342550278,,,,
990,,,0.0018186516826972365,,,,
991,,,0.06478226184844971,,,,
992,,,0.015823395922780037,,,,
993,,,0.019924592226743698,,,,
994,,,0.0017936218064278364,,,,
995,,,1.8311058738618158e-05,,,,
996,,,2.1566390273619618e-07,,,,
997,,,0.035645272582769394,,,,
998,,,9.57769043452572e-06,,,,
999,,,0.003339908318594098,,,,
1000,,,6.665439400421747e-08,,,,
1001,,,0.0032534280326217413,,,,
1002,,,7.338411478485796e-08,,,,
1003,,,0.04192899540066719,,,,
1004,,,0.003161087166517973,,,,
1005,,,1.4457869212947116e-07,,,,
1006,,,0.0034642184618860483,,,,
1007,,,0.014454962685704231,,,,
1008,,,0.00484485225751996,,,,
1009,,,1.6375115308164823e-07,,,,
1010,,,1.2173099150913913e-07,,,,
1011,,,0.021875737234950066,,,,
1012,,,0.0018579268362373114,,,,
1013,,,0.003303139004856348,,,,
1014,,,1.9185024768830772e-07,,,,
1015,,,0.026932744309306145,,,,
1016,,,5.930801094677918e-08,,,,
1017,,,2.4850390900610364e-07,,,,
1018,,,6.351308456942206e-08,,,,
1019,,,0.0018717104103416204,,,,
1020,,,0.03176327422261238,,,,
1021,,,0.030102476477622986,,,,
1022,,,0.02908710390329361,,,,
1023,,,0.29583653807640076,,,,
1024,,,9.807208698475733e-06,,,,
1025,,,1.6235880195836216e-07,,,,
1026,,,8.702108971192501e-07,,,,
8150,,12,,0.01288835983723402,,,
8150,,12,,,0.9018987417221069,0.006786573212593794,0.952531635761261
8151,0.0025440643075853586,13,,,,,
8152,1.8635122614796273e-05,13,,,,,
8153,0.020795512944459915,13,,,,,
8154,0.0016757379053160548,13,,,,,
8155,0.023119714111089706,13,,,,,
8156,8.605085895396769e-06,13,,,,,
8157,0.00012138026795582846,13,,,,,
8158,0.014924248680472374,13,,,,,
8159,0.020479468628764153,13,,,,,
8160,0.029643414542078972,13,,,,,
8161,1.740353945933748e-05,13,,,,,
8162,0.003615941386669874,13,,,,,
8163,8.361018444702495e-06,13,,,,,
8164,0.016580551862716675,13,,,,,
8165,7.307374744414119e-06,13,,,,,
8166,3.623684460762888e-05,13,,,,,
8167,0.0014854557812213898,13,,,,,
8168,0.010680506005883217,13,,,,,
8169,0.004263856913894415,13,,,,,
8170,5.459223302750615e-06,13,,,,,
8171,1.6010635590646416e-05,13,,,,,
8172,1.4480635400104802e-05,13,,,,,
8173,0.004110054578632116,13,,,,,
8174,0.011569608002901077,13,,,,,
8175,0.020420392975211143,13,,,,,
8176,0.001992530655115843,13,,,,,
8177,0.0018272409215569496,13,,,,,
8178,0.004293937236070633,13,,,,,
8179,0.007232560310512781,13,,,,,
8180,0.00390741927549243,13,,,,,
8181,0.023129010573029518,13,,,,,
8182,7.863164682930801e-06,13,,,,,
8183,0.037950921803712845,13,,,,,
8184,4.0592498407932e-05,13,,,,,
8185,8.580809662817046e-05,13,,,,,
8186,0.00018330567399971187,13,,,,,
8187,4.686846295953728e-05,13,,,,,
8188,0.00011295194417471066,13,,,,,
8189,0.003911291249096394,13,,,,,
8190,0.0027125051710754633,13,,,,,
8191,2.650783244462218e-05,13,,,,,
8192,0.0019296718528494239,13,,,,,
8193,0.0001043826705426909,13,,,,,
8194,0.00010248472972307354,13,,,,,
8195,0.002047064946964383,13,,,,,
8196,0.029296843335032463,13,,,,,
8197,0.0225052647292614,13,,,,,
8198,0.001736752805300057,13,,,,,
8199,0.005457574967294931,13,,,,,
8200,0.006268625613301992,13,,,,,
8201,0.0008925690781325102,13,,,,,
8202,0.019660338759422302,13,,,,,
8203,0.0029828406404703856,13,,,,,
8204,0.0023368902038782835,13,,,,,
8205,0.00041703853639774024,13,,,,,
8206,0.0054625547491014,13,,,,,
8207,1.4412009477382526e-05,13,,,,,
8208,0.026196647435426712,13,,,,,
8209,6.573268183274195e-05,13,,,,,
8210,0.011424971744418144,13,,,,,
8211,0.00221497705206275,13,,,,,
8212,0.0076430849730968475,13,,,,,
8213,0.004424558952450752,13,,,,,
8214,1.5082374375197105e-05,13,,,,,
8215,0.009224454872310162,13,,,,,
8216,3.640762224677019e-05,13,,,,,
8217,0.004673438146710396,13,,,,,
8218,0.030701251700520515,13,,,,,
8219,0.022144833579659462,13,,,,,
8220,4.000521948910318e-05,13,,,,,
8221,1.0258429028908722e-05,13,,,,,
8222,2.482512172718998e-05,13,,,,,
8223,6.687078894174192e-06,13,,,,,
8224,0.004295710939913988,13,,,,,
8225,2.290467091370374e-05,13,,,,,
8226,0.0001948002027347684,13,,,,,
8227,1.1743236427719239e-05,13,,,,,
8228,0.0001417421008227393,13,,,,,
8229,0.018100837245583534,13,,,,,
8230,7.683476724196225e-05,13,,,,,
8231,0.006132068112492561,13,,,,,
8232,6.832970029790886e-06,13,,,,,
8233,0.009626338258385658,13,,,,,
8234,0.003536546602845192,13,,,,,
8235,8.472238732792903e-06,13,,,,,
8236,0.016354050487279892,13,,,,,
8237,0.003412032499909401,13,,,,,
8238,0.0030164255294948816,13,,,,,
8239,0.0033544625621289015,13,,,,,
8240,0.013472544960677624,13,,,,,
8241,0.0037434606347233057,13,,,,,
8242,0.0033565524499863386,13,,,,,
8243,0.01668325811624527,13,,,,,
8244,0.016874974593520164,13,,,,,
8245,3.382389331818558e-05,13,,,,,
8246,0.007894528098404408,13,,,,,
8247,1.8101900423062034e-05,13,,,,,
8248,0.002650867449119687,13,,,,,
8249,6.10721417615423e-06,13,,,,,
8250,0.002712805988267064,13,,,,,
8251,2.5866464056889527e-05,13,,,,,
8252,7.266640750458464e-06,13,,,,,
8253,0.017149364575743675,13,,,,,
8254,0.007449687924236059,13,,,,,
8255,2.5705456209834665e-05,13,,,,,
8256,9.74692011368461e-06,13,,,,,
8257,6.886042683618143e-06,13,,,,,
8258,0.002978986594825983,13,,,,,
8259,3.896907401212957e-06,13,,,,,
8260,2.522792055970058e-05,13,,,,,
8261,0.004708646330982447,13,,,,,
8262,1.1734966392396018e-05,13,,,,,
8263,4.336666825111024e-05,13,,,,,
8264,0.014833204448223114,13,,,,,
8265,8.61535136209568e-06,13,,,,,
8266,0.0028368844650685787,13,,,,,
8267,3.190601637470536e-05,13,,,,,
8268,4.2439332901267335e-06,13,,,,,
8269,2.3785118173691444e-05,13,,,,,
8270,1.723135937936604e-05,13,,,,,
8271,2.8800679501728155e-05,13,,,,,
8272,0.030496342107653618,13,,,,,
8273,0.02089465595781803,13,,,,,
8274,0.004202092997729778,13,,,,,
8275,4.134470600547502e-06,13,,,,,
8276,0.011254925280809402,13,,,,,
8277,0.0035423177760094404,13,,,,,
8278,0.001863197423517704,13,,,,,
8279,0.003479841398075223,13,,,,,
8280,0.014767535030841827,13,,,,,
8281,0.01864483207464218,13,,,,,
8282,0.001988346455618739,13,,,,,
8283,0.02221154421567917,13,,,,,
8284,6.159186159493402e-05,13,,,,,
8285,0.008333012461662292,13,,,,,
8286,0.0039087925106287,13,,,,,
8287,0.01233565341681242,13,,,,,
8288,0.02981005609035492,13,,,,,
8289,0.0020954464562237263,13,,,,,
8290,0.00037987256655469537,13,,,,,
8291,4.6542325435439125e-05,13,,,,,
8292,0.009417399764060974,13,,,,,
8293,0.0037341038696467876,13,,,,,
8294,0.00013665358710568398,13,,,,,
8295,0.01547891553491354,13,,,,,
8296,0.02869916521012783,13,,,,,
8297,0.01593184657394886,13,,,,,
8298,0.000614064687397331,13,,,,,
8299,5.228842383075971e-06,13,,,,,
8300,0.0001485654356656596,13,,,,,
8301,0.00027720871730707586,13,,,,,
8302,0.005102834664285183,13,,,,,
8303,2.8557860787259415e-05,13,,,,,
8304,2.7334830519976094e-05,13,,,,,
8305,0.003399869427084923,13,,,,,
8306,7.258468485815683e-06,13,,,,,
8307,0.0002092958748107776,13,,,,,
8308,0.002840328961610794,13,,,,,
8309,0.008032222278416157,13,,,,,
8310,0.006146426312625408,13,,,,,
8311,0.005496421828866005,13,,,,,
8312,1.766764216881711e-05,13,,,,,
8313,0.003100418020039797,13,,,,,
8314,0.017822161316871643,13,,,,,
8315,3.3741976039891597e-06,13,,,,,
8316,0.009159217588603497,13,,,,,
8317,6.305296210484812e-06,13,,,,,
8318,0.02350783906877041,13,,,,,
8319,0.0042236922308802605,13,,,,,
8320,8.000920206541196e-05,13,,,,,
8321,0.03283778205513954,13,,,,,
8322,1.4253273548092693e-05,13,,,,,
8323,0.0030680575873702765,13,,,,,
8324,4.432101832207991e-06,13,,,,,
8325,0.02814352512359619,13,,,,,
8326,0.0013882794883102179,13,,,,,
8327,1.1980677300016396e-05,13,,,,,
8328,0.019544655457139015,13,,,,,
8329,3.248485518270172e-05,13,,,,,
8330,9.746818250278011e-06,13,,,,,
8331,0.00467263488098979,13,,,,,
8332,0.004166395403444767,13,,,,,
8333,0.03142165392637253,13,,,,,
8334,0.018238689750432968,13,,,,,
8335,0.00311294081620872,13,,,,,
8336,0.005465530324727297,13,,,,,
8337,1.385995255986927e-05,13,,,,,
8338,0.021291716024279594,13,,,,,
8339,1.3119215509505011e-05,13,,,,,
8340,0.0002266439114464447,13,,,,,
8341,0.03290347382426262,13,,,,,
8342,4.287726369511802e-06,13,,,,,
8343,0.00421516690403223,13,,,,,
8344,0.022284135222434998,13,,,,,
8345,0.004212152678519487,13,,,,,
8346,2.3514363419963047e-05,13,,,,,
8347,4.94271125717205e-06,13,,,,,
8348,3.41011218552012e-05,13,,,,,
8349,0.007570615038275719,13,,,,,
8350,5.574254464590922e-05,13,,,,,
8351,0.009980760514736176,13,,,,,
8352,0.006307336501777172,13,,,,,
8353,0.00390732241794467,13,,,,,
8354,0.002231625374406576,13,,,,,
8355,0.004571828525513411,13,,,,,
8356,0.019699977710843086,13,,,,,
8357,0.0018995454302057624,13,,,,,
8358,0.0041111549362540245,13,,,,,
8359,0.0007921640062704682,13,,,,,
8360,0.00017638855206314474,13,,,,,
8361,0.003126737894490361,13,,,,,
8362,0.004930165596306324,13,,,,,
8363,1.7983478755922988e-05,13,,,,,
8364,0.019819842651486397,13,,,,,
8365,0.0010993228061124682,13,,,,,
8366,3.705233757500537e-05,13,,,,,
8367,1.5107965737115592e-05,13,,,,,
8368,2.3159695047070272e-05,13,,,,,
8369,0.002433228539302945,13,,,,,
8370,0.012510699220001698,13,,,,,
8371,4.101218655705452e-05,13,,,,,
8372,0.017962995916604996,13,,,,,
8373,0.003606198588386178,13,,,,,
8374,0.0017092896159738302,13,,,,,
8375,0.0025135772302746773,13,,,,,
8376,0.024259306490421295,13,,,,,
8377,0.0002183500910177827,13,,,,,
8378,0.0001180019389721565,13,,,,,
8379,0.003455354832112789,13,,,,,
8380,7.708304474363104e-05,13,,,,,
8381,1.4348967852129135e-05,13,,,,,
8382,8.474281639792025e-05,13,,,,,
8383,9.346904334961437e-06,13,,,,,
8384,6.547645898535848e-05,13,,,,,
8385,0.007987413555383682,13,,,,,
8386,7.025631475698901e-06,13,,,,,
8387,0.0025938707403838634,13,,,,,
8388,0.0021556688006967306,13,,,,,
8389,0.00011078245734097436,13,,,,,
8390,0.006045890040695667,13,,,,,
8391,0.015001128427684307,13,,,,,
8392,0.002287402981892228,13,,,,,
8393,0.02630879357457161,13,,,,,
8394,0.031480349600315094,13,,,,,
8395,0.00021558701700996608,13,,,,,
8396,2.5048275347216986e-05,13,,,,,
8397,0.001575743779540062,13,,,,,
8398,0.004183207638561726,13,,,,,
8399,4.4086380512453616e-05,13,,,,,
8400,5.066481389803812e-05,13,,,,,
8401,0.02148973010480404,13,,,,,
8402,0.02232406660914421,13,,,,,
8403,0.006323786918073893,13,,,,,
8404,3.577521056286059e-05,13,,,,,
8405,0.027966642752289772,13,,,,,
8406,0.030167747288942337,13,,,,,
8407,0.0008772166911512613,13,,,,,
8408,0.014390540309250355,13,,,,,
8409,0.0031651437748223543,13,,,,,
8410,0.027126023545861244,13,,,,,
8411,0.00674337288364768,13,,,,,
8412,0.00021051187650300562,13,,,,,
8413,9.675611181592103e-06,13,,,,,
8414,0.00216146232560277,13,,,,,
8415,0.0005627624341286719,13,,,,,
8416,8.319119660882279e-05,13,,,,,
8417,0.0001663149887463078,13,,,,,
8418,0.0022317867260426283,13,,,,,
8419,0.0003231216105632484,13,,,,,
8420,0.03508869186043739,13,,,,,
8421,0.00010228896280750632,13,,,,,
8422,0.002647393150255084,13,,,,,
8423,0.02858058735728264,13,,,,,
8424,0.003355706110596657,13,,,,,
8425,0.028321830555796623,13,,,,,
8426,8.202355093089864e-05,13,,,,,
8427,0.0014196977717801929,13,,,,,
8428,0.0054688723757863045,13,,,,,
8429,0.0014738414902240038,13,,,,,
8430,1.1706246368703432e-05,13,,,,,
8431,0.028838584199547768,13,,,,,
8432,0.0031304832082241774,13,,,,,
8433,6.566915544681251e-05,13,,,,,
8434,0.002009361982345581,13,,,,,
8435,1.4260227544582449e-05,13,,,,,
8436,1.5912524759187363e-05,13,,,,,
8437,0.004194933921098709,13,,,,,
8438,4.3414311221567914e-05,13,,,,,
8439,3.5195276723243296e-05,13,,,,,
8440,2.267871423100587e-05,13,,,,,
8441,3.7855257687624544e-05,13,,,,,
8442,0.02006659097969532,13,,,,,
8443,0.01914001628756523,13,,,,,
8444,0.006784727796912193,13,,,,,
8445,7.80488335294649e-06,13,,,,,
8446,0.01629517413675785,13,,,,,
8447,1.6828280422487296e-05,13,,,,,
8448,0.02213326096534729,13,,,,,
8449,2.230545214843005e-05,13,,,,,
8450,0.016314005479216576,13,,,,,
8451,4.328352224547416e-05,13,,,,,
8452,0.0033029040787369013,13,,,,,
8453,0.004113663453608751,13,,,,,
8454,0.00012273799802642316,13,,,,,
8455,0.0018588417442515492,13,,,,,
8456,6.415355983335758e-06,13,,,,,
8457,0.016496503725647926,13,,,,,
8458,0.0028274571523070335,13,,,,,
8459,0.004049353767186403,13,,,,,
8460,0.004944455344229937,13,,,,,
8461,2.101354766637087e-05,13,,,,,
8462,0.015691913664340973,13,,,,,
8463,0.010989048518240452,13,,,,,
8464,0.023571163415908813,13,,,,,
8465,0.006037676706910133,13,,,,,
8466,0.007438104134052992,13,,,,,
8467,0.006821731571108103,13,,,,,
8468,1.3147818208381068e-05,13,,,,,
8469,5.8160869230050594e-05,13,,,,,
8470,1.5469669961021282e-05,13,,,,,
8471,2.7875588784809224e-05,13,,,,,
8472,0.0036717408802360296,13,,,,,
8473,3.868178464472294e-05,13,,,,,
8474,0.002833679784089327,13,,,,,
8475,0.0006568174576386809,13,,,,,
8476,4.154987436777446e-06,13,,,,,
8477,2.774375388980843e-06,13,,,,,
8478,0.02517794445157051,13,,,,,
8479,0.0032236489932984114,13,,,,,
8480,0.005535148549824953,13,,,,,
8481,0.02679384872317314,13,,,,,
8482,1.0199491043749731e-05,13,,,,,
8483,0.003025792306289077,13,,,,,
8484,1.4085957445786335e-05,13,,,,,
8485,0.005031363572925329,13,,,,,
8486,0.004006804898381233,13,,,,,
8487,1.6261354176094756e-05,13,,,,,
8488,2.8177038984722458e-05,13,,,,,
8489,0.0001932910963660106,13,,,,,
8490,0.0021620523184537888,13,,,,,
8491,4.9650348046270665e-06,13,,,,,
8492,0.0058092037215828896,13,,,,,
8493,0.003372100181877613,13,,,,,
8494,4.313815225032158e-06,13,,,,,
8495,0.0031992795411497355,13,,,,,
8496,0.061209697276353836,13,,,,,
8497,0.0001650460035307333,13,,,,,
8498,0.0024947598576545715,13,,,,,
8499,1.5274162024070392e-06,13,,,,,
8500,0.006924599874764681,13,,,,,
8501,0.021625638008117676,13,,,,,
8502,2.834944643836934e-05,13,,,,,
8503,0.0017588556511327624,13,,,,,
8504,0.01873209699988365,13,,,,,
8505,0.016234703361988068,13,,,,,
8506,0.0028058949392288923,13,,,,,
8507,0.0004625606525223702,13,,,,,
8508,0.005285459570586681,13,,,,,
8509,0.0028043105266988277,13,,,,,
8510,0.002065666951239109,13,,,,,
8511,0.0015822850400581956,13,,,,,
8512,5.4089210607344285e-05,13,,,,,
8513,0.037743717432022095,13,,,,,
8514,5.7685851061251014e-05,13,,,,,
8515,0.0034354382660239935,13,,,,,
8516,0.0031385100446641445,13,,,,,
8517,6.664005195489153e-05,13,,,,,
8518,1.866610000433866e-05,13,,,,,
8519,0.00010733674571383744,13,,,,,
8520,3.530380126903765e-05,13,,,,,
8521,0.0013992529129609466,13,,,,,
8522,0.004041639622300863,13,,,,,
8523,2.3274196792044677e-05,13,,,,,
8524,0.0009433305240236223,13,,,,,
8525,0.00390802463516593,13,,,,,
8526,2.0666564523708075e-05,13,,,,,
8527,0.0025752715300768614,13,,,,,
8528,4.059914863319136e-05,13,,,,,
8529,2.6850269932765514e-05,13,,,,,
8530,0.019129814580082893,13,,,,,
8531,0.0031560896895825863,13,,,,,
8532,0.021632269024848938,13,,,,,
8533,0.03231775388121605,13,,,,,
8534,0.00015225556853692979,13,,,,,
8535,0.0484127551317215,13,,,,,
8536,0.004535464569926262,13,,,,,
8537,0.004387587774544954,13,,,,,
8538,8.887546573532745e-05,13,,,,,
8539,0.02432606741786003,13,,,,,
8540,0.0027496195398271084,13,,,,,
8541,0.0074280621483922005,13,,,,,
8542,1.3898286852054298e-05,13,,,,,
8543,0.01685214601457119,13,,,,,
8544,1.3277767720865086e-05,13,,,,,
8545,3.8818976463517174e-05,13,,,,,
8546,0.0014992827782407403,13,,,,,
8547,0.016883304342627525,13,,,,,
8548,2.1796637156512588e-05,13,,,,,
8549,0.0030619173776358366,13,,,,,
8550,0.008855870924890041,13,,,,,
8551,2.646098073455505e-05,13,,,,,
8552,1.4547857972502243e-05,13,,,,,
8553,7.413740149786463e-06,13,,,,,
8554,0.013693363405764103,13,,,,,
8555,1.938920649990905e-05,13,,,,,
8556,0.001698081148788333,13,,,,,
8557,1.4869994629407302e-05,13,,,,,
8558,0.012484105303883553,13,,,,,
8559,0.02493748627603054,13,,,,,
8560,1.1861940947710536e-05,13,,,,,
8561,1.3188928278395906e-05,13,,,,,
8562,1.3320021935214754e-05,13,,,,,
8563,0.011670880950987339,13,,,,,
8564,0.020697027444839478,13,,,,,
8565,0.01656334474682808,13,,,,,
8566,0.0034692210610955954,13,,,,,
8567,3.122175621683709e-05,13,,,,,
8568,7.292185182450339e-05,13,,,,,
8569,6.04486012889538e-06,13,,,,,
8570,0.002793604740872979,13,,,,,
8571,9.649435014580376e-06,13,,,,,
8572,0.02655162289738655,13,,,,,
8573,0.003397834487259388,13,,,,,
8574,0.0023994643706828356,13,,,,,
8575,0.030268628150224686,13,,,,,
8576,0.0024901102297008038,13,,,,,
8577,2.737818613240961e-05,13,,,,,
8578,0.00011523035209393129,13,,,,,
8579,8.23689242679393e-06,13,,,,,
8580,0.003130847355350852,13,,,,,
8581,0.002757355570793152,13,,,,,
8582,1.0956785445159767e-05,13,,,,,
8583,0.00517460098490119,13,,,,,
8584,0.0003427476913202554,13,,,,,
8585,0.0053747911006212234,13,,,,,
8586,0.005288837943226099,13,,,,,
8587,1.1531323252711445e-05,13,,,,,
8588,0.002882197266444564,13,,,,,
8589,0.0002439926320221275,13,,,,,
8590,0.001836864510551095,13,,,,,
8591,2.70044165517902e-05,13,,,,,
8592,0.001944767776876688,13,,,,,
8593,0.002999638905748725,13,,,,,
8594,3.3813203117460944e-06,13,,,,,
8595,0.0025717720855027437,13,,,,,
8596,5.760741260019131e-06,13,,,,,
8597,1.315011195401894e-05,13,,,,,
8598,1.1960567462665495e-05,13,,,,,
8599,1.23160725706839e-05,13,,,,,
8600,0.00013413530541583896,13,,,,,
8601,4.758293471240904e-06,13,,,,,
8602,2.926035676864558e-06,13,,,,,
8603,0.0027692588046193123,13,,,,,
8604,1.6648809832986444e-05,13,,,,,
8605,0.00020505717839114368,13,,,,,
8606,7.992241080501117e-06,13,,,,,
8607,4.728878593596164e-06,13,,,,,
8608,0.000756983645260334,13,,,,,
8609,1.9004774003406055e-05,13,,,,,
8610,0.0010199259268119931,13,,,,,
8611,1.761969360813964e-05,13,,,,,
8612,1.1172154700034298e-05,13,,,,,
8613,5.713970949727809e-06,13,,,,,
8614,1.7805696188588627e-05,13,,,,,
8615,5.6282751756953076e-06,13,,,,,
8616,0.00261487253010273,13,,,,,
8617,2.1526232103497023e-06,13,,,,,
8618,0.0015260743675753474,13,,,,,
8619,0.00209837406873703,13,,,,,
8620,0.0029530408792197704,13,,,,,
8621,5.49698670511134e-05,13,,,,,
8622,3.152579893139773e-06,13,,,,,
8623,3.69227745977696e-05,13,,,,,
8624,0.002557041123509407,13,,,,,
8625,0.00010296823893440887,13,,,,,
8626,0.021347979083657265,13,,,,,
8627,0.054306965321302414,13,,,,,
8628,8.763081859797239e-05,13,,,,,
8629,1.3378010407905094e-05,13,,,,,
8630,0.01861666701734066,13,,,,,
8631,0.0010098075727000833,13,,,,,
8632,0.0053619868122041225,13,,,,,
8633,1.9887656890205108e-05,13,,,,,
8634,3.1387432954943506e-06,13,,,,,
8635,0.0048925126902759075,13,,,,,
8636,0.0237429141998291,13,,,,,
8637,0.016976002603769302,13,,,,,
8638,0.03723069280385971,13,,,,,
8639,1.0250691047986038e-05,13,,,,,
8640,6.948209829715779e-06,13,,,,,
8641,3.8114940252853557e-06,13,,,,,
8642,2.0401770598255098e-05,13,,,,,
8643,3.920934432244394e-06,13,,,,,
8644,0.024366790428757668,13,,,,,
8645,0.0020559080876410007,13,,,,,
8646,0.028837494552135468,13,,,,,
8647,0.03131590783596039,13,,,,,
8648,0.01277619507163763,13,,,,,
8649,0.002060065045952797,13,,,,,
8650,1.6723151929909363e-05,13,,,,,
8651,0.004516273271292448,13,,,,,
8652,7.052902219584212e-05,13,,,,,
8653,0.017915470525622368,13,,,,,
8654,0.019051339477300644,13,,,,,
8655,0.0029133602511137724,13,,,,,
8656,0.007982954382896423,13,,,,,
8657,0.004678454250097275,13,,,,,
8658,0.004910704214125872,13,,,,,
8659,1.943077404575888e-05,13,,,,,
8660,0.013757718726992607,13,,,,,
8661,0.033493783324956894,13,,,,,
8662,2.9191187422838993e-05,13,,,,,
8663,0.004475979600101709,13,,,,,
8664,0.00022024473582860082,13,,,,,
8665,2.2177864593686536e-05,13,,,,,
8666,5.8034951507579535e-05,13,,,,,
8667,0.001961688045412302,13,,,,,
8668,5.4033382184570655e-05,13,,,,,
8669,0.01818971335887909,13,,,,,
8670,0.003122178604826331,13,,,,,
8671,3.8272268284345046e-05,13,,,,,
8672,0.0020075568463653326,13,,,,,
8673,2.9964401619508862e-05,13,,,,,
8674,0.03404965251684189,13,,,,,
8675,1.7257150830118917e-05,13,,,,,
8676,0.0002495308581274003,13,,,,,
8677,2.175093140976969e-05,13,,,,,
8678,1.0236758498649579e-05,13,,,,,
8679,0.0032253803219646215,13,,,,,
8680,0.002560022287070751,13,,,,,
8681,0.0030257031321525574,13,,,,,
8682,0.00010101162479259074,13,,,,,
8683,0.04505923017859459,13,,,,,
8684,0.02431943267583847,13,,,,,
8685,1.1549978808034211e-05,13,,,,,
8686,5.757391409133561e-05,13,,,,,
8687,8.764828635321464e-06,13,,,,,
8688,3.078128065681085e-05,13,,,,,
8689,4.369211455923505e-05,13,,,,,
8690,1.1013006769644562e-05,13,,,,,
8691,0.0023667486384510994,13,,,,,
8692,0.03449121117591858,13,,,,,
8693,0.004364874213933945,13,,,,,
8694,4.2876996303675696e-05,13,,,,,
8695,2.627434514579363e-05,13,,,,,
8696,0.0003297886287327856,13,,,,,
8697,0.0029602653812617064,13,,,,,
8698,3.882275632349774e-05,13,,,,,
8699,0.026602577418088913,13,,,,,
8700,0.0027986911591142416,13,,,,,
8701,0.02912108413875103,13,,,,,
8702,0.0042692385613918304,13,,,,,
8703,0.005625935737043619,13,,,,,
8704,0.024743061512708664,13,,,,,
8705,0.00013052123540546745,13,,,,,
8706,0.007257434073835611,13,,,,,
8707,1.2368188436084893e-05,13,,,,,
8708,6.108928937464952e-05,13,,,,,
8709,8.953877113526687e-05,13,,,,,
8710,5.959697955404408e-05,13,,,,,
8711,0.0031785450410097837,13,,,,,
8712,4.653601718018763e-05,13,,,,,
8713,0.003308403305709362,13,,,,,
8714,1.3787454918201547e-05,13,,,,,
8715,0.0006426185136660933,13,,,,,
8716,0.01962500438094139,13,,,,,
8717,0.0022680675610899925,13,,,,,
8718,0.020842494443058968,13,,,,,
8719,5.583977690548636e-05,13,,,,,
8720,0.024979500100016594,13,,,,,
8721,0.003028332022950053,13,,,,,
8722,0.002684825100004673,13,,,,,
8723,0.002063967753201723,13,,,,,
8724,0.011702978983521461,13,,,,,
8725,0.02960011549293995,13,,,,,
8726,0.0037421975284814835,13,,,,,
8727,0.0037713574711233377,13,,,,,
8728,1.7575506717548706e-05,13,,,,,
8729,0.01912643201649189,13,,,,,
8730,0.018181653693318367,13,,,,,
8731,0.0021248783450573683,13,,,,,
8732,7.791298412485048e-05,13,,,,,
8733,8.140617865137756e-05,13,,,,,
8734,6.787021447962616e-06,13,,,,,
8735,0.02147778868675232,13,,,,,
8736,8.092156349448487e-05,13,,,,,
8737,0.0013049014378339052,13,,,,,
8738,0.004799738992005587,13,,,,,
8739,9.716554814076517e-06,13,,,,,
8740,2.7349778974894434e-05,13,,,,,
8741,3.924820339307189e-05,13,,,,,
8742,4.80490671179723e-05,13,,,,,
8743,0.009866476058959961,13,,,,,
8744,0.005904742982238531,13,,,,,
8745,0.05233068764209747,13,,,,,
8746,0.022089798003435135,13,,,,,
8747,0.02629428170621395,13,,,,,
8748,0.002150479704141617,13,,,,,
8749,0.05659647285938263,13,,,,,
8750,0.003962681163102388,13,,,,,
8751,0.013720350340008736,13,,,,,
8752,0.005908865947276354,13,,,,,
8753,0.0030012193601578474,13,,,,,
8754,0.004009838681668043,13,,,,,
8755,0.00029751512920483947,13,,,,,
8756,0.01806527003645897,13,,,,,
8757,0.018506640568375587,13,,,,,
8758,3.768963142647408e-05,13,,,,,
8759,2.3819282432668842e-05,13,,,,,
8760,0.0001289497158722952,13,,,,,
8761,0.0013465804513543844,13,,,,,
8762,4.445049853529781e-05,13,,,,,
8763,0.00017468164151068777,13,,,,,
8764,0.020443568006157875,13,,,,,
8765,0.06558069586753845,13,,,,,
8766,0.010306928306818008,13,,,,,
8767,0.001974322833120823,13,,,,,
8768,2.2714486476616003e-05,13,,,,,
8769,0.023207329213619232,13,,,,,
8770,0.0026531717739999294,13,,,,,
8771,0.03667471185326576,13,,,,,
8772,0.015103827230632305,13,,,,,
8773,1.5725703633506782e-05,13,,,,,
8774,0.021333938464522362,13,,,,,
8775,0.0043161893263459206,13,,,,,
8776,0.010199988260865211,13,,,,,
8777,3.8499132642755285e-05,13,,,,,
1027,,,0.018474379554390907,,,,
1028,,,0.0034329057671129704,,,,
1029,,,2.033376205190507e-07,,,,
1030,,,0.019559871405363083,,,,
1031,,,1.353518683799848e-07,,,,
1032,,,0.017755554988980293,,,,
1033,,,0.003136739833280444,,,,
1034,,,1.6086777065993374e-07,,,,
1035,,,0.017866283655166626,,,,
1036,,,9.74487477378716e-08,,,,
1037,,,1.4366192147008405e-07,,,,
1038,,,0.009729613550007343,,,,
1039,,,1.2883185718237655e-07,,,,
1040,,,0.004950311500579119,,,,
1041,,,0.016806259751319885,,,,
1042,,,2.86099549384744e-07,,,,
1043,,,0.00335901090875268,,,,
1044,,,0.0048595452681183815,,,,
1045,,,2.4605847670500225e-07,,,,
1046,,,0.03929997980594635,,,,
1047,,,0.003304643090814352,,,,
1048,,,1.4067927622818388e-07,,,,
1049,,,2.0968458613879193e-07,,,,
1050,,,0.021062979474663734,,,,
1051,,,1.8706623450270854e-07,,,,
1052,,,0.004439588636159897,,,,
1053,,,0.0030767028219997883,,,,
1054,,,1.9531817940787732e-07,,,,
1055,,,2.0530106326077657e-07,,,,
1056,,,1.870122616765002e-07,,,,
1057,,,0.0046118153259158134,,,,
1058,,,0.002168737817555666,,,,
1059,,,2.770848550426308e-05,,,,
1060,,,0.01055912021547556,,,,
1061,,,1.9363342573797127e-07,,,,
1062,,,6.261493723513922e-08,,,,
1063,,,0.002268572337925434,,,,
1064,,,0.05738244950771332,,,,
1065,,,5.7712394863074223e-08,,,,
1066,,,0.01444948185235262,,,,
1067,,,1.459997207575725e-07,,,,
1068,,,0.020999759435653687,,,,
1069,,,0.004947295878082514,,,,
1070,,,0.05042344704270363,,,,
1071,,,0.012977097183465958,,,,
1072,,,0.0213900376111269,,,,
1073,,,0.004705389961600304,,,,
1074,,,1.0693674994399771e-06,,,,
1075,,,1.4901105771514267e-07,,,,
1076,,,0.028636252507567406,,,,
1077,,,9.218931609211722e-07,,,,
1078,,,0.003189639886841178,,,,
1079,,,1.1087732332271116e-07,,,,
1080,,,0.003175837453454733,,,,
1081,,,1.1920914033680674e-07,,,,
1082,,,0.036347646266222,,,,
1083,,,0.0031073628924787045,,,,
1084,,,1.2104301561066677e-07,,,,
1085,,,0.009322096593677998,,,,
1086,,,0.011860103346407413,,,,
1087,,,0.00549290282651782,,,,
1088,,,1.990013771546728e-07,,,,
1089,,,1.43807426411513e-07,,,,
1090,,,0.021448269486427307,,,,
1091,,,0.004754605237394571,,,,
1092,,,0.00322972284629941,,,,
1093,,,2.0240605635990505e-07,,,,
1094,,,0.024833213537931442,,,,
1095,,,6.701809240894363e-08,,,,
1096,,,1.9440209086951654e-07,,,,
1097,,,1.6057386176271393e-07,,,,
1098,,,0.004860455170273781,,,,
1099,,,0.02702910266816616,,,,
1100,,,0.0318150520324707,,,,
1101,,,0.029192429035902023,,,,
1102,,,0.20462419092655182,,,,
1103,,,6.879551165184239e-06,,,,
1104,,,1.303848051747991e-07,,,,
1105,,,4.993514721718384e-07,,,,
8777,,13,,0.010874859057366848,,,
8777,,13,,,0.9477847814559937,0.006589095573872328,0.9984177350997925
8778,0.0023553252685815096,14,,,,,
8779,0.023106103762984276,14,,,,,
8780,0.004659954458475113,14,,,,,
8781,0.01368873193860054,14,,,,,
8782,0.016146356239914894,14,,,,,
8783,0.049845561385154724,14,,,,,
8784,0.008965747430920601,14,,,,,
8785,8.98563303053379e-05,14,,,,,
8786,0.003517285455018282,14,,,,,
8787,0.0030705477111041546,14,,,,,
8788,0.00253526889719069,14,,,,,
8789,2.211201899626758e-05,14,,,,,
8790,0.007839950732886791,14,,,,,
8791,8.577567314205226e-06,14,,,,,
8792,6.37179909972474e-05,14,,,,,
8793,2.444407800794579e-05,14,,,,,
8794,0.0038938645739108324,14,,,,,
8795,1.0471495443198364e-05,14,,,,,
8796,0.001847495324909687,14,,,,,
8797,0.012438510544598103,14,,,,,
8798,0.0451238639652729,14,,,,,
8799,0.022865083068609238,14,,,,,
8800,0.004413532093167305,14,,,,,
8801,2.7873671569977887e-05,14,,,,,
8802,0.027348974719643593,14,,,,,
8803,0.0066801332868635654,14,,,,,
8804,0.00025970421847887337,14,,,,,
8805,8.842953684506938e-05,14,,,,,
8806,0.021544676274061203,14,,,,,
8807,0.016483083367347717,14,,,,,
8808,0.0037977786269038916,14,,,,,
8809,1.5812898709555157e-05,14,,,,,
8810,0.009906833991408348,14,,,,,
8811,4.183892815490253e-05,14,,,,,
8812,0.003628510283306241,14,,,,,
8813,1.579319723532535e-05,14,,,,,
8814,0.0043696630746126175,14,,,,,
8815,9.897674317471683e-05,14,,,,,
8816,2.546943142078817e-05,14,,,,,
8817,2.3766497179167345e-05,14,,,,,
8818,3.920413746527629e-06,14,,,,,
8819,0.0006308345473371446,14,,,,,
8820,0.005169231444597244,14,,,,,
8821,0.0030558675061911345,14,,,,,
8822,0.002525649731978774,14,,,,,
8823,0.006613702047616243,14,,,,,
8824,0.009991152212023735,14,,,,,
8825,0.01893996261060238,14,,,,,
8826,5.9911777498200536e-05,14,,,,,
8827,0.007189774885773659,14,,,,,
8828,0.0004519396461546421,14,,,,,
8829,1.664806404733099e-05,14,,,,,
8830,0.008305205963551998,14,,,,,
8831,8.115219316096045e-06,14,,,,,
8832,0.00010959662176901475,14,,,,,
8833,1.2986331057618372e-05,14,,,,,
8834,0.0017666176427155733,14,,,,,
8835,0.013754276558756828,14,,,,,
8836,0.0035838275216519833,14,,,,,
8837,0.01857386901974678,14,,,,,
8838,9.37502773012966e-06,14,,,,,
8839,1.6719222912797704e-05,14,,,,,
8840,0.0006969413952901959,14,,,,,
8841,0.0001679710258031264,14,,,,,
8842,9.811169547901955e-06,14,,,,,
8843,2.6141175112570636e-05,14,,,,,
8844,3.7695015180361224e-06,14,,,,,
8845,0.002780865179374814,14,,,,,
8846,0.001461101695895195,14,,,,,
8847,7.731703954050317e-05,14,,,,,
8848,1.461953161197016e-05,14,,,,,
8849,4.990806246496504e-06,14,,,,,
8850,3.385548188816756e-05,14,,,,,
8851,1.4613260646001436e-05,14,,,,,
8852,0.00015600562619511038,14,,,,,
8853,8.330779382959008e-05,14,,,,,
8854,0.0659073069691658,14,,,,,
8855,0.001893338281661272,14,,,,,
8856,8.968434485723265e-06,14,,,,,
8857,0.03993697836995125,14,,,,,
8858,0.0001988099393201992,14,,,,,
8859,0.0029913217294961214,14,,,,,
8860,0.0026230760850012302,14,,,,,
8861,0.0025015140417963266,14,,,,,
8862,1.6393565601902083e-05,14,,,,,
8863,0.0328931026160717,14,,,,,
8864,0.03923904895782471,14,,,,,
8865,0.005850925110280514,14,,,,,
8866,1.3896515156375244e-05,14,,,,,
8867,0.016950026154518127,14,,,,,
8868,4.271023135515861e-05,14,,,,,
8869,2.345896791666746e-05,14,,,,,
8870,0.00023655623954255134,14,,,,,
8871,0.002776930807158351,14,,,,,
8872,0.0005356940091587603,14,,,,,
8873,2.3823788069421425e-05,14,,,,,
8874,0.0008029753807932138,14,,,,,
8875,9.686086559668183e-05,14,,,,,
8876,0.0023912638425827026,14,,,,,
8877,0.00786238256841898,14,,,,,
8878,9.730363672133535e-05,14,,,,,
8879,0.008007210679352283,14,,,,,
8880,0.002661182777956128,14,,,,,
8881,0.0036645671352744102,14,,,,,
8882,0.014525284990668297,14,,,,,
8883,0.003916353918612003,14,,,,,
8884,0.0004727838095277548,14,,,,,
8885,0.004541066940873861,14,,,,,
8886,0.0010064529487863183,14,,,,,
8887,0.004216279834508896,14,,,,,
8888,0.021820077672600746,14,,,,,
8889,1.8840688426280394e-05,14,,,,,
8890,0.002179596805945039,14,,,,,
8891,0.027082350105047226,14,,,,,
8892,2.8425965865608305e-05,14,,,,,
8893,0.0051465872675180435,14,,,,,
8894,0.015144605189561844,14,,,,,
8895,0.004096282180398703,14,,,,,
8896,0.0012183829676359892,14,,,,,
8897,0.0027629344258457422,14,,,,,
8898,0.014887724071741104,14,,,,,
8899,0.003178719663992524,14,,,,,
8900,0.02708183228969574,14,,,,,
8901,3.9712194848107174e-05,14,,,,,
8902,0.0001088751305360347,14,,,,,
8903,0.0006782595301046968,14,,,,,
8904,3.667639975901693e-05,14,,,,,
8905,0.00021949528309050947,14,,,,,
8906,7.802068284945562e-05,14,,,,,
8907,0.0022404021583497524,14,,,,,
8908,0.002010058145970106,14,,,,,
8909,0.04227597638964653,14,,,,,
8910,5.11569669470191e-05,14,,,,,
8911,0.0007869674009270966,14,,,,,
8912,0.004686571657657623,14,,,,,
8913,0.0033498555421829224,14,,,,,
8914,0.037831325083971024,14,,,,,
8915,0.00511564314365387,14,,,,,
8916,0.00025695262593217194,14,,,,,
8917,0.017890512943267822,14,,,,,
8918,0.04852314665913582,14,,,,,
8919,0.01970343478024006,14,,,,,
8920,0.0010466722305864096,14,,,,,
8921,0.004108866676688194,14,,,,,
8922,0.021071959286928177,14,,,,,
8923,0.02471376396715641,14,,,,,
8924,0.0034370822831988335,14,,,,,
8925,0.013241301290690899,14,,,,,
8926,0.0006468513165600598,14,,,,,
8927,6.281176320044324e-05,14,,,,,
8928,0.002053529256954789,14,,,,,
8929,0.00023920652165543288,14,,,,,
8930,0.004813655745238066,14,,,,,
8931,0.0164084043353796,14,,,,,
8932,0.015123039484024048,14,,,,,
8933,0.00034682941623032093,14,,,,,
8934,0.005775856785476208,14,,,,,
8935,0.004213772714138031,14,,,,,
8936,0.034706033766269684,14,,,,,
8937,5.744137160945684e-05,14,,,,,
8938,0.04232454672455788,14,,,,,
8939,0.003187363501638174,14,,,,,
8940,0.009170366451144218,14,,,,,
8941,0.0031057242304086685,14,,,,,
8942,0.012689664959907532,14,,,,,
8943,0.005253113340586424,14,,,,,
8944,0.00012903173046652228,14,,,,,
8945,0.0044012367725372314,14,,,,,
8946,0.0030256123282015324,14,,,,,
8947,0.002147223800420761,14,,,,,
8948,0.005128149408847094,14,,,,,
8949,0.0018466137116774917,14,,,,,
8950,0.029170406982302666,14,,,,,
8951,0.00330303143709898,14,,,,,
8952,4.9710783059708774e-05,14,,,,,
8953,0.00026516919024288654,14,,,,,
8954,0.0034280670806765556,14,,,,,
8955,5.6485459936084226e-05,14,,,,,
8956,0.018570659682154655,14,,,,,
8957,0.04119924083352089,14,,,,,
8958,0.06553693115711212,14,,,,,
8959,0.00483711576089263,14,,,,,
8960,1.8546612409409136e-05,14,,,,,
8961,0.00018483087478671223,14,,,,,
8962,1.3202066838857718e-05,14,,,,,
8963,5.7314733567181975e-05,14,,,,,
8964,1.7099087926908396e-05,14,,,,,
8965,2.0932284314767458e-05,14,,,,,
8966,8.026230352697894e-05,14,,,,,
8967,0.0021977266296744347,14,,,,,
8968,6.391487113432959e-05,14,,,,,
8969,0.00015833192446734756,14,,,,,
8970,3.269536318839528e-05,14,,,,,
8971,3.791999915847555e-05,14,,,,,
8972,0.005137525498867035,14,,,,,
8973,0.00018947775242850184,14,,,,,
8974,2.369186040596105e-05,14,,,,,
8975,5.0440357881598175e-05,14,,,,,
8976,0.0029704503249377012,14,,,,,
8977,0.0003186750109307468,14,,,,,
8978,5.4414671467384323e-05,14,,,,,
8979,2.622306055855006e-05,14,,,,,
8980,2.262628731841687e-05,14,,,,,
8981,0.0038470050785690546,14,,,,,
8982,6.316182407317683e-05,14,,,,,
8983,0.018546253442764282,14,,,,,
8984,2.7700109058059752e-05,14,,,,,
8985,1.2508745385275688e-05,14,,,,,
8986,0.00328115769661963,14,,,,,
8987,0.00026038664509542286,14,,,,,
8988,0.004571083001792431,14,,,,,
8989,0.031361013650894165,14,,,,,
8990,8.694973803358153e-05,14,,,,,
8991,0.0006173445144668221,14,,,,,
8992,5.0421120249666274e-05,14,,,,,
8993,0.01889936253428459,14,,,,,
8994,5.258619421510957e-05,14,,,,,
8995,0.002434544498100877,14,,,,,
8996,1.1301774975436274e-05,14,,,,,
8997,0.0033369900193065405,14,,,,,
8998,4.0440343582304195e-05,14,,,,,
8999,0.01719546504318714,14,,,,,
9000,0.0033853156492114067,14,,,,,
9001,0.007670940365642309,14,,,,,
9002,5.542353846976766e-06,14,,,,,
9003,0.0016905212542042136,14,,,,,
9004,0.0003275220515206456,14,,,,,
9005,0.017089994624257088,14,,,,,
9006,0.023986881598830223,14,,,,,
9007,1.0309507160854992e-05,14,,,,,
9008,0.004976257216185331,14,,,,,
9009,0.0027681600768119097,14,,,,,
9010,0.0032143082935363054,14,,,,,
9011,0.0034097288735210896,14,,,,,
9012,0.00016066736134234816,14,,,,,
9013,0.0018512689275667071,14,,,,,
9014,0.0022913222201168537,14,,,,,
9015,1.5186577911663335e-05,14,,,,,
9016,0.004033198114484549,14,,,,,
9017,0.022727083414793015,14,,,,,
9018,1.3085084901831578e-05,14,,,,,
9019,0.005276354495435953,14,,,,,
9020,0.0021151797845959663,14,,,,,
9021,0.0012607485987246037,14,,,,,
9022,0.0026166073512285948,14,,,,,
9023,3.51795315509662e-05,14,,,,,
9024,0.0026290284004062414,14,,,,,
9025,0.0209820494055748,14,,,,,
9026,0.002711725188419223,14,,,,,
9027,0.010510224848985672,14,,,,,
9028,1.2445520951587241e-05,14,,,,,
9029,0.004236091393977404,14,,,,,
9030,6.283466973400209e-06,14,,,,,
9031,0.08370853215456009,14,,,,,
9032,0.0004359539016149938,14,,,,,
9033,0.004877056460827589,14,,,,,
9034,2.8593214665306732e-05,14,,,,,
9035,0.0037848397623747587,14,,,,,
9036,1.3945558521299972e-06,14,,,,,
9037,6.3297229644376785e-06,14,,,,,
9038,8.370586147066206e-05,14,,,,,
9039,0.027753913775086403,14,,,,,
9040,0.0021504389587789774,14,,,,,
9041,0.0003042829339392483,14,,,,,
9042,0.006877644453197718,14,,,,,
9043,0.015811901539564133,14,,,,,
9044,2.3259453882928938e-06,14,,,,,
9045,6.3537627283949405e-06,14,,,,,
9046,0.025407912209630013,14,,,,,
9047,1.237120886798948e-05,14,,,,,
9048,1.3956261682324111e-05,14,,,,,
9049,8.781069482211024e-06,14,,,,,
9050,0.015790103003382683,14,,,,,
9051,0.0033805693965405226,14,,,,,
9052,0.017404887825250626,14,,,,,
9053,1.255833694813191e-06,14,,,,,
9054,8.5140973169473e-06,14,,,,,
9055,4.281481960788369e-05,14,,,,,
9056,1.0908866897807457e-05,14,,,,,
9057,0.0015499894507229328,14,,,,,
9058,0.002498140325769782,14,,,,,
9059,8.645810885354877e-05,14,,,,,
9060,0.002480789553374052,14,,,,,
9061,1.9927842004108243e-05,14,,,,,
9062,2.2434434868046083e-05,14,,,,,
9063,0.003283327678218484,14,,,,,
9064,0.003381886053830385,14,,,,,
9065,0.002474309876561165,14,,,,,
9066,0.00404499052092433,14,,,,,
9067,0.0005995954270474613,14,,,,,
9068,1.3289221897139214e-05,14,,,,,
9069,2.2580792574444786e-05,14,,,,,
9070,0.018206844106316566,14,,,,,
9071,4.680198344431119e-06,14,,,,,
9072,3.5177367863070685e-06,14,,,,,
9073,0.003771019633859396,14,,,,,
9074,6.400777692761039e-06,14,,,,,
9075,0.04730057343840599,14,,,,,
9076,0.002338266931474209,14,,,,,
9077,0.03400677070021629,14,,,,,
9078,0.016147900372743607,14,,,,,
9079,1.8122687833965756e-05,14,,,,,
9080,0.002817928558215499,14,,,,,
9081,9.020996003528126e-06,14,,,,,
9082,0.01397886872291565,14,,,,,
9083,0.0035115652717649937,14,,,,,
9084,0.024355867877602577,14,,,,,
9085,0.00011853988689836115,14,,,,,
9086,3.020454641955439e-05,14,,,,,
9087,0.018434496596455574,14,,,,,
9088,0.003177564824000001,14,,,,,
9089,1.0491215107322205e-05,14,,,,,
9090,0.0002497374371159822,14,,,,,
9091,3.51775306626223e-05,14,,,,,
9092,0.019695784896612167,14,,,,,
9093,1.7299893443123437e-05,14,,,,,
9094,2.403850203336333e-06,14,,,,,
9095,8.73680710355984e-06,14,,,,,
9096,0.017197322100400925,14,,,,,
9097,0.007017458789050579,14,,,,,
9098,1.9196879748051288e-06,14,,,,,
9099,0.03152254968881607,14,,,,,
9100,0.002678872784599662,14,,,,,
9101,0.0037330975756049156,14,,,,,
9102,0.00012886611511930823,14,,,,,
9103,0.002677385462448001,14,,,,,
9104,0.003825948340818286,14,,,,,
9105,0.008420994505286217,14,,,,,
9106,3.2966622711683158e-06,14,,,,,
9107,0.006407071836292744,14,,,,,
9108,0.0032585207372903824,14,,,,,
9109,6.057526661606971e-06,14,,,,,
9110,0.0030214248690754175,14,,,,,
9111,0.0029849945567548275,14,,,,,
9112,0.00011499726679176092,14,,,,,
9113,0.012170742265880108,14,,,,,
9114,8.704925858182833e-05,14,,,,,
9115,0.017272520810365677,14,,,,,
9116,2.959873563668225e-05,14,,,,,
9117,2.6212044758722186e-05,14,,,,,
9118,4.920194987789728e-05,14,,,,,
9119,0.018145395442843437,14,,,,,
9120,0.008993009105324745,14,,,,,
9121,0.027960166335105896,14,,,,,
9122,0.0031887623481452465,14,,,,,
9123,0.0010905552189797163,14,,,,,
9124,0.019740937277674675,14,,,,,
9125,0.017954163253307343,14,,,,,
9126,0.01248112041503191,14,,,,,
9127,5.2104416681686416e-05,14,,,,,
9128,0.00031252726330421865,14,,,,,
9129,0.014189782552421093,14,,,,,
9130,4.9967802624451e-06,14,,,,,
9131,0.013387111946940422,14,,,,,
9132,0.00011972988431807607,14,,,,,
9133,0.005518326070159674,14,,,,,
9134,0.0043593645095825195,14,,,,,
9135,0.001531749963760376,14,,,,,
9136,0.00015447085024788976,14,,,,,
9137,1.2115008757973555e-05,14,,,,,
9138,0.007396293338388205,14,,,,,
9139,0.0264048483222723,14,,,,,
9140,0.029918866232037544,14,,,,,
9141,0.0009026236366480589,14,,,,,
9142,5.4335425375029445e-05,14,,,,,
9143,4.7249748604372144e-05,14,,,,,
9144,0.016713425517082214,14,,,,,
9145,0.00011577894474612549,14,,,,,
9146,4.330997762735933e-05,14,,,,,
9147,1.543616599519737e-05,14,,,,,
9148,0.005905121099203825,14,,,,,
9149,3.994757662439952e-06,14,,,,,
9150,0.0024803820997476578,14,,,,,
9151,1.3602593753603287e-05,14,,,,,
9152,0.001771142240613699,14,,,,,
9153,6.927182312210789e-06,14,,,,,
9154,3.478143480606377e-05,14,,,,,
9155,0.002682568272575736,14,,,,,
9156,0.002154001034796238,14,,,,,
9157,0.011262458749115467,14,,,,,
9158,0.0050795492716133595,14,,,,,
9159,1.784381856850814e-05,14,,,,,
9160,0.004453442990779877,14,,,,,
9161,0.003905990393832326,14,,,,,
9162,1.3343283171707299e-05,14,,,,,
9163,0.002486612182110548,14,,,,,
9164,0.012658875435590744,14,,,,,
9165,0.03554178774356842,14,,,,,
9166,0.005907608661800623,14,,,,,
9167,0.003098611254245043,14,,,,,
9168,5.7500754337524995e-05,14,,,,,
9169,0.0050517781637609005,14,,,,,
9170,9.705304364615586e-06,14,,,,,
9171,4.142988836974837e-05,14,,,,,
9172,0.01101702731102705,14,,,,,
9173,2.9333326892810874e-05,14,,,,,
9174,0.0001473161537433043,14,,,,,
9175,0.005845846142619848,14,,,,,
9176,2.6878644348471425e-05,14,,,,,
9177,1.3128467799106147e-05,14,,,,,
9178,0.01947845332324505,14,,,,,
9179,0.002356515498831868,14,,,,,
9180,0.00408472865819931,14,,,,,
9181,0.0004799884045496583,14,,,,,
9182,0.0002677027659956366,14,,,,,
9183,0.0160794910043478,14,,,,,
9184,0.014277835376560688,14,,,,,
9185,0.036454759538173676,14,,,,,
9186,0.024742627516388893,14,,,,,
9187,0.013580993749201298,14,,,,,
9188,0.020557567477226257,14,,,,,
9189,0.0017629716312512755,14,,,,,
9190,0.000191683488083072,14,,,,,
9191,0.002783062169328332,14,,,,,
9192,0.000649983121547848,14,,,,,
9193,0.0020789175760000944,14,,,,,
9194,0.008435875177383423,14,,,,,
9195,0.012216638773679733,14,,,,,
9196,0.013159435242414474,14,,,,,
9197,0.015251191332936287,14,,,,,
9198,0.0019478807225823402,14,,,,,
9199,0.01634940132498741,14,,,,,
9200,0.009120763279497623,14,,,,,
9201,0.0008861630922183394,14,,,,,
9202,0.026500700041651726,14,,,,,
9203,0.004776141606271267,14,,,,,
9204,0.000584066438023001,14,,,,,
9205,0.017698243260383606,14,,,,,
9206,0.0020253092516213655,14,,,,,
9207,0.0014965218724682927,14,,,,,
9208,0.0023177594412118196,14,,,,,
9209,0.0036615438293665648,14,,,,,
9210,0.0007799843442626297,14,,,,,
9211,0.008279737085103989,14,,,,,
9212,4.488926788326353e-05,14,,,,,
9213,0.019955260679125786,14,,,,,
9214,0.00832454115152359,14,,,,,
9215,3.7585035897791386e-05,14,,,,,
9216,0.0004477878101170063,14,,,,,
9217,1.919017086038366e-05,14,,,,,
9218,0.0001473815500503406,14,,,,,
9219,0.00487564317882061,14,,,,,
9220,0.00012656602484639734,14,,,,,
9221,0.0020534126088023186,14,,,,,
9222,3.6997364077251405e-05,14,,,,,
9223,0.00029266049386933446,14,,,,,
9224,1.3714698070543818e-05,14,,,,,
9225,0.002536224666982889,14,,,,,
9226,0.030719825997948647,14,,,,,
9227,0.024590758606791496,14,,,,,
9228,0.008806342259049416,14,,,,,
9229,0.0029025054536759853,14,,,,,
9230,0.025981387123465538,14,,,,,
9231,3.067919533350505e-05,14,,,,,
9232,1.3570275768870488e-05,14,,,,,
9233,1.925826109072659e-05,14,,,,,
9234,0.03323210030794144,14,,,,,
9235,4.634576180251315e-05,14,,,,,
9236,0.002515339059755206,14,,,,,
9237,0.002735081361606717,14,,,,,
9238,0.0001676296815276146,14,,,,,
9239,0.0007263193256221712,14,,,,,
9240,1.3149689948477317e-05,14,,,,,
9241,0.02532053180038929,14,,,,,
9242,0.00020146671158727258,14,,,,,
9243,0.014977995306253433,14,,,,,
9244,1.1066874321841169e-05,14,,,,,
9245,0.0004443522193469107,14,,,,,
9246,4.217091191094369e-05,14,,,,,
9247,3.064900010940619e-05,14,,,,,
9248,0.005553507246077061,14,,,,,
9249,2.4400833353865892e-05,14,,,,,
9250,0.04198675602674484,14,,,,,
9251,0.0027432062197476625,14,,,,,
9252,0.002842110814526677,14,,,,,
9253,0.025009259581565857,14,,,,,
9254,1.407117088092491e-05,14,,,,,
9255,0.003382846713066101,14,,,,,
9256,0.006489056162536144,14,,,,,
9257,0.019801611080765724,14,,,,,
9258,0.003252874594181776,14,,,,,
9259,6.696425316476962e-06,14,,,,,
9260,0.03232220932841301,14,,,,,
9261,0.03301598131656647,14,,,,,
9262,0.0017616988625377417,14,,,,,
9263,0.011915567331016064,14,,,,,
9264,5.241782491793856e-05,14,,,,,
9265,2.9560675102402456e-05,14,,,,,
9266,8.266200893558562e-05,14,,,,,
9267,5.573235739575466e-06,14,,,,,
9268,0.003663946408778429,14,,,,,
9269,0.0046578762121498585,14,,,,,
9270,0.007354963105171919,14,,,,,
9271,0.003833562368527055,14,,,,,
9272,2.7052758014178835e-05,14,,,,,
9273,0.006329141091555357,14,,,,,
9274,2.3837853859731695e-06,14,,,,,
9275,3.540183024597354e-05,14,,,,,
9276,1.683081063674763e-05,14,,,,,
9277,6.966266482777428e-06,14,,,,,
9278,0.03381243720650673,14,,,,,
9279,1.1828560673166066e-05,14,,,,,
9280,0.002597870770841837,14,,,,,
9281,0.001644105650484562,14,,,,,
9282,0.030047304928302765,14,,,,,
9283,2.5839397494564764e-05,14,,,,,
9284,0.003523619379848242,14,,,,,
9285,0.014365782961249352,14,,,,,
9286,5.262269041850232e-06,14,,,,,
9287,2.407544343441259e-05,14,,,,,
9288,0.02269970439374447,14,,,,,
9289,0.023434041067957878,14,,,,,
9290,2.9824570447090082e-05,14,,,,,
9291,9.864529602054972e-06,14,,,,,
9292,0.023145629093050957,14,,,,,
9293,0.003221483901143074,14,,,,,
9294,1.0123101674253121e-05,14,,,,,
9295,4.066044311912265e-06,14,,,,,
9296,4.411257577885408e-06,14,,,,,
9297,0.0035391529090702534,14,,,,,
9298,0.011576847173273563,14,,,,,
9299,0.0027228815015405416,14,,,,,
9300,0.017357192933559418,14,,,,,
9301,0.02762036956846714,14,,,,,
9302,2.227522782050073e-05,14,,,,,
9303,0.00012449502537492663,14,,,,,
9304,0.002510304097086191,14,,,,,
9305,3.886886588588823e-06,14,,,,,
9306,0.02323533035814762,14,,,,,
9307,0.04409292712807655,14,,,,,
9308,3.0302175218821503e-05,14,,,,,
9309,4.231804996379651e-05,14,,,,,
9310,5.030614829593105e-06,14,,,,,
9311,1.0063521585834678e-05,14,,,,,
9312,1.883156983240042e-05,14,,,,,
9313,0.003934160340577364,14,,,,,
9314,0.0050701964646577835,14,,,,,
9315,1.4808443665970117e-05,14,,,,,
9316,7.239169008244062e-06,14,,,,,
9317,0.03101961873471737,14,,,,,
9318,0.0036433767527341843,14,,,,,
9319,7.9247738540289e-06,14,,,,,
9320,1.5718358554295264e-05,14,,,,,
9321,2.713841422519181e-05,14,,,,,
9322,0.00010696022218326107,14,,,,,
9323,0.026284392923116684,14,,,,,
9324,0.003686884418129921,14,,,,,
9325,0.01916399784386158,14,,,,,
9326,0.0023172544315457344,14,,,,,
9327,0.0014979118714109063,14,,,,,
9328,0.002981477649882436,14,,,,,
9329,0.032213594764471054,14,,,,,
9330,0.0036874234210699797,14,,,,,
9331,5.377866909839213e-05,14,,,,,
9332,8.305922528961673e-05,14,,,,,
9333,8.19004617369501e-06,14,,,,,
9334,1.1788253686972894e-05,14,,,,,
9335,0.00015548293595202267,14,,,,,
9336,0.03768371418118477,14,,,,,
9337,0.02529013715684414,14,,,,,
9338,0.016182079911231995,14,,,,,
9339,1.0885506526392419e-05,14,,,,,
9340,1.7232194295502268e-05,14,,,,,
9341,5.017542207497172e-05,14,,,,,
9342,0.0030939884018152952,14,,,,,
9343,0.0343250147998333,14,,,,,
9344,0.003366647055372596,14,,,,,
9345,0.004239759407937527,14,,,,,
9346,1.3523133929993492e-05,14,,,,,
9347,0.005866163410246372,14,,,,,
9348,0.0036474678199738264,14,,,,,
9349,0.0037932998966425657,14,,,,,
9350,0.007528798654675484,14,,,,,
9351,0.0029431048315018415,14,,,,,
9352,1.6338122804882005e-05,14,,,,,
9353,5.404447438195348e-05,14,,,,,
9354,5.278136450215243e-05,14,,,,,
9355,0.00031373786623589694,14,,,,,
9356,0.008629504591226578,14,,,,,
9357,6.662865780526772e-05,14,,,,,
9358,0.026298191398382187,14,,,,,
9359,0.0131224375218153,14,,,,,
9360,0.027385633438825607,14,,,,,
9361,0.003061375580728054,14,,,,,
9362,0.009045382961630821,14,,,,,
9363,0.00010935654427157715,14,,,,,
9364,0.023713981732726097,14,,,,,
9365,0.004781195893883705,14,,,,,
9366,0.002477198140695691,14,,,,,
9367,0.0005535987438634038,14,,,,,
9368,0.02904895320534706,14,,,,,
9369,0.02052878588438034,14,,,,,
9370,0.01446679886430502,14,,,,,
9371,0.003190796123817563,14,,,,,
9372,0.00591462105512619,14,,,,,
9373,6.495942216133699e-05,14,,,,,
9374,0.0021781623363494873,14,,,,,
9375,0.007331386208534241,14,,,,,
9376,0.00019729977066162974,14,,,,,
9377,0.005379402078688145,14,,,,,
9378,0.026265757158398628,14,,,,,
9379,0.0025119269266724586,14,,,,,
9380,0.015141366980969906,14,,,,,
9381,3.548590393620543e-05,14,,,,,
9382,6.949134331080131e-06,14,,,,,
9383,0.0005632123211398721,14,,,,,
9384,0.004674708936363459,14,,,,,
9385,2.9655091566382907e-05,14,,,,,
9386,9.408978803548962e-05,14,,,,,
9387,0.015872877091169357,14,,,,,
9388,0.00018920750881079584,14,,,,,
9389,4.334330151323229e-05,14,,,,,
9390,4.314907710067928e-05,14,,,,,
9391,1.4677484614367131e-05,14,,,,,
9392,0.028082894161343575,14,,,,,
9393,0.019834378734230995,14,,,,,
9394,0.005697436630725861,14,,,,,
9395,0.030612604692578316,14,,,,,
9396,0.002733751432970166,14,,,,,
9397,0.0028996895998716354,14,,,,,
9398,0.00112924724817276,14,,,,,
9399,0.016252344474196434,14,,,,,
9400,0.01628326252102852,14,,,,,
9401,0.005748755764216185,14,,,,,
9402,0.0265173502266407,14,,,,,
9403,8.103242180368397e-06,14,,,,,
9404,4.204308788757771e-05,14,,,,,
1106,,,0.014593971893191338,,,,
1107,,,0.0034677665680646896,,,,
1108,,,2.387274378179427e-07,,,,
1109,,,0.020227989181876183,,,,
1110,,,4.212633086808637e-07,,,,
1111,,,0.02128373272716999,,,,
1112,,,0.003336547641083598,,,,
1113,,,3.7492861792998156e-07,,,,
1114,,,0.013783502392470837,,,,
1115,,,7.890182587289019e-07,,,,
1116,,,3.750445785044576e-07,,,,
1117,,,0.006904158741235733,,,,
1118,,,1.7229383786343533e-07,,,,
1119,,,0.00250823050737381,,,,
1120,,,0.01780661940574646,,,,
1121,,,6.036726176716911e-07,,,,
1122,,,0.00333829945884645,,,,
1123,,,0.0023809715639799833,,,,
1124,,,8.787496881268453e-07,,,,
1125,,,0.04432367905974388,,,,
1126,,,0.003409040393307805,,,,
1127,,,3.4640905255400867e-07,,,,
1128,,,8.472849799545656e-07,,,,
1129,,,0.024638881906867027,,,,
1130,,,9.628031421016203e-07,,,,
1131,,,0.0022641816176474094,,,,
1132,,,0.003214322030544281,,,,
1133,,,4.0133375023287954e-07,,,,
1134,,,1.6241419587004202e-07,,,,
1135,,,2.1255716831092286e-07,,,,
1136,,,0.002239712979644537,,,,
1137,,,0.001872384105809033,,,,
1138,,,4.958931458531879e-05,,,,
1139,,,0.007459173910319805,,,,
1140,,,1.9300323117477092e-07,,,,
1141,,,1.2944414606863575e-07,,,,
1142,,,0.0017538151005282998,,,,
1143,,,0.09859288483858109,,,,
1144,,,1.378154479425575e-07,,,,
1145,,,0.014470833353698254,,,,
1146,,,1.0927503524271742e-07,,,,
1147,,,0.016104860231280327,,,,
1148,,,0.002249264158308506,,,,
1149,,,0.05654938891530037,,,,
1150,,,0.017874719575047493,,,,
1151,,,0.01766887679696083,,,,
1152,,,0.002310088137164712,,,,
1153,,,5.414621682575671e-06,,,,
1154,,,2.842399453584221e-07,,,,
1155,,,0.03067886270582676,,,,
1156,,,3.7010988762631314e-06,,,,
1157,,,0.00329572637565434,,,,
1158,,,2.611693901144463e-07,,,,
1159,,,0.003363699419423938,,,,
1160,,,4.0472681916980946e-07,,,,
1161,,,0.03963320702314377,,,,
1162,,,0.00324698886834085,,,,
1163,,,4.1630929104030656e-07,,,,
1164,,,0.0043737562373280525,,,,
1165,,,0.013544226065278053,,,,
1166,,,0.005001113750040531,,,,
1167,,,3.0474961931759026e-07,,,,
1168,,,2.0782614740255667e-07,,,,
1169,,,0.0206524096429348,,,,
1170,,,0.0023247450590133667,,,,
1171,,,0.0033042076975107193,,,,
1172,,,3.774906929265853e-07,,,,
1173,,,0.030201410874724388,,,,
1174,,,5.195096832721902e-07,,,,
1175,,,4.114179716907529e-07,,,,
1176,,,3.7195053437244496e-07,,,,
1177,,,0.0022816897835582495,,,,
1178,,,0.024418286979198456,,,,
1179,,,0.03901141136884689,,,,
1180,,,0.043957848101854324,,,,
1181,,,0.1763847917318344,,,,
1182,,,0.0002290662523591891,,,,
1183,,,4.848991466133157e-07,,,,
1184,,,1.4887447150613298e-06,,,,
9404,,14,,0.01115146093070507,,,
9404,,14,,,0.9145569801330566,0.006924697197973728,0.9667721390724182
9405,0.00681255292147398,15,,,,,
9406,0.006534763146191835,15,,,,,
9407,0.04329193755984306,15,,,,,
9408,0.017772169783711433,15,,,,,
9409,0.004682877101004124,15,,,,,
9410,0.0011867445427924395,15,,,,,
9411,0.006331216543912888,15,,,,,
9412,0.001307481317780912,15,,,,,
9413,0.015112732537090778,15,,,,,
9414,5.408160177466925e-06,15,,,,,
9415,2.8391435989760794e-05,15,,,,,
9416,0.0007453329162672162,15,,,,,
9417,6.033830504748039e-05,15,,,,,
9418,0.00011076912051066756,15,,,,,
9419,0.004406567197293043,15,,,,,
9420,2.1719641154049896e-05,15,,,,,
9421,0.0002135937102138996,15,,,,,
9422,0.0005536602693609893,15,,,,,
9423,0.003783836495131254,15,,,,,
9424,0.028520772233605385,15,,,,,
9425,0.0033923876471817493,15,,,,,
9426,0.002052217721939087,15,,,,,
9427,0.0051645212806761265,15,,,,,
9428,0.0002856884675566107,15,,,,,
9429,0.0049143703654408455,15,,,,,
9430,0.0053987884894013405,15,,,,,
9431,3.0982668249635026e-05,15,,,,,
9432,0.005974185653030872,15,,,,,
9433,0.0031895432621240616,15,,,,,
9434,0.023951416835188866,15,,,,,
9435,0.018383018672466278,15,,,,,
9436,0.00978472176939249,15,,,,,
9437,0.03364626690745354,15,,,,,
9438,2.32104448514292e-05,15,,,,,
9439,2.2301146600511856e-05,15,,,,,
9440,0.004292591474950314,15,,,,,
9441,0.0010608738521113992,15,,,,,
9442,0.004549772012978792,15,,,,,
9443,0.008621188811957836,15,,,,,
9444,4.04181846533902e-05,15,,,,,
9445,0.00016436626901850104,15,,,,,
9446,0.0022028314415365458,15,,,,,
9447,0.0009187365649268031,15,,,,,
9448,0.00018774057389236987,15,,,,,
9449,0.00031695354846306145,15,,,,,
9450,0.0001090165096684359,15,,,,,
9451,2.0062199837411754e-05,15,,,,,
9452,0.003224269486963749,15,,,,,
9453,0.04070834070444107,15,,,,,
9454,2.244543247797992e-05,15,,,,,
9455,0.00013167191355023533,15,,,,,
9456,0.0006628400296904147,15,,,,,
9457,0.0033167866058647633,15,,,,,
9458,0.02628251723945141,15,,,,,
9459,0.003180983942002058,15,,,,,
9460,8.648438233649358e-05,15,,,,,
9461,0.000627261062618345,15,,,,,
9462,0.0022397805005311966,15,,,,,
9463,0.030879884958267212,15,,,,,
9464,0.00016319018322974443,15,,,,,
9465,1.3258001672511455e-05,15,,,,,
9466,9.160386252915487e-05,15,,,,,
9467,0.003636719658970833,15,,,,,
9468,0.026901641860604286,15,,,,,
9469,0.006866693031042814,15,,,,,
9470,1.7696447685011663e-05,15,,,,,
9471,0.02558978646993637,15,,,,,
9472,0.00019233433704357594,15,,,,,
9473,0.0002101889840560034,15,,,,,
9474,0.0049812342040240765,15,,,,,
9475,0.00018402142450213432,15,,,,,
9476,0.00302059855312109,15,,,,,
9477,0.02607763558626175,15,,,,,
9478,3.353321517352015e-05,15,,,,,
9479,2.891775147872977e-05,15,,,,,
9480,3.673360697575845e-05,15,,,,,
9481,2.247141492262017e-05,15,,,,,
9482,0.01944279484450817,15,,,,,
9483,0.07340260595083237,15,,,,,
9484,0.003194859018549323,15,,,,,
9485,0.002458775881677866,15,,,,,
9486,0.016608309000730515,15,,,,,
9487,6.241015944397077e-05,15,,,,,
9488,0.01850772090256214,15,,,,,
9489,0.027585629373788834,15,,,,,
9490,0.006562478374689817,15,,,,,
9491,0.039502616971731186,15,,,,,
9492,0.00011618933058343828,15,,,,,
9493,0.014078200794756413,15,,,,,
9494,0.020865311846137047,15,,,,,
9495,0.002801354043185711,15,,,,,
9496,0.024588340893387794,15,,,,,
9497,0.00015817514213267714,15,,,,,
9498,7.168148295022547e-05,15,,,,,
9499,0.0024828293826431036,15,,,,,
9500,0.0076846107840538025,15,,,,,
9501,0.006324914284050465,15,,,,,
9502,0.0027357167564332485,15,,,,,
9503,0.0028746165335178375,15,,,,,
9504,0.00399773521348834,15,,,,,
9505,0.00270652468316257,15,,,,,
9506,0.0031159475911408663,15,,,,,
9507,0.0005798846832476556,15,,,,,
9508,0.01694350317120552,15,,,,,
9509,0.003911096137017012,15,,,,,
9510,0.02513781562447548,15,,,,,
9511,0.015574159100651741,15,,,,,
9512,0.0017882545944303274,15,,,,,
9513,0.015119597315788269,15,,,,,
9514,1.4063909475225955e-05,15,,,,,
9515,0.00032000907231122255,15,,,,,
9516,6.53758761473e-05,15,,,,,
9517,0.0038593513891100883,15,,,,,
9518,6.203674274729565e-05,15,,,,,
9519,3.908463258994743e-05,15,,,,,
9520,0.0029548138845711946,15,,,,,
9521,5.756111568189226e-05,15,,,,,
9522,0.002222685841843486,15,,,,,
9523,5.037793016526848e-05,15,,,,,
9524,0.01892833039164543,15,,,,,
9525,0.001964450115337968,15,,,,,
9526,0.0133997006341815,15,,,,,
9527,0.0018014585366472602,15,,,,,
9528,0.00010101115185534582,15,,,,,
9529,0.005236990284174681,15,,,,,
9530,0.006578565109521151,15,,,,,
9531,0.025541698560118675,15,,,,,
9532,4.617112790583633e-05,15,,,,,
9533,0.008983816020190716,15,,,,,
9534,0.00028202898101881146,15,,,,,
9535,0.001966276438906789,15,,,,,
9536,0.0020434216130524874,15,,,,,
9537,1.976167368411552e-05,15,,,,,
9538,9.025665349327028e-05,15,,,,,
9539,3.177479811711237e-05,15,,,,,
9540,0.010760793462395668,15,,,,,
9541,0.0044926912523806095,15,,,,,
9542,4.203512071399018e-05,15,,,,,
9543,5.4430005548056215e-05,15,,,,,
9544,0.02149631455540657,15,,,,,
9545,1.7351356291328557e-05,15,,,,,
9546,8.900629472918808e-05,15,,,,,
9547,0.0027987349312752485,15,,,,,
9548,0.017505621537566185,15,,,,,
9549,0.005082178395241499,15,,,,,
9550,0.0011413900647312403,15,,,,,
9551,0.04103848338127136,15,,,,,
9552,1.4187956367095467e-05,15,,,,,
9553,4.845604416914284e-05,15,,,,,
9554,0.0020950157195329666,15,,,,,
9555,0.03791065141558647,15,,,,,
9556,0.0015413984656333923,15,,,,,
9557,0.003912452608346939,15,,,,,
9558,0.0011648000217974186,15,,,,,
9559,0.007713708560913801,15,,,,,
9560,0.003909059334546328,15,,,,,
9561,0.024069158360362053,15,,,,,
9562,0.025975462049245834,15,,,,,
9563,0.007419398054480553,15,,,,,
9564,0.016610775142908096,15,,,,,
9565,4.11442706536036e-05,15,,,,,
9566,0.00010633099009282887,15,,,,,
9567,0.0001634564105188474,15,,,,,
9568,0.00016278920520562679,15,,,,,
9569,0.0005147687625139952,15,,,,,
9570,0.013300882652401924,15,,,,,
9571,0.017145968973636627,15,,,,,
9572,0.000493361265398562,15,,,,,
9573,0.005006025545299053,15,,,,,
9574,0.008930018171668053,15,,,,,
9575,5.0138976803282276e-05,15,,,,,
9576,0.000502052076626569,15,,,,,
9577,0.008575016632676125,15,,,,,
9578,0.011600535362958908,15,,,,,
9579,0.00510869175195694,15,,,,,
9580,7.02192191965878e-05,15,,,,,
9581,0.00406267587095499,15,,,,,
9582,3.1126524845603853e-05,15,,,,,
9583,0.00010683189611881971,15,,,,,
9584,0.026030054315924644,15,,,,,
9585,6.137267337180674e-05,15,,,,,
9586,0.0029064675327390432,15,,,,,
9587,6.0106507589807734e-05,15,,,,,
9588,0.003458245424553752,15,,,,,
9589,0.017781691625714302,15,,,,,
9590,2.1987876607454382e-05,15,,,,,
9591,3.463078974164091e-05,15,,,,,
9592,0.004881034139543772,15,,,,,
9593,9.796145604923368e-06,15,,,,,
9594,3.076734356000088e-05,15,,,,,
9595,2.9949525924166664e-05,15,,,,,
9596,0.004019566811621189,15,,,,,
9597,0.002114503411576152,15,,,,,
9598,4.68560065201018e-05,15,,,,,
9599,0.0037971572019159794,15,,,,,
9600,8.700307080289349e-05,15,,,,,
9601,0.023948602378368378,15,,,,,
9602,7.787662980263121e-06,15,,,,,
9603,0.003177858190611005,15,,,,,
9604,2.240354115201626e-05,15,,,,,
9605,0.0030405980069190264,15,,,,,
9606,0.0037900011520832777,15,,,,,
9607,2.931075323431287e-05,15,,,,,
9608,0.023612553253769875,15,,,,,
9609,3.7975467421347275e-05,15,,,,,
9610,0.002775787375867367,15,,,,,
9611,1.805796637199819e-05,15,,,,,
9612,8.814710599835962e-05,15,,,,,
9613,0.0024902927689254284,15,,,,,
9614,0.002358216093853116,15,,,,,
9615,5.8960631577065215e-05,15,,,,,
9616,3.487373032839969e-05,15,,,,,
9617,0.0001573062181705609,15,,,,,
9618,0.0024775522761046886,15,,,,,
9619,0.003926314879208803,15,,,,,
9620,0.00402725487947464,15,,,,,
9621,0.0246190894395113,15,,,,,
9622,4.582761903293431e-05,15,,,,,
9623,0.008586782962083817,15,,,,,
9624,6.341849712043768e-06,15,,,,,
9625,3.166963506373577e-05,15,,,,,
9626,8.426400017924607e-05,15,,,,,
9627,0.02328215353190899,15,,,,,
9628,0.0041840337216854095,15,,,,,
9629,0.013889562338590622,15,,,,,
9630,1.1766496754717082e-05,15,,,,,
9631,0.042542964220047,15,,,,,
9632,0.02375265583395958,15,,,,,
9633,0.002402273239567876,15,,,,,
9634,1.598105882294476e-05,15,,,,,
9635,0.001187009154818952,15,,,,,
9636,0.004900702275335789,15,,,,,
9637,0.001304527628235519,15,,,,,
9638,1.520618206996005e-05,15,,,,,
9639,1.2295734450162854e-05,15,,,,,
9640,8.860687375999987e-05,15,,,,,
9641,1.79535782081075e-05,15,,,,,
9642,0.0025779837742447853,15,,,,,
9643,0.02324218489229679,15,,,,,
9644,3.119476605206728e-05,15,,,,,
9645,0.0003827880718745291,15,,,,,
9646,0.006455036345869303,15,,,,,
9647,0.0027214728761464357,15,,,,,
9648,1.5892113879090175e-05,15,,,,,
9649,2.2446229195338674e-05,15,,,,,
9650,0.0016195252537727356,15,,,,,
9651,0.0019411889370530844,15,,,,,
9652,4.912320218863897e-05,15,,,,,
9653,0.01787659153342247,15,,,,,
9654,4.633616845239885e-05,15,,,,,
9655,0.00011539900879142806,15,,,,,
9656,8.058209641603753e-05,15,,,,,
9657,4.7087403800105676e-05,15,,,,,
9658,0.0057313102297484875,15,,,,,
9659,5.811437949887477e-05,15,,,,,
9660,1.1960582014580723e-05,15,,,,,
9661,0.00635921023786068,15,,,,,
9662,0.0035742390900850296,15,,,,,
9663,0.00016917416360229254,15,,,,,
9664,1.3795601262245327e-05,15,,,,,
9665,0.013313052244484425,15,,,,,
9666,0.012333505786955357,15,,,,,
9667,2.2365422410075553e-05,15,,,,,
9668,0.002071893308311701,15,,,,,
9669,0.014292663894593716,15,,,,,
9670,9.485832379141357e-06,15,,,,,
9671,0.002058557700365782,15,,,,,
9672,0.022368190810084343,15,,,,,
9673,0.0038445177488029003,15,,,,,
9674,1.7638643839745782e-05,15,,,,,
9675,0.004445045720785856,15,,,,,
9676,0.0018946873024106026,15,,,,,
9677,0.003698524786159396,15,,,,,
9678,0.025475168600678444,15,,,,,
9679,8.124382475216407e-06,15,,,,,
9680,0.0027760607190430164,15,,,,,
9681,9.472551937506068e-06,15,,,,,
9682,3.6715496207762044e-06,15,,,,,
9683,0.005245301406830549,15,,,,,
9684,0.004462628159672022,15,,,,,
9685,0.013232639990746975,15,,,,,
9686,0.0035867479164153337,15,,,,,
9687,1.7654441762715578e-05,15,,,,,
9688,0.030411371961236,15,,,,,
9689,8.738619726500474e-06,15,,,,,
9690,0.037889059633016586,15,,,,,
9691,0.002339631086215377,15,,,,,
9692,0.013055485673248768,15,,,,,
9693,0.0186634361743927,15,,,,,
9694,2.213770494563505e-05,15,,,,,
9695,9.404327101947274e-06,15,,,,,
9696,8.91164927452337e-06,15,,,,,
9697,3.0080396754783578e-05,15,,,,,
9698,3.9421960536856204e-05,15,,,,,
9699,0.0016719690756872296,15,,,,,
9700,6.6723218878905755e-06,15,,,,,
9701,1.5715655536041595e-05,15,,,,,
9702,0.003730101976543665,15,,,,,
9703,0.02171565592288971,15,,,,,
9704,0.011461995542049408,15,,,,,
9705,0.00364298140630126,15,,,,,
9706,0.01853197254240513,15,,,,,
9707,4.530627393251052e-06,15,,,,,
9708,0.0031775764655321836,15,,,,,
9709,0.0038047772832214832,15,,,,,
9710,1.4842259588476736e-05,15,,,,,
9711,0.0023265054915100336,15,,,,,
9712,0.0045478022657334805,15,,,,,
9713,0.0033455933444201946,15,,,,,
9714,4.610220912582008e-06,15,,,,,
9715,0.020841114223003387,15,,,,,
9716,0.0032732111867517233,15,,,,,
9717,0.023719683289527893,15,,,,,
9718,0.00029194942908361554,15,,,,,
9719,0.003678478766232729,15,,,,,
9720,0.006314282305538654,15,,,,,
9721,0.002202776260674,15,,,,,
9722,8.440634701400995e-06,15,,,,,
9723,0.01243286207318306,15,,,,,
9724,0.00028698286041617393,15,,,,,
9725,2.5798846763791516e-05,15,,,,,
9726,5.685774340236094e-06,15,,,,,
9727,8.719781362742651e-06,15,,,,,
9728,0.0016450457042083144,15,,,,,
9729,0.006027759984135628,15,,,,,
9730,0.01421196199953556,15,,,,,
9731,4.081102815689519e-06,15,,,,,
9732,0.00041409459663555026,15,,,,,
9733,0.003520410042256117,15,,,,,
9734,0.0069144368171691895,15,,,,,
9735,0.0001333170512225479,15,,,,,
9736,5.747360773966648e-06,15,,,,,
9737,0.0020300643518567085,15,,,,,
9738,5.084047188574914e-06,15,,,,,
9739,1.0841798030014616e-05,15,,,,,
9740,5.1940110097348224e-06,15,,,,,
9741,0.004016089718788862,15,,,,,
9742,0.0027254631277173758,15,,,,,
9743,4.438680207385914e-06,15,,,,,
9744,0.006477913353592157,15,,,,,
9745,4.104310573893599e-05,15,,,,,
9746,0.0015606539091095328,15,,,,,
9747,5.821163085784065e-06,15,,,,,
9748,5.62004288440221e-06,15,,,,,
9749,0.0019622778054326773,15,,,,,
9750,7.771874152240343e-06,15,,,,,
9751,0.014977579936385155,15,,,,,
9752,0.01918645389378071,15,,,,,
9753,1.922210458360496e-06,15,,,,,
9754,0.006064384710043669,15,,,,,
9755,0.018212605267763138,15,,,,,
9756,0.0014950452605262399,15,,,,,
9757,0.03780355304479599,15,,,,,
9758,0.0018842193530872464,15,,,,,
9759,0.0022260358091443777,15,,,,,
9760,0.003254167502745986,15,,,,,
9761,2.5087640096899122e-05,15,,,,,
9762,2.041122570517473e-05,15,,,,,
9763,0.005910066422075033,15,,,,,
9764,0.0024473085068166256,15,,,,,
9765,0.002048555528745055,15,,,,,
9766,0.0057532512582838535,15,,,,,
9767,0.002604932989925146,15,,,,,
9768,0.013409986160695553,15,,,,,
9769,1.6800973753561266e-05,15,,,,,
9770,0.029116656631231308,15,,,,,
9771,0.00063768879044801,15,,,,,
9772,9.674045941210352e-06,15,,,,,
9773,0.018373660743236542,15,,,,,
9774,4.0668583096703514e-06,15,,,,,
9775,0.020513029769062996,15,,,,,
9776,1.175371198769426e-05,15,,,,,
9777,0.01841445080935955,15,,,,,
9778,0.008672975935041904,15,,,,,
9779,0.015707921236753464,15,,,,,
9780,0.004978794138878584,15,,,,,
9781,0.019438790157437325,15,,,,,
9782,0.01931849494576454,15,,,,,
9783,3.7341380902944366e-06,15,,,,,
9784,0.0007169620366767049,15,,,,,
9785,0.004439374897629023,15,,,,,
9786,4.2719466364360414e-06,15,,,,,
9787,0.0002662571787368506,15,,,,,
9788,1.1219687621633057e-05,15,,,,,
9789,6.708534783683717e-06,15,,,,,
9790,0.0033800629898905754,15,,,,,
9791,0.018576055765151978,15,,,,,
9792,0.0038250708021223545,15,,,,,
9793,0.033396292477846146,15,,,,,
9794,3.166334181514685e-06,15,,,,,
9795,0.028471505269408226,15,,,,,
9796,0.002127357991412282,15,,,,,
9797,0.0038547476287931204,15,,,,,
9798,7.805713721609209e-06,15,,,,,
9799,0.005724702496081591,15,,,,,
9800,0.015024433843791485,15,,,,,
9801,0.03136858344078064,15,,,,,
9802,0.0045188721269369125,15,,,,,
9803,0.008281460031867027,15,,,,,
9804,0.016215289011597633,15,,,,,
9805,0.0013303215382620692,15,,,,,
9806,0.01985052041709423,15,,,,,
9807,0.0023123689461499453,15,,,,,
9808,0.02708194963634014,15,,,,,
9809,0.00010228134487988427,15,,,,,
9810,0.01702389307320118,15,,,,,
9811,0.005235144402831793,15,,,,,
9812,1.310425068368204e-05,15,,,,,
9813,0.006541070062667131,15,,,,,
9814,0.0059527005068957806,15,,,,,
9815,0.016194641590118408,15,,,,,
9816,1.948152930708602e-05,15,,,,,
9817,0.0003470962110441178,15,,,,,
9818,2.344047425140161e-05,15,,,,,
9819,3.281479439465329e-05,15,,,,,
9820,0.017101695761084557,15,,,,,
9821,0.011807462200522423,15,,,,,
9822,6.389577720256057e-06,15,,,,,
9823,1.3187994227337185e-05,15,,,,,
9824,0.0068152956664562225,15,,,,,
9825,1.2130403774790466e-05,15,,,,,
9826,0.0042536198161542416,15,,,,,
9827,2.3746470105834305e-05,15,,,,,
9828,0.018462689593434334,15,,,,,
9829,0.00011690995597746223,15,,,,,
9830,0.00288886995986104,15,,,,,
9831,3.177560574840754e-05,15,,,,,
9832,0.0025590898003429174,15,,,,,
9833,0.0008170687942765653,15,,,,,
9834,0.012204146012663841,15,,,,,
9835,8.89044749783352e-05,15,,,,,
9836,0.019757498055696487,15,,,,,
9837,0.03210081532597542,15,,,,,
9838,9.725865311338566e-06,15,,,,,
9839,0.02323063462972641,15,,,,,
9840,0.002693267771974206,15,,,,,
9841,5.161899753147736e-05,15,,,,,
9842,1.3451905942929443e-05,15,,,,,
9843,0.006578877102583647,15,,,,,
9844,0.019783927127718925,15,,,,,
9845,0.0036349522415548563,15,,,,,
9846,3.499738159007393e-05,15,,,,,
9847,6.384737935150042e-05,15,,,,,
9848,0.003382513765245676,15,,,,,
9849,6.682745151920244e-05,15,,,,,
9850,0.025131776928901672,15,,,,,
9851,4.198298847768456e-05,15,,,,,
9852,0.00010887011740123853,15,,,,,
9853,7.16083450242877e-05,15,,,,,
9854,0.0032925268169492483,15,,,,,
9855,0.011276706121861935,15,,,,,
9856,0.022831622511148453,15,,,,,
9857,0.00670646084472537,15,,,,,
9858,0.002022557659074664,15,,,,,
9859,2.060827500827145e-05,15,,,,,
9860,0.016467198729515076,15,,,,,
9861,0.0002064099971903488,15,,,,,
9862,0.007076445966959,15,,,,,
9863,0.042197924107313156,15,,,,,
9864,3.621109135565348e-05,15,,,,,
9865,0.012882785871624947,15,,,,,
9866,0.003399193286895752,15,,,,,
9867,0.02015041373670101,15,,,,,
9868,0.0194630715996027,15,,,,,
9869,0.03087143786251545,15,,,,,
9870,4.3489500967552885e-05,15,,,,,
9871,0.00017920481332112104,15,,,,,
9872,0.017651716247200966,15,,,,,
9873,3.3646050724200904e-05,15,,,,,
9874,6.566382216988131e-05,15,,,,,
9875,1.4831889529887121e-05,15,,,,,
9876,4.6264161937870085e-05,15,,,,,
9877,0.023936226963996887,15,,,,,
9878,0.008842638693749905,15,,,,,
9879,0.011709080077707767,15,,,,,
9880,0.038118526339530945,15,,,,,
9881,5.813579264213331e-05,15,,,,,
9882,0.021183481439948082,15,,,,,
9883,0.00018728456052485853,15,,,,,
9884,0.002163887256756425,15,,,,,
9885,0.029498042538762093,15,,,,,
9886,6.776096415705979e-05,15,,,,,
9887,0.00033629790414124727,15,,,,,
9888,0.017026197165250778,15,,,,,
9889,0.005170822609215975,15,,,,,
9890,0.0007762308814562857,15,,,,,
9891,0.0009717064094729722,15,,,,,
9892,0.002933352952823043,15,,,,,
9893,0.018991686403751373,15,,,,,
9894,5.662120383931324e-05,15,,,,,
9895,0.0002042673440882936,15,,,,,
9896,0.034188393503427505,15,,,,,
9897,0.012078182771801949,15,,,,,
9898,0.0003322457487229258,15,,,,,
9899,0.0036057676188647747,15,,,,,
9900,0.028426168486475945,15,,,,,
9901,3.355813896632753e-05,15,,,,,
9902,3.878930147038773e-05,15,,,,,
9903,0.00018316814384888858,15,,,,,
9904,0.017334265634417534,15,,,,,
9905,0.00014100839325692505,15,,,,,
9906,0.01811009831726551,15,,,,,
9907,0.009701232425868511,15,,,,,
9908,0.008427781984210014,15,,,,,
9909,7.368843944277614e-05,15,,,,,
9910,0.004988192580640316,15,,,,,
9911,0.009140729904174805,15,,,,,
9912,0.00011471031029941514,15,,,,,
9913,3.106657459284179e-05,15,,,,,
9914,0.024455107748508453,15,,,,,
9915,0.007860379293560982,15,,,,,
9916,0.00016236338706221431,15,,,,,
9917,0.05375794321298599,15,,,,,
9918,0.004894476383924484,15,,,,,
9919,0.019395405426621437,15,,,,,
9920,0.003935453947633505,15,,,,,
9921,0.003521580249071121,15,,,,,
9922,0.0011348215630277991,15,,,,,
9923,0.004814257379621267,15,,,,,
9924,0.010450541973114014,15,,,,,
9925,0.0025878632441163063,15,,,,,
9926,0.003913781605660915,15,,,,,
9927,9.108486119657755e-05,15,,,,,
9928,0.004575819242745638,15,,,,,
9929,1.411986886523664e-05,15,,,,,
9930,0.0003183100197929889,15,,,,,
9931,2.2018508389010094e-05,15,,,,,
9932,0.003819128032773733,15,,,,,
9933,0.00010684873996069655,15,,,,,
9934,0.025865383446216583,15,,,,,
9935,5.450200478662737e-05,15,,,,,
9936,3.097197986789979e-05,15,,,,,
9937,0.007318200543522835,15,,,,,
9938,0.00021650154667440802,15,,,,,
9939,3.5705445043276995e-05,15,,,,,
9940,0.020593082532286644,15,,,,,
9941,0.0197194404900074,15,,,,,
9942,0.0038305174093693495,15,,,,,
9943,0.00044148374581709504,15,,,,,
9944,2.565324211900588e-05,15,,,,,
9945,0.003561164950951934,15,,,,,
9946,0.00318833626806736,15,,,,,
9947,0.01357381884008646,15,,,,,
9948,7.541224476881325e-06,15,,,,,
9949,0.03993793949484825,15,,,,,
9950,0.01638096198439598,15,,,,,
9951,1.4023873518453911e-05,15,,,,,
9952,7.731718505965546e-05,15,,,,,
9953,0.036006662994623184,15,,,,,
9954,2.029587994911708e-05,15,,,,,
9955,2.0901637981296517e-05,15,,,,,
9956,0.00021171331172809005,15,,,,,
9957,0.011334280483424664,15,,,,,
9958,0.00017506371659692377,15,,,,,
9959,0.0003399518318474293,15,,,,,
9960,4.2021820263471454e-05,15,,,,,
9961,0.0034039760939776897,15,,,,,
9962,0.01958010345697403,15,,,,,
9963,1.7426307749701664e-05,15,,,,,
9964,0.0001292133383685723,15,,,,,
9965,0.0314612090587616,15,,,,,
9966,9.296259122493211e-06,15,,,,,
9967,0.009126199409365654,15,,,,,
9968,9.666335245128721e-05,15,,,,,
9969,6.628825940424576e-05,15,,,,,
9970,0.006314897444099188,15,,,,,
9971,2.51269229920581e-05,15,,,,,
9972,0.01831139624118805,15,,,,,
9973,0.006917176302522421,15,,,,,
9974,0.0005454641068354249,15,,,,,
9975,0.006610259413719177,15,,,,,
9976,6.738060619682074e-05,15,,,,,
9977,0.04238814488053322,15,,,,,
9978,0.00928004365414381,15,,,,,
9979,0.0004154608177486807,15,,,,,
9980,0.002420862903818488,15,,,,,
9981,0.010840898379683495,15,,,,,
9982,3.522167753544636e-05,15,,,,,
9983,0.0034645977430045605,15,,,,,
9984,0.00026501083630137146,15,,,,,
9985,0.02162417396903038,15,,,,,
9986,0.0004671816132031381,15,,,,,
9987,0.0035705927293747663,15,,,,,
9988,0.01124939601868391,15,,,,,
9989,0.0005607473431155086,15,,,,,
9990,0.01700470969080925,15,,,,,
9991,0.00018467585323378444,15,,,,,
9992,3.756910882657394e-05,15,,,,,
9993,0.0013561605010181665,15,,,,,
9994,0.007405634503811598,15,,,,,
9995,7.02662100593443e-06,15,,,,,
9996,0.008831088431179523,15,,,,,
9997,4.36928057752084e-05,15,,,,,
9998,0.00021342522813938558,15,,,,,
9999,8.03504153736867e-05,15,,,,,
10000,0.0011987591860815883,15,,,,,
10001,2.9679031285922974e-05,15,,,,,
10002,1.3069585293123964e-05,15,,,,,
10003,0.023915885016322136,15,,,,,
10004,0.0014138913247734308,15,,,,,
10005,5.05833395436639e-06,15,,,,,
10006,5.897122900933027e-05,15,,,,,
10007,0.0010846813675016165,15,,,,,
10008,3.130063851131126e-05,15,,,,,
10009,0.02949407696723938,15,,,,,
10010,6.630052666878328e-05,15,,,,,
10011,0.0017835184698924422,15,,,,,
10012,0.0009235304896719754,15,,,,,
10013,2.757687798293773e-05,15,,,,,
10014,0.004406486172229052,15,,,,,
10015,0.0033164205960929394,15,,,,,
10016,0.004028106573969126,15,,,,,
10017,0.0038505634292960167,15,,,,,
10018,0.004902910441160202,15,,,,,
10019,0.028936009854078293,15,,,,,
10020,3.277590803918429e-05,15,,,,,
10021,0.012454751878976822,15,,,,,
10022,0.015725120902061462,15,,,,,
10023,2.8570915674208663e-05,15,,,,,
10024,7.806772919138893e-05,15,,,,,
10025,3.091456528636627e-05,15,,,,,
10026,0.003786263754591346,15,,,,,
10027,2.4005161321838386e-05,15,,,,,
10028,0.027228500694036484,15,,,,,
10029,0.044234346598386765,15,,,,,
10030,0.0022233424242585897,15,,,,,
10031,0.011622766964137554,15,,,,,
1185,,,0.013623177073895931,,,,
1186,,,0.003460060339421034,,,,
1187,,,5.960271209914936e-07,,,,
1188,,,0.020499149337410927,,,,
1189,,,3.213022807813104e-07,,,,
1190,,,0.016591064631938934,,,,
1191,,,0.0032682279124855995,,,,
1192,,,1.129753286477353e-06,,,,
1193,,,0.0153436828404665,,,,
1194,,,1.7881296798805124e-07,,,,
1195,,,1.2837901408602193e-07,,,,
1196,,,0.008216409012675285,,,,
1197,,,1.6887884157767985e-07,,,,
1198,,,0.003401888534426689,,,,
1199,,,0.015473386272788048,,,,
1200,,,1.46718676319324e-07,,,,
1201,,,0.003198545426130295,,,,
1202,,,0.0031986613757908344,,,,
1203,,,2.549229805026698e-07,,,,
1204,,,0.04505343362689018,,,,
1205,,,0.0034188979770988226,,,,
1206,,,1.4933183933862892e-07,,,,
1207,,,5.850343995916774e-07,,,,
1208,,,0.020276498049497604,,,,
1209,,,3.3439582125538436e-07,,,,
1210,,,0.0031441780738532543,,,,
1211,,,0.0032112598419189453,,,,
1212,,,2.7753440008382313e-06,,,,
1213,,,1.3047268794252886e-06,,,,
1214,,,5.5342225095955655e-06,,,,
1215,,,0.0030792313627898693,,,,
1216,,,0.0023542121052742004,,,,
1217,,,5.584178325079847e-06,,,,
1218,,,0.008718552999198437,,,,
1219,,,1.283545856267665e-07,,,,
1220,,,1.7008289887598949e-07,,,,
1221,,,0.0022764266468584538,,,,
1222,,,0.11406674236059189,,,,
1223,,,8.357252312407581e-08,,,,
1224,,,0.011349215172231197,,,,
1225,,,1.1409142786078519e-07,,,,
1226,,,0.015788646414875984,,,,
1227,,,0.0042146616615355015,,,,
1228,,,0.06127241998910904,,,,
1229,,,0.011937743052840233,,,,
1230,,,0.017577119171619415,,,,
1231,,,0.00331296119838953,,,,
1232,,,3.1116974241740536e-06,,,,
1233,,,2.445057418754004e-07,,,,
1234,,,0.028901968151330948,,,,
1235,,,1.1984767297690269e-05,,,,
1236,,,0.0033590716775506735,,,,
1237,,,1.256180439668242e-07,,,,
1238,,,0.003286548424512148,,,,
1239,,,1.413202852518225e-07,,,,
1240,,,0.04105990380048752,,,,
1241,,,0.0032204745803028345,,,,
1242,,,2.96798333465631e-07,,,,
1243,,,0.006179065443575382,,,,
1244,,,0.013978862203657627,,,,
1245,,,0.005373709835112095,,,,
1246,,,1.3971809664781176e-07,,,,
1247,,,1.0627904600823967e-07,,,,
1248,,,0.01961667835712433,,,,
1249,,,0.0032500121742486954,,,,
1250,,,0.0032873093150556087,,,,
1251,,,1.5925580498787895e-07,,,,
1252,,,0.02436986193060875,,,,
1253,,,8.629312731045502e-08,,,,
1254,,,3.019952714566898e-07,,,,
1255,,,4.641112241188239e-07,,,,
1256,,,0.0031928508542478085,,,,
1257,,,0.023137664422392845,,,,
1258,,,0.04145946726202965,,,,
1259,,,0.028866196051239967,,,,
1260,,,0.22983352839946747,,,,
1261,,,3.024215857294621e-06,,,,
1262,,,2.6573528089102183e-07,,,,
1263,,,4.2517737597336236e-07,,,,
10031,,15,,0.011753862723708153,,,
10031,,15,,,0.9477847814559937,0.006765080615878105,1.0
10032,0.016164062544703484,16,,,,,
10033,0.016474517062306404,16,,,,,
10034,0.02710668556392193,16,,,,,
10035,1.5738914953544736e-05,16,,,,,
10036,5.930293627898209e-05,16,,,,,
10037,1.6757354387664236e-05,16,,,,,
10038,0.007161678280681372,16,,,,,
10039,0.005771624855697155,16,,,,,
10040,0.05707536265254021,16,,,,,
10041,0.00013549590948969126,16,,,,,
10042,3.95107563235797e-05,16,,,,,
10043,5.143980524735525e-05,16,,,,,
10044,0.0012331469915807247,16,,,,,
10045,0.002783888950943947,16,,,,,
10046,0.015121296979486942,16,,,,,
10047,0.004084356129169464,16,,,,,
10048,4.78825495520141e-05,16,,,,,
10049,0.022737855091691017,16,,,,,
10050,1.9886301743099466e-05,16,,,,,
10051,3.947556979255751e-05,16,,,,,
10052,0.0001144670313806273,16,,,,,
10053,0.0002466425357852131,16,,,,,
10054,0.013424772769212723,16,,,,,
10055,0.02208905853331089,16,,,,,
10056,0.019345102831721306,16,,,,,
10057,0.0073708947747945786,16,,,,,
10058,0.003922130912542343,16,,,,,
10059,0.017168927937746048,16,,,,,
10060,0.0040396093390882015,16,,,,,
10061,8.116982644423842e-05,16,,,,,
10062,3.197926707798615e-05,16,,,,,
10063,3.0382556360564195e-05,16,,,,,
10064,0.00305344071239233,16,,,,,
10065,0.02141137793660164,16,,,,,
10066,0.0175460334867239,16,,,,,
10067,3.710592500283383e-05,16,,,,,
10068,0.0058505600318312645,16,,,,,
10069,0.01323781069368124,16,,,,,
10070,0.0034725794102996588,16,,,,,
10071,0.00015825001173652709,16,,,,,
10072,0.0031687843147665262,16,,,,,
10073,0.0003297201474197209,16,,,,,
10074,0.004572365898638964,16,,,,,
10075,0.0011294506257399917,16,,,,,
10076,8.757156319916248e-05,16,,,,,
10077,8.110468479571864e-05,16,,,,,
10078,4.8197991418419406e-05,16,,,,,
10079,0.006370040122419596,16,,,,,
10080,7.121561066014692e-05,16,,,,,
10081,8.869793236954138e-05,16,,,,,
10082,0.0006657192134298384,16,,,,,
10083,0.00012882790178991854,16,,,,,
10084,0.003732372308149934,16,,,,,
10085,0.019512245431542397,16,,,,,
10086,3.612364889704622e-05,16,,,,,
10087,0.00012872798833996058,16,,,,,
10088,0.0025559256318956614,16,,,,,
10089,0.00019716208043973893,16,,,,,
10090,0.0036167032085359097,16,,,,,
10091,3.8268452044576406e-05,16,,,,,
10092,0.00010553550237091258,16,,,,,
10093,7.868212560424581e-05,16,,,,,
10094,0.0001814574934542179,16,,,,,
10095,3.344717333675362e-05,16,,,,,
10096,2.9270246159285307e-05,16,,,,,
10097,0.0002498355461284518,16,,,,,
10098,0.020293330773711205,16,,,,,
10099,0.01963970623910427,16,,,,,
10100,0.002166764810681343,16,,,,,
10101,0.0011743674986064434,16,,,,,
10102,0.0001721544686006382,16,,,,,
10103,0.016441158950328827,16,,,,,
10104,5.6885837693698704e-05,16,,,,,
10105,0.00020161359861958772,16,,,,,
10106,0.02254704013466835,16,,,,,
10107,0.028156226500868797,16,,,,,
10108,6.10958450124599e-05,16,,,,,
10109,0.022478383034467697,16,,,,,
10110,4.923295637127012e-05,16,,,,,
10111,0.004569995682686567,16,,,,,
10112,0.0003454384859651327,16,,,,,
10113,0.004848528653383255,16,,,,,
10114,1.964913826668635e-05,16,,,,,
10115,0.0020146030001342297,16,,,,,
10116,7.953949534567073e-06,16,,,,,
10117,0.004524931311607361,16,,,,,
10118,1.3365964150580112e-05,16,,,,,
10119,0.021267838776111603,16,,,,,
10120,0.00013918076001573354,16,,,,,
10121,0.0074758753180503845,16,,,,,
10122,0.009985768236219883,16,,,,,
10123,2.4311268134624697e-05,16,,,,,
10124,0.017739446833729744,16,,,,,
10125,2.5559356799931265e-05,16,,,,,
10126,0.016702115535736084,16,,,,,
10127,8.801581316220108e-06,16,,,,,
10128,0.004314278718084097,16,,,,,
10129,0.010350204072892666,16,,,,,
10130,0.01812387816607952,16,,,,,
10131,1.3830352145305369e-05,16,,,,,
10132,7.029296102700755e-05,16,,,,,
10133,0.0007675883243791759,16,,,,,
10134,0.004150548484176397,16,,,,,
10135,0.005506482440978289,16,,,,,
10136,0.002958612283691764,16,,,,,
10137,0.003525874111801386,16,,,,,
10138,0.029391463845968246,16,,,,,
10139,0.01960071176290512,16,,,,,
10140,0.0001068585115717724,16,,,,,
10141,2.393911017861683e-05,16,,,,,
10142,0.00016722289728932083,16,,,,,
10143,0.014282573014497757,16,,,,,
10144,6.644630775554106e-05,16,,,,,
10145,0.020005445927381516,16,,,,,
10146,7.702000584686175e-05,16,,,,,
10147,7.768211071379483e-05,16,,,,,
10148,0.026333516463637352,16,,,,,
10149,0.024299344047904015,16,,,,,
10150,0.003913468681275845,16,,,,,
10151,0.003085823031142354,16,,,,,
10152,0.014641872607171535,16,,,,,
10153,0.003291732631623745,16,,,,,
10154,0.00974080990999937,16,,,,,
10155,5.392548337113112e-05,16,,,,,
10156,5.4095202358439565e-05,16,,,,,
10157,1.7423300960217603e-05,16,,,,,
10158,0.00023986358428373933,16,,,,,
10159,0.018692422658205032,16,,,,,
10160,9.29071320570074e-05,16,,,,,
10161,0.003932994324713945,16,,,,,
10162,6.058882718207315e-06,16,,,,,
10163,0.002895175479352474,16,,,,,
10164,7.455825834767893e-05,16,,,,,
10165,1.0153631592402235e-05,16,,,,,
10166,0.020551016554236412,16,,,,,
10167,0.004698378033936024,16,,,,,
10168,0.003728423733264208,16,,,,,
10169,9.755644714459777e-05,16,,,,,
10170,5.159969805390574e-05,16,,,,,
10171,1.0532858141232282e-05,16,,,,,
10172,0.003135153790935874,16,,,,,
10173,0.00025874076527543366,16,,,,,
10174,1.088390126824379e-05,16,,,,,
10175,0.002785074757412076,16,,,,,
10176,5.49934156879317e-06,16,,,,,
10177,0.002440599724650383,16,,,,,
10178,6.6659972617344465e-06,16,,,,,
10179,0.0003365275915712118,16,,,,,
10180,0.005430623423308134,16,,,,,
10181,4.682405233324971e-06,16,,,,,
10182,0.03312887251377106,16,,,,,
10183,0.015735460445284843,16,,,,,
10184,0.021428029984235764,16,,,,,
10185,0.003557103220373392,16,,,,,
10186,4.701494617620483e-05,16,,,,,
10187,0.004988923668861389,16,,,,,
10188,4.6497141738655046e-05,16,,,,,
10189,0.002689857268705964,16,,,,,
10190,0.001502296538092196,16,,,,,
10191,0.0030493882950395346,16,,,,,
10192,0.017577070742845535,16,,,,,
10193,0.003288673236966133,16,,,,,
10194,1.2137707017245702e-05,16,,,,,
10195,2.855143065971788e-05,16,,,,,
10196,0.015811290591955185,16,,,,,
10197,0.002762286690995097,16,,,,,
10198,3.4012300602626055e-05,16,,,,,
10199,0.007143744267523289,16,,,,,
10200,0.0005060922121629119,16,,,,,
10201,0.006630952935665846,16,,,,,
10202,0.00034137628972530365,16,,,,,
10203,0.0030550516676157713,16,,,,,
10204,4.351794996182434e-05,16,,,,,
10205,0.0029073951300233603,16,,,,,
10206,5.876607247046195e-05,16,,,,,
10207,0.06579741090536118,16,,,,,
10208,7.381947216344997e-05,16,,,,,
10209,0.0013152783503755927,16,,,,,
10210,5.006045466871001e-05,16,,,,,
10211,0.026475926861166954,16,,,,,
10212,0.016765017062425613,16,,,,,
10213,0.00015087325300555676,16,,,,,
10214,0.003670491511002183,16,,,,,
10215,0.019150976091623306,16,,,,,
10216,0.0033232637215405703,16,,,,,
10217,9.868953929981217e-05,16,,,,,
10218,0.00030253257136791945,16,,,,,
10219,0.018999431282281876,16,,,,,
10220,0.0025592511519789696,16,,,,,
10221,3.519685924402438e-05,16,,,,,
10222,0.015171862207353115,16,,,,,
10223,0.016361268237233162,16,,,,,
10224,0.02376166731119156,16,,,,,
10225,6.696344644296914e-05,16,,,,,
10226,0.010093105025589466,16,,,,,
10227,0.00295622949488461,16,,,,,
10228,0.005874518770724535,16,,,,,
10229,0.03711824119091034,16,,,,,
10230,0.00010326714982511476,16,,,,,
10231,0.007114637643098831,16,,,,,
10232,0.00022093173174653202,16,,,,,
10233,0.0023878260981291533,16,,,,,
10234,0.004530726000666618,16,,,,,
10235,0.0027845916338264942,16,,,,,
10236,0.005328723229467869,16,,,,,
10237,0.013550802133977413,16,,,,,
10238,0.021497026085853577,16,,,,,
10239,0.0028091182466596365,16,,,,,
10240,0.004868065472692251,16,,,,,
10241,0.00045411285827867687,16,,,,,
10242,0.0016411138931289315,16,,,,,
10243,0.003943644464015961,16,,,,,
10244,3.8790130929555744e-05,16,,,,,
10245,1.3721399227506481e-05,16,,,,,
10246,1.8735576304607093e-05,16,,,,,
10247,7.419747271342203e-05,16,,,,,
10248,0.02701352909207344,16,,,,,
10249,5.0364851631456986e-05,16,,,,,
10250,0.0198291577398777,16,,,,,
10251,0.019826535135507584,16,,,,,
10252,0.0001051389190251939,16,,,,,
10253,0.0015831460477784276,16,,,,,
10254,5.760983913205564e-05,16,,,,,
10255,3.1782645237399265e-05,16,,,,,
10256,0.029247822239995003,16,,,,,
10257,0.02871972881257534,16,,,,,
10258,0.018757451325654984,16,,,,,
10259,0.00016868412785697728,16,,,,,
10260,0.0004454821173567325,16,,,,,
10261,1.977490865101572e-05,16,,,,,
10262,4.294167592888698e-05,16,,,,,
10263,0.015513358637690544,16,,,,,
10264,0.004706690553575754,16,,,,,
10265,0.013891962356865406,16,,,,,
10266,0.004896515980362892,16,,,,,
10267,0.0005065763834863901,16,,,,,
10268,0.008035958744585514,16,,,,,
10269,0.020104680210351944,16,,,,,
10270,0.0004084244428668171,16,,,,,
10271,0.012229186482727528,16,,,,,
10272,6.307785952230915e-05,16,,,,,
10273,1.4640457266068552e-05,16,,,,,
10274,0.003343934193253517,16,,,,,
10275,0.0066070943139493465,16,,,,,
10276,0.002558091189712286,16,,,,,
10277,0.003270831424742937,16,,,,,
10278,0.003488020272925496,16,,,,,
10279,0.0038867455441504717,16,,,,,
10280,0.006784824188798666,16,,,,,
10281,0.020170729607343674,16,,,,,
10282,0.005756682716310024,16,,,,,
10283,1.7227595890290104e-05,16,,,,,
10284,6.375752127496526e-05,16,,,,,
10285,0.003615893190726638,16,,,,,
10286,0.0001788102090358734,16,,,,,
10287,2.3393231458612718e-05,16,,,,,
10288,2.0686326024588197e-05,16,,,,,
10289,0.006574468221515417,16,,,,,
10290,2.012435652432032e-05,16,,,,,
10291,0.0007290596840903163,16,,,,,
10292,6.656700861640275e-05,16,,,,,
10293,1.8500670194043778e-05,16,,,,,
10294,8.383601198147517e-06,16,,,,,
10295,0.002839401364326477,16,,,,,
10296,0.0030044843442738056,16,,,,,
10297,1.1217918654438108e-05,16,,,,,
10298,2.471634252287913e-05,16,,,,,
10299,2.5810819352045655e-05,16,,,,,
10300,0.0024851474445313215,16,,,,,
10301,0.0028433192055672407,16,,,,,
10302,7.1193994699569885e-06,16,,,,,
10303,0.01827230304479599,16,,,,,
10304,1.7259870219277218e-05,16,,,,,
10305,0.0022029303945600986,16,,,,,
10306,0.0022416478022933006,16,,,,,
10307,0.0016975553007796407,16,,,,,
10308,0.0017626337939873338,16,,,,,
10309,0.0021602297201752663,16,,,,,
10310,3.416021354496479e-05,16,,,,,
10311,2.7593301638262346e-05,16,,,,,
10312,0.01948021911084652,16,,,,,
10313,0.004139850381761789,16,,,,,
10314,5.828218490933068e-05,16,,,,,
10315,0.009639129973948002,16,,,,,
10316,0.024432901293039322,16,,,,,
10317,0.004031103570014238,16,,,,,
10318,3.999500222562347e-06,16,,,,,
10319,0.0031574435997754335,16,,,,,
10320,0.03825674578547478,16,,,,,
10321,6.788684549974278e-05,16,,,,,
10322,1.4088560419622809e-05,16,,,,,
10323,0.0002118467673426494,16,,,,,
10324,0.017044788226485252,16,,,,,
10325,0.011635269038379192,16,,,,,
10326,0.01577107235789299,16,,,,,
10327,0.00016365994815714657,16,,,,,
10328,0.01580849476158619,16,,,,,
10329,0.00204715458676219,16,,,,,
10330,0.0019181589595973492,16,,,,,
10331,0.0114411236718297,16,,,,,
10332,0.002978404052555561,16,,,,,
10333,0.0018098428845405579,16,,,,,
10334,1.7864662368083373e-05,16,,,,,
10335,0.015423214063048363,16,,,,,
10336,5.9456838243932e-06,16,,,,,
10337,0.00041695046820677817,16,,,,,
10338,0.020113814622163773,16,,,,,
10339,0.0010447021340951324,16,,,,,
10340,0.00029197329422459006,16,,,,,
10341,0.030201630666851997,16,,,,,
10342,0.0004279015411157161,16,,,,,
10343,0.015646999701857567,16,,,,,
10344,6.64161643726402e-06,16,,,,,
10345,1.4127557733445428e-05,16,,,,,
10346,0.0030438071116805077,16,,,,,
10347,4.12289136875188e-06,16,,,,,
10348,0.0002580879081506282,16,,,,,
10349,0.012184557504951954,16,,,,,
10350,0.01774611696600914,16,,,,,
10351,0.004103780258446932,16,,,,,
10352,2.1049885617685504e-05,16,,,,,
10353,0.005311852321028709,16,,,,,
10354,4.905949754174799e-05,16,,,,,
10355,0.010489742271602154,16,,,,,
10356,3.450818985584192e-05,16,,,,,
10357,2.585042420832906e-05,16,,,,,
10358,0.002093615708872676,16,,,,,
10359,8.431072637904435e-05,16,,,,,
10360,1.3084941201668698e-05,16,,,,,
10361,0.000192685256479308,16,,,,,
10362,0.004488320089876652,16,,,,,
10363,0.015377112664282322,16,,,,,
10364,0.012596880085766315,16,,,,,
10365,0.001546621322631836,16,,,,,
10366,2.961812606372405e-05,16,,,,,
10367,7.803958396834787e-06,16,,,,,
10368,0.002494532847777009,16,,,,,
10369,0.021349715068936348,16,,,,,
10370,3.2440220820717514e-05,16,,,,,
10371,0.002396731171756983,16,,,,,
10372,0.006414571311324835,16,,,,,
10373,0.021998055279254913,16,,,,,
10374,0.025592271238565445,16,,,,,
10375,0.02170560695230961,16,,,,,
10376,0.003220176789909601,16,,,,,
10377,0.002517631044611335,16,,,,,
10378,0.004224298521876335,16,,,,,
10379,3.3821463603089796e-06,16,,,,,
10380,0.010882127098739147,16,,,,,
10381,3.533400740707293e-05,16,,,,,
10382,0.011850818991661072,16,,,,,
10383,8.90592946234392e-06,16,,,,,
10384,0.006744325160980225,16,,,,,
10385,5.2312967454781756e-05,16,,,,,
10386,0.0002799706708174199,16,,,,,
10387,3.2515665679966332e-06,16,,,,,
10388,1.2309857993386686e-05,16,,,,,
10389,0.0004434837319422513,16,,,,,
10390,0.00852931011468172,16,,,,,
10391,0.005910541862249374,16,,,,,
10392,0.018244123086333275,16,,,,,
10393,0.003846958978101611,16,,,,,
10394,1.6397054423578084e-05,16,,,,,
10395,0.0026949592866003513,16,,,,,
10396,3.405630195629783e-06,16,,,,,
10397,8.779040399531368e-06,16,,,,,
10398,0.019968537613749504,16,,,,,
10399,0.005859437398612499,16,,,,,
10400,5.107077868160559e-06,16,,,,,
10401,1.4852884078209172e-06,16,,,,,
10402,4.1607145249145105e-06,16,,,,,
10403,0.0010331326629966497,16,,,,,
10404,0.004084505140781403,16,,,,,
10405,0.0001043923111865297,16,,,,,
10406,0.007719444576650858,16,,,,,
10407,0.004942131694406271,16,,,,,
10408,0.022584760561585426,16,,,,,
10409,3.9295878195844125e-06,16,,,,,
10410,6.676512384728994e-06,16,,,,,
10411,0.00573507696390152,16,,,,,
10412,0.00496813515201211,16,,,,,
10413,5.280555706121959e-05,16,,,,,
10414,0.008320801891386509,16,,,,,
10415,9.37162167247152e-06,16,,,,,
10416,1.5266795116986032e-06,16,,,,,
10417,0.00755935488268733,16,,,,,
10418,3.7419135878735688e-06,16,,,,,
10419,2.3834638341213576e-05,16,,,,,
10420,1.0474864211573731e-06,16,,,,,
10421,4.0660775994183496e-05,16,,,,,
10422,0.004984959028661251,16,,,,,
10423,4.8000515562307555e-06,16,,,,,
10424,3.1446309094462777e-06,16,,,,,
10425,0.004028781317174435,16,,,,,
10426,0.0029724857304245234,16,,,,,
10427,0.031944334506988525,16,,,,,
10428,0.0028170531149953604,16,,,,,
10429,0.051757264882326126,16,,,,,
10430,6.42810482531786e-05,16,,,,,
10431,0.00010048988042399287,16,,,,,
10432,1.4456900316872634e-06,16,,,,,
10433,0.0022672703489661217,16,,,,,
10434,0.0027282896917313337,16,,,,,
10435,1.2097601938876323e-05,16,,,,,
10436,4.488719059736468e-05,16,,,,,
10437,0.0026033788453787565,16,,,,,
10438,5.660632723447634e-06,16,,,,,
10439,6.847128133813385e-06,16,,,,,
10440,2.5375593395438045e-05,16,,,,,
10441,0.00012893513485323638,16,,,,,
10442,0.0028493311256170273,16,,,,,
10443,8.21303910925053e-06,16,,,,,
10444,0.025932133197784424,16,,,,,
10445,0.010849393904209137,16,,,,,
10446,0.0036934379022568464,16,,,,,
10447,5.883347967028385e-06,16,,,,,
10448,1.1509684554766864e-05,16,,,,,
10449,4.74537409900222e-06,16,,,,,
10450,1.873454857559409e-05,16,,,,,
10451,0.0063084447756409645,16,,,,,
10452,0.023857850581407547,16,,,,,
10453,0.004154665395617485,16,,,,,
10454,0.001723875873722136,16,,,,,
10455,0.0012329049641266465,16,,,,,
10456,1.3195698556955904e-05,16,,,,,
10457,1.2907443306175992e-05,16,,,,,
10458,2.0051678802701645e-05,16,,,,,
10459,0.017750702798366547,16,,,,,
10460,0.0033586942590773106,16,,,,,
10461,3.2647079933667555e-05,16,,,,,
10462,0.01945660449564457,16,,,,,
10463,0.004182709846645594,16,,,,,
10464,0.005463512148708105,16,,,,,
10465,4.386027285363525e-06,16,,,,,
10466,0.00933326780796051,16,,,,,
10467,0.0002888290910050273,16,,,,,
10468,3.4782610782713164e-06,16,,,,,
10469,0.0026492588222026825,16,,,,,
10470,0.012704609893262386,16,,,,,
10471,0.0024333063047379255,16,,,,,
10472,2.527886135794688e-05,16,,,,,
10473,2.293680518050678e-05,16,,,,,
10474,0.024324558675289154,16,,,,,
10475,2.1605976144201122e-05,16,,,,,
10476,1.0301188922312576e-05,16,,,,,
10477,0.010473297908902168,16,,,,,
10478,0.01541713997721672,16,,,,,
10479,3.477484824543353e-06,16,,,,,
10480,0.02105325646698475,16,,,,,
10481,1.64855027833255e-05,16,,,,,
10482,2.302694156242069e-05,16,,,,,
10483,0.0018496555276215076,16,,,,,
10484,0.019571391865611076,16,,,,,
10485,1.4247229955799412e-05,16,,,,,
10486,0.008964339271187782,16,,,,,
10487,0.03946821391582489,16,,,,,
10488,1.5722576790722087e-05,16,,,,,
10489,2.3463124307454564e-05,16,,,,,
10490,0.0025772014632821083,16,,,,,
10491,1.1158444976899773e-05,16,,,,,
10492,0.0002484633296262473,16,,,,,
10493,1.061653074430069e-05,16,,,,,
10494,0.0005331336869858205,16,,,,,
10495,1.6627345758024603e-05,16,,,,,
10496,1.552541107230354e-05,16,,,,,
10497,0.024237455800175667,16,,,,,
10498,0.03267958015203476,16,,,,,
10499,2.3284921553567983e-05,16,,,,,
10500,0.022295482456684113,16,,,,,
10501,0.0031791499350219965,16,,,,,
10502,0.0001059216883732006,16,,,,,
10503,2.5078377802856266e-05,16,,,,,
10504,0.015660583972930908,16,,,,,
10505,0.007364284712821245,16,,,,,
10506,0.04197108745574951,16,,,,,
10507,0.01821245439350605,16,,,,,
10508,0.044151537120342255,16,,,,,
10509,0.003803688334301114,16,,,,,
10510,0.01113202515989542,16,,,,,
10511,8.805643119558226e-06,16,,,,,
10512,0.021810010075569153,16,,,,,
10513,0.003850985085591674,16,,,,,
10514,0.008337500505149364,16,,,,,
10515,0.00012655359751079232,16,,,,,
10516,0.004696835298091173,16,,,,,
10517,3.8787802623119205e-06,16,,,,,
10518,0.0034712792839854956,16,,,,,
10519,7.744813774479553e-05,16,,,,,
10520,0.003240827936679125,16,,,,,
10521,0.0018823904683813453,16,,,,,
10522,0.010021566413342953,16,,,,,
10523,3.949309029849246e-05,16,,,,,
10524,0.0023344242945313454,16,,,,,
10525,6.341824246192118e-06,16,,,,,
10526,0.02085736021399498,16,,,,,
10527,0.013032074086368084,16,,,,,
10528,0.02007569745182991,16,,,,,
10529,0.01016684528440237,16,,,,,
10530,0.014245367608964443,16,,,,,
10531,1.59872342919698e-05,16,,,,,
10532,4.591745891957544e-05,16,,,,,
10533,0.03885021060705185,16,,,,,
10534,6.969525657041231e-06,16,,,,,
10535,1.7130845662904903e-05,16,,,,,
10536,0.0037779102567583323,16,,,,,
10537,0.002980788704007864,16,,,,,
10538,0.005194620694965124,16,,,,,
10539,0.03844265639781952,16,,,,,
10540,3.57123735739151e-06,16,,,,,
10541,9.225444227922708e-05,16,,,,,
10542,9.466268966207281e-05,16,,,,,
10543,4.085712134838104e-06,16,,,,,
10544,0.0001579299714649096,16,,,,,
10545,0.004144706763327122,16,,,,,
10546,7.054374691506382e-06,16,,,,,
10547,5.628104190691374e-06,16,,,,,
10548,0.022289536893367767,16,,,,,
10549,0.0032657585106790066,16,,,,,
10550,0.0063298842869699,16,,,,,
10551,0.022862378507852554,16,,,,,
10552,0.018464934080839157,16,,,,,
10553,1.823355705710128e-05,16,,,,,
10554,0.017606884241104126,16,,,,,
10555,1.5832016288186423e-05,16,,,,,
10556,1.16706796688959e-05,16,,,,,
10557,0.005398870911449194,16,,,,,
10558,0.0075040156953036785,16,,,,,
10559,1.8584182726044673e-06,16,,,,,
10560,5.063772914581932e-05,16,,,,,
10561,0.0027896983083337545,16,,,,,
10562,2.6814350349013694e-06,16,,,,,
10563,4.2075889723491855e-06,16,,,,,
10564,0.00011594923853408545,16,,,,,
10565,0.014627708122134209,16,,,,,
10566,8.689147216500714e-05,16,,,,,
10567,0.003185766749083996,16,,,,,
10568,0.034560706466436386,16,,,,,
10569,0.019883019849658012,16,,,,,
10570,0.015731599181890488,16,,,,,
10571,0.0026781833730638027,16,,,,,
10572,7.212569016701309e-06,16,,,,,
10573,0.009207258000969887,16,,,,,
10574,0.0023103980347514153,16,,,,,
10575,0.005686112679541111,16,,,,,
10576,0.012939633801579475,16,,,,,
10577,2.8124338768975576e-06,16,,,,,
10578,0.027843717485666275,16,,,,,
10579,6.495675188489258e-05,16,,,,,
10580,8.565315511077642e-06,16,,,,,
10581,0.0006456249975599349,16,,,,,
10582,3.180787825840525e-05,16,,,,,
10583,1.8549286323832348e-05,16,,,,,
10584,0.0001222011196659878,16,,,,,
10585,0.0026676796842366457,16,,,,,
10586,0.002282671630382538,16,,,,,
10587,0.021756140515208244,16,,,,,
10588,0.0075392224825918674,16,,,,,
10589,1.2973887351108715e-06,16,,,,,
10590,0.0078040785156190395,16,,,,,
10591,0.006502488628029823,16,,,,,
10592,0.00023378639889415354,16,,,,,
10593,0.01886010728776455,16,,,,,
10594,4.68959697172977e-05,16,,,,,
10595,9.495583981333766e-06,16,,,,,
10596,6.249166744964896e-06,16,,,,,
10597,0.0031309884507209063,16,,,,,
10598,2.072598590530106e-06,16,,,,,
10599,3.774409151446889e-06,16,,,,,
10600,9.958591363101732e-06,16,,,,,
10601,0.005468009505420923,16,,,,,
10602,0.0029660293366760015,16,,,,,
10603,0.02761770226061344,16,,,,,
10604,0.003665848867967725,16,,,,,
10605,0.015331716276705265,16,,,,,
10606,0.0109843285754323,16,,,,,
10607,3.2375507998949615e-06,16,,,,,
10608,7.153836577344919e-06,16,,,,,
10609,0.019922999665141106,16,,,,,
10610,0.01498318463563919,16,,,,,
10611,0.004747310187667608,16,,,,,
10612,0.017836304381489754,16,,,,,
10613,2.586859409348108e-05,16,,,,,
10614,2.5095853288803482e-06,16,,,,,
10615,1.0070466487377416e-06,16,,,,,
10616,0.023027295246720314,16,,,,,
10617,6.389775080606341e-06,16,,,,,
10618,2.571527693362441e-05,16,,,,,
10619,0.00587665569037199,16,,,,,
10620,0.005998300854116678,16,,,,,
10621,0.00018201745115220547,16,,,,,
10622,0.024602428078651428,16,,,,,
10623,1.1124970114906318e-05,16,,,,,
10624,0.041666191071271896,16,,,,,
10625,0.00704586086794734,16,,,,,
10626,3.4586375932121882e-06,16,,,,,
10627,2.6739330678537954e-06,16,,,,,
10628,4.3662234929797705e-06,16,,,,,
10629,4.733801688416861e-06,16,,,,,
10630,0.004692554473876953,16,,,,,
10631,0.002585795009508729,16,,,,,
10632,0.0029287151992321014,16,,,,,
10633,1.109481763705844e-05,16,,,,,
10634,0.0032450929284095764,16,,,,,
10635,6.777278485969873e-06,16,,,,,
10636,1.171672556665726e-05,16,,,,,
10637,4.698879820352886e-06,16,,,,,
10638,1.4394710206033778e-06,16,,,,,
10639,1.443106384613202e-06,16,,,,,
10640,6.536783621413633e-05,16,,,,,
10641,3.6597282360162353e-06,16,,,,,
10642,1.8347320747125195e-06,16,,,,,
10643,4.508819529291941e-06,16,,,,,
10644,0.00522363418713212,16,,,,,
10645,2.6027619242086075e-05,16,,,,,
10646,0.0023930820170789957,16,,,,,
10647,0.004401862155646086,16,,,,,
10648,0.02553790621459484,16,,,,,
10649,0.004243073519319296,16,,,,,
10650,0.015511712990701199,16,,,,,
10651,0.002279146108776331,16,,,,,
10652,0.004091124515980482,16,,,,,
10653,2.1388120785559295e-06,16,,,,,
10654,1.742108111102425e-06,16,,,,,
10655,0.002757592825219035,16,,,,,
10656,3.0408555176109076e-06,16,,,,,
10657,0.0015028666239231825,16,,,,,
10658,2.314558059879346e-06,16,,,,,
1264,,,0.020608369261026382,,,,
1265,,,0.0031625269912183285,,,,
1266,,,2.9491848962948097e-08,,,,
1267,,,0.01865231618285179,,,,
1268,,,8.381902283360887e-09,,,,
1269,,,0.015266996808350086,,,,
1270,,,0.0029535272624343634,,,,
1271,,,9.613648543904674e-09,,,,
1272,,,0.017289506271481514,,,,
1273,,,4.4151584610574446e-09,,,,
1274,,,9.475606077558041e-09,,,,
1275,,,0.006231591105461121,,,,
1276,,,1.58324642285379e-08,,,,
1277,,,0.002441718941554427,,,,
1278,,,0.015286563895642757,,,,
1279,,,2.2924803388946202e-08,,,,
1280,,,0.003665616735816002,,,,
1281,,,0.0022241929545998573,,,,
1282,,,3.087208355623261e-08,,,,
1283,,,0.04516499489545822,,,,
1284,,,0.0031777641270309687,,,,
1285,,,1.506138502804788e-08,,,,
1286,,,2.7509800659686334e-08,,,,
1287,,,0.01939939148724079,,,,
1288,,,1.4977572959651297e-08,,,,
1289,,,0.0021412863861769438,,,,
1290,,,0.002874410944059491,,,,
1291,,,3.148337768266174e-08,,,,
1292,,,6.307369293523379e-09,,,,
1293,,,8.199579681900104e-09,,,,
1294,,,0.0022244101855903864,,,,
1295,,,0.0017853736644610763,,,,
1296,,,1.98995479649966e-07,,,,
1297,,,0.0067456671968102455,,,,
1298,,,1.0407157802205802e-08,,,,
1299,,,1.1740302063856234e-08,,,,
1300,,,0.0014585318276658654,,,,
1301,,,0.12629206478595734,,,,
1302,,,1.1983997794118295e-08,,,,
1303,,,0.014129213988780975,,,,
1304,,,4.816536502971758e-09,,,,
1305,,,0.018623126670718193,,,,
1306,,,0.002116846852004528,,,,
1307,,,0.05467449501156807,,,,
1308,,,0.015440701507031918,,,,
1309,,,0.01916220597922802,,,,
1310,,,0.0022071199491620064,,,,
1311,,,1.849229818162712e-07,,,,
1312,,,1.506138325169104e-08,,,,
1313,,,0.029572630301117897,,,,
1314,,,1.7787836270599655e-07,,,,
1315,,,0.0031336150132119656,,,,
1316,,,8.011375562944067e-09,,,,
1317,,,0.0027642289642244577,,,,
1318,,,8.011374674765648e-09,,,,
1319,,,0.038427840918302536,,,,
1320,,,0.002711797133088112,,,,
1321,,,8.558614261744424e-09,,,,
1322,,,0.004074817523360252,,,,
1323,,,0.011495626531541348,,,,
1324,,,0.004306929185986519,,,,
1325,,,5.768190813881802e-09,,,,
1326,,,1.1037893266063747e-08,,,,
1327,,,0.020394183695316315,,,,
1328,,,0.002360282000154257,,,,
1329,,,0.0029202732257544994,,,,
1330,,,9.934104205910899e-09,,,,
1331,,,0.030791349709033966,,,,
1332,,,4.7446477857704394e-09,,,,
1333,,,9.781272680697839e-09,,,,
1334,,,1.1074076766703911e-08,,,,
1335,,,0.002193698426708579,,,,
1336,,,0.023855341598391533,,,,
1337,,,0.04620210453867912,,,,
1338,,,0.024285679683089256,,,,
1339,,,0.19727489352226257,,,,
1340,,,1.854342315255053e-07,,,,
1341,,,1.0865426780526377e-08,,,,
1342,,,6.622737469541562e-09,,,,
10658,,16,,0.011401494033634663,,,
10658,,16,,,0.800632894039154,0.006144574843347073,0.8528481125831604
10659,0.002285383641719818,17,,,,,
10660,0.00014453419134952128,17,,,,,
10661,1.983383072001743e-06,17,,,,,
10662,1.6152250736922724e-06,17,,,,,
10663,7.1303620643448085e-06,17,,,,,
10664,0.004475494846701622,17,,,,,
10665,0.0032151262275874615,17,,,,,
10666,0.0055689020082354546,17,,,,,
10667,0.012509679421782494,17,,,,,
10668,0.0032265076879411936,17,,,,,
10669,0.002589345909655094,17,,,,,
10670,1.6884887372725643e-06,17,,,,,
10671,0.002063741907477379,17,,,,,
10672,0.0007465388625860214,17,,,,,
10673,7.02155784892966e-06,17,,,,,
10674,0.002142388606444001,17,,,,,
10675,2.417918949504383e-05,17,,,,,
10676,0.002844808157533407,17,,,,,
10677,0.002882588654756546,17,,,,,
10678,0.0064470889046788216,17,,,,,
10679,0.006193050183355808,17,,,,,
10680,8.614003490947653e-06,17,,,,,
10681,2.281289653183194e-06,17,,,,,
10682,8.080237421381753e-06,17,,,,,
10683,0.023280685767531395,17,,,,,
10684,5.514418717211811e-06,17,,,,,
10685,1.681339017522987e-05,17,,,,,
10686,0.002306027803570032,17,,,,,
10687,2.968743729070411e-06,17,,,,,
10688,9.705579941510223e-06,17,,,,,
10689,0.0013357667485252023,17,,,,,
10690,0.04215749725699425,17,,,,,
10691,0.01094664353877306,17,,,,,
10692,0.00023067067377269268,17,,,,,
10693,5.927859092480503e-05,17,,,,,
10694,0.026028616353869438,17,,,,,
10695,0.0031979966443032026,17,,,,,
10696,0.029236579313874245,17,,,,,
10697,4.626446298061637e-06,17,,,,,
10698,5.418423825176433e-06,17,,,,,
10699,0.028040658682584763,17,,,,,
10700,0.025441590696573257,17,,,,,
10701,6.164022124721669e-06,17,,,,,
10702,0.01578585058450699,17,,,,,
10703,0.00033701478969305754,17,,,,,
10704,0.0025200159288942814,17,,,,,
10705,0.0024577516596764326,17,,,,,
10706,0.004337349906563759,17,,,,,
10707,2.2236528820940293e-05,17,,,,,
10708,1.452168908144813e-05,17,,,,,
10709,0.0051667396910488605,17,,,,,
10710,0.0038732290267944336,17,,,,,
10711,0.0002158372662961483,17,,,,,
10712,0.00031086316448636353,17,,,,,
10713,0.005650965962558985,17,,,,,
10714,0.004645541775971651,17,,,,,
10715,3.7304998841136694e-05,17,,,,,
10716,0.029444662854075432,17,,,,,
10717,2.5120520149357617e-05,17,,,,,
10718,0.0029273820109665394,17,,,,,
10719,0.0030168327502906322,17,,,,,
10720,0.0024941088631749153,17,,,,,
10721,1.1102468306489754e-05,17,,,,,
10722,8.043255365919322e-05,17,,,,,
10723,0.00016973941819742322,17,,,,,
10724,0.00014704094792250544,17,,,,,
10725,0.003747322829440236,17,,,,,
10726,4.214782165945508e-06,17,,,,,
10727,1.4606186596211046e-05,17,,,,,
10728,0.004030507057905197,17,,,,,
10729,0.005606192164123058,17,,,,,
10730,0.002869538264349103,17,,,,,
10731,1.1976891983067617e-05,17,,,,,
10732,7.803059270372614e-05,17,,,,,
10733,8.358930244867224e-06,17,,,,,
10734,2.7331587261869572e-05,17,,,,,
10735,0.003760108258575201,17,,,,,
10736,5.4507277127413545e-06,17,,,,,
10737,0.0007316273986361921,17,,,,,
10738,7.842938430258073e-06,17,,,,,
10739,0.013845854438841343,17,,,,,
10740,9.841210703598335e-05,17,,,,,
10741,0.01542898640036583,17,,,,,
10742,0.0025991983711719513,17,,,,,
10743,8.12309590401128e-05,17,,,,,
10744,0.03746797516942024,17,,,,,
10745,8.68060851644259e-06,17,,,,,
10746,0.016130346804857254,17,,,,,
10747,0.013345244340598583,17,,,,,
10748,0.024010466411709785,17,,,,,
10749,2.3726672225166112e-05,17,,,,,
10750,0.021762678399682045,17,,,,,
10751,1.4146356079436373e-05,17,,,,,
10752,1.791478462109808e-05,17,,,,,
10753,1.1011837159458082e-05,17,,,,,
10754,1.4480886420642491e-05,17,,,,,
10755,0.020970340818166733,17,,,,,
10756,0.006347906310111284,17,,,,,
10757,0.0003624050586950034,17,,,,,
10758,0.006761751603335142,17,,,,,
10759,4.215872104396112e-05,17,,,,,
10760,1.1449858902778942e-05,17,,,,,
10761,0.0039983512833714485,17,,,,,
10762,0.0028360781725496054,17,,,,,
10763,0.042285602539777756,17,,,,,
10764,0.0006190472049638629,17,,,,,
10765,0.001077149179764092,17,,,,,
10766,0.00026882599922828376,17,,,,,
10767,1.4101075066719204e-05,17,,,,,
10768,0.00379701959900558,17,,,,,
10769,0.014155711978673935,17,,,,,
10770,0.0028839665465056896,17,,,,,
10771,0.037719450891017914,17,,,,,
10772,0.004898762796074152,17,,,,,
10773,0.0013620640384033322,17,,,,,
10774,0.01592884585261345,17,,,,,
10775,0.002070764545351267,17,,,,,
10776,6.973759809625335e-06,17,,,,,
10777,0.025381678715348244,17,,,,,
10778,7.677440407860558e-06,17,,,,,
10779,2.341727667953819e-05,17,,,,,
10780,0.03900602087378502,17,,,,,
10781,0.014446653425693512,17,,,,,
10782,0.04401998221874237,17,,,,,
10783,0.020258121192455292,17,,,,,
10784,2.9508191801141948e-06,17,,,,,
10785,0.02341420389711857,17,,,,,
10786,0.015243769623339176,17,,,,,
10787,0.003482536878436804,17,,,,,
10788,0.0038442679215222597,17,,,,,
10789,0.002405531005933881,17,,,,,
10790,3.335663495818153e-05,17,,,,,
10791,0.0002648265799507499,17,,,,,
10792,0.00018820016703102738,17,,,,,
10793,0.02541658841073513,17,,,,,
10794,0.00011616350093390793,17,,,,,
10795,0.0044381869956851006,17,,,,,
10796,0.0002163798053516075,17,,,,,
10797,3.482156898826361e-05,17,,,,,
10798,0.014600824564695358,17,,,,,
10799,0.005024195183068514,17,,,,,
10800,1.934949614224024e-05,17,,,,,
10801,2.993531961692497e-05,17,,,,,
10802,0.0046135117299854755,17,,,,,
10803,5.1424103730823845e-05,17,,,,,
10804,0.0071763996966183186,17,,,,,
10805,0.008747543208301067,17,,,,,
10806,0.003533675568178296,17,,,,,
10807,0.0005668899393640459,17,,,,,
10808,3.92661640944425e-05,17,,,,,
10809,0.0017937609227374196,17,,,,,
10810,0.00018420392007101327,17,,,,,
10811,0.01564771868288517,17,,,,,
10812,9.440606845600996e-06,17,,,,,
10813,3.3310596336377785e-05,17,,,,,
10814,0.005506015382707119,17,,,,,
10815,0.015339839272201061,17,,,,,
10816,0.008319972082972527,17,,,,,
10817,0.014002127572894096,17,,,,,
10818,0.00021976880088914186,17,,,,,
10819,0.017906637862324715,17,,,,,
10820,0.000105623847048264,17,,,,,
10821,0.007361940108239651,17,,,,,
10822,0.0001778049481799826,17,,,,,
10823,0.027272848412394524,17,,,,,
10824,0.022477976977825165,17,,,,,
10825,0.013705484569072723,17,,,,,
10826,0.01491161435842514,17,,,,,
10827,1.0831158760993276e-05,17,,,,,
10828,2.063621832348872e-05,17,,,,,
10829,0.0031927693635225296,17,,,,,
10830,0.004705510102212429,17,,,,,
10831,0.00020354639855213463,17,,,,,
10832,3.33640582539374e-06,17,,,,,
10833,0.00463342759758234,17,,,,,
10834,6.608235253224848e-06,17,,,,,
10835,0.017374658957123756,17,,,,,
10836,0.002195175038650632,17,,,,,
10837,0.0027416287921369076,17,,,,,
10838,2.6843129035114544e-06,17,,,,,
10839,0.02124212682247162,17,,,,,
10840,3.3803575206547976e-05,17,,,,,
10841,0.029016172513365746,17,,,,,
10842,0.007664377801120281,17,,,,,
10843,0.014959662221372128,17,,,,,
10844,0.019647639244794846,17,,,,,
10845,8.117229299386963e-06,17,,,,,
10846,7.548434041382279e-06,17,,,,,
10847,0.024430574849247932,17,,,,,
10848,7.3217761382693425e-06,17,,,,,
10849,8.563011760998052e-06,17,,,,,
10850,4.806570723303594e-05,17,,,,,
10851,3.828188255283749e-06,17,,,,,
10852,0.0027854919899255037,17,,,,,
10853,0.00017919640231411904,17,,,,,
10854,9.338447853224352e-05,17,,,,,
10855,6.80510638630949e-05,17,,,,,
10856,0.004270327277481556,17,,,,,
10857,0.006294907536357641,17,,,,,
10858,0.0027592850383371115,17,,,,,
10859,5.014994712837506e-06,17,,,,,
10860,2.091854867103393e-06,17,,,,,
10861,4.662477749661775e-06,17,,,,,
10862,4.9194524763152e-05,17,,,,,
10863,9.912293990055332e-07,17,,,,,
10864,0.012145688757300377,17,,,,,
10865,0.00023333534772973508,17,,,,,
10866,0.0015794861828908324,17,,,,,
10867,0.0032701343297958374,17,,,,,
10868,0.0032233502715826035,17,,,,,
10869,0.002179661998525262,17,,,,,
10870,3.7106190120539395e-06,17,,,,,
10871,1.342922041658312e-05,17,,,,,
10872,0.020818989723920822,17,,,,,
10873,0.0005131855141371489,17,,,,,
10874,0.006980088073760271,17,,,,,
10875,0.001789996400475502,17,,,,,
10876,3.1545376259600744e-05,17,,,,,
10877,0.004075676668435335,17,,,,,
10878,0.017625221982598305,17,,,,,
10879,6.01725650994922e-06,17,,,,,
10880,1.4296037988970056e-05,17,,,,,
10881,0.002197242807596922,17,,,,,
10882,0.002943255938589573,17,,,,,
10883,0.000550903903786093,17,,,,,
10884,0.0181207787245512,17,,,,,
10885,7.957872730912641e-05,17,,,,,
10886,0.004155407194048166,17,,,,,
10887,0.006384551990777254,17,,,,,
10888,0.01589655503630638,17,,,,,
10889,0.0038564293645322323,17,,,,,
10890,3.730569005711004e-06,17,,,,,
10891,7.755658771202434e-06,17,,,,,
10892,4.841917871090118e-06,17,,,,,
10893,0.015303713269531727,17,,,,,
10894,0.0026674296241253614,17,,,,,
10895,1.012785105558578e-05,17,,,,,
10896,6.637493243033532e-06,17,,,,,
10897,0.0025563815142959356,17,,,,,
10898,0.01853035017848015,17,,,,,
10899,6.61486919852905e-05,17,,,,,
10900,4.610757969203405e-06,17,,,,,
10901,0.0024857698008418083,17,,,,,
10902,0.016331234946846962,17,,,,,
10903,0.0033600698225200176,17,,,,,
10904,0.004609856754541397,17,,,,,
10905,1.0091238436871208e-05,17,,,,,
10906,3.203883898095228e-05,17,,,,,
10907,0.035369742661714554,17,,,,,
10908,0.017027473077178,17,,,,,
10909,1.0120006663782988e-05,17,,,,,
10910,0.004280836321413517,17,,,,,
10911,0.03380685672163963,17,,,,,
10912,1.2240379874128848e-05,17,,,,,
10913,4.027192699140869e-05,17,,,,,
10914,0.0024561730679124594,17,,,,,
10915,0.0001491061266278848,17,,,,,
10916,0.0021655906457453966,17,,,,,
10917,7.682583236601204e-05,17,,,,,
10918,9.857933036983013e-05,17,,,,,
10919,8.59871506690979e-05,17,,,,,
10920,0.006313722115010023,17,,,,,
10921,0.019290732219815254,17,,,,,
10922,0.0035870291758328676,17,,,,,
10923,0.02734200470149517,17,,,,,
10924,0.0020101687405258417,17,,,,,
10925,3.19199898513034e-05,17,,,,,
10926,9.698565008875448e-06,17,,,,,
10927,0.005036036483943462,17,,,,,
10928,2.4856437448761426e-05,17,,,,,
10929,0.03312484920024872,17,,,,,
10930,0.0057341186329722404,17,,,,,
10931,5.793656237074174e-05,17,,,,,
10932,0.00044600811088457704,17,,,,,
10933,0.030573274940252304,17,,,,,
10934,0.01089653093367815,17,,,,,
10935,0.003830745816230774,17,,,,,
10936,0.015503428876399994,17,,,,,
10937,0.00417314562946558,17,,,,,
10938,2.9344717404455878e-05,17,,,,,
10939,0.04014410823583603,17,,,,,
10940,0.05224663391709328,17,,,,,
10941,0.0031819017603993416,17,,,,,
10942,0.0035908103454858065,17,,,,,
10943,0.00019743047596421093,17,,,,,
10944,1.3703810509468894e-05,17,,,,,
10945,2.224041600129567e-05,17,,,,,
10946,3.726355862454511e-05,17,,,,,
10947,0.00039751455187797546,17,,,,,
10948,0.0032503269612789154,17,,,,,
10949,0.018132580444216728,17,,,,,
10950,5.8895970141747966e-05,17,,,,,
10951,0.00516825495287776,17,,,,,
10952,0.011430696584284306,17,,,,,
10953,0.0025769593194127083,17,,,,,
10954,0.023176535964012146,17,,,,,
10955,0.00357583025470376,17,,,,,
10956,0.006405766122043133,17,,,,,
10957,1.3291612049215473e-05,17,,,,,
10958,6.578079046448693e-05,17,,,,,
10959,0.003102280432358384,17,,,,,
10960,0.010150161571800709,17,,,,,
10961,0.030403723940253258,17,,,,,
10962,9.153675819106866e-06,17,,,,,
10963,2.1283380192471668e-05,17,,,,,
10964,0.019944068044424057,17,,,,,
10965,0.0045443023554980755,17,,,,,
10966,2.1416608433355577e-05,17,,,,,
10967,2.1915633624303155e-05,17,,,,,
10968,0.00021525571355596185,17,,,,,
10969,0.009243713691830635,17,,,,,
10970,0.010013118386268616,17,,,,,
10971,0.002328244736418128,17,,,,,
10972,0.00012732720642816275,17,,,,,
10973,3.693932740134187e-06,17,,,,,
10974,9.809300536289811e-05,17,,,,,
10975,0.0041258372366428375,17,,,,,
10976,3.8689046050421894e-05,17,,,,,
10977,0.022987201809883118,17,,,,,
10978,0.0015092811081558466,17,,,,,
10979,0.0019667174201458693,17,,,,,
10980,0.0027438479010015726,17,,,,,
10981,0.0017387570114806294,17,,,,,
10982,5.7246033975388855e-05,17,,,,,
10983,1.152735512732761e-05,17,,,,,
10984,6.165920058265328e-05,17,,,,,
10985,2.222731927759014e-05,17,,,,,
10986,0.0004342971369624138,17,,,,,
10987,0.0016061848727986217,17,,,,,
10988,0.008315850980579853,17,,,,,
10989,3.004248173965607e-05,17,,,,,
10990,2.681660043890588e-05,17,,,,,
10991,0.004458883311599493,17,,,,,
10992,0.04246488958597183,17,,,,,
10993,0.0012624902883544564,17,,,,,
10994,0.01279420591890812,17,,,,,
10995,0.0011198240099474788,17,,,,,
10996,0.017586862668395042,17,,,,,
10997,0.0021262350492179394,17,,,,,
10998,0.0003051568055525422,17,,,,,
10999,0.0015728729777038097,17,,,,,
11000,4.479525159695186e-05,17,,,,,
11001,0.047210998833179474,17,,,,,
11002,0.004916723817586899,17,,,,,
11003,3.236356860725209e-05,17,,,,,
11004,0.004113899078220129,17,,,,,
11005,0.01020787563174963,17,,,,,
11006,8.237142537836917e-06,17,,,,,
11007,8.184993021131959e-06,17,,,,,
11008,2.1084502805024385e-05,17,,,,,
11009,7.186405127868056e-05,17,,,,,
11010,0.0013499509077519178,17,,,,,
11011,1.5292409443645738e-05,17,,,,,
11012,0.0016301498981192708,17,,,,,
11013,0.000973659916780889,17,,,,,
11014,0.003718398045748472,17,,,,,
11015,0.000499507412314415,17,,,,,
11016,0.011755669489502907,17,,,,,
11017,0.013078232295811176,17,,,,,
11018,5.268378299660981e-05,17,,,,,
11019,0.0001339260343229398,17,,,,,
11020,6.120226316852495e-06,17,,,,,
11021,0.02159525826573372,17,,,,,
11022,0.0023122383281588554,17,,,,,
11023,1.9292903743917122e-05,17,,,,,
11024,0.0042565022595226765,17,,,,,
11025,0.004227480851113796,17,,,,,
11026,0.00022429489763453603,17,,,,,
11027,0.00010532949090702459,17,,,,,
11028,2.8594964533112943e-05,17,,,,,
11029,8.311730925925076e-05,17,,,,,
11030,0.004175260663032532,17,,,,,
11031,1.068197343556676e-05,17,,,,,
11032,2.9092443583067507e-05,17,,,,,
11033,0.017995072528719902,17,,,,,
11034,0.013055090792477131,17,,,,,
11035,0.00011645988706732169,17,,,,,
11036,0.005792658776044846,17,,,,,
11037,0.00038701400626450777,17,,,,,
11038,0.0008001743699423969,17,,,,,
11039,0.004523296840488911,17,,,,,
11040,1.9812277969322167e-05,17,,,,,
11041,0.0017342445207759738,17,,,,,
11042,0.009938957169651985,17,,,,,
11043,2.120143562933663e-06,17,,,,,
11044,0.01920357346534729,17,,,,,
11045,0.011673093773424625,17,,,,,
11046,0.0037421255838125944,17,,,,,
11047,0.0023605749011039734,17,,,,,
11048,0.00013760817819274962,17,,,,,
11049,0.003658438101410866,17,,,,,
11050,0.0031226621940732002,17,,,,,
11051,0.010688548907637596,17,,,,,
11052,0.028593363240361214,17,,,,,
11053,0.003817632794380188,17,,,,,
11054,0.022041531279683113,17,,,,,
11055,0.001051580416969955,17,,,,,
11056,0.007631927262991667,17,,,,,
11057,1.1238801562285516e-05,17,,,,,
11058,2.445910831738729e-05,17,,,,,
11059,0.02514377422630787,17,,,,,
11060,0.018234776332974434,17,,,,,
11061,0.00020412121375557035,17,,,,,
11062,0.02720499038696289,17,,,,,
11063,4.415705188876018e-05,17,,,,,
11064,0.00468998309224844,17,,,,,
11065,2.9228698622318916e-05,17,,,,,
11066,0.012734842486679554,17,,,,,
11067,0.022241957485675812,17,,,,,
11068,4.277830521459691e-05,17,,,,,
11069,3.925501005141996e-05,17,,,,,
11070,0.0013535541947931051,17,,,,,
11071,0.012229738757014275,17,,,,,
11072,5.036291986471042e-05,17,,,,,
11073,0.004641242325305939,17,,,,,
11074,0.006757838185876608,17,,,,,
11075,0.011283891275525093,17,,,,,
11076,3.8325903005898e-05,17,,,,,
11077,0.04057551175355911,17,,,,,
11078,2.0630028302548453e-05,17,,,,,
11079,0.014560158364474773,17,,,,,
11080,0.0002647884248290211,17,,,,,
11081,1.786265602277126e-05,17,,,,,
11082,0.004140243865549564,17,,,,,
11083,1.6510919522261247e-05,17,,,,,
11084,0.007263886276632547,17,,,,,
11085,1.767180219758302e-05,17,,,,,
11086,3.77680262317881e-05,17,,,,,
11087,7.561198435723782e-05,17,,,,,
11088,2.868151932489127e-05,17,,,,,
11089,0.0017705594655126333,17,,,,,
11090,0.008527613244950771,17,,,,,
11091,0.02011917345225811,17,,,,,
11092,4.400302714202553e-05,17,,,,,
11093,1.720847467368003e-05,17,,,,,
11094,5.267535016173497e-05,17,,,,,
11095,0.00025908349198289216,17,,,,,
11096,3.9340426155831665e-05,17,,,,,
11097,0.0007176596554927528,17,,,,,
11098,0.00010679876868380234,17,,,,,
11099,0.001795780728571117,17,,,,,
11100,7.780666783219203e-05,17,,,,,
11101,0.008458070456981659,17,,,,,
11102,6.645204121014103e-05,17,,,,,
11103,0.0006799635593779385,17,,,,,
11104,0.02481715939939022,17,,,,,
11105,0.00922363717108965,17,,,,,
11106,0.00011580426507862285,17,,,,,
11107,0.013358221389353275,17,,,,,
11108,5.970355050521903e-05,17,,,,,
11109,0.03227921202778816,17,,,,,
11110,4.3535685108508915e-05,17,,,,,
11111,3.7926107324892655e-05,17,,,,,
11112,0.004882041364908218,17,,,,,
11113,0.0024273544549942017,17,,,,,
11114,3.025937439815607e-05,17,,,,,
11115,0.0027919975109398365,17,,,,,
11116,6.0939779359614477e-05,17,,,,,
11117,0.002634016564115882,17,,,,,
11118,0.0029930099844932556,17,,,,,
11119,0.03774627298116684,17,,,,,
11120,0.00274520181119442,17,,,,,
11121,3.8102745747892186e-05,17,,,,,
11122,0.003773445263504982,17,,,,,
11123,0.0029608644545078278,17,,,,,
11124,0.018082253634929657,17,,,,,
11125,0.003213251940906048,17,,,,,
11126,0.004066116642206907,17,,,,,
11127,0.01603926345705986,17,,,,,
11128,0.00733307795599103,17,,,,,
11129,0.013543429784476757,17,,,,,
11130,0.03273024782538414,17,,,,,
11131,0.008180586621165276,17,,,,,
11132,0.015187445096671581,17,,,,,
11133,0.005108191166073084,17,,,,,
11134,0.05323554575443268,17,,,,,
11135,0.00010741101141320542,17,,,,,
11136,0.01996060647070408,17,,,,,
11137,0.00012475474795792252,17,,,,,
11138,0.016108965501189232,17,,,,,
11139,0.005262721795588732,17,,,,,
11140,0.005487318150699139,17,,,,,
11141,0.025836965069174767,17,,,,,
11142,0.003495409619063139,17,,,,,
11143,1.8944374460261315e-05,17,,,,,
11144,1.0744796782091726e-05,17,,,,,
11145,0.001959866378456354,17,,,,,
11146,0.00161692313849926,17,,,,,
11147,0.004068062175065279,17,,,,,
11148,9.377161040902138e-05,17,,,,,
11149,0.00011534840450622141,17,,,,,
11150,0.019694698974490166,17,,,,,
11151,2.734024565143045e-05,17,,,,,
11152,0.002998534357175231,17,,,,,
11153,3.84468148695305e-05,17,,,,,
11154,0.002479531103745103,17,,,,,
11155,0.0029141423292458057,17,,,,,
11156,0.011397095397114754,17,,,,,
11157,0.001220472389832139,17,,,,,
11158,0.003038686001673341,17,,,,,
11159,1.460694238630822e-05,17,,,,,
11160,1.4042784641787875e-05,17,,,,,
11161,8.836987944960129e-06,17,,,,,
11162,6.574596773134544e-05,17,,,,,
11163,0.0024488717317581177,17,,,,,
11164,0.00211194041185081,17,,,,,
11165,0.005675905849784613,17,,,,,
11166,0.027268460020422935,17,,,,,
11167,0.003662685863673687,17,,,,,
11168,0.004355208948254585,17,,,,,
11169,8.606631126895081e-06,17,,,,,
11170,0.0181710384786129,17,,,,,
11171,0.017506979405879974,17,,,,,
11172,0.0033333415631204844,17,,,,,
11173,0.0024711417499929667,17,,,,,
11174,8.669360977364704e-05,17,,,,,
11175,9.515318197372835e-06,17,,,,,
11176,0.03255041316151619,17,,,,,
11177,8.268132660305128e-06,17,,,,,
11178,1.3465983101923484e-05,17,,,,,
11179,0.0022355406545102596,17,,,,,
11180,0.005218133330345154,17,,,,,
11181,0.01633267104625702,17,,,,,
11182,0.04265245050191879,17,,,,,
11183,2.2681908376398496e-05,17,,,,,
11184,0.0006842974689789116,17,,,,,
11185,0.006995766423642635,17,,,,,
11186,0.000475295732030645,17,,,,,
11187,0.0051775770261883736,17,,,,,
11188,3.008499879797455e-05,17,,,,,
11189,0.00025746881146915257,17,,,,,
11190,0.003675218205899,17,,,,,
11191,0.004833156708627939,17,,,,,
11192,0.0032371412962675095,17,,,,,
11193,0.023110557347536087,17,,,,,
11194,0.005968804471194744,17,,,,,
11195,0.005381457507610321,17,,,,,
11196,2.7738511562347412e-05,17,,,,,
11197,0.010493850335478783,17,,,,,
11198,0.0022445598151534796,17,,,,,
11199,9.000282443594187e-05,17,,,,,
11200,0.0016123105306178331,17,,,,,
11201,2.1774547349195927e-05,17,,,,,
11202,0.02531220205128193,17,,,,,
11203,0.0005109098856337368,17,,,,,
11204,0.004845029208809137,17,,,,,
11205,0.003999198321253061,17,,,,,
11206,5.666445940732956e-05,17,,,,,
11207,0.0164214875549078,17,,,,,
11208,6.892931651236722e-06,17,,,,,
11209,8.85152712726267e-06,17,,,,,
11210,0.013314258307218552,17,,,,,
11211,0.019965888932347298,17,,,,,
11212,0.002447624923661351,17,,,,,
11213,0.013529075309634209,17,,,,,
11214,0.0029703346081078053,17,,,,,
11215,0.03512246906757355,17,,,,,
11216,0.002712257206439972,17,,,,,
11217,1.1360763892298564e-05,17,,,,,
11218,3.299145828350447e-05,17,,,,,
11219,0.0015652843285351992,17,,,,,
11220,0.020255563780665398,17,,,,,
11221,0.004953913856297731,17,,,,,
11222,3.7922891351627186e-05,17,,,,,
11223,4.7092707973206416e-05,17,,,,,
11224,0.004677410237491131,17,,,,,
11225,7.496539910789579e-05,17,,,,,
11226,0.012521369382739067,17,,,,,
11227,0.00018913023814093322,17,,,,,
11228,0.01882225275039673,17,,,,,
11229,3.8908863643882796e-05,17,,,,,
11230,0.011337324976921082,17,,,,,
11231,3.5834189475281164e-05,17,,,,,
11232,8.933945355238393e-05,17,,,,,
11233,0.0060601248405873775,17,,,,,
11234,0.028488727286458015,17,,,,,
11235,2.902894266298972e-05,17,,,,,
11236,0.022337278351187706,17,,,,,
11237,0.0046480149030685425,17,,,,,
11238,3.422458757995628e-05,17,,,,,
11239,2.6358349714428186e-05,17,,,,,
11240,0.023564226925373077,17,,,,,
11241,0.0029608735349029303,17,,,,,
11242,0.015826566144824028,17,,,,,
11243,0.01697450876235962,17,,,,,
11244,0.00031783722806721926,17,,,,,
11245,0.002817421918734908,17,,,,,
11246,0.0013349679065868258,17,,,,,
11247,0.005633500404655933,17,,,,,
11248,4.634885408449918e-05,17,,,,,
11249,0.02383563108742237,17,,,,,
11250,0.00030188626260496676,17,,,,,
11251,0.0038173836655914783,17,,,,,
11252,0.042051855474710464,17,,,,,
11253,0.041809286922216415,17,,,,,
11254,2.2459791580331512e-05,17,,,,,
11255,0.003365373471751809,17,,,,,
11256,5.415190025814809e-05,17,,,,,
11257,0.0034729710314422846,17,,,,,
11258,5.909148239879869e-05,17,,,,,
11259,4.482879739953205e-05,17,,,,,
11260,0.0041015236638486385,17,,,,,
11261,0.01947461999952793,17,,,,,
11262,0.0002159780269721523,17,,,,,
11263,2.8707350793411024e-05,17,,,,,
11264,0.003145868657156825,17,,,,,
11265,0.00010794506670208648,17,,,,,
11266,0.015602225437760353,17,,,,,
11267,3.267903593950905e-05,17,,,,,
11268,0.0064810109324753284,17,,,,,
11269,0.00242073112167418,17,,,,,
11270,0.0018622544594109058,17,,,,,
11271,0.021068865433335304,17,,,,,
11272,0.00024339846277143806,17,,,,,
11273,0.00035778028541244566,17,,,,,
11274,1.5737938156235032e-05,17,,,,,
11275,1.5801115296198986e-05,17,,,,,
11276,0.025502074509859085,17,,,,,
11277,8.369120223505888e-06,17,,,,,
11278,4.911074211122468e-05,17,,,,,
11279,0.008772945031523705,17,,,,,
11280,1.5889681890257634e-05,17,,,,,
11281,0.0005668678204528987,17,,,,,
11282,0.0035406965762376785,17,,,,,
11283,0.007484089583158493,17,,,,,
11284,0.00012395050725899637,17,,,,,
11285,2.0139030311838724e-05,17,,,,,
1343,,,0.014536818489432335,,,,
1344,,,0.00401647575199604,,,,
1345,,,1.4683793381209398e-07,,,,
1346,,,0.01872861757874489,,,,
1347,,,1.505634230625219e-07,,,,
1348,,,0.018247365951538086,,,,
1349,,,0.0037933834828436375,,,,
1350,,,8.908641291327513e-08,,,,
1351,,,0.02903284877538681,,,,
1352,,,1.7124426676673465e-07,,,,
1353,,,1.1615217232474606e-07,,,,
1354,,,0.006847471930086613,,,,
1355,,,1.396975619627483e-07,,,,
1356,,,0.0023178423289209604,,,,
1357,,,0.016017775982618332,,,,
1358,,,2.0999031846713478e-07,,,,
1359,,,0.004082047380506992,,,,
1360,,,0.002096096985042095,,,,
1361,,,3.576233496005443e-07,,,,
1362,,,0.07489672303199768,,,,
1363,,,0.0037499857135117054,,,,
1364,,,1.8810648327871604e-07,,,,
1365,,,4.282332781713194e-07,,,,
1366,,,0.02327956259250641,,,,
1367,,,3.2155696771951625e-07,,,,
1368,,,0.0020236035343259573,,,,
1369,,,0.0035075887572020292,,,,
1370,,,1.250165979627127e-07,,,,
1371,,,7.915738819974649e-08,,,,
1372,,,9.303353465384134e-08,,,,
1373,,,0.002103769686073065,,,,
1374,,,0.0013206030707806349,,,,
1375,,,2.6348541723564267e-05,,,,
1376,,,0.006948362570255995,,,,
1377,,,2.5008327497744176e-07,,,,
1378,,,8.368711235107185e-08,,,,
1379,,,0.001405688701197505,,,,
1380,,,0.09209348261356354,,,,
1381,,,2.0719492965781683e-07,,,,
1382,,,0.013691410422325134,,,,
1383,,,4.967049704873716e-08,,,,
1384,,,0.016109371557831764,,,,
1385,,,0.001992064993828535,,,,
1386,,,0.051571305841207504,,,,
1387,,,0.015443366020917892,,,,
1388,,,0.017422305420041084,,,,
1389,,,0.0021321226377040148,,,,
1390,,,3.2669270240148762e-06,,,,
1391,,,1.983606523481285e-07,,,,
1392,,,0.031661756336688995,,,,
1393,,,2.889736606448423e-06,,,,
1394,,,0.0038177878595888615,,,,
1395,,,8.460003186883114e-08,,,,
1396,,,0.0037029737140983343,,,,
1397,,,1.3394981124292826e-07,,,,
1398,,,0.038696762174367905,,,,
1399,,,0.003722497494891286,,,,
1400,,,1.7606177493689756e-07,,,,
1401,,,0.003975645639002323,,,,
1402,,,0.01634902134537697,,,,
1403,,,0.004810204263776541,,,,
1404,,,1.1408163658188641e-07,,,,
1405,,,1.59575648694954e-07,,,,
1406,,,0.021389009431004524,,,,
1407,,,0.0020605328027158976,,,,
1408,,,0.0035907267592847347,,,,
1409,,,1.9774961401708424e-07,,,,
1410,,,0.026870442554354668,,,,
1411,,,1.2780780878074438e-07,,,,
1412,,,1.268505798179831e-07,,,,
1413,,,1.0520346904741018e-07,,,,
1414,,,0.002042325446382165,,,,
1415,,,0.023228313773870468,,,,
1416,,,0.0426558218896389,,,,
1417,,,0.029599713161587715,,,,
1418,,,0.2791893780231476,,,,
1419,,,5.774422788817901e-06,,,,
1420,,,1.3224730821548292e-07,,,,
1421,,,5.046471756031679e-07,,,,
11285,,17,,0.012611042708158493,,,
11285,,17,,,0.9303797483444214,0.006356397643685341,0.9794303774833679
11286,0.00035360976471565664,18,,,,,
11287,3.373252911842428e-05,18,,,,,
11288,0.028240099549293518,18,,,,,
11289,0.004070238675922155,18,,,,,
11290,1.0685481356631499e-05,18,,,,,
11291,2.531680183892604e-05,18,,,,,
11292,0.002697573509067297,18,,,,,
11293,0.01013739500194788,18,,,,,
11294,0.011787176132202148,18,,,,,
11295,0.009641807526350021,18,,,,,
11296,0.0038912866730242968,18,,,,,
11297,0.007745195645838976,18,,,,,
11298,8.445728599326685e-05,18,,,,,
11299,0.00031514119473285973,18,,,,,
11300,0.02413109503686428,18,,,,,
11301,0.022671081125736237,18,,,,,
11302,1.0936720173049252e-05,18,,,,,
11303,4.8559890274191275e-05,18,,,,,
11304,0.0012163579231128097,18,,,,,
11305,3.526392174535431e-05,18,,,,,
11306,0.005553181283175945,18,,,,,
11307,0.002861243672668934,18,,,,,
11308,1.6145919289556332e-05,18,,,,,
11309,3.222455779905431e-05,18,,,,,
11310,0.00017586283502168953,18,,,,,
11311,0.0046515860594809055,18,,,,,
11312,0.025576872751116753,18,,,,,
11313,0.0023252905812114477,18,,,,,
11314,0.017572250217199326,18,,,,,
11315,0.0010022878414019942,18,,,,,
11316,0.014039747416973114,18,,,,,
11317,0.020112132653594017,18,,,,,
11318,0.004513166844844818,18,,,,,
11319,2.409796252322849e-05,18,,,,,
11320,9.298617442254908e-06,18,,,,,
11321,0.014150351285934448,18,,,,,
11322,9.594279254088178e-05,18,,,,,
11323,0.0008615952101536095,18,,,,,
11324,0.001625936827622354,18,,,,,
11325,0.0003749681345652789,18,,,,,
11326,9.257854799216148e-06,18,,,,,
11327,0.002531596925109625,18,,,,,
11328,0.0031181874219328165,18,,,,,
11329,0.00016211347247008234,18,,,,,
11330,4.042270575155271e-06,18,,,,,
11331,4.4984471969655715e-06,18,,,,,
11332,0.00021429768821690232,18,,,,,
11333,0.018835220485925674,18,,,,,
11334,0.018887411803007126,18,,,,,
11335,0.005138618405908346,18,,,,,
11336,1.2209962733322755e-05,18,,,,,
11337,0.019859151914715767,18,,,,,
11338,0.015505192801356316,18,,,,,
11339,0.01647086814045906,18,,,,,
11340,0.016766779124736786,18,,,,,
11341,3.696806970765465e-06,18,,,,,
11342,1.0990400369337294e-05,18,,,,,
11343,0.017213480547070503,18,,,,,
11344,2.33466944337124e-05,18,,,,,
11345,3.064166594413109e-05,18,,,,,
11346,0.011719073168933392,18,,,,,
11347,1.8190883565694094e-05,18,,,,,
11348,0.07935812324285507,18,,,,,
11349,0.002143225632607937,18,,,,,
11350,0.010104493238031864,18,,,,,
11351,0.00037468658410944045,18,,,,,
11352,2.9138580430299044e-05,18,,,,,
11353,0.0001115870545618236,18,,,,,
11354,0.013653337955474854,18,,,,,
11355,0.002933940151706338,18,,,,,
11356,0.00010983018000843003,18,,,,,
11357,0.034058574587106705,18,,,,,
11358,0.00013188448792789131,18,,,,,
11359,0.025828413665294647,18,,,,,
11360,0.012721615843474865,18,,,,,
11361,0.004067896865308285,18,,,,,
11362,0.014503716491162777,18,,,,,
11363,9.533643606118858e-05,18,,,,,
11364,0.001068315701559186,18,,,,,
11365,4.107513450435363e-05,18,,,,,
11366,0.005559821613132954,18,,,,,
11367,0.0007997098146006465,18,,,,,
11368,0.00020648959616664797,18,,,,,
11369,0.0036721178330481052,18,,,,,
11370,0.008339079096913338,18,,,,,
11371,0.0028409308288246393,18,,,,,
11372,0.007983122952282429,18,,,,,
11373,0.00036831869510933757,18,,,,,
11374,0.01745467633008957,18,,,,,
11375,0.0022923441138118505,18,,,,,
11376,0.0005899109528400004,18,,,,,
11377,0.0005770117277279496,18,,,,,
11378,2.535431667638477e-05,18,,,,,
11379,2.4320243028341793e-05,18,,,,,
11380,0.0028403743635863066,18,,,,,
11381,0.01570092886686325,18,,,,,
11382,0.006814662832766771,18,,,,,
11383,0.021833105012774467,18,,,,,
11384,0.01329348236322403,18,,,,,
11385,0.020591532811522484,18,,,,,
11386,7.647788879694417e-05,18,,,,,
11387,0.0008494338253512979,18,,,,,
11388,0.006052951328456402,18,,,,,
11389,0.0026983479037880898,18,,,,,
11390,2.1022149667260237e-05,18,,,,,
11391,2.1503117750398815e-05,18,,,,,
11392,0.013860628008842468,18,,,,,
11393,0.0029312619008123875,18,,,,,
11394,3.792495590460021e-06,18,,,,,
11395,0.005163982510566711,18,,,,,
11396,0.016799205914139748,18,,,,,
11397,0.006329473108053207,18,,,,,
11398,0.004299596417695284,18,,,,,
11399,0.0028915656730532646,18,,,,,
11400,9.324711754743475e-06,18,,,,,
11401,2.0363280782476068e-05,18,,,,,
11402,0.016498304903507233,18,,,,,
11403,0.006632398348301649,18,,,,,
11404,0.004708398599177599,18,,,,,
11405,3.1515976388618583e-06,18,,,,,
11406,0.0074115293100476265,18,,,,,
11407,8.282634553324897e-06,18,,,,,
11408,5.156916358828312e-06,18,,,,,
11409,0.0017101094126701355,18,,,,,
11410,0.020551219582557678,18,,,,,
11411,4.311657448852202e-06,18,,,,,
11412,0.0031830095686018467,18,,,,,
11413,0.018048616126179695,18,,,,,
11414,4.8437515943078324e-05,18,,,,,
11415,0.009288489818572998,18,,,,,
11416,0.022785179316997528,18,,,,,
11417,0.015740545466542244,18,,,,,
11418,0.0004856648447457701,18,,,,,
11419,0.014117124490439892,18,,,,,
11420,0.002040240680798888,18,,,,,
11421,6.602057965210406e-06,18,,,,,
11422,0.02360418438911438,18,,,,,
11423,0.0035223346203565598,18,,,,,
11424,0.0005472436314448714,18,,,,,
11425,0.0005291557754389942,18,,,,,
11426,3.9887934690341353e-05,18,,,,,
11427,0.019176950678229332,18,,,,,
11428,5.911632251809351e-05,18,,,,,
11429,0.0009074650588445365,18,,,,,
11430,0.011812049895524979,18,,,,,
11431,0.02465064637362957,18,,,,,
11432,2.7482099540065974e-05,18,,,,,
11433,0.00010839771130122244,18,,,,,
11434,8.800288196653128e-05,18,,,,,
11435,0.013357782736420631,18,,,,,
11436,0.008573923259973526,18,,,,,
11437,0.011471232399344444,18,,,,,
11438,0.019141128286719322,18,,,,,
11439,0.0001851053675636649,18,,,,,
11440,0.00010481001663720235,18,,,,,
11441,0.01155009213835001,18,,,,,
11442,0.0012718887301161885,18,,,,,
11443,0.009143279865384102,18,,,,,
11444,0.00045878125820308924,18,,,,,
11445,0.009433088824152946,18,,,,,
11446,8.778747724136338e-05,18,,,,,
11447,0.009248554706573486,18,,,,,
11448,0.003175334772095084,18,,,,,
11449,0.01492045447230339,18,,,,,
11450,0.009139331988990307,18,,,,,
11451,0.0054122996516525745,18,,,,,
11452,0.003523088525980711,18,,,,,
11453,0.00012487916683312505,18,,,,,
11454,0.0001035212553688325,18,,,,,
11455,0.016923125833272934,18,,,,,
11456,0.015794387087225914,18,,,,,
11457,0.001903267577290535,18,,,,,
11458,0.0001727269118418917,18,,,,,
11459,0.0008437854121439159,18,,,,,
11460,0.003690260462462902,18,,,,,
11461,0.007628023158758879,18,,,,,
11462,0.003881012322381139,18,,,,,
11463,0.00357823702506721,18,,,,,
11464,2.319232044101227e-05,18,,,,,
11465,0.004082051105797291,18,,,,,
11466,0.00012697609781753272,18,,,,,
11467,0.0167778879404068,18,,,,,
11468,0.039641473442316055,18,,,,,
11469,0.0003991704434156418,18,,,,,
11470,0.00019259376858826727,18,,,,,
11471,2.4418497559963726e-05,18,,,,,
11472,0.0018889089114964008,18,,,,,
11473,0.01725635677576065,18,,,,,
11474,8.2798556832131e-05,18,,,,,
11475,1.5520887245656922e-05,18,,,,,
11476,0.03220837935805321,18,,,,,
11477,2.5443483536946587e-05,18,,,,,
11478,0.025743303820490837,18,,,,,
11479,5.290540138958022e-05,18,,,,,
11480,0.0013954038731753826,18,,,,,
11481,0.01645997166633606,18,,,,,
11482,5.7889090385288e-05,18,,,,,
11483,0.00014795336755923927,18,,,,,
11484,0.004252626094967127,18,,,,,
11485,7.228160393424332e-05,18,,,,,
11486,0.0024659663904458284,18,,,,,
11487,9.071096428669989e-06,18,,,,,
11488,0.004113476257771254,18,,,,,
11489,0.006021573208272457,18,,,,,
11490,0.015909599140286446,18,,,,,
11491,0.03515487164258957,18,,,,,
11492,0.004981333389878273,18,,,,,
11493,0.002392875263467431,18,,,,,
11494,0.037204205989837646,18,,,,,
11495,0.004220534116029739,18,,,,,
11496,7.220848056022078e-05,18,,,,,
11497,4.539443034445867e-05,18,,,,,
11498,0.0029522967524826527,18,,,,,
11499,5.228223017184064e-05,18,,,,,
11500,5.0250971980858594e-05,18,,,,,
11501,0.014918080531060696,18,,,,,
11502,0.00027389865135774016,18,,,,,
11503,0.0002959377598017454,18,,,,,
11504,0.01586730405688286,18,,,,,
11505,0.00022342498414218426,18,,,,,
11506,0.0033342945389449596,18,,,,,
11507,0.015265112742781639,18,,,,,
11508,0.00614829920232296,18,,,,,
11509,0.026117336004972458,18,,,,,
11510,0.03658327832818031,18,,,,,
11511,0.004831136669963598,18,,,,,
11512,0.0001139558880822733,18,,,,,
11513,0.005151534918695688,18,,,,,
11514,0.0016039726324379444,18,,,,,
11515,0.0025781334843486547,18,,,,,
11516,5.762217551819049e-05,18,,,,,
11517,0.002736411988735199,18,,,,,
11518,0.009498012252151966,18,,,,,
11519,0.013059772551059723,18,,,,,
11520,1.7237431165995076e-05,18,,,,,
11521,5.6241660786326975e-05,18,,,,,
11522,0.00025855828425846994,18,,,,,
11523,0.0024658723268657923,18,,,,,
11524,0.0035666681360453367,18,,,,,
11525,0.002118864096701145,18,,,,,
11526,3.457003185758367e-05,18,,,,,
11527,0.00020855129696428776,18,,,,,
11528,0.0031421619933098555,18,,,,,
11529,0.00012322493421379477,18,,,,,
11530,0.0037447968497872353,18,,,,,
11531,0.0003360953414812684,18,,,,,
11532,0.028825730085372925,18,,,,,
11533,0.01469578966498375,18,,,,,
11534,6.245489657885628e-06,18,,,,,
11535,1.9816969142993912e-05,18,,,,,
11536,0.00011116104724351317,18,,,,,
11537,0.013741722330451012,18,,,,,
11538,4.026021997560747e-05,18,,,,,
11539,0.0029603505972772837,18,,,,,
11540,3.633210144471377e-05,18,,,,,
11541,2.6127399905817583e-05,18,,,,,
11542,1.7553766156197526e-05,18,,,,,
11543,0.003753624390810728,18,,,,,
11544,0.0026336200535297394,18,,,,,
11545,3.127842865069397e-05,18,,,,,
11546,0.011432436294853687,18,,,,,
11547,0.015070605091750622,18,,,,,
11548,4.659137630369514e-06,18,,,,,
11549,3.41900231433101e-05,18,,,,,
11550,0.010916919447481632,18,,,,,
11551,1.1789982636400964e-05,18,,,,,
11552,0.00016396901628468186,18,,,,,
11553,2.0532181224552915e-05,18,,,,,
11554,2.0526273146970198e-05,18,,,,,
11555,0.004026373382657766,18,,,,,
11556,8.650160452816635e-05,18,,,,,
11557,0.0021560953464359045,18,,,,,
11558,0.0016278347466140985,18,,,,,
11559,0.017363954335451126,18,,,,,
11560,0.016576213762164116,18,,,,,
11561,4.382737824926153e-05,18,,,,,
11562,2.0914820197504014e-05,18,,,,,
11563,0.0005693832063116133,18,,,,,
11564,0.0011578905396163464,18,,,,,
11565,3.114539504167624e-05,18,,,,,
11566,0.004501893650740385,18,,,,,
11567,3.008006933669094e-05,18,,,,,
11568,0.0001715552934911102,18,,,,,
11569,0.015275239013135433,18,,,,,
11570,5.2155817684251815e-05,18,,,,,
11571,0.009103421121835709,18,,,,,
11572,1.6843421690282412e-05,18,,,,,
11573,0.0011903771664947271,18,,,,,
11574,2.1168028979445808e-05,18,,,,,
11575,0.012237234972417355,18,,,,,
11576,0.001958792796358466,18,,,,,
11577,6.701422989863204e-06,18,,,,,
11578,1.12503357740934e-05,18,,,,,
11579,8.77223919815151e-06,18,,,,,
11580,8.665806490171235e-06,18,,,,,
11581,0.019692935049533844,18,,,,,
11582,4.646995512302965e-05,18,,,,,
11583,5.18738706887234e-05,18,,,,,
11584,0.006373761687427759,18,,,,,
11585,0.022195221856236458,18,,,,,
11586,4.4570524551090784e-06,18,,,,,
11587,0.011115655303001404,18,,,,,
11588,0.04084267094731331,18,,,,,
11589,0.004665398504585028,18,,,,,
11590,2.7140191377839074e-05,18,,,,,
11591,1.1772494872275274e-05,18,,,,,
11592,0.01765083521604538,18,,,,,
11593,0.005330236162990332,18,,,,,
11594,0.009782959707081318,18,,,,,
11595,0.003786527318879962,18,,,,,
11596,0.004415544681251049,18,,,,,
11597,4.8664489440852776e-05,18,,,,,
11598,2.8875780117232352e-05,18,,,,,
11599,2.7605894501903094e-05,18,,,,,
11600,0.0038687873166054487,18,,,,,
11601,0.018257586285471916,18,,,,,
11602,0.0023451917804777622,18,,,,,
11603,0.0003305599675513804,18,,,,,
11604,0.0012607600074261427,18,,,,,
11605,0.0033507943153381348,18,,,,,
11606,0.00017689431842882186,18,,,,,
11607,0.0018737612990662456,18,,,,,
11608,0.0020072876941412687,18,,,,,
11609,0.0001280040160054341,18,,,,,
11610,0.0001858026662375778,18,,,,,
11611,0.032812513411045074,18,,,,,
11612,0.0036802445538342,18,,,,,
11613,0.003567494684830308,18,,,,,
11614,0.031030381098389626,18,,,,,
11615,0.002978553529828787,18,,,,,
11616,0.005813601426780224,18,,,,,
11617,0.017804943025112152,18,,,,,
11618,1.191761748486897e-05,18,,,,,
11619,3.8077065255492926e-05,18,,,,,
11620,0.0015137941809371114,18,,,,,
11621,2.644542109919712e-05,18,,,,,
11622,1.715312282613013e-05,18,,,,,
11623,0.027703048661351204,18,,,,,
11624,0.0006175313028506935,18,,,,,
11625,3.535232463036664e-05,18,,,,,
11626,3.170337367919274e-05,18,,,,,
11627,0.017311634495854378,18,,,,,
11628,9.231337571691256e-06,18,,,,,
11629,0.002509727608412504,18,,,,,
11630,0.017808575183153152,18,,,,,
11631,0.03620823845267296,18,,,,,
11632,0.02148766629397869,18,,,,,
11633,0.004719556774944067,18,,,,,
11634,0.0026486413553357124,18,,,,,
11635,0.00019038566097151488,18,,,,,
11636,0.029323214665055275,18,,,,,
11637,1.92449278983986e-05,18,,,,,
11638,1.4156305041979067e-05,18,,,,,
11639,0.0002707217645365745,18,,,,,
11640,6.781371212127851e-06,18,,,,,
11641,0.002951097209006548,18,,,,,
11642,4.941918814438395e-05,18,,,,,
11643,7.819950405973941e-05,18,,,,,
11644,0.00620017247274518,18,,,,,
11645,0.02668595127761364,18,,,,,
11646,1.1613482229222427e-06,18,,,,,
11647,0.0004538044740911573,18,,,,,
11648,0.0007637111120857298,18,,,,,
11649,1.9828656149911694e-05,18,,,,,
11650,3.3890808026626473e-06,18,,,,,
11651,0.026592634618282318,18,,,,,
11652,7.507413556595566e-06,18,,,,,
11653,3.3502853966638213e-06,18,,,,,
11654,0.0063956850208342075,18,,,,,
11655,0.03670796751976013,18,,,,,
11656,1.7320135157206096e-05,18,,,,,
11657,0.0036101657897233963,18,,,,,
11658,3.7753183278255165e-05,18,,,,,
11659,3.882193595927674e-06,18,,,,,
11660,0.014000523835420609,18,,,,,
11661,0.03670990839600563,18,,,,,
11662,0.0040588085539639,18,,,,,
11663,0.04014645144343376,18,,,,,
11664,0.0016834265552461147,18,,,,,
11665,0.023012904450297356,18,,,,,
11666,2.884832429117523e-05,18,,,,,
11667,0.03475950285792351,18,,,,,
11668,6.534795829793438e-05,18,,,,,
11669,0.0029561128467321396,18,,,,,
11670,8.345425158040598e-06,18,,,,,
11671,0.010462116450071335,18,,,,,
11672,8.76969988894416e-06,18,,,,,
11673,0.0005353830056264997,18,,,,,
11674,0.028818411752581596,18,,,,,
11675,0.004373807925730944,18,,,,,
11676,0.00427734199911356,18,,,,,
11677,0.030418304726481438,18,,,,,
11678,9.95396330836229e-05,18,,,,,
11679,0.0031582212541252375,18,,,,,
11680,1.9119097487418912e-05,18,,,,,
11681,0.02091607078909874,18,,,,,
11682,4.676621756516397e-05,18,,,,,
11683,1.9851509932777844e-05,18,,,,,
11684,0.02475626766681671,18,,,,,
11685,2.0385828975122422e-05,18,,,,,
11686,0.004947383888065815,18,,,,,
11687,8.665011409902945e-05,18,,,,,
11688,0.01803765259683132,18,,,,,
11689,0.004044495522975922,18,,,,,
11690,6.061755811970215e-06,18,,,,,
11691,0.0001283571036765352,18,,,,,
11692,0.006358560640364885,18,,,,,
11693,0.01307070255279541,18,,,,,
11694,0.01686239056289196,18,,,,,
11695,8.545869604859035e-06,18,,,,,
11696,0.00027529362705536187,18,,,,,
11697,0.00021538874716497958,18,,,,,
11698,1.9233168131904677e-05,18,,,,,
11699,2.8540243874886073e-05,18,,,,,
11700,0.03000682219862938,18,,,,,
11701,0.001980058616027236,18,,,,,
11702,3.981540066888556e-05,18,,,,,
11703,0.000856105238199234,18,,,,,
11704,0.0035570841282606125,18,,,,,
11705,2.1845055471203523e-06,18,,,,,
11706,7.520343933720142e-05,18,,,,,
11707,8.474369678879157e-06,18,,,,,
11708,0.015797309577465057,18,,,,,
11709,0.0035621770657598972,18,,,,,
11710,0.007364398799836636,18,,,,,
11711,0.009312333539128304,18,,,,,
11712,4.117249318369431e-06,18,,,,,
11713,0.004245164804160595,18,,,,,
11714,0.00650921231135726,18,,,,,
11715,1.0394052878837101e-05,18,,,,,
11716,7.6472875662148e-05,18,,,,,
11717,3.270103479735553e-05,18,,,,,
11718,0.0035113655030727386,18,,,,,
11719,1.9062163119087927e-05,18,,,,,
11720,0.0051080407574772835,18,,,,,
11721,0.002331292722374201,18,,,,,
11722,7.052529781503836e-06,18,,,,,
11723,2.463998316670768e-05,18,,,,,
11724,1.6855892681633122e-05,18,,,,,
11725,1.1372615517757367e-05,18,,,,,
11726,0.018352139741182327,18,,,,,
11727,0.005494488403201103,18,,,,,
11728,6.950930401217192e-05,18,,,,,
11729,1.0383423614257481e-05,18,,,,,
11730,1.7137283066404052e-05,18,,,,,
11731,1.772815448930487e-05,18,,,,,
11732,0.005558361299335957,18,,,,,
11733,6.521563591377344e-06,18,,,,,
11734,0.003788714064285159,18,,,,,
11735,2.5818633730523288e-05,18,,,,,
11736,5.7071561059274245e-06,18,,,,,
11737,5.962484010524349e-06,18,,,,,
11738,0.001903529861010611,18,,,,,
11739,9.478399078943767e-06,18,,,,,
11740,1.0406727597001009e-05,18,,,,,
11741,0.04693019762635231,18,,,,,
11742,8.573815648560412e-06,18,,,,,
11743,0.0018089435761794448,18,,,,,
11744,2.5699648631416494e-06,18,,,,,
11745,8.363051165360957e-06,18,,,,,
11746,0.010425860993564129,18,,,,,
11747,3.3085188988479786e-06,18,,,,,
11748,4.775113211508142e-06,18,,,,,
11749,3.900643059751019e-05,18,,,,,
11750,2.7033416699850932e-05,18,,,,,
11751,1.2112583362977603e-06,18,,,,,
11752,0.0028322315774858,18,,,,,
11753,0.01719403825700283,18,,,,,
11754,3.0555629564332776e-06,18,,,,,
11755,4.217439254716737e-06,18,,,,,
11756,0.013433749787509441,18,,,,,
11757,0.004827722441405058,18,,,,,
11758,5.211023562878836e-06,18,,,,,
11759,1.5646617157472065e-06,18,,,,,
11760,1.5038388482935261e-05,18,,,,,
11761,2.5436565920244902e-06,18,,,,,
11762,1.7576438722244347e-06,18,,,,,
11763,0.002494925633072853,18,,,,,
11764,0.0020577753894031048,18,,,,,
11765,0.0065161436796188354,18,,,,,
11766,0.005612845532596111,18,,,,,
11767,0.0008781490032561123,18,,,,,
11768,0.027749480679631233,18,,,,,
11769,0.002333677839487791,18,,,,,
11770,0.00270123896189034,18,,,,,
11771,3.316105221529142e-06,18,,,,,
11772,0.003559029195457697,18,,,,,
11773,0.0030543506145477295,18,,,,,
11774,0.002604240318760276,18,,,,,
11775,0.0031698609236627817,18,,,,,
11776,4.427851763466606e-06,18,,,,,
11777,0.0024237928446382284,18,,,,,
11778,8.493499990436248e-06,18,,,,,
11779,0.016312742605805397,18,,,,,
11780,0.0022784986067563295,18,,,,,
11781,0.0024022061843425035,18,,,,,
11782,5.799705832032487e-06,18,,,,,
11783,0.0061370013281702995,18,,,,,
11784,3.2473387818754418e-06,18,,,,,
11785,8.298330794787034e-05,18,,,,,
11786,2.2860192530060885e-06,18,,,,,
11787,0.0064158691093325615,18,,,,,
11788,5.104073807160603e-06,18,,,,,
11789,5.983489700156497e-06,18,,,,,
11790,0.016300510615110397,18,,,,,
11791,0.003329770639538765,18,,,,,
11792,0.0038018471095710993,18,,,,,
11793,0.003050099825486541,18,,,,,
11794,0.011396834626793861,18,,,,,
11795,0.0033552702516317368,18,,,,,
11796,1.124307163991034e-05,18,,,,,
11797,0.0027360068634152412,18,,,,,
11798,3.812120485235937e-05,18,,,,,
11799,0.002887986833229661,18,,,,,
11800,0.00782183650881052,18,,,,,
11801,2.7395064535085112e-05,18,,,,,
11802,0.0006120012258179486,18,,,,,
11803,0.010637734085321426,18,,,,,
11804,0.02164754830300808,18,,,,,
11805,0.002594148740172386,18,,,,,
11806,3.450134681770578e-05,18,,,,,
11807,4.665114374802215e-06,18,,,,,
11808,7.233339601953048e-06,18,,,,,
11809,2.9761324640276143e-06,18,,,,,
11810,3.997091880592052e-06,18,,,,,
11811,0.0036628362722694874,18,,,,,
11812,0.004943053238093853,18,,,,,
11813,0.0033482653088867664,18,,,,,
11814,0.04488629475235939,18,,,,,
11815,0.04178614169359207,18,,,,,
11816,0.010740057565271854,18,,,,,
11817,0.029551895335316658,18,,,,,
11818,0.008249123580753803,18,,,,,
11819,0.016380054876208305,18,,,,,
11820,0.018009323626756668,18,,,,,
11821,0.0025324649177491665,18,,,,,
11822,0.0033096629194915295,18,,,,,
11823,0.0023282943293452263,18,,,,,
11824,0.013133184053003788,18,,,,,
11825,1.0529137398407329e-05,18,,,,,
11826,0.0001155831414507702,18,,,,,
11827,0.00834902748465538,18,,,,,
11828,0.04980235919356346,18,,,,,
11829,0.013298039324581623,18,,,,,
11830,2.3074411728885025e-05,18,,,,,
11831,0.005191450007259846,18,,,,,
11832,2.492671410436742e-05,18,,,,,
11833,0.002634676406159997,18,,,,,
11834,0.00014326130622066557,18,,,,,
11835,0.00024699262576177716,18,,,,,
11836,0.0077976626344025135,18,,,,,
11837,0.013872434385120869,18,,,,,
11838,0.00030433476786129177,18,,,,,
11839,0.0027022184804081917,18,,,,,
11840,0.0004771204839926213,18,,,,,
11841,0.0003159655025228858,18,,,,,
11842,0.0013065285747870803,18,,,,,
11843,9.095115819945931e-05,18,,,,,
11844,0.0010936025064438581,18,,,,,
11845,0.00029818256734870374,18,,,,,
11846,0.003538735443726182,18,,,,,
11847,0.0006162864156067371,18,,,,,
11848,0.0006835141102783382,18,,,,,
11849,7.984349940670654e-05,18,,,,,
11850,3.843273952952586e-05,18,,,,,
11851,0.028270617127418518,18,,,,,
11852,0.001526267733424902,18,,,,,
11853,7.602138794027269e-05,18,,,,,
11854,0.006777410861104727,18,,,,,
11855,0.011818594299256802,18,,,,,
11856,0.00017369777197018266,18,,,,,
11857,0.023301977664232254,18,,,,,
11858,0.00010835180728463456,18,,,,,
11859,0.0017388957785442472,18,,,,,
11860,0.0013119623763486743,18,,,,,
11861,8.503179560648277e-05,18,,,,,
11862,0.0020906999707221985,18,,,,,
11863,5.662333205691539e-05,18,,,,,
11864,0.01033550500869751,18,,,,,
11865,2.326960202481132e-05,18,,,,,
11866,0.003936496563255787,18,,,,,
11867,7.871780690038577e-05,18,,,,,
11868,0.017452841624617577,18,,,,,
11869,0.00031037506414577365,18,,,,,
11870,0.00519696855917573,18,,,,,
11871,8.348923438461497e-05,18,,,,,
11872,0.0039063370786607265,18,,,,,
11873,2.845524977601599e-05,18,,,,,
11874,0.005095248576253653,18,,,,,
11875,0.002035274636000395,18,,,,,
11876,4.539050496532582e-05,18,,,,,
11877,0.016423910856246948,18,,,,,
11878,4.5179629523772746e-05,18,,,,,
11879,2.1099072910146788e-05,18,,,,,
11880,5.123014852870256e-05,18,,,,,
11881,3.26038571074605e-05,18,,,,,
11882,2.142006269423291e-05,18,,,,,
11883,3.679492510855198e-05,18,,,,,
11884,0.0023873928003013134,18,,,,,
11885,0.02030404470860958,18,,,,,
11886,0.02301790378987789,18,,,,,
11887,0.0048179030418396,18,,,,,
11888,0.0016842767363414168,18,,,,,
11889,0.004549724981188774,18,,,,,
11890,0.006924329325556755,18,,,,,
11891,6.119524186942726e-05,18,,,,,
11892,0.011263967491686344,18,,,,,
11893,6.126309745013714e-05,18,,,,,
11894,0.00031165138352662325,18,,,,,
11895,0.003805203828960657,18,,,,,
11896,0.06651677936315536,18,,,,,
11897,2.33001665037591e-05,18,,,,,
11898,0.02199939452111721,18,,,,,
11899,8.566103497287259e-05,18,,,,,
11900,3.7680929381167516e-05,18,,,,,
11901,5.55281549168285e-05,18,,,,,
11902,0.022983774542808533,18,,,,,
11903,0.02266394905745983,18,,,,,
11904,0.004440970253199339,18,,,,,
11905,0.031170492991805077,18,,,,,
11906,0.003027924569323659,18,,,,,
11907,4.767843711306341e-05,18,,,,,
11908,0.003681410104036331,18,,,,,
11909,0.002163343131542206,18,,,,,
11910,0.028261428698897362,18,,,,,
11911,0.026331299915909767,18,,,,,
11912,1.1673469089146238e-05,18,,,,,
1422,,,0.01577208749949932,,,,
1423,,,0.003081623464822769,,,,
1424,,,3.628062813731958e-06,,,,
1425,,,0.019112572073936462,,,,
1426,,,5.712032020710467e-07,,,,
1427,,,0.013335982337594032,,,,
1428,,,0.002814408391714096,,,,
1429,,,8.360337915291893e-07,,,,
1430,,,0.015664851292967796,,,,
1431,,,1.7866227608465124e-06,,,,
1432,,,3.3133713372990314e-07,,,,
1433,,,0.007908543571829796,,,,
1434,,,2.3282963468318485e-07,,,,
1435,,,0.0032094004563987255,,,,
1436,,,0.015496809966862202,,,,
1437,,,3.226713715775986e-06,,,,
1438,,,0.0028028746601194143,,,,
1439,,,0.002962411381304264,,,,
1440,,,7.045950951578561e-06,,,,
1441,,,0.0463753379881382,,,,
1442,,,0.0029115339275449514,,,,
1443,,,4.7138215109043813e-07,,,,
1444,,,9.636819413572084e-07,,,,
1445,,,0.021515710279345512,,,,
1446,,,1.2298962701606797e-06,,,,
1447,,,0.002965811640024185,,,,
1448,,,0.002654541749507189,,,,
1449,,,7.947074891490047e-07,,,,
1450,,,8.637009045742161e-07,,,,
1451,,,1.006561319627508e-06,,,,
1452,,,0.0030247678514569998,,,,
1453,,,0.0024306962732225657,,,,
1454,,,6.572183792741271e-07,,,,
1455,,,0.008193867281079292,,,,
1456,,,6.997479999881762e-07,,,,
1457,,,4.4822687073065026e-07,,,,
1458,,,0.0025565733667463064,,,,
1459,,,0.06998388469219208,,,,
1460,,,7.688128107474768e-07,,,,
1461,,,0.020015515387058258,,,,
1462,,,5.147562660567928e-07,,,,
1463,,,0.014183576218783855,,,,
1464,,,0.002868878887966275,,,,
1465,,,0.061834417283535004,,,,
1466,,,0.019929731264710426,,,,
1467,,,0.01959902234375477,,,,
1468,,,0.0031071018893271685,,,,
1469,,,3.879983069055015e-06,,,,
1470,,,7.428014896504465e-07,,,,
1471,,,0.026781493797898293,,,,
1472,,,4.260009518475272e-06,,,,
1473,,,0.0029872404411435127,,,,
1474,,,1.1663171335385414e-06,,,,
1475,,,0.002760163974016905,,,,
1476,,,1.0058060979645234e-06,,,,
1477,,,0.04118058830499649,,,,
1478,,,0.002592426259070635,,,,
1479,,,8.023134228096751e-07,,,,
1480,,,0.005576062947511673,,,,
1481,,,0.01626726984977722,,,,
1482,,,0.005137811414897442,,,,
1483,,,2.8039664812240517e-07,,,,
1484,,,5.723773597310355e-07,,,,
1485,,,0.019499236717820168,,,,
1486,,,0.00288866157643497,,,,
1487,,,0.00273623364046216,,,,
1488,,,5.547352657231386e-07,,,,
1489,,,0.022760342806577682,,,,
1490,,,2.879366149954876e-07,,,,
1491,,,1.3991336800245335e-06,,,,
1492,,,9.324207894678693e-07,,,,
1493,,,0.0030496586114168167,,,,
1494,,,0.02296694926917553,,,,
1495,,,0.04233074188232422,,,,
1496,,,0.02441916987299919,,,,
1497,,,0.16462156176567078,,,,
1498,,,4.807419031749305e-07,,,,
1499,,,4.659680428176216e-07,,,,
1500,,,6.821364877396263e-07,,,,
11912,,18,,0.010414201766252518,,,
11912,,18,,,0.9303797483444214,0.006274540442973375,0.9873417615890503
11913,0.0010475970339030027,19,,,,,
11914,0.009876733645796776,19,,,,,
11915,0.0030364689882844687,19,,,,,
11916,0.019081417471170425,19,,,,,
11917,0.0001563325640745461,19,,,,,
11918,0.004217442590743303,19,,,,,
11919,0.004184314515441656,19,,,,,
11920,5.032236731494777e-05,19,,,,,
11921,0.00012502547178883106,19,,,,,
11922,0.0004744195321109146,19,,,,,
11923,0.014025978744029999,19,,,,,
11924,0.018827104941010475,19,,,,,
11925,0.00013548400602303445,19,,,,,
11926,0.010096068494021893,19,,,,,
11927,6.835661042714491e-05,19,,,,,
11928,0.00655318982899189,19,,,,,
11929,1.371910548186861e-05,19,,,,,
11930,0.004542753100395203,19,,,,,
11931,2.399555523879826e-05,19,,,,,
11932,0.002496851608157158,19,,,,,
11933,0.008627506904304028,19,,,,,
11934,0.0030764692928642035,19,,,,,
11935,0.016804391518235207,19,,,,,
11936,3.092613405897282e-05,19,,,,,
11937,0.002554941223934293,19,,,,,
11938,0.0009437153930775821,19,,,,,
11939,2.291308919666335e-05,19,,,,,
11940,0.0036417983938008547,19,,,,,
11941,0.018586168065667152,19,,,,,
11942,0.014465387910604477,19,,,,,
11943,1.1975661436736118e-05,19,,,,,
11944,0.0024162132758647203,19,,,,,
11945,0.00976481195539236,19,,,,,
11946,0.00033494806848466396,19,,,,,
11947,0.023126592859625816,19,,,,,
11948,8.315141712955665e-06,19,,,,,
11949,0.0002460455580148846,19,,,,,
11950,3.210331851732917e-05,19,,,,,
11951,0.038320545107126236,19,,,,,
11952,0.0021121534518897533,19,,,,,
11953,8.012389116629492e-06,19,,,,,
11954,0.00021533189283218235,19,,,,,
11955,1.1893544069607742e-05,19,,,,,
11956,1.8072800230584107e-05,19,,,,,
11957,0.017322847619652748,19,,,,,
11958,0.002029166789725423,19,,,,,
11959,0.0018667405238375068,19,,,,,
11960,0.0031738323159515858,19,,,,,
11961,0.012955286540091038,19,,,,,
11962,0.0022614584304392338,19,,,,,
11963,4.264462040737271e-05,19,,,,,
11964,0.012331469915807247,19,,,,,
11965,2.3526637960458174e-05,19,,,,,
11966,0.007951597683131695,19,,,,,
11967,0.0024167189840227365,19,,,,,
11968,0.006558007560670376,19,,,,,
11969,3.4234672057209536e-06,19,,,,,
11970,0.0033954554237425327,19,,,,,
11971,1.0731777365435846e-05,19,,,,,
11972,0.015805818140506744,19,,,,,
11973,0.007963667623698711,19,,,,,
11974,9.369567123940215e-06,19,,,,,
11975,0.026254819706082344,19,,,,,
11976,1.3401916476141196e-05,19,,,,,
11977,1.1895119314431213e-05,19,,,,,
11978,0.012132998555898666,19,,,,,
11979,9.683175449026749e-06,19,,,,,
11980,1.5033845556899905e-05,19,,,,,
11981,0.002165840705856681,19,,,,,
11982,0.0026574518997222185,19,,,,,
11983,0.025977151468396187,19,,,,,
11984,4.923178039462073e-06,19,,,,,
11985,0.003680012421682477,19,,,,,
11986,0.00269318581558764,19,,,,,
11987,6.468165520345792e-05,19,,,,,
11988,0.004562800750136375,19,,,,,
11989,0.008429725654423237,19,,,,,
11990,2.7671761927194893e-05,19,,,,,
11991,0.007142339367419481,19,,,,,
11992,0.0027509466744959354,19,,,,,
11993,0.03723182901740074,19,,,,,
11994,0.0037116098683327436,19,,,,,
11995,8.514524233760312e-05,19,,,,,
11996,4.1619830881245434e-05,19,,,,,
11997,1.2308714758546557e-05,19,,,,,
11998,0.001971449237316847,19,,,,,
11999,0.002438291674479842,19,,,,,
12000,0.017306197434663773,19,,,,,
12001,0.003559020347893238,19,,,,,
12002,0.002520059933885932,19,,,,,
12003,0.015116715803742409,19,,,,,
12004,0.012205960229039192,19,,,,,
12005,5.9367248468333855e-06,19,,,,,
12006,0.005583403632044792,19,,,,,
12007,0.00316612608730793,19,,,,,
12008,0.0042449408210814,19,,,,,
12009,0.0034033553674817085,19,,,,,
12010,2.683027787497849e-06,19,,,,,
12011,0.0024358078371733427,19,,,,,
12012,1.5956919014570303e-05,19,,,,,
12013,2.0714662241516635e-05,19,,,,,
12014,0.00012254454486537725,19,,,,,
12015,0.006942072417587042,19,,,,,
12016,0.015321765094995499,19,,,,,
12017,0.0001237674878211692,19,,,,,
12018,0.00016600520757492632,19,,,,,
12019,0.00032010735594667494,19,,,,,
12020,1.1607501619437244e-05,19,,,,,
12021,1.117978899856098e-05,19,,,,,
12022,7.890457709436305e-06,19,,,,,
12023,1.266071467398433e-05,19,,,,,
12024,0.01160280779004097,19,,,,,
12025,0.0035612403880804777,19,,,,,
12026,0.004945247434079647,19,,,,,
12027,0.046699944883584976,19,,,,,
12028,1.504549800301902e-05,19,,,,,
12029,0.0037949932739138603,19,,,,,
12030,0.02131275273859501,19,,,,,
12031,0.0028332241345196962,19,,,,,
12032,3.8351674447767437e-05,19,,,,,
12033,3.921654570149258e-05,19,,,,,
12034,1.1161905604240019e-05,19,,,,,
12035,0.016604015603661537,19,,,,,
12036,2.0068988305865787e-05,19,,,,,
12037,0.0010902018984779716,19,,,,,
12038,2.8458844099077396e-05,19,,,,,
12039,0.0062931557185947895,19,,,,,
12040,0.002165050944313407,19,,,,,
12041,9.908463653118815e-06,19,,,,,
12042,9.112035513680894e-06,19,,,,,
12043,1.2161286576883867e-05,19,,,,,
12044,0.00215506530366838,19,,,,,
12045,0.01260368712246418,19,,,,,
12046,0.0016865867655724287,19,,,,,
12047,0.011142241768538952,19,,,,,
12048,2.559015956649091e-05,19,,,,,
12049,0.004019625950604677,19,,,,,
12050,0.003507382469251752,19,,,,,
12051,0.001544436439871788,19,,,,,
12052,3.885112164425664e-06,19,,,,,
12053,1.2660574611800257e-05,19,,,,,
12054,4.766549864143599e-06,19,,,,,
12055,2.2535874450113624e-05,19,,,,,
12056,0.02660555951297283,19,,,,,
12057,0.00010934399324469268,19,,,,,
12058,5.866366791451583e-06,19,,,,,
12059,0.006216538138687611,19,,,,,
12060,6.802821644669166e-06,19,,,,,
12061,0.0016954015009105206,19,,,,,
12062,1.229164354299428e-05,19,,,,,
12063,0.008753343485295773,19,,,,,
12064,1.0540235962253064e-05,19,,,,,
12065,4.0009668737184256e-05,19,,,,,
12066,6.287974974839017e-05,19,,,,,
12067,0.02955784648656845,19,,,,,
12068,0.023430103436112404,19,,,,,
12069,1.6569712897762656e-05,19,,,,,
12070,2.835118539223913e-05,19,,,,,
12071,0.0031616794876754284,19,,,,,
12072,1.59608152898727e-05,19,,,,,
12073,0.001029143575578928,19,,,,,
12074,0.0025385047774761915,19,,,,,
12075,0.016629459336400032,19,,,,,
12076,0.037079159170389175,19,,,,,
12077,1.7669090084382333e-05,19,,,,,
12078,5.937995229032822e-05,19,,,,,
12079,1.3221600056567695e-05,19,,,,,
12080,0.003376519773155451,19,,,,,
12081,1.130570763052674e-05,19,,,,,
12082,0.003600839991122484,19,,,,,
12083,6.195441983436467e-06,19,,,,,
12084,0.03270592540502548,19,,,,,
12085,0.0036092717200517654,19,,,,,
12086,0.0014631758676841855,19,,,,,
12087,1.0075604222947732e-05,19,,,,,
12088,0.017928604036569595,19,,,,,
12089,1.3037539247306995e-05,19,,,,,
12090,4.7598136006854475e-05,19,,,,,
12091,0.0066631813533604145,19,,,,,
12092,0.0262423288077116,19,,,,,
12093,3.778499012696557e-05,19,,,,,
12094,0.008971367962658405,19,,,,,
12095,3.84258873964427e-06,19,,,,,
12096,0.006027325056493282,19,,,,,
12097,0.00012926077761221677,19,,,,,
12098,0.0014815041795372963,19,,,,,
12099,7.136083877412602e-05,19,,,,,
12100,1.0226547601632774e-05,19,,,,,
12101,0.017953230068087578,19,,,,,
12102,3.9119167922763154e-05,19,,,,,
12103,9.618543117539957e-06,19,,,,,
12104,1.746675479807891e-05,19,,,,,
12105,9.998224413720891e-06,19,,,,,
12106,1.2803142453776672e-05,19,,,,,
12107,0.006373408250510693,19,,,,,
12108,2.0568100808304735e-05,19,,,,,
12109,0.0026970196049660444,19,,,,,
12110,7.791994903527666e-06,19,,,,,
12111,9.355022484669462e-05,19,,,,,
12112,0.0023509832099080086,19,,,,,
12113,0.00582885229960084,19,,,,,
12114,0.010833478532731533,19,,,,,
12115,0.00406200485303998,19,,,,,
12116,0.0014781057834625244,19,,,,,
12117,9.703243995318189e-05,19,,,,,
12118,9.293321454606485e-06,19,,,,,
12119,1.548775253468193e-05,19,,,,,
12120,1.3457445675157942e-05,19,,,,,
12121,0.01935758627951145,19,,,,,
12122,3.177871985826641e-05,19,,,,,
12123,2.013818630075548e-05,19,,,,,
12124,7.1358053901349194e-06,19,,,,,
12125,1.6557471099076793e-05,19,,,,,
12126,0.019624803215265274,19,,,,,
12127,4.043093213113025e-06,19,,,,,
12128,0.019192485138773918,19,,,,,
12129,7.085710967658088e-05,19,,,,,
12130,0.006457468029111624,19,,,,,
12131,0.0031665998976677656,19,,,,,
12132,3.35382173943799e-05,19,,,,,
12133,3.410720455576666e-05,19,,,,,
12134,9.204293746734038e-05,19,,,,,
12135,2.7507132472237572e-05,19,,,,,
12136,1.6534528413103544e-06,19,,,,,
12137,0.016260599717497826,19,,,,,
12138,0.003590070176869631,19,,,,,
12139,1.360781789117027e-05,19,,,,,
12140,0.016387738287448883,19,,,,,
12141,6.296080300671747e-06,19,,,,,
12142,0.0025277601089328527,19,,,,,
12143,0.004886297509074211,19,,,,,
12144,3.942441708204569e-06,19,,,,,
12145,0.020180748775601387,19,,,,,
12146,3.198807462467812e-06,19,,,,,
12147,0.0029595892410725355,19,,,,,
12148,0.01389549020677805,19,,,,,
12149,0.010490202344954014,19,,,,,
12150,0.004979401361197233,19,,,,,
12151,0.002146023092791438,19,,,,,
12152,0.01726161502301693,19,,,,,
12153,0.003502561477944255,19,,,,,
12154,0.025176146999001503,19,,,,,
12155,0.025044964626431465,19,,,,,
12156,2.0907042198814452e-05,19,,,,,
12157,3.600215677579399e-06,19,,,,,
12158,0.002614338416606188,19,,,,,
12159,0.017006978392601013,19,,,,,
12160,2.728142590058269e-06,19,,,,,
12161,0.018666066229343414,19,,,,,
12162,0.0037689651362597942,19,,,,,
12163,2.9873633593524573e-06,19,,,,,
12164,0.019986435770988464,19,,,,,
12165,0.012056341394782066,19,,,,,
12166,0.011592384427785873,19,,,,,
12167,1.6120799045893364e-05,19,,,,,
12168,0.037898410111665726,19,,,,,
12169,0.0029111092444509268,19,,,,,
12170,1.173771920548461e-06,19,,,,,
12171,0.00344836269505322,19,,,,,
12172,5.4809504945296794e-05,19,,,,,
12173,0.031227538362145424,19,,,,,
12174,6.440728611778468e-06,19,,,,,
12175,0.006240610498934984,19,,,,,
12176,4.527152213995578e-06,19,,,,,
12177,2.025333742494695e-06,19,,,,,
12178,0.002782181603834033,19,,,,,
12179,0.018779296427965164,19,,,,,
12180,0.00029043215909041464,19,,,,,
12181,3.195271347067319e-06,19,,,,,
12182,0.002940523438155651,19,,,,,
12183,0.0022865203209221363,19,,,,,
12184,0.041162777692079544,19,,,,,
12185,0.018641272559762,19,,,,,
12186,0.0030814942438155413,19,,,,,
12187,0.0029307687655091286,19,,,,,
12188,0.0028789378702640533,19,,,,,
12189,0.003830076428130269,19,,,,,
12190,0.0031106683891266584,19,,,,,
12191,0.007116533350199461,19,,,,,
12192,5.135472019901499e-05,19,,,,,
12193,0.002843809314072132,19,,,,,
12194,0.012792796827852726,19,,,,,
12195,0.0030307332053780556,19,,,,,
12196,0.0027312322054058313,19,,,,,
12197,0.003888028673827648,19,,,,,
12198,1.2041808759022388e-06,19,,,,,
12199,3.3052865546778776e-06,19,,,,,
12200,1.6073636288638227e-05,19,,,,,
12201,0.0021073059178888798,19,,,,,
12202,4.872899808106013e-06,19,,,,,
12203,1.2211918146931566e-05,19,,,,,
12204,3.2878915590117685e-06,19,,,,,
12205,0.003450165968388319,19,,,,,
12206,0.014182528480887413,19,,,,,
12207,0.0011776360915973783,19,,,,,
12208,6.931832103873603e-06,19,,,,,
12209,0.024158040061593056,19,,,,,
12210,0.003045693738386035,19,,,,,
12211,0.039224836975336075,19,,,,,
12212,5.312527264322853e-06,19,,,,,
12213,0.0026556430384516716,19,,,,,
12214,0.0028818107675760984,19,,,,,
12215,0.005514572840183973,19,,,,,
12216,0.027157500386238098,19,,,,,
12217,6.935802048246842e-06,19,,,,,
12218,4.074258868058678e-06,19,,,,,
12219,0.003994695842266083,19,,,,,
12220,0.005863810423761606,19,,,,,
12221,0.0025211756583303213,19,,,,,
12222,0.020341066643595695,19,,,,,
12223,0.00192081811837852,19,,,,,
12224,2.3710821551503614e-05,19,,,,,
12225,6.5138715399370994e-06,19,,,,,
12226,0.0017973438370972872,19,,,,,
12227,0.02517103962600231,19,,,,,
12228,1.3870901966583915e-05,19,,,,,
12229,7.200167146947933e-06,19,,,,,
12230,0.017446093261241913,19,,,,,
12231,3.5123102861689404e-05,19,,,,,
12232,6.427389598684385e-05,19,,,,,
12233,0.0030170229729264975,19,,,,,
12234,0.002248345408588648,19,,,,,
12235,0.01979486271739006,19,,,,,
12236,0.014747320674359798,19,,,,,
12237,0.024098439142107964,19,,,,,
12238,0.0022201070096343756,19,,,,,
12239,0.007363008800894022,19,,,,,
12240,0.0022700156550854445,19,,,,,
12241,0.0012016326654702425,19,,,,,
12242,0.0018019636627286673,19,,,,,
12243,6.3446925196331e-05,19,,,,,
12244,0.003022751770913601,19,,,,,
12245,0.01383114606142044,19,,,,,
12246,1.603327655175235e-05,19,,,,,
12247,8.752341273066122e-06,19,,,,,
12248,0.00019193986372556537,19,,,,,
12249,0.0007332257810048759,19,,,,,
12250,0.001830238034017384,19,,,,,
12251,1.7845843103714287e-05,19,,,,,
12252,0.02205442637205124,19,,,,,
12253,0.033405184745788574,19,,,,,
12254,0.0024005433078855276,19,,,,,
12255,9.555115866533015e-06,19,,,,,
12256,0.003726394847035408,19,,,,,
12257,1.0124139407707844e-05,19,,,,,
12258,0.016144564375281334,19,,,,,
12259,0.0038063039537519217,19,,,,,
12260,0.005632342770695686,19,,,,,
12261,1.5575049474136904e-05,19,,,,,
12262,0.005709113087505102,19,,,,,
12263,8.418319339398295e-06,19,,,,,
12264,5.58719102627947e-06,19,,,,,
12265,0.017960285767912865,19,,,,,
12266,0.018755614757537842,19,,,,,
12267,6.833533916505985e-06,19,,,,,
12268,0.0031239257659763098,19,,,,,
12269,7.0817695814184844e-06,19,,,,,
12270,7.689272933930624e-06,19,,,,,
12271,9.885697181744035e-06,19,,,,,
12272,6.185779784573242e-05,19,,,,,
12273,4.369694579509087e-06,19,,,,,
12274,0.041813209652900696,19,,,,,
12275,2.823200702550821e-06,19,,,,,
12276,4.24993368142168e-06,19,,,,,
12277,9.657483133196365e-06,19,,,,,
12278,1.1901103789568879e-05,19,,,,,
12279,8.812353371467907e-06,19,,,,,
12280,0.003267278429120779,19,,,,,
12281,0.01629779487848282,19,,,,,
12282,0.0035624566953629255,19,,,,,
12283,7.776434358675033e-06,19,,,,,
12284,1.320906540058786e-05,19,,,,,
12285,4.980251560482429e-06,19,,,,,
12286,0.003517639357596636,19,,,,,
12287,2.7343356123310514e-05,19,,,,,
12288,0.019415108487010002,19,,,,,
12289,7.156475021474762e-06,19,,,,,
12290,2.9495771741494536e-05,19,,,,,
12291,0.002096557756885886,19,,,,,
12292,1.2599729416251648e-05,19,,,,,
12293,6.9255138441803865e-06,19,,,,,
12294,0.004330152180045843,19,,,,,
12295,0.01920994557440281,19,,,,,
12296,0.005548254121094942,19,,,,,
12297,2.6622483346727677e-05,19,,,,,
12298,0.0035584759898483753,19,,,,,
12299,0.026209060102701187,19,,,,,
12300,0.0032532098703086376,19,,,,,
12301,2.9560428629338276e-06,19,,,,,
12302,4.120598896406591e-05,19,,,,,
12303,0.00257531157694757,19,,,,,
12304,0.029904469847679138,19,,,,,
12305,4.017231731268112e-06,19,,,,,
12306,0.04491973668336868,19,,,,,
12307,6.68334832880646e-05,19,,,,,
12308,0.01900455169379711,19,,,,,
12309,1.7464486518292688e-05,19,,,,,
12310,0.00019133799651172012,19,,,,,
12311,8.840077498462051e-06,19,,,,,
12312,0.0023344357032328844,19,,,,,
12313,5.687011253030505e-06,19,,,,,
12314,0.015231109224259853,19,,,,,
12315,0.002611390547826886,19,,,,,
12316,0.00937706883996725,19,,,,,
12317,0.0201910100877285,19,,,,,
12318,0.004106622189283371,19,,,,,
12319,0.0033948374912142754,19,,,,,
12320,4.608568360708887e-06,19,,,,,
12321,0.005923104472458363,19,,,,,
12322,0.0027856645174324512,19,,,,,
12323,0.015877291560173035,19,,,,,
12324,0.026381611824035645,19,,,,,
12325,0.01554116141051054,19,,,,,
12326,0.0022489360999315977,19,,,,,
12327,0.0021820145193487406,19,,,,,
12328,0.005354007240384817,19,,,,,
12329,4.5851061258872505e-06,19,,,,,
12330,0.0027831322513520718,19,,,,,
12331,0.001199504011310637,19,,,,,
12332,0.021282898262143135,19,,,,,
12333,0.0035830182023346424,19,,,,,
12334,4.600789543474093e-05,19,,,,,
12335,3.3292114949290408e-06,19,,,,,
12336,6.713592938467627e-06,19,,,,,
12337,0.0223950557410717,19,,,,,
12338,1.0284967174811754e-05,19,,,,,
12339,0.015835946425795555,19,,,,,
12340,0.005632711574435234,19,,,,,
12341,2.782446244964376e-05,19,,,,,
12342,0.0024078660644590855,19,,,,,
12343,0.0036326530389487743,19,,,,,
12344,0.0031242433469742537,19,,,,,
12345,4.768975031765876e-06,19,,,,,
12346,0.018448347225785255,19,,,,,
12347,2.415604285488371e-06,19,,,,,
12348,3.65026335202856e-06,19,,,,,
12349,3.504745473037474e-05,19,,,,,
12350,5.8285172599426005e-06,19,,,,,
12351,0.015357022173702717,19,,,,,
12352,0.0024551439564675093,19,,,,,
12353,0.027460157871246338,19,,,,,
12354,2.5698332137835678e-06,19,,,,,
12355,0.022125108167529106,19,,,,,
12356,6.595410468435148e-06,19,,,,,
12357,3.2275936518999515e-06,19,,,,,
12358,0.018920069560408592,19,,,,,
12359,0.02703138440847397,19,,,,,
12360,0.0017608129419386387,19,,,,,
12361,1.6117219274747185e-05,19,,,,,
12362,6.516656867461279e-06,19,,,,,
12363,6.987464530539e-06,19,,,,,
12364,1.0828768608917017e-05,19,,,,,
12365,0.028102371841669083,19,,,,,
12366,0.0030129316728562117,19,,,,,
12367,9.215537829732057e-06,19,,,,,
12368,0.02163257636129856,19,,,,,
12369,4.381830876809545e-05,19,,,,,
12370,0.01844804361462593,19,,,,,
12371,0.031310029327869415,19,,,,,
12372,0.0038704199250787497,19,,,,,
12373,0.002398097887635231,19,,,,,
12374,4.35251104136114e-06,19,,,,,
12375,5.906258593313396e-05,19,,,,,
12376,1.5815017832210287e-05,19,,,,,
12377,0.02147144079208374,19,,,,,
12378,0.01808989979326725,19,,,,,
12379,7.3267560765089e-06,19,,,,,
12380,0.022311745211482048,19,,,,,
12381,8.4915773186367e-06,19,,,,,
12382,0.002933637471869588,19,,,,,
12383,0.02699829451739788,19,,,,,
12384,0.00014106083835940808,19,,,,,
12385,7.564303359686164e-06,19,,,,,
12386,1.0770600965770427e-05,19,,,,,
12387,0.016418544575572014,19,,,,,
12388,0.00013975852925796062,19,,,,,
12389,0.0032336681615561247,19,,,,,
12390,0.003185244742780924,19,,,,,
12391,0.015602589584887028,19,,,,,
12392,8.04523460828932e-06,19,,,,,
12393,0.00726046459749341,19,,,,,
12394,0.0032631380017846823,19,,,,,
12395,4.854342114413157e-05,19,,,,,
12396,0.005872179754078388,19,,,,,
12397,0.004823541268706322,19,,,,,
12398,1.0827951882674824e-05,19,,,,,
12399,0.004825567360967398,19,,,,,
12400,1.314998712587112e-06,19,,,,,
12401,4.956466909789015e-06,19,,,,,
12402,0.007561883423477411,19,,,,,
12403,1.4475652278633788e-05,19,,,,,
12404,0.005077220033854246,19,,,,,
12405,2.1052906049590092e-06,19,,,,,
12406,0.0030831366311758757,19,,,,,
12407,0.01452082209289074,19,,,,,
12408,0.020323708653450012,19,,,,,
12409,3.605829760999768e-06,19,,,,,
12410,4.87826446260442e-06,19,,,,,
12411,0.002045563654974103,19,,,,,
12412,0.002679414115846157,19,,,,,
12413,7.043493951641722e-06,19,,,,,
12414,8.58777275425382e-06,19,,,,,
12415,0.011214472353458405,19,,,,,
12416,0.00011834067845484242,19,,,,,
12417,0.01602601632475853,19,,,,,
12418,1.1818473467428703e-05,19,,,,,
12419,1.5540408639935777e-05,19,,,,,
12420,0.014378074556589127,19,,,,,
12421,2.925128683273215e-06,19,,,,,
12422,0.0017883953405544162,19,,,,,
12423,3.459322215348948e-06,19,,,,,
12424,9.31099129957147e-05,19,,,,,
12425,0.003462932538241148,19,,,,,
12426,0.0006359272520057857,19,,,,,
12427,6.015946837578667e-06,19,,,,,
12428,0.0028576503973454237,19,,,,,
12429,1.815863470255863e-05,19,,,,,
12430,0.00885612890124321,19,,,,,
12431,0.00013947322440799326,19,,,,,
12432,0.01840568520128727,19,,,,,
12433,6.98537132848287e-06,19,,,,,
12434,0.019779330119490623,19,,,,,
12435,0.007229543291032314,19,,,,,
12436,0.007410318590700626,19,,,,,
12437,5.888007308385568e-06,19,,,,,
12438,0.0063756415620446205,19,,,,,
12439,7.511136209359393e-05,19,,,,,
12440,0.004409915301948786,19,,,,,
12441,0.003038293682038784,19,,,,,
12442,0.0008146499167196453,19,,,,,
12443,1.9733164663193747e-05,19,,,,,
12444,9.657307600718923e-06,19,,,,,
12445,6.866753392387182e-05,19,,,,,
12446,0.0012734439224004745,19,,,,,
12447,3.8047968700993806e-05,19,,,,,
12448,0.01446130033582449,19,,,,,
12449,0.026614466682076454,19,,,,,
12450,0.005394958425313234,19,,,,,
12451,2.0746143491123803e-05,19,,,,,
12452,1.1632602763711475e-05,19,,,,,
12453,0.0002174296387238428,19,,,,,
12454,0.003875621361657977,19,,,,,
12455,0.004420960787683725,19,,,,,
12456,0.001969728386029601,19,,,,,
12457,7.619902316946536e-05,19,,,,,
12458,4.723942038253881e-05,19,,,,,
12459,0.00010466187086421996,19,,,,,
12460,0.010628575459122658,19,,,,,
12461,0.0032597454264760017,19,,,,,
12462,0.0030579534359276295,19,,,,,
12463,3.048683538509067e-05,19,,,,,
12464,0.0024186428636312485,19,,,,,
12465,0.00024970827507786453,19,,,,,
12466,0.0005115715321153402,19,,,,,
12467,0.0024549502413719893,19,,,,,
12468,0.0016099695349112153,19,,,,,
12469,2.6413301384309307e-05,19,,,,,
12470,8.466801773465704e-06,19,,,,,
12471,1.1799421372415964e-05,19,,,,,
12472,5.247416629572399e-05,19,,,,,
12473,7.923867087811232e-05,19,,,,,
12474,7.315474249480758e-06,19,,,,,
12475,4.7546862333547324e-05,19,,,,,
12476,0.002319004386663437,19,,,,,
12477,5.328045517671853e-06,19,,,,,
12478,0.004287116229534149,19,,,,,
12479,2.6834302843781188e-05,19,,,,,
12480,1.9713663277798332e-05,19,,,,,
12481,8.783741577644832e-06,19,,,,,
12482,1.4989422197686508e-05,19,,,,,
12483,0.018332358449697495,19,,,,,
12484,1.2619500012078788e-05,19,,,,,
12485,0.01492926012724638,19,,,,,
12486,0.020392559468746185,19,,,,,
12487,0.00434341374784708,19,,,,,
12488,1.2423047337506432e-05,19,,,,,
12489,0.010743948630988598,19,,,,,
12490,0.015151847153902054,19,,,,,
12491,0.0017875568009912968,19,,,,,
12492,8.211916792788543e-06,19,,,,,
12493,3.7228687688184436e-06,19,,,,,
12494,1.0440408004797064e-05,19,,,,,
12495,0.001850436208769679,19,,,,,
12496,0.01801661029458046,19,,,,,
12497,5.4414507758338004e-05,19,,,,,
12498,2.5955769160646014e-06,19,,,,,
12499,2.298263461852912e-05,19,,,,,
12500,4.7701934818178415e-05,19,,,,,
12501,0.0030891653150320053,19,,,,,
12502,6.253787432797253e-06,19,,,,,
12503,0.00027780706295743585,19,,,,,
12504,1.835331568145193e-05,19,,,,,
12505,0.0026106592267751694,19,,,,,
12506,0.018696848303079605,19,,,,,
12507,0.004270793870091438,19,,,,,
12508,0.017670802772045135,19,,,,,
12509,2.2373319552571047e-06,19,,,,,
12510,0.0037106950767338276,19,,,,,
12511,0.00023418663477059454,19,,,,,
12512,0.00014079351967666298,19,,,,,
12513,5.6050885177683085e-06,19,,,,,
12514,1.1155335414514411e-05,19,,,,,
12515,0.002599467756226659,19,,,,,
12516,0.011400346644222736,19,,,,,
12517,0.020101673901081085,19,,,,,
12518,1.2826070815208368e-05,19,,,,,
12519,0.022350260987877846,19,,,,,
12520,0.008143995888531208,19,,,,,
12521,0.0027456781826913357,19,,,,,
12522,0.0029982358682900667,19,,,,,
12523,0.0034967404790222645,19,,,,,
12524,1.553772199258674e-05,19,,,,,
12525,0.011244232766330242,19,,,,,
12526,8.374612662009895e-06,19,,,,,
12527,1.7620855032873806e-06,19,,,,,
12528,1.2894456631329376e-06,19,,,,,
12529,0.0013314693933352828,19,,,,,
12530,9.491324817645364e-06,19,,,,,
12531,0.0041394964791834354,19,,,,,
12532,1.913417918331106e-06,19,,,,,
12533,0.0034973155707120895,19,,,,,
12534,0.0023904067929834127,19,,,,,
12535,3.815991476585623e-06,19,,,,,
12536,0.0018478356068953872,19,,,,,
12537,1.6249964573944453e-06,19,,,,,
12538,1.673414408287499e-05,19,,,,,
12539,2.8756194296875037e-06,19,,,,,
1501,,,0.016586748883128166,,,,
1502,,,0.0030368755105882883,,,,
1503,,,1.396983417834008e-08,,,,
1504,,,0.017608249559998512,,,,
1505,,,7.450580152834618e-09,,,,
1506,,,0.01193435862660408,,,,
1507,,,0.002810718957334757,,,,
1508,,,8.011375562944067e-09,,,,
1509,,,0.015981150791049004,,,,
1510,,,1.7345263003676337e-08,,,,
1511,,,1.1003929323294415e-08,,,,
1512,,,0.007142768707126379,,,,
1513,,,1.7384666151087913e-08,,,,
1514,,,0.0027520705480128527,,,,
1515,,,0.012798707000911236,,,,
1516,,,1.1309596814612632e-08,,,,
1517,,,0.003799979342147708,,,,
1518,,,0.002747415564954281,,,,
1519,,,1.2837920948527426e-08,,,,
1520,,,0.07086345553398132,,,,
1521,,,0.0029427248518913984,,,,
1522,,,1.7304568444842516e-08,,,,
1523,,,3.698541917174225e-08,,,,
1524,,,0.02478848397731781,,,,
1525,,,2.1090862389883114e-08,,,,
1526,,,0.0027077998965978622,,,,
1527,,,0.002968941116705537,,,,
1528,,,1.2837920060349006e-08,,,,
1529,,,1.135326233026035e-08,,,,
1530,,,1.387620862658423e-08,,,,
1531,,,0.0027459729462862015,,,,
1532,,,0.0018205506494268775,,,,
1533,,,1.0217890178410016e-07,,,,
1534,,,0.00735256215557456,,,,
1535,,,1.8606732155035388e-08,,,,
1536,,,1.2041338592894135e-08,,,,
1537,,,0.0018727394053712487,,,,
1538,,,0.08678638935089111,,,,
1539,,,1.3245474050904704e-08,,,,
1540,,,0.01154824998229742,,,,
1541,,,7.224802978100797e-09,,,,
1542,,,0.0155005669221282,,,,
1543,,,0.002631748327985406,,,,
1544,,,0.07270950078964233,,,,
1545,,,0.011305791325867176,,,,
1546,,,0.016413265839219093,,,,
1547,,,0.00282620033249259,,,,
1548,,,9.47554923413918e-08,,,,
1549,,,2.5636389011651772e-08,,,,
1550,,,0.025669241324067116,,,,
1551,,,6.705485589009186e-08,,,,
1552,,,0.003282529767602682,,,,
1553,,,1.2818200723074824e-08,,,,
1554,,,0.00305979885160923,,,,
1555,,,1.986820308275128e-08,,,,
1556,,,0.0491216704249382,,,,
1557,,,0.002945548389106989,,,,
1558,,,1.956254358503884e-08,,,,
1559,,,0.005124364048242569,,,,
1560,,,0.013237201608717442,,,,
1561,,,0.004434243310242891,,,,
1562,,,1.2177290287240794e-08,,,,
1563,,,1.009178607347394e-08,,,,
1564,,,0.020845182240009308,,,,
1565,,,0.002496560337021947,,,,
1566,,,0.002581546315923333,,,,
1567,,,1.583247133396526e-08,,,,
1568,,,0.028192896395921707,,,,
1569,,,6.523890316856296e-09,,,,
1570,,,3.05664613620138e-08,,,,
1571,,,1.0422668061949025e-08,,,,
1572,,,0.002999152522534132,,,,
1573,,,0.02062142640352249,,,,
1574,,,0.06029531732201576,,,,
1575,,,0.028075331822037697,,,,
1576,,,0.30676907300949097,,,,
1577,,,8.248270688682169e-08,,,,
1578,,,2.110994756776563e-08,,,,
1579,,,5.2981903309046174e-09,,,,
12539,,19,,0.012967868708074093,,,
12539,,19,,,0.9382911324501038,0.005466973874717951,0.9905063509941101
12540,8.324283953697886e-06,20,,,,,
12541,7.919167728687171e-06,20,,,,,
12542,0.017183439806103706,20,,,,,
12543,0.012777559459209442,20,,,,,
12544,0.018414726480841637,20,,,,,
12545,0.01691940240561962,20,,,,,
12546,0.00238244840875268,20,,,,,
12547,0.0032893784809857607,20,,,,,
12548,0.0025773586239665747,20,,,,,
12549,1.0162258149648551e-05,20,,,,,
12550,4.012736098957248e-06,20,,,,,
12551,8.338140560226748e-07,20,,,,,
12552,2.3217608031700365e-06,20,,,,,
12553,0.023610565811395645,20,,,,,
12554,8.556644024793059e-05,20,,,,,
12555,0.0023753507994115353,20,,,,,
12556,2.4207213300542207e-06,20,,,,,
12557,0.02695578895509243,20,,,,,
12558,0.01384853944182396,20,,,,,
12559,2.8841445782745723e-06,20,,,,,
12560,0.011973864398896694,20,,,,,
12561,0.003104220610111952,20,,,,,
12562,6.515476798085729e-06,20,,,,,
12563,0.012057227082550526,20,,,,,
12564,0.020058417692780495,20,,,,,
12565,0.006254615727812052,20,,,,,
12566,0.01987801119685173,20,,,,,
12567,1.5387864550575614e-05,20,,,,,
12568,2.490637371010962e-06,20,,,,,
12569,2.1592563825834077e-06,20,,,,,
12570,0.003902990370988846,20,,,,,
12571,9.476428203925025e-06,20,,,,,
12572,0.02425341121852398,20,,,,,
12573,0.0034785934258252382,20,,,,,
12574,0.00019343802705407143,20,,,,,
12575,0.003072218270972371,20,,,,,
12576,0.0023672187235206366,20,,,,,
12577,1.3172976878195186e-06,20,,,,,
12578,1.0838610251084901e-05,20,,,,,
12579,8.314663864439353e-05,20,,,,,
12580,1.7108870451920666e-05,20,,,,,
12581,9.840391612669919e-06,20,,,,,
12582,0.003004945581778884,20,,,,,
12583,0.0002724972437135875,20,,,,,
12584,0.003291911445558071,20,,,,,
12585,0.0023009541910141706,20,,,,,
12586,0.022748665884137154,20,,,,,
12587,0.0025064009241759777,20,,,,,
12588,0.005453561898320913,20,,,,,
12589,0.008094937540590763,20,,,,,
12590,8.283424222099711e-07,20,,,,,
12591,0.0328705832362175,20,,,,,
12592,0.016427861526608467,20,,,,,
12593,0.005718821659684181,20,,,,,
12594,0.011777891777455807,20,,,,,
12595,0.012553704902529716,20,,,,,
12596,0.0016243199352174997,20,,,,,
12597,0.007716471329331398,20,,,,,
12598,3.0493871236103587e-05,20,,,,,
12599,3.67870620721078e-06,20,,,,,
12600,0.0030794816557317972,20,,,,,
12601,2.480285729689058e-06,20,,,,,
12602,0.016582295298576355,20,,,,,
12603,8.63363948155893e-06,20,,,,,
12604,1.0230631232843734e-05,20,,,,,
12605,9.669681276136544e-06,20,,,,,
12606,1.3052519534539897e-05,20,,,,,
12607,7.120077953004511e-06,20,,,,,
12608,0.013097108341753483,20,,,,,
12609,7.706474571023136e-05,20,,,,,
12610,0.004108999855816364,20,,,,,
12611,0.016652528196573257,20,,,,,
12612,0.0038803161587566137,20,,,,,
12613,4.7287207962654065e-06,20,,,,,
12614,4.35608671978116e-06,20,,,,,
12615,2.029686038440559e-05,20,,,,,
12616,0.005871188826858997,20,,,,,
12617,0.0028357417322695255,20,,,,,
12618,4.18021318182582e-06,20,,,,,
12619,8.775226888246834e-06,20,,,,,
12620,1.090871251108183e-06,20,,,,,
12621,0.012656922452151775,20,,,,,
12622,4.395369160192786e-06,20,,,,,
12623,0.009658318012952805,20,,,,,
12624,0.0024154307320713997,20,,,,,
12625,0.002643792424350977,20,,,,,
12626,1.6659316315781325e-05,20,,,,,
12627,8.007618816918693e-06,20,,,,,
12628,1.637959826439328e-06,20,,,,,
12629,0.003181158797815442,20,,,,,
12630,1.7524114355182974e-06,20,,,,,
12631,7.529303275077837e-06,20,,,,,
12632,0.0011341290082782507,20,,,,,
12633,5.873879217688227e-06,20,,,,,
12634,0.013624180108308792,20,,,,,
12635,8.665015047881752e-05,20,,,,,
12636,0.0033348510041832924,20,,,,,
12637,8.049521511566127e-07,20,,,,,
12638,2.7458133899926906e-06,20,,,,,
12639,0.0062244427390396595,20,,,,,
12640,1.0460738849360496e-05,20,,,,,
12641,8.422123937634751e-05,20,,,,,
12642,8.374413300771266e-05,20,,,,,
12643,0.002445459831506014,20,,,,,
12644,0.020311402156949043,20,,,,,
12645,0.00018008079496212304,20,,,,,
12646,0.006001180503517389,20,,,,,
12647,2.909561089836643e-06,20,,,,,
12648,0.0025115322787314653,20,,,,,
12649,0.0048992205411195755,20,,,,,
12650,0.01536114327609539,20,,,,,
12651,0.002601587912067771,20,,,,,
12652,1.2032237464154605e-06,20,,,,,
12653,0.020394453778862953,20,,,,,
12654,8.207153769035358e-06,20,,,,,
12655,7.803420771779201e-07,20,,,,,
12656,4.046160881898686e-07,20,,,,,
12657,0.018089260905981064,20,,,,,
12658,0.0018582126358523965,20,,,,,
12659,2.6466066174180014e-06,20,,,,,
12660,7.639328941877466e-06,20,,,,,
12661,3.89655497201602e-06,20,,,,,
12662,0.0017364297527819872,20,,,,,
12663,0.00018555152928456664,20,,,,,
12664,6.008469881635392e-07,20,,,,,
12665,2.244802772111143e-06,20,,,,,
12666,3.1138945359998615e-06,20,,,,,
12667,1.2107296925023547e-06,20,,,,,
12668,4.113710019737482e-05,20,,,,,
12669,0.0014939095126464963,20,,,,,
12670,0.003893741173669696,20,,,,,
12671,2.2191028619999997e-05,20,,,,,
12672,0.0073288921266794205,20,,,,,
12673,4.753307166538434e-06,20,,,,,
12674,2.7602166028373176e-06,20,,,,,
12675,3.5830917113344185e-06,20,,,,,
12676,1.1655708931357367e-06,20,,,,,
12677,8.221459211199544e-07,20,,,,,
12678,3.5071502679784317e-06,20,,,,,
12679,4.213156898913439e-06,20,,,,,
12680,4.168611849308945e-05,20,,,,,
12681,0.00484934588894248,20,,,,,
12682,0.0015821288106963038,20,,,,,
12683,0.004801029805094004,20,,,,,
12684,0.001230493769980967,20,,,,,
12685,0.0009748678421601653,20,,,,,
12686,0.00328495423309505,20,,,,,
12687,0.02951052039861679,20,,,,,
12688,0.008551472797989845,20,,,,,
12689,0.0034647725988179445,20,,,,,
12690,0.015565436333417892,20,,,,,
12691,0.015067867934703827,20,,,,,
12692,0.0228511281311512,20,,,,,
12693,1.7657972648521536e-06,20,,,,,
12694,3.0512444482155843e-06,20,,,,,
12695,0.004374856129288673,20,,,,,
12696,1.6333238818333484e-05,20,,,,,
12697,0.00171465624589473,20,,,,,
12698,0.00022088887635618448,20,,,,,
12699,3.277600626461208e-05,20,,,,,
12700,5.0454342272132635e-05,20,,,,,
12701,0.018918605521321297,20,,,,,
12702,2.3314181817113422e-05,20,,,,,
12703,7.324219768634066e-05,20,,,,,
12704,0.018348390236496925,20,,,,,
12705,1.2947759842063533e-06,20,,,,,
12706,2.5969928174163215e-05,20,,,,,
12707,0.0022662070114165545,20,,,,,
12708,9.287433385907207e-06,20,,,,,
12709,0.003718823427334428,20,,,,,
12710,0.000128035360830836,20,,,,,
12711,1.1413293577788863e-05,20,,,,,
12712,0.003923923708498478,20,,,,,
12713,0.004661612678319216,20,,,,,
12714,5.226456778473221e-06,20,,,,,
12715,0.0030575988348573446,20,,,,,
12716,0.02514023147523403,20,,,,,
12717,0.0022050582338124514,20,,,,,
12718,1.0479543561814353e-05,20,,,,,
12719,2.0165178284514695e-05,20,,,,,
12720,0.024866493418812752,20,,,,,
12721,0.012696095742285252,20,,,,,
12722,2.679620365597657e-06,20,,,,,
12723,0.03218982741236687,20,,,,,
12724,2.0741990738315508e-05,20,,,,,
12725,0.012142899446189404,20,,,,,
12726,1.7812011492424062e-06,20,,,,,
12727,0.0001662565191509202,20,,,,,
12728,8.592116387262649e-07,20,,,,,
12729,1.8620747823661077e-06,20,,,,,
12730,0.006467715837061405,20,,,,,
12731,2.1107350676174974e-06,20,,,,,
12732,0.01495109498500824,20,,,,,
12733,1.918593852678896e-06,20,,,,,
12734,1.5338422372224159e-06,20,,,,,
12735,0.0004716650291811675,20,,,,,
12736,1.7318783420705586e-06,20,,,,,
12737,2.2989916033111513e-06,20,,,,,
12738,0.0029197351541370153,20,,,,,
12739,0.02152828685939312,20,,,,,
12740,1.0737509001046419e-05,20,,,,,
12741,0.00544618209823966,20,,,,,
12742,0.013128806836903095,20,,,,,
12743,0.008990239351987839,20,,,,,
12744,0.010871113277971745,20,,,,,
12745,0.008667943999171257,20,,,,,
12746,7.982544957485516e-06,20,,,,,
12747,0.001852434710599482,20,,,,,
12748,0.0035026269033551216,20,,,,,
12749,6.447568466683151e-06,20,,,,,
12750,0.025216568261384964,20,,,,,
12751,0.014059874229133129,20,,,,,
12752,0.01188286580145359,20,,,,,
12753,0.0006060400046408176,20,,,,,
12754,0.0182223878800869,20,,,,,
12755,6.7844143813999835e-06,20,,,,,
12756,0.0022650985047221184,20,,,,,
12757,4.864259153691819e-06,20,,,,,
12758,1.7671434761723503e-05,20,,,,,
12759,0.025591008365154266,20,,,,,
12760,2.7173864509677514e-06,20,,,,,
12761,0.00259013962931931,20,,,,,
12762,2.3521652110503055e-06,20,,,,,
12763,0.010341056622564793,20,,,,,
12764,1.0392617696197703e-05,20,,,,,
12765,0.005559877026826143,20,,,,,
12766,2.4209639377659187e-06,20,,,,,
12767,0.019941160455346107,20,,,,,
12768,2.999828438987606e-06,20,,,,,
12769,1.630074439162854e-05,20,,,,,
12770,3.2254622510663467e-06,20,,,,,
12771,4.154043381277006e-06,20,,,,,
12772,2.657482809809153e-06,20,,,,,
12773,7.708585326327011e-05,20,,,,,
12774,0.021024074405431747,20,,,,,
12775,0.01827988773584366,20,,,,,
12776,0.0034349134657531977,20,,,,,
12777,0.0005305637023411691,20,,,,,
12778,0.0040878839790821075,20,,,,,
12779,0.015829285606741905,20,,,,,
12780,2.8391812520567328e-05,20,,,,,
12781,0.0031211560126394033,20,,,,,
12782,0.0036488762125372887,20,,,,,
12783,1.6096388208097778e-05,20,,,,,
12784,7.506567635573447e-05,20,,,,,
12785,0.00011263821215834469,20,,,,,
12786,1.8892531443270855e-05,20,,,,,
12787,0.002413165057078004,20,,,,,
12788,0.004264268558472395,20,,,,,
12789,0.0033467768225818872,20,,,,,
12790,0.0001097097629099153,20,,,,,
12791,0.009390340186655521,20,,,,,
12792,2.3861604859121144e-05,20,,,,,
12793,0.012395632453262806,20,,,,,
12794,0.01782187819480896,20,,,,,
12795,0.005932413972914219,20,,,,,
12796,0.002283599693328142,20,,,,,
12797,0.005559097975492477,20,,,,,
12798,4.2273211874999106e-05,20,,,,,
12799,9.516996215097606e-06,20,,,,,
12800,1.2234246241860092e-05,20,,,,,
12801,2.0849085558438674e-05,20,,,,,
12802,0.009877978824079037,20,,,,,
12803,4.91137279823306e-06,20,,,,,
12804,0.0032281866297125816,20,,,,,
12805,0.013067109510302544,20,,,,,
12806,0.008126402273774147,20,,,,,
12807,0.010714187286794186,20,,,,,
12808,0.0065047405660152435,20,,,,,
12809,0.017183521762490273,20,,,,,
12810,2.4513483367627487e-06,20,,,,,
12811,0.0021271202713251114,20,,,,,
12812,0.0032458219211548567,20,,,,,
12813,0.00240877503529191,20,,,,,
12814,5.562460501096211e-06,20,,,,,
12815,1.366942001368443e-06,20,,,,,
12816,7.5327402555558365e-06,20,,,,,
12817,0.016063978895545006,20,,,,,
12818,1.6779162251623347e-05,20,,,,,
12819,4.015107697341591e-05,20,,,,,
12820,1.3292852827362367e-06,20,,,,,
12821,1.378375236527063e-05,20,,,,,
12822,1.0201144505117554e-05,20,,,,,
12823,0.0032544753048568964,20,,,,,
12824,1.0500679309188854e-05,20,,,,,
12825,0.002182766329497099,20,,,,,
12826,0.012256181798875332,20,,,,,
12827,3.3833553061413113e-06,20,,,,,
12828,0.003916860092431307,20,,,,,
12829,8.407161658396944e-06,20,,,,,
12830,0.015302781015634537,20,,,,,
12831,2.0903144104522653e-06,20,,,,,
12832,3.09779102281027e-06,20,,,,,
12833,0.005986712872982025,20,,,,,
12834,2.61984587268671e-06,20,,,,,
12835,0.010226638987660408,20,,,,,
12836,0.01466267928481102,20,,,,,
12837,0.013213135302066803,20,,,,,
12838,1.0063817171612754e-05,20,,,,,
12839,0.011720946989953518,20,,,,,
12840,1.6118337953230366e-05,20,,,,,
12841,0.002664654515683651,20,,,,,
12842,1.3907355196352e-06,20,,,,,
12843,0.0029070836026221514,20,,,,,
12844,0.017042251303792,20,,,,,
12845,0.013594299554824829,20,,,,,
12846,0.014270461164414883,20,,,,,
12847,0.0029014397878199816,20,,,,,
12848,0.011029620654881,20,,,,,
12849,7.885039849497844e-06,20,,,,,
12850,7.530561560997739e-07,20,,,,,
12851,1.6269267462121206e-06,20,,,,,
12852,0.013085877522826195,20,,,,,
12853,0.003464575856924057,20,,,,,
12854,3.9985516195883974e-06,20,,,,,
12855,3.0970406896813074e-06,20,,,,,
12856,0.01871509850025177,20,,,,,
12857,7.742244179098634e-07,20,,,,,
12858,0.0016638264060020447,20,,,,,
12859,0.0005912804044783115,20,,,,,
12860,1.2724311773126828e-06,20,,,,,
12861,0.004519665148109198,20,,,,,
12862,3.926853423763532e-06,20,,,,,
12863,6.208567810972454e-07,20,,,,,
12864,0.006148094777017832,20,,,,,
12865,0.00018553537665866315,20,,,,,
12866,0.00042612350080162287,20,,,,,
12867,0.015553664416074753,20,,,,,
12868,6.181508638292144e-07,20,,,,,
12869,0.0023052392061799765,20,,,,,
12870,0.00023256390704773366,20,,,,,
12871,0.0033226306550204754,20,,,,,
12872,4.377126515464624e-06,20,,,,,
12873,0.003095969557762146,20,,,,,
12874,6.5937974795815535e-06,20,,,,,
12875,7.640400326636154e-06,20,,,,,
12876,0.022343572229146957,20,,,,,
12877,0.01767876371741295,20,,,,,
12878,0.002924925647675991,20,,,,,
12879,0.004654712043702602,20,,,,,
12880,4.593503945216071e-06,20,,,,,
12881,0.02582298032939434,20,,,,,
12882,0.00028296050732024014,20,,,,,
12883,0.02711350843310356,20,,,,,
12884,0.003665471915155649,20,,,,,
12885,0.032401781529188156,20,,,,,
12886,0.0028709478210657835,20,,,,,
12887,2.2684344003209844e-06,20,,,,,
12888,0.0030352806206792593,20,,,,,
12889,0.0036899554543197155,20,,,,,
12890,0.00877675972878933,20,,,,,
12891,0.009324521757662296,20,,,,,
12892,0.004310735035687685,20,,,,,
12893,0.0029616861138492823,20,,,,,
12894,0.0032283635810017586,20,,,,,
12895,1.802328483790916e-06,20,,,,,
12896,0.011246751993894577,20,,,,,
12897,0.00018117178115062416,20,,,,,
12898,1.2272420235603931e-06,20,,,,,
12899,7.478846237063408e-05,20,,,,,
12900,1.3882827261113562e-06,20,,,,,
12901,0.017855124548077583,20,,,,,
12902,2.585782203823328e-05,20,,,,,
12903,0.018975187093019485,20,,,,,
12904,0.012729190289974213,20,,,,,
12905,9.231892909156159e-05,20,,,,,
12906,0.02107405662536621,20,,,,,
12907,1.1420208466006443e-05,20,,,,,
12908,0.0032125578727573156,20,,,,,
12909,0.016418801620602608,20,,,,,
12910,2.038282764260657e-05,20,,,,,
12911,0.019633080810308456,20,,,,,
12912,0.00791656132787466,20,,,,,
12913,1.9967064872616902e-05,20,,,,,
12914,0.002680823439732194,20,,,,,
12915,0.002918463433161378,20,,,,,
12916,1.301970996792079e-06,20,,,,,
12917,0.0033069965429604053,20,,,,,
12918,8.940572115534451e-06,20,,,,,
12919,6.6018924371746834e-06,20,,,,,
12920,0.0037138615734875202,20,,,,,
12921,0.0030129754450172186,20,,,,,
12922,1.333093587163603e-05,20,,,,,
12923,0.003516910830512643,20,,,,,
12924,0.0002771747240331024,20,,,,,
12925,0.002499357331544161,20,,,,,
12926,0.0027658496983349323,20,,,,,
12927,0.004594244994223118,20,,,,,
12928,0.0026757526211440563,20,,,,,
12929,0.003093339968472719,20,,,,,
12930,0.0032978432718664408,20,,,,,
12931,0.034571364521980286,20,,,,,
12932,2.0499508082139073e-06,20,,,,,
12933,0.0053797876462340355,20,,,,,
12934,0.005317137576639652,20,,,,,
12935,2.5423892111575697e-06,20,,,,,
12936,0.0034547129180282354,20,,,,,
12937,0.004296435508877039,20,,,,,
12938,5.801539828098612e-06,20,,,,,
12939,0.0019543699454516172,20,,,,,
12940,0.018295079469680786,20,,,,,
12941,0.00275275856256485,20,,,,,
12942,1.719522174425947e-06,20,,,,,
12943,0.007917692884802818,20,,,,,
12944,1.55313409777591e-05,20,,,,,
12945,8.90898172656307e-06,20,,,,,
12946,6.476894895968144e-07,20,,,,,
12947,0.017605194821953773,20,,,,,
12948,0.013554536737501621,20,,,,,
12949,0.01638173684477806,20,,,,,
12950,2.0817860786337405e-06,20,,,,,
12951,0.018768681213259697,20,,,,,
12952,0.022061947733163834,20,,,,,
12953,0.016791606321930885,20,,,,,
12954,0.01309315674006939,20,,,,,
12955,4.312237251724582e-06,20,,,,,
12956,5.326039627107093e-06,20,,,,,
12957,0.006798209622502327,20,,,,,
12958,1.7798615772335324e-06,20,,,,,
12959,1.077727915799187e-06,20,,,,,
12960,0.021964620798826218,20,,,,,
12961,0.015887072309851646,20,,,,,
12962,1.2290130371184205e-06,20,,,,,
12963,0.0033426103182137012,20,,,,,
12964,5.306584353093058e-05,20,,,,,
12965,2.137847332051024e-06,20,,,,,
12966,0.002423353958874941,20,,,,,
12967,0.014588145539164543,20,,,,,
12968,0.002650839276611805,20,,,,,
12969,3.0680121199111454e-06,20,,,,,
12970,1.4667583627669956e-06,20,,,,,
12971,0.003278687596321106,20,,,,,
12972,0.03870329633355141,20,,,,,
12973,0.002328772796317935,20,,,,,
12974,0.0035500985104590654,20,,,,,
12975,4.530716068984475e-06,20,,,,,
12976,2.1024081888754154e-06,20,,,,,
12977,0.006157032214105129,20,,,,,
12978,0.014855057001113892,20,,,,,
12979,2.8123677111580037e-05,20,,,,,
12980,3.4154179502365878e-06,20,,,,,
12981,0.0027038862463086843,20,,,,,
12982,0.003052470274269581,20,,,,,
12983,1.2614397064680816e-06,20,,,,,
12984,0.002042757347226143,20,,,,,
12985,2.048039277724456e-05,20,,,,,
12986,0.005173923447728157,20,,,,,
12987,4.29622059527901e-06,20,,,,,
12988,0.006194000132381916,20,,,,,
12989,0.007136474829167128,20,,,,,
12990,1.8705943602981279e-06,20,,,,,
12991,0.0025471169501543045,20,,,,,
12992,0.0031913097482174635,20,,,,,
12993,6.984242190810619e-06,20,,,,,
12994,0.02278902940452099,20,,,,,
12995,8.064631401794031e-06,20,,,,,
12996,0.00022287730826064944,20,,,,,
12997,0.0018543413607403636,20,,,,,
12998,0.023357348516583443,20,,,,,
12999,1.6076344763860106e-05,20,,,,,
13000,0.004688291344791651,20,,,,,
13001,1.708270474409801e-06,20,,,,,
13002,0.009244430810213089,20,,,,,
13003,9.358190254715737e-06,20,,,,,
13004,2.614042841742048e-06,20,,,,,
13005,0.0001864320074673742,20,,,,,
13006,0.017732681706547737,20,,,,,
13007,2.5360441213706508e-05,20,,,,,
13008,0.051359228789806366,20,,,,,
13009,0.0017353481380268931,20,,,,,
13010,0.006868265103548765,20,,,,,
13011,0.0036240220069885254,20,,,,,
13012,0.002548578893765807,20,,,,,
13013,0.0020706350915133953,20,,,,,
13014,0.001763395150192082,20,,,,,
13015,0.014809166081249714,20,,,,,
13016,0.005737463477998972,20,,,,,
13017,0.0032184896990656853,20,,,,,
13018,1.6476420569233596e-05,20,,,,,
13019,3.376508175279014e-06,20,,,,,
13020,0.004295064136385918,20,,,,,
13021,3.269982335041277e-05,20,,,,,
13022,0.015993470326066017,20,,,,,
13023,4.8143239837372676e-05,20,,,,,
13024,2.0822739315917715e-05,20,,,,,
13025,4.447122773854062e-05,20,,,,,
13026,0.00269940122961998,20,,,,,
13027,1.954925392055884e-05,20,,,,,
13028,0.005476657301187515,20,,,,,
13029,4.265558163751848e-05,20,,,,,
13030,6.734671478625387e-05,20,,,,,
13031,0.0025397436693310738,20,,,,,
13032,3.3484218874946237e-05,20,,,,,
13033,0.001905004377476871,20,,,,,
13034,1.3995862900628708e-05,20,,,,,
13035,7.361483312706696e-06,20,,,,,
13036,0.0031954015139490366,20,,,,,
13037,1.1110451850981917e-05,20,,,,,
13038,0.02302842028439045,20,,,,,
13039,1.5390172848128714e-05,20,,,,,
13040,0.042305950075387955,20,,,,,
13041,1.7378393749822862e-05,20,,,,,
13042,0.020938249304890633,20,,,,,
13043,0.00010841940093087032,20,,,,,
13044,0.0042886571027338505,20,,,,,
13045,1.3008196219743695e-05,20,,,,,
13046,1.203002375405049e-05,20,,,,,
13047,0.013134745880961418,20,,,,,
13048,0.005057701375335455,20,,,,,
13049,0.0007869793917052448,20,,,,,
13050,0.0031268687453120947,20,,,,,
13051,1.1186455594724976e-05,20,,,,,
13052,0.0001560691889608279,20,,,,,
13053,0.01530222687870264,20,,,,,
13054,0.0012764803832396865,20,,,,,
13055,9.182449866784737e-05,20,,,,,
13056,6.124331412138417e-05,20,,,,,
13057,7.830801223462913e-06,20,,,,,
13058,0.030101386830210686,20,,,,,
13059,0.0027553762774914503,20,,,,,
13060,3.5600921819423093e-06,20,,,,,
13061,5.705127023247769e-06,20,,,,,
13062,0.0264626145362854,20,,,,,
13063,0.0026316633448004723,20,,,,,
13064,0.0032830971758812666,20,,,,,
13065,0.0014761548954993486,20,,,,,
13066,2.1062247469672002e-05,20,,,,,
13067,4.57319947599899e-06,20,,,,,
13068,0.0055555314756929874,20,,,,,
13069,1.4487786756944843e-05,20,,,,,
13070,0.004666144493967295,20,,,,,
13071,3.967706106777769e-06,20,,,,,
13072,1.0113097232533619e-05,20,,,,,
13073,0.0022703970316797495,20,,,,,
13074,7.396236469503492e-06,20,,,,,
13075,0.00045364664401859045,20,,,,,
13076,4.22188850279781e-06,20,,,,,
13077,0.00015682197408750653,20,,,,,
13078,0.004771797452121973,20,,,,,
13079,0.001556112663820386,20,,,,,
13080,0.005612844135612249,20,,,,,
13081,0.02349754236638546,20,,,,,
13082,0.0033526502083986998,20,,,,,
13083,0.003600959898903966,20,,,,,
13084,0.019570734351873398,20,,,,,
13085,5.339714789442951e-06,20,,,,,
13086,6.076309546187986e-06,20,,,,,
13087,9.990779290092178e-06,20,,,,,
13088,0.016235370188951492,20,,,,,
13089,1.4916703548806254e-05,20,,,,,
13090,0.02002860978245735,20,,,,,
13091,0.004361339844763279,20,,,,,
13092,2.8601202757272404e-06,20,,,,,
13093,1.0968286915158387e-05,20,,,,,
13094,0.0005803971434943378,20,,,,,
13095,0.005083932541310787,20,,,,,
13096,0.018319515511393547,20,,,,,
13097,0.01141353789716959,20,,,,,
13098,1.8673301383387297e-05,20,,,,,
13099,0.001824225764721632,20,,,,,
13100,6.323435809463263e-05,20,,,,,
13101,0.00316253281198442,20,,,,,
13102,0.016109859570860863,20,,,,,
13103,0.02131408452987671,20,,,,,
13104,0.0029109434690326452,20,,,,,
13105,0.003345079952850938,20,,,,,
13106,0.0026162113063037395,20,,,,,
13107,0.009371071122586727,20,,,,,
13108,4.949578851665137e-06,20,,,,,
13109,0.002467077225446701,20,,,,,
13110,2.211974060628563e-05,20,,,,,
13111,0.024040402844548225,20,,,,,
13112,0.00019357935525476933,20,,,,,
13113,9.179588232655078e-06,20,,,,,
13114,0.0016927749384194613,20,,,,,
13115,0.02781323529779911,20,,,,,
13116,1.0954158824461047e-05,20,,,,,
13117,0.00853116624057293,20,,,,,
13118,0.0032957023940980434,20,,,,,
13119,0.0032134854700416327,20,,,,,
13120,0.010070917196571827,20,,,,,
13121,0.020837340503931046,20,,,,,
13122,0.035080231726169586,20,,,,,
13123,0.0070649669505655766,20,,,,,
13124,0.00646634167060256,20,,,,,
13125,0.006238128989934921,20,,,,,
13126,0.004218205343931913,20,,,,,
13127,0.007018424570560455,20,,,,,
13128,0.014261399395763874,20,,,,,
13129,4.741618613479659e-05,20,,,,,
13130,0.002355660544708371,20,,,,,
13131,0.002614784985780716,20,,,,,
13132,0.005153663456439972,20,,,,,
13133,7.064860983518884e-05,20,,,,,
13134,0.00030338086071424186,20,,,,,
13135,0.0031575383618474007,20,,,,,
13136,6.2844628700986505e-06,20,,,,,
13137,0.0167704951018095,20,,,,,
13138,7.98855398898013e-06,20,,,,,
13139,1.205417083838256e-05,20,,,,,
13140,7.256257958943024e-06,20,,,,,
13141,0.002549640601500869,20,,,,,
13142,0.0002603297180030495,20,,,,,
13143,1.1180757610418368e-05,20,,,,,
13144,0.032625988125801086,20,,,,,
13145,0.0003009935899171978,20,,,,,
13146,1.221635193360271e-05,20,,,,,
13147,3.888616902258946e-06,20,,,,,
13148,0.002706179628148675,20,,,,,
13149,0.0035474016331136227,20,,,,,
13150,0.002222731476649642,20,,,,,
13151,0.034348033368587494,20,,,,,
13152,1.0930335747616482e-06,20,,,,,
13153,3.3752296531019965e-06,20,,,,,
13154,0.006957169622182846,20,,,,,
13155,0.00886112917214632,20,,,,,
13156,8.875359185367415e-07,20,,,,,
13157,0.011802393943071365,20,,,,,
13158,0.0015390493208542466,20,,,,,
13159,3.477322024991736e-06,20,,,,,
13160,9.590412810212001e-05,20,,,,,
13161,2.526342541386839e-05,20,,,,,
13162,4.4087319110985845e-06,20,,,,,
13163,4.264249128027586e-06,20,,,,,
13164,1.5524914260822698e-06,20,,,,,
13165,2.6119587346329354e-06,20,,,,,
13166,0.07000332325696945,20,,,,,
1580,,,0.017046205699443817,,,,
1581,,,0.0031309942714869976,,,,
1582,,,2.3593484499428996e-08,,,,
1583,,,0.02017884887754917,,,,
1584,,,6.208814795627404e-09,,,,
1585,,,0.013594555668532848,,,,
1586,,,0.002443791599944234,,,,
1587,,,5.1272808221369814e-09,,,,
1588,,,0.014730227179825306,,,,
1589,,,1.3245471386369445e-08,,,,
1590,,,1.3143577781704607e-08,,,,
1591,,,0.00589173287153244,,,,
1592,,,4.967052991133869e-09,,,,
1593,,,0.0020349230617284775,,,,
1594,,,0.015572198666632175,,,,
1595,,,1.0392602334263756e-08,,,,
1596,,,0.003621453419327736,,,,
1597,,,0.002299694577232003,,,,
1598,,,1.3143581334418286e-08,,,,
1599,,,0.0951421707868576,,,,
1600,,,0.0030040815472602844,,,,
1601,,,1.7945462005286572e-08,,,,
1602,,,1.1553916579032375e-07,,,,
1603,,,0.025925658643245697,,,,
1604,,,1.0392602334263756e-08,,,,
1605,,,0.0022313795052468777,,,,
1606,,,0.0028303018771111965,,,,
1607,,,1.0698263608333036e-08,,,,
1608,,,4.4151584610574446e-09,,,,
1609,,,4.099789840950052e-09,,,,
1610,,,0.0022890605032444,,,,
1611,,,0.0011487910524010658,,,,
1612,,,1.9237454296217038e-08,,,,
1613,,,0.006052803713828325,,,,
1614,,,1.356083156878185e-08,,,,
1615,,,1.0837195141277789e-08,,,,
1616,,,0.0012868933845311403,,,,
1617,,,0.11681941896677017,,,,
1618,,,1.4506944978620595e-08,,,,
1619,,,0.018885526806116104,,,,
1620,,,1.2041329711109938e-08,,,,
1621,,,0.016152165830135345,,,,
1622,,,0.0021017619874328375,,,,
1623,,,0.06268594413995743,,,,
1624,,,0.009673898108303547,,,,
1625,,,0.018191318958997726,,,,
1626,,,0.0024284913670271635,,,,
1627,,,1.8645541999262605e-08,,,,
1628,,,5.768190813881802e-09,,,,
1629,,,0.02436651848256588,,,,
1630,,,1.769510937776886e-08,,,,
1631,,,0.0032829816918820143,,,,
1632,,,7.690919900937843e-09,,,,
1633,,,0.002843979513272643,,,,
1634,,,4.486370386302951e-09,,,,
1635,,,0.06249221786856651,,,,
1636,,,0.0027756106574088335,,,,
1637,,,1.1309595926434213e-08,,,,
1638,,,0.003814669558778405,,,,
1639,,,0.009924921207129955,,,,
1640,,,0.004099852405488491,,,,
1641,,,4.165915612475146e-09,,,,
1642,,,5.361262989111992e-09,,,,
1643,,,0.020092369988560677,,,,
1644,,,0.0020439571235328913,,,,
1645,,,0.0027971777599304914,,,,
1646,,,1.2107185476395443e-08,,,,
1647,,,0.03780273720622063,,,,
1648,,,5.930810065279957e-09,,,,
1649,,,3.3623130946125457e-09,,,,
1650,,,8.142708729508286e-09,,,,
1651,,,0.0023318734019994736,,,,
1652,,,0.02068505622446537,,,,
1653,,,0.07324383407831192,,,,
1654,,,0.03526938334107399,,,,
1655,,,0.32798540592193604,,,,
1656,,,3.190949371401075e-08,,,,
1657,,,7.761019382712675e-09,,,,
1658,,,1.0596379773630815e-08,,,,
13166,,20,,0.01435459591448307,,,
13166,,20,,,0.9382911324501038,0.005213123746216297,0.9905063509941101
13167,0.030515601858496666,21,,,,,
13168,4.232228548062267e-06,21,,,,,
13169,0.004628950264304876,21,,,,,
13170,0.003430276643484831,21,,,,,
13171,0.02132578194141388,21,,,,,
13172,5.059133854956599e-06,21,,,,,
13173,6.141925041447394e-06,21,,,,,
13174,0.02522590197622776,21,,,,,
13175,0.034012410789728165,21,,,,,
13176,2.82301812148944e-06,21,,,,,
13177,0.03351166844367981,21,,,,,
13178,6.036255854269257e-06,21,,,,,
13179,0.030694618821144104,21,,,,,
13180,0.005127361509948969,21,,,,,
13181,0.00359899178147316,21,,,,,
13182,2.069072934318683e-06,21,,,,,
13183,1.8933214960270561e-06,21,,,,,
13184,0.002716182032600045,21,,,,,
13185,0.002973362570628524,21,,,,,
13186,1.0326167284802068e-05,21,,,,,
13187,2.5325674869236536e-05,21,,,,,
13188,2.629933260323014e-05,21,,,,,
13189,6.019232387188822e-06,21,,,,,
13190,0.002770791295915842,21,,,,,
13191,2.8835597731813323e-06,21,,,,,
13192,5.0330290832789615e-06,21,,,,,
13193,5.465597496367991e-05,21,,,,,
13194,0.018251312896609306,21,,,,,
13195,3.0797627914580517e-06,21,,,,,
13196,0.002576029160991311,21,,,,,
13197,1.28400915855309e-05,21,,,,,
13198,0.018982309848070145,21,,,,,
13199,0.0023376287426799536,21,,,,,
13200,0.004299943335354328,21,,,,,
13201,0.00015027854533400387,21,,,,,
13202,1.2496670024120249e-05,21,,,,,
13203,3.7188940495980205e-06,21,,,,,
13204,4.521516530076042e-06,21,,,,,
13205,0.02038862742483616,21,,,,,
13206,0.026265595108270645,21,,,,,
13207,4.152720975980628e-06,21,,,,,
13208,8.833122592477594e-06,21,,,,,
13209,0.0029449905268847942,21,,,,,
13210,0.001765745342709124,21,,,,,
13211,0.013934127986431122,21,,,,,
13212,2.760465577011928e-05,21,,,,,
13213,0.02158435247838497,21,,,,,
13214,0.013484903611242771,21,,,,,
13215,0.002063718158751726,21,,,,,
13216,1.7260181266465224e-05,21,,,,,
13217,0.006431449670344591,21,,,,,
13218,0.003908112179487944,21,,,,,
13219,6.5854706008394714e-06,21,,,,,
13220,0.013006799854338169,21,,,,,
13221,3.5141069929522928e-06,21,,,,,
13222,4.910399638902163e-06,21,,,,,
13223,0.0016787906643003225,21,,,,,
13224,6.150988610897912e-06,21,,,,,
13225,0.003961775451898575,21,,,,,
13226,4.787098987435456e-06,21,,,,,
13227,1.716785118333064e-05,21,,,,,
13228,0.008086573332548141,21,,,,,
13229,0.001957544358447194,21,,,,,
13230,0.0215290579944849,21,,,,,
13231,0.019780250266194344,21,,,,,
13232,0.020672913640737534,21,,,,,
13233,0.003211860777810216,21,,,,,
13234,2.6133566279895604e-06,21,,,,,
13235,0.0032482186798006296,21,,,,,
13236,5.08992416143883e-05,21,,,,,
13237,0.004092239774763584,21,,,,,
13238,3.7042495932837483e-06,21,,,,,
13239,0.003164660418406129,21,,,,,
13240,9.311690519098192e-05,21,,,,,
13241,0.0017768581165000796,21,,,,,
13242,3.954231942771003e-06,21,,,,,
13243,2.9685710615012795e-05,21,,,,,
13244,0.0015161937335506082,21,,,,,
13245,0.0023822023067623377,21,,,,,
13246,0.021491985768079758,21,,,,,
13247,7.074352470226586e-05,21,,,,,
13248,0.0022053250577300787,21,,,,,
13249,6.5821982389024924e-06,21,,,,,
13250,8.587373486079741e-06,21,,,,,
13251,5.986363248666748e-06,21,,,,,
13252,1.0159012163057923e-05,21,,,,,
13253,0.0027072213124483824,21,,,,,
13254,0.00412798160687089,21,,,,,
13255,5.6604862948006485e-06,21,,,,,
13256,2.5370343792019412e-05,21,,,,,
13257,3.0953160603530705e-05,21,,,,,
13258,0.020146723836660385,21,,,,,
13259,6.354802735586418e-06,21,,,,,
13260,1.691177749307826e-05,21,,,,,
13261,1.1655746448013815e-06,21,,,,,
13262,0.00013581104576587677,21,,,,,
13263,1.6527874322491698e-05,21,,,,,
13264,0.004505150020122528,21,,,,,
13265,0.0028768121264874935,21,,,,,
13266,0.002632203744724393,21,,,,,
13267,0.003252206137403846,21,,,,,
13268,9.709175174066331e-06,21,,,,,
13269,0.0032397338654845953,21,,,,,
13270,0.01882854849100113,21,,,,,
13271,8.641271961096209e-06,21,,,,,
13272,0.0050789956003427505,21,,,,,
13273,0.006949703209102154,21,,,,,
13274,0.0031145757529884577,21,,,,,
13275,0.012353578582406044,21,,,,,
13276,0.0005008356529287994,21,,,,,
13277,1.1021853651982383e-06,21,,,,,
13278,4.503406216826988e-06,21,,,,,
13279,4.367787187220529e-05,21,,,,,
13280,4.271659236110281e-06,21,,,,,
13281,3.422542476982926e-06,21,,,,,
13282,0.015066076070070267,21,,,,,
13283,1.1628708307398483e-06,21,,,,,
13284,4.265400639269501e-05,21,,,,,
13285,0.005537519231438637,21,,,,,
13286,0.0022285848390311003,21,,,,,
13287,0.004638394806534052,21,,,,,
13288,9.276525929635682e-07,21,,,,,
13289,7.953158274176531e-07,21,,,,,
13290,4.569129487208556e-06,21,,,,,
13291,2.2813069335825276e-06,21,,,,,
13292,0.0001584249985171482,21,,,,,
13293,0.005887249950319529,21,,,,,
13294,0.0027676362078636885,21,,,,,
13295,5.443645568448119e-05,21,,,,,
13296,7.945795005070977e-06,21,,,,,
13297,0.02894407883286476,21,,,,,
13298,0.0019687979947775602,21,,,,,
13299,0.014113189652562141,21,,,,,
13300,0.01605398952960968,21,,,,,
13301,3.4553495424916036e-06,21,,,,,
13302,2.325316563656088e-05,21,,,,,
13303,0.0038416488096117973,21,,,,,
13304,0.0025510299019515514,21,,,,,
13305,0.01764921471476555,21,,,,,
13306,0.0042503876611590385,21,,,,,
13307,0.0020451517775654793,21,,,,,
13308,0.001055784523487091,21,,,,,
13309,0.042478226125240326,21,,,,,
13310,0.0031409503426402807,21,,,,,
13311,5.30019360667211e-06,21,,,,,
13312,2.867066996259382e-06,21,,,,,
13313,0.0034971660934388638,21,,,,,
13314,3.50017799064517e-05,21,,,,,
13315,0.01986428163945675,21,,,,,
13316,1.9391707155591575e-06,21,,,,,
13317,0.014846432954072952,21,,,,,
13318,0.01417176891118288,21,,,,,
13319,0.0030810735188424587,21,,,,,
13320,5.186527232581284e-06,21,,,,,
13321,0.0026490893214941025,21,,,,,
13322,4.886408078164095e-06,21,,,,,
13323,4.080621511093341e-05,21,,,,,
13324,0.0029034807812422514,21,,,,,
13325,0.012600277550518513,21,,,,,
13326,0.002623867243528366,21,,,,,
13327,0.01510536577552557,21,,,,,
13328,0.0018770293099805713,21,,,,,
13329,1.723139575915411e-05,21,,,,,
13330,0.002866279100999236,21,,,,,
13331,7.961084520502482e-06,21,,,,,
13332,1.7725540601531975e-05,21,,,,,
13333,0.0004809109086636454,21,,,,,
13334,0.003330410225316882,21,,,,,
13335,6.0081314586568624e-05,21,,,,,
13336,0.002812357619404793,21,,,,,
13337,5.651377705362393e-06,21,,,,,
13338,0.014109289273619652,21,,,,,
13339,0.007890916429460049,21,,,,,
13340,0.008051133714616299,21,,,,,
13341,5.4392166930483654e-05,21,,,,,
13342,0.0029650230426341295,21,,,,,
13343,0.02619367279112339,21,,,,,
13344,1.2140256330894772e-05,21,,,,,
13345,0.021447323262691498,21,,,,,
13346,0.023323100060224533,21,,,,,
13347,7.1825834311312065e-06,21,,,,,
13348,4.4701814658765215e-06,21,,,,,
13349,0.0022746492177248,21,,,,,
13350,2.1465493773575872e-05,21,,,,,
13351,3.0228868581616553e-06,21,,,,,
13352,0.0027214172296226025,21,,,,,
13353,6.371363724611001e-06,21,,,,,
13354,0.007791063282638788,21,,,,,
13355,0.02831481210887432,21,,,,,
13356,0.004119202960282564,21,,,,,
13357,7.777105929562822e-05,21,,,,,
13358,1.4024599295225926e-05,21,,,,,
13359,0.0026519049424678087,21,,,,,
13360,9.845623026194517e-06,21,,,,,
13361,0.002603329950943589,21,,,,,
13362,0.038384031504392624,21,,,,,
13363,0.09865359961986542,21,,,,,
13364,0.002085284562781453,21,,,,,
13365,0.0034524265211075544,21,,,,,
13366,0.00011988525511696935,21,,,,,
13367,0.004978676326572895,21,,,,,
13368,7.253407238749787e-05,21,,,,,
13369,0.00015083137259352952,21,,,,,
13370,0.04250507056713104,21,,,,,
13371,0.016201810911297798,21,,,,,
13372,0.006863388232886791,21,,,,,
13373,0.02456250786781311,21,,,,,
13374,0.006024226080626249,21,,,,,
13375,0.019945424050092697,21,,,,,
13376,0.0005463846609927714,21,,,,,
13377,0.010669036768376827,21,,,,,
13378,0.0005450487951748073,21,,,,,
13379,0.03239154815673828,21,,,,,
13380,0.00021232479775790125,21,,,,,
13381,0.011390883475542068,21,,,,,
13382,0.00022204310516826808,21,,,,,
13383,0.005859049037098885,21,,,,,
13384,0.00018142949556931853,21,,,,,
13385,0.0008934267680160701,21,,,,,
13386,0.0008194674737751484,21,,,,,
13387,0.013779545202851295,21,,,,,
13388,0.00027833369676955044,21,,,,,
13389,0.001030846033245325,21,,,,,
13390,0.001328459125943482,21,,,,,
13391,0.0002463663986418396,21,,,,,
13392,0.01909097284078598,21,,,,,
13393,5.932847489020787e-05,21,,,,,
13394,0.0003306498401798308,21,,,,,
13395,0.022658489644527435,21,,,,,
13396,0.034477729350328445,21,,,,,
13397,0.0026016272604465485,21,,,,,
13398,0.0005289376713335514,21,,,,,
13399,0.00016749385395087302,21,,,,,
13400,5.463394700200297e-05,21,,,,,
13401,8.798549970379099e-05,21,,,,,
13402,7.85304291639477e-05,21,,,,,
13403,0.02359311282634735,21,,,,,
13404,0.0028459029272198677,21,,,,,
13405,0.0001339078153250739,21,,,,,
13406,6.700860831188038e-05,21,,,,,
13407,0.00031737712561152875,21,,,,,
13408,0.004083148669451475,21,,,,,
13409,0.013800564222037792,21,,,,,
13410,0.00015208612603601068,21,,,,,
13411,0.008144146762788296,21,,,,,
13412,6.596917228307575e-05,21,,,,,
13413,0.013865096494555473,21,,,,,
13414,4.023190922453068e-05,21,,,,,
13415,0.016797315329313278,21,,,,,
13416,5.001724275643937e-05,21,,,,,
13417,0.0036230662371963263,21,,,,,
13418,1.1152783372381236e-05,21,,,,,
13419,2.788540587062016e-05,21,,,,,
13420,0.0125454505905509,21,,,,,
13421,0.0024900338612496853,21,,,,,
13422,4.93178959004581e-05,21,,,,,
13423,0.0024609786923974752,21,,,,,
13424,0.02113700471818447,21,,,,,
13425,0.00048475476796738803,21,,,,,
13426,0.0022431930992752314,21,,,,,
13427,8.002330105227884e-06,21,,,,,
13428,0.0006469645886681974,21,,,,,
13429,0.03638449311256409,21,,,,,
13430,0.002609702991321683,21,,,,,
13431,0.00020249810768291354,21,,,,,
13432,0.01473281905055046,21,,,,,
13433,0.000325951463310048,21,,,,,
13434,1.4760169506189413e-05,21,,,,,
13435,0.0190516859292984,21,,,,,
13436,0.0023430977016687393,21,,,,,
13437,0.002507389523088932,21,,,,,
13438,7.38399030524306e-05,21,,,,,
13439,0.002165277022868395,21,,,,,
13440,0.001705547678284347,21,,,,,
13441,0.030304215848445892,21,,,,,
13442,0.01257361751049757,21,,,,,
13443,1.852997775131371e-05,21,,,,,
13444,0.012566568329930305,21,,,,,
13445,3.1410716474056244e-05,21,,,,,
13446,0.0051814294420182705,21,,,,,
13447,1.484258518757997e-05,21,,,,,
13448,4.714976967079565e-06,21,,,,,
13449,0.00010435871809022501,21,,,,,
13450,1.2265805708011612e-05,21,,,,,
13451,0.00036609810194931924,21,,,,,
13452,2.3014159523881972e-05,21,,,,,
13453,1.61569842020981e-05,21,,,,,
13454,0.002567170187830925,21,,,,,
13455,1.4687336260976736e-05,21,,,,,
13456,1.1462288057373371e-05,21,,,,,
13457,3.728182491613552e-05,21,,,,,
13458,0.009703879244625568,21,,,,,
13459,0.012557553127408028,21,,,,,
13460,0.004786837846040726,21,,,,,
13461,0.0032255209516733885,21,,,,,
13462,0.0031505173537880182,21,,,,,
13463,3.216554250684567e-05,21,,,,,
13464,0.0160811897367239,21,,,,,
13465,0.002716237213462591,21,,,,,
13466,8.78629998624092e-06,21,,,,,
13467,0.0022706741001456976,21,,,,,
13468,0.003526227781549096,21,,,,,
13469,0.017061840742826462,21,,,,,
13470,0.0037498902529478073,21,,,,,
13471,0.0018358305096626282,21,,,,,
13472,0.012166453525424004,21,,,,,
13473,0.005058111157268286,21,,,,,
13474,7.225641456898302e-05,21,,,,,
13475,2.2347965568769723e-05,21,,,,,
13476,2.6642575903679244e-05,21,,,,,
13477,0.007065790239721537,21,,,,,
13478,2.0400055291247554e-05,21,,,,,
13479,2.294776822964195e-05,21,,,,,
13480,0.0016911771381273866,21,,,,,
13481,0.003522646613419056,21,,,,,
13482,2.259536358906189e-06,21,,,,,
13483,8.881604117050301e-06,21,,,,,
13484,4.437413736013696e-06,21,,,,,
13485,1.6230989785981365e-05,21,,,,,
13486,0.007306220009922981,21,,,,,
13487,3.245538755436428e-05,21,,,,,
13488,0.004427586682140827,21,,,,,
13489,2.0086961740162224e-05,21,,,,,
13490,0.010385514236986637,21,,,,,
13491,2.2895594611327397e-06,21,,,,,
13492,3.307951828901423e-06,21,,,,,
13493,1.2850486200477462e-05,21,,,,,
13494,0.022115522995591164,21,,,,,
13495,0.027218105271458626,21,,,,,
13496,0.030602771788835526,21,,,,,
13497,1.226286531164078e-05,21,,,,,
13498,2.2642412659479305e-05,21,,,,,
13499,0.01658330112695694,21,,,,,
13500,1.3178235349187162e-05,21,,,,,
13501,0.011470270343124866,21,,,,,
13502,4.352470568846911e-05,21,,,,,
13503,0.002115898299962282,21,,,,,
13504,3.176391692250036e-05,21,,,,,
13505,0.015765640884637833,21,,,,,
13506,0.01564936339855194,21,,,,,
13507,0.02427687868475914,21,,,,,
13508,1.2577746929309797e-05,21,,,,,
13509,7.445013034157455e-05,21,,,,,
13510,0.0001667673932388425,21,,,,,
13511,0.003640915500000119,21,,,,,
13512,0.006041800603270531,21,,,,,
13513,0.004662860184907913,21,,,,,
13514,0.0031580079812556505,21,,,,,
13515,1.7321921404800378e-05,21,,,,,
13516,4.603082925314084e-05,21,,,,,
13517,1.930773760250304e-05,21,,,,,
13518,0.015205719508230686,21,,,,,
13519,4.675825039157644e-06,21,,,,,
13520,3.097151420661248e-05,21,,,,,
13521,9.729646080813836e-06,21,,,,,
13522,0.0034661206882447004,21,,,,,
13523,1.9729086488950998e-05,21,,,,,
13524,0.001956039806827903,21,,,,,
13525,0.010226854123175144,21,,,,,
13526,2.6603254809742793e-05,21,,,,,
13527,2.437387047393713e-05,21,,,,,
13528,6.291301542660221e-05,21,,,,,
13529,1.1985550372628495e-05,21,,,,,
13530,0.00020799490448553115,21,,,,,
13531,0.02050570584833622,21,,,,,
13532,8.218782568292227e-06,21,,,,,
13533,0.002255859086290002,21,,,,,
13534,1.3227711860963609e-05,21,,,,,
13535,0.009460512548685074,21,,,,,
13536,2.7466046958579682e-05,21,,,,,
13537,0.031065791845321655,21,,,,,
13538,0.02203298546373844,21,,,,,
13539,1.4215175724530127e-05,21,,,,,
13540,1.7734086213749833e-05,21,,,,,
13541,0.02512499876320362,21,,,,,
13542,1.0812288564920891e-05,21,,,,,
13543,0.0001923422096297145,21,,,,,
13544,0.015440412797033787,21,,,,,
13545,1.678583248576615e-05,21,,,,,
13546,7.215215009637177e-05,21,,,,,
13547,0.01893111877143383,21,,,,,
13548,6.548559213115368e-06,21,,,,,
13549,0.00474610785022378,21,,,,,
13550,0.01008442509919405,21,,,,,
13551,0.006039019674062729,21,,,,,
13552,4.416941010276787e-06,21,,,,,
13553,0.01326289214193821,21,,,,,
13554,7.151064437493915e-06,21,,,,,
13555,9.397165740665514e-06,21,,,,,
13556,0.012830010615289211,21,,,,,
13557,2.3127635358832777e-05,21,,,,,
13558,0.005212218035012484,21,,,,,
13559,0.0033866907469928265,21,,,,,
13560,0.008023134432733059,21,,,,,
13561,0.018238592892885208,21,,,,,
13562,0.00530741922557354,21,,,,,
13563,0.0010142357787117362,21,,,,,
13564,0.0050139897502958775,21,,,,,
13565,0.01723632588982582,21,,,,,
13566,0.004053540527820587,21,,,,,
13567,0.004147563595324755,21,,,,,
13568,1.275280646950705e-05,21,,,,,
13569,0.010364646092057228,21,,,,,
13570,0.0032996253576129675,21,,,,,
13571,0.013994063250720501,21,,,,,
13572,0.0001544102415209636,21,,,,,
13573,6.521672730741557e-06,21,,,,,
13574,1.9821347450488247e-05,21,,,,,
13575,0.0036106305196881294,21,,,,,
13576,9.21523678698577e-06,21,,,,,
13577,0.00298609328456223,21,,,,,
13578,7.656037269043736e-06,21,,,,,
13579,0.014050506986677647,21,,,,,
13580,2.261600684505538e-06,21,,,,,
13581,3.7358668123488314e-06,21,,,,,
13582,8.637006430944894e-06,21,,,,,
13583,5.303885245666606e-06,21,,,,,
13584,2.803128882078454e-05,21,,,,,
13585,6.879180727992207e-05,21,,,,,
13586,0.019099868834018707,21,,,,,
13587,0.004441975615918636,21,,,,,
13588,0.013844639994204044,21,,,,,
13589,0.00020411060540936887,21,,,,,
13590,0.010354920290410519,21,,,,,
13591,0.004677882418036461,21,,,,,
13592,3.0592912025895203e-06,21,,,,,
13593,5.960599992249627e-06,21,,,,,
13594,6.832441431470215e-05,21,,,,,
13595,1.6287080143229105e-05,21,,,,,
13596,1.0864260730159003e-05,21,,,,,
13597,2.414205482637044e-05,21,,,,,
13598,0.015501110814511776,21,,,,,
13599,1.5689256542827934e-05,21,,,,,
13600,5.2104728638369124e-06,21,,,,,
13601,0.001473770709708333,21,,,,,
13602,0.020113693550229073,21,,,,,
13603,0.0007204036228358746,21,,,,,
13604,0.004403289873152971,21,,,,,
13605,5.3021622079540975e-06,21,,,,,
13606,3.9700094021100085e-06,21,,,,,
13607,0.004677942954003811,21,,,,,
13608,5.900129326619208e-05,21,,,,,
13609,1.980117849598173e-05,21,,,,,
13610,0.01409030333161354,21,,,,,
13611,0.013010354712605476,21,,,,,
13612,2.0464631234062836e-05,21,,,,,
13613,0.013010283932089806,21,,,,,
13614,6.836068678239826e-06,21,,,,,
13615,2.4363518605241552e-05,21,,,,,
13616,0.02448156848549843,21,,,,,
13617,0.020692475140094757,21,,,,,
13618,0.0004434878646861762,21,,,,,
13619,0.033676162362098694,21,,,,,
13620,0.018275143578648567,21,,,,,
13621,1.1057681149395648e-05,21,,,,,
13622,0.004471193999052048,21,,,,,
13623,0.013363426551222801,21,,,,,
13624,0.03348119556903839,21,,,,,
13625,3.412705336813815e-05,21,,,,,
13626,0.00416135136038065,21,,,,,
13627,2.509340993128717e-05,21,,,,,
13628,0.012184830382466316,21,,,,,
13629,7.277191343746381e-06,21,,,,,
13630,8.260497452283744e-06,21,,,,,
13631,5.500210136233363e-06,21,,,,,
13632,0.0025750952772796154,21,,,,,
13633,0.00018162110063713044,21,,,,,
13634,0.0075066424906253815,21,,,,,
13635,0.003602829063311219,21,,,,,
13636,0.003264495637267828,21,,,,,
13637,0.010340353474020958,21,,,,,
13638,1.6870817489689216e-05,21,,,,,
13639,2.2812366751168156e-06,21,,,,,
13640,0.0002656051656231284,21,,,,,
13641,0.003973945043981075,21,,,,,
13642,0.0035078555811196566,21,,,,,
13643,0.008216911926865578,21,,,,,
13644,0.0006863566813990474,21,,,,,
13645,5.8690752666734625e-06,21,,,,,
13646,0.030211010947823524,21,,,,,
13647,0.004292188212275505,21,,,,,
13648,0.006664245389401913,21,,,,,
13649,0.014701408334076405,21,,,,,
13650,0.012207508087158203,21,,,,,
13651,0.0026342887431383133,21,,,,,
13652,0.0022388212382793427,21,,,,,
13653,6.8051699599891435e-06,21,,,,,
13654,0.00020966028387192637,21,,,,,
13655,0.002587416907772422,21,,,,,
13656,7.455339800799266e-05,21,,,,,
13657,0.016257334500551224,21,,,,,
13658,0.0008299533510580659,21,,,,,
13659,0.006892475765198469,21,,,,,
13660,0.016522372141480446,21,,,,,
13661,0.0005964559386484325,21,,,,,
13662,0.0169842429459095,21,,,,,
13663,1.0655090591171756e-05,21,,,,,
13664,4.2088693589903414e-05,21,,,,,
13665,0.0028157539200037718,21,,,,,
13666,0.0033168946392834187,21,,,,,
13667,0.002056560944765806,21,,,,,
13668,0.00333229498937726,21,,,,,
13669,3.460427251411602e-05,21,,,,,
13670,0.0030806083232164383,21,,,,,
13671,0.0009394660010002553,21,,,,,
13672,0.01276794821023941,21,,,,,
13673,1.151146807387704e-05,21,,,,,
13674,3.071596074732952e-05,21,,,,,
13675,0.0044299401342868805,21,,,,,
13676,3.5212764487368986e-05,21,,,,,
13677,8.908151357900351e-06,21,,,,,
13678,0.002262808382511139,21,,,,,
13679,0.00461588054895401,21,,,,,
13680,3.9169328374555334e-05,21,,,,,
13681,8.200605952879414e-05,21,,,,,
13682,0.0008535590022802353,21,,,,,
13683,0.0016094452003017068,21,,,,,
13684,4.189248284092173e-05,21,,,,,
13685,0.0018492377130314708,21,,,,,
13686,0.012385454960167408,21,,,,,
13687,0.0022805470507591963,21,,,,,
13688,6.0089969338150695e-06,21,,,,,
13689,0.009964474476873875,21,,,,,
13690,5.5813976359786466e-05,21,,,,,
13691,0.004584975074976683,21,,,,,
13692,0.0035964741837233305,21,,,,,
13693,0.008037786930799484,21,,,,,
13694,0.004352374002337456,21,,,,,
13695,9.349549827675219e-07,21,,,,,
13696,6.7200940065959e-06,21,,,,,
13697,0.0021244629751890898,21,,,,,
13698,1.4930025827197824e-05,21,,,,,
13699,0.0011542161228135228,21,,,,,
13700,0.0020133054349571466,21,,,,,
13701,0.006298862863332033,21,,,,,
13702,0.033972159028053284,21,,,,,
13703,0.0030169677920639515,21,,,,,
13704,2.090918087560567e-06,21,,,,,
13705,1.83198517333949e-05,21,,,,,
13706,0.003522875253111124,21,,,,,
13707,0.013789520598948002,21,,,,,
13708,0.025728676468133926,21,,,,,
13709,0.0031229478772729635,21,,,,,
13710,0.04576561227440834,21,,,,,
13711,0.00235240301117301,21,,,,,
13712,0.0005105377058498561,21,,,,,
13713,0.0037691937759518623,21,,,,,
13714,0.0004023206129204482,21,,,,,
13715,0.019746817648410797,21,,,,,
13716,0.01988217793405056,21,,,,,
13717,0.002867736155167222,21,,,,,
13718,0.0024076811969280243,21,,,,,
13719,2.223827550551505e-06,21,,,,,
13720,6.498682523670141e-06,21,,,,,
13721,0.02478279359638691,21,,,,,
13722,0.002292577177286148,21,,,,,
13723,0.021396897733211517,21,,,,,
13724,0.01208894606679678,21,,,,,
13725,0.01620146818459034,21,,,,,
13726,0.012566628865897655,21,,,,,
13727,0.0021802966948598623,21,,,,,
13728,1.3499631677404977e-05,21,,,,,
13729,8.907160008675419e-06,21,,,,,
13730,0.012547050602734089,21,,,,,
13731,0.00023933241027407348,21,,,,,
13732,6.93261017659097e-06,21,,,,,
13733,0.003646845230832696,21,,,,,
13734,0.027799250558018684,21,,,,,
13735,0.004133706912398338,21,,,,,
13736,5.232664989307523e-06,21,,,,,
13737,4.783989879797446e-06,21,,,,,
13738,1.6450202338091913e-06,21,,,,,
13739,5.8858950069407e-07,21,,,,,
13740,5.0213231588713825e-05,21,,,,,
13741,8.667904694448225e-06,21,,,,,
13742,1.5771289326949045e-05,21,,,,,
13743,0.030141297727823257,21,,,,,
13744,0.025444235652685165,21,,,,,
13745,4.157564035267569e-06,21,,,,,
13746,0.004064671695232391,21,,,,,
13747,7.866548912716098e-06,21,,,,,
13748,1.4596536175304209e-06,21,,,,,
13749,0.0029157744720578194,21,,,,,
13750,2.3561162834084826e-06,21,,,,,
13751,1.2148065025030519e-06,21,,,,,
13752,3.9571004890603945e-06,21,,,,,
13753,7.837128578103147e-06,21,,,,,
13754,0.02437206543982029,21,,,,,
13755,0.00019453387358225882,21,,,,,
13756,1.7775515516404994e-05,21,,,,,
13757,4.891429398412583e-06,21,,,,,
13758,0.007191551383584738,21,,,,,
13759,0.013655043207108974,21,,,,,
13760,6.168872346279386e-07,21,,,,,
13761,0.0034157494083046913,21,,,,,
13762,0.010208845138549805,21,,,,,
13763,0.004187131766229868,21,,,,,
13764,0.009810958057641983,21,,,,,
13765,0.008849715813994408,21,,,,,
13766,6.242983363335952e-05,21,,,,,
13767,0.0001260962599189952,21,,,,,
13768,3.1945612590789096e-06,21,,,,,
13769,0.02250988967716694,21,,,,,
13770,0.0030781934037804604,21,,,,,
13771,0.0031407831702381372,21,,,,,
13772,0.01690075173974037,21,,,,,
13773,0.02756662666797638,21,,,,,
13774,0.0035355277359485626,21,,,,,
13775,0.017157237976789474,21,,,,,
13776,8.770414751779754e-06,21,,,,,
13777,0.03779378905892372,21,,,,,
13778,0.003023513127118349,21,,,,,
13779,0.01982981711626053,21,,,,,
13780,1.9514850464474875e-06,21,,,,,
13781,0.0002132119843736291,21,,,,,
13782,0.005592205096036196,21,,,,,
13783,1.79378293978516e-05,21,,,,,
13784,5.761029569839593e-06,21,,,,,
13785,0.00373217836022377,21,,,,,
13786,7.404598818538943e-06,21,,,,,
13787,3.8155347283463925e-05,21,,,,,
13788,0.0016607887810096145,21,,,,,
13789,0.018215905874967575,21,,,,,
13790,0.005557541269809008,21,,,,,
13791,0.0294539462774992,21,,,,,
13792,8.938166502048261e-06,21,,,,,
13793,7.655789318050665e-07,21,,,,,
1659,,,0.013411778956651688,,,,
1660,,,0.003517853794619441,,,,
1661,,,1.4187089902861771e-07,,,,
1662,,,0.016439974308013916,,,,
1663,,,3.0733605882460324e-08,,,,
1664,,,0.01620706543326378,,,,
1665,,,0.002957395976409316,,,,
1666,,,6.312922806728238e-08,,,,
1667,,,0.015178713016211987,,,,
1668,,,3.7528817387055824e-08,,,,
1669,,,4.279297982634489e-08,,,,
1670,,,0.007219693157821894,,,,
1671,,,4.967041888903623e-08,,,,
1672,,,0.0023561925627291203,,,,
1673,,,0.014041555114090443,,,,
1674,,,5.645196665682306e-07,,,,
1675,,,0.0031253432389348745,,,,
1676,,,0.00241109449416399,,,,
1677,,,1.5558184429664834e-07,,,,
1678,,,0.07575437426567078,,,,
1679,,,0.003499319776892662,,,,
1680,,,3.781361357368951e-08,,,,
1681,,,6.938572028047929e-08,,,,
1682,,,0.018343286588788033,,,,
1683,,,1.546654289086291e-07,,,,
1684,,,0.0023303728085011244,,,,
1685,,,0.003180991392582655,,,,
1686,,,1.381595495786314e-07,,,,
1687,,,2.1475834444117936e-07,,,,
1688,,,4.673371449825936e-07,,,,
1689,,,0.0024321042001247406,,,,
1690,,,0.0022527941036969423,,,,
1691,,,4.3425112039585656e-07,,,,
1692,,,0.0077084437943995,,,,
1693,,,8.7671985227189e-08,,,,
1694,,,4.094045280567116e-08,,,,
1695,,,0.0021646444220095873,,,,
1696,,,0.11409710347652435,,,,
1697,,,1.892210299558883e-08,,,,
1698,,,0.013687790371477604,,,,
1699,,,4.6359044603150323e-08,,,,
1700,,,0.01719830185174942,,,,
1701,,,0.002411986468359828,,,,
1702,,,0.06298531591892242,,,,
1703,,,0.014072283171117306,,,,
1704,,,0.016245441511273384,,,,
1705,,,0.0026459423825144768,,,,
1706,,,5.917461862736673e-07,,,,
1707,,,5.736133346090355e-08,,,,
1708,,,0.023589111864566803,,,,
1709,,,5.575294039772416e-07,,,,
1710,,,0.0037340433336794376,,,,
1711,,,3.172499773995696e-08,,,,
1712,,,0.0032333312556147575,,,,
1713,,,4.9670450863459337e-08,,,,
1714,,,0.05373318865895271,,,,
1715,,,0.0030881082639098167,,,,
1716,,,5.471387964917085e-08,,,,
1717,,,0.004387021530419588,,,,
1718,,,0.012979553081095219,,,,
1719,,,0.00531063973903656,,,,
1720,,,1.698411722372839e-08,,,,
1721,,,4.1943909678821e-08,,,,
1722,,,0.020335663110017776,,,,
1723,,,0.0024822379928082228,,,,
1724,,,0.0031367475166916847,,,,
1725,,,5.1843489501379736e-08,,,,
1726,,,0.0349159762263298,,,,
1727,,,1.1950496059398574e-07,,,,
1728,,,3.0872126188796756e-08,,,,
1729,,,4.169061895709092e-08,,,,
1730,,,0.0025672067422419786,,,,
1731,,,0.01871318928897381,,,,
1732,,,0.05085575208067894,,,,
1733,,,0.022939762100577354,,,,
1734,,,0.3036922216415405,,,,
1735,,,3.4949144378515484e-07,,,,
1736,,,5.3706184388602196e-08,,,,
1737,,,2.4106662976919324e-07,,,,
13793,,21,,0.013131961226463318,,,
13793,,21,,,0.9034810066223145,0.005822435021400452,0.9541139006614685
13794,6.0388047131709754e-06,22,,,,,
13795,1.5951620298437774e-05,22,,,,,
13796,0.0164246316999197,22,,,,,
13797,0.005517750047147274,22,,,,,
13798,0.021764172241091728,22,,,,,
13799,0.00011437194189056754,22,,,,,
13800,2.3506704565079417e-06,22,,,,,
13801,0.005791332107037306,22,,,,,
13802,3.614911747717997e-06,22,,,,,
13803,0.0029078242368996143,22,,,,,
13804,0.006523205898702145,22,,,,,
13805,1.4070399629417807e-05,22,,,,,
13806,0.020536482334136963,22,,,,,
13807,0.0044084046967327595,22,,,,,
13808,5.981893991702236e-06,22,,,,,
13809,0.003924803342670202,22,,,,,
13810,4.164769052295014e-05,22,,,,,
13811,0.01619003899395466,22,,,,,
13812,5.664070704369806e-05,22,,,,,
13813,0.0022992221638560295,22,,,,,
13814,7.977547284099273e-06,22,,,,,
13815,0.019846975803375244,22,,,,,
13816,0.0028149511199444532,22,,,,,
13817,5.243442046776181e-06,22,,,,,
13818,0.002930311718955636,22,,,,,
13819,0.0001966257841559127,22,,,,,
13820,2.564333044574596e-06,22,,,,,
13821,8.927150702220388e-06,22,,,,,
13822,0.002136788796633482,22,,,,,
13823,0.017334213480353355,22,,,,,
13824,6.865206614747876e-06,22,,,,,
13825,1.6228384993155487e-05,22,,,,,
13826,2.6643354431143962e-05,22,,,,,
13827,0.0027862628921866417,22,,,,,
13828,7.4837794272752944e-06,22,,,,,
13829,6.71840496124787e-07,22,,,,,
13830,0.0037726121954619884,22,,,,,
13831,4.171706223132787e-06,22,,,,,
13832,0.0028443264309316874,22,,,,,
13833,0.0003468770009931177,22,,,,,
13834,0.006113443989306688,22,,,,,
13835,0.001933465013280511,22,,,,,
13836,4.142099442105973e-06,22,,,,,
13837,0.0402657613158226,22,,,,,
13838,0.039285313338041306,22,,,,,
13839,5.9668209360097535e-06,22,,,,,
13840,0.01583028957247734,22,,,,,
13841,7.999681838555261e-05,22,,,,,
13842,2.8333688533166423e-06,22,,,,,
13843,1.8104774426319636e-05,22,,,,,
13844,0.0015762156108394265,22,,,,,
13845,2.6754248665383784e-06,22,,,,,
13846,0.0013380645541474223,22,,,,,
13847,7.264180749189109e-05,22,,,,,
13848,1.4394585150512285e-06,22,,,,,
13849,0.0032844815868884325,22,,,,,
13850,6.156791187095223e-06,22,,,,,
13851,0.004592560231685638,22,,,,,
13852,5.839332857249246e-07,22,,,,,
13853,0.010352030396461487,22,,,,,
13854,3.986428419011645e-05,22,,,,,
13855,0.016405735164880753,22,,,,,
13856,0.003911884967237711,22,,,,,
13857,0.005691237282007933,22,,,,,
13858,0.005532165989279747,22,,,,,
13859,0.00448985118418932,22,,,,,
13860,2.345916300328099e-06,22,,,,,
13861,3.18093370879069e-05,22,,,,,
13862,0.017232196405529976,22,,,,,
13863,0.013049853965640068,22,,,,,
13864,0.0011990020284429193,22,,,,,
13865,0.030572054907679558,22,,,,,
13866,5.902466909901705e-06,22,,,,,
13867,9.920742058966425e-07,22,,,,,
13868,0.0028609854634851217,22,,,,,
13869,0.01973358541727066,22,,,,,
13870,1.2029208846797701e-05,22,,,,,
13871,0.0024036960676312447,22,,,,,
13872,9.505424145572761e-07,22,,,,,
13873,7.940836326270073e-07,22,,,,,
13874,4.066040219186107e-06,22,,,,,
13875,2.35012316807115e-06,22,,,,,
13876,1.427503320883261e-06,22,,,,,
13877,0.014491409994661808,22,,,,,
13878,0.0002175314730266109,22,,,,,
13879,1.327311747445492e-05,22,,,,,
13880,1.1268535899944254e-06,22,,,,,
13881,0.01885780692100525,22,,,,,
13882,0.015735235065221786,22,,,,,
13883,0.0038112306501716375,22,,,,,
13884,3.1900499379844405e-06,22,,,,,
13885,0.0018029927741736174,22,,,,,
13886,0.005537102464586496,22,,,,,
13887,0.0021338951773941517,22,,,,,
13888,4.194675682356319e-07,22,,,,,
13889,0.025980666279792786,22,,,,,
13890,1.1288411769783124e-06,22,,,,,
13891,0.01803486980497837,22,,,,,
13892,1.183859694720013e-06,22,,,,,
13893,2.133927227987442e-05,22,,,,,
13894,0.019199924543499947,22,,,,,
13895,0.0031183152459561825,22,,,,,
13896,0.004329930990934372,22,,,,,
13897,4.761951004184084e-06,22,,,,,
13898,1.2023153885820648e-06,22,,,,,
13899,1.7133467054009088e-06,22,,,,,
13900,0.002273478778079152,22,,,,,
13901,0.003253615228459239,22,,,,,
13902,2.4125292839016765e-06,22,,,,,
13903,0.012513888068497181,22,,,,,
13904,0.006179629359394312,22,,,,,
13905,0.004307976458221674,22,,,,,
13906,0.0033308109268546104,22,,,,,
13907,0.0021838839165866375,22,,,,,
13908,0.02185039222240448,22,,,,,
13909,0.0027301365043967962,22,,,,,
13910,0.010358364321291447,22,,,,,
13911,0.0021411722991615534,22,,,,,
13912,1.1156565733472235e-06,22,,,,,
13913,5.433565206658386e-07,22,,,,,
13914,7.181303317338461e-06,22,,,,,
13915,1.9414590042288182e-06,22,,,,,
13916,3.6941457892680774e-06,22,,,,,
13917,1.0461545798534644e-06,22,,,,,
13918,0.006747193168848753,22,,,,,
13919,0.0036661752965301275,22,,,,,
13920,0.0023813711013644934,22,,,,,
13921,4.620434083335567e-06,22,,,,,
13922,0.001951713813468814,22,,,,,
13923,0.012050253339111805,22,,,,,
13924,0.004232168663293123,22,,,,,
13925,5.771190672021476e-07,22,,,,,
13926,0.0023628128692507744,22,,,,,
13927,9.903076261252863e-07,22,,,,,
13928,0.0311272069811821,22,,,,,
13929,0.010415188036859035,22,,,,,
13930,2.583780542408931e-06,22,,,,,
13931,0.011166691780090332,22,,,,,
13932,3.47769855579827e-06,22,,,,,
13933,4.847880973102292e-06,22,,,,,
13934,0.0183037631213665,22,,,,,
13935,8.693140443938319e-06,22,,,,,
13936,0.01952315680682659,22,,,,,
13937,0.007157051470130682,22,,,,,
13938,0.001362087088637054,22,,,,,
13939,7.331727829296142e-05,22,,,,,
13940,0.015477269887924194,22,,,,,
13941,0.016773946583271027,22,,,,,
13942,0.040786176919937134,22,,,,,
13943,0.005397420842200518,22,,,,,
13944,0.005397490691393614,22,,,,,
13945,0.00028829529765062034,22,,,,,
13946,1.3225356951807044e-06,22,,,,,
13947,0.0034325497690588236,22,,,,,
13948,0.00402165949344635,22,,,,,
13949,5.4109309530758765e-06,22,,,,,
13950,0.00026437430642545223,22,,,,,
13951,0.0040913959965109825,22,,,,,
13952,0.0027433251962065697,22,,,,,
13953,2.5588058178982465e-06,22,,,,,
13954,9.390126251673792e-06,22,,,,,
13955,0.002884868998080492,22,,,,,
13956,0.02186249941587448,22,,,,,
13957,0.001953389495611191,22,,,,,
13958,2.244676034024451e-05,22,,,,,
13959,4.303473360778298e-06,22,,,,,
13960,5.6770281844364945e-06,22,,,,,
13961,2.0787297216884326e-06,22,,,,,
13962,0.003211480099707842,22,,,,,
13963,4.931904641125584e-06,22,,,,,
13964,0.02404574491083622,22,,,,,
13965,0.021369613707065582,22,,,,,
13966,8.345355308847502e-05,22,,,,,
13967,0.0022695683874189854,22,,,,,
13968,0.0014829597203060985,22,,,,,
13969,4.611048098013271e-06,22,,,,,
13970,0.0002127785119228065,22,,,,,
13971,0.0053238645195961,22,,,,,
13972,0.013762908056378365,22,,,,,
13973,3.4219065128127113e-06,22,,,,,
13974,0.002991260029375553,22,,,,,
13975,0.003391912207007408,22,,,,,
13976,0.0028388886712491512,22,,,,,
13977,0.00022187565627973527,22,,,,,
13978,0.00291769509203732,22,,,,,
13979,0.003593011060729623,22,,,,,
13980,1.2537446309579536e-05,22,,,,,
13981,0.0001619060494704172,22,,,,,
13982,2.0953606508555822e-05,22,,,,,
13983,0.016117071732878685,22,,,,,
13984,0.002497112611308694,22,,,,,
13985,1.941318259923719e-05,22,,,,,
13986,0.017707744613289833,22,,,,,
13987,3.02619046124164e-05,22,,,,,
13988,3.7288039038685383e-06,22,,,,,
13989,0.01294897124171257,22,,,,,
13990,0.01435854472219944,22,,,,,
13991,0.018126800656318665,22,,,,,
13992,1.3206772564444691e-05,22,,,,,
13993,0.002938666148111224,22,,,,,
13994,0.008219288662075996,22,,,,,
13995,0.011838400736451149,22,,,,,
13996,4.067301233590115e-06,22,,,,,
13997,1.91175513464259e-05,22,,,,,
13998,0.0001622023992240429,22,,,,,
13999,0.003910928498953581,22,,,,,
14000,0.006457190960645676,22,,,,,
14001,0.0033299459610134363,22,,,,,
14002,3.573789945221506e-05,22,,,,,
14003,0.005235017742961645,22,,,,,
14004,1.495615560997976e-05,22,,,,,
14005,1.4078169442655053e-05,22,,,,,
14006,9.708900506666396e-06,22,,,,,
14007,2.2632733816863038e-05,22,,,,,
14008,0.0043393331579864025,22,,,,,
14009,1.4816461771260947e-05,22,,,,,
14010,5.739033440477215e-06,22,,,,,
14011,1.418493684468558e-05,22,,,,,
14012,0.0035943039692938328,22,,,,,
14013,0.0020426905248314142,22,,,,,
14014,0.005474126897752285,22,,,,,
14015,4.545403498923406e-06,22,,,,,
14016,0.01871311478316784,22,,,,,
14017,0.005851984489709139,22,,,,,
14018,1.1165833711856976e-05,22,,,,,
14019,0.0015749180456623435,22,,,,,
14020,0.01578175276517868,22,,,,,
14021,7.741947229078505e-06,22,,,,,
14022,9.559084901411552e-06,22,,,,,
14023,0.006367988418787718,22,,,,,
14024,0.002425192156806588,22,,,,,
14025,1.526958294562064e-05,22,,,,,
14026,0.015057488344609737,22,,,,,
14027,0.00012644466187339276,22,,,,,
14028,0.00024204964574892074,22,,,,,
14029,0.002000766107812524,22,,,,,
14030,0.013036947697401047,22,,,,,
14031,0.0003389524936210364,22,,,,,
14032,0.005345148500055075,22,,,,,
14033,0.01537657156586647,22,,,,,
14034,0.004986140411347151,22,,,,,
14035,0.0016565861878916621,22,,,,,
14036,0.0030039811972528696,22,,,,,
14037,0.0073677366599440575,22,,,,,
14038,0.0188643429428339,22,,,,,
14039,0.015577188692986965,22,,,,,
14040,0.0015010193455964327,22,,,,,
14041,5.98986798650003e-06,22,,,,,
14042,1.1452317266957834e-05,22,,,,,
14043,0.008904371410608292,22,,,,,
14044,7.681685929128435e-06,22,,,,,
14045,1.2760096979036462e-05,22,,,,,
14046,0.011502675712108612,22,,,,,
14047,0.009401812218129635,22,,,,,
14048,0.00019650965987239033,22,,,,,
14049,4.5489705371437594e-06,22,,,,,
14050,0.002279855776578188,22,,,,,
14051,0.001846354571171105,22,,,,,
14052,0.01562442909926176,22,,,,,
14053,1.109470485971542e-05,22,,,,,
14054,8.517823152942583e-05,22,,,,,
14055,0.005917244590818882,22,,,,,
14056,0.003076310735195875,22,,,,,
14057,3.767900852835737e-05,22,,,,,
14058,2.592037162685301e-06,22,,,,,
14059,0.011082292534410954,22,,,,,
14060,0.0005381776136346161,22,,,,,
14061,2.769099228316918e-05,22,,,,,
14062,0.002865342888981104,22,,,,,
14063,0.0244995579123497,22,,,,,
14064,0.003012565430253744,22,,,,,
14065,2.8597078198799863e-05,22,,,,,
14066,0.01718003675341606,22,,,,,
14067,0.0026557347737252712,22,,,,,
14068,0.0077961101196706295,22,,,,,
14069,0.00042431766632944345,22,,,,,
14070,0.011997412890195847,22,,,,,
14071,0.018810875713825226,22,,,,,
14072,1.1721206647052895e-05,22,,,,,
14073,0.00023574238002765924,22,,,,,
14074,0.010663741268217564,22,,,,,
14075,0.0006094007985666394,22,,,,,
14076,3.3654792787274346e-05,22,,,,,
14077,0.00014075524813961238,22,,,,,
14078,0.027803614735603333,22,,,,,
14079,0.011597849428653717,22,,,,,
14080,2.4708419005037285e-05,22,,,,,
14081,2.337867954338435e-05,22,,,,,
14082,0.009141720831394196,22,,,,,
14083,0.0030160255264490843,22,,,,,
14084,0.011500991880893707,22,,,,,
14085,1.254684593732236e-05,22,,,,,
14086,4.2176620809186716e-06,22,,,,,
14087,0.010324136354029179,22,,,,,
14088,0.015275987796485424,22,,,,,
14089,0.01995992846786976,22,,,,,
14090,0.00025659287348389626,22,,,,,
14091,3.0439107376878383e-06,22,,,,,
14092,0.012326162308454514,22,,,,,
14093,0.002246504183858633,22,,,,,
14094,4.128269665670814e-06,22,,,,,
14095,0.0004115166957490146,22,,,,,
14096,0.013635282404720783,22,,,,,
14097,0.008770269341766834,22,,,,,
14098,9.383740689372644e-05,22,,,,,
14099,9.437661901756655e-06,22,,,,,
14100,0.004266842734068632,22,,,,,
14101,0.013735677115619183,22,,,,,
14102,0.015298559330403805,22,,,,,
14103,0.014661212451756,22,,,,,
14104,0.014063697308301926,22,,,,,
14105,0.023296311497688293,22,,,,,
14106,0.02189302071928978,22,,,,,
14107,0.002457892522215843,22,,,,,
14108,0.0034856621641665697,22,,,,,
14109,3.8003731788194273e-06,22,,,,,
14110,0.014246716164052486,22,,,,,
14111,1.6206067812163383e-06,22,,,,,
14112,5.8548239394440316e-06,22,,,,,
14113,0.0037049115635454655,22,,,,,
14114,3.125852572338772e-06,22,,,,,
14115,0.005870789755135775,22,,,,,
14116,1.6253105059149675e-05,22,,,,,
14117,3.346837956996751e-06,22,,,,,
14118,0.023511627689003944,22,,,,,
14119,0.002943969564512372,22,,,,,
14120,0.0039406148716807365,22,,,,,
14121,0.0037730790209025145,22,,,,,
14122,0.012864058837294579,22,,,,,
14123,0.016904227435588837,22,,,,,
14124,5.13598024554085e-06,22,,,,,
14125,0.017264682799577713,22,,,,,
14126,0.026116209104657173,22,,,,,
14127,0.0030758115462958813,22,,,,,
14128,0.00033761488157324493,22,,,,,
14129,2.3104164938558824e-05,22,,,,,
14130,0.02067108452320099,22,,,,,
14131,0.0027812530752271414,22,,,,,
14132,0.004299455787986517,22,,,,,
14133,0.016355007886886597,22,,,,,
14134,0.003569006221368909,22,,,,,
14135,4.994336450181436e-06,22,,,,,
14136,0.01630045659840107,22,,,,,
14137,0.028279995545744896,22,,,,,
14138,1.8170800103689544e-05,22,,,,,
14139,0.00014208271750248969,22,,,,,
14140,1.8146562069887295e-05,22,,,,,
14141,0.005047999322414398,22,,,,,
14142,0.002313480479642749,22,,,,,
14143,4.0881022869143635e-06,22,,,,,
14144,5.620652518700808e-05,22,,,,,
14145,0.004395654890686274,22,,,,,
14146,9.91560154943727e-05,22,,,,,
14147,0.019495002925395966,22,,,,,
14148,9.356223017675802e-05,22,,,,,
14149,0.0039161015301942825,22,,,,,
14150,0.0009535313001833856,22,,,,,
14151,0.0025794105604290962,22,,,,,
14152,0.005631499458104372,22,,,,,
14153,3.083916817558929e-05,22,,,,,
14154,0.004327522590756416,22,,,,,
14155,0.051283400505781174,22,,,,,
14156,0.005342446733266115,22,,,,,
14157,0.00011791830183938146,22,,,,,
14158,0.00014416863268706948,22,,,,,
14159,0.0026675299741327763,22,,,,,
14160,0.0005067161400802433,22,,,,,
14161,1.7716849470161833e-05,22,,,,,
14162,1.754054392222315e-05,22,,,,,
14163,9.16031640372239e-05,22,,,,,
14164,6.128155655460432e-05,22,,,,,
14165,1.607807098480407e-05,22,,,,,
14166,0.002272664336487651,22,,,,,
14167,1.9594070181483403e-05,22,,,,,
14168,0.00052589678671211,22,,,,,
14169,0.01732497103512287,22,,,,,
14170,0.002480576978996396,22,,,,,
14171,1.214205076394137e-05,22,,,,,
14172,0.003800338367000222,22,,,,,
14173,1.6415528079960495e-05,22,,,,,
14174,0.0020725284703075886,22,,,,,
14175,0.001445366651751101,22,,,,,
14176,0.003232720773667097,22,,,,,
14177,0.0001040850838762708,22,,,,,
14178,1.765669912856538e-05,22,,,,,
14179,1.2480666555347852e-05,22,,,,,
14180,0.022855238988995552,22,,,,,
14181,1.051574417942902e-05,22,,,,,
14182,5.3586454669130035e-06,22,,,,,
14183,0.019778965041041374,22,,,,,
14184,1.3774046237813309e-05,22,,,,,
14185,0.011542999185621738,22,,,,,
14186,0.018576623871922493,22,,,,,
14187,0.0028451329562813044,22,,,,,
14188,5.659464022755856e-06,22,,,,,
14189,7.1438480517826974e-06,22,,,,,
14190,0.004778939764946699,22,,,,,
14191,0.0020016490016132593,22,,,,,
14192,0.002248995704576373,22,,,,,
14193,0.002467169426381588,22,,,,,
14194,0.0018358367960900068,22,,,,,
14195,4.395543783175526e-06,22,,,,,
14196,5.383019924920518e-06,22,,,,,
14197,0.013093088753521442,22,,,,,
14198,0.004272002726793289,22,,,,,
14199,0.0006633888697251678,22,,,,,
14200,7.426059892168269e-05,22,,,,,
14201,1.566680111864116e-05,22,,,,,
14202,0.01283982302993536,22,,,,,
14203,0.00330340932123363,22,,,,,
14204,0.0032816031016409397,22,,,,,
14205,5.978727131150663e-06,22,,,,,
14206,0.011338912881910801,22,,,,,
14207,0.0016812566900625825,22,,,,,
14208,5.563743343373062e-06,22,,,,,
14209,7.135385658330051e-06,22,,,,,
14210,0.004083298146724701,22,,,,,
14211,1.1697747140715364e-05,22,,,,,
14212,6.662332452833652e-05,22,,,,,
14213,4.141490990150487e-06,22,,,,,
14214,4.368720055936137e-06,22,,,,,
14215,7.210150215541944e-06,22,,,,,
14216,6.875548024254385e-06,22,,,,,
14217,0.014049899764358997,22,,,,,
14218,0.00014726928202435374,22,,,,,
14219,0.0024079943541437387,22,,,,,
14220,0.005761625245213509,22,,,,,
14221,0.017180828377604485,22,,,,,
14222,0.002693478949368,22,,,,,
14223,2.828071501426166e-06,22,,,,,
14224,4.292163794161752e-06,22,,,,,
14225,0.014186051674187183,22,,,,,
14226,0.012766643427312374,22,,,,,
14227,0.0037980915512889624,22,,,,,
14228,0.01901937648653984,22,,,,,
14229,0.0017225188203155994,22,,,,,
14230,9.572551789460704e-06,22,,,,,
14231,9.504135050519835e-06,22,,,,,
14232,4.690995865530567e-06,22,,,,,
14233,0.003808985697105527,22,,,,,
14234,0.00015715777408331633,22,,,,,
14235,0.003149040974676609,22,,,,,
14236,0.0036131106317043304,22,,,,,
14237,1.2818899449484888e-05,22,,,,,
14238,5.779058028565487e-06,22,,,,,
14239,2.7774462978413794e-06,22,,,,,
14240,0.018359804525971413,22,,,,,
14241,1.1237616490689106e-05,22,,,,,
14242,0.020230427384376526,22,,,,,
14243,0.00042814610060304403,22,,,,,
14244,0.0031370273791253567,22,,,,,
14245,0.003609029110521078,22,,,,,
14246,0.0027161731850355864,22,,,,,
14247,4.071697276231134e-06,22,,,,,
14248,0.0484221950173378,22,,,,,
14249,0.014215238392353058,22,,,,,
14250,1.683598202362191e-05,22,,,,,
14251,9.039207725436427e-06,22,,,,,
14252,0.02584143728017807,22,,,,,
14253,0.01683039590716362,22,,,,,
14254,0.0035119710955768824,22,,,,,
14255,1.3662513993040193e-05,22,,,,,
14256,7.410470516333589e-06,22,,,,,
14257,6.510982348117977e-05,22,,,,,
14258,3.273616312071681e-05,22,,,,,
14259,0.0029262322932481766,22,,,,,
14260,0.018592501059174538,22,,,,,
14261,0.022770250216126442,22,,,,,
14262,0.02361639402806759,22,,,,,
14263,0.03046819567680359,22,,,,,
14264,0.0022380677983164787,22,,,,,
14265,5.707060608983738e-06,22,,,,,
14266,0.00013246657908894122,22,,,,,
14267,0.025348111987113953,22,,,,,
14268,0.03037087246775627,22,,,,,
14269,3.359810580150224e-05,22,,,,,
14270,4.5129669160814956e-05,22,,,,,
14271,2.315696474397555e-05,22,,,,,
14272,0.012490040622651577,22,,,,,
14273,0.0028450977988541126,22,,,,,
14274,0.0058741788379848,22,,,,,
14275,6.80000739521347e-05,22,,,,,
14276,0.0007763956673443317,22,,,,,
14277,0.010736924596130848,22,,,,,
14278,0.01718832552433014,22,,,,,
14279,0.003189867129549384,22,,,,,
14280,0.00388644402846694,22,,,,,
14281,0.009225540794432163,22,,,,,
14282,2.2247793822316453e-05,22,,,,,
14283,0.003106428310275078,22,,,,,
14284,0.0020337302703410387,22,,,,,
14285,0.01338237151503563,22,,,,,
14286,0.0022157731000334024,22,,,,,
14287,1.7953478163690306e-05,22,,,,,
14288,0.0030615529976785183,22,,,,,
14289,0.012610332109034061,22,,,,,
14290,0.00016376160783693194,22,,,,,
14291,8.699253521626815e-05,22,,,,,
14292,1.687355870672036e-05,22,,,,,
14293,0.003824923187494278,22,,,,,
14294,0.010681084357202053,22,,,,,
14295,6.186206155689433e-05,22,,,,,
14296,0.00011882145190611482,22,,,,,
14297,0.00011630161316134036,22,,,,,
14298,0.0038378112949430943,22,,,,,
14299,0.0038947255816310644,22,,,,,
14300,6.367566675180569e-05,22,,,,,
14301,1.7864977053250186e-05,22,,,,,
14302,0.02245703525841236,22,,,,,
14303,0.004993874114006758,22,,,,,
14304,0.00012415769742801785,22,,,,,
14305,0.0035622562281787395,22,,,,,
14306,0.00023492379114031792,22,,,,,
14307,2.756453977781348e-05,22,,,,,
14308,0.00801380816847086,22,,,,,
14309,0.0034186190459877253,22,,,,,
14310,0.003223663428798318,22,,,,,
14311,0.0020357936155050993,22,,,,,
14312,0.0028587530832737684,22,,,,,
14313,1.6354753824998625e-05,22,,,,,
14314,2.151566877728328e-05,22,,,,,
14315,0.0018982888432219625,22,,,,,
14316,0.0035835043527185917,22,,,,,
14317,0.03358404338359833,22,,,,,
14318,5.7965385167335626e-06,22,,,,,
14319,4.750789958052337e-05,22,,,,,
14320,0.00908626988530159,22,,,,,
14321,0.006182667799293995,22,,,,,
14322,0.002269018441438675,22,,,,,
14323,0.003761023748666048,22,,,,,
14324,0.0033672903664410114,22,,,,,
14325,0.016597947105765343,22,,,,,
14326,0.005287370644509792,22,,,,,
14327,0.0032342183403670788,22,,,,,
14328,0.002442574594169855,22,,,,,
14329,0.002433285117149353,22,,,,,
14330,0.015509190037846565,22,,,,,
14331,0.0053269281052052975,22,,,,,
14332,8.164854079950601e-06,22,,,,,
14333,5.298538326314883e-06,22,,,,,
14334,0.006053857039660215,22,,,,,
14335,1.5187040844466537e-05,22,,,,,
14336,0.009278496727347374,22,,,,,
14337,0.0024582978803664446,22,,,,,
14338,8.594142127549276e-05,22,,,,,
14339,6.056882284610765e-06,22,,,,,
14340,5.036904985900037e-05,22,,,,,
14341,0.003300186712294817,22,,,,,
14342,5.58508281756076e-06,22,,,,,
14343,0.012848061509430408,22,,,,,
14344,0.00635795621201396,22,,,,,
14345,8.77574257174274e-06,22,,,,,
14346,1.0220531294180546e-05,22,,,,,
14347,0.025209851562976837,22,,,,,
14348,3.7130736018298194e-05,22,,,,,
14349,0.001348713063634932,22,,,,,
14350,4.946652552462183e-06,22,,,,,
14351,7.927609658509027e-06,22,,,,,
14352,0.00017611199291422963,22,,,,,
14353,0.004153363406658173,22,,,,,
14354,0.002183695789426565,22,,,,,
14355,9.668654456618242e-06,22,,,,,
14356,1.760614395607263e-05,22,,,,,
14357,6.503004260594025e-05,22,,,,,
14358,0.003258936107158661,22,,,,,
14359,0.011592899449169636,22,,,,,
14360,0.002854570746421814,22,,,,,
14361,0.00035080729867331684,22,,,,,
14362,1.998905099753756e-05,22,,,,,
14363,0.018729738891124725,22,,,,,
14364,7.973786705406383e-05,22,,,,,
14365,9.713671897770837e-05,22,,,,,
14366,2.607965507195331e-05,22,,,,,
14367,0.0019589529838413,22,,,,,
14368,0.0020423748064786196,22,,,,,
14369,0.0015789701137691736,22,,,,,
14370,0.026976576074957848,22,,,,,
14371,0.03109564632177353,22,,,,,
14372,6.512534127978142e-06,22,,,,,
14373,5.863320438947994e-06,22,,,,,
14374,0.004698953591287136,22,,,,,
14375,0.01059326995164156,22,,,,,
14376,5.599824817181798e-06,22,,,,,
14377,0.018965570256114006,22,,,,,
14378,0.0022550623398274183,22,,,,,
14379,0.017805034294724464,22,,,,,
14380,1.7909462712850654e-06,22,,,,,
14381,0.001817215932533145,22,,,,,
14382,0.0026887899730354548,22,,,,,
14383,0.0005144721362739801,22,,,,,
14384,2.3065265395416645e-06,22,,,,,
14385,0.0006796721718274057,22,,,,,
14386,3.858032505377196e-05,22,,,,,
14387,5.1404595069470815e-06,22,,,,,
14388,0.015859870240092278,22,,,,,
14389,1.9238303138990887e-05,22,,,,,
14390,0.00013800447050016373,22,,,,,
14391,5.695014806406107e-06,22,,,,,
14392,0.0018134026322513819,22,,,,,
14393,0.0024276413023471832,22,,,,,
14394,0.0019225530559197068,22,,,,,
14395,0.0015434924280270934,22,,,,,
14396,2.3179591153166257e-05,22,,,,,
14397,5.156493716640398e-05,22,,,,,
14398,0.015225463546812534,22,,,,,
14399,6.387031589838443e-06,22,,,,,
14400,0.0003501632600091398,22,,,,,
14401,0.02021040767431259,22,,,,,
14402,2.000796484935563e-06,22,,,,,
14403,0.012765039689838886,22,,,,,
14404,0.007809182163327932,22,,,,,
14405,0.0054474566131830215,22,,,,,
14406,0.001476121018640697,22,,,,,
14407,0.01889776438474655,22,,,,,
14408,0.0029341713525354862,22,,,,,
14409,0.0031799825374037027,22,,,,,
14410,0.027861135080456734,22,,,,,
14411,0.002801143331453204,22,,,,,
14412,3.589516609281418e-06,22,,,,,
14413,0.003752094693481922,22,,,,,
14414,4.62615535070654e-05,22,,,,,
14415,0.0018764451378956437,22,,,,,
14416,0.0005237205768935382,22,,,,,
14417,0.0025802012532949448,22,,,,,
14418,0.005429269280284643,22,,,,,
14419,0.015261782333254814,22,,,,,
14420,0.00026227711350657046,22,,,,,
1738,,,0.014580798335373402,,,,
1739,,,0.0029512899927794933,,,,
1740,,,8.815333785605617e-06,,,,
1741,,,0.018291134387254715,,,,
1742,,,4.558821729006013e-06,,,,
1743,,,0.018234172835946083,,,,
1744,,,0.00257990974932909,,,,
1745,,,2.8427011784515344e-05,,,,
1746,,,0.013210070319473743,,,,
1747,,,7.775714038871229e-05,,,,
1748,,,0.0013559582876041532,,,,
1749,,,0.006083064246922731,,,,
1750,,,1.282105301925185e-07,,,,
1751,,,0.002178965136408806,,,,
1752,,,0.017897505313158035,,,,
1753,,,2.2510095732286572e-05,,,,
1754,,,0.0030847997404634953,,,,
1755,,,0.0019701761193573475,,,,
1756,,,4.6654557081637904e-05,,,,
1757,,,0.07915043830871582,,,,
1758,,,0.00296147633343935,,,,
1759,,,2.763525117188692e-06,,,,
1760,,,8.547076140530407e-05,,,,
1761,,,0.02267005480825901,,,,
1762,,,0.00010701989231165498,,,,
1763,,,0.0019131869776174426,,,,
1764,,,0.0028364635072648525,,,,
1765,,,8.267706448350509e-07,,,,
1766,,,7.921375981823076e-07,,,,
1767,,,5.2666493388642266e-08,,,,
1768,,,0.0024492337834089994,,,,
1769,,,0.0019175123888999224,,,,
1770,,,8.295798579638358e-06,,,,
1771,,,0.006408867426216602,,,,
1772,,,2.393601334915729e-07,,,,
1773,,,7.345191477270419e-08,,,,
1774,,,0.0016859018942341208,,,,
1775,,,0.1279129534959793,,,,
1776,,,4.162854594369492e-08,,,,
1777,,,0.014241362921893597,,,,
1778,,,2.459488086969941e-06,,,,
1779,,,0.01930401474237442,,,,
1780,,,0.0018075172556564212,,,,
1781,,,0.06797442585229874,,,,
1782,,,0.014425650238990784,,,,
1783,,,0.014440641738474369,,,,
1784,,,0.0023280635941773653,,,,
1785,,,2.3526734366896562e-05,,,,
1786,,,1.3142239367880393e-06,,,,
1787,,,0.024979816749691963,,,,
1788,,,1.599130882823374e-05,,,,
1789,,,0.004407593049108982,,,,
1790,,,6.735300530635868e-07,,,,
1791,,,0.003069811500608921,,,,
1792,,,1.24486286949832e-05,,,,
1793,,,0.057811275124549866,,,,
1794,,,0.0027246924582868814,,,,
1795,,,3.991120593127562e-06,,,,
1796,,,0.0037891052197664976,,,,
1797,,,0.01154182106256485,,,,
1798,,,0.004809570033103228,,,,
1799,,,1.6290831581500242e-06,,,,
1800,,,5.582011297633471e-08,,,,
1801,,,0.021044157445430756,,,,
1802,,,0.002035056008026004,,,,
1803,,,0.002822692273184657,,,,
1804,,,0.0004536154738161713,,,,
1805,,,0.039489105343818665,,,,
1806,,,7.788710718159564e-06,,,,
1807,,,6.480083669657688e-08,,,,
1808,,,3.763831773540005e-05,,,,
1809,,,0.002137188334017992,,,,
1810,,,0.016871657222509384,,,,
1811,,,0.07354657351970673,,,,
1812,,,0.030337834730744362,,,,
1813,,,0.23529742658138275,,,,
1814,,,9.930741725838743e-06,,,,
1815,,,1.4206550986273214e-05,,,,
1816,,,5.310687993187457e-05,,,,
14420,,22,,0.013093340210616589,,,
14420,,22,,,0.7579113841056824,0.005294577218592167,0.8069620132446289
14421,0.0008906836155802011,23,,,,,
14422,2.674225834198296e-05,23,,,,,
14423,0.003757681231945753,23,,,,,
14424,0.013784484937787056,23,,,,,
14425,3.455492696957663e-05,23,,,,,
14426,0.011895297095179558,23,,,,,
14427,0.009471467696130276,23,,,,,
14428,0.011778579093515873,23,,,,,
14429,2.4518423742847517e-05,23,,,,,
14430,0.0003234676842112094,23,,,,,
14431,0.010241486132144928,23,,,,,
14432,0.00011431054008426145,23,,,,,
14433,6.843795745226089e-06,23,,,,,
14434,0.0008069633622653782,23,,,,,
14435,0.018629614263772964,23,,,,,
14436,0.0023216288536787033,23,,,,,
14437,0.004072826821357012,23,,,,,
14438,1.6295909517793916e-05,23,,,,,
14439,0.005726946983486414,23,,,,,
14440,3.5566399674280547e-06,23,,,,,
14441,0.017045726999640465,23,,,,,
14442,0.003153839148581028,23,,,,,
14443,0.0030662240460515022,23,,,,,
14444,1.772185783011082e-06,23,,,,,
14445,0.0037927264347672462,23,,,,,
14446,2.9882021408411674e-05,23,,,,,
14447,0.014703745022416115,23,,,,,
14448,4.1265186155214906e-05,23,,,,,
14449,0.01757805049419403,23,,,,,
14450,3.0146708013489842e-05,23,,,,,
14451,0.0036041736602783203,23,,,,,
14452,0.0022000109311193228,23,,,,,
14453,0.015105204656720161,23,,,,,
14454,1.0476236639078707e-05,23,,,,,
14455,0.023216838017106056,23,,,,,
14456,0.004460918251425028,23,,,,,
14457,5.794596745545277e-06,23,,,,,
14458,2.1038527847849764e-05,23,,,,,
14459,5.57841394766001e-06,23,,,,,
14460,0.008317946456372738,23,,,,,
14461,5.139198765391484e-05,23,,,,,
14462,7.950607141538057e-06,23,,,,,
14463,3.8120042518130504e-06,23,,,,,
14464,7.492639269912615e-05,23,,,,,
14465,8.679076927364804e-06,23,,,,,
14466,0.0020361123606562614,23,,,,,
14467,2.185136327170767e-05,23,,,,,
14468,3.2442356314277276e-05,23,,,,,
14469,0.0028356052935123444,23,,,,,
14470,7.202560027508298e-06,23,,,,,
14471,0.0006026658229529858,23,,,,,
14472,0.005358896218240261,23,,,,,
14473,0.0019952922593802214,23,,,,,
14474,0.0016241584671661258,23,,,,,
14475,5.944878921582131e-06,23,,,,,
14476,0.007427194621413946,23,,,,,
14477,0.004263879731297493,23,,,,,
14478,0.026132773607969284,23,,,,,
14479,0.0023002198431640863,23,,,,,
14480,0.0048439353704452515,23,,,,,
14481,6.264628609642386e-05,23,,,,,
14482,6.910927186254412e-05,23,,,,,
14483,0.005013328976929188,23,,,,,
14484,0.010394005104899406,23,,,,,
14485,0.006151897367089987,23,,,,,
14486,1.531893758510705e-05,23,,,,,
14487,0.0017119451658800244,23,,,,,
14488,0.001506982953287661,23,,,,,
14489,0.016153303906321526,23,,,,,
14490,0.009136869572103024,23,,,,,
14491,9.65088838711381e-06,23,,,,,
14492,0.007429928984493017,23,,,,,
14493,0.021206066012382507,23,,,,,
14494,0.010541722178459167,23,,,,,
14495,4.0335576159122866e-06,23,,,,,
14496,1.7719742118060822e-06,23,,,,,
14497,4.485178942559287e-05,23,,,,,
14498,3.368163561390247e-06,23,,,,,
14499,0.002390817040577531,23,,,,,
14500,0.0027944697067141533,23,,,,,
14501,0.0014276828151196241,23,,,,,
14502,0.003172379219904542,23,,,,,
14503,3.948094672523439e-05,23,,,,,
14504,0.006421553436666727,23,,,,,
14505,1.6341033187927678e-05,23,,,,,
14506,5.7054380704357754e-06,23,,,,,
14507,0.0025104410015046597,23,,,,,
14508,0.01126187201589346,23,,,,,
14509,0.00803668424487114,23,,,,,
14510,5.408694050856866e-05,23,,,,,
14511,4.73823856736999e-05,23,,,,,
14512,0.0005969414487481117,23,,,,,
14513,2.169251638406422e-05,23,,,,,
14514,0.00024153123376891017,23,,,,,
14515,0.0038366683293133974,23,,,,,
14516,0.00013499816122930497,23,,,,,
14517,5.746485112467781e-05,23,,,,,
14518,7.713368540862575e-05,23,,,,,
14519,2.8847551220678724e-05,23,,,,,
14520,8.836343113216572e-06,23,,,,,
14521,0.021175889298319817,23,,,,,
14522,0.013330619782209396,23,,,,,
14523,0.0036243402864784002,23,,,,,
14524,0.03048289567232132,23,,,,,
14525,0.02918313629925251,23,,,,,
14526,5.169463747733971e-06,23,,,,,
14527,3.1182175916910637e-06,23,,,,,
14528,0.0002647101355250925,23,,,,,
14529,3.409078090044204e-06,23,,,,,
14530,0.003100740723311901,23,,,,,
14531,0.004004917107522488,23,,,,,
14532,0.0058911265805363655,23,,,,,
14533,5.2728873924934305e-06,23,,,,,
14534,0.012403249740600586,23,,,,,
14535,0.021803105250000954,23,,,,,
14536,0.00019247032469138503,23,,,,,
14537,0.013013380579650402,23,,,,,
14538,0.02657073549926281,23,,,,,
14539,1.8498360077501275e-05,23,,,,,
14540,0.0068023731000721455,23,,,,,
14541,0.005440168082714081,23,,,,,
14542,5.719148612115532e-05,23,,,,,
14543,0.00010297389962943271,23,,,,,
14544,1.1116767382191028e-05,23,,,,,
14545,0.0022710051853209734,23,,,,,
14546,0.0015579656464979053,23,,,,,
14547,2.401441270194482e-05,23,,,,,
14548,7.827135050320067e-06,23,,,,,
14549,3.940787792089395e-06,23,,,,,
14550,8.409599104197696e-06,23,,,,,
14551,0.012182989157736301,23,,,,,
14552,6.54286077406141e-06,23,,,,,
14553,5.4964525588729884e-06,23,,,,,
14554,0.0036567735951393843,23,,,,,
14555,0.010658251121640205,23,,,,,
14556,0.004765068180859089,23,,,,,
14557,3.725598435266875e-05,23,,,,,
14558,7.224750152090564e-05,23,,,,,
14559,0.005616587586700916,23,,,,,
14560,0.003835374256595969,23,,,,,
14561,2.9994034775882028e-05,23,,,,,
14562,0.0060921767726540565,23,,,,,
14563,0.0024889344349503517,23,,,,,
14564,3.3972316941799363e-06,23,,,,,
14565,0.013604013249278069,23,,,,,
14566,0.015190073288977146,23,,,,,
14567,0.0003393149236217141,23,,,,,
14568,0.04269767925143242,23,,,,,
14569,0.0023085628636181355,23,,,,,
14570,0.0019607730209827423,23,,,,,
14571,0.0009974593995139003,23,,,,,
14572,9.042932106240187e-06,23,,,,,
14573,0.011570162139832973,23,,,,,
14574,0.0014016866916790605,23,,,,,
14575,0.0009545402717776597,23,,,,,
14576,9.743733971845359e-05,23,,,,,
14577,0.003355549182742834,23,,,,,
14578,0.003981837071478367,23,,,,,
14579,0.01739118993282318,23,,,,,
14580,0.00216700229793787,23,,,,,
14581,6.380878403433599e-06,23,,,,,
14582,0.0001690929348114878,23,,,,,
14583,0.005227515008300543,23,,,,,
14584,6.9039851950947195e-06,23,,,,,
14585,1.7505341020296328e-05,23,,,,,
14586,0.000108153406472411,23,,,,,
14587,0.001422968925908208,23,,,,,
14588,0.01758001372218132,23,,,,,
14589,0.024803103879094124,23,,,,,
14590,0.008620710112154484,23,,,,,
14591,0.013509552925825119,23,,,,,
14592,0.0133931003510952,23,,,,,
14593,0.0007171506294980645,23,,,,,
14594,1.5617606550222263e-05,23,,,,,
14595,0.0025709476321935654,23,,,,,
14596,0.019206462427973747,23,,,,,
14597,9.08315196284093e-05,23,,,,,
14598,0.017608920112252235,23,,,,,
14599,0.0008052660850808024,23,,,,,
14600,1.6898886315175332e-05,23,,,,,
14601,0.012037735432386398,23,,,,,
14602,0.00018131571414414793,23,,,,,
14603,0.003051627893000841,23,,,,,
14604,7.962287054397166e-05,23,,,,,
14605,3.370931608515093e-06,23,,,,,
14606,0.00015205692034214735,23,,,,,
14607,4.3661675590556115e-06,23,,,,,
14608,0.012790423817932606,23,,,,,
14609,0.0013532149605453014,23,,,,,
14610,4.157232979196124e-06,23,,,,,
14611,0.004212023690342903,23,,,,,
14612,0.019946880638599396,23,,,,,
14613,7.1777885750634596e-06,23,,,,,
14614,0.014679268933832645,23,,,,,
14615,0.009930971078574657,23,,,,,
14616,2.576731458248105e-05,23,,,,,
14617,0.01812054216861725,23,,,,,
14618,0.012573867104947567,23,,,,,
14619,0.0015094695845618844,23,,,,,
14620,0.0041098883375525475,23,,,,,
14621,4.692062702815747e-06,23,,,,,
14622,0.004052712116390467,23,,,,,
14623,4.746414560941048e-05,23,,,,,
14624,0.019126636907458305,23,,,,,
14625,0.005321409087628126,23,,,,,
14626,0.010056335479021072,23,,,,,
14627,0.01479796040803194,23,,,,,
14628,0.0046713221818208694,23,,,,,
14629,0.02362576127052307,23,,,,,
14630,4.814880867343163e-06,23,,,,,
14631,0.0036234010476619005,23,,,,,
14632,8.339474334206898e-06,23,,,,,
14633,9.366581252834294e-06,23,,,,,
14634,9.6605790531612e-06,23,,,,,
14635,0.00709556182846427,23,,,,,
14636,0.0002493572246748954,23,,,,,
14637,6.701165148115251e-06,23,,,,,
14638,0.006101755425333977,23,,,,,
14639,6.196818958414951e-06,23,,,,,
14640,6.557194865308702e-06,23,,,,,
14641,0.022144369781017303,23,,,,,
14642,0.03800045698881149,23,,,,,
14643,2.092522117891349e-05,23,,,,,
14644,1.800362042558845e-05,23,,,,,
14645,0.0041871219873428345,23,,,,,
14646,2.9578875910374336e-05,23,,,,,
14647,0.0030588293448090553,23,,,,,
14648,1.5201562746369746e-05,23,,,,,
14649,0.00012525872443802655,23,,,,,
14650,0.011279680766165257,23,,,,,
14651,0.017253540456295013,23,,,,,
14652,0.004913032986223698,23,,,,,
14653,0.003358970396220684,23,,,,,
14654,0.014792054891586304,23,,,,,
14655,0.00442860322073102,23,,,,,
14656,5.6598681112518534e-05,23,,,,,
14657,4.263777009327896e-05,23,,,,,
14658,0.0001241743448190391,23,,,,,
14659,0.019645381718873978,23,,,,,
14660,0.0030521105509251356,23,,,,,
14661,1.7975058653973974e-05,23,,,,,
14662,0.015887726098299026,23,,,,,
14663,0.0018880125135183334,23,,,,,
14664,2.459432289469987e-05,23,,,,,
14665,0.0035865921527147293,23,,,,,
14666,0.00018743964028544724,23,,,,,
14667,0.009256202727556229,23,,,,,
14668,8.917727245716378e-05,23,,,,,
14669,0.0009347993764095008,23,,,,,
14670,0.00845481175929308,23,,,,,
14671,1.7784595911507495e-05,23,,,,,
14672,0.028655419126152992,23,,,,,
14673,8.279646863229573e-05,23,,,,,
14674,1.3407437108980957e-05,23,,,,,
14675,1.9932691429858096e-05,23,,,,,
14676,0.0005443881964311004,23,,,,,
14677,0.01663634553551674,23,,,,,
14678,0.0001363736082566902,23,,,,,
14679,0.002803195733577013,23,,,,,
14680,0.04881129786372185,23,,,,,
14681,0.0035919826477766037,23,,,,,
14682,0.010773901827633381,23,,,,,
14683,1.1966483725700527e-05,23,,,,,
14684,2.504377880541142e-05,23,,,,,
14685,0.006535394582897425,23,,,,,
14686,7.093226940924069e-06,23,,,,,
14687,0.00031034956919029355,23,,,,,
14688,0.023841332644224167,23,,,,,
14689,1.6650776160531677e-05,23,,,,,
14690,0.005709574557840824,23,,,,,
14691,0.0001179413084173575,23,,,,,
14692,0.007153552025556564,23,,,,,
14693,1.2861704817623831e-05,23,,,,,
14694,3.937781002605334e-06,23,,,,,
14695,7.240154445753433e-06,23,,,,,
14696,2.4650164050399326e-05,23,,,,,
14697,2.2938007532502525e-05,23,,,,,
14698,0.001981494715437293,23,,,,,
14699,0.008846675977110863,23,,,,,
14700,7.434606686729239e-06,23,,,,,
14701,0.015950167551636696,23,,,,,
14702,9.074475383386016e-05,23,,,,,
14703,2.152788329112809e-05,23,,,,,
14704,0.0001476897596148774,23,,,,,
14705,1.7357773685944267e-05,23,,,,,
14706,8.374780009035021e-06,23,,,,,
14707,0.0019905974622815847,23,,,,,
14708,0.003190605202689767,23,,,,,
14709,0.01563579961657524,23,,,,,
14710,4.324226392782293e-05,23,,,,,
14711,0.002958362689241767,23,,,,,
14712,0.023896388709545135,23,,,,,
14713,8.601909939898178e-06,23,,,,,
14714,1.1246014764765278e-05,23,,,,,
14715,0.002397230826318264,23,,,,,
14716,3.0592251277994365e-05,23,,,,,
14717,0.003518340177834034,23,,,,,
14718,4.887155682808952e-06,23,,,,,
14719,5.262174454401247e-06,23,,,,,
14720,4.2760337237268686e-05,23,,,,,
14721,6.514693723147502e-06,23,,,,,
14722,2.5592629754100926e-05,23,,,,,
14723,0.0024816610384732485,23,,,,,
14724,0.005388923920691013,23,,,,,
14725,5.316798706189729e-06,23,,,,,
14726,0.006679069250822067,23,,,,,
14727,0.006688886787742376,23,,,,,
14728,0.0017138745170086622,23,,,,,
14729,0.00464783376082778,23,,,,,
14730,0.009218346327543259,23,,,,,
14731,0.015041239559650421,23,,,,,
14732,6.402090548363049e-06,23,,,,,
14733,0.0017115825321525335,23,,,,,
14734,0.004193732514977455,23,,,,,
14735,1.099521523428848e-05,23,,,,,
14736,1.4263633602240589e-05,23,,,,,
14737,0.001425541122443974,23,,,,,
14738,2.5439710952923633e-05,23,,,,,
14739,4.80537346447818e-05,23,,,,,
14740,0.03175272047519684,23,,,,,
14741,0.00014873377222102135,23,,,,,
14742,0.03859857842326164,23,,,,,
14743,0.03627946227788925,23,,,,,
14744,4.309870200813748e-05,23,,,,,
14745,0.03092907927930355,23,,,,,
14746,0.026055311784148216,23,,,,,
14747,1.1733707651728764e-05,23,,,,,
14748,6.865291652502492e-05,23,,,,,
14749,0.003680262714624405,23,,,,,
14750,0.002386592561379075,23,,,,,
14751,5.645648343488574e-05,23,,,,,
14752,0.004232435487210751,23,,,,,
14753,1.2362135748844594e-05,23,,,,,
14754,0.0055746035650372505,23,,,,,
14755,1.407318177371053e-05,23,,,,,
14756,0.005134195555001497,23,,,,,
14757,0.002711112145334482,23,,,,,
14758,8.711493137525395e-06,23,,,,,
14759,0.007603559643030167,23,,,,,
14760,0.019581535831093788,23,,,,,
14761,0.003028209088370204,23,,,,,
14762,0.004567747935652733,23,,,,,
14763,5.892842455068603e-05,23,,,,,
14764,0.008713925257325172,23,,,,,
14765,0.00016158582002390176,23,,,,,
14766,3.787633431784343e-06,23,,,,,
14767,4.5414111809805036e-05,23,,,,,
14768,0.011786297895014286,23,,,,,
14769,0.00045494918595068157,23,,,,,
14770,6.115945870988071e-05,23,,,,,
14771,0.02551562525331974,23,,,,,
14772,0.002055210992693901,23,,,,,
14773,0.0029732510447502136,23,,,,,
14774,0.004455568268895149,23,,,,,
14775,0.017710570245981216,23,,,,,
14776,0.0001599621173227206,23,,,,,
14777,0.003278659423813224,23,,,,,
14778,0.0206082072108984,23,,,,,
14779,1.2227695151523221e-05,23,,,,,
14780,0.007524747401475906,23,,,,,
14781,0.016699248924851418,23,,,,,
14782,0.0001945758267538622,23,,,,,
14783,0.032911334186792374,23,,,,,
14784,0.007889200001955032,23,,,,,
14785,0.00019707914907485247,23,,,,,
14786,0.00030670815613120794,23,,,,,
14787,2.4256327378679998e-05,23,,,,,
14788,0.008465951308608055,23,,,,,
14789,4.020220512757078e-05,23,,,,,
14790,0.0038783408235758543,23,,,,,
14791,0.00017466321878600866,23,,,,,
14792,0.012865004129707813,23,,,,,
14793,0.020561931654810905,23,,,,,
14794,0.00661818403750658,23,,,,,
14795,8.502071978000458e-06,23,,,,,
14796,0.002583187073469162,23,,,,,
14797,0.004922541789710522,23,,,,,
14798,0.0010430134134367108,23,,,,,
14799,0.025882510468363762,23,,,,,
14800,0.037075746804475784,23,,,,,
14801,0.009239650331437588,23,,,,,
14802,5.3531559387920424e-05,23,,,,,
14803,0.0038109878078103065,23,,,,,
14804,0.01594405248761177,23,,,,,
14805,0.035898853093385696,23,,,,,
14806,0.0005982718430459499,23,,,,,
14807,0.0066701495088636875,23,,,,,
14808,8.334502126672305e-06,23,,,,,
14809,2.7655680696625495e-06,23,,,,,
14810,2.0167296952422475e-06,23,,,,,
14811,0.0026920889504253864,23,,,,,
14812,0.021177174523472786,23,,,,,
14813,0.0043067303486168385,23,,,,,
14814,0.01160525344312191,23,,,,,
14815,0.019027722999453545,23,,,,,
14816,0.005750095471739769,23,,,,,
14817,6.6429906837583985e-06,23,,,,,
14818,0.022476930171251297,23,,,,,
14819,0.022417599335312843,23,,,,,
14820,0.0028692656196653843,23,,,,,
14821,0.004742567427456379,23,,,,,
14822,2.015265818045009e-05,23,,,,,
14823,0.003640791866928339,23,,,,,
14824,6.496529385913163e-05,23,,,,,
14825,0.002083052881062031,23,,,,,
14826,1.3715267414227128e-05,23,,,,,
14827,6.5831231950141955e-06,23,,,,,
14828,1.40648044180125e-05,23,,,,,
14829,0.005660714115947485,23,,,,,
14830,5.0903290684800595e-06,23,,,,,
14831,4.9754003157431725e-06,23,,,,,
14832,0.005014687776565552,23,,,,,
14833,0.010529404506087303,23,,,,,
14834,0.006934324279427528,23,,,,,
14835,0.002950882539153099,23,,,,,
14836,0.01785867288708687,23,,,,,
14837,0.01676025614142418,23,,,,,
14838,6.870703145978041e-06,23,,,,,
14839,0.0031535159796476364,23,,,,,
14840,0.002465279074385762,23,,,,,
14841,0.012431503273546696,23,,,,,
14842,9.44660041568568e-06,23,,,,,
14843,2.7424737709225155e-05,23,,,,,
14844,0.014945157803595066,23,,,,,
14845,0.00303710182197392,23,,,,,
14846,2.0168456558167236e-06,23,,,,,
14847,0.002344648353755474,23,,,,,
14848,0.017134828492999077,23,,,,,
14849,0.021037504076957703,23,,,,,
14850,3.7793452065670863e-06,23,,,,,
14851,3.799730166065274e-06,23,,,,,
14852,0.00023679633159190416,23,,,,,
14853,9.114915883401409e-06,23,,,,,
14854,0.0035026620607823133,23,,,,,
14855,0.014029276557266712,23,,,,,
14856,0.002816335065290332,23,,,,,
14857,1.6362766473321244e-05,23,,,,,
14858,6.385875167325139e-06,23,,,,,
14859,0.0029399963095784187,23,,,,,
14860,0.005068967118859291,23,,,,,
14861,4.410307155922055e-06,23,,,,,
14862,0.0025841533206403255,23,,,,,
14863,6.246749398997054e-05,23,,,,,
14864,0.019232986494898796,23,,,,,
14865,4.618651473720092e-06,23,,,,,
14866,5.79657307753223e-06,23,,,,,
14867,2.292643148393836e-05,23,,,,,
14868,5.888304076506756e-05,23,,,,,
14869,1.8890239061875036e-06,23,,,,,
14870,0.02617361582815647,23,,,,,
14871,0.01589667610824108,23,,,,,
14872,0.014646658673882484,23,,,,,
14873,0.004182916134595871,23,,,,,
14874,0.0037901662290096283,23,,,,,
14875,8.016369974939153e-05,23,,,,,
14876,1.4625527455791598e-06,23,,,,,
14877,0.001811450463719666,23,,,,,
14878,0.015999391674995422,23,,,,,
14879,1.6070370065790485e-06,23,,,,,
14880,1.4015457963978406e-05,23,,,,,
14881,5.776562829851173e-06,23,,,,,
14882,0.00303958123549819,23,,,,,
14883,0.0028732928913086653,23,,,,,
14884,0.0019184566335752606,23,,,,,
14885,0.013236728496849537,23,,,,,
14886,0.00020611670333892107,23,,,,,
14887,4.619858373189345e-06,23,,,,,
14888,3.879819814756047e-06,23,,,,,
14889,0.006105555687099695,23,,,,,
14890,0.0033668463584035635,23,,,,,
14891,2.3776742636982817e-06,23,,,,,
14892,6.76216404826846e-06,23,,,,,
14893,0.005308446940034628,23,,,,,
14894,3.5324944747117115e-06,23,,,,,
14895,0.0041827852837741375,23,,,,,
14896,7.354199169640196e-07,23,,,,,
14897,0.0027962911408394575,23,,,,,
14898,0.002289970638230443,23,,,,,
14899,4.868260657531209e-05,23,,,,,
14900,1.524628260085592e-05,23,,,,,
14901,0.0024976064451038837,23,,,,,
14902,6.885287439217791e-05,23,,,,,
14903,9.149833203991875e-06,23,,,,,
14904,2.5668679882073775e-05,23,,,,,
14905,0.003560185432434082,23,,,,,
14906,6.307566309260437e-06,23,,,,,
14907,5.759828582085902e-06,23,,,,,
14908,9.584113286109641e-06,23,,,,,
14909,0.04206841439008713,23,,,,,
14910,1.244543818756938e-05,23,,,,,
14911,2.5294453735114075e-05,23,,,,,
14912,0.007143427152186632,23,,,,,
14913,2.100729943776969e-05,23,,,,,
14914,0.004644735716283321,23,,,,,
14915,0.021172817796468735,23,,,,,
14916,2.8524009394459426e-06,23,,,,,
14917,6.254301752051106e-06,23,,,,,
14918,3.4048923680529697e-06,23,,,,,
14919,3.528480010572821e-05,23,,,,,
14920,0.002816250780597329,23,,,,,
14921,0.002642139093950391,23,,,,,
14922,5.279720880935201e-06,23,,,,,
14923,0.016031280159950256,23,,,,,
14924,1.4155055396258831e-05,23,,,,,
14925,1.1056597486458486e-06,23,,,,,
14926,2.2925762550585205e-06,23,,,,,
14927,1.6392432371503673e-05,23,,,,,
14928,0.016175903379917145,23,,,,,
14929,0.0040938518941402435,23,,,,,
14930,0.03097834438085556,23,,,,,
14931,0.004123374354094267,23,,,,,
14932,0.0023772299755364656,23,,,,,
14933,2.905479232140351e-05,23,,,,,
14934,0.018646111711859703,23,,,,,
14935,0.010691904462873936,23,,,,,
14936,0.009670015424489975,23,,,,,
14937,0.019781263545155525,23,,,,,
14938,4.467783583095297e-06,23,,,,,
14939,8.637048267701175e-06,23,,,,,
14940,0.004762203432619572,23,,,,,
14941,0.006538919173181057,23,,,,,
14942,0.003018856281414628,23,,,,,
14943,1.5763491319376044e-05,23,,,,,
14944,3.533838707880932e-06,23,,,,,
14945,0.013389531522989273,23,,,,,
14946,3.967995780840283e-06,23,,,,,
14947,2.4269390905828914e-06,23,,,,,
14948,6.605114776903065e-06,23,,,,,
14949,6.848089105915278e-05,23,,,,,
14950,7.995939085958526e-06,23,,,,,
14951,0.029617993161082268,23,,,,,
14952,0.03237541392445564,23,,,,,
14953,0.005335407797247171,23,,,,,
14954,4.0480645111529157e-05,23,,,,,
14955,0.0019692410714924335,23,,,,,
14956,6.459419819293544e-05,23,,,,,
14957,5.835039701196365e-06,23,,,,,
14958,0.004756712354719639,23,,,,,
14959,4.277517291484401e-06,23,,,,,
14960,6.025580660207197e-06,23,,,,,
14961,2.06095319299493e-06,23,,,,,
14962,4.659738351620035e-06,23,,,,,
14963,0.000127475694171153,23,,,,,
14964,0.0018301451345905662,23,,,,,
14965,0.0012986570363864303,23,,,,,
14966,4.411785994307138e-05,23,,,,,
14967,0.0034770299680531025,23,,,,,
14968,0.01909523271024227,23,,,,,
14969,1.4084275790082756e-05,23,,,,,
14970,0.0016145738773047924,23,,,,,
14971,4.191208518022904e-06,23,,,,,
14972,1.3524489986593835e-05,23,,,,,
14973,0.005997731816023588,23,,,,,
14974,0.015528466552495956,23,,,,,
14975,0.001501705264672637,23,,,,,
14976,0.0034931304398924112,23,,,,,
14977,0.0071319700218737125,23,,,,,
14978,0.005378214176744223,23,,,,,
14979,2.065314765786752e-05,23,,,,,
14980,3.647369567261194e-06,23,,,,,
14981,8.544065167370718e-06,23,,,,,
14982,0.019471846520900726,23,,,,,
14983,0.025090055540204048,23,,,,,
14984,0.0037100808694958687,23,,,,,
14985,0.00945203099399805,23,,,,,
14986,0.0009143110946752131,23,,,,,
14987,0.030160164460539818,23,,,,,
14988,0.021003445610404015,23,,,,,
14989,0.03350570797920227,23,,,,,
14990,0.002731405198574066,23,,,,,
14991,0.01849544793367386,23,,,,,
14992,0.0034820977598428726,23,,,,,
14993,1.263760441361228e-05,23,,,,,
14994,3.404838707865565e-06,23,,,,,
14995,2.613452807054273e-06,23,,,,,
14996,1.1970989817200461e-06,23,,,,,
14997,0.0036131443921476603,23,,,,,
14998,4.022321718366584e-06,23,,,,,
14999,1.677619366091676e-06,23,,,,,
15000,0.002607311587780714,23,,,,,
15001,0.0015796545194461942,23,,,,,
15002,0.018067732453346252,23,,,,,
15003,0.013604109175503254,23,,,,,
15004,3.041731361008715e-05,23,,,,,
15005,0.018742306157946587,23,,,,,
15006,4.427860403666273e-05,23,,,,,
15007,6.511994797619991e-06,23,,,,,
15008,0.012363175861537457,23,,,,,
15009,8.20894001662964e-06,23,,,,,
15010,2.1389455469034147e-06,23,,,,,
15011,0.004564016591757536,23,,,,,
15012,0.00019430248357821256,23,,,,,
15013,5.541797236219281e-06,23,,,,,
15014,0.004522852133959532,23,,,,,
15015,5.18126716997358e-06,23,,,,,
15016,0.00353413843549788,23,,,,,
15017,4.037597136630211e-06,23,,,,,
15018,0.0009333862108178437,23,,,,,
15019,0.0027674695011228323,23,,,,,
15020,0.004315651021897793,23,,,,,
15021,1.7691537550490466e-06,23,,,,,
15022,5.97749431108241e-06,23,,,,,
15023,3.0213443551474484e-06,23,,,,,
15024,0.006707833614200354,23,,,,,
15025,1.6669392834955943e-06,23,,,,,
15026,0.011958188377320766,23,,,,,
15027,0.002585388720035553,23,,,,,
15028,0.009460404515266418,23,,,,,
15029,0.0031299469992518425,23,,,,,
15030,0.010397827252745628,23,,,,,
15031,0.002407829277217388,23,,,,,
15032,0.002579959575086832,23,,,,,
15033,5.739597327192314e-06,23,,,,,
15034,0.00043080677278339863,23,,,,,
15035,2.8489901069406187e-06,23,,,,,
15036,0.0026029818691313267,23,,,,,
15037,0.0028843465261161327,23,,,,,
15038,1.1862800874951063e-06,23,,,,,
15039,2.890890755224973e-05,23,,,,,
15040,0.003269260749220848,23,,,,,
15041,0.006429808679968119,23,,,,,
15042,1.8241761381432298e-06,23,,,,,
15043,0.003687856951728463,23,,,,,
15044,0.013099846430122852,23,,,,,
15045,6.06739604336326e-06,23,,,,,
15046,2.455000412737718e-06,23,,,,,
15047,2.201333472839906e-06,23,,,,,
1817,,,0.012472587637603283,,,,
1818,,,0.003319563576951623,,,,
1819,,,1.2728070153400495e-08,,,,
1820,,,0.017482062801718712,,,,
1821,,,1.4280267635058408e-08,,,,
1822,,,0.017904402688145638,,,,
1823,,,0.0025389359798282385,,,,
1824,,,7.050008132836183e-09,,,,
1825,,,0.011396007612347603,,,,
1826,,,6.30736840534496e-09,,,,
1827,,,3.0872037370954786e-08,,,,
1828,,,0.006694960407912731,,,,
1829,,,7.140138702510512e-09,,,,
1830,,,0.0022044507786631584,,,,
1831,,,0.015256751328706741,,,,
1832,,,3.4234396650845156e-08,,,,
1833,,,0.004297776147723198,,,,
1834,,,0.0021498403511941433,,,,
1835,,,4.5849724017443805e-09,,,,
1836,,,0.09732279181480408,,,,
1837,,,0.003247483167797327,,,,
1838,,,1.4740926701506396e-08,,,,
1839,,,2.5064480269065825e-08,,,,
1840,,,0.027571402490139008,,,,
1841,,,4.157034538820881e-08,,,,
1842,,,0.002250524004921317,,,,
1843,,,0.003238511038944125,,,,
1844,,,8.252948546783045e-09,,,,
1845,,,5.361262989111992e-09,,,,
1846,,,1.0407153361313703e-08,,,,
1847,,,0.002332801930606365,,,,
1848,,,0.0015654866583645344,,,,
1849,,,1.77865416617351e-07,,,,
1850,,,0.006895718164741993,,,,
1851,,,1.9552805596845246e-08,,,,
1852,,,3.6124021551842134e-09,,,,
1853,,,0.0014822663506492972,,,,
1854,,,0.128057062625885,,,,
1855,,,6.622737025452352e-09,,,,
1856,,,0.011363793164491653,,,,
1857,,,8.127904571608724e-09,,,,
1858,,,0.031214214861392975,,,,
1859,,,0.0022802550811320543,,,,
1860,,,0.14295527338981628,,,,
1861,,,0.011533631943166256,,,,
1862,,,0.01434284821152687,,,,
1863,,,0.0027032303623855114,,,,
1864,,,2.133487129185596e-07,,,,
1865,,,2.5636325062805554e-08,,,,
1866,,,0.025366047397255898,,,,
1867,,,2.505173597455723e-07,,,,
1868,,,0.0037035520654171705,,,,
1869,,,5.1272808221369814e-09,,,,
1870,,,0.0030917648691684008,,,,
1871,,,1.2818202055342454e-09,,,,
1872,,,0.07923289388418198,,,,
1873,,,0.002688146661967039,,,,
1874,,,1.6505888211781894e-08,,,,
1875,,,0.0039061647839844227,,,,
1876,,,0.015192384831607342,,,,
1877,,,0.004570999648422003,,,,
1878,,,8.652284222421258e-09,,,,
1879,,,1.6714494677216862e-08,,,,
1880,,,0.017619851976633072,,,,
1881,,,0.0025218476075679064,,,,
1882,,,0.0028144086245447397,,,,
1883,,,2.9491822317595506e-08,,,,
1884,,,0.028190739452838898,,,,
1885,,,4.44810765998227e-09,,,,
1886,,,5.196301611221088e-09,,,,
1887,,,1.498256629872685e-08,,,,
1888,,,0.0025561186484992504,,,,
1889,,,0.017336564138531685,,,,
1890,,,0.07603754103183746,,,,
1891,,,0.03762213885784149,,,,
1892,,,0.2913743555545807,,,,
1893,,,2.9410071533675364e-07,,,,
1894,,,9.00278163129542e-09,,,,
1895,,,8.34462170473671e-08,,,,
15047,,23,,0.015334202907979488,,,
15047,,23,,,0.8227847814559937,0.005348636768758297,0.8765822649002075
