step,csv-train_loss_step,csv-epoch,csv-val_loss_step,csv-val_loss_epoch,csv-accuracy/exact,csv-train_loss_epoch,csv-accuracy/validator
0,2.9425368309020996,0,,,,,
1,2.366931915283203,0,,,,,
2,2.216273784637451,0,,,,,
3,2.2018673419952393,0,,,,,
4,2.1371469497680664,0,,,,,
5,1.9768562316894531,0,,,,,
6,2.0911359786987305,0,,,,,
7,1.857155680656433,0,,,,,
8,1.8425815105438232,0,,,,,
9,1.7750989198684692,0,,,,,
10,1.8767958879470825,0,,,,,
11,1.77568519115448,0,,,,,
12,1.608113408088684,0,,,,,
13,1.5854860544204712,0,,,,,
14,1.6227773427963257,0,,,,,
15,1.5356290340423584,0,,,,,
16,1.528710961341858,0,,,,,
17,1.5860353708267212,0,,,,,
18,1.4557265043258667,0,,,,,
19,1.379313588142395,0,,,,,
20,1.3689204454421997,0,,,,,
21,1.5261836051940918,0,,,,,
22,1.3914703130722046,0,,,,,
23,1.3808804750442505,0,,,,,
24,1.3569830656051636,0,,,,,
25,1.261177659034729,0,,,,,
26,1.283144474029541,0,,,,,
27,1.2880271673202515,0,,,,,
28,1.1598471403121948,0,,,,,
29,1.2896857261657715,0,,,,,
30,1.1814988851547241,0,,,,,
31,1.2125056982040405,0,,,,,
32,1.2339305877685547,0,,,,,
33,1.0709503889083862,0,,,,,
34,1.1088650226593018,0,,,,,
35,1.0133873224258423,0,,,,,
36,1.1523971557617188,0,,,,,
37,0.9305034279823303,0,,,,,
38,1.0037167072296143,0,,,,,
39,1.0060651302337646,0,,,,,
40,1.0493308305740356,0,,,,,
41,0.9021320939064026,0,,,,,
42,1.1059383153915405,0,,,,,
43,0.8743730783462524,0,,,,,
44,0.8585010766983032,0,,,,,
45,0.8307822346687317,0,,,,,
46,0.8277400135993958,0,,,,,
47,0.8725658655166626,0,,,,,
48,0.9685637354850769,0,,,,,
49,0.7616702914237976,0,,,,,
50,0.7786142230033875,0,,,,,
51,0.7695388793945312,0,,,,,
52,0.6865907907485962,0,,,,,
53,0.674601137638092,0,,,,,
54,0.7767205834388733,0,,,,,
55,0.7627427577972412,0,,,,,
56,0.8000369071960449,0,,,,,
57,0.7399623394012451,0,,,,,
58,0.7426599860191345,0,,,,,
59,0.657772958278656,0,,,,,
60,0.6389192342758179,0,,,,,
61,0.69954514503479,0,,,,,
62,0.6301538944244385,0,,,,,
63,0.5728319883346558,0,,,,,
64,0.539044976234436,0,,,,,
65,0.5925849080085754,0,,,,,
66,0.5673941969871521,0,,,,,
67,0.5458559989929199,0,,,,,
68,0.5627001523971558,0,,,,,
69,0.46639931201934814,0,,,,,
70,0.5209277272224426,0,,,,,
71,0.8162912726402283,0,,,,,
72,0.5764721632003784,0,,,,,
73,0.5492426753044128,0,,,,,
74,0.5607394576072693,0,,,,,
75,0.4465946853160858,0,,,,,
76,0.5189713835716248,0,,,,,
77,0.5272842645645142,0,,,,,
78,0.4352649748325348,0,,,,,
79,0.5541204214096069,0,,,,,
80,0.5374413132667542,0,,,,,
81,0.40372157096862793,0,,,,,
82,0.36300843954086304,0,,,,,
83,0.5351631045341492,0,,,,,
84,0.5373280048370361,0,,,,,
85,0.3913149833679199,0,,,,,
86,0.5303247570991516,0,,,,,
87,0.3464885950088501,0,,,,,
88,0.38570335507392883,0,,,,,
89,0.4295351803302765,0,,,,,
90,0.41245603561401367,0,,,,,
91,0.31214654445648193,0,,,,,
92,0.307926207780838,0,,,,,
93,0.4858591556549072,0,,,,,
94,0.5544995665550232,0,,,,,
95,0.37205731868743896,0,,,,,
96,0.3232690393924713,0,,,,,
97,0.37194812297821045,0,,,,,
98,0.2844497859477997,0,,,,,
99,0.353130578994751,0,,,,,
100,0.23476660251617432,0,,,,,
101,0.4459294378757477,0,,,,,
102,0.25162065029144287,0,,,,,
103,0.35288771986961365,0,,,,,
104,0.3274712860584259,0,,,,,
105,0.2642137110233307,0,,,,,
106,0.17960955202579498,0,,,,,
107,0.2612811028957367,0,,,,,
108,0.3157423138618469,0,,,,,
109,0.2291250228881836,0,,,,,
110,0.237045556306839,0,,,,,
111,0.256369024515152,0,,,,,
112,0.27081599831581116,0,,,,,
113,0.47779718041419983,0,,,,,
114,0.3230403661727905,0,,,,,
115,0.20602446794509888,0,,,,,
116,0.21325936913490295,0,,,,,
117,0.25481513142585754,0,,,,,
118,0.31481224298477173,0,,,,,
119,0.21681901812553406,0,,,,,
120,0.20760183036327362,0,,,,,
121,0.19014811515808105,0,,,,,
122,0.23782330751419067,0,,,,,
123,0.1417466104030609,0,,,,,
124,0.2819111943244934,0,,,,,
125,0.4092247188091278,0,,,,,
126,0.2196822464466095,0,,,,,
127,0.11932899057865143,0,,,,,
128,0.21271222829818726,0,,,,,
129,0.22998902201652527,0,,,,,
130,0.1965940296649933,0,,,,,
131,0.23295730352401733,0,,,,,
132,0.1555549055337906,0,,,,,
133,0.17153000831604004,0,,,,,
134,0.15018929541110992,0,,,,,
135,0.3150409460067749,0,,,,,
136,0.16289028525352478,0,,,,,
137,0.18732377886772156,0,,,,,
138,0.15975122153759003,0,,,,,
139,0.21607705950737,0,,,,,
140,0.3394875228404999,0,,,,,
141,0.1524665504693985,0,,,,,
142,0.12417802214622498,0,,,,,
143,0.24382974207401276,0,,,,,
144,0.19558297097682953,0,,,,,
145,0.12459199875593185,0,,,,,
146,0.12313222885131836,0,,,,,
147,0.1125672236084938,0,,,,,
148,0.3262779116630554,0,,,,,
149,0.1318790763616562,0,,,,,
150,0.31224334239959717,0,,,,,
151,0.13910244405269623,0,,,,,
152,0.22495630383491516,0,,,,,
153,0.1943066269159317,0,,,,,
154,0.20937642455101013,0,,,,,
155,0.12138053774833679,0,,,,,
156,0.22074520587921143,0,,,,,
0,,,0.08244310319423676,,,,
1,,,0.017466505989432335,,,,
2,,,0.03193340077996254,,,,
3,,,0.2507522702217102,,,,
4,,,0.027888819575309753,,,,
5,,,0.1461872160434723,,,,
6,,,0.12882643938064575,,,,
7,,,0.0563528873026371,,,,
8,,,0.10319322347640991,,,,
9,,,0.040914617478847504,,,,
10,,,0.025762857869267464,,,,
11,,,0.017222866415977478,,,,
12,,,0.020952144637703896,,,,
13,,,0.03208759427070618,,,,
14,,,0.1840168535709381,,,,
15,,,0.1678190380334854,,,,
16,,,0.10858546942472458,,,,
17,,,0.037912022322416306,,,,
18,,,0.0918528288602829,,,,
19,,,0.03924359753727913,,,,
156,,0,,0.08163035660982132,,,
156,,0,,,0.5199999809265137,0.7067041993141174,0.6074999570846558
157,0.11610595136880875,1,,,,,
158,0.1985921859741211,1,,,,,
159,0.12535452842712402,1,,,,,
160,0.15918077528476715,1,,,,,
161,0.08475280553102493,1,,,,,
162,0.17604433000087738,1,,,,,
163,0.16482174396514893,1,,,,,
164,0.24831132590770721,1,,,,,
165,0.2980717718601227,1,,,,,
166,0.10468876361846924,1,,,,,
167,0.10492006689310074,1,,,,,
168,0.20014774799346924,1,,,,,
169,0.09776835143566132,1,,,,,
170,0.19603918492794037,1,,,,,
171,0.11246798932552338,1,,,,,
172,0.15781906247138977,1,,,,,
173,0.11038461327552795,1,,,,,
174,0.12873482704162598,1,,,,,
175,0.1307774931192398,1,,,,,
176,0.08188937604427338,1,,,,,
177,0.1071513295173645,1,,,,,
178,0.122647225856781,1,,,,,
179,0.1267416626214981,1,,,,,
180,0.161615252494812,1,,,,,
181,0.1414066106081009,1,,,,,
182,0.09347087144851685,1,,,,,
183,0.06305912882089615,1,,,,,
184,0.1349187046289444,1,,,,,
185,0.26333704590797424,1,,,,,
186,0.07045838981866837,1,,,,,
187,0.14544346928596497,1,,,,,
188,0.20824560523033142,1,,,,,
189,0.15843091905117035,1,,,,,
190,0.11341281235218048,1,,,,,
191,0.2461307793855667,1,,,,,
192,0.21388769149780273,1,,,,,
193,0.11106704920530319,1,,,,,
194,0.1404113620519638,1,,,,,
195,0.09238695353269577,1,,,,,
196,0.19206039607524872,1,,,,,
197,0.07635975629091263,1,,,,,
198,0.14191442728042603,1,,,,,
199,0.11041784286499023,1,,,,,
200,0.13867533206939697,1,,,,,
201,0.19721223413944244,1,,,,,
202,0.05704076960682869,1,,,,,
203,0.1048109158873558,1,,,,,
204,0.19198362529277802,1,,,,,
205,0.11362754553556442,1,,,,,
206,0.18670766055583954,1,,,,,
207,0.19593803584575653,1,,,,,
208,0.09780146181583405,1,,,,,
209,0.2265266478061676,1,,,,,
210,0.19458991289138794,1,,,,,
211,0.10550831258296967,1,,,,,
212,0.05273142084479332,1,,,,,
213,0.1817256212234497,1,,,,,
214,0.07823022454977036,1,,,,,
215,0.22033381462097168,1,,,,,
216,0.0935860276222229,1,,,,,
217,0.061146438121795654,1,,,,,
218,0.05664775148034096,1,,,,,
219,0.05935540795326233,1,,,,,
220,0.1029873862862587,1,,,,,
221,0.18282870948314667,1,,,,,
222,0.3230880796909332,1,,,,,
223,0.11122091859579086,1,,,,,
224,0.2188073694705963,1,,,,,
225,0.11325973272323608,1,,,,,
226,0.07473616302013397,1,,,,,
227,0.07235169410705566,1,,,,,
228,0.05581076070666313,1,,,,,
229,0.11024291068315506,1,,,,,
230,0.056939322501420975,1,,,,,
231,0.1823766976594925,1,,,,,
232,0.12388279289007187,1,,,,,
233,0.05820147320628166,1,,,,,
234,0.04400434345006943,1,,,,,
235,0.0869920626282692,1,,,,,
236,0.1037198007106781,1,,,,,
237,0.07078257948160172,1,,,,,
238,0.07092482596635818,1,,,,,
239,0.17919282615184784,1,,,,,
240,0.06449633836746216,1,,,,,
241,0.07936333864927292,1,,,,,
242,0.0949111059308052,1,,,,,
243,0.09252974390983582,1,,,,,
244,0.07412709295749664,1,,,,,
245,0.0331420823931694,1,,,,,
246,0.0985337421298027,1,,,,,
247,0.0460648350417614,1,,,,,
248,0.11587826907634735,1,,,,,
249,0.0593969002366066,1,,,,,
250,0.07896265387535095,1,,,,,
251,0.08570671081542969,1,,,,,
252,0.12181808054447174,1,,,,,
253,0.05595780909061432,1,,,,,
254,0.0396859385073185,1,,,,,
255,0.17700748145580292,1,,,,,
256,0.046024665236473083,1,,,,,
257,0.051646653562784195,1,,,,,
258,0.04355289787054062,1,,,,,
259,0.04038626700639725,1,,,,,
260,0.03207763284444809,1,,,,,
261,0.204474538564682,1,,,,,
262,0.07869796454906464,1,,,,,
263,0.059885237365961075,1,,,,,
264,0.13274434208869934,1,,,,,
265,0.1854647397994995,1,,,,,
266,0.03812900930643082,1,,,,,
267,0.11777395009994507,1,,,,,
268,0.03315543010830879,1,,,,,
269,0.03731657192111015,1,,,,,
270,0.03884902969002724,1,,,,,
271,0.09886285662651062,1,,,,,
272,0.18783658742904663,1,,,,,
273,0.14034248888492584,1,,,,,
274,0.042384300380945206,1,,,,,
275,0.05293979123234749,1,,,,,
276,0.09772972762584686,1,,,,,
277,0.10487410426139832,1,,,,,
278,0.07785334438085556,1,,,,,
279,0.049845341593027115,1,,,,,
280,0.050777386873960495,1,,,,,
281,0.08686184883117676,1,,,,,
282,0.07945208996534348,1,,,,,
283,0.05318524315953255,1,,,,,
284,0.06454731523990631,1,,,,,
285,0.09305442869663239,1,,,,,
286,0.1471451222896576,1,,,,,
287,0.07960256189107895,1,,,,,
288,0.01605091616511345,1,,,,,
289,0.04887085780501366,1,,,,,
290,0.13097690045833588,1,,,,,
291,0.0696142166852951,1,,,,,
292,0.11957427114248276,1,,,,,
293,0.03234237805008888,1,,,,,
294,0.025838138535618782,1,,,,,
295,0.039864104241132736,1,,,,,
296,0.19521033763885498,1,,,,,
297,0.0506405346095562,1,,,,,
298,0.0361764058470726,1,,,,,
299,0.16269703209400177,1,,,,,
300,0.07941823452711105,1,,,,,
301,0.04098333418369293,1,,,,,
302,0.05163045600056648,1,,,,,
303,0.10467640310525894,1,,,,,
304,0.1035776138305664,1,,,,,
305,0.04134291782975197,1,,,,,
306,0.03541448712348938,1,,,,,
307,0.11178146302700043,1,,,,,
308,0.08505839854478836,1,,,,,
309,0.07174188643693924,1,,,,,
310,0.01700710318982601,1,,,,,
311,0.0382252000272274,1,,,,,
312,0.1414601057767868,1,,,,,
313,0.2308286726474762,1,,,,,
20,,,0.03371419757604599,,,,
21,,,0.0023899830412119627,,,,
22,,,0.006105531472712755,,,,
23,,,0.12910251319408417,,,,
24,,,0.004419457633048296,,,,
25,,,0.06705040484666824,,,,
26,,,0.06694582104682922,,,,
27,,,0.0068532670848071575,,,,
28,,,0.0340534970164299,,,,
29,,,0.005550830624997616,,,,
30,,,0.0038136388175189495,,,,
31,,,0.0034174828324466944,,,,
32,,,0.004939977079629898,,,,
33,,,0.00703738909214735,,,,
34,,,0.06658491492271423,,,,
35,,,0.08913405984640121,,,,
36,,,0.034938745200634,,,,
37,,,0.007444619666785002,,,,
38,,,0.03283962979912758,,,,
39,,,0.006823690142482519,,,,
313,,1,,0.03126911818981171,,,
313,,1,,,0.893750011920929,0.10938671231269836,0.987500011920929
314,0.035016246140003204,2,,,,,
315,0.046962592750787735,2,,,,,
316,0.03319444879889488,2,,,,,
317,0.03501825034618378,2,,,,,
318,0.07206829637289047,2,,,,,
319,0.10820692777633667,2,,,,,
320,0.12902520596981049,2,,,,,
321,0.10263443738222122,2,,,,,
322,0.15440408885478973,2,,,,,
323,0.07031555473804474,2,,,,,
324,0.06631682068109512,2,,,,,
325,0.03673705458641052,2,,,,,
326,0.019807307049632072,2,,,,,
327,0.039282772690057755,2,,,,,
328,0.028227249160408974,2,,,,,
329,0.09884339570999146,2,,,,,
330,0.09160001575946808,2,,,,,
331,0.04605475440621376,2,,,,,
332,0.23117779195308685,2,,,,,
333,0.10860089957714081,2,,,,,
334,0.040937814861536026,2,,,,,
335,0.0712391808629036,2,,,,,
336,0.094495989382267,2,,,,,
337,0.09280844777822495,2,,,,,
338,0.04154224321246147,2,,,,,
339,0.0230161864310503,2,,,,,
340,0.1070614829659462,2,,,,,
341,0.09517411142587662,2,,,,,
342,0.06560578942298889,2,,,,,
343,0.05356896296143532,2,,,,,
344,0.07689981907606125,2,,,,,
345,0.11629132181406021,2,,,,,
346,0.06644532829523087,2,,,,,
347,0.022960063070058823,2,,,,,
348,0.1626373827457428,2,,,,,
349,0.058932919055223465,2,,,,,
350,0.04496774077415466,2,,,,,
351,0.043745044618844986,2,,,,,
352,0.03834909200668335,2,,,,,
353,0.141521155834198,2,,,,,
354,0.013892454095184803,2,,,,,
355,0.07380778342485428,2,,,,,
356,0.06420012563467026,2,,,,,
357,0.07825914770364761,2,,,,,
358,0.04734170436859131,2,,,,,
359,0.034194428473711014,2,,,,,
360,0.18937069177627563,2,,,,,
361,0.02292071096599102,2,,,,,
362,0.06917321681976318,2,,,,,
363,0.022939477115869522,2,,,,,
364,0.11994916945695877,2,,,,,
365,0.05425306409597397,2,,,,,
366,0.025020474568009377,2,,,,,
367,0.03457200527191162,2,,,,,
368,0.03454205393791199,2,,,,,
369,0.05827827751636505,2,,,,,
370,0.05581605061888695,2,,,,,
371,0.06975346058607101,2,,,,,
372,0.028849977999925613,2,,,,,
373,0.0541241355240345,2,,,,,
374,0.028173860162496567,2,,,,,
375,0.015401884913444519,2,,,,,
376,0.1333819031715393,2,,,,,
377,0.06126253306865692,2,,,,,
378,0.04674839228391647,2,,,,,
379,0.05947351083159447,2,,,,,
380,0.07225456088781357,2,,,,,
381,0.10949794203042984,2,,,,,
382,0.13016736507415771,2,,,,,
383,0.1074063628911972,2,,,,,
384,0.06154174357652664,2,,,,,
385,0.017523569986224174,2,,,,,
386,0.10347527265548706,2,,,,,
387,0.22588789463043213,2,,,,,
388,0.107540063560009,2,,,,,
389,0.1014517992734909,2,,,,,
390,0.02519114874303341,2,,,,,
391,0.028555776923894882,2,,,,,
392,0.07521657645702362,2,,,,,
393,0.05668298527598381,2,,,,,
394,0.11279986053705215,2,,,,,
395,0.19649118185043335,2,,,,,
396,0.012418344616889954,2,,,,,
397,0.026615340262651443,2,,,,,
398,0.08319459855556488,2,,,,,
399,0.07557353377342224,2,,,,,
400,0.06958319246768951,2,,,,,
401,0.08510523289442062,2,,,,,
402,0.0842079222202301,2,,,,,
403,0.06663363426923752,2,,,,,
404,0.11057109385728836,2,,,,,
405,0.045986518263816833,2,,,,,
406,0.05770685896277428,2,,,,,
407,0.09269049763679504,2,,,,,
408,0.018322626128792763,2,,,,,
409,0.028665298596024513,2,,,,,
410,0.0720464438199997,2,,,,,
411,0.09229500591754913,2,,,,,
412,0.03631507232785225,2,,,,,
413,0.015804113820195198,2,,,,,
414,0.09172788262367249,2,,,,,
415,0.1184946596622467,2,,,,,
416,0.06895934045314789,2,,,,,
417,0.012035898864269257,2,,,,,
418,0.14867068827152252,2,,,,,
419,0.054725997149944305,2,,,,,
420,0.02569757215678692,2,,,,,
421,0.02664608508348465,2,,,,,
422,0.028739754110574722,2,,,,,
423,0.039498597383499146,2,,,,,
424,0.01404403243213892,2,,,,,
425,0.05273737385869026,2,,,,,
426,0.01579008810222149,2,,,,,
427,0.023775937035679817,2,,,,,
428,0.053807228803634644,2,,,,,
429,0.02933671325445175,2,,,,,
430,0.03171374276280403,2,,,,,
431,0.03076494298875332,2,,,,,
432,0.03649100288748741,2,,,,,
433,0.09129901230335236,2,,,,,
434,0.05514305830001831,2,,,,,
435,0.0399724505841732,2,,,,,
436,0.24888208508491516,2,,,,,
437,0.06727235019207001,2,,,,,
438,0.033867765218019485,2,,,,,
439,0.12308213114738464,2,,,,,
440,0.23086020350456238,2,,,,,
441,0.09047632664442062,2,,,,,
442,0.04995325580239296,2,,,,,
443,0.08085897564888,2,,,,,
444,0.06423768401145935,2,,,,,
445,0.1004905253648758,2,,,,,
446,0.020538685843348503,2,,,,,
447,0.017609307542443275,2,,,,,
448,0.08680606633424759,2,,,,,
449,0.014287438243627548,2,,,,,
450,0.047065116465091705,2,,,,,
451,0.032748688012361526,2,,,,,
452,0.09765980392694473,2,,,,,
453,0.02484455145895481,2,,,,,
454,0.03502654656767845,2,,,,,
455,0.04409465193748474,2,,,,,
456,0.021622968837618828,2,,,,,
457,0.03687850385904312,2,,,,,
458,0.06909104436635971,2,,,,,
459,0.020319871604442596,2,,,,,
460,0.026763202622532845,2,,,,,
461,0.03304486721754074,2,,,,,
462,0.03807337209582329,2,,,,,
463,0.03909210488200188,2,,,,,
464,0.049244225025177,2,,,,,
465,0.10398305207490921,2,,,,,
466,0.016227422282099724,2,,,,,
467,0.023733660578727722,2,,,,,
468,0.05445356294512749,2,,,,,
469,0.0353718064725399,2,,,,,
470,0.007363428827375174,2,,,,,
40,,,0.02493654005229473,,,,
41,,,0.003092642407864332,,,,
42,,,0.005094223190099001,,,,
43,,,0.11052272468805313,,,,
44,,,0.004042086657136679,,,,
45,,,0.06524910777807236,,,,
46,,,0.051593489944934845,,,,
47,,,0.0038946950808167458,,,,
48,,,0.03061351366341114,,,,
49,,,0.005279512610286474,,,,
50,,,0.003072722814977169,,,,
51,,,0.0013298257254064083,,,,
52,,,0.003670776030048728,,,,
53,,,0.0069651249796152115,,,,
54,,,0.052938058972358704,,,,
55,,,0.07066839933395386,,,,
56,,,0.0295999925583601,,,,
57,,,0.005031579174101353,,,,
58,,,0.026163620874285698,,,,
59,,,0.004268390592187643,,,,
470,,2,,0.025943221524357796,,,
470,,2,,,0.84375,0.06571968644857407,0.9624999761581421
471,0.06964307278394699,3,,,,,
472,0.06621308624744415,3,,,,,
473,0.009881889447569847,3,,,,,
474,0.016922583803534508,3,,,,,
475,0.15856203436851501,3,,,,,
476,0.06730463355779648,3,,,,,
477,0.07908224314451218,3,,,,,
478,0.011227835901081562,3,,,,,
479,0.011838299222290516,3,,,,,
480,0.04380125552415848,3,,,,,
481,0.07704738527536392,3,,,,,
482,0.03754003345966339,3,,,,,
483,0.029122404754161835,3,,,,,
484,0.0604839026927948,3,,,,,
485,0.14269953966140747,3,,,,,
486,0.07242754846811295,3,,,,,
487,0.010532678104937077,3,,,,,
488,0.062395207583904266,3,,,,,
489,0.05088616535067558,3,,,,,
490,0.05396270379424095,3,,,,,
491,0.015538442879915237,3,,,,,
492,0.05628323182463646,3,,,,,
493,0.012909725308418274,3,,,,,
494,0.06142881140112877,3,,,,,
495,0.044489070773124695,3,,,,,
496,0.04769805446267128,3,,,,,
497,0.025364678353071213,3,,,,,
498,0.017260683700442314,3,,,,,
499,0.03280837461352348,3,,,,,
500,0.02827853336930275,3,,,,,
501,0.018844930455088615,3,,,,,
502,0.07747329771518707,3,,,,,
503,0.09432080388069153,3,,,,,
504,0.017908848822116852,3,,,,,
505,0.048880256712436676,3,,,,,
506,0.01205826923251152,3,,,,,
507,0.05951054394245148,3,,,,,
508,0.009634803049266338,3,,,,,
509,0.02326367050409317,3,,,,,
510,0.04372333735227585,3,,,,,
511,0.027438286691904068,3,,,,,
512,0.006477137096226215,3,,,,,
513,0.08721291273832321,3,,,,,
514,0.005040280055254698,3,,,,,
515,0.15411756932735443,3,,,,,
516,0.03408091887831688,3,,,,,
517,0.09531774371862411,3,,,,,
518,0.007766890339553356,3,,,,,
519,0.039720162749290466,3,,,,,
520,0.050838958472013474,3,,,,,
521,0.015286893583834171,3,,,,,
522,0.0841793492436409,3,,,,,
523,0.020995885133743286,3,,,,,
524,0.06923287361860275,3,,,,,
525,0.009637242183089256,3,,,,,
526,0.05910319462418556,3,,,,,
527,0.012196079827845097,3,,,,,
528,0.043572235852479935,3,,,,,
529,0.011473134160041809,3,,,,,
530,0.028580570593476295,3,,,,,
531,0.11811421811580658,3,,,,,
532,0.11356890201568604,3,,,,,
533,0.02801952138543129,3,,,,,
534,0.031812071800231934,3,,,,,
535,0.01870976760983467,3,,,,,
536,0.09083429723978043,3,,,,,
537,0.10393645614385605,3,,,,,
538,0.04005973041057587,3,,,,,
539,0.055144812911748886,3,,,,,
540,0.012602071277797222,3,,,,,
541,0.019248420372605324,3,,,,,
542,0.03558116778731346,3,,,,,
543,0.11032617092132568,3,,,,,
544,0.07140235602855682,3,,,,,
545,0.07641716301441193,3,,,,,
546,0.01020087581127882,3,,,,,
547,0.07845613360404968,3,,,,,
548,0.039614494889974594,3,,,,,
549,0.03696700558066368,3,,,,,
550,0.11665245145559311,3,,,,,
551,0.025608111172914505,3,,,,,
552,0.05905906856060028,3,,,,,
553,0.10780644416809082,3,,,,,
554,0.012747248634696007,3,,,,,
555,0.0928591713309288,3,,,,,
556,0.08950924873352051,3,,,,,
557,0.07115709781646729,3,,,,,
558,0.02918543666601181,3,,,,,
559,0.051209066063165665,3,,,,,
560,0.026091160252690315,3,,,,,
561,0.09232469648122787,3,,,,,
562,0.09509802609682083,3,,,,,
563,0.03736616671085358,3,,,,,
564,0.03850727900862694,3,,,,,
565,0.083570197224617,3,,,,,
566,0.02112833596765995,3,,,,,
567,0.043877847492694855,3,,,,,
568,0.04533235728740692,3,,,,,
569,0.08680850267410278,3,,,,,
570,0.017020942643284798,3,,,,,
571,0.07387086004018784,3,,,,,
572,0.060926441103219986,3,,,,,
573,0.014571505598723888,3,,,,,
574,0.014752685092389584,3,,,,,
575,0.0157259963452816,3,,,,,
576,0.028675654903054237,3,,,,,
577,0.012990622781217098,3,,,,,
578,0.024175945669412613,3,,,,,
579,0.04732998460531235,3,,,,,
580,0.01810956560075283,3,,,,,
581,0.011674745939671993,3,,,,,
582,0.13555385172367096,3,,,,,
583,0.015380696393549442,3,,,,,
584,0.05905962362885475,3,,,,,
585,0.08784656226634979,3,,,,,
586,0.04427551105618477,3,,,,,
587,0.07360531389713287,3,,,,,
588,0.023942481726408005,3,,,,,
589,0.1168224960565567,3,,,,,
590,0.031529851257801056,3,,,,,
591,0.055578503757715225,3,,,,,
592,0.0420883372426033,3,,,,,
593,0.04501096531748772,3,,,,,
594,0.01386732142418623,3,,,,,
595,0.008317616768181324,3,,,,,
596,0.1280537247657776,3,,,,,
597,0.019059892743825912,3,,,,,
598,0.1335637867450714,3,,,,,
599,0.04764275997877121,3,,,,,
600,0.02169317752122879,3,,,,,
601,0.060529354959726334,3,,,,,
602,0.0346350334584713,3,,,,,
603,0.049740955233573914,3,,,,,
604,0.03370886296033859,3,,,,,
605,0.0460178405046463,3,,,,,
606,0.02012389898300171,3,,,,,
607,0.08756541460752487,3,,,,,
608,0.011039621196687222,3,,,,,
609,0.016960853710770607,3,,,,,
610,0.036895811557769775,3,,,,,
611,0.03145843371748924,3,,,,,
612,0.1187482550740242,3,,,,,
613,0.005926802754402161,3,,,,,
614,0.07025802135467529,3,,,,,
615,0.034024786204099655,3,,,,,
616,0.0410805344581604,3,,,,,
617,0.0783424824476242,3,,,,,
618,0.1230708658695221,3,,,,,
619,0.031427253037691116,3,,,,,
620,0.05188177525997162,3,,,,,
621,0.010405701585114002,3,,,,,
622,0.041048813611269,3,,,,,
623,0.02089163102209568,3,,,,,
624,0.05372308939695358,3,,,,,
625,0.07398246228694916,3,,,,,
626,0.03829534724354744,3,,,,,
627,0.023791981860995293,3,,,,,
60,,,0.015614083036780357,,,,
61,,,0.0029617163818329573,,,,
62,,,0.006382362451404333,,,,
63,,,0.09866373986005783,,,,
64,,,0.00528713921085,,,,
65,,,0.06100042909383774,,,,
66,,,0.03582070395350456,,,,
67,,,0.006367178168147802,,,,
68,,,0.0222549419850111,,,,
69,,,0.005914441309869289,,,,
70,,,0.0049971286207437515,,,,
71,,,0.0036751441657543182,,,,
72,,,0.005780062172561884,,,,
73,,,0.006720190867781639,,,,
74,,,0.036364056169986725,,,,
75,,,0.06854893267154694,,,,
76,,,0.02249620482325554,,,,
77,,,0.006864503026008606,,,,
78,,,0.020725073292851448,,,,
79,,,0.008201750926673412,,,,
627,,3,,0.022591739892959595,,,
627,,3,,,0.8187500238418579,0.049423858523368835,0.875
628,0.1373983472585678,4,,,,,
629,0.03317496180534363,4,,,,,
630,0.04920116811990738,4,,,,,
631,0.029700880870223045,4,,,,,
632,0.017009751871228218,4,,,,,
633,0.023779183626174927,4,,,,,
634,0.01200027484446764,4,,,,,
635,0.03740159794688225,4,,,,,
636,0.020673712715506554,4,,,,,
637,0.013361433520913124,4,,,,,
638,0.04570862650871277,4,,,,,
639,0.0362708643078804,4,,,,,
640,0.09944941848516464,4,,,,,
641,0.013899565674364567,4,,,,,
642,0.016139186918735504,4,,,,,
643,0.06751690804958344,4,,,,,
644,0.04417014867067337,4,,,,,
645,0.011378545314073563,4,,,,,
646,0.06378667056560516,4,,,,,
647,0.056716982275247574,4,,,,,
648,0.19077959656715393,4,,,,,
649,0.08719100058078766,4,,,,,
650,0.07633539289236069,4,,,,,
651,0.029992807656526566,4,,,,,
652,0.015111246146261692,4,,,,,
653,0.03209935501217842,4,,,,,
654,0.027467137202620506,4,,,,,
655,0.06846728920936584,4,,,,,
656,0.020618999376893044,4,,,,,
657,0.026864761486649513,4,,,,,
658,0.06528213620185852,4,,,,,
659,0.07485514879226685,4,,,,,
660,0.014256828464567661,4,,,,,
661,0.01902136206626892,4,,,,,
662,0.03917611762881279,4,,,,,
663,0.019091332331299782,4,,,,,
664,0.03469446673989296,4,,,,,
665,0.049287352710962296,4,,,,,
666,0.026301516219973564,4,,,,,
667,0.08680574595928192,4,,,,,
668,0.030299508944153786,4,,,,,
669,0.01675812341272831,4,,,,,
670,0.006025840528309345,4,,,,,
671,0.04037802666425705,4,,,,,
672,0.05431414768099785,4,,,,,
673,0.007403780240565538,4,,,,,
674,0.026101762428879738,4,,,,,
675,0.06656491011381149,4,,,,,
676,0.07065727561712265,4,,,,,
677,0.06363537162542343,4,,,,,
678,0.04156709462404251,4,,,,,
679,0.02818148210644722,4,,,,,
680,0.012276873923838139,4,,,,,
681,0.011561185121536255,4,,,,,
682,0.056076373904943466,4,,,,,
683,0.01979564130306244,4,,,,,
684,0.031144918873906136,4,,,,,
685,0.01191751565784216,4,,,,,
686,0.010049459524452686,4,,,,,
687,0.03410472348332405,4,,,,,
688,0.056952983140945435,4,,,,,
689,0.02930433116853237,4,,,,,
690,0.05120163783431053,4,,,,,
691,0.017588112503290176,4,,,,,
692,0.08318265527486801,4,,,,,
693,0.026711031794548035,4,,,,,
694,0.008046421222388744,4,,,,,
695,0.04905169457197189,4,,,,,
696,0.05542987957596779,4,,,,,
697,0.011723808944225311,4,,,,,
698,0.03858073800802231,4,,,,,
699,0.07021500170230865,4,,,,,
700,0.054662417620420456,4,,,,,
701,0.03659476339817047,4,,,,,
702,0.007416637614369392,4,,,,,
703,0.13394983112812042,4,,,,,
704,0.0841352641582489,4,,,,,
705,0.0244126096367836,4,,,,,
706,0.050550926476716995,4,,,,,
707,0.02621672861278057,4,,,,,
708,0.008919036947190762,4,,,,,
709,0.02520904690027237,4,,,,,
710,0.0565132200717926,4,,,,,
711,0.04812074825167656,4,,,,,
712,0.007109526544809341,4,,,,,
713,0.047800224274396896,4,,,,,
714,0.05737154930830002,4,,,,,
715,0.011033090762794018,4,,,,,
716,0.04575043171644211,4,,,,,
717,0.026262952014803886,4,,,,,
718,0.02015036717057228,4,,,,,
719,0.025559693574905396,4,,,,,
720,0.07449053227901459,4,,,,,
721,0.047047995030879974,4,,,,,
722,0.014574779197573662,4,,,,,
723,0.03073755092918873,4,,,,,
724,0.027691785246133804,4,,,,,
725,0.08577931672334671,4,,,,,
726,0.030081046745181084,4,,,,,
727,0.015687478706240654,4,,,,,
728,0.12159469723701477,4,,,,,
729,0.0975193902850151,4,,,,,
730,0.03910466656088829,4,,,,,
731,0.007860913872718811,4,,,,,
732,0.0066378237679600716,4,,,,,
733,0.012389015406370163,4,,,,,
734,0.08362521231174469,4,,,,,
735,0.02713131345808506,4,,,,,
736,0.027233503758907318,4,,,,,
737,0.022826148197054863,4,,,,,
738,0.026364192366600037,4,,,,,
739,0.0781421810388565,4,,,,,
740,0.04956844821572304,4,,,,,
741,0.07910427451133728,4,,,,,
742,0.049339983612298965,4,,,,,
743,0.1485956758260727,4,,,,,
744,0.03506307303905487,4,,,,,
745,0.027609847486019135,4,,,,,
746,0.004648237489163876,4,,,,,
747,0.09456702321767807,4,,,,,
748,0.09213971346616745,4,,,,,
749,0.06871113926172256,4,,,,,
750,0.007572502363473177,4,,,,,
751,0.03018488548696041,4,,,,,
752,0.04679180309176445,4,,,,,
753,0.07199526578187943,4,,,,,
754,0.02604375220835209,4,,,,,
755,0.021150343120098114,4,,,,,
756,0.06568026542663574,4,,,,,
757,0.010034026578068733,4,,,,,
758,0.02642842009663582,4,,,,,
759,0.08744876086711884,4,,,,,
760,0.057122521102428436,4,,,,,
761,0.014682612381875515,4,,,,,
762,0.012513246387243271,4,,,,,
763,0.010841854847967625,4,,,,,
764,0.012676033191382885,4,,,,,
765,0.039134103804826736,4,,,,,
766,0.016000250354409218,4,,,,,
767,0.06477326899766922,4,,,,,
768,0.01733296364545822,4,,,,,
769,0.04832485690712929,4,,,,,
770,0.011408349499106407,4,,,,,
771,0.025510059669613838,4,,,,,
772,0.12007103860378265,4,,,,,
773,0.029519138857722282,4,,,,,
774,0.008580422028899193,4,,,,,
775,0.11657059192657471,4,,,,,
776,0.010843470692634583,4,,,,,
777,0.03550010919570923,4,,,,,
778,0.01062177773565054,4,,,,,
779,0.008707708679139614,4,,,,,
780,0.03792479261755943,4,,,,,
781,0.0027791066095232964,4,,,,,
782,0.07580016553401947,4,,,,,
783,0.08475134521722794,4,,,,,
784,0.0027807457372546196,4,,,,,
80,,,0.015438327565789223,,,,
81,,,0.004082206171005964,,,,
82,,,0.005133613012731075,,,,
83,,,0.09324922412633896,,,,
84,,,0.004844001028686762,,,,
85,,,0.059703148901462555,,,,
86,,,0.042896393686532974,,,,
87,,,0.0022697863169014454,,,,
88,,,0.025419432669878006,,,,
89,,,0.005710456054657698,,,,
90,,,0.00332369445823133,,,,
91,,,0.001353103551082313,,,,
92,,,0.004482924938201904,,,,
93,,,0.007178648840636015,,,,
94,,,0.0375826470553875,,,,
95,,,0.06387729942798615,,,,
96,,,0.024980807676911354,,,,
97,,,0.006076266057789326,,,,
98,,,0.020314887166023254,,,,
99,,,0.0034580116625875235,,,,
784,,4,,0.022033123299479485,,,
784,,4,,,0.831250011920929,0.04191409423947334,0.956250011920929
785,0.0862884446978569,5,,,,,
786,0.03370749577879906,5,,,,,
787,0.07764901220798492,5,,,,,
788,0.005056977272033691,5,,,,,
789,0.01616850309073925,5,,,,,
790,0.04290038347244263,5,,,,,
791,0.06724511831998825,5,,,,,
792,0.03538055345416069,5,,,,,
793,0.009464623406529427,5,,,,,
794,0.013402841985225677,5,,,,,
795,0.022910885512828827,5,,,,,
796,0.02716682292521,5,,,,,
797,0.024912362918257713,5,,,,,
798,0.006991214584559202,5,,,,,
799,0.02100948989391327,5,,,,,
800,0.00416165217757225,5,,,,,
801,0.03467845171689987,5,,,,,
802,0.017134666442871094,5,,,,,
803,0.02464892901480198,5,,,,,
804,0.09182992577552795,5,,,,,
805,0.0651773139834404,5,,,,,
806,0.08617088943719864,5,,,,,
807,0.1275641769170761,5,,,,,
808,0.00996854156255722,5,,,,,
809,0.019183076918125153,5,,,,,
810,0.012054011225700378,5,,,,,
811,0.008289337158203125,5,,,,,
812,0.07025745511054993,5,,,,,
813,0.040174391120672226,5,,,,,
814,0.09594840556383133,5,,,,,
815,0.0212990865111351,5,,,,,
816,0.053704168647527695,5,,,,,
817,0.008982528932392597,5,,,,,
818,0.061712875962257385,5,,,,,
819,0.01717907190322876,5,,,,,
820,0.011890915222465992,5,,,,,
821,0.04087461531162262,5,,,,,
822,0.009921329095959663,5,,,,,
823,0.04675931856036186,5,,,,,
824,0.06457272917032242,5,,,,,
825,0.04086967930197716,5,,,,,
826,0.007488039787858725,5,,,,,
827,0.059391867369413376,5,,,,,
828,0.024876559153199196,5,,,,,
829,0.028715291991829872,5,,,,,
830,0.04356737807393074,5,,,,,
831,0.007107728160917759,5,,,,,
832,0.08485221862792969,5,,,,,
833,0.09218975901603699,5,,,,,
834,0.030455732718110085,5,,,,,
835,0.0060967933386564255,5,,,,,
836,0.05483965203166008,5,,,,,
837,0.07765327394008636,5,,,,,
838,0.03751983866095543,5,,,,,
839,0.008960865437984467,5,,,,,
840,0.008561567403376102,5,,,,,
841,0.03779172897338867,5,,,,,
842,0.01427445188164711,5,,,,,
843,0.04813418164849281,5,,,,,
844,0.08636488020420074,5,,,,,
845,0.03641459345817566,5,,,,,
846,0.10264318436384201,5,,,,,
847,0.01911580190062523,5,,,,,
848,0.018045345321297646,5,,,,,
849,0.02501756139099598,5,,,,,
850,0.04705997556447983,5,,,,,
851,0.013604333624243736,5,,,,,
852,0.006301267072558403,5,,,,,
853,0.04668993875384331,5,,,,,
854,0.025340013206005096,5,,,,,
855,0.036084990948438644,5,,,,,
856,0.004787595476955175,5,,,,,
857,0.08605799078941345,5,,,,,
858,0.02347944676876068,5,,,,,
859,0.07743046432733536,5,,,,,
860,0.079160675406456,5,,,,,
861,0.017701568081974983,5,,,,,
862,0.005498956423252821,5,,,,,
863,0.059391655027866364,5,,,,,
864,0.011667649261653423,5,,,,,
865,0.01491367444396019,5,,,,,
866,0.008786823600530624,5,,,,,
867,0.009878347627818584,5,,,,,
868,0.008397280238568783,5,,,,,
869,0.010565717704594135,5,,,,,
870,0.024255556985735893,5,,,,,
871,0.015174883417785168,5,,,,,
872,0.008656960912048817,5,,,,,
873,0.009125445038080215,5,,,,,
874,0.005538760218769312,5,,,,,
875,0.004898131359368563,5,,,,,
876,0.041014593094587326,5,,,,,
877,0.03864365071058273,5,,,,,
878,0.056479208171367645,5,,,,,
879,0.07340554893016815,5,,,,,
880,0.07249411195516586,5,,,,,
881,0.005314339883625507,5,,,,,
882,0.032996248453855515,5,,,,,
883,0.06032344326376915,5,,,,,
884,0.05201108381152153,5,,,,,
885,0.11024259030818939,5,,,,,
886,0.02022564224898815,5,,,,,
887,0.0504031702876091,5,,,,,
888,0.08628780394792557,5,,,,,
889,0.010048129595816135,5,,,,,
890,0.030210234224796295,5,,,,,
891,0.0352281779050827,5,,,,,
892,0.028303014114499092,5,,,,,
893,0.09358102828264236,5,,,,,
894,0.049120448529720306,5,,,,,
895,0.09764876961708069,5,,,,,
896,0.0764632374048233,5,,,,,
897,0.15214309096336365,5,,,,,
898,0.020145531743764877,5,,,,,
899,0.017443913966417313,5,,,,,
900,0.010170654393732548,5,,,,,
901,0.009249677881598473,5,,,,,
902,0.011780870147049427,5,,,,,
903,0.019540706649422646,5,,,,,
904,0.052606597542762756,5,,,,,
905,0.0183393657207489,5,,,,,
906,0.01787310279905796,5,,,,,
907,0.009844370186328888,5,,,,,
908,0.009456115774810314,5,,,,,
909,0.009221704676747322,5,,,,,
910,0.01371409185230732,5,,,,,
911,0.038854070007801056,5,,,,,
912,0.03004523366689682,5,,,,,
913,0.09814520925283432,5,,,,,
914,0.031512387096881866,5,,,,,
915,0.027473675087094307,5,,,,,
916,0.03460352495312691,5,,,,,
917,0.011798613704741001,5,,,,,
918,0.009454644285142422,5,,,,,
919,0.007148390635848045,5,,,,,
920,0.04329262301325798,5,,,,,
921,0.0382494181394577,5,,,,,
922,0.03321600705385208,5,,,,,
923,0.06403593719005585,5,,,,,
924,0.06629215180873871,5,,,,,
925,0.014207410626113415,5,,,,,
926,0.006595366168767214,5,,,,,
927,0.04820621758699417,5,,,,,
928,0.016704998910427094,5,,,,,
929,0.015038923360407352,5,,,,,
930,0.004336488898843527,5,,,,,
931,0.054419200867414474,5,,,,,
932,0.06916897743940353,5,,,,,
933,0.024806151166558266,5,,,,,
934,0.09152764081954956,5,,,,,
935,0.028991134837269783,5,,,,,
936,0.05091094970703125,5,,,,,
937,0.05448361858725548,5,,,,,
938,0.0099936006590724,5,,,,,
939,0.07133946567773819,5,,,,,
940,0.02821873500943184,5,,,,,
941,0.044525742530822754,5,,,,,
100,,,0.016249634325504303,,,,
101,,,0.004531665705144405,,,,
102,,,0.006376352161169052,,,,
103,,,0.09298834949731827,,,,
104,,,0.00684393523260951,,,,
105,,,0.05212823674082756,,,,
106,,,0.03790367394685745,,,,
107,,,0.0034490698017179966,,,,
108,,,0.0232747420668602,,,,
109,,,0.005512257106602192,,,,
110,,,0.005310531705617905,,,,
111,,,0.0037316104862838984,,,,
112,,,0.007503984961658716,,,,
113,,,0.008330712094902992,,,,
114,,,0.033163074404001236,,,,
115,,,0.0553755909204483,,,,
116,,,0.022820625454187393,,,,
117,,,0.007039032410830259,,,,
118,,,0.018266048282384872,,,,
119,,,0.005171111319214106,,,,
941,,5,,0.021199213340878487,,,
941,,5,,,0.8062499761581421,0.037272173911333084,0.9125000238418579
942,0.012080780230462551,6,,,,,
943,0.009455635212361813,6,,,,,
944,0.024550721049308777,6,,,,,
945,0.03416771814227104,6,,,,,
946,0.013367143459618092,6,,,,,
947,0.025614473968744278,6,,,,,
948,0.03929460048675537,6,,,,,
949,0.016554690897464752,6,,,,,
950,0.03991623967885971,6,,,,,
951,0.018510734662413597,6,,,,,
952,0.02946816198527813,6,,,,,
953,0.034371454268693924,6,,,,,
954,0.0805710032582283,6,,,,,
955,0.036411356180906296,6,,,,,
956,0.031472790986299515,6,,,,,
957,0.009185669012367725,6,,,,,
958,0.025256473571062088,6,,,,,
959,0.05517779290676117,6,,,,,
960,0.008353854529559612,6,,,,,
961,0.006684390362352133,6,,,,,
962,0.00970903504639864,6,,,,,
963,0.01055032666772604,6,,,,,
964,0.06779541820287704,6,,,,,
965,0.006060420535504818,6,,,,,
966,0.034753549844026566,6,,,,,
967,0.08944352716207504,6,,,,,
968,0.029026173055171967,6,,,,,
969,0.0023517291992902756,6,,,,,
970,0.0051656547002494335,6,,,,,
971,0.00988745503127575,6,,,,,
972,0.0009028357453644276,6,,,,,
973,0.0030563801992684603,6,,,,,
974,0.04362395778298378,6,,,,,
975,0.006408546585589647,6,,,,,
976,0.03365569934248924,6,,,,,
977,0.005940757691860199,6,,,,,
978,0.004415077622979879,6,,,,,
979,0.08724895864725113,6,,,,,
980,0.0057100411504507065,6,,,,,
981,0.0048404885455966,6,,,,,
982,0.031740229576826096,6,,,,,
983,0.04730157554149628,6,,,,,
984,0.06828567385673523,6,,,,,
985,0.030211076140403748,6,,,,,
986,0.012759238481521606,6,,,,,
987,0.083324134349823,6,,,,,
988,0.028352737426757812,6,,,,,
989,0.009518415667116642,6,,,,,
990,0.016603827476501465,6,,,,,
991,0.01654895581305027,6,,,,,
992,0.006470137275755405,6,,,,,
993,0.03708786889910698,6,,,,,
994,0.008161776699125767,6,,,,,
995,0.0499827116727829,6,,,,,
996,0.03430582582950592,6,,,,,
997,0.008259524591267109,6,,,,,
998,0.024471884593367577,6,,,,,
999,0.03008568286895752,6,,,,,
1000,0.007718768436461687,6,,,,,
1001,0.07803278416395187,6,,,,,
1002,0.04212934523820877,6,,,,,
1003,0.012870796956121922,6,,,,,
1004,0.03820700943470001,6,,,,,
1005,0.00653493357822299,6,,,,,
1006,0.046672970056533813,6,,,,,
1007,0.04835036024451256,6,,,,,
1008,0.00430786469951272,6,,,,,
1009,0.012878671288490295,6,,,,,
1010,0.00541302002966404,6,,,,,
1011,0.04817367345094681,6,,,,,
1012,0.018902946263551712,6,,,,,
1013,0.03076694905757904,6,,,,,
1014,0.0790480300784111,6,,,,,
1015,0.01305294781923294,6,,,,,
1016,0.009906659834086895,6,,,,,
1017,0.0035786933731287718,6,,,,,
1018,0.052582141011953354,6,,,,,
1019,0.03425581008195877,6,,,,,
1020,0.0059387777000665665,6,,,,,
1021,0.014132779091596603,6,,,,,
1022,0.08144961297512054,6,,,,,
1023,0.057547423988580704,6,,,,,
1024,0.04034821316599846,6,,,,,
1025,0.03165312111377716,6,,,,,
1026,0.03864503279328346,6,,,,,
1027,0.07397685199975967,6,,,,,
1028,0.06732165068387985,6,,,,,
1029,0.029675232246518135,6,,,,,
1030,0.08324896544218063,6,,,,,
1031,0.031936272978782654,6,,,,,
1032,0.030507095158100128,6,,,,,
1033,0.0037931252736598253,6,,,,,
1034,0.04662015289068222,6,,,,,
1035,0.012445773929357529,6,,,,,
1036,0.03267559036612511,6,,,,,
1037,0.030448371544480324,6,,,,,
1038,0.06481555104255676,6,,,,,
1039,0.03339434415102005,6,,,,,
1040,0.007138916756957769,6,,,,,
1041,0.025179149582982063,6,,,,,
1042,0.008158598095178604,6,,,,,
1043,0.04724138230085373,6,,,,,
1044,0.028145549818873405,6,,,,,
1045,0.08633774518966675,6,,,,,
1046,0.026696521788835526,6,,,,,
1047,0.058218736201524734,6,,,,,
1048,0.08731547743082047,6,,,,,
1049,0.14138105511665344,6,,,,,
1050,0.01801024191081524,6,,,,,
1051,0.011928562074899673,6,,,,,
1052,0.015492824837565422,6,,,,,
1053,0.03685596585273743,6,,,,,
1054,0.016520684584975243,6,,,,,
1055,0.00875367783010006,6,,,,,
1056,0.02750682644546032,6,,,,,
1057,0.027803976088762283,6,,,,,
1058,0.008930196054279804,6,,,,,
1059,0.05407397449016571,6,,,,,
1060,0.012395023368299007,6,,,,,
1061,0.040877919644117355,6,,,,,
1062,0.10260289162397385,6,,,,,
1063,0.03819767385721207,6,,,,,
1064,0.05429729446768761,6,,,,,
1065,0.05588115379214287,6,,,,,
1066,0.011243300512433052,6,,,,,
1067,0.019882313907146454,6,,,,,
1068,0.05340832099318504,6,,,,,
1069,0.03126707300543785,6,,,,,
1070,0.006668423768132925,6,,,,,
1071,0.02917078137397766,6,,,,,
1072,0.04584174230694771,6,,,,,
1073,0.07983873039484024,6,,,,,
1074,0.04661305248737335,6,,,,,
1075,0.005098823923617601,6,,,,,
1076,0.011413365602493286,6,,,,,
1077,0.08510980755090714,6,,,,,
1078,0.016051137819886208,6,,,,,
1079,0.012824163772165775,6,,,,,
1080,0.05412481352686882,6,,,,,
1081,0.062203846871852875,6,,,,,
1082,0.011261802166700363,6,,,,,
1083,0.07826124876737595,6,,,,,
1084,0.036183226853609085,6,,,,,
1085,0.008765601553022861,6,,,,,
1086,0.012253634631633759,6,,,,,
1087,0.07122945785522461,6,,,,,
1088,0.015082254074513912,6,,,,,
1089,0.05712011829018593,6,,,,,
1090,0.0029963799752295017,6,,,,,
1091,0.018277067691087723,6,,,,,
1092,0.06985480338335037,6,,,,,
1093,0.03490632772445679,6,,,,,
1094,0.016088688746094704,6,,,,,
1095,0.006687786430120468,6,,,,,
1096,0.12127112597227097,6,,,,,
1097,0.06024763360619545,6,,,,,
1098,0.00708370003849268,6,,,,,
120,,,0.021087799221277237,,,,
121,,,0.0034376904368400574,,,,
122,,,0.005722707603126764,,,,
123,,,0.08170811086893082,,,,
124,,,0.0054140109568834305,,,,
125,,,0.05621311441063881,,,,
126,,,0.04772646352648735,,,,
127,,,0.003066099714487791,,,,
128,,,0.029747625812888145,,,,
129,,,0.004947977140545845,,,,
130,,,0.0041012829169631,,,,
131,,,0.0023108224850147963,,,,
132,,,0.005369032267481089,,,,
133,,,0.007040652446448803,,,,
134,,,0.0386466458439827,,,,
135,,,0.05636521428823471,,,,
136,,,0.023354660719633102,,,,
137,,,0.00596610875800252,,,,
138,,,0.01914265938103199,,,,
139,,,0.004816881846636534,,,,
1098,,6,,0.021732158958911896,,,
1098,,6,,,0.8687499761581421,0.03322155028581619,0.9624999761581421
1099,0.12265650182962418,7,,,,,
1100,0.019544003531336784,7,,,,,
1101,0.04026187211275101,7,,,,,
1102,0.04691414535045624,7,,,,,
1103,0.009577673859894276,7,,,,,
1104,0.03701243922114372,7,,,,,
1105,0.03409452363848686,7,,,,,
1106,0.017004597932100296,7,,,,,
1107,0.02086782641708851,7,,,,,
1108,0.007813778705894947,7,,,,,
1109,0.006997981574386358,7,,,,,
1110,0.06646571308374405,7,,,,,
1111,0.03482067957520485,7,,,,,
1112,0.008438137359917164,7,,,,,
1113,0.11150770634412766,7,,,,,
1114,0.00859836209565401,7,,,,,
1115,0.006331629119813442,7,,,,,
1116,0.0689397007226944,7,,,,,
1117,0.03307931497693062,7,,,,,
1118,0.030069412663578987,7,,,,,
1119,0.08862696588039398,7,,,,,
1120,0.0584908165037632,7,,,,,
1121,0.06474807858467102,7,,,,,
1122,0.03222132474184036,7,,,,,
1123,0.03323660045862198,7,,,,,
1124,0.054020706564188004,7,,,,,
1125,0.014187329448759556,7,,,,,
1126,0.11604972928762436,7,,,,,
1127,0.07601317018270493,7,,,,,
1128,0.04978049546480179,7,,,,,
1129,0.020168432965874672,7,,,,,
1130,0.0416158065199852,7,,,,,
1131,0.045090336352586746,7,,,,,
1132,0.03732824698090553,7,,,,,
1133,0.019618768244981766,7,,,,,
1134,0.024680031463503838,7,,,,,
1135,0.020356811583042145,7,,,,,
1136,0.010659036226570606,7,,,,,
1137,0.017750704661011696,7,,,,,
1138,0.010711499489843845,7,,,,,
1139,0.01082253735512495,7,,,,,
1140,0.009748009964823723,7,,,,,
1141,0.09673550724983215,7,,,,,
1142,0.034012239426374435,7,,,,,
1143,0.0015913689276203513,7,,,,,
1144,0.009162786416709423,7,,,,,
1145,0.09716550260782242,7,,,,,
1146,0.09302964806556702,7,,,,,
1147,0.0693482756614685,7,,,,,
1148,0.0037021341267973185,7,,,,,
1149,0.01809537038207054,7,,,,,
1150,0.054857879877090454,7,,,,,
1151,0.04299665614962578,7,,,,,
1152,0.01988362893462181,7,,,,,
1153,0.05852136015892029,7,,,,,
1154,0.03934766724705696,7,,,,,
1155,0.04365561157464981,7,,,,,
1156,0.04739200323820114,7,,,,,
1157,0.008729512803256512,7,,,,,
1158,0.009936966933310032,7,,,,,
1159,0.012464180588722229,7,,,,,
1160,0.03561793267726898,7,,,,,
1161,0.003574502421543002,7,,,,,
1162,0.09124275296926498,7,,,,,
1163,0.017288928851485252,7,,,,,
1164,0.011790052056312561,7,,,,,
1165,0.03360546752810478,7,,,,,
1166,0.014428447932004929,7,,,,,
1167,0.005450827535241842,7,,,,,
1168,0.01624438539147377,7,,,,,
1169,0.0230546947568655,7,,,,,
1170,0.04012053459882736,7,,,,,
1171,0.019896147772669792,7,,,,,
1172,0.007719298824667931,7,,,,,
1173,0.014866543002426624,7,,,,,
1174,0.0242561437189579,7,,,,,
1175,0.05704815313220024,7,,,,,
1176,0.01290227472782135,7,,,,,
1177,0.017024988308548927,7,,,,,
1178,0.012210114859044552,7,,,,,
1179,0.009302807971835136,7,,,,,
1180,0.07931883633136749,7,,,,,
1181,0.07670917361974716,7,,,,,
1182,0.06975637376308441,7,,,,,
1183,0.015088217332959175,7,,,,,
1184,0.0059798299334943295,7,,,,,
1185,0.050993356853723526,7,,,,,
1186,0.06324592977762222,7,,,,,
1187,0.021011920645833015,7,,,,,
1188,0.03927944228053093,7,,,,,
1189,0.04384278133511543,7,,,,,
1190,0.03386346995830536,7,,,,,
1191,0.006121662445366383,7,,,,,
1192,0.0034301134292036295,7,,,,,
1193,0.023882316425442696,7,,,,,
1194,0.0350898802280426,7,,,,,
1195,0.00897784624248743,7,,,,,
1196,0.02173766866326332,7,,,,,
1197,0.008210456930100918,7,,,,,
1198,0.009245592169463634,7,,,,,
1199,0.03059571422636509,7,,,,,
1200,0.017500746995210648,7,,,,,
1201,0.013136781752109528,7,,,,,
1202,0.00485589262098074,7,,,,,
1203,0.046934276819229126,7,,,,,
1204,0.09993153810501099,7,,,,,
1205,0.02037481963634491,7,,,,,
1206,0.10007813572883606,7,,,,,
1207,0.010525058023631573,7,,,,,
1208,0.048957716673612595,7,,,,,
1209,0.02477743849158287,7,,,,,
1210,0.020811688154935837,7,,,,,
1211,0.02191929705440998,7,,,,,
1212,0.0849132314324379,7,,,,,
1213,0.007664925418794155,7,,,,,
1214,0.01116239931434393,7,,,,,
1215,0.01864008978009224,7,,,,,
1216,0.03843862935900688,7,,,,,
1217,0.012534739449620247,7,,,,,
1218,0.005484181921929121,7,,,,,
1219,0.05695435032248497,7,,,,,
1220,0.02310737781226635,7,,,,,
1221,0.0035455443430691957,7,,,,,
1222,0.005969780497252941,7,,,,,
1223,0.0568108968436718,7,,,,,
1224,0.032669905573129654,7,,,,,
1225,0.008456122130155563,7,,,,,
1226,0.040981244295835495,7,,,,,
1227,0.009222873486578465,7,,,,,
1228,0.015202040784060955,7,,,,,
1229,0.008137612603604794,7,,,,,
1230,0.0683433935046196,7,,,,,
1231,0.06886759400367737,7,,,,,
1232,0.005663814023137093,7,,,,,
1233,0.08888762444257736,7,,,,,
1234,0.015316306613385677,7,,,,,
1235,0.07743212580680847,7,,,,,
1236,0.009010763838887215,7,,,,,
1237,0.004819149617105722,7,,,,,
1238,0.01990346424281597,7,,,,,
1239,0.01731426827609539,7,,,,,
1240,0.006002282258123159,7,,,,,
1241,0.016426652669906616,7,,,,,
1242,0.023722242563962936,7,,,,,
1243,0.031657297164201736,7,,,,,
1244,0.06188392639160156,7,,,,,
1245,0.027254996821284294,7,,,,,
1246,0.0038108599837869406,7,,,,,
1247,0.006154978182166815,7,,,,,
1248,0.019162343814969063,7,,,,,
1249,0.003611145308241248,7,,,,,
1250,0.009373502805829048,7,,,,,
1251,0.020354105159640312,7,,,,,
1252,0.012473134323954582,7,,,,,
1253,0.05267813801765442,7,,,,,
1254,0.007973560132086277,7,,,,,
1255,0.003285151207819581,7,,,,,
140,,,0.021793290972709656,,,,
141,,,0.0020417619962245226,,,,
142,,,0.004082418512552977,,,,
143,,,0.07349702715873718,,,,
144,,,0.004146954510360956,,,,
145,,,0.053384117782115936,,,,
146,,,0.044061463326215744,,,,
147,,,0.0031601865775883198,,,,
148,,,0.02519671991467476,,,,
149,,,0.004205668345093727,,,,
150,,,0.002995037939399481,,,,
151,,,0.0014157030964270234,,,,
152,,,0.003718668594956398,,,,
153,,,0.004990400280803442,,,,
154,,,0.03337946534156799,,,,
155,,,0.052148714661598206,,,,
156,,,0.013609068468213081,,,,
157,,,0.005452529061585665,,,,
158,,,0.012396293692290783,,,,
159,,,0.005154038313776255,,,,
1255,,7,,0.018884746357798576,,,
1255,,7,,,0.9125000238418579,0.032019272446632385,1.0
1256,0.028614571318030357,8,,,,,
1257,0.014515619724988937,8,,,,,
1258,0.0074633024632930756,8,,,,,
1259,0.06539740413427353,8,,,,,
1260,0.009674686007201672,8,,,,,
1261,0.022471142932772636,8,,,,,
1262,0.04445948451757431,8,,,,,
1263,0.01816847361624241,8,,,,,
1264,0.006331626791507006,8,,,,,
1265,0.05642152950167656,8,,,,,
1266,0.0320495180785656,8,,,,,
1267,0.005922582000494003,8,,,,,
1268,0.02186632715165615,8,,,,,
1269,0.017976660281419754,8,,,,,
1270,0.02716139703989029,8,,,,,
1271,0.007032472174614668,8,,,,,
1272,0.03697528317570686,8,,,,,
1273,0.0050775459967553616,8,,,,,
1274,0.02439517341554165,8,,,,,
1275,0.0162787064909935,8,,,,,
1276,0.0768464133143425,8,,,,,
1277,0.014052844606339931,8,,,,,
1278,0.03985101357102394,8,,,,,
1279,0.018212873488664627,8,,,,,
1280,0.07087139785289764,8,,,,,
1281,0.039260383695364,8,,,,,
1282,0.015329306945204735,8,,,,,
1283,0.0049557313323020935,8,,,,,
1284,0.02233821153640747,8,,,,,
1285,0.03456487879157066,8,,,,,
1286,0.0689927190542221,8,,,,,
1287,0.13071484863758087,8,,,,,
1288,0.029137160629034042,8,,,,,
1289,0.007364869117736816,8,,,,,
1290,0.014260731637477875,8,,,,,
1291,0.012943155132234097,8,,,,,
1292,0.07298905402421951,8,,,,,
1293,0.037001267075538635,8,,,,,
1294,0.003828704124316573,8,,,,,
1295,0.013965499587357044,8,,,,,
1296,0.007740619592368603,8,,,,,
1297,0.02574429102241993,8,,,,,
1298,0.0792757198214531,8,,,,,
1299,0.09906893968582153,8,,,,,
1300,0.04435538500547409,8,,,,,
1301,0.07403888553380966,8,,,,,
1302,0.0063717300072312355,8,,,,,
1303,0.005821713246405125,8,,,,,
1304,0.08212271332740784,8,,,,,
1305,0.01315107848495245,8,,,,,
1306,0.007483239751309156,8,,,,,
1307,0.00459045497700572,8,,,,,
1308,0.007342660333961248,8,,,,,
1309,0.007739640772342682,8,,,,,
1310,0.07106708735227585,8,,,,,
1311,0.012606251984834671,8,,,,,
1312,0.006211474537849426,8,,,,,
1313,0.008546905592083931,8,,,,,
1314,0.0051933894865214825,8,,,,,
1315,0.014601512812077999,8,,,,,
1316,0.010906487703323364,8,,,,,
1317,0.005664051976054907,8,,,,,
1318,0.013230704702436924,8,,,,,
1319,0.03705403581261635,8,,,,,
1320,0.010632902383804321,8,,,,,
1321,0.011914464645087719,8,,,,,
1322,0.03034842386841774,8,,,,,
1323,0.021021869033575058,8,,,,,
1324,0.04469841718673706,8,,,,,
1325,0.07267019152641296,8,,,,,
1326,0.008126691915094852,8,,,,,
1327,0.044134873896837234,8,,,,,
1328,0.004036239348351955,8,,,,,
1329,0.0191323421895504,8,,,,,
1330,0.004831929691135883,8,,,,,
1331,0.0029763616621494293,8,,,,,
1332,0.023769626393914223,8,,,,,
1333,0.03778719902038574,8,,,,,
1334,0.01418795995414257,8,,,,,
1335,0.007639266550540924,8,,,,,
1336,0.10516089200973511,8,,,,,
1337,0.048562128096818924,8,,,,,
1338,0.003656330518424511,8,,,,,
1339,0.0051117949187755585,8,,,,,
1340,0.001822823309339583,8,,,,,
1341,0.014054208062589169,8,,,,,
1342,0.0033248644322156906,8,,,,,
1343,0.025920862331986427,8,,,,,
1344,0.026516545563936234,8,,,,,
1345,0.04176172614097595,8,,,,,
1346,0.0022213198244571686,8,,,,,
1347,0.0035622986033558846,8,,,,,
1348,0.06283639371395111,8,,,,,
1349,0.03503817319869995,8,,,,,
1350,0.0069289375096559525,8,,,,,
1351,0.02396370656788349,8,,,,,
1352,0.004179317504167557,8,,,,,
1353,0.016425715759396553,8,,,,,
1354,0.014739025384187698,8,,,,,
1355,0.016159258782863617,8,,,,,
1356,0.0049372180365026,8,,,,,
1357,0.01238327194005251,8,,,,,
1358,0.014961808919906616,8,,,,,
1359,0.06036423519253731,8,,,,,
1360,0.04950409010052681,8,,,,,
1361,0.03599359840154648,8,,,,,
1362,0.005338049028068781,8,,,,,
1363,0.012919323518872261,8,,,,,
1364,0.0032396335154771805,8,,,,,
1365,0.03189558535814285,8,,,,,
1366,0.009836141020059586,8,,,,,
1367,0.006779639516025782,8,,,,,
1368,0.020092982798814774,8,,,,,
1369,0.036765098571777344,8,,,,,
1370,0.02692263200879097,8,,,,,
1371,0.03776403144001961,8,,,,,
1372,0.03794300928711891,8,,,,,
1373,0.006203319877386093,8,,,,,
1374,0.03987179324030876,8,,,,,
1375,0.016238640993833542,8,,,,,
1376,0.004808776546269655,8,,,,,
1377,0.0066214511170983315,8,,,,,
1378,0.009680415503680706,8,,,,,
1379,0.01521341037005186,8,,,,,
1380,0.00586214242503047,8,,,,,
1381,0.07479169219732285,8,,,,,
1382,0.024999985471367836,8,,,,,
1383,0.07005517184734344,8,,,,,
1384,0.05591420829296112,8,,,,,
1385,0.042935311794281006,8,,,,,
1386,0.016684049740433693,8,,,,,
1387,0.052745550870895386,8,,,,,
1388,0.014315939508378506,8,,,,,
1389,0.0027264023665338755,8,,,,,
1390,0.049211468547582626,8,,,,,
1391,0.021104656159877777,8,,,,,
1392,0.0535116083920002,8,,,,,
1393,0.0036558397114276886,8,,,,,
1394,0.006449756678193808,8,,,,,
1395,0.0007922230870462954,8,,,,,
1396,0.004555496387183666,8,,,,,
1397,0.0293858852237463,8,,,,,
1398,0.05247547850012779,8,,,,,
1399,0.004301016218960285,8,,,,,
1400,0.1283731460571289,8,,,,,
1401,0.007753113284707069,8,,,,,
1402,0.04396466910839081,8,,,,,
1403,0.01153858844190836,8,,,,,
1404,0.010445480234920979,8,,,,,
1405,0.05262505263090134,8,,,,,
1406,0.07988450676202774,8,,,,,
1407,0.04050267115235329,8,,,,,
1408,0.02961839735507965,8,,,,,
1409,0.006407447159290314,8,,,,,
1410,0.004420624580234289,8,,,,,
1411,0.004736336413770914,8,,,,,
1412,0.00306876003742218,8,,,,,
160,,,0.01759861782193184,,,,
161,,,0.0026262043975293636,,,,
162,,,0.004458499141037464,,,,
163,,,0.06931732594966888,,,,
164,,,0.0038186192978173494,,,,
165,,,0.04461756348609924,,,,
166,,,0.03475881367921829,,,,
167,,,0.0025642006658017635,,,,
168,,,0.019958006218075752,,,,
169,,,0.004411743022501469,,,,
170,,,0.00285332091152668,,,,
171,,,0.0012302075047045946,,,,
172,,,0.0038355779834091663,,,,
173,,,0.005250612273812294,,,,
174,,,0.029243063181638718,,,,
175,,,0.04913788661360741,,,,
176,,,0.014164830558001995,,,,
177,,,0.005272723268717527,,,,
178,,,0.011793559417128563,,,,
179,,,0.0039657470770180225,,,,
1412,,8,,0.016866371035575867,,,
1412,,8,,,0.875,0.026709742844104767,1.0
1413,0.0051941596902906895,9,,,,,
1414,0.07617931067943573,9,,,,,
1415,0.022240497171878815,9,,,,,
1416,0.0034061577171087265,9,,,,,
1417,0.09320814907550812,9,,,,,
1418,0.008225818164646626,9,,,,,
1419,0.013530074618756771,9,,,,,
1420,0.021111037582159042,9,,,,,
1421,0.002787924138829112,9,,,,,
1422,0.02134544588625431,9,,,,,
1423,0.003421689383685589,9,,,,,
1424,0.018254077062010765,9,,,,,
1425,0.04506769776344299,9,,,,,
1426,0.0016942714573815465,9,,,,,
1427,0.014833767898380756,9,,,,,
1428,0.0371120423078537,9,,,,,
1429,0.019812894985079765,9,,,,,
1430,0.02779713273048401,9,,,,,
1431,0.05854518339037895,9,,,,,
1432,0.0047917612828314304,9,,,,,
1433,0.039498571306467056,9,,,,,
1434,0.006575990468263626,9,,,,,
1435,0.0028980551287531853,9,,,,,
1436,0.0052951630204916,9,,,,,
1437,0.0064033218659460545,9,,,,,
1438,0.006458733696490526,9,,,,,
1439,0.03741443157196045,9,,,,,
1440,0.003654750296846032,9,,,,,
1441,0.0008597811684012413,9,,,,,
1442,0.06081932783126831,9,,,,,
1443,0.006986573804169893,9,,,,,
1444,0.06282329559326172,9,,,,,
1445,0.08529501408338547,9,,,,,
1446,0.022836117073893547,9,,,,,
1447,0.00624373322352767,9,,,,,
1448,0.007702237460762262,9,,,,,
1449,0.038990672677755356,9,,,,,
1450,0.08509412407875061,9,,,,,
1451,0.00811738520860672,9,,,,,
1452,0.021982215344905853,9,,,,,
1453,0.008123516105115414,9,,,,,
1454,0.006684082094579935,9,,,,,
1455,0.05298452451825142,9,,,,,
1456,0.003984377253800631,9,,,,,
1457,0.04072463512420654,9,,,,,
1458,0.004052673000842333,9,,,,,
1459,0.01973189413547516,9,,,,,
1460,0.053717635571956635,9,,,,,
1461,0.01991540752351284,9,,,,,
1462,0.01029107253998518,9,,,,,
1463,0.011627173982560635,9,,,,,
1464,0.06292092055082321,9,,,,,
1465,0.009963860735297203,9,,,,,
1466,0.03134668618440628,9,,,,,
1467,0.059715572744607925,9,,,,,
1468,0.0037011681124567986,9,,,,,
1469,0.0041010258719325066,9,,,,,
1470,0.0030805335845798254,9,,,,,
1471,0.02188502624630928,9,,,,,
1472,0.0141237648203969,9,,,,,
1473,0.004437832161784172,9,,,,,
1474,0.021298062056303024,9,,,,,
1475,0.01728813350200653,9,,,,,
1476,0.050704848021268845,9,,,,,
1477,0.0042619286105036736,9,,,,,
1478,0.043261054903268814,9,,,,,
1479,0.0602390393614769,9,,,,,
1480,0.0321318693459034,9,,,,,
1481,0.0028744088485836983,9,,,,,
1482,0.06132799759507179,9,,,,,
1483,0.02742305025458336,9,,,,,
1484,0.061493169516325,9,,,,,
1485,0.007683321367949247,9,,,,,
1486,0.010918899439275265,9,,,,,
1487,0.002409989247098565,9,,,,,
1488,0.008252055384218693,9,,,,,
1489,0.030669240280985832,9,,,,,
1490,0.02882201410830021,9,,,,,
1491,0.009652262553572655,9,,,,,
1492,0.046726759523153305,9,,,,,
1493,0.020524995401501656,9,,,,,
1494,0.01113145612180233,9,,,,,
1495,0.008447135798633099,9,,,,,
1496,0.019516879692673683,9,,,,,
1497,0.01601872779428959,9,,,,,
1498,0.07468912750482559,9,,,,,
1499,0.025677554309368134,9,,,,,
1500,0.025416970252990723,9,,,,,
1501,0.01238610502332449,9,,,,,
1502,0.0664924904704094,9,,,,,
1503,0.015519963577389717,9,,,,,
1504,0.03287744149565697,9,,,,,
1505,0.021824287250638008,9,,,,,
1506,0.03337693586945534,9,,,,,
1507,0.005654119420796633,9,,,,,
1508,0.01805521734058857,9,,,,,
1509,0.06051366403698921,9,,,,,
1510,0.029016077518463135,9,,,,,
1511,0.039613790810108185,9,,,,,
1512,0.0036363571416586637,9,,,,,
1513,0.019495444372296333,9,,,,,
1514,0.011435884051024914,9,,,,,
1515,0.04063911363482475,9,,,,,
1516,0.016444362699985504,9,,,,,
1517,0.007331509608775377,9,,,,,
1518,0.05551910027861595,9,,,,,
1519,0.0056577567011117935,9,,,,,
1520,0.006289835553616285,9,,,,,
1521,0.00836785975843668,9,,,,,
1522,0.0037862183526158333,9,,,,,
1523,0.020414063706994057,9,,,,,
1524,0.03155679255723953,9,,,,,
1525,0.016093909740447998,9,,,,,
1526,0.014482742175459862,9,,,,,
1527,0.045514065772295,9,,,,,
1528,0.06874189525842667,9,,,,,
1529,0.05197640135884285,9,,,,,
1530,0.010757552459836006,9,,,,,
1531,0.008251331746578217,9,,,,,
1532,0.005582916084676981,9,,,,,
1533,0.000756108551286161,9,,,,,
1534,0.03452751040458679,9,,,,,
1535,0.010269037447869778,9,,,,,
1536,0.009826150722801685,9,,,,,
1537,0.017637208104133606,9,,,,,
1538,0.005970202386379242,9,,,,,
1539,0.0035659787245094776,9,,,,,
1540,0.022551342844963074,9,,,,,
1541,0.027442650869488716,9,,,,,
1542,0.0033817922230809927,9,,,,,
1543,0.018054110929369926,9,,,,,
1544,0.017647234722971916,9,,,,,
1545,0.012126157991588116,9,,,,,
1546,0.0267341248691082,9,,,,,
1547,0.011005714535713196,9,,,,,
1548,0.008103289641439915,9,,,,,
1549,0.0016331560909748077,9,,,,,
1550,0.004336791578680277,9,,,,,
1551,0.019519055262207985,9,,,,,
1552,0.08275359869003296,9,,,,,
1553,0.07364805042743683,9,,,,,
1554,0.0027451994828879833,9,,,,,
1555,0.0034325390588492155,9,,,,,
1556,0.015022427774965763,9,,,,,
1557,0.042762890458106995,9,,,,,
1558,0.009082968346774578,9,,,,,
1559,0.06012372300028801,9,,,,,
1560,0.02821415476500988,9,,,,,
1561,0.003220213344320655,9,,,,,
1562,0.046986084431409836,9,,,,,
1563,0.00958187971264124,9,,,,,
1564,0.040099382400512695,9,,,,,
1565,0.005386195611208677,9,,,,,
1566,0.04447457939386368,9,,,,,
1567,0.03592924401164055,9,,,,,
1568,0.022079667076468468,9,,,,,
1569,0.027152014896273613,9,,,,,
180,,,0.010105559602379799,,,,
181,,,0.0026841918006539345,,,,
182,,,0.004675604868680239,,,,
183,,,0.06769555062055588,,,,
184,,,0.003981503192335367,,,,
185,,,0.053610581904649734,,,,
186,,,0.018738944083452225,,,,
187,,,0.0024224312510341406,,,,
188,,,0.011248132213950157,,,,
189,,,0.0045661781914532185,,,,
190,,,0.0022980221547186375,,,,
191,,,0.0018207202665507793,,,,
192,,,0.0050929244607687,,,,
193,,,0.004727240651845932,,,,
194,,,0.02061457559466362,,,,
195,,,0.042244803160429,,,,
196,,,0.012498856522142887,,,,
197,,,0.005529891233891249,,,,
198,,,0.010862989351153374,,,,
199,,,0.004477197770029306,,,,
1569,,9,,0.014751654118299484,,,
1569,,9,,,0.8687499761581421,0.02410220168530941,0.9937499761581421
1570,0.006074684206396341,10,,,,,
1571,0.023812441155314445,10,,,,,
1572,0.038964658975601196,10,,,,,
1573,0.010180598124861717,10,,,,,
1574,0.013303689658641815,10,,,,,
1575,0.0598372258245945,10,,,,,
1576,0.017925972118973732,10,,,,,
1577,0.001724058878608048,10,,,,,
1578,0.024845486506819725,10,,,,,
1579,0.007688426412642002,10,,,,,
1580,0.03757663816213608,10,,,,,
1581,0.02937188744544983,10,,,,,
1582,0.027186932042241096,10,,,,,
1583,0.007867018692195415,10,,,,,
1584,0.014555735513567924,10,,,,,
1585,0.010016733780503273,10,,,,,
1586,0.01645485684275627,10,,,,,
1587,0.04212373495101929,10,,,,,
1588,0.0736982524394989,10,,,,,
1589,0.03167112171649933,10,,,,,
1590,0.015499485656619072,10,,,,,
1591,0.012409932911396027,10,,,,,
1592,0.0576556958258152,10,,,,,
1593,0.03251601755619049,10,,,,,
1594,0.018996594473719597,10,,,,,
1595,0.023903872817754745,10,,,,,
1596,0.006065621972084045,10,,,,,
1597,0.004243531730026007,10,,,,,
1598,0.004919534549117088,10,,,,,
1599,0.006444674450904131,10,,,,,
1600,0.011890379711985588,10,,,,,
1601,0.022221075370907784,10,,,,,
1602,0.036764293909072876,10,,,,,
1603,0.008091121912002563,10,,,,,
1604,0.03262520581483841,10,,,,,
1605,0.004443291109055281,10,,,,,
1606,0.013422686606645584,10,,,,,
1607,0.011771218851208687,10,,,,,
1608,0.03462649881839752,10,,,,,
1609,0.002232210012152791,10,,,,,
1610,0.0024369405582547188,10,,,,,
1611,0.004960026126354933,10,,,,,
1612,0.01849670335650444,10,,,,,
1613,0.005057682748883963,10,,,,,
1614,0.032766882330179214,10,,,,,
1615,0.006164358463138342,10,,,,,
1616,0.011152755469083786,10,,,,,
1617,0.033145006746053696,10,,,,,
1618,0.011431786231696606,10,,,,,
1619,0.012848787009716034,10,,,,,
1620,0.012121451087296009,10,,,,,
1621,0.03998937830328941,10,,,,,
1622,0.012248733080923557,10,,,,,
1623,0.01727313920855522,10,,,,,
1624,0.060467950999736786,10,,,,,
1625,0.0017722970806062222,10,,,,,
1626,0.0188722126185894,10,,,,,
1627,0.005908807273954153,10,,,,,
1628,0.010816059075295925,10,,,,,
1629,0.014317342080175877,10,,,,,
1630,0.0045717335306108,10,,,,,
1631,0.07506173849105835,10,,,,,
1632,0.010999651625752449,10,,,,,
1633,0.08411233127117157,10,,,,,
1634,0.07285791635513306,10,,,,,
1635,0.01004253700375557,10,,,,,
1636,0.062287673354148865,10,,,,,
1637,0.017809392884373665,10,,,,,
1638,0.0028059734031558037,10,,,,,
1639,0.0023994105868041515,10,,,,,
1640,0.005008041393011808,10,,,,,
1641,0.005537865683436394,10,,,,,
1642,0.01063163299113512,10,,,,,
1643,0.0038315709680318832,10,,,,,
1644,0.0037368382327258587,10,,,,,
1645,0.05666245147585869,10,,,,,
1646,0.03098233789205551,10,,,,,
1647,0.0027911020442843437,10,,,,,
1648,0.08087772876024246,10,,,,,
1649,0.08621904999017715,10,,,,,
1650,0.01819303259253502,10,,,,,
1651,0.025740889832377434,10,,,,,
1652,0.002569684525951743,10,,,,,
1653,0.02172711119055748,10,,,,,
1654,0.0524514801800251,10,,,,,
1655,0.06358858197927475,10,,,,,
1656,0.021869583055377007,10,,,,,
1657,0.05012080445885658,10,,,,,
1658,0.021858491003513336,10,,,,,
1659,0.01934627816081047,10,,,,,
1660,0.05856028571724892,10,,,,,
1661,0.008925885893404484,10,,,,,
1662,0.04380156099796295,10,,,,,
1663,0.0069428542628884315,10,,,,,
1664,0.02344159036874771,10,,,,,
1665,0.01729441247880459,10,,,,,
1666,0.050226230174303055,10,,,,,
1667,0.027086056768894196,10,,,,,
1668,0.009967682883143425,10,,,,,
1669,0.02032521367073059,10,,,,,
1670,0.04912332817912102,10,,,,,
1671,0.06914130598306656,10,,,,,
1672,0.020386165007948875,10,,,,,
1673,0.006736381445080042,10,,,,,
1674,0.012998430989682674,10,,,,,
1675,0.017622360959649086,10,,,,,
1676,0.016128912568092346,10,,,,,
1677,0.016395436599850655,10,,,,,
1678,0.005553331226110458,10,,,,,
1679,0.002179976087063551,10,,,,,
1680,0.06489593535661697,10,,,,,
1681,0.03670142590999603,10,,,,,
1682,0.0032850250136107206,10,,,,,
1683,0.010025209747254848,10,,,,,
1684,0.038221534341573715,10,,,,,
1685,0.04175945371389389,10,,,,,
1686,0.007933035492897034,10,,,,,
1687,0.005665374919772148,10,,,,,
1688,0.014814999885857105,10,,,,,
1689,0.041925277560949326,10,,,,,
1690,0.00461933808401227,10,,,,,
1691,0.0003230242873542011,10,,,,,
1692,0.005057589150965214,10,,,,,
1693,0.015498721040785313,10,,,,,
1694,0.0007533953175880015,10,,,,,
1695,0.00836198404431343,10,,,,,
1696,0.038230765610933304,10,,,,,
1697,0.019827555865049362,10,,,,,
1698,0.04966302588582039,10,,,,,
1699,0.007402680814266205,10,,,,,
1700,0.004013306926935911,10,,,,,
1701,0.0020886030979454517,10,,,,,
1702,0.02285056747496128,10,,,,,
1703,0.018618490546941757,10,,,,,
1704,0.00317298318259418,10,,,,,
1705,0.031020209193229675,10,,,,,
1706,0.0028401107992976904,10,,,,,
1707,0.011947326362133026,10,,,,,
1708,0.013135083951056004,10,,,,,
1709,0.017805512994527817,10,,,,,
1710,0.022383714094758034,10,,,,,
1711,0.017728660255670547,10,,,,,
1712,0.0010103865060955286,10,,,,,
1713,0.028120502829551697,10,,,,,
1714,0.0168050117790699,10,,,,,
1715,0.04204469546675682,10,,,,,
1716,0.02374812215566635,10,,,,,
1717,0.013482699170708656,10,,,,,
1718,0.062313832342624664,10,,,,,
1719,0.02549012377858162,10,,,,,
1720,0.016039537265896797,10,,,,,
1721,0.027371693402528763,10,,,,,
1722,0.02463948354125023,10,,,,,
1723,0.003854928771033883,10,,,,,
1724,0.011180037632584572,10,,,,,
1725,0.002779181580990553,10,,,,,
1726,0.0011606102343648672,10,,,,,
200,,,0.010977559722959995,,,,
201,,,0.001627924619242549,,,,
202,,,0.004797180183231831,,,,
203,,,0.060388337820768356,,,,
204,,,0.0039038024842739105,,,,
205,,,0.04355296492576599,,,,
206,,,0.021387971937656403,,,,
207,,,0.0029212813824415207,,,,
208,,,0.012358850799500942,,,,
209,,,0.0036279058549553156,,,,
210,,,0.0022949143312871456,,,,
211,,,0.002129983389750123,,,,
212,,,0.004269558936357498,,,,
213,,,0.004385560750961304,,,,
214,,,0.01956510730087757,,,,
215,,,0.039912283420562744,,,,
216,,,0.011404523625969887,,,,
217,,,0.00521792471408844,,,,
218,,,0.009087635204195976,,,,
219,,,0.005450694356113672,,,,
1726,,10,,0.0136685436591506,,,
1726,,10,,,0.90625,0.022232789546251297,1.0
1727,0.023676825687289238,11,,,,,
1728,0.0136307617649436,11,,,,,
1729,0.002746519399806857,11,,,,,
1730,0.0020717133302241564,11,,,,,
1731,0.013556207530200481,11,,,,,
1732,0.0033649711403995752,11,,,,,
1733,0.022352080792188644,11,,,,,
1734,0.05839267373085022,11,,,,,
1735,0.003739633597433567,11,,,,,
1736,0.008828790858387947,11,,,,,
1737,0.007269987370818853,11,,,,,
1738,0.06862697750329971,11,,,,,
1739,0.0046112933196127415,11,,,,,
1740,0.017364945262670517,11,,,,,
1741,0.0019673779606819153,11,,,,,
1742,0.036541737616062164,11,,,,,
1743,0.03026648797094822,11,,,,,
1744,0.034280478954315186,11,,,,,
1745,0.04511294886469841,11,,,,,
1746,0.017498422414064407,11,,,,,
1747,0.0035662248264998198,11,,,,,
1748,0.011426293291151524,11,,,,,
1749,0.05464833974838257,11,,,,,
1750,0.007450778502970934,11,,,,,
1751,0.01135907880961895,11,,,,,
1752,0.006628518458455801,11,,,,,
1753,0.019033588469028473,11,,,,,
1754,0.04851792752742767,11,,,,,
1755,0.011398949660360813,11,,,,,
1756,0.01563309319317341,11,,,,,
1757,0.009058716706931591,11,,,,,
1758,0.0036763264797627926,11,,,,,
1759,0.008219876326620579,11,,,,,
1760,0.006162913050502539,11,,,,,
1761,0.010155893862247467,11,,,,,
1762,0.029329832643270493,11,,,,,
1763,0.017101498320698738,11,,,,,
1764,0.035753145813941956,11,,,,,
1765,0.044328153133392334,11,,,,,
1766,0.0012568101519718766,11,,,,,
1767,0.028426552191376686,11,,,,,
1768,0.017500897869467735,11,,,,,
1769,0.012773378752171993,11,,,,,
1770,0.0072291078977286816,11,,,,,
1771,0.049108073115348816,11,,,,,
1772,0.0024415256921201944,11,,,,,
1773,0.0030497193802148104,11,,,,,
1774,0.03514808788895607,11,,,,,
1775,0.053261835128068924,11,,,,,
1776,0.002667713677510619,11,,,,,
1777,0.00249970774166286,11,,,,,
1778,0.0008901169640012085,11,,,,,
1779,0.06076565012335777,11,,,,,
1780,0.0032990220934152603,11,,,,,
1781,0.0018530851230025291,11,,,,,
1782,0.03492715209722519,11,,,,,
1783,0.017064929008483887,11,,,,,
1784,0.01743215136229992,11,,,,,
1785,0.027756119146943092,11,,,,,
1786,0.02120901085436344,11,,,,,
1787,0.055328525602817535,11,,,,,
1788,0.03286188840866089,11,,,,,
1789,0.014084871858358383,11,,,,,
1790,0.06388704478740692,11,,,,,
1791,0.02768201380968094,11,,,,,
1792,0.00702862860634923,11,,,,,
1793,0.01524526160210371,11,,,,,
1794,0.03279827907681465,11,,,,,
1795,0.012082933448255062,11,,,,,
1796,0.03298947960138321,11,,,,,
1797,0.030392983928322792,11,,,,,
1798,0.021055418998003006,11,,,,,
1799,0.02429153583943844,11,,,,,
1800,0.025911496952176094,11,,,,,
1801,0.04760698601603508,11,,,,,
1802,0.00814483966678381,11,,,,,
1803,0.015841200947761536,11,,,,,
1804,0.0746886357665062,11,,,,,
1805,0.04133467376232147,11,,,,,
1806,0.02817966416478157,11,,,,,
1807,0.012172210030257702,11,,,,,
1808,0.004832034930586815,11,,,,,
1809,0.010751202702522278,11,,,,,
1810,0.019700227305293083,11,,,,,
1811,0.014003217220306396,11,,,,,
1812,0.007145958486944437,11,,,,,
1813,0.0013500020140781999,11,,,,,
1814,0.02964187227189541,11,,,,,
1815,0.00467562535777688,11,,,,,
1816,0.015702497214078903,11,,,,,
1817,0.005797764752060175,11,,,,,
1818,0.005117530003190041,11,,,,,
1819,0.014621642418205738,11,,,,,
1820,0.03560510277748108,11,,,,,
1821,0.03115502931177616,11,,,,,
1822,0.03337067738175392,11,,,,,
1823,0.017877230420708656,11,,,,,
1824,0.004457149188965559,11,,,,,
1825,0.01719176396727562,11,,,,,
1826,0.004363367799669504,11,,,,,
1827,0.002672366565093398,11,,,,,
1828,0.0618579126894474,11,,,,,
1829,0.013828257098793983,11,,,,,
1830,0.004121917765587568,11,,,,,
1831,0.032408539205789566,11,,,,,
1832,0.009030833840370178,11,,,,,
1833,0.04573557525873184,11,,,,,
1834,0.00311964750289917,11,,,,,
1835,0.0032972595654428005,11,,,,,
1836,0.011479189619421959,11,,,,,
1837,0.03953168913722038,11,,,,,
1838,0.013580556027591228,11,,,,,
1839,0.008308546617627144,11,,,,,
1840,0.012988013215363026,11,,,,,
1841,0.002793824067339301,11,,,,,
1842,0.004965675994753838,11,,,,,
1843,0.012426973320543766,11,,,,,
1844,0.036141786724328995,11,,,,,
1845,0.05257841572165489,11,,,,,
1846,0.007806167937815189,11,,,,,
1847,0.002383296610787511,11,,,,,
1848,0.016316594555974007,11,,,,,
1849,0.0030770169105380774,11,,,,,
1850,0.04986860975623131,11,,,,,
1851,0.05236931890249252,11,,,,,
1852,0.011056593619287014,11,,,,,
1853,0.005883847363293171,11,,,,,
1854,0.01488542277365923,11,,,,,
1855,0.024740023538470268,11,,,,,
1856,0.015173508785665035,11,,,,,
1857,0.001467019901610911,11,,,,,
1858,0.013378147035837173,11,,,,,
1859,0.008282409980893135,11,,,,,
1860,0.06142888590693474,11,,,,,
1861,0.02206519991159439,11,,,,,
1862,0.09008853882551193,11,,,,,
1863,0.028244545683264732,11,,,,,
1864,0.022327501326799393,11,,,,,
1865,0.01888214610517025,11,,,,,
1866,0.002084785606712103,11,,,,,
1867,0.028072334825992584,11,,,,,
1868,0.014271858148276806,11,,,,,
1869,0.004451912362128496,11,,,,,
1870,0.02698501944541931,11,,,,,
1871,0.018803182989358902,11,,,,,
1872,0.0035159809049218893,11,,,,,
1873,0.026607386767864227,11,,,,,
1874,0.08773341774940491,11,,,,,
1875,0.006968923844397068,11,,,,,
1876,0.02663940005004406,11,,,,,
1877,0.006199279334396124,11,,,,,
1878,0.04228125140070915,11,,,,,
1879,0.025156071409583092,11,,,,,
1880,0.07066287845373154,11,,,,,
1881,0.018012017011642456,11,,,,,
1882,0.06759118288755417,11,,,,,
1883,0.0027068271301686764,11,,,,,
220,,,0.010231399908661842,,,,
221,,,0.0038108963053673506,,,,
222,,,0.007195963524281979,,,,
223,,,0.0642213225364685,,,,
224,,,0.0057645984925329685,,,,
225,,,0.04269213601946831,,,,
226,,,0.019281264394521713,,,,
227,,,0.00156789377797395,,,,
228,,,0.010134967043995857,,,,
229,,,0.005792777985334396,,,,
230,,,0.002033292083069682,,,,
231,,,0.0020147222094237804,,,,
232,,,0.007270599249750376,,,,
233,,,0.007128623779863119,,,,
234,,,0.01891431026160717,,,,
235,,,0.034710902720689774,,,,
236,,,0.01541921403259039,,,,
237,,,0.006757518742233515,,,,
238,,,0.010405449196696281,,,,
239,,,0.0022343324963003397,,,,
1883,,11,,0.014177694916725159,,,
1883,,11,,,0.875,0.021654067561030388,1.0
1884,0.002888559130951762,12,,,,,
1885,0.0072144134901463985,12,,,,,
1886,0.010848459787666798,12,,,,,
1887,0.0020541008561849594,12,,,,,
1888,0.01823461428284645,12,,,,,
1889,0.03930192068219185,12,,,,,
1890,0.0070908390916883945,12,,,,,
1891,0.012291300110518932,12,,,,,
1892,0.0027053048834204674,12,,,,,
1893,0.039203863590955734,12,,,,,
1894,0.008129614405333996,12,,,,,
1895,0.017178786918520927,12,,,,,
1896,0.002853701589629054,12,,,,,
1897,0.003134109079837799,12,,,,,
1898,0.04474008083343506,12,,,,,
1899,0.021151097491383553,12,,,,,
1900,0.0031731631606817245,12,,,,,
1901,0.03800259530544281,12,,,,,
1902,0.013407220132648945,12,,,,,
1903,0.0032162226270884275,12,,,,,
1904,0.00824540201574564,12,,,,,
1905,0.04028182849287987,12,,,,,
1906,0.006433370057493448,12,,,,,
1907,0.015689078718423843,12,,,,,
1908,0.015778077766299248,12,,,,,
1909,0.007284324616193771,12,,,,,
1910,0.005708982702344656,12,,,,,
1911,0.004766685888171196,12,,,,,
1912,0.003962328191846609,12,,,,,
1913,0.047645680606365204,12,,,,,
1914,0.013226657174527645,12,,,,,
1915,0.0024778712540864944,12,,,,,
1916,0.01165076345205307,12,,,,,
1917,0.004025487694889307,12,,,,,
1918,0.01691986434161663,12,,,,,
1919,0.0011371818836778402,12,,,,,
1920,0.009096786379814148,12,,,,,
1921,0.01386912353336811,12,,,,,
1922,0.0423738956451416,12,,,,,
1923,0.026610806584358215,12,,,,,
1924,0.051526203751564026,12,,,,,
1925,0.0414418987929821,12,,,,,
1926,0.06989157199859619,12,,,,,
1927,0.04193256050348282,12,,,,,
1928,0.052485134452581406,12,,,,,
1929,0.03358227014541626,12,,,,,
1930,0.030751802027225494,12,,,,,
1931,0.030721057206392288,12,,,,,
1932,0.025042055174708366,12,,,,,
1933,0.008275888860225677,12,,,,,
1934,0.006298525258898735,12,,,,,
1935,0.029764316976070404,12,,,,,
1936,0.011616758070886135,12,,,,,
1937,0.008733410388231277,12,,,,,
1938,0.022752851247787476,12,,,,,
1939,0.007352533284574747,12,,,,,
1940,0.005312236491590738,12,,,,,
1941,0.023391535505652428,12,,,,,
1942,0.029119767248630524,12,,,,,
1943,0.015573698095977306,12,,,,,
1944,0.010104862973093987,12,,,,,
1945,0.03650670871138573,12,,,,,
1946,0.07205744832754135,12,,,,,
1947,0.030004538595676422,12,,,,,
1948,0.0038284955080598593,12,,,,,
1949,0.024840155616402626,12,,,,,
1950,0.006985359825193882,12,,,,,
1951,0.02612486109137535,12,,,,,
1952,0.002175113884732127,12,,,,,
1953,0.009504413232207298,12,,,,,
1954,0.019779914990067482,12,,,,,
1955,0.011080778203904629,12,,,,,
1956,0.06878665089607239,12,,,,,
1957,0.012610428035259247,12,,,,,
1958,0.022833598777651787,12,,,,,
1959,0.002970735542476177,12,,,,,
1960,0.0035045486874878407,12,,,,,
1961,0.0016003184719011188,12,,,,,
1962,0.028374595567584038,12,,,,,
1963,0.0030783407855778933,12,,,,,
1964,0.012664654292166233,12,,,,,
1965,0.004251939244568348,12,,,,,
1966,0.027424531057476997,12,,,,,
1967,0.001040601055137813,12,,,,,
1968,0.018589185550808907,12,,,,,
1969,0.007604699581861496,12,,,,,
1970,0.004115167539566755,12,,,,,
1971,0.0716114193201065,12,,,,,
1972,0.04067974165081978,12,,,,,
1973,0.04664904624223709,12,,,,,
1974,0.09304369986057281,12,,,,,
1975,0.03782897815108299,12,,,,,
1976,0.020543256774544716,12,,,,,
1977,0.005163883324712515,12,,,,,
1978,0.04551555588841438,12,,,,,
1979,0.023208269849419594,12,,,,,
1980,0.00485902139917016,12,,,,,
1981,0.01691301353275776,12,,,,,
1982,0.008679261431097984,12,,,,,
1983,0.028275560587644577,12,,,,,
1984,0.021491946652531624,12,,,,,
1985,0.008636469021439552,12,,,,,
1986,0.031123602762818336,12,,,,,
1987,0.02259477972984314,12,,,,,
1988,0.028290463611483574,12,,,,,
1989,0.03349427133798599,12,,,,,
1990,0.03840144723653793,12,,,,,
1991,0.0038870251737535,12,,,,,
1992,0.016506902873516083,12,,,,,
1993,0.04923264682292938,12,,,,,
1994,0.027135567739605904,12,,,,,
1995,0.05126221105456352,12,,,,,
1996,0.013268331065773964,12,,,,,
1997,0.011883288621902466,12,,,,,
1998,0.007221786770969629,12,,,,,
1999,0.002882239641621709,12,,,,,
2000,0.02578859031200409,12,,,,,
2001,0.02202747017145157,12,,,,,
2002,0.05788750946521759,12,,,,,
2003,0.03145497664809227,12,,,,,
2004,0.04847780987620354,12,,,,,
2005,0.01245514489710331,12,,,,,
2006,0.04183889552950859,12,,,,,
2007,0.04503477364778519,12,,,,,
2008,0.005880146287381649,12,,,,,
2009,0.02630246803164482,12,,,,,
2010,0.03381941094994545,12,,,,,
2011,0.0026383441872894764,12,,,,,
2012,0.016078369691967964,12,,,,,
2013,0.004020058084279299,12,,,,,
2014,0.0043270280584692955,12,,,,,
2015,0.008239866234362125,12,,,,,
2016,0.017075616866350174,12,,,,,
2017,0.011111967265605927,12,,,,,
2018,0.031988196074962616,12,,,,,
2019,0.046488236635923386,12,,,,,
2020,0.04388606548309326,12,,,,,
2021,0.010670420713722706,12,,,,,
2022,0.013890556991100311,12,,,,,
2023,0.003921849187463522,12,,,,,
2024,0.003953354898840189,12,,,,,
2025,0.0010788446525111794,12,,,,,
2026,0.0013876227894797921,12,,,,,
2027,0.013553532771766186,12,,,,,
2028,0.011084431782364845,12,,,,,
2029,0.003341592848300934,12,,,,,
2030,0.003352965461090207,12,,,,,
2031,0.02433333359658718,12,,,,,
2032,0.0014783925144001842,12,,,,,
2033,0.0072120786644518375,12,,,,,
2034,0.03396226465702057,12,,,,,
2035,0.023138007149100304,12,,,,,
2036,0.011896339245140553,12,,,,,
2037,0.0015838599065318704,12,,,,,
2038,0.0035403938964009285,12,,,,,
2039,0.0014597782865166664,12,,,,,
2040,0.005978283938020468,12,,,,,
240,,,0.009066023863852024,,,,
241,,,0.0014692893018946052,,,,
242,,,0.0022777817212045193,,,,
243,,,0.0524582639336586,,,,
244,,,0.0017727104714140296,,,,
245,,,0.051930174231529236,,,,
246,,,0.01881377026438713,,,,
247,,,0.0012087865034118295,,,,
248,,,0.010636824183166027,,,,
249,,,0.0026895443443208933,,,,
250,,,0.0008528519538231194,,,,
251,,,0.0005506591405719519,,,,
252,,,0.0019508606055751443,,,,
253,,,0.0014474212657660246,,,,
254,,,0.019524071365594864,,,,
255,,,0.030905909836292267,,,,
256,,,0.011173204518854618,,,,
257,,,0.002118682721629739,,,,
258,,,0.01029234565794468,,,,
259,,,0.0024864207953214645,,,,
2040,,12,,0.011917044408619404,,,
2040,,12,,,0.90625,0.02004438079893589,0.987500011920929
2041,0.02822260931134224,13,,,,,
2042,0.011423756368458271,13,,,,,
2043,0.01840212196111679,13,,,,,
2044,0.0314982645213604,13,,,,,
2045,0.00997620914131403,13,,,,,
2046,0.0643056333065033,13,,,,,
2047,0.01760775037109852,13,,,,,
2048,0.05634414777159691,13,,,,,
2049,0.002648922149091959,13,,,,,
2050,0.0130818672478199,13,,,,,
2051,0.021335259079933167,13,,,,,
2052,0.045059219002723694,13,,,,,
2053,0.0028408558573573828,13,,,,,
2054,0.021106725558638573,13,,,,,
2055,0.025145607069134712,13,,,,,
2056,0.006959269288927317,13,,,,,
2057,0.013161314651370049,13,,,,,
2058,0.014001225121319294,13,,,,,
2059,0.04546559229493141,13,,,,,
2060,0.007175668608397245,13,,,,,
2061,0.06895900517702103,13,,,,,
2062,0.0028548080008476973,13,,,,,
2063,0.018564142286777496,13,,,,,
2064,0.07396231591701508,13,,,,,
2065,0.00786504428833723,13,,,,,
2066,0.00399769889190793,13,,,,,
2067,0.08275463432073593,13,,,,,
2068,0.012135891243815422,13,,,,,
2069,0.013148527592420578,13,,,,,
2070,0.016999928280711174,13,,,,,
2071,0.00988049153238535,13,,,,,
2072,0.005880068987607956,13,,,,,
2073,0.008330224081873894,13,,,,,
2074,0.013424146920442581,13,,,,,
2075,0.01857711188495159,13,,,,,
2076,0.009456340223550797,13,,,,,
2077,0.026034770533442497,13,,,,,
2078,0.0030158734880387783,13,,,,,
2079,0.0024708074051886797,13,,,,,
2080,0.018293458968400955,13,,,,,
2081,0.00691582215949893,13,,,,,
2082,0.021051058545708656,13,,,,,
2083,0.004290631506592035,13,,,,,
2084,0.004400236997753382,13,,,,,
2085,0.006527291145175695,13,,,,,
2086,0.0021134919952601194,13,,,,,
2087,0.004428473301231861,13,,,,,
2088,0.030794227495789528,13,,,,,
2089,0.00820652674883604,13,,,,,
2090,0.013745876029133797,13,,,,,
2091,0.0033902002032846212,13,,,,,
2092,0.03464215621352196,13,,,,,
2093,0.01779899001121521,13,,,,,
2094,0.0016137997154146433,13,,,,,
2095,0.0027851364575326443,13,,,,,
2096,0.003052122425287962,13,,,,,
2097,0.02563488855957985,13,,,,,
2098,0.0021345741115510464,13,,,,,
2099,0.010701131075620651,13,,,,,
2100,0.0002983051526825875,13,,,,,
2101,0.017326321452856064,13,,,,,
2102,0.004933515563607216,13,,,,,
2103,0.012074481695890427,13,,,,,
2104,0.00921392347663641,13,,,,,
2105,0.0011074247304350138,13,,,,,
2106,0.0023715209681540728,13,,,,,
2107,0.012957208789885044,13,,,,,
2108,0.021689483895897865,13,,,,,
2109,0.02063654735684395,13,,,,,
2110,0.011965300887823105,13,,,,,
2111,0.010549021884799004,13,,,,,
2112,0.01144415233284235,13,,,,,
2113,0.08283248543739319,13,,,,,
2114,0.04097755625844002,13,,,,,
2115,0.039420947432518005,13,,,,,
2116,0.0046941558830440044,13,,,,,
2117,0.03088376112282276,13,,,,,
2118,0.033633504062891006,13,,,,,
2119,0.009630106389522552,13,,,,,
2120,0.017697440460324287,13,,,,,
2121,0.0029913478065282106,13,,,,,
2122,0.011159955523908138,13,,,,,
2123,0.010782847180962563,13,,,,,
2124,0.009303750470280647,13,,,,,
2125,0.006178826093673706,13,,,,,
2126,0.03382197394967079,13,,,,,
2127,0.002609237562865019,13,,,,,
2128,0.0033497873228043318,13,,,,,
2129,0.02254553698003292,13,,,,,
2130,0.013312118127942085,13,,,,,
2131,0.0435238778591156,13,,,,,
2132,0.010729827918112278,13,,,,,
2133,0.027455100789666176,13,,,,,
2134,0.04026409611105919,13,,,,,
2135,0.019034670665860176,13,,,,,
2136,0.008436942473053932,13,,,,,
2137,0.0058362362906336784,13,,,,,
2138,0.019658008590340614,13,,,,,
2139,0.014497404918074608,13,,,,,
2140,0.045081932097673416,13,,,,,
2141,0.00970042496919632,13,,,,,
2142,0.0025681534316390753,13,,,,,
2143,0.009035357274115086,13,,,,,
2144,0.009426967240869999,13,,,,,
2145,0.004097352270036936,13,,,,,
2146,0.004049745388329029,13,,,,,
2147,0.0046052029356360435,13,,,,,
2148,0.030629057437181473,13,,,,,
2149,0.00841856561601162,13,,,,,
2150,0.015696130692958832,13,,,,,
2151,0.0369039811193943,13,,,,,
2152,0.0006727242725901306,13,,,,,
2153,0.0029021522495895624,13,,,,,
2154,0.06567464768886566,13,,,,,
2155,0.01626947708427906,13,,,,,
2156,0.012849395163357258,13,,,,,
2157,0.0010596737265586853,13,,,,,
2158,0.0046041663736104965,13,,,,,
2159,0.006609943695366383,13,,,,,
2160,0.0018718823557719588,13,,,,,
2161,0.015200153924524784,13,,,,,
2162,0.009387112222611904,13,,,,,
2163,0.06386493891477585,13,,,,,
2164,0.011898679658770561,13,,,,,
2165,0.00744558684527874,13,,,,,
2166,0.002743012271821499,13,,,,,
2167,0.011174825020134449,13,,,,,
2168,0.04415429010987282,13,,,,,
2169,0.04922431334853172,13,,,,,
2170,0.008473165333271027,13,,,,,
2171,0.0007628310122527182,13,,,,,
2172,0.05015317723155022,13,,,,,
2173,0.007381587289273739,13,,,,,
2174,0.012651819735765457,13,,,,,
2175,0.006452323868870735,13,,,,,
2176,0.0012638081097975373,13,,,,,
2177,0.005666595883667469,13,,,,,
2178,0.022699011489748955,13,,,,,
2179,0.0472707524895668,13,,,,,
2180,0.028319787234067917,13,,,,,
2181,0.002719982760027051,13,,,,,
2182,0.03532326966524124,13,,,,,
2183,0.015953926369547844,13,,,,,
2184,0.0018851098138839006,13,,,,,
2185,0.0011931083863601089,13,,,,,
2186,0.020541023463010788,13,,,,,
2187,0.02003629133105278,13,,,,,
2188,0.03605136647820473,13,,,,,
2189,0.00031103918445296586,13,,,,,
2190,0.0043438454158604145,13,,,,,
2191,0.031744640320539474,13,,,,,
2192,0.0005560795543715358,13,,,,,
2193,0.008530127815902233,13,,,,,
2194,0.007810110691934824,13,,,,,
2195,0.016100149601697922,13,,,,,
2196,0.05905366688966751,13,,,,,
2197,0.005073995795100927,13,,,,,
260,,,0.008506900630891323,,,,
261,,,0.001139185973443091,,,,
262,,,0.0010565995471552014,,,,
263,,,0.04558458924293518,,,,
264,,,0.0014070147881284356,,,,
265,,,0.04435113072395325,,,,
266,,,0.016765058040618896,,,,
267,,,0.002341739134863019,,,,
268,,,0.009809658862650394,,,,
269,,,0.002305401023477316,,,,
270,,,0.0014344163937494159,,,,
271,,,0.0007799086743034422,,,,
272,,,0.0025822946336120367,,,,
273,,,0.00010161330283153802,,,,
274,,,0.012325671501457691,,,,
275,,,0.03615666553378105,,,,
276,,,0.005693505518138409,,,,
277,,,0.0027206200174987316,,,,
278,,,0.006125659681856632,,,,
279,,,0.0024486901238560677,,,,
2197,,13,,0.010380102321505547,,,
2197,,13,,,0.9312499761581421,0.017520949244499207,1.0
2198,0.012322606518864632,14,,,,,
2199,0.00777287594974041,14,,,,,
2200,0.0023876146879047155,14,,,,,
2201,0.021729063242673874,14,,,,,
2202,0.001385831623338163,14,,,,,
2203,0.03582648187875748,14,,,,,
2204,0.03885076567530632,14,,,,,
2205,0.0030474697705358267,14,,,,,
2206,0.0022044824436306953,14,,,,,
2207,0.01952003501355648,14,,,,,
2208,0.008497955277562141,14,,,,,
2209,0.0025637620128691196,14,,,,,
2210,0.02895876206457615,14,,,,,
2211,0.005740256514400244,14,,,,,
2212,0.011574851348996162,14,,,,,
2213,0.002009725896641612,14,,,,,
2214,0.020439719781279564,14,,,,,
2215,0.001934534520842135,14,,,,,
2216,0.07168813049793243,14,,,,,
2217,0.0018720640800893307,14,,,,,
2218,0.021803729236125946,14,,,,,
2219,0.0017227878561243415,14,,,,,
2220,0.04227706044912338,14,,,,,
2221,0.024603530764579773,14,,,,,
2222,0.017138654366135597,14,,,,,
2223,0.018415184691548347,14,,,,,
2224,0.0027093614917248487,14,,,,,
2225,0.02268856018781662,14,,,,,
2226,0.02671894244849682,14,,,,,
2227,0.004060966894030571,14,,,,,
2228,0.027582427486777306,14,,,,,
2229,0.02783111482858658,14,,,,,
2230,0.001664531766436994,14,,,,,
2231,0.045192498713731766,14,,,,,
2232,0.01060523372143507,14,,,,,
2233,0.018191494047641754,14,,,,,
2234,0.022000383585691452,14,,,,,
2235,0.00914889108389616,14,,,,,
2236,0.017483467236161232,14,,,,,
2237,0.010915924794971943,14,,,,,
2238,0.010015931911766529,14,,,,,
2239,0.03346576169133186,14,,,,,
2240,0.019782450050115585,14,,,,,
2241,0.023979391902685165,14,,,,,
2242,0.013578994199633598,14,,,,,
2243,0.0028722560964524746,14,,,,,
2244,0.00691897002980113,14,,,,,
2245,0.0034254177007824183,14,,,,,
2246,0.01895618624985218,14,,,,,
2247,0.02354121021926403,14,,,,,
2248,0.009974134154617786,14,,,,,
2249,0.0042589143849909306,14,,,,,
2250,0.000923402956686914,14,,,,,
2251,0.015823187306523323,14,,,,,
2252,0.0022524369414895773,14,,,,,
2253,0.0009411763167008758,14,,,,,
2254,0.0055026705376803875,14,,,,,
2255,0.0006924071349203587,14,,,,,
2256,0.03451598063111305,14,,,,,
2257,0.030611000955104828,14,,,,,
2258,0.009916076436638832,14,,,,,
2259,0.002486273180693388,14,,,,,
2260,0.0058547258377075195,14,,,,,
2261,0.0041077216155827045,14,,,,,
2262,0.013061188161373138,14,,,,,
2263,0.00240466371178627,14,,,,,
2264,0.008994761854410172,14,,,,,
2265,0.001299166469834745,14,,,,,
2266,0.007247365545481443,14,,,,,
2267,0.02435651607811451,14,,,,,
2268,0.038069576025009155,14,,,,,
2269,0.06152826547622681,14,,,,,
2270,0.039310745894908905,14,,,,,
2271,0.0009438117849640548,14,,,,,
2272,0.009715083055198193,14,,,,,
2273,0.006354335695505142,14,,,,,
2274,0.010469546541571617,14,,,,,
2275,0.0027468674816191196,14,,,,,
2276,0.053314801305532455,14,,,,,
2277,0.04054355248808861,14,,,,,
2278,0.007608899846673012,14,,,,,
2279,0.003809231799095869,14,,,,,
2280,0.014865925535559654,14,,,,,
2281,0.007880724035203457,14,,,,,
2282,0.03443790599703789,14,,,,,
2283,0.00808408111333847,14,,,,,
2284,0.010458197444677353,14,,,,,
2285,0.0051935282535851,14,,,,,
2286,0.005869573447853327,14,,,,,
2287,0.02645806409418583,14,,,,,
2288,0.0025739751290529966,14,,,,,
2289,0.04883679747581482,14,,,,,
2290,0.018297549337148666,14,,,,,
2291,0.00019720759883057326,14,,,,,
2292,0.02163446694612503,14,,,,,
2293,0.036412522196769714,14,,,,,
2294,0.03652232512831688,14,,,,,
2295,0.01109163649380207,14,,,,,
2296,0.003339708549901843,14,,,,,
2297,0.0019855888094753027,14,,,,,
2298,0.010221941396594048,14,,,,,
2299,0.020702866837382317,14,,,,,
2300,0.0035630303900688887,14,,,,,
2301,0.015722528100013733,14,,,,,
2302,0.012532941997051239,14,,,,,
2303,0.004940939601510763,14,,,,,
2304,0.010455839335918427,14,,,,,
2305,0.0015324177220463753,14,,,,,
2306,0.03406297788023949,14,,,,,
2307,0.0031652897596359253,14,,,,,
2308,0.07764372229576111,14,,,,,
2309,0.003229498630389571,14,,,,,
2310,0.008914408273994923,14,,,,,
2311,0.008305125869810581,14,,,,,
2312,0.08510575443506241,14,,,,,
2313,0.0029455972835421562,14,,,,,
2314,0.0017482239054515958,14,,,,,
2315,0.000545238668564707,14,,,,,
2316,0.0009836829267442226,14,,,,,
2317,0.013818851672112942,14,,,,,
2318,0.03272862359881401,14,,,,,
2319,0.022659415379166603,14,,,,,
2320,0.0012399533297866583,14,,,,,
2321,0.06331922113895416,14,,,,,
2322,0.02297930419445038,14,,,,,
2323,0.006399232428520918,14,,,,,
2324,0.007631794083863497,14,,,,,
2325,0.03259962797164917,14,,,,,
2326,0.0008754075388424098,14,,,,,
2327,0.019823944196105003,14,,,,,
2328,0.05549107864499092,14,,,,,
2329,0.013501743786036968,14,,,,,
2330,0.0010812707478180528,14,,,,,
2331,0.015686839818954468,14,,,,,
2332,0.023192262277007103,14,,,,,
2333,0.01648283749818802,14,,,,,
2334,0.031789377331733704,14,,,,,
2335,0.005566688254475594,14,,,,,
2336,0.010535056702792645,14,,,,,
2337,0.008779612369835377,14,,,,,
2338,0.007193446159362793,14,,,,,
2339,0.04102708026766777,14,,,,,
2340,0.036955587565898895,14,,,,,
2341,0.01257911417633295,14,,,,,
2342,0.008389311842620373,14,,,,,
2343,0.004662725608795881,14,,,,,
2344,0.0006764947902411222,14,,,,,
2345,0.021724453195929527,14,,,,,
2346,0.047510936856269836,14,,,,,
2347,0.0163213312625885,14,,,,,
2348,0.022292930632829666,14,,,,,
2349,0.021493514999747276,14,,,,,
2350,0.009383556433022022,14,,,,,
2351,0.0018800782272592187,14,,,,,
2352,0.001930834143422544,14,,,,,
2353,0.0018820292316377163,14,,,,,
2354,0.015737872570753098,14,,,,,
280,,,0.004282344598323107,,,,
281,,,0.00019104873354081064,,,,
282,,,0.00039613639819435775,,,,
283,,,0.03591453284025192,,,,
284,,,0.0003380444832146168,,,,
285,,,0.05907484516501427,,,,
286,,,0.009444166906177998,,,,
287,,,0.0009638973861001432,,,,
288,,,0.00530089158564806,,,,
289,,,0.0010415883734822273,,,,
290,,,0.00023047880677040666,,,,
291,,,0.00012215164315421134,,,,
292,,,0.00020741847401950508,,,,
293,,,4.8767789849080145e-05,,,,
294,,,0.008954009041190147,,,,
295,,,0.03021339327096939,,,,
296,,,0.0039985948242247105,,,,
297,,,0.0011031132889911532,,,,
298,,,0.005435604136437178,,,,
299,,,0.0021744968835264444,,,,
2354,,14,,0.008633244782686234,,,
2354,,14,,,0.8999999761581421,0.0163557305932045,0.956250011920929
2355,0.009271896444261074,15,,,,,
2356,0.016822930425405502,15,,,,,
2357,0.0009639847557991743,15,,,,,
2358,0.002478524809703231,15,,,,,
2359,0.04249073937535286,15,,,,,
2360,0.005862774793058634,15,,,,,
2361,0.011354765854775906,15,,,,,
2362,0.033131714910268784,15,,,,,
2363,0.008967106230556965,15,,,,,
2364,0.020899128168821335,15,,,,,
2365,0.008951897732913494,15,,,,,
2366,0.0022314873058348894,15,,,,,
2367,0.0029575442895293236,15,,,,,
2368,0.00039341242518275976,15,,,,,
2369,0.013243517838418484,15,,,,,
2370,0.011590718291699886,15,,,,,
2371,0.0012081497116014361,15,,,,,
2372,0.03750017657876015,15,,,,,
2373,0.01251177117228508,15,,,,,
2374,0.010697745718061924,15,,,,,
2375,0.010994749143719673,15,,,,,
2376,0.05011870712041855,15,,,,,
2377,0.007007114123553038,15,,,,,
2378,0.00556902727112174,15,,,,,
2379,0.0017581017455086112,15,,,,,
2380,0.003441340522840619,15,,,,,
2381,0.00081279018195346,15,,,,,
2382,0.022149918600916862,15,,,,,
2383,0.01256017666310072,15,,,,,
2384,0.0001746829366311431,15,,,,,
2385,0.02123957872390747,15,,,,,
2386,0.0010126499691978097,15,,,,,
2387,0.026294317096471786,15,,,,,
2388,0.06449954956769943,15,,,,,
2389,0.013298915699124336,15,,,,,
2390,0.03228403627872467,15,,,,,
2391,0.013262669555842876,15,,,,,
2392,0.004103300627321005,15,,,,,
2393,0.005190401338040829,15,,,,,
2394,0.005096706561744213,15,,,,,
2395,0.0009304992854595184,15,,,,,
2396,0.011901099234819412,15,,,,,
2397,7.477151666535065e-05,15,,,,,
2398,0.00142849690746516,15,,,,,
2399,0.0023425028193742037,15,,,,,
2400,0.04453619197010994,15,,,,,
2401,0.005254280287772417,15,,,,,
2402,0.031269945204257965,15,,,,,
2403,0.022281697019934654,15,,,,,
2404,0.02170761674642563,15,,,,,
2405,0.0021755832713097334,15,,,,,
2406,0.003116356208920479,15,,,,,
2407,0.009889083914458752,15,,,,,
2408,0.03008720837533474,15,,,,,
2409,0.011069230735301971,15,,,,,
2410,0.005556161981076002,15,,,,,
2411,0.003207647940143943,15,,,,,
2412,0.00309883919544518,15,,,,,
2413,0.01175135187804699,15,,,,,
2414,0.07192683964967728,15,,,,,
2415,0.007496505975723267,15,,,,,
2416,0.007848902605473995,15,,,,,
2417,0.023197554051876068,15,,,,,
2418,0.002930600196123123,15,,,,,
2419,0.0055146063677966595,15,,,,,
2420,0.0015501094749197364,15,,,,,
2421,0.025495395064353943,15,,,,,
2422,0.0027827417943626642,15,,,,,
2423,0.01284925639629364,15,,,,,
2424,0.004212317988276482,15,,,,,
2425,0.0008806799887679517,15,,,,,
2426,0.009335437789559364,15,,,,,
2427,0.0034650505986064672,15,,,,,
2428,0.01856587827205658,15,,,,,
2429,0.008223339915275574,15,,,,,
2430,0.0030580260790884495,15,,,,,
2431,0.001575366361066699,15,,,,,
2432,0.01445644348859787,15,,,,,
2433,0.005843431688845158,15,,,,,
2434,0.006421889644116163,15,,,,,
2435,0.00584960263222456,15,,,,,
2436,0.008245883509516716,15,,,,,
2437,0.0005471677286550403,15,,,,,
2438,0.009993158280849457,15,,,,,
2439,0.0006292825564742088,15,,,,,
2440,0.02707124501466751,15,,,,,
2441,0.03758377209305763,15,,,,,
2442,0.0009297669166699052,15,,,,,
2443,0.003966202028095722,15,,,,,
2444,0.027305100113153458,15,,,,,
2445,0.007614197675138712,15,,,,,
2446,0.021908879280090332,15,,,,,
2447,0.02136128395795822,15,,,,,
2448,0.008729571476578712,15,,,,,
2449,0.0025508173275738955,15,,,,,
2450,0.025380939245224,15,,,,,
2451,0.021066535264253616,15,,,,,
2452,0.016539297997951508,15,,,,,
2453,0.0020108812022954226,15,,,,,
2454,0.017494557425379753,15,,,,,
2455,0.004202206619083881,15,,,,,
2456,0.017875665798783302,15,,,,,
2457,0.017229758203029633,15,,,,,
2458,0.005544295534491539,15,,,,,
2459,0.03905493766069412,15,,,,,
2460,0.06418059766292572,15,,,,,
2461,0.0093254204839468,15,,,,,
2462,0.030268020927906036,15,,,,,
2463,0.025098342448472977,15,,,,,
2464,0.010522985830903053,15,,,,,
2465,0.03670043125748634,15,,,,,
2466,0.01587541401386261,15,,,,,
2467,0.014638351276516914,15,,,,,
2468,0.0023739836178719997,15,,,,,
2469,0.0013402963522821665,15,,,,,
2470,0.04064468666911125,15,,,,,
2471,0.00695335678756237,15,,,,,
2472,0.011735538952052593,15,,,,,
2473,0.0010784374317154288,15,,,,,
2474,0.01768118143081665,15,,,,,
2475,0.0068575236946344376,15,,,,,
2476,0.03702077642083168,15,,,,,
2477,0.003453698242083192,15,,,,,
2478,0.008755932562053204,15,,,,,
2479,0.00047799351159483194,15,,,,,
2480,0.0005654594860970974,15,,,,,
2481,0.0016148191643878818,15,,,,,
2482,0.03260386735200882,15,,,,,
2483,0.026994939893484116,15,,,,,
2484,0.004279748070985079,15,,,,,
2485,0.0061807227320969105,15,,,,,
2486,0.01278203446418047,15,,,,,
2487,0.01272745430469513,15,,,,,
2488,0.014045114628970623,15,,,,,
2489,0.019269505515694618,15,,,,,
2490,0.021850746124982834,15,,,,,
2491,0.00040848535718396306,15,,,,,
2492,0.04709791764616966,15,,,,,
2493,0.04287989065051079,15,,,,,
2494,0.01617351733148098,15,,,,,
2495,0.010217629373073578,15,,,,,
2496,0.009718216955661774,15,,,,,
2497,0.004118045791983604,15,,,,,
2498,0.008358973078429699,15,,,,,
2499,0.01756291836500168,15,,,,,
2500,0.005575126502662897,15,,,,,
2501,0.019937187433242798,15,,,,,
2502,0.006612878758460283,15,,,,,
2503,0.0006366031593643129,15,,,,,
2504,0.008185154758393764,15,,,,,
2505,0.015004029497504234,15,,,,,
2506,0.03529145568609238,15,,,,,
2507,0.0031867811921983957,15,,,,,
2508,0.0005571523797698319,15,,,,,
2509,0.01148220431059599,15,,,,,
2510,0.024248482659459114,15,,,,,
2511,0.0007798922597430646,15,,,,,
300,,,0.00527421198785305,,,,
301,,,0.00017923046834766865,,,,
302,,,9.933783439919353e-05,,,,
303,,,0.028991574421525,,,,
304,,,5.568136111833155e-05,,,,
305,,,0.057309988886117935,,,,
306,,,0.010843770578503609,,,,
307,,,0.00020194206445012242,,,,
308,,,0.005763961002230644,,,,
309,,,0.0002917072270065546,,,,
310,,,0.00019406757201068103,,,,
311,,,4.364869528217241e-05,,,,
312,,,4.962711682310328e-05,,,,
313,,,6.834819487266941e-06,,,,
314,,,0.006624256260693073,,,,
315,,,0.0369027778506279,,,,
316,,,0.0024781380780041218,,,,
317,,,0.003233511233702302,,,,
318,,,0.004480654373764992,,,,
319,,,0.0005596038536168635,,,,
2511,,15,,0.008374600671231747,,,
2511,,15,,,0.9437500238418579,0.013737591914832592,1.0
2512,0.015146373771131039,16,,,,,
2513,0.038074467331171036,16,,,,,
2514,0.019750500097870827,16,,,,,
2515,0.008786304853856564,16,,,,,
2516,0.028806082904338837,16,,,,,
2517,0.007539988029748201,16,,,,,
2518,0.0014934521168470383,16,,,,,
2519,0.020731676369905472,16,,,,,
2520,0.0010209974134340882,16,,,,,
2521,0.023930467665195465,16,,,,,
2522,0.010672071948647499,16,,,,,
2523,0.011471310630440712,16,,,,,
2524,0.005607027560472488,16,,,,,
2525,0.048613373190164566,16,,,,,
2526,0.004124016035348177,16,,,,,
2527,0.0010250173509120941,16,,,,,
2528,0.03802231699228287,16,,,,,
2529,0.005268460605293512,16,,,,,
2530,0.004901015665382147,16,,,,,
2531,0.03733142837882042,16,,,,,
2532,0.0350077748298645,16,,,,,
2533,0.000324850290780887,16,,,,,
2534,0.00017979167751036584,16,,,,,
2535,0.0019830947276204824,16,,,,,
2536,0.027399884536862373,16,,,,,
2537,0.021535910665988922,16,,,,,
2538,0.01729351095855236,16,,,,,
2539,0.001145798247307539,16,,,,,
2540,0.031921807676553726,16,,,,,
2541,0.0026982526760548353,16,,,,,
2542,0.02902916632592678,16,,,,,
2543,0.0011319683399051428,16,,,,,
2544,0.0032606718596071005,16,,,,,
2545,0.003977249842137098,16,,,,,
2546,0.009255966171622276,16,,,,,
2547,0.006969513837248087,16,,,,,
2548,0.010612715035676956,16,,,,,
2549,0.027533771470189095,16,,,,,
2550,0.015119035728275776,16,,,,,
2551,0.0011809716233983636,16,,,,,
2552,0.012950425036251545,16,,,,,
2553,0.006689039524644613,16,,,,,
2554,0.0019870768301188946,16,,,,,
2555,0.0005076851230114698,16,,,,,
2556,0.00926095899194479,16,,,,,
2557,0.004476052708923817,16,,,,,
2558,0.03953339532017708,16,,,,,
2559,0.007462711539119482,16,,,,,
2560,0.024188827723264694,16,,,,,
2561,0.02709367126226425,16,,,,,
2562,0.00648600235581398,16,,,,,
2563,0.013807081617414951,16,,,,,
2564,0.0019975940231233835,16,,,,,
2565,0.0015987283550202847,16,,,,,
2566,0.01679529994726181,16,,,,,
2567,0.009570152498781681,16,,,,,
2568,0.03006327711045742,16,,,,,
2569,0.00019468844402581453,16,,,,,
2570,0.013727241195738316,16,,,,,
2571,0.0035295092966407537,16,,,,,
2572,0.0017466230783611536,16,,,,,
2573,0.003734458237886429,16,,,,,
2574,0.008138090372085571,16,,,,,
2575,0.001118095708079636,16,,,,,
2576,0.008717282675206661,16,,,,,
2577,0.03534838557243347,16,,,,,
2578,0.02477434277534485,16,,,,,
2579,0.0009567716042511165,16,,,,,
2580,0.023428548127412796,16,,,,,
2581,0.02522718533873558,16,,,,,
2582,0.004520422779023647,16,,,,,
2583,0.0351666621863842,16,,,,,
2584,0.0034477051813155413,16,,,,,
2585,0.0007870317786000669,16,,,,,
2586,0.0009727270808070898,16,,,,,
2587,0.0005685114883817732,16,,,,,
2588,0.01462353952229023,16,,,,,
2589,0.017102545127272606,16,,,,,
2590,0.04328276962041855,16,,,,,
2591,0.03504037857055664,16,,,,,
2592,0.012276042252779007,16,,,,,
2593,0.03750810772180557,16,,,,,
2594,0.0005547719774767756,16,,,,,
2595,0.00048721805796958506,16,,,,,
2596,0.004690485540777445,16,,,,,
2597,0.020247723907232285,16,,,,,
2598,0.000284944981103763,16,,,,,
2599,0.015236595645546913,16,,,,,
2600,0.03694237396121025,16,,,,,
2601,0.013045800849795341,16,,,,,
2602,0.0015968994703143835,16,,,,,
2603,0.0024820324033498764,16,,,,,
2604,0.0008025376009754837,16,,,,,
2605,0.00016605503333266824,16,,,,,
2606,0.001408474869094789,16,,,,,
2607,0.00582859618589282,16,,,,,
2608,0.004717078525573015,16,,,,,
2609,0.022984661161899567,16,,,,,
2610,0.003232028568163514,16,,,,,
2611,0.010633115656673908,16,,,,,
2612,0.00666336715221405,16,,,,,
2613,0.000299383100355044,16,,,,,
2614,0.01905478909611702,16,,,,,
2615,0.012632993049919605,16,,,,,
2616,0.0015416370006278157,16,,,,,
2617,0.006515292450785637,16,,,,,
2618,0.027560533955693245,16,,,,,
2619,0.03835480660200119,16,,,,,
2620,0.010071764700114727,16,,,,,
2621,0.017101971432566643,16,,,,,
2622,0.003342439653351903,16,,,,,
2623,0.014168056659400463,16,,,,,
2624,0.04016101732850075,16,,,,,
2625,0.007656196132302284,16,,,,,
2626,0.001783214509487152,16,,,,,
2627,0.0020455883350223303,16,,,,,
2628,0.0024695724714547396,16,,,,,
2629,0.0005960334674455225,16,,,,,
2630,0.008212001994252205,16,,,,,
2631,0.006909306161105633,16,,,,,
2632,0.006839462090283632,16,,,,,
2633,0.015814367681741714,16,,,,,
2634,0.013394445180892944,16,,,,,
2635,0.0279671773314476,16,,,,,
2636,0.0017166930483654141,16,,,,,
2637,0.004557132255285978,16,,,,,
2638,0.0017987207975238562,16,,,,,
2639,0.024378448724746704,16,,,,,
2640,0.0005259644240140915,16,,,,,
2641,0.0054704430513083935,16,,,,,
2642,0.011478218249976635,16,,,,,
2643,0.03860514238476753,16,,,,,
2644,0.00042607224895618856,16,,,,,
2645,0.014619858004152775,16,,,,,
2646,0.0016703841974958777,16,,,,,
2647,0.019693473353981972,16,,,,,
2648,0.008846204727888107,16,,,,,
2649,0.0007396894507110119,16,,,,,
2650,0.03228270635008812,16,,,,,
2651,0.0008380149374715984,16,,,,,
2652,0.015199074521660805,16,,,,,
2653,0.015554988756775856,16,,,,,
2654,0.028200803324580193,16,,,,,
2655,0.018086187541484833,16,,,,,
2656,0.0060229068621993065,16,,,,,
2657,0.005961188580840826,16,,,,,
2658,0.0013484940864145756,16,,,,,
2659,0.00036996370181441307,16,,,,,
2660,0.03602468594908714,16,,,,,
2661,0.019598251208662987,16,,,,,
2662,0.005679390858858824,16,,,,,
2663,0.004586577881127596,16,,,,,
2664,0.0003820919373538345,16,,,,,
2665,0.005587879102677107,16,,,,,
2666,0.010876065120100975,16,,,,,
2667,0.003754221135750413,16,,,,,
2668,0.008603367954492569,16,,,,,
320,,,0.003610331565141678,,,,
321,,,3.161825588904321e-05,,,,
322,,,5.155953476787545e-05,,,,
323,,,0.02655027247965336,,,,
324,,,3.047453355975449e-05,,,,
325,,,0.060149770230054855,,,,
326,,,0.007687743753194809,,,,
327,,,0.00018020304560195655,,,,
328,,,0.003975832834839821,,,,
329,,,2.707514795474708e-05,,,,
330,,,5.685350697604008e-05,,,,
331,,,2.6650805011740886e-05,,,,
332,,,4.508180063567124e-05,,,,
333,,,7.792903488734737e-06,,,,
334,,,0.006818510126322508,,,,
335,,,0.029375698417425156,,,,
336,,,0.0025270076002925634,,,,
337,,,0.0008792572189122438,,,,
338,,,0.0037958300672471523,,,,
339,,,0.0010404278291389346,,,,
2668,,16,,0.007505015004426241,,,
2668,,16,,,0.8274999856948853,0.012370362877845764,0.8712499737739563
2669,0.008228650316596031,17,,,,,
2670,0.012145232409238815,17,,,,,
2671,0.026634609326720238,17,,,,,
2672,0.00037051545223221183,17,,,,,
2673,0.00042276355088688433,17,,,,,
2674,0.011828029528260231,17,,,,,
2675,0.0007396424771286547,17,,,,,
2676,0.014828570187091827,17,,,,,
2677,0.006616951897740364,17,,,,,
2678,0.011391786858439445,17,,,,,
2679,0.00976225733757019,17,,,,,
2680,0.006942756474018097,17,,,,,
2681,0.009434758685529232,17,,,,,
2682,0.0240247193723917,17,,,,,
2683,0.015280130319297314,17,,,,,
2684,0.00915728323161602,17,,,,,
2685,0.00879125576466322,17,,,,,
2686,0.0009328103042207658,17,,,,,
2687,0.0009529172093607485,17,,,,,
2688,0.0008609837968833745,17,,,,,
2689,0.041612278670072556,17,,,,,
2690,0.02622118592262268,17,,,,,
2691,0.01930921897292137,17,,,,,
2692,0.02637951448559761,17,,,,,
2693,0.0005158262210898101,17,,,,,
2694,0.00024367844162043184,17,,,,,
2695,0.02441154047846794,17,,,,,
2696,0.007044038735330105,17,,,,,
2697,0.0053072660230100155,17,,,,,
2698,0.003058570669963956,17,,,,,
2699,0.0059989988803863525,17,,,,,
2700,0.05679807439446449,17,,,,,
2701,0.006883676629513502,17,,,,,
2702,0.005662763491272926,17,,,,,
2703,0.00982405710965395,17,,,,,
2704,0.03317095339298248,17,,,,,
2705,0.028629614040255547,17,,,,,
2706,0.0014208026695996523,17,,,,,
2707,0.005758581683039665,17,,,,,
2708,0.00037090532714501023,17,,,,,
2709,0.030536627396941185,17,,,,,
2710,0.00348559464327991,17,,,,,
2711,0.003410971723496914,17,,,,,
2712,0.0029032703023403883,17,,,,,
2713,0.015740910544991493,17,,,,,
2714,0.02664721943438053,17,,,,,
2715,0.0027709458954632282,17,,,,,
2716,0.03536204993724823,17,,,,,
2717,0.0006586983217857778,17,,,,,
2718,0.03377135470509529,17,,,,,
2719,0.003972380887717009,17,,,,,
2720,0.006224093027412891,17,,,,,
2721,0.03890717774629593,17,,,,,
2722,0.0023294826969504356,17,,,,,
2723,0.011040761135518551,17,,,,,
2724,0.004944255575537682,17,,,,,
2725,0.0048380158841609955,17,,,,,
2726,0.0014113830402493477,17,,,,,
2727,0.005608219653367996,17,,,,,
2728,0.0034185468684881926,17,,,,,
2729,0.015859467908740044,17,,,,,
2730,0.014708728529512882,17,,,,,
2731,0.004996214061975479,17,,,,,
2732,0.0029448254499584436,17,,,,,
2733,0.004013886675238609,17,,,,,
2734,0.0016514011658728123,17,,,,,
2735,0.006957855075597763,17,,,,,
2736,0.0008715158910490572,17,,,,,
2737,0.010224579833447933,17,,,,,
2738,0.01098356582224369,17,,,,,
2739,0.008581990376114845,17,,,,,
2740,0.0056333960965275764,17,,,,,
2741,0.007080451585352421,17,,,,,
2742,0.008529538288712502,17,,,,,
2743,0.0014654212864115834,17,,,,,
2744,0.00673776026815176,17,,,,,
2745,0.0013275382807478309,17,,,,,
2746,0.0005119820707477629,17,,,,,
2747,0.0003823228180408478,17,,,,,
2748,0.010564733296632767,17,,,,,
2749,0.020087309181690216,17,,,,,
2750,0.006214919500052929,17,,,,,
2751,0.001042336574755609,17,,,,,
2752,0.003842815989628434,17,,,,,
2753,0.02549789659678936,17,,,,,
2754,0.031846970319747925,17,,,,,
2755,0.0029660463333129883,17,,,,,
2756,0.0005629258812405169,17,,,,,
2757,0.000941618753131479,17,,,,,
2758,0.0025804704055190086,17,,,,,
2759,0.00018322475079912692,17,,,,,
2760,0.025244124233722687,17,,,,,
2761,0.006176850758492947,17,,,,,
2762,0.018518859520554543,17,,,,,
2763,0.0031285565346479416,17,,,,,
2764,0.06849266588687897,17,,,,,
2765,0.019687989726662636,17,,,,,
2766,0.023652860894799232,17,,,,,
2767,0.008530108258128166,17,,,,,
2768,0.0006044299807399511,17,,,,,
2769,0.010442904196679592,17,,,,,
2770,0.04574199393391609,17,,,,,
2771,0.005269074346870184,17,,,,,
2772,0.06777506321668625,17,,,,,
2773,0.0013878128957003355,17,,,,,
2774,0.0009125096839852631,17,,,,,
2775,0.007636335212737322,17,,,,,
2776,0.006145231891423464,17,,,,,
2777,0.0011917529627680779,17,,,,,
2778,0.0025402831379324198,17,,,,,
2779,0.012286697514355183,17,,,,,
2780,0.01185434777289629,17,,,,,
2781,0.0015864494489505887,17,,,,,
2782,0.005362935829907656,17,,,,,
2783,0.01967008411884308,17,,,,,
2784,0.03227110579609871,17,,,,,
2785,0.0067100925371050835,17,,,,,
2786,0.012696175836026669,17,,,,,
2787,0.015112151391804218,17,,,,,
2788,0.025874152779579163,17,,,,,
2789,0.0009219581261277199,17,,,,,
2790,0.0069906688295304775,17,,,,,
2791,0.05582389235496521,17,,,,,
2792,0.011691105552017689,17,,,,,
2793,0.0045339022763073444,17,,,,,
2794,0.012885102070868015,17,,,,,
2795,0.0015342173865064979,17,,,,,
2796,0.0015080319717526436,17,,,,,
2797,0.00016878727183211595,17,,,,,
2798,0.026484200730919838,17,,,,,
2799,0.0484866201877594,17,,,,,
2800,0.0004744013713207096,17,,,,,
2801,0.013594808988273144,17,,,,,
2802,0.001007209182716906,17,,,,,
2803,0.041368115693330765,17,,,,,
2804,0.04376041889190674,17,,,,,
2805,0.008603161200881004,17,,,,,
2806,0.010200895369052887,17,,,,,
2807,0.00493215536698699,17,,,,,
2808,0.02442062646150589,17,,,,,
2809,0.0031534680165350437,17,,,,,
2810,0.016802523285150528,17,,,,,
2811,0.0029032134916633368,17,,,,,
2812,0.0272927638143301,17,,,,,
2813,0.0019052274292334914,17,,,,,
2814,0.029710769653320312,17,,,,,
2815,0.0010941718937829137,17,,,,,
2816,0.031870000064373016,17,,,,,
2817,0.0009614962618798018,17,,,,,
2818,0.007738801185041666,17,,,,,
2819,0.002704915590584278,17,,,,,
2820,0.011801726184785366,17,,,,,
2821,0.01647426374256611,17,,,,,
2822,0.00840386375784874,17,,,,,
2823,9.728489385452121e-05,17,,,,,
2824,0.03697308525443077,17,,,,,
2825,0.004024307709187269,17,,,,,
340,,,0.003064302261918783,,,,
341,,,2.269800279464107e-05,,,,
342,,,4.6129003749229014e-05,,,,
343,,,0.02486577071249485,,,,
344,,,2.8118627596995793e-05,,,,
345,,,0.04311119392514229,,,,
346,,,0.005983974318951368,,,,
347,,,0.00013465696247294545,,,,
348,,,0.0031179478392004967,,,,
349,,,3.2614578231005e-05,,,,
350,,,0.00010287023178534582,,,,
351,,,4.772515603690408e-05,,,,
352,,,3.0351202440215275e-05,,,,
353,,,5.172159490030026e-06,,,,
354,,,0.015123606659471989,,,,
355,,,0.025886129587888718,,,,
356,,,0.013111510314047337,,,,
357,,,0.0005378670175559819,,,,
358,,,0.015283690765500069,,,,
359,,,0.0006179078482091427,,,,
2825,,17,,0.007735655643045902,,,
2825,,17,,,0.893750011920929,0.01235487312078476,0.8999999761581421
2826,0.014369327574968338,18,,,,,
2827,0.035714041441679,18,,,,,
2828,0.004094201605767012,18,,,,,
2829,0.017455680295825005,18,,,,,
2830,0.015562912449240685,18,,,,,
2831,0.0009732061298564076,18,,,,,
2832,0.0010566514683887362,18,,,,,
2833,0.0013386233476921916,18,,,,,
2834,0.024841321632266045,18,,,,,
2835,0.0002488538157194853,18,,,,,
2836,0.004539856221526861,18,,,,,
2837,0.0031208465807139874,18,,,,,
2838,0.0005884644924663007,18,,,,,
2839,0.004134316463023424,18,,,,,
2840,0.01995016820728779,18,,,,,
2841,0.0008103128639049828,18,,,,,
2842,0.0002563291054684669,18,,,,,
2843,0.027533575892448425,18,,,,,
2844,0.001004019402898848,18,,,,,
2845,0.00934547558426857,18,,,,,
2846,0.001510457950644195,18,,,,,
2847,0.00818447582423687,18,,,,,
2848,0.00035291322274133563,18,,,,,
2849,0.023735081776976585,18,,,,,
2850,0.0004970105364918709,18,,,,,
2851,0.017391387373209,18,,,,,
2852,0.005258301272988319,18,,,,,
2853,0.009367000311613083,18,,,,,
2854,0.0005794130847789347,18,,,,,
2855,0.007333142217248678,18,,,,,
2856,0.002334650605916977,18,,,,,
2857,0.04451804235577583,18,,,,,
2858,0.018895376473665237,18,,,,,
2859,0.0005109634948894382,18,,,,,
2860,0.008984263986349106,18,,,,,
2861,0.019085420295596123,18,,,,,
2862,0.0004669852205552161,18,,,,,
2863,0.015749160200357437,18,,,,,
2864,0.00800240132957697,18,,,,,
2865,0.012827939353883266,18,,,,,
2866,0.002697337418794632,18,,,,,
2867,0.0029229451902210712,18,,,,,
2868,0.005331892985850573,18,,,,,
2869,0.005744380410760641,18,,,,,
2870,0.027332738041877747,18,,,,,
2871,0.012407566420733929,18,,,,,
2872,0.0002082036662613973,18,,,,,
2873,0.00012819489347748458,18,,,,,
2874,0.009242529049515724,18,,,,,
2875,0.019318481907248497,18,,,,,
2876,0.00045726829557679594,18,,,,,
2877,0.004872994963079691,18,,,,,
2878,0.003407393116503954,18,,,,,
2879,0.004291396122425795,18,,,,,
2880,0.001750219613313675,18,,,,,
2881,0.00011268779780948535,18,,,,,
2882,0.011035015806555748,18,,,,,
2883,0.0009076579008251429,18,,,,,
2884,0.013746937736868858,18,,,,,
2885,0.006697213742882013,18,,,,,
2886,0.005948272068053484,18,,,,,
2887,0.01090162806212902,18,,,,,
2888,0.01810966432094574,18,,,,,
2889,0.01722586713731289,18,,,,,
2890,6.264619150897488e-05,18,,,,,
2891,0.009107979945838451,18,,,,,
2892,0.006038372404873371,18,,,,,
2893,0.00011441443348303437,18,,,,,
2894,0.01713801920413971,18,,,,,
2895,0.00918729417026043,18,,,,,
2896,0.00012577275629155338,18,,,,,
2897,0.017987655475735664,18,,,,,
2898,0.007278842851519585,18,,,,,
2899,0.027667252346873283,18,,,,,
2900,0.006091070361435413,18,,,,,
2901,0.0023663416504859924,18,,,,,
2902,0.0015020278515294194,18,,,,,
2903,0.00017614502576179802,18,,,,,
2904,0.017894422635436058,18,,,,,
2905,0.0006687865243293345,18,,,,,
2906,0.05070168524980545,18,,,,,
2907,0.0006662686937488616,18,,,,,
2908,0.024477649480104446,18,,,,,
2909,0.0013821875909343362,18,,,,,
2910,0.005802807863801718,18,,,,,
2911,0.02477933280169964,18,,,,,
2912,0.018834080547094345,18,,,,,
2913,0.014457996934652328,18,,,,,
2914,0.000508095312397927,18,,,,,
2915,0.011441513895988464,18,,,,,
2916,0.0009976713918149471,18,,,,,
2917,0.0057134684175252914,18,,,,,
2918,0.010637148283421993,18,,,,,
2919,0.019930418580770493,18,,,,,
2920,0.004984917119145393,18,,,,,
2921,0.0011975503293797374,18,,,,,
2922,0.04142078012228012,18,,,,,
2923,0.0024200615007430315,18,,,,,
2924,0.0069299181923270226,18,,,,,
2925,0.0017757524037733674,18,,,,,
2926,0.009039304219186306,18,,,,,
2927,0.021133922040462494,18,,,,,
2928,0.00035245061735622585,18,,,,,
2929,0.0015786238946020603,18,,,,,
2930,0.0497782900929451,18,,,,,
2931,0.001191405113786459,18,,,,,
2932,0.022171245887875557,18,,,,,
2933,0.0035776093136519194,18,,,,,
2934,0.023655341938138008,18,,,,,
2935,0.00037896688445471227,18,,,,,
2936,0.0005419093649834394,18,,,,,
2937,0.03672947734594345,18,,,,,
2938,0.0012523032492026687,18,,,,,
2939,0.0004616274673026055,18,,,,,
2940,0.030261892825365067,18,,,,,
2941,9.180314373224974e-05,18,,,,,
2942,0.009853658266365528,18,,,,,
2943,0.0052532898262143135,18,,,,,
2944,0.007144070230424404,18,,,,,
2945,0.021550079807639122,18,,,,,
2946,0.0018959060544148088,18,,,,,
2947,0.02220815047621727,18,,,,,
2948,0.0013554920442402363,18,,,,,
2949,0.00025671979528851807,18,,,,,
2950,0.005244648549705744,18,,,,,
2951,0.03821580111980438,18,,,,,
2952,0.0006838105036877096,18,,,,,
2953,0.0013177194632589817,18,,,,,
2954,0.0007828419911675155,18,,,,,
2955,0.023991771042346954,18,,,,,
2956,0.03335431590676308,18,,,,,
2957,0.0007654684013687074,18,,,,,
2958,0.0005731576820835471,18,,,,,
2959,0.04754336550831795,18,,,,,
2960,0.007111437618732452,18,,,,,
2961,0.010280348360538483,18,,,,,
2962,0.0030973772518336773,18,,,,,
2963,0.01520507875829935,18,,,,,
2964,0.028565065935254097,18,,,,,
2965,0.0069776312448084354,18,,,,,
2966,0.007589635439217091,18,,,,,
2967,0.0030507633928209543,18,,,,,
2968,0.017813941463828087,18,,,,,
2969,0.019441843032836914,18,,,,,
2970,0.00011253082629991695,18,,,,,
2971,0.0016733118100091815,18,,,,,
2972,0.013110450468957424,18,,,,,
2973,0.0003049496444873512,18,,,,,
2974,0.0006851028301753104,18,,,,,
2975,0.08656758815050125,18,,,,,
2976,0.011359709315001965,18,,,,,
2977,0.02550559490919113,18,,,,,
2978,0.002613890217617154,18,,,,,
2979,0.03178315609693527,18,,,,,
2980,0.025758659467101097,18,,,,,
2981,0.0004725221369881183,18,,,,,
2982,0.011754593811929226,18,,,,,
360,,,0.0031103845685720444,,,,
361,,,1.915532811835874e-05,,,,
362,,,1.2262666132301092e-05,,,,
363,,,0.02076808735728264,,,,
364,,,1.6272872016998008e-05,,,,
365,,,0.06455346196889877,,,,
366,,,0.007806726265698671,,,,
367,,,5.9316580518498085e-06,,,,
368,,,0.0038152325432747602,,,,
369,,,4.0942366467788815e-05,,,,
370,,,7.711860234849155e-05,,,,
371,,,8.762382094573695e-06,,,,
372,,,4.457229806575924e-06,,,,
373,,,4.0679474295757245e-06,,,,
374,,,0.007034953683614731,,,,
375,,,0.0309344083070755,,,,
376,,,0.0035029053688049316,,,,
377,,,8.610419172327965e-05,,,,
378,,,0.0029470548033714294,,,,
379,,,7.582665421068668e-05,,,,
2982,,18,,0.007424932438880205,,,
2982,,18,,,0.9437500238418579,0.01085579115897417,0.987500011920929
2983,0.0072024790570139885,19,,,,,
2984,0.0063306353986263275,19,,,,,
2985,0.001689545693807304,19,,,,,
2986,0.004860501736402512,19,,,,,
2987,0.020975928753614426,19,,,,,
2988,0.0012888590572401881,19,,,,,
2989,0.00356440176256001,19,,,,,
2990,0.008065406233072281,19,,,,,
2991,0.00013825742644257843,19,,,,,
2992,0.011346912011504173,19,,,,,
2993,0.007612578105181456,19,,,,,
2994,0.00032068529981188476,19,,,,,
2995,0.0001258903503185138,19,,,,,
2996,0.0032821923960000277,19,,,,,
2997,0.007787470240145922,19,,,,,
2998,0.0055997977033257484,19,,,,,
2999,0.012296401895582676,19,,,,,
3000,0.0001628009049454704,19,,,,,
3001,0.06500034034252167,19,,,,,
3002,0.00010425777873024344,19,,,,,
3003,0.037657126784324646,19,,,,,
3004,0.00033760559745132923,19,,,,,
3005,0.0072449189610779285,19,,,,,
3006,0.01503210049122572,19,,,,,
3007,0.012140091508626938,19,,,,,
3008,0.00019495181913953274,19,,,,,
3009,0.0020196556579321623,19,,,,,
3010,0.00010040275083156303,19,,,,,
3011,0.002298295032233,19,,,,,
3012,0.0015848045004531741,19,,,,,
3013,0.007693644613027573,19,,,,,
3014,0.00702824117615819,19,,,,,
3015,0.02090619131922722,19,,,,,
3016,0.03389490395784378,19,,,,,
3017,0.004034783691167831,19,,,,,
3018,0.00042947742622345686,19,,,,,
3019,0.0038386278320103884,19,,,,,
3020,0.0008581444271840155,19,,,,,
3021,0.002978956326842308,19,,,,,
3022,0.002284545684233308,19,,,,,
3023,0.017452437430620193,19,,,,,
3024,0.0002536182291805744,19,,,,,
3025,0.007122545037418604,19,,,,,
3026,0.05235639214515686,19,,,,,
3027,0.0017220155568793416,19,,,,,
3028,8.9454093540553e-05,19,,,,,
3029,0.0003947727964259684,19,,,,,
3030,0.005846865009516478,19,,,,,
3031,0.02435712143778801,19,,,,,
3032,0.0292107742279768,19,,,,,
3033,0.008028313517570496,19,,,,,
3034,0.0003824282612185925,19,,,,,
3035,0.003990406170487404,19,,,,,
3036,0.006665654946118593,19,,,,,
3037,0.011078734882175922,19,,,,,
3038,0.012629889883100986,19,,,,,
3039,0.006435193121433258,19,,,,,
3040,0.00012743707338813692,19,,,,,
3041,0.009288175031542778,19,,,,,
3042,6.252711318666115e-05,19,,,,,
3043,0.004072974901646376,19,,,,,
3044,9.774676436791196e-05,19,,,,,
3045,0.00927070900797844,19,,,,,
3046,0.00011240977619308978,19,,,,,
3047,0.0006905127665959299,19,,,,,
3048,6.192205910338089e-05,19,,,,,
3049,0.007459442131221294,19,,,,,
3050,0.002491311402991414,19,,,,,
3051,0.03048153966665268,19,,,,,
3052,0.0032466358970850706,19,,,,,
3053,0.0001517725468147546,19,,,,,
3054,0.01234796829521656,19,,,,,
3055,0.013313256204128265,19,,,,,
3056,0.01737118512392044,19,,,,,
3057,0.005217526573687792,19,,,,,
3058,0.0033528883941471577,19,,,,,
3059,0.019170822575688362,19,,,,,
3060,0.019850751385092735,19,,,,,
3061,0.0004227098834235221,19,,,,,
3062,0.02652834728360176,19,,,,,
3063,0.0020364345982670784,19,,,,,
3064,0.000394802336813882,19,,,,,
3065,0.0005627583595924079,19,,,,,
3066,0.0002229241217719391,19,,,,,
3067,0.00012492304085753858,19,,,,,
3068,0.005384866148233414,19,,,,,
3069,0.004992656409740448,19,,,,,
3070,0.019023684784770012,19,,,,,
3071,0.0069187902845442295,19,,,,,
3072,0.007826265878975391,19,,,,,
3073,0.017888730391860008,19,,,,,
3074,0.0074697211384773254,19,,,,,
3075,9.595471055945382e-05,19,,,,,
3076,0.02308286912739277,19,,,,,
3077,0.028816282749176025,19,,,,,
3078,0.00013519867206923664,19,,,,,
3079,0.0012876734836027026,19,,,,,
3080,7.886976527515799e-05,19,,,,,
3081,0.00181204651016742,19,,,,,
3082,0.009144832380115986,19,,,,,
3083,0.018237363547086716,19,,,,,
3084,0.0165835153311491,19,,,,,
3085,0.00040029294905252755,19,,,,,
3086,0.011416510678827763,19,,,,,
3087,0.03258275240659714,19,,,,,
3088,0.0006457706913352013,19,,,,,
3089,0.009086870588362217,19,,,,,
3090,0.0017957622185349464,19,,,,,
3091,0.003414618084207177,19,,,,,
3092,0.000671474146656692,19,,,,,
3093,0.021804116666316986,19,,,,,
3094,0.006993621122092009,19,,,,,
3095,0.003308255225419998,19,,,,,
3096,0.023578746244311333,19,,,,,
3097,0.021530386060476303,19,,,,,
3098,0.01776077412068844,19,,,,,
3099,0.0032702491153031588,19,,,,,
3100,0.018603136762976646,19,,,,,
3101,0.0009818115504458547,19,,,,,
3102,0.002397191943600774,19,,,,,
3103,0.03679460287094116,19,,,,,
3104,0.06206022948026657,19,,,,,
3105,0.0058899326249957085,19,,,,,
3106,0.03144938871264458,19,,,,,
3107,0.0035940164234489202,19,,,,,
3108,0.0180746391415596,19,,,,,
3109,0.006992241833359003,19,,,,,
3110,0.01625664159655571,19,,,,,
3111,0.01522097084671259,19,,,,,
3112,0.007650354411453009,19,,,,,
3113,0.0007029253174550831,19,,,,,
3114,0.009673000313341618,19,,,,,
3115,0.008022349327802658,19,,,,,
3116,6.535318243550137e-05,19,,,,,
3117,0.006605023518204689,19,,,,,
3118,0.0004028792609460652,19,,,,,
3119,0.016697824001312256,19,,,,,
3120,0.02992662601172924,19,,,,,
3121,0.03019259311258793,19,,,,,
3122,0.015583841130137444,19,,,,,
3123,0.008500511758029461,19,,,,,
3124,0.010708533227443695,19,,,,,
3125,0.005511108785867691,19,,,,,
3126,0.017960114404559135,19,,,,,
3127,0.0026025285478681326,19,,,,,
3128,0.009902611374855042,19,,,,,
3129,0.00817489717155695,19,,,,,
3130,0.0009180893539451063,19,,,,,
3131,0.002495571505278349,19,,,,,
3132,0.0004465443780645728,19,,,,,
3133,0.017218587920069695,19,,,,,
3134,0.039975184947252274,19,,,,,
3135,0.0011305883526802063,19,,,,,
3136,0.01016564667224884,19,,,,,
3137,0.0007572193280793726,19,,,,,
3138,0.000142615259392187,19,,,,,
3139,0.019933883100748062,19,,,,,
380,,,0.008942515589296818,,,,
381,,,1.6099922504508868e-05,,,,
382,,,2.465954366925871e-06,,,,
383,,,0.022592619061470032,,,,
384,,,6.395914169843309e-06,,,,
385,,,0.05233535170555115,,,,
386,,,0.020899329334497452,,,,
387,,,1.0856314247575938e-06,,,,
388,,,0.011621302925050259,,,,
389,,,5.07920776726678e-05,,,,
390,,,8.391610208491329e-06,,,,
391,,,1.323238620898337e-06,,,,
392,,,5.746674105466809e-07,,,,
393,,,7.033798965494498e-07,,,,
394,,,0.013121617026627064,,,,
395,,,0.029479047283530235,,,,
396,,,0.0033524835016578436,,,,
397,,,2.653568117239047e-05,,,,
398,,,0.0032699797302484512,,,,
399,,,7.770474439894315e-06,,,,
3139,,19,,0.008499101735651493,,,
3139,,19,,,0.9624999761581421,0.009740040637552738,1.0
3140,0.0015771564794704318,20,,,,,
3141,0.00849574338644743,20,,,,,
3142,0.021877441555261612,20,,,,,
3143,7.023821672191843e-05,20,,,,,
3144,0.0003480737505014986,20,,,,,
3145,0.03091728314757347,20,,,,,
3146,0.001354297623038292,20,,,,,
3147,0.0036331324372440577,20,,,,,
3148,0.00010839525930350646,20,,,,,
3149,0.01023026928305626,20,,,,,
3150,0.0031837148126214743,20,,,,,
3151,0.00026089054881595075,20,,,,,
3152,0.011958343908190727,20,,,,,
3153,0.00012394013174343854,20,,,,,
3154,0.00018251726578455418,20,,,,,
3155,0.003012123517692089,20,,,,,
3156,0.001734472345560789,20,,,,,
3157,0.008330659940838814,20,,,,,
3158,0.004055896308273077,20,,,,,
3159,0.0007788807852193713,20,,,,,
3160,0.0006637193146161735,20,,,,,
3161,0.032577045261859894,20,,,,,
3162,5.5460786825278774e-05,20,,,,,
3163,0.0056916652247309685,20,,,,,
3164,0.019523585215210915,20,,,,,
3165,0.0004332431126385927,20,,,,,
3166,0.0002113503433065489,20,,,,,
3167,0.022942153736948967,20,,,,,
3168,0.0013396163703873754,20,,,,,
3169,0.000338052399456501,20,,,,,
3170,0.017351336777210236,20,,,,,
3171,0.02006523311138153,20,,,,,
3172,0.012295511551201344,20,,,,,
3173,0.0058363256976008415,20,,,,,
3174,0.012229961343109608,20,,,,,
3175,0.001523764105513692,20,,,,,
3176,0.006460677832365036,20,,,,,
3177,3.310836837044917e-05,20,,,,,
3178,0.00022437114967033267,20,,,,,
3179,0.015167873352766037,20,,,,,
3180,0.004546717740595341,20,,,,,
3181,0.0036931007634848356,20,,,,,
3182,0.024378588423132896,20,,,,,
3183,0.029672089964151382,20,,,,,
3184,0.0456123985350132,20,,,,,
3185,0.00022491825802717358,20,,,,,
3186,0.01017822977155447,20,,,,,
3187,0.008701702579855919,20,,,,,
3188,0.0006986396037973464,20,,,,,
3189,0.006692337803542614,20,,,,,
3190,0.015534423291683197,20,,,,,
3191,0.0028171062003821135,20,,,,,
3192,0.014718124642968178,20,,,,,
3193,0.024134034290909767,20,,,,,
3194,0.0003758687525987625,20,,,,,
3195,0.0007492126896977425,20,,,,,
3196,0.0320759117603302,20,,,,,
3197,0.00973085593432188,20,,,,,
3198,0.0013720560818910599,20,,,,,
3199,0.018435552716255188,20,,,,,
3200,0.005525910761207342,20,,,,,
3201,0.0034971607383340597,20,,,,,
3202,0.02771509252488613,20,,,,,
3203,0.0040865009650588036,20,,,,,
3204,0.0002109900233335793,20,,,,,
3205,0.0003907104837708175,20,,,,,
3206,0.0030546619091182947,20,,,,,
3207,0.016103731468319893,20,,,,,
3208,0.003598637180402875,20,,,,,
3209,0.024646438658237457,20,,,,,
3210,0.0024421822745352983,20,,,,,
3211,0.0008408553549088538,20,,,,,
3212,0.004761991091072559,20,,,,,
3213,0.0002676266012713313,20,,,,,
3214,0.00011975392408203334,20,,,,,
3215,4.6608034608652815e-05,20,,,,,
3216,0.04429448023438454,20,,,,,
3217,0.0006710682646371424,20,,,,,
3218,0.000708953884895891,20,,,,,
3219,0.0028447583317756653,20,,,,,
3220,0.020948488265275955,20,,,,,
3221,0.00020050820603501052,20,,,,,
3222,0.001702871173620224,20,,,,,
3223,0.00103862676769495,20,,,,,
3224,0.006762668024748564,20,,,,,
3225,0.0015522080939263105,20,,,,,
3226,0.00524289021268487,20,,,,,
3227,0.026803860440850258,20,,,,,
3228,0.02034258283674717,20,,,,,
3229,2.1165766156627797e-05,20,,,,,
3230,0.0013612796319648623,20,,,,,
3231,0.00022161946981213987,20,,,,,
3232,0.0033892292995005846,20,,,,,
3233,0.015633922070264816,20,,,,,
3234,0.00013724819291383028,20,,,,,
3235,0.0005528024630621076,20,,,,,
3236,0.00481931259855628,20,,,,,
3237,0.007945027202367783,20,,,,,
3238,0.0005221377359703183,20,,,,,
3239,0.00025207913131453097,20,,,,,
3240,0.001953661208972335,20,,,,,
3241,0.0179592352360487,20,,,,,
3242,0.0043983845971524715,20,,,,,
3243,0.01174183376133442,20,,,,,
3244,0.004080405458807945,20,,,,,
3245,0.027963975444436073,20,,,,,
3246,0.012426687404513359,20,,,,,
3247,0.02045547589659691,20,,,,,
3248,0.016200482845306396,20,,,,,
3249,0.005107057746499777,20,,,,,
3250,0.021466247737407684,20,,,,,
3251,0.024920394644141197,20,,,,,
3252,0.009094162844121456,20,,,,,
3253,0.030575919896364212,20,,,,,
3254,0.031849127262830734,20,,,,,
3255,0.020922154188156128,20,,,,,
3256,0.0003374387451913208,20,,,,,
3257,0.008581641130149364,20,,,,,
3258,0.01034589670598507,20,,,,,
3259,0.0159552451223135,20,,,,,
3260,0.0004650169867090881,20,,,,,
3261,0.0053346240893006325,20,,,,,
3262,0.009580478072166443,20,,,,,
3263,0.0002545820898376405,20,,,,,
3264,0.01582314819097519,20,,,,,
3265,0.004798395559191704,20,,,,,
3266,0.00243523926474154,20,,,,,
3267,0.01159761380404234,20,,,,,
3268,0.018835511058568954,20,,,,,
3269,0.011595084331929684,20,,,,,
3270,0.033112578094005585,20,,,,,
3271,0.014981943182647228,20,,,,,
3272,0.00029239876312203705,20,,,,,
3273,0.007647509686648846,20,,,,,
3274,0.02582106925547123,20,,,,,
3275,0.015859680250287056,20,,,,,
3276,0.008088509552180767,20,,,,,
3277,0.009589157067239285,20,,,,,
3278,0.005775028839707375,20,,,,,
3279,0.0008529198239557445,20,,,,,
3280,0.012289741076529026,20,,,,,
3281,0.007672597654163837,20,,,,,
3282,0.0012394428486004472,20,,,,,
3283,0.00486653670668602,20,,,,,
3284,0.004485204350203276,20,,,,,
3285,0.015413704328238964,20,,,,,
3286,0.005150741897523403,20,,,,,
3287,0.03534561023116112,20,,,,,
3288,0.00048731418792158365,20,,,,,
3289,0.006041655316948891,20,,,,,
3290,0.005176682956516743,20,,,,,
3291,0.0001326005585724488,20,,,,,
3292,0.00850694626569748,20,,,,,
3293,0.00874522514641285,20,,,,,
3294,0.0001787868677638471,20,,,,,
3295,0.015218019485473633,20,,,,,
3296,0.0003055411216337234,20,,,,,
400,,,0.0021257842890918255,,,,
401,,,5.216812155595107e-07,,,,
402,,,4.522282210928097e-07,,,,
403,,,0.020026059821248055,,,,
404,,,5.935361855335941e-07,,,,
405,,,0.07423896342515945,,,,
406,,,0.004453308414667845,,,,
407,,,1.6000537925719982e-06,,,,
408,,,0.0024333482142537832,,,,
409,,,7.366801924035826e-07,,,,
410,,,3.5320763913659903e-07,,,,
411,,,1.4305027207228704e-07,,,,
412,,,1.2929112358506245e-07,,,,
413,,,4.38051330320377e-07,,,,
414,,,0.005834199953824282,,,,
415,,,0.031951408833265305,,,,
416,,,0.0027405645232647657,,,,
417,,,9.314969702245435e-07,,,,
418,,,0.003191151190549135,,,,
419,,,3.6417670344235376e-05,,,,
3296,,20,,0.007539431098848581,,,
3296,,20,,,0.9437500238418579,0.009182093665003777,0.9937499761581421
3297,0.0013417555019259453,21,,,,,
3298,0.04256704822182655,21,,,,,
3299,0.00602643471211195,21,,,,,
3300,0.0016024770447984338,21,,,,,
3301,0.029567336663603783,21,,,,,
3302,0.007800871040672064,21,,,,,
3303,0.02844964526593685,21,,,,,
3304,0.0616154782474041,21,,,,,
3305,0.0008089384064078331,21,,,,,
3306,0.00031040096655488014,21,,,,,
3307,0.006532599683851004,21,,,,,
3308,0.008549925871193409,21,,,,,
3309,0.004709996283054352,21,,,,,
3310,0.012801136821508408,21,,,,,
3311,0.00014965816808398813,21,,,,,
3312,0.011862745508551598,21,,,,,
3313,0.016010377556085587,21,,,,,
3314,0.0031553623266518116,21,,,,,
3315,0.021332180127501488,21,,,,,
3316,0.0017701522447168827,21,,,,,
3317,0.001959324348717928,21,,,,,
3318,0.0032447173725813627,21,,,,,
3319,0.02857166901230812,21,,,,,
3320,0.004361927974969149,21,,,,,
3321,0.012611995451152325,21,,,,,
3322,0.002032458782196045,21,,,,,
3323,0.0004056586476508528,21,,,,,
3324,0.004611251875758171,21,,,,,
3325,0.0001274770183954388,21,,,,,
3326,0.0011211003875359893,21,,,,,
3327,0.0049865394830703735,21,,,,,
3328,0.004766962956637144,21,,,,,
3329,0.03431401029229164,21,,,,,
3330,0.007558872457593679,21,,,,,
3331,0.035377949476242065,21,,,,,
3332,0.00044541721581481397,21,,,,,
3333,0.01642709970474243,21,,,,,
3334,0.0004624643479473889,21,,,,,
3335,6.174686131998897e-05,21,,,,,
3336,0.00037797304685227573,21,,,,,
3337,0.011018224991858006,21,,,,,
3338,0.015264095738530159,21,,,,,
3339,0.003074348671361804,21,,,,,
3340,0.01207947451621294,21,,,,,
3341,0.00013041218335274607,21,,,,,
3342,0.006317575462162495,21,,,,,
3343,0.005050870589911938,21,,,,,
3344,0.0190208051353693,21,,,,,
3345,0.006249962840229273,21,,,,,
3346,0.005137123633176088,21,,,,,
3347,0.007190096657723188,21,,,,,
3348,0.00024858341203071177,21,,,,,
3349,0.020824048668146133,21,,,,,
3350,0.0029283640906214714,21,,,,,
3351,0.011373809538781643,21,,,,,
3352,0.026568066328763962,21,,,,,
3353,0.00028316874522715807,21,,,,,
3354,0.0005941024865023792,21,,,,,
3355,0.004550488665699959,21,,,,,
3356,0.01344085019081831,21,,,,,
3357,0.00048805540427565575,21,,,,,
3358,0.010838166810572147,21,,,,,
3359,0.005732633173465729,21,,,,,
3360,0.00023514532949775457,21,,,,,
3361,0.011304233223199844,21,,,,,
3362,0.011097474955022335,21,,,,,
3363,0.004187923390418291,21,,,,,
3364,0.0007989133009687066,21,,,,,
3365,0.006576185580343008,21,,,,,
3366,0.012159396894276142,21,,,,,
3367,0.00019304041052237153,21,,,,,
3368,0.005819398909807205,21,,,,,
3369,7.79379261075519e-05,21,,,,,
3370,0.0034929881803691387,21,,,,,
3371,0.004188240505754948,21,,,,,
3372,0.00043128765537403524,21,,,,,
3373,0.003488741582259536,21,,,,,
3374,0.01088663935661316,21,,,,,
3375,3.680023655761033e-05,21,,,,,
3376,0.005205695983022451,21,,,,,
3377,0.021054688841104507,21,,,,,
3378,0.009163135662674904,21,,,,,
3379,6.386617315001786e-05,21,,,,,
3380,0.011312601156532764,21,,,,,
3381,0.010000437498092651,21,,,,,
3382,0.0034771461505442858,21,,,,,
3383,0.003555269679054618,21,,,,,
3384,0.0003421126748435199,21,,,,,
3385,0.00571124954149127,21,,,,,
3386,0.0031145012471824884,21,,,,,
3387,0.0005484842113219202,21,,,,,
3388,0.017070118337869644,21,,,,,
3389,0.033166591078042984,21,,,,,
3390,0.020576316863298416,21,,,,,
3391,0.00426157983019948,21,,,,,
3392,0.01697724685072899,21,,,,,
3393,0.02087586559355259,21,,,,,
3394,0.005611564498394728,21,,,,,
3395,7.193799683591351e-05,21,,,,,
3396,0.016694093123078346,21,,,,,
3397,0.0004297780978959054,21,,,,,
3398,0.004040456842631102,21,,,,,
3399,0.011172592639923096,21,,,,,
3400,0.00023754974245093763,21,,,,,
3401,0.012876988388597965,21,,,,,
3402,0.005869415123015642,21,,,,,
3403,0.00024040683638304472,21,,,,,
3404,0.025092408061027527,21,,,,,
3405,0.03474168851971626,21,,,,,
3406,0.03369404748082161,21,,,,,
3407,0.027006344869732857,21,,,,,
3408,0.016818244010210037,21,,,,,
3409,0.004156384151428938,21,,,,,
3410,0.0006889170035719872,21,,,,,
3411,0.003692745929583907,21,,,,,
3412,0.010553378611803055,21,,,,,
3413,0.0002612805110402405,21,,,,,
3414,0.00015852812794037163,21,,,,,
3415,0.0023349528200924397,21,,,,,
3416,0.0043289801105856895,21,,,,,
3417,8.942281419876963e-05,21,,,,,
3418,0.032499123364686966,21,,,,,
3419,0.007754669524729252,21,,,,,
3420,0.002369239693507552,21,,,,,
3421,0.004864566493779421,21,,,,,
3422,0.004503763746470213,21,,,,,
3423,0.009776730090379715,21,,,,,
3424,0.0005144779570400715,21,,,,,
3425,5.1882783736800775e-05,21,,,,,
3426,0.038335613906383514,21,,,,,
3427,0.015337223187088966,21,,,,,
3428,0.019540641456842422,21,,,,,
3429,0.04000060632824898,21,,,,,
3430,0.0035059626679867506,21,,,,,
3431,0.037457425147295,21,,,,,
3432,8.969594637164846e-05,21,,,,,
3433,0.003135566832497716,21,,,,,
3434,0.0004338339203968644,21,,,,,
3435,0.00556238554418087,21,,,,,
3436,0.014498047530651093,21,,,,,
3437,0.0003929993836209178,21,,,,,
3438,0.008781933225691319,21,,,,,
3439,0.04664849489927292,21,,,,,
3440,0.014748940244317055,21,,,,,
3441,0.01974918507039547,21,,,,,
3442,0.021164674311876297,21,,,,,
3443,0.010926375165581703,21,,,,,
3444,0.02292492985725403,21,,,,,
3445,0.0012876397231593728,21,,,,,
3446,0.000451343395980075,21,,,,,
3447,0.02653913013637066,21,,,,,
3448,0.0009447401389479637,21,,,,,
3449,0.04884328320622444,21,,,,,
3450,0.0013084033271297812,21,,,,,
3451,0.007478524465113878,21,,,,,
3452,0.00043728138552978635,21,,,,,
3453,0.0009524766937829554,21,,,,,
420,,,0.0022925531957298517,,,,
421,,,6.249787111300975e-05,,,,
422,,,4.774932313011959e-05,,,,
423,,,0.028775617480278015,,,,
424,,,2.5743489459273405e-05,,,,
425,,,0.06434345990419388,,,,
426,,,0.005304401740431786,,,,
427,,,0.00011134965461678803,,,,
428,,,0.0028330928180366755,,,,
429,,,2.1252915757941082e-05,,,,
430,,,8.299401088152081e-05,,,,
431,,,2.9730192181887105e-05,,,,
432,,,6.192079581524013e-06,,,,
433,,,9.239534119842574e-05,,,,
434,,,0.008225885219871998,,,,
435,,,0.01873588375747204,,,,
436,,,0.004440521355718374,,,,
437,,,0.00016202052938751876,,,,
438,,,0.00448736734688282,,,,
439,,,4.349246955825947e-05,,,,
3453,,21,,0.007184740621596575,,,
3453,,21,,,0.9375,0.010062897577881813,0.981249988079071
3454,0.00402443902567029,22,,,,,
3455,0.004620785359293222,22,,,,,
3456,0.008898413740098476,22,,,,,
3457,0.016208404675126076,22,,,,,
3458,0.009811424650251865,22,,,,,
3459,0.001201640348881483,22,,,,,
3460,0.0010158471995964646,22,,,,,
3461,0.011359582655131817,22,,,,,
3462,0.010934919118881226,22,,,,,
3463,0.017332080751657486,22,,,,,
3464,0.0031236012000590563,22,,,,,
3465,0.018084339797496796,22,,,,,
3466,0.0006296733045019209,22,,,,,
3467,0.0009621068020351231,22,,,,,
3468,0.01234216894954443,22,,,,,
3469,0.015856783837080002,22,,,,,
3470,0.006871154066175222,22,,,,,
3471,0.01453018095344305,22,,,,,
3472,0.0005225648055784404,22,,,,,
3473,0.007268252316862345,22,,,,,
3474,0.009955991059541702,22,,,,,
3475,0.03244989365339279,22,,,,,
3476,0.006449264008551836,22,,,,,
3477,0.008967775851488113,22,,,,,
3478,0.008032764308154583,22,,,,,
3479,0.005208664108067751,22,,,,,
3480,0.01601150631904602,22,,,,,
3481,8.989780326373875e-05,22,,,,,
3482,0.0004523899406194687,22,,,,,
3483,0.00038981542456895113,22,,,,,
3484,0.0001760966406436637,22,,,,,
3485,0.002896928694099188,22,,,,,
3486,0.001368887722492218,22,,,,,
3487,0.002832184312865138,22,,,,,
3488,0.006857891567051411,22,,,,,
3489,0.00921206921339035,22,,,,,
3490,0.0015912397066131234,22,,,,,
3491,0.0006248512654565275,22,,,,,
3492,0.013889702036976814,22,,,,,
3493,0.014384535141289234,22,,,,,
3494,7.275099051184952e-05,22,,,,,
3495,0.00022362983145285398,22,,,,,
3496,0.001293879235163331,22,,,,,
3497,0.0007826096843928099,22,,,,,
3498,0.007280283607542515,22,,,,,
3499,0.018902098760008812,22,,,,,
3500,0.02578303962945938,22,,,,,
3501,5.967143442831002e-05,22,,,,,
3502,0.00758163258433342,22,,,,,
3503,0.02103404514491558,22,,,,,
3504,0.01922011747956276,22,,,,,
3505,0.0033604891505092382,22,,,,,
3506,0.008704730309545994,22,,,,,
3507,5.864976265002042e-05,22,,,,,
3508,0.020504333078861237,22,,,,,
3509,0.0008757305913604796,22,,,,,
3510,0.000616002653259784,22,,,,,
3511,0.0003817597171291709,22,,,,,
3512,0.0002407673018751666,22,,,,,
3513,0.01685985177755356,22,,,,,
3514,0.000929876696318388,22,,,,,
3515,0.019221512600779533,22,,,,,
3516,0.00012123931082896888,22,,,,,
3517,0.00038439672789536417,22,,,,,
3518,0.006393526680767536,22,,,,,
3519,0.002699448959901929,22,,,,,
3520,0.005323965102434158,22,,,,,
3521,0.0003755947109311819,22,,,,,
3522,0.016608627513051033,22,,,,,
3523,0.0030153796542435884,22,,,,,
3524,0.037826839834451675,22,,,,,
3525,0.0129009447991848,22,,,,,
3526,0.015715012326836586,22,,,,,
3527,0.010547162033617496,22,,,,,
3528,0.0002675452269613743,22,,,,,
3529,0.00013304618187248707,22,,,,,
3530,0.004310640040785074,22,,,,,
3531,0.002117812167853117,22,,,,,
3532,0.0009061468881554902,22,,,,,
3533,0.0036323610693216324,22,,,,,
3534,0.0068632736802101135,22,,,,,
3535,0.0003740559332072735,22,,,,,
3536,0.03836291655898094,22,,,,,
3537,0.0019735333044081926,22,,,,,
3538,0.0010284462478011847,22,,,,,
3539,0.009888049215078354,22,,,,,
3540,0.016491368412971497,22,,,,,
3541,0.006454508751630783,22,,,,,
3542,0.010299697518348694,22,,,,,
3543,0.00020661337475758046,22,,,,,
3544,0.014344043098390102,22,,,,,
3545,0.012045234441757202,22,,,,,
3546,0.007014628034085035,22,,,,,
3547,0.0015476852422580123,22,,,,,
3548,0.012632871977984905,22,,,,,
3549,0.030513549223542213,22,,,,,
3550,0.002820980967953801,22,,,,,
3551,6.330365431495011e-05,22,,,,,
3552,0.027581803500652313,22,,,,,
3553,0.023329291492700577,22,,,,,
3554,2.6261179300490767e-05,22,,,,,
3555,0.0005726654781028628,22,,,,,
3556,0.0009442787850275636,22,,,,,
3557,0.011805705726146698,22,,,,,
3558,0.0035365759395062923,22,,,,,
3559,0.0006167799001559615,22,,,,,
3560,0.0001320706942351535,22,,,,,
3561,0.005242964718490839,22,,,,,
3562,0.020764512941241264,22,,,,,
3563,0.0027854368090629578,22,,,,,
3564,8.622287714388222e-05,22,,,,,
3565,0.03357146680355072,22,,,,,
3566,0.0023354662116616964,22,,,,,
3567,0.029571186751127243,22,,,,,
3568,0.013073170557618141,22,,,,,
3569,0.04377419874072075,22,,,,,
3570,0.002942992839962244,22,,,,,
3571,0.006929898634552956,22,,,,,
3572,0.0027022857684642076,22,,,,,
3573,0.00046089966781437397,22,,,,,
3574,0.00807968620210886,22,,,,,
3575,0.005587960127741098,22,,,,,
3576,0.028079209849238396,22,,,,,
3577,0.014573316089808941,22,,,,,
3578,0.019011400640010834,22,,,,,
3579,0.0010415081633254886,22,,,,,
3580,0.0033718221820890903,22,,,,,
3581,0.0003058786678593606,22,,,,,
3582,0.0006023507448844612,22,,,,,
3583,0.020859677344560623,22,,,,,
3584,0.01749730296432972,22,,,,,
3585,0.043606631457805634,22,,,,,
3586,0.0154515216127038,22,,,,,
3587,0.00879464577883482,22,,,,,
3588,0.027991624549031258,22,,,,,
3589,0.01771504059433937,22,,,,,
3590,0.025156229734420776,22,,,,,
3591,0.006985853426158428,22,,,,,
3592,0.00039602676406502724,22,,,,,
3593,0.00606791116297245,22,,,,,
3594,0.002882855711504817,22,,,,,
3595,2.526640128053259e-05,22,,,,,
3596,0.0007283132872544229,22,,,,,
3597,0.0016331509687006474,22,,,,,
3598,0.000362993887392804,22,,,,,
3599,0.0035519315861165524,22,,,,,
3600,0.002840277971699834,22,,,,,
3601,0.0007434043218381703,22,,,,,
3602,1.9840234017465264e-05,22,,,,,
3603,0.00474985595792532,22,,,,,
3604,0.026930389925837517,22,,,,,
3605,0.006200804840773344,22,,,,,
3606,0.005212778225541115,22,,,,,
3607,0.023918582126498222,22,,,,,
3608,0.01537183579057455,22,,,,,
3609,0.0003110778343398124,22,,,,,
3610,0.007270041853189468,22,,,,,
440,,,0.0015856731915846467,,,,
441,,,2.7751050879487593e-07,,,,
442,,,4.881752033725206e-07,,,,
443,,,0.02008238434791565,,,,
444,,,3.110597788236191e-07,,,,
445,,,0.0799776017665863,,,,
446,,,0.0035945740528404713,,,,
447,,,4.047278707730584e-07,,,,
448,,,0.001859295996837318,,,,
449,,,3.338449801049137e-07,,,,
450,,,2.216542725363979e-06,,,,
451,,,3.105465680164343e-07,,,,
452,,,1.1505730412864068e-07,,,,
453,,,5.264920446279575e-07,,,,
454,,,0.005758958403021097,,,,
455,,,0.01752270944416523,,,,
456,,,0.0034195357002317905,,,,
457,,,1.210572804666299e-06,,,,
458,,,0.003513210453093052,,,,
459,,,2.7985768156213453e-06,,,,
3610,,22,,0.00704212998971343,,,
3610,,22,,,0.9437500238418579,0.008822447620332241,0.981249988079071
3611,6.810093327658251e-05,23,,,,,
3612,0.006586811970919371,23,,,,,
3613,0.0010270696366205812,23,,,,,
3614,0.009194460697472095,23,,,,,
3615,0.017032794654369354,23,,,,,
3616,0.017114214599132538,23,,,,,
3617,0.00015255258767865598,23,,,,,
3618,0.0013620649697259068,23,,,,,
3619,3.7670797610189766e-05,23,,,,,
3620,0.026468485593795776,23,,,,,
3621,0.00040288048330694437,23,,,,,
3622,0.008609508164227009,23,,,,,
3623,0.0024101627059280872,23,,,,,
3624,0.04206663370132446,23,,,,,
3625,0.0256178081035614,23,,,,,
3626,0.005429026670753956,23,,,,,
3627,0.0022760105784982443,23,,,,,
3628,0.002268835436552763,23,,,,,
3629,0.005497617181390524,23,,,,,
3630,0.004529307596385479,23,,,,,
3631,0.0027820502873510122,23,,,,,
3632,0.005352562293410301,23,,,,,
3633,0.005710034631192684,23,,,,,
3634,0.0022275049705058336,23,,,,,
3635,0.00552057521417737,23,,,,,
3636,0.0015748244477435946,23,,,,,
3637,0.003958110697567463,23,,,,,
3638,0.01228388398885727,23,,,,,
3639,0.00011309130786685273,23,,,,,
3640,0.025279322639107704,23,,,,,
3641,0.00016195556963793933,23,,,,,
3642,0.013580210506916046,23,,,,,
3643,0.012322695925831795,23,,,,,
3644,0.0017168737249448895,23,,,,,
3645,0.0014247274957597256,23,,,,,
3646,0.008991176262497902,23,,,,,
3647,0.005064901430159807,23,,,,,
3648,0.03318607434630394,23,,,,,
3649,0.0013927188701927662,23,,,,,
3650,0.0021148326341062784,23,,,,,
3651,0.019337471574544907,23,,,,,
3652,0.0034774350933730602,23,,,,,
3653,0.004234330262988806,23,,,,,
3654,0.001222690916620195,23,,,,,
3655,0.023483790457248688,23,,,,,
3656,0.011685133911669254,23,,,,,
3657,7.161661051213741e-05,23,,,,,
3658,0.0036336302291601896,23,,,,,
3659,1.855594564403873e-05,23,,,,,
3660,0.0002390740264672786,23,,,,,
3661,0.008755982853472233,23,,,,,
3662,0.0006778207025490701,23,,,,,
3663,0.0001849484397098422,23,,,,,
3664,0.00484056631103158,23,,,,,
3665,0.0029024118557572365,23,,,,,
3666,0.011908172629773617,23,,,,,
3667,0.018884887918829918,23,,,,,
3668,0.00027884854353033006,23,,,,,
3669,0.0008961924468167126,23,,,,,
3670,0.00383649836294353,23,,,,,
3671,0.013632708229124546,23,,,,,
3672,0.031222688034176826,23,,,,,
3673,0.0006662897649221122,23,,,,,
3674,0.009117870591580868,23,,,,,
3675,0.02635106071829796,23,,,,,
3676,0.0004967376589775085,23,,,,,
3677,0.0004200325929559767,23,,,,,
3678,0.01788162626326084,23,,,,,
3679,0.00813240371644497,23,,,,,
3680,0.006485568359494209,23,,,,,
3681,0.000912677904125303,23,,,,,
3682,0.00036582339089363813,23,,,,,
3683,0.03281421214342117,23,,,,,
3684,0.027057046070694923,23,,,,,
3685,0.00036434081266634166,23,,,,,
3686,0.0020647281780838966,23,,,,,
3687,0.019050221890211105,23,,,,,
3688,0.0023754837457090616,23,,,,,
3689,0.00779164582490921,23,,,,,
3690,0.018643571063876152,23,,,,,
3691,0.01756564900279045,23,,,,,
3692,0.010233048349618912,23,,,,,
3693,0.00011833021562779322,23,,,,,
3694,0.009894738905131817,23,,,,,
3695,0.018716024234890938,23,,,,,
3696,0.0003392468497622758,23,,,,,
3697,0.004916207864880562,23,,,,,
3698,0.00010453377763042226,23,,,,,
3699,0.0006347192102111876,23,,,,,
3700,0.0030320484656840563,23,,,,,
3701,0.018086299300193787,23,,,,,
3702,0.01681886985898018,23,,,,,
3703,0.0015642070211470127,23,,,,,
3704,0.0007287826738320291,23,,,,,
3705,0.0041986024007201195,23,,,,,
3706,5.479501487570815e-05,23,,,,,
3707,0.01288819219917059,23,,,,,
3708,0.010932406410574913,23,,,,,
3709,0.0270379725843668,23,,,,,
3710,0.0021898767445236444,23,,,,,
3711,0.008313264697790146,23,,,,,
3712,0.006811173632740974,23,,,,,
3713,0.0009439684799872339,23,,,,,
3714,0.016185661777853966,23,,,,,
3715,0.0012025742325931787,23,,,,,
3716,0.0013868882087990642,23,,,,,
3717,0.017240460962057114,23,,,,,
3718,0.00018309867300558835,23,,,,,
3719,0.004448180552572012,23,,,,,
3720,0.044542476534843445,23,,,,,
3721,0.0038950603920966387,23,,,,,
3722,0.008491333574056625,23,,,,,
3723,0.0008043379639275372,23,,,,,
3724,0.008150970563292503,23,,,,,
3725,5.044741919846274e-05,23,,,,,
3726,7.569888111902401e-05,23,,,,,
3727,0.004915264900773764,23,,,,,
3728,0.00010370592644903809,23,,,,,
3729,6.489541556220502e-05,23,,,,,
3730,0.006297749001532793,23,,,,,
3731,0.004702567122876644,23,,,,,
3732,0.0004095979093108326,23,,,,,
3733,0.009973859414458275,23,,,,,
3734,0.0006890975055284798,23,,,,,
3735,0.0011856799246743321,23,,,,,
3736,0.0038680850993841887,23,,,,,
3737,0.015077642165124416,23,,,,,
3738,0.009804793633520603,23,,,,,
3739,0.00014271716645453125,23,,,,,
3740,0.0017084736609831452,23,,,,,
3741,0.0007295616087503731,23,,,,,
3742,0.006379001773893833,23,,,,,
3743,0.002204335993155837,23,,,,,
3744,0.011898008175194263,23,,,,,
3745,4.4853884901385754e-05,23,,,,,
3746,0.0004904878442175686,23,,,,,
3747,0.0008421853999607265,23,,,,,
3748,0.017774902284145355,23,,,,,
3749,0.03458302468061447,23,,,,,
3750,0.0004247653705533594,23,,,,,
3751,0.002976174233481288,23,,,,,
3752,0.017100732773542404,23,,,,,
3753,4.458234616322443e-05,23,,,,,
3754,0.012141289189457893,23,,,,,
3755,0.01404050923883915,23,,,,,
3756,0.0065567041747272015,23,,,,,
3757,0.004205943550914526,23,,,,,
3758,0.015571284107863903,23,,,,,
3759,0.00015997736772987992,23,,,,,
3760,0.011042319238185883,23,,,,,
3761,0.009174246340990067,23,,,,,
3762,0.009613627567887306,23,,,,,
3763,0.000378170283511281,23,,,,,
3764,0.0005030191969126463,23,,,,,
3765,0.02230111137032509,23,,,,,
3766,0.013161427341401577,23,,,,,
3767,0.018414495512843132,23,,,,,
460,,,0.004985559266060591,,,,
461,,,1.618279696913305e-07,,,,
462,,,1.9205768353458552e-07,,,,
463,,,0.017892951145768166,,,,
464,,,2.1078824374853866e-07,,,,
465,,,0.07418418675661087,,,,
466,,,0.007810499984771013,,,,
467,,,2.0284640811496502e-07,,,,
468,,,0.004054382909089327,,,,
469,,,9.478083740077636e-08,,,,
470,,,5.906654223508667e-07,,,,
471,,,7.427640014157078e-08,,,,
472,,,6.464565416308687e-08,,,,
473,,,2.445027291742008e-07,,,,
474,,,0.008775348775088787,,,,
475,,,0.016721408814191818,,,,
476,,,0.0024265728425234556,,,,
477,,,6.868257855785487e-07,,,,
478,,,0.002240891335532069,,,,
479,,,4.513706528541661e-07,,,,
3767,,23,,0.007133054547011852,,,
3767,,23,,,0.956250011920929,0.007888823747634888,0.9937499761581421
3768,0.002246313728392124,24,,,,,
3769,0.004862066823989153,24,,,,,
3770,2.276773921039421e-05,24,,,,,
3771,0.00013307530025485903,24,,,,,
3772,6.458341522375122e-05,24,,,,,
3773,0.0017963375430554152,24,,,,,
3774,0.011452204547822475,24,,,,,
3775,0.00036968899075873196,24,,,,,
3776,3.865205871989019e-05,24,,,,,
3777,0.04263952374458313,24,,,,,
3778,0.010503175668418407,24,,,,,
3779,0.0008738584001548588,24,,,,,
3780,0.01647903025150299,24,,,,,
3781,0.01873387210071087,24,,,,,
3782,0.00013516450417228043,24,,,,,
3783,0.0031690432224422693,24,,,,,
3784,0.024351691827178,24,,,,,
3785,0.0038783263880759478,24,,,,,
3786,0.009283579885959625,24,,,,,
3787,0.005700999405235052,24,,,,,
3788,0.023186754435300827,24,,,,,
3789,0.011281926184892654,24,,,,,
3790,6.626797403441742e-05,24,,,,,
3791,0.005260765552520752,24,,,,,
3792,0.0006113299750722945,24,,,,,
3793,0.003253072500228882,24,,,,,
3794,0.009828202426433563,24,,,,,
3795,0.00014341594942379743,24,,,,,
3796,0.0022264295257627964,24,,,,,
3797,0.009859615936875343,24,,,,,
3798,0.010128926485776901,24,,,,,
3799,0.0007026183302514255,24,,,,,
3800,9.163776849163696e-05,24,,,,,
3801,0.0009047408238984644,24,,,,,
3802,0.00047366227954626083,24,,,,,
3803,0.02118038386106491,24,,,,,
3804,4.931830335408449e-05,24,,,,,
3805,0.010369811207056046,24,,,,,
3806,0.015224054455757141,24,,,,,
3807,0.0009354515932500362,24,,,,,
3808,0.0232656542211771,24,,,,,
3809,0.005455957725644112,24,,,,,
3810,0.007877967320382595,24,,,,,
3811,0.015133940614759922,24,,,,,
3812,0.00035999828833155334,24,,,,,
3813,0.00010712476068874821,24,,,,,
3814,0.00011475228529889137,24,,,,,
3815,0.012468790635466576,24,,,,,
3816,0.0038127240259200335,24,,,,,
3817,0.0011063959682360291,24,,,,,
3818,0.01682516373693943,24,,,,,
3819,0.0029114994686096907,24,,,,,
3820,0.0006698663928546011,24,,,,,
3821,0.00016934114682953805,24,,,,,
3822,8.339767373399809e-05,24,,,,,
3823,0.013942071236670017,24,,,,,
3824,0.045102477073669434,24,,,,,
3825,6.937362923054025e-05,24,,,,,
3826,0.00033263652585446835,24,,,,,
3827,0.0029558551032096148,24,,,,,
3828,0.04268445074558258,24,,,,,
3829,0.00012242714001331478,24,,,,,
3830,0.00013221973495092243,24,,,,,
3831,0.01545984297990799,24,,,,,
3832,0.012258665636181831,24,,,,,
3833,0.011185231618583202,24,,,,,
3834,0.012206979095935822,24,,,,,
3835,0.026833411306142807,24,,,,,
3836,0.0025133336894214153,24,,,,,
3837,0.01565372571349144,24,,,,,
3838,0.0004742955497931689,24,,,,,
3839,0.0003163925721310079,24,,,,,
3840,0.007319532334804535,24,,,,,
3841,0.00015786333824507892,24,,,,,
3842,0.00029446498956531286,24,,,,,
3843,0.0027285218238830566,24,,,,,
3844,0.00130279955919832,24,,,,,
3845,0.002825218951329589,24,,,,,
3846,0.031157325953245163,24,,,,,
3847,0.009057365357875824,24,,,,,
3848,0.0023854917380958796,24,,,,,
3849,0.000518361572176218,24,,,,,
3850,0.008331467397511005,24,,,,,
3851,0.0003212747978977859,24,,,,,
3852,0.0029077851213514805,24,,,,,
3853,0.009329338558018208,24,,,,,
3854,0.0034844924230128527,24,,,,,
3855,1.813410381146241e-05,24,,,,,
3856,0.01287426520138979,24,,,,,
3857,0.0001483545929659158,24,,,,,
3858,5.1549191994126886e-05,24,,,,,
3859,0.011402003467082977,24,,,,,
3860,0.03422855585813522,24,,,,,
3861,0.004175042267888784,24,,,,,
3862,0.018584808334708214,24,,,,,
3863,2.5854666091618128e-05,24,,,,,
3864,0.00010271307110087946,24,,,,,
3865,0.011208065785467625,24,,,,,
3866,0.006249371916055679,24,,,,,
3867,0.0004985713167116046,24,,,,,
3868,0.016564441844820976,24,,,,,
3869,0.0011822679080069065,24,,,,,
3870,0.003610564861446619,24,,,,,
3871,0.0021807376760989428,24,,,,,
3872,0.00016206134750973433,24,,,,,
3873,0.013887153938412666,24,,,,,
3874,0.00010856230073841289,24,,,,,
3875,0.015708524733781815,24,,,,,
3876,0.0030615045689046383,24,,,,,
3877,0.024046113714575768,24,,,,,
3878,0.006957591976970434,24,,,,,
3879,0.00017305293295066804,24,,,,,
3880,9.318249794887379e-06,24,,,,,
3881,0.01940390095114708,24,,,,,
3882,0.005139995366334915,24,,,,,
3883,0.005648624151945114,24,,,,,
3884,4.748289939016104e-05,24,,,,,
3885,0.024931928142905235,24,,,,,
3886,0.0005779447383247316,24,,,,,
3887,0.0002103099977830425,24,,,,,
3888,0.01228571031242609,24,,,,,
3889,0.007059160154312849,24,,,,,
3890,0.003054893109947443,24,,,,,
3891,8.9258850493934e-05,24,,,,,
3892,0.01966141164302826,24,,,,,
3893,0.00641021179035306,24,,,,,
3894,0.005258890800178051,24,,,,,
3895,0.013430019840598106,24,,,,,
3896,0.020262600854039192,24,,,,,
3897,0.004034492187201977,24,,,,,
3898,0.0003688155848067254,24,,,,,
3899,0.005460947751998901,24,,,,,
3900,0.004885263741016388,24,,,,,
3901,0.0003258937504142523,24,,,,,
3902,0.007967879995703697,24,,,,,
3903,0.027033289894461632,24,,,,,
3904,0.005194488912820816,24,,,,,
3905,0.009320946410298347,24,,,,,
3906,0.0016774361720308661,24,,,,,
3907,0.005716552957892418,24,,,,,
3908,0.005221244879066944,24,,,,,
3909,0.003890323219820857,24,,,,,
3910,0.00040011786040849984,24,,,,,
3911,0.001115964725613594,24,,,,,
3912,0.032757312059402466,24,,,,,
3913,0.01241478230804205,24,,,,,
3914,0.0016112453304231167,24,,,,,
3915,0.00788899790495634,24,,,,,
3916,0.0023197524715214968,24,,,,,
3917,5.287420572130941e-05,24,,,,,
3918,0.02740481123328209,24,,,,,
3919,0.0038436218164861202,24,,,,,
3920,8.235986751969904e-05,24,,,,,
3921,0.0028449194505810738,24,,,,,
3922,0.014561530202627182,24,,,,,
3923,0.0016663847491145134,24,,,,,
3924,0.000254293525358662,24,,,,,
480,,,0.0019874582067131996,,,,
481,,,2.098965836694333e-07,,,,
482,,,1.3308503810094408e-07,,,,
483,,,0.019688867032527924,,,,
484,,,6.277002171373169e-07,,,,
485,,,0.08309558779001236,,,,
486,,,0.004485705401748419,,,,
487,,,2.2335578364618414e-07,,,,
488,,,0.0022564707323908806,,,,
489,,,2.775003054011904e-07,,,,
490,,,5.048952402830764e-07,,,,
491,,,8.833695375187745e-08,,,,
492,,,2.132099723439751e-07,,,,
493,,,7.588042763018166e-07,,,,
494,,,0.006538409274071455,,,,
495,,,0.011558417230844498,,,,
496,,,0.0028024434577673674,,,,
497,,,4.2479101125536545e-07,,,,
498,,,0.0025701115373522043,,,,
499,,,1.8626336384386377e-07,,,,
3924,,24,,0.006922411732375622,,,
3924,,24,,,0.9624999761581421,0.007527927402406931,0.9937499761581421
3925,0.018620263785123825,25,,,,,
3926,0.000731187523342669,25,,,,,
3927,0.018998680636286736,25,,,,,
3928,0.01909300871193409,25,,,,,
3929,0.030659625306725502,25,,,,,
3930,0.00031507102539762855,25,,,,,
3931,0.0002841735549736768,25,,,,,
3932,0.00019408029038459063,25,,,,,
3933,0.006666642148047686,25,,,,,
3934,2.309877163497731e-05,25,,,,,
3935,0.0004143077239859849,25,,,,,
3936,0.0032405259553343058,25,,,,,
3937,6.307433068286628e-05,25,,,,,
3938,0.0051371855661273,25,,,,,
3939,0.0010883620707318187,25,,,,,
3940,0.0009496532729826868,25,,,,,
3941,0.006685793865472078,25,,,,,
3942,0.002819538116455078,25,,,,,
3943,5.676290311384946e-05,25,,,,,
3944,0.014299937523901463,25,,,,,
3945,0.007674397900700569,25,,,,,
3946,0.00035084254341199994,25,,,,,
3947,0.005617301911115646,25,,,,,
3948,0.00910291075706482,25,,,,,
3949,0.0001423696958227083,25,,,,,
3950,6.397611286956817e-05,25,,,,,
3951,0.0029417979530990124,25,,,,,
3952,0.00013831621618010104,25,,,,,
3953,0.0010482106590643525,25,,,,,
3954,0.004479952156543732,25,,,,,
3955,0.002130478387698531,25,,,,,
3956,0.0007113803876563907,25,,,,,
3957,0.0008501667762175202,25,,,,,
3958,1.7710857719066553e-05,25,,,,,
3959,0.001486963126808405,25,,,,,
3960,5.871651228517294e-05,25,,,,,
3961,0.023068943992257118,25,,,,,
3962,0.01131794136017561,25,,,,,
3963,0.0011678312439471483,25,,,,,
3964,0.04797521233558655,25,,,,,
3965,0.012513512745499611,25,,,,,
3966,0.007041208446025848,25,,,,,
3967,0.00534840440377593,25,,,,,
3968,0.014321600086987019,25,,,,,
3969,0.003681746544316411,25,,,,,
3970,6.951337127247825e-05,25,,,,,
3971,0.019785873591899872,25,,,,,
3972,0.018428703770041466,25,,,,,
3973,0.0310877226293087,25,,,,,
3974,1.4608552191930357e-05,25,,,,,
3975,6.218320777406916e-05,25,,,,,
3976,0.0017084894934669137,25,,,,,
3977,2.3702019461779855e-05,25,,,,,
3978,0.007416095118969679,25,,,,,
3979,0.0052914489060640335,25,,,,,
3980,0.0016475972952321172,25,,,,,
3981,0.02509979158639908,25,,,,,
3982,0.00034339609555900097,25,,,,,
3983,2.0257701180526055e-05,25,,,,,
3984,2.35109528148314e-05,25,,,,,
3985,4.018669278593734e-05,25,,,,,
3986,0.013818256556987762,25,,,,,
3987,0.017295468598604202,25,,,,,
3988,0.010324523784220219,25,,,,,
3989,0.00028458991437219083,25,,,,,
3990,0.041505828499794006,25,,,,,
3991,0.0030970268417149782,25,,,,,
3992,0.0018589039100334048,25,,,,,
3993,4.454694135347381e-05,25,,,,,
3994,0.010867384262382984,25,,,,,
3995,0.015200143679976463,25,,,,,
3996,0.004804460797458887,25,,,,,
3997,0.015730123966932297,25,,,,,
3998,0.03034942038357258,25,,,,,
3999,0.003559040604159236,25,,,,,
4000,0.007082017604261637,25,,,,,
4001,0.03855343163013458,25,,,,,
4002,0.012305304408073425,25,,,,,
4003,0.00016363179020117968,25,,,,,
4004,0.0026069243904203176,25,,,,,
4005,0.0008409447618760169,25,,,,,
4006,0.002408592263236642,25,,,,,
4007,0.005895855370908976,25,,,,,
4008,0.01028929278254509,25,,,,,
4009,0.001971328863874078,25,,,,,
4010,0.002748732687905431,25,,,,,
4011,0.020553484559059143,25,,,,,
4012,0.01577802188694477,25,,,,,
4013,0.011667984537780285,25,,,,,
4014,0.023402104154229164,25,,,,,
4015,0.00014424286200664937,25,,,,,
4016,0.0037754185032099485,25,,,,,
4017,6.02637737756595e-05,25,,,,,
4018,0.00014371976430993527,25,,,,,
4019,9.401157149113715e-05,25,,,,,
4020,0.0012975260615348816,25,,,,,
4021,8.012030593818054e-05,25,,,,,
4022,0.0016234234208241105,25,,,,,
4023,0.00032653025118634105,25,,,,,
4024,0.0043095434084534645,25,,,,,
4025,0.030058104544878006,25,,,,,
4026,7.712619117228314e-05,25,,,,,
4027,0.00989610143005848,25,,,,,
4028,0.003396289423108101,25,,,,,
4029,0.008060929365456104,25,,,,,
4030,0.0027086858171969652,25,,,,,
4031,5.8533099945634604e-05,25,,,,,
4032,0.0071495287120342255,25,,,,,
4033,0.0013357492862269282,25,,,,,
4034,0.01487366296350956,25,,,,,
4035,0.014218294061720371,25,,,,,
4036,0.00026830181013792753,25,,,,,
4037,0.004399532452225685,25,,,,,
4038,0.00011502302368171513,25,,,,,
4039,0.00429921131581068,25,,,,,
4040,0.000406053033657372,25,,,,,
4041,0.0021930080838501453,25,,,,,
4042,0.017154602333903313,25,,,,,
4043,0.020024346187710762,25,,,,,
4044,0.0027891122736036777,25,,,,,
4045,0.01381110679358244,25,,,,,
4046,0.005235747434198856,25,,,,,
4047,0.00025123299565166235,25,,,,,
4048,6.393851799657568e-05,25,,,,,
4049,0.0001361595932394266,25,,,,,
4050,0.0030152907129377127,25,,,,,
4051,4.7625428123865277e-05,25,,,,,
4052,0.02604793570935726,25,,,,,
4053,0.006507779937237501,25,,,,,
4054,0.00011909459135495126,25,,,,,
4055,0.015834854915738106,25,,,,,
4056,0.009170749224722385,25,,,,,
4057,0.0006190137355588377,25,,,,,
4058,0.0003472504031378776,25,,,,,
4059,0.011404113844037056,25,,,,,
4060,0.01904599368572235,25,,,,,
4061,0.0028491290286183357,25,,,,,
4062,9.709975711302832e-05,25,,,,,
4063,0.0036271309945732355,25,,,,,
4064,5.224494088906795e-05,25,,,,,
4065,0.006191209889948368,25,,,,,
4066,0.0008812521118670702,25,,,,,
4067,3.17707090289332e-05,25,,,,,
4068,0.0019869250245392323,25,,,,,
4069,0.005754518788307905,25,,,,,
4070,0.008586226962506771,25,,,,,
4071,0.009809711948037148,25,,,,,
4072,0.002213425002992153,25,,,,,
4073,0.012804662808775902,25,,,,,
4074,0.005838451441377401,25,,,,,
4075,0.00021812220802530646,25,,,,,
4076,0.0320090651512146,25,,,,,
4077,0.006047912407666445,25,,,,,
4078,2.9292868930497207e-05,25,,,,,
4079,0.001509918482042849,25,,,,,
4080,0.0005944350850768387,25,,,,,
4081,1.5777839507791214e-05,25,,,,,
500,,,0.0027672986034303904,,,,
501,,,2.9620366603921866e-06,,,,
502,,,1.3446447155729402e-06,,,,
503,,,0.018568243831396103,,,,
504,,,0.00011415397602831945,,,,
505,,,0.08031345903873444,,,,
506,,,0.005716561805456877,,,,
507,,,7.0838323154021055e-06,,,,
508,,,0.003161039436236024,,,,
509,,,1.6779689758550376e-05,,,,
510,,,2.321828787898994e-06,,,,
511,,,3.222058694518637e-06,,,,
512,,,6.369016318785725e-07,,,,
513,,,2.37003246184031e-06,,,,
514,,,0.006856848020106554,,,,
515,,,0.013021180406212807,,,,
516,,,0.0021021210122853518,,,,
517,,,1.5723393289590604e-06,,,,
518,,,0.0019580014050006866,,,,
519,,,3.612935188357369e-06,,,,
4081,,25,,0.006903538946062326,,,
4081,,25,,,0.887499988079071,0.0070146857760846615,0.9375
4082,0.0011402425589039922,26,,,,,
4083,0.00018368080782238394,26,,,,,
4084,0.00016257942479569465,26,,,,,
4085,0.0001870615960797295,26,,,,,
4086,0.005074930842965841,26,,,,,
4087,0.009388645179569721,26,,,,,
4088,0.0029423139058053493,26,,,,,
4089,0.00147242343518883,26,,,,,
4090,0.005811041686683893,26,,,,,
4091,0.021837923675775528,26,,,,,
4092,0.0056348335929214954,26,,,,,
4093,0.00011975392408203334,26,,,,,
4094,5.671231701853685e-05,26,,,,,
4095,0.005332388449460268,26,,,,,
4096,9.339322423329577e-05,26,,,,,
4097,0.021262673661112785,26,,,,,
4098,0.01561724953353405,26,,,,,
4099,9.937476716004312e-05,26,,,,,
4100,6.927976210135967e-05,26,,,,,
4101,0.0015248263953253627,26,,,,,
4102,0.010300622321665287,26,,,,,
4103,0.001524491934105754,26,,,,,
4104,0.0070650591515004635,26,,,,,
4105,0.006527147721499205,26,,,,,
4106,0.00012842193245887756,26,,,,,
4107,2.0933335690642707e-05,26,,,,,
4108,5.9444002545205876e-05,26,,,,,
4109,0.0071826535277068615,26,,,,,
4110,0.0024766046553850174,26,,,,,
4111,0.005622468888759613,26,,,,,
4112,0.00010791949171107262,26,,,,,
4113,1.678461740084458e-05,26,,,,,
4114,0.005398427601903677,26,,,,,
4115,0.013670124113559723,26,,,,,
4116,2.4231047063949518e-05,26,,,,,
4117,2.483166281308513e-05,26,,,,,
4118,0.0014956193044781685,26,,,,,
4119,0.003023736411705613,26,,,,,
4120,0.0185325276106596,26,,,,,
4121,2.7236445021117106e-05,26,,,,,
4122,0.023765750229358673,26,,,,,
4123,0.0002700820623431355,26,,,,,
4124,5.983302617096342e-05,26,,,,,
4125,0.003770348848775029,26,,,,,
4126,0.010544233955442905,26,,,,,
4127,4.5883876737207174e-05,26,,,,,
4128,0.020776590332388878,26,,,,,
4129,0.0031515040900558233,26,,,,,
4130,0.010258452035486698,26,,,,,
4131,0.006753408815711737,26,,,,,
4132,0.0002210875682067126,26,,,,,
4133,0.0003294465714134276,26,,,,,
4134,0.004082362167537212,26,,,,,
4135,0.011388856917619705,26,,,,,
4136,0.009721092879772186,26,,,,,
4137,1.4968644791224506e-05,26,,,,,
4138,0.023214243352413177,26,,,,,
4139,0.026472153142094612,26,,,,,
4140,0.011711661703884602,26,,,,,
4141,0.0018111740937456489,26,,,,,
4142,0.00022862160403747112,26,,,,,
4143,0.031300272792577744,26,,,,,
4144,0.004815750755369663,26,,,,,
4145,0.0014674729900434613,26,,,,,
4146,7.446125528076664e-05,26,,,,,
4147,0.03611084446310997,26,,,,,
4148,0.0037234309129416943,26,,,,,
4149,0.020639901980757713,26,,,,,
4150,0.00015272792370524257,26,,,,,
4151,0.0032025622203946114,26,,,,,
4152,0.0013941476354375482,26,,,,,
4153,0.019712937995791435,26,,,,,
4154,0.009796304628252983,26,,,,,
4155,4.204502693028189e-05,26,,,,,
4156,0.0010893846629187465,26,,,,,
4157,0.007786219473928213,26,,,,,
4158,0.001478183432482183,26,,,,,
4159,0.003176021156832576,26,,,,,
4160,0.02810932882130146,26,,,,,
4161,0.016002045944333076,26,,,,,
4162,0.004632432013750076,26,,,,,
4163,0.011958548799157143,26,,,,,
4164,0.04043898358941078,26,,,,,
4165,0.011801887303590775,26,,,,,
4166,0.0030121926683932543,26,,,,,
4167,0.005106753669679165,26,,,,,
4168,0.01690836250782013,26,,,,,
4169,0.0064672078005969524,26,,,,,
4170,4.755836198455654e-05,26,,,,,
4171,0.0005588566418737173,26,,,,,
4172,0.029183508828282356,26,,,,,
4173,0.005715592298656702,26,,,,,
4174,0.003151736920699477,26,,,,,
4175,0.007837875746190548,26,,,,,
4176,0.01045074500143528,26,,,,,
4177,7.359297887887806e-05,26,,,,,
4178,0.01302778534591198,26,,,,,
4179,0.0029279703740030527,26,,,,,
4180,0.000302058964734897,26,,,,,
4181,5.157571649760939e-05,26,,,,,
4182,0.0011168018681928515,26,,,,,
4183,0.008970553986728191,26,,,,,
4184,0.014916744083166122,26,,,,,
4185,0.00014115306839812547,26,,,,,
4186,0.021292824298143387,26,,,,,
4187,0.019519835710525513,26,,,,,
4188,0.007078933529555798,26,,,,,
4189,0.005806651432067156,26,,,,,
4190,0.0022564753890037537,26,,,,,
4191,1.0327160453016404e-05,26,,,,,
4192,0.0042630876414477825,26,,,,,
4193,0.006624617148190737,26,,,,,
4194,0.0036777188070118427,26,,,,,
4195,0.00022197014186531305,26,,,,,
4196,0.02029460109770298,26,,,,,
4197,0.0034766150638461113,26,,,,,
4198,2.8798487619496882e-05,26,,,,,
4199,0.004539396148175001,26,,,,,
4200,0.0009608034742996097,26,,,,,
4201,0.002242600079625845,26,,,,,
4202,0.011937547475099564,26,,,,,
4203,0.00028829113580286503,26,,,,,
4204,0.0025103739462792873,26,,,,,
4205,0.017208103090524673,26,,,,,
4206,0.010299147106707096,26,,,,,
4207,3.2505518902326e-05,26,,,,,
4208,0.027386780828237534,26,,,,,
4209,0.004069262649863958,26,,,,,
4210,0.016439450904726982,26,,,,,
4211,6.323031266219914e-05,26,,,,,
4212,0.005819150246679783,26,,,,,
4213,0.00014467950677499175,26,,,,,
4214,0.005486094858497381,26,,,,,
4215,7.590145105496049e-05,26,,,,,
4216,1.5291105228243396e-05,26,,,,,
4217,0.007537374272942543,26,,,,,
4218,3.23457206832245e-05,26,,,,,
4219,0.00032665100297890604,26,,,,,
4220,0.009569154120981693,26,,,,,
4221,3.0900311685400084e-05,26,,,,,
4222,0.005188354756683111,26,,,,,
4223,3.0161887480062433e-05,26,,,,,
4224,0.0030082452576607466,26,,,,,
4225,0.00606944877654314,26,,,,,
4226,7.739570719422773e-06,26,,,,,
4227,0.004000707995146513,26,,,,,
4228,0.0001157392471213825,26,,,,,
4229,0.016749577596783638,26,,,,,
4230,0.007619199343025684,26,,,,,
4231,0.0018613353604450822,26,,,,,
4232,0.01477106288075447,26,,,,,
4233,0.015606756322085857,26,,,,,
4234,0.0005184420733712614,26,,,,,
4235,0.006025055889040232,26,,,,,
4236,0.0028735650703310966,26,,,,,
4237,4.450206324690953e-05,26,,,,,
4238,1.549505759612657e-05,26,,,,,
520,,,0.00400199182331562,,,,
521,,,8.812487095610777e-08,,,,
522,,,1.8259723333358124e-07,,,,
523,,,0.01746669039130211,,,,
524,,,3.3868357718347397e-07,,,,
525,,,0.07820705324411392,,,,
526,,,0.0098195131868124,,,,
527,,,1.5509975526128983e-07,,,,
528,,,0.006057730410248041,,,,
529,,,1.4331045861126768e-07,,,,
530,,,2.712133664317662e-07,,,,
531,,,4.401568531875455e-08,,,,
532,,,2.4909379447990432e-08,,,,
533,,,1.37153875812146e-07,,,,
534,,,0.009053998626768589,,,,
535,,,0.012655431404709816,,,,
536,,,0.003015426453202963,,,,
537,,,8.624689371572458e-07,,,,
538,,,0.002840691478922963,,,,
539,,,3.3526760034874314e-07,,,,
4238,,26,,0.0073395357467234135,,,
4238,,26,,,0.9437500238418579,0.006675858981907368,0.987500011920929
4239,0.01774403639137745,27,,,,,
4240,5.254681673250161e-05,27,,,,,
4241,0.036681074649095535,27,,,,,
4242,0.028010321781039238,27,,,,,
4243,0.04954878240823746,27,,,,,
4244,0.00055498635629192,27,,,,,
4245,0.004931806121021509,27,,,,,
4246,0.0047736200504004955,27,,,,,
4247,0.0007672043284401298,27,,,,,
4248,0.00982800405472517,27,,,,,
4249,0.01691904477775097,27,,,,,
4250,0.006586262956261635,27,,,,,
4251,0.026974854990839958,27,,,,,
4252,0.00031332168146036565,27,,,,,
4253,0.00012626507668755949,27,,,,,
4254,0.0005282682832330465,27,,,,,
4255,0.003235885174944997,27,,,,,
4256,0.00018471530347596854,27,,,,,
4257,0.0008663688786327839,27,,,,,
4258,0.017204176634550095,27,,,,,
4259,0.012027157470583916,27,,,,,
4260,0.0008226666250266135,27,,,,,
4261,0.0004611251933965832,27,,,,,
4262,0.006024627946317196,27,,,,,
4263,0.00024184980429708958,27,,,,,
4264,0.0005636263522319496,27,,,,,
4265,0.00016289655468426645,27,,,,,
4266,0.005571645684540272,27,,,,,
4267,0.002203465672209859,27,,,,,
4268,0.0038512633182108402,27,,,,,
4269,0.0025006632786244154,27,,,,,
4270,0.0010850827675312757,27,,,,,
4271,0.0002488202881067991,27,,,,,
4272,6.729417509632185e-05,27,,,,,
4273,0.0003570685803424567,27,,,,,
4274,0.0007794067496433854,27,,,,,
4275,0.0072538359090685844,27,,,,,
4276,0.0009168246760964394,27,,,,,
4277,0.0027384923305362463,27,,,,,
4278,0.0001536280324216932,27,,,,,
4279,0.0019093899754807353,27,,,,,
4280,0.0020492763724178076,27,,,,,
4281,0.00366468564607203,27,,,,,
4282,0.001586117665283382,27,,,,,
4283,0.002850485732778907,27,,,,,
4284,0.0002542262081988156,27,,,,,
4285,0.03809702396392822,27,,,,,
4286,0.020784717053174973,27,,,,,
4287,0.005747832823544741,27,,,,,
4288,0.02228131704032421,27,,,,,
4289,0.004410456866025925,27,,,,,
4290,0.02593538537621498,27,,,,,
4291,0.0134650319814682,27,,,,,
4292,0.0043052989058196545,27,,,,,
4293,1.925692049553618e-05,27,,,,,
4294,0.003961033653467894,27,,,,,
4295,9.646711987443268e-05,27,,,,,
4296,0.0062547302804887295,27,,,,,
4297,0.003399851731956005,27,,,,,
4298,0.013675288297235966,27,,,,,
4299,0.00753413699567318,27,,,,,
4300,3.996038867626339e-05,27,,,,,
4301,1.3390849744610023e-05,27,,,,,
4302,6.724100967403501e-05,27,,,,,
4303,0.00024129280063789338,27,,,,,
4304,0.018154194578528404,27,,,,,
4305,4.005264418083243e-05,27,,,,,
4306,0.007909741252660751,27,,,,,
4307,4.444529258762486e-05,27,,,,,
4308,0.0001434107980458066,27,,,,,
4309,0.008875301107764244,27,,,,,
4310,2.8616039344342425e-05,27,,,,,
4311,3.66415515600238e-05,27,,,,,
4312,0.0018131359247490764,27,,,,,
4313,0.0028005046769976616,27,,,,,
4314,0.004687161184847355,27,,,,,
4315,0.0003132226993329823,27,,,,,
4316,8.121376595227048e-05,27,,,,,
4317,6.849434612377081e-06,27,,,,,
4318,0.01938125304877758,27,,,,,
4319,0.0004678221885114908,27,,,,,
4320,0.010761650279164314,27,,,,,
4321,0.043100498616695404,27,,,,,
4322,0.02541227824985981,27,,,,,
4323,0.006171477027237415,27,,,,,
4324,2.1983862097840756e-05,27,,,,,
4325,0.011446910910308361,27,,,,,
4326,5.1292459829710424e-05,27,,,,,
4327,0.0014375452883541584,27,,,,,
4328,0.033164132386446,27,,,,,
4329,4.0684393752599135e-05,27,,,,,
4330,2.8943910365342163e-05,27,,,,,
4331,0.0004054582677781582,27,,,,,
4332,0.021160418167710304,27,,,,,
4333,0.00026249271468259394,27,,,,,
4334,0.00013448524987325072,27,,,,,
4335,0.00017731224943418056,27,,,,,
4336,0.006426072679460049,27,,,,,
4337,0.0034714804496616125,27,,,,,
4338,0.00039123339229263365,27,,,,,
4339,1.571367283759173e-05,27,,,,,
4340,0.0007327931234613061,27,,,,,
4341,0.009035840630531311,27,,,,,
4342,0.0006349292234517634,27,,,,,
4343,0.0002800069050863385,27,,,,,
4344,0.006027039140462875,27,,,,,
4345,0.005159012507647276,27,,,,,
4346,0.025361035019159317,27,,,,,
4347,0.006089798174798489,27,,,,,
4348,0.0005072645144537091,27,,,,,
4349,6.247207784326747e-05,27,,,,,
4350,0.006913117133080959,27,,,,,
4351,0.01616518571972847,27,,,,,
4352,2.6415620595798828e-05,27,,,,,
4353,0.012011837214231491,27,,,,,
4354,0.004362459294497967,27,,,,,
4355,0.006102770566940308,27,,,,,
4356,4.7132987674558535e-05,27,,,,,
4357,0.0041303797625005245,27,,,,,
4358,0.009163622744381428,27,,,,,
4359,3.191792347934097e-05,27,,,,,
4360,0.0043291570618748665,27,,,,,
4361,0.0017345767701044679,27,,,,,
4362,0.0023610121570527554,27,,,,,
4363,0.0015090639935806394,27,,,,,
4364,5.163817695574835e-05,27,,,,,
4365,8.673651609569788e-05,27,,,,,
4366,0.003070409409701824,27,,,,,
4367,0.030397042632102966,27,,,,,
4368,2.30398236453766e-05,27,,,,,
4369,5.883616177015938e-05,27,,,,,
4370,0.009686149656772614,27,,,,,
4371,0.005942412652075291,27,,,,,
4372,0.004324065521359444,27,,,,,
4373,0.0031944469083100557,27,,,,,
4374,0.0007196071674115956,27,,,,,
4375,0.0009337181691080332,27,,,,,
4376,0.003912424668669701,27,,,,,
4377,0.0038958804216235876,27,,,,,
4378,5.964536831015721e-05,27,,,,,
4379,0.0007074705208651721,27,,,,,
4380,4.903369244857458e-06,27,,,,,
4381,0.003702479414641857,27,,,,,
4382,0.019302140921354294,27,,,,,
4383,0.0002137164119631052,27,,,,,
4384,0.009301246143877506,27,,,,,
4385,0.0032931354362517595,27,,,,,
4386,0.005285634193569422,27,,,,,
4387,0.00024327060964424163,27,,,,,
4388,0.008058862760663033,27,,,,,
4389,9.987898374674842e-05,27,,,,,
4390,0.01008356362581253,27,,,,,
4391,7.435981387970969e-06,27,,,,,
4392,3.210143040632829e-05,27,,,,,
4393,0.002007934730499983,27,,,,,
4394,0.020463915541768074,27,,,,,
4395,0.0034039607271552086,27,,,,,
540,,,0.002003637608140707,,,,
541,,,1.377956149184456e-08,,,,
542,,,1.135326233026035e-08,,,,
543,,,0.018076900392770767,,,,
544,,,9.033781367406846e-08,,,,
545,,,0.0735437273979187,,,,
546,,,0.004829071927815676,,,,
547,,,1.6663657120830067e-08,,,,
548,,,0.002837566426023841,,,,
549,,,2.8010868291517e-08,,,,
550,,,8.01031347918979e-08,,,,
551,,,6.418960474263713e-09,,,,
552,,,2.490932082821473e-08,,,,
553,,,6.216802006520084e-08,,,,
554,,,0.0067385598085820675,,,,
555,,,0.018774429336190224,,,,
556,,,0.0023865769617259502,,,,
557,,,6.086593629106574e-08,,,,
558,,,0.0017907143337652087,,,,
559,,,1.9247305971248352e-08,,,,
4395,,27,,0.0067170048132538795,,,
4395,,27,,,0.925000011920929,0.006127904634922743,0.9750000238418579
4396,0.001303939032368362,28,,,,,
4397,0.019847888499498367,28,,,,,
4398,0.010143212042748928,28,,,,,
4399,8.253910891653504e-06,28,,,,,
4400,0.0011702716583386064,28,,,,,
4401,0.012101758271455765,28,,,,,
4402,3.685025512822904e-05,28,,,,,
4403,0.00018387353338766843,28,,,,,
4404,0.00261671538464725,28,,,,,
4405,0.0029952742625027895,28,,,,,
4406,0.0052329604513943195,28,,,,,
4407,0.02057012729346752,28,,,,,
4408,0.008666660636663437,28,,,,,
4409,0.016304485499858856,28,,,,,
4410,0.0016067496035248041,28,,,,,
4411,0.00435491232201457,28,,,,,
4412,0.00025525601813569665,28,,,,,
4413,0.009975499473512173,28,,,,,
4414,0.002242221962660551,28,,,,,
4415,2.4608869352960028e-05,28,,,,,
4416,0.0026423034723848104,28,,,,,
4417,3.391657446627505e-05,28,,,,,
4418,0.008753732778131962,28,,,,,
4419,0.003297946183010936,28,,,,,
4420,0.013110489584505558,28,,,,,
4421,0.004255455918610096,28,,,,,
4422,0.00040328281465917826,28,,,,,
4423,3.835458483081311e-05,28,,,,,
4424,0.0006248229765333235,28,,,,,
4425,0.015167804434895515,28,,,,,
4426,0.015426048077642918,28,,,,,
4427,1.912389780045487e-05,28,,,,,
4428,0.0012977694859728217,28,,,,,
4429,1.3337828022486065e-05,28,,,,,
4430,0.006103845313191414,28,,,,,
4431,0.0020547041203826666,28,,,,,
4432,0.004841089714318514,28,,,,,
4433,0.018582921475172043,28,,,,,
4434,0.012136717326939106,28,,,,,
4435,0.00018937363347504288,28,,,,,
4436,1.2945191883773077e-05,28,,,,,
4437,0.004546336364001036,28,,,,,
4438,4.420348432176979e-06,28,,,,,
4439,0.012613513506948948,28,,,,,
4440,0.004002198576927185,28,,,,,
4441,0.0010730150388553739,28,,,,,
4442,0.011550726369023323,28,,,,,
4443,0.008913865312933922,28,,,,,
4444,0.0015722529496997595,28,,,,,
4445,1.3630334251502063e-05,28,,,,,
4446,8.5781495727133e-05,28,,,,,
4447,8.44991736812517e-05,28,,,,,
4448,0.00011495716898934916,28,,,,,
4449,0.0001482786756241694,28,,,,,
4450,5.613812027149834e-05,28,,,,,
4451,0.022074442356824875,28,,,,,
4452,0.00943202804774046,28,,,,,
4453,0.0009065141784958541,28,,,,,
4454,0.004423733334988356,28,,,,,
4455,0.0009502469911240041,28,,,,,
4456,0.01080482080578804,28,,,,,
4457,0.0002567240735515952,28,,,,,
4458,8.450474524579477e-06,28,,,,,
4459,0.007570663932710886,28,,,,,
4460,0.00914075318723917,28,,,,,
4461,0.0008394871838390827,28,,,,,
4462,0.0010294778039678931,28,,,,,
4463,3.1956318707671016e-05,28,,,,,
4464,0.00011183914466528222,28,,,,,
4465,0.003543039783835411,28,,,,,
4466,0.003607529681175947,28,,,,,
4467,9.831541319726966e-06,28,,,,,
4468,0.004444899503141642,28,,,,,
4469,8.436688949586824e-05,28,,,,,
4470,0.004281557630747557,28,,,,,
4471,0.0038786621298640966,28,,,,,
4472,0.037161003798246384,28,,,,,
4473,0.022489380091428757,28,,,,,
4474,8.390188304474577e-05,28,,,,,
4475,0.029261916875839233,28,,,,,
4476,0.003086082637310028,28,,,,,
4477,0.003993125166743994,28,,,,,
4478,2.6674510081647895e-05,28,,,,,
4479,6.13742959103547e-05,28,,,,,
4480,0.002241598442196846,28,,,,,
4481,2.8664368073805235e-05,28,,,,,
4482,0.009388997219502926,28,,,,,
4483,0.02381008490920067,28,,,,,
4484,0.0068352110683918,28,,,,,
4485,0.0025895792059600353,28,,,,,
4486,0.0006256931810639799,28,,,,,
4487,0.008078137412667274,28,,,,,
4488,0.0027968105860054493,28,,,,,
4489,0.017176222056150436,28,,,,,
4490,0.00273462594486773,28,,,,,
4491,5.2577885071514174e-05,28,,,,,
4492,0.002714951755478978,28,,,,,
4493,6.006317926221527e-05,28,,,,,
4494,0.00046782055869698524,28,,,,,
4495,0.019081419333815575,28,,,,,
4496,2.277851126564201e-05,28,,,,,
4497,0.02418949082493782,28,,,,,
4498,0.00016096234321594238,28,,,,,
4499,6.262299575610086e-05,28,,,,,
4500,9.246796980733052e-05,28,,,,,
4501,0.009040728211402893,28,,,,,
4502,0.010510971769690514,28,,,,,
4503,0.0008692870032973588,28,,,,,
4504,0.010232322849333286,28,,,,,
4505,0.002837555482983589,28,,,,,
4506,0.002789577702060342,28,,,,,
4507,0.00023888943542260677,28,,,,,
4508,0.004568916279822588,28,,,,,
4509,0.0013362811878323555,28,,,,,
4510,0.008059817366302013,28,,,,,
4511,0.02061242237687111,28,,,,,
4512,0.021039526909589767,28,,,,,
4513,0.004661403596401215,28,,,,,
4514,0.0028136703185737133,28,,,,,
4515,0.002750007901340723,28,,,,,
4516,0.0026012032758444548,28,,,,,
4517,0.012884835712611675,28,,,,,
4518,0.005282341502606869,28,,,,,
4519,0.024118155241012573,28,,,,,
4520,3.6184901546221226e-05,28,,,,,
4521,0.019914397969841957,28,,,,,
4522,0.003770806360989809,28,,,,,
4523,0.0015697713242843747,28,,,,,
4524,0.00011099268158432096,28,,,,,
4525,0.0017209883080795407,28,,,,,
4526,0.003045543096959591,28,,,,,
4527,0.0025607880670577288,28,,,,,
4528,4.1155471990350634e-05,28,,,,,
4529,0.06859725713729858,28,,,,,
4530,0.013149791397154331,28,,,,,
4531,0.004531875252723694,28,,,,,
4532,0.04937583580613136,28,,,,,
4533,0.004321282263845205,28,,,,,
4534,0.004658157471567392,28,,,,,
4535,0.012602443806827068,28,,,,,
4536,0.010855980217456818,28,,,,,
4537,0.0035284534096717834,28,,,,,
4538,7.824665954103693e-05,28,,,,,
4539,0.0001048202975653112,28,,,,,
4540,0.0008348770788870752,28,,,,,
4541,0.003553234040737152,28,,,,,
4542,0.00041141369729302824,28,,,,,
4543,0.0009466224000789225,28,,,,,
4544,0.017617875710129738,28,,,,,
4545,0.0012151070404797792,28,,,,,
4546,0.004933313932269812,28,,,,,
4547,0.0006140596815384924,28,,,,,
4548,0.0006384747684933245,28,,,,,
4549,0.009820424020290375,28,,,,,
4550,0.0012720375088974833,28,,,,,
4551,0.00032475628540851176,28,,,,,
4552,0.009752483107149601,28,,,,,
560,,,0.0009203603258356452,,,,
561,,,4.115458978048991e-06,,,,
562,,,3.962922164646443e-06,,,,
563,,,0.014332648366689682,,,,
564,,,7.96095537225483e-06,,,,
565,,,0.09516897797584534,,,,
566,,,0.003149657044559717,,,,
567,,,6.285722520260606e-06,,,,
568,,,0.00191281468141824,,,,
569,,,2.2115782485343516e-06,,,,
570,,,1.8296848793397658e-05,,,,
571,,,2.6705131404014537e-06,,,,
572,,,4.987566626368789e-07,,,,
573,,,5.5665614127065055e-06,,,,
574,,,0.006517911795526743,,,,
575,,,0.016944194212555885,,,,
576,,,0.004062531515955925,,,,
577,,,8.623187568446156e-06,,,,
578,,,0.002905715024098754,,,,
579,,,1.340404992333788e-06,,,,
4552,,28,,0.00748593220487237,,,
4552,,28,,,0.9624999761581421,0.006256315857172012,1.0
4553,0.0014799274504184723,29,,,,,
4554,0.004898624029010534,29,,,,,
4555,0.012740805745124817,29,,,,,
4556,0.00039099942659959197,29,,,,,
4557,0.01090853102505207,29,,,,,
4558,0.013233893550932407,29,,,,,
4559,0.0028076067101210356,29,,,,,
4560,0.0010304161114618182,29,,,,,
4561,0.024441203102469444,29,,,,,
4562,0.005123746581375599,29,,,,,
4563,0.0004389216483104974,29,,,,,
4564,0.003418984357267618,29,,,,,
4565,0.003696403931826353,29,,,,,
4566,0.006512204185128212,29,,,,,
4567,0.00024506045156158507,29,,,,,
4568,0.007576764095574617,29,,,,,
4569,0.0021047191694378853,29,,,,,
4570,0.0009193247533403337,29,,,,,
4571,0.015202800743281841,29,,,,,
4572,0.002057168632745743,29,,,,,
4573,0.010313499718904495,29,,,,,
4574,0.0002549205091781914,29,,,,,
4575,0.013314452953636646,29,,,,,
4576,0.024858783930540085,29,,,,,
4577,0.003317100228741765,29,,,,,
4578,0.0008485519210807979,29,,,,,
4579,7.351336535066366e-05,29,,,,,
4580,0.00042948921327479184,29,,,,,
4581,3.775581353693269e-05,29,,,,,
4582,0.014507696032524109,29,,,,,
4583,0.0029527447186410427,29,,,,,
4584,3.098986780969426e-05,29,,,,,
4585,0.01337787788361311,29,,,,,
4586,0.020083816722035408,29,,,,,
4587,0.00028256303630769253,29,,,,,
4588,0.0032057662028819323,29,,,,,
4589,2.8636808565352112e-05,29,,,,,
4590,8.927164890337735e-05,29,,,,,
4591,0.008771060965955257,29,,,,,
4592,0.013900370337069035,29,,,,,
4593,0.011576162651181221,29,,,,,
4594,0.005134216975420713,29,,,,,
4595,3.875968468491919e-05,29,,,,,
4596,2.0524208593997173e-05,29,,,,,
4597,2.759639210125897e-05,29,,,,,
4598,5.650969978887588e-05,29,,,,,
4599,0.00010710211790865287,29,,,,,
4600,3.151988858007826e-05,29,,,,,
4601,0.0016910956474021077,29,,,,,
4602,0.0001661458081798628,29,,,,,
4603,0.009123721159994602,29,,,,,
4604,1.9582128516049124e-05,29,,,,,
4605,0.0040413495153188705,29,,,,,
4606,0.0025016507133841515,29,,,,,
4607,0.014931848272681236,29,,,,,
4608,7.359121082117781e-05,29,,,,,
4609,0.0048030223697423935,29,,,,,
4610,0.005283176898956299,29,,,,,
4611,0.0057266512885689735,29,,,,,
4612,4.951340451953001e-05,29,,,,,
4613,3.0485832667181967e-06,29,,,,,
4614,0.013734809122979641,29,,,,,
4615,0.00012815652007702738,29,,,,,
4616,2.4402057533734478e-05,29,,,,,
4617,0.005587738938629627,29,,,,,
4618,3.940445094485767e-05,29,,,,,
4619,0.003153386991471052,29,,,,,
4620,0.002717531519010663,29,,,,,
4621,9.572420094627887e-05,29,,,,,
4622,0.0016049818368628621,29,,,,,
4623,8.801674994174391e-06,29,,,,,
4624,2.0413444872247055e-05,29,,,,,
4625,0.004732118919491768,29,,,,,
4626,0.00014053301129024476,29,,,,,
4627,0.007730523589998484,29,,,,,
4628,0.0054296525195240974,29,,,,,
4629,0.0023102574050426483,29,,,,,
4630,0.004039545077830553,29,,,,,
4631,0.0008497076923958957,29,,,,,
4632,6.145682709757239e-05,29,,,,,
4633,0.0010889102704823017,29,,,,,
4634,0.002532210201025009,29,,,,,
4635,0.005242015700787306,29,,,,,
4636,3.291124812676571e-05,29,,,,,
4637,0.0005894799251109362,29,,,,,
4638,1.4050888239580672e-05,29,,,,,
4639,0.00012840241834055632,29,,,,,
4640,0.00012207173858769238,29,,,,,
4641,0.021753443405032158,29,,,,,
4642,0.017070265486836433,29,,,,,
4643,0.009107454679906368,29,,,,,
4644,9.225679241353646e-05,29,,,,,
4645,0.0029751223046332598,29,,,,,
4646,5.556742507906165e-06,29,,,,,
4647,0.007868228480219841,29,,,,,
4648,0.00815799180418253,29,,,,,
4649,3.100705362157896e-05,29,,,,,
4650,0.0063643003813922405,29,,,,,
4651,0.022866584360599518,29,,,,,
4652,0.009494304656982422,29,,,,,
4653,0.003568654414266348,29,,,,,
4654,0.006235457491129637,29,,,,,
4655,0.004182315431535244,29,,,,,
4656,0.021754954010248184,29,,,,,
4657,0.00011546832683961838,29,,,,,
4658,0.005389001220464706,29,,,,,
4659,0.003074757056310773,29,,,,,
4660,0.0005097870016470551,29,,,,,
4661,0.00017396539624314755,29,,,,,
4662,0.019795281812548637,29,,,,,
4663,0.0006294453633017838,29,,,,,
4664,0.0006443743477575481,29,,,,,
4665,0.0003698839864227921,29,,,,,
4666,0.034786395728588104,29,,,,,
4667,3.6055746022611856e-05,29,,,,,
4668,0.002483172807842493,29,,,,,
4669,0.0016173254698514938,29,,,,,
4670,0.004206910263746977,29,,,,,
4671,0.008056264370679855,29,,,,,
4672,0.004578004591166973,29,,,,,
4673,0.011161736212670803,29,,,,,
4674,0.020484447479248047,29,,,,,
4675,0.012130445800721645,29,,,,,
4676,0.0013953991001471877,29,,,,,
4677,0.004416590556502342,29,,,,,
4678,0.0015878862468525767,29,,,,,
4679,0.0001621829578652978,29,,,,,
4680,0.008083993569016457,29,,,,,
4681,0.006257182918488979,29,,,,,
4682,0.00018501495651435107,29,,,,,
4683,5.910404433961958e-05,29,,,,,
4684,0.017432793974876404,29,,,,,
4685,0.009390342980623245,29,,,,,
4686,0.009056897833943367,29,,,,,
4687,0.0028803918976336718,29,,,,,
4688,0.0037666549906134605,29,,,,,
4689,7.121707312762737e-05,29,,,,,
4690,0.004473301116377115,29,,,,,
4691,0.0004056813195347786,29,,,,,
4692,0.0025123513769358397,29,,,,,
4693,0.0001008637627819553,29,,,,,
4694,0.001959564397111535,29,,,,,
4695,0.023242579773068428,29,,,,,
4696,0.00018847368482965976,29,,,,,
4697,0.0032546117436140776,29,,,,,
4698,0.0007953131571412086,29,,,,,
4699,2.0958574168616906e-05,29,,,,,
4700,0.015577340498566628,29,,,,,
4701,0.011923165991902351,29,,,,,
4702,0.007352860644459724,29,,,,,
4703,0.0013652719790115952,29,,,,,
4704,0.0013621748657897115,29,,,,,
4705,0.009112602099776268,29,,,,,
4706,0.0020565814338624477,29,,,,,
4707,0.026652518659830093,29,,,,,
4708,0.0034023758489638567,29,,,,,
4709,0.00010844738426385447,29,,,,,
580,,,0.0015602333005517721,,,,
581,,,4.678629395016287e-08,,,,
582,,,2.0814306722627407e-08,,,,
583,,,0.01784570887684822,,,,
584,,,1.8036418225619855e-07,,,,
585,,,0.06277191638946533,,,,
586,,,0.004053415730595589,,,,
587,,,3.7493187221571134e-08,,,,
588,,,0.002279522130265832,,,,
589,,,4.360929892754939e-07,,,,
590,,,2.289494176466178e-07,,,,
591,,,9.47560785391488e-09,,,,
592,,,9.78583170052616e-09,,,,
593,,,9.581530946434214e-08,,,,
594,,,0.006498037837445736,,,,
595,,,0.013053213246166706,,,,
596,,,0.0033571398817002773,,,,
597,,,5.2666440097937084e-08,,,,
598,,,0.002422924851998687,,,,
599,,,9.99610278995533e-08,,,,
4709,,29,,0.005838117096573114,,,
4709,,29,,,0.9624999761581421,0.0053022499196231365,0.9937499761581421
4710,0.02463628724217415,30,,,,,
4711,0.009934497997164726,30,,,,,
4712,0.0013250373303890228,30,,,,,
4713,2.3712664187769406e-05,30,,,,,
4714,0.0055032032541930676,30,,,,,
4715,0.008336396887898445,30,,,,,
4716,6.451745139202103e-05,30,,,,,
4717,0.0034200837835669518,30,,,,,
4718,0.0011291721602901816,30,,,,,
4719,0.005461986176669598,30,,,,,
4720,6.227215635590255e-05,30,,,,,
4721,0.030385052785277367,30,,,,,
4722,0.005091357976198196,30,,,,,
4723,0.0002145066246157512,30,,,,,
4724,0.015462991781532764,30,,,,,
4725,8.717833406990394e-05,30,,,,,
4726,0.0062193069607019424,30,,,,,
4727,4.716398325399496e-05,30,,,,,
4728,9.85274018603377e-05,30,,,,,
4729,0.0001255417737411335,30,,,,,
4730,0.00014833203749731183,30,,,,,
4731,0.006332213059067726,30,,,,,
4732,0.007605698890984058,30,,,,,
4733,7.755705155432224e-05,30,,,,,
4734,0.020257998257875443,30,,,,,
4735,0.00019645570137072355,30,,,,,
4736,9.260066144634038e-05,30,,,,,
4737,0.0002137712435796857,30,,,,,
4738,0.0050186896696686745,30,,,,,
4739,0.007488937582820654,30,,,,,
4740,0.001558056683279574,30,,,,,
4741,0.0002445751742925495,30,,,,,
4742,0.009136739186942577,30,,,,,
4743,8.842979877954349e-05,30,,,,,
4744,0.002568297553807497,30,,,,,
4745,3.1804400350665674e-05,30,,,,,
4746,0.013112279586493969,30,,,,,
4747,0.008991935290396214,30,,,,,
4748,3.083482806687243e-05,30,,,,,
4749,0.0035251309163868427,30,,,,,
4750,2.5529741833452135e-05,30,,,,,
4751,0.02444261685013771,30,,,,,
4752,2.5551729777362198e-05,30,,,,,
4753,0.0004430449625942856,30,,,,,
4754,0.00038273277459666133,30,,,,,
4755,3.065156124648638e-05,30,,,,,
4756,4.2964584281435236e-05,30,,,,,
4757,0.02764873579144478,30,,,,,
4758,1.5650746718165465e-05,30,,,,,
4759,0.001185064553283155,30,,,,,
4760,0.008365546353161335,30,,,,,
4761,0.0066523137502372265,30,,,,,
4762,9.969702659873292e-06,30,,,,,
4763,0.004065414424985647,30,,,,,
4764,4.406568405102007e-05,30,,,,,
4765,0.023001711815595627,30,,,,,
4766,0.0012162423226982355,30,,,,,
4767,1.2710179362329654e-05,30,,,,,
4768,0.009702198207378387,30,,,,,
4769,0.0052461992017924786,30,,,,,
4770,0.0060641467571258545,30,,,,,
4771,0.013851560652256012,30,,,,,
4772,0.05910224840044975,30,,,,,
4773,0.03911944851279259,30,,,,,
4774,0.0037207272835075855,30,,,,,
4775,0.010020498186349869,30,,,,,
4776,3.0693136068293825e-05,30,,,,,
4777,0.02364444173872471,30,,,,,
4778,0.010020053945481777,30,,,,,
4779,0.0037263527046889067,30,,,,,
4780,9.69597531366162e-05,30,,,,,
4781,0.010523781180381775,30,,,,,
4782,0.010324337519705296,30,,,,,
4783,0.008354325778782368,30,,,,,
4784,0.00372681044973433,30,,,,,
4785,0.02155696414411068,30,,,,,
4786,0.003208951558917761,30,,,,,
4787,0.0006158004398457706,30,,,,,
4788,0.0018013203516602516,30,,,,,
4789,0.0005089259939268231,30,,,,,
4790,0.0007947547128424048,30,,,,,
4791,0.00026906540733762085,30,,,,,
4792,0.0012307624565437436,30,,,,,
4793,0.010776147246360779,30,,,,,
4794,0.004237174987792969,30,,,,,
4795,0.004048186354339123,30,,,,,
4796,0.01387335080653429,30,,,,,
4797,0.00022735341917723417,30,,,,,
4798,0.00020951955229975283,30,,,,,
4799,0.002178153721615672,30,,,,,
4800,0.0028508591931313276,30,,,,,
4801,0.0020821148063987494,30,,,,,
4802,0.0009052183013409376,30,,,,,
4803,0.008455340750515461,30,,,,,
4804,5.814976975671016e-05,30,,,,,
4805,0.006167441140860319,30,,,,,
4806,0.004525597207248211,30,,,,,
4807,0.018284477293491364,30,,,,,
4808,0.0073586697690188885,30,,,,,
4809,0.0021595803555101156,30,,,,,
4810,0.0027763769030570984,30,,,,,
4811,0.003909557592123747,30,,,,,
4812,0.026888348162174225,30,,,,,
4813,0.008165135979652405,30,,,,,
4814,0.003910813480615616,30,,,,,
4815,0.00035437638871371746,30,,,,,
4816,0.003452259348705411,30,,,,,
4817,0.022332264110445976,30,,,,,
4818,0.002907842630520463,30,,,,,
4819,0.02321607992053032,30,,,,,
4820,0.0025938544422388077,30,,,,,
4821,0.0003018986026290804,30,,,,,
4822,0.008724556304514408,30,,,,,
4823,0.0006462049786932766,30,,,,,
4824,0.0027064436580985785,30,,,,,
4825,0.011075004935264587,30,,,,,
4826,0.0004420485347509384,30,,,,,
4827,0.005014349240809679,30,,,,,
4828,0.013468989171087742,30,,,,,
4829,0.0003603391523938626,30,,,,,
4830,0.00024405358999501914,30,,,,,
4831,0.0014933304628357291,30,,,,,
4832,0.003615601686760783,30,,,,,
4833,0.006513372994959354,30,,,,,
4834,0.002967527136206627,30,,,,,
4835,0.007407178170979023,30,,,,,
4836,0.010554569773375988,30,,,,,
4837,0.010825940407812595,30,,,,,
4838,0.0007534640608355403,30,,,,,
4839,0.0004890284035354853,30,,,,,
4840,0.000210464873816818,30,,,,,
4841,0.00018910288054030389,30,,,,,
4842,0.0029464547988027334,30,,,,,
4843,0.0003305326390545815,30,,,,,
4844,0.0015702039236202836,30,,,,,
4845,0.0002546193718444556,30,,,,,
4846,6.302529800450429e-05,30,,,,,
4847,0.06471788138151169,30,,,,,
4848,0.04657535254955292,30,,,,,
4849,0.006900052074342966,30,,,,,
4850,0.014870701357722282,30,,,,,
4851,0.012627560645341873,30,,,,,
4852,0.000387561391107738,30,,,,,
4853,0.019893763586878777,30,,,,,
4854,0.00664482219144702,30,,,,,
4855,0.007265396416187286,30,,,,,
4856,0.00802710559219122,30,,,,,
4857,0.006650859955698252,30,,,,,
4858,0.051291272044181824,30,,,,,
4859,0.0033320970833301544,30,,,,,
4860,0.007378522772341967,30,,,,,
4861,0.008079665713012218,30,,,,,
4862,0.0037734811194241047,30,,,,,
4863,0.009730787947773933,30,,,,,
4864,0.0010030590929090977,30,,,,,
4865,0.015469899401068687,30,,,,,
4866,0.02090982347726822,30,,,,,
600,,,0.004507685545831919,,,,
601,,,4.010882548755035e-06,,,,
602,,,1.6326044942616136e-06,,,,
603,,,0.01441941224038601,,,,
604,,,5.047917966294335e-06,,,,
605,,,0.04991575703024864,,,,
606,,,0.010176578536629677,,,,
607,,,4.341506155469688e-06,,,,
608,,,0.00648252759128809,,,,
609,,,1.343759686278645e-05,,,,
610,,,4.106966116523836e-06,,,,
611,,,1.5004595752543537e-06,,,,
612,,,1.474343889640295e-06,,,,
613,,,4.1491994124953635e-06,,,,
614,,,0.009322951547801495,,,,
615,,,0.019323302432894707,,,,
616,,,0.0032565644942224026,,,,
617,,,5.289730324875563e-06,,,,
618,,,0.0028163595125079155,,,,
619,,,8.263853032985935e-07,,,,
4866,,30,,0.006167514715343714,,,
4866,,30,,,0.956250011920929,0.007261138409376144,1.0
4867,0.002384388819336891,31,,,,,
4868,7.861384801799431e-05,31,,,,,
4869,0.0043013449758291245,31,,,,,
4870,0.011361879296600819,31,,,,,
4871,0.010089890100061893,31,,,,,
4872,0.00020234135445207357,31,,,,,
4873,0.0037047381047159433,31,,,,,
4874,0.0003656221379060298,31,,,,,
4875,0.0033398151863366365,31,,,,,
4876,0.00011667727812891826,31,,,,,
4877,0.013612408190965652,31,,,,,
4878,0.0015665586106479168,31,,,,,
4879,0.0006329109310172498,31,,,,,
4880,0.0005274484283290803,31,,,,,
4881,0.008941499516367912,31,,,,,
4882,0.0002800609508994967,31,,,,,
4883,0.00015541216998826712,31,,,,,
4884,0.00021260588255245239,31,,,,,
4885,0.00022397666180040687,31,,,,,
4886,0.015388663858175278,31,,,,,
4887,0.011644257232546806,31,,,,,
4888,0.004967579618096352,31,,,,,
4889,0.013247900642454624,31,,,,,
4890,0.010387938469648361,31,,,,,
4891,0.014819193631410599,31,,,,,
4892,0.0026177121326327324,31,,,,,
4893,0.006624674890190363,31,,,,,
4894,0.0011041546240448952,31,,,,,
4895,0.0018508717184886336,31,,,,,
4896,0.00010582333197817206,31,,,,,
4897,0.00011703972995746881,31,,,,,
4898,0.0006784077850170434,31,,,,,
4899,0.0028415110427886248,31,,,,,
4900,3.150253542116843e-05,31,,,,,
4901,0.0026928421575576067,31,,,,,
4902,0.01398356445133686,31,,,,,
4903,0.00362456776201725,31,,,,,
4904,0.002570300828665495,31,,,,,
4905,0.00016340658476110548,31,,,,,
4906,7.94490406406112e-05,31,,,,,
4907,0.0016469677211716771,31,,,,,
4908,7.92266582720913e-05,31,,,,,
4909,2.255819163110573e-05,31,,,,,
4910,0.01645895279943943,31,,,,,
4911,4.3093667045468464e-05,31,,,,,
4912,0.01405398827046156,31,,,,,
4913,1.443798464606516e-05,31,,,,,
4914,6.951438263058662e-05,31,,,,,
4915,0.017631785944104195,31,,,,,
4916,0.00021264553652144969,31,,,,,
4917,0.00024046590260695666,31,,,,,
4918,0.035114165395498276,31,,,,,
4919,0.017303407192230225,31,,,,,
4920,0.008869319222867489,31,,,,,
4921,0.0033429244067519903,31,,,,,
4922,2.810258411045652e-05,31,,,,,
4923,9.853672236204147e-05,31,,,,,
4924,0.0077776238322257996,31,,,,,
4925,0.00010016052692662925,31,,,,,
4926,0.008590543642640114,31,,,,,
4927,2.472408232279122e-05,31,,,,,
4928,0.0022198644001036882,31,,,,,
4929,0.00030160092865116894,31,,,,,
4930,0.000792335020378232,31,,,,,
4931,0.001478433609008789,31,,,,,
4932,0.0018751457100734115,31,,,,,
4933,3.143261346849613e-05,31,,,,,
4934,9.671683073975146e-05,31,,,,,
4935,0.003097835462540388,31,,,,,
4936,0.005898637231439352,31,,,,,
4937,0.00014318226021714509,31,,,,,
4938,0.005186263006180525,31,,,,,
4939,0.016563212499022484,31,,,,,
4940,4.194541179458611e-05,31,,,,,
4941,0.01770325005054474,31,,,,,
4942,0.00012184341176180169,31,,,,,
4943,0.006605274975299835,31,,,,,
4944,0.0027705987449735403,31,,,,,
4945,0.019902575761079788,31,,,,,
4946,0.015128298662602901,31,,,,,
4947,0.007206906098872423,31,,,,,
4948,0.001405238755978644,31,,,,,
4949,5.841556048835628e-05,31,,,,,
4950,6.680886872345582e-05,31,,,,,
4951,1.4797019503021147e-05,31,,,,,
4952,6.0721409681718796e-05,31,,,,,
4953,0.02334637939929962,31,,,,,
4954,0.003661700524389744,31,,,,,
4955,0.01842358708381653,31,,,,,
4956,0.011765514500439167,31,,,,,
4957,2.505653174011968e-05,31,,,,,
4958,4.267064286977984e-05,31,,,,,
4959,0.0008870025631040335,31,,,,,
4960,0.0009110793471336365,31,,,,,
4961,9.005169704323635e-05,31,,,,,
4962,5.538838740903884e-05,31,,,,,
4963,0.0004078112542629242,31,,,,,
4964,0.0056757875718176365,31,,,,,
4965,0.010533858090639114,31,,,,,
4966,0.012316600419580936,31,,,,,
4967,0.0033420477993786335,31,,,,,
4968,0.018869563937187195,31,,,,,
4969,0.010056901723146439,31,,,,,
4970,0.013843405991792679,31,,,,,
4971,0.004623344633728266,31,,,,,
4972,0.021657580509781837,31,,,,,
4973,0.0004885054659098387,31,,,,,
4974,0.017960531637072563,31,,,,,
4975,0.0035093403421342373,31,,,,,
4976,0.0042723617516458035,31,,,,,
4977,0.00038302040775306523,31,,,,,
4978,0.0024303849786520004,31,,,,,
4979,8.451713802060112e-05,31,,,,,
4980,0.00025745839229784906,31,,,,,
4981,1.615536712051835e-05,31,,,,,
4982,9.657281771069393e-05,31,,,,,
4983,7.953697058837861e-05,31,,,,,
4984,0.023521870374679565,31,,,,,
4985,0.0017980094999074936,31,,,,,
4986,0.003257729345932603,31,,,,,
4987,0.016130847856402397,31,,,,,
4988,0.0043461257591843605,31,,,,,
4989,0.0005741657223552465,31,,,,,
4990,0.010247859172523022,31,,,,,
4991,0.0007285693427547812,31,,,,,
4992,0.0001475773169659078,31,,,,,
4993,0.004929273389279842,31,,,,,
4994,0.005203764885663986,31,,,,,
4995,0.0009006476611830294,31,,,,,
4996,0.0012908250791952014,31,,,,,
4997,3.722519613802433e-05,31,,,,,
4998,0.009798331186175346,31,,,,,
4999,0.015460114926099777,31,,,,,
5000,0.020443255081772804,31,,,,,
5001,0.0043625133112072945,31,,,,,
5002,0.0016439963364973664,31,,,,,
5003,0.012159213423728943,31,,,,,
5004,3.0288269044831395e-05,31,,,,,
5005,0.0024891537614166737,31,,,,,
5006,0.007307203020900488,31,,,,,
5007,0.008197403512895107,31,,,,,
5008,0.009708966128528118,31,,,,,
5009,0.015750637277960777,31,,,,,
5010,0.00031471578404307365,31,,,,,
5011,0.00016759867139626294,31,,,,,
5012,8.79942235769704e-05,31,,,,,
5013,0.0019324208842590451,31,,,,,
5014,0.000159756003995426,31,,,,,
5015,0.026005011051893234,31,,,,,
5016,0.0002759199414867908,31,,,,,
5017,0.0025047522503882647,31,,,,,
5018,0.019760141149163246,31,,,,,
5019,0.006112599745392799,31,,,,,
5020,0.004981631878763437,31,,,,,
5021,0.017272790893912315,31,,,,,
5022,0.009066945873200893,31,,,,,
5023,0.053179867565631866,31,,,,,
620,,,0.0012306070420891047,,,,
621,,,1.3364766573431552e-06,,,,
622,,,9.678129799794988e-07,,,,
623,,,0.01718696393072605,,,,
624,,,9.76187948253937e-06,,,,
625,,,0.08301979303359985,,,,
626,,,0.0033387281000614166,,,,
627,,,2.426858372928109e-06,,,,
628,,,0.002689179964363575,,,,
629,,,6.263154546104488e-07,,,,
630,,,1.755118319124449e-06,,,,
631,,,6.429574114008574e-06,,,,
632,,,2.633222493386711e-07,,,,
633,,,1.8411781184113352e-06,,,,
634,,,0.005564796272665262,,,,
635,,,0.016875961795449257,,,,
636,,,0.0033656293526291847,,,,
637,,,3.524789008224616e-06,,,,
638,,,0.0030186111107468605,,,,
639,,,2.2661917853383784e-07,,,,
5023,,31,,0.0069907354190945625,,,
5023,,31,,,0.96875,0.0057376716285943985,1.0
5024,0.0107685886323452,32,,,,,
5025,0.0015766510041430593,32,,,,,
5026,0.004867265000939369,32,,,,,
5027,6.330300675472245e-05,32,,,,,
5028,0.0012077034916728735,32,,,,,
5029,0.000264798232819885,32,,,,,
5030,0.0035820791963487864,32,,,,,
5031,0.0028719876427203417,32,,,,,
5032,0.006105952430516481,32,,,,,
5033,0.0005241977632977068,32,,,,,
5034,0.0016112690791487694,32,,,,,
5035,0.007472281344234943,32,,,,,
5036,0.00047959189396351576,32,,,,,
5037,0.0008670242386870086,32,,,,,
5038,0.0006148865795694292,32,,,,,
5039,0.0027687030378729105,32,,,,,
5040,0.0009351364569738507,32,,,,,
5041,0.0047629703767597675,32,,,,,
5042,0.000663461338263005,32,,,,,
5043,0.00017811066936701536,32,,,,,
5044,0.00017651967937126756,32,,,,,
5045,0.008025992661714554,32,,,,,
5046,0.0003737654478754848,32,,,,,
5047,0.01636546291410923,32,,,,,
5048,0.0002179342700401321,32,,,,,
5049,0.0035901593510061502,32,,,,,
5050,0.003513503586873412,32,,,,,
5051,0.006356362719088793,32,,,,,
5052,0.004651535768061876,32,,,,,
5053,0.002719966694712639,32,,,,,
5054,0.00017844334070105106,32,,,,,
5055,0.002368345158174634,32,,,,,
5056,0.005417958367615938,32,,,,,
5057,5.6311972002731636e-05,32,,,,,
5058,4.009875556221232e-05,32,,,,,
5059,0.006948417518287897,32,,,,,
5060,5.116114698466845e-05,32,,,,,
5061,6.771286280127242e-05,32,,,,,
5062,0.01833397150039673,32,,,,,
5063,0.004233918618410826,32,,,,,
5064,0.023619115352630615,32,,,,,
5065,0.011811788193881512,32,,,,,
5066,0.0115633150562644,32,,,,,
5067,0.016222568228840828,32,,,,,
5068,0.0030375628266483545,32,,,,,
5069,6.527483492391184e-05,32,,,,,
5070,0.00012859237904194742,32,,,,,
5071,0.009130449034273624,32,,,,,
5072,0.011277173645794392,32,,,,,
5073,0.00015981447359081358,32,,,,,
5074,2.9695067496504635e-05,32,,,,,
5075,6.696268974337727e-05,32,,,,,
5076,2.384633626206778e-05,32,,,,,
5077,0.002462952397763729,32,,,,,
5078,0.0017940681427717209,32,,,,,
5079,2.341374784009531e-05,32,,,,,
5080,0.0011861530365422368,32,,,,,
5081,0.018373826518654823,32,,,,,
5082,0.0009372716885991395,32,,,,,
5083,0.0074217733927071095,32,,,,,
5084,0.014290397055447102,32,,,,,
5085,0.0002511957136448473,32,,,,,
5086,0.006201887037605047,32,,,,,
5087,9.919347940012813e-05,32,,,,,
5088,7.140078378142789e-05,32,,,,,
5089,2.747151484072674e-05,32,,,,,
5090,0.00032947419094853103,32,,,,,
5091,0.002331182360649109,32,,,,,
5092,0.01639893278479576,32,,,,,
5093,8.681245526531711e-05,32,,,,,
5094,0.004797790665179491,32,,,,,
5095,0.00046649674186483026,32,,,,,
5096,0.0038341591134667397,32,,,,,
5097,0.002490370301529765,32,,,,,
5098,0.008336866274476051,32,,,,,
5099,6.322709668893367e-05,32,,,,,
5100,0.00011646059283521026,32,,,,,
5101,2.9580687623820268e-05,32,,,,,
5102,0.0010648868046700954,32,,,,,
5103,0.009522012434899807,32,,,,,
5104,0.01480230875313282,32,,,,,
5105,0.0006722257821820676,32,,,,,
5106,2.1638603357132524e-05,32,,,,,
5107,4.839821485802531e-05,32,,,,,
5108,0.005863690283149481,32,,,,,
5109,2.0151574062765576e-05,32,,,,,
5110,0.001294855261221528,32,,,,,
5111,0.00023373265867121518,32,,,,,
5112,0.00012503957259468734,32,,,,,
5113,1.730786061671097e-05,32,,,,,
5114,0.01782199554145336,32,,,,,
5115,0.0016186563298106194,32,,,,,
5116,4.9982027121586725e-05,32,,,,,
5117,3.110749094048515e-05,32,,,,,
5118,0.029474951326847076,32,,,,,
5119,0.002713604597374797,32,,,,,
5120,7.058615301502869e-05,32,,,,,
5121,0.003411663696169853,32,,,,,
5122,0.010058003477752209,32,,,,,
5123,0.01781463995575905,32,,,,,
5124,0.00329175079241395,32,,,,,
5125,1.710486139927525e-05,32,,,,,
5126,0.002409577602520585,32,,,,,
5127,0.005819589365273714,32,,,,,
5128,1.1955195986956824e-05,32,,,,,
5129,0.005676800385117531,32,,,,,
5130,0.02309657447040081,32,,,,,
5131,0.013311052694916725,32,,,,,
5132,4.009348413092084e-05,32,,,,,
5133,0.01037778053432703,32,,,,,
5134,3.580377779144328e-06,32,,,,,
5135,0.021809086203575134,32,,,,,
5136,1.2776589755958412e-05,32,,,,,
5137,2.606984526209999e-05,32,,,,,
5138,0.017459409311413765,32,,,,,
5139,0.0013284460874274373,32,,,,,
5140,0.04424548149108887,32,,,,,
5141,0.008557694964110851,32,,,,,
5142,0.014308493584394455,32,,,,,
5143,0.0011201592860743403,32,,,,,
5144,0.0031605269759893417,32,,,,,
5145,0.022561628371477127,32,,,,,
5146,0.0007596570067107677,32,,,,,
5147,6.700885569443926e-05,32,,,,,
5148,0.005644465796649456,32,,,,,
5149,5.858677832293324e-05,32,,,,,
5150,7.767557690385729e-05,32,,,,,
5151,0.00036157306749373674,32,,,,,
5152,0.0014437646605074406,32,,,,,
5153,0.014493515715003014,32,,,,,
5154,0.0011004043044522405,32,,,,,
5155,0.00041219673585146666,32,,,,,
5156,0.02570607326924801,32,,,,,
5157,0.002955705625936389,32,,,,,
5158,0.013164711184799671,32,,,,,
5159,0.001168461050838232,32,,,,,
5160,0.00033679456100799143,32,,,,,
5161,0.0007358264410868287,32,,,,,
5162,0.015865078195929527,32,,,,,
5163,0.0008370060822926462,32,,,,,
5164,0.00018685846589505672,32,,,,,
5165,5.758446786785498e-05,32,,,,,
5166,0.003953689243644476,32,,,,,
5167,0.009199293330311775,32,,,,,
5168,0.003967631608247757,32,,,,,
5169,0.011759334243834019,32,,,,,
5170,3.4772936487570405e-05,32,,,,,
5171,5.67680544918403e-05,32,,,,,
5172,6.66258783894591e-05,32,,,,,
5173,0.0009452710510231555,32,,,,,
5174,1.006195816444233e-05,32,,,,,
5175,0.012868625111877918,32,,,,,
5176,5.751107892137952e-05,32,,,,,
5177,0.004029314033687115,32,,,,,
5178,0.0206471998244524,32,,,,,
5179,0.0029864483512938023,32,,,,,
5180,0.0035987889859825373,32,,,,,
640,,,0.0008952104253694415,,,,
641,,,2.050874030601335e-07,,,,
642,,,2.775178700176184e-07,,,,
643,,,0.019216490909457207,,,,
644,,,1.7232083564522327e-06,,,,
645,,,0.0679149329662323,,,,
646,,,0.003025113372132182,,,,
647,,,1.708016839074844e-07,,,,
648,,,0.002867909148335457,,,,
649,,,1.2449291943994467e-06,,,,
650,,,3.298681576779927e-07,,,,
651,,,1.534414764137182e-07,,,,
652,,,1.3255289843527862e-07,,,,
653,,,1.5509955630932382e-07,,,,
654,,,0.005697110202163458,,,,
655,,,0.018104540184140205,,,,
656,,,0.00345403328537941,,,,
657,,,1.3464165249388316e-06,,,,
658,,,0.00257480563595891,,,,
659,,,2.5704051154207264e-07,,,,
5180,,32,,0.006346462294459343,,,
5180,,32,,,0.9437500238418579,0.005039259325712919,0.9937499761581421
5181,0.00019576374324969947,33,,,,,
5182,0.0001203141946461983,33,,,,,
5183,0.004141105804592371,33,,,,,
5184,0.000591152929700911,33,,,,,
5185,0.002382801380008459,33,,,,,
5186,0.0020186419133096933,33,,,,,
5187,0.01291755773127079,33,,,,,
5188,0.0008081672713160515,33,,,,,
5189,0.00011077428644057363,33,,,,,
5190,0.008732653222978115,33,,,,,
5191,0.0010549452854320407,33,,,,,
5192,1.970349512703251e-05,33,,,,,
5193,0.0025297862011939287,33,,,,,
5194,0.004854350816458464,33,,,,,
5195,3.404512972338125e-05,33,,,,,
5196,0.0009814511286094785,33,,,,,
5197,0.008201788179576397,33,,,,,
5198,0.012963173910975456,33,,,,,
5199,0.002586329123005271,33,,,,,
5200,0.009029935114085674,33,,,,,
5201,4.360649472801015e-05,33,,,,,
5202,0.0008313502767123282,33,,,,,
5203,1.83173397090286e-05,33,,,,,
5204,0.00011941720731556416,33,,,,,
5205,0.012065529823303223,33,,,,,
5206,6.297838262980804e-05,33,,,,,
5207,8.344653178937733e-05,33,,,,,
5208,9.61986825132044e-06,33,,,,,
5209,3.91017492802348e-05,33,,,,,
5210,3.3151318348245695e-05,33,,,,,
5211,0.000253574107773602,33,,,,,
5212,7.936202564451378e-06,33,,,,,
5213,0.0016613167244940996,33,,,,,
5214,0.010047107003629208,33,,,,,
5215,3.0341592719196342e-05,33,,,,,
5216,0.012753269635140896,33,,,,,
5217,0.007914992049336433,33,,,,,
5218,0.0009418283589184284,33,,,,,
5219,6.0056943766539916e-05,33,,,,,
5220,0.004427656531333923,33,,,,,
5221,0.009204975329339504,33,,,,,
5222,1.2767558473569807e-05,33,,,,,
5223,0.01911809667944908,33,,,,,
5224,0.01667352020740509,33,,,,,
5225,0.00893156137317419,33,,,,,
5226,0.00952101033180952,33,,,,,
5227,0.0001536102354293689,33,,,,,
5228,9.483826579526067e-05,33,,,,,
5229,0.002264006994664669,33,,,,,
5230,0.0029192555230110884,33,,,,,
5231,0.003786491695791483,33,,,,,
5232,1.7350830603390932e-05,33,,,,,
5233,0.007966308854520321,33,,,,,
5234,0.005630507133901119,33,,,,,
5235,0.010589729063212872,33,,,,,
5236,1.2674875506490935e-05,33,,,,,
5237,0.005840920377522707,33,,,,,
5238,0.00017306119843851775,33,,,,,
5239,5.585790131590329e-05,33,,,,,
5240,9.050901280716062e-05,33,,,,,
5241,0.0019642645493149757,33,,,,,
5242,0.002700862707570195,33,,,,,
5243,0.026968909427523613,33,,,,,
5244,2.801517621264793e-05,33,,,,,
5245,0.020478341728448868,33,,,,,
5246,3.27677589666564e-05,33,,,,,
5247,0.027652457356452942,33,,,,,
5248,1.576959402882494e-05,33,,,,,
5249,0.0053438348695635796,33,,,,,
5250,0.0037296831142157316,33,,,,,
5251,4.314740726840682e-05,33,,,,,
5252,0.0048685926012694836,33,,,,,
5253,4.293133315513842e-05,33,,,,,
5254,0.003727120812982321,33,,,,,
5255,0.0017484761774539948,33,,,,,
5256,0.008159204386174679,33,,,,,
5257,1.04826458482421e-05,33,,,,,
5258,7.475449092453346e-05,33,,,,,
5259,0.00018354652274865657,33,,,,,
5260,2.29952438530745e-05,33,,,,,
5261,0.003745940513908863,33,,,,,
5262,0.008761918172240257,33,,,,,
5263,0.004349302500486374,33,,,,,
5264,0.014769335277378559,33,,,,,
5265,0.004025239497423172,33,,,,,
5266,1.52622269524727e-05,33,,,,,
5267,0.010596346110105515,33,,,,,
5268,0.0009628836996853352,33,,,,,
5269,0.007285559084266424,33,,,,,
5270,0.011206045746803284,33,,,,,
5271,2.4277034754049964e-05,33,,,,,
5272,0.01780899427831173,33,,,,,
5273,0.007595421280711889,33,,,,,
5274,0.010176178067922592,33,,,,,
5275,0.00017654820112511516,33,,,,,
5276,1.5303790860343724e-05,33,,,,,
5277,8.958584658103064e-06,33,,,,,
5278,0.0015789747703820467,33,,,,,
5279,2.7489671992952935e-05,33,,,,,
5280,0.001106683281250298,33,,,,,
5281,1.1733219253073912e-05,33,,,,,
5282,0.0058644176460802555,33,,,,,
5283,0.006015582010149956,33,,,,,
5284,7.010129047557712e-05,33,,,,,
5285,0.05432400479912758,33,,,,,
5286,4.332113894633949e-05,33,,,,,
5287,1.5562369299004786e-05,33,,,,,
5288,0.0005637005669996142,33,,,,,
5289,0.015944214537739754,33,,,,,
5290,6.609131378354505e-05,33,,,,,
5291,0.003763688961043954,33,,,,,
5292,0.019485436379909515,33,,,,,
5293,2.7978201615042053e-05,33,,,,,
5294,0.014858727343380451,33,,,,,
5295,0.0040223123505711555,33,,,,,
5296,0.003234727308154106,33,,,,,
5297,0.0035476393532007933,33,,,,,
5298,0.007328195963054895,33,,,,,
5299,0.011687098070979118,33,,,,,
5300,0.003915311768651009,33,,,,,
5301,0.00014393788296729326,33,,,,,
5302,0.010938631370663643,33,,,,,
5303,0.0008322966750711203,33,,,,,
5304,0.008148624561727047,33,,,,,
5305,0.010557286441326141,33,,,,,
5306,0.002587809693068266,33,,,,,
5307,0.008872012607753277,33,,,,,
5308,0.00011280556645942852,33,,,,,
5309,0.0037222926039248705,33,,,,,
5310,0.0010536034824326634,33,,,,,
5311,0.0009393341024406254,33,,,,,
5312,0.00039924829616211355,33,,,,,
5313,0.006236341316252947,33,,,,,
5314,0.0063250320963561535,33,,,,,
5315,0.0012678956845775247,33,,,,,
5316,0.009629112668335438,33,,,,,
5317,0.016884850338101387,33,,,,,
5318,0.029505299404263496,33,,,,,
5319,0.006913153454661369,33,,,,,
5320,0.016821149736642838,33,,,,,
5321,0.0016429637325927615,33,,,,,
5322,0.007062938529998064,33,,,,,
5323,0.00041553040500730276,33,,,,,
5324,0.0005449092132039368,33,,,,,
5325,0.030385542660951614,33,,,,,
5326,0.00012060508015565574,33,,,,,
5327,3.921625466318801e-05,33,,,,,
5328,0.0001553973852423951,33,,,,,
5329,0.014718255959451199,33,,,,,
5330,0.0026983406860381365,33,,,,,
5331,0.00365174631588161,33,,,,,
5332,0.021617671474814415,33,,,,,
5333,0.0006921065505594015,33,,,,,
5334,0.0044384910725057125,33,,,,,
5335,0.0035504482220858335,33,,,,,
5336,0.0022773784585297108,33,,,,,
5337,0.00043577756150625646,33,,,,,
660,,,0.001223425380885601,,,,
661,,,1.5541985476374975e-07,,,,
662,,,7.300226343431859e-07,,,,
663,,,0.02107185125350952,,,,
664,,,3.4692832286964403e-06,,,,
665,,,0.07264292240142822,,,,
666,,,0.003979744389653206,,,,
667,,,2.906491261001065e-07,,,,
668,,,0.00196866225451231,,,,
669,,,2.423247167371301e-07,,,,
670,,,9.63392608355207e-07,,,,
671,,,1.870638612899711e-07,,,,
672,,,1.2751183930959087e-07,,,,
673,,,3.486489390525094e-07,,,,
674,,,0.005176055710762739,,,,
675,,,0.015667634084820747,,,,
676,,,0.003528657602146268,,,,
677,,,2.7026017050957307e-06,,,,
678,,,0.002895374083891511,,,,
679,,,8.816502372610557e-08,,,,
5337,,33,,0.0065724910236895084,,,
5337,,33,,,0.949999988079071,0.00531424256041646,0.981249988079071
5338,0.0004841127956751734,34,,,,,
5339,0.00017881940584629774,34,,,,,
5340,0.004943083040416241,34,,,,,
5341,0.018608078360557556,34,,,,,
5342,0.006197044625878334,34,,,,,
5343,7.247966277645901e-05,34,,,,,
5344,0.002620022976770997,34,,,,,
5345,0.0029934647027403116,34,,,,,
5346,0.00022267515305429697,34,,,,,
5347,0.0015897211851552129,34,,,,,
5348,0.0014565713936462998,34,,,,,
5349,6.967718945816159e-05,34,,,,,
5350,0.00585457868874073,34,,,,,
5351,0.0013501951470971107,34,,,,,
5352,0.005004683509469032,34,,,,,
5353,0.0061453585512936115,34,,,,,
5354,0.011764463037252426,34,,,,,
5355,0.00015635673480574042,34,,,,,
5356,0.003559910925105214,34,,,,,
5357,0.007431822828948498,34,,,,,
5358,0.00034842241439037025,34,,,,,
5359,8.431646165263373e-06,34,,,,,
5360,0.012873480096459389,34,,,,,
5361,0.009005891159176826,34,,,,,
5362,0.0006718865479342639,34,,,,,
5363,0.0004682946018874645,34,,,,,
5364,2.0011277229059488e-05,34,,,,,
5365,0.001371466089040041,34,,,,,
5366,0.023839429020881653,34,,,,,
5367,0.010679418221116066,34,,,,,
5368,0.005803869571536779,34,,,,,
5369,0.011362354271113873,34,,,,,
5370,0.0045286365784704685,34,,,,,
5371,9.143041825154796e-05,34,,,,,
5372,4.798220834345557e-05,34,,,,,
5373,0.00039909532642923295,34,,,,,
5374,0.0040224771946668625,34,,,,,
5375,0.007620230317115784,34,,,,,
5376,0.0071157789789140224,34,,,,,
5377,0.013424898497760296,34,,,,,
5378,2.6854246243601665e-05,34,,,,,
5379,0.004098252393305302,34,,,,,
5380,0.002205719705671072,34,,,,,
5381,4.2376348574180156e-05,34,,,,,
5382,0.011230096220970154,34,,,,,
5383,0.03360188752412796,34,,,,,
5384,0.0008980965940281749,34,,,,,
5385,0.008559087291359901,34,,,,,
5386,0.003839416429400444,34,,,,,
5387,2.588760071375873e-05,34,,,,,
5388,0.0044183810241520405,34,,,,,
5389,0.0035018273629248142,34,,,,,
5390,0.005955395754426718,34,,,,,
5391,0.00976033229380846,34,,,,,
5392,0.00015331861504819244,34,,,,,
5393,1.8363611161476e-05,34,,,,,
5394,0.00015311209426727146,34,,,,,
5395,0.004562866408377886,34,,,,,
5396,8.805634024611209e-06,34,,,,,
5397,0.000556109705939889,34,,,,,
5398,3.9619477320229635e-05,34,,,,,
5399,0.0022246467415243387,34,,,,,
5400,7.715226820437238e-05,34,,,,,
5401,0.0008704931242391467,34,,,,,
5402,0.020019497722387314,34,,,,,
5403,7.428175194945652e-06,34,,,,,
5404,8.957022146205418e-06,34,,,,,
5405,0.0010643033310770988,34,,,,,
5406,0.011681337840855122,34,,,,,
5407,0.0074301110580563545,34,,,,,
5408,0.008585168048739433,34,,,,,
5409,0.003600716358050704,34,,,,,
5410,0.014480465091764927,34,,,,,
5411,2.200470225943718e-05,34,,,,,
5412,0.004744704347103834,34,,,,,
5413,0.0033745907712727785,34,,,,,
5414,0.013724946416914463,34,,,,,
5415,0.000284642941551283,34,,,,,
5416,0.0033685036469250917,34,,,,,
5417,0.010055404156446457,34,,,,,
5418,0.0017000421648845077,34,,,,,
5419,0.0012837392278015614,34,,,,,
5420,0.024966947734355927,34,,,,,
5421,3.7911333492957056e-05,34,,,,,
5422,0.0014099141117185354,34,,,,,
5423,0.00017628307978156954,34,,,,,
5424,0.002283586887642741,34,,,,,
5425,4.094494943274185e-05,34,,,,,
5426,0.011118093505501747,34,,,,,
5427,3.376209861016832e-05,34,,,,,
5428,1.4888583791616838e-05,34,,,,,
5429,0.0129588907584548,34,,,,,
5430,0.006189284846186638,34,,,,,
5431,0.0008934802026487887,34,,,,,
5432,0.006464111618697643,34,,,,,
5433,0.0035938099026679993,34,,,,,
5434,0.0014871959574520588,34,,,,,
5435,2.8447064323700033e-05,34,,,,,
5436,0.0033698780462145805,34,,,,,
5437,0.0031227555591613054,34,,,,,
5438,0.00922480970621109,34,,,,,
5439,0.010610316880047321,34,,,,,
5440,0.003154221223667264,34,,,,,
5441,0.009493779391050339,34,,,,,
5442,3.1896928703645244e-05,34,,,,,
5443,8.78327336977236e-05,34,,,,,
5444,0.0015810858458280563,34,,,,,
5445,2.727706123550888e-05,34,,,,,
5446,0.00377895450219512,34,,,,,
5447,0.02925853431224823,34,,,,,
5448,0.00045832476462237537,34,,,,,
5449,0.03617401793599129,34,,,,,
5450,0.012090719304978848,34,,,,,
5451,1.091898957383819e-05,34,,,,,
5452,0.0007546578417532146,34,,,,,
5453,3.15180623147171e-05,34,,,,,
5454,3.7664118281099945e-05,34,,,,,
5455,2.7299858629703522e-05,34,,,,,
5456,0.014904108829796314,34,,,,,
5457,0.017224982380867004,34,,,,,
5458,0.0015997380251064897,34,,,,,
5459,0.0013370695523917675,34,,,,,
5460,0.014307576231658459,34,,,,,
5461,0.010633628815412521,34,,,,,
5462,0.0021470030769705772,34,,,,,
5463,0.013343478552997112,34,,,,,
5464,2.486115408828482e-05,34,,,,,
5465,0.00011340343189658597,34,,,,,
5466,3.2686559279682115e-05,34,,,,,
5467,0.014408301562070847,34,,,,,
5468,0.00012071089440723881,34,,,,,
5469,0.0013190380996093154,34,,,,,
5470,0.0021782973781228065,34,,,,,
5471,0.00011761885980376974,34,,,,,
5472,0.002229419071227312,34,,,,,
5473,0.008790147490799427,34,,,,,
5474,0.00021177988674025983,34,,,,,
5475,0.003263881430029869,34,,,,,
5476,0.003461022861301899,34,,,,,
5477,3.0988561775302514e-05,34,,,,,
5478,0.00011489921598695219,34,,,,,
5479,0.009623320773243904,34,,,,,
5480,0.009110676124691963,34,,,,,
5481,8.245420758612454e-05,34,,,,,
5482,0.01629840023815632,34,,,,,
5483,4.0072278352454305e-05,34,,,,,
5484,0.03356665000319481,34,,,,,
5485,0.0014762352220714092,34,,,,,
5486,9.314907947555184e-05,34,,,,,
5487,0.0006912267417646945,34,,,,,
5488,8.030915341805667e-05,34,,,,,
5489,0.015010303817689419,34,,,,,
5490,3.2145318982657045e-05,34,,,,,
5491,6.175895396154374e-05,34,,,,,
5492,0.007426527328789234,34,,,,,
5493,0.012931320816278458,34,,,,,
5494,0.017721835523843765,34,,,,,
680,,,0.0033988093491643667,,,,
681,,,1.16645317405073e-07,,,,
682,,,6.71733317858525e-08,,,,
683,,,0.013854334130883217,,,,
684,,,5.544293344428297e-07,,,,
685,,,0.06977817416191101,,,,
686,,,0.010241962969303131,,,,
687,,,2.3264853155069432e-07,,,,
688,,,0.0051902951672673225,,,,
689,,,1.4884771815104614e-07,,,,
690,,,1.7155954878944613e-07,,,,
691,,,1.5558140376015217e-07,,,,
692,,,7.087290754270725e-08,,,,
693,,,1.5349750981386023e-07,,,,
694,,,0.007928622886538506,,,,
695,,,0.014339487999677658,,,,
696,,,0.0018036927795037627,,,,
697,,,2.667200351424981e-05,,,,
698,,,0.0016420194879174232,,,,
699,,,1.2603764787399996e-07,,,,
5494,,34,,0.006574657279998064,,,
5494,,34,,,0.9437500238418579,0.0052331965416669846,0.9937499761581421
