step,csv-train_loss_step,csv-epoch,csv-val_loss_step,csv-val_loss_epoch,csv-accuracy/exact,csv-train_loss_epoch,csv-accuracy/validator
0,2.664367198944092,0,,,,,
1,2.576268434524536,0,,,,,
2,2.4397730827331543,0,,,,,
3,2.178349018096924,0,,,,,
4,2.2594213485717773,0,,,,,
5,2.0560359954833984,0,,,,,
6,2.0062785148620605,0,,,,,
7,1.9213323593139648,0,,,,,
8,1.732595443725586,0,,,,,
9,1.6701604127883911,0,,,,,
10,1.8127855062484741,0,,,,,
11,1.7962285280227661,0,,,,,
12,1.6072255373001099,0,,,,,
13,1.714840292930603,0,,,,,
14,1.6559871435165405,0,,,,,
15,1.5575100183486938,0,,,,,
16,1.5915359258651733,0,,,,,
17,1.543882966041565,0,,,,,
18,1.4254486560821533,0,,,,,
19,1.4580929279327393,0,,,,,
20,1.3816070556640625,0,,,,,
21,1.3792860507965088,0,,,,,
22,1.3615193367004395,0,,,,,
23,1.3638901710510254,0,,,,,
24,1.3398576974868774,0,,,,,
25,1.2709054946899414,0,,,,,
26,1.382061243057251,0,,,,,
27,1.1881682872772217,0,,,,,
28,1.192968726158142,0,,,,,
29,1.3004103899002075,0,,,,,
30,1.1404153108596802,0,,,,,
31,1.1283897161483765,0,,,,,
32,1.1164631843566895,0,,,,,
33,0.9816498160362244,0,,,,,
34,1.006667971611023,0,,,,,
35,1.0918232202529907,0,,,,,
36,0.954960823059082,0,,,,,
37,0.9049410820007324,0,,,,,
38,0.8971202969551086,0,,,,,
39,0.8641300201416016,0,,,,,
40,0.8669206500053406,0,,,,,
41,0.8201392292976379,0,,,,,
42,0.8526280522346497,0,,,,,
43,0.9019452333450317,0,,,,,
44,0.8425858020782471,0,,,,,
45,0.7464044094085693,0,,,,,
46,0.8524345755577087,0,,,,,
47,0.7918884754180908,0,,,,,
48,0.8369575142860413,0,,,,,
49,0.7082943916320801,0,,,,,
50,0.6213129162788391,0,,,,,
51,0.677829384803772,0,,,,,
52,0.714716911315918,0,,,,,
53,0.7042648792266846,0,,,,,
54,0.6913822889328003,0,,,,,
55,0.5903720855712891,0,,,,,
56,0.6168738603591919,0,,,,,
57,0.6381474733352661,0,,,,,
58,0.6022614240646362,0,,,,,
59,0.5824471116065979,0,,,,,
60,0.5028201937675476,0,,,,,
61,0.7864619493484497,0,,,,,
62,0.8828191161155701,0,,,,,
63,0.6690670251846313,0,,,,,
64,0.6793554425239563,0,,,,,
65,0.7059072256088257,0,,,,,
66,0.4123413562774658,0,,,,,
67,0.45384541153907776,0,,,,,
68,0.6864087581634521,0,,,,,
69,0.4995003640651703,0,,,,,
70,0.4981197714805603,0,,,,,
71,0.5387160778045654,0,,,,,
72,0.43486735224723816,0,,,,,
73,0.6588868498802185,0,,,,,
74,0.42140522599220276,0,,,,,
75,0.5124058723449707,0,,,,,
76,0.36700132489204407,0,,,,,
77,0.5757052302360535,0,,,,,
78,0.5920878052711487,0,,,,,
0,,,0.21133553981781006,,,,
1,,,0.347453773021698,,,,
2,,,0.42354339361190796,,,,
3,,,0.1760217398405075,,,,
4,,,0.40882018208503723,,,,
5,,,0.34358012676239014,,,,
6,,,0.5691044330596924,,,,
7,,,0.2498331516981125,,,,
8,,,0.3272990882396698,,,,
9,,,0.2471301257610321,,,,
78,,0,,0.3325475752353668,,,
78,,0,,,0.0,1.0983457565307617,0.0
79,0.5190380215644836,1,,,,,
80,0.3437829315662384,1,,,,,
81,0.3547036647796631,1,,,,,
82,0.42777034640312195,1,,,,,
83,0.3375837206840515,1,,,,,
84,0.6089798212051392,1,,,,,
85,0.39348140358924866,1,,,,,
86,0.49259093403816223,1,,,,,
87,0.3114756941795349,1,,,,,
88,0.3133065402507782,1,,,,,
89,0.280917227268219,1,,,,,
90,0.4555146098136902,1,,,,,
91,0.46706661581993103,1,,,,,
92,0.28149905800819397,1,,,,,
93,0.44551965594291687,1,,,,,
94,0.3276103436946869,1,,,,,
95,0.5250028371810913,1,,,,,
96,0.37344953417778015,1,,,,,
97,0.27324092388153076,1,,,,,
98,0.2920888364315033,1,,,,,
99,0.4049575924873352,1,,,,,
100,0.3303050398826599,1,,,,,
101,0.28572067618370056,1,,,,,
102,0.22414402663707733,1,,,,,
103,0.2836449444293976,1,,,,,
104,0.2892446219921112,1,,,,,
105,0.2707444727420807,1,,,,,
106,0.2818014323711395,1,,,,,
107,0.2786596417427063,1,,,,,
108,0.33601558208465576,1,,,,,
109,0.22894731163978577,1,,,,,
110,0.23043853044509888,1,,,,,
111,0.137982577085495,1,,,,,
112,0.36855843663215637,1,,,,,
113,0.18359532952308655,1,,,,,
114,0.22321107983589172,1,,,,,
115,0.32158365845680237,1,,,,,
116,0.3059046268463135,1,,,,,
117,0.31010743975639343,1,,,,,
118,0.25051477551460266,1,,,,,
119,0.32018008828163147,1,,,,,
120,0.14652270078659058,1,,,,,
121,0.2285776138305664,1,,,,,
122,0.26664525270462036,1,,,,,
123,0.13183407485485077,1,,,,,
124,0.19891662895679474,1,,,,,
125,0.3750704526901245,1,,,,,
126,0.27687960863113403,1,,,,,
127,0.3077324330806732,1,,,,,
128,0.28429698944091797,1,,,,,
129,0.16940852999687195,1,,,,,
130,0.4627678096294403,1,,,,,
131,0.1627500355243683,1,,,,,
132,0.18738485872745514,1,,,,,
133,0.13900232315063477,1,,,,,
134,0.2870008647441864,1,,,,,
135,0.12095581740140915,1,,,,,
136,0.12380416691303253,1,,,,,
137,0.16892504692077637,1,,,,,
138,0.1269809454679489,1,,,,,
139,0.19160667061805725,1,,,,,
140,0.33757346868515015,1,,,,,
141,0.4032015800476074,1,,,,,
142,0.18524831533432007,1,,,,,
143,0.13071148097515106,1,,,,,
144,0.23158162832260132,1,,,,,
145,0.2486167699098587,1,,,,,
146,0.23480167984962463,1,,,,,
147,0.12020157277584076,1,,,,,
148,0.09511051326990128,1,,,,,
149,0.2663843631744385,1,,,,,
150,0.1878911703824997,1,,,,,
151,0.10248170047998428,1,,,,,
152,0.08850972354412079,1,,,,,
153,0.20444311201572418,1,,,,,
154,0.17390818893909454,1,,,,,
155,0.09462559223175049,1,,,,,
156,0.20988810062408447,1,,,,,
157,0.2930189371109009,1,,,,,
10,,,0.042240314185619354,,,,
11,,,0.06989682465791702,,,,
12,,,0.19653235375881195,,,,
13,,,0.02305394411087036,,,,
14,,,0.11726358532905579,,,,
15,,,0.07614058256149292,,,,
16,,,0.2218126654624939,,,,
17,,,0.08395732194185257,,,,
18,,,0.13054625689983368,,,,
19,,,0.022050168365240097,,,,
157,,1,,0.10030579566955566,,,
157,,1,,,0.7196428775787354,0.27397778630256653,0.8339285850524902
158,0.12558846175670624,2,,,,,
159,0.1669372320175171,2,,,,,
160,0.14116829633712769,2,,,,,
161,0.11032847315073013,2,,,,,
162,0.06933005899190903,2,,,,,
163,0.3298642337322235,2,,,,,
164,0.06312839686870575,2,,,,,
165,0.18567290902137756,2,,,,,
166,0.1482599377632141,2,,,,,
167,0.19897840917110443,2,,,,,
168,0.19694440066814423,2,,,,,
169,0.14353887736797333,2,,,,,
170,0.20000068843364716,2,,,,,
171,0.15324053168296814,2,,,,,
172,0.04665806517004967,2,,,,,
173,0.11001583188772202,2,,,,,
174,0.10775536298751831,2,,,,,
175,0.18309560418128967,2,,,,,
176,0.15792910754680634,2,,,,,
177,0.17221038043498993,2,,,,,
178,0.15181981027126312,2,,,,,
179,0.06215299293398857,2,,,,,
180,0.18183287978172302,2,,,,,
181,0.08703011274337769,2,,,,,
182,0.0810793787240982,2,,,,,
183,0.06202147901058197,2,,,,,
184,0.10580389201641083,2,,,,,
185,0.18022695183753967,2,,,,,
186,0.13008439540863037,2,,,,,
187,0.06327132135629654,2,,,,,
188,0.1655692309141159,2,,,,,
189,0.20756451785564423,2,,,,,
190,0.0876186415553093,2,,,,,
191,0.09822571277618408,2,,,,,
192,0.06583986431360245,2,,,,,
193,0.09822502732276917,2,,,,,
194,0.16732391715049744,2,,,,,
195,0.06547970324754715,2,,,,,
196,0.05853813514113426,2,,,,,
197,0.12169968336820602,2,,,,,
198,0.10584544390439987,2,,,,,
199,0.2163134515285492,2,,,,,
200,0.1382351517677307,2,,,,,
201,0.1897379755973816,2,,,,,
202,0.10742025822401047,2,,,,,
203,0.14418426156044006,2,,,,,
204,0.1106945052742958,2,,,,,
205,0.06655315309762955,2,,,,,
206,0.0441279262304306,2,,,,,
207,0.06787656992673874,2,,,,,
208,0.08049078285694122,2,,,,,
209,0.04694032296538353,2,,,,,
210,0.030978644266724586,2,,,,,
211,0.07049673050642014,2,,,,,
212,0.11645366996526718,2,,,,,
213,0.05944500118494034,2,,,,,
214,0.05178455635905266,2,,,,,
215,0.05010153725743294,2,,,,,
216,0.1349520981311798,2,,,,,
217,0.07549154758453369,2,,,,,
218,0.2601088285446167,2,,,,,
219,0.2571311593055725,2,,,,,
220,0.135300874710083,2,,,,,
221,0.04483911767601967,2,,,,,
222,0.18807439506053925,2,,,,,
223,0.137059286236763,2,,,,,
224,0.19941067695617676,2,,,,,
225,0.06795497238636017,2,,,,,
226,0.13369940221309662,2,,,,,
227,0.0742228627204895,2,,,,,
228,0.3191632628440857,2,,,,,
229,0.04787826910614967,2,,,,,
230,0.16795480251312256,2,,,,,
231,0.07687684893608093,2,,,,,
232,0.07228215038776398,2,,,,,
233,0.1450766772031784,2,,,,,
234,0.07292845100164413,2,,,,,
235,0.04865968972444534,2,,,,,
236,0.16470372676849365,2,,,,,
20,,,0.026267053559422493,,,,
21,,,0.04820377007126808,,,,
22,,,0.12645113468170166,,,,
23,,,0.01198204979300499,,,,
24,,,0.07656155526638031,,,,
25,,,0.044787775725126266,,,,
26,,,0.14102362096309662,,,,
27,,,0.04779231175780296,,,,
28,,,0.08701714128255844,,,,
29,,,0.00768577354028821,,,,
236,,2,,0.06316417455673218,,,
236,,2,,,0.8232142329216003,0.12338832020759583,0.9107142686843872
237,0.03104758821427822,3,,,,,
238,0.05249404534697533,3,,,,,
239,0.11330322921276093,3,,,,,
240,0.12825433909893036,3,,,,,
241,0.07263394445180893,3,,,,,
242,0.14588187634944916,3,,,,,
243,0.07095643877983093,3,,,,,
244,0.0652092918753624,3,,,,,
245,0.3267195522785187,3,,,,,
246,0.0828537791967392,3,,,,,
247,0.05309467390179634,3,,,,,
248,0.10382089763879776,3,,,,,
249,0.14515849947929382,3,,,,,
250,0.06523118913173676,3,,,,,
251,0.030958566814661026,3,,,,,
252,0.03805207833647728,3,,,,,
253,0.058709125965833664,3,,,,,
254,0.1725049763917923,3,,,,,
255,0.14961419999599457,3,,,,,
256,0.040765270590782166,3,,,,,
257,0.03859315440058708,3,,,,,
258,0.12288102507591248,3,,,,,
259,0.03360726684331894,3,,,,,
260,0.028572874143719673,3,,,,,
261,0.17546574771404266,3,,,,,
262,0.08467210829257965,3,,,,,
263,0.14963269233703613,3,,,,,
264,0.19270913302898407,3,,,,,
265,0.07058297842741013,3,,,,,
266,0.060170672833919525,3,,,,,
267,0.06975889950990677,3,,,,,
268,0.05243626981973648,3,,,,,
269,0.061469946056604385,3,,,,,
270,0.06137651950120926,3,,,,,
271,0.08232749253511429,3,,,,,
272,0.06947407126426697,3,,,,,
273,0.17371617257595062,3,,,,,
274,0.03921312838792801,3,,,,,
275,0.060391444712877274,3,,,,,
276,0.042336609214544296,3,,,,,
277,0.08916985243558884,3,,,,,
278,0.07827989757061005,3,,,,,
279,0.21336542069911957,3,,,,,
280,0.05031665414571762,3,,,,,
281,0.04438943788409233,3,,,,,
282,0.08361486345529556,3,,,,,
283,0.18190786242485046,3,,,,,
284,0.054494816809892654,3,,,,,
285,0.03641388565301895,3,,,,,
286,0.11430723965167999,3,,,,,
287,0.029847903177142143,3,,,,,
288,0.03704502061009407,3,,,,,
289,0.06922821700572968,3,,,,,
290,0.057275015860795975,3,,,,,
291,0.14764317870140076,3,,,,,
292,0.10264314711093903,3,,,,,
293,0.04159627482295036,3,,,,,
294,0.05768115818500519,3,,,,,
295,0.03039078786969185,3,,,,,
296,0.04615040495991707,3,,,,,
297,0.08101999014616013,3,,,,,
298,0.06432510167360306,3,,,,,
299,0.19798201322555542,3,,,,,
300,0.09814000129699707,3,,,,,
301,0.15738461911678314,3,,,,,
302,0.029348941519856453,3,,,,,
303,0.05200115218758583,3,,,,,
304,0.0766889825463295,3,,,,,
305,0.1832507699728012,3,,,,,
306,0.051897741854190826,3,,,,,
307,0.016435103490948677,3,,,,,
308,0.10815238207578659,3,,,,,
309,0.053721461445093155,3,,,,,
310,0.03461023420095444,3,,,,,
311,0.02802099473774433,3,,,,,
312,0.09599216282367706,3,,,,,
313,0.12092380970716476,3,,,,,
314,0.07089444994926453,3,,,,,
315,0.05022835731506348,3,,,,,
30,,,0.004417438060045242,,,,
31,,,0.04000597447156906,,,,
32,,,0.11868821084499359,,,,
33,,,0.0044574071653187275,,,,
34,,,0.07412856817245483,,,,
35,,,0.03188968822360039,,,,
36,,,0.12595145404338837,,,,
37,,,0.0420539528131485,,,,
38,,,0.08979608863592148,,,,
39,,,0.001857647905126214,,,,
315,,3,,0.05464430898427963,,,
315,,3,,,0.7446428537368774,0.08576761186122894,0.8589285612106323
316,0.10417100787162781,4,,,,,
317,0.0559425987303257,4,,,,,
318,0.11773268133401871,4,,,,,
319,0.062229547649621964,4,,,,,
320,0.09488675743341446,4,,,,,
321,0.09629900008440018,4,,,,,
322,0.023695247247815132,4,,,,,
323,0.09439373761415482,4,,,,,
324,0.037294331938028336,4,,,,,
325,0.02297777496278286,4,,,,,
326,0.08681371808052063,4,,,,,
327,0.1216236874461174,4,,,,,
328,0.19768822193145752,4,,,,,
329,0.08040335029363632,4,,,,,
330,0.027679644525051117,4,,,,,
331,0.023643972352147102,4,,,,,
332,0.033303264528512955,4,,,,,
333,0.07921341806650162,4,,,,,
334,0.022138016298413277,4,,,,,
335,0.1101246327161789,4,,,,,
336,0.07184185832738876,4,,,,,
337,0.04830911010503769,4,,,,,
338,0.021704532206058502,4,,,,,
339,0.15996982157230377,4,,,,,
340,0.03479994460940361,4,,,,,
341,0.019950738176703453,4,,,,,
342,0.07973752170801163,4,,,,,
343,0.09200001507997513,4,,,,,
344,0.03162379562854767,4,,,,,
345,0.14635102450847626,4,,,,,
346,0.01811971329152584,4,,,,,
347,0.15204882621765137,4,,,,,
348,0.06335113197565079,4,,,,,
349,0.023640282452106476,4,,,,,
350,0.04936010390520096,4,,,,,
351,0.055544424802064896,4,,,,,
352,0.04914819076657295,4,,,,,
353,0.037961672991514206,4,,,,,
354,0.026488931849598885,4,,,,,
355,0.02936256118118763,4,,,,,
356,0.048058778047561646,4,,,,,
357,0.06411202251911163,4,,,,,
358,0.06576202064752579,4,,,,,
359,0.0765431672334671,4,,,,,
360,0.06263227015733719,4,,,,,
361,0.04640701785683632,4,,,,,
362,0.1409401297569275,4,,,,,
363,0.02479703351855278,4,,,,,
364,0.01505858264863491,4,,,,,
365,0.02207004651427269,4,,,,,
366,0.08723285049200058,4,,,,,
367,0.08866243064403534,4,,,,,
368,0.07793556898832321,4,,,,,
369,0.02494347095489502,4,,,,,
370,0.09425363689661026,4,,,,,
371,0.08139794319868088,4,,,,,
372,0.05685129016637802,4,,,,,
373,0.14373177289962769,4,,,,,
374,0.07413182407617569,4,,,,,
375,0.10867739468812943,4,,,,,
376,0.16438426077365875,4,,,,,
377,0.12464210391044617,4,,,,,
378,0.0858955904841423,4,,,,,
379,0.030889073386788368,4,,,,,
380,0.01334318146109581,4,,,,,
381,0.061914652585983276,4,,,,,
382,0.021718721836805344,4,,,,,
383,0.11443573981523514,4,,,,,
384,0.030607707798480988,4,,,,,
385,0.12225889414548874,4,,,,,
386,0.029562421143054962,4,,,,,
387,0.07222245633602142,4,,,,,
388,0.1556757241487503,4,,,,,
389,0.05633633956313133,4,,,,,
390,0.016814853996038437,4,,,,,
391,0.03537101298570633,4,,,,,
392,0.04692191258072853,4,,,,,
393,0.07327982783317566,4,,,,,
394,0.025427095592021942,4,,,,,
40,,,0.005232551600784063,,,,
41,,,0.030631480738520622,,,,
42,,,0.1027054637670517,,,,
43,,,0.005788293667137623,,,,
44,,,0.06350122392177582,,,,
45,,,0.020536869764328003,,,,
46,,,0.1019660085439682,,,,
47,,,0.04126232489943504,,,,
48,,,0.07725629955530167,,,,
49,,,0.0018562646582722664,,,,
394,,4,,0.0461818166077137,,,
394,,4,,,0.8232142329216003,0.06856237351894379,0.9375
395,0.016455864533782005,5,,,,,
396,0.0923433005809784,5,,,,,
397,0.0823785811662674,5,,,,,
398,0.03768585994839668,5,,,,,
399,0.04667659103870392,5,,,,,
400,0.07381512224674225,5,,,,,
401,0.08830507844686508,5,,,,,
402,0.009124827571213245,5,,,,,
403,0.06627696007490158,5,,,,,
404,0.08959712833166122,5,,,,,
405,0.08641922473907471,5,,,,,
406,0.07467015832662582,5,,,,,
407,0.01842327043414116,5,,,,,
408,0.033600982278585434,5,,,,,
409,0.02037106454372406,5,,,,,
410,0.08169936388731003,5,,,,,
411,0.024084195494651794,5,,,,,
412,0.017255958169698715,5,,,,,
413,0.053100284188985825,5,,,,,
414,0.0205378457903862,5,,,,,
415,0.0670367106795311,5,,,,,
416,0.029485071077942848,5,,,,,
417,0.0963665172457695,5,,,,,
418,0.05475432425737381,5,,,,,
419,0.03459100052714348,5,,,,,
420,0.048187777400016785,5,,,,,
421,0.024362854659557343,5,,,,,
422,0.07303158938884735,5,,,,,
423,0.13674390316009521,5,,,,,
424,0.015469471924006939,5,,,,,
425,0.07211155444383621,5,,,,,
426,0.08702047914266586,5,,,,,
427,0.035042695701122284,5,,,,,
428,0.03604850545525551,5,,,,,
429,0.06948783993721008,5,,,,,
430,0.03818051144480705,5,,,,,
431,0.049210235476493835,5,,,,,
432,0.05467755347490311,5,,,,,
433,0.09394434839487076,5,,,,,
434,0.024438753724098206,5,,,,,
435,0.08089552819728851,5,,,,,
436,0.026065237820148468,5,,,,,
437,0.1199425756931305,5,,,,,
438,0.06910373270511627,5,,,,,
439,0.03136298805475235,5,,,,,
440,0.021582655608654022,5,,,,,
441,0.04651089385151863,5,,,,,
442,0.09022492915391922,5,,,,,
443,0.00684557156637311,5,,,,,
444,0.1194089949131012,5,,,,,
445,0.036911606788635254,5,,,,,
446,0.03218277171254158,5,,,,,
447,0.02614734321832657,5,,,,,
448,0.0141777778044343,5,,,,,
449,0.05201173946261406,5,,,,,
450,0.037551671266555786,5,,,,,
451,0.0333196260035038,5,,,,,
452,0.00745919207111001,5,,,,,
453,0.04432397335767746,5,,,,,
454,0.18670640885829926,5,,,,,
455,0.11505360901355743,5,,,,,
456,0.031074998900294304,5,,,,,
457,0.1238950565457344,5,,,,,
458,0.018793851137161255,5,,,,,
459,0.0954841896891594,5,,,,,
460,0.025809407234191895,5,,,,,
461,0.12281671911478043,5,,,,,
462,0.02360476925969124,5,,,,,
463,0.0638919249176979,5,,,,,
464,0.10910790413618088,5,,,,,
465,0.011738828383386135,5,,,,,
466,0.014288865029811859,5,,,,,
467,0.0613926537334919,5,,,,,
468,0.10537940263748169,5,,,,,
469,0.0306203905493021,5,,,,,
470,0.09278927743434906,5,,,,,
471,0.040687087923288345,5,,,,,
472,0.11363517493009567,5,,,,,
473,0.16548700630664825,5,,,,,
50,,,0.005344700999557972,,,,
51,,,0.029235268011689186,,,,
52,,,0.0979718342423439,,,,
53,,,0.007758449297398329,,,,
54,,,0.052915193140506744,,,,
55,,,0.016386395320296288,,,,
56,,,0.09023065119981766,,,,
57,,,0.046477045863866806,,,,
58,,,0.06524927169084549,,,,
59,,,0.001670165336690843,,,,
473,,5,,0.042340658605098724,,,
473,,5,,,0.7571429014205933,0.057644281536340714,0.8732142448425293
474,0.13863420486450195,6,,,,,
475,0.058781448751688004,6,,,,,
476,0.07762657850980759,6,,,,,
477,0.04952805116772652,6,,,,,
478,0.04254839941859245,6,,,,,
479,0.08574900031089783,6,,,,,
480,0.04878361150622368,6,,,,,
481,0.0657828077673912,6,,,,,
482,0.024089043959975243,6,,,,,
483,0.02153119258582592,6,,,,,
484,0.07651037722826004,6,,,,,
485,0.0997057780623436,6,,,,,
486,0.05255816876888275,6,,,,,
487,0.02770867757499218,6,,,,,
488,0.09828712046146393,6,,,,,
489,0.017806513234972954,6,,,,,
490,0.08661313354969025,6,,,,,
491,0.0365816131234169,6,,,,,
492,0.01974616013467312,6,,,,,
493,0.019001556560397148,6,,,,,
494,0.0325615368783474,6,,,,,
495,0.008334972895681858,6,,,,,
496,0.07642301917076111,6,,,,,
497,0.025946279987692833,6,,,,,
498,0.0240488201379776,6,,,,,
499,0.07828076183795929,6,,,,,
500,0.027719445526599884,6,,,,,
501,0.02601034753024578,6,,,,,
502,0.09084545075893402,6,,,,,
503,0.07851395756006241,6,,,,,
504,0.0668536126613617,6,,,,,
505,0.08025524765253067,6,,,,,
506,0.10495682060718536,6,,,,,
507,0.106371209025383,6,,,,,
508,0.03546076640486717,6,,,,,
509,0.05303366854786873,6,,,,,
510,0.02754141576588154,6,,,,,
511,0.04135574772953987,6,,,,,
512,0.07898428291082382,6,,,,,
513,0.027922142297029495,6,,,,,
514,0.04125865921378136,6,,,,,
515,0.05921991914510727,6,,,,,
516,0.06581743061542511,6,,,,,
517,0.06580796092748642,6,,,,,
518,0.06957902759313583,6,,,,,
519,0.013483233749866486,6,,,,,
520,0.0479511097073555,6,,,,,
521,0.02367512322962284,6,,,,,
522,0.05106363072991371,6,,,,,
523,0.010662734508514404,6,,,,,
524,0.06297855079174042,6,,,,,
525,0.045319098979234695,6,,,,,
526,0.04348171129822731,6,,,,,
527,0.04610702767968178,6,,,,,
528,0.07766900211572647,6,,,,,
529,0.04113232344388962,6,,,,,
530,0.03612624853849411,6,,,,,
531,0.07072501629590988,6,,,,,
532,0.04842975363135338,6,,,,,
533,0.02614067867398262,6,,,,,
534,0.11689874529838562,6,,,,,
535,0.08968737721443176,6,,,,,
536,0.017823437228798866,6,,,,,
537,0.035196155309677124,6,,,,,
538,0.028243713080883026,6,,,,,
539,0.030257225036621094,6,,,,,
540,0.0558350533246994,6,,,,,
541,0.05535276234149933,6,,,,,
542,0.03202344849705696,6,,,,,
543,0.03168056905269623,6,,,,,
544,0.021244753152132034,6,,,,,
545,0.061637382954359055,6,,,,,
546,0.02649310790002346,6,,,,,
547,0.03413094952702522,6,,,,,
548,0.10740801692008972,6,,,,,
549,0.07627888768911362,6,,,,,
550,0.013181447982788086,6,,,,,
551,0.05276477709412575,6,,,,,
552,0.007371550891548395,6,,,,,
60,,,0.003977826796472073,,,,
61,,,0.025088833644986153,,,,
62,,,0.0898204892873764,,,,
63,,,0.007355534005910158,,,,
64,,,0.050301842391490936,,,,
65,,,0.01365741342306137,,,,
66,,,0.10186655074357986,,,,
67,,,0.042436715215444565,,,,
68,,,0.06305006146430969,,,,
69,,,0.00043258097139187157,,,,
552,,6,,0.04080817475914955,,,
552,,6,,,0.8196428418159485,0.05198753997683525,0.9232142567634583
553,0.025876568630337715,7,,,,,
554,0.080373615026474,7,,,,,
555,0.05246417596936226,7,,,,,
556,0.04642954468727112,7,,,,,
557,0.06860863417387009,7,,,,,
558,0.004773750435560942,7,,,,,
559,0.01309255138039589,7,,,,,
560,0.06108895689249039,7,,,,,
561,0.012791319750249386,7,,,,,
562,0.04852360486984253,7,,,,,
563,0.10538537055253983,7,,,,,
564,0.044500939548015594,7,,,,,
565,0.0660172626376152,7,,,,,
566,0.07192017883062363,7,,,,,
567,0.03729785606265068,7,,,,,
568,0.04861951246857643,7,,,,,
569,0.013713930733501911,7,,,,,
570,0.07312891632318497,7,,,,,
571,0.11719419807195663,7,,,,,
572,0.06880692392587662,7,,,,,
573,0.04047860950231552,7,,,,,
574,0.038857169449329376,7,,,,,
575,0.04305291920900345,7,,,,,
576,0.04998789355158806,7,,,,,
577,0.08304505050182343,7,,,,,
578,0.030941007658839226,7,,,,,
579,0.02112651988863945,7,,,,,
580,0.07572980970144272,7,,,,,
581,0.044153232127428055,7,,,,,
582,0.017699988558888435,7,,,,,
583,0.05872369930148125,7,,,,,
584,0.05229256674647331,7,,,,,
585,0.03422987833619118,7,,,,,
586,0.04630868509411812,7,,,,,
587,0.13268420100212097,7,,,,,
588,0.0271848663687706,7,,,,,
589,0.03767111152410507,7,,,,,
590,0.013748903758823872,7,,,,,
591,0.05288116633892059,7,,,,,
592,0.03922383859753609,7,,,,,
593,0.08552264422178268,7,,,,,
594,0.1337883323431015,7,,,,,
595,0.04230744019150734,7,,,,,
596,0.008698174729943275,7,,,,,
597,0.010379555635154247,7,,,,,
598,0.033957358449697495,7,,,,,
599,0.022954735904932022,7,,,,,
600,0.009056790731847286,7,,,,,
601,0.03283986821770668,7,,,,,
602,0.022099673748016357,7,,,,,
603,0.11590278148651123,7,,,,,
604,0.016934528946876526,7,,,,,
605,0.011380532756447792,7,,,,,
606,0.10245819389820099,7,,,,,
607,0.035176683217287064,7,,,,,
608,0.08405537903308868,7,,,,,
609,0.06480006873607635,7,,,,,
610,0.009940613992512226,7,,,,,
611,0.06698822975158691,7,,,,,
612,0.034719374030828476,7,,,,,
613,0.018058767542243004,7,,,,,
614,0.022091401740908623,7,,,,,
615,0.053335435688495636,7,,,,,
616,0.0440448634326458,7,,,,,
617,0.047151338309049606,7,,,,,
618,0.013605901971459389,7,,,,,
619,0.016537418588995934,7,,,,,
620,0.02945222146809101,7,,,,,
621,0.12732571363449097,7,,,,,
622,0.04769163578748703,7,,,,,
623,0.04209214821457863,7,,,,,
624,0.022962599992752075,7,,,,,
625,0.022047217935323715,7,,,,,
626,0.026061447337269783,7,,,,,
627,0.04254591092467308,7,,,,,
628,0.08713375777006149,7,,,,,
629,0.013630014844238758,7,,,,,
630,0.13335992395877838,7,,,,,
631,0.004152064211666584,7,,,,,
70,,,0.0028010662645101547,,,,
71,,,0.026439335197210312,,,,
72,,,0.09360969811677933,,,,
73,,,0.005949467420578003,,,,
74,,,0.05717688053846359,,,,
75,,,0.01292639970779419,,,,
76,,,0.09388505667448044,,,,
77,,,0.04619021713733673,,,,
78,,,0.0676245242357254,,,,
79,,,0.00035498736542649567,,,,
631,,7,,0.041730139404535294,,,
631,,7,,,0.8089286088943481,0.04791418835520744,0.8982142210006714
632,0.010480917058885098,8,,,,,
633,0.11584378778934479,8,,,,,
634,0.04291195049881935,8,,,,,
635,0.008381816558539867,8,,,,,
636,0.03432871773838997,8,,,,,
637,0.031026901677250862,8,,,,,
638,0.07572390139102936,8,,,,,
639,0.011855275370180607,8,,,,,
640,0.016197171062231064,8,,,,,
641,0.06488728523254395,8,,,,,
642,0.06522148102521896,8,,,,,
643,0.031966932117938995,8,,,,,
644,0.03304904326796532,8,,,,,
645,0.12709097564220428,8,,,,,
646,0.0736522227525711,8,,,,,
647,0.014845317229628563,8,,,,,
648,0.021428870037198067,8,,,,,
649,0.014801530167460442,8,,,,,
650,0.01659484952688217,8,,,,,
651,0.012072032317519188,8,,,,,
652,0.10031887888908386,8,,,,,
653,0.010617058724164963,8,,,,,
654,0.023375071585178375,8,,,,,
655,0.009599443525075912,8,,,,,
656,0.025910470634698868,8,,,,,
657,0.05998942255973816,8,,,,,
658,0.017346857115626335,8,,,,,
659,0.034681614488363266,8,,,,,
660,0.08166510611772537,8,,,,,
661,0.06192755699157715,8,,,,,
662,0.011912825517356396,8,,,,,
663,0.07549095898866653,8,,,,,
664,0.02899319864809513,8,,,,,
665,0.05496096611022949,8,,,,,
666,0.06488554179668427,8,,,,,
667,0.02706335112452507,8,,,,,
668,0.06050565466284752,8,,,,,
669,0.009332817047834396,8,,,,,
670,0.012558377347886562,8,,,,,
671,0.01364542730152607,8,,,,,
672,0.019338449463248253,8,,,,,
673,0.03477741405367851,8,,,,,
674,0.016432523727416992,8,,,,,
675,0.024243388324975967,8,,,,,
676,0.07352688163518906,8,,,,,
677,0.015300853177905083,8,,,,,
678,0.04670606181025505,8,,,,,
679,0.03259504586458206,8,,,,,
680,0.05319024994969368,8,,,,,
681,0.11684107780456543,8,,,,,
682,0.015607254579663277,8,,,,,
683,0.12869788706302643,8,,,,,
684,0.020193733274936676,8,,,,,
685,0.01044582948088646,8,,,,,
686,0.06304288655519485,8,,,,,
687,0.023282641544938087,8,,,,,
688,0.011801237240433693,8,,,,,
689,0.05456282198429108,8,,,,,
690,0.015397853218019009,8,,,,,
691,0.021018465980887413,8,,,,,
692,0.05543471500277519,8,,,,,
693,0.04982592165470123,8,,,,,
694,0.1346917748451233,8,,,,,
695,0.012151354923844337,8,,,,,
696,0.030934570357203484,8,,,,,
697,0.042104221880435944,8,,,,,
698,0.051494818180799484,8,,,,,
699,0.06676091253757477,8,,,,,
700,0.023008698597550392,8,,,,,
701,0.03244469687342644,8,,,,,
702,0.008404513821005821,8,,,,,
703,0.01782388426363468,8,,,,,
704,0.003720784094184637,8,,,,,
705,0.03639689460396767,8,,,,,
706,0.16730883717536926,8,,,,,
707,0.010103268548846245,8,,,,,
708,0.009905096143484116,8,,,,,
709,0.0306211169809103,8,,,,,
710,0.010896041989326477,8,,,,,
80,,,0.002696963492780924,,,,
81,,,0.029751040041446686,,,,
82,,,0.08176608383655548,,,,
83,,,0.004191192798316479,,,,
84,,,0.052292365580797195,,,,
85,,,0.01613454893231392,,,,
86,,,0.10329869389533997,,,,
87,,,0.03627042844891548,,,,
88,,,0.06346038728952408,,,,
89,,,0.0003198163176421076,,,,
710,,8,,0.04001041501760483,,,
710,,8,,,0.7964285612106323,0.040719181299209595,0.8857142329216003
711,0.11240978538990021,9,,,,,
712,0.039913903921842575,9,,,,,
713,0.0036389727611094713,9,,,,,
714,0.07029793411493301,9,,,,,
715,0.029895810410380363,9,,,,,
716,0.03589905425906181,9,,,,,
717,0.09846783429384232,9,,,,,
718,0.05052262172102928,9,,,,,
719,0.04711651802062988,9,,,,,
720,0.04849370941519737,9,,,,,
721,0.033574026077985764,9,,,,,
722,0.0072747874073684216,9,,,,,
723,0.11392118036746979,9,,,,,
724,0.02658231556415558,9,,,,,
725,0.0743408054113388,9,,,,,
726,0.008912631310522556,9,,,,,
727,0.037882499396800995,9,,,,,
728,0.017092492431402206,9,,,,,
729,0.036098357290029526,9,,,,,
730,0.0375988706946373,9,,,,,
731,0.027575399726629257,9,,,,,
732,0.09255187213420868,9,,,,,
733,0.08885101974010468,9,,,,,
734,0.016406655311584473,9,,,,,
735,0.030558058992028236,9,,,,,
736,0.026819314807653427,9,,,,,
737,0.09886374324560165,9,,,,,
738,0.10173024237155914,9,,,,,
739,0.028238242492079735,9,,,,,
740,0.010515139438211918,9,,,,,
741,0.028712499886751175,9,,,,,
742,0.012190640904009342,9,,,,,
743,0.05754604563117027,9,,,,,
744,0.03305688500404358,9,,,,,
745,0.014149214141070843,9,,,,,
746,0.021692268550395966,9,,,,,
747,0.0880989283323288,9,,,,,
748,0.031122775748372078,9,,,,,
749,0.007256660144776106,9,,,,,
750,0.027767663821578026,9,,,,,
751,0.044709183275699615,9,,,,,
752,0.03577963262796402,9,,,,,
753,0.022183595225214958,9,,,,,
754,0.029298216104507446,9,,,,,
755,0.014251938089728355,9,,,,,
756,0.010961102321743965,9,,,,,
757,0.011982299387454987,9,,,,,
758,0.028179865330457687,9,,,,,
759,0.015223927795886993,9,,,,,
760,0.013277008198201656,9,,,,,
761,0.08249181509017944,9,,,,,
762,0.04113863781094551,9,,,,,
763,0.01598539762198925,9,,,,,
764,0.019705362617969513,9,,,,,
765,0.049911368638277054,9,,,,,
766,0.005515233147889376,9,,,,,
767,0.06627041846513748,9,,,,,
768,0.01496108341962099,9,,,,,
769,0.04671776294708252,9,,,,,
770,0.04984409734606743,9,,,,,
771,0.004174415022134781,9,,,,,
772,0.17797067761421204,9,,,,,
773,0.005100409034639597,9,,,,,
774,0.09108740091323853,9,,,,,
775,0.022942235693335533,9,,,,,
776,0.005117318592965603,9,,,,,
777,0.014129278250038624,9,,,,,
778,0.03422922268509865,9,,,,,
779,0.03897753357887268,9,,,,,
780,0.053197406232357025,9,,,,,
781,0.06493715196847916,9,,,,,
782,0.007591989357024431,9,,,,,
783,0.0348811000585556,9,,,,,
784,0.006834080908447504,9,,,,,
785,0.009279118850827217,9,,,,,
786,0.012168753892183304,9,,,,,
787,0.03532455489039421,9,,,,,
788,0.005909814033657312,9,,,,,
789,0.08039223402738571,9,,,,,
90,,,0.0015591921983286738,,,,
91,,,0.030632006004452705,,,,
92,,,0.08372097462415695,,,,
93,,,0.0020336986053735018,,,,
94,,,0.05334910377860069,,,,
95,,,0.01740504615008831,,,,
96,,,0.09475162625312805,,,,
97,,,0.03327374905347824,,,,
98,,,0.0587538443505764,,,,
99,,,0.00036907539470121264,,,,
789,,9,,0.03853908181190491,,,
789,,9,,,0.8374999761581421,0.038864750415086746,0.9375
790,0.01460878923535347,10,,,,,
791,0.03341473266482353,10,,,,,
792,0.006164842750877142,10,,,,,
793,0.10852483659982681,10,,,,,
794,0.02226235158741474,10,,,,,
795,0.03981850668787956,10,,,,,
796,0.009135205298662186,10,,,,,
797,0.06439337134361267,10,,,,,
798,0.010399692691862583,10,,,,,
799,0.12478602677583694,10,,,,,
800,0.010606245137751102,10,,,,,
801,0.028680823743343353,10,,,,,
802,0.010770929977297783,10,,,,,
803,0.010033030062913895,10,,,,,
804,0.010109394788742065,10,,,,,
805,0.005324969999492168,10,,,,,
806,0.0938466414809227,10,,,,,
807,0.0246331375092268,10,,,,,
808,0.11908835917711258,10,,,,,
809,0.006180903874337673,10,,,,,
810,0.0055944304913282394,10,,,,,
811,0.007072495296597481,10,,,,,
812,0.0735066682100296,10,,,,,
813,0.070561483502388,10,,,,,
814,0.08612183481454849,10,,,,,
815,0.030262865126132965,10,,,,,
816,0.018705619499087334,10,,,,,
817,0.07939548045396805,10,,,,,
818,0.022950857877731323,10,,,,,
819,0.02976059354841709,10,,,,,
820,0.04619157314300537,10,,,,,
821,0.04831617325544357,10,,,,,
822,0.008754408918321133,10,,,,,
823,0.04591658338904381,10,,,,,
824,0.010416928678750992,10,,,,,
825,0.04768688231706619,10,,,,,
826,0.024888958781957626,10,,,,,
827,0.04870525375008583,10,,,,,
828,0.13546733558177948,10,,,,,
829,0.021244965493679047,10,,,,,
830,0.03707936406135559,10,,,,,
831,0.015100586228072643,10,,,,,
832,0.04980653524398804,10,,,,,
833,0.019183391705155373,10,,,,,
834,0.008830913342535496,10,,,,,
835,0.02852439135313034,10,,,,,
836,0.01727333664894104,10,,,,,
837,0.013143002986907959,10,,,,,
838,0.08784956485033035,10,,,,,
839,0.03343586623668671,10,,,,,
840,0.013321992941200733,10,,,,,
841,0.013928095810115337,10,,,,,
842,0.027759475633502007,10,,,,,
843,0.02652265876531601,10,,,,,
844,0.015194536186754704,10,,,,,
845,0.03029685840010643,10,,,,,
846,0.01264947559684515,10,,,,,
847,0.007861542515456676,10,,,,,
848,0.09989380836486816,10,,,,,
849,0.047592129558324814,10,,,,,
850,0.027234183624386787,10,,,,,
851,0.014794250018894672,10,,,,,
852,0.01523259375244379,10,,,,,
853,0.009133391082286835,10,,,,,
854,0.008890658617019653,10,,,,,
855,0.055354926735162735,10,,,,,
856,0.01900194026529789,10,,,,,
857,0.054839782416820526,10,,,,,
858,0.011774524115025997,10,,,,,
859,0.005589708220213652,10,,,,,
860,0.08617687970399857,10,,,,,
861,0.03599134460091591,10,,,,,
862,0.00939378421753645,10,,,,,
863,0.07368933409452438,10,,,,,
864,0.07173151522874832,10,,,,,
865,0.015018504112958908,10,,,,,
866,0.02943526767194271,10,,,,,
867,0.02321511134505272,10,,,,,
868,0.006280112080276012,10,,,,,
100,,,0.002294119680300355,,,,
101,,,0.03204677999019623,,,,
102,,,0.0866883248090744,,,,
103,,,0.002928493544459343,,,,
104,,,0.05268142744898796,,,,
105,,,0.01427309401333332,,,,
106,,,0.1018688827753067,,,,
107,,,0.035193849354982376,,,,
108,,,0.06473623961210251,,,,
109,,,0.00025861719041131437,,,,
868,,10,,0.040297966450452805,,,
868,,10,,,0.8607142567634583,0.03557772934436798,0.949999988079071
869,0.029517101123929024,11,,,,,
870,0.01644698902964592,11,,,,,
871,0.0118546849116683,11,,,,,
872,0.011544091627001762,11,,,,,
873,0.008453120477497578,11,,,,,
874,0.06801850348711014,11,,,,,
875,0.014652498066425323,11,,,,,
876,0.05799590051174164,11,,,,,
877,0.04588516801595688,11,,,,,
878,0.024620091542601585,11,,,,,
879,0.0654648020863533,11,,,,,
880,0.055725131183862686,11,,,,,
881,0.008572627790272236,11,,,,,
882,0.016563836485147476,11,,,,,
883,0.02887757122516632,11,,,,,
884,0.010672795586287975,11,,,,,
885,0.06612460315227509,11,,,,,
886,0.019486436620354652,11,,,,,
887,0.017034394666552544,11,,,,,
888,0.009246554225683212,11,,,,,
889,0.013757476583123207,11,,,,,
890,0.005502711515873671,11,,,,,
891,0.006925186607986689,11,,,,,
892,0.03433995693922043,11,,,,,
893,0.01710624247789383,11,,,,,
894,0.05958786606788635,11,,,,,
895,0.11643050611019135,11,,,,,
896,0.008206015452742577,11,,,,,
897,0.012978139333426952,11,,,,,
898,0.008382364176213741,11,,,,,
899,0.006003593560308218,11,,,,,
900,0.011962841264903545,11,,,,,
901,0.010962717235088348,11,,,,,
902,0.019811805337667465,11,,,,,
903,0.09462428092956543,11,,,,,
904,0.03219097480177879,11,,,,,
905,0.0099306246265769,11,,,,,
906,0.0012073905672878027,11,,,,,
907,0.04953807219862938,11,,,,,
908,0.06998906284570694,11,,,,,
909,0.057747166603803635,11,,,,,
910,0.011574390344321728,11,,,,,
911,0.07685817033052444,11,,,,,
912,0.029811332002282143,11,,,,,
913,0.11176131665706635,11,,,,,
914,0.005974164232611656,11,,,,,
915,0.01026071421802044,11,,,,,
916,0.023377424106001854,11,,,,,
917,0.01943419873714447,11,,,,,
918,0.03610074520111084,11,,,,,
919,0.02437746524810791,11,,,,,
920,0.05393696948885918,11,,,,,
921,0.07470642030239105,11,,,,,
922,0.02216673456132412,11,,,,,
923,0.02680390328168869,11,,,,,
924,0.020635809749364853,11,,,,,
925,0.0364142581820488,11,,,,,
926,0.05847659707069397,11,,,,,
927,0.08007136732339859,11,,,,,
928,0.033633459359407425,11,,,,,
929,0.0361001193523407,11,,,,,
930,0.10718231648206711,11,,,,,
931,0.06741904467344284,11,,,,,
932,0.10001702606678009,11,,,,,
933,0.01426836010068655,11,,,,,
934,0.02152683585882187,11,,,,,
935,0.009892958216369152,11,,,,,
936,0.040172066539525986,11,,,,,
937,0.04740940406918526,11,,,,,
938,0.1089264526963234,11,,,,,
939,0.030980803072452545,11,,,,,
940,0.008209258317947388,11,,,,,
941,0.04778577759861946,11,,,,,
942,0.01297137513756752,11,,,,,
943,0.03941420093178749,11,,,,,
944,0.030014436691999435,11,,,,,
945,0.02157813124358654,11,,,,,
946,0.05248051509261131,11,,,,,
947,0.005528629291802645,11,,,,,
110,,,0.00347030907869339,,,,
111,,,0.02301892824470997,,,,
112,,,0.0739828497171402,,,,
113,,,0.003869739593937993,,,,
114,,,0.04623555392026901,,,,
115,,,0.0155850974842906,,,,
116,,,0.09607570618391037,,,,
117,,,0.029247380793094635,,,,
118,,,0.05651607736945152,,,,
119,,,0.0006603799993172288,,,,
947,,11,,0.03574327379465103,,,
947,,11,,,0.824999988079071,0.03558200225234032,0.925000011920929
948,0.004412754904478788,12,,,,,
949,0.035997480154037476,12,,,,,
950,0.03540455922484398,12,,,,,
951,0.0684448778629303,12,,,,,
952,0.02078169956803322,12,,,,,
953,0.018160833045840263,12,,,,,
954,0.1120162159204483,12,,,,,
955,0.01728145033121109,12,,,,,
956,0.009457236155867577,12,,,,,
957,0.014889546670019627,12,,,,,
958,0.055928658694028854,12,,,,,
959,0.006421373691409826,12,,,,,
960,0.008773467503488064,12,,,,,
961,0.03987905755639076,12,,,,,
962,0.036425698548555374,12,,,,,
963,0.04503164440393448,12,,,,,
964,0.011225882917642593,12,,,,,
965,0.015650922432541847,12,,,,,
966,0.03291882947087288,12,,,,,
967,0.08970047533512115,12,,,,,
968,0.06131679564714432,12,,,,,
969,0.041693057864904404,12,,,,,
970,0.015032503753900528,12,,,,,
971,0.006416667718440294,12,,,,,
972,0.06133629009127617,12,,,,,
973,0.010682017542421818,12,,,,,
974,0.10703302919864655,12,,,,,
975,0.010950092226266861,12,,,,,
976,0.02748926542699337,12,,,,,
977,0.029849153012037277,12,,,,,
978,0.010382401756942272,12,,,,,
979,0.030605928972363472,12,,,,,
980,0.04230007156729698,12,,,,,
981,0.007316281087696552,12,,,,,
982,0.008703604340553284,12,,,,,
983,0.08108174055814743,12,,,,,
984,0.05210638418793678,12,,,,,
985,0.027577301487326622,12,,,,,
986,0.007850633934140205,12,,,,,
987,0.006421986036002636,12,,,,,
988,0.052034199237823486,12,,,,,
989,0.05694182217121124,12,,,,,
990,0.014033745042979717,12,,,,,
991,0.051913198083639145,12,,,,,
992,0.050480134785175323,12,,,,,
993,0.05610546097159386,12,,,,,
994,0.030024178326129913,12,,,,,
995,0.006837948225438595,12,,,,,
996,0.00938351172953844,12,,,,,
997,0.02058911882340908,12,,,,,
998,0.012846152298152447,12,,,,,
999,0.01376910600811243,12,,,,,
1000,0.013422735966742039,12,,,,,
1001,0.005062588024884462,12,,,,,
1002,0.03217634931206703,12,,,,,
1003,0.00629018247127533,12,,,,,
1004,0.008688737638294697,12,,,,,
1005,0.0699080228805542,12,,,,,
1006,0.074296735227108,12,,,,,
1007,0.018668178468942642,12,,,,,
1008,0.08679983019828796,12,,,,,
1009,0.0075205410830676556,12,,,,,
1010,0.05325537174940109,12,,,,,
1011,0.002945604734122753,12,,,,,
1012,0.05696689710021019,12,,,,,
1013,0.01171379629522562,12,,,,,
1014,0.003910851199179888,12,,,,,
1015,0.003570868633687496,12,,,,,
1016,0.03241788223385811,12,,,,,
1017,0.008201233111321926,12,,,,,
1018,0.007298113778233528,12,,,,,
1019,0.03175971657037735,12,,,,,
1020,0.044104017317295074,12,,,,,
1021,0.025152137503027916,12,,,,,
1022,0.005006357561796904,12,,,,,
1023,0.04415520280599594,12,,,,,
1024,0.058471404016017914,12,,,,,
1025,0.030895274132490158,12,,,,,
1026,0.003507216228172183,12,,,,,
120,,,0.0029748696833848953,,,,
121,,,0.022584017366170883,,,,
122,,,0.0705743208527565,,,,
123,,,0.004222280811518431,,,,
124,,,0.04074588045477867,,,,
125,,,0.011762134730815887,,,,
126,,,0.09652191400527954,,,,
127,,,0.03869885578751564,,,,
128,,,0.05677022039890289,,,,
129,,,0.00036407954758033156,,,,
1026,,12,,0.035397693514823914,,,
1026,,12,,,0.8607142567634583,0.031181877478957176,0.9375
1027,0.005663483869284391,13,,,,,
1028,0.00978895928710699,13,,,,,
1029,0.036142949014902115,13,,,,,
1030,0.043458566069602966,13,,,,,
1031,0.04286762326955795,13,,,,,
1032,0.010595359839498997,13,,,,,
1033,0.03111962415277958,13,,,,,
1034,0.03457922860980034,13,,,,,
1035,0.0501127615571022,13,,,,,
1036,0.05995123088359833,13,,,,,
1037,0.09252467006444931,13,,,,,
1038,0.0449918732047081,13,,,,,
1039,0.019157495349645615,13,,,,,
1040,0.02526351995766163,13,,,,,
1041,0.008697369135916233,13,,,,,
1042,0.005187202710658312,13,,,,,
1043,0.034070298075675964,13,,,,,
1044,0.00434104073792696,13,,,,,
1045,0.03181391954421997,13,,,,,
1046,0.019128942862153053,13,,,,,
1047,0.005879259668290615,13,,,,,
1048,0.023715533316135406,13,,,,,
1049,0.01766199618577957,13,,,,,
1050,0.009453807026147842,13,,,,,
1051,0.03651854395866394,13,,,,,
1052,0.05546853691339493,13,,,,,
1053,0.003078676760196686,13,,,,,
1054,0.008195290341973305,13,,,,,
1055,0.00824721809476614,13,,,,,
1056,0.01023310236632824,13,,,,,
1057,0.030145561322569847,13,,,,,
1058,0.036971163004636765,13,,,,,
1059,0.005737772677093744,13,,,,,
1060,0.002767132129520178,13,,,,,
1061,0.009698222391307354,13,,,,,
1062,0.0042784567922353745,13,,,,,
1063,0.04240140691399574,13,,,,,
1064,0.03099038638174534,13,,,,,
1065,0.003247952088713646,13,,,,,
1066,0.004736447706818581,13,,,,,
1067,0.01546259131282568,13,,,,,
1068,0.009058662690222263,13,,,,,
1069,0.028678759932518005,13,,,,,
1070,0.05842100828886032,13,,,,,
1071,0.0047652763314545155,13,,,,,
1072,0.002546258270740509,13,,,,,
1073,0.06352583318948746,13,,,,,
1074,0.07620128989219666,13,,,,,
1075,0.05288051441311836,13,,,,,
1076,0.042417947202920914,13,,,,,
1077,0.0720096305012703,13,,,,,
1078,0.005177597980946302,13,,,,,
1079,0.012473712675273418,13,,,,,
1080,0.09929880499839783,13,,,,,
1081,0.022326258942484856,13,,,,,
1082,0.06133924424648285,13,,,,,
1083,0.054946962743997574,13,,,,,
1084,0.0855214074254036,13,,,,,
1085,0.0693754330277443,13,,,,,
1086,0.021303381770849228,13,,,,,
1087,0.025959642603993416,13,,,,,
1088,0.03534765914082527,13,,,,,
1089,0.019020818173885345,13,,,,,
1090,0.007791690994054079,13,,,,,
1091,0.02535947784781456,13,,,,,
1092,0.008072225376963615,13,,,,,
1093,0.02434353716671467,13,,,,,
1094,0.049453794956207275,13,,,,,
1095,0.0260777547955513,13,,,,,
1096,0.005162542220205069,13,,,,,
1097,0.008555238135159016,13,,,,,
1098,0.010747753083705902,13,,,,,
1099,0.03826116770505905,13,,,,,
1100,0.0277109257876873,13,,,,,
1101,0.102057084441185,13,,,,,
1102,0.06425520777702332,13,,,,,
1103,0.04733330383896828,13,,,,,
1104,0.03549611568450928,13,,,,,
1105,0.06843603402376175,13,,,,,
130,,,0.0029596833046525717,,,,
131,,,0.020259493961930275,,,,
132,,,0.07101104408502579,,,,
133,,,0.004696489777415991,,,,
134,,,0.03908869996666908,,,,
135,,,0.012122737243771553,,,,
136,,,0.09572899341583252,,,,
137,,,0.03685004636645317,,,,
138,,,0.053592123091220856,,,,
139,,,0.00034793527447618544,,,,
1105,,13,,0.034520022571086884,,,
1105,,13,,,0.7964285612106323,0.03066389635205269,0.8857142329216003
1106,0.00435153441503644,14,,,,,
1107,0.007067178376019001,14,,,,,
1108,0.036007728427648544,14,,,,,
1109,0.008003291673958302,14,,,,,
1110,0.00911000370979309,14,,,,,
1111,0.028614183887839317,14,,,,,
1112,0.03664660081267357,14,,,,,
1113,0.02681051753461361,14,,,,,
1114,0.018019840121269226,14,,,,,
1115,0.007233532145619392,14,,,,,
1116,0.0725090503692627,14,,,,,
1117,0.049835097044706345,14,,,,,
1118,0.04437054321169853,14,,,,,
1119,0.007181675639003515,14,,,,,
1120,0.062173228710889816,14,,,,,
1121,0.010120547376573086,14,,,,,
1122,0.06619248539209366,14,,,,,
1123,0.006833482533693314,14,,,,,
1124,0.042980603873729706,14,,,,,
1125,0.041221607476472855,14,,,,,
1126,0.018788577988743782,14,,,,,
1127,0.0020002638921141624,14,,,,,
1128,0.054484862834215164,14,,,,,
1129,0.006752267945557833,14,,,,,
1130,0.10043071210384369,14,,,,,
1131,0.051929548382759094,14,,,,,
1132,0.014285407029092312,14,,,,,
1133,0.05260973423719406,14,,,,,
1134,0.03144732862710953,14,,,,,
1135,0.02530629187822342,14,,,,,
1136,0.028720896691083908,14,,,,,
1137,0.0388881154358387,14,,,,,
1138,0.018579917028546333,14,,,,,
1139,0.03611493855714798,14,,,,,
1140,0.025983285158872604,14,,,,,
1141,0.0642135888338089,14,,,,,
1142,0.009680651128292084,14,,,,,
1143,0.012539922259747982,14,,,,,
1144,0.008854263462126255,14,,,,,
1145,0.00861490610986948,14,,,,,
1146,0.00528419204056263,14,,,,,
1147,0.007897854782640934,14,,,,,
1148,0.042809952050447464,14,,,,,
1149,0.05164405331015587,14,,,,,
1150,0.05203939229249954,14,,,,,
1151,0.013248208910226822,14,,,,,
1152,0.00964915007352829,14,,,,,
1153,0.0083322050049901,14,,,,,
1154,0.030389631167054176,14,,,,,
1155,0.0033527540508657694,14,,,,,
1156,0.002838155021890998,14,,,,,
1157,0.0056613958440721035,14,,,,,
1158,0.060334768146276474,14,,,,,
1159,0.007324906066060066,14,,,,,
1160,0.031730614602565765,14,,,,,
1161,0.024273695424199104,14,,,,,
1162,0.0047543286345899105,14,,,,,
1163,0.015531937591731548,14,,,,,
1164,0.028242740780115128,14,,,,,
1165,0.061477888375520706,14,,,,,
1166,0.007929874584078789,14,,,,,
1167,0.0172403696924448,14,,,,,
1168,0.003032838925719261,14,,,,,
1169,0.0032123320270329714,14,,,,,
1170,0.008367175236344337,14,,,,,
1171,0.05763453617691994,14,,,,,
1172,0.07007309794425964,14,,,,,
1173,0.025009894743561745,14,,,,,
1174,0.026766160503029823,14,,,,,
1175,0.04685072600841522,14,,,,,
1176,0.04144782945513725,14,,,,,
1177,0.0016553385648876429,14,,,,,
1178,0.05017361789941788,14,,,,,
1179,0.0029833070002496243,14,,,,,
1180,0.05287165567278862,14,,,,,
1181,0.01803269423544407,14,,,,,
1182,0.021370941773056984,14,,,,,
1183,0.046201519668102264,14,,,,,
1184,0.13459138572216034,14,,,,,
140,,,0.004024196416139603,,,,
141,,,0.01711091957986355,,,,
142,,,0.06319541484117508,,,,
143,,,0.0076455362141132355,,,,
144,,,0.03351861611008644,,,,
145,,,0.00935803446918726,,,,
146,,,0.09048328548669815,,,,
147,,,0.03678734228014946,,,,
148,,,0.057059284299612045,,,,
149,,,0.0006965516367927194,,,,
1184,,14,,0.03279025852680206,,,
1184,,14,,,0.8482142686843872,0.028244365006685257,0.9375
1185,0.025326836854219437,15,,,,,
1186,0.026522599160671234,15,,,,,
1187,0.05661747232079506,15,,,,,
1188,0.03183367848396301,15,,,,,
1189,0.012837720103561878,15,,,,,
1190,0.0019578025676310062,15,,,,,
1191,0.020506910979747772,15,,,,,
1192,0.010447172448039055,15,,,,,
1193,0.04854672774672508,15,,,,,
1194,0.035234302282333374,15,,,,,
1195,0.0063107069581747055,15,,,,,
1196,0.023329786956310272,15,,,,,
1197,0.005576119292527437,15,,,,,
1198,0.006243257783353329,15,,,,,
1199,0.01405417826026678,15,,,,,
1200,0.012953264638781548,15,,,,,
1201,0.015052411705255508,15,,,,,
1202,0.0917067602276802,15,,,,,
1203,0.0515887551009655,15,,,,,
1204,0.003486481960862875,15,,,,,
1205,0.07079958915710449,15,,,,,
1206,0.011635581962764263,15,,,,,
1207,0.0876777246594429,15,,,,,
1208,0.008955015800893307,15,,,,,
1209,0.03305571526288986,15,,,,,
1210,0.020114343613386154,15,,,,,
1211,0.015626806765794754,15,,,,,
1212,0.03936103731393814,15,,,,,
1213,0.007838514633476734,15,,,,,
1214,0.007883849553763866,15,,,,,
1215,0.01421323325484991,15,,,,,
1216,0.0234612375497818,15,,,,,
1217,0.014120833948254585,15,,,,,
1218,0.008944266475737095,15,,,,,
1219,0.030178867280483246,15,,,,,
1220,0.026144322007894516,15,,,,,
1221,0.009493757970631123,15,,,,,
1222,0.0059717921540141106,15,,,,,
1223,0.003630016464740038,15,,,,,
1224,0.008839474059641361,15,,,,,
1225,0.1022695004940033,15,,,,,
1226,0.033765342086553574,15,,,,,
1227,0.005443677306175232,15,,,,,
1228,0.04728974029421806,15,,,,,
1229,0.002401709323748946,15,,,,,
1230,0.020977575331926346,15,,,,,
1231,0.027296703308820724,15,,,,,
1232,0.008958566002547741,15,,,,,
1233,0.028791530057787895,15,,,,,
1234,0.0854475274682045,15,,,,,
1235,0.037299104034900665,15,,,,,
1236,0.0030998254660516977,15,,,,,
1237,0.025513675063848495,15,,,,,
1238,0.02621283568441868,15,,,,,
1239,0.07167325168848038,15,,,,,
1240,0.027672749012708664,15,,,,,
1241,0.003071905579417944,15,,,,,
1242,0.006010295823216438,15,,,,,
1243,0.006445256061851978,15,,,,,
1244,0.04622868821024895,15,,,,,
1245,0.08670029789209366,15,,,,,
1246,0.01885584183037281,15,,,,,
1247,0.0740567073225975,15,,,,,
1248,0.011757767759263515,15,,,,,
1249,0.007476798724383116,15,,,,,
1250,0.030641591176390648,15,,,,,
1251,0.017413530498743057,15,,,,,
1252,0.07556968182325363,15,,,,,
1253,0.039155345410108566,15,,,,,
1254,0.022255605086684227,15,,,,,
1255,0.03815719112753868,15,,,,,
1256,0.020622417330741882,15,,,,,
1257,0.012365897186100483,15,,,,,
1258,0.006605322938412428,15,,,,,
1259,0.026057526469230652,15,,,,,
1260,0.040176283568143845,15,,,,,
1261,0.025679131969809532,15,,,,,
1262,0.06574652343988419,15,,,,,
1263,0.07929635047912598,15,,,,,
150,,,0.00464279018342495,,,,
151,,,0.013032321818172932,,,,
152,,,0.07383295148611069,,,,
153,,,0.009988079778850079,,,,
154,,,0.029916057363152504,,,,
155,,,0.010627424344420433,,,,
156,,,0.08007872104644775,,,,
157,,,0.04060927778482437,,,,
158,,,0.053025830537080765,,,,
159,,,0.0012055141851305962,,,,
1263,,15,,0.03247770294547081,,,
1263,,15,,,0.8999999761581421,0.02823576331138611,0.949999988079071
1264,0.07891804724931717,16,,,,,
1265,0.035811897367239,16,,,,,
1266,0.03985898941755295,16,,,,,
1267,0.0038340489845722914,16,,,,,
1268,0.06268785893917084,16,,,,,
1269,0.00801653228700161,16,,,,,
1270,0.00604736153036356,16,,,,,
1271,0.021333560347557068,16,,,,,
1272,0.008162736892700195,16,,,,,
1273,0.0438041165471077,16,,,,,
1274,0.006868055090308189,16,,,,,
1275,0.0190273504704237,16,,,,,
1276,0.005952140782028437,16,,,,,
1277,0.04714839532971382,16,,,,,
1278,0.016708320006728172,16,,,,,
1279,0.04353540018200874,16,,,,,
1280,0.006215395871549845,16,,,,,
1281,0.041381292045116425,16,,,,,
1282,0.005651560146361589,16,,,,,
1283,0.005465094465762377,16,,,,,
1284,0.05156774818897247,16,,,,,
1285,0.008078399114310741,16,,,,,
1286,0.035124097019433975,16,,,,,
1287,0.046789202839136124,16,,,,,
1288,0.029858378693461418,16,,,,,
1289,0.066994808614254,16,,,,,
1290,0.05054984241724014,16,,,,,
1291,0.010523325763642788,16,,,,,
1292,0.05041959881782532,16,,,,,
1293,0.006667604669928551,16,,,,,
1294,0.026187745854258537,16,,,,,
1295,0.07364718616008759,16,,,,,
1296,0.008221706375479698,16,,,,,
1297,0.009264918975532055,16,,,,,
1298,0.018476270139217377,16,,,,,
1299,0.023259073495864868,16,,,,,
1300,0.05636453256011009,16,,,,,
1301,0.01106436550617218,16,,,,,
1302,0.010219602845609188,16,,,,,
1303,0.015612224116921425,16,,,,,
1304,0.0038635593373328447,16,,,,,
1305,0.05897840857505798,16,,,,,
1306,0.005670543294399977,16,,,,,
1307,0.010662778280675411,16,,,,,
1308,0.017048578709363937,16,,,,,
1309,0.007117480505257845,16,,,,,
1310,0.022195525467395782,16,,,,,
1311,0.01399619784206152,16,,,,,
1312,0.01824907958507538,16,,,,,
1313,0.023062607273459435,16,,,,,
1314,0.010089380666613579,16,,,,,
1315,0.034519512206315994,16,,,,,
1316,0.04479434713721275,16,,,,,
1317,0.011873691342771053,16,,,,,
1318,0.028016310185194016,16,,,,,
1319,0.06858643144369125,16,,,,,
1320,0.030883336439728737,16,,,,,
1321,0.04321202263236046,16,,,,,
1322,0.04442123696208,16,,,,,
1323,0.009453607723116875,16,,,,,
1324,0.018857214599847794,16,,,,,
1325,0.04178612679243088,16,,,,,
1326,0.05779320001602173,16,,,,,
1327,0.03507710620760918,16,,,,,
1328,0.004531601909548044,16,,,,,
1329,0.02467186748981476,16,,,,,
1330,0.08414054661989212,16,,,,,
1331,0.06592239439487457,16,,,,,
1332,0.08660350739955902,16,,,,,
1333,0.025719206780195236,16,,,,,
1334,0.014437811449170113,16,,,,,
1335,0.053013820201158524,16,,,,,
1336,0.027886442840099335,16,,,,,
1337,0.0053762164898216724,16,,,,,
1338,0.0908985361456871,16,,,,,
1339,0.007524598389863968,16,,,,,
1340,0.03820188716053963,16,,,,,
1341,0.01136754546314478,16,,,,,
1342,0.008150848560035229,16,,,,,
160,,,0.0034534356091171503,,,,
161,,,0.015599976293742657,,,,
162,,,0.07467638701200485,,,,
163,,,0.004664325620979071,,,,
164,,,0.03763778135180473,,,,
165,,,0.011060099117457867,,,,
166,,,0.10059509426355362,,,,
167,,,0.029148709028959274,,,,
168,,,0.05477103963494301,,,,
169,,,0.0009899594588205218,,,,
1342,,16,,0.034087106585502625,,,
1342,,16,,,0.9375,0.029586980119347572,0.987500011920929
1343,0.0073367999866604805,17,,,,,
1344,0.0077051264233887196,17,,,,,
1345,0.014141482301056385,17,,,,,
1346,0.0076209730468690395,17,,,,,
1347,0.008744677528738976,17,,,,,
1348,0.047465577721595764,17,,,,,
1349,0.04203048720955849,17,,,,,
1350,0.054477259516716,17,,,,,
1351,0.005078847985714674,17,,,,,
1352,0.0045099868439137936,17,,,,,
1353,0.01650378294289112,17,,,,,
1354,0.006621414329856634,17,,,,,
1355,0.002772215288132429,17,,,,,
1356,0.023249011486768723,17,,,,,
1357,0.06372737139463425,17,,,,,
1358,0.004611949902027845,17,,,,,
1359,0.014453684911131859,17,,,,,
1360,0.002781397895887494,17,,,,,
1361,0.03270011395215988,17,,,,,
1362,0.02576727233827114,17,,,,,
1363,0.004135931842029095,17,,,,,
1364,0.034950900822877884,17,,,,,
1365,0.047667473554611206,17,,,,,
1366,0.004870558623224497,17,,,,,
1367,0.004578400868922472,17,,,,,
1368,0.040002789348363876,17,,,,,
1369,0.058945685625076294,17,,,,,
1370,0.017460115253925323,17,,,,,
1371,0.028790095821022987,17,,,,,
1372,0.00973507296293974,17,,,,,
1373,0.07364565879106522,17,,,,,
1374,0.018222473561763763,17,,,,,
1375,0.0037794127129018307,17,,,,,
1376,0.05429071933031082,17,,,,,
1377,0.05283692851662636,17,,,,,
1378,0.08774745464324951,17,,,,,
1379,0.03211280703544617,17,,,,,
1380,0.04668201506137848,17,,,,,
1381,0.011534100398421288,17,,,,,
1382,0.06969213485717773,17,,,,,
1383,0.02578721009194851,17,,,,,
1384,0.019062090665102005,17,,,,,
1385,0.00802626833319664,17,,,,,
1386,0.014722617343068123,17,,,,,
1387,0.027868254110217094,17,,,,,
1388,0.020130466669797897,17,,,,,
1389,0.049227576702833176,17,,,,,
1390,0.041854195296764374,17,,,,,
1391,0.013040751218795776,17,,,,,
1392,0.016524262726306915,17,,,,,
1393,0.0021289282012730837,17,,,,,
1394,0.009349939413368702,17,,,,,
1395,0.01452835276722908,17,,,,,
1396,0.11089489609003067,17,,,,,
1397,0.007712964434176683,17,,,,,
1398,0.014230516739189625,17,,,,,
1399,0.025212062522768974,17,,,,,
1400,0.017204219475388527,17,,,,,
1401,0.02592349983751774,17,,,,,
1402,0.027971945703029633,17,,,,,
1403,0.026261407881975174,17,,,,,
1404,0.01027852762490511,17,,,,,
1405,0.029808973893523216,17,,,,,
1406,0.006043214816600084,17,,,,,
1407,0.006757289636880159,17,,,,,
1408,0.040732499212026596,17,,,,,
1409,0.08852619677782059,17,,,,,
1410,0.02894364856183529,17,,,,,
1411,0.031282175332307816,17,,,,,
1412,0.03700873255729675,17,,,,,
1413,0.0388520173728466,17,,,,,
1414,0.018160492181777954,17,,,,,
1415,0.0104714035987854,17,,,,,
1416,0.01806948333978653,17,,,,,
1417,0.004379278980195522,17,,,,,
1418,0.009290850721299648,17,,,,,
1419,0.02884094789624214,17,,,,,
1420,0.03775433450937271,17,,,,,
1421,0.002499423222616315,17,,,,,
170,,,0.003251825226470828,,,,
171,,,0.01468913909047842,,,,
172,,,0.06942132860422134,,,,
173,,,0.005915679037570953,,,,
174,,,0.02838064171373844,,,,
175,,,0.008843778632581234,,,,
176,,,0.10301835089921951,,,,
177,,,0.03369157016277313,,,,
178,,,0.049194250255823135,,,,
179,,,0.0005526121822185814,,,,
1421,,17,,0.03249446675181389,,,
1421,,17,,,0.887499988079071,0.026255566626787186,0.9624999761581421
1422,0.027386372908949852,18,,,,,
1423,0.021373413503170013,18,,,,,
1424,0.021779678761959076,18,,,,,
1425,0.020366720855236053,18,,,,,
1426,0.0038427545223385096,18,,,,,
1427,0.0030174588318914175,18,,,,,
1428,0.10699741542339325,18,,,,,
1429,0.010938897728919983,18,,,,,
1430,0.006547498516738415,18,,,,,
1431,0.02863280102610588,18,,,,,
1432,0.004403581842780113,18,,,,,
1433,0.00413581682369113,18,,,,,
1434,0.026569196954369545,18,,,,,
1435,0.01387811079621315,18,,,,,
1436,0.038568444550037384,18,,,,,
1437,0.02237100712954998,18,,,,,
1438,0.028863200917840004,18,,,,,
1439,0.01193357352167368,18,,,,,
1440,0.03704134374856949,18,,,,,
1441,0.009667032398283482,18,,,,,
1442,0.016700079664587975,18,,,,,
1443,0.02160109393298626,18,,,,,
1444,0.009101898409426212,18,,,,,
1445,0.012083882465958595,18,,,,,
1446,0.0054616909474134445,18,,,,,
1447,0.05534001812338829,18,,,,,
1448,0.03390125185251236,18,,,,,
1449,0.01452729757875204,18,,,,,
1450,0.004632876254618168,18,,,,,
1451,0.042064160108566284,18,,,,,
1452,0.05087180808186531,18,,,,,
1453,0.03681454807519913,18,,,,,
1454,0.004053839482367039,18,,,,,
1455,0.015380790457129478,18,,,,,
1456,0.002008254872635007,18,,,,,
1457,0.028337879106402397,18,,,,,
1458,0.004273328930139542,18,,,,,
1459,0.02685634233057499,18,,,,,
1460,0.027632681652903557,18,,,,,
1461,0.02821313962340355,18,,,,,
1462,0.008793075568974018,18,,,,,
1463,0.01644955761730671,18,,,,,
1464,0.03124232031404972,18,,,,,
1465,0.020313546061515808,18,,,,,
1466,0.031208256259560585,18,,,,,
1467,0.046658098697662354,18,,,,,
1468,0.004680214915424585,18,,,,,
1469,0.008047526702284813,18,,,,,
1470,0.020487289875745773,18,,,,,
1471,0.004942357074469328,18,,,,,
1472,0.004466554615646601,18,,,,,
1473,0.0601031631231308,18,,,,,
1474,0.016090497374534607,18,,,,,
1475,0.026164382696151733,18,,,,,
1476,0.009174955077469349,18,,,,,
1477,0.06008337810635567,18,,,,,
1478,0.019553981721401215,18,,,,,
1479,0.004003120120614767,18,,,,,
1480,0.020613526925444603,18,,,,,
1481,0.025728115811944008,18,,,,,
1482,0.0032576569356024265,18,,,,,
1483,0.08642520010471344,18,,,,,
1484,0.004110468085855246,18,,,,,
1485,0.040606677532196045,18,,,,,
1486,0.0164419524371624,18,,,,,
1487,0.023820051923394203,18,,,,,
1488,0.04855169728398323,18,,,,,
1489,0.026707766577601433,18,,,,,
1490,0.005972148850560188,18,,,,,
1491,0.043436408042907715,18,,,,,
1492,0.011872753500938416,18,,,,,
1493,0.009644361212849617,18,,,,,
1494,0.008690041489899158,18,,,,,
1495,0.0077519346959888935,18,,,,,
1496,0.033343084156513214,18,,,,,
1497,0.04413345456123352,18,,,,,
1498,0.051393747329711914,18,,,,,
1499,0.009431394748389721,18,,,,,
1500,0.009795906953513622,18,,,,,
180,,,0.0027340047527104616,,,,
181,,,0.011177110485732555,,,,
182,,,0.05258490890264511,,,,
183,,,0.0038347849622368813,,,,
184,,,0.03193303942680359,,,,
185,,,0.02577597089111805,,,,
186,,,0.07287503778934479,,,,
187,,,0.02517099305987358,,,,
188,,,0.06054733693599701,,,,
189,,,0.0006292606121860445,,,,
1500,,18,,0.029446681961417198,,,
1500,,18,,,0.887499988079071,0.023046115413308144,0.925000011920929
1501,0.02744104526937008,19,,,,,
1502,0.004780832212418318,19,,,,,
1503,0.006033096928149462,19,,,,,
1504,0.00607444578781724,19,,,,,
1505,0.022338658571243286,19,,,,,
1506,0.026936674490571022,19,,,,,
1507,0.1386759728193283,19,,,,,
1508,0.004916353616863489,19,,,,,
1509,0.048764199018478394,19,,,,,
1510,0.04983699694275856,19,,,,,
1511,0.006147617939859629,19,,,,,
1512,0.004314080346375704,19,,,,,
1513,0.014222236350178719,19,,,,,
1514,0.008316603489220142,19,,,,,
1515,0.08047027140855789,19,,,,,
1516,0.004566588439047337,19,,,,,
1517,0.010751491412520409,19,,,,,
1518,0.02183719165623188,19,,,,,
1519,0.048895128071308136,19,,,,,
1520,0.022763600572943687,19,,,,,
1521,0.004109515342861414,19,,,,,
1522,0.002532140351831913,19,,,,,
1523,0.07780241221189499,19,,,,,
1524,0.007982473820447922,19,,,,,
1525,0.09531406313180923,19,,,,,
1526,0.03046494536101818,19,,,,,
1527,0.02544383704662323,19,,,,,
1528,0.006845790892839432,19,,,,,
1529,0.006839924491941929,19,,,,,
1530,0.006377510726451874,19,,,,,
1531,0.042804915457963943,19,,,,,
1532,0.03979744017124176,19,,,,,
1533,0.03379146382212639,19,,,,,
1534,0.00936387199908495,19,,,,,
1535,0.006764592602849007,19,,,,,
1536,0.02649099752306938,19,,,,,
1537,0.005057028029114008,19,,,,,
1538,0.007948680780827999,19,,,,,
1539,0.054583899676799774,19,,,,,
1540,0.03615296259522438,19,,,,,
1541,0.06684386730194092,19,,,,,
1542,0.006013702601194382,19,,,,,
1543,0.027433400973677635,19,,,,,
1544,0.04988189786672592,19,,,,,
1545,0.003949059639126062,19,,,,,
1546,0.04890479892492294,19,,,,,
1547,0.01151854358613491,19,,,,,
1548,0.04117515683174133,19,,,,,
1549,0.024066664278507233,19,,,,,
1550,0.04505623131990433,19,,,,,
1551,0.006189395673573017,19,,,,,
1552,0.02399696595966816,19,,,,,
1553,0.004904535599052906,19,,,,,
1554,0.0929863378405571,19,,,,,
1555,0.012066037394106388,19,,,,,
1556,0.020670706406235695,19,,,,,
1557,0.04307422414422035,19,,,,,
1558,0.013280295766890049,19,,,,,
1559,0.008585033938288689,19,,,,,
1560,0.00463445670902729,19,,,,,
1561,0.0012141595361754298,19,,,,,
1562,0.004180015064775944,19,,,,,
1563,0.045750249177217484,19,,,,,
1564,0.022135192528367043,19,,,,,
1565,0.003898252034559846,19,,,,,
1566,0.002935371594503522,19,,,,,
1567,0.0028417950961738825,19,,,,,
1568,0.0250178724527359,19,,,,,
1569,0.046984996646642685,19,,,,,
1570,0.004840103909373283,19,,,,,
1571,0.0013400947209447622,19,,,,,
1572,0.08880209177732468,19,,,,,
1573,0.001783804502338171,19,,,,,
1574,0.02360890991985798,19,,,,,
1575,0.009394933469593525,19,,,,,
1576,0.0036235179286450148,19,,,,,
1577,0.020235508680343628,19,,,,,
1578,0.047651372849941254,19,,,,,
1579,0.05557919293642044,19,,,,,
190,,,0.001489361166022718,,,,
191,,,0.015691809356212616,,,,
192,,,0.05520012974739075,,,,
193,,,0.001135559636168182,,,,
194,,,0.03182082250714302,,,,
195,,,0.009709256701171398,,,,
196,,,0.08321847766637802,,,,
197,,,0.025466272607445717,,,,
198,,,0.05688658729195595,,,,
199,,,0.00027610393590293825,,,,
1579,,19,,0.028802599757909775,,,
1579,,19,,,0.8999999761581421,0.025733506307005882,0.9375
1580,0.025743883103132248,20,,,,,
1581,0.005041749216616154,20,,,,,
1582,0.0012915467377752066,20,,,,,
1583,0.00897058006376028,20,,,,,
1584,0.004802478011697531,20,,,,,
1585,0.03526410460472107,20,,,,,
1586,0.03392716124653816,20,,,,,
1587,0.03159887343645096,20,,,,,
1588,0.0033564078621566296,20,,,,,
1589,0.002700917422771454,20,,,,,
1590,0.0069576893001794815,20,,,,,
1591,0.02741432934999466,20,,,,,
1592,0.009351258166134357,20,,,,,
1593,0.0033732533920556307,20,,,,,
1594,0.012983790598809719,20,,,,,
1595,0.055483378469944,20,,,,,
1596,0.0011787298135459423,20,,,,,
1597,0.005921497475355864,20,,,,,
1598,0.018881645053625107,20,,,,,
1599,0.03223619982600212,20,,,,,
1600,0.004640610888600349,20,,,,,
1601,0.017123425379395485,20,,,,,
1602,0.046435415744781494,20,,,,,
1603,0.03750734403729439,20,,,,,
1604,0.023838121443986893,20,,,,,
1605,0.03934705629944801,20,,,,,
1606,0.012600733898580074,20,,,,,
1607,0.018660733476281166,20,,,,,
1608,0.03966885432600975,20,,,,,
1609,0.028640039265155792,20,,,,,
1610,0.018726631999015808,20,,,,,
1611,0.006144391838461161,20,,,,,
1612,0.010913610458374023,20,,,,,
1613,0.023471606895327568,20,,,,,
1614,0.05324552208185196,20,,,,,
1615,0.07625670731067657,20,,,,,
1616,0.0500764362514019,20,,,,,
1617,0.027107687667012215,20,,,,,
1618,0.015006676316261292,20,,,,,
1619,0.005130385048687458,20,,,,,
1620,0.06765218824148178,20,,,,,
1621,0.04043234884738922,20,,,,,
1622,0.00839462224394083,20,,,,,
1623,0.02223479375243187,20,,,,,
1624,0.017793819308280945,20,,,,,
1625,0.009848200716078281,20,,,,,
1626,0.007221123203635216,20,,,,,
1627,0.054498229175806046,20,,,,,
1628,0.0223639365285635,20,,,,,
1629,0.037515778094530106,20,,,,,
1630,0.03247297927737236,20,,,,,
1631,0.027744347229599953,20,,,,,
1632,0.003172993427142501,20,,,,,
1633,0.007347258739173412,20,,,,,
1634,0.011424788273870945,20,,,,,
1635,0.032292384654283524,20,,,,,
1636,0.026067601516842842,20,,,,,
1637,0.017125992104411125,20,,,,,
1638,0.04431145638227463,20,,,,,
1639,0.013371635228395462,20,,,,,
1640,0.02872820571064949,20,,,,,
1641,0.011650151573121548,20,,,,,
1642,0.010601572692394257,20,,,,,
1643,0.02220880053937435,20,,,,,
1644,0.0074817524291574955,20,,,,,
1645,0.017834283411502838,20,,,,,
1646,0.03649953752756119,20,,,,,
1647,0.004458064679056406,20,,,,,
1648,0.0017444026889279485,20,,,,,
1649,0.03297816962003708,20,,,,,
1650,0.009941202588379383,20,,,,,
1651,0.006269949022680521,20,,,,,
1652,0.005197141785174608,20,,,,,
1653,0.012532818131148815,20,,,,,
1654,0.01574988290667534,20,,,,,
1655,0.013485019095242023,20,,,,,
1656,0.004518421832472086,20,,,,,
1657,0.0607556514441967,20,,,,,
1658,0.0007986784330569208,20,,,,,
200,,,0.0008256406872533262,,,,
201,,,0.01401432417333126,,,,
202,,,0.053481221199035645,,,,
203,,,0.0009066261700354517,,,,
204,,,0.027832521125674248,,,,
205,,,0.009675142355263233,,,,
206,,,0.11953970789909363,,,,
207,,,0.023609139025211334,,,,
208,,,0.04620864987373352,,,,
209,,,0.00020139747357461601,,,,
1658,,20,,0.03038400039076805,,,
1658,,20,,,0.9624999761581421,0.021527808159589767,1.0
1659,0.028738701716065407,21,,,,,
1660,0.0069075594656169415,21,,,,,
1661,0.024242203682661057,21,,,,,
1662,0.023128585889935493,21,,,,,
1663,0.00532293738797307,21,,,,,
1664,0.02336047776043415,21,,,,,
1665,0.0065760076977312565,21,,,,,
1666,0.043073780834674835,21,,,,,
1667,0.004572994541376829,21,,,,,
1668,0.018831491470336914,21,,,,,
1669,0.024242978543043137,21,,,,,
1670,0.018392080441117287,21,,,,,
1671,0.004664686042815447,21,,,,,
1672,0.0020331500563770533,21,,,,,
1673,0.06229627877473831,21,,,,,
1674,0.0025039229076355696,21,,,,,
1675,0.02263571508228779,21,,,,,
1676,0.02503214403986931,21,,,,,
1677,0.005491270218044519,21,,,,,
1678,0.019713448360562325,21,,,,,
1679,0.003865215228870511,21,,,,,
1680,0.0050449552945792675,21,,,,,
1681,0.021448073908686638,21,,,,,
1682,0.017528891563415527,21,,,,,
1683,0.004035176709294319,21,,,,,
1684,0.015322833321988583,21,,,,,
1685,0.019877322018146515,21,,,,,
1686,0.0026847131084650755,21,,,,,
1687,0.0456216000020504,21,,,,,
1688,0.019642917439341545,21,,,,,
1689,0.008456135168671608,21,,,,,
1690,0.003997954074293375,21,,,,,
1691,0.0016981875523924828,21,,,,,
1692,0.04719484969973564,21,,,,,
1693,0.002929076086729765,21,,,,,
1694,0.07654494047164917,21,,,,,
1695,0.030408281832933426,21,,,,,
1696,0.01987910084426403,21,,,,,
1697,0.021442195400595665,21,,,,,
1698,0.03172818943858147,21,,,,,
1699,0.06425172835588455,21,,,,,
1700,0.062421299517154694,21,,,,,
1701,0.026240408420562744,21,,,,,
1702,0.012399842962622643,21,,,,,
1703,0.02581983059644699,21,,,,,
1704,0.038885753601789474,21,,,,,
1705,0.006213810760527849,21,,,,,
1706,0.006303522735834122,21,,,,,
1707,0.010194745846092701,21,,,,,
1708,0.003942171111702919,21,,,,,
1709,0.008745563216507435,21,,,,,
1710,0.03640211373567581,21,,,,,
1711,0.058284591883420944,21,,,,,
1712,0.0022405125200748444,21,,,,,
1713,0.002319581573829055,21,,,,,
1714,0.004798142239451408,21,,,,,
1715,0.014993211254477501,21,,,,,
1716,0.027831662446260452,21,,,,,
1717,0.011989335529506207,21,,,,,
1718,0.017514582723379135,21,,,,,
1719,0.008442413061857224,21,,,,,
1720,0.01176144927740097,21,,,,,
1721,0.00985140260308981,21,,,,,
1722,0.04152318462729454,21,,,,,
1723,0.04460041597485542,21,,,,,
1724,0.04132235795259476,21,,,,,
1725,0.011819501407444477,21,,,,,
1726,0.009461638517677784,21,,,,,
1727,0.0028755723033100367,21,,,,,
1728,0.0027839301619678736,21,,,,,
1729,0.018794694915413857,21,,,,,
1730,0.008651863783597946,21,,,,,
1731,0.011063574813306332,21,,,,,
1732,0.001859396230429411,21,,,,,
1733,0.02700231783092022,21,,,,,
1734,0.004903597291558981,21,,,,,
1735,0.058863937854766846,21,,,,,
1736,0.0007762077148072422,21,,,,,
1737,0.0038601229898631573,21,,,,,
210,,,0.0016745338216423988,,,,
211,,,0.010260524228215218,,,,
212,,,0.043476276099681854,,,,
213,,,0.0009262144449166954,,,,
214,,,0.023741889744997025,,,,
215,,,0.007599035277962685,,,,
216,,,0.08938871324062347,,,,
217,,,0.02505476213991642,,,,
218,,,0.045485809445381165,,,,
219,,,0.00017417878552805632,,,,
1737,,21,,0.025409067049622536,,,
1737,,21,,,0.925000011920929,0.01953056827187538,0.9624999761581421
1738,0.02611308917403221,22,,,,,
1739,0.01857277750968933,22,,,,,
1740,0.0007395368884317577,22,,,,,
1741,0.039879899471998215,22,,,,,
1742,0.002084219129756093,22,,,,,
1743,0.005393403582274914,22,,,,,
1744,0.05986493453383446,22,,,,,
1745,0.020104099065065384,22,,,,,
1746,0.017098279669880867,22,,,,,
1747,0.005804593209177256,22,,,,,
1748,0.016216807067394257,22,,,,,
1749,0.008322382345795631,22,,,,,
1750,0.011112252250313759,22,,,,,
1751,0.0352897010743618,22,,,,,
1752,0.03606204688549042,22,,,,,
1753,0.016860157251358032,22,,,,,
1754,0.014438610523939133,22,,,,,
1755,0.0029667094349861145,22,,,,,
1756,0.03706352412700653,22,,,,,
1757,0.027497200295329094,22,,,,,
1758,0.014906694181263447,22,,,,,
1759,0.003313708584755659,22,,,,,
1760,0.010451766662299633,22,,,,,
1761,0.006063470151275396,22,,,,,
1762,0.03643267974257469,22,,,,,
1763,0.034849777817726135,22,,,,,
1764,0.003474313532933593,22,,,,,
1765,0.02560286596417427,22,,,,,
1766,0.0394250825047493,22,,,,,
1767,0.003498257137835026,22,,,,,
1768,0.03154010698199272,22,,,,,
1769,0.010408511385321617,22,,,,,
1770,0.004379411693662405,22,,,,,
1771,0.01922616921365261,22,,,,,
1772,0.007261530961841345,22,,,,,
1773,0.015424857847392559,22,,,,,
1774,0.02294684387743473,22,,,,,
1775,0.047866567969322205,22,,,,,
1776,0.013569357804954052,22,,,,,
1777,0.058692604303359985,22,,,,,
1778,0.002480261493474245,22,,,,,
1779,0.042301785200834274,22,,,,,
1780,0.004962740931659937,22,,,,,
1781,0.05633219704031944,22,,,,,
1782,0.007464879658073187,22,,,,,
1783,0.00812255498021841,22,,,,,
1784,0.010852786712348461,22,,,,,
1785,0.01930871233344078,22,,,,,
1786,0.010324127040803432,22,,,,,
1787,0.032997019588947296,22,,,,,
1788,0.0014964379370212555,22,,,,,
1789,0.0027573665138334036,22,,,,,
1790,0.0013714015949517488,22,,,,,
1791,0.029724128544330597,22,,,,,
1792,0.008492722176015377,22,,,,,
1793,0.02368679828941822,22,,,,,
1794,0.011130981147289276,22,,,,,
1795,0.027492433786392212,22,,,,,
1796,0.04896141216158867,22,,,,,
1797,0.039116211235523224,22,,,,,
1798,0.0031669202726334333,22,,,,,
1799,0.0015239645726978779,22,,,,,
1800,0.003857595380395651,22,,,,,
1801,0.022283406928181648,22,,,,,
1802,0.01271172147244215,22,,,,,
1803,0.0033202613703906536,22,,,,,
1804,0.03875822201371193,22,,,,,
1805,0.05539220571517944,22,,,,,
1806,0.0157503429800272,22,,,,,
1807,0.02187609113752842,22,,,,,
1808,0.02664903923869133,22,,,,,
1809,0.021438509225845337,22,,,,,
1810,0.01888629049062729,22,,,,,
1811,0.004671400412917137,22,,,,,
1812,0.039741188287734985,22,,,,,
1813,0.0036764133255928755,22,,,,,
1814,0.01856096275150776,22,,,,,
1815,0.023522447794675827,22,,,,,
1816,0.003220397513359785,22,,,,,
220,,,0.0025679911486804485,,,,
221,,,0.008237437345087528,,,,
222,,,0.03484485670924187,,,,
223,,,0.0021142419427633286,,,,
224,,,0.019380055367946625,,,,
225,,,0.006872930098325014,,,,
226,,,0.09389228373765945,,,,
227,,,0.017942436039447784,,,,
228,,,0.04411468282341957,,,,
229,,,0.00033231996349059045,,,,
1816,,22,,0.02361191250383854,,,
1816,,22,,,0.9375,0.019613271579146385,0.9750000238418579
1817,0.023819180205464363,23,,,,,
1818,0.00861649215221405,23,,,,,
1819,0.0034260163083672523,23,,,,,
1820,0.02972770296037197,23,,,,,
1821,0.027929117903113365,23,,,,,
1822,0.0024739319924265146,23,,,,,
1823,0.04388897866010666,23,,,,,
1824,0.0338517427444458,23,,,,,
1825,0.003575469134375453,23,,,,,
1826,0.0010708695044741035,23,,,,,
1827,0.009529159404337406,23,,,,,
1828,0.023267600685358047,23,,,,,
1829,0.023939138278365135,23,,,,,
1830,0.02683374658226967,23,,,,,
1831,0.004202451556921005,23,,,,,
1832,0.04822798818349838,23,,,,,
1833,0.04117308557033539,23,,,,,
1834,0.0012644996168091893,23,,,,,
1835,0.0025443322956562042,23,,,,,
1836,0.002365627558901906,23,,,,,
1837,0.039967093616724014,23,,,,,
1838,0.004230097401887178,23,,,,,
1839,0.015671228989958763,23,,,,,
1840,0.012461698614060879,23,,,,,
1841,0.003550570458173752,23,,,,,
1842,0.03843068331480026,23,,,,,
1843,0.027959231287240982,23,,,,,
1844,0.026411594823002815,23,,,,,
1845,0.027725419029593468,23,,,,,
1846,0.024763625115156174,23,,,,,
1847,0.0016397128347307444,23,,,,,
1848,0.003805611515417695,23,,,,,
1849,0.0013089579297229648,23,,,,,
1850,0.023354575037956238,23,,,,,
1851,0.03470247611403465,23,,,,,
1852,0.040569499135017395,23,,,,,
1853,0.003365786513313651,23,,,,,
1854,0.017882362008094788,23,,,,,
1855,0.003657289082184434,23,,,,,
1856,0.049959879368543625,23,,,,,
1857,0.0015048346249386668,23,,,,,
1858,0.014593077823519707,23,,,,,
1859,0.01735256053507328,23,,,,,
1860,0.007163895294070244,23,,,,,
1861,0.02872997708618641,23,,,,,
1862,0.004239140544086695,23,,,,,
1863,0.008451547473669052,23,,,,,
1864,0.014216665178537369,23,,,,,
1865,0.019000576809048653,23,,,,,
1866,0.00133077974896878,23,,,,,
1867,0.0013812911929562688,23,,,,,
1868,0.0016020011389628053,23,,,,,
1869,0.0014704711502417922,23,,,,,
1870,0.0081495251506567,23,,,,,
1871,0.001055278000421822,23,,,,,
1872,0.0010419018799439073,23,,,,,
1873,0.008050579577684402,23,,,,,
1874,0.017865823581814766,23,,,,,
1875,0.0020825881510972977,23,,,,,
1876,0.010235205292701721,23,,,,,
1877,0.05067983642220497,23,,,,,
1878,0.0043421522714197636,23,,,,,
1879,0.011495770886540413,23,,,,,
1880,0.021451523527503014,23,,,,,
1881,0.007128888741135597,23,,,,,
1882,0.027240075170993805,23,,,,,
1883,0.0033869219478219748,23,,,,,
1884,0.0159613024443388,23,,,,,
1885,0.08404789865016937,23,,,,,
1886,0.027752995491027832,23,,,,,
1887,0.003562341211363673,23,,,,,
1888,0.0074116988107562065,23,,,,,
1889,0.006393516901880503,23,,,,,
1890,0.04104574769735336,23,,,,,
1891,0.023676598444581032,23,,,,,
1892,0.003803613595664501,23,,,,,
1893,0.03886662423610687,23,,,,,
1894,0.03859097510576248,23,,,,,
1895,0.03962714970111847,23,,,,,
230,,,0.002447987673804164,,,,
231,,,0.0078755933791399,,,,
232,,,0.04592234641313553,,,,
233,,,0.0012537881266325712,,,,
234,,,0.016311636194586754,,,,
235,,,0.004608099348843098,,,,
236,,,0.08484044671058655,,,,
237,,,0.015036179684102535,,,,
238,,,0.03975009545683861,,,,
239,,,6.128414679551497e-05,,,,
1895,,23,,0.022368425503373146,,,
1895,,23,,,0.875,0.017408115789294243,0.887499988079071
1896,0.0038282067980617285,24,,,,,
1897,0.028204360976815224,24,,,,,
1898,0.013496771454811096,24,,,,,
1899,0.0077477409504354,24,,,,,
1900,0.01466489676386118,24,,,,,
1901,0.04263988137245178,24,,,,,
1902,0.0005221928586252034,24,,,,,
1903,0.019755017012357712,24,,,,,
1904,0.014144889079034328,24,,,,,
1905,0.031777214258909225,24,,,,,
1906,0.03172678500413895,24,,,,,
1907,0.02847876027226448,24,,,,,
1908,0.032493650913238525,24,,,,,
1909,0.04547329992055893,24,,,,,
1910,0.0016536902403458953,24,,,,,
1911,0.019584588706493378,24,,,,,
1912,0.006360951345413923,24,,,,,
1913,0.020448919385671616,24,,,,,
1914,0.0023532400373369455,24,,,,,
1915,0.029187241569161415,24,,,,,
1916,0.04464064538478851,24,,,,,
1917,0.050982099026441574,24,,,,,
1918,0.004965628031641245,24,,,,,
1919,0.022244825959205627,24,,,,,
1920,0.0031143140513449907,24,,,,,
1921,0.012674605473876,24,,,,,
1922,0.0010462563950568438,24,,,,,
1923,0.005517145618796349,24,,,,,
1924,0.0268279816955328,24,,,,,
1925,0.0041759018786251545,24,,,,,
1926,0.010175722651183605,24,,,,,
1927,0.018880918622016907,24,,,,,
1928,0.022192975506186485,24,,,,,
1929,0.027466103434562683,24,,,,,
1930,0.05597320571541786,24,,,,,
1931,0.007588057778775692,24,,,,,
1932,0.027034321799874306,24,,,,,
1933,0.014397132210433483,24,,,,,
1934,0.027048321440815926,24,,,,,
1935,0.008713682182133198,24,,,,,
1936,0.023842422291636467,24,,,,,
1937,0.011235769838094711,24,,,,,
1938,0.019612137228250504,24,,,,,
1939,0.04831235855817795,24,,,,,
1940,0.01442018337547779,24,,,,,
1941,0.006626518443226814,24,,,,,
1942,0.0022573135793209076,24,,,,,
1943,0.004033833742141724,24,,,,,
1944,0.01117300521582365,24,,,,,
1945,0.006001707166433334,24,,,,,
1946,0.015516784973442554,24,,,,,
1947,0.002109193243086338,24,,,,,
1948,0.010705022141337395,24,,,,,
1949,0.0028261221013963223,24,,,,,
1950,0.026537461206316948,24,,,,,
1951,0.003741338849067688,24,,,,,
1952,0.001479266444221139,24,,,,,
1953,0.03698359429836273,24,,,,,
1954,0.03305279091000557,24,,,,,
1955,0.0008434001938439906,24,,,,,
1956,0.02465387061238289,24,,,,,
1957,0.07170292735099792,24,,,,,
1958,0.023294765502214432,24,,,,,
1959,0.03468356281518936,24,,,,,
1960,0.020777996629476547,24,,,,,
1961,0.0025485986843705177,24,,,,,
1962,0.009466994553804398,24,,,,,
1963,0.011572294868528843,24,,,,,
1964,0.010767159052193165,24,,,,,
1965,0.0023885879199951887,24,,,,,
1966,0.012894351035356522,24,,,,,
1967,0.016578784212470055,24,,,,,
1968,0.011909815482795238,24,,,,,
1969,0.004220949020236731,24,,,,,
1970,0.04085906594991684,24,,,,,
1971,0.0235553290694952,24,,,,,
1972,0.0066027212888002396,24,,,,,
1973,0.008524308912456036,24,,,,,
1974,6.0488968301797286e-05,24,,,,,
240,,,0.003592465538531542,,,,
241,,,0.004339409526437521,,,,
242,,,0.04004320502281189,,,,
243,,,0.001588774612173438,,,,
244,,,0.013551848940551281,,,,
245,,,0.002632738323882222,,,,
246,,,0.07018861174583435,,,,
247,,,0.019067639485001564,,,,
248,,,0.04634295776486397,,,,
249,,,2.1138821466593072e-05,,,,
1974,,24,,0.020652666687965393,,,
1974,,24,,,0.887499988079071,0.017971765249967575,0.949999988079071
1975,0.0017974351067095995,25,,,,,
1976,0.02329982817173004,25,,,,,
1977,0.01971803791821003,25,,,,,
1978,0.031192447990179062,25,,,,,
1979,0.017245080322027206,25,,,,,
1980,0.0034641798119992018,25,,,,,
1981,0.0077642034739255905,25,,,,,
1982,0.0018470237264409661,25,,,,,
1983,0.012825158424675465,25,,,,,
1984,0.0014709850074723363,25,,,,,
1985,0.026226859539747238,25,,,,,
1986,0.0065790810622274876,25,,,,,
1987,0.001436147140339017,25,,,,,
1988,0.02875969186425209,25,,,,,
1989,0.004975302144885063,25,,,,,
1990,0.0039043985307216644,25,,,,,
1991,0.05147966742515564,25,,,,,
1992,0.006083910819143057,25,,,,,
1993,0.005334635265171528,25,,,,,
1994,0.0003672550374176353,25,,,,,
1995,0.0002754643792286515,25,,,,,
1996,0.03982795402407646,25,,,,,
1997,0.08064445108175278,25,,,,,
1998,0.0005526022287085652,25,,,,,
1999,0.007673383224755526,25,,,,,
2000,0.0017147667240351439,25,,,,,
2001,0.01795760914683342,25,,,,,
2002,0.04185570031404495,25,,,,,
2003,0.023225361481308937,25,,,,,
2004,0.01676267199218273,25,,,,,
2005,0.003016690956428647,25,,,,,
2006,0.007354353088885546,25,,,,,
2007,0.009050950407981873,25,,,,,
2008,0.000433332403190434,25,,,,,
2009,0.03852920979261398,25,,,,,
2010,0.009916386567056179,25,,,,,
2011,0.009301667101681232,25,,,,,
2012,0.0008325036615133286,25,,,,,
2013,0.0013345436891540885,25,,,,,
2014,0.022654956206679344,25,,,,,
2015,0.03640507161617279,25,,,,,
2016,0.011343873105943203,25,,,,,
2017,0.017445122823119164,25,,,,,
2018,0.020623523741960526,25,,,,,
2019,0.02241785265505314,25,,,,,
2020,0.0011381865479052067,25,,,,,
2021,0.024895744398236275,25,,,,,
2022,0.0009019710123538971,25,,,,,
2023,0.0010097099002450705,25,,,,,
2024,0.007592721376568079,25,,,,,
2025,0.006902389694005251,25,,,,,
2026,0.051155056804418564,25,,,,,
2027,0.024157002568244934,25,,,,,
2028,0.004823341034352779,25,,,,,
2029,0.020539747551083565,25,,,,,
2030,0.0006670269067399204,25,,,,,
2031,0.0019139617215842009,25,,,,,
2032,0.009959199465811253,25,,,,,
2033,0.016057128086686134,25,,,,,
2034,0.0189862959086895,25,,,,,
2035,0.0004668649344239384,25,,,,,
2036,0.02165921777486801,25,,,,,
2037,0.010046286508440971,25,,,,,
2038,0.02568873018026352,25,,,,,
2039,0.04915934428572655,25,,,,,
2040,0.003219063626602292,25,,,,,
2041,0.06290924549102783,25,,,,,
2042,0.026990629732608795,25,,,,,
2043,0.005940776783972979,25,,,,,
2044,0.049023646861314774,25,,,,,
2045,0.010657655075192451,25,,,,,
2046,0.0435250848531723,25,,,,,
2047,0.002567690797150135,25,,,,,
2048,0.003795487340539694,25,,,,,
2049,0.017790451645851135,25,,,,,
2050,0.004961194936186075,25,,,,,
2051,0.017198601737618446,25,,,,,
2052,0.017493965104222298,25,,,,,
2053,0.09147439897060394,25,,,,,
250,,,0.0014734561555087566,,,,
251,,,0.004062227439135313,,,,
252,,,0.0402240976691246,,,,
253,,,0.0009130059625022113,,,,
254,,,0.011987919919192791,,,,
255,,,0.0027750255540013313,,,,
256,,,0.07361423969268799,,,,
257,,,0.011169454082846642,,,,
258,,,0.045160312205553055,,,,
259,,,2.7572032195166685e-06,,,,
2053,,25,,0.01962890289723873,,,
2053,,25,,,0.949999988079071,0.01652335189282894,0.9750000238418579
2054,0.011990303173661232,26,,,,,
2055,0.012872301042079926,26,,,,,
2056,0.08476615697145462,26,,,,,
2057,0.01056005246937275,26,,,,,
2058,0.0036468792241066694,26,,,,,
2059,0.023522712290287018,26,,,,,
2060,0.042677707970142365,26,,,,,
2061,0.008332613855600357,26,,,,,
2062,0.03889302536845207,26,,,,,
2063,0.056437186896800995,26,,,,,
2064,0.03600349649786949,26,,,,,
2065,0.05028802528977394,26,,,,,
2066,0.007595255505293608,26,,,,,
2067,0.001730163930915296,26,,,,,
2068,0.03673815354704857,26,,,,,
2069,0.006838016211986542,26,,,,,
2070,0.0015025432221591473,26,,,,,
2071,0.03245009854435921,26,,,,,
2072,0.027226166799664497,26,,,,,
2073,0.03781174495816231,26,,,,,
2074,0.024387681856751442,26,,,,,
2075,0.0010070273419842124,26,,,,,
2076,0.003982498776167631,26,,,,,
2077,0.025842247530817986,26,,,,,
2078,0.01564834453165531,26,,,,,
2079,0.013302509672939777,26,,,,,
2080,0.012923036701977253,26,,,,,
2081,0.0036969364155083895,26,,,,,
2082,0.009149495512247086,26,,,,,
2083,0.00979375746101141,26,,,,,
2084,0.012058993801474571,26,,,,,
2085,0.0012638814514502883,26,,,,,
2086,0.01052463985979557,26,,,,,
2087,0.0011757687898352742,26,,,,,
2088,0.0004320437728893012,26,,,,,
2089,0.004233906045556068,26,,,,,
2090,0.004393137060105801,26,,,,,
2091,0.0017007471760734916,26,,,,,
2092,0.025836709886789322,26,,,,,
2093,0.008016708306968212,26,,,,,
2094,0.006842503324151039,26,,,,,
2095,0.002092395443469286,26,,,,,
2096,0.0010936465114355087,26,,,,,
2097,0.009198693558573723,26,,,,,
2098,0.039103914052248,26,,,,,
2099,0.0028741415590047836,26,,,,,
2100,0.0007904474623501301,26,,,,,
2101,0.07573901861906052,26,,,,,
2102,0.0010319596622139215,26,,,,,
2103,0.002813191618770361,26,,,,,
2104,0.002451683394610882,26,,,,,
2105,0.005911982152611017,26,,,,,
2106,0.013863340951502323,26,,,,,
2107,0.011624079197645187,26,,,,,
2108,0.012068853713572025,26,,,,,
2109,0.004296336323022842,26,,,,,
2110,0.01670042611658573,26,,,,,
2111,0.019891969859600067,26,,,,,
2112,0.00788391474634409,26,,,,,
2113,0.010719959624111652,26,,,,,
2114,0.004895132966339588,26,,,,,
2115,0.0009244878892786801,26,,,,,
2116,0.03167648985981941,26,,,,,
2117,0.000524079950992018,26,,,,,
2118,0.02371397614479065,26,,,,,
2119,0.0018061145674437284,26,,,,,
2120,0.009294134564697742,26,,,,,
2121,0.014713884331285954,26,,,,,
2122,0.017408404499292374,26,,,,,
2123,0.018467405810952187,26,,,,,
2124,0.0003920697490684688,26,,,,,
2125,0.040506500750780106,26,,,,,
2126,0.028095636516809464,26,,,,,
2127,0.00013743442832492292,26,,,,,
2128,0.0013199899112805724,26,,,,,
2129,0.0349162220954895,26,,,,,
2130,0.000865466077812016,26,,,,,
2131,0.002491371240466833,26,,,,,
2132,0.0007535488693974912,26,,,,,
260,,,0.00027387647423893213,,,,
261,,,0.003980307839810848,,,,
262,,,0.02895800583064556,,,,
263,,,3.3540272852405906e-05,,,,
264,,,0.014100187458097935,,,,
265,,,0.0027853543870151043,,,,
266,,,0.10409297794103622,,,,
267,,,0.009236331097781658,,,,
268,,,0.04358552768826485,,,,
269,,,3.4682409477682086e-07,,,,
2132,,26,,0.021235523745417595,,,
2132,,26,,,0.9357142448425293,0.015319634228944778,0.9607142210006714
2133,0.000307796144625172,27,,,,,
2134,0.0013332138769328594,27,,,,,
2135,0.0008927296148613095,27,,,,,
2136,0.0043294779025018215,27,,,,,
2137,0.013199756853282452,27,,,,,
2138,0.003310329979285598,27,,,,,
2139,0.0025251982733607292,27,,,,,
2140,0.0013390678213909268,27,,,,,
2141,0.0076925852335989475,27,,,,,
2142,0.0653272420167923,27,,,,,
2143,0.01825370453298092,27,,,,,
2144,0.00015601376071572304,27,,,,,
2145,0.00027582302573136985,27,,,,,
2146,0.03289555385708809,27,,,,,
2147,0.000547528441529721,27,,,,,
2148,0.0009814546210691333,27,,,,,
2149,0.0008843279792927206,27,,,,,
2150,0.000562975590582937,27,,,,,
2151,0.02693622000515461,27,,,,,
2152,0.0003992160491179675,27,,,,,
2153,0.0011797804618254304,27,,,,,
2154,0.004506984259933233,27,,,,,
2155,0.012592005543410778,27,,,,,
2156,0.02737550623714924,27,,,,,
2157,0.006233160849660635,27,,,,,
2158,0.023893890902400017,27,,,,,
2159,0.0035261441953480244,27,,,,,
2160,0.043347056955099106,27,,,,,
2161,0.010743015445768833,27,,,,,
2162,0.0017119168769568205,27,,,,,
2163,0.021546397358179092,27,,,,,
2164,0.014843073673546314,27,,,,,
2165,0.04216347262263298,27,,,,,
2166,0.0007355042616836727,27,,,,,
2167,0.009807267226278782,27,,,,,
2168,0.010759638622403145,27,,,,,
2169,0.001585426740348339,27,,,,,
2170,0.007146384567022324,27,,,,,
2171,0.019573098048567772,27,,,,,
2172,0.021894944831728935,27,,,,,
2173,0.0012893991079181433,27,,,,,
2174,0.0036022805143147707,27,,,,,
2175,0.03881566971540451,27,,,,,
2176,0.015459857881069183,27,,,,,
2177,0.010732674039900303,27,,,,,
2178,0.03542258217930794,27,,,,,
2179,0.03315787762403488,27,,,,,
2180,0.003435390302911401,27,,,,,
2181,0.022522268816828728,27,,,,,
2182,0.001593359629623592,27,,,,,
2183,0.0008986238390207291,27,,,,,
2184,0.02148032933473587,27,,,,,
2185,0.0009352014167234302,27,,,,,
2186,0.008893326856195927,27,,,,,
2187,0.003847719868645072,27,,,,,
2188,0.02320026233792305,27,,,,,
2189,0.04578845575451851,27,,,,,
2190,0.022385451942682266,27,,,,,
2191,0.00021922275482211262,27,,,,,
2192,0.015063240192830563,27,,,,,
2193,0.008075467310845852,27,,,,,
2194,0.01993577554821968,27,,,,,
2195,0.023914726451039314,27,,,,,
2196,0.0006890604854561388,27,,,,,
2197,0.05103851109743118,27,,,,,
2198,0.008051469922065735,27,,,,,
2199,0.0009323388221673667,27,,,,,
2200,0.017941590398550034,27,,,,,
2201,0.002548414748162031,27,,,,,
2202,0.006439621094614267,27,,,,,
2203,0.01202629879117012,27,,,,,
2204,0.011395894922316074,27,,,,,
2205,0.0003252160386182368,27,,,,,
2206,0.0005459798267111182,27,,,,,
2207,0.03164678066968918,27,,,,,
2208,0.041507795453071594,27,,,,,
2209,0.007857156917452812,27,,,,,
2210,0.03406299650669098,27,,,,,
2211,0.0350436195731163,27,,,,,
270,,,0.0006416806136257946,,,,
271,,,0.005769933108240366,,,,
272,,,0.03197252377867699,,,,
273,,,8.050974429352209e-05,,,,
274,,,0.012577731162309647,,,,
275,,,0.002549390308558941,,,,
276,,,0.08774066716432571,,,,
277,,,0.009534069336950779,,,,
278,,,0.04187048226594925,,,,
279,,,1.6912947558012092e-06,,,,
2211,,27,,0.01976802945137024,,,
2211,,27,,,0.9107142686843872,0.01362850982695818,0.9357142448425293
2212,0.0005848982837051153,28,,,,,
2213,0.021200157701969147,28,,,,,
2214,0.0003201266226824373,28,,,,,
2215,0.016197435557842255,28,,,,,
2216,0.004296953324228525,28,,,,,
2217,0.028939761221408844,28,,,,,
2218,0.029006874188780785,28,,,,,
2219,0.0019534777384251356,28,,,,,
2220,0.004610731266438961,28,,,,,
2221,0.011217918246984482,28,,,,,
2222,0.0031419843435287476,28,,,,,
2223,0.01148960180580616,28,,,,,
2224,0.021786125376820564,28,,,,,
2225,0.014968350529670715,28,,,,,
2226,0.002099517034366727,28,,,,,
2227,0.0027968555223196745,28,,,,,
2228,0.03460731357336044,28,,,,,
2229,0.00794606376439333,28,,,,,
2230,0.01651412807404995,28,,,,,
2231,0.006133292336016893,28,,,,,
2232,0.021418722346425056,28,,,,,
2233,0.011457490734755993,28,,,,,
2234,0.0006445649196393788,28,,,,,
2235,0.002702622441574931,28,,,,,
2236,0.010629823431372643,28,,,,,
2237,0.013125583529472351,28,,,,,
2238,0.03161893039941788,28,,,,,
2239,0.010186993516981602,28,,,,,
2240,0.0007304964237846434,28,,,,,
2241,0.006257177796214819,28,,,,,
2242,0.005241061560809612,28,,,,,
2243,0.008454934693872929,28,,,,,
2244,0.01883111521601677,28,,,,,
2245,0.0023777505848556757,28,,,,,
2246,0.03226447477936745,28,,,,,
2247,0.004984581843018532,28,,,,,
2248,0.012197325937449932,28,,,,,
2249,0.004286665469408035,28,,,,,
2250,0.00035353912971913815,28,,,,,
2251,0.004131046589463949,28,,,,,
2252,0.0013830404495820403,28,,,,,
2253,0.007129911798983812,28,,,,,
2254,0.033537596464157104,28,,,,,
2255,0.0018731247400864959,28,,,,,
2256,0.000988492276519537,28,,,,,
2257,0.007804814726114273,28,,,,,
2258,0.008025174029171467,28,,,,,
2259,0.0016029076650738716,28,,,,,
2260,0.020780863240361214,28,,,,,
2261,0.0004954669275321066,28,,,,,
2262,0.006148932036012411,28,,,,,
2263,0.0026547478046268225,28,,,,,
2264,0.01072439830750227,28,,,,,
2265,0.005024133250117302,28,,,,,
2266,0.037164077162742615,28,,,,,
2267,0.0001690969947958365,28,,,,,
2268,0.004445469938218594,28,,,,,
2269,0.05885613337159157,28,,,,,
2270,0.0167680811136961,28,,,,,
2271,0.015924040228128433,28,,,,,
2272,0.0002677998272702098,28,,,,,
2273,0.0022217785008251667,28,,,,,
2274,0.00693731801584363,28,,,,,
2275,0.0019144502002745867,28,,,,,
2276,0.0009301577811129391,28,,,,,
2277,0.023048408329486847,28,,,,,
2278,0.0075772665441036224,28,,,,,
2279,0.005963601171970367,28,,,,,
2280,0.0005903138080611825,28,,,,,
2281,0.025704186409711838,28,,,,,
2282,0.060986507683992386,28,,,,,
2283,0.008722069673240185,28,,,,,
2284,0.01715528406202793,28,,,,,
2285,0.0014611856313422322,28,,,,,
2286,0.004484404344111681,28,,,,,
2287,0.0005883594858460128,28,,,,,
2288,0.0363493449985981,28,,,,,
2289,0.004898701328784227,28,,,,,
2290,0.004956741351634264,28,,,,,
280,,,0.000249942735536024,,,,
281,,,0.003686644835397601,,,,
282,,,0.03408920392394066,,,,
283,,,1.272116514883237e-05,,,,
284,,,0.014395307749509811,,,,
285,,,0.0030475968960672617,,,,
286,,,0.06843414157629013,,,,
287,,,0.008263562805950642,,,,
288,,,0.055952418595552444,,,,
289,,,5.63302683076472e-06,,,,
2290,,28,,0.01929597742855549,,,
2290,,28,,,0.7732142806053162,0.011417760513722897,0.798214316368103
2291,0.02233794331550598,29,,,,,
2292,0.0077780247665941715,29,,,,,
2293,0.00021209829719737172,29,,,,,
2294,0.0018686699913814664,29,,,,,
2295,0.008682005107402802,29,,,,,
2296,0.016877349466085434,29,,,,,
2297,0.017024902626872063,29,,,,,
2298,0.0004338565340731293,29,,,,,
2299,0.003483801381662488,29,,,,,
2300,0.0002463742857798934,29,,,,,
2301,0.004228807520121336,29,,,,,
2302,0.01495308242738247,29,,,,,
2303,0.005270419176667929,29,,,,,
2304,0.0073821814730763435,29,,,,,
2305,0.0003481954336166382,29,,,,,
2306,0.004286180250346661,29,,,,,
2307,0.000982237863354385,29,,,,,
2308,0.017709042876958847,29,,,,,
2309,0.01865895465016365,29,,,,,
2310,0.00110657699406147,29,,,,,
2311,0.021253403276205063,29,,,,,
2312,0.02013637125492096,29,,,,,
2313,0.0008748445543460548,29,,,,,
2314,0.015543892979621887,29,,,,,
2315,0.008461826480925083,29,,,,,
2316,0.042419757694005966,29,,,,,
2317,0.0015169994439929724,29,,,,,
2318,0.025635065510869026,29,,,,,
2319,0.00586353475227952,29,,,,,
2320,0.00048139237333089113,29,,,,,
2321,0.039364539086818695,29,,,,,
2322,0.022072933614253998,29,,,,,
2323,0.0006126167136244476,29,,,,,
2324,0.008388995192945004,29,,,,,
2325,0.014895769767463207,29,,,,,
2326,0.0006849465426057577,29,,,,,
2327,0.02422722615301609,29,,,,,
2328,0.01313707884401083,29,,,,,
2329,0.0010434783762320876,29,,,,,
2330,0.0005878967349417508,29,,,,,
2331,0.0006680369260720909,29,,,,,
2332,0.007512321230024099,29,,,,,
2333,0.008439699187874794,29,,,,,
2334,0.001755550387315452,29,,,,,
2335,0.0003691870952025056,29,,,,,
2336,0.014851190149784088,29,,,,,
2337,0.0002035380166489631,29,,,,,
2338,0.015179810114204884,29,,,,,
2339,0.016632968559861183,29,,,,,
2340,0.02224631980061531,29,,,,,
2341,0.016118457540869713,29,,,,,
2342,0.03039349988102913,29,,,,,
2343,0.0039613074623048306,29,,,,,
2344,0.06172199174761772,29,,,,,
2345,0.01445803977549076,29,,,,,
2346,0.00017008442955557257,29,,,,,
2347,0.011981264688074589,29,,,,,
2348,0.02814425528049469,29,,,,,
2349,0.0004991362802684307,29,,,,,
2350,0.0007068563718348742,29,,,,,
2351,0.0014166519977152348,29,,,,,
2352,0.0053918189369142056,29,,,,,
2353,0.0010044449009001255,29,,,,,
2354,0.00833913218230009,29,,,,,
2355,0.021428734064102173,29,,,,,
2356,7.001096673775464e-05,29,,,,,
2357,0.0008667651563882828,29,,,,,
2358,0.021105097606778145,29,,,,,
2359,0.015805140137672424,29,,,,,
2360,0.025785038247704506,29,,,,,
2361,8.554670785088092e-05,29,,,,,
2362,0.052352502942085266,29,,,,,
2363,0.01267105434089899,29,,,,,
2364,0.051419105380773544,29,,,,,
2365,0.023998305201530457,29,,,,,
2366,0.010133816860616207,29,,,,,
2367,0.02556314505636692,29,,,,,
2368,0.0020475639030337334,29,,,,,
2369,0.06255520135164261,29,,,,,
290,,,0.011532505974173546,,,,
291,,,0.012674873694777489,,,,
292,,,0.03661205619573593,,,,
293,,,0.000428648287197575,,,,
294,,,0.015965895727276802,,,,
295,,,0.0024795683566480875,,,,
296,,,0.05329643934965134,,,,
297,,,0.009702755138278008,,,,
298,,,0.051036857068538666,,,,
299,,,2.7032017442252254e-06,,,,
2369,,29,,0.019869910553097725,,,
2369,,29,,,0.9375,0.012504354119300842,0.9624999761581421
2370,0.010836241766810417,30,,,,,
2371,0.028034009039402008,30,,,,,
2372,0.019149933010339737,30,,,,,
2373,0.01244620606303215,30,,,,,
2374,0.02989024855196476,30,,,,,
2375,0.014471844770014286,30,,,,,
2376,0.01876131258904934,30,,,,,
2377,0.007412736304104328,30,,,,,
2378,0.013373330235481262,30,,,,,
2379,0.01966734603047371,30,,,,,
2380,0.01760271191596985,30,,,,,
2381,0.0189445111900568,30,,,,,
2382,0.008619402535259724,30,,,,,
2383,0.026305032894015312,30,,,,,
2384,0.0001278264244319871,30,,,,,
2385,0.0006755587528459728,30,,,,,
2386,0.005371592938899994,30,,,,,
2387,0.023704955354332924,30,,,,,
2388,0.022855842486023903,30,,,,,
2389,9.573931311024353e-05,30,,,,,
2390,0.03666677325963974,30,,,,,
2391,0.004808750003576279,30,,,,,
2392,0.0003221866500098258,30,,,,,
2393,0.02939118817448616,30,,,,,
2394,0.000189849961316213,30,,,,,
2395,0.015418889001011848,30,,,,,
2396,0.010052656754851341,30,,,,,
2397,0.031692326068878174,30,,,,,
2398,0.001334229833446443,30,,,,,
2399,0.000489079742692411,30,,,,,
2400,0.003390168072655797,30,,,,,
2401,0.02666528895497322,30,,,,,
2402,0.015506577678024769,30,,,,,
2403,0.05227261409163475,30,,,,,
2404,0.04480180889368057,30,,,,,
2405,0.017967114225029945,30,,,,,
2406,0.008981183171272278,30,,,,,
2407,0.030627364292740822,30,,,,,
2408,0.024451792240142822,30,,,,,
2409,0.000171333784237504,30,,,,,
2410,0.01635286957025528,30,,,,,
2411,0.009168276563286781,30,,,,,
2412,0.01701236516237259,30,,,,,
2413,0.015736183151602745,30,,,,,
2414,0.000614503282122314,30,,,,,
2415,0.012560617178678513,30,,,,,
2416,0.002594561781734228,30,,,,,
2417,0.0013569295406341553,30,,,,,
2418,0.007796464022248983,30,,,,,
2419,0.0045774043537676334,30,,,,,
2420,0.007528372574597597,30,,,,,
2421,0.007898841053247452,30,,,,,
2422,0.030797788873314857,30,,,,,
2423,0.0038223881274461746,30,,,,,
2424,0.004945085383951664,30,,,,,
2425,0.0369962677359581,30,,,,,
2426,0.0001304861216340214,30,,,,,
2427,0.00022033686400391161,30,,,,,
2428,0.002021051710471511,30,,,,,
2429,0.010416499339044094,30,,,,,
2430,0.003246148582547903,30,,,,,
2431,0.005710192024707794,30,,,,,
2432,0.0006845746538601816,30,,,,,
2433,0.00032582544372417033,30,,,,,
2434,0.005340783856809139,30,,,,,
2435,0.000794919382315129,30,,,,,
2436,0.0007892627036198974,30,,,,,
2437,0.015464633703231812,30,,,,,
2438,0.00035393337020650506,30,,,,,
2439,0.0005905481521040201,30,,,,,
2440,0.010954709723591805,30,,,,,
2441,0.01589340530335903,30,,,,,
2442,0.0011209086515009403,30,,,,,
2443,0.012138317339122295,30,,,,,
2444,8.63219756865874e-05,30,,,,,
2445,0.00010307532647857442,30,,,,,
2446,0.013742544688284397,30,,,,,
2447,0.0005120791029185057,30,,,,,
2448,0.07106954604387283,30,,,,,
300,,,3.978419772465713e-05,,,,
301,,,0.0055803884752094746,,,,
302,,,0.031670764088630676,,,,
303,,,1.207008835990564e-06,,,,
304,,,0.010688742622733116,,,,
305,,,0.0188621636480093,,,,
306,,,0.058340348303318024,,,,
307,,,0.012393257580697536,,,,
308,,,0.04763476178050041,,,,
309,,,5.17000671607093e-07,,,,
2448,,30,,0.01899608224630356,,,
2448,,30,,,0.9750000238418579,0.012256434187293053,1.0
2449,0.0006182740326039493,31,,,,,
2450,0.006154275499284267,31,,,,,
2451,0.031126081943511963,31,,,,,
2452,0.032678768038749695,31,,,,,
2453,0.0052080596797168255,31,,,,,
2454,0.011658720672130585,31,,,,,
2455,0.0002279210020788014,31,,,,,
2456,0.007464153226464987,31,,,,,
2457,0.02090718038380146,31,,,,,
2458,0.026873717084527016,31,,,,,
2459,0.003746464615687728,31,,,,,
2460,0.0010322415037080646,31,,,,,
2461,0.000312399206450209,31,,,,,
2462,0.01802719570696354,31,,,,,
2463,0.019459260627627373,31,,,,,
2464,0.010096349753439426,31,,,,,
2465,0.0004988249856978655,31,,,,,
2466,0.021090209484100342,31,,,,,
2467,0.013387887738645077,31,,,,,
2468,0.0006789742037653923,31,,,,,
2469,0.004560819361358881,31,,,,,
2470,0.015734171494841576,31,,,,,
2471,0.0002509492333047092,31,,,,,
2472,0.004662982188165188,31,,,,,
2473,0.000420841621235013,31,,,,,
2474,0.00030474725645035505,31,,,,,
2475,0.013213877566158772,31,,,,,
2476,0.004646904766559601,31,,,,,
2477,0.005233091302216053,31,,,,,
2478,5.724418952013366e-05,31,,,,,
2479,0.004843025002628565,31,,,,,
2480,0.01597890816628933,31,,,,,
2481,0.0004159628297202289,31,,,,,
2482,0.00015775994688738137,31,,,,,
2483,0.0010503160301595926,31,,,,,
2484,0.032201267778873444,31,,,,,
2485,0.008519593626260757,31,,,,,
2486,0.011904495768249035,31,,,,,
2487,0.00010648433089954779,31,,,,,
2488,0.014276497066020966,31,,,,,
2489,8.981499559013173e-05,31,,,,,
2490,5.6067521654767916e-05,31,,,,,
2491,0.03144470229744911,31,,,,,
2492,0.02023066021502018,31,,,,,
2493,0.015388240106403828,31,,,,,
2494,0.01643426902592182,31,,,,,
2495,0.007479580119252205,31,,,,,
2496,0.01853303238749504,31,,,,,
2497,0.0015113637782633305,31,,,,,
2498,0.001033650478348136,31,,,,,
2499,0.021861037239432335,31,,,,,
2500,0.005558564327657223,31,,,,,
2501,0.025745877996087074,31,,,,,
2502,0.0003896939742844552,31,,,,,
2503,7.297770935110748e-05,31,,,,,
2504,5.7390963775105774e-05,31,,,,,
2505,0.04470444098114967,31,,,,,
2506,0.013889225199818611,31,,,,,
2507,0.02868247777223587,31,,,,,
2508,0.0007610004395246506,31,,,,,
2509,0.019294656813144684,31,,,,,
2510,0.0009521901374682784,31,,,,,
2511,0.028415406122803688,31,,,,,
2512,0.0012693555327132344,31,,,,,
2513,0.020633580163121223,31,,,,,
2514,0.001238572527654469,31,,,,,
2515,0.00011968601756962016,31,,,,,
2516,0.03780483826994896,31,,,,,
2517,0.0033823996782302856,31,,,,,
2518,0.02212660014629364,31,,,,,
2519,0.0005243098712526262,31,,,,,
2520,0.010513275861740112,31,,,,,
2521,0.00404689647257328,31,,,,,
2522,0.008136973716318607,31,,,,,
2523,0.006669770460575819,31,,,,,
2524,0.0029924584086984396,31,,,,,
2525,0.00020882213721051812,31,,,,,
2526,0.012419064529240131,31,,,,,
2527,0.001325899502262473,31,,,,,
310,,,7.338500290643424e-05,,,,
311,,,0.005393709521740675,,,,
312,,,0.04021139442920685,,,,
313,,,2.753618218775955e-06,,,,
314,,,0.010859624482691288,,,,
315,,,0.005552659276872873,,,,
316,,,0.06803685426712036,,,,
317,,,0.015848560258746147,,,,
318,,,0.05375288426876068,,,,
319,,,1.1203737813048065e-06,,,,
2527,,31,,0.020485401153564453,,,
2527,,31,,,0.9607142210006714,0.01027058344334364,0.9857142567634583
2528,0.02023646980524063,32,,,,,
2529,0.01997240073978901,32,,,,,
2530,0.016813667491078377,32,,,,,
2531,0.0033791381865739822,32,,,,,
2532,0.034113891422748566,32,,,,,
2533,0.003791521769016981,32,,,,,
2534,0.00038991778274066746,32,,,,,
2535,0.000270009390078485,32,,,,,
2536,0.00015922878810670227,32,,,,,
2537,0.013287916779518127,32,,,,,
2538,0.0004432410351000726,32,,,,,
2539,0.003137157065793872,32,,,,,
2540,0.016508152708411217,32,,,,,
2541,0.007511422038078308,32,,,,,
2542,0.0005282971542328596,32,,,,,
2543,6.290129385888577e-05,32,,,,,
2544,0.004092796240001917,32,,,,,
2545,0.0024953430984169245,32,,,,,
2546,0.012218700721859932,32,,,,,
2547,0.011706369929015636,32,,,,,
2548,0.009303166531026363,32,,,,,
2549,0.00018768977315630764,32,,,,,
2550,0.022859418764710426,32,,,,,
2551,0.0005952374776825309,32,,,,,
2552,0.003583228914067149,32,,,,,
2553,0.003850959474220872,32,,,,,
2554,0.0024248415138572454,32,,,,,
2555,0.00026617705589160323,32,,,,,
2556,0.007905573584139347,32,,,,,
2557,4.876816819887608e-05,32,,,,,
2558,0.028712159022688866,32,,,,,
2559,0.00988531019538641,32,,,,,
2560,0.006812382489442825,32,,,,,
2561,0.0048247212544083595,32,,,,,
2562,0.0013590733287855983,32,,,,,
2563,0.021779071539640427,32,,,,,
2564,0.007538109552115202,32,,,,,
2565,0.000882014341186732,32,,,,,
2566,0.0005093108047731221,32,,,,,
2567,0.02853257954120636,32,,,,,
2568,0.0003334586799610406,32,,,,,
2569,0.012303097173571587,32,,,,,
2570,0.035636965185403824,32,,,,,
2571,0.00016917176253627986,32,,,,,
2572,0.0001246874307980761,32,,,,,
2573,0.003866611747071147,32,,,,,
2574,0.0003406727046240121,32,,,,,
2575,0.011790256947278976,32,,,,,
2576,0.008418656885623932,32,,,,,
2577,0.0004318102146498859,32,,,,,
2578,0.0034964028745889664,32,,,,,
2579,7.384402852039784e-05,32,,,,,
2580,0.00043749611359089613,32,,,,,
2581,0.004003412090241909,32,,,,,
2582,0.0032575607765465975,32,,,,,
2583,0.005817380268126726,32,,,,,
2584,0.020336629822850227,32,,,,,
2585,0.0025461893528699875,32,,,,,
2586,0.023674342781305313,32,,,,,
2587,4.3836549593834206e-05,32,,,,,
2588,0.00014279503375291824,32,,,,,
2589,0.009332260116934776,32,,,,,
2590,0.012341909110546112,32,,,,,
2591,0.018912432715296745,32,,,,,
2592,0.020928509533405304,32,,,,,
2593,0.0009599589393474162,32,,,,,
2594,0.006808774080127478,32,,,,,
2595,0.00081669568317011,32,,,,,
2596,0.0004627971211448312,32,,,,,
2597,0.03279062733054161,32,,,,,
2598,0.03188667446374893,32,,,,,
2599,9.064009645953774e-05,32,,,,,
2600,0.0061934455297887325,32,,,,,
2601,0.007825957611203194,32,,,,,
2602,0.018086621537804604,32,,,,,
2603,0.0002060418191831559,32,,,,,
2604,0.0018205258529633284,32,,,,,
2605,0.006643646862357855,32,,,,,
2606,8.413182513322681e-05,32,,,,,
320,,,1.4503039892588276e-05,,,,
321,,,0.0072089191526174545,,,,
322,,,0.031418200582265854,,,,
323,,,2.9727186756645096e-06,,,,
324,,,0.010204674676060677,,,,
325,,,0.0020061307586729527,,,,
326,,,0.08371062576770782,,,,
327,,,0.015016263350844383,,,,
328,,,0.05110318213701248,,,,
329,,,9.164970151687157e-07,,,,
2606,,32,,0.020583195611834526,,,
2606,,32,,,0.949999988079071,0.00824705045670271,0.9750000238418579
2607,0.010442877188324928,33,,,,,
2608,0.0004681596765294671,33,,,,,
2609,0.0012481039157137275,33,,,,,
2610,0.04161570593714714,33,,,,,
2611,0.013168823905289173,33,,,,,
2612,0.0005599488504230976,33,,,,,
2613,0.014104076661169529,33,,,,,
2614,0.00011322777572786435,33,,,,,
2615,0.0013599657686427236,33,,,,,
2616,0.003476786660030484,33,,,,,
2617,0.011734569445252419,33,,,,,
2618,0.00028810693765990436,33,,,,,
2619,0.0006146437372080982,33,,,,,
2620,0.010746347717940807,33,,,,,
2621,0.010863016359508038,33,,,,,
2622,0.0001332294341409579,33,,,,,
2623,0.03232821822166443,33,,,,,
2624,0.0001273060479434207,33,,,,,
2625,0.006286636460572481,33,,,,,
2626,0.011053670197725296,33,,,,,
2627,0.0010218388633802533,33,,,,,
2628,0.009573357179760933,33,,,,,
2629,0.011093033477663994,33,,,,,
2630,0.043515611439943314,33,,,,,
2631,0.014010326005518436,33,,,,,
2632,0.007728914730250835,33,,,,,
2633,0.017939627170562744,33,,,,,
2634,0.017819968983530998,33,,,,,
2635,0.0015014340169727802,33,,,,,
2636,0.007069889456033707,33,,,,,
2637,0.0004890952841378748,33,,,,,
2638,0.0076220398768782616,33,,,,,
2639,0.003658345667645335,33,,,,,
2640,9.878297714749351e-05,33,,,,,
2641,0.009155008010566235,33,,,,,
2642,0.00011343388905515894,33,,,,,
2643,0.0009936868445947766,33,,,,,
2644,0.00027787534054368734,33,,,,,
2645,0.0015085514169186354,33,,,,,
2646,0.01601407304406166,33,,,,,
2647,0.008880007080733776,33,,,,,
2648,0.008227698504924774,33,,,,,
2649,0.0034671304747462273,33,,,,,
2650,0.002170283580198884,33,,,,,
2651,0.0005239990423433483,33,,,,,
2652,0.022837182506918907,33,,,,,
2653,0.011742508970201015,33,,,,,
2654,0.003574908943846822,33,,,,,
2655,0.005431958008557558,33,,,,,
2656,0.03633170574903488,33,,,,,
2657,0.005857720971107483,33,,,,,
2658,0.02028629370033741,33,,,,,
2659,0.0003993746649939567,33,,,,,
2660,0.02809085138142109,33,,,,,
2661,0.0007885621744208038,33,,,,,
2662,0.0008453335613012314,33,,,,,
2663,0.0001719948777463287,33,,,,,
2664,0.004624748136848211,33,,,,,
2665,0.01034954097121954,33,,,,,
2666,0.000219564710278064,33,,,,,
2667,0.005262555554509163,33,,,,,
2668,0.00010768501670099795,33,,,,,
2669,0.0039056995883584023,33,,,,,
2670,0.012108358554542065,33,,,,,
2671,0.010396793484687805,33,,,,,
2672,0.013384449295699596,33,,,,,
2673,0.010823034681379795,33,,,,,
2674,0.0005679334863089025,33,,,,,
2675,0.008814825676381588,33,,,,,
2676,0.0025543251540511847,33,,,,,
2677,0.014818869531154633,33,,,,,
2678,0.01717011258006096,33,,,,,
2679,9.961315663531423e-05,33,,,,,
2680,0.02887853793799877,33,,,,,
2681,0.0011107324389740825,33,,,,,
2682,0.007576498202979565,33,,,,,
2683,0.00018703346722759306,33,,,,,
2684,0.022451695054769516,33,,,,,
2685,0.087918721139431,33,,,,,
330,,,0.00045636476716026664,,,,
331,,,0.007413976825773716,,,,
332,,,0.03772633522748947,,,,
333,,,1.9059402802668046e-06,,,,
334,,,0.010402790270745754,,,,
335,,,0.001665174146182835,,,,
336,,,0.07975023984909058,,,,
337,,,0.029887940734624863,,,,
338,,,0.05070582032203674,,,,
339,,,5.351332674763398e-07,,,,
2685,,33,,0.022360099479556084,,,
2685,,33,,,0.949999988079071,0.009058346971869469,0.9750000238418579
2686,0.0002828652213793248,34,,,,,
2687,0.0007097176276147366,34,,,,,
2688,0.0003495713463053107,34,,,,,
2689,0.005752877797931433,34,,,,,
2690,0.006422830279916525,34,,,,,
2691,0.021593747660517693,34,,,,,
2692,0.022113438695669174,34,,,,,
2693,0.020477445796132088,34,,,,,
2694,0.015253908932209015,34,,,,,
2695,0.00873575359582901,34,,,,,
2696,0.010176348499953747,34,,,,,
2697,0.013837034814059734,34,,,,,
2698,0.010192720219492912,34,,,,,
2699,0.00010766241030069068,34,,,,,
2700,0.0003074872074648738,34,,,,,
2701,0.0063233571127057076,34,,,,,
2702,0.032162271440029144,34,,,,,
2703,0.008079851046204567,34,,,,,
2704,0.029890645295381546,34,,,,,
2705,0.010598274879157543,34,,,,,
2706,0.003727718722075224,34,,,,,
2707,0.00023805644013918936,34,,,,,
2708,0.001260292949154973,34,,,,,
2709,0.03433497995138168,34,,,,,
2710,0.009998634457588196,34,,,,,
2711,0.020963989198207855,34,,,,,
2712,0.000827006355393678,34,,,,,
2713,0.02518516033887863,34,,,,,
2714,0.0017333795549347997,34,,,,,
2715,0.0010703164152801037,34,,,,,
2716,0.008715017698705196,34,,,,,
2717,0.009389354847371578,34,,,,,
2718,0.017418909817934036,34,,,,,
2719,0.030144670978188515,34,,,,,
2720,0.0015703015960752964,34,,,,,
2721,0.01864045485854149,34,,,,,
2722,0.008891746401786804,34,,,,,
2723,0.00026411935687065125,34,,,,,
2724,0.00041631743079051375,34,,,,,
2725,0.006131214089691639,34,,,,,
2726,0.0008747897809371352,34,,,,,
2727,0.004977209027856588,34,,,,,
2728,0.009245128370821476,34,,,,,
2729,0.0073570916429162025,34,,,,,
2730,0.00018670043209567666,34,,,,,
2731,0.015522271394729614,34,,,,,
2732,0.002463185228407383,34,,,,,
2733,0.0002465332509018481,34,,,,,
2734,0.006581975147128105,34,,,,,
2735,0.00029843664378859103,34,,,,,
2736,0.008322483859956264,34,,,,,
2737,0.056986089795827866,34,,,,,
2738,0.004433041904121637,34,,,,,
2739,0.008892000652849674,34,,,,,
2740,0.004198834765702486,34,,,,,
2741,0.01081728097051382,34,,,,,
2742,0.05188393592834473,34,,,,,
2743,0.022314753383398056,34,,,,,
2744,0.0019134992035105824,34,,,,,
2745,0.006397114135324955,34,,,,,
2746,0.013720961287617683,34,,,,,
2747,0.015473749488592148,34,,,,,
2748,0.0006009541102685034,34,,,,,
2749,0.014063200913369656,34,,,,,
2750,0.008261509239673615,34,,,,,
2751,0.012861798517405987,34,,,,,
2752,7.916214235592633e-05,34,,,,,
2753,0.0398297943174839,34,,,,,
2754,0.027176853269338608,34,,,,,
2755,0.000985590391792357,34,,,,,
2756,0.00032354090944863856,34,,,,,
2757,0.00019752037769649178,34,,,,,
2758,0.008981417864561081,34,,,,,
2759,0.010166077874600887,34,,,,,
2760,0.006727586500346661,34,,,,,
2761,0.00039759548963047564,34,,,,,
2762,0.0016285690944641829,34,,,,,
2763,0.01121063344180584,34,,,,,
2764,0.001083427225239575,34,,,,,
340,,,2.7804373530671e-05,,,,
341,,,0.0056227571330964565,,,,
342,,,0.03142409771680832,,,,
343,,,3.459309937170474e-06,,,,
344,,,0.014115795493125916,,,,
345,,,0.0024512370582669973,,,,
346,,,0.10137025266885757,,,,
347,,,0.008977307938039303,,,,
348,,,0.05941333249211311,,,,
349,,,3.445205265961704e-06,,,,
2764,,34,,0.022913705557584763,,,
2764,,34,,,0.949999988079071,0.0104790348559618,0.9750000238418579
2765,0.0046300156973302364,35,,,,,
2766,0.004793089814484119,35,,,,,
2767,0.013224209658801556,35,,,,,
2768,0.009607188403606415,35,,,,,
2769,0.0008044943097047508,35,,,,,
2770,0.0009753948543220758,35,,,,,
2771,0.0004130522720515728,35,,,,,
2772,0.000496990280225873,35,,,,,
2773,0.009672018699347973,35,,,,,
2774,0.009487294591963291,35,,,,,
2775,0.00044602283742278814,35,,,,,
2776,0.008107971400022507,35,,,,,
2777,0.007820896804332733,35,,,,,
2778,0.019791483879089355,35,,,,,
2779,0.0010542775271460414,35,,,,,
2780,0.000270005693892017,35,,,,,
2781,0.027251115068793297,35,,,,,
2782,0.004548679571598768,35,,,,,
2783,0.013263028115034103,35,,,,,
2784,0.006571419537067413,35,,,,,
2785,9.743373811943457e-05,35,,,,,
2786,0.009833990596234798,35,,,,,
2787,0.004948108922690153,35,,,,,
2788,5.525020242203027e-05,35,,,,,
2789,0.05361717939376831,35,,,,,
2790,0.02420448139309883,35,,,,,
2791,0.0011291428236290812,35,,,,,
2792,0.015705902129411697,35,,,,,
2793,0.02560814470052719,35,,,,,
2794,8.995608368422836e-05,35,,,,,
2795,0.0014152550138533115,35,,,,,
2796,5.270851033856161e-05,35,,,,,
2797,0.0017711938126012683,35,,,,,
2798,7.43273994885385e-05,35,,,,,
2799,0.00252153561450541,35,,,,,
2800,3.4183700336143374e-05,35,,,,,
2801,0.025688108056783676,35,,,,,
2802,0.0001347543584415689,35,,,,,
2803,0.001983513357117772,35,,,,,
2804,0.06630640476942062,35,,,,,
2805,0.024334222078323364,35,,,,,
2806,0.005703555885702372,35,,,,,
2807,0.01919180154800415,35,,,,,
2808,0.011939852498471737,35,,,,,
2809,0.010469508357346058,35,,,,,
2810,0.01390256267040968,35,,,,,
2811,0.0011239636223763227,35,,,,,
2812,0.015312174335122108,35,,,,,
2813,0.041797418147325516,35,,,,,
2814,0.021304314956068993,35,,,,,
2815,0.002870395081117749,35,,,,,
2816,0.002903963439166546,35,,,,,
2817,0.002377411350607872,35,,,,,
2818,0.0034494048450142145,35,,,,,
2819,0.0072977361269295216,35,,,,,
2820,0.010807952843606472,35,,,,,
2821,0.0045175570994615555,35,,,,,
2822,0.0022051928099244833,35,,,,,
2823,0.01432455237954855,35,,,,,
2824,0.0011812809389084578,35,,,,,
2825,0.019319914281368256,35,,,,,
2826,0.02306726574897766,35,,,,,
2827,0.001282846904359758,35,,,,,
2828,0.005843954626470804,35,,,,,
2829,0.003307029837742448,35,,,,,
2830,0.011498156934976578,35,,,,,
2831,0.00036176000139676034,35,,,,,
2832,0.025434765964746475,35,,,,,
2833,0.00139169383328408,35,,,,,
2834,0.0007356146234087646,35,,,,,
2835,0.000361495214747265,35,,,,,
2836,0.0007310326909646392,35,,,,,
2837,0.04146537184715271,35,,,,,
2838,0.00958047155290842,35,,,,,
2839,0.008198886178433895,35,,,,,
2840,0.0008939147228375077,35,,,,,
2841,0.006729627959430218,35,,,,,
2842,0.0003649374411907047,35,,,,,
2843,0.0007576395873911679,35,,,,,
350,,,1.5478228306164965e-05,,,,
351,,,0.006247734650969505,,,,
352,,,0.031526509672403336,,,,
353,,,1.6648622249704204e-06,,,,
354,,,0.010100162588059902,,,,
355,,,0.0017128325998783112,,,,
356,,,0.09775248914957047,,,,
357,,,0.014570271596312523,,,,
358,,,0.053498439490795135,,,,
359,,,2.733872634053114e-06,,,,
2843,,35,,0.02209514193236828,,,
2843,,35,,,0.9624999761581421,0.009650626219809055,0.987500011920929
